<DATE>	<TIME>	<OPEN>	<HIGH>	<LOW>	<CLOSE>	<TICKVOL>	<VOL>	<SPREAD>
2018.12.20	00:00:00	100.09	117.43	98.76	115.45	76369	0	0
2018.12.21	00:00:00	115.31	119.70	105.68	108.55	77732	0	0
2018.12.22	00:00:00	108.58	117.34	105.91	117.09	77171	0	0
2018.12.23	00:00:00	117.11	133.80	116.96	130.55	78113	0	0
2018.12.24	00:00:00	130.57	159.65	130.30	139.14	79355	0	0
2018.12.25	00:00:00	138.97	140.19	121.86	129.33	79339	0	0
2018.12.26	00:00:00	129.34	137.39	123.71	131.26	78323	0	0
2018.12.27	00:00:00	131.18	132.74	112.88	115.24	77166	0	0
2018.12.28	00:00:00	115.26	139.33	113.96	137.69	76038	0	0
2018.12.29	00:00:00	137.80	147.94	127.69	135.07	78022	0	0
2018.12.30	00:00:00	135.21	140.98	129.18	139.68	77455	0	0
2018.12.31	00:00:00	139.75	140.48	128.36	131.87	74205	0	0
2019.01.01	00:00:00	131.82	142.28	130.59	140.84	73572	0	0
2019.01.02	00:00:00	140.85	158.04	139.53	154.86	75589	0	0
2019.01.03	00:00:00	154.69	156.02	144.97	148.44	76099	0	0
2019.01.04	00:00:00	148.45	157.35	146.06	154.49	76859	0	0
2019.01.05	00:00:00	154.52	161.73	152.41	154.84	78647	0	0
2019.01.06	00:00:00	154.85	160.42	149.08	157.05	76464	0	0
2019.01.07	00:00:00	157.02	158.48	148.95	151.20	60128	0	0
2019.01.08	00:00:00	151.05	153.58	146.06	149.61	71770	0	0
2019.01.09	00:00:00	149.61	153.66	148.23	149.96	67431	0	0
2019.01.10	00:00:00	149.95	151.34	122.33	126.84	72531	0	0
2019.01.11	00:00:00	126.80	128.86	121.66	125.96	72968	0	0
2019.01.12	00:00:00	125.98	127.35	123.37	123.95	76899	0	0
2019.01.13	00:00:00	123.83	125.10	113.50	115.55	77933	0	0
2019.01.14	00:00:00	115.57	131.63	115.09	128.81	76413	0	0
2019.01.15	00:00:00	128.78	130.68	116.84	120.39	76791	0	0
2019.01.16	00:00:00	120.38	127.76	119.25	122.01	77187	0	0
2019.01.17	00:00:00	122.08	123.74	117.01	122.76	71351	0	0
2019.01.18	00:00:00	122.78	123.18	118.12	119.68	69386	0	0
2019.01.19	00:00:00	119.67	126.88	119.49	123.46	67456	0	0
2019.01.20	00:00:00	123.47	124.06	111.89	116.60	75179	0	0
2019.01.21	00:00:00	116.54	118.00	112.92	115.57	73063	0	0
2019.01.22	00:00:00	115.59	119.45	109.64	118.23	67819	0	0
2019.01.23	00:00:00	118.21	119.12	115.04	116.76	56650	0	0
2019.01.24	00:00:00	116.73	117.53	113.50	116.89	63927	0	0
2019.01.25	00:00:00	116.88	117.28	114.11	115.21	61918	0	0
2019.01.26	00:00:00	115.20	117.92	114.60	115.34	61876	0	0
2019.01.27	00:00:00	115.34	115.76	110.32	111.42	67386	0	0
2019.01.28	00:00:00	111.36	112.25	101.27	105.59	75994	0	0
2019.01.29	00:00:00	105.61	106.20	102.24	104.25	70446	0	0
2019.01.30	00:00:00	104.25	109.38	102.79	108.31	63594	0	0
2019.01.31	00:00:00	108.30	110.50	104.84	106.33	67545	0	0
2019.02.01	00:00:00	106.35	108.15	102.87	106.56	69644	0	0
2019.02.02	00:00:00	106.51	110.53	105.23	110.16	66469	0	0
2019.02.03	00:00:00	110.16	110.87	104.71	106.42	66291	0	0
2019.02.04	00:00:00	106.43	108.40	105.40	106.39	56578	0	0
2019.02.05	00:00:00	106.39	107.02	105.34	106.56	56482	0	0
2019.02.06	00:00:00	106.57	106.84	100.58	103.74	66559	0	0
2019.02.07	00:00:00	103.65	105.30	102.84	103.65	57782	0	0
2019.02.08	00:00:00	103.65	122.12	102.66	118.26	69617	0	0
2019.02.09	00:00:00	118.29	120.46	116.90	118.50	69426	0	0
2019.02.10	00:00:00	118.49	125.08	115.18	124.23	70020	0	0
2019.02.11	00:00:00	124.17	124.43	118.81	120.11	70120	0	0
2019.02.12	00:00:00	120.11	122.98	117.04	121.55	69104	0	0
2019.02.13	00:00:00	121.56	125.99	119.80	121.15	72184	0	0
2019.02.14	00:00:00	121.15	123.58	119.05	120.01	71195	0	0
2019.02.15	00:00:00	120.00	123.89	119.51	120.97	64196	0	0
2019.02.16	00:00:00	120.97	124.15	120.76	121.60	70757	0	0
2019.02.17	00:00:00	121.65	134.92	121.09	132.99	70804	0	0
2019.02.18	00:00:00	132.94	148.26	131.57	145.35	81071	0	0
2019.02.19	00:00:00	145.36	149.89	142.65	143.37	78887	0	0
2019.02.20	00:00:00	143.38	149.04	139.89	147.90	76915	0	0
2019.02.21	00:00:00	147.73	149.77	141.80	145.06	75131	0	0
2019.02.22	00:00:00	145.05	148.71	142.72	147.79	72270	0	0
2019.02.23	00:00:00	147.80	159.83	145.30	158.34	72905	0	0
2019.02.24	00:00:00	158.32	165.79	131.55	132.19	79477	0	0
2019.02.25	00:00:00	132.21	141.61	131.65	138.21	77840	0	0
2019.02.26	00:00:00	138.20	138.85	133.25	136.55	73625	0	0
2019.02.27	00:00:00	136.55	140.58	126.19	134.92	72153	0	0
2019.02.28	00:00:00	134.93	138.86	132.28	135.38	73717	0	0
2019.03.01	00:00:00	135.38	138.34	134.46	135.59	71389	0	0
2019.03.02	00:00:00	135.60	136.47	129.18	132.66	76099	0	0
2019.03.03	00:00:00	132.66	134.84	127.69	130.27	68672	0	0
2019.03.04	00:00:00	130.26	131.19	122.97	125.71	73253	0	0
2019.03.05	00:00:00	125.72	138.19	124.99	136.94	72726	0	0
2019.03.06	00:00:00	136.95	140.19	130.97	137.61	74147	0	0
2019.03.07	00:00:00	137.61	140.20	134.95	137.07	72709	0	0
2019.03.08	00:00:00	137.08	139.48	129.29	133.24	70324	0	0
2019.03.09	00:00:00	133.23	138.39	131.71	137.02	74511	0	0
2019.03.10	00:00:00	137.02	137.41	133.11	135.44	65748	0	0
2019.03.11	00:00:00	135.44	136.14	129.31	132.46	69761	0	0
2019.03.12	00:00:00	132.45	134.63	127.58	133.39	70419	0	0
2019.03.13	00:00:00	133.40	133.58	130.50	131.96	64840	0	0
2019.03.14	00:00:00	131.95	134.87	128.68	131.83	67687	0	0
2019.03.15	00:00:00	131.83	137.79	131.38	136.75	58758	0	0
2019.03.17	00:00:00	139.68	139.92	138.79	139.01	7075	0	0
2019.03.18	00:00:00	139.02	141.85	135.84	137.56	69953	0	0
2019.03.19	00:00:00	137.56	139.39	136.64	138.53	64838	0	0
2019.03.20	00:00:00	138.52	140.06	135.78	139.01	65537	0	0
2019.03.21	00:00:00	139.04	139.90	132.13	134.49	63505	0	0
2019.03.22	00:00:00	134.50	137.11	133.93	136.06	47956	0	0
2019.03.24	00:00:00	135.09	135.85	134.55	135.55	7426	0	0
2019.03.25	00:00:00	135.54	136.09	130.67	132.94	57109	0	0
2019.03.26	00:00:00	132.94	133.78	131.29	133.20	58167	0	0
2019.03.27	00:00:00	133.21	139.84	132.95	139.24	62681	0	0
2019.03.28	00:00:00	139.26	139.30	136.51	137.60	60667	0	0
2019.03.29	00:00:00	137.60	142.06	136.99	140.81	55319	0	0
2019.03.31	00:00:00	141.46	141.81	140.65	141.30	5830	0	0
2019.04.01	00:00:00	141.31	143.10	138.75	140.97	57498	0	0
2019.04.02	00:00:00	140.98	166.84	140.63	164.21	76355	0	0
2019.04.03	00:00:00	164.23	179.22	150.11	160.26	82446	0	0
2019.04.04	00:00:00	160.19	164.13	151.84	157.05	81435	0	0
2019.04.05	00:00:00	157.05	167.81	153.59	163.47	71126	0	0
2019.04.07	00:00:00	173.13	176.02	170.03	174.27	10387	0	0
2019.04.08	00:00:00	174.15	186.26	172.71	180.12	81277	0	0
2019.04.09	00:00:00	180.13	180.48	173.75	175.55	77794	0	0
2019.04.10	00:00:00	175.52	185.00	165.76	176.68	76214	0	0
2019.04.11	00:00:00	176.70	176.96	160.01	164.65	78481	0	0
2019.04.12	00:00:00	164.61	167.27	158.90	163.41	68075	0	0
2019.04.14	00:00:00	164.22	168.86	163.96	167.89	9607	0	0
2019.04.15	00:00:00	167.92	169.22	155.50	159.37	72983	0	0
2019.04.16	00:00:00	159.40	167.43	158.85	166.15	70519	0	0
2019.04.17	00:00:00	166.07	168.09	163.86	166.10	71659	0	0
2019.04.18	00:00:00	166.07	175.72	165.38	173.78	70439	0	0
2019.04.19	00:00:00	173.78	174.05	168.70	172.23	63476	0	0
2019.04.21	00:00:00	167.69	170.35	167.68	169.41	9230	0	0
2019.04.22	00:00:00	169.40	173.22	167.85	171.02	68329	0	0
2019.04.23	00:00:00	171.04	176.66	168.29	169.86	75489	0	0
2019.04.24	00:00:00	169.63	170.70	159.93	165.15	74584	0	0
2019.04.25	00:00:00	165.18	165.99	146.36	151.63	73802	0	0
2019.04.26	00:00:00	151.62	157.57	148.27	153.80	69808	0	0
2019.04.28	00:00:00	157.04	157.07	156.07	156.53	9357	0	0
2019.04.29	00:00:00	156.47	158.16	151.16	155.48	74869	0	0
2019.04.30	00:00:00	155.50	164.90	154.60	163.78	79498	0	0
2019.05.01	00:00:00	163.74	166.07	158.29	160.78	77905	0	0
2019.05.02	00:00:00	160.48	163.99	158.77	162.53	77981	0	0
2019.05.03	00:00:00	162.47	172.78	160.14	169.46	69957	0	0
2019.05.05	00:00:00	165.13	166.23	163.77	164.79	9677	0	0
2019.05.06	00:00:00	164.79	179.65	160.67	174.82	79668	0	0
2019.05.07	00:00:00	174.85	184.50	169.09	169.75	81857	0	0
2019.05.08	00:00:00	169.79	173.68	162.60	171.56	81276	0	0
2019.05.09	00:00:00	171.38	174.89	165.93	170.26	78415	0	0
2019.05.10	00:00:00	170.26	175.68	167.23	170.53	68724	0	0
2019.05.12	00:00:00	189.42	190.29	184.62	187.45	10382	0	0
2019.05.13	00:00:00	187.48	206.12	183.36	194.73	82421	0	0
2019.05.14	00:00:00	194.72	219.69	193.50	216.18	83141	0	0
2019.05.15	00:00:00	216.20	248.92	215.77	246.90	83095	0	0
2019.05.16	00:00:00	246.78	278.36	239.91	262.90	83768	0	0
2019.05.17	00:00:00	262.71	267.71	218.66	232.52	73385	0	0
2019.05.18	00:00:00	232.93	238.24	232.10	232.80	19134	0	0
2019.05.19	00:00:00	232.86	263.35	230.89	259.58	82851	0	0
2019.05.20	00:00:00	259.41	259.42	237.77	251.04	83096	0	0
2019.05.21	00:00:00	251.09	263.04	246.46	253.50	82915	0	0
2019.05.22	00:00:00	253.53	260.29	234.43	242.12	82691	0	0
2019.05.23	00:00:00	242.12	247.56	229.41	244.53	83101	0	0
2019.05.24	00:00:00	244.58	254.69	241.39	252.65	72375	0	0
2019.05.25	00:00:00	248.47	257.41	246.81	250.07	82058	0	0
2019.05.26	00:00:00	250.07	270.38	244.23	266.94	81871	0	0
2019.05.27	00:00:00	267.04	278.62	261.97	270.74	82663	0	0
2019.05.28	00:00:00	270.75	275.49	263.46	270.45	82064	0	0
2019.05.29	00:00:00	270.46	273.37	258.69	268.53	82098	0	0
2019.05.30	00:00:00	268.54	287.94	233.25	252.96	82875	0	0
2019.05.31	00:00:00	253.09	263.16	243.92	260.96	72600	0	0
2019.06.01	00:00:00	266.50	273.85	259.58	263.51	82921	0	0
2019.06.02	00:00:00	263.55	273.06	262.63	268.40	82265	0	0
2019.06.03	00:00:00	268.43	269.13	245.13	248.46	82557	0	0
2019.06.04	00:00:00	248.48	250.00	232.30	240.10	82582	0	0
2019.06.05	00:00:00	240.11	248.12	236.97	245.25	82106	0	0
2019.06.06	00:00:00	245.29	250.44	234.68	248.67	81717	0	0
2019.06.07	00:00:00	248.77	253.15	243.93	246.72	70780	0	0
2019.06.08	00:00:00	248.59	250.25	240.82	243.49	80023	0	0
2019.06.09	00:00:00	243.48	244.18	222.84	230.42	80809	0	0
2019.06.10	00:00:00	230.40	247.25	226.36	246.85	81965	0	0
2019.06.11	00:00:00	246.71	248.11	236.18	244.28	80839	0	0
2019.06.12	00:00:00	244.28	262.32	241.88	261.44	80249	0	0
2019.06.13	00:00:00	261.45	263.50	253.11	254.20	80034	0	0
2019.06.14	00:00:00	254.19	257.70	247.04	256.42	69168	0	0
2019.06.15	00:00:00	262.56	272.03	260.48	267.96	81063	0	0
2019.06.16	00:00:00	267.98	278.09	262.39	267.22	81869	0	0
2019.06.17	00:00:00	267.19	274.74	266.20	272.91	81170	0	0
2019.06.18	00:00:00	272.80	273.40	259.69	263.42	80698	0	0
2019.06.19	00:00:00	263.43	269.12	262.46	268.09	76473	0	0
2019.06.20	00:00:00	268.09	273.65	265.35	271.37	76233	0	0
2019.06.21	00:00:00	271.38	294.58	271.25	292.82	71575	0	0
2019.06.22	00:00:00	294.54	314.13	291.51	307.86	83163	0	0
2019.06.23	00:00:00	307.88	316.91	300.89	305.72	83130	0	0
2019.06.24	00:00:00	305.65	312.04	292.05	310.22	82025	0	0
2019.06.25	00:00:00	310.22	315.87	304.89	315.20	82064	0	0
2019.06.26	00:00:00	315.23	360.71	302.80	331.50	81671	0	0
2019.06.27	00:00:00	331.50	341.21	272.44	292.63	83831	0	0
2019.06.28	00:00:00	292.54	311.12	288.32	305.37	73141	0	0
2019.06.29	00:00:00	307.89	322.71	289.88	315.94	83355	0	0
2019.06.30	00:00:00	315.81	322.03	284.40	289.11	82908	0	0
2019.07.01	00:00:00	289.10	300.60	276.26	293.01	83486	0	0
2019.07.02	00:00:00	293.00	295.50	269.22	290.45	82278	0	0
2019.07.03	00:00:00	290.46	302.50	288.39	301.11	82821	0	0
2019.07.04	00:00:00	301.12	303.14	278.76	281.50	82390	0	0
2019.07.05	00:00:00	281.52	294.10	278.85	285.67	72164	0	0
2019.07.06	00:00:00	286.42	297.27	283.82	286.83	82657	0	0
2019.07.07	00:00:00	286.83	309.61	282.67	305.29	82450	0	0
2019.07.08	00:00:00	305.32	314.00	301.13	312.21	80595	0	0
2019.07.09	00:00:00	312.20	317.24	301.71	306.69	81992	0	0
2019.07.10	00:00:00	306.72	313.36	274.25	287.55	82574	0	0
2019.07.11	00:00:00	287.53	287.57	260.49	267.67	81558	0	0
2019.07.12	00:00:00	267.71	278.15	264.97	275.91	72243	0	0
2019.07.13	00:00:00	274.25	274.66	260.35	267.37	82322	0	0
2019.07.14	00:00:00	267.33	268.33	194.14	225.07	82542	0	0
2019.07.15	00:00:00	224.86	234.40	201.91	227.39	82748	0	0
2019.07.16	00:00:00	227.30	233.48	189.63	197.83	82567	0	0
2019.07.17	00:00:00	197.83	218.96	191.01	210.45	82860	0	0
2019.07.18	00:00:00	210.47	228.93	205.24	225.45	82167	0	0
2019.07.19	00:00:00	225.45	225.96	212.12	219.44	72125	0	0
2019.07.20	00:00:00	220.41	234.73	219.04	227.81	81161	0	0
2019.07.21	00:00:00	227.82	228.93	216.15	224.66	80650	0	0
2019.07.22	00:00:00	224.70	227.42	210.69	216.49	80218	0	0
2019.07.23	00:00:00	216.53	218.50	207.52	211.30	80471	0	0
2019.07.24	00:00:00	211.27	217.42	199.87	215.95	81544	0	0
2019.07.25	00:00:00	215.89	224.99	214.40	218.50	80644	0	0
2019.07.26	00:00:00	218.51	219.72	211.96	217.40	69057	0	0
2019.07.27	00:00:00	218.41	222.99	201.25	205.87	80834	0	0
2019.07.28	00:00:00	205.94	212.54	196.33	210.36	79283	0	0
2019.07.29	00:00:00	210.36	214.21	205.38	210.01	80608	0	0
2019.07.30	00:00:00	209.99	213.79	202.97	209.17	78158	0	0
2019.07.31	00:00:00	209.16	218.27	208.80	217.97	76714	0	0
2019.08.01	00:00:00	217.97	218.71	210.12	216.75	71449	0	0
2019.08.02	00:00:00	216.73	221.80	213.93	214.86	65406	0	0
2019.08.03	00:00:00	216.95	223.83	215.46	221.22	78532	0	0
2019.08.04	00:00:00	221.20	222.89	216.41	221.89	78536	0	0
2019.08.05	00:00:00	221.85	235.96	221.77	232.25	78817	0	0
2019.08.06	00:00:00	232.23	238.61	221.82	225.25	79508	0	0
2019.08.07	00:00:00	225.25	230.37	219.46	225.37	79806	0	0
2019.08.08	00:00:00	225.38	225.98	213.55	220.40	77293	0	0
2019.08.09	00:00:00	220.32	220.93	206.09	208.95	67693	0	0
2019.08.10	00:00:00	209.62	214.05	198.96	205.46	79119	0	0
2019.08.11	00:00:00	205.46	216.13	204.85	215.23	73795	0	0
2019.08.12	00:00:00	215.41	216.03	208.63	210.84	71531	0	0
2019.08.13	00:00:00	210.82	210.82	202.44	208.05	70640	0	0
2019.08.14	00:00:00	207.99	208.80	181.33	186.03	77470	0	0
2019.08.15	00:00:00	186.03	189.12	171.37	187.51	80066	0	0
2019.08.16	00:00:00	187.53	187.66	177.66	184.55	68521	0	0
2019.08.17	00:00:00	184.71	186.37	181.09	185.09	77490	0	0
2019.08.18	00:00:00	185.11	197.60	182.75	194.15	74253	0	0
2019.08.19	00:00:00	194.16	202.98	192.31	201.76	72994	0	0
2019.08.20	00:00:00	201.77	202.33	193.91	196.12	73733	0	0
2019.08.21	00:00:00	196.12	196.72	179.34	186.60	76066	0	0
2019.08.22	00:00:00	186.61	194.51	181.91	189.86	78624	0	0
2019.08.23	00:00:00	189.87	195.94	185.63	192.09	65802	0	0
2019.08.24	00:00:00	193.74	193.91	185.24	190.26	74373	0	0
2019.08.25	00:00:00	190.26	192.10	182.04	185.58	72999	0	0
2019.08.26	00:00:00	185.60	193.50	185.05	187.74	73240	0	0
2019.08.27	00:00:00	187.75	188.48	183.75	186.42	69884	0	0
2019.08.28	00:00:00	186.42	187.38	165.13	172.20	67743	0	0
2019.08.29	00:00:00	172.21	172.84	163.23	168.59	74601	0	0
2019.08.30	00:00:00	168.59	169.98	165.10	168.51	62466	0	0
2019.08.31	00:00:00	167.93	174.45	165.30	171.33	70817	0	0
2019.09.01	00:00:00	171.32	173.16	167.45	170.77	60815	0	0
2019.09.02	00:00:00	170.76	180.92	169.95	178.04	64925	0	0
2019.09.03	00:00:00	178.03	182.32	173.95	178.53	70979	0	0
2019.09.04	00:00:00	178.54	179.84	172.94	174.39	72971	0	0
2019.09.05	00:00:00	174.39	175.25	168.54	173.35	65713	0	0
2019.09.06	00:00:00	173.36	177.91	164.51	168.26	58549	0	0
2019.09.07	00:00:00	168.54	180.48	167.62	177.40	68750	0	0
2019.09.08	00:00:00	177.39	183.96	176.02	180.91	74862	0	0
2019.09.09	00:00:00	180.90	185.25	175.60	180.03	72962	0	0
2019.09.10	00:00:00	180.03	183.87	175.42	179.35	72330	0	0
2019.09.11	00:00:00	179.36	181.79	173.39	177.98	66142	0	0
2019.09.12	00:00:00	177.99	182.25	176.00	180.71	64478	0	0
2019.09.13	00:00:00	180.71	181.50	177.15	180.62	54085	0	0
2019.09.14	00:00:00	181.06	188.84	179.77	188.49	56771	0	0
2019.09.15	00:00:00	188.47	190.48	185.89	188.80	63753	0	0
2019.09.16	00:00:00	188.82	198.94	187.96	196.90	70624	0	0
2019.09.17	00:00:00	196.90	214.58	195.38	207.30	73690	0	0
2019.09.18	00:00:00	207.30	216.85	207.08	209.44	77434	0	0
2019.09.19	00:00:00	209.44	223.76	198.85	220.27	77592	0	0
2019.09.20	00:00:00	220.32	221.61	211.33	215.91	66447	0	0
2019.09.21	00:00:00	217.59	221.02	212.55	214.28	75006	0	0
2019.09.22	00:00:00	214.29	214.96	205.38	210.57	74946	0	0
2019.09.23	00:00:00	210.63	211.13	197.69	200.42	76221	0	0
2019.09.24	00:00:00	200.41	201.89	153.44	165.39	78509	0	0
2019.09.25	00:00:00	165.32	174.49	161.36	169.73	80468	0	0
2019.09.26	00:00:00	169.74	170.62	151.87	165.68	75824	0	0
2019.09.27	00:00:00	165.68	171.53	160.87	170.82	64164	0	0
2019.09.28	00:00:00	173.89	175.43	167.95	173.51	74382	0	0
2019.09.29	00:00:00	173.52	174.38	163.80	168.97	73445	0	0
2019.09.30	00:00:00	168.96	181.41	164.86	181.02	75509	0	0
2019.10.01	00:00:00	181.04	185.43	173.05	175.55	76682	0	0
2019.10.02	00:00:00	175.56	181.00	173.53	180.25	72545	0	0
2019.10.03	00:00:00	180.24	180.67	163.98	174.67	69776	0	0
2019.10.04	00:00:00	174.68	179.00	170.44	176.91	61968	0	0
2019.10.05	00:00:00	175.30	176.63	171.47	176.17	70373	0	0
2019.10.06	00:00:00	176.16	176.72	167.14	169.68	71341	0	0
2019.10.07	00:00:00	169.72	182.14	168.18	179.81	74280	0	0
2019.10.08	00:00:00	179.84	184.76	176.73	180.14	75659	0	0
2019.10.09	00:00:00	180.16	195.44	178.58	192.88	75970	0	0
2019.10.10	00:00:00	192.89	194.17	186.73	191.06	75597	0	0
2019.10.11	00:00:00	191.06	196.93	178.77	181.30	66226	0	0
2019.10.12	00:00:00	180.21	184.28	176.72	179.29	72386	0	0
2019.10.13	00:00:00	179.30	184.07	178.01	180.45	71686	0	0
2019.10.14	00:00:00	180.42	187.26	179.85	186.29	71388	0	0
2019.10.15	00:00:00	186.29	187.88	175.85	179.97	70657	0	0
2019.10.16	00:00:00	179.97	180.69	171.29	174.01	67570	0	0
2019.10.17	00:00:00	174.01	178.72	172.26	176.77	66326	0	0
2019.10.18	00:00:00	176.78	177.01	167.82	173.82	60972	0	0
2019.10.19	00:00:00	172.48	174.64	169.34	171.57	71619	0	0
2019.10.20	00:00:00	171.55	176.41	168.82	175.06	71699	0	0
2019.10.21	00:00:00	175.04	177.70	171.33	173.86	64514	0	0
2019.10.22	00:00:00	173.87	174.97	169.93	170.88	69784	0	0
2019.10.23	00:00:00	170.88	171.27	152.45	161.83	69511	0	0
2019.10.24	00:00:00	161.81	163.38	157.20	160.03	72194	0	0
2019.10.25	00:00:00	160.04	186.88	159.83	180.33	65201	0	0
2019.10.26	00:00:00	181.03	197.89	173.11	179.33	81306	0	0
2019.10.27	00:00:00	179.34	188.46	176.30	183.49	77823	0	0
2019.10.28	00:00:00	183.52	189.50	180.20	181.24	78951	0	0
2019.10.29	00:00:00	181.27	192.62	180.92	190.49	78052	0	0
2019.10.30	00:00:00	190.50	191.75	179.22	182.90	76807	0	0
2019.10.31	00:00:00	182.91	184.86	177.13	181.95	76561	0	0
2019.11.01	00:00:00	181.96	184.30	176.52	183.90	64695	0	0
2019.11.02	00:00:00	182.85	185.78	181.62	182.96	74740	0	0
2019.11.03	00:00:00	182.95	184.73	178.47	181.20	72605	0	0
2019.11.04	00:00:00	181.19	188.96	179.84	185.72	72002	0	0
2019.11.05	00:00:00	185.69	191.83	181.66	188.31	72330	0	0
2019.11.06	00:00:00	188.28	193.97	187.30	190.69	72429	0	0
2019.11.07	00:00:00	190.71	191.80	183.58	185.90	72069	0	0
2019.11.08	00:00:00	185.90	187.64	180.12	183.46	65929	0	0
2019.11.09	00:00:00	183.12	185.19	181.81	184.06	73147	0	0
2019.11.10	00:00:00	184.09	191.16	182.54	188.48	73748	0	0
2019.11.11	00:00:00	188.49	189.71	183.12	184.10	68966	0	0
2019.11.12	00:00:00	184.11	186.73	181.41	186.44	69331	0	0
2019.11.13	00:00:00	186.43	188.81	184.20	187.34	61603	0	0
2019.11.14	00:00:00	187.35	187.90	182.38	184.29	62252	0	0
2019.11.15	00:00:00	184.29	186.28	176.60	178.99	57566	0	0
2019.11.16	00:00:00	179.48	182.83	178.71	181.97	65832	0	0
2019.11.17	00:00:00	181.96	185.69	179.67	183.41	64387	0	0
2019.11.18	00:00:00	183.41	183.65	173.85	177.68	66637	0	0
2019.11.19	00:00:00	177.68	178.07	172.07	175.58	71901	0	0
2019.11.20	00:00:00	175.58	177.22	172.88	174.27	68269	0	0
2019.11.21	00:00:00	174.27	175.45	155.01	160.44	73313	0	0
2019.11.22	00:00:00	160.44	162.23	137.64	152.42	68637	0	0
2019.11.23	00:00:00	149.62	154.03	146.18	151.69	74883	0	0
2019.11.24	00:00:00	151.69	152.67	138.36	139.66	75231	0	0
2019.11.25	00:00:00	139.56	151.37	130.15	145.75	79522	0	0
2019.11.26	00:00:00	145.76	149.74	143.36	147.45	75225	0	0
2019.11.27	00:00:00	147.46	155.41	140.81	152.41	75469	0	0
2019.11.28	00:00:00	152.40	154.42	149.10	150.53	67999	0	0
2019.11.29	00:00:00	150.52	157.57	150.06	154.04	63908	0	0
2019.11.30	00:00:00	154.57	155.22	149.40	151.39	71840	0	0
2019.12.01	00:00:00	151.26	152.12	145.69	150.61	76164	0	0
2019.12.02	00:00:00	150.61	151.23	146.23	148.62	71552	0	0
2019.12.03	00:00:00	148.63	149.78	145.24	146.98	67784	0	0
2019.12.04	00:00:00	146.99	152.00	142.78	145.02	72452	0	0
2019.12.05	00:00:00	145.03	148.62	143.45	147.94	70669	0	0
2019.12.06	00:00:00	147.95	149.63	145.51	147.73	58333	0	0
2019.12.07	00:00:00	148.47	149.57	146.72	147.02	63339	0	0
2019.12.08	00:00:00	147.03	151.64	145.91	150.33	58898	0	0
2019.12.09	00:00:00	150.34	151.04	146.34	147.11	62108	0	0
2019.12.10	00:00:00	147.11	147.93	143.55	145.38	57604	0	0
2019.12.11	00:00:00	145.39	146.19	141.77	143.02	52876	0	0
2019.12.12	00:00:00	143.03	145.48	138.95	144.56	57443	0	0
2019.12.13	00:00:00	144.57	144.89	142.07	144.18	41768	0	0
2019.12.14	00:00:00	144.53	144.79	140.78	141.48	45503	0	0
2019.12.15	00:00:00	141.49	143.74	139.51	142.27	50515	0	0
2019.12.16	00:00:00	142.27	142.32	128.87	132.13	63287	0	0
2019.12.17	00:00:00	132.11	132.39	119.47	121.74	67142	0	0
2019.12.18	00:00:00	121.76	134.12	116.01	132.59	74866	0	0
2019.12.19	00:00:00	132.58	133.79	125.47	127.90	64850	0	0
2019.12.20	00:00:00	127.89	128.97	125.29	128.18	47859	0	0
2019.12.21	00:00:00	128.05	128.18	126.31	126.91	43071	0	0
2019.12.22	00:00:00	126.91	132.89	126.59	132.01	52453	0	0
2019.12.23	00:00:00	132.00	134.92	125.85	127.44	60073	0	0
2019.12.24	00:00:00	127.46	129.28	126.42	127.35	57107	0	0
2019.12.25	00:00:00	127.36	127.46	122.96	124.58	59777	0	0
2019.12.26	00:00:00	124.60	131.89	123.67	125.32	59580	0	0
2019.12.27	00:00:00	125.33	126.61	121.97	125.14	54526	0	0
2019.12.28	00:00:00	126.01	129.34	125.50	127.68	65262	0	0
2019.12.29	00:00:00	127.69	137.64	127.01	134.08	61274	0	0
2019.12.30	00:00:00	134.07	135.70	129.71	130.97	63870	0	0
2019.12.31	00:00:00	130.98	133.01	127.40	128.42	64283	0	0
2020.01.01	00:00:00	128.42	132.37	127.84	130.07	59559	0	0
2020.01.02	00:00:00	130.03	130.05	125.69	126.64	62041	0	0
2020.01.03	00:00:00	126.65	134.56	125.25	133.10	57907	0	0
2020.01.04	00:00:00	133.99	135.44	132.13	133.79	56883	0	0
2020.01.05	00:00:00	133.79	137.93	133.75	134.92	62456	0	0
2020.01.06	00:00:00	134.94	143.92	134.35	143.73	66903	0	0
2020.01.07	00:00:00	143.72	144.57	138.42	142.54	68723	0	0
2020.01.08	00:00:00	142.53	147.37	136.62	140.17	71092	0	0
2020.01.09	00:00:00	140.18	140.89	134.79	137.25	66376	0	0
2020.01.10	00:00:00	137.26	144.59	134.77	142.75	60024	0	0
2020.01.11	00:00:00	144.18	147.29	141.57	141.91	70278	0	0
2020.01.12	00:00:00	141.92	145.83	141.26	145.82	63968	0	0
2020.01.13	00:00:00	145.84	146.39	141.70	143.12	55661	0	0
2020.01.14	00:00:00	143.12	169.69	143.01	164.86	74593	0	0
2020.01.15	00:00:00	164.61	170.98	158.29	165.64	78895	0	0
2020.01.16	00:00:00	165.65	166.77	157.50	163.56	76528	0	0
2020.01.17	00:00:00	163.57	173.71	161.28	168.32	68250	0	0
2020.01.18	00:00:00	168.83	178.72	164.25	173.34	79332	0	0
2020.01.19	00:00:00	173.37	177.32	160.89	166.16	77988	0	0
2020.01.20	00:00:00	166.16	168.79	160.51	166.17	72299	0	0
2020.01.21	00:00:00	166.18	169.41	164.12	168.70	72582	0	0
2020.01.22	00:00:00	168.71	170.60	165.13	167.17	73506	0	0
2020.01.23	00:00:00	167.18	167.34	158.04	162.08	76142	0	0
2020.01.24	00:00:00	162.06	163.80	154.73	162.72	67464	0	0
2020.01.25	00:00:00	161.82	161.98	156.98	159.68	73817	0	0
2020.01.26	00:00:00	159.63	167.35	158.64	167.21	74231	0	0
2020.01.27	00:00:00	167.22	171.29	164.44	169.37	73791	0	0
2020.01.28	00:00:00	169.37	175.90	169.35	175.33	77041	0	0
2020.01.29	00:00:00	175.38	178.03	172.55	172.94	75930	0	0
2020.01.30	00:00:00	172.93	186.07	169.90	183.81	77520	0	0
2020.01.31	00:00:00	183.82	184.89	174.61	180.02	67176	0	0
2020.02.01	00:00:00	179.46	183.58	178.71	183.10	77185	0	0
2020.02.02	00:00:00	183.11	192.77	178.29	187.72	61286	0	0
2020.02.03	00:00:00	187.75	194.59	185.91	189.02	78370	0	0
2020.02.04	00:00:00	189.00	190.86	183.69	187.92	77325	0	0
2020.02.05	00:00:00	187.93	206.93	187.09	203.04	78225	0	0
2020.02.06	00:00:00	203.00	215.30	199.76	212.14	79917	0	0
2020.02.07	00:00:00	212.13	223.34	212.10	217.90	70183	0	0
2020.02.08	00:00:00	222.29	227.24	212.41	222.24	80844	0	0
2020.02.09	00:00:00	222.24	229.52	222.05	227.79	79628	0	0
2020.02.10	00:00:00	227.81	228.59	215.55	222.13	80683	0	0
2020.02.11	00:00:00	222.14	238.58	215.49	236.86	74748	0	0
2020.02.12	00:00:00	236.83	274.23	236.66	264.93	82208	0	0
2020.02.13	00:00:00	264.99	276.26	252.39	267.45	82769	0	0
2020.02.14	00:00:00	267.52	283.88	259.03	281.76	72054	0	0
2020.02.15	00:00:00	284.29	287.31	259.10	263.52	82720	0	0
2020.02.16	00:00:00	263.49	272.75	233.16	257.54	83278	0	0
2020.02.17	00:00:00	257.40	267.61	241.69	267.09	82868	0	0
2020.02.18	00:00:00	267.10	285.38	258.11	282.22	82847	0	0
2020.02.19	00:00:00	282.19	285.82	249.47	257.12	82550	0	0
2020.02.20	00:00:00	257.16	263.15	244.33	256.20	82364	0	0
2020.02.21	00:00:00	256.22	267.52	252.87	263.03	71381	0	0
2020.02.22	00:00:00	264.65	265.96	255.14	260.72	82182	0	0
2020.02.23	00:00:00	260.74	275.39	260.22	274.18	81873	0	0
2020.02.24	00:00:00	274.26	276.87	255.18	264.53	81883	0	0
2020.02.25	00:00:00	264.54	265.22	243.61	245.74	82301	0	0
2020.02.26	00:00:00	245.76	249.13	214.47	222.87	82559	0	0
2020.02.27	00:00:00	222.91	237.30	208.87	226.94	81866	0	0
2020.02.28	00:00:00	226.94	233.66	212.86	222.98	71512	0	0
2020.02.29	00:00:00	226.68	232.31	216.49	216.78	81191	0	0
2020.03.01	00:00:00	216.73	227.21	211.34	216.75	81384	0	0
2020.03.02	00:00:00	216.68	233.72	215.10	231.42	80117	0	0
2020.03.03	00:00:00	231.42	232.12	219.47	223.31	78614	0	0
2020.03.04	00:00:00	223.27	228.26	219.87	223.89	76026	0	0
2020.03.05	00:00:00	223.90	233.70	223.82	228.03	78056	0	0
2020.03.06	00:00:00	228.03	241.05	226.77	238.77	68474	0	0
2020.03.07	00:00:00	244.66	251.90	235.86	236.87	78521	0	0
2020.03.08	00:00:00	236.86	237.00	195.23	198.69	70478	0	0
2020.03.09	00:00:00	198.77	207.97	189.17	202.27	81978	0	0
2020.03.10	00:00:00	202.28	205.72	193.96	200.20	80207	0	0
2020.03.11	00:00:00	200.19	202.52	180.90	194.29	79988	0	0
2020.03.12	00:00:00	194.27	195.21	100.85	108.46	84136	0	0
2020.03.13	00:00:00	108.20	141.91	87.57	127.57	74183	0	0
2020.03.14	00:00:00	134.42	134.88	120.58	121.96	80795	0	0
2020.03.15	00:00:00	121.98	133.45	119.60	123.13	81956	0	0
2020.03.16	00:00:00	123.20	123.62	100.49	110.99	82396	0	0
2020.03.17	00:00:00	110.99	120.98	109.34	115.66	81279	0	0
2020.03.18	00:00:00	115.69	118.37	109.84	118.02	78699	0	0
2020.03.19	00:00:00	118.03	142.84	115.36	135.89	79512	0	0
2020.03.20	00:00:00	135.88	152.30	114.76	124.77	72328	0	0
2020.03.21	00:00:00	132.86	137.07	125.36	132.38	82614	0	0
2020.03.22	00:00:00	132.34	136.84	120.29	121.76	80510	0	0
2020.03.23	00:00:00	121.82	137.36	118.72	136.13	80294	0	0
2020.03.24	00:00:00	136.11	143.43	132.55	138.37	80689	0	0
2020.03.25	00:00:00	138.38	142.15	132.02	135.68	79095	0	0
2020.03.26	00:00:00	135.68	139.61	133.01	138.50	74115	0	0
2020.03.27	00:00:00	138.49	141.40	133.99	137.08	65500	0	0
2020.03.28	00:00:00	130.87	132.83	124.52	130.80	76057	0	0
2020.03.29	00:00:00	130.79	131.61	122.09	124.01	68918	0	0
2020.03.30	00:00:00	124.05	134.97	123.76	131.90	74370	0	0
2020.03.31	00:00:00	131.86	134.87	130.09	132.74	70987	0	0
2020.04.01	00:00:00	132.71	136.82	128.62	135.82	69246	0	0
2020.04.02	00:00:00	135.82	149.67	135.17	140.97	75100	0	0
2020.04.03	00:00:00	140.98	146.29	137.45	140.24	67761	0	0
2020.04.04	00:00:00	140.98	146.10	138.65	144.06	73367	0	0
2020.04.05	00:00:00	144.05	145.50	140.21	142.39	67671	0	0
2020.04.06	00:00:00	142.42	171.32	142.35	170.71	77775	0	0
2020.04.07	00:00:00	170.75	175.60	161.31	163.86	78925	0	0
2020.04.08	00:00:00	163.85	173.83	162.86	172.67	74936	0	0
2020.04.09	00:00:00	172.68	172.85	164.39	169.15	69094	0	0
2020.04.10	00:00:00	169.07	169.62	151.88	158.52	64135	0	0
2020.04.11	00:00:00	157.41	160.92	153.65	157.93	69732	0	0
2020.04.12	00:00:00	157.93	164.81	154.63	158.18	69185	0	0
2020.04.13	00:00:00	158.09	158.72	148.83	156.19	72439	0	0
2020.04.14	00:00:00	156.14	161.56	154.80	157.96	73194	0	0
2020.04.15	00:00:00	157.95	160.89	151.38	152.27	70642	0	0
2020.04.16	00:00:00	152.28	174.50	147.59	171.81	78757	0	0
2020.04.17	00:00:00	171.84	172.85	167.83	170.29	66601	0	0
2020.04.18	00:00:00	170.37	189.44	170.16	186.97	72704	0	0
2020.04.19	00:00:00	186.97	188.01	175.82	179.61	77554	0	0
2020.04.20	00:00:00	179.64	185.93	165.94	169.83	81504	0	0
2020.04.21	00:00:00	169.80	174.25	167.67	170.49	80979	0	0
2020.04.22	00:00:00	170.45	183.62	169.38	182.43	77668	0	0
2020.04.23	00:00:00	182.43	193.86	177.83	185.03	79650	0	0
2020.04.24	00:00:00	185.05	189.29	184.47	187.55	69290	0	0
2020.04.25	00:00:00	187.09	197.20	185.25	193.56	79417	0	0
2020.04.26	00:00:00	193.58	199.18	191.70	197.15	76992	0	0
2020.04.27	00:00:00	197.08	198.51	188.77	195.79	78716	0	0
2020.04.28	00:00:00	195.82	197.07	191.63	195.87	72028	0	0
2020.04.29	00:00:00	195.89	218.03	195.88	214.55	73450	0	0
2020.04.30	00:00:00	214.56	226.28	201.25	205.72	80243	0	0
2020.05.01	00:00:00	205.73	216.76	205.66	209.16	65804	0	0
2020.05.02	00:00:00	211.06	214.76	209.71	213.49	69355	0	0
2020.05.03	00:00:00	213.49	218.70	202.33	209.43	70687	0	0
2020.05.04	00:00:00	209.44	210.15	194.49	205.99	76511	0	0
2020.05.05	00:00:00	206.00	211.35	200.38	204.62	73171	0	0
2020.05.06	00:00:00	204.64	210.26	197.44	198.22	77191	0	0
2020.05.07	00:00:00	198.21	214.69	195.80	211.59	80515	0	0
2020.05.08	00:00:00	211.55	216.19	206.37	213.84	69428	0	0
2020.05.09	00:00:00	210.49	213.95	207.38	209.08	77649	0	0
2020.05.10	00:00:00	209.09	209.17	172.00	186.91	82633	0	0
2020.05.11	00:00:00	186.83	192.95	175.10	185.06	82907	0	0
2020.05.12	00:00:00	185.07	191.67	184.82	189.23	79742	0	0
2020.05.13	00:00:00	189.15	200.61	187.70	199.22	77912	0	0
2020.05.14	00:00:00	199.22	205.43	195.08	202.75	78817	0	0
2020.05.15	00:00:00	202.75	203.41	190.48	192.71	68652	0	0
2020.05.16	00:00:00	193.81	202.53	192.35	199.69	78019	0	0
2020.05.17	00:00:00	199.70	209.12	198.04	206.15	74494	0	0
2020.05.18	00:00:00	206.16	216.11	206.03	213.99	76666	0	0
2020.05.19	00:00:00	214.00	214.99	208.28	214.05	73505	0	0
2020.05.20	00:00:00	214.05	214.89	204.26	209.11	72163	0	0
2020.05.21	00:00:00	209.10	210.82	190.82	197.79	75690	0	0
2020.05.22	00:00:00	197.82	208.66	195.47	207.47	67310	0	0
2020.05.23	00:00:00	206.71	210.68	203.80	206.06	73220	0	0
2020.05.24	00:00:00	206.07	210.00	198.66	198.76	66101	0	0
2020.05.25	00:00:00	198.88	204.83	197.22	203.35	52825	0	0
2020.05.26	00:00:00	203.32	204.27	196.11	200.16	54774	0	0
2020.05.27	00:00:00	200.18	208.21	200.01	208.20	50183	0	0
2020.05.28	00:00:00	208.21	220.43	204.50	220.24	52306	0	0
2020.05.29	00:00:00	220.20	224.62	217.35	219.79	49431	0	0
2020.05.30	00:00:00	220.25	246.69	218.44	243.46	70353	0	0
2020.05.31	00:00:00	243.42	245.05	229.12	231.12	70675	0	0
2020.06.01	00:00:00	231.17	251.17	230.10	248.51	77025	0	0
2020.06.02	00:00:00	248.46	253.16	224.96	237.56	65352	0	0
2020.06.03	00:00:00	237.56	245.04	233.05	244.50	65065	0	0
2020.06.04	00:00:00	244.48	246.40	235.91	242.97	65603	0	0
2020.06.05	00:00:00	242.97	247.54	239.04	241.47	58435	0	0
2020.06.06	00:00:00	239.86	244.26	237.53	241.67	60120	0	0
2020.06.07	00:00:00	241.66	245.10	234.53	244.48	61282	0	0
2020.06.08	00:00:00	244.49	247.55	240.70	246.36	48592	0	0
2020.06.09	00:00:00	246.38	249.65	230.18	243.83	52310	0	0
2020.06.10	00:00:00	243.84	249.99	241.92	247.74	46161	0	0
2020.06.11	00:00:00	247.76	249.94	225.29	229.99	64366	0	0
2020.06.12	00:00:00	230.02	239.37	227.63	237.58	49232	0	0
2020.06.13	00:00:00	237.45	238.77	234.09	238.12	53320	0	0
2020.06.14	00:00:00	238.13	238.56	229.52	231.43	50733	0	0
2020.06.15	00:00:00	231.38	233.48	217.98	230.74	65688	0	0
2020.06.16	00:00:00	230.76	235.70	228.29	235.14	52514	0	0
2020.06.17	00:00:00	235.14	236.92	227.62	233.54	55434	0	0
2020.06.18	00:00:00	233.55	234.36	227.36	231.03	43369	0	0
2020.06.19	00:00:00	231.01	231.68	226.21	229.25	44128	0	0
2020.06.20	00:00:00	228.62	230.56	225.42	228.90	46417	0	0
2020.06.21	00:00:00	228.88	231.20	226.76	227.78	42435	0	0
2020.06.22	00:00:00	227.76	246.49	227.16	243.00	49373	0	0
2020.06.23	00:00:00	243.02	244.69	240.59	242.95	44433	0	0
2020.06.24	00:00:00	242.93	248.71	230.62	234.48	49722	0	0
2020.06.25	00:00:00	234.47	235.19	227.09	232.36	50108	0	0
2020.06.26	00:00:00	232.37	233.34	227.29	230.05	42805	0	0
2020.06.27	00:00:00	229.44	231.05	215.43	220.68	49870	0	0
2020.06.28	00:00:00	220.65	227.59	217.45	224.45	49734	0	0
2020.06.29	00:00:00	224.60	229.65	220.84	227.59	50614	0	0
2020.06.30	00:00:00	227.62	228.45	222.93	225.51	38551	0	0
2020.07.01	00:00:00	225.52	232.67	224.13	230.95	38453	0	0
2020.07.02	00:00:00	230.98	232.06	222.97	226.43	47180	0	0
2020.07.03	00:00:00	226.45	228.08	225.42	226.75	27220	0	0
2020.07.04	00:00:00	224.89	230.68	224.47	229.28	38056	0	0
2020.07.05	00:00:00	229.29	230.00	223.51	227.52	45581	0	0
2020.07.06	00:00:00	227.47	241.83	226.95	241.60	54427	0	0
2020.07.07	00:00:00	241.60	243.52	234.46	239.43	49022	0	0
2020.07.08	00:00:00	239.45	248.42	237.83	246.51	59943	0	0
2020.07.09	00:00:00	246.50	246.97	237.17	241.40	42641	0	0
2020.07.10	00:00:00	241.38	241.51	234.45	238.79	34601	0	0
2020.07.11	00:00:00	240.68	241.09	236.94	238.62	37903	0	0
2020.07.12	00:00:00	238.61	243.33	236.04	242.21	35337	0	0
2020.07.13	00:00:00	242.16	244.58	236.55	238.81	42404	0	0
2020.07.14	00:00:00	238.80	241.39	236.19	239.79	35050	0	0
2020.07.15	00:00:00	239.78	240.86	236.01	237.82	32734	0	0
2020.07.16	00:00:00	237.83	238.55	229.25	233.01	36831	0	0
2020.07.17	00:00:00	233.02	234.00	230.01	231.95	24108	0	0
2020.07.18	00:00:00	232.14	236.36	231.59	235.18	27617	0	0
2020.07.19	00:00:00	235.19	239.27	232.76	238.65	27169	0	0
2020.07.20	00:00:00	238.67	239.26	233.65	235.65	28852	0	0
2020.07.21	00:00:00	235.64	246.47	235.23	245.09	36668	0	0
2020.07.22	00:00:00	245.06	269.58	241.27	263.69	36177	0	0
2020.07.23	00:00:00	263.68	280.34	259.51	274.77	51778	0	0
2020.07.24	00:00:00	274.83	286.38	267.46	285.54	47892	0	0
2020.07.25	00:00:00	278.86	308.88	278.57	305.06	60925	0	0
2020.07.26	00:00:00	305.07	319.79	299.37	311.05	69477	0	0
2020.07.27	00:00:00	311.00	332.97	310.78	321.87	80698	0	0
2020.07.28	00:00:00	321.85	326.73	305.51	317.01	74473	0	0
2020.07.29	00:00:00	317.00	325.01	312.20	317.66	66292	0	0
2020.07.30	00:00:00	317.64	341.67	313.96	334.78	65075	0	0
2020.07.31	00:00:00	334.74	347.37	327.77	344.77	58167	0	0
2020.08.01	00:00:00	345.89	392.43	342.66	386.69	78322	0	0
2020.08.02	00:00:00	386.61	414.53	328.29	371.48	101320	0	0
2020.08.03	00:00:00	371.44	397.37	365.77	385.34	84381	0	0
2020.08.04	00:00:00	385.40	402.05	379.59	389.03	86346	0	0
2020.08.05	00:00:00	389.02	406.85	383.02	400.40	76137	0	0
2020.08.06	00:00:00	400.38	403.04	389.81	394.35	74771	0	0
2020.08.07	00:00:00	394.40	397.68	360.48	376.99	68674	0	0
2020.08.08	00:00:00	378.79	396.18	375.13	395.87	71268	0	0
2020.08.09	00:00:00	396.06	399.44	383.02	389.79	76718	0	0
2020.08.10	00:00:00	389.82	399.17	382.34	395.03	69586	0	0
2020.08.11	00:00:00	395.00	397.32	365.41	378.22	76774	0	0
2020.08.12	00:00:00	378.18	388.67	364.53	386.22	73640	0	0
2020.08.13	00:00:00	386.26	430.73	375.30	423.64	83528	0	0
2020.08.14	00:00:00	423.73	443.42	416.87	438.80	75116	0	0
2020.08.15	00:00:00	437.77	442.41	425.63	431.86	86809	0	0
2020.08.16	00:00:00	431.89	436.35	411.74	433.14	84869	0	0
2020.08.17	00:00:00	433.17	446.14	419.93	430.36	85524	0	0
2020.08.18	00:00:00	430.37	433.75	413.74	421.51	88286	0	0
2020.08.19	00:00:00	421.40	426.25	391.04	407.06	94046	0	0
2020.08.20	00:00:00	407.15	418.34	401.45	415.40	89477	0	0
2020.08.21	00:00:00	415.39	418.00	393.35	394.55	75364	0	0
2020.08.22	00:00:00	386.81	396.31	378.19	394.74	87047	0	0
2020.08.23	00:00:00	394.78	396.49	382.07	389.96	87297	0	0
2020.08.24	00:00:00	390.09	409.63	386.63	407.11	84745	0	0
2020.08.25	00:00:00	407.17	408.37	368.59	382.73	84869	0	0
2020.08.26	00:00:00	382.59	392.49	376.29	385.51	81376	0	0
2020.08.27	00:00:00	385.53	396.54	368.94	382.61	89454	0	0
2020.08.28	00:00:00	382.71	397.44	379.22	393.30	73347	0	0
2020.08.29	00:00:00	394.82	405.17	391.10	398.35	78596	0	0
2020.08.30	00:00:00	398.37	429.02	397.18	428.20	79808	0	0
2020.08.31	00:00:00	428.19	438.26	416.87	433.31	87596	0	0
2020.09.01	00:00:00	433.33	487.61	428.56	474.38	93029	0	0
2020.09.02	00:00:00	474.50	480.64	416.16	438.88	98032	0	0
2020.09.03	00:00:00	439.01	450.04	370.31	381.32	104338	0	0
2020.09.04	00:00:00	381.46	399.71	356.14	390.77	87889	0	0
2020.09.05	00:00:00	385.32	394.08	308.08	334.62	112271	0	0
2020.09.06	00:00:00	334.59	359.45	315.21	351.74	102740	0	0
2020.09.07	00:00:00	351.84	357.82	321.94	352.88	89717	0	0
2020.09.08	00:00:00	352.89	355.85	324.76	336.85	89983	0	0
2020.09.09	00:00:00	336.86	358.33	329.33	350.14	80501	0	0
2020.09.10	00:00:00	350.07	377.29	348.72	367.41	95444	0	0
2020.09.11	00:00:00	367.56	372.05	354.84	367.95	78029	0	0
2020.09.12	00:00:00	373.15	387.61	363.73	386.88	87829	0	0
2020.09.13	00:00:00	386.92	389.37	352.01	365.37	91563	0	0
2020.09.14	00:00:00	365.50	383.94	354.83	376.63	91384	0	0
2020.09.15	00:00:00	376.65	381.83	361.46	363.53	86496	0	0
2020.09.16	00:00:00	363.61	372.90	354.47	364.62	84405	0	0
2020.09.17	00:00:00	364.58	393.52	362.22	388.76	88545	0	0
2020.09.18	00:00:00	388.74	391.80	374.58	379.55	77479	0	0
2020.09.19	00:00:00	383.87	387.56	376.01	384.55	84592	0	0
2020.09.20	00:00:00	384.56	384.83	363.47	370.12	78213	0	0
2020.09.21	00:00:00	370.12	375.96	330.89	339.35	91083	0	0
2020.09.22	00:00:00	339.41	346.04	334.84	343.45	84319	0	0
2020.09.23	00:00:00	343.46	343.92	312.64	320.26	81204	0	0
2020.09.24	00:00:00	320.28	352.53	315.96	348.19	83525	0	0
2020.09.25	00:00:00	348.25	357.52	336.68	354.32	74650	0	0
2020.09.26	00:00:00	351.33	355.98	344.86	353.28	85205	0	0
2020.09.27	00:00:00	353.18	361.56	346.12	357.00	81432	0	0
2020.09.28	00:00:00	356.92	367.24	350.73	353.29	78252	0	0
2020.09.29	00:00:00	353.31	359.99	349.13	359.33	77618	0	0
2020.09.30	00:00:00	359.31	360.68	350.68	359.06	72503	0	0
2020.10.01	00:00:00	359.18	368.86	344.25	352.31	79929	0	0
2020.10.02	00:00:00	352.00	353.73	333.36	346.17	69513	0	0
2020.10.03	00:00:00	344.72	350.79	342.85	345.74	66157	0	0
2020.10.04	00:00:00	345.73	353.69	343.30	351.77	59073	0	0
2020.10.05	00:00:00	351.43	355.27	347.75	352.93	62355	0	0
2020.10.06	00:00:00	352.93	354.39	336.03	340.04	70900	0	0
2020.10.07	00:00:00	340.08	342.12	331.57	341.06	77006	0	0
2020.10.08	00:00:00	341.08	352.70	333.04	350.43	71870	0	0
2020.10.09	00:00:00	350.44	365.82	345.88	363.25	68278	0	0
2020.10.10	00:00:00	364.85	377.91	363.80	370.43	79708	0	0
2020.10.11	00:00:00	370.45	376.72	368.43	373.88	75050	0	0
2020.10.12	00:00:00	373.85	394.26	364.69	385.84	78943	0	0
2020.10.13	00:00:00	385.94	387.00	373.69	380.61	82307	0	0
2020.10.14	00:00:00	380.65	387.01	371.73	378.45	79473	0	0
2020.10.15	00:00:00	378.52	381.01	368.90	377.25	82062	0	0
2020.10.16	00:00:00	377.23	379.35	360.13	366.33	76273	0	0
2020.10.17	00:00:00	365.30	369.99	362.57	368.10	81909	0	0
2020.10.18	00:00:00	368.02	377.95	366.27	377.44	78398	0	0
2020.10.19	00:00:00	377.73	383.77	371.72	378.48	83266	0	0
2020.10.20	00:00:00	378.54	380.31	361.74	368.52	87235	0	0
2020.10.21	00:00:00	368.44	400.87	366.83	390.29	91763	0	0
2020.10.22	00:00:00	390.16	420.30	389.75	413.40	92357	0	0
2020.10.23	00:00:00	413.53	418.75	400.57	408.23	79582	0	0
2020.10.24	00:00:00	408.48	415.95	405.86	411.53	85040	0	0
2020.10.25	00:00:00	411.57	417.00	402.02	405.66	85690	0	0
2020.10.26	00:00:00	405.54	410.63	379.55	392.35	93653	0	0
2020.10.27	00:00:00	392.11	409.92	388.90	403.55	91733	0	0
2020.10.28	00:00:00	403.52	408.58	379.30	387.89	88864	0	0
2020.10.29	00:00:00	387.93	393.24	380.12	386.38	82441	0	0
2020.10.30	00:00:00	386.54	391.21	372.04	383.90	74594	0	0
2020.10.31	00:00:00	382.16	392.81	379.69	385.88	73654	0	0
2020.11.01	00:00:00	385.57	396.96	383.64	396.18	71053	0	0
2020.11.02	00:00:00	396.04	403.76	377.13	382.69	85256	0	0
2020.11.03	00:00:00	382.69	389.74	369.23	387.25	80603	0	0
2020.11.04	00:00:00	387.29	407.80	375.30	402.13	87224	0	0
2020.11.05	00:00:00	402.11	420.15	395.40	416.11	89738	0	0
2020.11.06	00:00:00	416.22	445.37	413.55	442.56	83120	0	0
2020.11.07	00:00:00	455.38	467.45	422.70	435.07	98673	0	0
2020.11.08	00:00:00	435.09	459.58	430.75	454.06	87905	0	0
2020.11.09	00:00:00	454.16	458.33	433.12	444.19	93047	0	0
2020.11.10	00:00:00	444.06	454.56	438.29	449.75	88835	0	0
2020.11.11	00:00:00	449.88	475.89	448.85	462.82	93939	0	0
2020.11.12	00:00:00	462.90	469.90	450.63	462.12	90347	0	0
2020.11.13	00:00:00	461.99	474.20	456.15	469.20	76327	0	0
2020.11.14	00:00:00	475.93	476.94	450.72	459.92	87405	0	0
2020.11.15	00:00:00	459.95	462.59	439.35	447.37	80375	0	0
2020.11.16	00:00:00	447.73	465.26	444.83	460.09	87556	0	0
2020.11.17	00:00:00	460.01	484.27	458.93	481.52	90152	0	0
2020.11.18	00:00:00	481.63	493.85	452.54	477.83	99795	0	0
2020.11.19	00:00:00	477.71	480.02	464.12	470.80	92721	0	0
2020.11.20	00:00:00	470.71	513.73	470.02	508.91	82748	0	0
2020.11.21	00:00:00	509.44	552.16	501.13	551.02	96961	0	0
2020.11.22	00:00:00	551.30	579.82	509.59	558.47	102743	0	0
2020.11.23	00:00:00	558.61	609.70	546.58	607.76	106585	0	0
2020.11.24	00:00:00	607.75	621.32	585.35	604.32	104745	0	0
2020.11.25	00:00:00	604.25	605.29	553.54	568.45	99342	0	0
2020.11.26	00:00:00	568.25	575.99	478.71	519.49	123420	0	0
2020.11.27	00:00:00	519.37	530.47	493.11	514.33	87571	0	0
2020.11.28	00:00:00	518.09	547.76	505.11	536.54	93096	0	0
2020.11.29	00:00:00	536.49	575.94	529.68	574.66	92236	0	0
2020.11.30	00:00:00	575.35	615.20	568.42	615.20	99778	0	0
2020.12.01	00:00:00	615.13	635.55	557.69	583.97	108001	0	0
2020.12.02	00:00:00	584.90	604.11	574.14	595.33	101353	0	0
2020.12.03	00:00:00	596.35	622.57	585.28	615.70	92579	0	0
2020.12.04	00:00:00	615.54	619.62	577.85	588.02	83150	0	0
2020.12.05	00:00:00	566.39	596.97	559.07	596.13	93536	0	0
2020.12.06	00:00:00	596.16	606.72	581.79	600.99	91277	0	0
2020.12.07	00:00:00	600.80	602.27	583.11	590.66	88658	0	0
2020.12.08	00:00:00	590.67	594.28	545.85	553.79	92462	0	0
2020.12.09	00:00:00	553.62	576.97	529.05	572.21	95475	0	0
2020.12.10	00:00:00	571.73	574.29	546.86	557.50	92453	0	0
2020.12.11	00:00:00	557.42	559.29	533.99	546.25	83350	0	0
2020.12.12	00:00:00	543.45	573.57	541.75	567.24	89512	0	0
2020.12.13	00:00:00	567.23	593.80	561.84	589.65	90333	0	0
2020.12.14	00:00:00	589.64	590.75	573.74	585.49	90023	0	0
2020.12.15	00:00:00	585.41	595.76	577.41	588.42	88815	0	0
2020.12.16	00:00:00	588.36	638.02	580.14	636.41	92756	0	0
2020.12.17	00:00:00	636.43	674.75	623.49	642.32	104243	0	0
2020.12.18	00:00:00	642.38	662.59	626.88	648.31	85764	0	0
2020.12.19	00:00:00	654.13	669.67	644.87	657.46	95560	0	0
2020.12.20	00:00:00	657.20	659.55	619.04	637.30	95671	0	0
2020.12.21	00:00:00	637.27	647.10	593.92	606.88	99296	0	0
2020.12.22	00:00:00	606.81	636.72	586.47	634.95	102164	0	0
2020.12.23	00:00:00	635.76	637.36	547.50	583.41	108345	0	0
2020.12.24	00:00:00	583.83	613.64	562.72	611.06	104399	0	0
2020.12.25	00:00:00	611.11	632.29	594.82	618.78	88245	0	0
2020.12.26	00:00:00	625.45	650.68	613.28	634.96	100527	0	0
2020.12.27	00:00:00	635.03	711.00	622.26	682.94	108289	0	0
2020.12.28	00:00:00	683.15	745.97	679.03	728.88	106823	0	0
2020.12.29	00:00:00	728.53	737.76	686.44	730.12	101635	0	0
2020.12.30	00:00:00	730.16	756.84	715.02	750.96	96982	0	0
2020.12.31	00:00:00	751.05	754.40	718.25	736.08	94506	0	0
2021.01.01	00:00:00	736.14	748.29	714.69	730.20	79720	0	0
2021.01.02	00:00:00	729.40	786.35	714.33	773.26	96533	0	0
2021.01.03	00:00:00	772.89	1008.70	766.41	975.95	109291	0	0
2021.01.04	00:00:00	976.86	1158.86	879.90	1039.19	121906	0	0
2021.01.05	00:00:00	1039.54	1131.37	968.73	1099.74	112808	0	0
2021.01.06	00:00:00	1100.30	1211.87	1056.08	1207.17	107414	0	0
2021.01.07	00:00:00	1208.31	1288.38	1143.65	1221.65	104295	0	0
2021.01.08	00:00:00	1221.49	1273.42	1061.00	1142.78	99989	0	0
2021.01.09	00:00:00	1214.80	1305.61	1167.43	1278.19	102078	0	0
2021.01.10	00:00:00	1278.85	1348.47	1158.72	1254.31	106395	0	0
2021.01.11	00:00:00	1253.81	1258.44	909.27	1085.19	126992	0	0
2021.01.12	00:00:00	1085.46	1147.58	1003.97	1049.08	115631	0	0
2021.01.13	00:00:00	1049.20	1134.44	982.48	1127.42	108144	0	0
2021.01.14	00:00:00	1127.44	1243.69	1083.61	1228.95	101309	0	0
2021.01.15	00:00:00	1229.11	1253.31	1067.49	1133.75	96156	0	0
2021.01.16	00:00:00	1166.67	1291.28	1149.46	1226.19	106559	0	0
2021.01.17	00:00:00	1226.49	1268.57	1161.42	1232.40	107562	0	0
2021.01.18	00:00:00	1229.87	1259.65	1180.76	1256.86	98772	0	0
2021.01.19	00:00:00	1257.09	1436.39	1250.90	1365.62	106551	0	0
2021.01.20	00:00:00	1365.03	1404.98	1231.74	1374.90	108399	0	0
2021.01.21	00:00:00	1375.10	1386.37	1080.48	1109.53	115935	0	0
2021.01.22	00:00:00	1109.73	1273.06	1040.51	1247.78	97018	0	0
2021.01.23	00:00:00	1231.76	1270.17	1193.33	1232.02	102178	0	0
2021.01.24	00:00:00	1231.84	1398.04	1218.14	1389.17	98012	0	0
2021.01.25	00:00:00	1391.02	1474.59	1291.67	1316.08	105843	0	0
2021.01.26	00:00:00	1315.65	1376.23	1244.39	1364.65	107324	0	0
2021.01.27	00:00:00	1364.65	1371.52	1205.10	1237.99	111131	0	0
2021.01.28	00:00:00	1239.36	1359.19	1217.82	1329.72	105461	0	0
2021.01.29	00:00:00	1330.00	1439.00	1283.96	1347.38	96501	0	0
2021.01.30	00:00:00	1377.18	1404.72	1324.39	1377.47	102217	0	0
2021.01.31	00:00:00	1377.75	1380.54	1281.39	1312.21	97494	0	0
2021.02.01	00:00:00	1312.03	1376.65	1269.42	1372.81	98313	0	0
2021.02.02	00:00:00	1373.43	1546.89	1358.89	1511.99	103317	0	0
2021.02.03	00:00:00	1511.95	1668.69	1507.60	1663.53	99721	0	0
2021.02.04	00:00:00	1663.80	1695.44	1554.73	1594.27	104400	0	0
2021.02.05	00:00:00	1594.40	1758.17	1588.21	1720.14	87660	0	0
2021.02.06	00:00:00	1717.98	1741.63	1644.04	1676.03	99032	0	0
2021.02.07	00:00:00	1675.81	1691.66	1488.79	1611.58	98684	0	0
2021.02.08	00:00:00	1611.63	1777.00	1561.93	1749.71	99868	0	0
2021.02.09	00:00:00	1749.81	1822.80	1708.65	1768.35	99224	0	0
2021.02.10	00:00:00	1768.63	1836.14	1677.92	1739.44	98891	0	0
2021.02.11	00:00:00	1739.76	1816.89	1702.18	1784.32	95433	0	0
2021.02.12	00:00:00	1783.53	1859.99	1737.40	1849.27	82342	0	0
2021.02.13	00:00:00	1841.92	1872.72	1761.86	1814.80	96216	0	0
2021.02.14	00:00:00	1814.85	1851.62	1782.64	1801.46	90901	0	0
2021.02.15	00:00:00	1801.54	1836.37	1653.02	1776.02	96413	0	0
2021.02.16	00:00:00	1776.32	1824.51	1721.11	1781.05	94456	0	0
2021.02.17	00:00:00	1781.05	1855.20	1730.93	1848.09	92979	0	0
2021.02.18	00:00:00	1848.12	1947.66	1846.79	1934.67	92091	0	0
2021.02.19	00:00:00	1934.92	1971.24	1887.26	1949.11	79268	0	0
2021.02.20	00:00:00	1954.08	2036.49	1810.82	1910.97	96000	0	0
2021.02.21	00:00:00	1909.87	1974.15	1880.29	1931.37	93024	0	0
2021.02.22	00:00:00	1931.91	1934.66	1531.05	1774.72	104609	0	0
2021.02.23	00:00:00	1774.80	1779.01	1358.87	1574.69	120497	0	0
2021.02.24	00:00:00	1574.81	1711.03	1497.01	1623.12	107398	0	0
2021.02.25	00:00:00	1623.27	1670.40	1456.27	1479.44	105092	0	0
2021.02.26	00:00:00	1479.96	1560.28	1398.45	1442.34	97649	0	0
2021.02.27	00:00:00	1442.23	1524.17	1422.84	1457.63	103966	0	0
2021.02.28	00:00:00	1457.86	1468.26	1292.96	1419.72	111060	0	0
2021.03.01	00:00:00	1419.05	1570.62	1409.94	1567.50	99902	0	0
2021.03.02	00:00:00	1568.04	1600.92	1453.58	1485.49	102453	0	0
2021.03.03	00:00:00	1486.33	1653.24	1474.25	1567.46	98606	0	0
2021.03.04	00:00:00	1567.79	1623.29	1501.48	1535.49	106346	0	0
2021.03.05	00:00:00	1536.18	1538.63	1439.32	1531.04	89364	0	0
2021.03.06	00:00:00	1527.47	1669.53	1509.07	1647.85	96989	0	0
2021.03.07	00:00:00	1648.77	1731.34	1628.47	1724.04	96581	0	0
2021.03.08	00:00:00	1724.92	1840.33	1663.89	1831.39	98072	0	0
2021.03.09	00:00:00	1831.69	1870.01	1798.12	1870.01	94437	0	0
2021.03.10	00:00:00	1870.25	1876.32	1756.44	1792.05	99267	0	0
2021.03.11	00:00:00	1792.97	1845.86	1724.34	1825.05	98267	0	0
2021.03.12	00:00:00	1825.46	1839.91	1718.55	1741.35	85915	0	0
2021.03.13	00:00:00	1763.75	1941.40	1726.34	1919.49	96534	0	0
2021.03.14	00:00:00	1919.45	1929.49	1832.76	1846.47	92853	0	0
2021.03.15	00:00:00	1846.48	1887.39	1731.95	1791.38	98124	0	0
2021.03.16	00:00:00	1791.55	1817.47	1709.38	1802.83	95592	0	0
2021.03.17	00:00:00	1803.08	1834.94	1736.92	1820.20	94417	0	0
2021.03.18	00:00:00	1819.81	1845.64	1757.09	1774.09	91470	0	0
2021.03.19	00:00:00	1774.08	1838.31	1731.23	1807.23	91118	0	0
2021.03.20	00:00:00	1807.03	1867.00	1797.91	1803.48	89815	0	0
2021.03.21	00:00:00	1803.99	1815.47	1745.00	1781.82	88685	0	0
2021.03.22	00:00:00	1780.84	1804.72	1654.73	1679.68	93507	0	0
2021.03.23	00:00:00	1679.35	1719.83	1648.84	1665.51	95467	0	0
2021.03.24	00:00:00	1666.02	1738.24	1543.93	1579.67	97447	0	0
2021.03.25	00:00:00	1579.93	1619.52	1544.65	1584.89	100456	0	0
2021.03.26	00:00:00	1584.39	1697.62	1584.39	1695.97	93092	0	0
2021.03.27	00:00:00	1696.11	1730.47	1663.57	1711.81	92629	0	0
2021.03.28	00:00:00	1711.27	1724.18	1659.65	1684.73	91199	0	0
2021.03.29	00:00:00	1684.82	1836.37	1673.47	1814.13	90567	0	0
2021.03.30	00:00:00	1814.21	1857.82	1783.58	1839.79	90002	0	0
2021.03.31	00:00:00	1839.83	1945.83	1769.33	1917.35	93279	0	0
2021.04.01	00:00:00	1917.60	1979.15	1885.14	1966.05	92008	0	0
2021.04.02	00:00:00	1966.06	2139.97	1946.21	2129.94	92473	0	0
2021.04.03	00:00:00	2130.22	2135.36	1997.54	2004.86	94827	0	0
2021.04.04	00:00:00	2004.39	2089.48	1975.74	2073.84	90792	0	0
2021.04.05	00:00:00	2073.60	2127.14	2000.31	2104.05	92848	0	0
2021.04.06	00:00:00	2104.00	2148.68	2043.75	2109.38	92997	0	0
2021.04.07	00:00:00	2109.61	2126.21	1927.52	1961.60	97823	0	0
2021.04.08	00:00:00	1961.64	2080.52	1946.40	2078.06	91979	0	0
2021.04.09	00:00:00	2077.95	2097.17	2045.27	2063.96	89868	0	0
2021.04.10	00:00:00	2063.50	2193.63	2053.93	2131.65	91829	0	0
2021.04.11	00:00:00	2131.27	2161.24	2108.67	2147.36	86752	0	0
2021.04.12	00:00:00	2146.77	2196.53	2097.81	2134.89	91633	0	0
2021.04.13	00:00:00	2134.94	2313.10	2132.65	2295.33	93227	0	0
2021.04.14	00:00:00	2295.09	2442.86	2279.14	2428.59	96018	0	0
2021.04.15	00:00:00	2428.59	2541.23	2396.72	2512.70	93495	0	0
2021.04.16	00:00:00	2512.91	2542.97	2299.34	2420.25	98262	0	0
2021.04.17	00:00:00	2418.77	2494.41	2307.36	2310.96	93984	0	0
2021.04.18	00:00:00	2311.18	2334.20	1967.67	2237.10	106823	0	0
2021.04.19	00:00:00	2235.54	2277.82	2071.03	2158.09	99869	0	0
2021.04.20	00:00:00	2158.13	2345.31	2051.59	2329.58	102831	0	0
2021.04.21	00:00:00	2328.84	2465.96	2233.98	2354.77	100148	0	0
2021.04.22	00:00:00	2354.28	2640.22	2299.84	2396.27	105851	0	0
2021.04.23	00:00:00	2395.73	2440.50	2105.73	2364.68	111635	0	0
2021.04.24	00:00:00	2363.62	2366.30	2156.11	2213.00	102132	0	0
2021.04.25	00:00:00	2214.01	2353.88	2162.49	2318.89	98400	0	0
2021.04.26	00:00:00	2319.73	2539.79	2301.89	2533.31	99388	0	0
2021.04.27	00:00:00	2533.58	2676.80	2482.38	2663.22	93140	0	0
2021.04.28	00:00:00	2662.78	2754.23	2557.29	2745.07	96065	0	0
2021.04.29	00:00:00	2745.97	2795.06	2669.09	2754.44	92628	0	0
2021.04.30	00:00:00	2754.62	2793.37	2722.98	2769.37	89612	0	0
2021.05.01	00:00:00	2768.98	2952.14	2751.20	2945.35	88944	0	0
2021.05.02	00:00:00	2945.41	2980.47	2850.63	2947.88	88963	0	0
2021.05.03	00:00:00	2948.17	3448.04	2948.17	3428.08	92981	0	0
2021.05.04	00:00:00	3429.12	3525.94	3169.15	3236.83	104207	0	0
2021.05.05	00:00:00	3236.63	3546.66	3206.55	3524.40	97712	0	0
2021.05.06	00:00:00	3524.64	3602.98	3378.41	3489.38	93987	0	0
2021.05.07	00:00:00	3489.88	3588.86	3353.02	3482.61	93212	0	0
2021.05.08	00:00:00	3482.60	3952.57	3452.42	3910.15	93916	0	0
2021.05.09	00:00:00	3910.54	3976.06	3722.93	3923.76	99805	0	0
2021.05.10	00:00:00	3924.06	4204.95	3663.57	3945.79	106023	0	0
2021.05.11	00:00:00	3946.01	4176.40	3769.65	4171.72	100735	0	0
2021.05.12	00:00:00	4171.50	4376.78	3827.30	3854.64	108914	0	0
2021.05.13	00:00:00	3853.26	4039.10	3543.85	3714.93	127875	0	0
2021.05.14	00:00:00	3714.67	4170.48	3690.86	4077.23	105890	0	0
2021.05.15	00:00:00	4076.95	4129.82	3629.41	3645.28	111054	0	0
2021.05.16	00:00:00	3644.18	3876.12	3340.76	3579.29	109866	0	0
2021.05.17	00:00:00	3578.62	3583.46	3113.66	3276.33	117116	0	0
2021.05.18	00:00:00	3276.58	3560.03	3236.76	3373.05	107702	0	0
2021.05.19	00:00:00	3373.03	3436.46	1950.20	2434.78	166683	0	0
2021.05.20	00:00:00	2436.09	2991.84	2153.54	2770.68	125864	0	0
2021.05.21	00:00:00	2771.19	2939.60	2137.61	2431.46	119781	0	0
2021.05.22	00:00:00	2431.39	2484.07	2154.50	2295.18	123844	0	0
2021.05.23	00:00:00	2295.43	2380.28	1737.32	2094.41	134750	0	0
2021.05.24	00:00:00	2095.92	2670.80	2079.75	2644.93	125667	0	0
2021.05.25	00:00:00	2645.19	2748.41	2384.42	2702.60	124731	0	0
2021.05.26	00:00:00	2703.23	2909.66	2645.68	2885.19	113691	0	0
2021.05.27	00:00:00	2884.42	2886.67	2638.68	2741.24	110101	0	0
2021.05.28	00:00:00	2739.87	2758.63	2327.34	2410.86	124261	0	0
2021.05.29	00:00:00	2411.05	2572.44	2206.86	2274.68	137291	0	0
2021.05.30	00:00:00	2274.93	2470.89	2179.15	2385.74	119617	0	0
2021.05.31	00:00:00	2386.14	2717.43	2272.66	2705.83	124760	0	0
2021.06.01	00:00:00	2705.95	2740.57	2526.59	2632.63	120290	0	0
2021.06.02	00:00:00	2632.80	2799.95	2551.86	2705.17	108955	0	0
2021.06.03	00:00:00	2705.47	2888.00	2661.78	2853.75	107247	0	0
2021.06.04	00:00:00	2854.13	2856.99	2553.02	2689.57	116088	0	0
2021.06.05	00:00:00	2689.79	2814.75	2550.12	2626.91	115761	0	0
2021.06.06	00:00:00	2626.70	2745.43	2612.62	2710.63	103331	0	0
2021.06.07	00:00:00	2710.80	2845.75	2573.03	2591.69	109359	0	0
2021.06.08	00:00:00	2591.29	2621.04	2306.62	2507.16	130156	0	0
2021.06.09	00:00:00	2507.24	2623.40	2406.56	2607.97	117986	0	0
2021.06.10	00:00:00	2608.06	2621.49	2425.76	2469.70	108421	0	0
2021.06.11	00:00:00	2469.47	2494.88	2319.79	2353.62	106884	0	0
2021.06.12	00:00:00	2353.05	2451.11	2257.82	2368.53	110828	0	0
2021.06.13	00:00:00	2368.63	2547.59	2308.03	2508.04	103485	0	0
2021.06.14	00:00:00	2507.92	2605.28	2460.84	2579.30	100209	0	0
2021.06.15	00:00:00	2579.45	2638.37	2506.54	2541.80	99255	0	0
2021.06.16	00:00:00	2541.51	2552.93	2348.48	2365.66	100337	0	0
2021.06.17	00:00:00	2365.82	2457.38	2302.62	2370.80	97320	0	0
2021.06.18	00:00:00	2370.86	2374.34	2137.29	2233.45	103204	0	0
2021.06.19	00:00:00	2233.86	2276.09	2160.80	2163.78	101221	0	0
2021.06.20	00:00:00	2164.05	2274.30	2041.25	2242.02	103432	0	0
2021.06.21	00:00:00	2242.10	2257.63	1866.65	1886.03	130696	0	0
2021.06.22	00:00:00	1885.86	1996.18	1703.93	1880.48	133778	0	0
2021.06.23	00:00:00	1881.29	2043.07	1823.95	1967.22	116426	0	0
2021.06.24	00:00:00	1967.35	2033.89	1883.18	1987.38	105128	0	0
2021.06.25	00:00:00	1987.46	2018.07	1789.27	1807.19	112459	0	0
2021.06.26	00:00:00	1807.28	1850.09	1716.94	1827.39	115723	0	0
2021.06.27	00:00:00	1827.40	1981.76	1805.26	1981.22	104191	0	0
2021.06.28	00:00:00	1981.74	2141.27	1958.81	2081.43	109198	0	0
2021.06.29	00:00:00	2081.57	2244.66	2073.18	2165.02	105204	0	0
2021.06.30	00:00:00	2165.30	2284.54	2086.16	2275.22	93236	0	0
2021.07.01	00:00:00	2275.03	2276.07	2071.57	2105.88	104151	0	0
2021.07.02	00:00:00	2106.38	2156.69	2015.50	2155.09	103310	0	0
2021.07.02	12:00:00	2060.54	2125.95	2052.25	2121.45	10674	0	218
2021.07.02	16:00:00	2121.54	2122.00	2082.44	2101.72	16479	0	198
2021.07.02	20:00:00	2102.04	2156.69	2081.38	2155.09	16261	0	177
2021.07.03	00:00:00	2155.20	2164.82	2109.45	2128.45	15682	0	204
2021.07.03	04:00:00	2128.48	2204.36	2120.76	2194.61	16116	0	208
2021.07.03	08:00:00	2194.80	2225.34	2186.16	2212.51	16448	0	208
2021.07.03	12:00:00	2212.80	2238.07	2206.36	2224.64	15852	0	196
2021.07.03	16:00:00	2224.55	2234.47	2208.29	2222.48	15642	0	211
2021.07.03	20:00:00	2222.58	2227.72	2183.80	2223.89	16048	0	507
2021.07.04	00:00:00	2223.66	2227.67	2186.20	2205.49	15544	0	495
2021.07.04	04:00:00	2205.79	2342.90	2204.58	2334.27	16011	0	186
2021.07.04	08:00:00	2334.14	2346.00	2309.62	2330.75	15116	0	207
2021.07.04	12:00:00	2330.56	2331.73	2306.11	2327.72	14591	0	205
2021.07.04	16:00:00	2328.11	2370.86	2326.41	2355.21	14862	0	182
2021.07.04	20:00:00	2355.30	2385.75	2299.93	2321.25	15666	0	200
2021.07.05	00:00:00	2320.81	2321.89	2242.45	2262.62	17075	0	212
2021.07.05	04:00:00	2262.48	2290.95	2248.94	2272.62	16187	0	247
2021.07.05	08:00:00	2272.67	2306.68	2180.25	2192.12	16764	0	240
2021.07.05	12:00:00	2192.77	2233.72	2184.31	2204.98	16626	0	237
2021.07.05	16:00:00	2204.98	2250.15	2157.38	2243.54	17498	0	229
2021.07.05	20:00:00	2243.75	2253.26	2192.59	2194.11	16329	0	227
2021.07.06	00:00:00	2194.44	2246.89	2192.49	2235.12	16255	0	226
2021.07.06	04:00:00	2235.26	2339.50	2235.26	2335.28	16667	0	250
2021.07.06	08:00:00	2335.34	2347.25	2255.26	2291.57	18200	0	240
2021.07.06	12:00:00	2291.33	2338.32	2277.25	2303.84	18322	0	241
2021.07.06	16:00:00	2304.27	2334.03	2284.02	2326.47	17010	0	234
2021.07.06	20:00:00	2326.56	2327.18	2272.03	2319.44	15617	0	218
2021.07.07	00:00:00	2319.78	2339.45	2292.71	2337.90	16030	0	212
2021.07.07	04:00:00	2337.85	2404.61	2329.34	2373.46	16490	0	208
2021.07.07	08:00:00	2373.81	2394.78	2360.89	2382.36	15570	0	208
2021.07.07	12:00:00	2382.38	2395.75	2324.73	2337.95	15684	0	200
2021.07.07	16:00:00	2337.79	2369.34	2327.13	2364.64	14931	0	180
2021.07.07	20:00:00	2364.21	2365.21	2305.46	2315.13	15494	0	165
2021.07.08	00:00:00	2315.06	2322.88	2238.43	2252.75	16824	0	214
2021.07.08	04:00:00	2252.96	2252.96	2162.93	2179.57	16523	0	230
2021.07.08	08:00:00	2178.95	2189.59	2125.39	2163.76	16220	0	244
2021.07.08	12:00:00	2164.15	2175.43	2128.03	2174.16	16471	0	259
2021.07.08	16:00:00	2173.95	2177.07	2134.20	2155.91	15566	0	244
2021.07.08	20:00:00	2156.08	2159.85	2081.73	2113.00	16103	0	238
2021.07.09	00:00:00	2113.84	2130.02	2046.83	2119.09	17712	0	253
2021.07.09	04:00:00	2119.50	2157.49	2103.32	2121.94	16027	0	244
2021.07.09	08:00:00	2122.51	2122.97	2068.93	2078.14	15785	0	234
2021.07.09	12:00:00	2078.39	2183.60	2062.04	2171.17	17047	0	241
2021.07.09	16:00:00	2171.47	2179.43	2119.26	2131.62	15262	0	235
2021.07.09	20:00:00	2131.66	2164.68	2121.08	2144.88	15259	0	243
2021.07.10	00:00:00	2144.81	2189.03	2121.23	2131.62	15718	0	259
2021.07.10	04:00:00	2131.61	2138.74	2093.06	2119.21	15639	0	276
2021.07.10	08:00:00	2119.27	2135.64	2083.48	2108.33	15598	0	265
2021.07.10	12:00:00	2108.48	2123.88	2090.07	2117.38	15376	0	273
2021.07.10	16:00:00	2117.43	2154.92	2073.72	2091.43	16247	0	279
2021.07.10	20:00:00	2091.18	2126.10	2075.60	2109.24	15091	0	273
2021.07.11	00:00:00	2109.33	2135.72	2082.67	2089.99	15105	0	277
2021.07.11	04:00:00	2090.10	2105.54	2079.41	2097.30	14943	0	313
2021.07.11	08:00:00	2097.54	2131.87	2089.36	2127.81	15032	0	215
2021.07.11	12:00:00	2127.65	2147.36	2110.91	2142.59	14605	0	263
2021.07.11	16:00:00	2142.96	2152.42	2126.56	2133.88	14466	0	187
2021.07.11	20:00:00	2133.97	2172.78	2122.76	2138.75	14850	0	229
2021.07.12	00:00:00	2139.17	2166.36	2124.63	2162.36	14530	0	273
2021.07.12	04:00:00	2162.69	2166.22	2137.19	2143.86	14441	0	250
2021.07.12	08:00:00	2143.51	2154.64	2098.71	2099.93	14849	0	221
2021.07.12	12:00:00	2099.85	2108.86	2082.82	2085.00	14660	0	242
2021.07.12	16:00:00	2085.03	2094.28	2006.90	2018.04	16784	0	248
2021.07.12	20:00:00	2018.36	2041.62	2007.42	2029.91	15200	0	273
2021.07.13	00:00:00	2029.34	2041.59	2012.69	2028.17	14874	0	275
2021.07.13	04:00:00	2028.05	2032.48	1975.68	2026.85	15539	0	247
2021.07.13	08:00:00	2026.94	2044.09	1992.76	1995.99	15381	0	245
2021.07.13	12:00:00	1996.27	2004.56	1959.68	1997.46	16846	0	265
2021.07.13	16:00:00	1997.23	2005.16	1915.21	1920.62	17056	0	257
2021.07.13	20:00:00	1920.92	1954.67	1916.81	1939.52	15458	0	242
2021.07.14	00:00:00	1939.59	1943.51	1863.60	1883.09	16926	0	243
2021.07.14	04:00:00	1882.90	1904.90	1863.46	1898.44	16126	0	242
2021.07.14	08:00:00	1898.43	1955.09	1870.37	1948.97	16965	0	241
2021.07.14	12:00:00	1949.03	2018.18	1938.21	1994.89	16881	0	180
2021.07.14	16:00:00	1994.90	2012.41	1971.29	1979.30	15654	0	223
2021.07.14	20:00:00	1978.94	2011.07	1978.75	1993.49	14702	0	202
2021.07.15	00:00:00	1993.59	2038.83	1972.38	1978.42	15930	0	245
2021.07.15	04:00:00	1978.50	1983.18	1940.85	1951.58	15676	0	239
2021.07.15	08:00:00	1951.60	1976.21	1903.29	1911.54	16409	0	244
2021.07.15	12:00:00	1911.55	1937.03	1882.31	1911.68	18139	0	257
2021.07.15	16:00:00	1911.64	1925.88	1880.21	1915.97	17208	0	238
2021.07.15	20:00:00	1916.01	1933.30	1899.78	1916.84	15272	0	246
2021.07.16	00:00:00	1917.09	1955.12	1893.99	1947.50	16137	0	255
2021.07.16	04:00:00	1947.71	1962.79	1896.49	1910.95	15414	0	249
2021.07.16	08:00:00	1911.17	1912.25	1848.71	1851.87	17051	0	257
2021.07.16	12:00:00	1851.88	1933.95	1850.07	1933.95	17425	0	245
2021.07.16	16:00:00	1933.79	1939.46	1903.75	1912.65	15834	0	227
2021.07.16	20:00:00	1912.57	1918.74	1869.61	1875.71	15367	0	212
2021.07.17	00:00:00	1876.00	1899.55	1856.26	1865.06	16288	0	248
2021.07.17	04:00:00	1865.53	1894.26	1861.13	1878.44	14758	0	241
2021.07.17	08:00:00	1878.32	1906.40	1846.89	1864.74	16318	0	245
2021.07.17	12:00:00	1864.46	1893.02	1859.76	1885.99	15711	0	244
2021.07.17	16:00:00	1885.97	1916.62	1879.50	1907.38	15736	0	237
2021.07.17	20:00:00	1907.47	1914.12	1887.15	1898.04	14833	0	215
2021.07.18	00:00:00	1898.08	1991.99	1896.09	1979.71	16603	0	204
2021.07.18	04:00:00	1979.91	1987.05	1951.53	1956.79	15353	0	196
2021.07.18	08:00:00	1956.91	1971.33	1948.87	1963.42	15016	0	208
2021.07.18	12:00:00	1962.94	1970.32	1882.26	1889.72	16063	0	210
2021.07.18	16:00:00	1890.06	1908.03	1878.26	1898.00	15089	0	244
2021.07.18	20:00:00	1898.04	1924.53	1880.17	1890.12	15368	0	296
2021.07.19	00:00:00	1890.41	1905.14	1865.12	1884.74	15392	0	280
2021.07.19	04:00:00	1884.79	1915.14	1880.43	1890.17	15100	0	197
2021.07.19	08:00:00	1890.23	1898.30	1853.55	1861.16	15527	0	248
2021.07.19	12:00:00	1860.89	1866.08	1804.86	1819.20	17271	0	257
2021.07.19	16:00:00	1819.29	1830.70	1806.38	1823.28	15022	0	264
2021.07.19	20:00:00	1823.64	1828.72	1810.86	1818.53	14274	0	262
2021.07.20	00:00:00	1818.41	1838.94	1720.82	1727.68	17256	0	245
2021.07.20	04:00:00	1727.78	1769.63	1724.15	1762.40	15065	0	235
2021.07.20	08:00:00	1762.28	1764.35	1719.49	1756.33	16628	0	234
2021.07.20	12:00:00	1756.40	1808.55	1736.56	1804.18	17348	0	225
2021.07.20	16:00:00	1804.82	1816.92	1776.02	1787.16	15983	0	243
2021.07.20	20:00:00	1787.70	1804.27	1764.39	1785.15	15442	0	253
2021.07.21	00:00:00	1785.44	1806.27	1754.70	1800.66	15999	0	246
2021.07.21	04:00:00	1800.77	1879.14	1799.08	1873.68	16383	0	234
2021.07.21	08:00:00	1874.10	1911.34	1860.53	1906.23	15858	0	235
2021.07.21	12:00:00	1906.36	1958.04	1892.17	1953.36	16344	0	224
2021.07.21	16:00:00	1953.57	2030.26	1934.31	1936.11	19074	0	202
2021.07.21	20:00:00	1936.36	1993.58	1930.27	1992.93	16156	0	188
2021.07.22	00:00:00	1993.11	2022.56	1960.99	1975.26	16660	0	215
2021.07.22	04:00:00	1975.78	2012.15	1963.86	1990.86	16482	0	234
2021.07.22	08:00:00	1990.93	2015.00	1967.55	1982.78	16736	0	213
2021.07.22	12:00:00	1982.87	2038.80	1947.17	2031.88	17815	0	225
2021.07.22	16:00:00	2032.09	2043.87	2012.17	2027.14	15847	0	205
2021.07.22	20:00:00	2027.37	2028.24	1990.19	2021.99	15357	0	204
2021.07.23	00:00:00	2021.64	2073.74	2012.15	2058.27	15863	0	217
2021.07.23	04:00:00	2058.75	2090.52	2051.64	2062.02	15791	0	229
2021.07.23	08:00:00	2062.80	2070.57	2037.62	2053.03	15972	0	226
2021.07.23	12:00:00	2052.89	2078.35	2043.48	2046.16	15579	0	213
2021.07.23	16:00:00	2046.85	2048.93	1994.82	2019.91	16244	0	222
2021.07.23	20:00:00	2020.02	2128.27	2015.89	2123.02	16489	0	222
2021.07.24	00:00:00	2122.72	2138.38	2104.54	2137.86	15732	0	227
2021.07.24	04:00:00	2138.05	2143.08	2123.46	2130.90	12089	0	243
2021.07.24	08:00:00	2131.02	2164.79	2115.28	2154.34	16323	0	243
2021.07.24	12:00:00	2154.57	2178.25	2144.69	2152.27	15283	0	231
2021.07.24	16:00:00	2151.81	2198.15	2137.34	2142.39	16427	0	258
2021.07.24	20:00:00	2142.56	2186.92	2125.83	2183.30	15905	0	250
2021.07.25	00:00:00	2183.65	2193.54	2135.51	2151.16	16541	0	234
2021.07.25	04:00:00	2151.25	2184.62	2144.26	2174.90	16146	0	227
2021.07.25	08:00:00	2175.06	2183.11	2150.74	2158.68	14281	0	203
2021.07.25	12:00:00	2158.15	2158.15	2105.01	2137.64	16190	0	227
2021.07.25	16:00:00	2137.54	2163.00	2120.21	2151.80	15866	0	239
2021.07.25	20:00:00	2151.65	2195.20	2141.82	2190.54	15441	0	236
2021.07.26	00:00:00	2189.91	2339.21	2171.04	2316.87	20578	0	259
2021.07.26	04:00:00	2316.78	2387.51	2304.91	2324.44	17575	0	264
2021.07.26	08:00:00	2324.32	2357.44	2299.48	2340.38	16487	0	241
2021.07.26	12:00:00	2340.67	2356.72	2307.92	2340.58	16544	0	254
2021.07.26	16:00:00	2339.92	2431.10	2332.81	2361.84	17774	0	242
2021.07.26	20:00:00	2361.84	2366.47	2204.83	2226.93	21046	0	252
2021.07.27	00:00:00	2227.12	2239.24	2149.49	2170.71	18357	0	265
2021.07.27	04:00:00	2170.82	2208.79	2164.22	2201.30	16164	0	256
2021.07.27	08:00:00	2201.41	2276.63	2193.26	2276.58	15537	0	244
2021.07.27	12:00:00	2276.96	2318.03	2240.59	2276.01	18980	0	255
2021.07.27	16:00:00	2275.41	2281.25	2200.23	2227.33	17894	0	236
2021.07.27	20:00:00	2227.71	2308.96	2227.63	2297.29	17003	0	257
2021.07.28	00:00:00	2297.41	2331.86	2262.81	2287.17	17506	0	263
2021.07.28	04:00:00	2287.31	2301.75	2241.62	2295.32	16664	0	249
2021.07.28	08:00:00	2295.35	2343.76	2276.61	2329.54	16963	0	247
2021.07.28	12:00:00	2329.56	2332.40	2268.45	2289.84	17271	0	239
2021.07.28	16:00:00	2290.31	2326.72	2251.09	2308.10	18224	0	254
2021.07.28	20:00:00	2308.33	2311.57	2280.73	2297.96	16350	0	249
2021.07.29	00:00:00	2298.47	2305.70	2266.03	2277.67	15623	0	223
2021.07.29	04:00:00	2277.63	2303.16	2270.44	2294.07	14981	0	222
2021.07.29	08:00:00	2293.97	2327.27	2283.15	2293.47	15413	0	232
2021.07.29	12:00:00	2293.51	2333.11	2283.57	2321.97	15633	0	241
2021.07.29	16:00:00	2321.91	2341.15	2300.87	2310.22	15221	0	239
2021.07.29	20:00:00	2309.79	2397.76	2303.04	2381.46	15682	0	235
2021.07.30	00:00:00	2381.73	2447.46	2366.03	2420.45	16435	0	257
2021.07.30	04:00:00	2420.49	2427.73	2385.54	2402.32	15491	0	253
2021.07.30	08:00:00	2402.12	2403.10	2315.27	2334.83	17078	0	256
2021.07.30	12:00:00	2334.73	2355.70	2322.66	2345.57	15381	0	249
2021.07.30	16:00:00	2345.82	2378.55	2333.03	2378.02	14782	0	255
2021.07.30	20:00:00	2378.45	2469.48	2373.98	2462.23	17686	0	284
2021.07.31	00:00:00	2462.07	2481.22	2439.59	2463.36	15895	0	268
2021.07.31	04:00:00	2463.50	2467.22	2420.74	2441.63	15280	0	277
2021.07.31	08:00:00	2441.10	2475.74	2438.13	2458.13	15188	0	251
2021.07.31	12:00:00	2458.32	2466.76	2431.24	2457.47	14963	0	248
2021.07.31	16:00:00	2457.31	2465.03	2434.88	2456.08	14481	0	245
2021.07.31	20:00:00	2456.07	2551.39	2444.80	2530.78	15637	0	265
2021.08.01	00:00:00	2530.67	2616.66	2512.17	2614.34	16119	0	244
2021.08.01	04:00:00	2614.42	2635.43	2580.95	2585.42	15857	0	238
2021.08.01	08:00:00	2585.58	2609.55	2560.60	2584.82	15298	0	234
2021.08.01	12:00:00	2584.69	2604.42	2569.92	2580.61	15350	0	277
2021.08.01	16:00:00	2580.47	2664.30	2527.76	2654.88	17221	0	241
2021.08.01	20:00:00	2655.37	2697.40	2528.74	2553.28	18469	0	334
2021.08.02	00:00:00	2552.26	2575.01	2506.67	2557.52	16711	0	314
2021.08.02	04:00:00	2557.62	2636.47	2538.00	2617.09	15913	0	324
2021.08.02	08:00:00	2617.08	2621.33	2558.61	2590.26	17113	0	341
2021.08.02	12:00:00	2590.42	2652.47	2561.15	2632.66	17146	0	318
2021.08.02	16:00:00	2632.83	2664.04	2593.42	2599.94	16450	0	239
2021.08.02	20:00:00	2600.31	2636.81	2582.27	2607.14	16283	0	330
2021.08.03	00:00:00	2606.58	2630.27	2515.30	2531.76	17417	0	317
2021.08.03	04:00:00	2531.34	2542.87	2443.21	2491.55	17488	0	303
2021.08.03	08:00:00	2491.90	2522.71	2468.05	2486.23	16397	0	274
2021.08.03	12:00:00	2486.34	2540.95	2453.86	2496.53	17990	0	270
2021.08.03	16:00:00	2496.65	2509.54	2449.79	2472.73	17035	0	274
2021.08.03	20:00:00	2472.74	2529.59	2450.75	2505.95	16567	0	276
2021.08.04	00:00:00	2506.09	2535.71	2481.03	2483.05	16257	0	285
2021.08.04	04:00:00	2483.03	2515.05	2463.05	2476.62	15527	0	290
2021.08.04	08:00:00	2476.79	2510.50	2455.20	2503.12	15377	0	288
2021.08.04	12:00:00	2503.17	2693.97	2501.58	2670.34	18026	0	260
2021.08.04	16:00:00	2670.55	2724.32	2664.94	2692.62	17154	0	277
2021.08.04	20:00:00	2692.58	2767.86	2685.90	2723.49	16451	0	266
2021.08.05	00:00:00	2722.85	2740.05	2662.67	2711.42	16706	0	266
2021.08.05	04:00:00	2711.66	2719.51	2665.51	2679.24	15652	0	302
2021.08.05	08:00:00	2679.10	2688.86	2574.70	2619.65	17444	0	309
2021.08.05	12:00:00	2619.59	2815.08	2530.14	2755.36	22706	0	312
2021.08.05	16:00:00	2754.92	2826.67	2748.41	2797.58	18127	0	329
2021.08.05	20:00:00	2797.82	2840.81	2787.30	2827.50	16111	0	300
2021.08.06	00:00:00	2827.58	2842.54	2750.08	2758.47	17008	0	283
2021.08.06	04:00:00	2758.83	2804.28	2748.74	2767.27	15848	0	296
2021.08.06	08:00:00	2767.24	2779.34	2731.58	2734.88	15704	0	334
2021.08.06	12:00:00	2734.79	2843.91	2719.56	2836.87	16906	0	337
2021.08.06	16:00:00	2837.09	2946.43	2837.09	2927.24	17463	0	379
2021.08.06	20:00:00	2927.97	2937.95	2873.18	2890.01	15837	0	355
2021.08.07	00:00:00	2889.98	2939.19	2865.28	2935.33	15959	0	261
2021.08.07	04:00:00	2935.58	2981.96	2928.55	2955.44	15847	0	237
2021.08.07	08:00:00	2955.30	3112.16	2943.98	3103.32	17542	0	244
2021.08.07	12:00:00	3103.76	3169.78	3054.22	3081.76	18800	0	299
2021.08.07	16:00:00	3081.93	3093.49	2995.82	3074.55	18561	0	322
2021.08.07	20:00:00	3074.64	3169.00	3059.21	3160.53	17306	0	325
2021.08.08	00:00:00	3160.82	3187.17	3071.16	3120.88	17810	0	308
2021.08.08	04:00:00	3120.71	3185.26	3094.63	3138.57	17106	0	287
2021.08.08	08:00:00	3138.82	3155.83	3081.96	3100.96	16661	0	272
2021.08.08	12:00:00	3101.04	3147.85	3014.03	3028.94	17609	0	321
2021.08.08	16:00:00	3028.89	3064.77	2946.26	2981.60	18245	0	330
2021.08.08	20:00:00	2981.41	3064.04	2959.62	3008.69	17236	0	343
2021.08.09	00:00:00	3008.70	3032.49	2896.40	2946.02	16802	0	378
2021.08.09	04:00:00	2946.01	2960.58	2891.27	2942.82	16355	0	410
2021.08.09	08:00:00	2942.16	3141.96	2930.39	3134.80	17871	0	378
2021.08.09	12:00:00	3135.23	3171.96	3082.96	3167.30	17462	0	264
2021.08.09	16:00:00	3167.05	3184.92	3128.72	3146.80	16460	0	357
2021.08.09	20:00:00	3146.55	3174.89	3034.13	3161.82	17227	0	372
2021.08.10	00:00:00	3161.90	3196.48	3091.36	3112.86	17310	0	395
2021.08.10	04:00:00	3112.54	3146.61	3087.86	3142.00	16076	0	280
2021.08.10	08:00:00	3141.52	3171.92	3110.23	3121.79	16317	0	251
2021.08.10	12:00:00	3121.47	3229.66	3090.13	3119.91	18715	0	366
2021.08.10	16:00:00	3119.66	3143.61	3047.92	3141.84	17271	0	417
2021.08.10	20:00:00	3141.55	3187.65	3120.15	3138.95	16629	0	423
2021.08.11	00:00:00	3139.20	3183.43	3120.84	3157.83	16237	0	414
2021.08.11	04:00:00	3157.60	3243.77	3146.68	3229.16	16645	0	404
2021.08.11	08:00:00	3229.95	3245.26	3203.67	3213.52	15788	0	370
2021.08.11	12:00:00	3213.42	3270.57	3206.09	3244.32	15869	0	353
2021.08.11	16:00:00	3244.60	3253.45	3219.46	3247.55	15590	0	351
2021.08.11	20:00:00	3247.66	3262.35	3147.84	3160.32	16788	0	323
2021.08.12	00:00:00	3160.02	3236.52	3146.56	3210.29	15393	0	374
2021.08.12	04:00:00	3210.52	3216.99	3089.20	3140.32	16943	0	397
2021.08.12	08:00:00	3140.51	3169.14	3085.42	3090.04	16424	0	436
2021.08.12	12:00:00	3089.79	3115.19	3018.38	3028.54	17314	0	495
2021.08.12	16:00:00	3029.30	3064.89	2979.90	3047.01	16610	0	440
2021.08.12	20:00:00	3046.86	3070.36	2985.24	3043.31	16242	0	424
2021.08.13	00:00:00	3043.53	3139.49	3032.22	3114.53	15896	0	444
2021.08.13	04:00:00	3114.53	3231.50	3091.49	3223.57	15904	0	413
2021.08.13	08:00:00	3223.98	3259.50	3211.44	3212.16	15788	0	344
2021.08.13	12:00:00	3212.51	3242.79	3179.40	3213.03	15803	0	382
2021.08.13	16:00:00	3212.97	3241.26	3197.19	3222.12	15747	0	412
2021.08.13	20:00:00	3222.20	3325.59	3213.16	3321.10	15977	0	396
2021.08.14	00:00:00	3320.98	3323.94	3281.53	3294.35	15472	0	408
2021.08.14	04:00:00	3294.66	3321.93	3277.09	3307.25	14682	0	400
2021.08.14	08:00:00	3307.32	3327.84	3203.11	3242.72	17021	0	397
2021.08.14	12:00:00	3242.80	3274.65	3211.34	3268.86	15852	0	572
2021.08.14	16:00:00	3269.00	3284.86	3231.68	3261.20	15410	0	580
2021.08.14	20:00:00	3261.96	3273.95	3215.80	3263.02	15195	0	524
2021.08.15	00:00:00	3263.19	3284.52	3244.49	3246.43	15017	0	509
2021.08.15	04:00:00	3246.58	3255.29	3151.97	3157.66	16243	0	529
2021.08.15	08:00:00	3157.98	3174.36	3131.04	3160.22	15898	0	511
2021.08.15	12:00:00	3160.24	3195.11	3134.83	3156.39	16131	0	493
2021.08.15	16:00:00	3156.39	3211.08	3109.18	3207.85	15992	0	504
2021.08.15	20:00:00	3208.02	3321.00	3201.84	3309.95	15626	0	371
2021.08.16	00:00:00	3308.64	3335.46	3259.62	3261.22	16041	0	377
2021.08.16	04:00:00	3261.25	3310.31	3257.73	3273.14	15004	0	421
2021.08.16	08:00:00	3273.65	3310.05	3248.51	3287.74	15063	0	384
2021.08.16	12:00:00	3287.89	3295.58	3179.70	3223.10	16487	0	367
2021.08.16	16:00:00	3223.18	3242.96	3163.94	3172.45	15752	0	426
2021.08.16	20:00:00	3173.14	3199.33	3133.06	3144.18	17212	0	456
2021.08.17	00:00:00	3144.58	3208.01	3112.91	3193.33	15988	0	493
2021.08.17	04:00:00	3193.58	3212.76	3134.87	3170.60	16023	0	399
2021.08.17	08:00:00	3170.56	3278.94	3168.42	3258.01	16220	0	350
2021.08.17	12:00:00	3257.63	3288.27	3160.00	3163.92	17307	0	329
2021.08.17	16:00:00	3163.62	3188.78	3102.82	3114.81	16958	0	395
2021.08.17	20:00:00	3114.88	3123.75	2988.30	3007.67	18570	0	419
2021.08.18	00:00:00	3008.10	3046.64	2949.19	3046.64	17831	0	515
2021.08.18	04:00:00	3046.89	3081.81	3020.53	3027.65	16054	0	451
2021.08.18	08:00:00	3027.07	3064.55	2989.45	2997.71	16038	0	399
2021.08.18	12:00:00	2997.81	3112.64	2993.93	3109.26	16562	0	397
2021.08.18	16:00:00	3109.08	3122.25	3019.70	3027.87	16729	0	397
2021.08.18	20:00:00	3028.23	3057.33	2996.92	3012.61	15983	0	380
2021.08.19	00:00:00	3012.56	3048.91	2964.76	2965.09	17338	0	447
2021.08.19	04:00:00	2964.84	3015.29	2957.67	2991.30	16491	0	477
2021.08.19	08:00:00	2992.07	3018.73	2972.19	2972.81	16106	0	500
2021.08.19	12:00:00	2973.02	3072.52	2960.83	3064.57	15740	0	494
2021.08.19	16:00:00	3064.80	3162.06	3023.48	3145.69	16169	0	436
2021.08.19	20:00:00	3145.80	3185.21	3142.01	3181.40	15594	0	504
2021.08.20	00:00:00	3181.66	3241.61	3176.31	3215.61	15509	0	438
2021.08.20	04:00:00	3215.78	3232.24	3202.30	3212.65	14822	0	463
2021.08.20	08:00:00	3213.13	3223.68	3186.64	3202.14	14862	0	454
2021.08.20	12:00:00	3202.31	3298.36	3200.97	3280.73	15760	0	396
2021.08.20	16:00:00	3280.74	3295.64	3217.88	3252.02	15342	0	446
2021.08.20	20:00:00	3252.20	3293.80	3245.32	3284.41	14914	0	322
2021.08.21	00:00:00	3284.53	3285.06	3235.47	3275.02	15269	0	468
2021.08.21	04:00:00	3275.08	3302.84	3255.33	3291.83	14953	0	507
2021.08.21	08:00:00	3291.86	3307.14	3242.64	3250.32	14997	0	498
2021.08.21	12:00:00	3250.50	3294.47	3246.06	3271.37	14994	0	451
2021.08.21	16:00:00	3271.27	3290.48	3207.26	3215.94	15485	0	397
2021.08.21	20:00:00	3215.69	3259.52	3212.62	3224.05	14982	0	399
2021.08.22	00:00:00	3224.20	3255.81	3217.71	3226.52	15077	0	445
2021.08.22	04:00:00	3225.99	3269.75	3225.50	3260.51	14563	0	507
2021.08.22	08:00:00	3260.62	3271.05	3241.09	3254.81	14868	0	587
2021.08.22	12:00:00	3254.94	3261.05	3154.13	3180.10	15355	0	550
2021.08.22	16:00:00	3180.46	3191.53	3125.31	3175.01	15252	0	555
2021.08.22	20:00:00	3175.42	3251.94	3131.81	3239.23	15362	0	579
2021.08.23	00:00:00	3238.86	3355.84	3230.88	3340.65	15843	0	521
2021.08.23	04:00:00	3341.31	3354.83	3311.59	3322.12	14900	0	504
2021.08.23	08:00:00	3322.19	3364.65	3315.34	3343.17	14929	0	558
2021.08.23	12:00:00	3343.40	3376.92	3298.81	3325.57	15299	0	476
2021.08.23	16:00:00	3325.24	3354.90	3302.48	3307.63	14307	0	613
2021.08.23	20:00:00	3307.84	3343.51	3279.64	3321.92	14209	0	555
2021.08.24	00:00:00	3321.84	3348.79	3282.39	3323.26	14744	0	516
2021.08.24	04:00:00	3323.27	3358.26	3316.21	3346.74	13993	0	487
2021.08.24	08:00:00	3346.77	3351.48	3297.90	3322.38	14433	0	493
2021.08.24	12:00:00	3321.66	3322.87	3198.84	3210.01	16021	0	548
2021.08.24	16:00:00	3210.20	3227.07	3144.24	3216.97	16754	0	585
2021.08.24	20:00:00	3217.11	3223.23	3165.45	3166.84	15247	0	624
2021.08.25	00:00:00	3166.81	3214.05	3165.99	3172.52	15895	0	629
2021.08.25	04:00:00	3171.74	3221.16	3157.17	3181.21	15171	0	624
2021.08.25	08:00:00	3180.60	3184.13	3076.28	3135.48	16136	0	668
2021.08.25	12:00:00	3135.56	3223.30	3098.82	3217.62	16446	0	683
2021.08.25	16:00:00	3217.75	3248.50	3200.59	3215.05	15172	0	630
2021.08.25	20:00:00	3214.73	3237.09	3199.46	3227.29	15120	0	563
2021.08.26	00:00:00	3227.44	3249.43	3138.57	3146.33	15660	0	462
2021.08.26	04:00:00	3146.84	3164.07	3058.73	3097.88	16347	0	478
2021.08.26	08:00:00	3097.91	3114.12	3073.61	3084.53	15867	0	574
2021.08.26	12:00:00	3084.21	3146.23	3052.86	3101.78	16847	0	576
2021.08.26	16:00:00	3101.91	3130.37	3073.51	3106.32	15843	0	616
2021.08.26	20:00:00	3106.06	3143.90	3086.84	3090.22	14429	0	618
2021.08.27	00:00:00	3090.09	3141.55	3054.07	3090.62	16215	0	562
2021.08.27	04:00:00	3090.84	3126.43	3071.92	3124.41	15495	0	607
2021.08.27	08:00:00	3123.67	3171.11	3099.23	3154.59	15120	0	562
2021.08.27	12:00:00	3154.34	3245.85	3130.64	3238.01	16120	0	544
2021.08.27	16:00:00	3238.06	3246.88	3219.10	3231.48	14705	0	525
2021.08.27	20:00:00	3231.59	3278.99	3222.58	3272.64	14923	0	545
2021.08.28	00:00:00	3273.05	3284.16	3239.64	3243.03	14722	0	440
2021.08.28	04:00:00	3243.79	3257.98	3225.65	3230.36	14483	0	509
2021.08.28	08:00:00	3230.56	3256.21	3210.68	3222.32	14149	0	533
2021.08.28	12:00:00	3222.39	3245.54	3211.08	3244.61	14702	0	522
2021.08.28	16:00:00	3244.00	3263.25	3220.14	3230.05	14364	0	547
2021.08.28	20:00:00	3229.82	3252.96	3226.98	3243.52	14078	0	538
2021.08.29	00:00:00	3243.85	3284.58	3159.07	3180.18	15527	0	497
2021.08.29	04:00:00	3180.05	3208.05	3151.98	3205.15	14812	0	546
2021.08.29	08:00:00	3204.83	3218.48	3180.78	3181.70	14616	0	591
2021.08.29	12:00:00	3181.82	3205.80	3166.13	3185.63	14411	0	630
2021.08.29	16:00:00	3185.91	3223.10	3181.14	3219.94	14420	0	690
2021.08.29	20:00:00	3219.92	3255.93	3214.10	3224.81	14637	0	650
2021.08.30	00:00:00	3225.06	3228.84	3145.05	3161.75	15181	0	533
2021.08.30	04:00:00	3161.46	3185.11	3145.31	3179.41	15264	0	603
2021.08.30	08:00:00	3179.42	3202.10	3165.83	3186.70	14419	0	507
2021.08.30	12:00:00	3186.98	3223.88	3148.93	3217.61	15170	0	513
2021.08.30	16:00:00	3217.76	3341.75	3214.17	3341.75	15314	0	447
2021.08.30	20:00:00	3341.64	3347.31	3210.12	3226.80	15737	0	391
2021.08.31	00:00:00	3227.21	3246.83	3187.05	3236.48	15460	0	523
2021.08.31	04:00:00	3236.52	3367.19	3213.63	3356.82	15644	0	523
2021.08.31	08:00:00	3356.57	3439.86	3308.76	3429.67	16084	0	434
2021.08.31	12:00:00	3429.33	3473.98	3364.02	3387.76	16826	0	451
2021.08.31	16:00:00	3388.13	3423.97	3340.47	3414.30	15790	0	378
2021.08.31	20:00:00	3414.55	3445.70	3370.72	3429.20	15430	0	336
2021.09.01	00:00:00	3428.95	3446.24	3382.44	3442.65	16085	0	349
2021.09.01	04:00:00	3442.14	3541.36	3428.52	3515.35	15412	0	373
2021.09.01	08:00:00	3515.83	3556.90	3510.45	3530.86	15155	0	308
2021.09.01	12:00:00	3531.07	3583.98	3517.38	3580.41	14990	0	302
2021.09.01	16:00:00	3580.60	3781.31	3576.85	3713.01	17263	0	329
2021.09.01	20:00:00	3712.75	3837.66	3710.63	3824.97	15130	0	341
2021.09.02	00:00:00	3824.81	3832.48	3737.92	3763.11	15347	0	334
2021.09.02	04:00:00	3763.24	3769.71	3723.33	3734.18	15278	0	352
2021.09.02	08:00:00	3733.82	3767.05	3727.64	3759.98	14693	0	460
2021.09.02	12:00:00	3760.08	3831.61	3741.01	3757.10	16030	0	428
2021.09.02	16:00:00	3757.18	3805.88	3755.08	3782.86	15160	0	414
2021.09.02	20:00:00	3782.75	3830.23	3776.53	3785.82	14566	0	364
2021.09.03	00:00:00	3786.04	3813.24	3712.56	3803.54	15173	0	365
2021.09.03	04:00:00	3803.40	3821.03	3776.03	3794.13	14424	0	337
2021.09.03	08:00:00	3794.46	3981.12	3787.24	3951.75	17114	0	333
2021.09.03	12:00:00	3952.25	4025.06	3924.59	3966.21	17266	0	406
2021.09.03	16:00:00	3966.72	3982.67	3924.05	3942.97	15395	0	398
2021.09.03	20:00:00	3943.15	3943.40	3865.64	3938.42	15920	0	431
2021.09.04	00:00:00	3938.56	3967.78	3901.07	3917.24	15869	0	461
2021.09.04	04:00:00	3917.26	3936.57	3890.95	3913.75	14750	0	464
2021.09.04	08:00:00	3914.02	3951.86	3883.22	3886.27	15269	0	500
2021.09.04	12:00:00	3885.52	3926.55	3878.46	3917.52	14941	0	562
2021.09.04	16:00:00	3917.77	3924.39	3832.14	3857.04	15656	0	592
2021.09.04	20:00:00	3856.91	3900.70	3851.84	3884.49	14586	0	612
2021.09.05	00:00:00	3884.59	3912.52	3843.15	3845.07	14758	0	622
2021.09.05	04:00:00	3844.97	3888.31	3831.96	3868.23	14404	0	619
2021.09.05	08:00:00	3868.27	3954.50	3859.20	3923.35	15039	0	645
2021.09.05	12:00:00	3923.45	3953.18	3897.61	3905.66	14882	0	637
2021.09.05	16:00:00	3905.44	3950.30	3898.31	3927.34	14401	0	733
2021.09.05	20:00:00	3927.31	3980.91	3917.54	3950.62	15075	0	726
2021.09.06	00:00:00	3950.75	3961.07	3896.40	3902.42	14650	0	781
2021.09.06	04:00:00	3902.35	3953.88	3894.93	3943.46	14300	0	788
2021.09.06	08:00:00	3943.72	3970.60	3895.36	3900.78	15028	0	637
2021.09.06	12:00:00	3901.55	3945.88	3870.31	3922.79	15099	0	606
2021.09.06	16:00:00	3922.58	3958.56	3911.21	3937.27	14466	0	546
2021.09.06	20:00:00	3937.32	3967.44	3917.91	3926.19	14486	0	559
2021.09.07	00:00:00	3925.99	3944.22	3887.00	3912.63	14880	0	685
2021.09.07	04:00:00	3912.45	3933.03	3878.04	3882.40	14854	0	826
2021.09.07	08:00:00	3882.38	3882.55	3667.37	3746.04	18855	0	754
2021.09.07	12:00:00	3746.30	3772.42	3026.83	3432.13	31925	0	459
2021.09.07	16:00:00	3432.72	3509.29	3349.13	3409.85	23514	0	481
2021.09.07	20:00:00	3409.56	3459.61	3319.65	3431.10	18852	0	518
2021.09.08	00:00:00	3431.60	3541.59	3374.67	3428.47	18543	0	389
2021.09.08	04:00:00	3428.73	3481.47	3249.83	3254.09	21004	0	380
2021.09.08	08:00:00	3254.86	3453.45	3212.95	3407.58	20704	0	450
2021.09.08	12:00:00	3407.85	3454.04	3350.96	3417.28	19416	0	439
2021.09.08	16:00:00	3417.78	3540.60	3398.38	3520.83	17924	0	420
2021.09.08	20:00:00	3520.80	3558.78	3443.71	3497.66	17338	0	444
2021.09.09	00:00:00	3496.90	3520.62	3426.37	3469.02	17281	0	426
2021.09.09	04:00:00	3469.14	3512.57	3453.89	3500.70	15541	0	362
2021.09.09	08:00:00	3500.33	3563.68	3450.09	3482.25	16446	0	344
2021.09.09	12:00:00	3482.22	3552.97	3392.67	3520.50	18231	0	334
2021.09.09	16:00:00	3520.95	3554.80	3449.04	3463.94	16710	0	403
2021.09.09	20:00:00	3463.75	3479.82	3414.13	3422.78	15554	0	400
2021.09.10	00:00:00	3423.06	3512.50	3408.42	3464.83	15578	0	428
2021.09.10	04:00:00	3465.03	3480.62	3389.79	3401.43	15606	0	439
2021.09.10	08:00:00	3401.79	3427.02	3348.22	3399.24	17825	0	505
2021.09.10	12:00:00	3399.67	3415.87	3207.27	3297.11	20033	0	522
2021.09.10	16:00:00	3297.19	3341.94	3277.59	3308.08	15765	0	489
2021.09.10	20:00:00	3308.16	3328.62	3144.73	3206.37	17785	0	496
2021.09.11	00:00:00	3205.87	3294.42	3197.10	3239.97	16588	0	488
2021.09.11	04:00:00	3240.10	3283.35	3217.15	3245.91	16510	0	459
2021.09.11	08:00:00	3246.17	3316.40	3216.08	3290.46	16505	0	460
2021.09.11	12:00:00	3290.71	3344.85	3280.73	3308.99	15844	0	378
2021.09.11	16:00:00	3309.20	3339.30	3280.80	3296.15	15564	0	405
2021.09.11	20:00:00	3296.99	3306.31	3239.08	3264.30	15495	0	392
2021.09.12	00:00:00	3264.59	3327.18	3228.36	3325.36	16048	0	418
2021.09.12	04:00:00	3325.25	3337.08	3289.40	3321.58	14848	0	353
2021.09.12	08:00:00	3321.24	3449.04	3313.62	3434.72	16545	0	365
2021.09.12	12:00:00	3435.02	3470.68	3388.92	3415.76	16118	0	390
2021.09.12	16:00:00	3415.19	3440.25	3374.43	3405.44	15416	0	391
2021.09.12	20:00:00	3405.40	3444.89	3301.79	3400.92	17816	0	482
2021.09.13	00:00:00	3401.17	3427.33	3251.45	3255.81	17626	0	500
2021.09.13	04:00:00	3255.56	3293.51	3173.77	3201.75	17614	0	524
2021.09.13	08:00:00	3201.75	3254.76	3163.92	3249.21	17426	0	695
2021.09.13	12:00:00	3249.46	3385.35	3110.53	3201.16	22655	0	614
2021.09.13	16:00:00	3201.67	3259.49	3180.54	3253.39	15650	0	610
2021.09.13	20:00:00	3252.82	3304.94	3252.82	3283.44	15401	0	527
2021.09.14	00:00:00	3283.57	3338.22	3268.11	3289.56	16161	0	480
2021.09.14	04:00:00	3289.21	3334.67	3271.22	3310.06	15503	0	469
2021.09.14	08:00:00	3310.33	3361.05	3309.78	3328.90	15205	0	434
2021.09.14	12:00:00	3328.49	3406.55	3290.73	3386.19	16824	0	383
2021.09.14	16:00:00	3386.95	3399.02	3340.66	3349.56	15370	0	377
2021.09.14	20:00:00	3349.32	3435.32	3330.71	3434.55	15491	0	393
2021.09.15	00:00:00	3433.76	3447.82	3386.85	3396.36	15085	0	353
2021.09.15	04:00:00	3396.30	3408.21	3357.73	3403.55	15134	0	335
2021.09.15	08:00:00	3402.78	3434.06	3379.05	3408.71	15407	0	329
2021.09.15	12:00:00	3408.74	3507.44	3395.35	3496.50	15892	0	360
2021.09.15	16:00:00	3496.75	3551.32	3494.96	3533.23	15033	0	344
2021.09.15	20:00:00	3533.25	3612.90	3533.19	3609.97	15233	0	325
2021.09.16	00:00:00	3609.98	3616.60	3522.67	3543.10	15628	0	313
2021.09.16	04:00:00	3543.20	3674.07	3537.28	3632.10	15673	0	361
2021.09.16	08:00:00	3632.20	3634.37	3565.31	3618.06	14744	0	358
2021.09.16	12:00:00	3618.12	3641.38	3534.45	3615.18	16620	0	399
2021.09.16	16:00:00	3615.06	3631.67	3538.48	3559.52	14982	0	502
2021.09.16	20:00:00	3559.62	3576.46	3481.08	3565.18	15425	0	434
2021.09.17	00:00:00	3565.23	3591.02	3526.15	3560.72	15160	0	390
2021.09.17	04:00:00	3560.76	3582.64	3511.67	3516.82	15134	0	417
2021.09.17	08:00:00	3517.07	3539.45	3428.24	3448.89	16850	0	463
2021.09.17	12:00:00	3448.39	3477.74	3405.11	3450.04	16009	0	514
2021.09.17	16:00:00	3450.18	3468.12	3358.33	3422.56	16056	0	435
2021.09.17	20:00:00	3421.91	3424.46	3349.18	3396.59	15760	0	468
2021.09.18	00:00:00	3396.84	3451.39	3367.79	3448.92	15577	0	501
2021.09.18	04:00:00	3449.13	3521.98	3445.82	3500.37	15404	0	550
2021.09.18	08:00:00	3499.61	3541.42	3488.87	3493.64	14884	0	436
2021.09.18	12:00:00	3494.50	3516.12	3462.42	3472.18	15298	0	377
2021.09.18	16:00:00	3472.74	3488.67	3420.84	3444.42	15388	0	413
2021.09.18	20:00:00	3444.67	3446.74	3376.01	3434.85	15593	0	402
2021.09.19	00:00:00	3434.45	3439.12	3373.47	3413.20	15174	0	487
2021.09.19	04:00:00	3413.29	3455.13	3394.81	3439.00	14900	0	562
2021.09.19	08:00:00	3439.02	3451.36	3301.47	3324.31	15680	0	558
2021.09.19	12:00:00	3324.43	3379.19	3307.51	3362.89	15430	0	575
2021.09.19	16:00:00	3362.84	3377.31	3322.88	3336.25	15251	0	504
2021.09.19	20:00:00	3336.43	3362.57	3278.41	3327.23	16092	0	513
2021.09.20	00:00:00	3326.75	3343.61	3153.46	3184.10	17903	0	524
2021.09.20	04:00:00	3183.35	3213.85	3098.49	3121.33	16683	0	567
2021.09.20	08:00:00	3121.72	3172.78	3009.86	3036.83	19359	0	607
2021.09.20	12:00:00	3036.63	3095.91	2916.57	3084.27	20397	0	588
2021.09.20	16:00:00	3084.01	3120.41	2971.68	3066.74	18414	0	567
2021.09.20	20:00:00	3066.05	3077.05	2942.80	2971.36	18156	0	558
2021.09.21	00:00:00	2971.30	3026.32	2806.30	2994.91	20834	0	499
2021.09.21	04:00:00	2995.01	3070.01	2946.76	3070.01	17058	0	411
2021.09.21	08:00:00	3069.77	3100.20	3035.73	3058.60	16196	0	480
2021.09.21	12:00:00	3058.63	3079.79	2962.68	3032.31	18050	0	492
2021.09.21	16:00:00	3031.68	3043.63	2860.10	2883.49	20015	0	523
2021.09.21	20:00:00	2883.70	2916.16	2651.90	2761.42	24908	0	470
2021.09.22	00:00:00	2761.67	2892.27	2734.09	2865.47	21566	0	465
2021.09.22	04:00:00	2865.06	2959.13	2829.68	2940.52	17791	0	434
2021.09.22	08:00:00	2940.25	2954.62	2881.31	2891.41	16387	0	421
2021.09.22	12:00:00	2891.48	3009.21	2879.34	3005.53	17651	0	420
2021.09.22	16:00:00	3005.78	3087.75	2989.33	3025.26	18855	0	326
2021.09.22	20:00:00	3024.50	3077.14	3006.97	3076.54	16297	0	439
2021.09.23	00:00:00	3076.08	3118.01	3032.57	3117.37	17125	0	422
2021.09.23	04:00:00	3117.19	3145.46	3097.70	3144.27	15913	0	421
2021.09.23	08:00:00	3144.20	3146.64	3041.92	3059.43	16603	0	441
2021.09.23	12:00:00	3060.19	3141.49	3047.55	3091.01	16920	0	453
2021.09.23	16:00:00	3091.45	3172.25	3084.64	3145.70	16883	0	449
2021.09.23	20:00:00	3145.66	3160.38	3120.80	3152.23	15780	0	445
2021.09.24	00:00:00	3151.98	3157.35	3070.87	3073.82	16602	0	449
2021.09.24	04:00:00	3073.74	3115.09	3040.42	3087.20	16660	0	462
2021.09.24	08:00:00	3086.94	3111.86	2732.99	2826.45	25520	0	429
2021.09.24	12:00:00	2826.88	2939.95	2768.86	2877.78	20254	0	379
2021.09.24	16:00:00	2877.82	2921.08	2863.28	2902.24	17104	0	328
2021.09.24	20:00:00	2902.06	2980.04	2900.06	2928.22	16830	0	334
2021.09.25	00:00:00	2928.48	2955.00	2873.91	2913.16	17282	0	302
2021.09.25	04:00:00	2913.08	2943.22	2883.78	2887.95	16171	0	286
2021.09.25	08:00:00	2888.13	2967.88	2804.65	2913.00	18800	0	331
2021.09.25	12:00:00	2912.71	2945.14	2848.50	2922.53	18842	0	334
2021.09.25	16:00:00	2921.77	2931.63	2852.94	2915.74	17430	0	328
2021.09.25	20:00:00	2915.82	2944.64	2893.61	2921.90	15690	0	315
2021.09.26	00:00:00	2921.72	2930.59	2841.34	2864.94	17418	0	321
2021.09.26	04:00:00	2864.97	2864.97	2738.32	2774.05	18313	0	371
2021.09.26	08:00:00	2774.80	3028.16	2738.68	2972.94	21149	0	335
2021.09.26	12:00:00	2973.15	3057.19	2973.15	3052.05	16662	0	333
2021.09.26	16:00:00	3052.24	3075.32	3029.39	3060.28	15722	0	279
2021.09.26	20:00:00	3060.21	3116.10	3012.02	3061.93	17095	0	306
2021.09.27	00:00:00	3061.43	3165.58	3028.18	3131.14	16510	0	284
2021.09.27	04:00:00	3131.39	3150.62	3076.03	3092.02	15840	0	276
2021.09.27	08:00:00	3092.23	3137.58	3078.20	3093.74	16715	0	315
2021.09.27	12:00:00	3093.84	3123.06	3032.30	3059.85	17477	0	320
2021.09.27	16:00:00	3059.89	3062.93	2982.99	2994.36	17405	0	325
2021.09.27	20:00:00	2993.93	3027.07	2924.12	2925.80	17425	0	290
2021.09.28	00:00:00	2925.22	2959.00	2897.98	2945.75	17592	0	341
2021.09.28	04:00:00	2946.00	2968.07	2880.98	2891.20	17097	0	324
2021.09.28	08:00:00	2891.08	2937.92	2873.97	2923.74	17414	0	319
2021.09.28	12:00:00	2923.90	2956.11	2837.51	2841.58	19065	0	335
2021.09.28	16:00:00	2841.58	2869.86	2802.22	2835.50	17082	0	325
2021.09.28	20:00:00	2835.82	2883.64	2785.13	2801.51	16463	0	331
2021.09.29	00:00:00	2802.01	2895.00	2788.66	2891.75	17730	0	321
2021.09.29	04:00:00	2892.26	2927.58	2886.73	2921.54	15806	0	354
2021.09.29	08:00:00	2921.61	2945.61	2891.32	2930.10	15964	0	329
2021.09.29	12:00:00	2930.07	2946.24	2848.06	2856.33	16941	0	328
2021.09.29	16:00:00	2856.28	2867.27	2801.11	2806.40	16336	0	309
2021.09.29	20:00:00	2806.58	2851.18	2780.96	2847.77	15977	0	305
2021.09.30	00:00:00	2847.88	3033.66	2834.68	3026.14	17955	0	328
2021.09.30	04:00:00	3026.39	3046.57	2993.47	2999.47	15422	0	353
2021.09.30	08:00:00	2999.44	3010.23	2938.21	2960.57	14992	0	375
2021.09.30	12:00:00	2960.81	3028.61	2951.83	2982.12	16892	0	357
2021.09.30	16:00:00	2981.87	3046.79	2961.33	2989.57	16695	0	340
2021.09.30	20:00:00	2990.34	3019.46	2954.15	2997.37	15793	0	326
2021.10.01	00:00:00	2997.59	3037.47	2966.68	3001.79	16646	0	331
2021.10.01	04:00:00	3001.75	3096.66	2987.38	3094.16	16079	0	332
2021.10.01	08:00:00	3094.42	3245.37	3093.85	3232.62	18387	0	337
2021.10.01	12:00:00	3232.81	3272.91	3175.06	3234.63	16741	0	363
2021.10.01	16:00:00	3234.88	3316.12	3223.01	3295.45	15893	0	336
2021.10.01	20:00:00	3296.21	3329.72	3270.84	3306.18	15664	0	349
2021.10.02	00:00:00	3306.43	3340.52	3260.39	3266.84	16116	0	343
2021.10.02	04:00:00	3266.50	3295.16	3258.57	3279.48	15179	0	342
2021.10.02	08:00:00	3279.57	3315.79	3264.21	3295.81	15114	0	346
2021.10.02	12:00:00	3295.97	3396.50	3288.96	3385.81	16365	0	310
2021.10.02	16:00:00	3385.05	3462.98	3370.85	3462.69	15998	0	284
2021.10.02	20:00:00	3462.36	3464.96	3367.09	3386.31	14498	0	290
2021.10.03	00:00:00	3386.16	3422.00	3343.02	3403.01	16469	0	309
2021.10.03	04:00:00	3402.90	3423.11	3388.39	3390.83	14852	0	318
2021.10.03	08:00:00	3390.90	3418.99	3369.54	3412.84	15330	0	326
2021.10.03	12:00:00	3412.24	3444.10	3394.84	3403.84	15327	0	285
2021.10.03	16:00:00	3403.96	3486.12	3400.32	3467.88	16187	0	277
2021.10.03	20:00:00	3467.56	3472.77	3384.27	3419.41	16220	0	297
2021.10.04	00:00:00	3418.93	3426.48	3326.24	3334.82	16595	0	309
2021.10.04	04:00:00	3334.94	3377.34	3323.43	3375.55	15801	0	350
2021.10.04	08:00:00	3375.05	3381.56	3293.90	3309.75	15623	0	380
2021.10.04	12:00:00	3309.93	3422.02	3271.62	3319.63	17997	0	417
2021.10.04	16:00:00	3318.87	3435.85	3308.38	3414.23	18033	0	445
2021.10.04	20:00:00	3414.49	3420.83	3354.40	3384.44	16087	0	398
2021.10.05	00:00:00	3384.70	3417.45	3362.85	3385.35	16185	0	402
2021.10.05	04:00:00	3385.50	3403.47	3362.72	3387.74	15189	0	411
2021.10.05	08:00:00	3387.70	3471.17	3379.02	3445.95	16073	0	408
2021.10.05	12:00:00	3446.26	3469.09	3415.08	3416.54	15975	0	423
2021.10.05	16:00:00	3416.03	3494.47	3408.03	3488.76	15880	0	436
2021.10.05	20:00:00	3489.50	3543.44	3488.14	3515.18	16199	0	434
2021.10.06	00:00:00	3515.44	3536.64	3473.91	3488.08	16138	0	407
2021.10.06	04:00:00	3488.20	3499.34	3438.07	3455.45	16212	0	426
2021.10.06	08:00:00	3455.50	3457.34	3340.32	3380.12	18079	0	466
2021.10.06	12:00:00	3379.96	3628.11	3371.78	3612.31	19941	0	466
2021.10.06	16:00:00	3611.81	3620.19	3562.97	3586.82	15061	0	536
2021.10.06	20:00:00	3586.87	3606.92	3549.28	3575.09	15302	0	473
2021.10.07	00:00:00	3575.30	3576.01	3468.20	3519.48	17006	0	428
2021.10.07	04:00:00	3519.51	3611.21	3505.51	3609.91	16114	0	428
2021.10.07	08:00:00	3609.72	3612.04	3535.75	3573.93	16568	0	414
2021.10.07	12:00:00	3574.34	3640.98	3521.82	3583.40	18064	0	435
2021.10.07	16:00:00	3583.53	3622.06	3558.27	3604.56	16468	0	383
2021.10.07	20:00:00	3604.54	3651.77	3561.82	3585.22	16598	0	392
2021.10.08	00:00:00	3585.05	3615.92	3550.85	3570.23	15942	0	414
2021.10.08	04:00:00	3569.97	3610.02	3548.03	3601.15	15621	0	399
2021.10.08	08:00:00	3601.19	3666.69	3596.05	3609.81	16561	0	412
2021.10.08	12:00:00	3609.94	3656.29	3580.33	3619.69	16591	0	423
2021.10.08	16:00:00	3619.94	3644.53	3605.18	3624.21	15468	0	373
2021.10.08	20:00:00	3623.99	3629.06	3534.62	3562.21	16172	0	391
2021.10.09	00:00:00	3561.69	3587.37	3538.66	3579.34	15900	0	357
2021.10.09	04:00:00	3578.75	3619.70	3570.50	3605.08	14926	0	315
2021.10.09	08:00:00	3605.26	3618.04	3570.14	3595.68	15407	0	328
2021.10.09	12:00:00	3595.85	3631.50	3593.13	3600.01	15271	0	336
2021.10.09	16:00:00	3599.82	3607.94	3575.28	3582.65	15437	0	356
2021.10.09	20:00:00	3582.65	3590.89	3556.61	3573.79	15002	0	360
2021.10.10	00:00:00	3573.94	3583.18	3481.84	3528.72	16651	0	417
2021.10.10	04:00:00	3528.07	3603.21	3504.00	3581.21	15804	0	388
2021.10.10	08:00:00	3581.06	3596.57	3550.79	3563.89	15288	0	397
2021.10.10	12:00:00	3564.09	3577.02	3523.40	3557.41	15609	0	433
2021.10.10	16:00:00	3557.43	3562.76	3504.12	3528.41	15641	0	426
2021.10.10	20:00:00	3528.45	3566.57	3406.24	3411.89	17730	0	456
2021.10.11	00:00:00	3411.85	3519.79	3370.78	3517.99	16923	0	501
2021.10.11	04:00:00	3517.74	3581.82	3501.97	3576.28	15541	0	446
2021.10.11	08:00:00	3575.98	3619.43	3532.20	3557.66	16103	0	436
2021.10.11	12:00:00	3557.42	3606.54	3548.93	3592.71	15678	0	439
2021.10.11	16:00:00	3592.75	3598.28	3513.89	3514.93	15802	0	450
2021.10.11	20:00:00	3514.95	3542.71	3466.03	3539.00	16135	0	426
2021.10.12	00:00:00	3538.73	3540.18	3446.85	3484.20	16666	0	491
2021.10.12	04:00:00	3484.36	3517.31	3454.18	3480.31	16088	0	469
2021.10.12	08:00:00	3480.22	3506.30	3413.56	3455.58	16456	0	516
2021.10.12	12:00:00	3455.07	3546.37	3401.77	3501.90	18662	0	524
2021.10.12	16:00:00	3502.22	3521.37	3457.66	3463.39	16205	0	498
2021.10.12	20:00:00	3463.69	3507.67	3416.10	3488.64	15741	0	438
2021.10.13	00:00:00	3488.39	3528.68	3478.86	3499.96	15088	0	426
2021.10.13	04:00:00	3499.73	3522.70	3423.18	3424.72	16378	0	433
2021.10.13	08:00:00	3424.22	3467.34	3410.33	3464.87	14554	0	526
2021.10.13	12:00:00	3465.03	3510.44	3411.15	3482.59	13686	0	630
2021.10.13	16:00:00	3482.62	3533.14	3478.24	3519.88	13092	0	539
2021.10.13	20:00:00	3519.65	3609.38	3517.61	3604.47	15148	0	540
2021.10.14	00:00:00	3604.55	3653.75	3585.50	3643.01	15463	0	617
2021.10.14	04:00:00	3642.84	3660.38	3610.81	3628.77	14907	0	509
2021.10.14	08:00:00	3628.88	3745.48	3618.98	3732.73	14860	0	479
2021.10.14	12:00:00	3732.98	3819.69	3720.87	3809.05	16033	0	562
2021.10.14	16:00:00	3808.55	3824.82	3753.06	3791.79	15779	0	707
2021.10.14	20:00:00	3791.54	3794.25	3754.44	3789.78	14309	0	672
2021.10.15	00:00:00	3789.89	3836.25	3734.43	3816.19	16310	0	710
2021.10.15	04:00:00	3816.39	3852.79	3793.89	3800.47	15479	0	2532
2021.10.15	08:00:00	3800.81	3804.66	3744.82	3779.83	15442	0	569
2021.10.15	12:00:00	3779.58	3832.65	3764.45	3790.58	15607	0	599
2021.10.15	16:00:00	3790.38	3892.40	3788.67	3850.15	15464	0	615
2021.10.15	20:00:00	3850.07	3897.62	3823.29	3870.52	16566	0	603
2021.10.16	00:00:00	3870.46	3872.51	3824.25	3842.29	14647	0	605
2021.10.16	04:00:00	3842.26	3865.69	3833.08	3851.52	14422	0	598
2021.10.16	08:00:00	3851.59	3962.15	3849.41	3954.64	15179	0	418
2021.10.16	12:00:00	3954.89	3967.98	3882.78	3907.06	15769	0	433
2021.10.16	16:00:00	3907.21	3912.27	3832.27	3840.43	15205	0	501
2021.10.16	20:00:00	3840.24	3851.93	3804.02	3830.19	14921	0	501
2021.10.17	00:00:00	3829.88	3887.81	3805.67	3879.19	15103	0	554
2021.10.17	04:00:00	3879.43	3916.41	3856.36	3878.94	14578	0	524
2021.10.17	08:00:00	3878.91	3909.12	3860.11	3862.29	14871	0	474
2021.10.17	12:00:00	3862.27	3874.59	3769.56	3789.07	15769	0	511
2021.10.17	16:00:00	3788.57	3814.09	3756.44	3767.00	14856	0	595
2021.10.17	20:00:00	3766.74	3859.36	3642.45	3846.03	19095	0	487
2021.10.18	00:00:00	3846.14	3893.01	3831.07	3850.15	15306	0	471
2021.10.18	04:00:00	3849.70	3883.61	3832.39	3835.61	15124	0	595
2021.10.18	08:00:00	3835.75	3858.39	3703.32	3743.23	17823	0	628
2021.10.18	12:00:00	3742.97	3819.25	3675.93	3758.39	17870	0	558
2021.10.18	16:00:00	3758.14	3776.01	3694.37	3744.00	15999	0	461
2021.10.18	20:00:00	3743.42	3762.66	3713.08	3745.11	15147	0	520
2021.10.19	00:00:00	3744.72	3828.37	3731.19	3819.97	15756	0	488
2021.10.19	04:00:00	3819.93	3840.19	3770.30	3807.12	15036	0	457
2021.10.19	08:00:00	3807.08	3816.34	3771.49	3796.60	15123	0	439
2021.10.19	12:00:00	3796.28	3856.43	3745.79	3773.45	17398	0	465
2021.10.19	16:00:00	3773.06	3834.67	3773.06	3814.74	15292	0	525
2021.10.19	20:00:00	3814.49	3884.67	3799.25	3874.98	15068	0	544
2021.10.20	00:00:00	3875.21	3897.60	3842.25	3845.75	14910	0	471
2021.10.20	04:00:00	3845.75	3860.70	3828.29	3857.93	14481	0	473
2021.10.20	08:00:00	3857.87	3872.05	3845.31	3860.89	14307	0	460
2021.10.20	12:00:00	3860.72	4078.19	3858.64	4077.93	16875	0	514
2021.10.20	16:00:00	4077.17	4131.74	4050.75	4097.08	15474	0	795
2021.10.20	20:00:00	4097.33	4164.94	4065.46	4159.17	15532	0	492
2021.10.21	00:00:00	4158.40	4238.27	4134.11	4183.55	17721	0	538
2021.10.21	04:00:00	4183.62	4192.97	4120.78	4161.03	16291	0	496
2021.10.21	08:00:00	4160.78	4371.18	4157.96	4208.04	20413	0	349
2021.10.21	12:00:00	4207.26	4270.59	4008.12	4087.12	23766	0	572
2021.10.21	16:00:00	4086.34	4132.63	4040.29	4076.50	17823	0	662
2021.10.21	20:00:00	4076.25	4114.85	4040.43	4051.15	16407	0	648
2021.10.22	00:00:00	4050.89	4159.37	4050.03	4152.41	16180	0	666
2021.10.22	04:00:00	4153.17	4164.30	4103.06	4139.21	15565	0	658
2021.10.22	08:00:00	4138.95	4152.18	4088.54	4122.13	15586	0	655
2021.10.22	12:00:00	4122.53	4142.24	3956.20	3958.80	18250	0	642
2021.10.22	16:00:00	3958.54	3980.65	3884.81	3977.69	17536	0	668
2021.10.22	20:00:00	3977.76	3994.27	3924.76	3967.83	14960	0	645
2021.10.23	00:00:00	3967.71	4032.08	3941.01	4020.44	14741	0	635
2021.10.23	04:00:00	4020.48	4047.63	3997.23	4011.32	14653	0	589
2021.10.23	08:00:00	4010.81	4042.05	3934.51	4034.42	15546	0	563
2021.10.23	12:00:00	4035.18	4091.70	4015.60	4082.05	15592	0	521
2021.10.23	16:00:00	4082.31	4123.76	4064.89	4080.62	15109	0	551
2021.10.23	20:00:00	4080.80	4169.06	4066.44	4163.78	14774	0	582
2021.10.24	00:00:00	4163.53	4180.34	4114.52	4131.59	14794	0	457
2021.10.24	04:00:00	4131.57	4134.31	4074.11	4091.03	14638	0	539
2021.10.24	08:00:00	4090.88	4117.60	4021.87	4022.50	15515	0	630
2021.10.24	12:00:00	4023.01	4068.60	3982.26	3997.73	16956	0	666
2021.10.24	16:00:00	3997.98	4044.05	3958.62	4040.27	15554	0	596
2021.10.24	20:00:00	4040.34	4094.89	4033.64	4078.79	15280	0	966
2021.10.25	00:00:00	4078.70	4139.62	4065.00	4134.19	15218	0	570
2021.10.25	04:00:00	4134.31	4170.61	4111.17	4145.41	14782	0	516
2021.10.25	08:00:00	4145.69	4155.98	4101.84	4124.19	15089	0	496
2021.10.25	12:00:00	4124.26	4209.06	4104.33	4206.48	15437	0	534
2021.10.25	16:00:00	4206.98	4231.84	4167.65	4177.09	15305	0	402
2021.10.25	20:00:00	4176.86	4220.54	4171.85	4215.63	14615	0	585
2021.10.26	00:00:00	4215.88	4253.09	4200.32	4221.41	14784	0	542
2021.10.26	04:00:00	4221.44	4227.57	4174.96	4193.66	14612	0	489
2021.10.26	08:00:00	4193.91	4229.21	4192.69	4210.08	14462	0	533
2021.10.26	12:00:00	4210.12	4217.68	4130.70	4182.18	16140	0	331
2021.10.26	16:00:00	4182.60	4223.57	4134.05	4206.25	15336	0	498
2021.10.26	20:00:00	4206.17	4291.47	4088.20	4126.84	18619	0	407
2021.10.27	00:00:00	4127.35	4221.98	4114.81	4205.69	15434	0	376
2021.10.27	04:00:00	4205.80	4304.68	4131.88	4133.09	18157	0	502
2021.10.27	08:00:00	4132.79	4133.73	3937.11	3991.01	19766	0	597
2021.10.27	12:00:00	3990.76	4038.60	3958.49	3993.54	16258	0	592
2021.10.27	16:00:00	3992.78	4008.42	3939.76	3999.37	16548	0	494
2021.10.27	20:00:00	3999.32	4023.11	3912.16	3923.29	16269	0	505
2021.10.28	00:00:00	3923.53	4021.17	3889.72	3994.44	16742	0	589
2021.10.28	04:00:00	3994.50	4040.60	3981.22	4009.14	16950	0	554
2021.10.28	08:00:00	4008.90	4173.85	4008.35	4152.19	16755	0	577
2021.10.28	12:00:00	4152.01	4204.24	4136.98	4151.82	15119	0	436
2021.10.28	16:00:00	4151.57	4267.32	4121.89	4259.93	19352	0	441
2021.10.28	20:00:00	4259.68	4293.40	4208.67	4288.60	17172	0	390
2021.10.29	00:00:00	4288.35	4403.82	4264.06	4381.87	17571	0	358
2021.10.29	04:00:00	4381.61	4389.20	4288.53	4306.14	16243	0	358
2021.10.29	08:00:00	4305.72	4364.96	4278.93	4320.09	17129	0	385
2021.10.29	12:00:00	4319.74	4446.16	4296.51	4439.68	18014	0	411
2021.10.29	16:00:00	4439.81	4457.36	4346.83	4404.44	16399	0	355
2021.10.29	20:00:00	4404.97	4429.02	4388.96	4416.81	15410	0	311
2021.10.30	00:00:00	4417.32	4431.35	4331.46	4341.55	15643	0	369
2021.10.30	04:00:00	4341.49	4378.92	4329.83	4346.53	14781	0	375
2021.10.30	08:00:00	4347.28	4357.64	4292.36	4333.88	15552	0	486
2021.10.30	12:00:00	4333.95	4345.71	4234.65	4284.78	16971	0	574
2021.10.30	16:00:00	4284.53	4338.06	4267.07	4336.28	15407	0	586
2021.10.30	20:00:00	4336.31	4344.65	4248.82	4322.01	15891	0	565
2021.10.31	00:00:00	4321.76	4393.96	4316.52	4369.97	16011	0	520
2021.10.31	04:00:00	4370.22	4381.90	4300.69	4319.24	13447	0	508
2021.10.31	08:00:00	4318.73	4320.08	4193.10	4205.83	16321	0	565
2021.10.31	12:00:00	4206.59	4233.45	4165.74	4215.41	16651	0	620
2021.10.31	16:00:00	4214.91	4260.94	4192.22	4249.18	15170	0	768
2021.10.31	20:00:00	4248.93	4325.61	4232.24	4289.42	15217	0	468
2021.11.01	00:00:00	4289.29	4326.52	4179.50	4190.65	16615	0	628
2021.11.01	04:00:00	4190.90	4318.65	4148.22	4303.30	16230	0	656
2021.11.01	08:00:00	4303.57	4358.02	4296.56	4317.34	14973	0	506
2021.11.01	12:00:00	4317.68	4379.10	4312.88	4351.12	15160	0	442
2021.11.01	16:00:00	4350.87	4365.76	4265.40	4365.64	15177	0	473
2021.11.01	20:00:00	4364.93	4365.74	4277.32	4320.97	14766	0	500
2021.11.02	00:00:00	4321.22	4349.27	4285.70	4320.64	14866	0	517
2021.11.02	04:00:00	4320.60	4388.14	4317.01	4340.17	14702	0	481
2021.11.02	08:00:00	4340.94	4481.45	4333.22	4416.33	15634	0	419
2021.11.02	12:00:00	4416.08	4522.95	4415.57	4514.67	15883	0	315
2021.11.02	16:00:00	4514.48	4523.41	4475.04	4514.71	14736	0	335
2021.11.02	20:00:00	4514.32	4601.02	4487.66	4592.75	16326	0	309
2021.11.03	00:00:00	4592.51	4638.54	4555.86	4590.27	15879	0	307
2021.11.03	04:00:00	4590.15	4615.55	4539.24	4610.96	15283	0	369
2021.11.03	08:00:00	4611.47	4616.66	4554.53	4580.88	14815	0	334
2021.11.03	12:00:00	4581.13	4583.09	4454.09	4547.83	16509	0	397
2021.11.03	16:00:00	4547.87	4665.93	4504.35	4626.17	17102	0	458
2021.11.03	20:00:00	4626.05	4637.11	4575.99	4603.86	14907	0	416
2021.11.04	00:00:00	4604.62	4608.04	4543.29	4559.18	15262	0	457
2021.11.04	04:00:00	4559.06	4588.08	4519.53	4519.53	14604	0	390
2021.11.04	08:00:00	4519.31	4555.83	4484.43	4510.74	15920	0	536
2021.11.04	12:00:00	4511.02	4583.89	4463.69	4481.14	16200	0	597
2021.11.04	16:00:00	4481.37	4503.36	4421.77	4489.62	16910	0	670
2021.11.04	20:00:00	4490.38	4538.08	4482.35	4533.94	14574	0	549
2021.11.05	00:00:00	4533.69	4554.80	4471.10	4543.89	15124	0	623
2021.11.05	04:00:00	4543.57	4571.88	4520.99	4534.21	14871	0	590
2021.11.05	08:00:00	4533.95	4549.11	4476.33	4478.87	14985	0	579
2021.11.05	12:00:00	4478.84	4536.69	4455.18	4464.38	15473	0	670
2021.11.05	16:00:00	4464.63	4512.66	4463.43	4501.48	14962	0	656
2021.11.05	20:00:00	4501.98	4503.99	4446.43	4479.90	14744	0	712
2021.11.06	00:00:00	4479.45	4511.81	4462.04	4495.93	14749	0	734
2021.11.06	04:00:00	4495.68	4517.77	4461.30	4474.71	14407	0	791
2021.11.06	08:00:00	4475.22	4497.71	4344.40	4371.67	16414	0	927
2021.11.06	12:00:00	4370.91	4411.44	4325.99	4400.84	16015	0	1079
2021.11.06	16:00:00	4400.95	4497.51	4384.67	4497.51	14732	0	950
2021.11.06	20:00:00	4497.60	4533.10	4484.45	4520.41	14162	0	784
2021.11.07	00:00:00	4520.67	4574.57	4507.39	4552.87	14890	0	646
2021.11.07	04:00:00	4552.62	4572.65	4540.51	4545.01	14264	0	595
2021.11.07	08:00:00	4544.76	4617.88	4523.38	4593.88	15397	0	569
2021.11.07	12:00:00	4594.13	4625.81	4577.90	4606.20	15088	0	497
2021.11.07	16:00:00	4605.69	4620.53	4591.33	4605.83	14616	0	482
2021.11.07	20:00:00	4605.58	4635.78	4589.26	4615.35	14948	0	521
2021.11.08	00:00:00	4615.83	4735.81	4614.43	4720.49	16370	0	437
2021.11.08	04:00:00	4720.71	4765.14	4708.71	4722.85	15247	0	443
2021.11.08	08:00:00	4723.23	4740.60	4709.74	4730.18	14599	0	438
2021.11.08	12:00:00	4730.84	4777.28	4705.41	4763.23	15559	0	438
2021.11.08	16:00:00	4763.49	4795.93	4721.69	4750.47	14654	0	392
2021.11.08	20:00:00	4750.72	4823.12	4730.10	4809.51	15222	0	399
2021.11.09	00:00:00	4809.76	4815.22	4778.70	4813.97	14875	0	441
2021.11.09	04:00:00	4813.83	4840.11	4779.44	4783.73	14723	0	451
2021.11.09	08:00:00	4783.64	4824.82	4753.31	4773.46	15005	0	537
2021.11.09	12:00:00	4773.97	4830.72	4757.43	4788.27	15523	0	521
2021.11.09	16:00:00	4788.77	4795.90	4713.30	4748.18	15263	0	497
2021.11.09	20:00:00	4747.93	4799.80	4716.78	4729.10	15034	0	525
2021.11.10	00:00:00	4729.85	4754.57	4666.37	4686.98	15764	0	664
2021.11.10	04:00:00	4686.88	4739.20	4675.92	4712.12	14572	0	683
2021.11.10	08:00:00	4712.28	4751.12	4698.93	4726.17	14385	0	631
2021.11.10	12:00:00	4725.92	4860.30	4693.42	4845.36	15945	0	575
2021.11.10	16:00:00	4845.24	4862.67	4693.26	4702.45	15211	0	515
2021.11.10	20:00:00	4702.20	4721.38	4468.94	4628.73	23393	0	659
2021.11.11	00:00:00	4628.81	4647.99	4575.68	4634.62	17007	0	762
2021.11.11	04:00:00	4635.38	4696.74	4619.55	4690.26	14352	0	732
2021.11.11	08:00:00	4690.51	4743.14	4652.79	4716.83	14927	0	649
2021.11.11	12:00:00	4717.08	4758.62	4672.35	4716.08	16150	0	690
2021.11.11	16:00:00	4715.82	4778.23	4712.19	4757.63	14943	0	623
2021.11.11	20:00:00	4757.69	4775.82	4710.74	4718.34	14866	0	657
2021.11.12	00:00:00	4717.57	4806.34	4686.11	4772.23	15796	0	589
2021.11.12	04:00:00	4772.43	4782.56	4692.67	4707.04	14916	0	561
2021.11.12	08:00:00	4706.78	4735.29	4575.60	4599.19	17733	0	674
2021.11.12	12:00:00	4599.96	4630.34	4539.35	4572.37	17707	0	860
2021.11.12	16:00:00	4572.62	4671.82	4508.55	4654.22	17668	0	868
2021.11.12	20:00:00	4654.29	4693.39	4629.43	4666.20	15261	0	811
2021.11.13	00:00:00	4666.05	4704.56	4621.04	4638.75	15401	0	819
2021.11.13	04:00:00	4639.00	4651.06	4608.49	4643.76	14288	0	821
2021.11.13	08:00:00	4643.33	4646.14	4583.54	4607.86	14445	0	788
2021.11.13	12:00:00	4608.36	4694.43	4597.52	4678.74	15364	0	741
2021.11.13	16:00:00	4678.96	4696.49	4619.72	4644.16	15061	0	707
2021.11.13	20:00:00	4644.14	4663.68	4632.50	4643.55	14295	0	778
2021.11.14	00:00:00	4643.30	4691.50	4620.42	4626.82	14813	0	781
2021.11.14	04:00:00	4626.31	4654.70	4592.26	4595.86	14880	0	920
2021.11.14	08:00:00	4596.13	4614.29	4566.57	4609.44	14811	0	1067
2021.11.14	12:00:00	4609.32	4632.16	4575.24	4580.60	15435	0	1163
2021.11.14	16:00:00	4580.55	4587.95	4513.33	4543.66	16152	0	1195
2021.11.14	20:00:00	4543.92	4631.21	4531.28	4625.84	15462	0	1153
2021.11.15	00:00:00	4625.65	4721.21	4625.65	4700.10	15147	0	755
2021.11.15	04:00:00	4699.84	4720.85	4675.73	4678.65	14170	0	777
2021.11.15	08:00:00	4678.39	4742.14	4658.00	4720.36	14759	0	686
2021.11.15	12:00:00	4720.54	4766.31	4633.86	4649.95	16404	0	657
2021.11.15	16:00:00	4649.50	4661.07	4564.85	4598.84	15724	0	855
2021.11.15	20:00:00	4599.09	4599.85	4540.57	4564.64	15605	0	962
2021.11.16	00:00:00	4563.87	4564.13	4254.99	4306.99	24863	0	767
2021.11.16	04:00:00	4307.25	4364.82	4267.93	4308.74	19105	0	857
2021.11.16	08:00:00	4309.25	4338.18	4107.32	4291.63	21858	0	882
2021.11.16	12:00:00	4291.96	4344.47	4218.70	4283.59	18557	0	794
2021.11.16	16:00:00	4283.33	4330.49	4232.35	4265.68	16883	0	750
2021.11.16	20:00:00	4265.29	4293.03	4157.82	4205.07	17397	0	765
2021.11.17	00:00:00	4205.09	4238.65	4060.32	4118.09	18728	0	759
2021.11.17	04:00:00	4118.34	4213.22	4076.32	4179.41	18642	0	868
2021.11.17	08:00:00	4179.31	4251.89	4097.61	4248.76	18639	0	824
2021.11.17	12:00:00	4248.91	4259.07	4141.72	4171.41	17228	0	806
2021.11.17	16:00:00	4172.17	4267.19	4146.43	4240.13	16938	0	720
2021.11.17	20:00:00	4240.38	4295.15	4209.60	4286.31	15662	0	697
2021.11.18	00:00:00	4286.56	4341.76	4269.20	4280.06	17714	0	709
2021.11.18	04:00:00	4280.31	4296.70	4224.72	4246.84	16159	0	709
2021.11.18	08:00:00	4246.93	4259.63	4179.96	4186.98	17822	0	755
2021.11.18	12:00:00	4187.76	4233.62	4048.22	4066.53	20894	0	811
2021.11.18	16:00:00	4066.27	4087.78	3957.29	4063.46	20827	0	838
2021.11.18	20:00:00	4063.96	4090.51	3956.84	3996.36	18918	0	778
2021.11.19	00:00:00	3995.61	4101.10	3972.64	4008.51	21077	0	805
2021.11.19	04:00:00	4008.73	4083.56	4004.96	4062.54	17337	0	701
2021.11.19	08:00:00	4062.27	4173.99	4058.34	4139.45	16984	0	622
2021.11.19	12:00:00	4139.40	4242.42	4129.49	4219.25	17289	0	605
2021.11.19	16:00:00	4218.74	4302.02	4213.08	4296.92	16333	0	580
2021.11.19	20:00:00	4296.17	4311.87	4253.22	4294.37	15320	0	497
2021.11.20	00:00:00	4294.63	4333.43	4278.19	4282.39	14809	0	422
2021.11.20	04:00:00	4282.53	4320.57	4265.32	4281.85	14543	0	409
2021.11.20	08:00:00	4282.45	4322.56	4271.83	4317.88	14324	0	410
2021.11.20	12:00:00	4317.75	4333.10	4214.39	4215.86	15781	0	383
2021.11.20	16:00:00	4215.34	4400.53	4203.78	4399.08	17283	0	471
2021.11.20	20:00:00	4399.34	4435.00	4390.07	4412.66	14934	0	467
2021.11.21	00:00:00	4412.90	4415.65	4335.06	4342.67	15192	0	506
2021.11.21	04:00:00	4342.44	4379.41	4325.83	4346.85	14768	0	562
2021.11.21	08:00:00	4347.11	4366.29	4302.82	4319.13	15365	0	650
2021.11.21	12:00:00	4318.38	4385.73	4303.32	4366.65	15756	0	642
2021.11.21	16:00:00	4366.33	4422.33	4336.11	4346.23	15919	0	593
2021.11.21	20:00:00	4346.04	4388.89	4245.23	4259.34	15910	0	620
2021.11.22	00:00:00	4259.06	4267.04	4143.45	4163.35	18898	0	714
2021.11.22	04:00:00	4163.10	4216.19	4124.96	4186.24	17029	0	734
2021.11.22	08:00:00	4186.10	4234.49	4163.56	4170.52	15511	0	934
2021.11.22	12:00:00	4170.37	4317.76	4126.61	4233.78	19761	0	770
2021.11.22	16:00:00	4233.85	4246.37	4046.02	4059.98	17965	0	712
2021.11.22	20:00:00	4059.73	4111.37	4021.91	4081.87	17832	0	715
2021.11.23	00:00:00	4081.86	4189.72	4060.15	4176.82	16897	0	758
2021.11.23	04:00:00	4176.90	4188.25	4083.33	4103.31	15821	0	725
2021.11.23	08:00:00	4103.05	4229.40	4059.34	4127.05	20788	0	788
2021.11.23	12:00:00	4127.80	4329.17	4123.66	4270.11	18429	0	561
2021.11.23	16:00:00	4269.95	4359.19	4269.95	4356.73	18018	0	567
2021.11.23	20:00:00	4356.47	4386.02	4325.36	4340.25	15269	0	509
2021.11.24	00:00:00	4340.14	4364.70	4231.04	4246.29	16227	0	453
2021.11.24	04:00:00	4246.04	4293.37	4218.17	4271.78	15963	0	567
2021.11.24	08:00:00	4271.33	4340.90	4252.28	4293.93	18368	0	589
2021.11.24	12:00:00	4294.43	4310.90	4162.93	4254.20	23292	0	656
2021.11.24	16:00:00	4253.94	4267.73	4198.14	4211.83	16836	0	639
2021.11.24	20:00:00	4211.68	4281.52	4199.21	4270.16	15686	0	626
2021.11.25	00:00:00	4270.08	4334.08	4248.19	4315.56	15745	0	595
2021.11.25	04:00:00	4315.45	4322.18	4262.76	4296.57	14952	0	613
2021.11.25	08:00:00	4296.54	4392.72	4271.40	4387.85	15801	0	577
2021.11.25	12:00:00	4387.60	4503.65	4384.66	4477.84	16895	0	533
2021.11.25	16:00:00	4477.77	4533.49	4465.13	4506.00	15961	0	509
2021.11.25	20:00:00	4505.50	4556.53	4471.01	4524.69	15080	0	517
2021.11.26	00:00:00	4525.45	4555.67	4426.57	4428.79	17133	0	503
2021.11.26	04:00:00	4428.29	4447.73	4315.04	4343.98	16327	0	542
2021.11.26	08:00:00	4343.73	4343.73	3976.83	3980.29	25494	0	666
2021.11.26	12:00:00	3980.52	4124.37	3911.13	4064.46	20220	0	688
2021.11.26	16:00:00	4064.53	4113.39	4024.95	4083.89	16530	0	640
2021.11.26	20:00:00	4084.14	4124.67	4028.95	4042.69	16245	0	630
2021.11.27	00:00:00	4042.44	4148.26	4029.78	4115.62	16024	0	629
2021.11.27	04:00:00	4115.57	4145.75	4090.09	4123.60	15412	0	590
2021.11.27	08:00:00	4124.36	4182.96	4107.92	4113.76	15955	0	430
2021.11.27	12:00:00	4113.58	4159.79	4107.94	4133.92	15599	0	594
2021.11.27	16:00:00	4133.45	4158.04	4115.10	4117.14	14678	0	568
2021.11.27	20:00:00	4117.23	4129.78	4035.87	4096.19	15442	0	583
2021.11.28	00:00:00	4095.43	4096.52	3982.62	4027.14	16439	0	620
2021.11.28	04:00:00	4027.90	4079.23	4009.47	4069.15	15465	0	637
2021.11.28	08:00:00	4069.40	4128.53	4035.59	4096.56	15104	0	406
2021.11.28	12:00:00	4097.01	4114.32	4046.35	4078.15	15375	0	700
2021.11.28	16:00:00	4078.30	4126.35	3960.99	4098.34	17327	0	678
2021.11.28	20:00:00	4098.59	4300.56	4098.59	4295.24	18572	0	633
2021.11.29	00:00:00	4295.23	4376.53	4282.34	4307.51	18248	0	588
2021.11.29	04:00:00	4307.57	4366.10	4305.81	4350.70	15980	0	586
2021.11.29	08:00:00	4350.95	4360.94	4280.09	4298.83	17106	0	574
2021.11.29	12:00:00	4299.33	4373.76	4296.35	4335.88	16663	0	570
2021.11.29	16:00:00	4336.43	4458.34	4330.66	4387.37	15832	0	594
2021.11.29	20:00:00	4387.88	4458.05	4384.92	4444.71	14832	0	498
2021.11.30	00:00:00	4444.87	4503.09	4402.84	4434.69	16045	0	504
2021.11.30	04:00:00	4434.69	4456.48	4347.78	4412.78	16406	0	492
2021.11.30	08:00:00	4413.28	4606.66	4393.78	4597.36	17803	0	542
2021.11.30	12:00:00	4596.85	4754.18	4574.29	4616.64	18982	0	430
2021.11.30	16:00:00	4616.12	4697.51	4520.62	4666.73	21410	0	531
2021.11.30	20:00:00	4666.94	4675.81	4603.16	4632.72	17118	0	472
2021.12.01	00:00:00	4633.48	4769.51	4605.79	4759.87	17373	0	435
2021.12.01	04:00:00	4759.71	4781.01	4689.93	4768.99	15917	0	353
2021.12.01	08:00:00	4769.49	4770.72	4657.50	4675.81	17864	0	387
2021.12.01	12:00:00	4676.58	4763.18	4660.21	4726.88	18009	0	401
2021.12.01	16:00:00	4726.51	4758.11	4598.28	4661.64	16715	0	395
2021.12.01	20:00:00	4661.69	4663.39	4524.69	4583.33	17840	0	483
2021.12.02	00:00:00	4583.08	4617.85	4454.48	4491.43	17554	0	562
2021.12.02	04:00:00	4491.18	4584.98	4484.98	4559.77	15979	0	572
2021.12.02	08:00:00	4560.52	4599.55	4496.53	4532.22	16231	0	553
2021.12.02	12:00:00	4531.72	4633.18	4482.93	4542.74	18547	0	605
2021.12.02	16:00:00	4543.49	4556.24	4434.32	4486.53	17769	0	689
2021.12.02	20:00:00	4486.78	4555.63	4469.77	4510.89	15315	0	674
2021.12.03	00:00:00	4510.39	4545.97	4469.83	4493.29	15654	0	700
2021.12.03	04:00:00	4493.22	4589.56	4489.55	4568.26	15555	0	605
2021.12.03	08:00:00	4568.78	4618.23	4544.19	4614.54	15282	0	575
2021.12.03	12:00:00	4615.24	4655.14	4454.09	4466.48	17305	0	570
2021.12.03	16:00:00	4466.23	4466.23	4180.77	4224.83	22577	0	687
2021.12.03	20:00:00	4225.08	4249.61	4042.78	4211.93	23160	0	660
2021.12.04	00:00:00	4211.17	4234.02	4054.26	4055.02	18944	0	659
2021.12.04	04:00:00	4054.24	4113.67	3520.68	3896.39	49226	0	430
2021.12.04	08:00:00	3896.89	3986.76	3830.38	3871.84	20058	0	460
2021.12.04	12:00:00	3871.85	4070.07	3863.92	4041.84	19655	0	404
2021.12.04	16:00:00	4041.33	4140.63	3982.09	4125.00	17580	0	381
2021.12.04	20:00:00	4125.25	4134.03	4038.72	4122.79	16971	0	388
2021.12.05	00:00:00	4122.54	4181.33	4071.22	4168.60	19030	0	407
2021.12.05	04:00:00	4168.65	4234.32	4145.67	4205.36	16633	0	354
2021.12.05	08:00:00	4205.04	4226.41	4167.74	4198.76	16739	0	351
2021.12.05	12:00:00	4199.52	4252.08	4034.65	4073.64	19980	0	328
2021.12.05	16:00:00	4073.13	4181.75	4067.95	4142.40	20479	0	422
2021.12.05	20:00:00	4142.18	4208.61	4103.86	4198.87	18500	0	422
2021.12.06	00:00:00	4199.10	4206.89	4106.07	4169.78	19879	0	428
2021.12.06	04:00:00	4169.54	4196.75	4017.31	4072.46	17567	0	350
2021.12.06	08:00:00	4072.70	4147.45	3922.04	4047.10	24070	0	466
2021.12.06	12:00:00	4046.85	4128.95	3986.75	4127.44	21823	0	499
2021.12.06	16:00:00	4127.94	4220.98	4098.49	4197.12	18111	0	488
2021.12.06	20:00:00	4196.93	4375.70	4185.54	4351.92	19856	0	441
2021.12.07	00:00:00	4351.67	4387.72	4311.27	4344.33	19558	0	480
2021.12.07	04:00:00	4344.08	4387.36	4335.25	4354.26	17192	0	447
2021.12.07	08:00:00	4353.75	4426.05	4347.04	4411.06	17978	0	463
2021.12.07	12:00:00	4411.09	4420.18	4333.56	4388.84	19060	0	460
2021.12.07	16:00:00	4388.92	4407.92	4282.91	4312.32	18061	0	432
2021.12.07	20:00:00	4312.84	4328.89	4257.62	4306.16	17253	0	396
2021.12.08	00:00:00	4306.22	4342.30	4282.07	4294.57	17682	0	415
2021.12.08	04:00:00	4294.51	4380.47	4293.63	4366.70	17120	0	436
2021.12.08	08:00:00	4366.45	4389.54	4231.54	4268.78	18927	0	451
2021.12.08	12:00:00	4269.15	4454.06	4226.07	4407.30	19925	0	454
2021.12.08	16:00:00	4407.35	4425.19	4367.21	4383.80	16680	0	425
2021.12.08	20:00:00	4383.55	4442.49	4374.37	4438.43	15741	0	392
2021.12.09	00:00:00	4438.69	4488.41	4354.07	4359.96	17547	0	401
2021.12.09	04:00:00	4360.62	4410.18	4343.35	4383.74	17267	0	439
2021.12.09	08:00:00	4383.57	4384.09	4273.30	4306.75	20281	0	487
2021.12.09	12:00:00	4306.82	4322.82	4136.61	4200.61	20757	0	564
2021.12.09	16:00:00	4200.91	4233.79	4095.48	4119.85	18503	0	563
2021.12.09	20:00:00	4119.60	4199.45	4074.29	4104.02	17242	0	514
2021.12.10	00:00:00	4103.77	4194.88	4098.84	4137.96	18291	0	499
2021.12.10	04:00:00	4138.00	4161.13	4016.55	4025.17	17288	0	537
2021.12.10	08:00:00	4025.03	4169.01	4019.64	4157.05	16842	0	571
2021.12.10	12:00:00	4157.30	4228.28	3981.56	4020.18	20186	0	500
2021.12.10	16:00:00	4020.10	4031.36	3929.53	4014.71	18376	0	562
2021.12.10	20:00:00	4014.96	4054.63	3885.09	3896.52	17199	0	546
2021.12.11	00:00:00	3896.26	4039.59	3831.97	4008.05	18740	0	545
2021.12.11	04:00:00	4007.79	4067.75	3927.37	3975.51	16366	0	489
2021.12.11	08:00:00	3975.54	4086.39	3962.92	4009.78	16730	0	529
2021.12.11	12:00:00	4010.28	4060.12	3989.67	4058.43	16462	0	479
2021.12.11	16:00:00	4058.18	4095.84	3997.98	4002.60	16257	0	483
2021.12.11	20:00:00	4002.34	4093.63	3978.92	4084.21	15753	0	456
2021.12.12	00:00:00	4084.71	4097.26	4027.35	4043.80	15713	0	491
2021.12.12	04:00:00	4043.83	4062.70	4005.98	4056.91	14885	0	535
2021.12.12	08:00:00	4056.73	4060.49	3985.65	4036.79	15571	0	598
2021.12.12	12:00:00	4037.04	4057.69	4015.89	4024.48	15364	0	559
2021.12.12	16:00:00	4024.58	4169.56	4016.80	4139.65	16571	0	435
2021.12.12	20:00:00	4139.78	4174.90	4115.11	4132.27	15412	0	365
2021.12.13	00:00:00	4131.52	4142.59	3950.24	3992.31	17482	0	409
2021.12.13	04:00:00	3992.99	4046.47	3970.90	3985.75	15662	0	530
2021.12.13	08:00:00	3985.50	4030.52	3949.32	4011.11	15997	0	605
2021.12.13	12:00:00	4010.86	4020.96	3763.11	3807.01	17390	0	579
2021.12.13	16:00:00	3807.26	3870.25	3667.66	3762.36	19610	0	622
2021.12.13	20:00:00	3762.87	3810.13	3715.16	3780.09	17327	0	584
2021.12.14	00:00:00	3779.84	3830.06	3749.73	3771.28	16164	0	571
2021.12.14	04:00:00	3771.43	3792.33	3684.62	3779.88	16201	0	580
2021.12.14	08:00:00	3780.06	3841.33	3758.55	3837.61	16473	0	515
2021.12.14	12:00:00	3837.76	3862.13	3760.27	3781.56	17078	0	497
2021.12.14	16:00:00	3781.30	3798.78	3723.10	3768.52	16717	0	506
2021.12.14	20:00:00	3768.18	3879.02	3767.22	3858.34	16330	0	502
2021.12.15	00:00:00	3857.79	3892.67	3802.81	3845.95	15784	0	498
2021.12.15	04:00:00	3845.97	3889.40	3823.22	3861.74	15336	0	488
2021.12.15	08:00:00	3861.77	3896.46	3843.33	3850.37	15272	0	506
2021.12.15	12:00:00	3850.88	3870.48	3651.87	3656.18	16846	0	485
2021.12.15	16:00:00	3655.69	3984.79	3641.83	3969.19	21469	0	534
2021.12.15	20:00:00	3969.59	4090.69	3965.84	4019.37	18703	0	358
2021.12.16	00:00:00	4019.84	4056.59	4005.21	4017.95	15672	0	358
2021.12.16	04:00:00	4017.70	4046.61	3979.81	4019.76	15598	0	373
2021.12.16	08:00:00	4020.27	4081.10	4012.49	4067.88	15535	0	334
2021.12.16	12:00:00	4067.63	4108.18	4008.25	4081.20	17066	0	364
2021.12.16	16:00:00	4081.28	4110.58	3979.35	3995.69	16547	0	344
2021.12.16	20:00:00	3995.95	4047.06	3953.42	3955.31	15884	0	342
2021.12.17	00:00:00	3955.56	3992.67	3933.89	3966.01	15584	0	358
2021.12.17	04:00:00	3966.18	3986.56	3849.96	3879.77	15722	0	399
2021.12.17	08:00:00	3880.02	3893.52	3805.44	3832.50	16874	0	457
2021.12.17	12:00:00	3832.74	3849.43	3697.04	3832.42	18248	0	512
2021.12.17	16:00:00	3832.93	3944.39	3826.28	3880.12	17651	0	515
2021.12.17	20:00:00	3880.05	3940.05	3825.50	3874.06	17043	0	500
2021.12.18	00:00:00	3874.82	3903.68	3765.90	3877.12	17484	0	504
2021.12.18	04:00:00	3877.25	3937.57	3839.47	3891.97	15892	0	440
2021.12.18	08:00:00	3892.09	3991.74	3874.39	3955.67	15821	0	392
2021.12.18	12:00:00	3956.42	3982.91	3925.41	3944.89	15408	0	357
2021.12.18	16:00:00	3944.65	3967.88	3907.89	3942.61	15331	0	360
2021.12.18	20:00:00	3942.80	3996.94	3925.20	3959.93	15278	0	382
2021.12.19	00:00:00	3959.63	4028.88	3889.95	3989.05	16057	0	412
2021.12.19	04:00:00	3989.19	4026.17	3967.40	3977.75	15239	0	425
2021.12.19	08:00:00	3978.00	3987.79	3896.01	3923.39	15311	0	445
2021.12.19	12:00:00	3923.62	3998.60	3897.09	3925.72	17136	0	429
2021.12.19	16:00:00	3925.73	3949.87	3883.26	3912.65	15368	0	427
2021.12.19	20:00:00	3912.82	3991.26	3896.27	3921.75	15655	0	399
2021.12.20	00:00:00	3921.71	3979.83	3888.54	3904.56	16442	0	410
2021.12.20	04:00:00	3904.24	3930.88	3804.57	3822.39	16299	0	470
2021.12.20	08:00:00	3823.15	3831.60	3758.60	3809.90	16693	0	530
2021.12.20	12:00:00	3810.35	3841.77	3753.30	3797.42	17682	0	540
2021.12.20	16:00:00	3797.49	3880.19	3790.90	3870.26	16200	0	529
2021.12.20	20:00:00	3870.02	3968.01	3870.02	3942.80	16052	0	361
2021.12.21	00:00:00	3943.58	4022.06	3913.18	4006.59	16139	0	338
2021.12.21	04:00:00	4006.43	4055.08	3990.16	4002.77	16748	0	326
2021.12.21	08:00:00	4002.73	4037.61	3995.48	4025.01	15163	0	307
2021.12.21	12:00:00	4025.10	4063.17	3961.29	3977.81	16199	0	313
2021.12.21	16:00:00	3978.03	4012.40	3971.99	4005.93	15079	0	331
2021.12.21	20:00:00	4005.91	4041.28	3994.43	4014.78	14577	0	338
2021.12.22	00:00:00	4014.14	4073.66	3991.80	4046.75	14814	0	335
2021.12.22	04:00:00	4047.25	4059.75	4028.76	4047.03	14219	0	355
2021.12.22	08:00:00	4047.10	4061.66	4001.94	4020.57	14091	0	343
2021.12.22	12:00:00	4020.82	4029.53	3936.34	4003.78	15636	0	367
2021.12.22	16:00:00	4004.20	4031.38	3952.87	3997.14	14810	0	369
2021.12.22	20:00:00	3996.76	4018.32	3973.69	3980.53	17091	0	384
2021.12.23	00:00:00	3980.69	4001.79	3909.85	3959.36	24840	0	365
2021.12.23	04:00:00	3959.57	3971.08	3900.13	3908.33	21739	0	403
2021.12.23	08:00:00	3908.43	3952.79	3893.38	3931.19	21528	0	432
2021.12.23	12:00:00	3931.37	3962.54	3923.39	3948.24	20750	0	420
2021.12.23	16:00:00	3948.44	4148.72	3946.43	4129.59	29981	0	413
2021.12.23	20:00:00	4129.58	4140.15	4085.78	4111.26	23574	0	466
2021.12.24	00:00:00	4111.51	4128.40	4075.83	4090.89	22005	0	444
2021.12.24	04:00:00	4090.87	4099.15	4061.62	4084.66	18207	0	457
2021.12.24	08:00:00	4084.91	4112.75	4066.29	4074.87	17669	0	534
2021.12.24	12:00:00	4074.95	4110.24	4047.74	4095.11	21337	0	593
2021.12.24	16:00:00	4095.03	4134.78	4070.82	4075.78	22235	0	534
2021.12.24	20:00:00	4075.52	4077.56	4017.50	4043.86	24187	0	561
2021.12.25	00:00:00	4044.12	4075.33	4022.15	4037.72	20644	0	648
2021.12.25	04:00:00	4037.66	4062.11	4026.99	4052.49	18838	0	725
2021.12.25	08:00:00	4052.55	4061.92	4021.84	4050.64	20246	0	719
2021.12.25	12:00:00	4050.39	4104.89	4049.55	4078.22	21904	0	633
2021.12.25	16:00:00	4078.01	4099.94	4036.98	4077.29	22538	0	564
2021.12.25	20:00:00	4077.04	4137.58	4073.96	4093.79	23956	0	504
2021.12.26	00:00:00	4093.54	4103.61	4006.03	4013.97	21216	0	512
2021.12.26	04:00:00	4014.23	4038.08	4003.39	4035.38	18762	0	669
2021.12.26	08:00:00	4035.44	4056.08	4012.36	4031.92	18695	0	652
2021.12.26	12:00:00	4032.09	4066.10	4023.54	4052.89	18197	0	595
2021.12.26	16:00:00	4052.84	4080.57	4049.11	4075.55	17281	0	532
2021.12.26	20:00:00	4075.48	4104.06	4043.68	4058.87	19783	0	543
2021.12.27	00:00:00	4060.75	4086.94	4047.72	4081.34	18838	0	535
2021.12.27	04:00:00	4081.20	4081.47	4048.37	4050.91	17249	0	544
2021.12.27	08:00:00	4050.90	4064.95	4033.84	4059.36	16964	0	618
2021.12.27	12:00:00	4059.28	4113.20	4044.37	4091.19	21111	0	507
2021.12.27	16:00:00	4091.24	4126.16	4074.01	4078.44	21073	0	508
2021.12.27	20:00:00	4078.70	4092.18	4031.14	4037.21	19742	0	537
2021.12.28	00:00:00	4037.47	4037.70	3929.73	3958.86	26133	0	646
2021.12.28	04:00:00	3958.60	3958.60	3878.41	3913.44	22490	0	821
2021.12.28	08:00:00	3913.32	3931.12	3882.20	3917.69	21430	0	939
2021.12.28	12:00:00	3917.57	3929.27	3849.08	3894.34	22456	0	973
2021.12.28	16:00:00	3894.08	3899.08	3756.55	3804.37	26653	0	893
2021.12.28	20:00:00	3804.62	3841.19	3788.16	3790.02	20697	0	842
2021.12.29	00:00:00	3789.85	3824.24	3782.44	3813.44	19917	0	793
2021.12.29	04:00:00	3813.47	3817.77	3784.03	3792.84	17690	0	819
2021.12.29	08:00:00	3792.82	3819.70	3764.49	3786.52	20664	0	847
2021.12.29	12:00:00	3786.48	3799.24	3691.70	3792.61	27715	0	854
2021.12.29	16:00:00	3792.36	3796.22	3709.80	3722.51	18814	0	830
2021.12.29	20:00:00	3722.30	3765.21	3602.18	3624.41	25568	0	771
2021.12.30	00:00:00	3624.19	3665.85	3582.58	3645.65	24602	0	766
2021.12.30	04:00:00	3645.41	3715.64	3642.66	3704.78	18579	0	763
2021.12.30	08:00:00	3704.57	3743.16	3673.76	3737.78	20107	0	718
2021.12.30	12:00:00	3737.73	3748.67	3699.40	3704.31	19376	0	641
2021.12.30	16:00:00	3704.56	3767.03	3702.23	3750.69	18943	0	659
2021.12.30	20:00:00	3750.80	3759.54	3678.18	3705.01	20608	0	674
2021.12.31	00:00:00	3705.27	3743.94	3680.03	3739.09	20474	0	710
2021.12.31	04:00:00	3739.02	3758.90	3681.46	3715.89	18678	0	670
2021.12.31	08:00:00	3716.15	3812.40	3709.07	3777.93	23334	0	653
2021.12.31	12:00:00	3777.88	3809.90	3767.95	3777.67	16801	0	617
2021.12.31	16:00:00	3777.86	3782.78	3615.18	3619.11	24645	0	652
2021.12.31	20:00:00	3618.85	3706.74	3615.52	3670.48	22233	0	754
2022.01.01	00:00:00	3670.79	3744.34	3670.79	3718.73	19127	0	699
2022.01.01	04:00:00	3718.63	3758.63	3695.84	3710.14	20424	0	719
2022.01.01	08:00:00	3709.89	3728.75	3670.14	3688.20	20472	0	783
2022.01.01	12:00:00	3688.23	3740.35	3687.23	3722.23	20177	0	775
2022.01.01	16:00:00	3722.03	3760.81	3715.95	3745.05	19887	0	708
2022.01.01	20:00:00	3744.76	3773.94	3738.29	3762.69	18497	0	661
2022.01.02	00:00:00	3762.63	3769.82	3738.93	3756.27	17561	0	608
2022.01.02	04:00:00	3756.59	3759.51	3714.91	3743.69	17845	0	621
2022.01.02	08:00:00	3743.63	3767.11	3729.90	3739.50	16832	0	639
2022.01.02	12:00:00	3739.75	3785.13	3726.93	3775.35	17453	0	648
2022.01.02	16:00:00	3775.09	3852.68	3770.15	3797.71	23307	0	614
2022.01.02	20:00:00	3797.55	3839.14	3793.24	3827.43	17441	0	591
2022.01.03	00:00:00	3826.88	3827.64	3771.88	3781.29	18200	0	611
2022.01.03	04:00:00	3781.54	3820.90	3776.71	3805.31	17693	0	677
2022.01.03	08:00:00	3805.15	3842.76	3787.87	3834.70	18281	0	616
2022.01.03	12:00:00	3834.75	3849.98	3772.43	3779.48	20601	0	596
2022.01.03	16:00:00	3779.47	3790.89	3731.24	3737.78	21110	0	607
2022.01.03	20:00:00	3738.04	3773.65	3680.70	3761.54	22146	0	625
2022.01.04	00:00:00	3761.79	3769.50	3711.99	3741.61	20348	0	649
2022.01.04	04:00:00	3741.72	3759.79	3723.65	3758.50	18133	0	668
2022.01.04	08:00:00	3758.76	3837.25	3754.61	3833.76	19550	0	590
2022.01.04	12:00:00	3833.59	3888.94	3813.77	3846.78	21328	0	543
2022.01.04	16:00:00	3846.96	3862.87	3754.58	3806.12	25675	0	530
2022.01.04	20:00:00	3806.05	3829.55	3779.29	3780.44	20122	0	576
2022.01.05	00:00:00	3780.19	3823.76	3763.10	3807.44	20688	0	579
2022.01.05	04:00:00	3807.37	3819.74	3794.38	3811.48	16575	0	611
2022.01.05	08:00:00	3811.69	3843.48	3777.55	3787.24	19463	0	588
2022.01.05	12:00:00	3786.99	3829.82	3760.78	3818.81	22782	0	600
2022.01.05	16:00:00	3818.87	3822.13	3641.55	3648.92	28038	0	599
2022.01.05	20:00:00	3649.17	3661.69	3409.46	3532.36	39013	0	751
2022.01.06	00:00:00	3532.62	3541.26	3439.84	3442.62	24485	0	826
2022.01.06	04:00:00	3442.80	3472.16	3400.54	3446.75	25393	0	809
2022.01.06	08:00:00	3447.00	3449.49	3294.56	3339.19	30000	0	849
2022.01.06	12:00:00	3339.33	3418.66	3308.65	3388.05	25391	0	848
2022.01.06	16:00:00	3387.85	3454.03	3373.39	3441.83	21817	0	804
2022.01.06	20:00:00	3441.62	3452.51	3398.86	3399.49	17948	0	724
2022.01.07	00:00:00	3399.21	3409.38	3223.67	3233.29	24742	0	759
2022.01.07	04:00:00	3233.41	3244.70	3109.87	3195.74	32325	0	738
2022.01.07	08:00:00	3195.60	3281.69	3183.79	3220.27	26910	0	737
2022.01.07	12:00:00	3220.59	3260.77	3063.77	3129.50	38256	0	739
2022.01.07	16:00:00	3129.24	3218.94	3088.29	3194.18	32613	0	764
2022.01.07	20:00:00	3194.40	3219.54	3163.55	3194.15	21305	0	686
2022.01.08	00:00:00	3194.33	3240.87	3178.46	3200.13	23263	0	717
2022.01.08	04:00:00	3199.88	3224.88	3191.04	3211.54	24017	0	512
2022.01.08	08:00:00	3211.57	3243.80	3204.93	3216.25	20817	0	677
2022.01.08	12:00:00	3216.21	3225.93	3145.66	3159.25	17969	0	761
2022.01.08	16:00:00	3159.17	3176.66	2995.67	3023.64	25159	0	678
2022.01.08	20:00:00	3023.37	3130.45	2997.71	3075.87	19206	0	1226
2022.01.09	00:00:00	3075.80	3145.43	3052.37	3119.80	16792	0	800
2022.01.09	04:00:00	3119.71	3144.78	3115.54	3126.31	14405	0	884
2022.01.09	08:00:00	3126.05	3137.87	3080.68	3125.52	15119	0	849
2022.01.09	12:00:00	3125.26	3132.08	3070.36	3094.66	15808	0	869
2022.01.09	16:00:00	3094.63	3206.72	3089.27	3200.84	16276	0	931
2022.01.09	20:00:00	3200.57	3208.58	3144.28	3151.27	14233	0	728
2022.01.10	00:00:00	3151.43	3169.93	3128.43	3154.37	14602	0	734
2022.01.10	04:00:00	3154.33	3177.91	3151.34	3160.27	13544	0	748
2022.01.10	08:00:00	3160.54	3167.14	3092.93	3103.04	15341	0	749
2022.01.10	12:00:00	3103.06	3109.32	2922.57	2999.36	24955	0	714
2022.01.10	16:00:00	2999.20	3092.23	2964.39	3024.75	22545	0	695
2022.01.10	20:00:00	3024.81	3094.17	3013.82	3078.92	16971	0	430
2022.01.11	00:00:00	3079.01	3127.97	3048.72	3119.33	15397	0	551
2022.01.11	04:00:00	3119.33	3133.97	3095.46	3126.40	14434	0	670
2022.01.11	08:00:00	3126.56	3144.13	3085.77	3110.00	21740	0	626
2022.01.11	12:00:00	3109.74	3151.61	3073.02	3131.62	25584	0	570
2022.01.11	16:00:00	3131.73	3260.80	3127.57	3235.43	27767	0	497
2022.01.11	20:00:00	3235.53	3247.27	3221.64	3237.39	18723	0	459
2022.01.12	00:00:00	3237.29	3258.38	3217.08	3232.50	19236	0	443
2022.01.12	04:00:00	3232.36	3257.45	3204.53	3215.33	18563	0	450
2022.01.12	08:00:00	3214.97	3292.04	3212.41	3270.15	25974	0	460
2022.01.12	12:00:00	3270.37	3387.75	3266.83	3358.55	29025	0	523
2022.01.12	16:00:00	3358.81	3390.23	3334.44	3380.72	21731	0	490
2022.01.12	20:00:00	3380.85	3408.77	3355.01	3370.95	20447	0	487
2022.01.13	00:00:00	3371.11	3383.12	3313.63	3336.21	19099	0	476
2022.01.13	04:00:00	3336.24	3352.25	3323.23	3340.02	17735	0	494
2022.01.13	08:00:00	3340.02	3377.78	3328.83	3333.12	18711	0	486
2022.01.13	12:00:00	3333.17	3411.33	3271.06	3299.11	25091	0	488
2022.01.13	16:00:00	3299.37	3317.09	3246.48	3269.70	27813	0	496
2022.01.13	20:00:00	3269.42	3275.18	3230.31	3237.93	21639	0	488
2022.01.14	00:00:00	3237.68	3273.60	3220.15	3266.18	20353	0	483
2022.01.14	04:00:00	3265.93	3310.65	3262.18	3266.91	19607	0	508
2022.01.14	08:00:00	3266.92	3273.13	3193.45	3199.31	21844	0	505
2022.01.14	12:00:00	3199.06	3296.90	3186.50	3276.99	24644	0	496
2022.01.14	16:00:00	3277.10	3324.68	3257.71	3308.23	20962	0	473
2022.01.14	20:00:00	3307.98	3342.27	3294.13	3309.14	19347	0	453
2022.01.15	00:00:00	3309.35	3327.21	3297.23	3307.86	19513	0	509
2022.01.15	04:00:00	3307.80	3321.69	3291.36	3314.69	19200	0	554
2022.01.15	08:00:00	3314.41	3338.96	3309.85	3318.39	20374	0	533
2022.01.15	12:00:00	3318.65	3369.57	3262.48	3363.81	24391	0	519
2022.01.15	16:00:00	3363.86	3373.32	3339.78	3349.86	18786	0	479
2022.01.15	20:00:00	3349.83	3371.59	3324.83	3325.61	18529	0	499
2022.01.16	00:00:00	3325.54	3337.60	3295.63	3313.83	18718	0	500
2022.01.16	04:00:00	3314.03	3340.85	3303.79	3334.59	16567	0	430
2022.01.16	08:00:00	3334.35	3339.03	3286.75	3312.71	20790	0	509
2022.01.16	12:00:00	3312.93	3363.12	3273.92	3354.22	25513	0	481
2022.01.16	16:00:00	3354.47	3392.95	3311.83	3320.41	21184	0	459
2022.01.16	20:00:00	3320.48	3363.44	3309.97	3349.58	18713	0	459
2022.01.17	00:00:00	3349.67	3358.18	3256.13	3256.58	22192	0	494
2022.01.17	04:00:00	3256.85	3295.95	3236.10	3270.90	20296	0	541
2022.01.17	08:00:00	3270.92	3280.58	3250.34	3255.97	20099	0	559
2022.01.17	12:00:00	3256.10	3278.75	3220.83	3236.12	22249	0	593
2022.01.17	16:00:00	3236.37	3245.50	3177.82	3216.79	23511	0	619
2022.01.17	20:00:00	3217.03	3222.88	3139.62	3207.82	20720	0	579
2022.01.18	00:00:00	3207.74	3241.45	3173.68	3180.05	18965	0	563
2022.01.18	04:00:00	3180.13	3206.13	3163.34	3185.95	19038	0	559
2022.01.18	08:00:00	3185.55	3189.61	3127.52	3168.45	24187	0	573
2022.01.18	12:00:00	3168.71	3179.97	3097.65	3113.98	25872	0	562
2022.01.18	16:00:00	3114.24	3138.07	3081.05	3126.79	22357	0	585
2022.01.18	20:00:00	3126.89	3190.17	3098.17	3157.34	20692	0	550
2022.01.19	00:00:00	3157.17	3172.45	3087.07	3097.97	22127	0	536
2022.01.19	04:00:00	3098.09	3111.21	3045.47	3056.76	23369	0	574
2022.01.19	08:00:00	3057.02	3127.68	3045.03	3115.78	26605	0	586
2022.01.19	12:00:00	3115.83	3159.12	3108.11	3121.45	24746	0	519
2022.01.19	16:00:00	3121.53	3155.89	3081.21	3125.50	26604	0	502
2022.01.19	20:00:00	3125.70	3136.22	3079.22	3082.31	21352	0	493
2022.01.20	00:00:00	3082.05	3129.57	3081.28	3123.39	21450	0	500
2022.01.20	04:00:00	3122.96	3149.00	3110.51	3136.03	19272	0	496
2022.01.20	08:00:00	3136.11	3152.12	3113.31	3148.75	18558	0	520
2022.01.20	12:00:00	3149.05	3267.14	3124.86	3258.46	25265	0	505
2022.01.20	16:00:00	3258.63	3271.50	3201.12	3214.52	25082	0	466
2022.01.20	20:00:00	3214.71	3217.49	2982.76	2996.56	30861	0	466
2022.01.21	00:00:00	2996.31	3029.73	2807.38	2833.23	46942	0	541
2022.01.21	04:00:00	2833.49	2891.77	2832.26	2880.54	29799	0	602
2022.01.21	08:00:00	2880.28	2896.45	2830.43	2843.74	26180	0	597
2022.01.21	12:00:00	2844.16	2851.16	2730.34	2828.97	47208	0	584
2022.01.21	16:00:00	2828.72	2858.71	2736.85	2739.47	38799	0	558
2022.01.21	20:00:00	2739.56	2761.26	2465.63	2565.27	63524	0	463
2022.01.22	00:00:00	2565.67	2622.74	2540.58	2564.77	42857	0	460
2022.01.22	04:00:00	2565.02	2574.95	2425.82	2464.78	40167	0	460
2022.01.22	08:00:00	2464.51	2502.23	2299.79	2429.20	60630	0	411
2022.01.22	12:00:00	2428.95	2515.60	2380.24	2384.85	42561	0	385
2022.01.22	16:00:00	2385.12	2462.94	2319.56	2338.01	53198	0	384
2022.01.22	20:00:00	2337.93	2470.73	2318.53	2409.36	46199	0	370
2022.01.23	00:00:00	2409.40	2460.55	2385.71	2414.82	31013	0	391
2022.01.23	04:00:00	2414.43	2499.75	2405.43	2485.62	32096	0	402
2022.01.23	08:00:00	2485.37	2546.74	2474.08	2498.57	32775	0	400
2022.01.23	12:00:00	2498.70	2514.62	2405.75	2433.64	28403	0	390
2022.01.23	16:00:00	2433.85	2452.39	2375.22	2382.09	29170	0	386
2022.01.23	20:00:00	2382.70	2545.86	2370.58	2538.31	33754	0	369
2022.01.24	00:00:00	2538.21	2538.62	2431.58	2458.05	30275	0	380
2022.01.24	04:00:00	2457.80	2468.64	2379.21	2384.80	26647	0	411
2022.01.24	08:00:00	2384.83	2440.23	2199.57	2237.02	51912	0	389
2022.01.24	12:00:00	2237.17	2284.53	2158.84	2274.08	56604	0	339
2022.01.24	16:00:00	2274.54	2406.67	2212.76	2378.28	52023	0	340
2022.01.24	20:00:00	2377.96	2478.93	2367.35	2441.38	34436	0	307
2022.01.25	00:00:00	2441.00	2442.58	2378.36	2416.48	29511	0	299
2022.01.25	04:00:00	2416.81	2421.56	2350.26	2386.59	28511	0	306
2022.01.25	08:00:00	2386.50	2451.94	2373.36	2424.38	32211	0	316
2022.01.25	12:00:00	2424.11	2468.14	2367.38	2418.70	39012	0	294
2022.01.25	16:00:00	2418.70	2506.54	2412.46	2465.68	38711	0	327
2022.01.25	20:00:00	2465.48	2469.33	2404.00	2457.00	30810	0	299
2022.01.26	00:00:00	2457.38	2483.11	2412.35	2475.72	29511	0	306
2022.01.26	04:00:00	2475.75	2498.11	2444.00	2459.76	23814	0	303
2022.01.26	08:00:00	2459.64	2548.02	2458.80	2547.39	27674	0	293
2022.01.26	12:00:00	2547.19	2666.36	2524.44	2604.09	33676	0	299
2022.01.26	16:00:00	2604.34	2720.27	2561.96	2572.09	49119	0	289
2022.01.26	20:00:00	2572.41	2572.41	2399.75	2461.88	43724	0	320
2022.01.27	00:00:00	2461.91	2494.98	2354.00	2364.79	33423	0	314
2022.01.27	04:00:00	2364.79	2417.87	2360.56	2401.93	26512	0	278
2022.01.27	08:00:00	2402.24	2456.85	2383.67	2456.01	27042	0	282
2022.01.27	12:00:00	2456.17	2520.01	2441.08	2477.80	31610	0	295
2022.01.27	16:00:00	2477.76	2493.91	2388.96	2393.43	33801	0	270
2022.01.27	20:00:00	2393.52	2429.28	2314.97	2423.42	31686	0	256
2022.01.28	00:00:00	2423.15	2453.83	2361.00	2447.09	27406	0	270
2022.01.28	04:00:00	2447.22	2472.04	2387.89	2389.03	24112	0	262
2022.01.28	08:00:00	2388.76	2419.64	2371.82	2395.72	28418	0	258
2022.01.28	12:00:00	2395.98	2446.51	2357.99	2441.43	35014	0	281
2022.01.28	16:00:00	2441.50	2492.61	2424.15	2460.81	33172	0	287
2022.01.28	20:00:00	2460.88	2556.34	2458.80	2545.49	25569	0	280
2022.01.29	00:00:00	2545.61	2584.55	2520.05	2541.01	24051	0	291
2022.01.29	04:00:00	2541.23	2570.72	2521.96	2567.88	21690	0	297
2022.01.29	08:00:00	2568.03	2574.71	2534.12	2555.63	19988	0	295
2022.01.29	12:00:00	2555.36	2606.84	2526.05	2543.20	27221	0	285
2022.01.29	16:00:00	2543.49	2604.35	2527.56	2592.18	24341	0	303
2022.01.29	20:00:00	2592.17	2636.36	2580.65	2600.62	27484	0	305
2022.01.30	00:00:00	2600.37	2615.49	2563.81	2570.90	23361	0	320
2022.01.30	04:00:00	2570.67	2631.49	2567.37	2618.83	20798	0	280
2022.01.30	08:00:00	2619.11	2637.82	2597.65	2626.40	20311	0	286
2022.01.30	12:00:00	2626.06	2637.68	2584.89	2615.23	23857	0	305
2022.01.30	16:00:00	2615.48	2625.25	2551.37	2560.09	22934	0	284
2022.01.30	20:00:00	2559.82	2629.78	2542.20	2602.77	26265	0	298
2022.01.31	00:00:00	2602.50	2607.00	2489.67	2512.15	29030	0	300
2022.01.31	04:00:00	2512.36	2528.89	2477.49	2528.64	22639	0	308
2022.01.31	08:00:00	2528.97	2568.01	2517.03	2559.39	21509	0	288
2022.01.31	12:00:00	2559.48	2633.34	2517.79	2618.96	30486	0	304
2022.01.31	16:00:00	2619.21	2706.09	2613.22	2673.02	32487	0	307
2022.01.31	20:00:00	2673.22	2705.67	2661.86	2687.16	24275	0	284
2022.02.01	00:00:00	2687.41	2758.47	2674.89	2752.92	25555	0	284
2022.02.01	04:00:00	2753.05	2765.90	2718.63	2738.18	20907	0	284
2022.02.01	08:00:00	2738.36	2796.64	2720.34	2761.12	25703	0	275
2022.02.01	12:00:00	2761.48	2811.13	2732.87	2768.30	32258	0	318
2022.02.01	16:00:00	2768.67	2813.57	2750.93	2751.19	29103	0	304
2022.02.01	20:00:00	2751.77	2804.27	2751.58	2788.24	24077	0	280
2022.02.02	00:00:00	2788.47	2803.36	2741.19	2781.64	24305	0	286
2022.02.02	04:00:00	2781.62	2781.86	2742.58	2748.88	21442	0	308
2022.02.02	08:00:00	2749.21	2776.72	2741.24	2766.37	22006	0	326
2022.02.02	12:00:00	2766.77	2810.39	2653.45	2664.20	33470	0	294
2022.02.02	16:00:00	2664.37	2719.76	2637.11	2708.90	27654	0	292
2022.02.02	20:00:00	2708.87	2733.29	2612.10	2679.89	31483	0	289
2022.02.03	00:00:00	2680.43	2725.30	2652.33	2657.29	27329	0	248
2022.02.03	04:00:00	2657.86	2676.90	2637.97	2669.88	23712	0	268
2022.02.03	08:00:00	2670.15	2683.98	2582.70	2622.12	24597	0	241
2022.02.03	12:00:00	2622.21	2647.41	2576.05	2639.58	31304	0	268
2022.02.03	16:00:00	2640.08	2660.41	2590.35	2598.11	28172	0	261
2022.02.03	20:00:00	2598.29	2698.77	2575.06	2697.45	28119	0	249
2022.02.04	00:00:00	2697.21	2699.89	2672.63	2685.45	22447	0	298
2022.02.04	04:00:00	2685.79	2807.89	2676.37	2803.86	26536	0	291
2022.02.04	08:00:00	2803.90	2865.25	2802.93	2826.10	26826	0	338
2022.02.04	12:00:00	2826.35	2922.40	2763.70	2869.95	40300	0	304
2022.02.04	16:00:00	2869.97	2966.50	2865.36	2958.02	34656	0	316
2022.02.04	20:00:00	2957.76	2994.49	2928.99	2992.44	23628	0	286
2022.02.05	00:00:00	2992.69	3013.76	2958.75	2996.03	26887	0	317
2022.02.05	04:00:00	2996.25	3035.54	2988.35	2999.92	25122	0	306
2022.02.05	08:00:00	3023.24	3033.90	3002.21	3011.07	13176	0	314
2022.02.05	12:00:00	3011.09	3060.13	2997.18	3050.06	28189	0	315
2022.02.05	16:00:00	3050.31	3055.91	2960.67	3011.07	28114	0	320
2022.02.05	20:00:00	3010.81	3034.74	2993.48	3010.43	22735	0	332
2022.02.06	00:00:00	3010.81	3033.72	3007.59	3008.70	22610	0	328
2022.02.06	04:00:00	3008.30	3020.51	2988.24	3010.23	21477	0	302
2022.02.06	08:00:00	3009.79	3020.32	2996.40	3004.79	20076	0	293
2022.02.06	12:00:00	3005.01	3041.85	2950.40	2991.23	28447	0	304
2022.02.06	16:00:00	2991.34	3009.62	2978.01	2999.97	23508	0	288
2022.02.06	20:00:00	3000.06	3074.43	2975.52	3056.35	27036	0	301
2022.02.07	00:00:00	3057.55	3076.12	2993.68	3070.45	23745	0	307
2022.02.07	04:00:00	3070.72	3109.88	3055.98	3080.46	24884	0	293
2022.02.07	08:00:00	3080.32	3087.58	3049.33	3067.88	25499	0	288
2022.02.07	12:00:00	3067.99	3130.86	3055.30	3125.74	28883	0	289
2022.02.07	16:00:00	3125.91	3185.88	3105.97	3165.76	29869	0	345
2022.02.07	20:00:00	3165.90	3184.95	3127.81	3138.21	24308	0	344
2022.02.08	00:00:00	3138.37	3154.41	3112.69	3147.51	12646	0	364
2022.02.08	04:00:00	3147.40	3228.99	3142.15	3172.07	28800	0	345
2022.02.08	08:00:00	3172.24	3177.39	3075.55	3105.04	28369	0	256
2022.02.08	12:00:00	3104.79	3104.79	3031.53	3075.80	32652	0	247
2022.02.08	16:00:00	3075.98	3084.66	3025.21	3049.96	31642	0	321
2022.02.08	20:00:00	3050.19	3137.24	3046.45	3128.74	24498	0	340
2022.02.09	00:00:00	3118.85	3122.94	3073.27	3075.27	3789	0	343
2022.02.09	04:00:00	3075.02	3111.54	3054.36	3105.20	23345	0	329
2022.02.09	08:00:00	3105.46	3157.76	3068.38	3153.91	26386	0	318
2022.02.09	12:00:00	3153.42	3217.21	3140.23	3178.50	32760	0	332
2022.02.09	16:00:00	3178.25	3260.15	3161.05	3248.87	28097	0	322
2022.02.09	20:00:00	3248.78	3272.94	3232.33	3244.47	23879	0	317
2022.02.10	00:00:00	3244.54	3249.99	3175.75	3178.13	11577	0	333
2022.02.10	04:00:00	3178.34	3195.33	3155.89	3189.67	21897	0	315
2022.02.10	08:00:00	3189.92	3282.88	3183.89	3247.83	24952	0	326
2022.02.10	12:00:00	3247.47	3264.93	3086.81	3209.18	49279	0	345
2022.02.10	16:00:00	3209.56	3244.44	3115.83	3120.12	38848	0	399
2022.02.10	20:00:00	3120.39	3142.03	3058.77	3073.19	27066	0	382
2022.02.11	00:00:00	3073.09	3096.10	3003.12	3081.39	16838	0	399
2022.02.11	04:00:00	3081.38	3105.44	3041.24	3098.03	21123	0	348
2022.02.11	08:00:00	3097.77	3115.34	3063.11	3087.87	23699	0	349
2022.02.11	12:00:00	3087.89	3138.70	3079.00	3103.32	30063	0	382
2022.02.11	16:00:00	3103.07	3112.87	2967.56	2990.81	33881	0	366
2022.02.11	20:00:00	2990.95	2999.36	2877.52	2926.11	34343	0	362
2022.02.12	00:00:00	2926.13	2947.98	2908.32	2934.32	12899	0	361
2022.02.12	04:00:00	2934.76	2949.58	2881.78	2918.94	26131	0	259
2022.02.12	08:00:00	2919.35	2942.03	2873.09	2930.86	24831	0	251
2022.02.12	12:00:00	2930.90	2938.10	2856.38	2878.81	28124	0	334
2022.02.12	16:00:00	2878.99	2979.68	2862.89	2953.53	29046	0	401
2022.02.12	20:00:00	2953.57	2987.73	2865.80	2917.98	26556	0	379
2022.02.13	00:00:00	2918.08	2946.89	2896.74	2918.12	12209	0	365
2022.02.13	04:00:00	2918.28	2928.81	2898.60	2923.17	20419	0	386
2022.02.13	08:00:00	2922.80	2943.97	2907.51	2932.61	21636	0	361
2022.02.13	12:00:00	2932.36	2954.47	2910.08	2918.42	24013	0	361
2022.02.13	16:00:00	2918.74	2921.86	2835.68	2856.95	27466	0	370
2022.02.13	20:00:00	2857.26	2907.03	2847.96	2868.32	24269	0	378
2022.02.14	00:00:00	2869.01	2891.42	2829.35	2864.34	26513	0	331
2022.02.14	04:00:00	2864.63	2881.49	2841.35	2881.21	21717	0	317
2022.02.14	08:00:00	2881.30	2887.07	2844.14	2872.84	23138	0	312
2022.02.14	12:00:00	2872.42	2963.51	2854.34	2934.91	32490	0	322
2022.02.14	16:00:00	2935.16	2962.48	2854.37	2876.87	32026	0	320
2022.02.14	20:00:00	2877.26	2945.69	2864.35	2928.01	24952	0	350
2022.02.15	00:00:00	2927.72	3036.01	2909.93	3023.78	25200	0	339
2022.02.15	04:00:00	3024.00	3059.70	3006.11	3050.77	20192	0	300
2022.02.15	08:00:00	3050.43	3116.00	3041.93	3094.50	26072	0	339
2022.02.15	12:00:00	3094.75	3145.28	3088.19	3123.36	27060	0	336
2022.02.15	16:00:00	3123.46	3140.15	3087.14	3110.13	23899	0	300
2022.02.15	20:00:00	3109.92	3195.91	3092.42	3185.09	24487	0	310
2022.02.16	00:00:00	3185.21	3185.71	3133.42	3140.48	22500	0	292
2022.02.16	04:00:00	3140.73	3152.40	3104.47	3149.95	21192	0	310
2022.02.16	08:00:00	3149.89	3163.11	3114.09	3136.18	22821	0	308
2022.02.16	12:00:00	3136.61	3143.18	3052.30	3068.78	29616	0	319
2022.02.16	16:00:00	3068.73	3186.62	3044.49	3170.29	30444	0	354
2022.02.16	20:00:00	3170.32	3178.99	3119.00	3123.30	22137	0	317
2022.02.17	00:00:00	3123.05	3160.64	3082.23	3082.34	22155	0	320
2022.02.17	04:00:00	3082.57	3111.71	3050.51	3108.98	23937	0	351
2022.02.17	08:00:00	3109.02	3135.55	3035.78	3065.93	26958	0	346
2022.02.17	12:00:00	3066.33	3086.58	2960.15	2987.98	31567	0	342
2022.02.17	16:00:00	2988.23	3005.52	2883.66	2910.78	33909	0	349
2022.02.17	20:00:00	2910.81	2915.61	2852.83	2893.18	30113	0	336
2022.02.18	00:00:00	2893.21	2919.66	2861.69	2905.94	28172	0	391
2022.02.18	04:00:00	2906.00	2917.12	2873.64	2904.02	22053	0	401
2022.02.18	08:00:00	2904.12	2942.74	2870.56	2876.24	22047	0	323
2022.02.18	12:00:00	2876.27	2905.79	2788.49	2799.83	33832	0	350
2022.02.18	16:00:00	2799.58	2824.35	2751.87	2796.99	32851	0	389
2022.02.18	20:00:00	2797.07	2806.00	2752.75	2779.05	23761	0	382
2022.02.19	00:00:00	2779.08	2829.63	2762.45	2803.10	22630	0	384
2022.02.19	04:00:00	2803.09	2823.25	2793.46	2810.79	19625	0	396
2022.02.19	08:00:00	2810.78	2818.39	2707.05	2719.95	24021	0	418
2022.02.19	12:00:00	2720.15	2748.62	2693.03	2743.99	23869	0	426
2022.02.19	16:00:00	2744.01	2793.66	2738.28	2743.27	21677	0	376
2022.02.19	20:00:00	2743.01	2765.33	2725.87	2761.39	17787	0	380
2022.02.20	00:00:00	2761.21	2761.99	2696.72	2711.59	20333	0	392
2022.02.20	04:00:00	2711.67	2716.99	2619.96	2653.82	25349	0	450
2022.02.20	08:00:00	2653.84	2654.73	2596.91	2640.84	25331	0	470
2022.02.20	12:00:00	2641.31	2661.79	2600.68	2650.97	25703	0	483
2022.02.20	16:00:00	2650.95	2673.09	2631.85	2647.97	21580	0	471
2022.02.20	20:00:00	2648.07	2662.44	2573.84	2620.81	25517	0	446
2022.02.21	00:00:00	2620.56	2738.11	2603.69	2710.54	28129	0	357
2022.02.21	04:00:00	2710.72	2754.24	2709.51	2746.21	21879	0	327
2022.02.21	08:00:00	2746.22	2757.06	2606.33	2627.79	27549	0	321
2022.02.21	12:00:00	2628.13	2750.84	2580.23	2723.52	37261	0	332
2022.02.21	16:00:00	2723.61	2744.09	2605.98	2653.58	34697	0	308
2022.02.21	20:00:00	2653.95	2674.21	2559.06	2568.59	37483	0	309
2022.02.22	00:00:00	2568.36	2620.85	2508.78	2519.81	34467	0	327
2022.02.22	04:00:00	2519.86	2546.53	2500.89	2516.38	27675	0	326
2022.02.22	08:00:00	2516.63	2604.80	2515.07	2588.46	29896	0	346
2022.02.22	12:00:00	2588.57	2666.72	2566.77	2624.54	35151	0	323
2022.02.22	16:00:00	2624.32	2640.44	2580.25	2634.00	32886	0	320
2022.02.22	20:00:00	2634.24	2655.80	2590.27	2638.18	26076	0	320
2022.02.23	00:00:00	2637.69	2654.92	2597.15	2625.19	23822	0	310
2022.02.23	04:00:00	2625.25	2699.14	2619.84	2697.30	22444	0	309
2022.02.23	08:00:00	2697.42	2739.06	2682.90	2723.24	23019	0	309
2022.02.23	12:00:00	2723.17	2754.64	2684.80	2688.17	24431	0	270
2022.02.23	16:00:00	2688.05	2731.54	2619.53	2634.42	26681	0	286
2022.02.23	20:00:00	2634.14	2640.35	2576.26	2579.25	26599	0	311
2022.02.24	00:00:00	2579.35	2592.76	2390.31	2396.96	36767	0	307
2022.02.24	04:00:00	2397.23	2411.08	2299.09	2371.10	40825	0	301
2022.02.24	08:00:00	2370.84	2422.08	2331.58	2393.23	36816	0	275
2022.02.24	12:00:00	2393.12	2476.65	2348.33	2456.32	41398	0	271
2022.02.24	16:00:00	2456.71	2601.10	2428.77	2597.10	41756	0	300
2022.02.24	20:00:00	2597.35	2736.31	2545.04	2598.74	42807	0	321
2022.02.25	00:00:00	2598.34	2650.76	2583.96	2638.53	30861	0	306
2022.02.25	04:00:00	2638.42	2644.95	2585.75	2613.49	27028	0	282
2022.02.25	08:00:00	2613.82	2639.59	2571.57	2633.07	30273	0	290
2022.02.25	12:00:00	2633.22	2741.74	2632.59	2732.40	34892	0	304
2022.02.25	16:00:00	2733.02	2744.29	2665.32	2677.59	29572	0	292
2022.02.25	20:00:00	2678.04	2833.43	2667.41	2766.95	31112	0	273
2022.02.26	00:00:00	2766.96	2874.35	2761.13	2791.60	27836	0	319
2022.02.26	04:00:00	2791.65	2821.51	2755.79	2791.58	21621	0	298
2022.02.26	08:00:00	2791.33	2814.87	2727.07	2750.74	25047	0	317
2022.02.26	12:00:00	2750.74	2808.61	2742.01	2784.82	23678	0	305
2022.02.26	16:00:00	2784.86	2831.87	2762.97	2808.34	21871	0	295
2022.02.26	20:00:00	2808.62	2855.15	2763.80	2778.07	22046	0	294
2022.02.27	00:00:00	2778.04	2789.24	2677.96	2716.83	25347	0	302
2022.02.27	04:00:00	2716.78	2743.75	2696.95	2735.98	19811	0	274
2022.02.27	08:00:00	2735.92	2829.96	2722.54	2820.68	23441	0	255
2022.02.27	12:00:00	2820.66	2834.21	2713.67	2807.33	30574	0	251
2022.02.27	16:00:00	2807.24	2807.75	2597.30	2607.96	27542	0	267
2022.02.27	20:00:00	2607.84	2659.04	2557.91	2617.10	39756	0	312
2022.02.28	00:00:00	2616.95	2678.74	2589.39	2608.36	29029	0	304
2022.02.28	04:00:00	2608.45	2650.61	2568.47	2635.31	30819	0	315
2022.02.28	08:00:00	2635.54	2656.29	2612.73	2640.72	25759	0	309
2022.02.28	12:00:00	2640.70	2823.70	2607.10	2813.15	38002	0	316
2022.02.28	16:00:00	2813.40	2828.15	2786.37	2806.95	30884	0	317
2022.02.28	20:00:00	2806.60	2948.36	2793.51	2919.91	32517	0	333
2022.03.01	00:00:00	2920.14	2970.46	2888.31	2910.71	29589	0	348
2022.03.01	04:00:00	2910.87	2933.33	2881.15	2919.39	22185	0	347
2022.03.01	08:00:00	2919.77	2931.02	2852.67	2902.39	27827	0	363
2022.03.01	12:00:00	2902.20	3037.01	2898.01	2947.03	43575	0	390
2022.03.01	16:00:00	2947.42	2975.56	2896.19	2944.76	30514	0	341
2022.03.01	20:00:00	2944.56	2979.13	2937.54	2975.15	26899	0	345
2022.03.02	00:00:00	2975.33	3027.72	2912.07	3016.17	30070	0	351
2022.03.02	04:00:00	3016.42	3041.87	2954.37	2968.09	27437	0	336
2022.03.02	08:00:00	2968.27	3027.23	2949.64	3004.05	31658	0	345
2022.03.02	12:00:00	3003.72	3032.29	2922.64	2949.37	45794	0	339
2022.03.02	16:00:00	2949.62	2980.47	2914.35	2932.74	29205	0	342
2022.03.02	20:00:00	2932.93	2986.15	2929.04	2945.66	21047	0	306
2022.03.03	00:00:00	2946.10	2969.81	2888.13	2895.35	22967	0	299
2022.03.03	04:00:00	2895.19	2919.49	2872.10	2907.52	21515	0	287
2022.03.03	08:00:00	2907.76	2933.13	2877.11	2912.64	22420	0	309
2022.03.03	12:00:00	2912.71	2934.64	2815.45	2827.64	27209	0	337
2022.03.03	16:00:00	2827.85	2839.39	2783.91	2815.83	26810	0	325
2022.03.03	20:00:00	2815.49	2848.09	2789.33	2833.66	22971	0	310
2022.03.04	00:00:00	2833.41	2834.37	2688.43	2722.76	28956	0	304
2022.03.04	04:00:00	2722.87	2732.82	2705.45	2731.07	19203	0	285
2022.03.04	08:00:00	2731.42	2756.28	2703.15	2742.87	24005	0	301
2022.03.04	12:00:00	2743.09	2752.48	2663.78	2669.21	32166	0	291
2022.03.04	16:00:00	2669.12	2695.96	2609.46	2614.91	26100	0	275
2022.03.04	20:00:00	2614.98	2627.05	2574.85	2620.14	23492	0	254
2022.03.05	00:00:00	2620.24	2628.86	2588.22	2625.79	22518	0	291
2022.03.05	04:00:00	2626.08	2641.85	2609.25	2637.35	19748	0	296
2022.03.05	08:00:00	2637.45	2656.20	2630.50	2648.01	20158	0	286
2022.03.05	12:00:00	2647.57	2670.39	2626.50	2642.05	20706	0	239
2022.03.05	16:00:00	2642.12	2684.46	2638.07	2671.28	19347	0	227
2022.03.05	20:00:00	2671.34	2681.44	2649.23	2663.98	18007	0	222
2022.03.06	00:00:00	2663.62	2675.21	2632.80	2637.77	17833	0	251
2022.03.06	04:00:00	2637.83	2659.15	2613.60	2643.44	19487	0	244
2022.03.06	08:00:00	2643.59	2646.35	2587.79	2606.66	21844	0	236
2022.03.06	12:00:00	2606.45	2646.79	2603.79	2626.95	20891	0	295
2022.03.06	16:00:00	2627.08	2653.31	2601.57	2604.22	21463	0	291
2022.03.06	20:00:00	2604.81	2643.44	2532.47	2547.93	24179	0	267
2022.03.07	00:00:00	2547.99	2555.58	2504.51	2524.79	24273	0	253
2022.03.07	04:00:00	2524.87	2538.89	2511.49	2519.68	19019	0	258
2022.03.07	08:00:00	2519.84	2546.12	2494.27	2536.41	21429	0	264
2022.03.07	12:00:00	2536.48	2645.92	2536.48	2614.75	26116	0	288
2022.03.07	16:00:00	2614.61	2638.10	2446.97	2459.47	31922	0	294
2022.03.07	20:00:00	2459.96	2525.27	2443.01	2490.61	27694	0	297
2022.03.08	00:00:00	2490.50	2570.71	2477.72	2546.56	28409	0	287
2022.03.08	04:00:00	2546.15	2561.69	2493.76	2533.57	24982	0	296
2022.03.08	08:00:00	2533.60	2605.84	2526.15	2586.48	25426	0	313
2022.03.08	12:00:00	2586.68	2605.53	2527.12	2556.57	32055	0	305
2022.03.08	16:00:00	2556.84	2624.42	2523.55	2578.54	33232	0	310
2022.03.08	20:00:00	2578.82	2587.55	2547.14	2575.32	20221	0	278
2022.03.09	00:00:00	2575.52	2714.35	2566.33	2697.04	26859	0	290
2022.03.09	04:00:00	2697.37	2745.24	2697.30	2743.18	22419	0	305
2022.03.09	08:00:00	2742.74	2771.51	2720.41	2741.54	23632	0	295
2022.03.09	12:00:00	2741.93	2765.57	2710.21	2756.02	27181	0	302
2022.03.09	16:00:00	2755.59	2757.79	2677.97	2713.68	24472	0	318
2022.03.09	20:00:00	2713.48	2736.97	2679.46	2726.74	22207	0	331
2022.03.10	00:00:00	2726.43	2731.55	2651.99	2659.04	25321	0	318
2022.03.10	04:00:00	2659.09	2665.46	2571.68	2593.83	24679	0	289
2022.03.10	08:00:00	2593.86	2610.95	2573.83	2592.77	20416	0	279
2022.03.10	12:00:00	2592.67	2647.05	2551.38	2596.98	30889	0	284
2022.03.10	16:00:00	2596.82	2615.96	2581.70	2613.17	21567	0	281
2022.03.10	20:00:00	2612.95	2619.77	2590.55	2607.45	18391	0	284
2022.03.11	00:00:00	2607.44	2610.14	2519.95	2550.00	24125	0	279
2022.03.11	04:00:00	2550.38	2616.37	2532.07	2608.25	21410	0	269
2022.03.11	08:00:00	2608.00	2670.04	2579.25	2653.39	23654	0	271
2022.03.11	12:00:00	2653.14	2677.44	2565.19	2579.29	29717	0	303
2022.03.11	16:00:00	2579.37	2580.13	2541.96	2554.62	22921	0	300
2022.03.11	20:00:00	2554.81	2584.43	2524.42	2555.62	21786	0	296
2022.03.12	00:00:00	2555.31	2596.34	2551.15	2582.91	19672	0	307
2022.03.12	04:00:00	2582.90	2599.66	2565.86	2587.51	17160	0	286
2022.03.12	08:00:00	2587.63	2591.67	2571.66	2577.74	17008	0	282
2022.03.12	12:00:00	2577.60	2595.55	2559.79	2583.42	18418	0	295
2022.03.12	16:00:00	2583.49	2613.81	2574.15	2577.74	18205	0	272
2022.03.12	20:00:00	2577.75	2592.18	2560.35	2566.95	16393	0	259
2022.03.13	00:00:00	2567.06	2600.16	2555.45	2590.78	18447	0	270
2022.03.13	04:00:00	2590.85	2595.27	2578.09	2579.46	15871	0	276
2022.03.13	08:00:00	2579.21	2594.97	2564.02	2572.44	17141	0	296
2022.03.13	12:00:00	2572.74	2587.31	2532.29	2578.54	21459	0	329
2022.03.13	16:00:00	2578.34	2584.64	2559.77	2561.64	16924	0	316
2022.03.13	20:00:00	2561.69	2571.47	2491.46	2514.22	21839	0	296
2022.03.14	00:00:00	2514.70	2542.24	2497.42	2532.12	21002	0	273
2022.03.14	04:00:00	2531.81	2603.04	2529.70	2584.42	22631	0	271
2022.03.14	08:00:00	2584.67	2608.52	2573.66	2578.80	20086	0	272
2022.03.14	12:00:00	2578.51	2591.24	2553.79	2572.52	23695	0	262
2022.03.14	16:00:00	2572.32	2579.24	2512.43	2532.68	22314	0	265
2022.03.14	20:00:00	2533.02	2595.11	2521.40	2588.30	21192	0	281
2022.03.15	00:00:00	2588.65	2599.00	2535.34	2543.29	22432	0	275
2022.03.15	04:00:00	2543.01	2561.91	2506.50	2532.26	19131	0	256
2022.03.15	08:00:00	2532.26	2543.33	2510.25	2534.73	18864	0	236
2022.03.15	12:00:00	2534.75	2591.66	2521.18	2571.60	22334	0	250
2022.03.15	16:00:00	2571.17	2661.37	2567.33	2659.12	24850	0	274
2022.03.15	20:00:00	2659.44	2667.28	2604.92	2617.79	20925	0	285
2022.03.16	00:00:00	2617.60	2728.28	2602.29	2620.85	30727	0	295
2022.03.16	04:00:00	2620.54	2647.53	2605.27	2645.66	19330	0	266
2022.03.16	08:00:00	2645.91	2701.24	2643.78	2687.91	24388	0	272
2022.03.16	12:00:00	2687.98	2721.46	2660.00	2702.76	26072	0	282
2022.03.16	16:00:00	2702.91	2752.31	2632.49	2750.78	41432	0	276
2022.03.16	20:00:00	2750.59	2786.75	2739.61	2771.56	21824	0	273
2022.03.17	00:00:00	2771.82	2785.13	2751.03	2764.95	21405	0	289
2022.03.17	04:00:00	2764.73	2773.21	2744.04	2752.99	19131	0	275
2022.03.17	08:00:00	2753.20	2777.79	2749.12	2774.17	19660	0	275
2022.03.17	12:00:00	2773.89	2835.99	2770.04	2799.95	26775	0	295
2022.03.17	16:00:00	2800.20	2834.24	2772.24	2827.06	22890	0	283
2022.03.17	20:00:00	2827.32	2828.94	2797.91	2812.61	18563	0	265
2022.03.18	00:00:00	2812.17	2814.26	2766.31	2776.36	20482	0	267
2022.03.18	04:00:00	2776.49	2809.52	2769.82	2794.69	18307	0	288
2022.03.18	08:00:00	2794.95	2813.44	2780.29	2794.61	19816	0	273
2022.03.18	12:00:00	2794.80	2900.58	2787.41	2896.47	24802	0	256
2022.03.18	16:00:00	2896.37	2966.46	2883.68	2963.94	22451	0	260
2022.03.18	20:00:00	2964.20	2981.78	2928.77	2937.16	17643	0	251
2022.03.19	00:00:00	2937.31	2976.89	2927.57	2946.24	17354	0	211
2022.03.19	04:00:00	2946.49	2951.68	2916.84	2922.83	16748	0	257
2022.03.19	08:00:00	2922.93	2953.29	2919.69	2945.77	18261	0	288
2022.03.19	12:00:00	2945.97	2976.39	2938.15	2966.56	19924	0	269
2022.03.19	16:00:00	2966.64	2982.52	2943.38	2947.96	18706	0	277
2022.03.19	20:00:00	2948.05	2964.77	2892.76	2948.64	19809	0	307
2022.03.20	00:00:00	2948.73	2962.75	2905.29	2931.99	21086	0	297
2022.03.20	04:00:00	2932.20	2935.44	2914.33	2924.07	17832	0	302
2022.03.20	08:00:00	2924.33	2929.20	2878.57	2885.55	20042	0	340
2022.03.20	12:00:00	2885.93	2898.31	2846.37	2853.05	26335	0	368
2022.03.20	16:00:00	2853.33	2878.54	2815.32	2875.28	23304	0	358
2022.03.20	20:00:00	2875.02	2910.45	2849.95	2860.26	22878	0	326
2022.03.21	00:00:00	2859.51	2874.76	2829.91	2843.85	22508	0	289
2022.03.21	04:00:00	2844.11	2893.68	2833.87	2888.78	20502	0	301
2022.03.21	08:00:00	2888.87	2922.35	2871.75	2905.59	22876	0	310
2022.03.21	12:00:00	2905.81	2956.57	2886.68	2955.43	27528	0	317
2022.03.21	16:00:00	2955.38	2961.16	2894.27	2916.96	24645	0	284
2022.03.21	20:00:00	2916.70	2923.77	2882.22	2889.88	18691	0	275
2022.03.22	00:00:00	2889.93	3026.86	2886.82	3005.60	25410	0	283
2022.03.22	04:00:00	3005.77	3050.15	2965.95	2991.60	25055	0	293
2022.03.22	08:00:00	2991.79	3024.09	2982.89	3019.58	21456	0	335
2022.03.22	12:00:00	3019.84	3028.27	2986.06	3002.87	21969	0	327
2022.03.22	16:00:00	3003.03	3012.47	2980.37	2982.54	19589	0	312
2022.03.22	20:00:00	2982.61	3015.10	2959.09	2968.79	19505	0	295
2022.03.23	00:00:00	2968.48	2992.15	2924.00	2945.86	22829	0	321
2022.03.23	04:00:00	2945.47	2963.01	2918.99	2949.10	20175	0	310
2022.03.23	08:00:00	2949.40	2971.00	2932.07	2948.31	19374	0	320
2022.03.23	12:00:00	2948.41	3038.81	2936.44	3031.13	24059	0	325
2022.03.23	16:00:00	3031.21	3043.62	2950.15	2960.58	23498	0	292
2022.03.23	20:00:00	2960.24	3034.42	2957.96	3032.84	19684	0	302
2022.03.24	00:00:00	3032.81	3076.56	3001.78	3015.65	23957	0	308
2022.03.24	04:00:00	3015.84	3066.07	3012.56	3034.71	19781	0	309
2022.03.24	08:00:00	3034.77	3062.96	3029.73	3045.76	20401	0	321
2022.03.24	12:00:00	3045.22	3127.94	3001.49	3114.12	31330	0	308
2022.03.24	16:00:00	3114.28	3121.75	3083.43	3108.05	24073	0	307
2022.03.24	20:00:00	3107.80	3117.99	3086.96	3109.95	18554	0	277
2022.03.25	00:00:00	3109.87	3137.23	3093.82	3134.65	21465	0	311
2022.03.25	04:00:00	3134.30	3145.55	3124.29	3126.22	19109	0	302
2022.03.25	08:00:00	3126.43	3174.43	3095.32	3165.66	24384	0	319
2022.03.25	12:00:00	3165.50	3187.67	3108.88	3120.27	25305	0	288
2022.03.25	16:00:00	3120.29	3137.52	3074.83	3113.66	27160	0	301
2022.03.25	20:00:00	3113.96	3130.50	3093.65	3104.17	20014	0	296
2022.03.26	00:00:00	3104.33	3117.14	3085.30	3108.68	20076	0	319
2022.03.26	04:00:00	3108.49	3138.77	3100.34	3133.71	18926	0	297
2022.03.26	08:00:00	3133.87	3139.34	3115.90	3123.40	17704	0	287
2022.03.26	12:00:00	3123.15	3130.28	3107.86	3117.93	18662	0	312
2022.03.26	16:00:00	3117.56	3129.13	3108.64	3122.85	19287	0	307
2022.03.26	20:00:00	3122.98	3152.74	3121.30	3144.21	19427	0	310
2022.03.27	00:00:00	3144.06	3167.24	3136.89	3144.02	19610	0	285
2022.03.27	04:00:00	3143.76	3156.70	3134.52	3153.93	16921	0	274
2022.03.27	08:00:00	3153.68	3157.53	3139.15	3145.74	18016	0	267
2022.03.27	12:00:00	3145.41	3173.25	3125.07	3168.82	18154	0	263
2022.03.27	16:00:00	3168.96	3187.17	3162.65	3173.21	17933	0	260
2022.03.27	20:00:00	3172.96	3294.21	3161.15	3290.62	28966	0	283
2022.03.28	00:00:00	3291.02	3318.26	3271.04	3309.28	22186	0	292
2022.03.28	04:00:00	3309.24	3337.66	3297.21	3314.69	20571	0	295
2022.03.28	08:00:00	3314.86	3353.78	3300.17	3342.62	22104	0	323
2022.03.28	12:00:00	3342.74	3398.64	3326.68	3354.15	28439	0	328
2022.03.28	16:00:00	3354.41	3429.23	3330.71	3406.73	26526	0	316
2022.03.28	20:00:00	3406.56	3422.76	3313.03	3328.82	24444	0	347
2022.03.29	00:00:00	3328.57	3399.62	3325.67	3367.02	23761	0	320
2022.03.29	04:00:00	3366.85	3419.27	3366.22	3383.56	23483	0	331
2022.03.29	08:00:00	3383.31	3466.47	3381.66	3461.11	26438	0	343
2022.03.29	12:00:00	3460.86	3479.01	3392.92	3400.96	25747	0	369
2022.03.29	16:00:00	3400.73	3441.01	3365.39	3425.48	26511	0	395
2022.03.29	20:00:00	3425.23	3426.35	3344.27	3398.95	24249	0	366
2022.03.30	00:00:00	3399.19	3400.27	3332.74	3380.11	24786	0	404
2022.03.30	04:00:00	3380.29	3414.72	3358.19	3406.69	20304	0	381
2022.03.30	08:00:00	3406.62	3416.07	3377.30	3406.65	21013	0	396
2022.03.30	12:00:00	3406.49	3409.01	3346.94	3378.70	26348	0	400
2022.03.30	16:00:00	3378.53	3443.90	3369.35	3391.21	25347	0	369
2022.03.30	20:00:00	3391.46	3411.48	3367.89	3383.43	22745	0	409
2022.03.31	00:00:00	3383.27	3421.14	3375.24	3395.08	21422	0	398
2022.03.31	04:00:00	3395.26	3405.94	3382.51	3401.28	19549	0	403
2022.03.31	08:00:00	3401.18	3424.89	3394.18	3407.01	19080	0	365
2022.03.31	12:00:00	3407.27	3441.90	3334.04	3347.84	31091	0	366
2022.03.31	16:00:00	3348.09	3351.51	3259.14	3282.99	33946	0	393
2022.03.31	20:00:00	3283.24	3303.84	3259.95	3280.16	24880	0	401
2022.04.01	00:00:00	3279.91	3305.54	3209.74	3249.16	32923	0	384
2022.04.01	04:00:00	3248.91	3280.03	3242.12	3276.24	23211	0	400
2022.04.01	08:00:00	3275.99	3302.80	3266.92	3282.57	20849	0	390
2022.04.01	12:00:00	3282.58	3448.46	3260.55	3429.84	33319	0	391
2022.04.01	16:00:00	3430.09	3479.03	3403.15	3468.60	26057	0	321
2022.04.01	20:00:00	3468.85	3471.08	3425.64	3453.51	22364	0	327
2022.04.02	00:00:00	3453.13	3522.08	3438.05	3473.17	28935	0	353
2022.04.02	04:00:00	3473.42	3493.46	3459.33	3481.53	22995	0	369
2022.04.02	08:00:00	3481.60	3494.60	3467.31	3482.98	21615	0	410
2022.04.02	12:00:00	3482.99	3526.76	3443.09	3459.17	33096	0	382
2022.04.02	16:00:00	3458.91	3486.27	3429.04	3468.63	33859	0	385
2022.04.02	20:00:00	3468.52	3484.03	3432.11	3440.79	26213	0	380
2022.04.03	00:00:00	3441.05	3464.47	3411.04	3454.28	25088	0	347
2022.04.03	04:00:00	3454.58	3506.19	3449.73	3489.20	25790	0	307
2022.04.03	08:00:00	3489.30	3509.08	3468.92	3482.65	26909	0	305
2022.04.03	12:00:00	3482.69	3518.18	3476.32	3498.22	25598	0	335
2022.04.03	16:00:00	3498.33	3518.59	3478.26	3484.02	29256	0	325
2022.04.03	20:00:00	3483.99	3578.04	3482.36	3519.83	31792	0	358
2022.04.04	00:00:00	3520.09	3520.46	3466.09	3488.54	29354	0	434
2022.04.04	04:00:00	3488.43	3511.19	3477.07	3500.81	24287	0	415
2022.04.04	08:00:00	3500.91	3505.16	3447.41	3476.72	31552	0	451
2022.04.04	12:00:00	3476.70	3491.65	3418.60	3423.25	33187	0	452
2022.04.04	16:00:00	3423.16	3497.14	3406.29	3489.72	29661	0	441
2022.04.04	20:00:00	3489.90	3543.67	3472.19	3518.10	27901	0	409
2022.04.05	00:00:00	3518.20	3531.39	3495.91	3521.33	20973	0	384
2022.04.05	04:00:00	3521.30	3533.11	3506.20	3524.33	18429	0	347
2022.04.05	08:00:00	3524.22	3528.05	3501.34	3521.50	18931	0	348
2022.04.05	12:00:00	3521.55	3551.71	3439.07	3451.49	32266	0	367
2022.04.05	16:00:00	3451.74	3476.56	3418.34	3462.99	29015	0	419
2022.04.05	20:00:00	3462.86	3470.48	3397.03	3406.10	25998	0	426
2022.04.06	00:00:00	3406.04	3407.25	3267.45	3343.83	33128	0	430
2022.04.06	04:00:00	3344.08	3373.63	3324.33	3346.74	23538	0	382
2022.04.06	08:00:00	3347.00	3360.91	3278.80	3303.73	28004	0	384
2022.04.06	12:00:00	3303.79	3325.36	3217.80	3255.00	39747	0	367
2022.04.06	16:00:00	3255.13	3260.66	3173.25	3224.66	51444	0	409
2022.04.06	20:00:00	3224.91	3239.81	3160.39	3167.95	27117	0	399
2022.04.07	00:00:00	3167.69	3204.66	3142.92	3183.16	34149	0	426
2022.04.07	04:00:00	3183.41	3233.16	3181.02	3224.36	23508	0	384
2022.04.07	08:00:00	3224.59	3259.11	3201.97	3249.85	23666	0	377
2022.04.07	12:00:00	3249.84	3266.78	3158.65	3196.50	32262	0	360
2022.04.07	16:00:00	3196.85	3244.97	3192.79	3213.24	25336	0	354
2022.04.07	20:00:00	3213.49	3257.69	3195.95	3225.43	20951	0	379
2022.04.08	00:00:00	3225.16	3273.92	3212.95	3265.20	21872	0	359
2022.04.08	04:00:00	3265.08	3284.85	3242.11	3282.91	21201	0	358
2022.04.08	08:00:00	3283.16	3313.28	3253.31	3256.84	24504	0	386
2022.04.08	12:00:00	3257.07	3305.82	3209.09	3279.76	35840	0	380
2022.04.08	16:00:00	3279.94	3290.75	3211.84	3237.14	29010	0	384
2022.04.08	20:00:00	3236.89	3255.90	3171.93	3188.88	25365	0	364
2022.04.09	00:00:00	3189.13	3220.69	3178.67	3207.21	23183	0	384
2022.04.09	04:00:00	3207.33	3224.57	3191.95	3207.05	18290	0	367
2022.04.09	08:00:00	3207.21	3214.61	3190.75	3207.01	17597	0	409
2022.04.09	12:00:00	3207.08	3231.81	3199.11	3205.39	19806	0	368
2022.04.09	16:00:00	3205.64	3247.89	3200.44	3232.42	18284	0	367
2022.04.09	20:00:00	3232.38	3267.38	3220.86	3258.43	18172	0	350
2022.04.10	00:00:00	3257.88	3267.08	3245.56	3256.88	17076	0	349
2022.04.10	04:00:00	3256.87	3261.70	3232.91	3241.74	16094	0	337
2022.04.10	08:00:00	3241.49	3255.70	3232.16	3251.41	16185	0	402
2022.04.10	12:00:00	3251.29	3259.89	3232.14	3256.05	16757	0	369
2022.04.10	16:00:00	3256.12	3307.11	3251.05	3291.56	18225	0	337
2022.04.10	20:00:00	3291.55	3296.84	3190.41	3201.19	21512	0	304
2022.04.11	00:00:00	3201.55	3213.28	3151.21	3174.55	24738	0	450
2022.04.11	04:00:00	3174.30	3189.26	3163.33	3178.04	17717	0	512
2022.04.11	08:00:00	3178.29	3180.78	3027.16	3052.06	29965	0	506
2022.04.11	12:00:00	3052.45	3065.42	3001.76	3001.76	27357	0	514
2022.04.11	16:00:00	3002.15	3039.87	2976.55	3004.43	28970	0	518
2022.04.11	20:00:00	3004.18	3017.92	2950.14	2979.11	29806	0	506
2022.04.12	00:00:00	2979.04	2994.99	2948.65	2981.43	23035	0	515
2022.04.12	04:00:00	2981.72	3026.86	2970.57	3023.49	20451	0	518
2022.04.12	08:00:00	3023.24	3041.36	3009.35	3039.33	20173	0	461
2022.04.12	12:00:00	3039.49	3085.26	3013.38	3044.57	35211	0	459
2022.04.12	16:00:00	3044.82	3061.80	2965.67	2970.64	27101	0	448
2022.04.12	20:00:00	2970.39	3035.94	2965.29	3027.45	24098	0	453
2022.04.13	00:00:00	3027.45	3066.30	3004.71	3047.81	22231	0	459
2022.04.13	04:00:00	3047.55	3068.33	3039.56	3050.56	19476	0	452
2022.04.13	08:00:00	3050.36	3058.74	3010.44	3012.62	20971	0	411
2022.04.13	12:00:00	3012.88	3117.34	2995.45	3093.98	31183	0	347
2022.04.13	16:00:00	3093.93	3113.17	3066.60	3083.18	23921	0	361
2022.04.13	20:00:00	3083.40	3127.46	3079.27	3116.19	20001	0	353
2022.04.14	00:00:00	3116.21	3142.03	3107.74	3116.45	19625	0	340
2022.04.14	04:00:00	3116.70	3123.01	3097.44	3112.47	17393	0	335
2022.04.14	08:00:00	3112.21	3120.61	3068.29	3072.46	19543	0	333
2022.04.14	12:00:00	3072.56	3098.33	3009.50	3014.49	27178	0	342
2022.04.14	16:00:00	3014.42	3023.99	2973.58	2993.78	22052	0	357
2022.04.14	20:00:00	2993.67	3026.45	2980.88	3020.78	17353	0	346
2022.04.15	00:00:00	3020.71	3042.20	3010.94	3040.05	17698	0	370
2022.04.15	04:00:00	3040.21	3045.64	3008.95	3034.15	17454	0	380
2022.04.15	08:00:00	3034.10	3040.69	3014.94	3026.79	17214	0	375
2022.04.15	12:00:00	3026.98	3058.39	2990.77	3027.36	19808	0	398
2022.04.15	16:00:00	3027.52	3038.35	3007.69	3021.66	17012	0	387
2022.04.15	20:00:00	3021.64	3043.74	3017.13	3040.35	15705	0	387
2022.04.16	00:00:00	3040.42	3049.82	3033.56	3037.56	16240	0	394
2022.04.16	04:00:00	3037.53	3048.59	3031.65	3034.39	15515	0	367
2022.04.16	08:00:00	3034.39	3046.54	3027.39	3038.23	15553	0	390
2022.04.16	12:00:00	3038.28	3057.31	3009.01	3017.79	18046	0	398
2022.04.16	16:00:00	3017.44	3027.75	3013.24	3024.18	15335	0	412
2022.04.16	20:00:00	3024.01	3084.26	3021.14	3059.87	17898	0	399
2022.04.17	00:00:00	3059.88	3065.41	3020.76	3027.96	16720	0	389
2022.04.17	04:00:00	3027.71	3045.16	3026.32	3037.18	15633	0	445
2022.04.17	08:00:00	3036.93	3048.40	3035.76	3046.33	15487	0	449
2022.04.17	12:00:00	3046.42	3080.63	3041.09	3072.52	19169	0	411
2022.04.17	16:00:00	3072.61	3076.73	3022.60	3051.42	17811	0	387
2022.04.17	20:00:00	3051.43	3075.62	2981.09	2986.44	21103	0	397
2022.04.18	00:00:00	2986.23	3000.38	2975.03	2993.66	18101	0	394
2022.04.18	04:00:00	2993.82	2995.47	2882.77	2892.19	23020	0	367
2022.04.18	08:00:00	2892.29	2923.09	2888.22	2911.18	18215	0	376
2022.04.18	12:00:00	2911.39	2951.92	2903.47	2912.59	22609	0	372
2022.04.18	16:00:00	2912.87	3020.15	2893.93	3002.93	26570	0	392
2022.04.18	20:00:00	3003.45	3068.12	3002.02	3052.41	20246	0	403
2022.04.19	00:00:00	3052.72	3091.32	3033.09	3036.10	18856	0	369
2022.04.19	04:00:00	3036.14	3050.07	3028.31	3038.34	17040	0	373
2022.04.19	08:00:00	3038.38	3060.17	3031.06	3040.83	17473	0	368
2022.04.19	12:00:00	3040.59	3128.87	3038.82	3109.20	20503	0	403
2022.04.19	16:00:00	3108.94	3124.30	3080.00	3108.18	19937	0	377
2022.04.19	20:00:00	3107.93	3109.99	3082.66	3099.94	18741	0	374
2022.04.20	00:00:00	3099.75	3105.74	3065.79	3091.46	17700	0	353
2022.04.20	04:00:00	3091.24	3113.21	3077.15	3089.54	17620	0	350
2022.04.20	08:00:00	3089.58	3166.58	3085.02	3152.25	22941	0	373
2022.04.20	12:00:00	3152.42	3161.09	3048.15	3066.08	27045	0	394
2022.04.20	16:00:00	3066.32	3085.67	3034.89	3067.20	22942	0	355
2022.04.20	20:00:00	3067.45	3094.47	3057.11	3075.07	19566	0	335
2022.04.21	00:00:00	3074.70	3103.83	3067.54	3095.42	18863	0	359
2022.04.21	04:00:00	3095.41	3103.09	3065.03	3098.80	18794	0	371
2022.04.21	08:00:00	3098.99	3156.64	3081.24	3148.61	22081	0	380
2022.04.21	12:00:00	3148.47	3175.65	3100.49	3102.54	26469	0	384
2022.04.21	16:00:00	3102.30	3105.91	3020.36	3023.59	25764	0	383
2022.04.21	20:00:00	3023.33	3031.43	2939.44	2981.76	23695	0	366
2022.04.22	00:00:00	2981.71	3008.43	2965.46	2993.72	20414	0	394
2022.04.22	04:00:00	2993.69	3032.84	2984.57	3019.92	18805	0	360
2022.04.22	08:00:00	3019.99	3028.35	2974.25	3012.59	20294	0	353
2022.04.22	12:00:00	3012.54	3019.69	2939.83	2946.66	26276	0	351
2022.04.22	16:00:00	2946.57	2981.08	2931.73	2954.88	24117	0	351
2022.04.22	20:00:00	2954.97	2970.87	2936.03	2961.39	17931	0	319
2022.04.23	00:00:00	2961.52	2973.58	2940.63	2943.97	17786	0	340
2022.04.23	04:00:00	2944.37	2964.65	2916.42	2958.45	17682	0	327
2022.04.23	08:00:00	2958.67	2969.44	2951.90	2957.84	16132	0	322
2022.04.23	12:00:00	2957.94	2972.20	2946.23	2965.56	17150	0	335
2022.04.23	16:00:00	2965.84	2978.47	2946.73	2953.37	16340	0	327
2022.04.23	20:00:00	2953.44	2969.50	2921.13	2932.31	16892	0	336
2022.04.24	00:00:00	2931.91	2960.16	2922.31	2955.74	17743	0	353
2022.04.24	04:00:00	2955.91	2959.56	2943.27	2950.28	15963	0	331
2022.04.24	08:00:00	2950.60	2955.37	2934.15	2939.40	16171	0	338
2022.04.24	12:00:00	2939.43	2956.31	2912.22	2944.30	19273	0	366
2022.04.24	16:00:00	2944.30	2966.15	2917.38	2959.99	20074	0	380
2022.04.24	20:00:00	2960.13	2962.67	2917.33	2921.03	18161	0	347
2022.04.25	00:00:00	2921.09	2925.23	2841.56	2875.47	22773	0	334
2022.04.25	04:00:00	2875.31	2876.66	2797.00	2812.06	22235	0	317
2022.04.25	08:00:00	2812.14	2862.97	2796.50	2861.31	21481	0	327
2022.04.25	12:00:00	2861.54	2895.57	2841.67	2870.22	25629	0	329
2022.04.25	16:00:00	2869.91	3015.20	2865.16	3012.53	25975	0	337
2022.04.25	20:00:00	3012.23	3024.17	2988.74	3006.70	18695	0	300
2022.04.26	00:00:00	3006.83	3035.45	2985.17	3000.93	17601	0	305
2022.04.26	04:00:00	3001.05	3013.30	2977.69	3001.65	17495	0	291
2022.04.26	08:00:00	3001.72	3017.25	2981.76	3001.09	19252	0	316
2022.04.26	12:00:00	3001.32	3011.24	2852.33	2857.74	28834	0	342
2022.04.26	16:00:00	2858.00	2884.74	2809.09	2839.44	30784	0	344
2022.04.26	20:00:00	2839.39	2853.87	2764.41	2808.89	26107	0	327
2022.04.27	00:00:00	2809.00	2843.90	2793.04	2834.40	22638	0	346
2022.04.27	04:00:00	2834.50	2891.09	2830.34	2891.09	20121	0	332
2022.04.27	08:00:00	2890.81	2912.65	2858.75	2883.36	24838	0	300
2022.04.27	12:00:00	2883.76	2918.16	2820.11	2862.72	32971	0	297
2022.04.27	16:00:00	2863.03	2892.83	2837.19	2850.94	27582	0	291
2022.04.27	20:00:00	2850.87	2898.90	2848.93	2888.98	18673	0	269
2022.04.28	00:00:00	2889.07	2916.69	2867.59	2882.94	20019	0	280
2022.04.28	04:00:00	2883.13	2934.22	2873.51	2900.65	19541	0	276
2022.04.28	08:00:00	2900.39	2946.49	2898.61	2928.31	21820	0	297
2022.04.28	12:00:00	2928.25	2943.10	2852.77	2888.87	33098	0	295
2022.04.28	16:00:00	2888.59	2978.93	2874.28	2947.05	28261	0	292
2022.04.28	20:00:00	2946.79	2968.62	2910.27	2935.10	21482	0	277
2022.04.29	00:00:00	2934.92	2945.92	2901.08	2924.13	21226	0	286
2022.04.29	04:00:00	2924.40	2934.68	2905.51	2924.22	19557	0	283
2022.04.29	08:00:00	2924.19	2927.68	2832.84	2841.48	23116	0	293
2022.04.29	12:00:00	2841.55	2883.92	2830.31	2856.11	28444	0	298
2022.04.29	16:00:00	2855.97	2857.02	2773.94	2791.83	26717	0	288
2022.04.29	20:00:00	2791.56	2823.47	2786.25	2817.20	19786	0	295
2022.04.30	00:00:00	2816.98	2838.79	2809.20	2817.34	20235	0	295
2022.04.30	04:00:00	2817.16	2842.42	2807.97	2831.00	17927	0	310
2022.04.30	08:00:00	2831.24	2841.41	2816.87	2831.18	17428	0	294
2022.04.30	12:00:00	2831.18	2838.17	2768.08	2815.04	22990	0	300
2022.04.30	16:00:00	2814.62	2822.37	2773.15	2806.18	21679	0	310
2022.04.30	20:00:00	2806.16	2807.52	2712.50	2724.29	25617	0	346
2022.05.01	00:00:00	2724.44	2780.32	2713.38	2775.05	22995	0	315
2022.05.01	04:00:00	2775.03	2794.04	2763.03	2766.13	17938	0	271
2022.05.01	08:00:00	2765.90	2782.22	2751.04	2756.11	18360	0	275
2022.05.01	12:00:00	2756.05	2816.54	2751.31	2803.49	20931	0	311
2022.05.01	16:00:00	2803.77	2826.41	2753.25	2763.83	21205	0	307
2022.05.01	20:00:00	2763.81	2847.40	2757.13	2825.09	22928	0	297
2022.05.02	00:00:00	2824.49	2848.40	2821.12	2840.40	20988	0	289
2022.05.02	04:00:00	2840.54	2872.38	2829.99	2845.11	19117	0	284
2022.05.02	08:00:00	2844.97	2855.55	2786.40	2792.66	21009	0	290
2022.05.02	12:00:00	2792.52	2849.09	2776.13	2826.38	32123	0	277
2022.05.02	16:00:00	2826.06	2848.63	2774.97	2837.88	25579	0	268
2022.05.02	20:00:00	2838.13	2881.05	2822.42	2855.42	18767	0	271
2022.05.03	00:00:00	2855.41	2860.12	2826.05	2848.25	19348	0	259
2022.05.03	04:00:00	2847.84	2853.41	2828.16	2843.02	17553	0	251
2022.05.03	08:00:00	2842.99	2852.81	2820.85	2847.45	17985	0	240
2022.05.03	12:00:00	2847.34	2849.07	2812.49	2819.42	22503	0	267
2022.05.03	16:00:00	2819.62	2825.54	2758.06	2770.84	23947	0	284
2022.05.03	20:00:00	2771.09	2798.36	2751.94	2778.77	19520	0	269
2022.05.04	00:00:00	2778.62	2809.19	2768.80	2795.70	17041	0	269
2022.05.04	04:00:00	2795.81	2830.89	2786.72	2828.10	17407	0	275
2022.05.04	08:00:00	2828.29	2883.86	2825.73	2869.79	19372	0	283
2022.05.04	12:00:00	2869.56	2880.86	2823.83	2842.35	21456	0	266
2022.05.04	16:00:00	2842.40	2963.82	2823.67	2951.65	34109	0	278
2022.05.04	20:00:00	2951.91	2956.15	2918.59	2938.30	16636	0	294
2022.05.05	00:00:00	2938.67	2952.21	2934.27	2941.41	16733	0	286
2022.05.05	04:00:00	2941.43	2949.43	2922.05	2931.33	15850	0	244
2022.05.05	08:00:00	2931.59	2937.00	2913.21	2923.34	16968	0	256
2022.05.05	12:00:00	2923.48	2933.74	2726.05	2738.78	31649	0	265
2022.05.05	16:00:00	2739.21	2767.88	2686.86	2726.68	30975	0	291
2022.05.05	20:00:00	2726.83	2753.48	2711.14	2744.91	18105	0	275
2022.05.06	00:00:00	2745.03	2754.15	2721.87	2743.51	17373	0	269
2022.05.06	04:00:00	2743.26	2753.30	2692.59	2728.40	18227	0	284
2022.05.06	08:00:00	2728.53	2740.21	2658.29	2673.24	23631	0	285
2022.05.06	12:00:00	2673.31	2724.40	2632.86	2686.40	36722	0	306
2022.05.06	16:00:00	2686.59	2710.01	2667.84	2687.22	24171	0	286
2022.05.06	20:00:00	2687.45	2705.43	2671.66	2691.24	16508	0	278
2022.05.07	00:00:00	2691.26	2696.21	2663.21	2668.17	16316	0	278
2022.05.07	04:00:00	2668.26	2677.19	2651.28	2670.68	16820	0	282
2022.05.07	08:00:00	2670.88	2695.57	2665.54	2687.60	16478	0	265
2022.05.07	12:00:00	2687.60	2701.65	2669.78	2690.49	16609	0	257
2022.05.07	16:00:00	2690.58	2699.05	2678.28	2681.54	15813	0	235
2022.05.07	20:00:00	2681.57	2681.57	2587.60	2635.86	23744	0	248
2022.05.08	00:00:00	2635.87	2642.23	2515.62	2541.47	27026	0	287
2022.05.08	04:00:00	2541.80	2568.66	2527.83	2556.92	19280	0	277
2022.05.08	08:00:00	2556.98	2576.49	2544.87	2567.90	18757	0	295
2022.05.08	12:00:00	2568.24	2578.27	2510.50	2514.80	22679	0	272
2022.05.08	16:00:00	2515.25	2570.91	2482.26	2560.05	24807	0	275
2022.05.08	20:00:00	2560.07	2563.63	2506.33	2517.27	19705	0	260
2022.05.09	00:00:00	2517.75	2527.64	2421.63	2456.18	25790	0	272
2022.05.09	04:00:00	2455.88	2478.11	2422.89	2447.00	21850	0	256
2022.05.09	08:00:00	2447.01	2467.85	2359.91	2404.74	29679	0	259
2022.05.09	12:00:00	2404.80	2444.90	2344.90	2381.21	38562	0	291
2022.05.09	16:00:00	2381.45	2403.58	2224.05	2270.68	60238	0	288
2022.05.09	20:00:00	2270.43	2334.81	2225.68	2228.62	41048	0	257
2022.05.10	00:00:00	2228.35	2344.50	2199.79	2298.79	48641	0	272
2022.05.10	04:00:00	2298.85	2438.90	2296.11	2371.65	36734	0	273
2022.05.10	08:00:00	2371.40	2410.87	2363.30	2402.56	30300	0	260
2022.05.10	12:00:00	2402.06	2456.86	2318.75	2360.69	38785	0	253
2022.05.10	16:00:00	2360.93	2409.42	2326.92	2353.20	33444	0	259
2022.05.10	20:00:00	2353.42	2365.86	2259.37	2342.37	34922	0	236
2022.05.11	00:00:00	2342.48	2389.83	2318.82	2360.49	31527	0	246
2022.05.11	04:00:00	2360.23	2404.59	2266.51	2316.61	38978	0	260
2022.05.11	08:00:00	2316.72	2451.56	2293.50	2408.68	37324	0	316
2022.05.11	12:00:00	2408.91	2426.93	2125.09	2262.01	85030	0	332
2022.05.11	16:00:00	2262.16	2279.47	2093.59	2114.44	57639	0	318
2022.05.11	20:00:00	2114.19	2148.78	2006.24	2081.47	63125	0	319
2022.05.12	00:00:00	2081.21	2190.89	1964.48	1964.48	58115	0	300
2022.05.12	04:00:00	1964.88	1978.34	1728.71	1896.11	179551	0	344
2022.05.12	08:00:00	1895.84	2003.83	1852.79	1941.34	116734	0	456
2022.05.12	12:00:00	1941.09	2043.46	1876.91	1959.27	73799	0	370
2022.05.12	16:00:00	1959.52	2031.85	1894.88	1940.30	41341	0	275
2022.05.12	20:00:00	1940.31	1977.95	1865.47	1953.88	31267	0	247
2022.05.13	00:00:00	1953.93	2106.65	1935.65	2088.34	34687	0	265
2022.05.13	04:00:00	2088.70	2139.79	2043.39	2043.39	29913	0	292
2022.05.13	08:00:00	2043.53	2121.04	2043.53	2112.10	25594	0	277
2022.05.13	12:00:00	2112.36	2144.87	2076.49	2090.03	30385	0	280
2022.05.13	16:00:00	2090.30	2108.73	2025.71	2060.02	32194	0	246
2022.05.13	20:00:00	2060.45	2081.35	1996.58	2005.68	23722	0	226
2022.05.14	00:00:00	2005.38	2065.28	1996.15	2048.73	26458	0	206
2022.05.14	04:00:00	2048.74	2050.39	2009.90	2028.60	23173	0	205
2022.05.14	08:00:00	2028.61	2050.67	1966.54	1982.07	26259	0	205
2022.05.14	12:00:00	1982.34	1995.90	1946.89	1959.21	28555	0	203
2022.05.14	16:00:00	1958.96	2031.95	1950.75	1993.36	23806	0	219
2022.05.14	20:00:00	1993.71	2063.50	1990.53	2053.44	21482	0	217
2022.05.15	00:00:00	2053.05	2076.61	1996.89	2011.19	20366	0	240
2022.05.15	04:00:00	2011.12	2046.29	1999.23	2034.59	18914	0	227
2022.05.15	08:00:00	2034.46	2083.16	2014.29	2077.79	19624	0	230
2022.05.15	12:00:00	2077.80	2095.47	2045.03	2057.98	21306	0	237
2022.05.15	16:00:00	2058.42	2103.74	2053.40	2100.99	20968	0	212
2022.05.15	20:00:00	2100.74	2160.40	2092.26	2139.65	21149	0	252
2022.05.16	00:00:00	2139.74	2139.80	2061.86	2072.47	21428	0	240
2022.05.16	04:00:00	2072.45	2079.87	1987.10	2008.63	23761	0	243
2022.05.16	08:00:00	2009.09	2049.15	1976.97	2027.63	23523	0	235
2022.05.16	12:00:00	2027.62	2057.60	1981.39	2010.97	31779	0	247
2022.05.16	16:00:00	2011.45	2042.62	1975.14	2003.66	25333	0	245
2022.05.16	20:00:00	2003.41	2051.55	2002.15	2020.02	18978	0	242
2022.05.17	00:00:00	2020.02	2076.55	2015.69	2070.56	20692	0	227
2022.05.17	04:00:00	2070.45	2090.89	2061.69	2068.61	17797	0	224
2022.05.17	08:00:00	2068.49	2094.82	2065.31	2076.51	18050	0	233
2022.05.17	12:00:00	2076.43	2117.93	2040.32	2057.37	22445	0	221
2022.05.17	16:00:00	2057.43	2066.14	2004.70	2044.02	23261	0	205
2022.05.17	20:00:00	2044.10	2099.41	2038.93	2087.83	17465	0	203
2022.05.18	00:00:00	2087.66	2106.62	2030.73	2035.56	19945	0	203
2022.05.18	04:00:00	2035.21	2050.84	2015.48	2035.84	18277	0	219
2022.05.18	08:00:00	2036.07	2047.76	2019.31	2028.93	18712	0	197
2022.05.18	12:00:00	2029.26	2033.07	1942.06	1954.08	24418	0	221
2022.05.18	16:00:00	1954.10	1990.89	1933.20	1979.09	25029	0	229
2022.05.18	20:00:00	1979.26	1979.93	1905.04	1911.82	22276	0	228
2022.05.19	00:00:00	1911.78	1966.09	1899.86	1952.82	24952	0	228
2022.05.19	04:00:00	1952.84	1970.22	1938.97	1950.43	20613	0	210
2022.05.19	08:00:00	1950.55	1966.46	1911.78	1962.63	24223	0	205
2022.05.19	12:00:00	1962.73	2038.35	1940.23	2019.26	25955	0	219
2022.05.19	16:00:00	2019.34	2025.45	1987.53	1990.29	21207	0	227
2022.05.19	20:00:00	1990.70	2025.94	1987.70	2017.94	16166	0	219
2022.05.20	00:00:00	2018.00	2050.58	2001.85	2020.96	18044	0	221
2022.05.20	04:00:00	2020.98	2031.99	1999.73	2024.31	17352	0	219
2022.05.20	08:00:00	2024.08	2062.00	2020.28	2052.92	19532	0	208
2022.05.20	12:00:00	2053.31	2056.83	1950.00	1959.70	29546	0	197
2022.05.20	16:00:00	1959.78	1970.79	1919.38	1966.88	26920	0	193
2022.05.20	20:00:00	1966.90	1976.64	1950.20	1957.50	19331	0	194
2022.05.21	00:00:00	1957.59	1972.53	1934.48	1966.44	20359	0	210
2022.05.21	04:00:00	1966.46	1984.81	1958.53	1977.05	18260	0	203
2022.05.21	08:00:00	1976.95	1986.73	1954.00	1968.30	18150	0	201
2022.05.21	12:00:00	1968.32	1982.99	1955.70	1978.16	19546	0	210
2022.05.21	16:00:00	1978.19	1988.87	1969.21	1978.47	18480	0	207
2022.05.21	20:00:00	1978.46	1982.98	1961.78	1973.56	17048	0	225
2022.05.22	00:00:00	1973.52	1982.10	1968.94	1972.06	16554	0	199
2022.05.22	04:00:00	1972.10	1975.12	1963.77	1973.56	15691	0	197
2022.05.22	08:00:00	1973.59	2035.40	1970.41	2015.58	20828	0	208
2022.05.22	12:00:00	2015.54	2031.37	1987.57	2002.13	19165	0	192
2022.05.22	16:00:00	2002.18	2020.09	1989.44	2005.01	18129	0	197
2022.05.22	20:00:00	2005.03	2053.96	2003.54	2041.42	19076	0	191
2022.05.23	00:00:00	2041.26	2054.34	2016.35	2029.04	18386	0	194
2022.05.23	04:00:00	2029.07	2077.12	2023.79	2064.31	18675	0	194
2022.05.23	08:00:00	2064.31	2082.77	2048.79	2067.45	19289	0	199
2022.05.23	12:00:00	2067.42	2086.15	2032.12	2062.80	26543	0	202
2022.05.23	16:00:00	2063.06	2076.65	1975.31	1976.83	23462	0	188
2022.05.23	20:00:00	1976.98	2002.40	1954.61	1971.71	20403	0	182
2022.05.24	00:00:00	1971.79	1989.10	1967.22	1985.94	17032	0	169
2022.05.24	04:00:00	1986.02	1991.54	1972.56	1983.29	16102	0	174
2022.05.24	08:00:00	1983.47	1984.01	1950.35	1964.50	18418	0	178
2022.05.24	12:00:00	1964.46	1974.07	1909.83	1961.51	27909	0	176
2022.05.24	16:00:00	1961.24	1975.78	1934.28	1961.50	23690	0	208
2022.05.24	20:00:00	1961.94	1988.88	1950.84	1978.38	17439	0	201
2022.05.25	00:00:00	1978.18	2017.88	1967.35	2011.50	18938	0	214
2022.05.25	04:00:00	2011.53	2012.58	1971.17	1975.39	17912	0	198
2022.05.25	08:00:00	1975.46	1979.96	1940.04	1941.85	19365	0	203
2022.05.25	12:00:00	1941.75	1982.28	1932.13	1962.52	24091	0	204
2022.05.25	16:00:00	1962.63	1981.35	1941.28	1949.09	24601	0	213
2022.05.25	20:00:00	1948.99	1970.35	1938.37	1941.24	17015	0	199
2022.05.26	00:00:00	1940.98	1964.10	1930.70	1947.02	17981	0	210
2022.05.26	04:00:00	1947.08	1949.49	1907.13	1924.83	19578	0	221
2022.05.26	08:00:00	1924.86	1925.73	1795.44	1814.21	27784	0	206
2022.05.26	12:00:00	1814.12	1871.63	1733.00	1860.20	40739	0	222
2022.05.26	16:00:00	1860.32	1904.29	1822.74	1823.65	24660	0	213
2022.05.26	20:00:00	1823.65	1843.47	1786.42	1790.68	23306	0	215
2022.05.27	00:00:00	1790.31	1806.78	1727.28	1765.93	29969	0	218
2022.05.27	04:00:00	1766.07	1796.22	1710.53	1762.11	30811	0	223
2022.05.27	08:00:00	1761.74	1787.60	1747.65	1767.84	25478	0	216
2022.05.27	12:00:00	1768.03	1820.01	1752.43	1760.59	31174	0	216
2022.05.27	16:00:00	1760.69	1771.18	1712.07	1750.58	31269	0	210
2022.05.27	20:00:00	1750.76	1768.64	1702.18	1723.88	22092	0	197
2022.05.28	00:00:00	1723.60	1764.11	1718.04	1763.51	23072	0	212
2022.05.28	04:00:00	1763.35	1779.79	1751.91	1763.86	19112	0	206
2022.05.28	08:00:00	1763.96	1785.41	1746.14	1770.85	18265	0	220
2022.05.28	12:00:00	1770.78	1807.91	1766.64	1793.87	20293	0	214
2022.05.28	16:00:00	1793.98	1797.88	1756.70	1791.25	19321	0	216
2022.05.28	20:00:00	1791.28	1803.19	1775.56	1790.63	17108	0	212
2022.05.29	00:00:00	1790.56	1794.51	1761.02	1774.31	17265	0	209
2022.05.29	04:00:00	1774.16	1785.79	1766.76	1782.00	15050	0	213
2022.05.29	08:00:00	1782.04	1802.43	1772.20	1800.20	17788	0	210
2022.05.29	12:00:00	1800.33	1825.17	1790.17	1795.56	19650	0	193
2022.05.29	16:00:00	1795.48	1809.45	1782.00	1786.48	16959	0	187
2022.05.29	20:00:00	1786.27	1824.42	1784.11	1811.89	17903	0	206
2022.05.30	00:00:00	1811.84	1887.73	1801.04	1878.72	20815	0	211
2022.05.30	04:00:00	1878.76	1915.19	1867.38	1907.67	20220	0	190
2022.05.30	08:00:00	1907.38	1910.68	1889.69	1901.32	17887	0	188
2022.05.30	12:00:00	1901.26	1921.40	1869.87	1911.58	22068	0	200
2022.05.30	16:00:00	1911.72	1933.26	1904.26	1915.71	18652	0	193
2022.05.30	20:00:00	1915.47	2009.07	1911.44	1996.95	26093	0	201
2022.05.31	00:00:00	1996.82	2012.99	1973.85	1992.15	20015	0	215
2022.05.31	04:00:00	1992.00	1993.72	1955.46	1967.48	19586	0	209
2022.05.31	08:00:00	1967.38	1983.10	1954.37	1976.19	19354	0	208
2022.05.31	12:00:00	1976.15	1993.16	1927.23	1986.41	25111	0	223
2022.05.31	16:00:00	1986.56	1997.24	1922.15	1931.63	23812	0	219
2022.05.31	20:00:00	1931.38	1957.27	1931.38	1939.79	17535	0	223
2022.06.01	00:00:00	1939.94	1955.52	1924.62	1927.71	19516	0	215
2022.06.01	04:00:00	1927.85	1942.11	1911.39	1928.45	19397	0	225
2022.06.01	08:00:00	1928.81	1942.92	1921.54	1937.89	17718	0	251
2022.06.01	12:00:00	1937.81	1971.17	1875.97	1879.51	31069	0	259
2022.06.01	16:00:00	1879.63	1879.67	1806.76	1820.87	28021	0	231
2022.06.01	20:00:00	1820.97	1843.84	1760.51	1818.24	21488	0	212
2022.06.02	00:00:00	1818.38	1836.03	1804.75	1814.14	18467	0	203
2022.06.02	04:00:00	1814.64	1837.61	1801.89	1826.67	18337	0	178
2022.06.02	08:00:00	1826.62	1844.13	1811.58	1840.17	18629	0	178
2022.06.02	12:00:00	1840.14	1841.27	1780.03	1815.71	27237	0	202
2022.06.02	16:00:00	1815.74	1833.23	1798.77	1821.52	20999	0	200
2022.06.02	20:00:00	1821.51	1852.49	1818.31	1833.27	17942	0	182
2022.06.03	00:00:00	1833.38	1843.02	1820.31	1826.90	17448	0	194
2022.06.03	04:00:00	1826.93	1828.44	1803.49	1813.04	16611	0	200
2022.06.03	08:00:00	1812.82	1820.82	1749.80	1758.89	23585	0	182
2022.06.03	12:00:00	1759.14	1777.12	1734.06	1761.15	31993	0	181
2022.06.03	16:00:00	1761.23	1765.90	1739.66	1748.73	21129	0	190
2022.06.03	20:00:00	1748.79	1793.13	1745.88	1773.41	18723	0	236
2022.06.04	00:00:00	1773.57	1777.63	1745.71	1749.43	18255	0	237
2022.06.04	04:00:00	1749.53	1772.72	1748.25	1766.90	16518	0	171
2022.06.04	08:00:00	1766.88	1777.72	1760.04	1766.07	16741	0	177
2022.06.04	12:00:00	1766.16	1786.37	1753.71	1777.13	18239	0	164
2022.06.04	16:00:00	1777.18	1781.10	1764.95	1770.82	15753	0	232
2022.06.04	20:00:00	1770.77	1814.66	1768.33	1803.27	16386	0	220
2022.06.05	00:00:00	1803.29	1809.49	1782.68	1792.63	16443	0	216
2022.06.05	04:00:00	1792.41	1798.22	1783.41	1784.56	14005	0	222
2022.06.05	08:00:00	1784.56	1794.01	1770.43	1786.66	15805	0	214
2022.06.05	12:00:00	1786.65	1811.37	1776.59	1809.93	16685	0	226
2022.06.05	16:00:00	1809.98	1829.86	1794.39	1820.82	18995	0	204
2022.06.05	20:00:00	1820.87	1827.47	1801.02	1805.19	17186	0	192
2022.06.06	00:00:00	1805.29	1882.56	1802.96	1878.03	21165	0	199
2022.06.06	04:00:00	1878.06	1895.26	1866.13	1893.06	18560	0	198
2022.06.06	08:00:00	1893.12	1914.62	1888.49	1908.22	18586	0	181
2022.06.06	12:00:00	1908.28	1918.62	1863.10	1885.58	23959	0	180
2022.06.06	16:00:00	1885.67	1887.82	1841.61	1862.59	23570	0	208
2022.06.06	20:00:00	1862.69	1874.74	1844.69	1858.71	17623	0	205
2022.06.07	00:00:00	1858.74	1860.63	1723.54	1754.93	32551	0	196
2022.06.07	04:00:00	1754.95	1763.24	1744.40	1761.08	19891	0	203
2022.06.07	08:00:00	1761.16	1775.38	1744.93	1751.41	19627	0	211
2022.06.07	12:00:00	1751.58	1793.61	1733.16	1779.50	25314	0	214
2022.06.07	16:00:00	1779.68	1872.96	1766.08	1845.74	24202	0	206
2022.06.07	20:00:00	1845.66	1867.77	1750.21	1812.40	30795	0	212
2022.06.08	00:00:00	1812.85	1835.69	1762.77	1776.90	28450	0	202
2022.06.08	04:00:00	1777.17	1816.68	1770.23	1804.01	23604	0	202
2022.06.08	08:00:00	1804.57	1815.25	1793.49	1807.98	19520	0	216
2022.06.08	12:00:00	1807.87	1837.25	1782.05	1814.69	28318	0	213
2022.06.08	16:00:00	1814.87	1822.18	1769.63	1789.38	21730	0	197
2022.06.08	20:00:00	1789.54	1811.64	1787.13	1790.81	17423	0	191
2022.06.09	00:00:00	1790.89	1800.74	1775.22	1798.41	18543	0	198
2022.06.09	04:00:00	1798.42	1811.42	1792.32	1811.42	16837	0	200
2022.06.09	08:00:00	1811.72	1832.47	1799.96	1803.81	18935	0	190
2022.06.09	12:00:00	1803.83	1810.64	1777.80	1798.04	23395	0	203
2022.06.09	16:00:00	1798.11	1816.23	1780.30	1781.55	20252	0	208
2022.06.09	20:00:00	1781.74	1799.02	1779.94	1787.51	17536	0	189
2022.06.10	00:00:00	1787.54	1802.21	1743.33	1791.00	23201	0	192
2022.06.10	04:00:00	1791.25	1800.03	1785.14	1786.66	17826	0	197
2022.06.10	08:00:00	1786.84	1794.03	1761.89	1769.90	19590	0	199
2022.06.10	12:00:00	1769.97	1780.36	1705.02	1723.53	33425	0	190
2022.06.10	16:00:00	1723.96	1728.40	1655.91	1665.43	29016	0	199
2022.06.10	20:00:00	1665.49	1683.70	1652.57	1660.27	19650	0	200
2022.06.11	00:00:00	1660.25	1679.00	1655.11	1667.26	16870	0	204
2022.06.11	04:00:00	1667.24	1676.92	1660.27	1665.00	16063	0	218
2022.06.11	08:00:00	1665.04	1667.53	1543.35	1574.67	31574	0	205
2022.06.11	12:00:00	1574.77	1590.17	1498.14	1515.13	38865	0	205
2022.06.11	16:00:00	1514.93	1573.31	1503.74	1543.01	29226	0	210
2022.06.11	20:00:00	1543.31	1549.98	1515.61	1530.11	19748	0	198
2022.06.12	00:00:00	1530.36	1540.24	1441.38	1463.78	31589	0	199
2022.06.12	04:00:00	1463.86	1476.00	1422.00	1469.77	23567	0	188
2022.06.12	08:00:00	1469.82	1484.89	1450.89	1467.31	24165	0	166
2022.06.12	12:00:00	1467.57	1543.45	1426.22	1523.11	36244	0	181
2022.06.12	16:00:00	1523.66	1530.73	1474.86	1477.79	27348	0	186
2022.06.12	20:00:00	1477.74	1486.48	1431.06	1433.69	27624	0	180
2022.06.13	00:00:00	1433.28	1452.63	1304.46	1349.99	48617	0	160
2022.06.13	04:00:00	1349.91	1384.73	1261.10	1281.21	44668	0	169
2022.06.13	08:00:00	1281.44	1287.29	1177.80	1207.06	62205	0	181
2022.06.13	12:00:00	1207.27	1256.91	1162.29	1229.17	58891	0	161
2022.06.13	16:00:00	1229.24	1276.89	1208.20	1226.30	43376	0	142
2022.06.13	20:00:00	1226.02	1280.80	1167.29	1209.20	38031	0	135
2022.06.14	00:00:00	1209.19	1223.96	1074.78	1172.66	55993	0	143
2022.06.14	04:00:00	1172.88	1251.61	1134.19	1239.46	53971	0	137
2022.06.14	08:00:00	1239.31	1242.21	1152.84	1173.60	41268	0	141
2022.06.14	12:00:00	1173.97	1257.22	1155.66	1249.32	54422	0	148
2022.06.14	16:00:00	1249.16	1265.74	1193.38	1204.94	38792	0	140
2022.06.14	20:00:00	1205.13	1219.30	1157.67	1206.54	34735	0	126
2022.06.15	00:00:00	1206.75	1229.18	1167.08	1171.45	34016	0	129
2022.06.15	04:00:00	1171.71	1173.78	1080.86	1092.56	47153	0	116
2022.06.15	08:00:00	1092.70	1129.67	1013.29	1117.76	54284	0	124
2022.06.15	12:00:00	1117.79	1157.90	1093.80	1119.20	46943	0	129
2022.06.15	16:00:00	1119.32	1223.31	1042.60	1168.49	71167	0	116
2022.06.15	20:00:00	1168.67	1246.29	1151.91	1237.30	35894	0	142
2022.06.16	00:00:00	1237.51	1256.56	1201.28	1209.43	33385	0	135
2022.06.16	04:00:00	1209.28	1217.27	1154.22	1164.13	32873	0	128
2022.06.16	08:00:00	1164.13	1179.43	1093.42	1109.87	40210	0	120
2022.06.16	12:00:00	1110.19	1147.60	1080.39	1111.59	48650	0	130
2022.06.16	16:00:00	1112.06	1131.80	1091.18	1094.77	37361	0	124
2022.06.16	20:00:00	1094.54	1117.52	1050.48	1067.47	32270	0	121
2022.06.17	00:00:00	1067.64	1115.64	1049.08	1070.62	37488	0	124
2022.06.17	04:00:00	1070.71	1116.66	1066.76	1097.58	32468	0	130
2022.06.17	08:00:00	1097.41	1111.94	1084.93	1091.86	29431	0	134
2022.06.17	12:00:00	1091.91	1100.02	1061.75	1082.37	36109	0	125
2022.06.17	16:00:00	1082.33	1091.77	1070.56	1078.40	27720	0	124
2022.06.17	20:00:00	1078.27	1097.73	1073.37	1084.48	19318	0	118
2022.06.18	00:00:00	1084.57	1095.27	1069.66	1077.19	21485	0	116
2022.06.18	04:00:00	1077.20	1081.28	986.37	1002.05	33522	0	113
2022.06.18	08:00:00	1002.21	1014.41	972.65	1003.67	42224	0	110
2022.06.18	12:00:00	1003.73	1007.04	985.54	986.90	26727	0	106
2022.06.18	16:00:00	987.09	997.56	910.95	913.22	44945	0	103
2022.06.18	20:00:00	913.40	1009.07	879.22	993.58	64827	0	113
2022.06.19	00:00:00	993.54	1007.71	937.79	950.55	47727	0	113
2022.06.19	04:00:00	950.63	970.47	933.38	953.22	40262	0	109
2022.06.19	08:00:00	953.17	1073.43	949.83	1052.68	43656	0	111
2022.06.19	12:00:00	1052.71	1073.93	1015.84	1069.42	34307	0	116
2022.06.19	16:00:00	1069.37	1125.73	1040.28	1097.32	33861	0	116
2022.06.19	20:00:00	1097.31	1154.30	1094.38	1125.70	32126	0	127
2022.06.20	00:00:00	1125.85	1129.82	1049.88	1077.84	31751	0	122
2022.06.20	04:00:00	1077.86	1088.96	1057.54	1076.36	26349	0	113
2022.06.20	08:00:00	1076.56	1165.72	1074.10	1150.35	37455	0	129
2022.06.20	12:00:00	1150.30	1151.25	1102.68	1131.82	34992	0	122
2022.06.20	16:00:00	1132.04	1133.77	1079.58	1103.97	31369	0	119
2022.06.20	20:00:00	1104.13	1135.87	1088.30	1126.02	28319	0	113
2022.06.21	00:00:00	1126.15	1140.82	1106.57	1128.41	29828	0	119
2022.06.21	04:00:00	1128.26	1162.15	1115.22	1146.43	27323	0	112
2022.06.21	08:00:00	1146.49	1172.38	1134.69	1138.97	27021	0	117
2022.06.21	12:00:00	1139.06	1191.28	1133.26	1166.35	30732	0	120
2022.06.21	16:00:00	1166.39	1172.72	1119.63	1122.33	24090	0	114
2022.06.21	20:00:00	1122.14	1138.60	1110.81	1123.63	21908	0	106
2022.06.22	00:00:00	1123.52	1124.98	1084.42	1087.21	24925	0	111
2022.06.22	04:00:00	1087.12	1104.67	1063.39	1073.01	25159	0	104
2022.06.22	08:00:00	1073.19	1103.66	1067.59	1095.69	24665	0	105
2022.06.22	12:00:00	1095.66	1122.41	1067.33	1072.98	32157	0	108
2022.06.22	16:00:00	1073.11	1086.50	1051.44	1068.19	30581	0	116
2022.06.22	20:00:00	1068.46	1071.92	1041.13	1047.73	25265	0	107
2022.06.23	00:00:00	1048.14	1096.03	1042.60	1074.66	25626	0	107
2022.06.23	04:00:00	1074.51	1107.35	1070.15	1088.10	22108	0	101
2022.06.23	08:00:00	1088.79	1114.27	1088.79	1104.34	22275	0	102
2022.06.23	12:00:00	1104.28	1127.27	1084.60	1092.30	26424	0	94
2022.06.23	16:00:00	1092.30	1126.46	1081.64	1125.11	22425	0	92
2022.06.23	20:00:00	1125.20	1151.02	1118.41	1143.48	22506	0	100
2022.06.24	00:00:00	1143.44	1166.61	1139.33	1148.70	22956	0	106
2022.06.24	04:00:00	1148.67	1159.36	1130.21	1147.31	21757	0	98
2022.06.24	08:00:00	1147.13	1205.08	1141.36	1193.74	23552	0	102
2022.06.24	12:00:00	1193.88	1222.52	1186.86	1195.60	29104	0	116
2022.06.24	16:00:00	1195.46	1227.19	1181.06	1225.20	24540	0	115
2022.06.24	20:00:00	1225.22	1243.44	1213.12	1222.56	23962	0	113
2022.06.25	00:00:00	1222.83	1224.45	1201.69	1221.76	23215	0	114
2022.06.25	04:00:00	1221.79	1237.40	1208.31	1232.65	20200	0	106
2022.06.25	08:00:00	1232.67	1239.06	1210.70	1215.46	19874	0	103
2022.06.25	12:00:00	1215.47	1217.64	1180.11	1182.13	24393	0	111
2022.06.25	16:00:00	1181.99	1211.46	1177.67	1204.21	20281	0	106
2022.06.25	20:00:00	1204.24	1253.90	1198.92	1240.49	21264	0	109
2022.06.26	00:00:00	1240.71	1243.76	1225.77	1231.47	18740	0	108
2022.06.26	04:00:00	1231.50	1249.28	1230.54	1236.21	18248	0	102
2022.06.26	08:00:00	1236.18	1272.92	1233.05	1268.67	20465	0	105
2022.06.26	12:00:00	1268.65	1277.69	1208.00	1222.03	25350	0	111
2022.06.26	16:00:00	1221.86	1231.27	1209.65	1224.90	19835	0	116
2022.06.26	20:00:00	1224.93	1248.23	1193.73	1196.49	21567	0	118
2022.06.27	00:00:00	1196.46	1224.90	1194.57	1219.24	22187	0	116
2022.06.27	04:00:00	1219.28	1233.57	1210.36	1226.30	18245	0	113
2022.06.27	08:00:00	1226.35	1236.33	1215.91	1218.80	17309	0	117
2022.06.27	12:00:00	1218.84	1222.16	1172.42	1185.26	25943	0	114
2022.06.27	16:00:00	1185.54	1208.63	1172.31	1195.94	21362	0	115
2022.06.27	20:00:00	1195.82	1215.50	1187.27	1190.70	18991	0	106
2022.06.28	00:00:00	1190.78	1197.78	1161.07	1180.53	23726	0	118
2022.06.28	04:00:00	1180.53	1212.77	1176.56	1206.09	17515	0	113
2022.06.28	08:00:00	1206.07	1230.46	1201.96	1221.46	19077	0	115
2022.06.28	12:00:00	1221.40	1233.95	1179.56	1182.09	24679	0	109
2022.06.28	16:00:00	1182.17	1191.32	1150.61	1154.48	23144	0	116
2022.06.28	20:00:00	1154.63	1166.51	1135.01	1142.77	20874	0	113
2022.06.29	00:00:00	1142.71	1154.19	1130.96	1143.45	21909	0	106
2022.06.29	04:00:00	1143.32	1153.22	1111.23	1128.98	24487	0	101
2022.06.29	08:00:00	1129.00	1140.11	1100.27	1115.31	22835	0	101
2022.06.29	12:00:00	1115.27	1121.47	1088.12	1112.74	26804	0	104
2022.06.29	16:00:00	1112.77	1116.00	1085.37	1115.92	23352	0	100
2022.06.29	20:00:00	1115.94	1119.99	1089.95	1097.90	20959	0	99
2022.06.30	00:00:00	1097.98	1104.61	1073.85	1092.60	22560	0	104
2022.06.30	04:00:00	1092.62	1095.43	1051.12	1055.94	25629	0	100
2022.06.30	08:00:00	1056.06	1056.12	1010.12	1016.52	28900	0	106
2022.06.30	12:00:00	1016.67	1039.69	994.89	1030.35	29714	0	108
2022.06.30	16:00:00	1030.44	1043.68	1010.88	1019.17	23239	0	100
2022.06.30	20:00:00	1019.37	1078.64	1003.75	1068.30	27286	0	98
2022.07.01	00:00:00	1068.10	1113.04	1047.59	1051.92	34916	0	115
2022.07.01	04:00:00	1051.98	1072.54	1041.75	1064.59	27951	0	107
2022.07.01	08:00:00	1064.69	1081.72	1030.82	1048.04	22343	0	110
2022.07.01	12:00:00	1048.10	1071.83	1040.61	1054.82	30034	0	104
2022.07.01	16:00:00	1054.66	1077.97	1052.46	1065.75	23791	0	111
2022.07.01	20:00:00	1065.84	1089.22	1052.74	1057.45	21403	0	112
2022.07.02	00:00:00	1057.72	1067.49	1031.88	1036.33	24484	0	118
2022.07.02	04:00:00	1036.36	1050.81	1033.69	1040.46	15489	0	44
2022.07.02	08:00:00	1040.47	1046.90	1026.18	1041.74	13433	0	143
2022.07.02	12:00:00	1041.78	1062.55	1038.19	1051.07	13665	0	125
2022.07.02	16:00:00	1051.06	1076.47	1048.13	1063.96	13535	0	122
2022.07.02	20:00:00	1063.97	1072.80	1058.51	1064.96	12954	0	120
2022.07.03	00:00:00	1064.96	1069.32	1051.93	1060.96	13291	0	119
2022.07.03	04:00:00	1060.89	1083.61	1038.73	1061.88	14305	0	113
2022.07.03	08:00:00	1061.86	1062.99	1048.16	1059.10	13359	0	110
2022.07.03	12:00:00	1059.11	1061.00	1039.53	1048.21	13586	0	108
2022.07.03	16:00:00	1048.40	1080.77	1047.62	1075.73	13763	0	116
2022.07.03	20:00:00	1076.06	1085.37	1067.96	1072.32	13506	0	119
2022.07.04	00:00:00	1072.38	1074.88	1045.85	1049.93	13431	0	114
2022.07.04	04:00:00	1049.99	1055.72	1042.75	1048.75	12798	0	108
2022.07.04	08:00:00	1048.64	1102.26	1047.82	1099.47	13716	0	102
2022.07.04	12:00:00	1099.38	1128.59	1082.72	1110.25	15101	0	101
2022.07.04	16:00:00	1110.31	1132.56	1101.37	1121.25	14211	0	103
2022.07.04	20:00:00	1121.30	1158.91	1115.61	1149.44	14500	0	103
2022.07.05	00:00:00	1149.46	1159.96	1140.39	1151.79	13829	0	96
2022.07.05	04:00:00	1151.99	1171.45	1140.45	1156.48	14018	0	98
2022.07.05	08:00:00	1156.39	1156.83	1105.01	1109.91	14481	0	85
2022.07.05	12:00:00	1109.92	1110.24	1076.62	1092.30	15338	0	88
2022.07.05	16:00:00	1092.13	1150.91	1087.17	1144.97	14916	0	85
2022.07.05	20:00:00	1145.20	1167.65	1127.69	1130.67	13663	0	99
2022.07.06	00:00:00	1130.70	1152.20	1109.72	1129.45	14915	0	95
2022.07.06	04:00:00	1129.54	1148.48	1118.88	1137.36	14783	0	96
2022.07.06	08:00:00	1137.09	1153.54	1126.57	1132.19	14483	0	96
2022.07.06	12:00:00	1132.13	1147.33	1120.76	1132.49	14870	0	91
2022.07.06	16:00:00	1132.54	1167.40	1131.06	1151.78	14566	0	95
2022.07.06	20:00:00	1152.03	1201.84	1149.50	1185.63	14260	0	94
2022.07.07	00:00:00	1185.65	1188.85	1164.47	1174.69	13798	0	97
2022.07.07	04:00:00	1174.73	1177.03	1161.44	1175.73	13554	0	109
2022.07.07	08:00:00	1175.74	1191.79	1172.03	1185.03	13155	0	102
2022.07.07	12:00:00	1185.01	1226.83	1178.57	1218.66	14640	0	95
2022.07.07	16:00:00	1218.63	1251.78	1213.24	1245.47	14556	0	101
2022.07.07	20:00:00	1245.64	1248.20	1223.77	1235.49	13905	0	101
2022.07.08	00:00:00	1235.83	1272.64	1229.49	1257.99	14288	0	129
2022.07.08	04:00:00	1258.04	1265.13	1234.03	1240.33	13734	0	92
2022.07.08	08:00:00	1240.35	1243.59	1202.90	1220.20	14419	0	95
2022.07.08	12:00:00	1220.23	1239.83	1191.04	1234.74	15877	0	91
2022.07.08	16:00:00	1234.90	1246.34	1211.01	1238.36	14567	0	99
2022.07.08	20:00:00	1238.14	1252.63	1209.67	1212.50	13809	0	95
2022.07.09	00:00:00	1212.74	1220.49	1203.70	1215.79	14005	0	96
2022.07.09	04:00:00	1215.77	1226.09	1209.75	1223.88	13454	0	93
2022.07.09	08:00:00	1223.86	1226.38	1204.85	1208.52	13391	0	84
2022.07.09	12:00:00	1208.58	1221.15	1205.02	1214.23	13534	0	88
2022.07.09	16:00:00	1214.38	1232.84	1208.40	1217.87	13390	0	81
2022.07.09	20:00:00	1217.88	1225.13	1212.15	1216.18	13079	0	87
2022.07.10	00:00:00	1216.23	1218.86	1181.37	1185.93	13932	0	95
2022.07.10	04:00:00	1186.03	1194.45	1183.10	1188.69	12993	0	100
2022.07.10	08:00:00	1188.71	1192.80	1172.96	1182.32	13590	0	101
2022.07.10	12:00:00	1182.45	1186.15	1154.53	1162.33	14041	0	94
2022.07.10	16:00:00	1162.36	1174.73	1152.70	1173.12	13724	0	94
2022.07.10	20:00:00	1172.95	1183.72	1159.00	1166.43	13921	0	97
2022.07.11	00:00:00	1166.70	1169.46	1142.09	1152.76	14190	0	84
2022.07.11	04:00:00	1152.76	1153.78	1135.84	1141.73	13924	0	90
2022.07.11	08:00:00	1141.76	1148.43	1139.61	1141.84	13380	0	85
2022.07.11	12:00:00	1141.85	1158.89	1127.27	1141.90	14608	0	92
2022.07.11	16:00:00	1142.02	1154.85	1134.46	1139.85	13875	0	100
2022.07.11	20:00:00	1139.79	1142.87	1085.02	1094.50	14551	0	93
2022.07.12	00:00:00	1094.51	1095.97	1079.90	1084.50	14315	0	94
2022.07.12	04:00:00	1084.59	1091.82	1061.37	1067.69	13615	0	89
2022.07.12	08:00:00	1067.71	1069.83	1052.11	1064.43	13732	0	72
2022.07.12	12:00:00	1064.35	1081.42	1059.92	1073.91	14516	0	73
2022.07.12	16:00:00	1073.90	1086.73	1030.96	1040.22	14292	0	77
2022.07.12	20:00:00	1039.88	1049.86	1033.65	1037.48	13906	0	76
2022.07.13	00:00:00	1037.36	1058.19	1033.55	1050.76	13887	0	76
2022.07.13	04:00:00	1050.67	1070.84	1047.92	1068.26	13496	0	70
2022.07.13	08:00:00	1068.31	1081.79	1064.44	1080.64	13704	0	78
2022.07.13	12:00:00	1080.52	1099.75	1006.08	1059.51	17781	0	85
2022.07.13	16:00:00	1059.35	1096.75	1048.03	1075.56	15128	0	105
2022.07.13	20:00:00	1075.65	1114.99	1073.44	1111.80	14142	0	107
2022.07.14	00:00:00	1112.12	1122.84	1104.66	1110.24	14284	0	363
2022.07.14	04:00:00	1110.27	1112.37	1089.18	1094.47	14229	0	350
2022.07.14	08:00:00	1094.58	1100.11	1071.24	1080.40	14447	0	88
2022.07.14	12:00:00	1080.41	1145.88	1070.26	1139.23	16373	0	97
2022.07.14	16:00:00	1139.43	1211.69	1130.83	1191.84	15942	0	108
2022.07.14	20:00:00	1192.02	1199.32	1178.25	1191.83	13426	0	98
2022.07.15	00:00:00	1191.79	1220.05	1179.44	1198.63	13812	0	96
2022.07.15	04:00:00	1198.62	1216.10	1188.49	1210.33	14003	0	100
2022.07.15	08:00:00	1210.37	1228.30	1200.19	1209.94	14400	0	99
2022.07.15	12:00:00	1209.89	1235.98	1205.93	1221.84	15409	0	99
2022.07.15	16:00:00	1221.52	1268.57	1202.53	1264.06	14864	0	95
2022.07.15	20:00:00	1264.38	1284.45	1226.31	1230.38	14326	0	90
2022.07.16	00:00:00	1230.22	1234.13	1208.49	1221.12	13507	0	85
2022.07.16	04:00:00	1220.98	1221.96	1190.98	1196.65	13561	0	85
2022.07.16	08:00:00	1196.59	1205.16	1192.31	1197.18	13555	0	90
2022.07.16	12:00:00	1197.18	1275.19	1194.40	1273.42	14725	0	93
2022.07.16	16:00:00	1273.20	1421.35	1271.63	1334.20	17740	0	109
2022.07.16	20:00:00	1334.23	1359.41	1312.86	1354.21	14645	0	155
2022.07.17	00:00:00	1353.98	1384.45	1326.44	1352.38	14896	0	150
2022.07.17	04:00:00	1352.38	1374.98	1345.39	1360.39	14183	0	153
2022.07.17	08:00:00	1360.16	1374.84	1336.34	1361.62	14623	0	155
2022.07.17	12:00:00	1361.75	1365.71	1329.47	1350.79	15346	0	157
2022.07.17	16:00:00	1350.79	1379.65	1318.63	1347.42	15965	0	120
2022.07.17	20:00:00	1347.42	1374.04	1334.08	1336.73	14431	0	116
2022.07.18	00:00:00	1337.02	1418.51	1334.36	1405.03	15484	0	119
2022.07.18	04:00:00	1404.97	1472.36	1393.42	1465.70	16513	0	126
2022.07.18	08:00:00	1465.57	1507.11	1461.32	1477.05	16108	0	137
2022.07.18	12:00:00	1477.23	1527.35	1452.49	1519.01	16066	0	105
2022.07.18	16:00:00	1519.71	1527.77	1448.69	1470.33	16170	0	126
2022.07.18	20:00:00	1470.84	1594.60	1459.73	1580.26	16187	0	120
2022.07.19	00:00:00	1579.60	1629.74	1510.22	1514.63	18485	0	143
2022.07.19	04:00:00	1514.74	1541.93	1491.62	1510.20	16278	0	134
2022.07.19	08:00:00	1509.94	1560.63	1504.97	1540.94	15951	0	127
2022.07.19	12:00:00	1540.92	1576.19	1504.94	1539.53	18750	0	134
2022.07.19	16:00:00	1539.33	1587.95	1533.71	1559.41	17677	0	150
2022.07.19	20:00:00	1559.78	1587.35	1523.92	1541.11	15836	0	138
2022.07.20	00:00:00	1540.99	1567.50	1509.29	1561.70	15437	0	130
2022.07.20	04:00:00	1561.18	1577.12	1528.03	1529.71	14935	0	113
2022.07.20	08:00:00	1529.59	1612.98	1526.00	1602.51	15298	0	108
2022.07.20	12:00:00	1602.49	1618.02	1580.95	1595.00	14089	0	128
2022.07.20	16:00:00	1594.99	1596.05	1535.84	1549.75	13268	0	194
2022.07.20	20:00:00	1549.94	1564.24	1484.15	1521.15	13365	0	197
2022.07.21	00:00:00	1520.83	1550.67	1481.23	1487.35	13354	0	224
2022.07.21	04:00:00	1487.37	1496.32	1460.67	1487.20	13152	0	213
2022.07.21	08:00:00	1487.26	1517.00	1475.28	1487.89	13100	0	218
2022.07.21	12:00:00	1487.80	1513.24	1478.44	1509.75	13342	0	238
2022.07.21	16:00:00	1509.64	1578.77	1507.53	1577.75	13298	0	245
2022.07.21	20:00:00	1577.90	1602.73	1562.39	1573.94	12970	0	240
2022.07.22	00:00:00	1573.99	1593.95	1551.45	1560.17	12849	0	234
2022.07.22	04:00:00	1560.22	1611.74	1553.22	1601.10	13798	0	179
2022.07.22	08:00:00	1601.60	1644.50	1594.21	1638.43	14780	0	157
2022.07.22	12:00:00	1637.88	1642.95	1568.30	1574.39	15931	0	133
2022.07.22	16:00:00	1574.35	1591.43	1518.39	1525.07	15552	0	116
2022.07.22	20:00:00	1525.06	1543.77	1516.21	1535.48	14427	0	117
2022.07.23	00:00:00	1535.50	1579.70	1523.04	1570.71	14168	0	105
2022.07.23	04:00:00	1570.82	1595.96	1563.83	1577.58	14028	0	97
2022.07.23	08:00:00	1577.87	1588.02	1518.33	1521.38	15010	0	95
2022.07.23	12:00:00	1521.32	1536.70	1502.46	1522.87	14648	0	94
2022.07.23	16:00:00	1522.94	1532.22	1487.90	1513.34	15502	0	102
2022.07.23	20:00:00	1512.94	1554.60	1510.71	1548.26	14062	0	100
2022.07.24	00:00:00	1548.17	1576.39	1545.90	1551.11	14142	0	95
2022.07.24	04:00:00	1550.97	1618.51	1546.30	1603.35	14859	0	90
2022.07.24	08:00:00	1603.24	1627.64	1578.79	1615.37	14610	0	90
2022.07.24	12:00:00	1615.14	1619.51	1572.05	1612.01	15412	0	101
2022.07.24	16:00:00	1612.03	1615.37	1582.50	1602.81	14775	0	100
2022.07.24	20:00:00	1602.39	1662.91	1587.72	1597.14	15858	0	100
2022.07.25	00:00:00	1597.10	1608.89	1499.71	1511.35	16276	0	103
2022.07.25	04:00:00	1510.89	1529.58	1499.43	1522.77	14463	0	114
2022.07.25	08:00:00	1522.45	1552.39	1511.27	1537.42	14187	0	110
2022.07.25	12:00:00	1537.61	1538.55	1501.67	1525.86	16075	0	117
2022.07.25	16:00:00	1525.77	1533.34	1455.13	1492.55	15856	0	137
2022.07.25	20:00:00	1492.72	1537.44	1434.00	1438.56	17413	0	131
2022.07.26	00:00:00	1438.91	1447.49	1399.47	1430.68	16398	0	131
2022.07.26	04:00:00	1430.92	1437.60	1405.97	1407.76	14325	0	120
2022.07.26	08:00:00	1407.58	1422.56	1384.20	1404.55	14439	0	119
2022.07.26	12:00:00	1404.69	1418.23	1362.99	1367.02	17087	0	109
2022.07.26	16:00:00	1367.10	1393.53	1355.12	1364.13	15243	0	105
2022.07.26	20:00:00	1363.99	1452.32	1354.49	1447.03	16248	0	104
2022.07.27	00:00:00	1447.32	1456.57	1419.35	1423.24	14679	0	107
2022.07.27	04:00:00	1423.35	1471.11	1421.68	1464.45	14357	0	108
2022.07.27	08:00:00	1464.53	1474.58	1446.62	1451.98	14034	0	103
2022.07.27	12:00:00	1452.04	1497.22	1443.90	1489.08	14946	0	97
2022.07.27	16:00:00	1488.94	1612.11	1478.12	1587.67	19083	0	102
2022.07.27	20:00:00	1587.59	1642.85	1584.81	1635.07	15287	0	121
2022.07.28	00:00:00	1635.24	1675.13	1604.34	1648.65	15282	0	111
2022.07.28	04:00:00	1648.39	1653.27	1611.71	1617.30	14326	0	110
2022.07.28	08:00:00	1617.68	1642.82	1600.72	1641.43	14988	0	112
2022.07.28	12:00:00	1641.52	1752.42	1594.32	1727.74	19419	0	126
2022.07.28	16:00:00	1728.21	1749.09	1712.72	1724.91	15586	0	116
2022.07.28	20:00:00	1725.14	1782.35	1712.87	1723.86	15610	0	123
2022.07.29	00:00:00	1723.91	1731.44	1692.40	1727.76	15167	0	120
2022.07.29	04:00:00	1727.32	1752.60	1705.65	1715.07	15099	0	124
2022.07.29	08:00:00	1714.84	1732.70	1669.07	1682.11	15895	0	134
2022.07.29	12:00:00	1682.08	1743.97	1655.18	1722.19	16764	0	128
2022.07.29	16:00:00	1722.54	1733.74	1667.51	1722.22	16611	0	126
2022.07.29	20:00:00	1722.11	1764.17	1703.20	1720.85	15548	0	126
2022.07.30	00:00:00	1720.77	1733.92	1685.98	1706.49	15357	0	132
2022.07.30	04:00:00	1706.66	1719.36	1687.03	1714.80	13881	0	131
2022.07.30	08:00:00	1715.11	1722.28	1678.10	1704.68	14210	0	130
2022.07.30	12:00:00	1704.68	1743.25	1695.83	1736.97	15305	0	121
2022.07.30	16:00:00	1736.90	1737.76	1688.91	1691.95	14630	0	112
2022.07.30	20:00:00	1691.68	1709.30	1673.46	1696.92	15037	0	127
2022.07.31	00:00:00	1696.99	1712.38	1685.98	1693.39	14757	0	127
2022.07.31	04:00:00	1693.47	1707.94	1689.18	1697.57	13816	0	126
2022.07.31	08:00:00	1697.56	1722.18	1685.83	1718.31	14181	0	125
2022.07.31	12:00:00	1718.27	1722.24	1693.50	1711.78	14514	0	121
2022.07.31	16:00:00	1711.79	1752.01	1687.15	1717.89	15703	0	126
2022.07.31	20:00:00	1718.06	1725.75	1666.94	1678.86	15208	0	124
2022.08.01	00:00:00	1679.11	1704.59	1673.97	1691.75	14612	0	117
2022.08.01	04:00:00	1691.77	1697.58	1673.65	1692.89	14325	0	114
2022.08.01	08:00:00	1692.48	1695.78	1642.49	1668.76	14624	0	125
2022.08.01	12:00:00	1668.80	1690.27	1636.81	1672.51	15960	0	132
2022.08.01	16:00:00	1672.60	1673.71	1616.29	1621.82	15423	0	132
2022.08.01	20:00:00	1621.95	1643.21	1605.76	1629.49	14953	0	128
2022.08.02	00:00:00	1629.69	1656.63	1568.45	1577.94	16084	0	135
2022.08.02	04:00:00	1577.67	1595.03	1566.33	1593.28	14754	0	112
2022.08.02	08:00:00	1593.07	1598.12	1560.55	1587.22	15267	0	117
2022.08.02	12:00:00	1587.10	1636.93	1564.67	1629.55	17908	0	114
2022.08.02	16:00:00	1629.45	1677.29	1621.56	1635.45	16026	0	138
2022.08.02	20:00:00	1635.85	1659.33	1627.72	1630.12	14866	0	128
2022.08.03	00:00:00	1630.00	1637.74	1589.09	1618.89	15271	0	137
2022.08.03	04:00:00	1618.76	1642.43	1612.22	1627.80	14110	0	128
2022.08.03	08:00:00	1627.91	1671.05	1627.63	1664.69	14643	0	147
2022.08.03	12:00:00	1664.66	1682.93	1644.63	1655.60	15495	0	144
2022.08.03	16:00:00	1655.48	1669.70	1646.06	1652.96	14384	0	141
2022.08.03	20:00:00	1653.29	1656.26	1606.95	1617.23	14498	0	132
2022.08.04	00:00:00	1617.12	1658.00	1614.78	1650.50	14435	0	128
2022.08.04	04:00:00	1650.94	1661.49	1615.16	1624.99	13966	0	116
2022.08.04	08:00:00	1625.04	1629.35	1604.81	1615.51	13872	0	124
2022.08.04	12:00:00	1615.27	1642.34	1596.35	1614.32	15256	0	130
2022.08.04	16:00:00	1614.34	1622.82	1580.20	1589.54	14772	0	130
2022.08.04	20:00:00	1589.78	1611.25	1580.14	1606.28	13945	0	124
2022.08.05	00:00:00	1606.26	1666.82	1604.72	1657.52	14269	0	125
2022.08.05	04:00:00	1657.76	1676.83	1645.28	1662.49	13665	0	133
2022.08.05	08:00:00	1662.58	1716.27	1650.90	1713.11	14223	0	124
2022.08.05	12:00:00	1713.21	1724.38	1663.39	1669.41	15857	0	142
2022.08.05	16:00:00	1669.40	1683.02	1656.17	1680.56	14225	0	126
2022.08.05	20:00:00	1680.31	1740.10	1666.21	1735.51	14443	0	136
2022.08.06	00:00:00	1735.79	1748.82	1725.02	1733.06	14031	0	146
2022.08.06	04:00:00	1733.05	1735.84	1712.56	1719.31	13096	0	143
2022.08.06	08:00:00	1719.38	1722.81	1701.95	1711.05	13493	0	154
2022.08.06	12:00:00	1711.07	1719.00	1705.49	1713.60	12753	0	167
2022.08.06	16:00:00	1713.49	1718.00	1684.38	1713.24	13696	0	163
2022.08.06	20:00:00	1713.21	1720.38	1685.79	1688.90	13421	0	140
2022.08.07	00:00:00	1689.06	1697.32	1667.69	1683.29	13338	0	162
2022.08.07	04:00:00	1683.35	1688.37	1671.91	1685.60	12760	0	139
2022.08.07	08:00:00	1685.62	1692.90	1671.94	1691.95	13243	0	141
2022.08.07	12:00:00	1691.79	1713.84	1690.73	1698.21	13514	0	136
2022.08.07	16:00:00	1698.20	1714.76	1694.19	1707.39	13315	0	124
2022.08.07	20:00:00	1707.08	1727.71	1688.06	1699.46	12518	0	126
2022.08.08	00:00:00	1699.41	1718.28	1693.81	1709.19	12013	0	117
2022.08.08	04:00:00	1709.23	1737.99	1706.60	1732.58	11205	0	119
2022.08.08	08:00:00	1732.52	1790.29	1728.00	1789.08	11850	0	111
2022.08.08	12:00:00	1789.11	1815.28	1766.11	1774.52	14807	0	122
2022.08.08	16:00:00	1774.51	1786.34	1754.55	1782.07	14321	0	143
2022.08.08	20:00:00	1782.30	1798.48	1757.84	1775.88	13966	0	132
2022.08.09	00:00:00	1775.70	1785.75	1760.14	1777.65	13806	0	128
2022.08.09	04:00:00	1777.66	1789.08	1765.77	1780.76	13665	0	125
2022.08.09	08:00:00	1780.91	1781.84	1692.05	1703.12	14818	0	122
2022.08.09	12:00:00	1703.27	1716.97	1669.39	1683.72	15121	0	154
2022.08.09	16:00:00	1683.64	1697.33	1673.91	1686.36	14261	0	157
2022.08.09	20:00:00	1686.41	1714.74	1685.55	1702.22	13705	0	148
2022.08.10	00:00:00	1702.28	1702.28	1655.16	1668.61	14660	0	137
2022.08.10	04:00:00	1668.63	1690.22	1666.49	1685.22	13889	0	145
2022.08.10	08:00:00	1685.02	1712.41	1683.76	1706.47	14347	0	137
2022.08.10	12:00:00	1706.55	1851.96	1702.86	1836.47	17139	0	140
2022.08.10	16:00:00	1836.31	1848.07	1802.85	1816.96	14227	0	127
2022.08.10	20:00:00	1817.11	1883.00	1816.58	1853.52	14476	0	125
2022.08.11	00:00:00	1853.57	1917.30	1850.53	1880.89	15518	0	153
2022.08.11	04:00:00	1880.88	1905.63	1871.35	1879.02	14401	0	151
2022.08.11	08:00:00	1878.97	1912.89	1874.20	1904.62	13771	0	129
2022.08.11	12:00:00	1904.72	1941.13	1883.51	1890.59	15992	0	116
2022.08.11	16:00:00	1890.71	1908.34	1875.58	1898.66	14719	0	113
2022.08.11	20:00:00	1898.94	1905.56	1866.78	1880.35	14244	0	108
2022.08.12	00:00:00	1880.43	1912.95	1857.64	1904.56	14948	0	113
2022.08.12	04:00:00	1904.58	1909.25	1881.99	1888.96	14135	0	103
2022.08.12	08:00:00	1889.07	1904.18	1852.85	1868.47	14444	0	103
2022.08.12	12:00:00	1868.51	1904.07	1866.53	1898.07	14546	0	118
2022.08.12	16:00:00	1898.27	1931.08	1891.30	1926.63	13660	0	108
2022.08.12	20:00:00	1926.63	1963.79	1916.99	1958.18	13935	0	114
2022.08.13	00:00:00	1958.28	1997.39	1945.07	1994.91	14180	0	132
2022.08.13	04:00:00	1995.37	2019.42	1985.53	1995.37	14321	0	147
2022.08.13	08:00:00	1995.46	2007.36	1972.84	1985.38	13656	0	153
2022.08.13	12:00:00	1985.23	1994.75	1962.55	1988.16	13571	0	132
2022.08.13	16:00:00	1988.14	2002.86	1972.05	1975.01	13596	0	132
2022.08.13	20:00:00	1975.13	1993.94	1967.22	1983.28	13163	0	120
2022.08.14	00:00:00	1983.31	1994.10	1970.60	1985.75	13147	0	127
2022.08.14	04:00:00	1985.75	2029.32	1980.04	2015.97	13549	0	131
2022.08.14	08:00:00	2016.30	2016.93	1980.60	1990.15	13653	0	142
2022.08.14	12:00:00	1990.12	1991.54	1970.24	1983.64	13482	0	126
2022.08.14	16:00:00	1983.68	1984.61	1905.26	1931.30	14480	0	127
2022.08.14	20:00:00	1931.20	1959.64	1915.39	1935.40	14041	0	128
2022.08.15	00:00:00	1935.54	2012.26	1922.36	1986.67	14733	0	130
2022.08.15	04:00:00	1986.76	1991.91	1885.48	1899.53	15042	0	125
2022.08.15	08:00:00	1899.15	1913.25	1875.24	1890.80	14996	0	162
2022.08.15	12:00:00	1890.77	1922.48	1872.21	1917.93	15599	0	167
2022.08.15	16:00:00	1917.56	1932.72	1885.18	1889.74	14612	0	163
2022.08.15	20:00:00	1889.81	1917.17	1876.06	1898.73	14430	0	155
2022.08.16	00:00:00	1898.49	1913.83	1860.38	1886.77	14622	0	167
2022.08.16	04:00:00	1886.88	1892.96	1855.79	1886.56	14165	0	170
2022.08.16	08:00:00	1886.65	1913.65	1874.57	1905.82	14074	0	159
2022.08.16	12:00:00	1905.82	1913.87	1862.52	1886.93	15256	0	163
2022.08.16	16:00:00	1886.97	1897.07	1851.21	1878.23	14560	0	173
2022.08.16	20:00:00	1878.41	1886.20	1864.63	1875.74	13244	0	160
2022.08.17	00:00:00	1875.81	1903.45	1873.29	1894.51	13903	0	162
2022.08.17	04:00:00	1894.49	1955.24	1887.75	1888.69	14553	0	157
2022.08.17	08:00:00	1888.68	1901.36	1867.50	1875.53	14067	0	149
2022.08.17	12:00:00	1875.52	1884.41	1818.78	1829.65	15045	0	159
2022.08.17	16:00:00	1829.57	1869.56	1823.06	1837.66	15027	0	132
2022.08.17	20:00:00	1837.81	1853.21	1824.14	1833.74	13859	0	138
2022.08.18	00:00:00	1833.88	1865.24	1821.19	1848.74	14579	0	155
2022.08.18	04:00:00	1848.74	1853.18	1835.51	1845.01	13920	0	149
2022.08.18	08:00:00	1845.23	1865.95	1834.44	1859.09	13935	0	148
2022.08.18	12:00:00	1859.10	1881.60	1849.33	1873.26	15032	0	145
2022.08.18	16:00:00	1873.30	1878.19	1855.37	1870.55	14242	0	138
2022.08.18	20:00:00	1870.42	1879.43	1843.19	1846.65	13903	0	131
2022.08.19	00:00:00	1846.25	1848.26	1806.03	1818.28	14801	0	141
2022.08.19	04:00:00	1818.17	1824.78	1720.77	1744.84	15267	0	128
2022.08.19	08:00:00	1745.17	1745.96	1683.13	1707.84	15836	0	125
2022.08.19	12:00:00	1707.76	1707.76	1677.16	1697.62	15470	0	124
2022.08.19	16:00:00	1697.59	1726.39	1680.41	1701.20	15255	0	122
2022.08.19	20:00:00	1701.03	1706.45	1602.78	1609.15	16396	0	139
2022.08.20	00:00:00	1609.05	1638.05	1608.15	1628.06	14941	0	103
2022.08.20	04:00:00	1628.28	1655.30	1625.49	1647.91	14771	0	107
2022.08.20	08:00:00	1647.96	1650.10	1617.77	1631.28	14030	0	129
2022.08.20	12:00:00	1631.33	1643.75	1624.70	1634.56	13974	0	129
2022.08.20	16:00:00	1634.70	1639.93	1555.54	1563.87	15908	0	119
2022.08.20	20:00:00	1564.10	1587.59	1524.09	1575.85	16035	0	132
2022.08.21	00:00:00	1575.86	1603.54	1572.83	1585.42	14299	0	116
2022.08.21	04:00:00	1585.41	1595.09	1562.54	1585.18	13877	0	122
2022.08.21	08:00:00	1584.89	1629.99	1584.17	1627.16	15163	0	110
2022.08.21	12:00:00	1627.12	1641.34	1600.20	1621.94	14404	0	109
2022.08.21	16:00:00	1621.92	1635.29	1610.63	1624.98	14220	0	110
2022.08.21	20:00:00	1624.98	1645.76	1580.29	1618.35	15855	0	112
2022.08.22	00:00:00	1618.51	1621.55	1593.32	1594.34	14907	0	121
2022.08.22	04:00:00	1593.97	1609.83	1550.99	1555.85	15081	0	120
2022.08.22	08:00:00	1556.08	1579.80	1529.40	1566.77	15595	0	136
2022.08.22	12:00:00	1566.96	1594.32	1547.19	1589.41	16381	0	120
2022.08.22	16:00:00	1589.34	1599.43	1547.55	1566.54	14571	0	137
2022.08.22	20:00:00	1566.54	1628.24	1563.35	1624.29	14599	0	134
2022.08.23	00:00:00	1624.61	1638.04	1607.23	1609.31	14507	0	139
2022.08.23	04:00:00	1609.33	1617.43	1563.54	1602.31	14859	0	137
2022.08.23	08:00:00	1602.28	1623.92	1587.12	1619.88	14876	0	125
2022.08.23	12:00:00	1620.05	1654.85	1606.48	1640.69	15782	0	118
2022.08.23	16:00:00	1640.67	1673.37	1624.33	1650.11	14378	0	121
2022.08.23	20:00:00	1650.37	1672.47	1642.47	1665.72	13897	0	114
2022.08.24	00:00:00	1665.84	1667.18	1604.71	1614.42	14961	0	120
2022.08.24	04:00:00	1614.48	1650.05	1610.44	1627.60	14359	0	123
2022.08.24	08:00:00	1627.71	1654.28	1626.49	1652.00	14185	0	127
2022.08.24	12:00:00	1652.08	1687.34	1642.79	1682.65	15213	0	125
2022.08.24	16:00:00	1682.92	1693.11	1663.73	1678.03	14585	0	129
2022.08.24	20:00:00	1678.29	1686.60	1652.01	1657.14	13855	0	121
2022.08.25	00:00:00	1657.18	1684.81	1653.93	1670.09	13998	0	115
2022.08.25	04:00:00	1670.10	1711.33	1669.63	1708.44	14055	0	114
2022.08.25	08:00:00	1708.41	1715.76	1693.31	1709.14	13806	0	116
2022.08.25	12:00:00	1709.08	1721.71	1688.92	1700.90	14887	0	115
2022.08.25	16:00:00	1700.87	1712.71	1689.70	1705.35	14148	0	108
2022.08.25	20:00:00	1705.66	1712.84	1683.02	1695.30	13680	0	107
2022.08.26	00:00:00	1695.22	1695.32	1671.70	1687.05	14084	0	98
2022.08.26	04:00:00	1687.08	1688.10	1641.52	1661.23	14227	0	102
2022.08.26	08:00:00	1661.25	1666.90	1622.01	1629.34	14105	0	102
2022.08.26	12:00:00	1629.34	1704.08	1586.33	1594.35	18768	0	110
2022.08.26	16:00:00	1594.40	1599.48	1538.57	1559.93	15951	0	131
2022.08.26	20:00:00	1560.04	1568.50	1486.76	1507.55	15563	0	132
2022.08.27	00:00:00	1507.99	1518.93	1483.34	1502.45	15127	0	118
2022.08.27	04:00:00	1502.36	1510.23	1471.99	1507.51	13778	0	112
2022.08.27	08:00:00	1507.90	1511.66	1495.15	1506.45	14271	0	100
2022.08.27	12:00:00	1506.39	1509.89	1455.18	1470.31	14871	0	96
2022.08.27	16:00:00	1470.50	1484.49	1447.69	1480.37	14648	0	107
2022.08.27	20:00:00	1480.55	1499.02	1459.32	1492.38	14224	0	100
2022.08.28	00:00:00	1492.41	1510.47	1476.69	1491.69	14249	0	105
2022.08.28	04:00:00	1491.75	1502.54	1481.63	1497.30	13486	0	99
2022.08.28	08:00:00	1497.31	1504.15	1476.38	1485.31	13778	0	102
2022.08.28	12:00:00	1485.58	1489.14	1460.60	1487.35	14371	0	97
2022.08.28	16:00:00	1487.38	1497.14	1479.10	1483.68	13591	0	97
2022.08.28	20:00:00	1483.78	1491.90	1424.44	1426.94	15145	0	99
2022.08.29	00:00:00	1427.02	1462.04	1422.01	1456.79	15358	0	103
2022.08.29	04:00:00	1456.97	1462.60	1439.24	1454.86	14272	0	92
2022.08.29	08:00:00	1454.83	1456.54	1441.28	1448.95	14030	0	90
2022.08.29	12:00:00	1449.01	1530.34	1446.69	1521.76	16406	0	93
2022.08.29	16:00:00	1522.13	1545.04	1520.34	1531.49	14491	0	111
2022.08.29	20:00:00	1531.43	1559.58	1529.37	1552.36	13886	0	100
2022.08.30	00:00:00	1551.95	1552.58	1524.93	1544.17	13546	0	90
2022.08.30	04:00:00	1544.18	1599.67	1543.17	1586.50	14552	0	97
2022.08.30	08:00:00	1586.49	1605.27	1575.66	1584.82	14085	0	99
2022.08.30	12:00:00	1584.80	1593.64	1510.21	1525.40	16004	0	102
2022.08.30	16:00:00	1525.10	1567.95	1474.55	1542.96	16236	0	96
2022.08.30	20:00:00	1543.00	1564.99	1516.02	1524.46	14960	0	102
2022.08.31	00:00:00	1524.27	1613.63	1524.27	1606.16	15459	0	106
2022.08.31	04:00:00	1606.15	1618.00	1576.08	1583.27	14636	0	89
2022.08.31	08:00:00	1583.43	1606.03	1559.41	1593.87	15429	0	92
2022.08.31	12:00:00	1593.60	1607.90	1535.58	1561.61	16986	0	92
2022.08.31	16:00:00	1561.72	1587.88	1529.74	1575.60	15755	0	99
2022.08.31	20:00:00	1575.37	1583.28	1543.35	1554.86	14263	0	93
2022.09.01	00:00:00	1554.88	1574.06	1534.94	1550.50	15113	0	87
2022.09.01	04:00:00	1550.52	1563.53	1531.16	1545.34	14361	0	86
2022.09.01	08:00:00	1545.15	1584.78	1533.55	1578.07	14492	0	87
2022.09.01	12:00:00	1578.03	1580.68	1512.72	1536.54	16344	0	89
2022.09.01	16:00:00	1536.46	1572.00	1523.91	1564.81	14925	0	93
2022.09.01	20:00:00	1565.03	1597.90	1562.80	1585.49	13670	0	85
2022.09.02	00:00:00	1585.44	1604.49	1567.66	1594.55	13959	0	86
2022.09.02	04:00:00	1594.61	1609.43	1578.17	1593.22	13583	0	93
2022.09.02	08:00:00	1593.23	1600.68	1581.40	1592.00	13785	0	94
2022.09.02	12:00:00	1591.91	1647.28	1583.41	1635.36	16552	0	100
2022.09.02	16:00:00	1635.46	1638.75	1546.50	1560.89	15713	0	114
2022.09.02	20:00:00	1560.88	1586.78	1550.63	1576.14	13828	0	105
2022.09.03	00:00:00	1576.20	1582.37	1555.46	1561.90	13643	0	98
2022.09.03	04:00:00	1561.84	1572.90	1535.26	1544.99	12988	0	87
2022.09.03	08:00:00	1544.77	1560.02	1540.65	1549.10	13203	0	85
2022.09.03	12:00:00	1549.10	1565.26	1545.11	1549.22	13175	0	80
2022.09.03	16:00:00	1549.24	1562.85	1537.23	1550.23	13014	0	73
2022.09.03	20:00:00	1550.18	1560.75	1547.70	1558.22	11639	0	74
2022.09.04	00:00:00	1558.13	1561.82	1548.76	1552.86	11941	0	73
2022.09.04	04:00:00	1552.87	1557.38	1544.13	1546.11	11451	0	72
2022.09.04	08:00:00	1546.05	1563.64	1541.61	1563.64	11968	0	77
2022.09.04	12:00:00	1563.62	1580.42	1545.40	1560.37	13208	0	78
2022.09.04	16:00:00	1560.35	1574.66	1556.17	1566.77	12343	0	78
2022.09.04	20:00:00	1566.79	1579.73	1563.53	1578.77	12545	0	72
2022.09.05	00:00:00	1578.54	1589.89	1568.70	1575.01	12862	0	74
2022.09.05	04:00:00	1575.02	1579.57	1557.35	1562.65	12714	0	76
2022.09.05	08:00:00	1562.67	1568.77	1557.88	1566.76	12445	0	77
2022.09.05	12:00:00	1566.78	1604.60	1562.50	1599.55	13662	0	81
2022.09.05	16:00:00	1599.56	1608.27	1576.14	1585.72	13133	0	94
2022.09.05	20:00:00	1585.55	1628.40	1585.07	1616.47	13047	0	91
2022.09.06	00:00:00	1616.70	1673.82	1614.22	1639.17	15031	0	96
2022.09.06	04:00:00	1639.15	1676.30	1636.32	1656.85	14057	0	94
2022.09.06	08:00:00	1657.04	1675.74	1645.25	1666.98	13772	0	96
2022.09.06	12:00:00	1666.90	1684.86	1633.23	1668.39	15003	0	108
2022.09.06	16:00:00	1668.34	1672.94	1562.85	1576.57	15883	0	99
2022.09.06	20:00:00	1576.97	1588.30	1556.25	1559.39	13446	0	92
2022.09.07	00:00:00	1559.41	1567.75	1491.67	1510.95	14379	0	100
2022.09.07	04:00:00	1511.08	1527.09	1500.45	1519.08	13402	0	93
2022.09.07	08:00:00	1519.10	1526.46	1505.68	1514.37	12724	0	84
2022.09.07	12:00:00	1514.33	1550.67	1500.61	1544.56	14671	0	88
2022.09.07	16:00:00	1544.66	1580.83	1536.73	1570.42	14214	0	94
2022.09.07	20:00:00	1570.36	1655.29	1568.99	1629.00	14964	0	92
2022.09.08	00:00:00	1628.94	1636.40	1611.65	1628.45	13064	0	85
2022.09.08	04:00:00	1628.47	1645.52	1594.36	1612.31	13372	0	82
2022.09.08	08:00:00	1612.33	1642.80	1605.50	1634.83	13432	0	88
2022.09.08	12:00:00	1634.71	1653.59	1598.53	1628.93	16366	0	100
2022.09.08	16:00:00	1628.97	1649.43	1608.69	1649.43	14631	0	104
2022.09.08	20:00:00	1649.64	1660.50	1626.29	1634.44	13148	0	98
2022.09.09	00:00:00	1634.49	1675.18	1629.92	1671.65	13232	0	96
2022.09.09	04:00:00	1671.91	1715.65	1668.86	1704.95	14880	0	109
2022.09.09	08:00:00	1705.02	1713.86	1683.81	1700.41	13861	0	106
2022.09.09	12:00:00	1699.94	1744.14	1698.38	1718.44	14841	0	106
2022.09.09	16:00:00	1718.76	1725.98	1696.17	1719.92	14174	0	102
2022.09.09	20:00:00	1720.07	1730.37	1706.88	1718.61	13519	0	104
2022.09.10	00:00:00	1718.64	1743.36	1706.87	1733.57	13422	0	102
2022.09.10	04:00:00	1733.63	1744.59	1706.88	1710.64	12905	0	103
2022.09.10	08:00:00	1710.71	1728.93	1709.14	1724.74	12214	0	100
2022.09.10	12:00:00	1724.76	1733.08	1712.57	1715.42	12800	0	108
2022.09.10	16:00:00	1715.44	1743.37	1709.29	1740.96	13086	0	106
2022.09.10	20:00:00	1741.00	1787.68	1728.84	1774.03	14060	0	114
2022.09.11	00:00:00	1774.02	1779.06	1755.52	1760.29	13011	0	102
2022.09.11	04:00:00	1760.28	1768.13	1742.80	1761.20	12628	0	99
2022.09.11	08:00:00	1761.21	1779.01	1756.87	1770.17	12533	0	102
2022.09.11	12:00:00	1770.20	1777.84	1753.32	1767.62	12885	0	104
2022.09.11	16:00:00	1767.65	1787.71	1756.44	1762.57	12927	0	105
2022.09.11	20:00:00	1762.60	1767.90	1720.34	1765.64	13859	0	113
2022.09.12	00:00:00	1765.33	1781.66	1714.20	1727.28	14871	0	116
2022.09.12	04:00:00	1727.33	1760.96	1716.63	1758.53	13512	0	103
2022.09.12	08:00:00	1758.59	1764.39	1729.98	1749.18	13848	0	107
2022.09.12	12:00:00	1749.34	1754.90	1695.19	1705.79	14530	0	103
2022.09.12	16:00:00	1705.29	1732.17	1692.98	1726.02	14305	0	108
2022.09.12	20:00:00	1726.04	1730.10	1701.98	1715.92	13405	0	97
2022.09.13	00:00:00	1716.00	1717.65	1674.25	1715.03	14576	0	100
2022.09.13	04:00:00	1714.99	1730.55	1698.85	1715.53	14017	0	97
2022.09.13	08:00:00	1715.64	1746.41	1708.26	1737.69	13746	0	104
2022.09.13	12:00:00	1737.78	1759.15	1574.85	1593.92	17326	0	117
2022.09.13	16:00:00	1593.93	1630.71	1571.89	1605.40	14980	0	126
2022.09.13	20:00:00	1605.67	1623.56	1561.33	1574.65	14744	0	115
2022.09.14	00:00:00	1574.72	1610.66	1554.39	1602.62	14431	0	114
2022.09.14	04:00:00	1602.57	1623.41	1596.00	1611.83	14014	0	109
2022.09.14	08:00:00	1611.33	1611.95	1582.13	1594.23	14161	0	114
2022.09.14	12:00:00	1594.33	1611.65	1585.24	1594.64	15239	0	112
2022.09.14	16:00:00	1594.90	1602.18	1560.19	1599.38	14566	0	109
2022.09.14	20:00:00	1599.12	1646.39	1592.11	1638.23	14036	0	127
2022.09.15	00:00:00	1638.01	1652.71	1581.61	1604.38	15293	0	151
2022.09.15	04:00:00	1604.41	1652.50	1571.98	1636.82	16446	0	180
2022.09.15	08:00:00	1636.06	1636.06	1574.90	1592.49	14580	0	138
2022.09.15	12:00:00	1592.49	1599.88	1459.32	1493.76	16518	0	129
2022.09.15	16:00:00	1493.73	1519.93	1485.43	1499.28	14257	0	111
2022.09.15	20:00:00	1499.40	1510.60	1459.08	1473.12	14014	0	117
2022.09.16	00:00:00	1473.25	1483.78	1446.37	1474.24	14542	0	117
2022.09.16	04:00:00	1474.37	1480.55	1467.38	1471.46	13672	0	121
2022.09.16	08:00:00	1471.52	1482.15	1443.26	1479.10	14271	0	114
2022.09.16	12:00:00	1479.17	1479.32	1425.00	1452.98	16511	0	124
2022.09.16	16:00:00	1452.57	1452.57	1405.78	1427.65	15775	0	136
2022.09.16	20:00:00	1427.66	1447.53	1423.03	1434.13	13781	0	130
2022.09.17	00:00:00	1434.03	1456.27	1430.81	1440.06	13589	0	145
2022.09.17	04:00:00	1440.13	1446.52	1424.12	1432.42	13465	0	156
2022.09.17	08:00:00	1432.52	1436.04	1416.73	1419.56	13291	0	161
2022.09.17	12:00:00	1419.54	1451.08	1409.14	1445.30	13808	0	151
2022.09.17	16:00:00	1445.23	1476.55	1442.86	1464.74	13894	0	110
2022.09.17	20:00:00	1464.98	1473.91	1448.33	1469.54	13520	0	107
2022.09.18	00:00:00	1469.76	1470.23	1446.81	1451.17	13420	0	118
2022.09.18	04:00:00	1451.33	1460.26	1448.62	1453.58	12593	0	122
2022.09.18	08:00:00	1453.58	1459.29	1417.90	1434.29	13747	0	139
2022.09.18	12:00:00	1434.30	1440.55	1410.32	1417.36	14092	0	159
2022.09.18	16:00:00	1417.45	1423.91	1366.96	1380.33	15355	0	181
2022.09.18	20:00:00	1380.34	1381.16	1326.07	1334.65	15127	0	144
2022.09.19	00:00:00	1334.80	1353.20	1289.21	1294.57	15462	0	124
2022.09.19	04:00:00	1294.48	1313.21	1281.43	1302.12	15423	0	116
2022.09.19	08:00:00	1302.18	1319.07	1289.45	1307.80	14274	0	112
2022.09.19	12:00:00	1307.99	1371.63	1306.60	1341.41	15673	0	124
2022.09.19	16:00:00	1341.36	1366.97	1321.88	1362.28	15259	0	122
2022.09.19	20:00:00	1362.24	1392.81	1356.35	1376.12	14837	0	122
2022.09.20	00:00:00	1375.76	1384.12	1342.75	1355.38	14549	0	113
2022.09.20	04:00:00	1355.38	1377.04	1351.56	1358.42	13921	0	106
2022.09.20	08:00:00	1358.37	1366.82	1345.57	1356.90	14275	0	113
2022.09.20	12:00:00	1356.99	1380.37	1328.21	1377.31	15578	0	120
2022.09.20	16:00:00	1377.22	1383.79	1331.60	1352.07	15511	0	116
2022.09.20	20:00:00	1351.81	1356.46	1312.82	1323.04	14397	0	108
2022.09.21	00:00:00	1322.97	1345.19	1317.25	1336.52	14238	0	110
2022.09.21	04:00:00	1336.22	1343.68	1316.13	1331.92	14397	0	106
2022.09.21	08:00:00	1331.59	1353.72	1323.07	1350.98	13894	0	104
2022.09.21	12:00:00	1351.00	1360.89	1333.95	1343.42	14656	0	102
2022.09.21	16:00:00	1343.44	1408.38	1308.11	1323.49	19799	0	103
2022.09.21	20:00:00	1323.02	1326.77	1219.33	1246.79	15996	0	118
2022.09.22	00:00:00	1246.35	1271.43	1237.16	1264.00	14510	0	87
2022.09.22	04:00:00	1264.08	1281.40	1255.80	1279.44	14163	0	84
2022.09.22	08:00:00	1279.10	1313.69	1276.32	1309.88	14904	0	87
2022.09.22	12:00:00	1309.59	1314.18	1256.31	1271.51	15809	0	80
2022.09.22	16:00:00	1271.41	1336.19	1251.96	1324.33	15603	0	90
2022.09.22	20:00:00	1324.39	1347.36	1307.84	1327.16	14163	0	84
2022.09.23	00:00:00	1327.04	1345.43	1315.06	1340.89	14349	0	86
2022.09.23	04:00:00	1340.83	1358.64	1329.62	1332.62	14309	0	83
2022.09.23	08:00:00	1332.67	1336.00	1282.25	1288.10	15137	0	86
2022.09.23	12:00:00	1288.02	1319.64	1262.48	1294.33	16974	0	89
2022.09.23	16:00:00	1294.22	1306.93	1275.53	1293.47	16711	0	94
2022.09.23	20:00:00	1293.58	1339.50	1292.93	1327.43	14442	0	93
2022.09.24	00:00:00	1327.50	1330.78	1311.29	1322.52	13963	0	89
2022.09.24	04:00:00	1322.53	1336.96	1317.66	1323.17	13423	0	82
2022.09.24	08:00:00	1323.18	1332.63	1317.90	1327.24	13317	0	80
2022.09.24	12:00:00	1326.92	1348.54	1325.74	1339.92	13611	0	83
2022.09.24	16:00:00	1339.85	1348.16	1334.25	1342.25	12996	0	79
2022.09.24	20:00:00	1342.26	1344.31	1307.98	1318.04	13663	0	82
2022.09.25	00:00:00	1317.87	1330.13	1315.26	1329.74	13275	0	70
2022.09.25	04:00:00	1329.67	1336.11	1320.18	1332.77	12560	0	76
2022.09.25	08:00:00	1332.72	1334.46	1317.65	1329.76	12723	0	76
2022.09.25	12:00:00	1329.79	1331.75	1299.34	1311.64	13773	0	80
2022.09.25	16:00:00	1311.66	1321.20	1282.64	1300.80	13912	0	72
2022.09.25	20:00:00	1300.83	1303.00	1270.73	1295.55	13787	0	77
2022.09.26	00:00:00	1295.39	1314.25	1288.47	1304.06	14531	0	73
2022.09.26	04:00:00	1303.91	1306.89	1279.65	1296.42	14122	0	74
2022.09.26	08:00:00	1296.44	1325.38	1290.11	1297.66	14321	0	74
2022.09.26	12:00:00	1297.86	1338.49	1294.19	1325.96	15084	0	81
2022.09.26	16:00:00	1325.77	1340.24	1312.16	1330.65	14565	0	76
2022.09.26	20:00:00	1330.85	1337.42	1316.54	1336.37	12640	0	75
2022.09.27	00:00:00	1336.36	1389.38	1332.64	1385.57	14318	0	83
2022.09.27	04:00:00	1385.50	1393.52	1374.85	1382.18	13546	0	81
2022.09.27	08:00:00	1382.24	1397.69	1374.88	1388.24	13669	0	81
2022.09.27	12:00:00	1388.13	1399.88	1364.36	1365.21	14777	0	86
2022.09.27	16:00:00	1364.96	1366.88	1304.61	1324.84	15408	0	88
2022.09.27	20:00:00	1324.90	1334.11	1317.40	1328.40	13062	0	85
2022.09.28	00:00:00	1328.43	1339.79	1268.24	1287.51	14610	0	90
2022.09.28	04:00:00	1287.53	1293.32	1266.52	1285.83	13813	0	90
2022.09.28	08:00:00	1285.82	1310.77	1254.55	1295.26	14949	0	87
2022.09.28	12:00:00	1295.21	1332.18	1293.84	1331.45	15214	0	100
2022.09.28	16:00:00	1331.44	1343.18	1312.13	1333.94	14283	0	96
2022.09.28	20:00:00	1334.18	1354.24	1333.23	1336.61	13412	0	92
2022.09.29	00:00:00	1336.54	1350.96	1327.68	1341.43	13557	0	89
2022.09.29	04:00:00	1341.46	1345.51	1314.27	1321.67	13563	0	83
2022.09.29	08:00:00	1321.64	1343.90	1314.51	1336.84	13766	0	84
2022.09.29	12:00:00	1336.95	1337.47	1288.90	1326.87	15828	0	86
2022.09.29	16:00:00	1326.95	1346.85	1314.55	1333.05	14694	0	92
2022.09.29	20:00:00	1332.87	1339.99	1323.93	1335.34	12964	0	89
2022.09.30	00:00:00	1335.40	1350.91	1320.02	1327.26	13814	0	88
2022.09.30	04:00:00	1327.27	1345.50	1325.72	1339.45	12756	0	84
2022.09.30	08:00:00	1339.57	1348.91	1327.14	1331.09	13340	0	86
2022.09.30	12:00:00	1330.86	1371.63	1314.23	1350.43	15823	0	86
2022.09.30	16:00:00	1350.38	1360.48	1333.18	1337.79	14117	0	88
2022.09.30	20:00:00	1337.32	1344.33	1317.51	1328.95	13008	0	82
2022.10.01	00:00:00	1328.98	1334.09	1324.65	1330.00	11447	0	79
2022.10.01	04:00:00	1330.04	1331.72	1324.30	1329.41	10886	0	64
2022.10.01	08:00:00	1329.43	1333.28	1318.48	1326.03	10423	0	72
2022.10.01	12:00:00	1325.77	1330.11	1320.69	1323.18	11894	0	84
2022.10.01	16:00:00	1323.24	1324.44	1306.14	1311.78	12281	0	92
2022.10.01	20:00:00	1311.87	1316.88	1301.79	1312.85	11108	0	83
2022.10.02	00:00:00	1312.86	1316.43	1305.78	1310.42	11183	0	89
2022.10.02	04:00:00	1310.34	1318.28	1308.32	1312.10	11525	0	94
2022.10.02	08:00:00	1312.11	1313.96	1285.67	1298.37	11933	0	105
2022.10.02	12:00:00	1298.34	1301.85	1286.54	1293.94	12371	0	114
2022.10.02	16:00:00	1293.97	1312.90	1292.14	1305.79	12102	0	114
2022.10.02	20:00:00	1305.80	1308.71	1269.56	1277.24	13327	0	107
2022.10.03	00:00:00	1277.23	1299.86	1263.08	1292.36	13568	0	92
2022.10.03	04:00:00	1292.34	1302.23	1284.22	1292.73	13383	0	89
2022.10.03	08:00:00	1292.46	1299.97	1286.68	1299.09	12853	0	81
2022.10.03	12:00:00	1298.81	1327.12	1295.02	1319.71	14321	0	80
2022.10.03	16:00:00	1319.75	1329.92	1310.37	1317.87	13510	0	77
2022.10.03	20:00:00	1318.14	1328.17	1315.32	1323.41	12303	0	74
2022.10.04	00:00:00	1323.46	1330.38	1319.48	1329.17	11911	0	73
2022.10.04	04:00:00	1329.20	1350.32	1325.03	1350.06	12836	0	70
2022.10.04	08:00:00	1350.05	1358.35	1342.30	1349.38	13225	0	87
2022.10.04	12:00:00	1349.38	1363.32	1345.27	1353.05	13670	0	91
2022.10.04	16:00:00	1353.06	1356.36	1337.62	1353.19	13322	0	97
2022.10.04	20:00:00	1353.34	1368.71	1350.16	1360.77	12795	0	96
2022.10.05	00:00:00	1360.77	1362.87	1351.61	1353.44	12432	0	90
2022.10.05	04:00:00	1353.45	1358.29	1348.40	1352.96	12215	0	86
2022.10.05	08:00:00	1352.88	1353.32	1332.12	1335.37	12594	0	84
2022.10.05	12:00:00	1335.40	1336.80	1317.27	1330.77	13402	0	86
2022.10.05	16:00:00	1330.90	1363.37	1328.16	1350.51	13973	0	89
2022.10.05	20:00:00	1350.77	1357.13	1344.82	1351.72	12440	0	84
2022.10.06	00:00:00	1351.79	1383.07	1351.16	1372.32	13453	0	90
2022.10.06	04:00:00	1372.33	1380.25	1361.60	1367.93	13113	0	91
2022.10.06	08:00:00	1367.98	1370.17	1354.46	1367.97	12987	0	89
2022.10.06	12:00:00	1368.08	1378.95	1349.02	1361.56	14533	0	86
2022.10.06	16:00:00	1361.24	1371.60	1353.59	1358.69	13781	0	92
2022.10.06	20:00:00	1358.62	1363.72	1345.33	1351.56	12460	0	84
2022.10.07	00:00:00	1351.49	1360.97	1349.78	1354.75	12243	0	81
2022.10.07	04:00:00	1354.75	1358.54	1346.05	1355.41	12387	0	83
2022.10.07	08:00:00	1355.43	1359.63	1352.07	1354.21	12416	0	78
2022.10.07	12:00:00	1354.19	1357.44	1325.37	1334.21	14299	0	83
2022.10.07	16:00:00	1334.21	1336.91	1318.10	1328.16	13174	0	89
2022.10.07	20:00:00	1328.05	1336.59	1325.08	1331.71	11350	0	82
2022.10.08	00:00:00	1331.61	1337.41	1330.47	1331.60	10936	0	76
2022.10.08	04:00:00	1331.64	1333.57	1326.52	1331.21	10560	0	67
2022.10.08	08:00:00	1331.23	1331.62	1324.32	1330.33	10880	0	72
2022.10.08	12:00:00	1330.35	1330.81	1319.00	1324.95	11194	0	77
2022.10.08	16:00:00	1324.95	1330.48	1322.78	1324.98	10561	0	78
2022.10.08	20:00:00	1324.98	1326.82	1304.31	1316.23	11679	0	81
2022.10.09	00:00:00	1316.23	1317.04	1308.02	1310.91	11147	0	80
2022.10.09	04:00:00	1310.85	1318.44	1309.25	1315.69	10704	0	68
2022.10.09	08:00:00	1315.70	1327.24	1314.21	1323.19	11391	0	69
2022.10.09	12:00:00	1323.21	1328.64	1321.27	1326.65	11208	0	71
2022.10.09	16:00:00	1326.71	1327.62	1311.12	1320.65	11054	0	67
2022.10.09	20:00:00	1320.66	1324.14	1314.90	1324.14	11516	0	71
2022.10.10	00:00:00	1324.00	1337.78	1321.01	1323.85	12153	0	78
2022.10.10	04:00:00	1323.86	1325.91	1313.08	1317.50	11777	0	90
2022.10.10	08:00:00	1317.38	1318.12	1297.35	1315.56	12923	0	74
2022.10.10	12:00:00	1315.59	1320.06	1303.91	1308.93	13090	0	74
2022.10.10	16:00:00	1308.99	1315.23	1299.06	1308.06	12861	0	81
2022.10.10	20:00:00	1308.13	1310.31	1288.35	1290.70	11630	0	81
2022.10.11	00:00:00	1290.65	1290.65	1267.93	1278.65	13047	0	96
2022.10.11	04:00:00	1278.72	1284.89	1272.63	1284.55	12469	0	95
2022.10.11	08:00:00	1284.49	1289.43	1278.10	1286.85	12566	0	94
2022.10.11	12:00:00	1286.81	1297.96	1269.08	1294.32	13582	0	102
2022.10.11	16:00:00	1294.32	1298.58	1276.47	1282.89	13393	0	103
2022.10.11	20:00:00	1282.56	1287.70	1274.45	1280.42	12014	0	95
2022.10.12	00:00:00	1280.39	1289.35	1275.13	1284.21	12332	0	96
2022.10.12	04:00:00	1284.23	1302.04	1283.72	1294.48	12408	0	86
2022.10.12	08:00:00	1294.51	1306.48	1293.20	1298.59	10523	0	129
2022.10.12	12:00:00	1298.54	1304.77	1284.34	1299.81	12636	0	114
2022.10.12	16:00:00	1299.98	1302.04	1288.19	1297.71	12295	0	105
2022.10.12	20:00:00	1297.66	1303.63	1293.25	1294.67	10312	0	92
2022.10.13	00:00:00	1294.59	1299.53	1282.73	1286.36	11385	0	98
2022.10.13	04:00:00	1286.44	1289.71	1272.15	1277.81	11769	0	91
2022.10.13	08:00:00	1277.71	1280.68	1220.72	1243.00	13123	0	100
2022.10.13	12:00:00	1242.98	1268.48	1189.90	1256.06	15056	0	118
2022.10.13	16:00:00	1256.29	1294.04	1250.79	1286.60	13907	0	121
2022.10.13	20:00:00	1286.80	1299.57	1285.12	1286.65	12450	0	108
2022.10.14	00:00:00	1286.61	1340.79	1283.27	1329.25	13449	0	109
2022.10.14	04:00:00	1329.23	1331.54	1316.17	1321.67	12909	0	107
2022.10.14	08:00:00	1321.65	1334.99	1315.76	1325.45	13051	0	99
2022.10.14	12:00:00	1325.47	1342.36	1305.37	1310.26	14221	0	104
2022.10.14	16:00:00	1310.24	1312.75	1293.42	1298.93	13653	0	99
2022.10.14	20:00:00	1299.00	1304.15	1289.85	1296.86	12336	0	90
2022.10.15	00:00:00	1296.56	1302.06	1293.88	1300.61	11676	0	81
2022.10.15	04:00:00	1300.61	1301.56	1291.22	1295.59	11089	0	77
2022.10.15	08:00:00	1295.67	1295.77	1277.60	1287.73	12159	0	81
2022.10.15	12:00:00	1287.72	1291.53	1279.35	1286.58	12101	0	82
2022.10.15	16:00:00	1286.59	1290.39	1279.47	1282.84	12066	0	76
2022.10.15	20:00:00	1282.87	1284.24	1263.82	1275.48	12697	0	85
2022.10.16	00:00:00	1275.46	1286.96	1274.82	1283.46	12718	0	96
2022.10.16	04:00:00	1283.36	1288.85	1280.71	1283.58	11863	0	89
2022.10.16	08:00:00	1283.62	1290.17	1279.63	1284.06	12129	0	80
2022.10.16	12:00:00	1284.08	1287.90	1279.25	1286.31	11894	0	82
2022.10.16	16:00:00	1286.35	1308.11	1280.90	1307.52	11988	0	75
2022.10.16	20:00:00	1307.64	1315.11	1291.06	1305.66	13299	0	94
2022.10.17	00:00:00	1305.73	1308.25	1295.59	1301.84	12792	0	96
2022.10.17	04:00:00	1302.01	1314.69	1298.88	1312.44	12785	0	95
2022.10.17	08:00:00	1312.42	1325.14	1307.72	1317.92	13086	0	96
2022.10.17	12:00:00	1317.92	1337.62	1313.75	1329.10	13578	0	99
2022.10.17	16:00:00	1328.98	1331.04	1315.55	1325.93	13179	0	100
2022.10.17	20:00:00	1325.88	1338.39	1324.23	1331.35	12620	0	90
2022.10.18	00:00:00	1331.37	1340.99	1327.41	1333.38	12777	0	89
2022.10.18	04:00:00	1333.45	1340.08	1330.40	1337.14	12809	0	91
2022.10.18	08:00:00	1337.03	1337.54	1318.92	1325.89	12788	0	80
2022.10.18	12:00:00	1325.89	1334.78	1299.30	1307.53	13670	0	84
2022.10.18	16:00:00	1307.57	1312.49	1287.49	1300.70	13338	0	100
2022.10.18	20:00:00	1300.70	1320.02	1298.83	1310.43	12988	0	90
2022.10.19	00:00:00	1310.64	1313.30	1298.19	1305.15	12697	0	93
2022.10.19	04:00:00	1305.06	1306.39	1292.97	1299.96	12677	0	93
2022.10.19	08:00:00	1300.07	1308.26	1294.17	1300.60	12790	0	95
2022.10.19	12:00:00	1300.61	1307.96	1290.21	1304.66	13299	0	97
2022.10.19	16:00:00	1304.70	1305.73	1292.27	1296.87	12765	0	93
2022.10.19	20:00:00	1296.78	1298.74	1280.79	1285.26	12291	0	88
2022.10.20	00:00:00	1285.33	1288.11	1270.85	1280.42	12560	0	88
2022.10.20	04:00:00	1280.19	1295.74	1279.86	1292.66	12551	0	89
2022.10.20	08:00:00	1292.68	1302.26	1289.59	1299.71	12310	0	88
2022.10.20	12:00:00	1299.74	1310.73	1291.19	1300.36	13286	0	93
2022.10.20	16:00:00	1300.37	1300.37	1277.83	1284.91	13049	0	91
2022.10.20	20:00:00	1284.72	1287.54	1271.99	1283.03	12307	0	92
2022.10.21	00:00:00	1283.03	1292.44	1279.61	1287.74	11568	0	89
2022.10.21	04:00:00	1287.73	1291.03	1283.11	1285.20	11193	0	83
2022.10.21	08:00:00	1285.17	1285.29	1273.68	1276.24	12395	0	86
2022.10.21	12:00:00	1276.25	1297.40	1254.84	1297.32	13730	0	97
2022.10.21	16:00:00	1297.31	1305.15	1294.88	1302.49	12826	0	99
2022.10.21	20:00:00	1302.71	1306.56	1297.04	1299.57	11400	0	99
2022.10.22	00:00:00	1299.60	1304.69	1294.33	1298.77	11663	0	103
2022.10.22	04:00:00	1298.82	1300.39	1294.79	1299.41	11324	0	96
2022.10.22	08:00:00	1299.47	1307.53	1299.46	1305.73	10445	0	83
2022.10.22	12:00:00	1305.74	1318.75	1303.09	1316.48	12216	0	96
2022.10.22	16:00:00	1316.51	1320.07	1306.56	1314.17	11802	0	84
2022.10.22	20:00:00	1314.18	1318.25	1312.25	1313.77	11566	0	84
2022.10.23	00:00:00	1313.80	1314.71	1306.00	1313.20	11241	0	88
2022.10.23	04:00:00	1313.20	1314.76	1306.76	1309.57	10848	0	98
2022.10.23	08:00:00	1309.64	1312.02	1301.74	1304.06	11192	0	93
2022.10.23	12:00:00	1304.07	1316.14	1299.70	1313.60	11716	0	89
2022.10.23	16:00:00	1313.64	1335.08	1311.33	1331.03	12248	0	95
2022.10.23	20:00:00	1331.05	1370.02	1328.88	1363.37	12778	0	96
2022.10.24	00:00:00	1363.43	1369.67	1344.33	1347.82	12627	0	96
2022.10.24	04:00:00	1347.83	1347.83	1333.00	1336.84	12712	0	93
2022.10.24	08:00:00	1336.77	1353.84	1333.07	1352.97	12753	0	108
2022.10.24	12:00:00	1353.01	1353.51	1323.98	1341.32	13624	0	100
2022.10.24	16:00:00	1341.32	1352.36	1330.17	1344.42	12884	0	106
2022.10.24	20:00:00	1344.64	1358.20	1341.09	1343.62	12576	0	105
2022.10.25	00:00:00	1343.66	1349.10	1334.72	1347.55	12506	0	106
2022.10.25	04:00:00	1347.47	1351.71	1343.38	1347.11	12468	0	108
2022.10.25	08:00:00	1347.09	1349.88	1339.33	1347.63	12523	0	105
2022.10.25	12:00:00	1347.67	1417.79	1346.49	1408.72	14140	0	111
2022.10.25	16:00:00	1408.61	1522.24	1404.22	1491.80	16045	0	113
2022.10.25	20:00:00	1491.78	1493.56	1447.08	1459.63	14164	0	116
2022.10.26	00:00:00	1459.64	1497.82	1456.61	1486.74	13414	0	115
2022.10.26	04:00:00	1486.77	1520.87	1476.53	1514.91	13325	0	106
2022.10.26	08:00:00	1514.89	1554.39	1507.99	1526.91	14072	0	109
2022.10.26	12:00:00	1526.93	1591.98	1508.92	1566.23	15341	0	130
2022.10.26	16:00:00	1566.24	1570.50	1539.32	1562.79	14275	0	141
2022.10.26	20:00:00	1563.11	1582.61	1541.51	1564.41	14241	0	140
2022.10.27	00:00:00	1564.08	1576.19	1533.16	1553.88	13685	0	127
2022.10.27	04:00:00	1553.99	1569.61	1548.16	1555.49	13466	0	121
2022.10.27	08:00:00	1555.64	1558.62	1534.80	1549.61	13651	0	126
2022.10.27	12:00:00	1549.77	1576.04	1533.39	1543.37	15342	0	133
2022.10.27	16:00:00	1543.45	1565.29	1538.22	1561.50	13594	0	130
2022.10.27	20:00:00	1561.36	1562.39	1502.37	1513.42	14660	0	126
2022.10.28	00:00:00	1513.60	1524.76	1495.74	1507.41	13627	0	130
2022.10.28	04:00:00	1507.49	1519.82	1488.25	1493.00	13417	0	136
2022.10.28	08:00:00	1493.02	1509.74	1484.78	1497.92	13655	0	129
2022.10.28	12:00:00	1498.09	1548.71	1479.52	1537.32	15153	0	129
2022.10.28	16:00:00	1537.45	1572.07	1533.42	1556.63	14298	0	127
2022.10.28	20:00:00	1556.27	1574.28	1551.02	1553.82	13176	0	121
2022.10.29	00:00:00	1553.76	1592.88	1546.91	1589.02	13306	0	115
2022.10.29	04:00:00	1588.94	1602.35	1573.45	1594.20	13172	0	101
2022.10.29	08:00:00	1594.29	1651.02	1590.21	1615.53	14475	0	98
2022.10.29	12:00:00	1615.58	1642.81	1608.46	1632.59	14211	0	98
2022.10.29	16:00:00	1632.59	1662.06	1617.78	1623.92	14400	0	109
2022.10.29	20:00:00	1624.01	1631.92	1604.09	1619.54	13143	0	106
2022.10.30	00:00:00	1619.64	1624.25	1606.16	1622.40	12806	0	110
2022.10.30	04:00:00	1622.50	1639.77	1618.61	1628.89	12748	0	103
2022.10.30	08:00:00	1628.99	1629.91	1591.11	1605.31	13520	0	100
2022.10.30	12:00:00	1605.36	1607.37	1576.68	1586.13	13437	0	100
2022.10.30	16:00:00	1586.22	1596.00	1576.10	1586.79	13056	0	96
2022.10.30	20:00:00	1586.84	1598.32	1576.79	1590.09	12900	0	95
2022.10.31	00:00:00	1590.18	1596.72	1561.72	1582.50	13519	0	94
2022.10.31	04:00:00	1582.36	1595.79	1578.79	1590.77	12781	0	90
2022.10.31	08:00:00	1590.77	1634.52	1578.22	1620.81	13748	0	96
2022.10.31	12:00:00	1620.94	1624.83	1545.99	1568.84	14877	0	99
2022.10.31	16:00:00	1568.83	1582.93	1555.17	1562.86	13836	0	96
2022.10.31	20:00:00	1562.80	1576.47	1549.14	1572.33	13245	0	93
2022.11.01	00:00:00	1572.34	1603.44	1567.63	1585.41	13519	0	124
2022.11.01	04:00:00	1585.57	1601.77	1578.66	1589.90	13270	0	127
2022.11.01	08:00:00	1589.95	1610.54	1581.33	1588.83	13739	0	126
2022.11.01	12:00:00	1588.92	1597.38	1562.90	1573.25	14172	0	119
2022.11.01	16:00:00	1573.28	1586.02	1567.23	1575.66	13410	0	119
2022.11.01	20:00:00	1575.79	1582.67	1568.50	1577.82	12669	0	115
2022.11.02	00:00:00	1578.05	1595.41	1571.43	1590.32	13176	0	129
2022.11.02	04:00:00	1590.49	1599.83	1553.95	1563.47	13382	0	128
2022.11.02	08:00:00	1563.41	1577.64	1536.54	1555.35	13338	0	129
2022.11.02	12:00:00	1555.38	1565.47	1546.65	1557.73	13503	0	135
2022.11.02	16:00:00	1557.64	1619.37	1525.39	1535.90	16874	0	126
2022.11.02	20:00:00	1535.83	1537.23	1503.18	1518.59	13557	0	124
2022.11.03	00:00:00	1518.66	1555.20	1515.53	1546.85	13088	0	126
2022.11.03	04:00:00	1546.90	1558.11	1541.71	1543.74	12936	0	108
2022.11.03	08:00:00	1543.69	1555.92	1523.57	1532.14	13232	0	109
2022.11.03	12:00:00	1532.17	1556.21	1522.64	1542.49	13916	0	114
2022.11.03	16:00:00	1542.45	1549.30	1538.10	1543.70	13008	0	116
2022.11.03	20:00:00	1543.39	1544.58	1526.10	1531.48	12648	0	112
2022.11.04	00:00:00	1531.58	1549.75	1528.76	1548.91	12830	0	109
2022.11.04	04:00:00	1548.94	1587.77	1546.36	1587.35	13301	0	107
2022.11.04	08:00:00	1587.30	1598.46	1575.45	1577.17	13117	0	121
2022.11.04	12:00:00	1577.00	1673.59	1555.15	1625.14	15347	0	133
2022.11.04	16:00:00	1624.67	1647.09	1607.28	1646.33	13923	0	127
2022.11.04	20:00:00	1646.68	1652.53	1639.40	1644.03	12732	0	127
2022.11.05	00:00:00	1643.83	1664.59	1634.91	1646.23	13195	0	128
2022.11.05	04:00:00	1646.32	1656.98	1642.59	1651.13	12319	0	176
2022.11.05	08:00:00	1651.15	1651.63	1636.01	1649.62	13012	0	131
2022.11.05	12:00:00	1649.55	1650.57	1623.17	1635.70	12916	0	137
2022.11.05	16:00:00	1635.68	1642.77	1624.46	1632.81	12685	0	127
2022.11.05	20:00:00	1632.83	1634.47	1621.63	1627.00	12038	0	138
2022.11.06	00:00:00	1626.92	1633.18	1611.80	1621.43	12691	0	95
2022.11.06	04:00:00	1621.45	1623.68	1613.96	1622.73	11898	0	89
2022.11.06	08:00:00	1622.81	1637.50	1608.41	1620.25	12608	0	106
2022.11.06	12:00:00	1620.25	1633.66	1615.20	1623.31	12690	0	146
2022.11.06	16:00:00	1623.17	1625.82	1603.05	1610.11	13069	0	127
2022.11.06	20:00:00	1610.07	1612.45	1565.50	1569.08	13366	0	132
2022.11.07	00:00:00	1569.05	1595.12	1565.53	1587.47	13339	0	131
2022.11.07	04:00:00	1587.52	1594.53	1546.98	1550.24	13293	0	130
2022.11.07	08:00:00	1550.36	1584.17	1547.18	1580.42	13296	0	139
2022.11.07	12:00:00	1580.38	1593.19	1567.87	1592.42	13668	0	122
2022.11.07	16:00:00	1592.41	1608.11	1577.27	1600.49	13260	0	126
2022.11.07	20:00:00	1600.46	1606.86	1547.95	1568.33	13514	0	134
2022.11.08	00:00:00	1568.42	1577.05	1505.08	1508.37	14009	0	130
2022.11.08	04:00:00	1508.00	1514.80	1432.84	1493.51	16307	0	126
2022.11.08	08:00:00	1493.29	1496.08	1470.38	1478.50	13948	0	111
2022.11.08	12:00:00	1478.41	1489.22	1425.91	1462.38	15162	0	114
2022.11.08	16:00:00	1462.84	1579.50	1219.66	1314.78	22969	0	147
2022.11.08	20:00:00	1314.72	1342.90	1280.04	1334.12	16266	0	141
2022.11.09	00:00:00	1334.16	1337.45	1283.57	1313.20	14940	0	125
2022.11.09	04:00:00	1313.28	1318.83	1267.05	1276.09	14357	0	124
2022.11.09	08:00:00	1276.07	1277.91	1136.18	1218.65	18597	0	134
2022.11.09	12:00:00	1218.89	1247.36	1147.26	1162.81	18905	0	134
2022.11.09	16:00:00	1162.40	1206.22	1144.36	1196.47	18343	0	137
2022.11.09	20:00:00	1196.50	1200.52	1071.35	1099.80	18475	0	130
2022.11.10	00:00:00	1099.96	1182.07	1083.83	1171.89	15711	0	142
2022.11.10	04:00:00	1172.25	1202.35	1158.20	1188.82	14714	0	134
2022.11.10	08:00:00	1188.65	1217.07	1170.07	1177.56	15005	0	133
2022.11.10	12:00:00	1177.54	1342.59	1174.80	1318.84	16753	0	178
2022.11.10	16:00:00	1318.84	1347.16	1246.22	1290.50	15484	0	138
2022.11.10	20:00:00	1290.59	1340.68	1282.03	1296.15	14705	0	134
2022.11.11	00:00:00	1295.79	1305.59	1218.02	1235.54	15191	0	129
2022.11.11	04:00:00	1235.71	1284.53	1223.26	1276.12	14813	0	129
2022.11.11	08:00:00	1276.11	1289.96	1262.26	1273.48	14553	0	122
2022.11.11	12:00:00	1273.67	1307.10	1199.22	1257.48	17932	0	124
2022.11.11	16:00:00	1257.76	1283.95	1232.34	1271.65	15288	0	124
2022.11.11	20:00:00	1271.59	1291.61	1236.05	1285.39	14748	0	120
2022.11.12	00:00:00	1285.66	1288.81	1250.82	1256.84	13903	0	116
2022.11.12	04:00:00	1256.71	1274.00	1236.92	1262.66	14639	0	103
2022.11.12	08:00:00	1262.69	1270.58	1247.23	1258.19	13998	0	106
2022.11.12	12:00:00	1258.31	1281.16	1250.92	1273.18	13951	0	101
2022.11.12	16:00:00	1273.19	1276.51	1261.52	1266.72	13323	0	92
2022.11.12	20:00:00	1266.59	1267.55	1247.13	1255.26	12893	0	95
2022.11.13	00:00:00	1255.31	1272.49	1252.63	1271.40	12760	0	88
2022.11.13	04:00:00	1271.38	1272.88	1231.08	1249.38	12970	0	87
2022.11.13	08:00:00	1249.43	1251.41	1214.10	1239.68	14251	0	107
2022.11.13	12:00:00	1239.64	1246.30	1223.67	1231.10	13649	0	94
2022.11.13	16:00:00	1231.11	1236.06	1215.58	1228.23	13771	0	100
2022.11.13	20:00:00	1228.21	1234.68	1201.09	1221.51	13981	0	99
2022.11.14	00:00:00	1221.29	1229.37	1171.31	1192.27	14735	0	98
2022.11.14	04:00:00	1192.25	1261.52	1174.60	1259.70	14970	0	96
2022.11.14	08:00:00	1260.01	1274.65	1250.69	1251.13	14123	0	107
2022.11.14	12:00:00	1250.92	1288.30	1234.23	1243.91	15710	0	112
2022.11.14	16:00:00	1243.84	1248.28	1209.26	1215.32	14286	0	111
2022.11.14	20:00:00	1215.27	1247.32	1209.37	1241.77	13988	0	110
2022.11.15	00:00:00	1241.75	1264.52	1234.91	1255.48	13865	0	114
2022.11.15	04:00:00	1255.15	1272.26	1246.85	1265.42	13474	0	103
2022.11.15	08:00:00	1265.52	1277.77	1253.86	1259.17	13770	0	108
2022.11.15	12:00:00	1259.18	1288.34	1256.74	1263.37	14241	0	111
2022.11.15	16:00:00	1263.45	1272.71	1232.23	1255.28	12127	0	111
2022.11.15	20:00:00	1255.45	1263.16	1240.15	1252.55	13447	0	103
2022.11.16	00:00:00	1252.46	1266.59	1246.83	1263.54	13138	0	110
2022.11.16	04:00:00	1263.59	1263.99	1242.53	1244.94	13075	0	109
2022.11.16	08:00:00	1244.95	1252.03	1215.03	1220.64	13646	0	110
2022.11.16	12:00:00	1220.64	1229.46	1186.27	1190.75	14766	0	110
2022.11.16	16:00:00	1190.73	1219.06	1186.03	1207.22	13768	0	113
2022.11.16	20:00:00	1207.20	1220.16	1200.90	1215.49	13179	0	109
2022.11.17	00:00:00	1215.46	1227.53	1199.50	1203.17	13073	0	102
2022.11.17	04:00:00	1203.38	1214.56	1192.73	1203.45	13461	0	106
2022.11.17	08:00:00	1203.63	1207.17	1180.79	1203.03	13398	0	106
2022.11.17	12:00:00	1203.03	1214.61	1183.07	1192.24	13924	0	106
2022.11.17	16:00:00	1192.14	1216.21	1188.31	1201.95	13543	0	101
2022.11.17	20:00:00	1201.76	1209.03	1195.84	1199.89	12857	0	100
2022.11.18	00:00:00	1199.89	1230.90	1198.65	1219.21	13416	0	101
2022.11.18	04:00:00	1219.34	1222.91	1212.54	1213.38	12671	0	99
2022.11.18	08:00:00	1213.30	1224.30	1205.01	1216.48	12942	0	101
2022.11.18	12:00:00	1216.52	1225.70	1205.72	1209.95	13288	0	100
2022.11.18	16:00:00	1210.15	1213.02	1199.77	1208.38	12912	0	106
2022.11.18	20:00:00	1208.48	1213.60	1204.96	1211.16	12391	0	108
2022.11.19	00:00:00	1211.23	1212.23	1199.87	1207.14	12303	0	112
2022.11.19	04:00:00	1207.16	1208.39	1196.99	1205.86	12259	0	102
2022.11.19	08:00:00	1205.92	1211.07	1203.35	1209.97	11897	0	95
2022.11.19	12:00:00	1209.96	1211.00	1204.67	1209.23	11891	0	95
2022.11.19	16:00:00	1209.23	1210.87	1206.22	1208.04	11535	0	81
2022.11.19	20:00:00	1208.03	1231.26	1208.02	1216.67	12247	0	80
2022.11.20	00:00:00	1216.89	1225.33	1214.49	1217.93	12016	0	107
2022.11.20	04:00:00	1217.94	1222.16	1216.94	1219.63	10901	0	111
2022.11.20	08:00:00	1219.65	1220.00	1160.63	1167.02	12962	0	102
2022.11.20	12:00:00	1166.97	1179.02	1153.40	1176.58	13258	0	116
2022.11.20	16:00:00	1176.57	1186.61	1169.40	1184.57	12522	0	107
2022.11.20	20:00:00	1184.68	1185.46	1131.92	1141.36	13951	0	117
2022.11.21	00:00:00	1141.10	1142.98	1109.85	1123.62	14235	0	113
2022.11.21	04:00:00	1123.52	1137.41	1116.46	1122.61	13447	0	108
2022.11.21	08:00:00	1122.65	1129.94	1105.45	1123.99	13582	0	107
2022.11.21	12:00:00	1124.02	1144.66	1114.10	1129.79	13895	0	114
2022.11.21	16:00:00	1129.92	1132.45	1079.63	1090.40	15254	0	112
2022.11.21	20:00:00	1090.29	1119.83	1081.56	1105.32	14519	0	114
2022.11.22	00:00:00	1105.29	1114.61	1095.20	1102.28	13422	0	111
2022.11.22	04:00:00	1102.35	1104.87	1078.95	1091.87	13494	0	111
2022.11.22	08:00:00	1091.85	1093.25	1074.38	1084.06	13462	0	115
2022.11.22	12:00:00	1084.08	1140.60	1077.93	1134.08	13725	0	120
2022.11.22	16:00:00	1134.25	1140.03	1113.86	1126.40	13104	0	108
2022.11.22	20:00:00	1126.43	1140.65	1122.20	1137.98	12112	0	115
2022.11.23	00:00:00	1138.06	1168.31	1127.40	1168.31	12915	0	110
2022.11.23	04:00:00	1168.32	1169.25	1156.03	1165.36	12199	0	99
2022.11.23	08:00:00	1165.36	1177.83	1159.68	1173.90	12677	0	105
2022.11.23	12:00:00	1173.86	1176.26	1153.73	1159.77	12617	0	104
2022.11.23	16:00:00	1159.89	1186.06	1148.43	1167.36	13068	0	105
2022.11.23	20:00:00	1167.43	1188.37	1161.39	1183.35	12618	0	106
2022.11.24	00:00:00	1183.34	1207.70	1179.28	1200.82	12826	0	105
2022.11.24	04:00:00	1200.67	1215.47	1197.74	1206.02	12363	0	101
2022.11.24	08:00:00	1205.86	1207.08	1190.83	1194.82	12399	0	99
2022.11.24	12:00:00	1194.80	1202.31	1186.10	1194.62	12161	0	95
2022.11.24	16:00:00	1194.72	1206.37	1192.71	1202.42	12518	0	105
2022.11.24	20:00:00	1202.43	1205.37	1193.25	1203.09	11919	0	97
2022.11.25	00:00:00	1203.14	1204.06	1181.48	1185.72	12138	0	91
2022.11.25	04:00:00	1185.70	1187.17	1171.06	1184.43	12237	0	79
2022.11.25	08:00:00	1184.35	1196.77	1175.49	1192.40	12218	0	93
2022.11.25	12:00:00	1192.41	1198.69	1181.05	1189.03	12555	0	89
2022.11.25	16:00:00	1189.08	1198.24	1182.71	1196.31	12076	0	94
2022.11.25	20:00:00	1196.32	1205.07	1195.18	1198.46	11860	0	96
2022.11.26	00:00:00	1198.61	1226.51	1196.18	1215.12	12489	0	103
2022.11.26	04:00:00	1215.11	1224.24	1211.84	1218.37	12070	0	98
2022.11.26	08:00:00	1218.38	1226.26	1215.14	1220.91	12063	0	91
2022.11.26	12:00:00	1220.93	1232.98	1206.11	1210.34	12441	0	88
2022.11.26	16:00:00	1210.30	1214.22	1201.62	1206.66	12089	0	102
2022.11.26	20:00:00	1206.66	1211.98	1196.45	1204.82	11524	0	94
2022.11.27	00:00:00	1204.89	1217.00	1203.86	1215.87	11681	0	78
2022.11.27	04:00:00	1215.83	1222.41	1214.34	1216.43	11461	0	76
2022.11.27	08:00:00	1216.43	1220.15	1209.33	1214.76	11864	0	77
2022.11.27	12:00:00	1214.77	1218.44	1207.47	1217.34	11762	0	79
2022.11.27	16:00:00	1217.27	1219.69	1210.90	1212.50	11107	0	76
2022.11.27	20:00:00	1212.48	1217.67	1189.65	1193.61	11351	0	79
2022.11.28	00:00:00	1193.73	1198.94	1158.36	1172.43	13002	0	89
2022.11.28	04:00:00	1172.48	1178.03	1166.81	1173.80	12261	0	88
2022.11.28	08:00:00	1173.81	1176.19	1163.61	1170.12	12431	0	94
2022.11.28	12:00:00	1169.88	1181.03	1156.18	1163.14	12664	0	90
2022.11.28	16:00:00	1163.26	1182.93	1150.34	1171.24	13055	0	89
2022.11.28	20:00:00	1171.28	1175.50	1167.09	1168.16	11855	0	91
2022.11.29	00:00:00	1168.16	1188.15	1158.11	1184.15	12280	0	97
2022.11.29	04:00:00	1184.09	1213.70	1183.65	1206.86	12606	0	99
2022.11.29	08:00:00	1206.88	1222.42	1204.96	1217.57	12326	0	91
2022.11.29	12:00:00	1217.56	1218.90	1203.24	1209.32	12354	0	86
2022.11.29	16:00:00	1209.35	1220.19	1203.51	1216.09	11911	0	88
2022.11.29	20:00:00	1216.11	1226.80	1215.41	1216.49	11765	0	85
2022.11.30	00:00:00	1216.36	1280.78	1212.82	1264.50	13095	0	89
2022.11.30	04:00:00	1264.64	1274.26	1264.64	1272.86	11268	0	92
2022.11.30	08:00:00	1272.92	1277.16	1261.15	1266.89	11312	0	99
2022.11.30	12:00:00	1266.93	1271.35	1255.40	1267.28	12251	0	102
2022.11.30	16:00:00	1267.21	1300.56	1258.14	1286.82	13125	0	101
2022.11.30	20:00:00	1286.92	1308.08	1285.35	1294.79	12237	0	112
2022.12.01	00:00:00	1294.72	1295.47	1281.63	1287.90	12073	0	114
2022.12.01	04:00:00	1287.92	1288.96	1276.10	1278.58	11473	0	109
2022.12.01	08:00:00	1278.57	1285.40	1277.56	1282.92	11362	0	94
2022.12.01	12:00:00	1282.91	1297.41	1263.70	1271.46	13207	0	108
2022.12.01	16:00:00	1271.50	1278.78	1265.84	1276.01	12133	0	104
2022.12.01	20:00:00	1276.03	1282.08	1267.59	1276.55	11547	0	94
2022.12.02	00:00:00	1276.58	1284.14	1265.81	1272.06	12128	0	105
2022.12.02	04:00:00	1272.08	1278.12	1267.93	1276.47	11462	0	102
2022.12.02	08:00:00	1276.41	1293.46	1274.03	1288.52	11693	0	108
2022.12.02	12:00:00	1288.59	1295.93	1269.36	1279.34	12618	0	104
2022.12.02	16:00:00	1279.36	1287.82	1274.68	1287.04	11309	0	90
2022.12.02	20:00:00	1287.07	1295.79	1286.60	1295.19	11704	0	96
2022.12.03	00:00:00	1295.12	1303.84	1283.32	1285.79	11784	0	107
2022.12.03	04:00:00	1285.80	1290.52	1274.26	1276.97	11822	0	103
2022.12.03	08:00:00	1276.97	1277.77	1261.48	1270.32	12168	0	121
2022.12.03	12:00:00	1270.32	1275.15	1267.13	1271.75	11677	0	116
2022.12.03	16:00:00	1271.76	1272.18	1262.87	1267.27	11656	0	118
2022.12.03	20:00:00	1267.30	1267.67	1236.60	1241.30	12641	0	110
2022.12.04	00:00:00	1241.30	1262.78	1240.82	1257.77	12461	0	121
2022.12.04	04:00:00	1257.82	1267.30	1254.64	1257.51	11705	0	121
2022.12.04	08:00:00	1257.58	1263.35	1252.73	1255.82	11813	0	121
2022.12.04	12:00:00	1255.84	1262.37	1250.59	1260.71	12164	0	113
2022.12.04	16:00:00	1260.71	1281.52	1257.96	1278.29	12175	0	104
2022.12.04	20:00:00	1278.25	1285.19	1272.56	1279.65	11810	0	120
2022.12.05	00:00:00	1279.67	1297.19	1277.00	1290.85	12426	0	126
2022.12.05	04:00:00	1290.85	1304.10	1289.96	1297.18	11456	0	106
2022.12.05	08:00:00	1297.22	1304.45	1292.25	1294.83	11287	0	112
2022.12.05	12:00:00	1294.88	1294.95	1260.01	1266.90	12093	0	105
2022.12.05	16:00:00	1266.93	1270.15	1246.95	1253.84	12565	0	106
2022.12.05	20:00:00	1253.78	1260.15	1252.20	1259.08	10900	0	101
2022.12.06	00:00:00	1259.09	1269.53	1258.92	1261.43	11465	0	104
2022.12.06	04:00:00	1261.42	1262.94	1255.38	1260.22	11108	0	102
2022.12.06	08:00:00	1260.13	1264.06	1243.29	1256.38	12075	0	99
2022.12.06	12:00:00	1256.35	1261.48	1245.61	1254.57	12456	0	91
2022.12.06	16:00:00	1254.64	1258.94	1242.88	1249.96	12345	0	96
2022.12.06	20:00:00	1249.97	1273.63	1247.57	1270.80	11732	0	93
2022.12.07	00:00:00	1270.81	1276.68	1259.33	1262.16	11999	0	104
2022.12.07	04:00:00	1262.15	1264.21	1220.33	1225.03	12276	0	95
2022.12.07	08:00:00	1224.96	1231.29	1218.79	1225.71	11771	0	100
2022.12.07	12:00:00	1225.82	1239.90	1221.06	1234.47	12471	0	92
2022.12.07	16:00:00	1234.48	1237.14	1227.93	1232.67	12592	0	99
2022.12.07	20:00:00	1232.75	1235.81	1223.54	1231.85	12419	0	104
2022.12.08	00:00:00	1231.79	1238.48	1222.86	1231.89	12687	0	97
2022.12.08	04:00:00	1231.98	1236.20	1225.40	1233.14	12385	0	95
2022.12.08	08:00:00	1232.98	1244.29	1228.61	1240.79	12434	0	100
2022.12.08	12:00:00	1240.80	1254.11	1236.73	1250.57	13279	0	102
2022.12.08	16:00:00	1250.58	1291.08	1249.80	1283.59	13193	0	107
2022.12.08	20:00:00	1283.66	1286.04	1275.63	1280.23	12319	0	105
2022.12.09	00:00:00	1280.29	1288.40	1273.35	1283.76	12168	0	103
2022.12.09	04:00:00	1283.68	1285.31	1277.15	1282.37	11541	0	101
2022.12.09	08:00:00	1282.36	1291.38	1279.03	1287.93	11702	0	104
2022.12.09	12:00:00	1288.00	1295.18	1262.81	1277.85	13363	0	104
2022.12.09	16:00:00	1277.85	1278.03	1263.60	1268.63	12414	0	105
2022.12.09	20:00:00	1268.57	1268.99	1255.63	1262.94	12065	0	95
2022.12.10	00:00:00	1262.90	1268.07	1261.45	1265.14	11561	0	97
2022.12.10	04:00:00	1265.20	1266.91	1262.74	1264.94	11058	0	88
2022.12.10	08:00:00	1264.96	1267.50	1259.93	1266.05	11153	0	81
2022.12.10	12:00:00	1266.06	1278.79	1263.78	1278.09	11617	0	76
2022.12.10	16:00:00	1278.05	1282.61	1266.58	1271.99	11486	0	96
2022.12.10	20:00:00	1272.05	1273.60	1262.13	1266.08	11189	0	96
2022.12.11	00:00:00	1266.03	1272.87	1265.17	1272.34	11132	0	87
2022.12.11	04:00:00	1272.35	1277.68	1271.87	1276.67	10708	0	86
2022.12.11	08:00:00	1276.66	1277.08	1270.36	1273.02	11198	0	83
2022.12.11	12:00:00	1273.05	1275.84	1268.98	1272.91	11411	0	99
2022.12.11	16:00:00	1272.92	1283.49	1270.65	1274.00	11689	0	98
2022.12.11	20:00:00	1274.01	1274.08	1255.93	1263.49	12189	0	95
2022.12.12	00:00:00	1263.55	1263.55	1241.67	1244.32	12852	0	98
2022.12.12	04:00:00	1244.31	1248.58	1240.90	1246.74	11748	0	97
2022.12.12	08:00:00	1246.80	1257.75	1242.86	1255.16	12243	0	97
2022.12.12	12:00:00	1255.18	1256.78	1244.18	1249.71	12784	0	93
2022.12.12	16:00:00	1249.85	1256.74	1249.26	1255.18	12232	0	88
2022.12.12	20:00:00	1255.13	1278.60	1254.72	1275.49	12856	0	88
2022.12.13	00:00:00	1275.65	1278.22	1266.18	1269.52	11312	0	90
2022.12.13	04:00:00	1269.55	1275.55	1256.42	1267.25	12319	0	92
2022.12.13	08:00:00	1267.25	1289.44	1264.86	1286.91	12845	0	90
2022.12.13	12:00:00	1286.85	1345.35	1286.67	1322.38	14382	0	97
2022.12.13	16:00:00	1322.40	1327.26	1303.12	1315.45	13116	0	123
2022.12.13	20:00:00	1315.44	1322.17	1310.44	1319.43	12516	0	117
2022.12.14	00:00:00	1319.44	1325.62	1316.51	1318.93	12432	0	114
2022.12.14	04:00:00	1318.93	1323.95	1314.94	1321.91	11833	0	106
2022.12.14	08:00:00	1321.94	1327.81	1318.10	1325.67	12098	0	105
2022.12.14	12:00:00	1325.68	1342.96	1324.51	1337.65	13023	0	107
2022.12.14	16:00:00	1337.69	1350.09	1300.39	1306.55	14112	0	125
2022.12.14	20:00:00	1306.45	1316.97	1300.58	1306.84	12554	0	131
2022.12.15	00:00:00	1306.99	1310.76	1281.35	1292.05	12927	0	113
2022.12.15	04:00:00	1291.95	1292.36	1286.21	1286.99	12440	0	111
2022.12.15	08:00:00	1287.17	1290.83	1282.51	1290.32	12675	0	104
2022.12.15	12:00:00	1290.25	1290.54	1263.57	1270.56	13405	0	107
2022.12.15	16:00:00	1270.57	1275.30	1264.85	1274.51	12832	0	110
2022.12.15	20:00:00	1274.56	1275.39	1259.66	1266.44	12716	0	104
2022.12.16	00:00:00	1266.37	1273.41	1265.68	1271.44	12334	0	102
2022.12.16	04:00:00	1271.47	1279.26	1267.18	1277.64	11931	0	103
2022.12.16	08:00:00	1277.74	1279.08	1206.20	1213.65	14144	0	100
2022.12.16	12:00:00	1213.63	1218.91	1197.49	1204.05	13451	0	93
2022.12.16	16:00:00	1204.21	1204.65	1182.81	1202.29	13439	0	107
2022.12.16	20:00:00	1202.26	1210.85	1156.40	1167.08	13991	0	121
2022.12.17	00:00:00	1167.13	1179.29	1162.81	1175.89	13117	0	115
2022.12.17	04:00:00	1175.88	1185.44	1174.25	1184.44	12735	0	103
2022.12.17	08:00:00	1184.48	1188.96	1175.07	1181.18	12616	0	84
2022.12.17	12:00:00	1181.22	1183.91	1174.90	1180.57	12633	0	82
2022.12.17	16:00:00	1180.54	1180.78	1172.10	1177.61	12196	0	86
2022.12.17	20:00:00	1177.59	1190.15	1176.51	1187.77	12451	0	89
2022.12.18	00:00:00	1187.92	1189.41	1181.41	1188.46	11759	0	76
2022.12.18	04:00:00	1188.52	1197.18	1184.43	1187.55	11944	0	82
2022.12.18	08:00:00	1187.67	1189.45	1172.77	1183.27	11934	0	82
2022.12.18	12:00:00	1183.30	1184.75	1173.95	1174.99	11861	0	84
2022.12.18	16:00:00	1174.98	1190.99	1174.59	1184.13	12266	0	106
2022.12.18	20:00:00	1184.09	1194.52	1181.50	1183.97	12556	0	104
2022.12.19	00:00:00	1183.91	1195.66	1174.83	1179.79	13071	0	106
2022.12.19	04:00:00	1179.88	1184.91	1177.92	1180.47	12361	0	101
2022.12.19	08:00:00	1180.25	1188.64	1179.92	1183.36	12462	0	98
2022.12.19	12:00:00	1183.38	1189.21	1178.06	1179.24	12957	0	92
2022.12.19	16:00:00	1179.17	1181.33	1164.86	1170.27	13432	0	97
2022.12.19	20:00:00	1170.26	1180.90	1150.58	1167.31	13143	0	109
2022.12.20	00:00:00	1166.97	1198.11	1162.58	1192.53	13544	0	112
2022.12.20	04:00:00	1192.53	1214.24	1190.83	1208.69	13234	0	124
2022.12.20	08:00:00	1208.76	1218.11	1205.84	1212.31	12813	0	124
2022.12.20	12:00:00	1212.33	1230.09	1204.70	1217.56	13282	0	125
2022.12.20	16:00:00	1217.67	1218.66	1205.53	1217.01	13037	0	179
2022.12.20	20:00:00	1216.92	1220.89	1211.95	1217.35	12543	0	153
2022.12.21	00:00:00	1217.25	1219.14	1206.78	1210.77	12603	0	130
2022.12.21	04:00:00	1210.84	1214.23	1204.68	1211.74	11941	0	109
2022.12.21	08:00:00	1211.81	1219.57	1208.65	1217.22	12139	0	113
2022.12.21	12:00:00	1217.10	1222.38	1206.48	1216.10	12854	0	119
2022.12.21	16:00:00	1216.14	1216.53	1207.35	1209.35	12554	0	104
2022.12.21	20:00:00	1209.37	1215.28	1207.64	1213.87	12331	0	104
2022.12.22	00:00:00	1213.98	1218.38	1212.15	1214.91	12235	0	106
2022.12.22	04:00:00	1214.93	1215.59	1210.24	1214.01	12166	0	99
2022.12.22	08:00:00	1214.02	1221.69	1212.52	1217.67	12655	0	98
2022.12.22	12:00:00	1217.66	1219.17	1185.08	1187.29	13387	0	103
2022.12.22	16:00:00	1187.35	1195.69	1183.70	1195.52	12862	0	95
2022.12.22	20:00:00	1195.53	1236.52	1194.35	1217.82	10679	0	103
2022.12.23	00:00:00	1217.83	1227.85	1214.93	1223.54	8774	0	125
2022.12.23	04:00:00	1223.48	1224.53	1219.65	1221.76	7667	0	130
2022.12.23	08:00:00	1221.75	1226.36	1216.67	1223.22	11856	0	149
2022.12.23	12:00:00	1223.29	1230.61	1211.96	1220.04	12995	0	170
2022.12.23	16:00:00	1220.04	1222.17	1216.85	1220.15	12344	0	157
2022.12.23	20:00:00	1220.16	1223.07	1217.97	1220.53	12049	0	150
2022.12.24	00:00:00	1220.55	1222.17	1215.73	1219.24	11523	0	142
2022.12.24	04:00:00	1219.23	1221.58	1215.30	1221.28	11273	0	131
2022.12.24	08:00:00	1221.27	1221.67	1217.11	1220.15	8287	0	115
2022.12.24	12:00:00	1220.17	1220.19	1218.20	1219.38	8300	0	114
2022.12.24	16:00:00	1219.38	1227.58	1218.33	1224.50	11459	0	118
2022.12.24	20:00:00	1224.50	1224.81	1218.62	1221.29	11210	0	122
2022.12.25	00:00:00	1221.34	1224.93	1220.52	1222.05	10703	0	102
2022.12.25	04:00:00	1222.09	1222.23	1216.02	1220.53	10816	0	103
2022.12.25	08:00:00	1220.51	1222.64	1218.04	1218.33	10557	0	101
2022.12.25	12:00:00	1218.31	1219.96	1195.74	1211.43	11764	0	102
2022.12.25	16:00:00	1211.32	1213.17	1196.36	1209.83	12566	0	95
2022.12.25	20:00:00	1209.79	1223.63	1204.98	1218.95	12720	0	99
2022.12.26	00:00:00	1218.88	1224.10	1217.02	1221.28	12348	0	122
2022.12.26	04:00:00	1221.25	1223.45	1218.66	1221.33	11973	0	105
2022.12.26	08:00:00	1221.33	1223.34	1218.42	1220.43	12127	0	106
2022.12.26	12:00:00	1220.47	1221.31	1210.76	1216.30	12312	0	106
2022.12.26	16:00:00	1216.19	1220.39	1213.14	1218.13	11974	0	112
2022.12.26	20:00:00	1218.20	1230.28	1216.11	1228.05	12340	0	129
2022.12.27	00:00:00	1228.35	1233.46	1222.38	1224.06	12479	0	117
2022.12.27	04:00:00	1223.99	1225.30	1221.20	1223.08	11879	0	118
2022.12.27	08:00:00	1223.08	1223.97	1215.97	1219.65	12443	0	111
2022.12.27	12:00:00	1219.66	1220.07	1206.18	1211.60	12799	0	107
2022.12.27	16:00:00	1211.61	1212.93	1201.09	1211.18	12922	0	115
2022.12.27	20:00:00	1211.24	1214.37	1208.24	1212.03	12296	0	109
2022.12.28	00:00:00	1211.99	1215.61	1188.13	1198.32	12764	0	113
2022.12.28	04:00:00	1198.34	1199.77	1189.48	1195.08	12275	0	112
2022.12.28	08:00:00	1195.05	1198.71	1194.14	1196.97	12389	0	123
2022.12.28	12:00:00	1197.00	1207.69	1188.21	1190.52	12766	0	121
2022.12.28	16:00:00	1190.53	1200.25	1188.75	1193.62	12644	0	112
2022.12.28	20:00:00	1193.63	1195.59	1182.76	1190.33	12745	0	102
2022.12.29	00:00:00	1190.37	1195.20	1186.80	1195.20	12456	0	114
2022.12.29	04:00:00	1195.21	1197.83	1192.56	1195.54	12006	0	115
2022.12.29	08:00:00	1195.58	1202.34	1190.54	1199.15	12372	0	114
2022.12.29	12:00:00	1199.16	1205.90	1197.29	1200.96	12521	0	119
2022.12.29	16:00:00	1201.01	1203.23	1195.22	1198.61	12112	0	115
2022.12.29	20:00:00	1198.58	1204.07	1192.22	1200.92	12563	0	125
2022.12.30	00:00:00	1200.94	1202.62	1195.48	1197.97	12171	0	122
2022.12.30	04:00:00	1197.97	1198.50	1184.63	1189.08	12405	0	114
2022.12.30	08:00:00	1188.93	1195.14	1188.46	1191.15	12048	0	113
2022.12.30	12:00:00	1191.12	1198.50	1181.42	1195.50	12847	0	119
2022.12.30	16:00:00	1195.39	1198.68	1193.05	1195.35	12406	0	120
2022.12.30	20:00:00	1195.40	1201.85	1195.05	1200.03	12276	0	118
2022.12.31	00:00:00	1200.12	1200.63	1194.08	1194.89	11979	0	117
2022.12.31	04:00:00	1194.88	1197.70	1191.84	1197.25	11209	0	124
2022.12.31	08:00:00	1197.36	1200.30	1195.67	1197.62	11453	0	112
2022.12.31	12:00:00	1197.63	1208.26	1196.33	1203.29	11795	0	105
2022.12.31	16:00:00	1203.10	1204.98	1199.18	1202.81	11005	0	130
2022.12.31	20:00:00	1202.80	1204.03	1193.85	1196.42	11170	0	110
2023.01.01	00:00:00	1196.44	1197.28	1192.51	1194.61	10689	0	111
2023.01.01	04:00:00	1194.59	1196.05	1191.70	1195.42	11028	0	115
2023.01.01	08:00:00	1195.41	1197.92	1193.91	1196.83	11018	0	120
2023.01.01	12:00:00	1196.82	1198.44	1193.49	1196.95	11346	0	124
2023.01.01	16:00:00	1196.97	1204.43	1196.07	1202.21	11988	0	123
2023.01.01	20:00:00	1202.31	1204.70	1198.65	1199.81	11963	0	129
2023.01.02	00:00:00	1199.87	1202.45	1192.69	1201.58	12475	0	264
2023.01.02	04:00:00	1201.62	1216.77	1198.98	1211.96	11591	0	263
2023.01.02	08:00:00	1211.96	1221.53	1211.43	1216.41	12770	0	295
2023.01.02	12:00:00	1216.30	1219.74	1212.37	1218.07	12650	0	298
2023.01.02	16:00:00	1218.08	1219.01	1214.23	1217.98	12243	0	275
2023.01.02	20:00:00	1217.99	1221.15	1210.29	1212.88	12572	0	283
2023.01.03	00:00:00	1213.00	1216.88	1211.53	1215.74	12271	0	125
2023.01.03	04:00:00	1215.71	1220.16	1213.35	1216.79	11768	0	131
2023.01.03	08:00:00	1216.75	1218.90	1214.14	1215.14	11331	0	126
2023.01.03	12:00:00	1215.12	1219.27	1206.66	1211.88	12420	0	129
2023.01.03	16:00:00	1211.98	1212.78	1205.44	1209.26	12473	0	121
2023.01.03	20:00:00	1209.35	1215.55	1209.33	1214.51	12111	0	121
2023.01.04	00:00:00	1214.46	1253.85	1212.41	1250.61	12905	0	121
2023.01.04	04:00:00	1250.75	1254.22	1246.84	1251.87	12520	0	125
2023.01.04	08:00:00	1251.82	1261.44	1248.39	1251.78	11901	0	128
2023.01.04	12:00:00	1251.79	1257.45	1243.22	1255.57	12867	0	133
2023.01.04	16:00:00	1255.55	1270.00	1250.79	1253.96	13308	0	133
2023.01.04	20:00:00	1253.98	1257.31	1245.20	1256.41	12491	0	131
2023.01.05	00:00:00	1256.31	1259.56	1251.34	1252.46	12253	0	125
2023.01.05	04:00:00	1252.48	1254.40	1247.70	1250.96	12246	0	124
2023.01.05	08:00:00	1251.06	1255.24	1245.04	1254.93	12247	0	126
2023.01.05	12:00:00	1254.79	1255.56	1242.12	1248.78	12708	0	127
2023.01.05	16:00:00	1248.78	1254.46	1246.52	1253.20	12481	0	121
2023.01.05	20:00:00	1253.20	1254.09	1247.99	1251.01	12214	0	127
2023.01.06	00:00:00	1251.04	1257.21	1247.91	1250.89	12127	0	121
2023.01.06	04:00:00	1250.92	1252.17	1245.90	1247.30	11146	0	116
2023.01.06	08:00:00	1247.34	1249.88	1239.24	1242.90	11847	0	120
2023.01.06	12:00:00	1242.88	1264.41	1233.23	1262.28	13218	0	121
2023.01.06	16:00:00	1262.33	1275.13	1259.45	1272.49	13119	0	152
2023.01.06	20:00:00	1272.56	1275.26	1264.30	1268.59	12698	0	152
2023.01.07	00:00:00	1268.53	1270.89	1264.77	1266.32	11867	0	145
2023.01.07	04:00:00	1266.36	1266.52	1261.40	1266.20	11331	0	146
2023.01.07	08:00:00	1266.30	1266.51	1262.46	1263.21	11602	0	143
2023.01.07	12:00:00	1263.15	1265.52	1260.96	1264.42	11590	0	137
2023.01.07	16:00:00	1264.41	1265.65	1261.46	1264.82	10927	0	148
2023.01.07	20:00:00	1264.90	1266.21	1261.30	1263.91	11656	0	146
2023.01.08	00:00:00	1263.78	1264.36	1258.05	1262.15	11457	0	149
2023.01.08	04:00:00	1262.16	1263.98	1261.50	1263.35	10141	0	147
2023.01.08	08:00:00	1263.14	1266.04	1260.69	1261.48	11899	0	163
2023.01.08	12:00:00	1261.53	1275.05	1260.78	1273.62	11109	0	161
2023.01.08	16:00:00	1273.67	1278.35	1261.84	1264.81	12190	0	141
2023.01.08	20:00:00	1264.84	1293.62	1263.88	1289.01	12971	0	161
2023.01.09	00:00:00	1289.02	1312.13	1284.87	1309.43	13559	0	158
2023.01.09	04:00:00	1309.40	1313.36	1306.44	1311.47	12715	0	155
2023.01.09	08:00:00	1311.36	1326.38	1306.94	1317.47	13047	0	153
2023.01.09	12:00:00	1317.64	1340.70	1314.70	1335.11	13218	0	138
2023.01.09	16:00:00	1335.13	1344.15	1329.33	1329.67	13325	0	134
2023.01.09	20:00:00	1329.61	1331.10	1314.77	1319.61	13059	0	143
2023.01.10	00:00:00	1319.69	1328.62	1316.44	1323.89	12907	0	149
2023.01.10	04:00:00	1323.70	1327.71	1321.78	1322.86	12623	0	146
2023.01.10	08:00:00	1322.95	1333.75	1321.21	1328.76	12777	0	132
2023.01.10	12:00:00	1328.72	1339.74	1322.64	1333.29	13291	0	136
2023.01.10	16:00:00	1333.36	1344.86	1326.79	1338.84	13139	0	135
2023.01.10	20:00:00	1338.85	1346.47	1333.27	1335.04	13010	0	142
2023.01.11	00:00:00	1334.94	1341.61	1327.29	1330.75	12885	0	140
2023.01.11	04:00:00	1330.80	1335.42	1326.57	1335.24	12691	0	150
2023.01.11	08:00:00	1335.19	1337.92	1330.60	1336.27	12414	0	146
2023.01.11	12:00:00	1336.23	1336.23	1320.65	1322.54	12913	0	133
2023.01.11	16:00:00	1322.35	1343.67	1321.22	1342.20	13267	0	136
2023.01.11	20:00:00	1342.06	1395.21	1338.75	1389.08	13861	0	154
2023.01.12	00:00:00	1388.93	1416.02	1385.66	1399.98	13718	0	186
2023.01.12	04:00:00	1399.82	1403.87	1392.93	1397.38	12810	0	178
2023.01.12	08:00:00	1397.39	1401.45	1393.83	1396.43	12820	0	181
2023.01.12	12:00:00	1396.51	1406.30	1363.89	1384.75	14272	0	179
2023.01.12	16:00:00	1384.70	1434.94	1382.21	1424.08	13923	0	197
2023.01.12	20:00:00	1424.20	1434.84	1413.16	1414.74	13361	0	219
2023.01.13	00:00:00	1414.80	1416.64	1400.04	1413.63	13127	0	202
2023.01.13	04:00:00	1413.44	1414.39	1404.11	1407.08	12612	0	187
2023.01.13	08:00:00	1407.09	1417.40	1403.56	1408.49	13001	0	184
2023.01.13	12:00:00	1408.43	1422.90	1401.10	1421.08	13373	0	199
2023.01.13	16:00:00	1421.10	1423.38	1406.14	1418.73	13413	0	213
2023.01.13	20:00:00	1418.85	1461.62	1416.13	1449.56	13916	0	221
2023.01.14	00:00:00	1449.38	1602.71	1447.94	1554.60	15600	0	238
2023.01.14	04:00:00	1554.49	1556.47	1540.38	1552.20	13404	0	235
2023.01.14	08:00:00	1552.28	1563.19	1502.48	1529.04	14312	0	239
2023.01.14	12:00:00	1529.16	1544.65	1506.90	1523.92	14114	0	245
2023.01.14	16:00:00	1523.68	1536.95	1522.10	1528.47	13462	0	237
2023.01.14	20:00:00	1528.52	1557.23	1526.37	1549.04	13375	0	141
2023.01.15	00:00:00	1548.95	1551.09	1515.82	1524.67	13669	0	224
2023.01.15	04:00:00	1524.75	1530.04	1520.86	1528.72	12622	0	222
2023.01.15	08:00:00	1528.64	1533.83	1518.53	1532.61	13020	0	207
2023.01.15	12:00:00	1532.64	1558.95	1528.27	1556.21	13203	0	226
2023.01.15	16:00:00	1556.16	1565.25	1533.04	1549.66	13727	0	204
2023.01.15	20:00:00	1549.65	1559.55	1541.74	1551.27	13018	0	201
2023.01.16	00:00:00	1551.52	1583.01	1540.26	1568.91	14005	0	213
2023.01.16	04:00:00	1568.94	1577.97	1562.04	1566.17	13056	0	202
2023.01.16	08:00:00	1566.17	1566.33	1523.19	1542.46	13374	0	198
2023.01.16	12:00:00	1542.48	1551.57	1521.07	1548.70	13441	0	191
2023.01.16	16:00:00	1548.96	1602.36	1545.06	1590.35	13802	0	140
2023.01.16	20:00:00	1590.33	1597.85	1571.89	1574.89	13483	0	148
2023.01.17	00:00:00	1575.12	1581.22	1541.07	1562.58	13804	0	193
2023.01.17	04:00:00	1562.66	1575.63	1557.27	1562.44	12930	0	203
2023.01.17	08:00:00	1562.23	1571.30	1557.61	1567.60	13138	0	205
2023.01.17	12:00:00	1567.57	1605.79	1560.96	1570.44	14263	0	193
2023.01.17	16:00:00	1570.30	1597.73	1564.50	1588.27	13495	0	192
2023.01.17	20:00:00	1588.23	1592.01	1562.85	1564.65	13313	0	188
2023.01.18	00:00:00	1564.93	1591.33	1562.78	1581.25	13428	0	184
2023.01.18	04:00:00	1580.91	1588.28	1578.00	1582.30	12669	0	175
2023.01.18	08:00:00	1582.29	1583.18	1570.71	1575.19	12983	0	178
2023.01.18	12:00:00	1575.17	1608.32	1533.54	1548.96	14215	0	187
2023.01.18	16:00:00	1549.02	1565.96	1500.60	1541.43	15227	0	191
2023.01.18	20:00:00	1541.45	1544.14	1507.34	1511.30	13603	0	192
2023.01.19	00:00:00	1511.23	1527.75	1509.36	1524.87	13044	0	176
2023.01.19	04:00:00	1524.89	1531.97	1524.63	1528.85	12677	0	187
2023.01.19	08:00:00	1528.67	1531.37	1515.86	1519.16	12646	0	165
2023.01.19	12:00:00	1519.08	1546.25	1513.07	1532.25	13505	0	169
2023.01.19	16:00:00	1532.27	1553.40	1522.50	1551.11	13399	0	176
2023.01.19	20:00:00	1551.12	1562.32	1543.24	1549.95	13173	0	190
2023.01.20	00:00:00	1549.98	1562.13	1544.41	1553.51	13032	0	187
2023.01.20	04:00:00	1553.55	1556.04	1541.07	1550.62	12776	0	184
2023.01.20	08:00:00	1550.66	1555.15	1544.26	1549.27	12758	0	188
2023.01.20	12:00:00	1549.14	1567.92	1547.68	1562.66	13431	0	189
2023.01.20	16:00:00	1562.70	1599.76	1560.24	1599.68	13773	0	200
2023.01.20	20:00:00	1599.76	1665.52	1599.26	1657.57	14554	0	219
2023.01.21	00:00:00	1657.55	1675.43	1642.08	1647.87	13323	0	193
2023.01.21	04:00:00	1647.90	1654.17	1644.52	1650.82	12629	0	195
2023.01.21	08:00:00	1650.93	1678.09	1617.89	1646.28	13890	0	206
2023.01.21	12:00:00	1646.28	1666.25	1644.05	1646.57	13479	0	153
2023.01.21	16:00:00	1646.57	1667.11	1645.71	1662.72	13423	0	218
2023.01.21	20:00:00	1662.74	1666.94	1621.96	1626.03	13248	0	202
2023.01.22	00:00:00	1626.11	1635.80	1604.07	1621.84	13450	0	228
2023.01.22	04:00:00	1621.90	1630.64	1620.30	1627.13	12515	0	228
2023.01.22	08:00:00	1627.12	1631.39	1618.18	1623.99	12758	0	220
2023.01.22	12:00:00	1624.05	1650.11	1616.67	1635.51	13418	0	220
2023.01.22	16:00:00	1635.62	1662.59	1629.78	1634.63	13404	0	208
2023.01.22	20:00:00	1634.65	1636.12	1607.58	1627.71	13855	0	207
2023.01.23	00:00:00	1627.70	1642.65	1626.20	1630.78	13089	0	207
2023.01.23	04:00:00	1630.85	1637.69	1627.76	1633.12	12663	0	197
2023.01.23	08:00:00	1633.32	1639.93	1630.59	1636.65	12716	0	186
2023.01.23	12:00:00	1636.68	1646.70	1585.99	1620.44	14367	0	194
2023.01.23	16:00:00	1620.60	1639.58	1610.12	1619.33	13857	0	215
2023.01.23	20:00:00	1619.57	1634.87	1618.10	1625.72	13175	0	213
2023.01.24	00:00:00	1625.98	1640.40	1622.68	1638.06	13072	0	216
2023.01.24	04:00:00	1638.09	1639.48	1632.68	1634.48	12671	0	226
2023.01.24	08:00:00	1634.30	1636.34	1614.40	1625.34	13038	0	198
2023.01.24	12:00:00	1625.39	1631.53	1603.24	1620.32	13630	0	219
2023.01.24	16:00:00	1620.46	1624.12	1606.75	1622.46	13210	0	213
2023.01.24	20:00:00	1622.58	1624.32	1533.66	1556.73	14053	0	188
2023.01.25	00:00:00	1556.62	1558.19	1515.87	1547.02	13787	0	186
2023.01.25	04:00:00	1547.03	1559.70	1545.92	1554.72	12967	0	199
2023.01.25	08:00:00	1554.72	1557.86	1539.42	1546.66	13166	0	177
2023.01.25	12:00:00	1546.68	1566.61	1525.60	1544.48	13840	0	188
2023.01.25	16:00:00	1544.53	1562.67	1541.73	1561.43	13417	0	194
2023.01.25	20:00:00	1561.48	1639.09	1561.48	1611.23	15182	0	217
2023.01.26	00:00:00	1611.50	1631.36	1609.65	1614.46	13505	0	211
2023.01.26	04:00:00	1614.58	1621.09	1595.99	1603.67	13201	0	200
2023.01.26	08:00:00	1603.73	1610.37	1591.89	1604.07	13199	0	199
2023.01.26	12:00:00	1603.86	1620.44	1584.80	1590.32	14347	0	213
2023.01.26	16:00:00	1590.27	1606.27	1578.18	1602.64	13623	0	209
2023.01.26	20:00:00	1602.61	1609.90	1593.77	1599.71	13107	0	193
2023.01.27	00:00:00	1599.57	1605.35	1551.81	1566.08	13446	0	197
2023.01.27	04:00:00	1566.10	1588.35	1563.54	1585.19	12785	0	181
2023.01.27	08:00:00	1585.11	1585.92	1573.00	1577.74	12686	0	181
2023.01.27	12:00:00	1578.01	1592.42	1560.26	1574.98	13770	0	189
2023.01.27	16:00:00	1574.93	1611.16	1574.31	1609.05	13240	0	198
2023.01.27	20:00:00	1609.03	1619.98	1586.50	1597.29	13233	0	214
2023.01.28	00:00:00	1597.27	1605.95	1592.06	1598.53	12320	0	204
2023.01.28	04:00:00	1598.48	1602.71	1586.43	1592.42	12341	0	197
2023.01.28	08:00:00	1592.42	1593.46	1578.18	1586.07	12103	0	218
2023.01.28	12:00:00	1586.08	1586.10	1563.29	1578.48	13018	0	231
2023.01.28	16:00:00	1578.45	1580.91	1570.85	1577.55	12519	0	248
2023.01.28	20:00:00	1577.57	1577.92	1557.12	1572.06	12732	0	231
2023.01.29	00:00:00	1572.02	1617.77	1566.65	1594.27	13794	0	212
2023.01.29	04:00:00	1594.09	1598.89	1588.08	1591.98	12479	0	204
2023.01.29	08:00:00	1592.00	1616.96	1589.12	1607.86	13186	0	186
2023.01.29	12:00:00	1607.90	1624.99	1603.09	1611.01	13363	0	176
2023.01.29	16:00:00	1611.08	1659.66	1605.41	1653.06	13737	0	175
2023.01.29	20:00:00	1653.09	1654.71	1626.54	1643.27	13451	0	194
2023.01.30	00:00:00	1643.63	1645.98	1629.92	1636.32	13134	0	196
2023.01.30	04:00:00	1636.02	1639.60	1620.62	1625.96	12880	0	197
2023.01.30	08:00:00	1625.69	1628.79	1576.47	1581.11	13951	0	202
2023.01.30	12:00:00	1580.95	1596.16	1567.44	1583.92	13559	0	241
2023.01.30	16:00:00	1583.90	1589.38	1535.22	1553.43	13865	0	214
2023.01.30	20:00:00	1553.50	1567.27	1537.06	1565.87	13449	0	204
2023.01.31	00:00:00	1565.95	1575.46	1561.69	1567.90	13011	0	209
2023.01.31	04:00:00	1567.96	1579.84	1561.13	1579.14	12513	0	197
2023.01.31	08:00:00	1579.10	1582.60	1565.65	1570.46	12834	0	201
2023.01.31	12:00:00	1570.50	1595.69	1570.23	1588.30	13358	0	198
2023.01.31	16:00:00	1588.36	1603.13	1585.83	1596.63	13037	0	202
2023.01.31	20:00:00	1596.69	1598.61	1563.86	1584.74	13410	0	194
2023.02.01	00:00:00	1584.74	1592.19	1575.89	1583.97	12611	0	195
2023.02.01	04:00:00	1583.98	1584.84	1569.55	1575.05	12146	0	191
2023.02.01	08:00:00	1575.03	1583.06	1566.47	1580.35	12638	0	186
2023.02.01	12:00:00	1580.31	1589.60	1572.13	1574.91	13164	0	184
2023.02.01	16:00:00	1574.78	1625.73	1555.14	1616.49	14499	0	169
2023.02.01	20:00:00	1616.84	1646.39	1612.19	1640.23	13563	0	199
2023.02.02	00:00:00	1640.23	1693.32	1638.05	1669.96	13550	0	191
2023.02.02	04:00:00	1670.05	1675.99	1659.15	1663.69	12642	0	185
2023.02.02	08:00:00	1663.81	1674.01	1661.81	1670.57	12728	0	188
2023.02.02	12:00:00	1670.48	1688.26	1649.29	1677.04	13701	0	184
2023.02.02	16:00:00	1677.01	1712.01	1666.31	1675.01	13830	0	174
2023.02.02	20:00:00	1674.61	1685.27	1626.30	1643.44	13907	0	175
2023.02.03	00:00:00	1643.47	1650.50	1630.81	1641.79	13189	0	180
2023.02.03	04:00:00	1641.83	1647.32	1635.92	1637.92	12603	0	183
2023.02.03	08:00:00	1637.97	1649.81	1630.15	1648.08	12709	0	171
2023.02.03	12:00:00	1648.37	1672.66	1624.98	1662.64	14242	0	178
2023.02.03	16:00:00	1662.75	1674.09	1651.27	1653.27	13513	0	83
2023.02.03	20:00:00	1653.27	1670.63	1643.01	1662.95	12668	0	79
2023.02.04	00:00:00	1662.98	1665.15	1649.27	1653.75	12261	0	183
2023.02.04	04:00:00	1653.75	1658.99	1644.39	1657.14	12212	0	207
2023.02.04	08:00:00	1657.18	1661.76	1650.15	1660.92	11940	0	162
2023.02.04	12:00:00	1660.94	1693.34	1659.69	1678.54	12715	0	152
2023.02.04	16:00:00	1678.51	1683.55	1670.74	1675.44	12209	0	153
2023.02.04	20:00:00	1675.47	1686.78	1658.53	1665.69	12097	0	155
2023.02.05	00:00:00	1665.71	1670.42	1656.30	1660.29	12657	0	173
2023.02.05	04:00:00	1660.31	1669.65	1658.53	1668.01	11179	0	213
2023.02.05	08:00:00	1668.02	1672.86	1660.27	1661.94	11732	0	203
2023.02.05	12:00:00	1661.97	1664.17	1635.86	1643.39	13155	0	200
2023.02.05	16:00:00	1643.36	1647.00	1609.64	1619.56	13593	0	189
2023.02.05	20:00:00	1619.55	1638.37	1610.98	1628.71	12696	0	181
2023.02.06	00:00:00	1628.75	1641.63	1617.68	1626.47	12605	0	193
2023.02.06	04:00:00	1626.46	1635.31	1608.83	1634.92	12649	0	189
2023.02.06	08:00:00	1635.12	1637.14	1622.42	1634.18	12508	0	184
2023.02.06	12:00:00	1634.10	1647.25	1618.83	1647.25	13230	0	190
2023.02.06	16:00:00	1647.27	1657.28	1639.44	1647.77	13377	0	216
2023.02.06	20:00:00	1647.77	1648.55	1604.56	1614.05	13176	0	221
2023.02.07	00:00:00	1614.02	1633.90	1613.02	1631.91	12449	0	224
2023.02.07	04:00:00	1632.12	1636.55	1629.68	1631.18	12035	0	222
2023.02.07	08:00:00	1631.17	1646.38	1627.55	1639.35	12493	0	209
2023.02.07	12:00:00	1639.38	1644.03	1625.77	1629.43	13093	0	200
2023.02.07	16:00:00	1629.45	1676.58	1623.33	1655.71	14517	0	212
2023.02.07	20:00:00	1655.81	1675.67	1649.45	1669.14	12992	0	226
2023.02.08	00:00:00	1669.30	1695.02	1666.63	1678.94	12949	0	213
2023.02.08	04:00:00	1678.99	1680.90	1670.52	1675.98	12046	0	192
2023.02.08	08:00:00	1675.83	1676.07	1666.07	1673.00	12359	0	184
2023.02.08	12:00:00	1672.99	1679.43	1649.71	1651.75	13391	0	204
2023.02.08	16:00:00	1651.34	1659.00	1630.19	1646.45	13696	0	230
2023.02.08	20:00:00	1646.50	1655.18	1637.11	1649.61	12769	0	222
2023.02.09	00:00:00	1649.56	1655.03	1609.14	1618.82	13173	0	189
2023.02.09	04:00:00	1618.85	1636.05	1610.74	1629.66	12742	0	194
2023.02.09	08:00:00	1629.68	1637.93	1629.48	1632.44	12541	0	192
2023.02.09	12:00:00	1632.12	1647.72	1624.85	1631.97	13341	0	198
2023.02.09	16:00:00	1631.95	1633.08	1559.52	1579.30	14123	0	160
2023.02.09	20:00:00	1579.33	1581.99	1524.84	1544.90	14376	0	153
2023.02.10	00:00:00	1545.09	1553.73	1541.29	1543.06	12747	0	146
2023.02.10	04:00:00	1543.07	1552.12	1528.63	1551.30	12922	0	154
2023.02.10	08:00:00	1551.38	1553.71	1533.43	1536.38	12785	0	160
2023.02.10	12:00:00	1536.36	1547.00	1505.97	1521.63	13653	0	155
2023.02.10	16:00:00	1521.66	1537.68	1514.64	1533.95	13222	0	154
2023.02.10	20:00:00	1533.92	1535.01	1493.29	1513.25	13176	0	154
2023.02.11	00:00:00	1513.10	1522.86	1507.72	1520.09	12209	0	158
2023.02.11	04:00:00	1520.06	1522.90	1514.77	1520.61	11353	0	164
2023.02.11	08:00:00	1520.52	1525.51	1516.04	1519.88	11599	0	151
2023.02.11	12:00:00	1519.86	1526.07	1514.89	1522.79	12209	0	144
2023.02.11	16:00:00	1522.79	1523.21	1505.71	1518.45	11811	0	150
2023.02.11	20:00:00	1518.43	1543.12	1516.50	1538.53	12516	0	141
2023.02.12	00:00:00	1538.58	1539.24	1530.01	1531.39	11156	0	140
2023.02.12	04:00:00	1531.23	1534.40	1528.91	1530.42	10370	0	143
2023.02.12	08:00:00	1530.37	1539.45	1530.37	1533.27	11342	0	152
2023.02.12	12:00:00	1533.32	1540.37	1521.45	1535.70	12249	0	147
2023.02.12	16:00:00	1535.69	1547.50	1534.23	1539.07	11956	0	136
2023.02.12	20:00:00	1539.10	1541.85	1494.06	1514.75	12993	0	125
2023.02.13	00:00:00	1514.77	1523.98	1497.20	1516.56	13273	0	179
2023.02.13	04:00:00	1516.57	1526.19	1515.37	1523.63	12212	0	144
2023.02.13	08:00:00	1523.72	1524.26	1468.03	1488.08	14243	0	166
2023.02.13	12:00:00	1488.10	1493.41	1477.40	1477.72	13446	0	153
2023.02.13	16:00:00	1477.84	1494.48	1462.93	1491.87	13922	0	153
2023.02.13	20:00:00	1491.84	1510.71	1482.73	1506.02	12968	0	143
2023.02.14	00:00:00	1505.93	1508.99	1495.07	1499.25	12808	0	169
2023.02.14	04:00:00	1499.30	1508.44	1497.43	1506.66	12470	0	170
2023.02.14	08:00:00	1506.84	1519.93	1497.36	1508.93	12985	0	157
2023.02.14	12:00:00	1508.93	1568.86	1489.21	1544.91	14823	0	156
2023.02.14	16:00:00	1544.75	1565.02	1534.25	1560.66	13709	0	151
2023.02.14	20:00:00	1560.63	1564.31	1549.75	1556.63	12572	0	133
2023.02.15	00:00:00	1556.36	1557.96	1542.83	1549.70	11297	0	143
2023.02.15	04:00:00	1549.67	1552.87	1544.81	1547.79	12163	0	140
2023.02.15	08:00:00	1547.81	1577.21	1544.17	1571.89	12549	0	137
2023.02.15	12:00:00	1572.10	1591.74	1567.28	1579.77	13887	0	141
2023.02.15	16:00:00	1579.53	1629.05	1572.81	1629.05	13591	0	140
2023.02.15	20:00:00	1629.11	1679.02	1624.58	1673.25	14036	0	151
2023.02.16	00:00:00	1673.22	1709.19	1671.48	1690.75	13241	0	152
2023.02.16	04:00:00	1690.74	1695.35	1674.15	1681.01	12169	0	140
2023.02.16	08:00:00	1680.85	1691.24	1677.42	1681.70	12212	0	148
2023.02.16	12:00:00	1681.72	1723.96	1664.90	1722.01	13822	0	155
2023.02.16	16:00:00	1721.77	1739.16	1686.51	1709.00	13999	0	158
2023.02.16	20:00:00	1709.09	1709.20	1633.48	1637.39	14388	0	147
2023.02.17	00:00:00	1637.54	1669.18	1630.07	1663.18	13265	0	149
2023.02.17	04:00:00	1663.17	1664.93	1651.99	1653.07	12783	0	134
2023.02.17	08:00:00	1653.14	1672.65	1649.20	1666.18	12970	0	136
2023.02.17	12:00:00	1666.18	1681.74	1646.43	1672.78	13737	0	140
2023.02.17	16:00:00	1672.80	1707.87	1662.55	1704.98	13880	0	149
2023.02.17	20:00:00	1705.00	1719.86	1670.08	1694.55	13583	0	152
2023.02.18	00:00:00	1694.07	1703.55	1691.90	1699.26	12522	0	146
2023.02.18	04:00:00	1699.29	1703.04	1685.25	1690.70	11988	0	136
2023.02.18	08:00:00	1690.72	1695.15	1686.17	1691.37	12255	0	140
2023.02.18	12:00:00	1691.38	1699.01	1686.97	1695.34	12369	0	133
2023.02.18	16:00:00	1695.19	1711.86	1682.55	1688.22	12422	0	142
2023.02.18	20:00:00	1688.22	1693.56	1679.43	1691.51	11884	0	147
2023.02.19	00:00:00	1691.52	1699.50	1689.86	1695.13	11518	0	136
2023.02.19	04:00:00	1695.13	1708.43	1691.61	1692.45	12124	0	142
2023.02.19	08:00:00	1692.43	1698.96	1690.52	1694.10	11937	0	155
2023.02.19	12:00:00	1694.12	1720.62	1692.94	1710.09	12237	0	139
2023.02.19	16:00:00	1710.25	1723.76	1675.58	1685.01	13679	0	132
2023.02.19	20:00:00	1685.04	1688.80	1665.89	1680.30	13054	0	137
2023.02.20	00:00:00	1680.12	1686.79	1651.17	1684.60	13381	0	138
2023.02.20	04:00:00	1684.59	1697.70	1683.80	1695.26	12570	0	154
2023.02.20	08:00:00	1695.30	1718.05	1688.86	1712.51	13173	0	156
2023.02.20	12:00:00	1712.53	1715.03	1695.82	1706.38	13162	0	149
2023.02.20	16:00:00	1706.51	1709.47	1684.52	1708.59	13306	0	132
2023.02.20	20:00:00	1708.58	1710.43	1691.49	1702.54	12604	0	135
2023.02.21	00:00:00	1702.55	1715.31	1697.45	1702.22	12795	0	129
2023.02.21	04:00:00	1702.30	1707.90	1693.89	1703.07	12642	0	138
2023.02.21	08:00:00	1703.03	1712.54	1665.06	1668.83	13748	0	129
2023.02.21	12:00:00	1668.60	1684.00	1659.15	1671.88	13507	0	133
2023.02.21	16:00:00	1671.90	1686.11	1655.41	1671.30	13315	0	139
2023.02.21	20:00:00	1671.44	1674.01	1637.03	1659.16	13371	0	137
2023.02.22	00:00:00	1659.30	1666.48	1622.60	1649.37	13412	0	133
2023.02.22	04:00:00	1649.44	1649.92	1632.08	1644.45	12952	0	135
2023.02.22	08:00:00	1644.54	1645.93	1625.15	1645.17	13116	0	139
2023.02.22	12:00:00	1645.12	1650.29	1605.86	1614.26	14016	0	142
2023.02.22	16:00:00	1614.19	1630.23	1595.00	1616.59	14036	0	159
2023.02.22	20:00:00	1616.42	1645.00	1610.72	1643.48	13148	0	165
2023.02.23	00:00:00	1643.25	1678.75	1637.46	1667.30	13330	0	163
2023.02.23	04:00:00	1667.23	1671.58	1658.92	1666.77	12688	0	156
2023.02.23	08:00:00	1666.83	1673.04	1632.75	1638.19	13320	0	157
2023.02.23	12:00:00	1638.11	1670.78	1629.80	1656.37	14082	0	178
2023.02.23	16:00:00	1656.35	1660.93	1635.68	1653.26	13632	0	175
2023.02.23	20:00:00	1653.26	1657.86	1639.43	1650.61	12533	0	171
2023.02.24	00:00:00	1650.74	1663.27	1646.20	1649.68	12487	0	174
2023.02.24	04:00:00	1649.73	1656.01	1641.43	1651.87	12555	0	174
2023.02.24	08:00:00	1651.59	1656.75	1642.70	1646.85	12834	0	169
2023.02.24	12:00:00	1646.85	1653.76	1599.90	1603.29	13993	0	171
2023.02.24	16:00:00	1603.27	1611.84	1576.48	1610.76	13911	0	160
2023.02.24	20:00:00	1610.82	1622.99	1594.26	1607.73	13149	0	142
2023.02.25	00:00:00	1607.76	1609.06	1595.65	1599.10	12598	0	150
2023.02.25	04:00:00	1599.08	1604.48	1594.73	1604.30	12162	0	157
2023.02.25	08:00:00	1604.27	1607.70	1596.60	1600.30	12507	0	143
2023.02.25	12:00:00	1600.33	1604.01	1593.64	1597.63	12428	0	134
2023.02.25	16:00:00	1597.63	1601.31	1577.02	1585.61	12820	0	148
2023.02.25	20:00:00	1585.57	1597.72	1558.23	1594.68	13199	0	149
2023.02.26	00:00:00	1594.69	1606.45	1588.26	1603.35	12309	0	132
2023.02.26	04:00:00	1603.35	1604.18	1596.72	1600.56	11604	0	121
2023.02.26	08:00:00	1600.57	1606.82	1598.03	1604.15	12043	0	131
2023.02.26	12:00:00	1604.22	1614.48	1595.15	1605.86	12706	0	139
2023.02.26	16:00:00	1605.86	1635.33	1598.71	1632.20	12970	0	141
2023.02.26	20:00:00	1632.47	1649.26	1622.17	1640.50	13184	0	153
2023.02.27	00:00:00	1640.37	1648.81	1631.19	1639.75	12650	0	142
2023.02.27	04:00:00	1639.70	1640.42	1630.49	1636.16	12206	0	145
2023.02.27	08:00:00	1636.17	1642.49	1631.57	1639.90	12281	0	148
2023.02.27	12:00:00	1639.95	1664.22	1634.35	1642.90	13410	0	157
2023.02.27	16:00:00	1642.86	1645.61	1615.47	1620.87	13421	0	144
2023.02.27	20:00:00	1620.88	1635.29	1607.77	1632.17	12696	0	148
2023.02.28	00:00:00	1632.19	1635.27	1625.83	1631.72	12153	0	143
2023.02.28	04:00:00	1631.76	1632.05	1617.53	1618.60	11797	0	140
2023.02.28	08:00:00	1618.71	1630.88	1615.97	1628.71	12325	0	150
2023.02.28	12:00:00	1628.74	1646.51	1627.42	1640.31	13137	0	165
2023.02.28	16:00:00	1640.18	1645.48	1622.35	1627.44	12910	0	155
2023.02.28	20:00:00	1627.47	1631.91	1597.37	1605.25	13064	0	135
2023.03.01	00:00:00	1605.36	1639.19	1594.60	1636.47	12990	0	146
2023.03.01	04:00:00	1636.69	1659.36	1633.73	1649.45	12848	0	187
2023.03.01	08:00:00	1649.46	1666.70	1647.01	1655.60	12673	0	178
2023.03.01	12:00:00	1655.60	1667.96	1644.98	1655.98	13340	0	177
2023.03.01	16:00:00	1656.03	1659.46	1629.59	1633.40	13129	0	180
2023.03.01	20:00:00	1633.05	1665.55	1630.34	1663.78	12825	0	176
2023.03.02	00:00:00	1663.70	1677.01	1643.17	1647.04	12978	0	168
2023.03.02	04:00:00	1647.01	1651.03	1638.36	1643.42	12331	0	156
2023.03.02	08:00:00	1643.41	1648.12	1636.74	1643.76	12732	0	149
2023.03.02	12:00:00	1643.78	1644.46	1618.24	1627.07	13302	0	150
2023.03.02	16:00:00	1627.09	1651.32	1620.23	1648.18	12776	0	148
2023.03.02	20:00:00	1648.02	1656.63	1640.14	1647.26	12693	0	143
2023.03.03	00:00:00	1647.26	1648.80	1542.64	1565.64	14120	0	148
2023.03.03	04:00:00	1565.69	1576.69	1561.22	1568.38	12834	0	158
2023.03.03	08:00:00	1568.27	1574.63	1563.36	1564.15	12532	0	150
2023.03.03	12:00:00	1564.09	1579.65	1560.87	1566.64	13301	0	156
2023.03.03	16:00:00	1566.78	1575.35	1550.60	1565.73	13263	0	164
2023.03.03	20:00:00	1565.69	1570.94	1548.02	1569.79	13209	0	161
2023.03.04	00:00:00	1569.78	1577.57	1567.80	1571.15	12396	0	178
2023.03.04	04:00:00	1571.22	1573.63	1562.76	1568.86	11977	0	173
2023.03.04	08:00:00	1568.91	1571.60	1567.06	1569.45	11557	0	180
2023.03.04	12:00:00	1569.47	1571.88	1562.44	1562.51	11830	0	179
2023.03.04	16:00:00	1562.50	1565.81	1557.66	1560.14	10127	0	170
2023.03.04	20:00:00	1560.15	1568.52	1549.54	1566.66	11822	0	184
2023.03.05	00:00:00	1566.63	1588.11	1553.40	1567.59	12201	0	164
2023.03.05	04:00:00	1567.59	1573.06	1567.36	1569.03	10549	0	150
2023.03.05	08:00:00	1568.93	1573.02	1563.79	1568.71	11788	0	144
2023.03.05	12:00:00	1568.76	1574.35	1567.88	1568.87	11715	0	144
2023.03.05	16:00:00	1568.87	1572.17	1562.97	1566.46	11575	0	171
2023.03.05	20:00:00	1566.47	1577.35	1556.72	1564.79	12554	0	165
2023.03.06	00:00:00	1564.80	1571.70	1556.41	1562.40	12712	0	165
2023.03.06	04:00:00	1562.37	1564.48	1554.56	1560.45	11616	0	154
2023.03.06	08:00:00	1560.46	1568.09	1557.44	1563.00	9976	0	161
2023.03.06	12:00:00	1563.03	1581.32	1560.82	1577.27	10945	0	174
2023.03.06	16:00:00	1577.11	1580.10	1563.05	1566.29	11833	0	141
2023.03.06	20:00:00	1566.33	1571.43	1559.43	1566.14	11201	0	128
2023.03.07	00:00:00	1566.22	1582.16	1561.40	1574.79	11465	0	139
2023.03.07	04:00:00	1574.80	1576.18	1569.65	1570.20	9745	0	157
2023.03.07	08:00:00	1570.45	1570.83	1561.76	1562.51	10906	0	150
2023.03.07	12:00:00	1562.68	1571.02	1535.75	1560.57	12616	0	134
2023.03.07	16:00:00	1560.64	1565.35	1548.04	1551.89	12582	0	136
2023.03.07	20:00:00	1551.56	1563.43	1543.40	1562.13	12214	0	130
2023.03.08	00:00:00	1561.87	1570.43	1557.83	1562.74	11274	0	145
2023.03.08	04:00:00	1562.76	1563.92	1548.02	1551.28	11188	0	124
2023.03.08	08:00:00	1551.29	1561.85	1549.75	1557.07	10866	0	129
2023.03.08	12:00:00	1557.07	1565.66	1541.13	1560.25	12780	0	133
2023.03.08	16:00:00	1560.28	1565.08	1548.86	1553.14	11841	0	135
2023.03.08	20:00:00	1553.14	1561.18	1523.30	1532.90	12390	0	126
2023.03.09	00:00:00	1532.91	1544.97	1530.60	1541.56	11436	0	128
2023.03.09	04:00:00	1541.56	1541.77	1535.68	1536.87	10707	0	128
2023.03.09	08:00:00	1536.97	1538.78	1524.75	1535.07	12028	0	144
2023.03.09	12:00:00	1535.07	1545.91	1526.14	1534.23	12433	0	143
2023.03.09	16:00:00	1534.22	1537.07	1481.40	1488.12	13512	0	143
2023.03.09	20:00:00	1488.16	1489.76	1408.83	1436.80	14019	0	134
2023.03.10	00:00:00	1436.79	1437.00	1410.14	1426.37	12737	0	129
2023.03.10	04:00:00	1426.37	1427.10	1391.89	1412.59	12762	0	132
2023.03.10	08:00:00	1412.66	1414.23	1369.59	1384.58	13379	0	128
2023.03.10	12:00:00	1384.63	1433.67	1382.47	1418.38	14980	0	126
2023.03.10	16:00:00	1418.37	1438.79	1401.41	1423.87	13709	0	132
2023.03.10	20:00:00	1423.88	1436.64	1408.64	1429.81	13028	0	117
2023.03.11	00:00:00	1429.80	1486.90	1428.93	1466.06	14195	0	118
2023.03.11	04:00:00	1466.03	1469.23	1422.89	1424.71	13315	0	127
2023.03.11	08:00:00	1424.87	1455.70	1416.40	1433.59	13685	0	126
2023.03.11	12:00:00	1433.15	1442.91	1430.92	1437.53	12834	0	120
2023.03.11	16:00:00	1437.60	1466.91	1433.10	1460.74	13449	0	126
2023.03.11	20:00:00	1460.70	1484.46	1460.24	1479.47	13009	0	129
2023.03.12	00:00:00	1479.38	1482.57	1462.32	1476.14	12679	0	131
2023.03.12	04:00:00	1476.12	1482.79	1463.82	1468.81	12226	0	130
2023.03.12	08:00:00	1468.87	1475.21	1467.68	1472.10	11287	0	122
2023.03.12	12:00:00	1472.10	1474.79	1457.22	1468.23	12665	0	135
2023.03.12	16:00:00	1468.14	1562.91	1466.49	1531.62	13282	0	153
2023.03.12	20:00:00	1531.77	1603.25	1530.73	1586.90	13242	0	221
2023.03.13	00:00:00	1586.64	1629.62	1580.81	1589.24	13138	0	260
2023.03.13	04:00:00	1589.16	1615.67	1588.15	1608.92	12661	0	252
2023.03.13	08:00:00	1609.05	1610.58	1569.19	1582.99	13726	0	177
2023.03.13	12:00:00	1583.04	1699.67	1573.03	1671.69	15137	0	175
2023.03.13	16:00:00	1672.07	1691.57	1656.99	1684.65	13795	0	177
2023.03.13	20:00:00	1684.67	1687.78	1667.95	1680.13	13301	0	169
2023.03.14	00:00:00	1679.67	1689.47	1670.64	1683.93	13452	0	155
2023.03.14	04:00:00	1684.06	1700.09	1668.19	1674.68	13117	0	144
2023.03.14	08:00:00	1674.77	1696.33	1663.45	1690.11	12698	0	135
2023.03.14	12:00:00	1690.16	1781.56	1678.02	1776.29	15360	0	165
2023.03.14	16:00:00	1776.13	1780.78	1693.63	1725.43	14637	0	167
2023.03.14	20:00:00	1724.77	1731.07	1666.23	1703.03	14198	0	158
2023.03.15	00:00:00	1702.92	1719.97	1685.31	1706.85	13466	0	149
2023.03.15	04:00:00	1706.81	1713.15	1698.67	1709.98	12643	0	146
2023.03.15	08:00:00	1709.99	1710.64	1658.22	1684.71	13468	0	135
2023.03.15	12:00:00	1684.83	1704.07	1628.66	1637.04	15350	0	149
2023.03.15	16:00:00	1636.86	1658.78	1613.09	1649.70	14778	0	156
2023.03.15	20:00:00	1650.05	1670.03	1641.31	1654.60	13369	0	157
2023.03.16	00:00:00	1654.52	1664.39	1637.52	1650.25	13244	0	156
2023.03.16	04:00:00	1650.29	1663.86	1641.61	1659.90	13202	0	163
2023.03.16	08:00:00	1659.78	1673.22	1643.05	1664.50	13654	0	165
2023.03.16	12:00:00	1664.53	1669.02	1640.16	1665.49	14018	0	164
2023.03.16	16:00:00	1665.50	1694.48	1654.34	1683.81	13640	0	164
2023.03.16	20:00:00	1684.03	1684.10	1655.97	1675.96	12978	0	166
2023.03.17	00:00:00	1675.81	1727.28	1665.51	1711.49	13538	0	173
2023.03.17	04:00:00	1711.53	1733.54	1700.59	1720.35	13225	0	164
2023.03.17	08:00:00	1720.37	1763.66	1714.54	1762.70	13536	0	163
2023.03.17	12:00:00	1762.59	1763.48	1705.94	1719.29	13988	0	165
2023.03.17	16:00:00	1719.28	1746.09	1712.35	1745.43	13644	0	170
2023.03.17	20:00:00	1745.84	1798.23	1734.76	1791.19	14023	0	173
2023.03.18	00:00:00	1791.13	1831.48	1770.20	1812.16	13969	0	167
2023.03.18	04:00:00	1812.25	1822.07	1803.80	1815.55	12700	0	192
2023.03.18	08:00:00	1815.56	1818.88	1796.11	1814.18	12570	0	167
2023.03.18	12:00:00	1814.22	1839.32	1778.01	1789.19	13462	0	174
2023.03.18	16:00:00	1788.83	1804.30	1750.11	1793.96	14189	0	160
2023.03.18	20:00:00	1793.99	1804.60	1753.96	1761.88	13212	0	149
2023.03.19	00:00:00	1761.50	1789.03	1761.12	1785.16	12515	0	141
2023.03.19	04:00:00	1785.31	1789.54	1764.79	1777.73	12280	0	139
2023.03.19	08:00:00	1777.76	1790.40	1768.85	1787.54	12882	0	151
2023.03.19	12:00:00	1787.62	1813.69	1776.66	1797.29	13444	0	160
2023.03.19	16:00:00	1796.68	1842.10	1794.96	1823.30	14010	0	155
2023.03.19	20:00:00	1823.35	1829.60	1777.02	1783.69	13766	0	158
2023.03.20	00:00:00	1783.64	1788.68	1744.69	1754.22	13897	0	164
2023.03.20	04:00:00	1754.07	1796.22	1740.88	1794.24	13350	0	170
2023.03.20	08:00:00	1794.53	1805.66	1770.33	1783.19	13719	0	170
2023.03.20	12:00:00	1783.22	1786.26	1756.22	1765.78	13780	0	162
2023.03.20	16:00:00	1765.70	1771.17	1744.95	1755.95	13962	0	168
2023.03.20	20:00:00	1756.28	1764.14	1727.10	1736.21	13058	0	155
2023.03.21	00:00:00	1736.28	1760.18	1731.74	1748.65	12922	0	155
2023.03.21	04:00:00	1748.66	1756.80	1721.56	1733.71	12988	0	152
2023.03.21	08:00:00	1733.79	1770.48	1728.64	1764.40	13063	0	165
2023.03.21	12:00:00	1764.21	1836.18	1761.42	1815.28	14280	0	171
2023.03.21	16:00:00	1815.33	1828.37	1778.64	1794.43	13948	0	184
2023.03.21	20:00:00	1794.50	1808.09	1783.76	1804.30	12881	0	173
2023.03.22	00:00:00	1804.26	1809.18	1781.34	1802.36	12654	0	200
2023.03.22	04:00:00	1802.46	1810.35	1789.84	1794.91	11824	0	156
2023.03.22	08:00:00	1794.91	1796.21	1783.62	1788.19	12419	0	142
2023.03.22	12:00:00	1788.10	1820.87	1786.14	1807.20	13594	0	150
2023.03.22	16:00:00	1807.21	1810.76	1714.71	1719.85	15417	0	141
2023.03.22	20:00:00	1720.08	1741.23	1714.35	1737.11	13705	0	152
2023.03.23	00:00:00	1737.08	1747.85	1731.35	1740.07	12615	0	144
2023.03.23	04:00:00	1740.09	1756.71	1732.38	1754.21	12588	0	159
2023.03.23	08:00:00	1754.27	1761.75	1747.84	1757.53	12001	0	150
2023.03.23	12:00:00	1757.63	1857.41	1744.53	1839.25	14105	0	158
2023.03.23	16:00:00	1839.44	1842.97	1794.94	1822.44	13889	0	174
2023.03.23	20:00:00	1822.38	1822.38	1803.97	1815.25	12727	0	170
2023.03.24	00:00:00	1815.22	1819.97	1807.67	1812.81	11693	0	172
2023.03.24	04:00:00	1812.74	1817.40	1803.62	1815.38	11157	0	172
2023.03.24	08:00:00	1815.34	1816.57	1737.43	1747.62	13317	0	157
2023.03.24	12:00:00	1747.28	1783.38	1744.17	1767.77	13939	0	151
2023.03.24	16:00:00	1767.76	1770.75	1728.22	1765.00	13774	0	153
2023.03.24	20:00:00	1765.04	1765.42	1730.89	1751.56	13437	0	155
2023.03.25	00:00:00	1751.57	1763.62	1748.84	1757.90	12374	0	171
2023.03.25	04:00:00	1757.94	1760.66	1743.33	1749.64	12443	0	165
2023.03.25	08:00:00	1749.59	1752.08	1737.67	1746.44	12598	0	174
2023.03.25	12:00:00	1746.36	1763.00	1739.94	1755.86	12918	0	186
2023.03.25	16:00:00	1755.88	1758.40	1717.28	1718.51	12991	0	166
2023.03.25	20:00:00	1718.28	1744.38	1715.13	1742.49	12600	0	170
2023.03.26	00:00:00	1742.42	1757.42	1740.47	1750.30	12240	0	163
2023.03.26	04:00:00	1750.35	1756.30	1746.40	1753.51	11796	0	152
2023.03.26	08:00:00	1753.49	1787.27	1750.87	1778.85	12631	0	155
2023.03.26	12:00:00	1778.89	1799.20	1754.43	1763.10	13337	0	173
2023.03.26	16:00:00	1763.20	1771.80	1755.13	1765.50	12754	0	192
2023.03.26	20:00:00	1765.51	1782.90	1754.70	1774.66	12593	0	188
2023.03.27	00:00:00	1774.55	1780.99	1759.45	1765.15	12438	0	177
2023.03.27	04:00:00	1765.16	1768.72	1746.60	1752.30	12503	0	176
2023.03.27	08:00:00	1752.30	1770.00	1749.67	1765.35	12435	0	184
2023.03.27	12:00:00	1765.42	1769.13	1687.38	1713.56	14104	0	159
2023.03.27	16:00:00	1713.38	1732.69	1701.17	1704.38	13535	0	162
2023.03.27	20:00:00	1704.42	1717.15	1696.21	1716.15	12477	0	151
2023.03.28	00:00:00	1715.77	1726.66	1701.63	1712.40	12506	0	157
2023.03.28	04:00:00	1712.44	1735.93	1710.31	1725.11	12225	0	153
2023.03.28	08:00:00	1725.11	1753.42	1710.81	1745.81	12869	0	159
2023.03.28	12:00:00	1745.74	1751.18	1730.89	1743.98	13362	0	182
2023.03.28	16:00:00	1744.04	1794.18	1728.13	1785.19	13322	0	180
2023.03.28	20:00:00	1785.03	1789.27	1760.81	1773.05	11706	0	180
2023.03.29	00:00:00	1773.02	1788.44	1772.22	1778.60	11102	0	170
2023.03.29	04:00:00	1778.61	1815.34	1778.60	1804.01	12134	0	164
2023.03.29	08:00:00	1804.07	1825.46	1799.35	1809.89	11890	0	167
2023.03.29	12:00:00	1809.90	1814.51	1792.09	1806.60	12496	0	170
2023.03.29	16:00:00	1806.61	1809.87	1791.47	1806.78	11781	0	180
2023.03.29	20:00:00	1806.91	1807.81	1781.18	1792.02	11535	0	146
2023.03.30	00:00:00	1791.85	1827.45	1766.85	1787.10	13064	0	151
2023.03.30	04:00:00	1786.94	1810.84	1784.52	1805.07	12024	0	150
2023.03.30	08:00:00	1805.13	1806.88	1792.42	1803.79	11675	0	152
2023.03.30	12:00:00	1803.82	1804.82	1783.34	1788.50	12780	0	154
2023.03.30	16:00:00	1788.35	1790.11	1762.07	1779.84	12637	0	156
2023.03.30	20:00:00	1780.23	1796.84	1777.69	1792.02	11709	0	159
2023.03.31	00:00:00	1791.88	1815.99	1788.53	1802.69	11785	0	156
2023.03.31	04:00:00	1802.62	1806.77	1779.48	1794.76	11169	0	141
2023.03.31	08:00:00	1794.87	1799.04	1785.63	1792.81	11825	0	148
2023.03.31	12:00:00	1792.74	1845.62	1790.44	1829.08	13591	0	156
2023.03.31	16:00:00	1829.12	1833.30	1815.86	1826.67	12349	0	151
2023.03.31	20:00:00	1826.82	1828.57	1813.51	1820.74	11451	0	146
2023.04.01	00:00:00	1820.72	1841.31	1818.67	1825.61	11654	0	150
2023.04.01	04:00:00	1825.47	1828.71	1811.78	1822.57	11217	0	140
2023.04.01	08:00:00	1822.65	1827.69	1820.75	1823.29	10987	0	115
2023.04.01	12:00:00	1823.29	1826.74	1813.73	1819.83	11048	0	106
2023.04.01	16:00:00	1819.81	1823.56	1807.43	1813.55	11159	0	110
2023.04.01	20:00:00	1813.55	1824.73	1813.17	1820.16	11092	0	122
2023.04.02	00:00:00	1820.16	1822.87	1809.50	1816.86	11329	0	125
2023.04.02	04:00:00	1816.84	1823.90	1812.12	1819.78	10319	0	116
2023.04.02	08:00:00	1819.76	1822.17	1814.37	1815.99	10756	0	127
2023.04.02	12:00:00	1815.99	1817.53	1788.50	1797.24	12405	0	126
2023.04.02	16:00:00	1797.20	1803.29	1772.53	1781.37	12288	0	124
2023.04.02	20:00:00	1781.55	1795.43	1777.53	1794.32	12328	0	115
2023.04.03	00:00:00	1794.31	1794.31	1763.39	1777.66	11796	0	106
2023.04.03	04:00:00	1777.66	1794.69	1771.85	1794.69	10181	0	110
2023.04.03	08:00:00	1794.73	1816.56	1794.09	1806.03	12733	0	147
2023.04.03	12:00:00	1806.07	1820.77	1788.49	1796.56	12772	0	141
2023.04.03	16:00:00	1796.73	1838.16	1791.31	1817.41	12978	0	139
2023.04.03	20:00:00	1817.27	1818.39	1768.49	1809.43	13338	0	137
2023.04.04	00:00:00	1809.39	1814.98	1801.21	1806.60	11564	0	134
2023.04.04	04:00:00	1806.62	1821.11	1802.26	1810.84	11412	0	136
2023.04.04	08:00:00	1810.85	1872.64	1809.76	1863.80	13068	0	143
2023.04.04	12:00:00	1863.80	1888.59	1851.02	1862.05	13788	0	162
2023.04.04	16:00:00	1862.14	1871.58	1856.05	1867.90	12714	0	172
2023.04.04	20:00:00	1867.83	1884.32	1858.23	1869.43	12110	0	178
2023.04.05	00:00:00	1869.43	1922.21	1863.33	1910.90	13345	0	184
2023.04.05	04:00:00	1910.98	1915.89	1905.74	1908.38	11970	0	166
2023.04.05	08:00:00	1908.49	1917.82	1902.02	1912.98	11834	0	168
2023.04.05	12:00:00	1912.91	1938.01	1882.21	1895.03	14142	0	178
2023.04.05	16:00:00	1895.11	1916.91	1885.29	1907.98	13110	0	176
2023.04.05	20:00:00	1908.02	1913.67	1901.75	1907.41	12350	0	172
2023.04.06	00:00:00	1906.91	1908.40	1884.53	1897.45	13043	0	181
2023.04.06	04:00:00	1897.53	1897.96	1875.59	1878.72	12351	0	182
2023.04.06	08:00:00	1878.64	1884.17	1854.16	1867.57	13170	0	192
2023.04.06	12:00:00	1867.66	1877.81	1853.90	1874.03	13281	0	196
2023.04.06	16:00:00	1874.15	1882.12	1865.11	1871.56	12175	0	213
2023.04.06	20:00:00	1871.52	1878.67	1859.45	1870.86	12206	0	209
2023.04.07	00:00:00	1870.62	1880.71	1864.97	1874.93	12295	0	256
2023.04.07	04:00:00	1875.00	1877.62	1840.48	1848.61	12356	0	248
2023.04.07	08:00:00	1848.53	1857.22	1841.79	1847.74	12559	0	239
2023.04.07	12:00:00	1847.90	1861.14	1841.47	1858.55	12995	0	254
2023.04.07	16:00:00	1858.62	1860.48	1849.65	1853.13	12177	0	246
2023.04.07	20:00:00	1853.15	1870.19	1849.79	1862.46	11927	0	250
2023.04.08	00:00:00	1862.43	1870.30	1852.57	1866.79	11046	0	247
2023.04.08	04:00:00	1866.79	1877.43	1862.17	1871.11	10232	0	210
2023.04.08	08:00:00	1871.08	1873.17	1864.47	1865.68	10874	0	213
2023.04.08	12:00:00	1865.71	1869.67	1859.95	1865.14	11101	0	216
2023.04.08	16:00:00	1865.16	1867.84	1845.50	1852.68	11940	0	205
2023.04.08	20:00:00	1852.69	1856.27	1845.33	1847.07	10995	0	191
2023.04.09	00:00:00	1846.93	1857.90	1845.07	1849.84	11572	0	191
2023.04.09	04:00:00	1849.84	1854.10	1824.45	1835.00	11981	0	204
2023.04.09	08:00:00	1834.90	1838.59	1828.70	1837.66	11228	0	197
2023.04.09	12:00:00	1837.55	1843.35	1824.92	1835.88	11460	0	219
2023.04.09	16:00:00	1835.99	1864.33	1835.01	1855.34	11611	0	217
2023.04.09	20:00:00	1855.23	1871.51	1851.05	1857.37	12096	0	247
2023.04.10	00:00:00	1857.34	1862.96	1845.78	1857.40	11303	0	229
2023.04.10	04:00:00	1857.37	1864.13	1852.63	1858.44	11028	0	256
2023.04.10	08:00:00	1858.41	1861.37	1853.74	1856.85	11028	0	280
2023.04.10	12:00:00	1856.87	1867.17	1845.48	1860.49	12479	0	227
2023.04.10	16:00:00	1860.51	1903.63	1856.55	1888.39	13377	0	252
2023.04.10	20:00:00	1888.38	1917.44	1877.93	1909.10	12821	0	244
2023.04.11	00:00:00	1909.17	1936.07	1906.86	1922.52	13110	0	251
2023.04.11	04:00:00	1922.53	1925.81	1908.76	1921.24	11855	0	236
2023.04.11	08:00:00	1921.18	1922.69	1911.44	1915.27	11378	0	278
2023.04.11	12:00:00	1915.28	1922.29	1904.15	1913.32	12665	0	305
2023.04.11	16:00:00	1913.48	1915.61	1890.37	1893.60	12774	0	244
2023.04.11	20:00:00	1893.76	1896.49	1881.77	1889.25	11614	0	199
2023.04.12	00:00:00	1889.33	1896.58	1853.06	1862.60	12570	0	190
2023.04.12	04:00:00	1862.56	1874.97	1860.30	1870.92	11531	0	197
2023.04.12	08:00:00	1870.94	1873.86	1863.43	1871.53	11124	0	197
2023.04.12	12:00:00	1871.56	1930.72	1865.79	1911.71	14299	0	206
2023.04.12	16:00:00	1911.66	1918.93	1893.89	1901.14	13065	0	214
2023.04.12	20:00:00	1901.39	1928.98	1899.34	1918.03	12820	0	217
2023.04.13	00:00:00	1917.98	1920.74	1899.03	1912.47	12610	0	223
2023.04.13	04:00:00	1912.53	1925.70	1908.80	1922.28	11864	0	214
2023.04.13	08:00:00	1922.05	1994.88	1920.31	1985.72	13797	0	185
2023.04.13	12:00:00	1985.73	2007.76	1985.63	1997.29	13475	0	190
2023.04.13	16:00:00	1997.32	2021.04	1990.63	2010.81	12685	0	180
2023.04.13	20:00:00	2010.86	2016.21	2000.01	2011.43	11618	0	164
2023.04.14	00:00:00	2011.48	2126.89	2008.67	2108.50	14313	0	174
2023.04.14	04:00:00	2108.52	2122.62	2103.07	2106.25	12956	0	200
2023.04.14	08:00:00	2106.15	2117.97	2101.08	2114.72	12476	0	201
2023.04.14	12:00:00	2114.70	2122.40	2049.56	2058.44	14017	0	167
2023.04.14	16:00:00	2058.56	2091.82	2042.35	2090.98	13312	0	152
2023.04.14	20:00:00	2090.45	2119.37	2085.53	2101.09	12732	0	175
2023.04.15	00:00:00	2101.13	2106.76	2072.68	2089.25	12618	0	163
2023.04.15	04:00:00	2089.25	2103.34	2081.99	2097.60	11818	0	148
2023.04.15	08:00:00	2097.60	2110.43	2092.45	2100.68	12327	0	156
2023.04.15	12:00:00	2100.70	2107.97	2093.06	2099.22	12179	0	133
2023.04.15	16:00:00	2099.25	2108.23	2083.16	2100.44	12486	0	130
2023.04.15	20:00:00	2100.40	2102.31	2081.81	2091.12	12385	0	141
2023.04.16	00:00:00	2091.02	2095.71	2073.57	2086.32	12170	0	132
2023.04.16	04:00:00	2086.30	2102.12	2085.63	2098.05	11321	0	122
2023.04.16	08:00:00	2098.02	2099.70	2082.58	2086.29	11829	0	141
2023.04.16	12:00:00	2086.27	2098.07	2076.51	2094.26	11954	0	146
2023.04.16	16:00:00	2094.24	2139.47	2088.59	2114.42	12629	0	152
2023.04.16	20:00:00	2114.51	2131.59	2097.01	2118.02	12886	0	176
2023.04.17	00:00:00	2117.66	2119.81	2072.50	2096.80	13027	0	148
2023.04.17	04:00:00	2096.83	2102.68	2089.19	2090.65	12185	0	135
2023.04.17	08:00:00	2090.81	2099.57	2066.60	2077.07	12501	0	153
2023.04.17	12:00:00	2076.63	2082.91	2057.70	2071.55	13366	0	136
2023.04.17	16:00:00	2071.63	2087.62	2069.74	2078.67	12648	0	129
2023.04.17	20:00:00	2078.66	2084.13	2068.77	2074.63	11470	0	132
2023.04.18	00:00:00	2074.77	2084.55	2053.07	2080.38	12159	0	129
2023.04.18	04:00:00	2080.42	2108.80	2077.60	2100.08	12311	0	158
2023.04.18	08:00:00	2100.04	2121.96	2094.25	2117.07	11993	0	141
2023.04.18	12:00:00	2116.98	2120.11	2088.12	2095.91	12837	0	156
2023.04.18	16:00:00	2095.93	2100.69	2069.96	2080.69	12974	0	152
2023.04.18	20:00:00	2080.59	2107.92	2074.27	2104.05	12222	0	150
2023.04.19	00:00:00	2104.16	2105.12	2087.95	2092.13	11889	0	158
2023.04.19	04:00:00	2092.06	2092.43	2065.30	2074.01	12388	0	141
2023.04.19	08:00:00	2074.06	2074.22	1963.59	1981.61	14771	0	158
2023.04.19	12:00:00	1981.65	2006.34	1970.02	1984.98	13218	0	158
2023.04.19	16:00:00	1985.25	1992.74	1967.03	1981.56	12709	0	144
2023.04.19	20:00:00	1981.64	1988.57	1925.07	1935.42	13583	0	145
2023.04.20	00:00:00	1934.83	1955.05	1925.08	1950.12	13290	0	137
2023.04.20	04:00:00	1950.33	1965.45	1948.08	1949.30	12492	0	135
2023.04.20	08:00:00	1949.41	1962.29	1937.82	1940.18	12726	0	161
2023.04.20	12:00:00	1940.36	1982.27	1937.19	1945.84	13696	0	180
2023.04.20	16:00:00	1945.64	1954.93	1916.46	1927.80	14089	0	168
2023.04.20	20:00:00	1927.55	1954.56	1923.31	1943.24	12763	0	184
2023.04.21	00:00:00	1943.24	1956.35	1934.68	1945.94	12639	0	187
2023.04.21	04:00:00	1945.91	1947.51	1899.48	1928.31	13163	0	194
2023.04.21	08:00:00	1928.66	1934.03	1901.77	1908.17	13048	0	189
2023.04.21	12:00:00	1908.17	1921.89	1890.98	1902.92	13471	0	189
2023.04.21	16:00:00	1902.81	1907.64	1835.61	1841.94	13889	0	181
2023.04.21	20:00:00	1841.88	1853.11	1825.17	1846.88	13082	0	185
2023.04.22	00:00:00	1846.96	1861.29	1843.55	1859.21	12226	0	187
2023.04.22	04:00:00	1859.18	1864.63	1848.32	1851.23	11222	0	176
2023.04.22	08:00:00	1851.21	1855.31	1842.91	1852.34	12382	0	189
2023.04.22	12:00:00	1852.34	1871.10	1845.92	1866.74	12506	0	192
2023.04.22	16:00:00	1866.63	1886.82	1865.32	1871.93	12299	0	213
2023.04.22	20:00:00	1871.94	1879.03	1863.59	1873.81	11827	0	212
2023.04.23	00:00:00	1873.88	1874.22	1847.40	1862.31	12444	0	206
2023.04.23	04:00:00	1862.31	1876.42	1859.45	1874.20	11631	0	201
2023.04.23	08:00:00	1874.24	1877.46	1864.48	1874.71	12008	0	180
2023.04.23	12:00:00	1874.84	1881.96	1853.86	1859.50	12490	0	192
2023.04.23	16:00:00	1859.51	1872.35	1836.94	1846.51	12957	0	192
2023.04.23	20:00:00	1846.57	1867.88	1838.17	1861.93	12293	0	211
2023.04.24	00:00:00	1861.94	1889.77	1850.44	1868.03	12852	0	182
2023.04.24	04:00:00	1868.17	1868.45	1827.94	1845.28	12270	0	165
2023.04.24	08:00:00	1845.42	1855.46	1831.45	1855.28	12667	0	186
2023.04.24	12:00:00	1855.35	1875.33	1831.90	1834.14	13382	0	177
2023.04.24	16:00:00	1834.38	1846.32	1806.37	1830.42	13257	0	164
2023.04.24	20:00:00	1830.43	1844.45	1826.99	1840.92	12157	0	164
2023.04.25	00:00:00	1841.06	1849.38	1825.84	1828.57	12030	0	190
2023.04.25	04:00:00	1828.55	1835.39	1812.55	1815.36	11934	0	203
2023.04.25	08:00:00	1815.35	1828.62	1806.00	1825.02	12671	0	225
2023.04.25	12:00:00	1825.04	1831.17	1802.43	1813.96	12819	0	218
2023.04.25	16:00:00	1814.03	1846.44	1810.92	1836.22	13136	0	205
2023.04.25	20:00:00	1836.55	1877.00	1835.82	1865.60	13146	0	189
2023.04.26	00:00:00	1865.57	1882.79	1861.18	1862.40	12544	0	191
2023.04.26	04:00:00	1862.35	1875.56	1858.60	1860.92	11438	0	190
2023.04.26	08:00:00	1860.90	1919.67	1860.90	1914.11	13699	0	208
2023.04.26	12:00:00	1914.48	1964.39	1913.83	1953.38	13980	0	236
2023.04.26	16:00:00	1953.55	1957.64	1818.12	1828.76	14254	0	165
2023.04.26	20:00:00	1828.13	1882.47	1786.57	1866.09	14727	0	155
2023.04.27	00:00:00	1866.11	1937.58	1861.49	1898.04	14244	0	182
2023.04.27	04:00:00	1898.02	1917.57	1871.72	1884.12	13258	0	173
2023.04.27	08:00:00	1884.23	1893.54	1875.50	1880.35	13176	0	175
2023.04.27	12:00:00	1880.36	1914.13	1862.44	1898.97	14385	0	165
2023.04.27	16:00:00	1899.19	1936.81	1890.29	1921.93	14064	0	160
2023.04.27	20:00:00	1922.35	1929.74	1894.34	1909.29	13394	0	171
2023.04.28	00:00:00	1909.12	1915.61	1902.38	1905.39	13046	0	181
2023.04.28	04:00:00	1905.63	1924.50	1904.47	1919.33	12879	0	184
2023.04.28	08:00:00	1919.38	1919.90	1898.58	1902.95	12938	0	151
2023.04.28	12:00:00	1902.94	1914.82	1874.75	1886.87	13996	0	160
2023.04.28	16:00:00	1886.93	1904.81	1884.07	1892.23	13218	0	155
2023.04.28	20:00:00	1892.51	1901.96	1888.43	1892.38	12166	0	142
2023.04.29	00:00:00	1892.54	1899.56	1887.11	1897.26	12374	0	154
2023.04.29	04:00:00	1897.24	1905.89	1897.22	1903.05	11692	0	140
2023.04.29	08:00:00	1903.07	1905.26	1894.66	1899.66	12335	0	144
2023.04.29	12:00:00	1899.32	1918.46	1897.40	1906.44	12946	0	160
2023.04.29	16:00:00	1906.56	1908.96	1883.71	1904.03	12514	0	151
2023.04.29	20:00:00	1903.88	1910.48	1898.69	1908.37	12222	0	160
2023.04.30	00:00:00	1908.31	1908.87	1893.97	1897.79	12630	0	163
2023.04.30	04:00:00	1897.77	1906.77	1893.92	1904.22	11960	0	174
2023.04.30	08:00:00	1904.22	1913.82	1899.63	1901.33	12498	0	167
2023.04.30	12:00:00	1901.28	1938.82	1898.03	1920.45	12873	0	184
2023.04.30	16:00:00	1920.17	1934.08	1895.72	1905.01	13032	0	164
2023.04.30	20:00:00	1905.01	1905.01	1866.06	1869.51	13062	0	161
2023.05.01	00:00:00	1870.20	1886.99	1824.16	1847.92	13319	0	150
2023.05.01	04:00:00	1847.56	1854.97	1834.72	1851.28	12546	0	154
2023.05.01	08:00:00	1851.34	1853.91	1841.48	1845.94	12189	0	169
2023.05.01	12:00:00	1845.96	1852.45	1826.49	1834.09	13357	0	144
2023.05.01	16:00:00	1834.11	1841.77	1807.54	1812.07	13464	0	160
2023.05.01	20:00:00	1812.17	1833.25	1806.02	1830.99	13062	0	162
2023.05.02	00:00:00	1831.02	1837.96	1822.49	1830.09	12567	0	159
2023.05.02	04:00:00	1830.21	1839.87	1824.32	1835.44	12111	0	156
2023.05.02	08:00:00	1835.51	1839.22	1826.17	1833.37	12549	0	174
2023.05.02	12:00:00	1833.38	1867.76	1824.78	1858.26	13883	0	181
2023.05.02	16:00:00	1858.31	1881.21	1852.46	1868.90	13324	0	209
2023.05.02	20:00:00	1869.19	1877.18	1867.55	1870.08	12488	0	213
2023.05.03	00:00:00	1870.02	1871.16	1854.03	1862.39	12456	0	196
2023.05.03	04:00:00	1862.40	1869.32	1856.83	1865.30	12195	0	200
2023.05.03	08:00:00	1865.31	1871.83	1857.84	1858.92	12225	0	190
2023.05.03	12:00:00	1859.11	1861.86	1842.39	1852.63	13557	0	170
2023.05.03	16:00:00	1852.86	1892.60	1850.00	1867.96	14385	0	169
2023.05.03	20:00:00	1867.91	1915.15	1858.23	1903.89	13580	0	172
2023.05.04	00:00:00	1904.19	1906.37	1894.88	1902.58	12125	0	208
2023.05.04	04:00:00	1902.58	1904.70	1895.25	1897.72	12224	0	202
2023.05.04	08:00:00	1897.64	1916.05	1895.43	1902.86	11380	0	202
2023.05.04	12:00:00	1902.87	1906.56	1877.71	1886.56	12976	0	179
2023.05.04	16:00:00	1886.16	1891.77	1867.51	1876.25	12965	0	178
2023.05.04	20:00:00	1876.27	1879.73	1870.35	1877.15	12346	0	182
2023.05.05	00:00:00	1877.39	1908.33	1875.45	1896.72	12879	0	182
2023.05.05	04:00:00	1896.79	1906.22	1892.51	1895.07	12162	0	229
2023.05.05	08:00:00	1895.12	1913.63	1894.50	1910.46	12426	0	218
2023.05.05	12:00:00	1910.85	1956.38	1888.36	1953.11	14048	0	216
2023.05.05	16:00:00	1953.19	1997.95	1953.17	1990.82	13465	0	286
2023.05.05	20:00:00	1990.88	1998.19	1984.25	1993.93	12830	0	257
2023.05.06	00:00:00	1994.06	2017.04	1963.92	1970.95	13342	0	262
2023.05.06	04:00:00	1970.97	1973.05	1955.14	1959.14	12676	0	277
2023.05.06	08:00:00	1959.12	1959.22	1921.03	1934.31	12987	0	232
2023.05.06	12:00:00	1934.31	1934.74	1863.20	1879.41	13694	0	231
2023.05.06	16:00:00	1879.01	1909.14	1877.41	1901.35	12783	0	271
2023.05.06	20:00:00	1901.33	1902.94	1887.67	1899.92	12505	0	240
2023.05.07	00:00:00	1900.03	1921.02	1889.81	1896.07	12971	0	234
2023.05.07	04:00:00	1895.97	1911.18	1892.93	1908.17	12078	0	223
2023.05.07	08:00:00	1908.12	1914.59	1898.61	1904.87	12208	0	200
2023.05.07	12:00:00	1904.89	1935.45	1904.78	1918.64	13040	0	211
2023.05.07	16:00:00	1918.75	1924.80	1904.67	1914.56	12834	0	224
2023.05.07	20:00:00	1914.57	1923.32	1871.51	1873.51	12990	0	185
2023.05.08	00:00:00	1873.36	1885.84	1841.67	1867.01	13588	0	191
2023.05.08	04:00:00	1866.98	1870.90	1839.15	1852.27	12750	0	192
2023.05.08	08:00:00	1852.19	1865.73	1835.77	1863.19	13002	0	185
2023.05.08	12:00:00	1863.18	1876.54	1847.16	1864.89	13309	0	191
2023.05.08	16:00:00	1864.72	1866.93	1811.32	1828.59	13823	0	177
2023.05.08	20:00:00	1828.79	1848.55	1826.47	1847.34	12611	0	169
2023.05.09	00:00:00	1847.38	1855.18	1837.10	1842.69	12480	0	175
2023.05.09	04:00:00	1842.70	1849.44	1830.69	1847.30	12690	0	189
2023.05.09	08:00:00	1847.61	1849.03	1833.52	1845.98	12492	0	193
2023.05.09	12:00:00	1846.03	1853.35	1834.13	1838.97	13164	0	196
2023.05.09	16:00:00	1839.20	1856.72	1835.28	1851.75	12751	0	194
2023.05.09	20:00:00	1851.57	1860.71	1840.98	1846.10	12138	0	191
2023.05.10	00:00:00	1846.12	1857.54	1840.82	1843.42	12231	0	199
2023.05.10	04:00:00	1843.44	1848.54	1833.32	1838.12	12142	0	194
2023.05.10	08:00:00	1838.12	1850.73	1834.10	1850.25	12100	0	192
2023.05.10	12:00:00	1850.30	1886.85	1846.42	1872.55	13707	0	193
2023.05.10	16:00:00	1872.56	1881.06	1791.57	1849.67	14120	0	158
2023.05.10	20:00:00	1849.78	1862.31	1826.83	1840.66	13343	0	186
2023.05.11	00:00:00	1840.64	1841.28	1821.26	1827.32	12949	0	189
2023.05.11	04:00:00	1827.33	1835.40	1823.90	1828.82	12136	0	181
2023.05.11	08:00:00	1828.87	1829.07	1808.05	1820.50	12660	0	155
2023.05.11	12:00:00	1820.49	1837.79	1785.98	1807.82	13902	0	165
2023.05.11	16:00:00	1807.79	1809.85	1771.32	1783.21	13650	0	180
2023.05.11	20:00:00	1783.16	1799.73	1781.22	1793.49	12972	0	183
2023.05.12	00:00:00	1793.45	1800.25	1758.23	1762.43	13302	0	173
2023.05.12	04:00:00	1762.37	1769.30	1739.17	1757.87	13111	0	168
2023.05.12	08:00:00	1757.86	1771.27	1754.66	1763.46	12573	0	157
2023.05.12	12:00:00	1763.54	1782.27	1760.25	1765.76	13415	0	174
2023.05.12	16:00:00	1765.87	1792.83	1743.19	1789.60	13376	0	184
2023.05.12	20:00:00	1789.57	1815.15	1780.40	1806.96	13131	0	187
2023.05.13	00:00:00	1807.08	1815.15	1800.83	1805.15	12029	0	163
2023.05.13	04:00:00	1805.15	1806.46	1795.77	1802.56	11929	0	171
2023.05.13	08:00:00	1802.58	1810.59	1800.41	1803.14	11596	0	168
2023.05.13	12:00:00	1803.20	1809.11	1785.39	1795.19	12716	0	170
2023.05.13	16:00:00	1795.28	1805.17	1785.98	1792.53	12992	0	162
2023.05.13	20:00:00	1792.51	1805.24	1791.74	1794.82	12563	0	200
2023.05.14	00:00:00	1794.88	1804.25	1790.23	1802.57	12297	0	173
2023.05.14	04:00:00	1802.60	1809.10	1799.96	1804.62	11568	0	144
2023.05.14	08:00:00	1804.53	1806.37	1799.45	1801.45	11553	0	153
2023.05.14	12:00:00	1801.45	1823.39	1796.93	1818.76	12813	0	200
2023.05.14	16:00:00	1818.81	1822.05	1791.94	1796.32	12593	0	151
2023.05.14	20:00:00	1795.84	1801.82	1791.05	1799.42	11786	0	170
2023.05.15	00:00:00	1798.90	1834.03	1783.89	1825.79	13345	0	163
2023.05.15	04:00:00	1825.86	1833.94	1818.31	1827.88	12445	0	214
2023.05.15	08:00:00	1827.91	1835.04	1822.84	1823.40	11146	0	198
2023.05.15	12:00:00	1823.34	1834.46	1812.69	1827.45	12504	0	200
2023.05.15	16:00:00	1827.59	1845.89	1823.06	1827.69	12778	0	225
2023.05.15	20:00:00	1827.63	1829.15	1813.55	1815.60	11561	0	169
2023.05.16	00:00:00	1815.67	1821.78	1795.82	1813.07	12460	0	168
2023.05.16	04:00:00	1813.14	1823.11	1805.69	1822.40	11659	0	172
2023.05.16	08:00:00	1822.45	1826.69	1810.76	1816.22	12160	0	166
2023.05.16	12:00:00	1816.24	1822.56	1810.16	1819.89	12852	0	172
2023.05.16	16:00:00	1819.91	1830.76	1813.80	1816.04	12395	0	131
2023.05.16	20:00:00	1816.10	1829.02	1814.03	1823.85	11651	0	147
2023.05.17	00:00:00	1823.83	1835.97	1817.15	1823.51	12231	0	161
2023.05.17	04:00:00	1823.52	1826.09	1803.14	1807.39	11614	0	139
2023.05.17	08:00:00	1807.41	1808.00	1787.61	1790.25	12765	0	123
2023.05.17	12:00:00	1790.26	1799.99	1783.99	1797.25	13219	0	129
2023.05.17	16:00:00	1796.93	1832.51	1793.94	1827.62	13232	0	137
2023.05.17	20:00:00	1827.68	1834.62	1819.08	1821.88	12320	0	182
2023.05.18	00:00:00	1821.87	1827.15	1817.68	1825.90	11383	0	185
2023.05.18	04:00:00	1825.87	1831.23	1814.66	1826.48	11650	0	173
2023.05.18	08:00:00	1826.50	1828.57	1822.84	1825.41	11267	0	189
2023.05.18	12:00:00	1825.18	1826.69	1805.63	1808.00	12938	0	177
2023.05.18	16:00:00	1807.84	1812.89	1772.07	1795.58	13174	0	131
2023.05.18	20:00:00	1795.28	1819.81	1793.65	1800.40	12502	0	130
2023.05.19	00:00:00	1800.47	1807.20	1796.64	1801.06	12535	0	203
2023.05.19	04:00:00	1801.08	1810.12	1798.64	1806.56	11357	0	216
2023.05.19	08:00:00	1806.56	1811.19	1805.01	1807.43	11132	0	195
2023.05.19	12:00:00	1807.47	1827.67	1800.70	1814.90	13070	0	191
2023.05.19	16:00:00	1814.93	1822.20	1806.83	1811.00	12525	0	172
2023.05.19	20:00:00	1811.07	1815.23	1809.22	1812.10	10961	0	180
2023.05.20	00:00:00	1812.09	1813.33	1806.55	1813.19	11003	0	185
2023.05.20	04:00:00	1813.21	1813.63	1808.04	1810.84	10597	0	168
2023.05.20	08:00:00	1810.84	1815.84	1810.59	1813.05	9934	0	155
2023.05.20	12:00:00	1813.07	1820.53	1812.20	1817.79	10968	0	159
2023.05.20	16:00:00	1817.75	1828.22	1813.29	1821.08	11476	0	176
2023.05.20	20:00:00	1821.11	1822.51	1811.68	1819.05	10400	0	159
2023.05.21	00:00:00	1819.00	1827.96	1816.44	1817.87	11596	0	182
2023.05.21	04:00:00	1817.84	1818.13	1813.00	1816.95	11013	0	190
2023.05.21	08:00:00	1816.99	1816.99	1805.79	1809.51	11319	0	149
2023.05.21	12:00:00	1809.53	1817.43	1802.93	1807.22	11526	0	150
2023.05.21	16:00:00	1807.22	1810.68	1802.35	1809.88	12163	0	151
2023.05.21	20:00:00	1809.89	1811.75	1797.63	1804.52	11848	0	119
2023.05.22	00:00:00	1804.67	1806.53	1791.68	1800.54	12438	0	121
2023.05.22	04:00:00	1800.51	1813.94	1800.10	1810.21	10984	0	124
2023.05.22	08:00:00	1813.46	1818.97	1810.67	1813.33	10751	0	296
2023.05.22	12:00:00	1813.33	1826.48	1807.99	1815.18	12283	0	288
2023.05.22	16:00:00	1815.10	1822.16	1812.26	1815.38	11199	0	316
2023.05.22	20:00:00	1815.74	1824.54	1812.11	1816.54	10220	0	288
2023.05.23	00:00:00	1816.58	1869.31	1814.46	1864.47	12415	0	284
2023.05.23	04:00:00	1864.65	1867.24	1845.66	1853.51	12386	0	242
2023.05.23	08:00:00	1853.37	1857.25	1848.97	1854.02	11819	0	233
2023.05.23	12:00:00	1854.03	1859.30	1841.44	1855.95	12519	0	239
2023.05.23	16:00:00	1855.91	1856.46	1840.90	1850.59	12511	0	236
2023.05.23	20:00:00	1850.23	1855.80	1845.26	1852.72	11666	0	210
2023.05.24	00:00:00	1852.75	1853.15	1811.14	1820.54	12054	0	140
2023.05.24	04:00:00	1820.46	1827.25	1812.00	1812.70	12248	0	132
2023.05.24	08:00:00	1812.68	1819.99	1809.03	1814.44	12039	0	141
2023.05.24	12:00:00	1814.44	1817.03	1775.33	1791.05	13212	0	146
2023.05.24	16:00:00	1791.10	1796.53	1782.92	1790.75	12620	0	140
2023.05.24	20:00:00	1791.03	1807.51	1790.16	1798.04	12081	0	133
2023.05.25	00:00:00	1798.05	1805.53	1759.36	1779.14	12811	0	134
2023.05.25	04:00:00	1779.11	1786.05	1772.12	1777.17	12114	0	133
2023.05.25	08:00:00	1777.25	1790.34	1776.83	1787.90	11312	0	130
2023.05.25	12:00:00	1787.92	1809.51	1785.32	1789.46	13111	0	174
2023.05.25	16:00:00	1789.43	1816.45	1789.07	1807.68	12330	0	159
2023.05.25	20:00:00	1807.69	1812.41	1804.64	1804.87	10163	0	158
2023.05.26	00:00:00	1805.00	1808.27	1796.42	1806.49	11298	0	160
2023.05.26	04:00:00	1806.52	1816.25	1800.96	1815.68	11351	0	152
2023.05.26	08:00:00	1815.65	1817.28	1809.99	1811.66	11157	0	153
2023.05.26	12:00:00	1811.67	1837.33	1807.80	1830.67	12798	0	158
2023.05.26	16:00:00	1830.68	1836.73	1822.74	1835.08	11827	0	154
2023.05.26	20:00:00	1835.24	1837.48	1826.22	1827.69	9806	0	145
2023.05.27	00:00:00	1827.68	1835.89	1825.05	1833.89	10101	0	145
2023.05.27	04:00:00	1833.90	1835.65	1828.37	1830.31	9954	0	142
2023.05.27	08:00:00	1830.29	1830.45	1822.47	1826.74	10421	0	129
2023.05.27	12:00:00	1826.75	1832.01	1812.38	1823.94	10850	0	122
2023.05.27	16:00:00	1824.00	1829.51	1817.28	1825.56	11301	0	142
2023.05.27	20:00:00	1825.67	1831.88	1824.29	1830.40	10713	0	133
2023.05.28	00:00:00	1830.29	1858.87	1823.45	1850.55	12423	0	152
2023.05.28	04:00:00	1850.55	1858.28	1844.65	1847.64	10561	0	187
2023.05.28	08:00:00	1847.55	1850.40	1842.28	1842.68	10553	0	193
2023.05.28	12:00:00	1842.64	1844.37	1836.17	1843.07	10588	0	211
2023.05.28	16:00:00	1843.11	1857.21	1838.62	1847.67	11807	0	255
2023.05.28	20:00:00	1847.66	1916.18	1847.64	1907.96	12074	0	267
2023.05.29	00:00:00	1908.03	1926.27	1900.17	1902.87	12794	0	262
2023.05.29	04:00:00	1902.84	1904.97	1891.50	1898.01	12207	0	249
2023.05.29	08:00:00	1898.11	1904.27	1891.74	1901.92	11894	0	272
2023.05.29	12:00:00	1901.91	1904.31	1883.60	1888.17	12360	0	275
2023.05.29	16:00:00	1888.11	1894.50	1872.95	1890.45	11952	0	175
2023.05.29	20:00:00	1890.43	1901.05	1883.98	1892.13	11375	0	177
2023.05.30	00:00:00	1892.05	1909.46	1879.63	1900.18	11709	0	181
2023.05.30	04:00:00	1899.92	1904.28	1891.87	1897.71	11308	0	189
2023.05.30	08:00:00	1897.52	1917.10	1897.52	1915.56	12161	0	198
2023.05.30	12:00:00	1915.34	1916.41	1893.29	1900.84	13055	0	200
2023.05.30	16:00:00	1900.78	1911.50	1890.60	1907.68	12271	0	196
2023.05.30	20:00:00	1907.75	1914.02	1897.19	1900.34	11799	0	191
2023.05.31	00:00:00	1900.34	1907.04	1884.26	1897.60	11989	0	182
2023.05.31	04:00:00	1897.64	1898.51	1856.59	1869.74	12933	0	123
2023.05.31	08:00:00	1869.82	1873.41	1862.10	1864.68	11928	0	128
2023.05.31	12:00:00	1864.67	1874.80	1847.10	1858.29	12748	0	129
2023.05.31	16:00:00	1858.32	1869.17	1853.47	1863.06	11923	0	119
2023.05.31	20:00:00	1862.91	1876.95	1861.56	1873.24	11230	0	117
2023.06.01	00:00:00	1873.25	1887.73	1838.67	1854.69	12716	0	123
2023.06.01	04:00:00	1854.71	1859.12	1850.20	1853.97	11148	0	116
2023.06.01	08:00:00	1854.01	1864.65	1850.85	1860.69	10867	0	116
2023.06.01	12:00:00	1860.72	1866.16	1855.01	1862.27	12374	0	115
2023.06.01	16:00:00	1862.22	1880.30	1856.07	1868.22	12626	0	221
2023.06.01	20:00:00	1868.26	1873.39	1851.77	1861.22	11773	0	223
2023.06.02	00:00:00	1861.24	1879.34	1846.08	1876.71	12502	0	211
2023.06.02	04:00:00	1877.07	1896.36	1874.64	1884.85	12414	0	243
2023.06.02	08:00:00	1884.89	1899.43	1884.79	1894.26	11384	0	243
2023.06.02	12:00:00	1894.34	1898.32	1876.01	1891.08	13940	0	244
2023.06.02	16:00:00	1891.12	1910.15	1886.71	1906.96	12639	0	222
2023.06.02	20:00:00	1907.15	1910.11	1901.62	1906.46	11204	0	233
2023.06.03	00:00:00	1906.43	1908.61	1897.12	1899.40	11103	0	210
2023.06.03	04:00:00	1899.41	1905.20	1896.96	1902.41	10310	0	220
2023.06.03	08:00:00	1902.35	1906.63	1897.93	1903.67	9760	0	166
2023.06.03	12:00:00	1903.65	1906.36	1890.53	1902.45	10671	0	156
2023.06.03	16:00:00	1902.40	1902.94	1880.96	1885.63	12011	0	175
2023.06.03	20:00:00	1885.64	1892.06	1880.43	1890.54	10395	0	241
2023.06.04	00:00:00	1890.39	1893.99	1883.39	1893.01	10214	0	232
2023.06.04	04:00:00	1893.04	1900.28	1889.65	1899.10	9788	0	169
2023.06.04	08:00:00	1899.16	1907.76	1897.81	1901.79	10059	0	113
2023.06.04	12:00:00	1901.79	1913.49	1898.85	1901.37	11268	0	116
2023.06.04	16:00:00	1901.28	1904.89	1895.43	1904.07	10456	0	166
2023.06.04	20:00:00	1904.09	1911.51	1884.69	1889.82	12606	0	155
2023.06.05	00:00:00	1889.87	1890.22	1867.80	1869.08	13611	0	135
2023.06.05	04:00:00	1869.07	1873.39	1861.80	1872.97	11514	0	128
2023.06.05	08:00:00	1873.03	1873.44	1862.15	1868.79	10788	0	135
2023.06.05	12:00:00	1868.78	1870.62	1819.38	1819.38	14464	0	127
2023.06.05	16:00:00	1819.86	1822.21	1776.99	1806.95	16257	0	116
2023.06.05	20:00:00	1806.96	1816.60	1792.61	1812.00	12060	0	117
2023.06.06	00:00:00	1811.97	1814.60	1803.32	1812.37	10992	0	110
2023.06.06	04:00:00	1812.38	1818.99	1811.64	1813.90	9933	0	112
2023.06.06	08:00:00	1813.91	1822.45	1809.42	1813.64	10903	0	109
2023.06.06	12:00:00	1813.64	1845.25	1798.19	1842.66	15709	0	113
2023.06.06	16:00:00	1842.58	1896.65	1842.45	1892.25	14609	0	167
2023.06.06	20:00:00	1892.19	1895.08	1874.44	1884.66	12650	0	167
2023.06.07	00:00:00	1884.72	1896.29	1871.35	1877.64	12933	0	160
2023.06.07	04:00:00	1877.56	1883.87	1874.67	1875.31	10780	0	144
2023.06.07	08:00:00	1875.35	1877.49	1843.43	1870.36	13106	0	156
2023.06.07	12:00:00	1870.41	1871.23	1835.92	1840.28	14631	0	159
2023.06.07	16:00:00	1840.34	1852.50	1832.56	1850.58	13050	0	149
2023.06.07	20:00:00	1850.58	1851.34	1820.62	1833.54	12352	0	136
2023.06.08	00:00:00	1833.56	1842.60	1829.70	1836.09	11996	0	146
2023.06.08	04:00:00	1836.12	1846.05	1834.15	1842.82	10998	0	141
2023.06.08	08:00:00	1842.82	1848.62	1838.52	1844.52	11156	0	148
2023.06.08	12:00:00	1844.52	1861.30	1838.94	1856.85	13346	0	146
2023.06.08	16:00:00	1856.83	1857.54	1842.82	1848.94	11357	0	146
2023.06.08	20:00:00	1848.95	1855.08	1845.98	1846.69	9977	0	138
2023.06.09	00:00:00	1846.67	1849.88	1828.21	1838.48	12251	0	105
2023.06.09	04:00:00	1838.51	1842.11	1831.95	1837.18	10050	0	100
2023.06.09	08:00:00	1837.14	1847.94	1835.49	1844.56	10671	0	109
2023.06.09	12:00:00	1844.55	1856.17	1840.20	1841.73	12937	0	113
2023.06.09	16:00:00	1841.79	1843.56	1830.48	1831.20	12166	0	145
2023.06.09	20:00:00	1831.21	1841.40	1828.52	1840.39	10954	0	157
2023.06.10	00:00:00	1840.41	1845.02	1822.18	1827.66	13095	0	120
2023.06.10	04:00:00	1827.63	1830.20	1725.47	1732.42	18351	0	132
2023.06.10	08:00:00	1732.41	1749.36	1716.96	1748.25	13034	0	113
2023.06.10	12:00:00	1748.20	1748.20	1732.95	1737.99	12825	0	111
2023.06.10	16:00:00	1737.79	1772.30	1719.50	1744.34	15873	0	124
2023.06.10	20:00:00	1744.56	1758.56	1738.28	1751.60	12441	0	128
2023.06.11	00:00:00	1751.59	1752.75	1744.55	1752.17	12424	0	125
2023.06.11	04:00:00	1752.17	1759.59	1744.34	1753.47	11960	0	137
2023.06.11	08:00:00	1753.46	1755.52	1745.16	1752.45	11597	0	132
2023.06.11	12:00:00	1752.44	1752.76	1738.51	1741.49	11586	0	129
2023.06.11	16:00:00	1741.49	1767.62	1740.03	1762.48	13013	0	127
2023.06.11	20:00:00	1762.47	1777.31	1741.67	1752.85	12783	0	125
2023.06.12	00:00:00	1752.78	1754.73	1720.90	1735.66	14293	0	117
2023.06.12	04:00:00	1735.68	1746.88	1732.11	1735.63	11909	0	118
2023.06.12	08:00:00	1735.58	1757.49	1733.32	1744.79	12598	0	136
2023.06.12	12:00:00	1744.80	1746.47	1728.32	1730.86	11992	0	128
2023.06.12	16:00:00	1730.89	1745.42	1719.36	1732.29	13114	0	120
2023.06.12	20:00:00	1732.31	1745.68	1729.06	1741.63	11106	0	115
2023.06.13	00:00:00	1741.65	1754.14	1728.12	1746.42	13233	0	117
2023.06.13	04:00:00	1746.42	1752.38	1741.04	1747.75	11135	0	127
2023.06.13	08:00:00	1747.69	1757.34	1744.77	1751.47	11645	0	129
2023.06.13	12:00:00	1751.57	1763.87	1722.74	1729.46	14685	0	126
2023.06.13	16:00:00	1729.48	1748.38	1728.74	1739.33	12725	0	114
2023.06.13	20:00:00	1739.31	1743.40	1733.24	1739.35	11613	0	125
2023.06.14	00:00:00	1739.38	1746.98	1737.76	1745.42	11108	0	124
2023.06.14	04:00:00	1745.42	1745.73	1736.08	1740.42	10321	0	116
2023.06.14	08:00:00	1740.45	1749.35	1739.71	1745.15	11675	0	120
2023.06.14	12:00:00	1745.16	1747.98	1735.93	1739.71	11749	0	113
2023.06.14	16:00:00	1739.78	1745.22	1719.63	1726.95	14434	0	113
2023.06.14	20:00:00	1726.97	1727.25	1629.79	1651.33	16228	0	113
2023.06.15	00:00:00	1651.37	1656.17	1643.11	1651.61	11426	0	105
2023.06.15	04:00:00	1651.61	1652.35	1628.15	1636.34	13362	0	114
2023.06.15	08:00:00	1636.33	1642.90	1624.32	1640.71	12932	0	105
2023.06.15	12:00:00	1640.86	1648.13	1632.71	1640.77	13508	0	114
2023.06.15	16:00:00	1640.78	1670.60	1632.36	1666.66	13898	0	120
2023.06.15	20:00:00	1666.77	1677.83	1652.74	1665.76	13000	0	131
2023.06.16	00:00:00	1665.69	1667.43	1658.70	1665.25	11851	0	123
2023.06.16	04:00:00	1665.34	1672.59	1664.70	1668.58	11439	0	124
2023.06.16	08:00:00	1668.70	1675.08	1661.12	1661.83	11829	0	123
2023.06.16	12:00:00	1661.80	1683.79	1649.30	1679.40	13956	0	118
2023.06.16	16:00:00	1679.51	1726.94	1675.04	1720.31	15059	0	125
2023.06.16	20:00:00	1720.30	1726.60	1714.38	1716.82	11363	0	122
2023.06.17	00:00:00	1716.85	1720.23	1712.52	1717.13	10177	0	115
2023.06.17	04:00:00	1717.14	1759.79	1715.92	1743.50	9818	0	119
2023.06.17	08:00:00	1743.53	1746.09	1733.13	1737.62	11311	0	131
2023.06.17	12:00:00	1737.62	1741.88	1719.16	1727.90	12345	0	126
2023.06.17	16:00:00	1727.87	1731.86	1721.28	1727.97	11918	0	123
2023.06.17	20:00:00	1728.03	1732.62	1722.30	1727.95	10302	0	118
2023.06.18	00:00:00	1727.95	1729.61	1720.87	1729.05	11363	0	126
2023.06.18	04:00:00	1729.05	1737.00	1725.83	1730.07	10972	0	125
2023.06.18	08:00:00	1730.07	1734.40	1725.35	1733.85	10378	0	120
2023.06.18	12:00:00	1733.86	1741.16	1729.61	1737.92	10823	0	112
2023.06.18	16:00:00	1737.91	1746.69	1735.74	1740.36	11068	0	123
2023.06.18	20:00:00	1740.39	1741.69	1712.67	1720.04	12590	0	110
2023.06.19	00:00:00	1720.04	1727.00	1714.08	1722.82	10897	0	114
2023.06.19	04:00:00	1722.69	1726.68	1719.16	1723.25	9454	0	109
2023.06.19	08:00:00	1723.27	1725.58	1718.98	1724.47	9664	0	112
2023.06.19	12:00:00	1724.48	1732.42	1714.46	1719.82	11872	0	107
2023.06.19	16:00:00	1719.84	1748.45	1699.95	1722.97	15224	0	109
2023.06.19	20:00:00	1723.02	1736.36	1721.31	1735.68	11892	0	131
2023.06.20	00:00:00	1735.73	1748.01	1729.37	1730.12	12015	0	133
2023.06.20	04:00:00	1730.11	1733.01	1722.87	1729.11	10317	0	126
2023.06.20	08:00:00	1729.11	1732.58	1722.85	1732.41	10117	0	127
2023.06.20	12:00:00	1732.43	1736.42	1713.56	1731.35	12735	0	98
2023.06.20	16:00:00	1731.38	1790.64	1727.02	1780.16	16284	0	145
2023.06.20	20:00:00	1780.32	1794.23	1773.63	1790.95	13133	0	128
2023.06.21	00:00:00	1791.00	1824.21	1786.53	1810.49	13708	0	143
2023.06.21	04:00:00	1810.51	1822.00	1807.29	1811.24	12377	0	130
2023.06.21	08:00:00	1811.29	1830.62	1806.77	1828.31	12297	0	127
2023.06.21	12:00:00	1828.34	1855.13	1814.61	1849.41	15562	0	141
2023.06.21	16:00:00	1849.30	1897.23	1845.99	1881.58	16394	0	161
2023.06.21	20:00:00	1881.51	1900.05	1870.97	1888.37	13689	0	158
2023.06.22	00:00:00	1888.53	1932.52	1883.37	1917.86	14406	0	171
2023.06.22	04:00:00	1917.81	1919.71	1903.16	1910.55	12778	0	154
2023.06.22	08:00:00	1910.54	1911.91	1881.52	1885.52	12946	0	147
2023.06.22	12:00:00	1885.64	1908.41	1866.54	1876.75	14666	0	137
2023.06.22	16:00:00	1876.82	1891.50	1874.49	1889.75	13423	0	132
2023.06.22	20:00:00	1889.79	1891.06	1868.25	1871.84	12426	0	128
2023.06.23	00:00:00	1871.84	1883.44	1863.28	1881.83	12432	0	107
2023.06.23	04:00:00	1881.84	1886.55	1874.76	1881.74	11209	0	120
2023.06.23	08:00:00	1881.80	1888.67	1875.14	1879.81	12202	0	115
2023.06.23	12:00:00	1879.82	1921.23	1861.93	1917.55	15363	0	116
2023.06.23	16:00:00	1917.63	1934.42	1889.06	1902.08	14612	0	135
2023.06.23	20:00:00	1901.84	1907.59	1875.67	1893.30	12008	0	138
2023.06.24	00:00:00	1893.29	1897.22	1879.36	1894.41	13040	0	144
2023.06.24	04:00:00	1894.37	1898.09	1882.53	1884.11	11505	0	135
2023.06.24	08:00:00	1884.11	1893.91	1882.78	1891.14	10843	0	122
2023.06.24	12:00:00	1891.17	1905.61	1869.36	1874.70	11251	0	132
2023.06.24	16:00:00	1874.59	1889.36	1867.87	1887.69	11934	0	237
2023.06.24	20:00:00	1887.71	1887.71	1865.17	1875.58	12202	0	221
2023.06.25	00:00:00	1875.49	1896.65	1869.05	1894.87	12178	0	206
2023.06.25	04:00:00	1894.88	1929.10	1894.88	1911.96	13132	0	179
2023.06.25	08:00:00	1911.88	1924.06	1907.89	1918.41	12826	0	169
2023.06.25	12:00:00	1918.46	1919.47	1881.69	1887.12	13704	0	166
2023.06.25	16:00:00	1887.00	1894.97	1881.64	1894.63	13060	0	164
2023.06.25	20:00:00	1894.36	1905.96	1888.58	1899.32	11881	0	146
2023.06.26	00:00:00	1899.36	1904.55	1866.22	1880.07	13727	0	144
2023.06.26	04:00:00	1880.07	1902.62	1870.33	1891.55	12549	0	142
2023.06.26	08:00:00	1891.52	1893.00	1871.84	1879.63	12224	0	134
2023.06.26	12:00:00	1879.62	1906.35	1871.44	1888.50	13203	0	142
2023.06.26	16:00:00	1888.55	1889.69	1836.66	1854.11	14739	0	139
2023.06.26	20:00:00	1854.09	1859.83	1847.44	1858.55	11947	0	124
2023.06.27	00:00:00	1858.52	1877.26	1854.50	1871.01	12005	0	129
2023.06.27	04:00:00	1870.98	1877.40	1860.41	1874.28	11486	0	127
2023.06.27	08:00:00	1874.16	1887.87	1870.60	1880.24	12483	0	129
2023.06.27	12:00:00	1880.28	1894.24	1862.39	1871.03	14040	0	132
2023.06.27	16:00:00	1870.90	1911.51	1869.15	1894.08	13443	0	132
2023.06.27	20:00:00	1894.19	1896.82	1885.46	1889.67	12078	0	133
2023.06.28	00:00:00	1889.66	1889.99	1855.30	1867.23	13757	0	136
2023.06.28	04:00:00	1867.02	1870.08	1849.27	1852.03	13254	0	132
2023.06.28	08:00:00	1852.07	1864.87	1850.68	1860.76	12055	0	127
2023.06.28	12:00:00	1860.76	1867.44	1845.68	1859.62	14629	0	135
2023.06.28	16:00:00	1859.71	1864.45	1816.10	1832.42	14136	0	134
2023.06.28	20:00:00	1832.45	1835.95	1824.55	1827.46	12040	0	124
2023.06.29	00:00:00	1827.41	1842.55	1826.96	1836.84	12306	0	125
2023.06.29	04:00:00	1836.79	1849.28	1835.91	1846.23	11363	0	126
2023.06.29	08:00:00	1846.24	1872.14	1845.81	1869.38	13130	0	132
2023.06.29	12:00:00	1869.31	1878.77	1847.67	1851.77	13903	0	129
2023.06.29	16:00:00	1851.76	1859.50	1842.68	1856.78	13183	0	136
2023.06.29	20:00:00	1856.85	1858.54	1843.26	1851.78	12476	0	132
2023.06.30	00:00:00	1851.93	1877.90	1842.05	1872.29	14091	0	138
2023.06.30	04:00:00	1872.43	1907.05	1869.39	1887.67	14728	0	140
2023.06.30	08:00:00	1887.67	1893.79	1883.52	1890.50	13407	0	139
2023.06.30	12:00:00	1890.57	1913.05	1825.27	1852.41	18711	0	139
2023.06.30	16:00:00	1852.38	1945.54	1849.37	1926.98	17237	0	151
2023.06.30	20:00:00	1927.00	1942.96	1918.31	1934.08	13197	0	131
2023.07.01	00:00:00	1934.11	1943.64	1917.70	1919.71	13590	0	139
2023.07.01	04:00:00	1919.75	1922.07	1909.08	1920.05	13018	0	138
2023.07.01	08:00:00	1920.23	1926.27	1911.56	1922.41	13135	0	133
2023.07.01	12:00:00	1922.47	1929.31	1918.18	1922.61	13325	0	141
2023.07.01	16:00:00	1922.61	1923.55	1916.16	1922.54	11441	0	130
2023.07.01	20:00:00	1922.57	1926.91	1920.51	1924.00	10446	0	125
2023.07.02	00:00:00	1924.01	1925.69	1911.47	1914.04	13129	0	138
2023.07.02	04:00:00	1914.07	1916.99	1909.96	1915.44	11450	0	129
2023.07.02	08:00:00	1915.44	1921.49	1911.78	1920.10	11199	0	125
2023.07.02	12:00:00	1920.13	1927.70	1886.70	1918.41	12876	0	129
2023.07.02	16:00:00	1918.44	1922.91	1901.86	1914.23	12686	0	119
2023.07.02	20:00:00	1914.23	1959.36	1910.85	1937.91	14095	0	119
2023.07.03	00:00:00	1937.92	1953.17	1933.65	1949.04	13023	0	129
2023.07.03	04:00:00	1949.03	1973.07	1941.85	1966.99	13309	0	134
2023.07.03	08:00:00	1966.90	1976.18	1954.65	1961.63	13024	0	133
2023.07.03	12:00:00	1961.61	1975.64	1954.37	1967.85	14302	0	139
2023.07.03	16:00:00	1968.05	1974.56	1953.72	1967.19	14034	0	142
2023.07.03	20:00:00	1967.36	1968.65	1947.96	1955.20	12393	0	128
2023.07.04	00:00:00	1955.20	1965.63	1949.82	1963.26	12717	0	134
2023.07.04	04:00:00	1963.19	1963.45	1946.13	1948.86	12163	0	142
2023.07.04	08:00:00	1948.63	1961.48	1945.36	1960.73	12054	0	138
2023.07.04	12:00:00	1960.63	1961.10	1950.06	1954.25	12305	0	135
2023.07.04	16:00:00	1954.26	1964.23	1930.87	1934.13	14324	0	140
2023.07.04	20:00:00	1934.14	1942.31	1931.49	1935.59	11927	0	137
2023.07.05	00:00:00	1935.72	1941.87	1933.18	1940.91	11852	0	143
2023.07.05	04:00:00	1940.93	1941.52	1931.99	1936.06	11916	0	145
2023.07.05	08:00:00	1936.08	1936.80	1905.42	1910.02	14019	0	145
2023.07.05	12:00:00	1909.98	1913.91	1893.86	1902.62	14615	0	148
2023.07.05	16:00:00	1902.37	1917.06	1900.42	1906.74	12906	0	139
2023.07.05	20:00:00	1906.88	1915.38	1904.22	1909.92	12245	0	142
2023.07.06	00:00:00	1909.84	1914.85	1898.38	1913.11	12814	0	139
2023.07.06	04:00:00	1913.15	1929.86	1908.67	1925.11	13111	0	141
2023.07.06	08:00:00	1925.13	1957.36	1910.83	1917.64	14922	0	137
2023.07.06	12:00:00	1917.38	1919.04	1864.94	1887.97	17461	0	155
2023.07.06	16:00:00	1887.93	1893.06	1877.75	1884.83	13650	0	153
2023.07.06	20:00:00	1884.66	1886.92	1846.63	1846.63	14206	0	156
2023.07.07	00:00:00	1846.70	1859.83	1826.94	1858.25	14294	0	146
2023.07.07	04:00:00	1858.01	1863.43	1852.15	1856.00	12544	0	140
2023.07.07	08:00:00	1856.04	1864.45	1853.52	1859.68	12186	0	138
2023.07.07	12:00:00	1859.70	1877.12	1852.05	1871.23	14938	0	139
2023.07.07	16:00:00	1871.27	1874.59	1856.82	1863.87	13082	0	139
2023.07.07	20:00:00	1863.74	1871.31	1862.46	1870.58	11284	0	129
2023.07.08	00:00:00	1870.64	1872.93	1861.99	1863.81	11360	0	136
2023.07.08	04:00:00	1863.81	1863.89	1855.15	1861.58	11966	0	143
2023.07.08	08:00:00	1861.57	1867.12	1857.12	1858.81	11312	0	134
2023.07.08	12:00:00	1858.91	1861.93	1855.83	1859.58	11197	0	142
2023.07.08	16:00:00	1859.56	1864.93	1844.25	1847.50	11809	0	140
2023.07.08	20:00:00	1847.48	1865.45	1843.47	1864.78	11324	0	134
2023.07.09	00:00:00	1864.86	1874.18	1861.93	1867.12	11574	0	123
2023.07.09	04:00:00	1867.17	1870.41	1864.12	1867.25	10575	0	114
2023.07.09	08:00:00	1867.25	1869.35	1863.83	1868.62	9687	0	109
2023.07.09	12:00:00	1868.43	1878.31	1857.23	1865.57	12471	0	121
2023.07.09	16:00:00	1865.63	1868.26	1861.69	1868.05	11185	0	129
2023.07.09	20:00:00	1868.06	1872.06	1856.72	1862.42	11755	0	128
2023.07.10	00:00:00	1862.41	1867.13	1847.31	1861.01	12757	0	138
2023.07.10	04:00:00	1860.94	1862.55	1853.05	1856.04	11136	0	123
2023.07.10	08:00:00	1856.01	1864.53	1849.70	1863.40	11948	0	133
2023.07.10	12:00:00	1863.42	1872.48	1859.85	1870.26	12457	0	130
2023.07.10	16:00:00	1870.26	1900.73	1865.31	1898.94	12551	0	127
2023.07.10	20:00:00	1899.09	1904.43	1866.92	1880.56	13509	0	139
2023.07.11	00:00:00	1880.64	1884.39	1875.72	1879.70	12230	0	134
2023.07.11	04:00:00	1879.72	1889.79	1876.67	1882.86	11299	0	130
2023.07.11	08:00:00	1882.88	1883.84	1864.59	1867.83	11865	0	136
2023.07.11	12:00:00	1867.58	1881.81	1862.88	1871.75	13169	0	140
2023.07.11	16:00:00	1871.85	1876.53	1865.16	1874.59	12273	0	142
2023.07.11	20:00:00	1874.64	1879.70	1871.50	1878.43	10853	0	136
2023.07.12	00:00:00	1878.42	1888.14	1876.22	1880.11	11916	0	142
2023.07.12	04:00:00	1880.12	1894.84	1878.86	1890.55	11366	0	126
2023.07.12	08:00:00	1890.60	1891.47	1885.93	1890.20	10832	0	128
2023.07.12	12:00:00	1890.12	1901.10	1878.77	1883.97	14714	0	142
2023.07.12	16:00:00	1883.86	1891.21	1867.09	1870.59	13281	0	136
2023.07.12	20:00:00	1870.32	1873.95	1865.35	1871.61	11684	0	144
2023.07.13	00:00:00	1871.61	1876.01	1866.32	1867.41	11450	0	140
2023.07.13	04:00:00	1867.37	1874.55	1863.38	1871.09	11833	0	141
2023.07.13	08:00:00	1871.10	1885.66	1870.33	1884.05	14742	0	137
2023.07.13	12:00:00	1884.04	1942.96	1876.49	1931.76	20504	0	123
2023.07.13	16:00:00	1932.01	2011.99	1932.01	1995.54	29502	0	157
2023.07.13	20:00:00	1995.45	2009.61	1971.65	2004.61	18862	0	155
2023.07.14	00:00:00	2004.67	2027.82	2002.91	2009.21	20981	0	165
2023.07.14	04:00:00	2009.19	2012.39	1987.39	1991.61	17871	0	160
2023.07.14	08:00:00	1991.62	2003.96	1984.77	1993.09	17283	0	151
2023.07.14	12:00:00	1993.08	2007.47	1985.31	1998.98	18527	0	149
2023.07.14	16:00:00	1998.99	2001.57	1899.05	1914.41	26220	0	141
2023.07.14	20:00:00	1914.25	1939.23	1900.68	1938.91	17554	0	129
2023.07.15	00:00:00	1938.67	1939.12	1927.22	1931.50	12416	0	129
2023.07.15	04:00:00	1931.51	1943.87	1927.63	1942.42	11258	0	128
2023.07.15	08:00:00	1942.38	1946.71	1937.52	1940.31	11154	0	125
2023.07.15	12:00:00	1940.31	1942.04	1929.72	1935.30	11648	0	129
2023.07.15	16:00:00	1935.30	1939.22	1929.89	1934.22	11181	0	128
2023.07.15	20:00:00	1934.23	1934.23	1927.12	1931.72	10508	0	129
2023.07.16	00:00:00	1931.71	1937.85	1915.43	1923.96	12570	0	140
2023.07.16	04:00:00	1924.02	1931.88	1920.73	1925.99	11205	0	138
2023.07.16	08:00:00	1926.19	1933.80	1925.95	1933.59	7510	0	134
2023.07.16	12:00:00	1933.60	1943.35	1929.12	1937.69	11672	0	134
2023.07.16	16:00:00	1937.57	1939.95	1926.89	1928.55	11186	0	120
2023.07.16	20:00:00	1928.71	1937.69	1917.64	1923.11	11848	0	127
2023.07.17	00:00:00	1923.13	1931.92	1918.58	1930.98	11970	0	137
2023.07.17	04:00:00	1931.05	1936.05	1926.95	1929.04	10739	0	133
2023.07.17	08:00:00	1928.97	1931.68	1893.88	1910.99	13022	0	135
2023.07.17	12:00:00	1910.96	1917.90	1900.87	1909.10	13731	0	143
2023.07.17	16:00:00	1909.14	1913.27	1874.26	1886.97	15170	0	140
2023.07.17	20:00:00	1886.63	1920.39	1886.28	1911.95	12819	0	137
2023.07.18	00:00:00	1911.96	1917.73	1907.21	1910.30	11839	0	127
2023.07.18	04:00:00	1910.30	1912.61	1894.91	1899.51	12611	0	136
2023.07.18	08:00:00	1899.51	1909.51	1891.94	1894.66	13140	0	146
2023.07.18	12:00:00	1894.68	1904.00	1886.92	1896.82	14632	0	147
2023.07.18	16:00:00	1896.94	1903.97	1876.28	1893.86	13731	0	134
2023.07.18	20:00:00	1894.09	1903.59	1890.51	1897.56	12101	0	140
2023.07.19	00:00:00	1897.56	1915.88	1895.82	1912.29	12685	0	132
2023.07.19	04:00:00	1912.43	1918.84	1907.46	1909.28	11526	0	132
2023.07.19	08:00:00	1909.28	1912.74	1902.63	1909.98	11749	0	139
2023.07.19	12:00:00	1910.10	1921.30	1895.62	1906.45	13943	0	138
2023.07.19	16:00:00	1906.22	1917.50	1901.06	1910.43	13139	0	134
2023.07.19	20:00:00	1910.35	1910.78	1883.10	1889.41	13070	0	138
2023.07.20	00:00:00	1889.32	1900.15	1883.57	1895.39	11933	0	130
2023.07.20	04:00:00	1895.38	1913.81	1894.44	1912.16	12106	0	140
2023.07.20	08:00:00	1912.19	1927.61	1910.84	1921.24	12594	0	136
2023.07.20	12:00:00	1921.29	1922.97	1885.77	1889.30	13423	0	131
2023.07.20	16:00:00	1889.12	1894.02	1879.17	1888.43	13394	0	137
2023.07.20	20:00:00	1888.49	1899.03	1883.21	1892.81	11865	0	133
2023.07.21	00:00:00	1892.90	1902.20	1888.14	1897.74	12092	0	136
2023.07.21	04:00:00	1897.74	1898.38	1888.53	1890.69	11252	0	122
2023.07.21	08:00:00	1890.69	1894.95	1885.95	1889.97	11776	0	124
2023.07.21	12:00:00	1889.98	1896.94	1886.52	1891.95	12811	0	131
2023.07.21	16:00:00	1891.96	1905.54	1885.88	1895.33	13314	0	136
2023.07.21	20:00:00	1895.22	1896.80	1891.76	1892.96	11184	0	132
2023.07.22	00:00:00	1892.98	1897.94	1891.98	1893.87	11296	0	128
2023.07.22	04:00:00	1893.88	1896.66	1890.41	1892.19	12540	0	120
2023.07.22	08:00:00	1892.19	1894.84	1885.02	1888.52	12767	0	126
2023.07.22	12:00:00	1888.51	1890.65	1885.43	1889.22	13329	0	124
2023.07.22	16:00:00	1889.24	1891.16	1882.28	1888.25	13761	0	129
2023.07.22	20:00:00	1888.26	1889.50	1855.15	1867.58	14886	0	132
2023.07.23	00:00:00	1867.57	1874.60	1859.90	1870.41	15965	0	125
2023.07.23	04:00:00	1870.40	1880.27	1870.40	1876.04	14924	0	131
2023.07.23	08:00:00	1876.23	1879.41	1873.97	1875.80	13391	0	121
2023.07.23	12:00:00	1875.78	1877.57	1872.99	1874.43	13858	0	129
2023.07.23	16:00:00	1874.38	1904.99	1874.38	1889.47	18364	0	139
2023.07.23	20:00:00	1889.58	1894.39	1876.82	1889.41	15857	0	131
2023.07.24	00:00:00	1889.46	1891.71	1867.44	1869.83	17905	0	129
2023.07.24	04:00:00	1869.76	1878.12	1863.73	1875.26	15210	0	140
2023.07.24	08:00:00	1875.03	1875.95	1835.41	1854.99	18226	0	136
2023.07.24	12:00:00	1855.02	1855.84	1835.13	1844.10	16843	0	141
2023.07.24	16:00:00	1844.06	1851.85	1840.35	1849.99	12526	0	136
2023.07.24	20:00:00	1849.91	1852.44	1846.48	1851.18	11632	0	134
2023.07.25	00:00:00	1851.20	1857.30	1846.44	1852.67	11914	0	134
2023.07.25	04:00:00	1852.75	1855.02	1847.65	1851.70	11481	0	145
2023.07.25	08:00:00	1851.75	1863.57	1849.49	1853.89	11339	0	137
2023.07.25	12:00:00	1853.79	1868.28	1852.86	1858.75	12546	0	137
2023.07.25	16:00:00	1858.70	1866.71	1853.56	1857.75	12145	0	132
2023.07.25	20:00:00	1857.68	1865.57	1856.79	1858.51	10935	0	136
2023.07.26	00:00:00	1858.55	1866.91	1852.01	1859.32	12088	0	136
2023.07.26	04:00:00	1859.33	1861.52	1852.47	1853.84	10923	0	134
2023.07.26	08:00:00	1853.84	1856.57	1849.12	1851.98	11286	0	130
2023.07.26	12:00:00	1851.99	1861.89	1850.41	1861.39	12002	0	131
2023.07.26	16:00:00	1861.35	1882.51	1855.59	1874.02	13665	0	139
2023.07.26	20:00:00	1874.02	1887.21	1867.33	1872.06	12424	0	197
2023.07.27	00:00:00	1872.10	1879.33	1867.81	1876.50	11079	0	181
2023.07.27	04:00:00	1876.53	1881.86	1867.44	1872.09	10667	0	178
2023.07.27	08:00:00	1872.11	1885.96	1869.75	1876.88	11993	0	165
2023.07.27	12:00:00	1876.89	1879.12	1864.78	1869.13	12167	0	160
2023.07.27	16:00:00	1869.12	1869.88	1855.53	1860.58	12534	0	148
2023.07.27	20:00:00	1860.66	1862.64	1855.29	1861.59	11539	0	146
2023.07.28	00:00:00	1861.58	1865.32	1859.89	1863.00	11205	0	144
2023.07.28	04:00:00	1863.03	1864.91	1856.88	1858.96	11533	0	144
2023.07.28	08:00:00	1859.08	1869.04	1858.69	1866.12	11127	0	138
2023.07.28	12:00:00	1866.17	1882.01	1865.95	1874.86	12497	0	140
2023.07.28	16:00:00	1874.88	1879.83	1866.84	1874.67	11551	0	134
2023.07.28	20:00:00	1874.81	1878.59	1872.82	1875.26	9428	0	132
2023.07.29	00:00:00	1875.33	1878.40	1873.61	1874.74	9786	0	132
2023.07.29	04:00:00	1874.80	1878.03	1872.04	1873.87	9517	0	138
2023.07.29	08:00:00	1873.92	1874.68	1870.26	1871.51	9271	0	132
2023.07.29	12:00:00	1871.51	1876.14	1871.22	1873.27	9433	0	129
2023.07.29	16:00:00	1873.21	1879.73	1872.28	1878.47	9999	0	128
2023.07.29	20:00:00	1878.48	1885.74	1878.17	1880.38	11048	0	129
2023.07.30	00:00:00	1880.51	1881.95	1877.73	1878.32	9304	0	128
2023.07.30	04:00:00	1878.30	1880.13	1873.76	1875.67	9459	0	125
2023.07.30	08:00:00	1875.68	1877.01	1872.80	1876.11	10074	0	135
2023.07.30	12:00:00	1876.14	1884.43	1871.93	1876.81	10383	0	126
2023.07.30	16:00:00	1876.81	1879.05	1857.89	1861.79	11328	0	130
2023.07.30	20:00:00	1861.60	1865.65	1849.39	1861.42	12325	0	117
2023.07.31	00:00:00	1861.40	1876.55	1860.56	1869.22	11606	0	122
2023.07.31	04:00:00	1869.39	1870.16	1862.29	1865.71	11361	0	122
2023.07.31	08:00:00	1865.73	1869.90	1864.59	1867.91	9562	0	122
2023.07.31	12:00:00	1867.93	1873.09	1856.58	1857.25	11950	0	125
2023.07.31	16:00:00	1857.31	1862.36	1853.72	1855.99	12182	0	128
2023.07.31	20:00:00	1855.94	1859.95	1850.59	1855.60	11671	0	137
2023.08.01	00:00:00	1855.60	1863.61	1815.67	1826.73	12987	0	135
2023.08.01	04:00:00	1826.71	1835.67	1821.39	1834.34	12186	0	131
2023.08.01	08:00:00	1834.40	1837.26	1830.17	1830.37	11001	0	133
2023.08.01	12:00:00	1830.32	1836.13	1813.63	1833.86	13001	0	123
2023.08.01	16:00:00	1833.70	1855.38	1828.62	1849.72	12356	0	130
2023.08.01	20:00:00	1849.75	1873.45	1846.23	1871.81	10839	0	116
2023.08.02	00:00:00	1871.91	1878.51	1861.61	1862.17	11063	0	114
2023.08.02	04:00:00	1862.16	1863.46	1854.78	1856.20	8503	0	108
2023.08.02	08:00:00	1856.03	1860.06	1852.31	1858.33	10401	0	116
2023.08.02	12:00:00	1858.31	1859.99	1833.96	1841.12	13374	0	121
2023.08.02	16:00:00	1841.12	1845.67	1820.63	1840.63	13551	0	126
2023.08.02	20:00:00	1840.71	1845.52	1836.42	1838.89	10439	0	115
2023.08.03	00:00:00	1838.73	1844.85	1836.31	1839.26	11074	0	121
2023.08.03	04:00:00	1839.28	1840.29	1830.66	1830.92	10824	0	120
2023.08.03	08:00:00	1830.96	1836.84	1825.14	1836.62	11009	0	123
2023.08.03	12:00:00	1836.64	1847.48	1831.77	1839.70	12445	0	123
2023.08.03	16:00:00	1839.69	1857.60	1838.85	1844.16	11289	0	118
2023.08.03	20:00:00	1843.94	1851.58	1830.50	1836.04	11585	0	121
2023.08.04	00:00:00	1836.06	1838.48	1828.89	1833.29	10331	0	119
2023.08.04	04:00:00	1833.30	1836.52	1830.31	1836.26	9006	0	122
2023.08.04	08:00:00	1836.28	1839.38	1832.05	1833.60	8516	0	118
2023.08.04	12:00:00	1833.47	1849.97	1831.33	1846.57	11793	0	113
2023.08.04	16:00:00	1846.60	1847.22	1827.09	1830.73	10789	0	115
2023.08.04	20:00:00	1830.75	1833.46	1816.09	1829.20	8593	0	107
2023.08.05	00:00:00	1829.21	1832.53	1826.42	1831.05	7612	0	111
2023.08.05	04:00:00	1831.05	1832.54	1827.73	1829.59	7583	0	122
2023.08.05	08:00:00	1829.60	1834.03	1828.53	1832.13	7595	0	114
2023.08.05	12:00:00	1832.13	1835.95	1829.23	1832.65	8286	0	115
2023.08.05	16:00:00	1832.65	1838.20	1829.65	1834.69	8274	0	117
2023.08.05	20:00:00	1834.69	1837.77	1833.62	1835.58	6052	0	116
2023.08.06	00:00:00	1835.60	1837.72	1833.03	1833.85	7022	0	118
2023.08.06	04:00:00	1833.85	1835.77	1831.02	1834.07	5661	0	126
2023.08.06	08:00:00	1834.11	1836.39	1827.88	1831.04	6652	0	120
2023.08.06	12:00:00	1831.01	1831.72	1825.15	1827.93	7838	0	126
2023.08.06	16:00:00	1827.94	1835.07	1827.30	1830.81	7422	0	119
2023.08.06	20:00:00	1830.81	1836.28	1826.74	1828.86	7856	0	128
2023.08.07	00:00:00	1828.90	1844.39	1825.59	1837.60	9055	0	123
2023.08.07	04:00:00	1837.60	1840.75	1830.55	1835.04	8246	0	118
2023.08.07	08:00:00	1835.06	1835.60	1830.85	1832.80	6947	0	118
2023.08.07	12:00:00	1832.80	1835.25	1813.46	1818.00	10905	0	120
2023.08.07	16:00:00	1817.77	1830.19	1802.20	1824.42	12387	0	128
2023.08.07	20:00:00	1824.49	1830.07	1822.94	1828.53	8668	0	119
2023.08.08	00:00:00	1828.39	1834.67	1826.43	1829.51	8438	0	118
2023.08.08	04:00:00	1829.51	1838.29	1829.28	1830.13	7449	0	110
2023.08.08	08:00:00	1830.22	1838.34	1829.66	1838.34	7930	0	112
2023.08.08	12:00:00	1838.33	1847.35	1834.69	1842.62	11883	0	113
2023.08.08	16:00:00	1842.50	1870.31	1842.02	1858.90	13100	0	157
2023.08.08	20:00:00	1858.83	1874.79	1854.69	1855.62	11539	0	148
2023.08.09	00:00:00	1855.64	1860.55	1851.89	1854.20	11408	0	159
2023.08.09	04:00:00	1854.20	1862.19	1852.65	1860.61	10717	0	153
2023.08.09	08:00:00	1860.75	1865.15	1857.50	1862.76	10107	0	145
2023.08.09	12:00:00	1862.76	1870.55	1851.16	1852.80	12475	0	138
2023.08.09	16:00:00	1852.71	1854.14	1844.74	1847.06	12494	0	140
2023.08.09	20:00:00	1847.09	1857.87	1846.35	1854.44	10865	0	144
2023.08.10	00:00:00	1854.46	1857.49	1851.22	1852.16	9402	0	132
2023.08.10	04:00:00	1852.15	1854.28	1848.79	1850.37	10293	0	134
2023.08.10	08:00:00	1850.35	1853.98	1848.81	1850.32	9865	0	139
2023.08.10	12:00:00	1850.31	1864.89	1846.63	1852.21	13330	0	140
2023.08.10	16:00:00	1852.27	1852.83	1845.18	1848.28	10873	0	135
2023.08.10	20:00:00	1848.27	1851.86	1846.76	1850.86	10079	0	138
2023.08.11	00:00:00	1850.86	1853.29	1841.75	1845.33	9739	0	133
2023.08.11	04:00:00	1845.34	1849.74	1844.91	1847.74	8697	0	128
2023.08.11	08:00:00	1847.67	1850.28	1843.65	1850.01	9213	0	112
2023.08.11	12:00:00	1850.02	1855.61	1841.92	1844.54	12638	0	136
2023.08.11	16:00:00	1844.55	1847.02	1837.13	1842.97	12147	0	138
2023.08.11	20:00:00	1843.11	1849.75	1842.33	1847.53	8526	0	123
2023.08.12	00:00:00	1847.60	1852.26	1846.34	1846.79	8901	0	117
2023.08.12	04:00:00	1846.83	1850.53	1846.07	1849.78	7845	0	122
2023.08.12	08:00:00	1849.77	1851.19	1847.47	1850.66	8123	0	121
2023.08.12	12:00:00	1850.67	1853.03	1849.60	1850.43	8552	0	118
2023.08.12	16:00:00	1850.43	1852.52	1846.49	1847.20	8945	0	115
2023.08.12	20:00:00	1847.21	1849.84	1845.50	1849.61	5958	0	110
2023.08.13	00:00:00	1849.57	1850.85	1848.08	1849.44	5131	0	105
2023.08.13	04:00:00	1849.44	1849.71	1846.24	1849.18	5861	0	109
2023.08.13	08:00:00	1849.22	1850.50	1848.18	1849.01	5675	0	109
2023.08.13	12:00:00	1849.00	1851.26	1846.39	1847.41	6088	0	112
2023.08.13	16:00:00	1847.41	1860.64	1844.91	1857.80	6924	0	108
2023.08.13	20:00:00	1857.77	1859.33	1833.68	1839.82	8610	0	109
2023.08.14	00:00:00	1839.84	1846.45	1834.24	1844.61	10706	0	115
2023.08.14	04:00:00	1844.65	1849.95	1844.65	1847.95	8066	0	106
2023.08.14	08:00:00	1847.97	1850.47	1844.40	1846.13	7488	0	106
2023.08.14	12:00:00	1846.13	1854.38	1841.56	1851.65	10050	0	104
2023.08.14	16:00:00	1851.67	1853.94	1838.51	1840.74	10449	0	112
2023.08.14	20:00:00	1840.81	1845.36	1839.33	1844.63	6564	0	92
2023.08.15	00:00:00	1844.65	1846.36	1841.92	1843.25	6026	0	94
2023.08.15	04:00:00	1843.26	1843.67	1838.78	1841.82	6189	0	100
2023.08.15	08:00:00	1841.83	1842.96	1837.03	1838.59	6765	0	99
2023.08.15	12:00:00	1838.59	1843.99	1835.77	1838.54	10229	0	112
2023.08.15	16:00:00	1838.59	1841.01	1813.13	1826.99	10446	0	107
2023.08.15	20:00:00	1826.80	1830.81	1823.77	1828.04	8395	0	104
2023.08.16	00:00:00	1828.06	1830.56	1826.18	1827.67	6967	0	110
2023.08.16	04:00:00	1827.68	1828.42	1817.85	1825.21	9208	0	112
2023.08.16	08:00:00	1825.23	1825.68	1817.72	1822.66	8360	0	109
2023.08.16	12:00:00	1822.67	1826.16	1817.12	1818.50	11071	0	110
2023.08.16	16:00:00	1818.47	1827.72	1814.18	1818.82	11633	0	110
2023.08.16	20:00:00	1818.84	1821.24	1795.89	1806.34	11660	0	109
2023.08.17	00:00:00	1806.41	1808.21	1777.01	1797.17	11590	0	111
2023.08.17	04:00:00	1797.18	1801.52	1795.43	1798.16	8296	0	102
2023.08.17	08:00:00	1798.14	1798.81	1782.92	1786.09	10616	0	113
2023.08.17	12:00:00	1786.09	1791.68	1724.56	1739.24	15054	0	116
2023.08.17	16:00:00	1739.34	1747.30	1723.79	1736.85	13577	0	120
2023.08.17	20:00:00	1736.82	1738.28	1534.48	1681.22	31820	0	126
2023.08.18	00:00:00	1681.20	1697.94	1672.32	1676.24	13844	0	137
2023.08.18	04:00:00	1676.25	1696.71	1662.08	1690.00	13548	0	133
2023.08.18	08:00:00	1689.96	1696.69	1678.08	1686.08	12800	0	129
2023.08.18	12:00:00	1686.08	1686.70	1654.06	1660.46	14807	0	125
2023.08.18	16:00:00	1660.45	1677.06	1641.88	1657.59	15465	0	126
2023.08.18	20:00:00	1657.60	1670.07	1656.35	1661.35	12147	0	113
2023.08.19	00:00:00	1661.51	1670.90	1656.11	1659.66	11477	0	122
2023.08.19	04:00:00	1659.69	1663.61	1653.96	1660.98	10720	0	115
2023.08.19	08:00:00	1661.00	1665.51	1659.12	1660.60	9504	0	116
2023.08.19	12:00:00	1660.60	1683.50	1657.88	1682.64	11120	0	109
2023.08.19	16:00:00	1682.55	1695.57	1674.71	1677.73	12413	0	112
2023.08.19	20:00:00	1677.75	1678.62	1664.04	1670.05	11387	0	109
2023.08.20	00:00:00	1670.10	1675.72	1665.01	1668.46	11501	0	115
2023.08.20	04:00:00	1668.46	1670.49	1661.73	1666.47	9615	0	111
2023.08.20	08:00:00	1666.39	1675.79	1663.64	1674.95	10679	0	113
2023.08.20	12:00:00	1674.96	1679.44	1664.88	1671.15	11391	0	100
2023.08.20	16:00:00	1671.27	1679.69	1666.33	1678.49	11008	0	104
2023.08.20	20:00:00	1678.55	1694.83	1678.14	1685.64	11433	0	115
2023.08.21	00:00:00	1685.48	1686.15	1675.21	1677.51	11538	0	112
2023.08.21	04:00:00	1677.48	1688.41	1670.32	1672.91	11615	0	115
2023.08.21	08:00:00	1672.92	1675.74	1661.17	1672.88	11805	0	113
2023.08.21	12:00:00	1672.90	1682.73	1650.24	1657.61	13991	0	115
2023.08.21	16:00:00	1657.61	1675.40	1656.95	1672.38	12294	0	108
2023.08.21	20:00:00	1672.33	1676.87	1666.56	1667.33	10772	0	107
2023.08.22	00:00:00	1667.36	1669.89	1661.51	1664.00	10172	0	114
2023.08.22	04:00:00	1664.01	1667.14	1660.95	1665.98	9912	0	111
2023.08.22	08:00:00	1665.93	1667.36	1660.75	1662.55	10630	0	108
2023.08.22	12:00:00	1662.55	1667.24	1646.27	1649.96	12492	0	108
2023.08.22	16:00:00	1650.02	1651.29	1619.18	1625.96	15759	0	102
2023.08.22	20:00:00	1625.95	1638.55	1583.09	1635.34	15168	0	107
2023.08.23	00:00:00	1635.39	1641.93	1629.79	1632.40	12334	0	119
2023.08.23	04:00:00	1632.45	1656.55	1630.80	1645.75	12231	0	116
2023.08.23	08:00:00	1645.70	1649.10	1640.62	1642.83	12140	0	126
2023.08.23	12:00:00	1642.87	1660.23	1635.11	1658.33	13579	0	123
2023.08.23	16:00:00	1658.44	1699.81	1656.57	1686.94	14709	0	116
2023.08.23	20:00:00	1686.81	1692.09	1662.39	1679.82	12403	0	109
2023.08.24	00:00:00	1679.76	1683.76	1673.24	1676.17	9812	0	102
2023.08.24	04:00:00	1676.17	1679.04	1672.90	1675.27	9041	0	102
2023.08.24	08:00:00	1675.28	1677.86	1667.03	1668.86	9972	0	89
2023.08.24	12:00:00	1668.87	1670.64	1642.94	1644.22	13536	0	95
2023.08.24	16:00:00	1644.17	1657.06	1635.74	1650.79	13596	0	94
2023.08.24	20:00:00	1650.98	1664.74	1643.92	1662.05	12169	0	99
2023.08.25	00:00:00	1662.08	1663.84	1645.85	1656.27	12104	0	101
2023.08.25	04:00:00	1656.32	1656.89	1647.63	1652.04	12081	0	102
2023.08.25	08:00:00	1652.06	1659.68	1651.70	1654.88	11429	0	98
2023.08.25	12:00:00	1654.89	1676.05	1636.71	1646.36	15666	0	101
2023.08.25	16:00:00	1646.17	1655.88	1636.24	1647.24	14022	0	109
2023.08.25	20:00:00	1647.27	1655.36	1644.93	1654.22	11632	0	106
2023.08.26	00:00:00	1654.06	1655.73	1651.24	1654.82	9885	0	105
2023.08.26	04:00:00	1654.83	1655.01	1650.32	1652.97	10220	0	100
2023.08.26	08:00:00	1652.92	1653.90	1645.94	1650.47	10757	0	106
2023.08.26	12:00:00	1650.47	1653.10	1647.13	1651.55	9587	0	99
2023.08.26	16:00:00	1651.47	1652.22	1643.85	1646.46	9747	0	98
2023.08.26	20:00:00	1646.48	1650.67	1645.44	1647.44	8902	0	93
2023.08.27	00:00:00	1647.44	1650.49	1646.23	1647.85	9106	0	98
2023.08.27	04:00:00	1647.85	1655.09	1647.37	1648.75	8506	0	99
2023.08.27	08:00:00	1648.71	1652.94	1647.77	1649.70	8542	0	91
2023.08.27	12:00:00	1649.71	1660.19	1648.79	1655.27	9287	0	94
2023.08.27	16:00:00	1655.26	1660.48	1650.14	1655.79	10486	0	88
2023.08.27	20:00:00	1655.80	1659.12	1650.76	1658.05	9925	0	93
2023.08.28	00:00:00	1658.05	1658.50	1648.60	1649.94	10831	0	96
2023.08.28	04:00:00	1649.94	1652.22	1637.32	1641.72	10371	0	93
2023.08.28	08:00:00	1641.73	1643.56	1623.96	1640.30	10921	0	93
2023.08.28	12:00:00	1640.24	1663.08	1639.56	1649.18	13664	0	103
2023.08.28	16:00:00	1649.05	1654.86	1638.68	1647.21	12530	0	102
2023.08.28	20:00:00	1647.02	1657.45	1644.39	1653.13	10352	0	94
2023.08.29	00:00:00	1653.15	1662.69	1651.14	1652.48	11436	0	98
2023.08.29	04:00:00	1652.47	1654.19	1645.12	1647.88	9971	0	92
2023.08.29	08:00:00	1647.83	1648.43	1640.70	1642.97	11446	0	96
2023.08.29	12:00:00	1642.90	1734.80	1640.17	1717.75	16586	0	94
2023.08.29	16:00:00	1717.87	1746.34	1711.20	1737.75	15568	0	117
2023.08.29	20:00:00	1737.53	1744.18	1722.72	1731.87	11460	0	109
2023.08.30	00:00:00	1731.49	1734.03	1716.19	1721.15	11398	0	100
2023.08.30	04:00:00	1721.13	1724.65	1718.77	1720.52	8205	0	105
2023.08.30	08:00:00	1720.51	1723.08	1713.93	1717.92	9435	0	101
2023.08.30	12:00:00	1717.95	1724.51	1697.81	1705.09	15012	0	102
2023.08.30	16:00:00	1705.11	1707.23	1697.90	1703.16	12146	0	117
2023.08.30	20:00:00	1703.40	1710.63	1703.26	1708.69	9857	0	107
2023.08.31	00:00:00	1708.64	1708.64	1700.02	1701.38	8696	0	109
2023.08.31	04:00:00	1701.38	1710.08	1701.23	1709.29	8454	0	105
2023.08.31	08:00:00	1709.28	1727.81	1706.41	1716.85	9983	0	107
2023.08.31	12:00:00	1716.86	1717.00	1678.75	1690.68	13559	0	109
2023.08.31	16:00:00	1690.84	1690.94	1643.47	1658.20	15951	0	112
2023.08.31	20:00:00	1658.13	1658.48	1630.92	1646.61	12622	0	108
2023.09.01	00:00:00	1646.61	1655.78	1645.86	1653.11	9331	0	106
2023.09.01	04:00:00	1653.03	1654.42	1644.67	1647.93	8642	0	105
2023.09.01	08:00:00	1647.94	1649.91	1642.60	1647.96	9823	0	103
2023.09.01	12:00:00	1647.97	1653.17	1621.33	1634.60	15125	0	110
2023.09.01	16:00:00	1634.68	1637.34	1602.28	1618.71	15634	0	118
2023.09.01	20:00:00	1618.91	1637.05	1615.64	1629.29	10883	0	120
2023.09.02	00:00:00	1629.28	1634.24	1627.48	1631.69	9066	0	110
2023.09.02	04:00:00	1631.67	1635.87	1629.90	1631.70	8304	0	111
2023.09.02	08:00:00	1631.73	1637.19	1630.29	1634.35	9244	0	106
2023.09.02	12:00:00	1634.35	1645.73	1633.10	1640.00	10075	0	113
2023.09.02	16:00:00	1640.00	1641.29	1628.37	1633.46	9961	0	112
2023.09.02	20:00:00	1633.47	1639.15	1632.63	1636.61	7974	0	111
2023.09.03	00:00:00	1636.61	1637.56	1631.66	1636.04	7651	0	110
2023.09.03	04:00:00	1636.03	1639.36	1633.64	1635.86	6906	0	107
2023.09.03	08:00:00	1635.88	1636.26	1631.84	1634.64	7328	0	109
2023.09.03	12:00:00	1634.63	1640.45	1628.75	1633.17	10019	0	113
2023.09.03	16:00:00	1633.16	1641.98	1625.77	1639.05	10513	0	115
2023.09.03	20:00:00	1639.04	1645.93	1633.32	1636.10	9945	0	112
2023.09.04	00:00:00	1636.02	1644.24	1631.98	1637.62	9835	0	103
2023.09.04	04:00:00	1637.62	1640.39	1634.28	1639.07	8636	0	103
2023.09.04	08:00:00	1639.07	1641.08	1630.75	1631.69	8789	0	99
2023.09.04	12:00:00	1631.70	1635.30	1618.71	1626.64	11098	0	101
2023.09.04	16:00:00	1626.61	1635.46	1625.80	1631.19	9838	0	104
2023.09.04	20:00:00	1631.20	1632.39	1616.52	1630.15	10240	0	104
2023.09.05	00:00:00	1629.95	1630.68	1609.11	1618.05	10337	0	103
2023.09.05	04:00:00	1618.04	1627.13	1617.22	1624.52	7986	0	102
2023.09.05	08:00:00	1624.52	1637.24	1620.50	1635.19	9975	0	106
2023.09.05	12:00:00	1635.19	1646.78	1625.43	1636.19	12058	0	108
2023.09.05	16:00:00	1636.23	1642.64	1632.26	1632.53	10498	0	101
2023.09.05	20:00:00	1632.51	1634.84	1626.88	1634.82	8440	0	96
2023.09.06	00:00:00	1634.65	1640.63	1632.25	1633.77	8050	0	95
2023.09.06	04:00:00	1633.70	1634.37	1627.92	1629.46	7908	0	97
2023.09.06	08:00:00	1629.39	1636.29	1629.07	1632.97	7651	0	91
2023.09.06	12:00:00	1632.95	1635.31	1619.96	1623.77	11514	0	98
2023.09.06	16:00:00	1623.79	1666.54	1609.05	1631.16	14701	0	110
2023.09.06	20:00:00	1631.24	1635.56	1627.59	1633.73	9405	0	108
2023.09.07	00:00:00	1633.73	1640.64	1632.14	1640.64	9042	0	105
2023.09.07	04:00:00	1640.63	1642.45	1635.46	1636.10	8516	0	101
2023.09.07	08:00:00	1636.13	1636.33	1626.11	1627.75	7745	0	102
2023.09.07	12:00:00	1627.78	1634.52	1623.57	1630.61	11522	0	102
2023.09.07	16:00:00	1630.63	1641.58	1629.60	1637.45	11192	0	105
2023.09.07	20:00:00	1637.39	1659.48	1636.28	1648.59	12751	0	99
2023.09.08	00:00:00	1648.32	1658.29	1644.12	1646.79	9893	0	98
2023.09.08	04:00:00	1646.83	1653.71	1643.54	1647.19	9923	0	102
2023.09.08	08:00:00	1647.19	1647.92	1615.80	1625.88	11345	0	99
2023.09.08	12:00:00	1625.88	1634.59	1624.30	1628.99	10450	0	100
2023.09.08	16:00:00	1629.01	1635.36	1624.51	1634.97	10604	0	103
2023.09.08	20:00:00	1634.99	1639.11	1633.37	1637.12	7374	0	88
2023.09.09	00:00:00	1637.12	1637.70	1633.22	1634.25	6446	0	89
2023.09.09	04:00:00	1634.26	1635.85	1631.40	1634.79	6389	0	86
2023.09.09	08:00:00	1634.78	1636.22	1633.07	1635.42	6038	0	92
2023.09.09	12:00:00	1635.41	1637.10	1629.57	1635.72	6651	0	83
2023.09.09	16:00:00	1635.72	1637.87	1632.46	1634.60	5856	0	85
2023.09.09	20:00:00	1634.60	1637.46	1633.87	1636.47	4959	0	80
2023.09.10	00:00:00	1636.33	1636.50	1626.44	1631.72	6640	0	88
2023.09.10	04:00:00	1631.71	1631.78	1618.69	1624.76	8465	0	93
2023.09.10	08:00:00	1624.71	1627.24	1619.55	1624.35	7819	0	103
2023.09.10	12:00:00	1624.33	1628.17	1611.18	1619.62	8907	0	115
2023.09.10	16:00:00	1619.66	1620.27	1597.61	1617.14	12094	0	104
2023.09.10	20:00:00	1617.18	1628.18	1614.48	1617.51	10764	0	95
2023.09.11	00:00:00	1617.51	1619.54	1602.69	1612.65	10369	0	102
2023.09.11	04:00:00	1612.66	1618.64	1607.92	1612.38	9532	0	100
2023.09.11	08:00:00	1612.43	1612.98	1575.09	1586.48	13514	0	114
2023.09.11	12:00:00	1586.50	1597.71	1549.52	1562.84	15725	0	114
2023.09.11	16:00:00	1562.65	1567.73	1536.70	1539.67	13688	0	116
2023.09.11	20:00:00	1539.55	1552.38	1530.39	1551.59	12036	0	115
2023.09.12	00:00:00	1551.60	1593.87	1549.52	1584.06	12925	0	121
2023.09.12	04:00:00	1584.07	1592.26	1573.72	1579.45	12277	0	113
2023.09.12	08:00:00	1579.45	1622.62	1575.38	1608.79	12310	0	94
2023.09.12	12:00:00	1608.78	1613.49	1594.46	1604.46	13685	0	116
2023.09.12	16:00:00	1604.48	1622.27	1584.46	1598.71	13842	0	113
2023.09.12	20:00:00	1598.70	1604.91	1590.33	1593.32	10499	0	110
2023.09.13	00:00:00	1593.28	1602.29	1587.05	1590.00	10582	0	107
2023.09.13	04:00:00	1590.00	1602.99	1581.71	1584.90	11294	0	104
2023.09.13	08:00:00	1584.70	1606.76	1583.68	1604.07	11952	0	104
2023.09.13	12:00:00	1604.19	1617.66	1591.77	1608.41	13422	0	107
2023.09.13	16:00:00	1608.42	1615.19	1595.69	1599.31	12215	0	105
2023.09.13	20:00:00	1599.35	1610.30	1599.16	1608.13	9458	0	94
2023.09.14	00:00:00	1608.18	1637.27	1606.81	1620.51	12587	0	108
2023.09.14	04:00:00	1620.48	1626.06	1613.48	1621.52	10268	0	107
2023.09.14	08:00:00	1621.61	1627.20	1617.79	1625.15	10460	0	104
2023.09.14	12:00:00	1625.17	1643.65	1617.26	1636.34	14152	0	103
2023.09.14	16:00:00	1636.34	1643.70	1627.63	1636.50	11137	0	91
2023.09.14	20:00:00	1636.51	1638.20	1624.85	1627.92	9731	0	95
2023.09.15	00:00:00	1627.93	1636.12	1623.23	1635.44	10617	0	98
2023.09.15	04:00:00	1635.41	1636.32	1627.48	1629.24	9078	0	95
2023.09.15	08:00:00	1629.23	1632.62	1618.25	1621.21	8874	0	98
2023.09.15	12:00:00	1621.23	1626.04	1611.58	1619.69	11945	0	92
2023.09.15	16:00:00	1619.66	1624.01	1618.13	1621.53	10337	0	101
2023.09.15	20:00:00	1621.60	1652.41	1619.50	1641.64	10911	0	98
2023.09.16	00:00:00	1641.53	1652.03	1638.73	1641.76	9765	0	98
2023.09.16	04:00:00	1641.77	1642.16	1635.13	1637.04	8467	0	94
2023.09.16	08:00:00	1637.05	1638.98	1632.26	1635.81	8491	0	107
2023.09.16	12:00:00	1635.81	1639.96	1631.93	1635.11	8141	0	98
2023.09.16	16:00:00	1635.11	1639.56	1632.07	1633.59	8075	0	106
2023.09.16	20:00:00	1633.60	1638.42	1633.02	1635.00	7521	0	94
2023.09.17	00:00:00	1635.01	1635.17	1620.56	1629.71	9921	0	95
2023.09.17	04:00:00	1629.71	1631.61	1627.07	1628.72	6993	0	103
2023.09.17	08:00:00	1628.72	1635.10	1628.30	1629.67	7829	0	97
2023.09.17	12:00:00	1629.67	1632.53	1627.93	1629.51	8281	0	102
2023.09.17	16:00:00	1629.63	1629.92	1617.60	1626.03	8123	0	102
2023.09.17	20:00:00	1626.04	1627.11	1612.35	1622.73	9659	0	105
2023.09.18	00:00:00	1622.91	1635.89	1605.26	1630.32	11457	0	107
2023.09.18	04:00:00	1630.31	1637.95	1626.98	1633.95	9630	0	108
2023.09.18	08:00:00	1633.95	1656.91	1631.00	1655.83	11614	0	104
2023.09.18	12:00:00	1655.97	1670.00	1651.16	1656.68	12200	0	112
2023.09.18	16:00:00	1656.63	1659.08	1634.04	1640.76	12592	0	107
2023.09.18	20:00:00	1640.96	1644.02	1636.99	1638.80	9073	0	100
2023.09.19	00:00:00	1638.05	1641.16	1627.72	1636.02	10587	0	99
2023.09.19	04:00:00	1636.02	1640.03	1633.88	1637.43	9331	0	108
2023.09.19	08:00:00	1637.46	1660.29	1636.89	1648.31	11858	0	108
2023.09.19	12:00:00	1648.31	1658.48	1635.63	1655.95	12998	0	104
2023.09.19	16:00:00	1655.96	1659.99	1640.43	1644.88	11797	0	101
2023.09.19	20:00:00	1644.93	1645.79	1637.62	1643.80	9876	0	104
2023.09.20	00:00:00	1643.82	1649.86	1636.31	1638.55	10405	0	103
2023.09.20	04:00:00	1638.37	1640.39	1631.07	1635.01	10478	0	98
2023.09.20	08:00:00	1634.98	1639.34	1620.30	1630.84	11038	0	106
2023.09.20	12:00:00	1630.85	1634.60	1622.14	1629.62	11775	0	104
2023.09.20	16:00:00	1629.50	1639.38	1605.97	1616.67	13824	0	110
2023.09.20	20:00:00	1616.54	1629.58	1615.78	1621.15	11198	0	100
2023.09.21	00:00:00	1621.17	1624.84	1614.57	1623.32	10878	0	110
2023.09.21	04:00:00	1623.33	1624.60	1616.86	1618.42	9753	0	101
2023.09.21	08:00:00	1618.44	1622.15	1589.33	1594.79	12758	0	102
2023.09.21	12:00:00	1594.80	1597.13	1568.66	1583.82	13429	0	104
2023.09.21	16:00:00	1583.76	1592.62	1582.30	1590.18	10563	0	103
2023.09.21	20:00:00	1590.18	1591.02	1583.66	1585.14	9126	0	104
2023.09.22	00:00:00	1585.15	1595.57	1577.76	1594.46	11178	0	110
2023.09.22	04:00:00	1594.46	1597.11	1586.66	1595.81	9458	0	103
2023.09.22	08:00:00	1595.80	1602.29	1592.82	1596.54	9588	0	103
2023.09.22	12:00:00	1596.52	1600.44	1592.62	1593.38	11095	0	101
2023.09.22	16:00:00	1593.23	1598.85	1586.96	1592.84	11312	0	107
2023.09.22	20:00:00	1592.77	1595.60	1589.53	1593.35	8842	0	101
2023.09.23	00:00:00	1593.35	1598.30	1590.76	1591.49	8954	0	102
2023.09.23	04:00:00	1591.51	1595.85	1590.58	1595.17	6324	0	102
2023.09.23	08:00:00	1595.08	1595.58	1591.49	1593.64	6288	0	101
2023.09.23	12:00:00	1593.63	1595.71	1588.24	1591.17	7667	0	106
2023.09.23	16:00:00	1591.15	1595.86	1589.38	1594.67	7964	0	101
2023.09.23	20:00:00	1594.72	1595.97	1590.25	1594.35	6924	0	92
2023.09.24	00:00:00	1594.36	1595.30	1591.07	1592.90	6492	0	91
2023.09.24	04:00:00	1592.90	1594.29	1591.72	1592.00	6577	0	104
2023.09.24	08:00:00	1592.01	1596.77	1591.98	1594.35	7091	0	91
2023.09.24	12:00:00	1594.36	1596.92	1588.88	1591.48	7426	0	97
2023.09.24	16:00:00	1591.38	1600.81	1579.45	1586.98	10845	0	106
2023.09.24	20:00:00	1586.99	1591.98	1571.62	1581.50	10096	0	108
2023.09.25	00:00:00	1581.41	1588.00	1564.56	1578.53	11510	0	102
2023.09.25	04:00:00	1578.53	1582.64	1573.73	1581.44	9724	0	101
2023.09.25	08:00:00	1581.48	1583.03	1566.11	1569.50	9628	0	97
2023.09.25	12:00:00	1569.50	1589.49	1564.23	1584.51	11751	0	106
2023.09.25	16:00:00	1584.66	1596.93	1584.66	1591.49	11158	0	102
2023.09.25	20:00:00	1591.31	1596.13	1584.53	1588.05	7641	0	93
2023.09.26	00:00:00	1588.05	1594.69	1585.97	1591.84	8715	0	103
2023.09.26	04:00:00	1591.85	1594.81	1586.99	1588.81	8312	0	103
2023.09.26	08:00:00	1588.82	1598.54	1586.08	1591.55	10352	0	95
2023.09.26	12:00:00	1591.54	1593.84	1580.51	1582.94	11873	0	104
2023.09.26	16:00:00	1583.00	1592.97	1582.12	1588.96	10526	0	100
2023.09.26	20:00:00	1588.86	1595.23	1584.33	1593.99	9733	0	98
2023.09.27	00:00:00	1594.02	1597.40	1589.63	1595.15	9326	0	95
2023.09.27	04:00:00	1595.14	1597.52	1590.44	1592.11	8450	0	103
2023.09.27	08:00:00	1592.09	1634.29	1589.94	1629.75	12154	0	94
2023.09.27	12:00:00	1629.56	1631.96	1591.54	1601.18	14211	0	102
2023.09.27	16:00:00	1601.28	1602.48	1583.35	1597.17	12214	0	104
2023.09.27	20:00:00	1597.07	1599.30	1592.83	1598.03	9404	0	100
2023.09.28	00:00:00	1598.15	1615.11	1597.70	1605.73	11218	0	103
2023.09.28	04:00:00	1605.74	1621.29	1604.01	1618.88	10471	0	101
2023.09.28	08:00:00	1618.69	1637.35	1613.66	1623.16	11674	0	101
2023.09.28	12:00:00	1623.13	1653.87	1620.73	1652.34	14543	0	102
2023.09.28	16:00:00	1652.27	1668.30	1646.20	1658.88	13749	0	108
2023.09.28	20:00:00	1658.73	1662.15	1644.48	1654.46	10751	0	103
2023.09.29	00:00:00	1654.26	1659.89	1649.43	1653.12	11025	0	104
2023.09.29	04:00:00	1653.12	1689.23	1650.21	1687.52	10207	0	97
2023.09.29	08:00:00	1687.60	1687.89	1667.50	1670.45	11105	0	93
2023.09.29	12:00:00	1670.46	1683.30	1658.23	1673.63	13574	0	98
2023.09.29	16:00:00	1673.63	1674.60	1658.32	1666.64	11199	0	99
2023.09.29	20:00:00	1666.63	1671.43	1665.14	1668.73	8937	0	94
2023.09.30	00:00:00	1668.69	1673.81	1667.62	1671.79	8655	0	92
2023.09.30	04:00:00	1671.80	1676.82	1671.31	1673.33	7048	0	87
2023.09.30	08:00:00	1673.33	1679.90	1672.19	1677.20	8224	0	86
2023.09.30	12:00:00	1677.21	1693.34	1674.26	1684.33	10563	0	89
2023.09.30	16:00:00	1684.33	1686.44	1674.22	1680.63	10122	0	96
2023.09.30	20:00:00	1680.62	1684.16	1668.13	1672.35	8264	0	89
2023.10.01	00:00:00	1672.31	1678.13	1670.74	1675.72	7793	0	95
2023.10.01	04:00:00	1675.72	1681.50	1674.33	1679.82	7310	0	87
2023.10.01	08:00:00	1679.84	1692.59	1677.81	1689.64	10153	0	90
2023.10.01	12:00:00	1689.65	1692.14	1678.74	1684.36	10134	0	92
2023.10.01	16:00:00	1684.28	1685.18	1672.01	1678.17	9243	0	84
2023.10.01	20:00:00	1678.17	1748.86	1669.86	1734.18	13567	0	88
2023.10.02	00:00:00	1733.95	1735.72	1718.78	1730.47	12235	0	105
2023.10.02	04:00:00	1730.51	1734.36	1713.97	1731.10	12074	0	113
2023.10.02	08:00:00	1731.01	1743.80	1725.89	1726.55	12273	0	117
2023.10.02	12:00:00	1726.61	1735.12	1688.98	1692.92	15180	0	113
2023.10.02	16:00:00	1692.65	1694.72	1641.95	1675.12	15501	0	111
2023.10.02	20:00:00	1675.14	1675.14	1637.70	1663.08	13390	0	102
2023.10.03	00:00:00	1663.00	1668.17	1658.22	1664.49	11820	0	111
2023.10.03	04:00:00	1664.51	1670.67	1660.89	1662.31	10697	0	108
2023.10.03	08:00:00	1662.38	1668.00	1649.50	1655.79	11794	0	110
2023.10.03	12:00:00	1655.83	1663.02	1642.09	1648.02	14556	0	106
2023.10.03	16:00:00	1648.15	1658.33	1645.43	1649.70	12640	0	108
2023.10.03	20:00:00	1649.82	1659.27	1644.86	1656.57	12156	0	106
2023.10.04	00:00:00	1656.56	1657.26	1624.73	1640.78	13157	0	100
2023.10.04	04:00:00	1640.77	1644.79	1635.23	1644.09	10791	0	106
2023.10.04	08:00:00	1644.22	1651.66	1642.24	1645.54	11040	0	113
2023.10.04	12:00:00	1645.41	1649.25	1626.02	1631.60	13238	0	106
2023.10.04	16:00:00	1631.55	1653.59	1630.66	1642.64	12986	0	104
2023.10.04	20:00:00	1642.73	1652.72	1640.57	1646.76	11251	0	110
2023.10.05	00:00:00	1646.53	1654.28	1641.99	1642.44	11282	0	110
2023.10.05	04:00:00	1642.42	1646.36	1632.27	1636.67	10082	0	109
2023.10.05	08:00:00	1636.67	1642.50	1635.27	1636.80	9734	0	111
2023.10.05	12:00:00	1636.81	1649.03	1607.96	1618.38	14439	0	109
2023.10.05	16:00:00	1618.33	1622.07	1608.33	1616.80	13255	0	106
2023.10.05	20:00:00	1616.79	1620.73	1610.87	1612.03	9532	0	103
2023.10.06	00:00:00	1612.17	1625.11	1612.17	1624.81	9710	0	106
2023.10.06	04:00:00	1624.81	1632.65	1618.16	1631.05	9808	0	100
2023.10.06	08:00:00	1631.06	1638.97	1628.54	1634.40	11249	0	104
2023.10.06	12:00:00	1634.42	1649.01	1611.66	1642.06	14346	0	115
2023.10.06	16:00:00	1642.07	1653.81	1634.54	1646.00	12900	0	102
2023.10.06	20:00:00	1646.15	1659.71	1642.92	1645.19	11450	0	112
2023.10.07	00:00:00	1645.20	1647.54	1640.14	1641.93	10490	0	114
2023.10.07	04:00:00	1641.93	1643.74	1636.74	1637.49	9743	0	111
2023.10.07	08:00:00	1637.31	1643.75	1636.57	1639.36	9563	0	114
2023.10.07	12:00:00	1639.37	1643.53	1635.74	1639.37	9542	0	117
2023.10.07	16:00:00	1639.35	1640.37	1630.05	1630.79	10249	0	115
2023.10.07	20:00:00	1630.80	1636.55	1629.60	1633.98	9168	0	122
2023.10.08	00:00:00	1634.03	1641.75	1633.43	1638.87	9971	0	118
2023.10.08	04:00:00	1638.89	1640.06	1625.48	1629.48	9973	0	127
2023.10.08	08:00:00	1629.50	1630.20	1616.75	1618.08	10506	0	130
2023.10.08	12:00:00	1618.08	1637.11	1617.52	1631.52	11807	0	129
2023.10.08	16:00:00	1631.51	1638.94	1629.28	1635.99	11101	0	120
2023.10.08	20:00:00	1636.00	1638.96	1628.08	1633.41	10740	0	121
2023.10.09	00:00:00	1633.29	1635.58	1623.49	1633.47	11143	0	117
2023.10.09	04:00:00	1633.47	1635.13	1617.80	1621.23	9974	0	116
2023.10.09	08:00:00	1621.23	1622.72	1586.58	1590.83	13300	0	118
2023.10.09	12:00:00	1590.80	1598.09	1584.31	1587.01	12655	0	119
2023.10.09	16:00:00	1587.00	1587.78	1548.29	1583.06	14854	0	121
2023.10.09	20:00:00	1583.10	1585.58	1574.41	1581.28	10689	0	117
2023.10.10	00:00:00	1581.31	1591.65	1576.60	1585.43	11816	0	121
2023.10.10	04:00:00	1585.41	1593.93	1582.64	1589.92	10832	0	124
2023.10.10	08:00:00	1589.84	1595.51	1578.22	1580.80	11837	0	118
2023.10.10	12:00:00	1580.79	1588.86	1564.15	1569.08	15197	0	128
2023.10.10	16:00:00	1569.08	1573.82	1558.45	1567.34	13975	0	115
2023.10.10	20:00:00	1567.33	1571.97	1551.63	1568.44	10950	0	112
2023.10.11	00:00:00	1568.46	1576.62	1545.67	1557.01	13187	0	125
2023.10.11	04:00:00	1557.09	1562.86	1548.85	1557.69	12256	0	121
2023.10.11	08:00:00	1557.61	1578.35	1556.94	1572.53	12999	0	120
2023.10.11	12:00:00	1572.53	1577.17	1554.83	1560.74	14266	0	119
2023.10.11	16:00:00	1560.63	1567.02	1549.20	1563.59	13099	0	108
2023.10.11	20:00:00	1563.63	1569.57	1561.00	1567.26	8712	0	110
2023.10.12	00:00:00	1567.26	1569.65	1557.15	1562.65	9151	0	109
2023.10.12	04:00:00	1562.65	1568.17	1558.92	1560.44	8243	0	107
2023.10.12	08:00:00	1560.25	1561.75	1536.66	1553.07	10758	0	104
2023.10.12	12:00:00	1553.07	1554.65	1539.22	1542.25	12173	0	101
2023.10.12	16:00:00	1542.27	1546.94	1520.19	1533.55	12460	0	107
2023.10.12	20:00:00	1533.54	1541.67	1532.17	1541.35	8486	0	107
2023.10.13	00:00:00	1541.32	1548.57	1538.71	1539.74	9738	0	109
2023.10.13	04:00:00	1539.72	1554.03	1539.18	1550.47	8916	0	105
2023.10.13	08:00:00	1550.50	1553.62	1543.64	1547.27	9612	0	105
2023.10.13	12:00:00	1547.27	1554.11	1538.22	1539.83	11442	0	103
2023.10.13	16:00:00	1539.83	1549.78	1539.34	1546.66	10390	0	100
2023.10.13	20:00:00	1546.68	1574.11	1544.55	1552.65	11411	0	103
2023.10.14	00:00:00	1552.64	1555.88	1548.99	1553.55	8461	0	106
2023.10.14	04:00:00	1553.55	1554.52	1545.42	1548.58	7261	0	100
2023.10.14	08:00:00	1548.51	1550.44	1546.09	1548.38	6415	0	114
2023.10.14	12:00:00	1548.39	1558.55	1547.42	1557.18	7880	0	112
2023.10.14	16:00:00	1557.03	1559.11	1552.57	1555.30	8463	0	109
2023.10.14	20:00:00	1555.30	1561.58	1553.18	1555.30	7893	0	111
2023.10.15	00:00:00	1555.26	1558.46	1550.24	1554.80	8005	0	111
2023.10.15	04:00:00	1554.78	1555.79	1553.10	1555.79	5711	0	106
2023.10.15	08:00:00	1555.80	1560.43	1554.69	1555.98	6976	0	112
2023.10.15	12:00:00	1555.99	1560.94	1549.34	1554.11	8612	0	114
2023.10.15	16:00:00	1554.11	1566.01	1551.36	1560.80	9561	0	118
2023.10.15	20:00:00	1560.79	1566.15	1552.90	1558.05	11094	0	117
2023.10.16	00:00:00	1558.01	1566.94	1554.73	1562.98	9325	0	115
2023.10.16	04:00:00	1562.96	1589.95	1560.28	1579.86	10918	0	112
2023.10.16	08:00:00	1579.86	1588.35	1575.21	1582.92	9628	0	113
2023.10.16	12:00:00	1582.92	1638.10	1567.20	1578.04	16709	0	120
2023.10.16	16:00:00	1578.04	1602.48	1573.43	1590.27	13112	0	112
2023.10.16	20:00:00	1590.45	1605.30	1578.04	1599.72	11240	0	102
2023.10.17	00:00:00	1599.57	1600.57	1588.43	1589.10	10220	0	114
2023.10.17	04:00:00	1589.13	1592.48	1583.08	1590.01	9647	0	104
2023.10.17	08:00:00	1589.86	1593.38	1582.58	1583.99	9912	0	101
2023.10.17	12:00:00	1583.97	1585.58	1564.34	1575.10	12088	0	96
2023.10.17	16:00:00	1575.09	1579.57	1551.12	1563.84	10674	0	92
2023.10.17	20:00:00	1563.84	1565.83	1557.33	1564.90	9107	0	90
2023.10.18	00:00:00	1564.90	1571.77	1562.38	1567.83	9690	0	94
2023.10.18	04:00:00	1567.84	1581.40	1566.18	1572.69	11334	0	97
2023.10.18	08:00:00	1572.70	1584.84	1568.94	1578.90	10319	0	93
2023.10.18	12:00:00	1578.85	1581.34	1568.64	1570.22	12100	0	90
2023.10.18	16:00:00	1570.23	1574.95	1562.79	1563.00	11140	0	90
2023.10.18	20:00:00	1562.96	1566.16	1556.01	1563.47	9038	0	91
2023.10.19	00:00:00	1563.36	1567.38	1541.99	1549.99	10573	0	91
2023.10.19	04:00:00	1550.01	1553.77	1546.47	1551.66	8239	0	90
2023.10.19	08:00:00	1551.71	1555.56	1541.98	1554.57	10022	0	88
2023.10.19	12:00:00	1554.57	1564.79	1551.20	1560.91	12897	0	91
2023.10.19	16:00:00	1560.91	1573.72	1559.28	1568.06	13010	0	98
2023.10.19	20:00:00	1568.10	1573.23	1563.52	1566.87	9909	0	95
2023.10.20	00:00:00	1566.99	1594.59	1561.71	1586.94	11855	0	98
2023.10.20	04:00:00	1586.97	1589.00	1579.39	1583.80	11402	0	99
2023.10.20	08:00:00	1583.81	1630.82	1583.52	1614.62	15024	0	102
2023.10.20	12:00:00	1614.62	1618.18	1598.54	1605.79	13316	0	107
2023.10.20	16:00:00	1605.79	1610.76	1597.91	1607.27	11165	0	106
2023.10.20	20:00:00	1607.34	1610.71	1602.46	1604.61	9743	0	105
2023.10.21	00:00:00	1604.60	1607.45	1592.84	1598.15	9556	0	102
2023.10.21	04:00:00	1598.11	1607.19	1597.45	1606.62	8602	0	101
2023.10.21	08:00:00	1606.59	1610.30	1602.93	1609.41	8811	0	100
2023.10.21	12:00:00	1609.43	1629.68	1602.47	1628.25	11203	0	100
2023.10.21	16:00:00	1628.07	1644.00	1620.15	1636.14	12533	0	106
2023.10.21	20:00:00	1636.10	1636.72	1626.69	1629.48	9510	0	103
2023.10.22	00:00:00	1629.40	1640.58	1624.09	1630.57	10892	0	103
2023.10.22	04:00:00	1630.59	1647.46	1625.28	1631.18	11610	0	101
2023.10.22	08:00:00	1631.00	1636.74	1625.57	1629.38	10415	0	103
2023.10.22	12:00:00	1629.39	1637.74	1621.45	1626.83	10475	0	104
2023.10.22	16:00:00	1626.84	1640.90	1624.98	1635.76	10081	0	104
2023.10.22	20:00:00	1635.76	1668.68	1635.21	1664.32	10997	0	101
2023.10.23	00:00:00	1664.34	1700.73	1658.20	1694.40	14073	0	107
2023.10.23	04:00:00	1694.40	1705.21	1672.02	1676.28	12683	0	109
2023.10.23	08:00:00	1676.23	1684.47	1663.73	1677.59	11589	0	111
2023.10.23	12:00:00	1677.63	1684.99	1664.98	1677.52	12712	0	114
2023.10.23	16:00:00	1677.52	1711.98	1672.60	1708.53	14563	0	117
2023.10.23	20:00:00	1708.56	1794.77	1703.36	1764.96	18834	0	121
2023.10.24	00:00:00	1764.93	1847.69	1757.50	1807.73	17061	0	142
2023.10.24	04:00:00	1807.61	1835.56	1799.72	1808.49	13780	0	123
2023.10.24	08:00:00	1808.57	1844.67	1806.29	1844.67	13231	0	125
2023.10.24	12:00:00	1844.72	1853.02	1761.63	1778.44	16562	0	114
2023.10.24	16:00:00	1778.41	1798.63	1756.11	1776.90	14496	0	115
2023.10.24	20:00:00	1776.77	1795.81	1763.23	1785.17	13523	0	111
2023.10.25	00:00:00	1785.15	1806.46	1777.70	1788.62	12960	0	112
2023.10.25	04:00:00	1788.59	1795.28	1762.07	1769.65	12490	0	111
2023.10.25	08:00:00	1769.64	1792.07	1760.82	1785.42	12881	0	111
2023.10.25	12:00:00	1785.42	1816.04	1779.60	1805.64	15060	0	112
2023.10.25	16:00:00	1805.64	1814.04	1779.01	1788.93	14114	0	111
2023.10.25	20:00:00	1788.94	1795.41	1775.87	1786.69	12390	0	108
2023.10.26	00:00:00	1786.67	1816.21	1779.88	1815.62	12686	0	107
2023.10.26	04:00:00	1815.60	1856.00	1790.86	1847.94	13686	0	115
2023.10.26	08:00:00	1847.99	1863.57	1803.67	1811.93	15658	0	116
2023.10.26	12:00:00	1812.00	1824.25	1767.06	1777.99	16088	0	115
2023.10.26	16:00:00	1777.98	1793.46	1760.72	1792.28	13935	0	114
2023.10.26	20:00:00	1792.28	1810.27	1790.17	1803.39	11199	0	107
2023.10.27	00:00:00	1803.29	1804.01	1773.73	1791.68	12862	0	108
2023.10.27	04:00:00	1791.75	1796.88	1777.62	1778.27	12127	0	108
2023.10.27	08:00:00	1778.31	1791.47	1776.00	1782.17	11068	0	104
2023.10.27	12:00:00	1782.21	1796.60	1771.66	1783.16	14801	0	111
2023.10.27	16:00:00	1783.17	1785.21	1743.94	1775.06	14154	0	104
2023.10.27	20:00:00	1775.08	1783.46	1773.87	1779.55	10697	0	104
2023.10.28	00:00:00	1779.50	1793.23	1778.92	1790.60	10721	0	105
2023.10.28	04:00:00	1790.62	1795.42	1785.97	1787.14	9516	0	104
2023.10.28	08:00:00	1787.12	1802.48	1786.15	1789.16	9943	0	102
2023.10.28	12:00:00	1789.02	1791.48	1776.51	1790.83	10557	0	108
2023.10.28	16:00:00	1790.83	1791.18	1777.24	1777.61	8472	0	109
2023.10.28	20:00:00	1777.75	1783.97	1771.51	1776.98	8563	0	107
2023.10.29	00:00:00	1776.82	1782.42	1764.00	1775.62	9847	0	113
2023.10.29	04:00:00	1775.63	1784.60	1773.45	1784.05	7668	0	105
2023.10.29	08:00:00	1784.05	1793.50	1783.74	1789.54	8433	0	111
2023.10.29	12:00:00	1789.56	1801.14	1789.10	1792.25	10990	0	114
2023.10.29	16:00:00	1792.34	1807.21	1786.67	1793.69	11243	0	108
2023.10.29	20:00:00	1793.74	1810.90	1792.57	1795.24	10170	0	120
2023.10.30	00:00:00	1795.32	1798.91	1779.86	1783.88	11176	0	115
2023.10.30	04:00:00	1783.88	1791.89	1779.03	1787.08	10339	0	119
2023.10.30	08:00:00	1787.19	1826.90	1785.27	1815.44	12315	0	120
2023.10.30	12:00:00	1815.47	1829.44	1806.02	1819.29	12988	0	120
2023.10.30	16:00:00	1819.30	1819.35	1777.22	1801.48	12694	0	111
2023.10.30	20:00:00	1801.59	1815.80	1796.33	1809.11	9713	0	102
2023.10.31	00:00:00	1809.15	1818.96	1794.53	1796.16	10878	0	106
2023.10.31	04:00:00	1796.22	1805.28	1787.55	1791.40	10890	0	109
2023.10.31	08:00:00	1791.41	1814.50	1783.92	1810.59	11121	0	105
2023.10.31	12:00:00	1810.57	1813.68	1782.17	1792.59	13439	0	109
2023.10.31	16:00:00	1792.42	1814.36	1788.85	1811.26	11641	0	110
2023.10.31	20:00:00	1811.32	1817.75	1802.78	1815.02	10616	0	117
2023.11.01	00:00:00	1814.87	1828.50	1808.16	1810.34	11342	0	114
2023.11.01	04:00:00	1810.31	1810.99	1797.98	1804.06	9786	0	107
2023.11.01	08:00:00	1804.15	1808.07	1792.61	1800.05	10028	0	106
2023.11.01	12:00:00	1800.08	1826.01	1782.62	1792.86	15193	0	111
2023.11.01	16:00:00	1792.75	1850.44	1791.73	1835.91	15381	0	115
2023.11.01	20:00:00	1835.91	1857.01	1835.91	1846.41	14129	0	111
2023.11.02	00:00:00	1846.42	1873.82	1841.32	1858.37	13561	0	112
2023.11.02	04:00:00	1858.49	1860.07	1829.27	1835.49	12006	0	103
2023.11.02	08:00:00	1835.36	1840.23	1821.72	1836.83	11771	0	107
2023.11.02	12:00:00	1836.75	1843.09	1800.64	1803.18	14709	0	104
2023.11.02	16:00:00	1803.21	1811.22	1783.93	1811.09	13018	0	113
2023.11.02	20:00:00	1811.18	1811.95	1792.29	1800.30	11416	0	118
2023.11.03	00:00:00	1800.48	1801.98	1776.64	1798.19	13407	0	112
2023.11.03	04:00:00	1798.11	1801.55	1788.08	1798.20	11192	0	104
2023.11.03	08:00:00	1798.13	1803.87	1780.79	1789.93	12718	0	104
2023.11.03	12:00:00	1789.92	1813.84	1785.07	1811.95	13366	0	115
2023.11.03	16:00:00	1812.03	1823.63	1800.37	1817.88	12823	0	115
2023.11.03	20:00:00	1817.83	1834.71	1815.38	1832.94	10886	0	112
2023.11.04	00:00:00	1832.99	1840.07	1824.73	1834.86	10764	0	115
2023.11.04	04:00:00	1834.86	1840.09	1826.37	1834.19	10068	0	113
2023.11.04	08:00:00	1834.27	1847.56	1831.00	1838.72	10083	0	100
2023.11.04	12:00:00	1838.69	1841.30	1829.80	1833.13	9032	0	97
2023.11.04	16:00:00	1833.15	1841.10	1832.23	1836.76	7316	0	103
2023.11.04	20:00:00	1836.76	1869.46	1835.69	1856.65	9548	0	106
2023.11.05	00:00:00	1856.66	1892.92	1847.23	1888.31	11162	0	103
2023.11.05	04:00:00	1888.38	1894.66	1877.31	1885.06	11160	0	91
2023.11.05	08:00:00	1885.02	1896.29	1878.43	1888.28	10540	0	92
2023.11.05	12:00:00	1888.32	1899.60	1865.76	1875.11	12947	0	92
2023.11.05	16:00:00	1875.12	1912.87	1873.36	1889.26	12342	0	96
2023.11.05	20:00:00	1889.26	1909.96	1856.05	1892.61	12601	0	109
2023.11.06	00:00:00	1892.41	1900.55	1882.13	1888.20	11902	0	117
2023.11.06	04:00:00	1888.26	1890.52	1869.87	1879.59	11484	0	125
2023.11.06	08:00:00	1879.58	1899.07	1874.25	1899.07	11122	0	122
2023.11.06	12:00:00	1899.12	1914.65	1889.00	1900.78	14029	0	108
2023.11.06	16:00:00	1900.89	1902.85	1885.54	1900.89	12000	0	102
2023.11.06	20:00:00	1900.91	1906.13	1879.01	1900.05	10726	0	104
2023.11.07	00:00:00	1899.99	1902.54	1877.77	1889.52	11483	0	110
2023.11.07	04:00:00	1889.53	1895.78	1885.56	1891.81	9314	0	108
2023.11.07	08:00:00	1891.82	1894.37	1867.27	1873.88	12235	0	102
2023.11.07	12:00:00	1873.90	1880.31	1857.73	1862.60	12748	0	123
2023.11.07	16:00:00	1862.57	1899.29	1851.40	1894.17	13701	0	105
2023.11.07	20:00:00	1894.23	1906.34	1872.02	1885.41	11817	0	102
2023.11.08	00:00:00	1885.32	1892.40	1879.80	1881.71	8656	0	102
2023.11.08	04:00:00	1881.70	1885.61	1873.45	1874.59	8053	0	104
2023.11.08	08:00:00	1874.64	1887.96	1873.61	1880.27	8731	0	111
2023.11.08	12:00:00	1880.27	1891.25	1878.73	1887.81	9503	0	112
2023.11.08	16:00:00	1887.81	1902.48	1885.55	1897.75	10647	0	106
2023.11.08	20:00:00	1897.77	1902.52	1881.86	1887.28	11726	0	108
2023.11.09	00:00:00	1887.26	1923.84	1881.17	1918.40	13357	0	109
2023.11.09	04:00:00	1918.40	1927.35	1909.13	1910.75	11882	0	122
2023.11.09	08:00:00	1910.78	1918.40	1904.23	1912.55	11346	0	124
2023.11.09	12:00:00	1912.55	2046.68	1908.08	2032.70	18384	0	142
2023.11.09	16:00:00	2032.81	2045.41	1971.97	2015.61	17713	0	141
2023.11.09	20:00:00	2015.62	2127.49	2009.19	2116.45	16075	0	134
2023.11.10	00:00:00	2117.16	2124.01	2091.91	2117.22	13347	0	139
2023.11.10	04:00:00	2117.24	2131.27	2096.76	2097.18	12795	0	143
2023.11.10	08:00:00	2096.97	2100.31	2081.15	2092.39	11702	0	131
2023.11.10	12:00:00	2092.39	2092.75	2064.26	2087.77	14381	0	135
2023.11.10	16:00:00	2087.77	2100.77	2084.16	2086.30	12421	0	129
2023.11.10	20:00:00	2086.32	2095.41	2069.84	2075.42	11076	0	119
2023.11.11	00:00:00	2075.43	2082.27	2029.56	2045.41	14173	0	129
2023.11.11	04:00:00	2045.46	2058.65	2033.89	2053.82	11652	0	135
2023.11.11	08:00:00	2053.85	2064.15	2045.24	2056.78	11285	0	131
2023.11.11	12:00:00	2056.80	2086.82	2052.87	2066.64	12720	0	136
2023.11.11	16:00:00	2066.67	2087.12	2065.91	2074.52	11474	0	156
2023.11.11	20:00:00	2074.53	2074.65	2031.28	2051.59	12973	0	140
2023.11.12	00:00:00	2051.66	2053.32	2011.47	2049.54	13182	0	152
2023.11.12	04:00:00	2049.52	2057.28	2042.23	2055.37	9554	0	136
2023.11.12	08:00:00	2055.37	2055.65	2044.65	2045.86	8987	0	131
2023.11.12	12:00:00	2045.87	2062.62	2034.57	2054.98	10543	0	136
2023.11.12	16:00:00	2054.98	2057.06	2042.98	2046.61	9461	0	138
2023.11.12	20:00:00	2046.60	2062.29	2028.43	2042.75	10692	0	148
2023.11.13	00:00:00	2042.83	2071.23	2034.76	2039.70	13404	0	149
2023.11.13	04:00:00	2039.65	2054.60	2028.15	2046.91	12307	0	158
2023.11.13	08:00:00	2046.76	2059.02	2037.72	2045.84	11193	0	143
2023.11.13	12:00:00	2045.86	2105.63	2038.99	2104.35	15322	0	134
2023.11.13	16:00:00	2104.15	2115.72	2064.76	2098.74	14166	0	122
2023.11.13	20:00:00	2098.73	2101.21	2043.93	2052.38	14683	0	122
2023.11.14	00:00:00	2052.71	2056.84	2030.97	2054.17	13170	0	146
2023.11.14	04:00:00	2054.15	2062.85	2046.59	2059.25	10214	0	124
2023.11.14	08:00:00	2059.08	2062.66	2025.13	2030.54	11793	0	113
2023.11.14	12:00:00	2030.61	2052.63	2018.49	2037.10	14951	0	109
2023.11.14	16:00:00	2037.14	2052.60	1932.68	1978.79	17054	0	94
2023.11.14	20:00:00	1978.67	1994.16	1968.67	1978.26	13411	0	111
2023.11.15	00:00:00	1978.41	1990.34	1966.53	1967.87	12795	0	114
2023.11.15	04:00:00	1967.90	1986.54	1967.53	1981.91	11739	0	126
2023.11.15	08:00:00	1981.84	2012.70	1979.90	2011.94	12928	0	127
2023.11.15	12:00:00	2011.98	2021.61	2004.09	2019.76	13704	0	116
2023.11.15	16:00:00	2019.56	2051.31	2000.27	2049.98	16938	0	114
2023.11.15	20:00:00	2049.76	2060.56	2034.39	2056.08	14167	0	115
2023.11.16	00:00:00	2055.80	2078.64	2049.84	2052.05	12606	0	111
2023.11.16	04:00:00	2052.05	2062.93	2047.33	2052.22	10222	0	114
2023.11.16	08:00:00	2052.24	2088.81	2035.69	2067.34	13835	0	112
2023.11.16	12:00:00	2067.23	2067.76	1980.85	1995.15	17612	0	113
2023.11.16	16:00:00	1995.12	2012.91	1939.09	1964.28	16637	0	112
2023.11.16	20:00:00	1964.36	1969.79	1946.21	1961.13	13992	0	121
2023.11.17	00:00:00	1961.02	1989.48	1958.96	1983.56	12345	0	130
2023.11.17	04:00:00	1983.57	1986.13	1966.39	1968.47	12058	0	119
2023.11.17	08:00:00	1968.50	1980.27	1954.35	1965.10	13570	0	117
2023.11.17	12:00:00	1965.10	1969.73	1910.27	1917.21	17512	0	129
2023.11.17	16:00:00	1917.30	1948.97	1903.96	1938.39	17104	0	155
2023.11.17	20:00:00	1938.48	1966.76	1936.73	1961.25	14801	0	165
2023.11.18	00:00:00	1961.07	1961.53	1940.07	1941.22	13135	0	150
2023.11.18	04:00:00	1941.24	1945.75	1917.81	1936.29	13754	0	156
2023.11.18	08:00:00	1936.41	1945.46	1930.89	1935.65	12890	0	168
2023.11.18	12:00:00	1935.64	1954.42	1930.82	1952.57	13989	0	152
2023.11.18	16:00:00	1952.46	1971.68	1951.94	1963.76	13842	0	160
2023.11.18	20:00:00	1963.79	1966.88	1951.21	1962.08	12379	0	155
2023.11.19	00:00:00	1962.23	1962.64	1942.77	1955.50	13361	0	153
2023.11.19	04:00:00	1955.49	1966.18	1952.37	1962.08	11941	0	154
2023.11.19	08:00:00	1961.99	1966.74	1946.44	1952.32	12432	0	135
2023.11.19	12:00:00	1952.35	1968.59	1945.66	1966.98	12768	0	154
2023.11.19	16:00:00	1966.98	1986.03	1966.38	1984.08	13717	0	151
2023.11.19	20:00:00	1984.10	2016.17	1976.25	2012.19	14592	0	153
2023.11.20	00:00:00	2012.20	2013.39	1995.39	1999.71	13907	0	163
2023.11.20	04:00:00	1999.75	2024.16	1993.95	2019.25	13499	0	158
2023.11.20	08:00:00	2019.44	2043.64	2009.33	2025.60	15046	0	164
2023.11.20	12:00:00	2025.54	2049.03	1992.31	2043.48	16487	0	166
2023.11.20	16:00:00	2043.23	2067.29	2011.18	2036.47	18066	0	173
2023.11.20	20:00:00	2036.49	2039.51	2015.51	2021.35	14395	0	167
2023.11.21	00:00:00	2021.46	2034.90	2007.56	2018.63	14040	0	177
2023.11.21	04:00:00	2018.62	2018.99	2002.40	2003.35	12934	0	169
2023.11.21	08:00:00	2003.38	2016.67	2000.96	2003.74	13213	0	176
2023.11.21	12:00:00	2003.71	2014.91	1952.02	1988.53	18173	0	167
2023.11.21	16:00:00	1988.37	2017.52	1960.16	1984.88	19361	0	162
2023.11.21	20:00:00	1985.00	2004.93	1930.57	1933.47	17472	0	159
2023.11.22	00:00:00	1933.32	1978.82	1929.11	1977.45	13710	0	147
2023.11.22	04:00:00	1977.46	2001.73	1976.46	1994.31	13432	0	148
2023.11.22	08:00:00	1994.32	2029.05	1991.85	2014.99	14213	0	144
2023.11.22	12:00:00	2014.98	2038.52	2010.98	2033.19	15836	0	148
2023.11.22	16:00:00	2032.96	2082.78	2026.81	2077.56	17087	0	143
2023.11.22	20:00:00	2077.33	2092.16	2057.32	2063.50	15584	0	149
2023.11.23	00:00:00	2063.72	2071.64	2053.00	2059.98	13920	0	152
2023.11.23	04:00:00	2059.97	2069.59	2057.24	2065.91	12446	0	154
2023.11.23	08:00:00	2065.96	2088.94	2040.61	2062.24	14697	0	161
2023.11.23	12:00:00	2062.20	2070.61	2039.45	2041.09	14893	0	156
2023.11.23	16:00:00	2041.05	2066.57	2039.44	2062.30	13692	0	152
2023.11.23	20:00:00	2062.31	2077.04	2059.69	2062.60	12676	0	152
2023.11.24	00:00:00	2062.47	2076.29	2058.73	2063.73	12184	0	160
2023.11.24	04:00:00	2063.72	2081.41	2062.19	2080.33	12045	0	157
2023.11.24	08:00:00	2080.33	2125.34	2075.27	2097.40	15635	0	160
2023.11.24	12:00:00	2097.54	2132.58	2097.02	2116.14	15082	0	173
2023.11.24	16:00:00	2115.99	2125.62	2079.83	2088.70	14987	0	152
2023.11.24	20:00:00	2088.70	2098.45	2065.08	2082.37	13778	0	157
2023.11.25	00:00:00	2082.41	2091.33	2073.81	2087.93	12579	0	161
2023.11.25	04:00:00	2087.92	2091.58	2081.53	2089.80	11565	0	152
2023.11.25	08:00:00	2089.69	2091.88	2066.12	2070.96	11963	0	164
2023.11.25	12:00:00	2070.96	2080.66	2067.89	2078.55	12412	0	184
2023.11.25	16:00:00	2078.56	2085.32	2074.27	2083.51	11992	0	184
2023.11.25	20:00:00	2083.49	2087.66	2081.16	2083.67	11592	0	170
2023.11.26	00:00:00	2083.68	2084.48	2067.43	2075.99	11733	0	179
2023.11.26	04:00:00	2076.02	2092.44	2070.16	2089.31	11808	0	171
2023.11.26	08:00:00	2089.33	2094.70	2081.42	2084.65	11843	0	163
2023.11.26	12:00:00	2084.73	2089.90	2061.60	2064.26	14447	0	183
2023.11.26	16:00:00	2064.01	2068.69	2036.11	2057.02	13916	0	182
2023.11.26	20:00:00	2056.97	2082.00	2055.18	2062.23	13933	0	198
2023.11.27	00:00:00	2062.09	2071.62	2039.03	2048.60	13444	0	181
2023.11.27	04:00:00	2048.60	2054.50	2030.77	2045.43	13488	0	198
2023.11.27	08:00:00	2045.41	2052.61	2015.04	2024.98	14449	0	172
2023.11.27	12:00:00	2025.01	2029.73	1999.95	2002.40	15058	0	165
2023.11.27	16:00:00	2002.42	2023.99	1984.59	1993.65	14841	0	156
2023.11.27	20:00:00	1993.81	2029.61	1986.21	2027.51	13694	0	154
2023.11.28	00:00:00	2027.30	2039.29	2019.38	2026.47	12779	0	146
2023.11.28	04:00:00	2026.53	2029.53	1994.35	2014.19	13705	0	150
2023.11.28	08:00:00	2014.17	2028.64	2003.62	2027.70	13463	0	158
2023.11.28	12:00:00	2027.76	2040.68	2018.37	2036.22	14251	0	164
2023.11.28	16:00:00	2036.16	2074.76	2034.77	2059.77	15866	0	155
2023.11.28	20:00:00	2059.67	2065.88	2043.29	2047.20	13744	0	162
2023.11.29	00:00:00	2047.35	2057.42	2038.27	2052.75	13149	0	163
2023.11.29	04:00:00	2052.76	2062.71	2046.24	2056.90	12280	0	173
2023.11.29	08:00:00	2056.75	2074.51	2044.35	2052.45	13694	0	170
2023.11.29	12:00:00	2052.50	2061.32	2019.90	2031.24	14620	0	172
2023.11.29	16:00:00	2031.31	2041.41	2017.84	2038.13	13882	0	157
2023.11.29	20:00:00	2038.07	2039.98	2019.16	2028.11	12821	0	154
2023.11.30	00:00:00	2028.16	2040.21	2021.22	2040.05	13135	0	160
2023.11.30	04:00:00	2040.05	2043.18	2030.18	2035.16	12868	0	160
2023.11.30	08:00:00	2035.18	2045.69	2020.43	2044.07	13093	0	163
2023.11.30	12:00:00	2044.14	2051.45	2023.54	2032.27	14479	0	162
2023.11.30	16:00:00	2032.22	2043.53	2027.32	2041.05	12875	0	165
2023.11.30	20:00:00	2041.02	2053.85	2039.08	2051.49	12497	0	160
2023.12.01	00:00:00	2051.68	2093.78	2044.43	2091.73	14685	0	165
2023.12.01	04:00:00	2091.92	2105.36	2086.95	2092.18	14169	0	154
2023.12.01	08:00:00	2091.92	2109.15	2085.50	2092.75	13968	0	165
2023.12.01	12:00:00	2092.76	2094.87	2069.59	2078.90	14197	0	156
2023.12.01	16:00:00	2078.89	2108.69	2077.20	2089.80	15422	0	189
2023.12.01	20:00:00	2089.86	2095.27	2081.59	2087.76	12591	0	183
2023.12.02	00:00:00	2087.64	2096.17	2085.78	2092.27	11699	0	191
2023.12.02	04:00:00	2092.34	2105.92	2089.65	2094.87	11747	0	187
2023.12.02	08:00:00	2095.06	2106.20	2095.06	2098.26	11168	0	189
2023.12.02	12:00:00	2098.26	2108.27	2093.05	2103.81	12684	0	161
2023.12.02	16:00:00	2103.79	2184.76	2096.63	2158.87	15283	0	179
2023.12.02	20:00:00	2158.83	2175.37	2152.75	2164.82	13720	0	185
2023.12.03	00:00:00	2164.58	2176.79	2155.00	2161.80	12755	0	197
2023.12.03	04:00:00	2161.83	2164.41	2152.11	2163.36	11687	0	163
2023.12.03	08:00:00	2163.46	2166.97	2156.02	2158.57	11499	0	209
2023.12.03	12:00:00	2158.57	2164.88	2148.72	2160.35	13238	0	204
2023.12.03	16:00:00	2160.52	2167.79	2150.84	2167.56	12549	0	276
2023.12.03	20:00:00	2167.58	2215.29	2164.17	2192.93	14180	0	253
2023.12.04	00:00:00	2192.61	2227.25	2191.00	2210.63	13664	0	239
2023.12.04	04:00:00	2210.63	2262.47	2210.38	2244.94	14811	0	249
2023.12.04	08:00:00	2244.90	2271.12	2215.46	2235.74	15259	0	248
2023.12.04	12:00:00	2235.88	2255.24	2201.38	2210.38	15401	0	211
2023.12.04	16:00:00	2210.48	2233.99	2208.67	2233.41	14213	0	221
2023.12.04	20:00:00	2233.35	2251.57	2219.78	2240.51	13869	0	228
2023.12.05	00:00:00	2240.76	2250.87	2220.69	2228.30	13338	0	221
2023.12.05	04:00:00	2228.36	2235.63	2187.72	2198.92	13307	0	237
2023.12.05	08:00:00	2199.24	2209.23	2189.31	2204.08	13811	0	225
2023.12.05	12:00:00	2204.09	2232.15	2198.74	2226.95	14914	0	231
2023.12.05	16:00:00	2226.92	2306.02	2219.43	2269.41	18496	0	221
2023.12.05	20:00:00	2269.60	2295.71	2249.73	2291.75	15067	0	219
2023.12.06	00:00:00	2291.94	2308.38	2273.05	2280.76	14899	0	221
2023.12.06	04:00:00	2280.79	2283.51	2257.66	2264.50	13837	0	210
2023.12.06	08:00:00	2264.45	2284.87	2232.78	2251.38	15275	0	214
2023.12.06	12:00:00	2251.41	2267.21	2246.24	2251.63	15152	0	261
2023.12.06	16:00:00	2251.35	2281.61	2249.03	2261.23	14539	0	258
2023.12.06	20:00:00	2261.22	2263.66	2220.22	2232.32	13975	0	172
2023.12.07	00:00:00	2232.48	2249.33	2230.37	2248.37	12495	0	190
2023.12.07	04:00:00	2248.41	2268.48	2246.62	2260.78	12982	0	194
2023.12.07	08:00:00	2260.78	2268.22	2222.37	2235.54	14896	0	174
2023.12.07	12:00:00	2235.56	2327.10	2232.02	2319.75	15643	0	169
2023.12.07	16:00:00	2319.82	2354.36	2315.80	2334.01	16952	0	214
2023.12.07	20:00:00	2334.01	2381.86	2333.06	2354.20	15410	0	216
2023.12.08	00:00:00	2354.36	2385.67	2350.60	2374.78	14369	0	230
2023.12.08	04:00:00	2374.79	2389.70	2350.99	2351.35	14163	0	208
2023.12.08	08:00:00	2351.38	2370.83	2343.10	2363.78	14084	0	205
2023.12.08	12:00:00	2363.69	2374.56	2335.77	2342.64	15413	0	205
2023.12.08	16:00:00	2342.76	2360.02	2338.00	2350.54	13968	0	196
2023.12.08	20:00:00	2350.70	2375.66	2349.68	2356.60	13587	0	186
2023.12.09	00:00:00	2356.62	2365.38	2347.17	2358.76	12598	0	177
2023.12.09	04:00:00	2358.78	2384.71	2357.72	2380.39	12845	0	227
2023.12.09	08:00:00	2380.55	2401.40	2347.56	2354.71	14414	0	217
2023.12.09	12:00:00	2354.67	2368.04	2336.33	2361.18	13793	0	236
2023.12.09	16:00:00	2361.10	2364.09	2340.77	2355.81	13332	0	204
2023.12.09	20:00:00	2355.80	2360.66	2327.53	2338.41	12931	0	204
2023.12.10	00:00:00	2338.33	2353.48	2337.29	2349.04	12413	0	222
2023.12.10	04:00:00	2349.03	2356.67	2342.88	2352.13	11684	0	231
2023.12.10	08:00:00	2352.04	2354.05	2320.68	2335.96	13138	0	190
2023.12.10	12:00:00	2336.06	2353.77	2335.41	2350.35	12681	0	188
2023.12.10	16:00:00	2350.34	2359.74	2338.26	2354.27	12294	0	162
2023.12.10	20:00:00	2354.25	2376.56	2341.15	2349.95	12990	0	168
2023.12.11	00:00:00	2349.97	2352.90	2134.79	2250.77	23051	0	174
2023.12.11	04:00:00	2250.70	2253.55	2225.68	2235.95	16067	0	187
2023.12.11	08:00:00	2235.95	2251.82	2229.62	2249.05	14001	0	173
2023.12.11	12:00:00	2249.05	2251.50	2199.46	2217.73	15611	0	170
2023.12.11	16:00:00	2217.70	2220.44	2154.73	2184.94	20947	0	165
2023.12.11	20:00:00	2184.89	2226.19	2177.76	2223.34	15076	0	165
2023.12.12	00:00:00	2223.36	2243.23	2219.34	2230.34	14547	0	164
2023.12.12	04:00:00	2230.31	2238.05	2211.34	2231.39	13870	0	157
2023.12.12	08:00:00	2231.42	2237.30	2205.85	2207.56	13706	0	161
2023.12.12	12:00:00	2207.54	2232.96	2183.45	2192.55	16701	0	182
2023.12.12	16:00:00	2192.49	2196.73	2165.44	2177.73	16338	0	167
2023.12.12	20:00:00	2177.80	2205.25	2165.65	2201.69	14704	0	163
2023.12.13	00:00:00	2201.79	2205.89	2149.48	2165.48	15711	0	173
2023.12.13	04:00:00	2165.49	2178.05	2144.27	2171.24	14781	0	158
2023.12.13	08:00:00	2171.31	2184.46	2166.27	2170.25	13565	0	154
2023.12.13	12:00:00	2170.27	2223.61	2168.09	2214.81	15689	0	155
2023.12.13	16:00:00	2214.53	2254.21	2200.29	2252.96	16404	0	173
2023.12.13	20:00:00	2252.92	2282.47	2244.47	2260.03	15505	0	183
2023.12.14	00:00:00	2260.19	2262.57	2245.67	2251.68	13843	0	175
2023.12.14	04:00:00	2251.69	2282.69	2246.72	2281.91	13881	0	194
2023.12.14	08:00:00	2281.64	2306.30	2269.83	2305.72	14444	0	191
2023.12.14	12:00:00	2305.72	2315.00	2228.94	2275.32	17842	0	182
2023.12.14	16:00:00	2275.31	2313.16	2274.41	2292.45	14885	0	195
2023.12.14	20:00:00	2292.50	2331.34	2283.04	2314.80	13295	0	219
2023.12.15	00:00:00	2314.70	2317.25	2275.19	2280.65	13718	0	193
2023.12.15	04:00:00	2280.67	2283.89	2256.09	2272.29	14113	0	190
2023.12.15	08:00:00	2272.35	2286.32	2265.38	2272.86	13743	0	205
2023.12.15	12:00:00	2272.88	2273.25	2223.49	2229.89	15772	0	178
2023.12.15	16:00:00	2230.10	2248.12	2227.53	2241.95	14156	0	196
2023.12.15	20:00:00	2241.97	2252.43	2201.36	2220.32	13825	0	188
2023.12.16	00:00:00	2220.47	2258.56	2210.99	2254.47	13982	0	170
2023.12.16	04:00:00	2254.44	2255.30	2237.16	2241.00	11983	0	179
2023.12.16	08:00:00	2241.02	2252.63	2239.10	2252.39	12217	0	180
2023.12.16	12:00:00	2252.42	2257.94	2239.13	2254.86	12734	0	182
2023.12.16	16:00:00	2255.03	2261.90	2229.69	2234.15	13362	0	190
2023.12.16	20:00:00	2234.19	2241.03	2219.30	2228.53	13134	0	179
2023.12.17	00:00:00	2228.65	2232.92	2210.24	2215.58	13576	0	188
2023.12.17	04:00:00	2215.59	2223.16	2200.07	2207.58	13399	0	182
2023.12.17	08:00:00	2207.55	2219.11	2203.32	2213.87	13193	0	198
2023.12.17	12:00:00	2213.78	2223.62	2199.31	2219.80	13779	0	187
2023.12.17	16:00:00	2219.95	2239.22	2208.30	2232.20	14304	0	181
2023.12.17	20:00:00	2232.18	2246.17	2187.70	2195.91	13860	0	179
2023.12.18	00:00:00	2195.93	2204.02	2161.44	2174.28	15612	0	179
2023.12.18	04:00:00	2174.29	2182.94	2164.49	2167.30	13222	0	193
2023.12.18	08:00:00	2167.36	2176.60	2117.34	2141.63	15705	0	195
2023.12.18	12:00:00	2141.57	2172.70	2127.01	2154.35	14969	0	177
2023.12.18	16:00:00	2154.44	2175.02	2148.47	2173.83	13998	0	160
2023.12.18	20:00:00	2173.87	2222.41	2166.33	2218.33	14642	0	169
2023.12.19	00:00:00	2218.37	2251.26	2209.90	2235.59	14800	0	175
2023.12.19	04:00:00	2235.66	2251.63	2230.19	2246.91	13058	0	170
2023.12.19	08:00:00	2246.66	2253.88	2232.95	2234.57	13261	0	196
2023.12.19	12:00:00	2234.59	2240.02	2179.26	2190.94	14369	0	190
2023.12.19	16:00:00	2190.94	2203.73	2135.53	2176.32	14616	0	230
2023.12.19	20:00:00	2176.28	2185.86	2164.27	2177.88	13109	0	199
2023.12.20	00:00:00	2178.05	2189.79	2169.79	2185.26	13069	0	222
2023.12.20	04:00:00	2185.42	2220.73	2182.45	2214.34	13334	0	227
2023.12.20	08:00:00	2214.36	2222.14	2202.27	2209.89	13021	0	249
2023.12.20	12:00:00	2209.74	2264.84	2200.67	2247.09	15049	0	239
2023.12.20	16:00:00	2247.23	2249.78	2193.40	2204.64	14772	0	230
2023.12.20	20:00:00	2204.58	2206.98	2157.85	2202.62	14984	0	202
2023.12.21	00:00:00	2202.52	2202.57	2183.98	2199.01	11744	0	203
2023.12.21	04:00:00	2199.09	2218.86	2192.09	2214.49	13124	0	280
2023.12.21	08:00:00	2214.51	2256.05	2204.11	2252.34	13936	0	214
2023.12.21	12:00:00	2252.09	2279.16	2201.61	2231.50	16301	0	213
2023.12.21	16:00:00	2231.54	2244.00	2217.34	2225.02	15058	0	206
2023.12.21	20:00:00	2225.01	2261.58	2217.31	2238.86	14013	0	195
2023.12.22	00:00:00	2238.86	2261.04	2229.35	2248.61	13941	0	208
2023.12.22	04:00:00	2248.61	2296.19	2244.01	2273.33	15927	0	208
2023.12.22	08:00:00	2273.03	2330.40	2268.55	2311.88	16611	0	196
2023.12.22	12:00:00	2311.86	2342.58	2289.91	2319.40	15937	0	182
2023.12.22	16:00:00	2319.12	2341.43	2305.90	2310.84	15209	0	193
2023.12.22	20:00:00	2310.64	2329.21	2304.35	2325.70	13628	0	200
2023.12.23	00:00:00	2325.40	2332.57	2267.73	2273.76	14605	0	191
2023.12.23	04:00:00	2273.64	2295.28	2266.50	2285.18	13701	0	209
2023.12.23	08:00:00	2285.21	2293.86	2280.83	2287.07	12811	0	204
2023.12.23	12:00:00	2287.05	2298.44	2284.72	2285.05	12983	0	205
2023.12.23	16:00:00	2285.06	2311.04	2282.62	2291.71	13127	0	226
2023.12.23	20:00:00	2291.73	2315.08	2284.99	2307.45	12962	0	239
2023.12.24	00:00:00	2307.07	2324.10	2294.20	2315.11	12480	0	212
2023.12.24	04:00:00	2315.17	2321.27	2275.80	2295.21	13222	0	201
2023.12.24	08:00:00	2295.12	2298.38	2275.01	2289.74	13026	0	217
2023.12.24	12:00:00	2289.88	2306.83	2285.78	2294.02	13220	0	207
2023.12.24	16:00:00	2294.08	2298.13	2283.15	2288.59	13276	0	206
2023.12.24	20:00:00	2288.78	2289.60	2244.92	2264.68	14478	0	196
2023.12.25	00:00:00	2264.78	2277.59	2253.13	2276.37	13594	0	193
2023.12.25	04:00:00	2276.34	2290.21	2275.61	2281.38	12703	0	174
2023.12.25	08:00:00	2281.18	2286.94	2264.94	2279.45	12772	0	177
2023.12.25	12:00:00	2279.44	2303.93	2273.90	2285.84	13712	0	190
2023.12.25	16:00:00	2285.84	2288.01	2268.81	2272.90	13025	0	203
2023.12.25	20:00:00	2272.91	2285.60	2257.02	2271.30	12828	0	195
2023.12.26	00:00:00	2271.28	2274.78	2263.55	2268.51	12508	0	201
2023.12.26	04:00:00	2268.53	2271.34	2220.40	2241.14	14245	0	192
2023.12.26	08:00:00	2241.18	2243.81	2218.02	2242.94	13495	0	221
2023.12.26	12:00:00	2242.94	2250.90	2224.38	2229.13	13326	0	218
2023.12.26	16:00:00	2229.27	2233.09	2178.73	2212.21	16011	0	212
2023.12.26	20:00:00	2212.26	2232.64	2209.74	2231.00	12681	0	199
2023.12.27	00:00:00	2230.97	2232.69	2212.23	2217.64	13166	0	194
2023.12.27	04:00:00	2217.65	2231.49	2216.95	2227.96	12728	0	190
2023.12.27	08:00:00	2227.92	2290.85	2226.66	2285.00	14250	0	189
2023.12.27	12:00:00	2284.97	2355.05	2274.83	2342.90	16553	0	189
2023.12.27	16:00:00	2343.00	2376.36	2334.11	2347.58	15042	0	166
2023.12.27	20:00:00	2347.59	2394.26	2345.72	2380.89	14126	0	177
2023.12.28	00:00:00	2380.76	2447.49	2378.39	2415.92	15529	0	167
2023.12.28	04:00:00	2415.78	2426.56	2366.25	2380.70	14406	0	169
2023.12.28	08:00:00	2380.77	2411.25	2372.49	2402.65	13527	0	198
2023.12.28	12:00:00	2402.73	2412.02	2348.94	2357.14	17154	0	176
2023.12.28	16:00:00	2357.17	2382.98	2347.78	2362.28	15015	0	212
2023.12.28	20:00:00	2362.41	2364.15	2334.34	2343.34	14489	0	199
2023.12.29	00:00:00	2343.33	2363.36	2312.30	2352.85	15748	0	215
2023.12.29	04:00:00	2352.58	2359.45	2330.17	2332.36	12929	0	212
2023.12.29	08:00:00	2332.58	2381.18	2331.46	2373.61	13203	0	211
2023.12.29	12:00:00	2373.58	2385.62	2318.14	2327.01	14693	0	205
2023.12.29	16:00:00	2327.28	2331.79	2285.03	2316.16	16003	0	201
2023.12.29	20:00:00	2316.12	2316.61	2258.20	2299.26	14631	0	184
2023.12.30	00:00:00	2299.32	2309.18	2287.50	2297.88	12529	0	175
2023.12.30	04:00:00	2297.91	2308.39	2293.57	2295.88	11800	0	178
2023.12.30	08:00:00	2295.94	2296.74	2268.14	2288.58	13584	0	180
2023.12.30	12:00:00	2288.59	2316.49	2282.56	2312.01	13142	0	187
2023.12.30	16:00:00	2312.11	2321.65	2295.83	2299.78	13175	0	219
2023.12.30	20:00:00	2299.79	2305.48	2276.52	2291.51	12587	0	175
2023.12.31	00:00:00	2291.15	2305.84	2277.34	2283.09	12876	0	181
2023.12.31	04:00:00	2283.20	2304.08	2279.63	2294.54	12303	0	194
2023.12.31	08:00:00	2294.58	2315.53	2288.58	2307.55	13223	0	210
2023.12.31	12:00:00	2307.59	2320.29	2289.94	2297.33	13402	0	205
2023.12.31	16:00:00	2297.36	2307.19	2289.11	2292.98	12710	0	175
2023.12.31	20:00:00	2292.99	2292.99	2258.64	2281.80	13795	0	181
2024.01.01	00:00:00	2281.64	2304.67	2270.72	2273.87	12899	0	174
2024.01.01	04:00:00	2273.85	2287.41	2265.33	2283.32	12983	0	210
2024.01.01	08:00:00	2283.34	2304.74	2279.50	2302.95	12201	0	177
2024.01.01	12:00:00	2302.93	2316.96	2294.10	2314.84	12618	0	157
2024.01.01	16:00:00	2314.93	2340.50	2305.38	2336.53	13832	0	180
2024.01.01	20:00:00	2336.63	2350.58	2322.96	2350.51	13622	0	193
2024.01.02	00:00:00	2350.31	2396.05	2345.20	2384.74	15656	0	198
2024.01.02	04:00:00	2384.83	2390.89	2373.21	2385.26	13287	0	198
2024.01.02	08:00:00	2385.32	2430.26	2379.63	2390.91	15248	0	192
2024.01.02	12:00:00	2390.82	2404.32	2352.51	2357.37	15489	0	210
2024.01.02	16:00:00	2357.35	2372.57	2350.03	2369.01	15390	0	214
2024.01.02	20:00:00	2368.90	2380.43	2342.35	2355.33	15016	0	209
2024.01.03	00:00:00	2355.10	2383.83	2345.85	2368.92	13812	0	211
2024.01.03	04:00:00	2368.97	2380.10	2356.29	2361.14	13099	0	230
2024.01.03	08:00:00	2361.32	2383.89	2296.48	2308.07	15324	0	215
2024.01.03	12:00:00	2307.77	2308.55	2103.88	2240.33	35206	0	203
2024.01.03	16:00:00	2240.50	2245.43	2187.80	2205.80	17636	0	191
2024.01.03	20:00:00	2205.93	2228.65	2196.80	2209.73	14596	0	182
2024.01.04	00:00:00	2209.63	2239.68	2203.76	2232.45	14352	0	195
2024.01.04	04:00:00	2232.42	2245.99	2223.14	2223.50	14351	0	193
2024.01.04	08:00:00	2223.30	2232.94	2208.20	2230.86	14862	0	181
2024.01.04	12:00:00	2230.97	2286.44	2225.50	2278.73	16491	0	205
2024.01.04	16:00:00	2278.84	2296.11	2260.68	2276.02	15158	0	205
2024.01.04	20:00:00	2276.10	2297.08	2264.00	2268.20	14585	0	205
2024.01.05	00:00:00	2268.48	2276.20	2216.28	2243.18	15731	0	200
2024.01.05	04:00:00	2243.31	2265.58	2236.00	2253.43	13872	0	186
2024.01.05	08:00:00	2253.49	2269.28	2234.72	2243.14	14614	0	179
2024.01.05	12:00:00	2243.21	2253.90	2219.52	2226.22	17268	0	185
2024.01.05	16:00:00	2226.20	2241.36	2207.57	2234.37	16672	0	183
2024.01.05	20:00:00	2234.45	2277.77	2234.43	2269.39	15558	0	173
2024.01.06	00:00:00	2269.12	2270.99	2250.36	2253.85	13187	0	176
2024.01.06	04:00:00	2253.87	2256.24	2218.11	2234.72	13888	0	178
2024.01.06	08:00:00	2234.68	2240.55	2229.89	2239.09	12654	0	184
2024.01.06	12:00:00	2239.10	2248.69	2228.93	2246.77	13020	0	181
2024.01.06	16:00:00	2246.79	2254.63	2238.83	2244.87	13008	0	179
2024.01.06	20:00:00	2244.89	2248.08	2231.88	2241.93	13055	0	187
2024.01.07	00:00:00	2241.44	2254.63	2235.95	2243.04	12933	0	182
2024.01.07	04:00:00	2243.06	2251.49	2241.21	2249.50	12318	0	182
2024.01.07	08:00:00	2249.52	2252.71	2231.86	2237.68	13382	0	183
2024.01.07	12:00:00	2237.68	2257.17	2223.80	2231.82	13737	0	204
2024.01.07	16:00:00	2231.74	2250.34	2222.86	2249.12	13276	0	201
2024.01.07	20:00:00	2249.13	2251.67	2205.81	2222.69	14180	0	191
2024.01.08	00:00:00	2222.76	2225.43	2168.33	2192.48	16542	0	191
2024.01.08	04:00:00	2192.47	2230.66	2189.79	2225.36	14387	0	185
2024.01.08	08:00:00	2225.11	2241.65	2205.87	2240.71	14024	0	173
2024.01.08	12:00:00	2240.88	2282.80	2240.27	2271.00	16307	0	188
2024.01.08	16:00:00	2271.24	2359.03	2261.76	2355.47	17082	0	192
2024.01.08	20:00:00	2355.60	2358.15	2327.17	2330.62	14320	0	201
2024.01.09	00:00:00	2330.83	2336.61	2291.04	2310.79	13650	0	200
2024.01.09	04:00:00	2310.81	2318.56	2297.53	2306.21	12877	0	201
2024.01.09	08:00:00	2306.17	2311.53	2286.53	2299.71	13973	0	192
2024.01.09	12:00:00	2299.65	2305.18	2230.01	2258.13	17849	0	192
2024.01.09	16:00:00	2258.05	2278.70	2244.29	2271.37	14877	0	186
2024.01.09	20:00:00	2271.42	2370.05	2248.49	2342.82	21426	0	186
2024.01.10	00:00:00	2342.80	2398.49	2338.38	2361.19	15728	0	185
2024.01.10	04:00:00	2360.96	2392.07	2357.30	2368.07	14737	0	167
2024.01.10	08:00:00	2367.76	2428.71	2361.67	2401.08	16037	0	174
2024.01.10	12:00:00	2401.30	2454.08	2342.64	2448.70	21518	0	192
2024.01.10	16:00:00	2448.81	2481.40	2400.34	2478.91	19895	0	204
2024.01.10	20:00:00	2478.92	2636.91	2413.10	2582.90	25879	0	221
2024.01.11	00:00:00	2584.11	2613.30	2566.04	2612.61	16682	0	218
2024.01.11	04:00:00	2612.48	2627.98	2572.23	2589.17	15121	0	214
2024.01.11	08:00:00	2589.23	2661.74	2586.12	2655.31	15503	0	216
2024.01.11	12:00:00	2655.49	2685.00	2596.60	2610.48	20660	0	234
2024.01.11	16:00:00	2610.64	2622.75	2566.86	2619.91	18854	0	241
2024.01.11	20:00:00	2619.61	2629.55	2587.09	2616.36	15627	0	213
2024.01.12	00:00:00	2616.48	2622.51	2580.38	2588.79	15366	0	220
2024.01.12	04:00:00	2588.96	2622.41	2584.72	2594.55	15084	0	215
2024.01.12	08:00:00	2594.61	2663.28	2582.03	2643.34	16681	0	213
2024.01.12	12:00:00	2643.08	2713.71	2632.42	2643.90	21348	0	219
2024.01.12	16:00:00	2644.02	2684.23	2560.77	2580.55	21073	0	214
2024.01.12	20:00:00	2580.47	2595.16	2457.65	2522.23	19945	0	185
2024.01.13	00:00:00	2522.34	2554.70	2497.84	2547.06	15529	0	195
2024.01.13	04:00:00	2547.06	2560.10	2537.61	2550.13	13954	0	193
2024.01.13	08:00:00	2550.11	2559.39	2521.01	2541.57	15101	0	193
2024.01.13	12:00:00	2541.27	2564.80	2530.47	2561.85	15306	0	189
2024.01.13	16:00:00	2561.79	2578.03	2547.72	2571.53	16403	0	179
2024.01.13	20:00:00	2571.73	2588.88	2561.25	2576.38	14138	0	167
2024.01.14	00:00:00	2576.21	2577.86	2548.85	2550.17	14460	0	176
2024.01.14	04:00:00	2550.18	2555.08	2541.77	2549.41	13415	0	217
2024.01.14	08:00:00	2549.36	2553.26	2534.55	2536.35	13446	0	249
2024.01.14	12:00:00	2536.34	2545.77	2523.81	2536.37	14100	0	207
2024.01.14	16:00:00	2536.33	2544.00	2500.51	2502.10	15093	0	199
2024.01.14	20:00:00	2502.05	2530.35	2469.46	2472.72	17588	0	196
2024.01.15	00:00:00	2472.70	2515.02	2470.21	2503.73	15194	0	184
2024.01.15	04:00:00	2503.77	2521.43	2503.40	2512.87	13585	0	206
2024.01.15	08:00:00	2512.84	2541.64	2506.16	2538.46	14106	0	198
2024.01.15	12:00:00	2538.62	2548.44	2505.13	2514.24	15656	0	194
2024.01.15	16:00:00	2513.93	2551.81	2513.61	2534.00	14616	0	191
2024.01.15	20:00:00	2533.94	2539.04	2500.28	2511.82	14181	0	183
2024.01.16	00:00:00	2511.85	2536.33	2505.26	2536.14	13957	0	183
2024.01.16	04:00:00	2536.20	2539.92	2520.83	2526.76	13357	0	182
2024.01.16	08:00:00	2526.75	2546.02	2520.98	2529.19	14099	0	174
2024.01.16	12:00:00	2529.10	2568.90	2499.85	2558.35	16612	0	173
2024.01.16	16:00:00	2558.48	2578.25	2547.12	2573.62	15700	0	197
2024.01.16	20:00:00	2573.74	2613.83	2570.45	2586.54	15930	0	207
2024.01.17	00:00:00	2586.64	2592.61	2569.33	2570.73	14641	0	197
2024.01.17	04:00:00	2570.93	2574.63	2549.99	2550.74	14190	0	189
2024.01.17	08:00:00	2550.81	2553.01	2534.60	2540.07	14658	0	189
2024.01.17	12:00:00	2540.16	2572.95	2531.21	2537.21	17148	0	202
2024.01.17	16:00:00	2537.41	2542.70	2515.56	2531.14	15278	0	199
2024.01.17	20:00:00	2531.19	2542.42	2504.36	2527.81	14535	0	167
2024.01.18	00:00:00	2527.84	2531.09	2507.66	2526.98	14059	0	214
2024.01.18	04:00:00	2527.02	2536.81	2522.13	2536.40	13239	0	212
2024.01.18	08:00:00	2536.42	2546.93	2512.00	2520.04	14334	0	193
2024.01.18	12:00:00	2520.07	2533.11	2501.49	2523.43	15267	0	207
2024.01.18	16:00:00	2523.50	2524.58	2427.37	2436.86	18552	0	225
2024.01.18	20:00:00	2436.80	2471.23	2424.38	2469.19	15870	0	193
2024.01.19	00:00:00	2469.12	2472.64	2440.26	2458.20	14302	0	187
2024.01.19	04:00:00	2458.05	2473.13	2453.52	2463.39	13370	0	186
2024.01.19	08:00:00	2463.38	2492.70	2457.79	2487.65	13743	0	183
2024.01.19	12:00:00	2487.67	2498.29	2457.49	2460.89	15547	0	186
2024.01.19	16:00:00	2461.02	2501.13	2413.25	2491.54	18177	0	189
2024.01.19	20:00:00	2491.47	2503.55	2478.43	2491.92	14146	0	186
2024.01.20	00:00:00	2491.74	2491.77	2473.70	2481.23	13352	0	178
2024.01.20	04:00:00	2481.24	2486.73	2474.44	2478.33	12511	0	177
2024.01.20	08:00:00	2478.49	2481.12	2460.88	2469.65	12598	0	194
2024.01.20	12:00:00	2469.66	2474.91	2456.67	2463.84	12672	0	199
2024.01.20	16:00:00	2463.87	2467.33	2453.11	2460.49	12971	0	195
2024.01.20	20:00:00	2460.43	2473.83	2458.23	2471.43	12562	0	203
2024.01.21	00:00:00	2471.17	2480.53	2463.92	2474.44	12013	0	185
2024.01.21	04:00:00	2474.47	2475.44	2465.65	2475.10	10883	0	182
2024.01.21	08:00:00	2475.14	2482.36	2471.24	2473.25	11599	0	173
2024.01.21	12:00:00	2473.25	2480.58	2463.02	2467.41	11806	0	172
2024.01.21	16:00:00	2467.42	2478.36	2463.52	2473.97	11612	0	169
2024.01.21	20:00:00	2473.97	2475.83	2452.18	2457.23	11770	0	169
2024.01.22	00:00:00	2456.83	2464.66	2423.86	2437.03	14646	0	191
2024.01.22	04:00:00	2437.09	2438.14	2402.27	2420.23	14712	0	216
2024.01.22	08:00:00	2420.24	2420.39	2361.16	2379.01	15819	0	205
2024.01.22	12:00:00	2379.07	2402.87	2352.16	2376.82	16429	0	211
2024.01.22	16:00:00	2376.98	2382.86	2305.24	2320.73	17887	0	198
2024.01.22	20:00:00	2320.59	2350.89	2301.92	2313.14	15525	0	193
2024.01.23	00:00:00	2312.91	2342.47	2311.23	2338.36	13786	0	172
2024.01.23	04:00:00	2338.19	2350.53	2315.57	2323.24	13140	0	179
2024.01.23	08:00:00	2323.25	2326.59	2201.06	2217.09	19547	0	193
2024.01.23	12:00:00	2217.32	2229.57	2165.54	2218.38	19444	0	188
2024.01.23	16:00:00	2218.33	2230.23	2179.20	2183.73	16822	0	200
2024.01.23	20:00:00	2183.75	2247.33	2182.40	2241.83	14863	0	177
2024.01.24	00:00:00	2241.50	2254.84	2210.81	2213.08	14953	0	176
2024.01.24	04:00:00	2213.09	2244.48	2212.38	2232.82	13875	0	180
2024.01.24	08:00:00	2232.76	2263.62	2227.51	2242.16	14478	0	195
2024.01.24	12:00:00	2242.06	2247.51	2216.61	2233.88	15261	0	187
2024.01.24	16:00:00	2233.78	2243.29	2202.03	2212.00	15031	0	186
2024.01.24	20:00:00	2211.98	2239.57	2195.72	2233.08	14735	0	175
2024.01.25	00:00:00	2234.12	2239.26	2205.08	2215.45	13940	0	181
2024.01.25	04:00:00	2215.53	2227.07	2203.09	2226.58	13208	0	165
2024.01.25	08:00:00	2226.53	2241.86	2215.58	2230.38	13798	0	190
2024.01.25	12:00:00	2230.29	2233.33	2180.82	2186.67	15874	0	187
2024.01.25	16:00:00	2186.73	2222.51	2168.75	2216.33	15798	0	192
2024.01.25	20:00:00	2216.40	2228.34	2210.84	2216.51	13442	0	170
2024.01.26	00:00:00	2217.87	2236.14	2210.49	2222.53	13285	0	186
2024.01.26	04:00:00	2222.48	2228.03	2195.85	2197.73	13068	0	184
2024.01.26	08:00:00	2197.87	2258.76	2196.26	2252.39	15132	0	180
2024.01.26	12:00:00	2252.52	2263.86	2232.82	2255.81	14991	0	176
2024.01.26	16:00:00	2255.74	2280.67	2250.20	2257.79	15311	0	178
2024.01.26	20:00:00	2257.81	2271.27	2251.57	2265.96	13247	0	182
2024.01.27	00:00:00	2266.16	2282.76	2264.03	2273.06	12968	0	185
2024.01.27	04:00:00	2273.08	2275.84	2251.79	2257.65	12458	0	180
2024.01.27	08:00:00	2257.73	2270.65	2249.89	2264.81	12690	0	177
2024.01.27	12:00:00	2264.78	2275.20	2261.23	2269.85	12188	0	167
2024.01.27	16:00:00	2269.77	2277.17	2260.72	2271.80	12512	0	152
2024.01.27	20:00:00	2271.89	2275.03	2260.29	2266.93	12224	0	168
2024.01.28	00:00:00	2267.26	2289.08	2261.62	2286.64	13223	0	185
2024.01.28	04:00:00	2286.56	2308.27	2281.64	2283.83	13451	0	206
2024.01.28	08:00:00	2283.92	2301.77	2276.56	2281.53	13081	0	198
2024.01.28	12:00:00	2281.52	2285.65	2260.77	2269.69	13890	0	220
2024.01.28	16:00:00	2269.67	2275.08	2244.67	2252.93	13619	0	216
2024.01.28	20:00:00	2252.96	2265.61	2238.74	2256.45	13534	0	213
2024.01.29	00:00:00	2256.34	2277.48	2250.05	2271.24	12958	0	219
2024.01.29	04:00:00	2271.25	2273.62	2257.28	2258.89	11866	0	214
2024.01.29	08:00:00	2259.02	2276.71	2253.13	2263.82	12941	0	209
2024.01.29	12:00:00	2263.82	2274.54	2232.52	2274.39	14598	0	217
2024.01.29	16:00:00	2274.45	2312.96	2264.38	2293.18	15610	0	210
2024.01.29	20:00:00	2293.10	2322.06	2292.12	2318.07	13711	0	196
2024.01.30	00:00:00	2317.83	2328.30	2304.28	2311.57	13352	0	189
2024.01.30	04:00:00	2311.55	2314.70	2300.64	2309.12	11894	0	193
2024.01.30	08:00:00	2309.14	2317.68	2302.18	2313.74	12511	0	201
2024.01.30	12:00:00	2313.83	2345.94	2296.77	2340.49	15788	0	205
2024.01.30	16:00:00	2340.66	2381.56	2335.72	2374.59	16016	0	225
2024.01.30	20:00:00	2374.62	2392.19	2336.55	2343.32	14235	0	211
2024.01.31	00:00:00	2343.11	2351.83	2326.24	2343.11	14708	0	212
2024.01.31	04:00:00	2343.17	2344.01	2329.33	2340.12	12585	0	209
2024.01.31	08:00:00	2340.25	2342.90	2279.35	2297.26	14650	0	222
2024.01.31	12:00:00	2297.36	2330.12	2289.67	2327.87	15421	0	230
2024.01.31	16:00:00	2327.60	2349.13	2308.71	2320.57	15812	0	221
2024.01.31	20:00:00	2307.76	2307.76	2261.91	2281.81	12739	0	211
2024.02.01	00:00:00	2281.53	2288.68	2238.54	2254.49	15117	0	212
2024.02.01	04:00:00	2254.52	2274.60	2249.54	2268.88	13199	0	205
2024.02.01	08:00:00	2268.71	2275.73	2261.94	2263.57	12795	0	202
2024.02.01	12:00:00	2263.59	2306.53	2259.89	2286.45	14618	0	207
2024.02.01	16:00:00	2286.48	2310.00	2267.10	2303.35	14721	0	201
2024.02.01	20:00:00	2303.09	2308.31	2284.43	2302.50	13393	0	195
2024.02.02	00:00:00	2302.27	2318.44	2295.99	2301.27	12612	0	182
2024.02.02	04:00:00	2301.26	2318.47	2295.48	2312.10	12080	0	183
2024.02.02	08:00:00	2312.00	2318.00	2303.61	2317.08	12266	0	187
2024.02.02	12:00:00	2317.11	2323.57	2279.32	2312.01	15013	0	194
2024.02.02	16:00:00	2311.80	2321.75	2284.34	2298.94	14015	0	207
2024.02.02	20:00:00	2298.82	2308.29	2293.00	2307.21	12181	0	195
2024.02.03	00:00:00	2307.29	2328.07	2304.96	2319.75	12664	0	190
2024.02.03	04:00:00	2319.71	2323.57	2311.37	2313.23	11479	0	187
2024.02.03	08:00:00	2313.10	2315.07	2297.24	2301.88	11643	0	194
2024.02.03	12:00:00	2301.92	2307.93	2290.54	2302.96	12320	0	208
2024.02.03	16:00:00	2302.96	2312.57	2295.61	2301.88	12760	0	223
2024.02.03	20:00:00	2301.91	2305.07	2292.02	2295.57	11921	0	222
2024.02.04	00:00:00	2295.69	2305.78	2288.92	2302.68	11815	0	204
2024.02.04	04:00:00	2302.69	2302.99	2284.83	2290.07	12074	0	201
2024.02.04	08:00:00	2290.03	2308.82	2285.02	2305.67	11671	0	177
2024.02.04	12:00:00	2305.69	2309.18	2296.66	2301.10	11876	0	180
2024.02.04	16:00:00	2301.11	2307.46	2266.98	2278.56	12812	0	202
2024.02.04	20:00:00	2278.51	2309.03	2272.40	2288.52	13663	0	197
2024.02.05	00:00:00	2288.02	2295.52	2267.82	2294.56	12576	0	217
2024.02.05	04:00:00	2294.60	2310.53	2287.15	2308.43	12359	0	200
2024.02.05	08:00:00	2308.30	2330.04	2308.25	2327.69	13027	0	190
2024.02.05	12:00:00	2327.57	2336.36	2291.86	2296.02	14301	0	186
2024.02.05	16:00:00	2296.03	2309.92	2288.33	2301.79	13576	0	193
2024.02.05	20:00:00	2301.82	2303.30	2281.37	2298.99	12872	0	180
2024.02.06	00:00:00	2299.26	2327.58	2295.60	2314.74	12736	0	186
2024.02.06	04:00:00	2314.65	2324.80	2305.88	2324.07	12116	0	186
2024.02.06	08:00:00	2323.98	2341.47	2315.57	2323.02	13804	0	177
2024.02.06	12:00:00	2323.15	2346.08	2307.52	2341.31	14728	0	183
2024.02.06	16:00:00	2341.34	2379.25	2338.56	2378.62	14656	0	181
2024.02.06	20:00:00	2378.52	2390.80	2370.14	2371.82	14145	0	164
2024.02.07	00:00:00	2371.96	2389.05	2360.56	2362.88	13337	0	147
2024.02.07	04:00:00	2362.92	2366.83	2354.84	2361.10	12194	0	138
2024.02.07	08:00:00	2360.86	2375.17	2351.16	2360.00	12963	0	152
2024.02.07	12:00:00	2360.00	2384.53	2358.80	2368.62	14647	0	169
2024.02.07	16:00:00	2368.69	2424.72	2366.68	2418.74	16522	0	180
2024.02.07	20:00:00	2418.37	2446.04	2418.17	2422.79	15164	0	179
2024.02.08	00:00:00	2424.48	2444.24	2422.66	2432.61	14771	0	186
2024.02.08	04:00:00	2432.61	2434.35	2410.18	2419.54	12671	0	171
2024.02.08	08:00:00	2419.48	2427.57	2413.04	2423.92	13092	0	182
2024.02.08	12:00:00	2423.94	2461.51	2412.00	2453.40	15911	0	195
2024.02.08	16:00:00	2453.05	2454.62	2412.12	2420.04	15046	0	223
2024.02.08	20:00:00	2420.05	2433.13	2417.05	2418.31	13707	0	206
2024.02.09	00:00:00	2418.93	2465.69	2417.65	2447.56	14167	0	215
2024.02.09	04:00:00	2447.76	2461.98	2437.83	2451.45	13615	0	225
2024.02.09	08:00:00	2451.49	2506.46	2450.99	2503.13	14287	0	228
2024.02.09	12:00:00	2503.05	2522.94	2475.73	2494.95	16211	0	231
2024.02.09	16:00:00	2495.05	2523.70	2478.60	2487.61	15449	0	216
2024.02.09	20:00:00	2487.67	2509.03	2485.83	2487.45	14103	0	207
2024.02.10	00:00:00	2488.32	2516.32	2483.91	2513.81	13199	0	187
2024.02.10	04:00:00	2513.85	2516.85	2497.09	2498.60	12302	0	190
2024.02.10	08:00:00	2498.49	2501.50	2473.93	2485.77	13070	0	191
2024.02.10	12:00:00	2485.77	2499.02	2482.67	2491.46	12999	0	212
2024.02.10	16:00:00	2491.49	2499.75	2485.34	2499.19	12660	0	206
2024.02.10	20:00:00	2499.27	2516.96	2494.14	2502.14	13669	0	210
2024.02.11	00:00:00	2502.13	2529.22	2495.40	2529.22	13438	0	203
2024.02.11	04:00:00	2529.41	2536.58	2515.53	2529.44	12964	0	178
2024.02.11	08:00:00	2529.50	2540.70	2513.70	2533.23	12677	0	158
2024.02.11	12:00:00	2533.05	2533.48	2506.10	2509.95	13279	0	181
2024.02.11	16:00:00	2509.85	2521.15	2498.30	2509.28	13419	0	191
2024.02.11	20:00:00	2509.22	2516.45	2495.15	2508.96	13157	0	208
2024.02.12	00:00:00	2509.44	2525.39	2494.73	2500.66	13602	0	222
2024.02.12	04:00:00	2500.80	2505.90	2482.12	2502.91	12884	0	227
2024.02.12	08:00:00	2502.99	2506.69	2473.01	2489.93	13734	0	224
2024.02.12	12:00:00	2489.54	2562.43	2481.73	2557.80	14912	0	233
2024.02.12	16:00:00	2557.70	2638.55	2537.58	2610.12	17503	0	245
2024.02.12	20:00:00	2610.14	2663.32	2610.14	2656.31	14636	0	208
2024.02.13	00:00:00	2659.27	2683.02	2635.26	2640.28	14382	0	205
2024.02.13	04:00:00	2640.28	2653.32	2637.26	2648.16	13002	0	233
2024.02.13	08:00:00	2648.10	2684.64	2645.97	2679.74	14560	0	247
2024.02.13	12:00:00	2679.66	2684.49	2590.23	2630.58	19158	0	227
2024.02.13	16:00:00	2630.77	2640.13	2590.41	2612.02	16204	0	226
2024.02.13	20:00:00	2612.12	2650.01	2610.89	2643.05	14102	0	226
2024.02.14	00:00:00	2641.71	2645.76	2618.76	2638.66	13728	0	217
2024.02.14	04:00:00	2638.67	2656.12	2622.28	2654.45	13481	0	209
2024.02.14	08:00:00	2654.45	2759.47	2648.83	2754.32	16424	0	217
2024.02.14	12:00:00	2754.40	2771.29	2729.60	2748.89	16492	0	224
2024.02.14	16:00:00	2749.17	2765.47	2724.56	2761.26	15673	0	239
2024.02.14	20:00:00	2761.15	2785.37	2753.56	2774.89	14429	0	240
2024.02.15	00:00:00	2775.11	2822.09	2768.98	2799.40	15023	0	229
2024.02.15	04:00:00	2799.27	2799.81	2758.39	2771.99	14942	0	250
2024.02.15	08:00:00	2771.62	2802.57	2767.40	2792.36	14625	0	268
2024.02.15	12:00:00	2792.08	2862.21	2773.93	2824.26	17334	0	259
2024.02.15	16:00:00	2824.27	2838.66	2800.46	2832.17	16185	0	288
2024.02.15	20:00:00	2832.08	2843.89	2786.03	2822.43	14768	0	253
2024.02.16	00:00:00	2822.65	2854.47	2818.54	2844.13	13868	0	251
2024.02.16	04:00:00	2844.17	2850.08	2809.62	2814.08	13973	0	254
2024.02.16	08:00:00	2814.15	2833.99	2792.96	2822.08	14797	0	292
2024.02.16	12:00:00	2822.19	2846.36	2745.31	2773.55	17163	0	291
2024.02.16	16:00:00	2773.40	2804.99	2754.79	2762.24	15102	0	306
2024.02.16	20:00:00	2762.27	2809.33	2755.96	2802.19	13651	0	297
2024.02.17	00:00:00	2802.03	2804.59	2776.75	2792.94	13430	0	287
2024.02.17	04:00:00	2792.95	2798.21	2778.05	2793.75	12929	0	265
2024.02.17	08:00:00	2793.62	2794.28	2763.90	2779.28	13896	0	274
2024.02.17	12:00:00	2779.30	2786.29	2718.46	2754.37	15622	0	277
2024.02.17	16:00:00	2754.38	2776.18	2741.73	2773.11	13814	0	252
2024.02.17	20:00:00	2773.10	2800.19	2770.31	2784.85	13383	0	258
2024.02.18	00:00:00	2784.52	2796.78	2762.34	2780.49	13528	0	255
2024.02.18	04:00:00	2780.52	2805.73	2778.00	2799.66	13433	0	259
2024.02.18	08:00:00	2799.45	2821.67	2795.59	2802.45	13576	0	263
2024.02.18	12:00:00	2802.51	2811.48	2784.94	2806.26	13607	0	299
2024.02.18	16:00:00	2806.28	2844.11	2793.05	2826.02	14446	0	295
2024.02.18	20:00:00	2826.26	2893.07	2816.92	2875.27	14718	0	273
2024.02.19	00:00:00	2877.98	2889.72	2856.26	2885.00	14186	0	246
2024.02.19	04:00:00	2885.06	2928.35	2878.86	2925.49	15002	0	256
2024.02.19	08:00:00	2925.54	2926.60	2891.33	2912.15	14794	0	261
2024.02.19	12:00:00	2912.17	2918.41	2884.48	2906.55	14893	0	265
2024.02.19	16:00:00	2906.68	2951.18	2886.01	2930.10	16076	0	247
2024.02.19	20:00:00	2930.10	2979.54	2924.13	2941.59	14877	0	225
2024.02.20	00:00:00	2942.74	2953.74	2903.21	2906.03	15654	0	289
2024.02.20	04:00:00	2906.09	2933.07	2901.28	2918.36	14317	0	298
2024.02.20	08:00:00	2918.55	2938.58	2871.46	2933.38	15382	0	305
2024.02.20	12:00:00	2933.34	2999.21	2898.70	2923.67	19212	0	296
2024.02.20	16:00:00	2923.87	2983.40	2882.74	2981.79	16550	0	281
2024.02.20	20:00:00	2981.68	3027.52	2964.15	3010.03	14767	0	272
2024.02.21	00:00:00	3010.73	3014.74	2985.02	3002.64	14629	0	251
2024.02.21	04:00:00	3002.61	3006.78	2918.74	2938.49	15316	0	250
2024.02.21	08:00:00	2938.44	2953.65	2883.77	2896.02	16500	0	292
2024.02.21	12:00:00	2896.39	2925.61	2865.23	2913.09	18221	0	353
2024.02.21	16:00:00	2913.21	2937.16	2885.20	2911.68	16789	0	336
2024.02.21	20:00:00	2911.64	2978.71	2898.73	2967.92	15721	0	317
2024.02.22	00:00:00	2966.36	2966.97	2905.95	2932.82	15237	0	291
2024.02.22	04:00:00	2932.83	2994.41	2919.06	2990.65	15088	0	337
2024.02.22	08:00:00	2990.85	3028.89	2967.26	2988.16	16359	0	308
2024.02.22	12:00:00	2988.14	3003.69	2927.94	2983.75	17486	0	311
2024.02.22	16:00:00	2983.83	3000.03	2958.29	2985.40	15608	0	303
2024.02.22	20:00:00	2985.34	3031.06	2966.27	2970.67	16460	0	295
2024.02.23	00:00:00	2967.18	2990.73	2930.83	2953.53	15483	0	304
2024.02.23	04:00:00	2953.52	2966.34	2922.17	2933.23	14221	0	312
2024.02.23	08:00:00	2933.41	2948.32	2911.14	2941.54	15286	0	336
2024.02.23	12:00:00	2941.54	2960.59	2911.89	2914.28	16589	0	351
2024.02.23	16:00:00	2914.54	2950.67	2904.79	2945.07	15346	0	348
2024.02.23	20:00:00	2945.06	2952.99	2904.12	2919.53	13991	0	316
2024.02.24	00:00:00	2919.86	2936.84	2904.96	2928.68	14324	0	334
2024.02.24	04:00:00	2928.68	2961.38	2927.38	2959.29	13372	0	266
2024.02.24	08:00:00	2959.41	2964.74	2945.13	2960.02	13127	0	246
2024.02.24	12:00:00	2960.04	2969.06	2951.58	2954.70	12955	0	250
2024.02.24	16:00:00	2954.69	3003.49	2954.69	2985.71	14247	0	230
2024.02.24	20:00:00	2985.68	2995.32	2976.61	2991.25	12997	0	216
2024.02.25	00:00:00	2990.74	3047.18	2982.90	3023.88	14482	0	200
2024.02.25	04:00:00	3023.91	3045.71	3012.27	3027.95	13182	0	194
2024.02.25	08:00:00	3027.66	3039.62	3007.81	3038.22	13642	0	193
2024.02.25	12:00:00	3038.22	3070.52	3024.92	3041.85	15408	0	163
2024.02.25	16:00:00	3041.66	3083.78	3026.56	3078.67	15113	0	187
2024.02.25	20:00:00	3078.67	3112.79	3078.21	3110.94	14438	0	206
2024.02.26	00:00:00	3110.17	3131.06	3085.35	3106.89	14263	0	185
2024.02.26	04:00:00	3106.54	3113.36	3083.97	3086.12	13437	0	177
2024.02.26	08:00:00	3085.78	3100.38	3034.81	3056.11	15450	0	194
2024.02.26	12:00:00	3056.12	3143.61	3036.80	3143.05	15889	0	231
2024.02.26	16:00:00	3143.36	3176.61	3127.09	3175.32	16389	0	254
2024.02.26	20:00:00	3175.13	3192.46	3163.75	3175.72	14579	0	262
2024.02.27	00:00:00	3174.64	3261.52	3163.42	3214.06	16346	0	248
2024.02.27	04:00:00	3213.96	3236.07	3199.16	3214.91	15229	0	303
2024.02.27	08:00:00	3214.84	3266.42	3214.50	3252.87	15105	0	285
2024.02.27	12:00:00	3253.15	3282.32	3216.29	3227.06	16720	0	286
2024.02.27	16:00:00	3227.16	3258.23	3198.79	3247.64	15863	0	358
2024.02.27	20:00:00	3247.77	3265.08	3232.49	3242.09	14451	0	334
2024.02.28	00:00:00	3240.96	3256.25	3228.62	3246.52	14001	0	330
2024.02.28	04:00:00	3246.79	3302.35	3242.47	3299.79	14344	0	340
2024.02.28	08:00:00	3299.88	3366.80	3279.00	3294.63	17247	0	407
2024.02.28	12:00:00	3294.77	3373.92	3284.19	3346.76	17480	0	407
2024.02.28	16:00:00	3346.76	3479.74	3179.66	3294.97	46841	0	411
2024.02.28	20:00:00	3295.09	3381.84	3250.06	3380.76	17224	0	402
2024.02.29	00:00:00	3380.02	3463.17	3371.62	3402.82	17133	0	387
2024.02.29	04:00:00	3402.80	3490.13	3393.28	3467.82	16775	0	406
2024.02.29	08:00:00	3468.21	3517.56	3439.15	3510.21	17743	0	431
2024.02.29	12:00:00	3509.73	3514.07	3440.29	3465.23	19281	0	448
2024.02.29	16:00:00	3465.43	3468.15	3344.26	3399.03	21668	0	434
2024.02.29	20:00:00	3398.93	3413.18	3299.00	3338.73	17452	0	399
2024.03.01	00:00:00	3338.43	3386.09	3336.06	3364.66	15605	0	442
2024.03.01	04:00:00	3364.85	3396.74	3360.91	3362.22	15172	0	467
2024.03.01	08:00:00	3362.51	3434.56	3351.54	3409.64	16488	0	487
2024.03.01	12:00:00	3409.73	3448.09	3376.98	3388.26	18945	0	468
2024.03.01	16:00:00	3388.28	3433.22	3377.23	3425.55	15899	0	480
2024.03.01	20:00:00	3425.59	3449.16	3418.05	3432.11	14927	0	511
2024.03.02	00:00:00	3431.86	3459.35	3422.94	3442.54	15321	0	510
2024.03.02	04:00:00	3442.59	3449.07	3397.60	3431.93	15557	0	244
2024.03.02	08:00:00	3432.15	3436.38	3394.59	3405.57	14707	0	476
2024.03.02	12:00:00	3405.59	3428.00	3393.12	3417.64	14972	0	508
2024.03.02	16:00:00	3417.69	3431.70	3408.33	3425.65	13977	0	503
2024.03.02	20:00:00	3425.44	3431.08	3400.96	3419.55	14044	0	537
2024.03.03	00:00:00	3420.62	3432.58	3407.68	3430.17	14419	0	541
2024.03.03	04:00:00	3430.18	3445.15	3363.78	3392.19	14606	0	542
2024.03.03	08:00:00	3392.51	3414.18	3375.23	3411.88	14738	0	551
2024.03.03	12:00:00	3411.58	3446.55	3403.36	3421.97	15270	0	518
2024.03.03	16:00:00	3422.09	3484.56	3416.07	3465.67	15602	0	534
2024.03.03	20:00:00	3465.79	3493.70	3459.24	3487.21	14535	0	506
2024.03.04	00:00:00	3485.62	3528.69	3432.13	3473.05	20523	0	495
2024.03.04	04:00:00	3473.05	3487.94	3456.47	3478.06	14707	0	536
2024.03.04	08:00:00	3478.45	3540.69	3476.97	3506.16	17266	0	553
2024.03.04	12:00:00	3506.08	3568.69	3461.45	3561.92	17618	0	558
2024.03.04	16:00:00	3561.89	3605.87	3528.26	3594.29	19666	0	604
2024.03.04	20:00:00	3594.36	3636.82	3559.54	3626.10	16875	0	589
2024.03.05	00:00:00	3627.13	3691.12	3606.84	3684.00	16049	0	599
2024.03.05	04:00:00	3684.18	3732.80	3640.10	3672.71	19191	0	603
2024.03.05	08:00:00	3672.77	3735.97	3652.51	3726.21	15620	0	601
2024.03.05	12:00:00	3726.16	3816.93	3725.47	3776.77	19518	0	611
2024.03.05	16:00:00	3776.43	3791.27	3204.49	3371.38	80108	0	534
2024.03.05	20:00:00	3371.76	3584.80	3330.77	3551.38	46352	0	452
2024.03.06	00:00:00	3556.01	3597.15	3501.79	3539.75	17824	0	474
2024.03.06	04:00:00	3539.85	3788.90	3537.87	3785.93	19342	0	486
2024.03.06	08:00:00	3786.10	3894.91	3776.33	3878.49	20670	0	498
2024.03.06	12:00:00	3878.75	3899.89	3725.91	3789.69	27216	0	506
2024.03.06	16:00:00	3790.17	3883.80	3767.16	3855.87	20018	0	519
2024.03.06	20:00:00	3856.03	3893.98	3793.24	3817.05	17148	0	494
2024.03.07	00:00:00	3821.06	3852.38	3765.91	3775.66	16814	0	526
2024.03.07	04:00:00	3775.56	3803.30	3735.39	3789.75	16926	0	521
2024.03.07	08:00:00	3789.57	3814.47	3769.14	3787.05	16621	0	579
2024.03.07	12:00:00	3787.31	3855.15	3762.44	3838.65	18754	0	602
2024.03.07	16:00:00	3838.36	3888.67	3813.33	3872.88	16845	0	579
2024.03.07	20:00:00	3873.12	3931.41	3840.13	3870.57	15660	0	577
2024.03.08	00:00:00	3869.69	3935.94	3863.55	3901.57	15347	0	608
2024.03.08	04:00:00	3901.81	3945.68	3880.29	3909.52	14472	0	584
2024.03.08	08:00:00	3909.82	3956.40	3908.21	3950.38	14778	0	585
2024.03.08	12:00:00	3950.36	3994.67	3892.58	3899.90	24744	0	595
2024.03.08	16:00:00	3899.60	3978.57	3824.48	3931.08	21239	0	602
2024.03.08	20:00:00	3931.33	3954.75	3875.11	3885.70	15487	0	615
2024.03.09	00:00:00	3885.85	3931.49	3879.48	3925.33	13928	0	630
2024.03.09	04:00:00	3925.33	3944.07	3913.31	3928.43	13396	0	622
2024.03.09	08:00:00	3928.33	3937.31	3891.83	3915.01	13725	0	620
2024.03.09	12:00:00	3915.03	3929.82	3904.50	3919.41	13458	0	607
2024.03.09	16:00:00	3919.07	3923.41	3873.73	3883.70	14335	0	614
2024.03.09	20:00:00	3883.71	3912.78	3883.71	3908.68	13072	0	593
2024.03.10	00:00:00	3906.43	3942.08	3900.30	3935.79	14305	0	597
2024.03.10	04:00:00	3935.64	3950.52	3930.60	3946.31	12931	0	592
2024.03.10	08:00:00	3946.28	3966.40	3922.70	3935.63	15187	0	586
2024.03.10	12:00:00	3935.57	3950.34	3865.19	3885.97	16021	0	576
2024.03.10	16:00:00	3885.99	3927.18	3885.36	3900.33	14356	0	597
2024.03.10	20:00:00	3900.30	3906.83	3791.45	3878.54	15543	0	598
2024.03.11	00:00:00	3878.10	3888.26	3733.03	3863.80	19065	0	617
2024.03.11	04:00:00	3863.65	4007.78	3831.28	3999.10	17991	0	619
2024.03.11	08:00:00	3999.31	4050.76	3981.23	4031.12	17322	0	627
2024.03.11	12:00:00	4030.81	4063.54	4012.20	4014.21	17524	0	639
2024.03.11	16:00:00	4014.36	4083.69	3996.42	4026.92	16993	0	636
2024.03.11	20:00:00	4027.01	4076.71	4024.20	4061.70	14897	0	599
2024.03.12	00:00:00	4061.11	4088.26	4016.80	4022.93	15908	0	652
2024.03.12	04:00:00	4023.26	4047.99	3994.68	4022.55	15325	0	633
2024.03.12	08:00:00	4022.08	4057.87	3961.43	4017.11	16453	0	650
2024.03.12	12:00:00	4017.11	4046.63	3942.77	3980.57	20672	0	678
2024.03.12	16:00:00	3980.48	3988.79	3820.45	3973.00	35747	0	673
2024.03.12	20:00:00	3973.09	3973.96	3921.74	3973.54	15124	0	682
2024.03.13	00:00:00	3972.87	4041.60	3965.32	4039.54	15812	0	667
2024.03.13	04:00:00	4039.76	4074.76	4023.78	4035.28	15600	0	677
2024.03.13	08:00:00	4035.65	4080.50	4033.59	4044.59	15405	0	664
2024.03.13	12:00:00	4044.58	4049.14	3927.66	3962.43	20007	0	655
2024.03.13	16:00:00	3962.41	4010.87	3950.39	4001.87	16909	0	647
2024.03.13	20:00:00	4001.36	4021.12	3971.03	4001.15	15732	0	631
2024.03.14	00:00:00	4004.28	4009.96	3951.72	3990.40	15563	0	630
2024.03.14	04:00:00	3990.06	4002.19	3937.44	3959.72	15731	0	651
2024.03.14	08:00:00	3959.68	3995.22	3939.76	3952.98	15380	0	659
2024.03.14	12:00:00	3953.05	3964.47	3815.40	3841.22	20831	0	671
2024.03.14	16:00:00	3841.24	3891.80	3716.23	3779.07	24839	0	660
2024.03.14	20:00:00	3779.63	3886.24	3775.31	3879.08	17731	0	645
2024.03.15	00:00:00	3877.71	3927.36	3617.32	3717.62	24844	0	644
2024.03.15	04:00:00	3717.66	3775.49	3650.12	3746.68	22631	0	606
2024.03.15	08:00:00	3746.86	3756.16	3564.31	3683.59	28317	0	602
2024.03.15	12:00:00	3683.38	3736.46	3663.30	3685.35	21084	0	578
2024.03.15	16:00:00	3685.42	3805.17	3654.39	3686.77	21696	0	608
2024.03.15	20:00:00	3687.22	3746.80	3605.56	3734.52	19076	0	578
2024.03.16	00:00:00	3740.55	3778.74	3718.33	3733.00	16723	0	567
2024.03.16	04:00:00	3732.95	3740.98	3686.21	3736.28	15320	0	598
2024.03.16	08:00:00	3736.31	3736.93	3659.70	3687.42	15739	0	626
2024.03.16	12:00:00	3687.36	3706.35	3634.34	3675.08	16989	0	682
2024.03.16	16:00:00	3675.08	3675.30	3565.08	3595.42	19171	0	641
2024.03.16	20:00:00	3595.32	3628.45	3466.26	3521.43	21530	0	560
2024.03.17	00:00:00	3517.09	3578.71	3499.56	3568.17	18370	0	559
2024.03.17	04:00:00	3568.22	3569.64	3413.41	3470.05	18502	0	548
2024.03.17	08:00:00	3469.56	3600.97	3457.91	3574.11	18237	0	497
2024.03.17	12:00:00	3574.34	3642.01	3522.42	3624.92	18686	0	536
2024.03.17	16:00:00	3624.67	3653.20	3599.30	3650.04	16370	0	601
2024.03.17	20:00:00	3650.12	3675.70	3623.29	3640.67	15796	0	583
2024.03.18	00:00:00	3640.37	3641.40	3555.50	3595.37	17939	0	590
2024.03.18	04:00:00	3595.38	3639.08	3570.97	3622.41	15696	0	583
2024.03.18	08:00:00	3622.43	3623.25	3544.71	3594.06	18429	0	584
2024.03.18	12:00:00	3594.05	3609.86	3485.02	3523.23	19908	0	590
2024.03.18	16:00:00	3522.94	3560.04	3453.56	3478.26	19757	0	576
2024.03.18	20:00:00	3478.41	3545.56	3478.41	3518.40	16559	0	560
2024.03.19	00:00:00	3519.59	3547.67	3363.21	3417.01	23333	0	568
2024.03.19	04:00:00	3416.53	3426.83	3303.56	3355.04	21989	0	558
2024.03.19	08:00:00	3355.14	3355.24	3199.28	3272.78	25399	0	495
2024.03.19	12:00:00	3273.22	3318.89	3216.79	3297.41	23599	0	505
2024.03.19	16:00:00	3297.45	3360.00	3280.30	3332.30	19985	0	505
2024.03.19	20:00:00	3332.02	3338.20	3148.47	3160.09	21920	0	422
2024.03.20	00:00:00	3157.35	3262.11	3152.27	3159.30	22575	0	416
2024.03.20	04:00:00	3158.86	3225.66	3056.06	3218.02	23449	0	381
2024.03.20	08:00:00	3217.57	3294.11	3204.18	3293.28	18852	0	367
2024.03.20	12:00:00	3292.90	3397.39	3274.81	3292.07	22669	0	366
2024.03.20	16:00:00	3292.47	3402.37	3144.64	3378.60	28545	0	369
2024.03.20	20:00:00	3378.98	3537.19	3371.25	3514.57	21691	0	387
2024.03.21	00:00:00	3517.27	3559.62	3495.43	3512.04	17804	0	412
2024.03.21	04:00:00	3512.32	3538.20	3450.11	3518.93	17305	0	398
2024.03.21	08:00:00	3518.74	3585.93	3518.72	3531.02	17518	0	386
2024.03.21	12:00:00	3531.27	3573.40	3477.07	3498.53	18886	0	399
2024.03.21	16:00:00	3498.98	3544.29	3411.07	3440.66	20066	0	261
2024.03.21	20:00:00	3440.63	3521.36	3411.28	3493.99	17676	0	393
2024.03.22	00:00:00	3493.64	3526.47	3453.29	3521.73	17648	0	373
2024.03.22	04:00:00	3521.81	3543.64	3502.06	3511.25	15384	0	411
2024.03.22	08:00:00	3511.22	3523.80	3398.58	3404.91	17331	0	374
2024.03.22	12:00:00	3404.60	3424.02	3278.52	3346.93	24115	0	356
2024.03.22	16:00:00	3347.15	3360.36	3286.62	3340.68	20379	0	372
2024.03.22	20:00:00	3340.67	3344.61	3249.93	3333.12	19212	0	351
2024.03.23	00:00:00	3335.32	3361.39	3270.31	3303.48	17693	0	347
2024.03.23	04:00:00	3303.11	3383.38	3297.09	3366.14	17109	0	357
2024.03.23	08:00:00	3366.11	3381.05	3328.19	3365.21	16865	0	363
2024.03.23	12:00:00	3365.35	3423.92	3344.47	3405.65	17022	0	324
2024.03.23	16:00:00	3405.71	3436.52	3384.11	3386.30	16702	0	364
2024.03.23	20:00:00	3386.25	3400.08	3327.71	3336.67	16104	0	359
2024.03.24	00:00:00	3329.97	3367.39	3305.62	3307.94	16396	0	356
2024.03.24	04:00:00	3308.26	3342.56	3297.75	3342.29	14987	0	356
2024.03.24	08:00:00	3342.28	3393.14	3335.78	3388.03	16164	0	404
2024.03.24	12:00:00	3388.01	3415.43	3372.76	3398.22	16730	0	423
2024.03.24	16:00:00	3398.26	3408.69	3333.47	3381.77	16860	0	394
2024.03.24	20:00:00	3381.68	3469.44	3374.00	3454.46	16489	0	421
2024.03.25	00:00:00	3454.84	3460.36	3419.22	3454.53	15195	0	434
2024.03.25	04:00:00	3454.41	3506.48	3441.59	3446.01	15106	0	466
2024.03.25	08:00:00	3445.81	3471.72	3431.34	3436.03	15481	0	475
2024.03.25	12:00:00	3435.87	3587.85	3429.30	3581.68	19324	0	482
2024.03.25	16:00:00	3581.79	3654.94	3564.72	3637.51	16482	0	521
2024.03.25	20:00:00	3637.66	3643.67	3564.24	3587.47	15088	0	517
2024.03.26	00:00:00	3587.68	3640.34	3577.75	3622.39	15234	0	535
2024.03.26	04:00:00	3621.92	3675.20	3616.34	3635.07	14553	0	575
2024.03.26	08:00:00	3634.68	3667.76	3626.79	3630.02	15074	0	583
2024.03.26	12:00:00	3630.07	3651.56	3543.45	3592.31	18938	0	513
2024.03.26	16:00:00	3592.40	3602.40	3541.62	3556.69	17672	0	489
2024.03.26	20:00:00	3556.98	3611.77	3554.76	3585.31	15222	0	503
2024.03.27	00:00:00	3586.14	3626.17	3573.16	3602.32	15333	0	526
2024.03.27	04:00:00	3602.32	3615.48	3557.50	3562.93	15019	0	522
2024.03.27	08:00:00	3563.32	3588.80	3530.75	3582.37	16066	0	511
2024.03.27	12:00:00	3582.50	3661.50	3494.33	3509.83	22331	0	562
2024.03.27	16:00:00	3510.02	3528.76	3455.62	3486.37	17554	0	498
2024.03.27	20:00:00	3486.29	3518.73	3484.37	3498.49	14795	0	488
2024.03.28	00:00:00	3499.16	3528.16	3461.44	3492.84	16048	0	523
2024.03.28	04:00:00	3492.81	3577.56	3492.02	3571.54	15498	0	542
2024.03.28	08:00:00	3571.85	3591.14	3561.35	3576.75	15802	0	571
2024.03.28	12:00:00	3576.84	3611.14	3547.93	3575.75	18382	0	566
2024.03.28	16:00:00	3576.07	3578.72	3536.45	3561.87	15513	0	557
2024.03.28	20:00:00	3562.02	3578.29	3541.22	3557.92	13955	0	552
2024.03.29	00:00:00	3558.61	3583.12	3548.69	3560.20	13838	0	555
2024.03.29	04:00:00	3560.19	3577.84	3511.35	3517.34	14833	0	563
2024.03.29	08:00:00	3517.58	3561.21	3515.22	3549.74	14938	0	569
2024.03.29	12:00:00	3549.74	3557.20	3478.52	3485.19	15135	0	566
2024.03.29	16:00:00	3485.61	3499.57	3470.66	3498.87	14412	0	546
2024.03.29	20:00:00	3498.90	3523.31	3474.19	3508.85	13782	0	570
2024.03.30	00:00:00	3508.10	3519.89	3484.80	3489.56	12652	0	551
2024.03.30	04:00:00	3489.59	3529.70	3486.73	3492.91	13023	0	573
2024.03.30	08:00:00	3492.98	3564.86	3492.40	3561.13	13571	0	554
2024.03.30	12:00:00	3561.16	3566.60	3530.40	3537.52	13859	0	542
2024.03.30	16:00:00	3537.60	3549.25	3487.23	3508.25	14332	0	553
2024.03.30	20:00:00	3508.10	3519.54	3493.90	3505.74	14054	0	542
2024.03.31	00:00:00	3506.55	3544.29	3504.28	3536.45	13564	0	565
2024.03.31	04:00:00	3536.49	3631.62	3530.83	3624.65	14148	0	554
2024.03.31	08:00:00	3624.08	3633.17	3598.91	3609.03	13563	0	573
2024.03.31	12:00:00	3609.10	3638.15	3605.56	3617.90	13521	0	565
2024.03.31	16:00:00	3617.90	3653.65	3612.99	3637.51	13799	0	560
2024.03.31	20:00:00	3637.54	3649.21	3617.63	3647.30	13797	0	588
2024.04.01	00:00:00	3643.62	3645.05	3600.65	3610.56	13554	0	576
2024.04.01	04:00:00	3610.57	3613.93	3500.75	3544.91	16567	0	562
2024.04.01	08:00:00	3544.81	3558.37	3518.21	3537.15	14734	0	568
2024.04.01	12:00:00	3537.40	3568.12	3435.40	3441.29	18192	0	500
2024.04.01	16:00:00	3441.36	3490.16	3412.37	3486.83	16464	0	483
2024.04.01	20:00:00	3486.54	3513.75	3469.99	3500.78	14663	0	542
2024.04.02	00:00:00	3502.66	3504.89	3320.51	3365.17	22422	0	479
2024.04.02	04:00:00	3365.21	3387.84	3335.77	3361.88	15364	0	458
2024.04.02	08:00:00	3362.08	3370.27	3274.17	3304.86	19412	0	469
2024.04.02	12:00:00	3304.97	3319.41	3231.50	3238.40	19669	0	467
2024.04.02	16:00:00	3238.67	3284.97	3212.14	3277.92	19298	0	467
2024.04.02	20:00:00	3278.09	3304.98	3244.03	3275.70	16010	0	481
2024.04.03	00:00:00	3277.54	3321.55	3197.93	3315.36	18708	0	431
2024.04.03	04:00:00	3315.24	3326.06	3278.91	3306.32	15102	0	441
2024.04.03	08:00:00	3306.46	3357.57	3287.99	3317.70	16029	0	454
2024.04.03	12:00:00	3317.71	3364.02	3291.51	3328.93	16385	0	456
2024.04.03	16:00:00	3328.76	3367.56	3276.91	3314.74	16291	0	436
2024.04.03	20:00:00	3314.69	3324.92	3288.22	3309.40	14271	0	389
2024.04.04	00:00:00	3310.29	3333.71	3261.09	3274.08	15126	0	428
2024.04.04	04:00:00	3274.14	3331.56	3250.59	3320.75	14228	0	426
2024.04.04	08:00:00	3320.87	3352.88	3315.88	3338.49	13759	0	488
2024.04.04	12:00:00	3338.46	3396.27	3333.05	3363.44	15136	0	473
2024.04.04	16:00:00	3363.52	3441.62	3359.46	3363.51	15944	0	461
2024.04.04	20:00:00	3363.74	3368.91	3279.34	3329.44	16427	0	454
2024.04.05	00:00:00	3328.15	3335.34	3252.93	3307.86	16325	0	459
2024.04.05	04:00:00	3307.84	3318.82	3243.90	3285.99	15803	0	439
2024.04.05	08:00:00	3285.82	3312.24	3236.41	3244.01	16405	0	462
2024.04.05	12:00:00	3244.28	3329.30	3210.73	3326.88	19584	0	494
2024.04.05	16:00:00	3326.81	3348.17	3303.73	3319.51	15892	0	509
2024.04.05	20:00:00	3319.65	3343.20	3308.85	3317.58	13923	0	489
2024.04.06	00:00:00	3318.10	3345.40	3305.87	3330.91	14171	0	511
2024.04.06	04:00:00	3330.57	3350.79	3321.50	3329.74	13662	0	509
2024.04.06	08:00:00	3329.81	3349.20	3322.91	3329.24	13488	0	511
2024.04.06	12:00:00	3329.08	3358.12	3311.90	3334.63	13612	0	507
2024.04.06	16:00:00	3334.61	3354.61	3328.73	3347.27	13450	0	525
2024.04.06	20:00:00	3347.32	3395.84	3341.37	3351.81	13589	0	533
2024.04.07	00:00:00	3351.52	3411.15	3342.58	3388.22	14237	0	549
2024.04.07	04:00:00	3388.22	3404.95	3375.06	3386.57	13422	0	536
2024.04.07	08:00:00	3386.62	3394.15	3375.52	3389.35	13028	0	553
2024.04.07	12:00:00	3389.28	3418.84	3382.45	3387.70	14066	0	548
2024.04.07	16:00:00	3387.68	3409.82	3367.16	3377.65	14130	0	541
2024.04.07	20:00:00	3377.61	3456.20	3375.58	3451.74	13898	0	545
2024.04.08	00:00:00	3451.86	3454.14	3404.07	3421.22	14115	0	517
2024.04.08	04:00:00	3421.23	3476.26	3410.77	3472.41	13571	0	544
2024.04.08	08:00:00	3472.48	3640.36	3467.38	3631.01	18337	0	585
2024.04.08	12:00:00	3631.21	3670.17	3607.80	3630.22	16674	0	527
2024.04.08	16:00:00	3630.04	3708.45	3627.75	3696.43	15380	0	564
2024.04.08	20:00:00	3696.87	3725.12	3677.09	3689.98	13881	0	526
2024.04.09	00:00:00	3691.38	3722.02	3662.80	3689.42	15011	0	550
2024.04.09	04:00:00	3689.42	3698.57	3629.06	3639.79	15605	0	586
2024.04.09	08:00:00	3639.91	3646.44	3580.63	3629.67	15301	0	567
2024.04.09	12:00:00	3629.66	3640.75	3475.80	3524.70	18193	0	551
2024.04.09	16:00:00	3524.90	3528.90	3451.19	3511.67	16698	0	570
2024.04.09	20:00:00	3511.13	3522.68	3483.05	3502.27	13857	0	554
2024.04.10	00:00:00	3501.47	3531.90	3461.94	3508.32	16257	0	547
2024.04.10	04:00:00	3508.68	3549.83	3501.99	3533.44	14630	0	561
2024.04.10	08:00:00	3533.53	3537.46	3489.53	3518.13	16176	0	556
2024.04.10	12:00:00	3518.04	3524.73	3410.89	3476.59	19296	0	525
2024.04.10	16:00:00	3476.50	3544.81	3464.98	3518.25	16652	0	538
2024.04.10	20:00:00	3517.88	3559.58	3492.51	3541.88	15164	0	527
2024.04.11	00:00:00	3544.19	3573.89	3523.16	3573.69	14907	0	557
2024.04.11	04:00:00	3573.72	3602.59	3549.82	3579.87	14978	0	567
2024.04.11	08:00:00	3580.06	3615.84	3511.43	3519.44	15349	0	524
2024.04.11	12:00:00	3519.56	3571.78	3483.50	3505.47	18622	0	528
2024.04.11	16:00:00	3505.34	3520.02	3471.26	3516.47	15520	0	572
2024.04.11	20:00:00	3516.24	3531.22	3488.51	3502.73	13990	0	553
2024.04.12	00:00:00	3500.94	3536.00	3499.65	3532.68	14255	0	560
2024.04.12	04:00:00	3532.58	3549.93	3505.06	3515.04	13915	0	555
2024.04.12	08:00:00	3515.04	3540.14	3505.47	3530.89	14529	0	555
2024.04.12	12:00:00	3530.88	3530.88	3434.13	3436.78	16075	0	559
2024.04.12	16:00:00	3436.78	3450.56	3096.09	3203.47	49416	0	414
2024.04.12	20:00:00	3203.91	3253.42	3199.27	3239.04	15615	0	415
2024.04.13	00:00:00	3236.80	3236.86	3140.33	3230.96	17017	0	436
2024.04.13	04:00:00	3230.92	3269.49	3221.80	3255.23	15588	0	465
2024.04.13	08:00:00	3255.21	3298.22	3244.54	3268.20	15209	0	468
2024.04.13	12:00:00	3267.85	3294.30	3251.18	3271.34	15604	0	446
2024.04.13	16:00:00	3271.28	3278.74	3001.31	3081.79	27528	0	401
2024.04.13	20:00:00	3081.94	3091.47	2856.91	3002.62	71429	0	361
2024.04.14	00:00:00	3008.03	3020.67	2907.45	2969.69	21413	0	382
2024.04.14	04:00:00	2969.64	3105.25	2963.40	3083.75	16361	0	386
2024.04.14	08:00:00	3083.52	3099.01	3008.52	3028.39	16641	0	347
2024.04.14	12:00:00	3028.07	3074.38	3005.75	3055.90	20957	0	337
2024.04.14	16:00:00	3056.23	3100.93	2980.74	3074.77	23379	0	316
2024.04.14	20:00:00	3074.76	3176.01	3046.28	3156.15	19141	0	334
2024.04.15	00:00:00	3156.83	3159.31	3103.39	3148.52	16985	0	384
2024.04.15	04:00:00	3148.63	3256.72	3124.29	3245.90	18744	0	365
2024.04.15	08:00:00	3245.74	3277.63	3229.50	3231.60	15844	0	455
2024.04.15	12:00:00	3231.57	3245.89	3103.08	3165.70	20840	0	321
2024.04.15	16:00:00	3165.58	3180.43	3023.43	3101.30	23602	0	329
2024.04.15	20:00:00	3101.58	3129.37	3061.70	3100.75	16463	0	328
2024.04.16	00:00:00	3103.30	3121.68	3053.38	3074.27	18566	0	318
2024.04.16	04:00:00	3074.59	3127.65	2989.87	3109.91	18535	0	308
2024.04.16	08:00:00	3110.00	3113.13	3005.64	3094.98	19324	0	311
2024.04.16	12:00:00	3095.17	3096.39	3009.69	3009.82	22342	0	319
2024.04.16	16:00:00	3009.93	3083.80	2994.83	3056.12	20695	0	312
2024.04.16	20:00:00	3056.44	3116.35	3050.37	3083.22	14981	0	342
2024.04.17	00:00:00	3084.57	3107.48	3068.02	3096.29	15413	0	348
2024.04.17	04:00:00	3096.27	3122.75	3064.76	3074.93	15557	0	339
2024.04.17	08:00:00	3075.67	3088.54	3038.96	3040.75	15510	0	311
2024.04.17	12:00:00	3040.90	3062.92	2924.14	2945.85	23895	0	315
2024.04.17	16:00:00	2945.45	3043.17	2914.65	3001.24	21687	0	301
2024.04.17	20:00:00	3001.17	3013.75	2963.27	2986.31	16656	0	286
2024.04.18	00:00:00	2985.54	3035.94	2952.61	3026.97	17075	0	323
2024.04.18	04:00:00	3026.98	3035.10	2958.10	2976.15	16165	0	312
2024.04.18	08:00:00	2975.99	3065.23	2956.51	3048.00	16182	0	324
2024.04.18	12:00:00	3047.99	3093.79	2985.20	3068.80	17555	0	334
2024.04.18	16:00:00	3068.85	3083.34	3017.56	3062.70	15874	0	310
2024.04.18	20:00:00	3062.67	3079.07	3053.59	3064.91	14015	0	307
2024.04.19	00:00:00	3064.50	3069.78	2865.18	2979.10	23361	0	300
2024.04.19	04:00:00	2979.29	3126.00	2978.40	3085.96	19241	0	334
2024.04.19	08:00:00	3085.71	3122.90	3077.89	3105.27	16349	0	340
2024.04.19	12:00:00	3105.28	3120.28	3056.59	3082.55	16657	0	348
2024.04.19	16:00:00	3082.55	3109.19	3044.66	3105.65	15741	0	333
2024.04.19	20:00:00	3105.37	3107.23	3022.60	3058.58	15670	0	347
2024.04.20	00:00:00	3058.36	3071.19	3018.81	3057.22	16104	0	326
2024.04.20	04:00:00	3057.45	3073.06	3051.45	3061.60	12734	0	345
2024.04.20	08:00:00	3061.66	3063.65	3031.86	3049.12	14214	0	334
2024.04.20	12:00:00	3049.11	3113.60	3040.77	3111.29	14053	0	360
2024.04.20	16:00:00	3111.31	3163.52	3089.07	3148.10	15725	0	383
2024.04.20	20:00:00	3148.16	3170.18	3141.83	3157.85	13591	0	429
2024.04.21	00:00:00	3157.49	3195.77	3128.18	3167.52	14726	0	383
2024.04.21	04:00:00	3167.46	3190.65	3155.84	3179.31	13580	0	381
2024.04.21	08:00:00	3179.29	3186.90	3153.02	3169.48	13483	0	384
2024.04.21	12:00:00	3169.46	3177.04	3139.22	3158.37	13978	0	424
2024.04.21	16:00:00	3158.39	3160.81	3117.82	3136.27	14521	0	399
2024.04.21	20:00:00	3136.44	3168.60	3129.30	3148.32	14097	0	418
2024.04.22	00:00:00	3148.36	3208.58	3130.78	3188.70	15256	0	432
2024.04.22	04:00:00	3189.07	3234.29	3184.74	3204.48	14595	0	430
2024.04.22	08:00:00	3204.49	3223.30	3187.95	3195.52	13790	0	393
2024.04.22	12:00:00	3195.53	3212.13	3168.06	3183.39	14745	0	404
2024.04.22	16:00:00	3183.23	3216.19	3170.07	3188.59	14125	0	461
2024.04.22	20:00:00	3188.10	3222.50	3182.19	3200.34	13438	0	460
2024.04.23	00:00:00	3200.41	3221.22	3182.80	3184.05	13212	0	453
2024.04.23	04:00:00	3184.04	3193.85	3154.44	3161.93	13604	0	442
2024.04.23	08:00:00	3162.04	3185.84	3153.18	3180.16	13403	0	417
2024.04.23	12:00:00	3180.16	3261.78	3173.08	3223.22	14971	0	440
2024.04.23	16:00:00	3223.45	3245.18	3211.76	3217.19	13872	0	483
2024.04.23	20:00:00	3217.06	3221.04	3186.22	3219.10	13222	0	433
2024.04.24	00:00:00	3219.13	3246.87	3209.26	3236.77	13605	0	450
2024.04.24	04:00:00	3236.74	3273.84	3235.48	3248.05	13723	0	449
2024.04.24	08:00:00	3247.97	3283.76	3240.15	3279.10	13879	0	454
2024.04.24	12:00:00	3279.03	3289.91	3167.30	3174.64	16624	0	415
2024.04.24	16:00:00	3174.57	3192.78	3103.99	3132.30	15991	0	391
2024.04.24	20:00:00	3132.02	3150.32	3110.89	3138.56	14360	0	396
2024.04.25	00:00:00	3138.34	3170.57	3127.07	3147.63	14295	0	380
2024.04.25	04:00:00	3147.58	3166.86	3126.36	3134.77	13572	0	375
2024.04.25	08:00:00	3134.80	3151.47	3072.04	3110.55	15472	0	358
2024.04.25	12:00:00	3110.61	3165.19	3083.48	3158.52	17320	0	335
2024.04.25	16:00:00	3158.55	3173.29	3144.76	3163.50	14641	0	336
2024.04.25	20:00:00	3163.61	3191.44	3153.12	3155.53	13219	0	335
2024.04.26	00:00:00	3155.55	3163.38	3123.76	3141.12	14430	0	338
2024.04.26	04:00:00	3141.13	3153.61	3127.87	3135.74	13472	0	347
2024.04.26	08:00:00	3135.90	3156.00	3122.12	3130.27	13698	0	344
2024.04.26	12:00:00	3130.18	3165.74	3102.09	3117.21	15866	0	339
2024.04.26	16:00:00	3117.49	3154.33	3105.15	3131.57	14015	0	358
2024.04.26	20:00:00	3131.66	3152.70	3119.99	3131.40	12639	0	366
2024.04.27	00:00:00	3131.66	3138.55	3070.58	3122.27	15830	0	346
2024.04.27	04:00:00	3122.22	3132.64	3108.01	3120.36	13320	0	339
2024.04.27	08:00:00	3120.53	3126.65	3106.99	3123.89	13300	0	346
2024.04.27	12:00:00	3123.76	3163.99	3119.57	3144.97	13426	0	316
2024.04.27	16:00:00	3144.96	3281.67	3141.24	3236.78	15770	0	315
2024.04.27	20:00:00	3237.05	3261.87	3222.59	3253.65	13576	0	327
2024.04.28	00:00:00	3253.18	3329.55	3247.57	3307.96	14388	0	330
2024.04.28	04:00:00	3308.08	3335.78	3299.12	3317.14	14104	0	301
2024.04.28	08:00:00	3317.23	3323.35	3272.49	3284.69	14088	0	356
2024.04.28	12:00:00	3284.71	3327.27	3280.26	3318.99	14074	0	398
2024.04.28	16:00:00	3319.00	3354.26	3305.55	3315.99	14534	0	389
2024.04.28	20:00:00	3316.06	3320.25	3252.68	3263.40	14311	0	397
2024.04.29	00:00:00	3263.44	3287.24	3170.12	3178.31	15475	0	400
2024.04.29	04:00:00	3177.89	3206.09	3154.48	3187.32	15049	0	393
2024.04.29	08:00:00	3187.40	3196.08	3147.58	3160.78	14675	0	407
2024.04.29	12:00:00	3160.57	3185.66	3115.58	3181.45	16026	0	415
2024.04.29	16:00:00	3181.07	3188.90	3155.71	3185.69	14349	0	420
2024.04.29	20:00:00	3185.65	3232.82	3163.12	3215.77	13732	0	396
2024.04.30	00:00:00	3216.14	3248.69	3148.59	3180.94	14950	0	411
2024.04.30	04:00:00	3180.97	3185.28	3153.13	3157.33	13275	0	385
2024.04.30	08:00:00	3157.35	3162.65	3003.63	3007.59	18350	0	387
2024.04.30	12:00:00	3007.97	3033.29	2966.15	2992.65	19108	0	393
2024.04.30	16:00:00	2992.86	2996.26	2918.47	2924.20	20547	0	379
2024.04.30	20:00:00	2924.55	3027.09	2923.70	3014.11	16413	0	372
2024.05.01	00:00:00	3014.02	3021.78	2962.07	3003.86	15554	0	361
2024.05.01	04:00:00	3003.96	3012.88	2859.30	2869.96	18239	0	322
2024.05.01	08:00:00	2869.93	2904.17	2815.81	2903.99	17780	0	293
2024.05.01	12:00:00	2903.70	2930.86	2863.41	2884.99	18400	0	273
2024.05.01	16:00:00	2885.11	3010.50	2868.19	2925.22	21290	0	303
2024.05.01	20:00:00	2925.25	2983.00	2912.53	2970.59	15218	0	315
2024.05.02	00:00:00	2970.59	2979.81	2894.12	2927.44	15058	0	292
2024.05.02	04:00:00	2927.62	2937.53	2897.98	2921.90	14288	0	298
2024.05.02	08:00:00	2921.87	3000.16	2915.06	2993.94	14785	0	303
2024.05.02	12:00:00	2994.07	3011.83	2954.17	2991.43	15787	0	340
2024.05.02	16:00:00	2991.39	3007.40	2974.63	3002.24	14666	0	319
2024.05.02	20:00:00	3002.21	3016.43	2970.68	2987.59	13983	0	307
2024.05.03	00:00:00	2987.66	3037.89	2979.35	3011.31	13769	0	292
2024.05.03	04:00:00	3011.33	3018.40	2958.04	2969.14	13765	0	311
2024.05.03	08:00:00	2969.21	2991.14	2958.35	2980.23	14548	0	297
2024.05.03	12:00:00	2980.29	3088.17	2966.70	3078.42	16362	0	306
2024.05.03	16:00:00	3078.61	3090.64	3064.67	3074.84	13618	0	308
2024.05.03	20:00:00	3074.65	3126.87	3070.08	3105.51	13492	0	301
2024.05.04	00:00:00	3105.52	3131.37	3094.08	3114.84	13231	0	299
2024.05.04	04:00:00	3114.88	3125.47	3097.92	3099.48	13028	0	269
2024.05.04	08:00:00	3099.50	3166.80	3099.09	3133.11	13399	0	266
2024.05.04	12:00:00	3133.14	3159.74	3117.94	3129.96	13217	0	278
2024.05.04	16:00:00	3129.91	3140.66	3117.13	3138.50	12937	0	291
2024.05.04	20:00:00	3138.49	3147.71	3107.84	3120.23	12502	0	293
2024.05.05	00:00:00	3120.08	3129.04	3075.14	3090.30	13988	0	292
2024.05.05	04:00:00	3089.97	3118.23	3084.72	3108.90	12924	0	296
2024.05.05	08:00:00	3108.86	3167.28	3106.30	3134.93	12572	0	318
2024.05.05	12:00:00	3134.56	3167.38	3127.21	3159.74	13995	0	287
2024.05.05	16:00:00	3159.94	3165.54	3133.72	3144.58	13145	0	262
2024.05.05	20:00:00	3144.58	3148.13	3123.98	3139.37	12690	0	297
2024.05.06	00:00:00	3139.30	3166.24	3126.14	3136.69	13126	0	305
2024.05.06	04:00:00	3136.69	3191.34	3130.04	3180.89	13451	0	304
2024.05.06	08:00:00	3180.64	3219.67	3132.61	3150.32	15108	0	351
2024.05.06	12:00:00	3150.34	3156.01	3059.65	3090.47	15853	0	318
2024.05.06	16:00:00	3090.50	3097.17	3047.24	3069.63	14535	0	301
2024.05.06	20:00:00	3069.87	3089.65	3061.57	3062.62	12555	0	298
2024.05.07	00:00:00	3062.63	3097.31	3021.22	3049.40	14100	0	321
2024.05.07	04:00:00	3049.40	3083.05	3044.98	3078.97	13624	0	320
2024.05.07	08:00:00	3078.97	3129.45	3062.39	3064.11	14453	0	334
2024.05.07	12:00:00	3064.11	3104.29	3045.81	3071.47	15108	0	349
2024.05.07	16:00:00	3071.22	3079.78	3027.50	3049.31	14021	0	358
2024.05.07	20:00:00	3048.90	3059.98	3000.03	3006.08	14021	0	320
2024.05.08	00:00:00	3006.08	3038.00	2995.86	3032.18	13967	0	335
2024.05.08	04:00:00	3032.28	3036.60	2991.68	2995.80	14144	0	345
2024.05.08	08:00:00	2995.82	3012.58	2979.37	2991.34	14192	0	354
2024.05.08	12:00:00	2991.31	3031.52	2983.73	3005.91	15355	0	362
2024.05.08	16:00:00	3006.07	3024.35	2987.14	2999.61	13942	0	373
2024.05.08	20:00:00	2999.70	3004.32	2937.12	2974.35	16050	0	352
2024.05.09	00:00:00	2974.31	3005.05	2972.34	2998.19	13189	0	319
2024.05.09	04:00:00	2998.20	3013.97	2976.28	2984.98	13458	0	326
2024.05.09	08:00:00	2984.71	2991.54	2949.05	2977.24	14096	0	349
2024.05.09	12:00:00	2977.28	3018.19	2956.41	3005.78	14558	0	353
2024.05.09	16:00:00	3005.78	3026.75	2991.45	3021.92	13855	0	348
2024.05.09	20:00:00	3021.91	3056.18	3016.25	3037.10	13254	0	358
2024.05.10	00:00:00	3037.07	3043.28	3017.82	3030.32	13041	0	372
2024.05.10	04:00:00	3030.32	3054.38	3020.64	3042.50	12834	0	380
2024.05.10	08:00:00	3042.51	3045.43	3023.12	3039.10	12739	0	405
2024.05.10	12:00:00	3039.11	3044.91	2905.94	2920.71	15999	0	379
2024.05.10	16:00:00	2920.51	2936.08	2877.58	2902.04	15765	0	379
2024.05.10	20:00:00	2901.86	2915.18	2885.59	2909.38	13504	0	376
2024.05.11	00:00:00	2909.39	2933.87	2902.24	2910.76	13248	0	374
2024.05.11	04:00:00	2910.64	2927.58	2904.92	2921.07	12850	0	376
2024.05.11	08:00:00	2921.29	2924.57	2884.38	2903.69	13243	0	352
2024.05.11	12:00:00	2903.62	2943.87	2893.35	2926.22	13903	0	379
2024.05.11	16:00:00	2925.86	2940.19	2916.73	2930.16	13511	0	364
2024.05.11	20:00:00	2930.18	2930.98	2905.87	2913.86	12813	0	379
2024.05.12	00:00:00	2913.81	2927.14	2908.52	2920.80	12735	0	379
2024.05.12	04:00:00	2920.85	2932.53	2901.45	2907.92	12754	0	375
2024.05.12	08:00:00	2908.20	2944.18	2901.97	2930.14	13170	0	369
2024.05.12	12:00:00	2930.18	2945.40	2926.03	2939.34	12785	0	356
2024.05.12	16:00:00	2939.38	2956.73	2922.48	2932.15	13356	0	350
2024.05.12	20:00:00	2932.17	2937.89	2912.56	2930.24	12685	0	365
2024.05.13	00:00:00	2930.26	2944.10	2865.35	2890.74	14835	0	369
2024.05.13	04:00:00	2890.83	2956.78	2870.89	2953.47	14062	0	383
2024.05.13	08:00:00	2953.51	2997.11	2949.31	2967.62	14440	0	375
2024.05.13	12:00:00	2967.64	2985.53	2951.02	2961.69	14630	0	385
2024.05.13	16:00:00	2961.83	2977.88	2928.04	2957.31	14960	0	381
2024.05.13	20:00:00	2957.30	2961.02	2938.96	2952.23	13007	0	374
2024.05.14	00:00:00	2952.29	2961.48	2936.69	2941.48	13692	0	424
2024.05.14	04:00:00	2941.63	2949.37	2882.57	2919.91	14813	0	438
2024.05.14	08:00:00	2919.56	2920.16	2897.71	2908.20	14158	0	351
2024.05.14	12:00:00	2908.39	2922.47	2868.97	2899.58	17023	0	390
2024.05.14	16:00:00	2899.60	2901.19	2860.77	2893.10	15378	0	497
2024.05.14	20:00:00	2893.21	2903.60	2877.04	2881.97	13835	0	473
2024.05.15	00:00:00	2882.18	2903.38	2863.24	2902.87	14058	0	485
2024.05.15	04:00:00	2903.03	2920.25	2896.71	2915.26	13648	0	466
2024.05.15	08:00:00	2915.24	2933.37	2886.93	2899.13	14708	0	482
2024.05.15	12:00:00	2899.12	2992.34	2892.39	2976.76	16967	0	481
2024.05.15	16:00:00	2976.81	3026.61	2969.71	3026.14	13928	0	482
2024.05.15	20:00:00	3025.96	3039.38	3011.10	3032.19	13035	0	463
2024.05.16	00:00:00	3032.08	3040.78	2995.43	3013.42	13104	0	473
2024.05.16	04:00:00	3013.49	3021.44	3003.62	3016.08	12119	0	476
2024.05.16	08:00:00	3016.13	3026.78	2989.03	3007.51	13316	0	485
2024.05.16	12:00:00	3007.50	3008.68	2931.78	2957.05	15792	0	500
2024.05.16	16:00:00	2957.06	2960.34	2924.09	2944.84	14439	0	511
2024.05.16	20:00:00	2945.18	2947.18	2924.31	2945.38	12968	0	489
2024.05.17	00:00:00	2945.50	2956.80	2932.76	2951.53	12753	0	491
2024.05.17	04:00:00	2951.53	3031.17	2939.57	3026.16	13104	0	488
2024.05.17	08:00:00	3025.94	3056.13	3017.69	3031.11	13910	0	505
2024.05.17	12:00:00	3031.06	3117.38	3018.47	3112.00	14741	0	499
2024.05.17	16:00:00	3111.93	3120.64	3069.42	3085.65	13562	0	521
2024.05.17	20:00:00	3085.67	3096.49	3080.20	3093.46	11394	0	485
2024.05.18	00:00:00	3093.14	3126.82	3085.08	3115.22	12837	0	490
2024.05.18	04:00:00	3115.42	3120.82	3092.40	3103.48	12614	0	223
2024.05.18	08:00:00	3103.47	3147.59	3101.77	3134.97	13304	0	481
2024.05.18	12:00:00	3135.03	3136.91	3096.41	3111.46	13166	0	489
2024.05.18	16:00:00	3111.44	3122.06	3106.34	3119.89	12473	0	479
2024.05.18	20:00:00	3119.81	3126.79	3106.62	3122.82	12403	0	480
2024.05.19	00:00:00	3122.46	3136.19	3112.66	3130.12	12373	0	479
2024.05.19	04:00:00	3130.12	3130.90	3104.54	3115.62	12113	0	474
2024.05.19	08:00:00	3115.62	3123.80	3082.11	3102.18	12495	0	478
2024.05.19	12:00:00	3102.19	3102.83	3063.96	3078.28	13767	0	481
2024.05.19	16:00:00	3078.17	3083.78	3059.93	3065.58	13477	0	480
2024.05.19	20:00:00	3065.61	3082.25	3053.84	3070.69	12884	0	462
2024.05.20	00:00:00	3070.66	3099.50	3048.50	3088.02	13712	0	489
2024.05.20	04:00:00	3088.01	3137.64	3065.91	3093.31	13720	0	472
2024.05.20	08:00:00	3093.28	3113.09	3086.97	3094.97	13188	0	474
2024.05.20	12:00:00	3094.98	3120.45	3077.11	3117.33	14044	0	493
2024.05.20	16:00:00	3117.24	3453.97	3107.79	3437.47	28956	0	510
2024.05.20	20:00:00	3437.04	3685.40	3419.11	3657.73	30654	0	614
2024.05.21	00:00:00	3658.05	3711.61	3636.71	3687.04	15675	0	630
2024.05.21	04:00:00	3687.16	3691.39	3620.87	3656.96	14065	0	640
2024.05.21	08:00:00	3656.82	3815.33	3643.83	3769.40	15424	0	632
2024.05.21	12:00:00	3769.66	3829.82	3742.12	3771.20	20253	0	662
2024.05.21	16:00:00	3771.14	3831.42	3679.55	3707.84	17927	0	669
2024.05.21	20:00:00	3708.03	3815.17	3704.94	3784.71	14646	0	626
2024.05.22	00:00:00	3784.86	3807.66	3769.38	3789.20	14120	0	617
2024.05.22	04:00:00	3789.20	3791.34	3719.04	3744.33	14281	0	615
2024.05.22	08:00:00	3744.29	3773.13	3687.43	3687.82	14354	0	617
2024.05.22	12:00:00	3687.63	3769.49	3652.93	3757.53	18481	0	643
2024.05.22	16:00:00	3757.42	3791.42	3696.96	3731.83	16982	0	607
2024.05.22	20:00:00	3732.23	3775.06	3718.78	3733.49	16712	0	576
2024.05.23	00:00:00	3733.59	3784.90	3731.00	3777.39	15104	0	568
2024.05.23	04:00:00	3777.31	3830.51	3753.72	3810.48	15704	0	572
2024.05.23	08:00:00	3809.99	3918.54	3786.42	3915.41	17482	0	597
2024.05.23	12:00:00	3915.49	3945.40	3729.74	3808.43	34995	0	635
2024.05.23	16:00:00	3808.58	3823.27	3699.98	3784.87	22263	0	523
2024.05.23	20:00:00	3784.89	3896.13	3527.00	3781.49	114481	0	576
2024.05.24	00:00:00	3781.04	3827.14	3742.40	3801.96	15620	0	568
2024.05.24	04:00:00	3801.96	3812.45	3646.40	3678.63	18707	0	545
2024.05.24	08:00:00	3678.96	3716.61	3626.57	3711.73	16358	0	529
2024.05.24	12:00:00	3711.75	3730.36	3669.48	3691.40	15893	0	576
2024.05.24	16:00:00	3691.68	3755.19	3653.54	3742.21	16278	0	585
2024.05.24	20:00:00	3741.99	3753.78	3720.33	3726.51	13666	0	592
2024.05.25	00:00:00	3726.51	3742.63	3706.90	3741.72	13348	0	571
2024.05.25	04:00:00	3741.73	3773.60	3740.15	3743.73	13369	0	560
2024.05.25	08:00:00	3743.68	3773.31	3732.20	3736.97	13509	0	559
2024.05.25	12:00:00	3737.02	3755.12	3717.65	3740.15	14028	0	571
2024.05.25	16:00:00	3740.18	3761.77	3733.59	3754.02	13143	0	559
2024.05.25	20:00:00	3754.04	3757.93	3725.99	3747.20	12715	0	540
2024.05.26	00:00:00	3747.31	3767.89	3726.10	3767.39	13164	0	570
2024.05.26	04:00:00	3767.40	3790.71	3738.59	3783.11	13171	0	576
2024.05.26	08:00:00	3782.63	3819.59	3774.23	3811.36	14442	0	547
2024.05.26	12:00:00	3811.31	3873.47	3789.50	3832.75	14843	0	553
2024.05.26	16:00:00	3832.71	3880.55	3829.79	3876.44	14098	0	586
2024.05.26	20:00:00	3876.38	3876.46	3813.49	3823.47	13823	0	581
2024.05.27	00:00:00	3823.47	3937.44	3819.91	3917.90	14519	0	604
2024.05.27	04:00:00	3917.95	3931.80	3886.20	3912.32	13890	0	595
2024.05.27	08:00:00	3911.89	3948.61	3880.77	3897.28	13850	0	626
2024.05.27	12:00:00	3897.24	3972.15	3887.26	3958.30	14871	0	629
2024.05.27	16:00:00	3958.27	3969.87	3853.27	3870.39	14131	0	640
2024.05.27	20:00:00	3870.32	3902.69	3857.16	3890.38	15007	0	769
2024.05.28	00:00:00	3890.37	3905.90	3823.62	3846.53	22116	0	769
2024.05.28	04:00:00	3846.54	3861.44	3817.70	3842.30	17721	0	777
2024.05.28	08:00:00	3842.32	3924.78	3833.23	3898.17	14217	0	776
2024.05.28	12:00:00	3898.23	3907.71	3826.32	3856.72	16120	0	714
2024.05.28	16:00:00	3856.66	3865.35	3767.27	3834.81	16479	0	709
2024.05.28	20:00:00	3834.92	3868.44	3816.58	3838.84	13490	0	670
2024.05.29	00:00:00	3838.91	3857.03	3829.59	3847.01	14034	0	677
2024.05.29	04:00:00	3847.00	3880.57	3816.51	3817.53	13893	0	652
2024.05.29	08:00:00	3817.54	3823.97	3775.67	3804.19	14789	0	663
2024.05.29	12:00:00	3804.47	3835.25	3746.18	3754.72	16740	0	653
2024.05.29	16:00:00	3754.85	3770.04	3740.16	3745.35	13955	0	673
2024.05.29	20:00:00	3745.45	3786.98	3739.32	3761.24	13970	0	656
2024.05.30	00:00:00	3761.15	3793.26	3746.28	3786.44	13612	0	630
2024.05.30	04:00:00	3786.35	3797.59	3712.00	3716.64	14272	0	610
2024.05.30	08:00:00	3716.67	3751.51	3699.75	3732.94	14017	0	594
2024.05.30	12:00:00	3732.90	3795.58	3728.56	3771.57	14472	0	610
2024.05.30	16:00:00	3771.60	3821.37	3747.92	3759.29	15386	0	645
2024.05.30	20:00:00	3759.11	3759.13	3716.95	3744.70	14051	0	614
2024.05.31	00:00:00	3744.68	3767.59	3738.88	3756.99	13286	0	608
2024.05.31	04:00:00	3757.01	3763.72	3722.10	3725.52	13216	0	597
2024.05.31	08:00:00	3725.67	3809.83	3724.55	3798.06	13554	0	620
2024.05.31	12:00:00	3798.15	3842.34	3737.75	3739.76	16512	0	622
2024.05.31	16:00:00	3739.83	3786.29	3718.38	3776.62	14498	0	644
2024.05.31	20:00:00	3777.05	3793.17	3736.17	3756.26	12719	0	629
2024.06.01	00:00:00	3756.46	3776.45	3744.80	3773.62	12869	0	603
2024.06.01	04:00:00	3773.63	3789.79	3763.45	3767.17	12568	0	603
2024.06.01	08:00:00	3767.16	3803.24	3766.86	3782.52	12554	0	579
2024.06.01	12:00:00	3782.53	3808.89	3781.48	3793.22	12816	0	517
2024.06.01	16:00:00	3793.24	3804.76	3784.50	3798.83	12433	0	554
2024.06.01	20:00:00	3798.83	3829.05	3793.85	3812.09	12526	0	534
2024.06.02	00:00:00	3811.67	3834.84	3794.31	3802.31	13143	0	479
2024.06.02	04:00:00	3802.29	3819.49	3787.30	3788.62	12726	0	602
2024.06.02	08:00:00	3788.60	3804.33	3765.18	3798.98	13275	0	601
2024.06.02	12:00:00	3798.99	3805.32	3769.37	3794.09	12839	0	806
2024.06.02	16:00:00	3794.10	3798.98	3750.30	3776.18	13394	0	768
2024.06.02	20:00:00	3776.22	3791.52	3762.26	3776.04	12755	0	734
2024.06.03	00:00:00	3776.26	3814.95	3756.86	3794.77	13102	0	707
2024.06.03	04:00:00	3794.81	3837.75	3790.79	3813.36	13127	0	695
2024.06.03	08:00:00	3813.42	3835.22	3798.05	3805.12	12626	0	695
2024.06.03	12:00:00	3805.15	3847.40	3754.86	3792.91	14638	0	685
2024.06.03	16:00:00	3793.23	3794.57	3754.37	3767.30	13647	0	651
2024.06.03	20:00:00	3767.72	3779.06	3755.56	3764.85	12944	0	631
2024.06.04	00:00:00	3764.64	3780.06	3730.19	3768.59	13676	0	624
2024.06.04	04:00:00	3768.63	3773.61	3747.24	3769.09	13090	0	610
2024.06.04	08:00:00	3769.14	3777.42	3735.54	3758.55	13616	0	614
2024.06.04	12:00:00	3758.58	3813.20	3747.99	3805.85	14976	0	630
2024.06.04	16:00:00	3806.13	3827.11	3773.50	3796.12	14238	0	642
2024.06.04	20:00:00	3796.09	3818.76	3787.73	3807.03	12973	0	598
2024.06.05	00:00:00	3806.55	3837.67	3795.46	3806.58	13127	0	616
2024.06.05	04:00:00	3806.49	3817.24	3772.00	3805.68	13201	0	604
2024.06.05	08:00:00	3805.54	3806.94	3781.65	3800.42	12909	0	612
2024.06.05	12:00:00	3800.41	3819.40	3776.44	3810.56	13781	0	625
2024.06.05	16:00:00	3810.58	3874.44	3792.86	3872.69	14034	0	644
2024.06.05	20:00:00	3872.73	3882.42	3839.16	3863.56	12860	0	611
2024.06.06	00:00:00	3863.11	3876.37	3850.89	3858.66	12816	0	617
2024.06.06	04:00:00	3858.67	3863.20	3835.32	3848.47	12956	0	617
2024.06.06	08:00:00	3848.47	3852.83	3837.02	3844.32	12945	0	620
2024.06.06	12:00:00	3844.31	3863.69	3816.25	3839.20	14399	0	651
2024.06.06	16:00:00	3839.30	3850.44	3783.74	3787.50	14166	0	651
2024.06.06	20:00:00	3787.50	3812.44	3755.33	3810.11	13486	0	612
2024.06.07	00:00:00	3809.65	3810.18	3786.60	3803.27	12686	0	617
2024.06.07	04:00:00	3803.33	3820.87	3802.35	3811.68	12944	0	624
2024.06.07	08:00:00	3811.82	3836.60	3795.73	3829.09	12521	0	612
2024.06.07	12:00:00	3829.43	3837.95	3766.12	3794.86	16815	0	636
2024.06.07	16:00:00	3794.87	3802.25	3584.71	3685.23	28809	0	605
2024.06.07	20:00:00	3685.16	3698.50	3666.94	3676.99	13443	0	564
2024.06.08	00:00:00	3677.01	3689.02	3671.36	3685.37	12364	0	565
2024.06.08	04:00:00	3685.24	3706.22	3672.10	3704.48	11964	0	580
2024.06.08	08:00:00	3704.42	3705.67	3674.06	3678.37	12821	0	580
2024.06.08	12:00:00	3678.20	3693.47	3655.28	3684.27	13252	0	552
2024.06.08	16:00:00	3684.34	3691.86	3668.13	3679.19	12993	0	545
2024.06.08	20:00:00	3679.21	3681.35	3666.05	3677.50	12812	0	560
2024.06.09	00:00:00	3677.44	3680.83	3660.33	3669.75	12654	0	571
2024.06.09	04:00:00	3669.80	3688.38	3665.76	3683.01	12403	0	574
2024.06.09	08:00:00	3682.91	3690.68	3678.42	3690.11	11210	0	536
2024.06.09	12:00:00	3690.10	3709.94	3678.34	3687.13	12754	0	555
2024.06.09	16:00:00	3687.12	3705.97	3685.57	3698.12	12409	0	559
2024.06.09	20:00:00	3698.12	3718.73	3690.06	3703.57	12543	0	554
2024.06.10	00:00:00	3703.17	3704.37	3675.58	3680.47	12374	0	562
2024.06.10	04:00:00	3680.48	3689.31	3639.94	3644.41	13078	0	583
2024.06.10	08:00:00	3643.82	3677.20	3642.32	3671.59	13067	0	566
2024.06.10	12:00:00	3671.60	3708.68	3657.06	3697.40	13707	0	588
2024.06.10	16:00:00	3697.56	3700.63	3659.68	3663.90	13754	0	579
2024.06.10	20:00:00	3664.41	3672.82	3646.58	3665.11	13404	0	578
2024.06.11	00:00:00	3664.68	3669.17	3569.31	3592.11	19655	0	585
2024.06.11	04:00:00	3591.86	3591.86	3502.09	3529.21	15965	0	551
2024.06.11	08:00:00	3528.69	3543.22	3497.97	3523.65	15382	0	604
2024.06.11	12:00:00	3523.61	3540.49	3429.27	3443.60	17761	0	553
2024.06.11	16:00:00	3443.46	3500.27	3427.93	3494.01	15513	0	533
2024.06.11	20:00:00	3494.08	3507.35	3479.58	3494.35	12886	0	511
2024.06.12	00:00:00	3494.40	3510.09	3456.77	3507.44	13636	0	511
2024.06.12	04:00:00	3507.46	3528.49	3502.63	3524.54	13354	0	520
2024.06.12	08:00:00	3524.57	3559.41	3512.83	3526.95	13678	0	537
2024.06.12	12:00:00	3526.98	3653.76	3526.98	3617.07	20803	0	447
2024.06.12	16:00:00	3617.09	3623.02	3512.52	3527.90	19665	0	543
2024.06.12	20:00:00	3527.38	3571.57	3520.51	3556.81	13553	0	535
2024.06.13	00:00:00	3556.73	3558.07	3473.15	3500.27	14707	0	531
2024.06.13	04:00:00	3500.37	3516.18	3481.38	3504.80	13971	0	515
2024.06.13	08:00:00	3504.95	3509.20	3468.54	3491.93	14160	0	538
2024.06.13	12:00:00	3492.21	3531.22	3429.61	3438.08	18129	0	555
2024.06.13	16:00:00	3437.96	3486.57	3423.55	3476.68	14591	0	553
2024.06.13	20:00:00	3476.85	3486.53	3457.00	3466.55	13737	0	557
2024.06.14	00:00:00	3466.53	3503.73	3453.65	3486.18	14305	0	550
2024.06.14	04:00:00	3486.22	3527.65	3485.92	3510.59	13835	0	544
2024.06.14	08:00:00	3510.62	3524.52	3498.69	3509.89	13602	0	524
2024.06.14	12:00:00	3510.07	3521.69	3457.52	3458.63	14822	0	562
2024.06.14	16:00:00	3458.65	3463.17	3360.95	3402.48	17509	0	545
2024.06.14	20:00:00	3402.31	3522.17	3399.97	3476.72	15968	0	511
2024.06.15	00:00:00	3476.66	3499.59	3466.66	3499.59	13623	0	558
2024.06.15	04:00:00	3499.65	3550.57	3493.73	3524.08	14322	0	446
2024.06.15	08:00:00	3524.10	3537.85	3513.60	3534.28	13216	0	346
2024.06.15	12:00:00	3534.28	3587.68	3532.51	3561.42	14139	0	334
2024.06.15	16:00:00	3561.50	3571.42	3547.77	3554.37	13516	0	382
2024.06.15	20:00:00	3554.39	3571.57	3533.30	3564.95	12984	0	237
2024.06.16	00:00:00	3564.92	3569.48	3543.90	3550.01	13011	0	344
2024.06.16	04:00:00	3549.99	3569.95	3535.26	3557.19	12868	0	359
2024.06.16	08:00:00	3557.19	3564.93	3541.67	3551.40	12630	0	391
2024.06.16	12:00:00	3551.39	3607.05	3548.41	3588.16	13516	0	453
2024.06.16	16:00:00	3588.16	3605.00	3582.78	3593.85	12998	0	439
2024.06.16	20:00:00	3593.74	3647.69	3582.69	3620.28	14110	0	381
2024.06.17	00:00:00	3620.06	3635.08	3571.96	3578.93	14514	0	416
2024.06.17	04:00:00	3579.01	3592.25	3535.19	3549.75	14483	0	429
2024.06.17	08:00:00	3549.84	3558.31	3487.63	3521.37	14897	0	447
2024.06.17	12:00:00	3521.39	3542.25	3481.13	3493.14	15082	0	507
2024.06.17	16:00:00	3493.17	3572.08	3462.19	3548.36	15728	0	494
2024.06.17	20:00:00	3548.60	3551.28	3497.97	3509.74	13977	0	460
2024.06.18	00:00:00	3509.76	3513.91	3353.62	3439.00	19634	0	516
2024.06.18	04:00:00	3439.09	3460.45	3425.89	3443.21	14074	0	471
2024.06.18	08:00:00	3443.26	3450.50	3391.46	3413.14	14504	0	461
2024.06.18	12:00:00	3413.17	3436.75	3369.66	3420.18	17563	0	492
2024.06.18	16:00:00	3420.14	3431.64	3386.06	3418.18	15966	0	555
2024.06.18	20:00:00	3418.35	3485.08	3409.00	3479.29	15165	0	514
2024.06.19	00:00:00	3479.28	3568.75	3463.31	3561.95	15681	0	417
2024.06.19	04:00:00	3561.69	3581.77	3532.76	3543.11	13936	0	457
2024.06.19	08:00:00	3543.14	3560.94	3516.64	3536.67	14494	0	536
2024.06.19	12:00:00	3536.72	3548.99	3511.49	3528.65	14458	0	555
2024.06.19	16:00:00	3528.23	3584.11	3521.05	3543.97	14732	0	574
2024.06.19	20:00:00	3543.95	3572.97	3530.26	3559.47	13485	0	517
2024.06.20	00:00:00	3559.02	3591.39	3533.59	3552.19	14934	0	565
2024.06.20	04:00:00	3551.80	3612.93	3543.61	3604.44	14561	0	558
2024.06.20	08:00:00	3604.48	3622.04	3570.06	3597.04	14444	0	508
2024.06.20	12:00:00	3597.18	3609.83	3492.26	3505.02	16486	0	461
2024.06.20	16:00:00	3504.53	3540.63	3483.35	3534.44	14742	0	576
2024.06.20	20:00:00	3534.48	3536.21	3509.25	3512.40	13143	0	558
2024.06.21	00:00:00	3512.15	3533.90	3489.63	3497.99	14605	0	556
2024.06.21	04:00:00	3498.04	3520.11	3466.23	3474.06	14018	0	550
2024.06.21	08:00:00	3474.51	3527.84	3446.30	3502.11	15925	0	576
2024.06.21	12:00:00	3502.04	3517.38	3453.45	3490.52	16628	0	550
2024.06.21	16:00:00	3490.58	3534.72	3468.17	3534.70	15012	0	544
2024.06.21	20:00:00	3534.03	3545.24	3498.58	3516.74	13697	0	542
2024.06.22	00:00:00	3516.27	3520.48	3494.13	3505.18	13508	0	541
2024.06.22	04:00:00	3505.32	3509.47	3487.09	3492.41	13011	0	540
2024.06.22	08:00:00	3492.43	3497.78	3472.65	3490.99	13223	0	584
2024.06.22	12:00:00	3491.01	3508.65	3484.88	3503.40	13021	0	585
2024.06.22	16:00:00	3503.66	3506.45	3483.08	3489.49	12901	0	587
2024.06.22	20:00:00	3489.45	3506.10	3483.87	3495.28	12602	0	562
2024.06.23	00:00:00	3494.90	3517.50	3492.61	3516.99	12889	0	551
2024.06.23	04:00:00	3517.06	3519.52	3505.36	3510.65	12485	0	539
2024.06.23	08:00:00	3510.76	3511.62	3486.82	3496.66	12570	0	546
2024.06.23	12:00:00	3496.66	3502.94	3468.92	3472.99	13707	0	572
2024.06.23	16:00:00	3472.91	3479.68	3459.53	3477.96	13449	0	581
2024.06.23	20:00:00	3477.96	3478.48	3404.29	3418.40	15993	0	551
2024.06.24	00:00:00	3418.36	3433.86	3384.70	3401.83	14949	0	565
2024.06.24	04:00:00	3401.89	3412.58	3353.14	3367.99	15488	0	545
2024.06.24	08:00:00	3368.24	3391.74	3237.24	3320.27	23485	0	529
2024.06.24	12:00:00	3320.08	3336.60	3260.25	3278.23	16602	0	535
2024.06.24	16:00:00	3278.22	3311.40	3242.03	3291.82	18515	0	513
2024.06.24	20:00:00	3291.87	3357.17	3260.39	3347.83	15726	0	498
2024.06.25	00:00:00	3347.97	3383.72	3335.00	3369.61	15299	0	498
2024.06.25	04:00:00	3369.64	3389.22	3354.87	3359.31	13930	0	512
2024.06.25	08:00:00	3359.44	3390.10	3344.92	3373.39	14638	0	472
2024.06.25	12:00:00	3373.83	3424.69	3357.01	3419.75	15480	0	431
2024.06.25	16:00:00	3419.58	3428.60	3380.15	3416.59	15122	0	460
2024.06.25	20:00:00	3416.10	3418.27	3388.10	3394.01	12852	0	417
2024.06.26	00:00:00	3394.26	3423.00	3383.56	3395.17	13413	0	456
2024.06.26	04:00:00	3395.17	3404.69	3374.50	3400.93	13596	0	457
2024.06.26	08:00:00	3400.90	3402.07	3365.31	3379.40	13519	0	445
2024.06.26	12:00:00	3379.43	3394.50	3346.69	3361.70	14807	0	439
2024.06.26	16:00:00	3361.70	3408.69	3326.24	3406.60	15483	0	450
2024.06.26	20:00:00	3406.25	3416.57	3364.85	3371.19	13352	0	455
2024.06.27	00:00:00	3371.26	3389.70	3361.73	3381.77	13777	0	448
2024.06.27	04:00:00	3381.74	3387.10	3364.09	3372.26	13420	0	472
2024.06.27	08:00:00	3372.58	3410.07	3366.54	3400.16	13770	0	477
2024.06.27	12:00:00	3400.18	3475.00	3399.20	3450.20	15203	0	496
2024.06.27	16:00:00	3450.31	3466.22	3436.92	3447.37	13574	0	431
2024.06.27	20:00:00	3447.39	3453.29	3437.56	3449.33	12724	0	420
2024.06.28	00:00:00	3449.24	3485.45	3431.46	3460.25	13802	0	451
2024.06.28	04:00:00	3460.23	3460.55	3424.61	3430.49	13359	0	513
2024.06.28	08:00:00	3430.20	3459.01	3417.65	3450.06	13524	0	496
2024.06.28	12:00:00	3450.16	3468.60	3398.53	3408.17	16858	0	529
2024.06.28	16:00:00	3407.85	3412.90	3360.06	3373.76	14860	0	511
2024.06.28	20:00:00	3373.83	3391.16	3364.19	3377.57	13566	0	491
2024.06.29	00:00:00	3377.46	3396.79	3376.05	3383.69	13314	0	513
2024.06.29	04:00:00	3383.69	3405.14	3377.18	3395.64	12694	0	517
2024.06.29	08:00:00	3395.72	3402.69	3383.59	3396.62	12623	0	511
2024.06.29	12:00:00	3396.66	3399.53	3378.44	3391.04	12519	0	501
2024.06.29	16:00:00	3390.96	3393.03	3372.15	3382.54	12712	0	500
2024.06.29	20:00:00	3382.56	3386.08	3366.99	3375.59	12696	0	508
2024.06.30	00:00:00	3375.51	3387.01	3349.99	3366.76	13465	0	516
2024.06.30	04:00:00	3366.80	3396.02	3354.14	3391.04	13013	0	502
2024.06.30	08:00:00	3391.34	3395.08	3381.65	3384.67	12549	0	519
2024.06.30	12:00:00	3384.68	3399.14	3374.51	3394.90	12713	0	508
2024.06.30	16:00:00	3395.04	3429.59	3387.42	3425.65	13017	0	499
2024.06.30	20:00:00	3425.55	3454.46	3404.63	3433.97	13665	0	492
2024.07.01	00:00:00	3433.53	3519.12	3428.76	3495.86	14593	0	523
2024.07.01	04:00:00	3495.88	3496.46	3481.46	3487.89	12636	0	514
2024.07.01	08:00:00	3487.90	3492.22	3454.28	3456.75	13620	0	521
2024.07.01	12:00:00	3456.76	3476.73	3447.42	3470.28	15037	0	544
2024.07.01	16:00:00	3470.20	3494.92	3457.14	3466.25	13980	0	568
2024.07.01	20:00:00	3466.50	3472.39	3421.88	3439.73	13433	0	534
2024.07.02	00:00:00	3439.43	3460.83	3430.86	3453.92	13401	0	540
2024.07.02	04:00:00	3453.84	3460.87	3428.62	3433.87	13217	0	531
2024.07.02	08:00:00	3434.03	3450.77	3427.98	3447.88	13196	0	534
2024.07.02	12:00:00	3447.90	3457.39	3397.14	3411.29	15334	0	550
2024.07.02	16:00:00	3411.09	3428.46	3403.12	3409.30	14113	0	546
2024.07.02	20:00:00	3409.70	3423.46	3407.87	3416.80	13814	0	550
2024.07.03	00:00:00	3416.31	3428.89	3329.53	3357.14	14597	0	512
2024.07.03	04:00:00	3357.35	3369.29	3348.26	3349.95	13342	0	484
2024.07.03	08:00:00	3349.41	3354.94	3277.32	3305.58	16753	0	500
2024.07.03	12:00:00	3305.58	3324.38	3273.98	3298.77	15439	0	510
2024.07.03	16:00:00	3298.27	3320.52	3252.49	3264.09	16037	0	529
2024.07.03	20:00:00	3263.70	3302.92	3249.18	3294.82	14709	0	489
2024.07.04	00:00:00	3294.76	3312.11	3162.56	3241.86	17944	0	496
2024.07.04	04:00:00	3241.84	3245.37	3168.99	3181.59	15655	0	487
2024.07.04	08:00:00	3181.39	3194.77	3124.58	3158.35	17096	0	493
2024.07.04	12:00:00	3158.41	3158.89	3088.75	3135.12	17038	0	518
2024.07.04	16:00:00	3135.28	3149.79	3111.29	3132.77	14129	0	514
2024.07.04	20:00:00	3132.75	3165.44	3050.63	3059.19	14389	0	510
2024.07.05	00:00:00	3059.49	3106.53	2882.51	2920.81	38828	0	409
2024.07.05	04:00:00	2920.92	2928.36	2818.06	2876.44	22303	0	364
2024.07.05	08:00:00	2876.61	2953.65	2824.55	2945.90	17015	0	354
2024.07.05	12:00:00	2945.96	3001.86	2919.96	2989.76	21928	0	374
2024.07.05	16:00:00	2990.00	3000.31	2958.52	2988.31	15702	0	372
2024.07.05	20:00:00	2987.88	2993.97	2964.18	2982.32	13782	0	353
2024.07.06	00:00:00	2981.87	3027.05	2957.46	2983.30	14428	0	365
2024.07.06	04:00:00	2983.27	3017.01	2964.40	3005.57	13591	0	337
2024.07.06	08:00:00	3005.66	3016.25	2988.05	3007.43	13420	0	351
2024.07.06	12:00:00	3007.19	3030.79	2993.10	3021.65	14303	0	367
2024.07.06	16:00:00	3021.68	3063.89	3016.95	3058.48	13828	0	357
2024.07.06	20:00:00	3058.44	3080.04	3055.49	3066.49	13527	0	331
2024.07.07	00:00:00	3065.98	3073.02	3040.67	3051.75	13762	0	359
2024.07.07	04:00:00	3051.79	3051.93	2996.17	3006.87	13426	0	343
2024.07.07	08:00:00	3006.95	3032.58	3006.38	3016.84	13306	0	348
2024.07.07	12:00:00	3016.87	3026.42	2957.07	2972.29	15513	0	337
2024.07.07	16:00:00	2972.29	3009.54	2965.53	2987.84	14563	0	343
2024.07.07	20:00:00	2987.82	3002.74	2924.95	2934.33	15936	0	301
2024.07.08	00:00:00	2933.99	2954.69	2826.87	2883.45	20765	0	304
2024.07.08	04:00:00	2883.14	2933.78	2878.20	2929.15	16121	0	339
2024.07.08	08:00:00	2928.94	3093.57	2925.44	3054.52	18077	0	334
2024.07.08	12:00:00	3054.33	3063.80	2895.59	2970.67	21368	0	322
2024.07.08	16:00:00	2970.67	3011.22	2946.91	3005.40	16861	0	317
2024.07.08	20:00:00	3005.45	3046.21	2987.90	3018.28	14821	0	323
2024.07.09	00:00:00	3018.27	3074.31	3005.28	3064.57	15953	0	310
2024.07.09	04:00:00	3064.63	3089.71	3055.40	3062.32	15650	0	317
2024.07.09	08:00:00	3062.33	3112.53	3055.60	3084.71	14855	0	309
2024.07.09	12:00:00	3084.71	3105.48	3038.28	3069.89	16377	0	298
2024.07.09	16:00:00	3069.83	3087.60	3049.04	3068.39	14701	0	307
2024.07.09	20:00:00	3068.76	3081.00	3048.05	3068.77	13580	0	315
2024.07.10	00:00:00	3068.40	3084.25	3026.82	3082.10	14402	0	321
2024.07.10	04:00:00	3082.07	3129.48	3082.07	3100.39	15333	0	313
2024.07.10	08:00:00	3100.17	3110.92	3079.80	3104.04	14354	0	321
2024.07.10	12:00:00	3104.35	3130.06	3079.10	3122.79	16293	0	359
2024.07.10	16:00:00	3122.71	3150.28	3092.17	3109.77	14606	0	323
2024.07.10	20:00:00	3109.94	3113.90	3081.61	3103.74	13254	0	315
2024.07.11	00:00:00	3103.91	3129.95	3057.95	3079.23	14730	0	301
2024.07.11	04:00:00	3079.16	3125.49	3076.29	3118.93	13828	0	294
2024.07.11	08:00:00	3118.94	3155.81	3115.32	3146.83	14393	0	322
2024.07.11	12:00:00	3146.43	3214.53	3107.02	3119.24	21892	0	334
2024.07.11	16:00:00	3119.47	3149.50	3100.74	3109.57	14651	0	336
2024.07.11	20:00:00	3109.51	3122.48	3087.13	3101.88	14522	0	330
2024.07.12	00:00:00	3101.81	3118.37	3056.69	3088.47	15170	0	326
2024.07.12	04:00:00	3088.42	3100.60	3059.63	3074.69	14041	0	323
2024.07.12	08:00:00	3074.69	3087.46	3047.65	3071.69	14596	0	324
2024.07.12	12:00:00	3071.65	3138.87	3059.93	3131.95	16097	0	321
2024.07.12	16:00:00	3131.97	3158.59	3113.88	3117.30	18013	0	339
2024.07.12	20:00:00	3117.40	3136.26	3090.90	3135.28	19102	0	328
2024.07.13	00:00:00	3134.82	3141.60	3122.25	3123.63	12686	0	255
2024.07.13	04:00:00	3123.64	3144.59	3116.41	3141.89	10293	0	240
2024.07.13	08:00:00	3141.91	3170.65	3131.31	3158.66	13135	0	244
2024.07.13	12:00:00	3158.66	3166.54	3143.11	3156.66	12717	0	280
2024.07.13	16:00:00	3156.69	3166.74	3148.20	3165.30	12358	0	258
2024.07.13	20:00:00	3165.31	3202.20	3145.32	3177.16	17915	0	207
2024.07.14	00:00:00	3177.12	3195.94	3165.98	3175.51	18866	0	305
2024.07.14	04:00:00	3175.52	3207.95	3173.75	3198.02	13555	0	309
2024.07.14	08:00:00	3197.99	3227.59	3197.77	3205.33	12848	0	289
2024.07.14	12:00:00	3205.39	3206.88	3176.35	3192.70	14017	0	337
2024.07.14	16:00:00	3192.86	3199.75	3186.40	3193.14	13266	0	361
2024.07.14	20:00:00	3193.11	3270.21	3191.73	3246.92	15085	0	312
2024.07.15	00:00:00	3247.20	3342.68	3235.48	3331.84	16926	0	353
2024.07.15	04:00:00	3331.92	3370.03	3323.17	3357.76	15631	0	272
2024.07.15	08:00:00	3357.84	3374.14	3328.74	3341.36	14960	0	308
2024.07.15	12:00:00	3341.51	3392.72	3334.99	3368.30	16211	0	344
2024.07.15	16:00:00	3368.43	3428.05	3358.90	3407.40	17505	0	361
2024.07.15	20:00:00	3407.68	3493.95	3405.71	3482.96	16167	0	354
2024.07.16	00:00:00	3482.49	3498.21	3456.75	3472.83	15618	0	372
2024.07.16	04:00:00	3472.82	3480.59	3373.67	3379.69	17824	0	368
2024.07.16	08:00:00	3379.74	3428.63	3349.05	3423.19	17390	0	374
2024.07.16	12:00:00	3423.03	3487.35	3378.04	3477.79	19158	0	394
2024.07.16	16:00:00	3477.59	3494.97	3443.93	3476.15	16663	0	406
2024.07.16	20:00:00	3476.32	3476.69	3417.61	3448.97	15229	0	367
2024.07.17	00:00:00	3448.49	3518.29	3445.50	3482.17	15562	0	409
2024.07.17	04:00:00	3482.19	3516.03	3473.90	3488.07	14941	0	395
2024.07.17	08:00:00	3488.07	3502.49	3442.78	3450.54	15968	0	383
2024.07.17	12:00:00	3450.72	3476.53	3433.90	3439.00	17218	0	414
2024.07.17	16:00:00	3439.20	3440.27	3376.34	3417.46	16485	0	390
2024.07.17	20:00:00	3417.40	3428.53	3386.19	3388.67	15378	0	351
2024.07.18	00:00:00	3388.83	3441.29	3383.65	3431.97	16034	0	386
2024.07.18	04:00:00	3432.33	3454.91	3409.88	3434.66	14862	0	373
2024.07.18	08:00:00	3434.29	3461.50	3432.89	3459.94	14552	0	367
2024.07.18	12:00:00	3459.93	3489.53	3385.95	3390.91	17730	0	359
2024.07.18	16:00:00	3390.92	3425.71	3369.04	3405.91	16440	0	363
2024.07.18	20:00:00	3406.21	3438.55	3396.83	3427.08	13909	0	334
2024.07.19	00:00:00	3426.61	3433.50	3384.52	3429.92	15649	0	355
2024.07.19	04:00:00	3429.97	3450.95	3384.91	3392.18	15239	0	369
2024.07.19	08:00:00	3392.13	3410.05	3376.19	3402.30	15752	0	352
2024.07.19	12:00:00	3402.46	3473.88	3395.60	3465.30	17349	0	377
2024.07.19	16:00:00	3464.93	3540.41	3463.14	3523.80	17090	0	381
2024.07.19	20:00:00	3523.55	3525.62	3492.53	3505.28	14942	0	343
2024.07.20	00:00:00	3504.88	3509.15	3481.56	3496.34	14383	0	369
2024.07.20	04:00:00	3496.28	3509.49	3488.25	3488.91	13514	0	332
2024.07.20	08:00:00	3489.15	3495.69	3481.81	3485.88	13814	0	330
2024.07.20	12:00:00	3486.04	3507.65	3481.25	3504.36	14211	0	349
2024.07.20	16:00:00	3504.62	3540.19	3492.00	3516.15	15554	0	385
2024.07.20	20:00:00	3516.20	3529.11	3503.81	3519.81	13888	0	387
2024.07.21	00:00:00	3519.90	3530.61	3505.65	3512.22	13726	0	351
2024.07.21	04:00:00	3512.24	3515.52	3478.59	3486.09	14093	0	405
2024.07.21	08:00:00	3486.29	3508.71	3485.08	3499.57	13628	0	434
2024.07.21	12:00:00	3499.59	3519.74	3483.92	3501.57	14456	0	379
2024.07.21	16:00:00	3501.55	3527.01	3414.91	3492.70	18781	0	422
2024.07.21	20:00:00	3492.75	3546.59	3484.54	3536.65	15393	0	364
2024.07.22	00:00:00	3536.21	3562.16	3516.02	3519.02	14906	0	369
2024.07.22	04:00:00	3519.10	3524.74	3460.75	3479.94	15802	0	400
2024.07.22	08:00:00	3480.20	3503.61	3469.58	3501.53	14491	0	384
2024.07.22	12:00:00	3501.61	3507.72	3436.85	3458.85	17176	0	391
2024.07.22	16:00:00	3459.05	3499.98	3445.43	3499.52	15525	0	395
2024.07.22	20:00:00	3499.65	3501.57	3424.27	3442.67	16316	0	384
2024.07.23	00:00:00	3442.93	3490.49	3439.03	3475.88	15654	0	407
2024.07.23	04:00:00	3475.79	3483.99	3426.98	3455.26	16651	0	388
2024.07.23	08:00:00	3455.11	3538.84	3452.23	3515.20	16924	0	403
2024.07.23	12:00:00	3515.12	3517.95	3431.28	3454.74	19874	0	406
2024.07.23	16:00:00	3454.86	3498.86	3392.68	3459.65	18185	0	263
2024.07.23	20:00:00	3459.32	3501.51	3456.59	3482.01	15625	0	403
2024.07.24	00:00:00	3482.27	3489.05	3429.61	3450.10	14954	0	394
2024.07.24	04:00:00	3450.13	3453.31	3430.16	3447.86	14497	0	394
2024.07.24	08:00:00	3447.88	3473.57	3444.05	3460.08	14494	0	417
2024.07.24	12:00:00	3460.12	3471.09	3410.24	3415.88	15667	0	457
2024.07.24	16:00:00	3415.70	3434.12	3359.10	3362.03	16572	0	436
2024.07.24	20:00:00	3362.49	3378.80	3299.82	3337.07	18072	0	400
2024.07.25	00:00:00	3337.26	3343.21	3156.51	3168.83	22018	0	331
2024.07.25	04:00:00	3168.50	3194.64	3133.45	3171.65	16735	0	336
2024.07.25	08:00:00	3171.83	3187.92	3151.94	3171.28	15981	0	337
2024.07.25	12:00:00	3171.25	3184.05	3109.94	3142.29	19695	0	334
2024.07.25	16:00:00	3142.04	3171.23	3100.65	3122.99	18000	0	347
2024.07.25	20:00:00	3123.24	3198.33	3088.71	3175.87	17653	0	366
2024.07.26	00:00:00	3175.45	3261.27	3171.10	3236.52	16626	0	358
2024.07.26	04:00:00	3236.74	3277.22	3233.17	3251.17	15028	0	386
2024.07.26	08:00:00	3251.08	3264.95	3235.18	3247.34	14647	0	380
2024.07.26	12:00:00	3247.60	3271.64	3222.84	3256.33	17700	0	383
2024.07.26	16:00:00	3255.95	3287.25	3242.16	3274.92	15070	0	402
2024.07.26	20:00:00	3275.17	3287.33	3251.87	3274.71	14298	0	422
2024.07.27	00:00:00	3274.78	3276.23	3243.84	3245.67	14303	0	415
2024.07.27	04:00:00	3245.51	3278.40	3244.43	3272.38	12911	0	390
2024.07.27	08:00:00	3272.47	3284.45	3263.04	3279.34	13059	0	351
2024.07.27	12:00:00	3279.39	3328.05	3268.38	3280.31	15892	0	394
2024.07.27	16:00:00	3280.35	3291.24	3227.41	3258.81	16035	0	518
2024.07.27	20:00:00	3259.19	3291.10	3186.81	3246.98	18626	0	422
2024.07.28	00:00:00	3247.07	3254.34	3222.65	3234.60	14814	0	475
2024.07.28	04:00:00	3234.76	3241.86	3195.48	3225.88	14730	0	495
2024.07.28	08:00:00	3225.35	3264.53	3212.14	3254.79	13798	0	493
2024.07.28	12:00:00	3254.87	3277.62	3252.56	3265.88	13719	0	465
2024.07.28	16:00:00	3265.96	3281.64	3259.14	3269.41	13511	0	492
2024.07.28	20:00:00	3269.42	3272.97	3248.33	3267.60	13217	0	479
2024.07.29	00:00:00	3267.92	3354.39	3264.78	3346.25	17122	0	453
2024.07.29	04:00:00	3346.21	3385.09	3337.12	3363.93	14919	0	453
2024.07.29	08:00:00	3363.37	3396.79	3360.51	3374.50	14229	0	477
2024.07.29	12:00:00	3374.19	3387.27	3288.27	3309.30	17813	0	442
2024.07.29	16:00:00	3309.23	3323.13	3257.51	3311.85	17424	0	417
2024.07.29	20:00:00	3312.11	3354.32	3310.22	3319.95	14976	0	410
2024.07.30	00:00:00	3320.17	3339.82	3284.25	3322.25	16326	0	397
2024.07.30	04:00:00	3322.29	3351.68	3298.25	3338.61	15174	0	390
2024.07.30	08:00:00	3338.10	3355.17	3327.93	3335.93	15175	0	431
2024.07.30	12:00:00	3336.22	3366.92	3291.42	3322.04	17277	0	405
2024.07.30	16:00:00	3321.91	3328.39	3260.34	3272.00	16334	0	411
2024.07.30	20:00:00	3272.33	3286.75	3235.20	3279.46	14965	0	377
2024.07.31	00:00:00	3279.00	3305.83	3261.94	3295.24	14722	0	383
2024.07.31	04:00:00	3295.33	3332.95	3263.47	3317.57	15424	0	392
2024.07.31	08:00:00	3317.69	3327.66	3305.16	3322.19	14043	0	402
2024.07.31	12:00:00	3322.36	3349.63	3297.60	3303.71	16573	0	440
2024.07.31	16:00:00	3303.50	3326.67	3246.15	3266.99	18029	0	455
2024.07.31	20:00:00	3267.02	3272.63	3213.97	3234.65	16708	0	409
2024.08.01	00:00:00	3234.63	3244.07	3169.57	3177.93	17469	0	372
2024.08.01	04:00:00	3177.94	3188.37	3135.12	3166.20	17038	0	377
2024.08.01	08:00:00	3166.39	3194.45	3165.45	3187.83	14632	0	393
2024.08.01	12:00:00	3188.00	3207.72	3102.83	3116.81	17650	0	381
2024.08.01	16:00:00	3117.09	3133.63	3077.97	3130.34	19169	0	385
2024.08.01	20:00:00	3130.04	3215.38	3118.75	3200.46	16513	0	393
2024.08.02	00:00:00	3200.01	3217.17	3135.78	3167.33	16383	0	383
2024.08.02	04:00:00	3167.55	3174.13	3126.37	3146.71	15989	0	388
2024.08.02	08:00:00	3146.37	3163.81	3132.97	3153.44	14887	0	399
2024.08.02	12:00:00	3153.47	3181.94	2993.28	3038.16	20849	0	382
2024.08.02	16:00:00	3038.08	3046.10	2999.95	3012.16	16438	0	364
2024.08.02	20:00:00	3011.77	3032.14	2972.50	2986.94	17134	0	351
2024.08.03	00:00:00	2986.88	2997.27	2918.81	2977.40	16876	0	340
2024.08.03	04:00:00	2977.62	2993.56	2957.46	2982.83	13987	0	349
2024.08.03	08:00:00	2982.41	3000.25	2975.27	2994.91	13673	0	368
2024.08.03	12:00:00	2994.92	3015.49	2970.59	2975.02	23701	0	345
2024.08.03	16:00:00	2974.51	2984.28	2880.67	2893.96	22210	0	356
2024.08.03	20:00:00	2894.29	2921.99	2859.80	2903.87	16855	0	319
2024.08.04	00:00:00	2903.50	2933.27	2876.50	2915.89	15836	0	350
2024.08.04	04:00:00	2915.89	2923.27	2888.93	2894.31	14197	0	334
2024.08.04	08:00:00	2894.37	2925.78	2877.68	2915.82	14339	0	326
2024.08.04	12:00:00	2915.84	2927.39	2819.90	2827.58	16855	0	344
2024.08.04	16:00:00	2827.62	2837.59	2631.48	2757.87	24124	0	298
2024.08.04	20:00:00	2757.44	2771.84	2679.56	2688.34	15606	0	307
2024.08.05	00:00:00	2688.55	2697.04	2108.15	2313.77	109456	0	262
2024.08.05	04:00:00	2313.58	2383.53	2161.99	2355.47	35353	0	250
2024.08.05	08:00:00	2355.32	2360.07	2225.67	2290.92	28546	0	245
2024.08.05	12:00:00	2291.23	2462.31	2184.58	2450.44	33744	0	251
2024.08.05	16:00:00	2450.92	2517.98	2367.05	2407.21	23723	0	235
2024.08.05	20:00:00	2407.21	2477.10	2404.87	2422.60	18156	0	226
2024.08.06	00:00:00	2422.56	2549.74	2419.20	2494.97	17833	0	230
2024.08.06	04:00:00	2494.99	2537.03	2482.86	2524.76	17113	0	227
2024.08.06	08:00:00	2524.91	2526.79	2446.76	2462.65	17590	0	216
2024.08.06	12:00:00	2462.71	2555.60	2417.59	2528.97	20891	0	206
2024.08.06	16:00:00	2529.03	2548.18	2484.76	2496.43	17059	0	241
2024.08.06	20:00:00	2496.33	2516.37	2449.06	2463.48	16828	0	233
2024.08.07	00:00:00	2463.30	2530.38	2430.66	2508.94	17478	0	255
2024.08.07	04:00:00	2508.81	2533.70	2487.31	2511.20	16704	0	261
2024.08.07	08:00:00	2511.35	2551.54	2474.18	2477.90	16553	0	242
2024.08.07	12:00:00	2477.64	2488.48	2367.70	2414.35	19037	0	245
2024.08.07	16:00:00	2414.47	2417.86	2330.36	2351.57	19505	0	229
2024.08.07	20:00:00	2351.87	2370.64	2310.95	2344.52	17198	0	221
2024.08.08	00:00:00	2344.47	2465.53	2321.37	2432.62	19065	0	220
2024.08.08	04:00:00	2432.23	2447.61	2413.70	2416.54	15373	0	217
2024.08.08	08:00:00	2416.56	2461.40	2411.41	2449.01	16051	0	222
2024.08.08	12:00:00	2448.96	2521.28	2413.91	2508.23	20336	0	236
2024.08.08	16:00:00	2508.46	2606.14	2504.64	2574.09	18569	0	266
2024.08.08	20:00:00	2574.30	2721.83	2568.63	2683.85	19159	0	246
2024.08.09	00:00:00	2683.58	2701.99	2647.83	2694.91	16809	0	255
2024.08.09	04:00:00	2694.99	2706.53	2650.32	2671.44	15729	0	242
2024.08.09	08:00:00	2671.51	2680.35	2618.09	2636.15	15800	0	231
2024.08.09	12:00:00	2636.14	2661.66	2558.10	2559.99	17754	0	227
2024.08.09	16:00:00	2559.77	2608.56	2554.41	2592.21	15749	0	243
2024.08.09	20:00:00	2592.24	2612.29	2565.36	2600.09	15631	0	225
2024.08.10	00:00:00	2600.10	2643.07	2579.48	2604.19	15545	0	233
2024.08.10	04:00:00	2604.15	2636.16	2589.99	2635.11	13830	0	239
2024.08.10	08:00:00	2635.17	2645.18	2623.04	2639.13	13614	0	231
2024.08.10	12:00:00	2639.13	2640.13	2599.37	2602.74	13673	0	212
2024.08.10	16:00:00	2602.86	2623.28	2592.84	2606.43	13910	0	207
2024.08.10	20:00:00	2606.46	2619.78	2599.95	2612.01	12597	0	209
2024.08.11	00:00:00	2612.10	2667.22	2609.18	2648.29	14101	0	237
2024.08.11	04:00:00	2648.41	2681.94	2637.01	2677.47	13706	0	231
2024.08.11	08:00:00	2677.48	2718.69	2647.22	2656.19	15144	0	223
2024.08.11	12:00:00	2656.16	2658.84	2598.56	2617.37	15126	0	221
2024.08.11	16:00:00	2617.36	2647.54	2599.98	2600.52	14676	0	226
2024.08.11	20:00:00	2600.56	2605.04	2542.86	2557.65	16963	0	217
2024.08.12	00:00:00	2557.67	2579.79	2511.11	2543.74	16023	0	228
2024.08.12	04:00:00	2543.76	2583.02	2518.38	2569.17	15296	0	225
2024.08.12	08:00:00	2569.13	2682.79	2560.52	2674.31	17066	0	247
2024.08.12	12:00:00	2674.17	2724.01	2595.08	2690.86	21491	0	250
2024.08.12	16:00:00	2690.71	2699.64	2627.72	2660.11	16817	0	247
2024.08.12	20:00:00	2660.45	2748.67	2658.85	2724.26	16500	0	237
2024.08.13	00:00:00	2724.26	2740.16	2653.94	2659.41	17703	0	239
2024.08.13	04:00:00	2659.46	2667.68	2636.97	2651.08	14619	0	232
2024.08.13	08:00:00	2651.08	2661.23	2614.11	2646.61	14868	0	229
2024.08.13	12:00:00	2646.60	2676.48	2633.69	2654.35	17294	0	254
2024.08.13	16:00:00	2654.34	2731.15	2652.65	2712.55	16784	0	266
2024.08.13	20:00:00	2712.57	2734.89	2695.41	2704.51	14276	0	259
2024.08.14	00:00:00	2704.51	2727.17	2688.50	2710.81	14847	0	257
2024.08.14	04:00:00	2710.94	2750.03	2709.50	2730.56	14350	0	254
2024.08.14	08:00:00	2730.48	2763.73	2717.56	2752.78	14824	0	241
2024.08.14	12:00:00	2752.83	2778.24	2637.56	2676.82	19736	0	247
2024.08.14	16:00:00	2676.76	2676.76	2644.26	2671.13	15749	0	236
2024.08.14	20:00:00	2671.08	2682.42	2642.63	2663.86	14317	0	223
2024.08.15	00:00:00	2663.92	2675.73	2634.26	2654.84	15454	0	222
2024.08.15	04:00:00	2654.76	2658.81	2590.84	2616.84	15570	0	209
2024.08.15	08:00:00	2616.85	2644.91	2606.11	2639.25	14603	0	220
2024.08.15	12:00:00	2639.14	2677.31	2633.78	2670.80	18647	0	226
2024.08.15	16:00:00	2670.70	2677.11	2524.10	2551.87	22287	0	214
2024.08.15	20:00:00	2552.02	2592.24	2519.70	2571.90	18051	0	206
2024.08.16	00:00:00	2571.51	2609.84	2554.12	2582.26	16457	0	204
2024.08.16	04:00:00	2582.24	2629.88	2579.82	2620.02	15753	0	203
2024.08.16	08:00:00	2619.76	2629.42	2607.19	2615.13	15664	0	194
2024.08.16	12:00:00	2615.08	2619.74	2552.72	2572.13	20083	0	200
2024.08.16	16:00:00	2571.99	2631.95	2566.79	2621.43	18109	0	219
2024.08.16	20:00:00	2621.56	2628.95	2589.74	2595.50	14025	0	216
2024.08.17	00:00:00	2595.17	2612.07	2590.73	2598.74	13456	0	222
2024.08.17	04:00:00	2598.76	2605.96	2593.59	2601.06	10698	0	206
2024.08.17	08:00:00	2601.48	2609.25	2595.01	2600.70	9967	0	210
2024.08.17	12:00:00	2600.69	2620.03	2598.62	2608.51	13841	0	196
2024.08.17	16:00:00	2608.50	2628.32	2608.24	2616.89	13596	0	230
2024.08.17	20:00:00	2616.77	2619.75	2601.21	2615.82	13216	0	237
2024.08.18	00:00:00	2615.64	2638.74	2605.70	2609.62	13627	0	234
2024.08.18	04:00:00	2609.63	2613.17	2596.18	2610.67	13432	0	240
2024.08.18	08:00:00	2610.53	2665.09	2607.62	2651.76	14045	0	225
2024.08.18	12:00:00	2651.82	2686.45	2644.95	2674.11	13576	0	217
2024.08.18	16:00:00	2673.88	2681.05	2645.96	2669.78	13852	0	212
2024.08.18	20:00:00	2669.62	2673.06	2611.88	2614.79	14587	0	211
2024.08.19	00:00:00	2614.88	2649.14	2606.44	2646.16	14982	0	231
2024.08.19	04:00:00	2646.01	2650.13	2613.12	2616.61	13640	0	236
2024.08.19	08:00:00	2616.87	2624.98	2571.14	2590.41	15270	0	222
2024.08.19	12:00:00	2590.42	2606.66	2565.86	2586.81	16948	0	228
2024.08.19	16:00:00	2586.85	2629.86	2575.25	2608.26	16657	0	223
2024.08.19	20:00:00	2608.30	2642.31	2606.11	2638.26	14662	0	200
2024.08.20	00:00:00	2637.91	2677.15	2623.28	2664.16	15947	0	219
2024.08.20	04:00:00	2664.26	2696.44	2659.07	2676.76	15178	0	220
2024.08.20	08:00:00	2676.63	2678.21	2641.84	2644.92	14560	0	210
2024.08.20	12:00:00	2645.09	2658.57	2556.01	2578.96	18264	0	217
2024.08.20	16:00:00	2578.89	2609.51	2569.48	2604.66	14997	0	214
2024.08.20	20:00:00	2604.83	2612.53	2568.80	2575.89	14412	0	202
2024.08.21	00:00:00	2575.61	2600.93	2560.66	2595.04	14780	0	206
2024.08.21	04:00:00	2594.98	2610.13	2591.61	2603.01	13988	0	196
2024.08.21	08:00:00	2602.89	2608.83	2569.85	2579.79	15007	0	197
2024.08.21	12:00:00	2579.71	2618.84	2539.81	2604.29	19813	0	214
2024.08.21	16:00:00	2604.19	2651.06	2594.21	2647.72	17645	0	225
2024.08.21	20:00:00	2647.46	2663.82	2622.56	2633.47	15258	0	216
2024.08.22	00:00:00	2633.36	2641.65	2587.08	2619.03	15424	0	214
2024.08.22	04:00:00	2619.13	2642.87	2616.02	2638.05	13967	0	206
2024.08.22	08:00:00	2637.81	2645.15	2621.43	2644.05	14441	0	216
2024.08.22	12:00:00	2643.76	2646.14	2593.26	2601.89	17142	0	210
2024.08.22	16:00:00	2602.17	2621.28	2599.80	2607.37	15359	0	230
2024.08.22	20:00:00	2607.50	2628.96	2607.50	2625.29	13650	0	217
2024.08.23	00:00:00	2624.95	2653.51	2623.19	2637.84	14055	0	224
2024.08.23	04:00:00	2637.77	2691.05	2636.71	2671.45	14897	0	224
2024.08.23	08:00:00	2671.05	2682.84	2653.38	2654.94	14191	0	218
2024.08.23	12:00:00	2654.94	2700.41	2635.90	2672.23	18058	0	230
2024.08.23	16:00:00	2672.04	2750.48	2664.76	2747.55	17818	0	243
2024.08.23	20:00:00	2747.48	2799.29	2746.05	2764.72	16516	0	196
2024.08.24	00:00:00	2764.97	2771.60	2745.22	2750.49	14223	0	222
2024.08.24	04:00:00	2750.46	2766.89	2742.96	2760.77	13852	0	219
2024.08.24	08:00:00	2760.81	2784.44	2757.61	2759.24	13757	0	193
2024.08.24	12:00:00	2759.25	2766.27	2753.64	2762.72	14026	0	171
2024.08.24	16:00:00	2762.76	2818.07	2760.86	2793.39	15944	0	162
2024.08.24	20:00:00	2793.37	2807.48	2734.80	2769.79	15750	0	176
2024.08.25	00:00:00	2769.52	2782.25	2750.94	2765.99	15012	0	247
2024.08.25	04:00:00	2765.99	2772.31	2736.75	2746.44	14110	0	242
2024.08.25	08:00:00	2746.38	2763.49	2740.14	2752.86	13846	0	235
2024.08.25	12:00:00	2752.96	2773.93	2747.66	2765.88	14000	0	237
2024.08.25	16:00:00	2765.94	2775.37	2761.96	2767.93	13861	0	246
2024.08.25	20:00:00	2767.82	2792.53	2742.68	2749.35	14762	0	184
2024.08.26	00:00:00	2749.24	2764.43	2722.22	2746.97	15113	0	231
2024.08.26	04:00:00	2746.94	2754.06	2730.11	2734.51	14128	0	238
2024.08.26	08:00:00	2734.51	2749.40	2713.15	2739.85	14628	0	228
2024.08.26	12:00:00	2739.97	2745.06	2703.91	2723.04	16642	0	221
2024.08.26	16:00:00	2723.10	2733.39	2678.95	2683.29	15918	0	236
2024.08.26	20:00:00	2683.16	2695.63	2669.26	2682.73	14476	0	232
2024.08.27	00:00:00	2682.78	2696.27	2668.39	2687.95	14498	0	232
2024.08.27	04:00:00	2687.96	2702.12	2675.40	2689.46	13846	0	230
2024.08.27	08:00:00	2689.41	2694.56	2621.35	2628.82	15687	0	227
2024.08.27	12:00:00	2628.88	2632.04	2561.09	2581.70	18268	0	232
2024.08.27	16:00:00	2581.52	2595.03	2566.45	2586.52	14903	0	235
2024.08.27	20:00:00	2586.59	2591.28	2396.29	2459.46	25637	0	212
2024.08.28	00:00:00	2459.51	2482.02	2421.43	2480.17	16748	0	196
2024.08.28	04:00:00	2480.16	2488.36	2435.77	2439.22	12637	0	199
2024.08.28	08:00:00	2439.55	2548.71	2431.81	2525.32	18166	0	206
2024.08.28	12:00:00	2525.00	2542.31	2471.19	2498.27	20092	0	216
2024.08.28	16:00:00	2498.06	2547.82	2459.86	2507.80	19032	0	218
2024.08.28	20:00:00	2507.91	2555.81	2507.25	2530.03	17583	0	214
2024.08.29	00:00:00	2530.03	2539.87	2513.52	2525.29	15662	0	216
2024.08.29	04:00:00	2525.42	2560.75	2520.72	2549.95	14992	0	202
2024.08.29	08:00:00	2549.75	2575.33	2540.65	2557.65	15199	0	202
2024.08.29	12:00:00	2557.35	2598.01	2554.49	2578.55	17349	0	201
2024.08.29	16:00:00	2578.44	2589.11	2511.72	2531.43	18033	0	220
2024.08.29	20:00:00	2531.37	2546.27	2507.80	2530.28	15586	0	192
2024.08.30	00:00:00	2529.95	2538.72	2507.23	2520.63	15202	0	193
2024.08.30	04:00:00	2520.70	2536.45	2506.07	2520.40	14916	0	185
2024.08.30	08:00:00	2520.35	2531.39	2510.04	2515.58	14688	0	193
2024.08.30	12:00:00	2515.54	2550.83	2437.23	2450.99	20669	0	201
2024.08.30	16:00:00	2451.05	2543.24	2436.16	2509.86	18024	0	208
2024.08.30	20:00:00	2509.74	2533.51	2508.43	2528.86	13931	0	202
2024.08.31	00:00:00	2528.50	2536.23	2522.66	2528.08	13185	0	194
2024.08.31	04:00:00	2527.89	2534.20	2521.09	2525.33	12601	0	197
2024.08.31	08:00:00	2525.03	2533.66	2514.68	2529.49	13546	0	191
2024.08.31	12:00:00	2529.66	2531.48	2516.85	2522.34	13759	0	193
2024.08.31	16:00:00	2522.15	2523.20	2495.64	2503.70	14352	0	200
2024.08.31	20:00:00	2503.73	2530.37	2497.45	2515.66	13408	0	197
2024.09.01	00:00:00	2515.61	2519.67	2478.01	2490.50	14260	0	213
2024.09.01	04:00:00	2490.51	2493.54	2461.26	2489.19	14351	0	218
2024.09.01	08:00:00	2489.27	2495.17	2461.66	2479.40	14095	0	223
2024.09.01	12:00:00	2479.03	2488.17	2438.84	2481.76	16485	0	227
2024.09.01	16:00:00	2481.75	2514.90	2459.65	2503.02	16114	0	233
2024.09.01	20:00:00	2503.04	2516.38	2403.28	2427.79	17477	0	214
2024.09.02	00:00:00	2427.43	2455.16	2425.01	2451.95	15636	0	198
2024.09.02	04:00:00	2452.00	2467.30	2436.64	2444.42	14872	0	186
2024.09.02	08:00:00	2444.26	2540.22	2441.88	2517.34	17802	0	192
2024.09.02	12:00:00	2517.38	2529.55	2494.44	2515.90	16594	0	193
2024.09.02	16:00:00	2516.13	2533.20	2507.53	2527.11	14987	0	200
2024.09.02	20:00:00	2527.08	2565.20	2524.23	2540.69	15237	0	196
2024.09.03	00:00:00	2540.31	2556.20	2516.32	2517.96	14829	0	187
2024.09.03	04:00:00	2517.99	2527.68	2514.38	2522.97	13753	0	182
2024.09.03	08:00:00	2522.94	2523.59	2496.88	2511.52	13976	0	184
2024.09.03	12:00:00	2511.56	2521.17	2436.47	2443.98	18725	0	186
2024.09.03	16:00:00	2443.98	2470.66	2438.67	2450.12	16246	0	210
2024.09.03	20:00:00	2449.96	2472.00	2413.89	2427.78	15340	0	207
2024.09.04	00:00:00	2427.55	2451.47	2312.39	2375.31	18703	0	191
2024.09.04	04:00:00	2375.33	2416.92	2368.04	2405.01	14937	0	179
2024.09.04	08:00:00	2405.17	2414.24	2390.06	2402.01	15148	0	179
2024.09.04	12:00:00	2401.99	2460.39	2393.97	2457.35	20192	0	183
2024.09.04	16:00:00	2457.29	2491.20	2440.47	2454.91	17580	0	197
2024.09.04	20:00:00	2455.03	2471.78	2446.00	2453.07	14466	0	181
2024.09.05	00:00:00	2452.65	2468.77	2407.35	2408.47	15398	0	186
2024.09.05	04:00:00	2408.69	2422.20	2379.40	2413.43	15195	0	187
2024.09.05	08:00:00	2412.88	2417.90	2385.25	2391.80	13934	0	298
2024.09.05	12:00:00	2391.73	2415.45	2356.69	2373.66	17053	0	252
2024.09.05	16:00:00	2373.70	2397.14	2349.08	2365.47	16134	0	226
2024.09.05	20:00:00	2365.38	2380.09	2351.36	2369.88	14824	0	196
2024.09.06	00:00:00	2369.56	2409.16	2357.85	2394.07	15616	0	196
2024.09.06	04:00:00	2394.09	2399.22	2322.15	2343.80	15800	0	185
2024.09.06	08:00:00	2343.85	2380.76	2339.35	2374.07	15863	0	201
2024.09.06	12:00:00	2374.07	2407.75	2268.14	2290.10	24288	0	205
2024.09.06	16:00:00	2290.00	2292.55	2208.70	2223.00	21698	0	195
2024.09.06	20:00:00	2223.01	2229.49	2152.95	2224.84	20094	0	197
2024.09.07	00:00:00	2224.86	2242.52	2222.57	2237.89	14865	0	189
2024.09.07	04:00:00	2237.99	2294.28	2237.00	2288.30	15698	0	192
2024.09.07	08:00:00	2288.22	2299.82	2276.19	2284.93	14919	0	192
2024.09.07	12:00:00	2284.82	2311.56	2282.28	2302.05	15718	0	180
2024.09.07	16:00:00	2302.11	2305.90	2264.77	2291.28	15858	0	176
2024.09.07	20:00:00	2291.28	2292.10	2258.64	2273.61	14827	0	172
2024.09.08	00:00:00	2273.91	2289.22	2263.31	2286.50	14054	0	184
2024.09.08	04:00:00	2286.38	2303.88	2282.74	2295.15	14320	0	183
2024.09.08	08:00:00	2294.85	2309.08	2287.50	2295.73	14399	0	169
2024.09.08	12:00:00	2295.97	2299.46	2241.42	2245.86	16549	0	182
2024.09.08	16:00:00	2246.02	2283.18	2243.19	2272.81	15872	0	195
2024.09.08	20:00:00	2272.81	2332.63	2267.85	2298.52	16623	0	189
2024.09.09	00:00:00	2298.21	2320.67	2288.71	2305.53	16369	0	203
2024.09.09	04:00:00	2305.52	2316.27	2283.23	2313.80	15353	0	200
2024.09.09	08:00:00	2313.56	2338.54	2311.26	2316.28	16214	0	189
2024.09.09	12:00:00	2316.07	2326.83	2274.60	2294.25	19133	0	200
2024.09.09	16:00:00	2294.39	2353.65	2292.68	2350.90	19188	0	200
2024.09.09	20:00:00	2350.62	2380.71	2338.17	2361.03	15921	0	195
2024.09.10	00:00:00	2360.69	2361.70	2336.30	2342.52	14606	0	193
2024.09.10	04:00:00	2342.43	2367.09	2329.52	2364.10	14339	0	180
2024.09.10	08:00:00	2364.19	2373.23	2340.56	2352.93	14721	0	178
2024.09.10	12:00:00	2352.89	2364.95	2321.27	2326.09	17560	0	179
2024.09.10	16:00:00	2326.20	2392.26	2324.73	2380.86	16717	0	180
2024.09.10	20:00:00	2381.05	2400.42	2372.70	2390.14	14992	0	178
2024.09.11	00:00:00	2390.06	2390.96	2340.74	2350.07	16714	0	177
2024.09.11	04:00:00	2349.78	2349.78	2320.05	2342.34	15405	0	174
2024.09.11	08:00:00	2342.44	2342.44	2308.03	2328.74	15417	0	180
2024.09.11	12:00:00	2328.84	2355.44	2278.03	2327.77	20631	0	183
2024.09.11	16:00:00	2327.59	2370.07	2324.86	2342.44	17412	0	182
2024.09.11	20:00:00	2342.20	2353.72	2334.18	2341.52	13724	0	182
2024.09.12	00:00:00	2341.28	2391.64	2340.07	2369.34	16212	0	181
2024.09.12	04:00:00	2369.38	2381.24	2353.98	2361.38	14649	0	177
2024.09.12	08:00:00	2361.05	2367.93	2344.36	2349.83	14369	0	181
2024.09.12	12:00:00	2349.73	2368.12	2316.42	2322.85	18355	0	177
2024.09.12	16:00:00	2322.57	2363.01	2321.63	2362.48	15717	0	193
2024.09.12	20:00:00	2362.72	2374.20	2342.58	2362.99	14151	0	181
2024.09.13	00:00:00	2362.91	2366.36	2351.16	2357.80	13776	0	182
2024.09.13	04:00:00	2357.84	2361.47	2338.77	2350.38	13652	0	180
2024.09.13	08:00:00	2350.17	2377.22	2342.80	2355.97	14437	0	181
2024.09.13	12:00:00	2356.17	2413.86	2344.38	2410.36	17877	0	188
2024.09.13	16:00:00	2410.29	2431.10	2397.77	2423.53	16386	0	219
2024.09.13	20:00:00	2423.27	2464.97	2415.09	2443.50	15042	0	211
2024.09.14	00:00:00	2443.43	2444.57	2425.73	2435.86	13276	0	202
2024.09.14	04:00:00	2435.85	2436.93	2416.58	2423.01	12827	0	203
2024.09.14	08:00:00	2423.13	2425.35	2411.28	2419.60	13157	0	206
2024.09.14	12:00:00	2419.69	2427.01	2415.04	2421.31	12968	0	206
2024.09.14	16:00:00	2421.42	2424.74	2382.41	2412.29	14091	0	189
2024.09.14	20:00:00	2412.31	2424.16	2410.18	2420.81	13072	0	166
2024.09.15	00:00:00	2420.88	2433.73	2419.34	2424.88	12439	0	168
2024.09.15	04:00:00	2424.85	2428.37	2417.08	2426.71	11471	0	152
2024.09.15	08:00:00	2426.66	2427.31	2405.96	2410.60	12438	0	155
2024.09.15	12:00:00	2410.62	2421.81	2399.02	2411.66	13400	0	206
2024.09.15	16:00:00	2411.69	2412.80	2365.38	2374.81	15821	0	221
2024.09.15	20:00:00	2374.87	2374.88	2286.88	2318.38	17148	0	191
2024.09.16	00:00:00	2318.32	2324.36	2253.52	2280.18	18457	0	187
2024.09.16	04:00:00	2280.17	2313.86	2277.89	2312.12	14085	0	187
2024.09.16	08:00:00	2312.17	2335.88	2288.75	2309.66	15458	0	187
2024.09.16	12:00:00	2309.55	2314.54	2269.27	2288.43	17481	0	202
2024.09.16	16:00:00	2288.36	2311.02	2268.85	2276.10	16849	0	205
2024.09.16	20:00:00	2276.33	2303.43	2267.97	2296.90	14826	0	210
2024.09.17	00:00:00	2296.92	2300.58	2263.55	2285.66	14648	0	199
2024.09.17	04:00:00	2285.64	2312.84	2283.18	2310.73	13568	0	192
2024.09.17	08:00:00	2310.75	2325.17	2303.00	2309.94	14152	0	180
2024.09.17	12:00:00	2310.12	2393.52	2304.80	2385.51	18087	0	191
2024.09.17	16:00:00	2385.53	2391.05	2331.14	2356.02	17359	0	208
2024.09.17	20:00:00	2355.91	2364.52	2330.94	2344.48	14274	0	193
2024.09.18	00:00:00	2344.20	2344.32	2310.08	2336.92	14947	0	187
2024.09.18	04:00:00	2336.89	2338.29	2313.43	2331.66	13345	0	184
2024.09.18	08:00:00	2331.68	2331.87	2278.21	2302.51	12773	0	194
2024.09.18	12:00:00	2302.66	2319.93	2288.76	2298.03	16231	0	173
2024.09.18	16:00:00	2297.92	2365.10	2288.68	2317.47	22591	0	190
2024.09.18	20:00:00	2317.28	2376.35	2290.66	2374.21	15897	0	197
2024.09.19	00:00:00	2374.36	2414.64	2373.97	2405.52	17240	0	204
2024.09.19	04:00:00	2405.49	2444.32	2401.52	2439.90	14933	0	197
2024.09.19	08:00:00	2440.09	2444.31	2425.97	2437.69	15026	0	204
2024.09.19	12:00:00	2437.52	2454.00	2422.50	2442.60	16924	0	208
2024.09.19	16:00:00	2442.57	2495.45	2434.89	2462.27	16478	0	229
2024.09.19	20:00:00	2462.55	2480.97	2454.21	2467.18	13954	0	208
2024.09.20	00:00:00	2466.85	2522.50	2440.30	2521.65	14864	0	208
2024.09.20	04:00:00	2521.29	2573.52	2518.46	2563.03	16621	0	234
2024.09.20	08:00:00	2563.03	2565.99	2540.69	2547.02	14633	0	240
2024.09.20	12:00:00	2547.05	2568.92	2516.66	2560.30	17589	0	251
2024.09.20	16:00:00	2560.61	2569.64	2526.65	2540.88	15339	0	243
2024.09.20	20:00:00	2540.79	2561.69	2538.05	2560.18	13456	0	220
2024.09.21	00:00:00	2559.84	2586.23	2534.88	2545.38	15182	0	244
2024.09.21	04:00:00	2545.49	2560.10	2529.35	2556.79	13743	0	225
2024.09.21	08:00:00	2556.53	2558.62	2545.70	2558.24	12862	0	211
2024.09.21	12:00:00	2558.23	2573.62	2550.25	2559.82	13367	0	202
2024.09.21	16:00:00	2559.84	2576.22	2555.05	2569.68	13402	0	190
2024.09.21	20:00:00	2569.48	2620.23	2559.34	2609.59	13619	0	216
2024.09.22	00:00:00	2609.43	2630.13	2587.44	2594.31	15087	0	238
2024.09.22	04:00:00	2594.36	2603.54	2576.97	2587.85	13356	0	227
2024.09.22	08:00:00	2587.53	2595.44	2570.04	2579.46	13996	0	241
2024.09.22	12:00:00	2579.59	2587.38	2556.16	2569.74	14408	0	237
2024.09.22	16:00:00	2569.74	2590.78	2552.65	2576.42	14542	0	233
2024.09.22	20:00:00	2576.50	2592.34	2526.79	2579.39	16826	0	231
2024.09.23	00:00:00	2579.33	2686.15	2541.23	2677.36	18914	0	233
2024.09.23	04:00:00	2677.35	2681.41	2637.63	2647.85	15248	0	214
2024.09.23	08:00:00	2647.76	2663.25	2634.84	2646.88	15305	0	223
2024.09.23	12:00:00	2646.86	2686.79	2631.92	2676.93	17736	0	233
2024.09.23	16:00:00	2676.76	2705.02	2659.07	2675.27	16336	0	241
2024.09.23	20:00:00	2675.52	2685.00	2641.51	2649.63	14653	0	233
2024.09.24	00:00:00	2649.35	2654.06	2611.35	2629.55	16951	0	239
2024.09.24	04:00:00	2629.61	2650.69	2620.24	2648.78	14097	0	243
2024.09.24	08:00:00	2648.53	2669.08	2633.99	2638.59	15124	0	241
2024.09.24	12:00:00	2638.73	2647.56	2592.27	2614.57	17754	0	240
2024.09.24	16:00:00	2614.60	2656.41	2612.07	2650.86	15911	0	255
2024.09.24	20:00:00	2650.88	2671.57	2639.86	2653.56	15132	0	242
2024.09.25	00:00:00	2653.71	2673.97	2633.62	2648.67	15184	0	248
2024.09.25	04:00:00	2648.74	2648.95	2611.18	2622.97	15042	0	246
2024.09.25	08:00:00	2622.97	2632.35	2614.26	2629.29	14510	0	250
2024.09.25	12:00:00	2629.31	2631.68	2597.25	2602.61	16126	0	253
2024.09.25	16:00:00	2602.74	2610.45	2566.37	2571.08	16198	0	253
2024.09.25	20:00:00	2571.40	2586.35	2555.77	2580.14	14785	0	243
2024.09.26	00:00:00	2580.28	2607.29	2560.43	2603.90	15422	0	233
2024.09.26	04:00:00	2603.75	2635.87	2591.62	2630.65	14422	0	231
2024.09.26	08:00:00	2630.50	2640.73	2613.16	2630.76	14849	0	242
2024.09.26	12:00:00	2630.66	2663.65	2608.25	2653.35	17417	0	244
2024.09.26	16:00:00	2653.25	2667.34	2628.81	2650.38	15884	0	268
2024.09.26	20:00:00	2650.06	2656.48	2619.69	2633.89	14651	0	253
2024.09.27	00:00:00	2633.95	2647.40	2616.65	2640.75	14617	0	242
2024.09.27	04:00:00	2640.83	2669.23	2639.11	2658.68	14710	0	254
2024.09.27	08:00:00	2658.67	2678.81	2642.76	2653.48	14693	0	249
2024.09.27	12:00:00	2653.54	2701.30	2644.22	2684.23	16635	0	256
2024.09.27	16:00:00	2684.29	2728.30	2679.66	2703.35	15900	0	271
2024.09.27	20:00:00	2703.27	2709.21	2691.77	2697.80	13554	0	262
2024.09.28	00:00:00	2697.46	2706.11	2689.37	2693.39	13724	0	259
2024.09.28	04:00:00	2693.35	2701.33	2677.38	2681.13	14032	0	267
2024.09.28	08:00:00	2680.84	2681.23	2653.02	2676.70	14322	0	265
2024.09.28	12:00:00	2676.75	2678.24	2654.20	2671.76	14301	0	273
2024.09.28	16:00:00	2671.71	2685.49	2663.41	2678.52	13714	0	282
2024.09.28	20:00:00	2678.50	2682.43	2656.02	2677.08	13662	0	266
2024.09.29	00:00:00	2676.46	2683.54	2665.14	2676.89	14220	0	279
2024.09.29	04:00:00	2676.87	2677.14	2638.28	2642.55	14048	0	299
2024.09.29	08:00:00	2642.64	2656.89	2637.27	2653.81	13569	0	360
2024.09.29	12:00:00	2653.83	2669.83	2643.25	2667.15	13960	0	317
2024.09.29	16:00:00	2667.14	2672.23	2652.42	2667.18	13571	0	270
2024.09.29	20:00:00	2667.22	2673.79	2649.04	2658.44	14185	0	263
2024.09.30	00:00:00	2658.44	2663.44	2604.91	2633.04	17536	0	273
2024.09.30	04:00:00	2633.12	2645.66	2625.48	2640.22	13680	0	261
2024.09.30	08:00:00	2640.22	2644.81	2595.02	2630.93	15916	0	255
2024.09.30	12:00:00	2630.96	2639.60	2596.42	2597.80	15782	0	259
2024.09.30	16:00:00	2597.95	2612.34	2576.71	2596.64	16343	0	255
2024.09.30	20:00:00	2596.93	2618.37	2578.61	2603.44	14878	0	240
2024.10.01	00:00:00	2603.14	2633.12	2592.36	2630.13	15406	0	250
2024.10.01	04:00:00	2630.14	2658.34	2627.82	2647.05	14080	0	258
2024.10.01	08:00:00	2647.06	2648.46	2630.48	2631.64	13855	0	239
2024.10.01	12:00:00	2631.67	2635.92	2483.93	2525.80	21308	0	258
2024.10.01	16:00:00	2525.83	2532.03	2433.20	2489.50	22755	0	261
2024.10.01	20:00:00	2489.35	2494.55	2415.72	2448.52	19319	0	219
2024.10.02	00:00:00	2448.21	2499.97	2443.41	2490.93	16223	0	229
2024.10.02	04:00:00	2490.96	2493.53	2467.91	2482.45	15504	0	227
2024.10.02	08:00:00	2482.15	2487.85	2443.27	2456.93	16483	0	229
2024.10.02	12:00:00	2457.03	2465.81	2420.57	2462.56	20042	0	237
2024.10.02	16:00:00	2462.34	2480.08	2369.20	2373.42	20207	0	236
2024.10.02	20:00:00	2373.79	2393.53	2353.42	2365.66	18213	0	233
2024.10.03	00:00:00	2365.35	2401.30	2353.36	2400.60	17102	0	242
2024.10.03	04:00:00	2400.64	2405.28	2359.90	2366.05	15419	0	244
2024.10.03	08:00:00	2365.75	2370.39	2319.98	2353.28	19096	0	227
2024.10.03	12:00:00	2353.31	2366.21	2310.82	2340.48	22436	0	232
2024.10.03	16:00:00	2340.18	2354.44	2312.41	2352.92	18203	0	264
2024.10.03	20:00:00	2353.03	2358.26	2331.60	2349.88	14770	0	248
2024.10.04	00:00:00	2349.68	2380.13	2338.96	2367.09	16436	0	249
2024.10.04	04:00:00	2367.19	2388.59	2365.65	2382.18	14844	0	236
2024.10.04	08:00:00	2382.24	2395.41	2374.47	2386.73	14595	0	245
2024.10.04	12:00:00	2386.80	2418.26	2352.95	2417.48	19774	0	249
2024.10.04	16:00:00	2417.22	2442.44	2411.62	2430.13	16869	0	263
2024.10.04	20:00:00	2430.19	2433.51	2413.78	2416.58	14059	0	250
2024.10.05	00:00:00	2416.63	2430.63	2391.67	2401.68	14392	0	244
2024.10.05	04:00:00	2401.59	2428.16	2398.96	2416.85	13819	0	258
2024.10.05	08:00:00	2416.88	2428.98	2416.43	2418.24	13074	0	261
2024.10.05	12:00:00	2418.26	2425.51	2405.39	2415.52	13779	0	268
2024.10.05	16:00:00	2415.23	2416.91	2392.99	2398.16	13983	0	263
2024.10.05	20:00:00	2398.11	2419.88	2390.44	2414.73	13599	0	251
2024.10.06	00:00:00	2414.91	2422.50	2405.86	2414.48	13297	0	260
2024.10.06	04:00:00	2414.48	2421.74	2408.78	2418.00	13001	0	268
2024.10.06	08:00:00	2417.73	2430.67	2415.06	2426.12	12859	0	263
2024.10.06	12:00:00	2426.44	2457.28	2424.58	2447.06	14358	0	266
2024.10.06	16:00:00	2446.76	2454.07	2436.42	2442.69	14169	0	262
2024.10.06	20:00:00	2442.73	2445.94	2416.20	2440.13	14324	0	250
2024.10.07	00:00:00	2440.15	2513.42	2435.62	2495.44	16534	0	267
2024.10.07	04:00:00	2495.46	2499.70	2478.29	2481.88	14095	0	238
2024.10.07	08:00:00	2481.55	2490.20	2439.48	2475.34	15287	0	261
2024.10.07	12:00:00	2475.62	2520.10	2462.94	2475.92	17252	0	272
2024.10.07	16:00:00	2475.82	2482.25	2421.45	2446.60	16461	0	265
2024.10.07	20:00:00	2446.93	2458.80	2403.84	2421.66	15082	0	251
2024.10.08	00:00:00	2421.27	2447.79	2420.85	2438.34	14373	0	242
2024.10.08	04:00:00	2438.37	2445.86	2411.25	2428.62	14530	0	228
2024.10.08	08:00:00	2428.55	2441.14	2417.75	2439.87	14063	0	234
2024.10.08	12:00:00	2439.76	2452.78	2401.00	2419.80	16899	0	242
2024.10.08	16:00:00	2419.82	2454.42	2411.17	2439.34	16138	0	236
2024.10.08	20:00:00	2439.66	2464.61	2433.41	2439.46	14226	0	222
2024.10.09	00:00:00	2439.13	2472.11	2427.02	2445.84	15302	0	230
2024.10.09	04:00:00	2446.00	2452.30	2431.72	2436.63	13794	0	227
2024.10.09	08:00:00	2436.31	2441.86	2428.09	2440.31	13585	0	212
2024.10.09	12:00:00	2440.31	2470.84	2422.57	2459.25	16277	0	228
2024.10.09	16:00:00	2459.25	2460.83	2406.34	2417.75	15975	0	231
2024.10.09	20:00:00	2417.51	2417.73	2351.33	2369.35	16151	0	204
2024.10.10	00:00:00	2369.35	2399.00	2364.20	2393.07	14502	0	212
2024.10.10	04:00:00	2393.07	2409.67	2389.29	2394.08	13704	0	208
2024.10.10	08:00:00	2394.01	2405.90	2368.33	2404.67	14678	0	204
2024.10.10	12:00:00	2404.76	2407.58	2368.74	2402.00	17610	0	216
2024.10.10	16:00:00	2401.94	2418.38	2330.28	2365.80	18173	0	216
2024.10.10	20:00:00	2365.70	2384.85	2355.55	2383.69	14722	0	223
2024.10.11	00:00:00	2383.79	2415.29	2379.35	2408.52	14909	0	216
2024.10.11	04:00:00	2408.63	2416.29	2401.22	2406.69	14039	0	213
2024.10.11	08:00:00	2406.48	2424.68	2401.38	2416.55	14100	0	218
2024.10.11	12:00:00	2416.49	2452.86	2412.62	2442.93	15862	0	229
2024.10.11	16:00:00	2442.94	2471.29	2432.60	2459.20	15402	0	246
2024.10.11	20:00:00	2459.22	2462.51	2434.03	2440.14	13937	0	238
2024.10.12	00:00:00	2439.87	2451.49	2433.72	2440.55	13687	0	242
2024.10.12	04:00:00	2440.56	2451.93	2439.83	2447.07	12435	0	231
2024.10.12	08:00:00	2447.01	2467.52	2443.31	2452.67	12178	0	229
2024.10.12	12:00:00	2452.67	2484.59	2448.17	2474.23	13706	0	242
2024.10.12	16:00:00	2474.25	2487.12	2467.80	2473.93	13393	0	246
2024.10.12	20:00:00	2473.98	2490.96	2470.01	2476.48	12828	0	245
2024.10.13	00:00:00	2476.46	2486.54	2453.53	2459.68	13459	0	247
2024.10.13	04:00:00	2459.69	2470.63	2458.41	2466.08	12189	0	233
2024.10.13	08:00:00	2465.82	2472.76	2458.12	2459.66	12631	0	228
2024.10.13	12:00:00	2459.58	2471.44	2439.36	2443.18	14064	0	231
2024.10.13	16:00:00	2442.92	2463.38	2440.19	2459.88	14383	0	227
2024.10.13	20:00:00	2459.83	2483.40	2454.08	2469.45	14072	0	228
2024.10.14	00:00:00	2469.16	2525.49	2445.04	2521.07	15163	0	222
2024.10.14	04:00:00	2521.16	2547.21	2512.07	2536.34	16203	0	221
2024.10.14	08:00:00	2536.09	2546.94	2519.27	2537.35	14766	0	252
2024.10.14	12:00:00	2537.35	2642.16	2534.43	2635.69	17393	0	240
2024.10.14	16:00:00	2635.56	2640.07	2616.39	2620.98	14530	0	244
2024.10.14	20:00:00	2620.93	2652.81	2616.27	2629.25	14049	0	228
2024.10.15	00:00:00	2628.90	2637.70	2608.69	2614.74	14633	0	220
2024.10.15	04:00:00	2614.67	2623.80	2591.75	2616.38	14351	0	238
2024.10.15	08:00:00	2616.40	2623.31	2580.41	2587.77	15099	0	246
2024.10.15	12:00:00	2587.78	2683.82	2538.06	2573.44	23376	0	260
2024.10.15	16:00:00	2573.24	2617.57	2571.69	2594.25	18186	0	302
2024.10.15	20:00:00	2594.46	2609.08	2565.29	2607.34	15287	0	288
2024.10.16	00:00:00	2606.98	2631.99	2589.75	2618.19	15365	0	299
2024.10.16	04:00:00	2618.03	2625.25	2600.07	2607.98	14826	0	272
2024.10.16	08:00:00	2608.07	2639.80	2606.38	2629.95	15454	0	283
2024.10.16	12:00:00	2629.70	2644.21	2595.70	2607.06	17755	0	283
2024.10.16	16:00:00	2606.91	2627.58	2591.63	2615.24	14824	0	293
2024.10.16	20:00:00	2615.22	2627.25	2608.09	2612.29	13455	0	288
2024.10.17	00:00:00	2612.26	2643.38	2610.00	2639.53	14498	0	249
2024.10.17	04:00:00	2639.45	2646.86	2618.99	2628.05	14497	0	265
2024.10.17	08:00:00	2628.04	2629.66	2596.70	2598.89	14398	0	263
2024.10.17	12:00:00	2598.77	2632.47	2583.44	2630.10	17263	0	267
2024.10.17	16:00:00	2630.13	2631.44	2576.58	2595.45	16007	0	263
2024.10.17	20:00:00	2595.58	2613.91	2594.68	2604.69	13522	0	248
2024.10.18	00:00:00	2604.60	2649.09	2596.43	2610.77	15232	0	258
2024.10.18	04:00:00	2610.79	2643.56	2609.63	2643.12	14510	0	246
2024.10.18	08:00:00	2643.09	2648.06	2620.13	2621.90	14111	0	261
2024.10.18	12:00:00	2621.86	2660.19	2612.19	2651.13	16626	0	257
2024.10.18	16:00:00	2651.38	2671.82	2628.70	2649.13	15294	0	294
2024.10.18	20:00:00	2648.82	2650.31	2632.29	2641.13	13561	0	240
2024.10.19	00:00:00	2641.14	2659.68	2633.13	2645.24	13433	0	289
2024.10.19	04:00:00	2645.21	2649.17	2636.55	2640.70	12580	0	302
2024.10.19	08:00:00	2640.47	2647.68	2630.43	2631.12	12343	0	307
2024.10.19	12:00:00	2631.09	2652.13	2630.75	2644.72	12685	0	292
2024.10.19	16:00:00	2644.72	2645.32	2635.49	2640.59	12954	0	299
2024.10.19	20:00:00	2640.56	2653.09	2639.79	2647.64	12727	0	295
2024.10.20	00:00:00	2647.70	2651.59	2635.12	2639.25	12888	0	298
2024.10.20	04:00:00	2639.26	2650.23	2636.52	2644.84	12254	0	290
2024.10.20	08:00:00	2644.90	2650.86	2642.07	2648.38	11507	0	316
2024.10.20	12:00:00	2648.49	2715.59	2640.52	2702.68	14650	0	276
2024.10.20	16:00:00	2702.37	2705.80	2684.71	2697.16	13221	0	308
2024.10.20	20:00:00	2697.18	2754.73	2693.86	2742.97	15738	0	312
2024.10.21	00:00:00	2743.06	2764.46	2723.19	2731.73	14591	0	351
2024.10.21	04:00:00	2731.67	2741.53	2718.97	2719.89	13448	0	372
2024.10.21	08:00:00	2719.69	2727.04	2698.06	2703.28	14226	0	346
2024.10.21	12:00:00	2703.09	2709.44	2657.79	2678.74	15927	0	314
2024.10.21	16:00:00	2678.49	2683.90	2654.20	2679.13	14467	0	327
2024.10.21	20:00:00	2679.08	2682.47	2663.84	2665.98	13393	0	318
2024.10.22	00:00:00	2665.62	2671.05	2614.53	2644.45	15193	0	284
2024.10.22	04:00:00	2644.40	2658.50	2634.17	2644.49	13048	0	287
2024.10.22	08:00:00	2644.69	2648.21	2611.97	2630.93	14864	0	290
2024.10.22	12:00:00	2630.97	2643.29	2603.63	2622.23	16318	0	286
2024.10.22	16:00:00	2622.03	2632.65	2605.68	2626.82	14887	0	308
2024.10.22	20:00:00	2626.60	2642.73	2616.86	2622.22	13398	0	300
2024.10.23	00:00:00	2621.87	2626.48	2599.78	2615.25	13640	0	297
2024.10.23	04:00:00	2615.31	2623.28	2600.71	2601.32	13852	0	294
2024.10.23	08:00:00	2601.41	2606.77	2562.85	2580.12	15324	0	265
2024.10.23	12:00:00	2580.31	2585.65	2528.98	2538.64	16449	0	261
2024.10.23	16:00:00	2538.82	2541.57	2447.53	2510.70	17582	0	252
2024.10.23	20:00:00	2510.83	2526.36	2499.67	2522.46	13695	0	255
2024.10.24	00:00:00	2522.03	2558.79	2506.88	2542.03	14627	0	269
2024.10.24	04:00:00	2542.06	2559.16	2538.01	2541.80	13433	0	272
2024.10.24	08:00:00	2541.41	2549.81	2506.97	2527.62	14495	0	262
2024.10.24	12:00:00	2527.53	2543.47	2510.95	2522.83	16096	0	273
2024.10.24	16:00:00	2522.67	2540.11	2503.88	2538.72	13951	0	400
2024.10.24	20:00:00	2538.77	2558.76	2525.05	2534.12	13324	0	394
2024.10.25	00:00:00	2533.67	2537.16	2507.68	2519.85	13098	0	345
2024.10.25	04:00:00	2519.99	2520.84	2461.39	2483.32	13660	0	315
2024.10.25	08:00:00	2483.58	2544.25	2478.18	2541.62	14187	0	335
2024.10.25	12:00:00	2541.59	2563.39	2506.60	2522.91	14951	0	393
2024.10.25	16:00:00	2522.95	2535.20	2451.02	2473.43	17069	0	312
2024.10.25	20:00:00	2473.07	2494.12	2380.09	2437.19	16937	0	282
2024.10.26	00:00:00	2437.12	2455.10	2425.68	2449.88	15553	0	270
2024.10.26	04:00:00	2450.05	2477.60	2448.99	2464.36	14214	0	261
2024.10.26	08:00:00	2464.33	2477.94	2461.62	2471.49	13580	0	251
2024.10.26	12:00:00	2471.48	2477.64	2440.79	2455.02	14996	0	244
2024.10.26	16:00:00	2455.05	2485.42	2450.71	2482.79	14357	0	241
2024.10.26	20:00:00	2482.94	2504.04	2478.81	2480.29	13175	0	258
2024.10.27	00:00:00	2480.02	2482.85	2465.64	2481.91	13377	0	264
2024.10.27	04:00:00	2481.82	2484.80	2474.61	2480.00	12042	0	272
2024.10.27	08:00:00	2479.74	2483.30	2461.79	2467.73	12716	0	261
2024.10.27	12:00:00	2467.84	2503.81	2467.76	2500.48	14378	0	271
2024.10.27	16:00:00	2500.57	2509.38	2483.72	2493.32	14040	0	296
2024.10.27	20:00:00	2493.35	2525.06	2489.06	2507.35	14400	0	301
2024.10.28	00:00:00	2507.06	2511.56	2471.02	2477.11	14282	0	261
2024.10.28	04:00:00	2477.16	2524.66	2472.80	2509.20	14392	0	249
2024.10.28	08:00:00	2509.34	2542.58	2504.06	2526.39	14786	0	264
2024.10.28	12:00:00	2526.42	2534.87	2498.55	2501.34	16945	0	281
2024.10.28	16:00:00	2501.26	2524.26	2488.50	2506.72	16648	0	278
2024.10.28	20:00:00	2506.90	2587.41	2505.04	2567.60	15905	0	297
2024.10.29	00:00:00	2567.51	2626.85	2560.75	2607.00	16817	0	280
2024.10.29	04:00:00	2607.14	2625.39	2607.06	2612.70	13878	0	298
2024.10.29	08:00:00	2612.83	2637.21	2612.25	2629.37	14079	0	328
2024.10.29	12:00:00	2629.47	2648.12	2610.02	2646.09	16106	0	322
2024.10.29	16:00:00	2646.07	2678.64	2623.13	2625.20	16997	0	323
2024.10.29	20:00:00	2624.92	2646.14	2606.35	2637.28	14709	0	300
2024.10.30	00:00:00	2636.98	2648.95	2601.01	2641.40	14942	0	305
2024.10.30	04:00:00	2641.12	2680.37	2635.22	2666.07	14374	0	312
2024.10.30	08:00:00	2666.00	2692.25	2655.57	2657.90	14143	0	334
2024.10.30	12:00:00	2657.82	2717.26	2651.28	2682.16	15133	0	466
2024.10.30	16:00:00	2682.21	2693.29	2652.80	2654.89	14249	0	420
2024.10.30	20:00:00	2654.36	2683.66	2634.66	2658.62	14608	0	404
2024.10.31	00:00:00	2658.59	2668.26	2638.79	2656.70	14203	0	390
2024.10.31	04:00:00	2656.70	2658.06	2632.44	2646.30	13391	0	351
2024.10.31	08:00:00	2646.49	2647.73	2624.20	2638.78	14092	0	358
2024.10.31	12:00:00	2638.81	2640.51	2542.33	2562.49	17966	0	274
2024.10.31	16:00:00	2562.15	2562.93	2506.28	2513.50	16856	0	265
2024.10.31	20:00:00	2513.52	2527.61	2502.30	2518.16	14919	0	275
2024.11.01	00:00:00	2517.82	2531.71	2466.99	2502.46	16353	0	251
2024.11.01	04:00:00	2502.47	2516.29	2484.84	2503.11	14274	0	248
2024.11.01	08:00:00	2502.83	2524.33	2492.84	2514.39	14766	0	265
2024.11.01	12:00:00	2514.42	2584.66	2482.63	2500.58	19406	0	285
2024.11.01	16:00:00	2500.25	2536.92	2495.57	2512.91	18181	0	289
2024.11.01	20:00:00	2513.23	2527.41	2485.67	2510.91	14138	0	272
2024.11.02	00:00:00	2510.64	2523.52	2501.46	2506.76	13332	0	278
2024.11.02	04:00:00	2506.67	2513.77	2499.73	2507.54	12994	0	288
2024.11.02	08:00:00	2507.62	2510.47	2491.40	2502.34	12965	0	297
2024.11.02	12:00:00	2502.37	2504.69	2469.68	2488.05	15886	0	310
2024.11.02	16:00:00	2488.06	2497.70	2479.36	2493.05	13954	0	324
2024.11.02	20:00:00	2493.07	2497.69	2483.84	2494.43	12950	0	322
2024.11.03	00:00:00	2494.46	2496.27	2421.06	2450.74	17251	0	308
2024.11.03	04:00:00	2450.70	2463.29	2441.78	2451.43	14077	0	297
2024.11.03	08:00:00	2451.15	2462.73	2443.58	2455.41	13857	0	285
2024.11.03	12:00:00	2455.41	2461.21	2414.21	2442.34	17242	0	287
2024.11.03	16:00:00	2442.27	2458.14	2410.90	2451.80	16130	0	287
2024.11.03	20:00:00	2451.76	2474.49	2446.50	2456.87	15417	0	292
2024.11.04	00:00:00	2456.97	2489.70	2434.40	2472.86	16071	0	286
2024.11.04	04:00:00	2472.85	2481.12	2456.05	2459.07	13974	0	283
2024.11.04	08:00:00	2459.13	2477.24	2446.32	2469.48	15168	0	275
2024.11.04	12:00:00	2469.69	2485.08	2431.81	2442.12	16789	0	270
2024.11.04	16:00:00	2442.15	2446.49	2406.19	2429.61	16601	0	290
2024.11.04	20:00:00	2429.73	2431.42	2357.41	2397.01	17980	0	243
2024.11.05	00:00:00	2396.71	2419.88	2380.03	2419.60	15496	0	250
2024.11.05	04:00:00	2419.65	2444.02	2415.07	2440.19	14301	0	272
2024.11.05	08:00:00	2440.10	2446.68	2428.96	2440.13	13918	0	269
2024.11.05	12:00:00	2440.18	2478.61	2425.70	2440.49	17949	0	272
2024.11.05	16:00:00	2440.72	2473.44	2401.95	2408.83	17088	0	299
2024.11.05	20:00:00	2408.82	2439.96	2402.78	2423.88	16059	0	275
2024.11.06	00:00:00	2423.59	2630.89	2420.57	2579.91	24120	0	306
2024.11.06	04:00:00	2579.88	2639.52	2562.59	2593.91	18359	0	356
2024.11.06	08:00:00	2593.69	2637.57	2570.84	2628.55	16294	0	353
2024.11.06	12:00:00	2628.45	2665.13	2609.65	2634.90	16276	0	381
2024.11.06	16:00:00	2634.68	2685.78	2634.68	2685.78	15258	0	450
2024.11.06	20:00:00	2685.75	2740.18	2669.66	2722.47	15924	0	395
2024.11.07	00:00:00	2722.75	2876.09	2700.52	2850.33	19377	0	403
2024.11.07	04:00:00	2850.56	2853.55	2778.05	2815.84	15553	0	430
2024.11.07	08:00:00	2815.93	2827.44	2786.40	2789.17	14890	0	429
2024.11.07	12:00:00	2788.98	2847.21	2774.78	2845.46	17132	0	429
2024.11.07	16:00:00	2845.52	2888.82	2822.37	2884.56	19365	0	458
2024.11.07	20:00:00	2884.87	2914.44	2863.33	2893.54	17115	0	453
2024.11.08	00:00:00	2893.81	2950.05	2887.59	2903.04	17632	0	461
2024.11.08	04:00:00	2903.10	2921.89	2892.38	2913.09	14683	0	455
2024.11.08	08:00:00	2913.21	2927.92	2894.79	2914.27	14731	0	438
2024.11.08	12:00:00	2914.28	2953.32	2902.82	2935.24	17530	0	441
2024.11.08	16:00:00	2935.46	2978.67	2892.01	2948.56	17992	0	451
2024.11.08	20:00:00	2948.74	2971.00	2916.62	2957.86	16138	0	449
2024.11.09	00:00:00	2958.04	2990.34	2951.63	2962.34	15584	0	466
2024.11.09	04:00:00	2962.36	3055.09	2950.40	3027.17	15793	0	454
2024.11.09	08:00:00	3027.32	3053.07	3017.58	3048.65	14702	0	448
2024.11.09	12:00:00	3048.78	3051.46	3025.13	3037.44	14327	0	450
2024.11.09	16:00:00	3037.45	3089.20	2988.18	3066.07	16146	0	467
2024.11.09	20:00:00	3066.08	3151.22	3060.80	3123.60	16323	0	473
2024.11.10	00:00:00	3122.98	3146.38	3102.91	3131.49	16036	0	519
2024.11.10	04:00:00	3131.45	3211.55	3126.75	3181.01	17093	0	509
2024.11.10	08:00:00	3181.04	3224.60	3163.91	3215.75	15682	0	507
2024.11.10	12:00:00	3215.56	3229.91	3164.99	3207.40	16075	0	514
2024.11.10	16:00:00	3207.39	3242.43	3147.65	3161.75	17489	0	519
2024.11.10	20:00:00	3161.63	3220.56	3068.76	3180.59	20900	0	534
2024.11.11	00:00:00	3180.65	3219.45	3170.12	3193.13	16854	0	524
2024.11.11	04:00:00	3193.10	3194.72	3104.02	3141.02	17186	0	518
2024.11.11	08:00:00	3141.33	3209.91	3131.39	3197.72	16946	0	511
2024.11.11	12:00:00	3197.91	3256.89	3138.33	3237.56	23771	0	505
2024.11.11	16:00:00	3237.86	3342.01	3234.30	3299.97	20808	0	553
2024.11.11	20:00:00	3299.95	3384.61	3278.34	3369.47	22658	0	536
2024.11.12	00:00:00	3369.72	3372.02	3250.47	3334.66	23692	0	576
2024.11.12	04:00:00	3335.00	3389.83	3313.08	3366.29	18325	0	590
2024.11.12	08:00:00	3366.82	3440.18	3207.20	3281.90	40871	0	604
2024.11.12	12:00:00	3281.37	3296.85	3208.11	3260.47	27378	0	651
2024.11.12	16:00:00	3260.67	3304.52	3209.67	3272.08	20598	0	591
2024.11.12	20:00:00	3271.97	3305.02	3237.32	3242.11	18393	0	555
2024.11.13	00:00:00	3242.55	3285.00	3204.15	3208.78	20959	0	540
2024.11.13	04:00:00	3208.59	3230.16	3116.98	3161.85	20932	0	512
2024.11.13	08:00:00	3161.47	3187.99	3141.62	3167.50	17516	0	505
2024.11.13	12:00:00	3167.31	3326.70	3152.76	3312.19	24454	0	515
2024.11.13	16:00:00	3312.18	3334.29	3155.60	3159.38	23563	0	557
2024.11.13	20:00:00	3159.10	3197.02	3118.13	3187.52	21553	0	526
2024.11.14	00:00:00	3187.56	3226.02	3164.21	3214.65	18801	0	525
2024.11.14	04:00:00	3214.49	3237.32	3173.54	3215.05	16887	0	502
2024.11.14	08:00:00	3215.25	3228.00	3156.06	3184.80	18258	0	502
2024.11.14	12:00:00	3184.40	3197.89	3057.86	3076.10	22596	0	513
2024.11.14	16:00:00	3076.14	3178.81	3068.84	3144.29	20500	0	514
2024.11.14	20:00:00	3143.89	3143.89	3028.01	3056.73	21200	0	380
2024.11.15	00:00:00	3056.84	3091.93	3034.66	3081.39	18581	0	313
2024.11.15	04:00:00	3081.17	3081.33	3013.29	3038.95	17332	0	298
2024.11.15	08:00:00	3039.23	3112.48	3021.79	3103.73	17537	0	298
2024.11.15	12:00:00	3103.74	3130.15	3010.60	3022.82	21194	0	340
2024.11.15	16:00:00	3022.89	3058.83	3013.42	3037.80	18446	0	487
2024.11.15	20:00:00	3037.87	3118.90	3035.76	3088.52	17832	0	493
2024.11.16	00:00:00	3088.38	3155.91	3070.57	3153.94	16468	0	480
2024.11.16	04:00:00	3153.63	3163.14	3099.57	3106.43	15379	0	492
2024.11.16	08:00:00	3106.39	3193.47	3102.07	3193.25	15602	0	478
2024.11.16	12:00:00	3192.78	3215.27	3120.37	3139.42	18767	0	490
2024.11.16	16:00:00	3139.17	3183.99	3126.93	3167.76	15695	0	491
2024.11.16	20:00:00	3167.76	3174.34	3120.80	3131.66	15757	0	487
2024.11.17	00:00:00	3131.94	3154.37	3033.79	3080.06	19038	0	492
2024.11.17	04:00:00	3079.81	3144.82	3074.06	3134.07	17528	0	503
2024.11.17	08:00:00	3134.29	3159.29	3098.95	3104.04	16624	0	495
2024.11.17	12:00:00	3103.97	3125.55	3065.87	3084.14	17587	0	498
2024.11.17	16:00:00	3084.10	3113.76	3068.50	3096.84	16815	0	503
2024.11.17	20:00:00	3096.94	3104.64	3040.08	3075.69	17519	0	497
2024.11.18	00:00:00	3075.21	3122.32	3067.33	3109.04	16502	0	501
2024.11.18	04:00:00	3109.27	3148.09	3094.00	3128.92	14917	0	487
2024.11.18	08:00:00	3128.94	3137.96	3050.45	3056.93	15647	0	491
2024.11.18	12:00:00	3057.03	3156.12	3051.08	3142.48	18905	0	494
2024.11.18	16:00:00	3142.06	3197.32	3092.46	3127.57	18825	0	523
2024.11.18	20:00:00	3127.61	3220.17	3123.82	3204.91	17227	0	506
2024.11.19	00:00:00	3204.64	3217.56	3141.96	3148.74	16487	0	507
2024.11.19	04:00:00	3148.73	3159.83	3107.71	3117.51	15349	0	500
2024.11.19	08:00:00	3117.69	3130.69	3093.05	3127.13	15718	0	497
2024.11.19	12:00:00	3127.43	3150.11	3076.23	3105.08	18722	0	500
2024.11.19	16:00:00	3105.09	3142.68	3099.54	3121.44	16743	0	511
2024.11.19	20:00:00	3121.61	3130.90	3065.48	3106.92	16604	0	503
2024.11.20	00:00:00	3106.79	3126.79	3070.92	3094.67	16308	0	502
2024.11.20	04:00:00	3094.62	3114.25	3086.21	3108.83	14503	0	472
2024.11.20	08:00:00	3108.76	3133.13	3084.18	3100.88	15044	0	474
2024.11.20	12:00:00	3100.99	3156.90	3080.70	3127.88	18631	0	487
2024.11.20	16:00:00	3127.77	3132.50	3028.48	3057.77	20241	0	512
2024.11.20	20:00:00	3057.67	3092.95	3043.20	3071.17	16590	0	511
2024.11.21	00:00:00	3070.89	3098.15	3032.68	3080.93	16511	0	512
2024.11.21	04:00:00	3080.95	3140.16	3079.38	3133.83	17148	0	500
2024.11.21	08:00:00	3133.88	3151.89	3115.60	3144.98	15726	0	486
2024.11.21	12:00:00	3144.86	3368.59	3142.58	3275.62	24592	0	509
2024.11.21	16:00:00	3276.03	3385.18	3275.39	3345.71	20065	0	560
2024.11.21	20:00:00	3346.16	3377.38	3333.46	3358.86	16399	0	533
2024.11.22	00:00:00	3358.54	3376.65	3304.17	3364.96	17625	0	549
2024.11.22	04:00:00	3364.75	3424.13	3354.36	3363.67	17258	0	540
2024.11.22	08:00:00	3364.08	3382.15	3309.56	3342.01	17189	0	529
2024.11.22	12:00:00	3342.01	3355.60	3259.29	3310.56	20812	0	544
2024.11.22	16:00:00	3310.86	3320.11	3261.71	3278.88	17262	0	538
2024.11.22	20:00:00	3278.79	3326.83	3271.54	3324.15	15786	0	538
2024.11.23	00:00:00	3324.43	3360.72	3307.74	3339.13	16718	0	554
2024.11.23	04:00:00	3339.42	3354.84	3321.76	3336.49	15079	0	559
2024.11.23	08:00:00	3336.47	3395.48	3330.55	3350.84	15515	0	544
2024.11.23	12:00:00	3350.75	3495.13	3345.69	3460.61	17712	0	546
2024.11.23	16:00:00	3460.82	3470.74	3382.71	3408.69	18409	0	587
2024.11.23	20:00:00	3408.22	3425.33	3378.83	3391.16	15725	0	590
2024.11.24	00:00:00	3391.57	3446.23	3387.12	3423.91	14601	0	590
2024.11.24	04:00:00	3424.06	3428.90	3395.53	3419.19	14327	0	591
2024.11.24	08:00:00	3419.16	3425.67	3339.95	3344.88	15324	0	569
2024.11.24	12:00:00	3344.84	3357.25	3282.49	3292.74	18926	0	569
2024.11.24	16:00:00	3292.48	3330.85	3284.61	3323.73	15570	0	589
2024.11.24	20:00:00	3323.39	3367.81	3317.48	3358.95	15238	0	592
2024.11.25	00:00:00	3358.84	3366.65	3297.99	3358.57	16338	0	583
2024.11.25	04:00:00	3358.62	3416.30	3356.72	3398.77	15071	0	569
2024.11.25	08:00:00	3398.31	3520.09	3395.75	3469.80	16969	0	590
2024.11.25	12:00:00	3469.68	3529.25	3346.93	3513.71	21226	0	621
2024.11.25	16:00:00	3514.13	3541.31	3421.78	3460.68	20563	0	606
2024.11.25	20:00:00	3460.54	3503.06	3362.58	3414.87	19510	0	592
2024.11.26	00:00:00	3414.41	3461.06	3395.74	3433.32	17782	0	593
2024.11.26	04:00:00	3433.46	3443.88	3383.20	3395.20	16850	0	592
2024.11.26	08:00:00	3395.19	3398.18	3278.99	3324.28	20913	0	605
2024.11.26	12:00:00	3323.74	3360.36	3288.85	3297.93	19438	0	608
2024.11.26	16:00:00	3298.11	3338.44	3252.49	3299.17	19271	0	584
2024.11.26	20:00:00	3298.60	3343.76	3285.82	3321.37	18100	0	578
2024.11.27	00:00:00	3321.46	3371.72	3300.76	3359.66	17281	0	596
2024.11.27	04:00:00	3359.61	3442.74	3358.07	3422.80	16360	0	582
2024.11.27	08:00:00	3422.44	3482.96	3403.04	3460.28	15831	0	588
2024.11.27	12:00:00	3460.44	3570.15	3441.23	3553.15	19327	0	594
2024.11.27	16:00:00	3553.33	3611.09	3532.73	3591.50	18435	0	579
2024.11.27	20:00:00	3591.86	3683.83	3589.48	3653.24	17984	0	580
2024.11.28	00:00:00	3652.90	3661.10	3566.93	3600.72	18211	0	574
2024.11.28	04:00:00	3600.70	3619.63	3566.90	3593.66	16990	0	567
2024.11.28	08:00:00	3593.51	3638.49	3574.76	3619.70	37154	0	415
2024.11.28	12:00:00	3621.37	3642.29	3536.63	3543.22	78290	0	410
2024.11.28	16:00:00	3543.23	3586.37	3529.88	3576.16	55733	0	409
2024.11.28	20:00:00	3575.33	3599.46	3548.76	3579.43	49919	0	411
2024.11.29	00:00:00	3579.43	3602.78	3547.73	3584.10	55568	0	411
2024.11.29	04:00:00	3584.10	3596.96	3535.46	3546.31	51761	0	410
2024.11.29	08:00:00	3546.31	3599.71	3544.89	3594.03	45206	0	410
2024.11.29	12:00:00	3594.08	3646.83	3573.09	3615.49	27019	0	409
2024.11.29	16:00:00	3615.49	3622.30	3560.20	3584.21	23333	0	406
2024.11.29	20:00:00	3584.21	3604.93	3575.82	3592.27	10875	0	677
2024.11.30	00:00:00	3592.27	3658.86	3567.03	3653.84	25998	0	676
2024.11.30	04:00:00	3653.84	3722.41	3631.44	3701.29	26648	0	393
2024.11.30	08:00:00	3701.29	3715.50	3630.36	3653.50	20858	0	392
2024.11.30	12:00:00	3653.50	3684.39	3650.51	3671.76	19066	0	392
2024.11.30	16:00:00	3671.76	3697.17	3656.16	3688.42	15024	0	392
2024.11.30	20:00:00	3688.42	3739.22	3685.37	3704.06	17579	0	393
2024.12.01	00:00:00	3704.06	3730.69	3659.15	3706.08	28530	0	392
2024.12.01	04:00:00	3706.08	3717.60	3681.52	3703.47	14165	0	393
2024.12.01	08:00:00	3703.47	3717.66	3675.73	3692.29	13850	0	393
2024.12.01	12:00:00	3692.29	3747.54	3678.72	3728.24	19222	0	393
2024.12.01	16:00:00	3728.24	3744.07	3693.14	3708.50	17873	0	393
2024.12.01	20:00:00	3708.50	3734.70	3678.92	3707.81	17602	0	393
2024.12.02	00:00:00	3707.81	3762.22	3674.23	3685.78	31492	0	393
2024.12.02	04:00:00	3685.74	3708.34	3649.76	3666.90	29267	0	392
2024.12.02	08:00:00	3666.90	3673.17	3566.95	3588.40	41653	0	391
2024.12.02	12:00:00	3588.40	3679.55	3581.50	3671.15	36461	0	391
2024.12.02	16:00:00	3671.15	3681.41	3556.64	3610.49	38378	0	391
2024.12.02	20:00:00	3610.49	3642.29	3595.22	3640.81	21009	0	391
2024.12.03	00:00:00	3640.81	3655.38	3605.66	3637.19	22786	0	392
2024.12.03	04:00:00	3637.19	3668.55	3597.80	3615.85	23043	0	391
2024.12.03	08:00:00	3615.85	3633.66	3584.72	3612.76	23999	0	391
2024.12.03	12:00:00	3612.76	3617.05	3501.64	3572.11	53367	0	249
2024.12.03	16:00:00	3572.11	3594.38	3537.80	3575.73	27624	0	250
2024.12.03	20:00:00	3575.73	3634.56	3573.22	3613.82	20047	0	251
2024.12.04	00:00:00	3613.82	3709.81	3613.82	3662.70	33857	0	252
2024.12.04	04:00:00	3662.70	3723.76	3661.41	3716.97	17435	0	253
2024.12.04	08:00:00	3716.97	3752.36	3698.00	3730.32	21235	0	253
2024.12.04	12:00:00	3730.29	3858.56	3690.35	3825.72	51730	0	253
2024.12.04	16:00:00	3825.72	3850.01	3737.91	3846.54	52908	0	254
2024.12.04	20:00:00	3846.54	3894.99	3829.05	3844.11	38160	0	256
2024.12.05	00:00:00	3844.11	3907.40	3772.56	3834.33	60550	0	255
2024.12.05	04:00:00	3834.33	3880.77	3820.09	3851.87	32326	0	256
2024.12.05	08:00:00	3851.87	3943.14	3851.87	3929.79	29551	0	256
2024.12.05	12:00:00	3929.79	3957.84	3861.56	3889.74	36314	0	257
2024.12.05	16:00:00	3889.74	3928.57	3820.50	3831.82	37119	0	256
2024.12.05	20:00:00	3831.82	3865.42	3623.85	3785.89	52450	0	253
2024.12.06	00:00:00	3785.89	3915.66	3778.23	3908.26	32495	0	255
2024.12.06	04:00:00	3907.79	3930.48	3874.50	3896.05	18691	0	257
2024.12.06	08:00:00	3895.81	3912.74	3847.86	3870.09	27612	0	256
2024.12.06	12:00:00	3870.09	4043.18	3837.35	3996.45	51399	0	256
2024.12.06	16:00:00	3996.45	4076.92	3983.38	4069.55	33844	0	259
2024.12.06	20:00:00	4069.55	4091.87	3990.82	4000.53	21209	0	259
2024.12.07	00:00:00	4000.53	4026.30	3971.82	3988.62	18343	0	259
2024.12.07	04:00:00	3988.62	4004.78	3968.65	3986.88	12816	0	187
2024.12.07	08:00:00	3987.03	4010.84	3975.40	3999.98	13464	0	187
2024.12.07	12:00:00	3999.98	4010.73	3977.30	4005.77	17504	0	187
2024.12.07	16:00:00	4005.77	4022.20	3986.90	4014.32	13111	0	187
2024.12.07	20:00:00	4014.32	4026.09	3993.07	3997.37	10949	0	187
2024.12.08	00:00:00	3997.37	4009.73	3985.54	3989.21	9711	0	187
2024.12.08	04:00:00	3989.21	3995.76	3958.16	3979.75	13512	0	187
2024.12.08	08:00:00	3979.75	3981.11	3923.48	3971.48	19624	0	187
2024.12.08	12:00:00	3971.48	4003.72	3955.26	3990.07	19303	0	187
2024.12.08	16:00:00	3990.07	4000.02	3963.92	3989.22	14543	0	187
2024.12.08	20:00:00	3989.22	4016.77	3974.44	4004.59	11625	0	187
2024.12.09	00:00:00	4004.59	4006.50	3906.09	3930.76	25677	0	187
2024.12.09	04:00:00	3930.76	3948.42	3880.32	3917.62	22906	0	187
2024.12.09	08:00:00	3917.62	3920.49	3841.40	3849.89	35071	0	187
2024.12.09	12:00:00	3849.89	3943.88	3802.95	3822.34	43926	0	187
2024.12.09	16:00:00	3822.41	3865.30	3781.32	3792.15	31419	0	187
2024.12.09	20:00:00	3792.15	3801.36	3480.30	3712.31	89721	0	186
2024.12.10	00:00:00	3712.31	3779.92	3616.41	3682.06	58134	0	186
2024.12.10	04:00:00	3682.06	3743.43	3637.23	3734.52	32943	0	186
2024.12.10	08:00:00	3734.52	3774.12	3713.02	3750.91	27171	0	186
2024.12.10	12:00:00	3750.91	3756.09	3556.83	3570.36	72541	0	186
2024.12.10	16:00:00	3570.30	3633.82	3517.03	3628.01	78528	0	186
2024.12.10	20:00:00	3628.01	3672.22	3612.96	3628.39	30008	0	186
2024.12.11	00:00:00	3628.39	3668.81	3563.96	3664.05	43215	0	186
2024.12.11	04:00:00	3664.05	3681.06	3645.83	3651.67	21140	0	186
2024.12.11	08:00:00	3651.67	3729.48	3650.68	3717.32	21381	0	186
2024.12.11	12:00:00	3717.32	3821.69	3708.44	3787.04	42003	0	186
2024.12.11	16:00:00	3787.04	3814.24	3752.69	3804.42	28038	0	186
2024.12.11	20:00:00	3804.42	3847.75	3803.45	3831.72	16756	0	187
2024.12.12	00:00:00	3831.72	3948.84	3795.64	3935.30	28494	0	187
2024.12.12	04:00:00	3935.30	3946.27	3893.85	3905.80	20558	0	187
2024.12.12	08:00:00	3905.80	3939.64	3892.45	3914.27	21367	0	187
2024.12.12	12:00:00	3914.27	3987.75	3914.27	3958.26	51585	0	187
2024.12.12	16:00:00	3958.26	3986.26	3852.13	3868.70	37069	0	187
2024.12.12	20:00:00	3868.70	3899.19	3834.56	3880.76	24273	0	187
2024.12.13	00:00:00	3880.76	3940.86	3852.58	3932.21	25829	0	187
2024.12.13	04:00:00	3932.21	3935.84	3870.84	3885.09	19492	0	187
2024.12.13	08:00:00	3885.09	3923.76	3870.69	3899.86	17317	0	187
2024.12.13	12:00:00	3899.86	3968.85	3878.39	3886.00	32051	0	187
2024.12.13	16:00:00	3886.00	3945.13	3879.62	3915.98	31020	0	187
2024.12.13	20:00:00	3915.98	3933.84	3889.26	3904.96	12540	0	187
2024.12.14	00:00:00	3904.96	3944.21	3893.35	3908.50	18769	0	187
2024.12.14	04:00:00	3908.50	3934.00	3904.27	3919.48	9596	0	180
2024.12.14	08:00:00	3919.48	3929.25	3882.34	3891.18	8595	0	180
2024.12.14	12:00:00	3891.18	3895.47	3843.14	3886.05	22461	0	180
2024.12.14	16:00:00	3886.05	3896.09	3821.96	3855.72	24197	0	180
2024.12.14	20:00:00	3855.72	3873.47	3820.81	3867.65	13477	0	180
2024.12.15	00:00:00	3867.65	3892.11	3853.01	3871.01	14357	0	180
2024.12.15	04:00:00	3871.01	3908.92	3827.99	3842.03	15612	0	180
2024.12.15	08:00:00	3842.03	3876.22	3833.16	3874.81	14845	0	180
2024.12.15	12:00:00	3874.81	3907.45	3865.48	3891.30	20734	0	180
2024.12.15	16:00:00	3891.30	3916.78	3882.75	3900.52	13789	0	180
2024.12.15	20:00:00	3900.52	3971.28	3840.65	3956.28	27374	0	180
2024.12.16	00:00:00	3956.28	4021.31	3923.79	3938.42	34849	0	180
2024.12.16	04:00:00	3938.42	3981.26	3931.96	3971.61	17403	0	180
2024.12.16	08:00:00	3971.61	3973.75	3897.66	3905.60	24081	0	180
2024.12.16	12:00:00	3905.60	3954.99	3878.01	3937.57	37033	0	180
2024.12.16	16:00:00	3937.54	4108.29	3935.41	4053.59	45480	0	180
2024.12.16	20:00:00	4053.59	4068.22	3975.16	3981.89	22339	0	180
2024.12.17	00:00:00	3981.89	4035.72	3939.73	4028.33	26812	0	180
2024.12.17	04:00:00	4028.33	4028.74	3977.94	3989.94	19205	0	180
2024.12.17	08:00:00	3989.94	4027.35	3983.90	3992.08	22432	0	180
2024.12.17	12:00:00	3992.08	4021.56	3911.52	3935.41	40586	0	180
2024.12.17	16:00:00	3935.27	3979.95	3912.15	3940.33	29944	0	180
2024.12.17	20:00:00	3940.33	3947.73	3843.76	3889.78	24545	0	180
2024.12.18	00:00:00	3889.78	3900.87	3830.57	3846.23	29402	0	180
2024.12.18	04:00:00	3846.23	3858.84	3800.72	3844.40	28169	0	180
2024.12.18	08:00:00	3844.40	3884.93	3837.82	3879.75	18223	0	180
2024.12.18	12:00:00	3879.63	3889.33	3821.14	3864.67	31970	0	180
2024.12.18	16:00:00	3864.67	3905.78	3763.99	3765.93	43261	0	180
2024.12.18	20:00:00	3765.45	3782.07	3612.31	3622.21	73482	0	180
2024.12.19	00:00:00	3622.41	3668.93	3536.99	3664.18	56559	0	180
2024.12.19	04:00:00	3664.18	3694.30	3648.88	3690.97	21627	0	180
2024.12.19	08:00:00	3690.97	3716.92	3661.23	3702.48	22870	0	180
2024.12.19	12:00:00	3702.48	3707.50	3569.29	3609.82	47848	0	180
2024.12.19	16:00:00	3609.82	3632.82	3370.83	3435.82	91966	0	180
2024.12.19	20:00:00	3436.00	3461.75	3321.25	3413.68	67739	0	180
2024.12.20	00:00:00	3413.68	3460.49	3365.62	3410.24	54225	0	180
2024.12.20	04:00:00	3410.24	3427.27	3323.57	3385.17	48046	0	180
2024.12.20	08:00:00	3385.17	3385.78	3099.96	3101.71	118873	0	180
2024.12.20	12:00:00	3101.77	3395.50	3098.26	3373.38	97816	0	180
2024.12.20	16:00:00	3373.38	3497.49	3365.34	3479.70	58788	0	180
2024.12.20	20:00:00	3479.70	3488.85	3392.41	3471.57	33757	0	180
2024.12.21	00:00:00	3471.57	3489.54	3445.64	3468.24	28704	0	180
2024.12.21	04:00:00	3468.22	3553.04	3460.62	3520.93	29724	0	180
2024.12.21	08:00:00	3520.93	3525.45	3423.47	3442.51	33222	0	180
2024.12.21	12:00:00	3442.51	3444.45	3345.36	3389.81	56212	0	180
2024.12.21	16:00:00	3389.81	3401.16	3325.90	3358.53	55643	0	180
2024.12.21	20:00:00	3358.53	3387.48	3291.19	3337.61	37707	0	180
2024.12.22	00:00:00	3337.60	3373.49	3317.78	3355.26	38101	0	180
2024.12.22	04:00:00	3355.26	3360.97	3293.82	3330.85	30508	0	180
2024.12.22	08:00:00	3330.85	3402.25	3329.55	3380.15	28873	0	180
2024.12.22	12:00:00	3380.17	3397.13	3272.80	3300.93	43454	0	180
2024.12.22	16:00:00	3300.93	3337.98	3236.49	3246.64	40130	0	180
2024.12.22	20:00:00	3246.64	3309.11	3219.51	3279.89	39491	0	180
2024.12.23	00:00:00	3279.95	3354.75	3214.42	3348.76	56014	0	180
2024.12.23	04:00:00	3348.76	3361.73	3258.05	3302.98	36685	0	180
2024.12.23	08:00:00	3302.98	3353.95	3291.11	3336.58	29481	0	180
2024.12.23	12:00:00	3336.58	3359.04	3265.69	3275.29	53018	0	180
2024.12.23	16:00:00	3275.10	3382.02	3268.38	3335.56	51395	0	180
2024.12.23	20:00:00	3335.56	3465.35	3326.49	3421.29	39722	0	180
2024.12.24	00:00:00	3421.29	3425.85	3355.27	3394.61	25491	0	180
2024.12.24	04:00:00	3394.61	3432.79	3383.29	3398.73	19633	0	180
2024.12.24	08:00:00	3398.73	3415.02	3383.23	3412.16	20686	0	180
2024.12.24	12:00:00	3412.16	3510.85	3392.90	3493.68	39541	0	180
2024.12.24	16:00:00	3493.67	3540.40	3466.30	3467.37	34399	0	180
2024.12.24	20:00:00	3467.31	3505.01	3433.17	3493.24	22454	0	180
2024.12.25	00:00:00	3493.24	3496.55	3457.54	3478.98	21861	0	180
2024.12.25	04:00:00	3478.98	3509.49	3469.80	3488.99	20206	0	180
2024.12.25	08:00:00	3488.99	3547.16	3464.23	3471.54	26383	0	180
2024.12.25	12:00:00	3471.54	3501.53	3457.65	3473.49	30505	0	180
2024.12.25	16:00:00	3473.49	3488.59	3440.20	3480.72	21640	0	180
2024.12.25	20:00:00	3480.72	3499.51	3449.59	3495.50	18349	0	180
2024.12.26	00:00:00	3495.50	3514.25	3449.59	3455.05	24984	0	180
2024.12.26	04:00:00	3455.05	3455.16	3416.45	3421.05	22248	0	180
2024.12.26	08:00:00	3421.05	3424.75	3345.87	3372.60	33750	0	180
2024.12.26	12:00:00	3372.60	3372.73	3326.34	3342.31	37128	0	180
2024.12.26	16:00:00	3342.31	3363.83	3311.78	3338.29	30076	0	180
2024.12.26	20:00:00	3338.29	3348.68	3301.50	3332.70	20810	0	180
2024.12.27	00:00:00	3332.70	3386.83	3314.67	3377.30	24675	0	180
2024.12.27	04:00:00	3377.18	3397.83	3315.31	3323.44	26398	0	180
2024.12.27	08:00:00	3323.44	3442.65	3323.44	3417.57	39471	0	180
2024.12.27	12:00:00	3417.42	3422.28	3305.38	3323.76	39412	0	180
2024.12.27	16:00:00	3323.76	3365.12	3305.59	3354.19	35265	0	180
2024.12.27	20:00:00	3354.19	3355.05	3308.51	3331.21	18319	0	180
2024.12.28	00:00:00	3331.09	3351.29	3319.69	3342.91	18592	0	180
2024.12.28	04:00:00	3342.91	3359.60	3330.22	3333.19	13974	0	180
2024.12.28	08:00:00	3333.19	3361.90	3330.15	3357.47	14450	0	180
2024.12.28	12:00:00	3357.47	3394.52	3349.35	3365.84	26999	0	180
2024.12.28	16:00:00	3365.84	3411.74	3363.22	3398.92	20019	0	180
2024.12.28	20:00:00	3398.92	3427.56	3387.65	3403.32	13111	0	180
2024.12.29	00:00:00	3402.97	3405.78	3375.01	3382.47	15213	0	180
2024.12.29	04:00:00	3382.53	3406.69	3378.70	3405.45	9044	0	180
2024.12.29	08:00:00	3405.45	3413.14	3388.65	3397.37	10115	0	180
2024.12.29	12:00:00	3397.37	3408.39	3351.55	3370.86	22334	0	180
2024.12.29	16:00:00	3370.87	3373.93	3342.68	3359.34	19303	0	180
2024.12.29	20:00:00	3359.36	3366.02	3323.00	3354.03	20394	0	180
2024.12.30	00:00:00	3354.03	3434.07	3345.49	3398.01	28429	0	180
2024.12.30	04:00:00	3398.01	3426.76	3382.46	3420.48	19285	0	180
2024.12.30	08:00:00	3420.48	3428.33	3390.35	3418.90	18411	0	180
2024.12.30	12:00:00	3418.90	3425.35	3298.18	3319.05	43431	0	180
2024.12.30	16:00:00	3319.05	3406.47	3311.61	3400.80	36376	0	180
2024.12.30	20:00:00	3400.80	3418.61	3305.73	3359.13	27637	0	180
2024.12.31	00:00:00	3359.13	3362.81	3313.22	3338.28	21017	0	180
2024.12.31	04:00:00	3338.28	3361.54	3325.58	3352.76	16844	0	180
2024.12.31	08:00:00	3352.76	3408.58	3351.97	3392.72	22295	0	180
2024.12.31	12:00:00	3392.72	3450.25	3390.03	3410.95	34253	0	180
2024.12.31	16:00:00	3410.95	3414.51	3327.24	3354.01	31738	0	180
2024.12.31	20:00:00	3353.99	3363.79	3325.55	3334.84	16796	0	180
2025.01.01	00:00:00	3334.97	3367.32	3333.29	3352.88	13959	0	180
2025.01.01	04:00:00	3352.88	3354.29	3333.25	3344.21	9195	0	180
2025.01.01	08:00:00	3344.21	3346.41	3311.10	3338.76	15553	0	180
2025.01.01	12:00:00	3338.76	3357.40	3325.08	3349.67	21154	0	180
2025.01.01	16:00:00	3349.70	3360.51	3319.16	3353.51	18048	0	180
2025.01.01	20:00:00	3353.51	3371.73	3348.56	3356.76	13903	0	180
2025.01.02	00:00:00	3356.76	3402.75	3351.01	3386.30	22246	0	180
2025.01.02	04:00:00	3386.30	3424.87	3385.47	3418.62	14758	0	180
2025.01.02	08:00:00	3418.62	3474.80	3412.42	3469.37	21073	0	180
2025.01.02	12:00:00	3469.42	3509.54	3438.76	3462.05	38810	0	180
2025.01.02	16:00:00	3462.05	3488.10	3427.86	3460.80	30092	0	180
2025.01.02	20:00:00	3460.80	3473.16	3419.43	3454.58	13100	0	180
2025.01.03	00:00:00	3454.58	3476.39	3441.27	3469.85	13279	0	180
2025.01.03	04:00:00	3469.84	3470.61	3431.14	3432.71	12654	0	180
2025.01.03	08:00:00	3432.81	3465.40	3421.68	3462.10	14032	0	180
2025.01.03	12:00:00	3462.10	3577.34	3453.72	3564.77	41203	0	180
2025.01.03	16:00:00	3564.77	3631.33	3563.42	3622.30	32580	0	180
2025.01.03	20:00:00	3622.30	3623.85	3594.47	3608.08	13766	0	180
2025.01.04	00:00:00	3608.08	3619.75	3581.77	3597.78	13162	0	180
2025.01.04	04:00:00	3597.73	3609.74	3583.30	3594.01	11316	0	180
2025.01.04	08:00:00	3594.01	3606.82	3571.69	3601.19	13663	0	180
2025.01.04	12:00:00	3601.19	3662.50	3590.70	3607.62	29928	0	180
2025.01.04	16:00:00	3607.62	3643.45	3601.05	3629.75	20867	0	180
2025.01.04	20:00:00	3629.75	3669.82	3629.75	3656.65	13693	0	180
2025.01.05	00:00:00	3656.65	3674.96	3628.67	3637.18	12212	0	180
2025.01.05	04:00:00	3637.18	3648.40	3627.25	3630.85	9668	0	180
2025.01.05	08:00:00	3630.85	3632.56	3602.19	3612.61	15115	0	180
2025.01.05	12:00:00	3612.61	3638.61	3592.48	3629.88	19887	0	180
2025.01.05	16:00:00	3629.87	3648.59	3612.39	3637.62	15003	0	180
2025.01.05	20:00:00	3637.62	3656.90	3628.14	3634.75	11046	0	180
2025.01.06	00:00:00	3634.75	3684.30	3609.84	3663.60	26338	0	180
2025.01.06	04:00:00	3663.58	3697.88	3642.02	3650.53	18324	0	180
2025.01.06	08:00:00	3650.53	3660.48	3632.02	3654.32	13891	0	180
2025.01.06	12:00:00	3654.32	3714.18	3621.11	3714.18	37462	0	180
2025.01.06	16:00:00	3714.28	3744.81	3655.09	3688.58	28970	0	180
2025.01.06	20:00:00	3688.58	3705.60	3666.49	3688.41	13284	0	180
2025.01.07	00:00:00	3688.41	3702.57	3664.52	3682.92	14321	0	180
2025.01.07	04:00:00	3682.92	3686.96	3658.75	3667.18	8603	0	180
2025.01.07	08:00:00	3667.20	3678.47	3624.59	3637.61	12329	0	180
2025.01.07	12:00:00	3637.61	3644.13	3408.34	3459.30	51630	0	180
2025.01.07	16:00:00	3459.44	3488.52	3368.85	3383.65	45340	0	180
2025.01.07	20:00:00	3383.32	3411.43	3353.81	3380.01	32720	0	180
2025.01.08	00:00:00	3380.01	3414.92	3341.64	3359.58	28526	0	180
2025.01.08	04:00:00	3359.58	3374.01	3308.09	3354.32	36422	0	180
2025.01.08	08:00:00	3354.32	3376.82	3322.33	3349.20	22557	0	180
2025.01.08	12:00:00	3349.20	3384.96	3331.75	3346.27	47961	0	180
2025.01.08	16:00:00	3346.27	3347.17	3206.90	3281.04	69108	0	180
2025.01.08	20:00:00	3281.04	3335.12	3266.31	3327.01	23724	0	180
2025.01.09	00:00:00	3327.01	3356.61	3306.18	3323.88	25796	0	180
2025.01.09	04:00:00	3323.88	3342.08	3281.49	3289.58	21368	0	180
2025.01.09	08:00:00	3289.58	3327.00	3265.76	3300.97	27687	0	180
2025.01.09	12:00:00	3300.97	3336.98	3209.42	3319.97	51744	0	180
2025.01.09	16:00:00	3319.97	3328.21	3187.38	3196.25	39504	0	180
2025.01.09	20:00:00	3196.13	3241.48	3157.90	3221.91	40012	0	180
2025.01.10	00:00:00	3222.12	3262.85	3215.93	3256.74	25610	0	180
2025.01.10	04:00:00	3256.74	3316.09	3245.03	3297.96	24028	0	180
2025.01.10	08:00:00	3297.96	3323.52	3289.92	3313.47	18627	0	180
2025.01.10	12:00:00	3313.47	3319.27	3196.97	3246.16	65889	0	180
2025.01.10	16:00:00	3246.16	3323.30	3233.62	3297.65	45749	0	180
2025.01.10	20:00:00	3297.65	3297.65	3259.15	3269.19	14613	0	180
2025.01.11	00:00:00	3269.19	3272.59	3232.26	3238.61	14202	0	180
2025.01.11	04:00:00	3238.61	3251.80	3225.42	3236.30	12701	0	180
2025.01.11	08:00:00	3236.26	3281.97	3219.43	3274.40	16086	0	180
2025.01.11	12:00:00	3274.41	3284.54	3259.32	3272.93	17873	0	180
2025.01.11	16:00:00	3272.92	3284.94	3259.57	3279.12	15993	0	180
2025.01.11	20:00:00	3279.12	3321.40	3276.30	3284.74	15534	0	180
2025.01.12	00:00:00	3284.74	3292.56	3275.42	3287.23	10940	0	180
2025.01.12	04:00:00	3287.23	3290.18	3264.69	3267.92	7697	0	180
2025.01.12	08:00:00	3267.92	3272.64	3224.56	3252.83	15445	0	180
2025.01.12	12:00:00	3252.93	3296.22	3247.90	3285.22	19802	0	180
2025.01.12	16:00:00	3285.22	3300.39	3268.52	3280.22	14602	0	180
2025.01.12	20:00:00	3280.22	3290.26	3234.05	3267.18	15631	0	180
2025.01.13	00:00:00	3267.18	3339.58	3235.73	3242.72	34896	0	180
2025.01.13	04:00:00	3242.72	3260.80	3179.84	3201.01	29201	0	180
2025.01.13	08:00:00	3201.01	3205.31	3053.78	3055.92	47956	0	180
2025.01.13	12:00:00	3055.92	3089.52	2911.02	3049.46	78730	0	180
2025.01.13	16:00:00	3049.46	3061.09	2986.76	3025.41	59424	0	180
2025.01.13	20:00:00	3025.41	3145.11	3011.84	3139.46	37355	0	180
2025.01.14	00:00:00	3139.46	3177.60	3127.07	3160.84	26602	0	180
2025.01.14	04:00:00	3160.84	3191.56	3159.20	3172.62	16943	0	180
2025.01.14	08:00:00	3172.62	3258.70	3170.24	3218.51	30092	0	180
2025.01.14	12:00:00	3218.51	3235.75	3179.58	3201.68	45265	0	180
2025.01.14	16:00:00	3201.68	3237.99	3174.24	3215.95	34240	0	180
2025.01.14	20:00:00	3215.95	3242.05	3196.44	3226.55	17754	0	180
2025.01.15	00:00:00	3226.55	3246.70	3207.06	3242.67	26846	0	180
2025.01.15	04:00:00	3242.67	3253.63	3217.01	3234.80	17756	0	180
2025.01.15	08:00:00	3234.80	3250.99	3187.62	3201.11	19765	0	180
2025.01.15	12:00:00	3201.11	3355.18	3187.44	3335.11	55075	0	180
2025.01.15	16:00:00	3335.11	3441.34	3324.76	3432.71	34263	0	180
2025.01.15	20:00:00	3432.71	3471.57	3416.81	3449.40	22635	0	180
2025.01.16	00:00:00	3449.40	3458.39	3346.46	3362.67	27344	0	180
2025.01.16	04:00:00	3362.67	3390.47	3361.11	3382.91	12986	0	180
2025.01.16	08:00:00	3382.91	3384.71	3296.56	3349.24	28216	0	180
2025.01.16	12:00:00	3349.24	3363.89	3263.93	3331.76	51878	0	180
2025.01.16	16:00:00	3331.76	3365.23	3308.70	3343.26	33496	0	180
2025.01.16	20:00:00	3343.26	3352.39	3266.79	3306.38	21024	0	180
2025.01.17	00:00:00	3306.38	3395.65	3306.11	3358.27	24484	0	180
2025.01.17	04:00:00	3358.27	3387.96	3345.37	3371.23	13377	0	180
2025.01.17	08:00:00	3371.23	3437.09	3370.77	3421.39	22823	0	180
2025.01.17	12:00:00	3421.39	3448.86	3391.51	3420.11	40874	0	180
2025.01.17	16:00:00	3420.11	3447.17	3405.20	3431.39	30536	0	180
2025.01.17	20:00:00	3431.39	3522.94	3424.30	3472.67	26330	0	180
2025.01.18	00:00:00	3472.67	3493.51	3365.06	3381.78	22268	0	180
2025.01.18	04:00:00	3381.78	3393.48	3278.15	3284.55	42360	0	180
2025.01.18	08:00:00	3284.71	3321.77	3223.47	3308.43	47228	0	180
2025.01.18	12:00:00	3308.43	3344.91	3271.86	3304.81	41946	0	180
2025.01.18	16:00:00	3304.83	3315.11	3246.49	3286.97	47052	0	180
2025.01.18	20:00:00	3286.96	3317.79	3254.56	3303.67	20054	0	180
2025.01.19	00:00:00	3303.67	3374.40	3294.76	3331.54	28683	0	180
2025.01.19	04:00:00	3331.54	3334.46	3254.78	3270.37	34669	0	180
2025.01.19	08:00:00	3270.39	3272.48	3123.83	3143.09	64205	0	180
2025.01.19	12:00:00	3143.21	3422.04	3137.70	3380.14	77672	0	180
2025.01.19	16:00:00	3380.14	3446.48	3374.11	3416.35	41277	0	180
2025.01.19	20:00:00	3416.35	3429.34	3151.37	3210.13	101727	0	180
2025.01.20	00:00:00	3210.32	3276.48	3138.69	3267.65	97178	0	180
2025.01.20	04:00:00	3267.65	3450.54	3245.53	3378.59	77423	0	180
2025.01.20	08:00:00	3378.80	3409.23	3330.38	3371.53	50511	0	180
2025.01.20	12:00:00	3371.53	3376.99	3252.32	3333.52	84577	0	180
2025.01.20	16:00:00	3333.68	3387.84	3201.47	3340.32	103215	0	180
2025.01.20	20:00:00	3340.42	3341.91	3252.05	3280.09	46267	0	180
2025.01.21	00:00:00	3280.09	3286.03	3199.35	3259.59	64986	0	180
2025.01.21	04:00:00	3259.59	3262.96	3209.11	3250.85	42412	0	180
2025.01.21	08:00:00	3250.85	3312.06	3229.85	3302.78	43778	0	180
2025.01.21	12:00:00	3302.78	3333.12	3262.94	3292.49	51197	0	180
2025.01.21	16:00:00	3292.49	3367.80	3287.71	3332.63	43431	0	180
2025.01.21	20:00:00	3332.63	3347.97	3301.25	3327.39	25128	0	180
2025.01.22	00:00:00	3327.39	3365.70	3321.09	3330.30	25312	0	180
2025.01.22	04:00:00	3330.30	3338.58	3285.05	3286.19	17351	0	180
2025.01.22	08:00:00	3286.19	3328.82	3271.82	3325.21	19984	0	180
2025.01.22	12:00:00	3325.21	3331.56	3265.97	3276.90	34953	0	180
2025.01.22	16:00:00	3276.97	3290.89	3238.16	3261.08	26909	0	180
2025.01.22	20:00:00	3261.08	3275.05	3219.64	3240.01	22151	0	180
2025.01.23	00:00:00	3240.01	3258.71	3200.19	3222.51	27078	0	180
2025.01.23	04:00:00	3222.51	3229.63	3178.08	3229.18	21924	0	180
2025.01.23	08:00:00	3229.18	3229.76	3184.03	3210.25	22122	0	180
2025.01.23	12:00:00	3210.25	3284.87	3185.76	3257.97	52549	0	180
2025.01.23	16:00:00	3257.97	3297.44	3193.28	3204.49	43299	0	180
2025.01.23	20:00:00	3204.26	3349.28	3196.26	3338.93	56135	0	180
2025.01.24	00:00:00	3338.93	3350.31	3272.40	3300.45	34677	0	180
2025.01.24	04:00:00	3300.45	3420.40	3290.33	3380.57	35453	0	180
2025.01.24	08:00:00	3380.57	3415.88	3374.02	3398.20	22988	0	180
2025.01.24	12:00:00	3398.20	3429.42	3354.46	3383.36	35773	0	180
2025.01.24	16:00:00	3383.36	3409.65	3364.15	3368.92	27996	0	180
2025.01.24	20:00:00	3369.00	3379.28	3302.45	3308.40	23420	0	180
2025.01.25	00:00:00	3308.40	3323.07	3265.67	3317.56	24750	0	180
2025.01.25	04:00:00	3317.56	3318.14	3280.55	3289.18	16566	0	180
2025.01.25	08:00:00	3289.18	3309.80	3269.28	3304.36	17245	0	180
2025.01.25	12:00:00	3304.36	3344.49	3291.48	3333.96	19518	0	180
2025.01.25	16:00:00	3333.87	3349.58	3329.45	3338.61	19595	0	180
2025.01.25	20:00:00	3338.61	3350.00	3313.17	3317.57	12324	0	180
2025.01.26	00:00:00	3317.57	3348.68	3312.12	3337.15	12876	0	180
2025.01.26	04:00:00	3337.15	3360.76	3328.40	3337.67	13330	0	180
2025.01.26	08:00:00	3337.67	3342.04	3291.30	3310.68	15308	0	180
2025.01.26	12:00:00	3310.68	3319.88	3295.15	3313.98	12386	0	180
2025.01.26	16:00:00	3313.98	3343.92	3306.36	3337.62	12602	0	180
2025.01.26	20:00:00	3337.59	3340.98	3226.03	3230.20	22982	0	180
2025.01.27	00:00:00	3230.20	3252.14	3157.85	3181.93	49405	0	180
2025.01.27	04:00:00	3181.93	3181.93	3019.54	3068.03	56865	0	180
2025.01.27	08:00:00	3068.03	3087.22	3030.78	3055.94	49023	0	180
2025.01.27	12:00:00	3055.94	3150.91	3050.40	3131.28	62055	0	180
2025.01.27	16:00:00	3131.38	3131.98	3044.68	3074.19	50747	0	180
2025.01.27	20:00:00	3074.02	3238.43	3071.35	3182.84	38114	0	180
2025.01.28	00:00:00	3182.84	3220.36	3152.78	3205.22	25566	0	180
2025.01.28	04:00:00	3205.21	3224.80	3190.34	3198.03	20336	0	180
2025.01.28	08:00:00	3198.03	3209.06	3177.84	3187.94	18393	0	180
2025.01.28	12:00:00	3187.94	3214.44	3155.91	3180.75	38929	0	180
2025.01.28	16:00:00	3180.76	3182.82	3120.46	3146.07	36495	0	180
2025.01.28	20:00:00	3146.07	3154.04	3038.02	3074.91	37057	0	180
2025.01.29	00:00:00	3074.91	3131.75	3074.14	3128.95	23314	0	180
2025.01.29	04:00:00	3128.95	3159.27	3115.64	3155.92	18316	0	180
2025.01.29	08:00:00	3155.84	3163.37	3118.18	3133.34	18587	0	180
2025.01.29	12:00:00	3133.34	3138.59	3078.12	3098.96	35167	0	180
2025.01.29	16:00:00	3098.96	3151.27	3052.70	3124.73	56077	0	180
2025.01.29	20:00:00	3124.83	3179.82	3088.62	3113.40	48613	0	180
2025.01.30	00:00:00	3113.40	3201.76	3089.61	3200.27	26206	0	180
2025.01.30	04:00:00	3200.27	3214.75	3178.01	3190.98	20950	0	180
2025.01.30	08:00:00	3190.98	3229.65	3181.43	3222.29	21189	0	180
2025.01.30	12:00:00	3222.29	3280.90	3208.97	3256.47	40462	0	180
2025.01.30	16:00:00	3256.47	3283.92	3248.71	3271.11	26496	0	180
2025.01.30	20:00:00	3271.11	3272.84	3227.50	3246.24	18384	0	180
2025.01.31	00:00:00	3246.24	3279.26	3219.57	3229.19	21480	0	180
2025.01.31	04:00:00	3229.19	3275.67	3211.43	3240.12	18809	0	180
2025.01.31	08:00:00	3240.12	3338.48	3231.50	3334.14	26251	0	180
2025.01.31	12:00:00	3334.41	3428.13	3324.31	3426.88	46060	0	180
2025.01.31	16:00:00	3426.71	3436.25	3294.83	3337.67	47096	0	180
2025.01.31	20:00:00	3337.63	3337.63	3277.52	3300.01	34650	0	180
2025.02.01	00:00:00	3300.01	3332.02	3282.20	3291.61	21553	0	180
2025.02.01	04:00:00	3291.61	3306.59	3271.94	3279.32	16605	0	180
2025.02.01	08:00:00	3279.32	3285.63	3221.11	3249.54	33391	0	180
2025.02.01	12:00:00	3249.54	3272.72	3226.52	3249.21	26252	0	180
2025.02.01	16:00:00	3249.21	3266.51	3175.85	3194.04	30846	0	180
2025.02.01	20:00:00	3194.04	3194.04	3099.70	3115.32	39083	0	180
2025.02.02	00:00:00	3115.32	3161.59	3065.80	3075.19	38227	0	180
2025.02.02	04:00:00	3075.00	3136.65	3070.95	3098.08	35792	0	180
2025.02.02	08:00:00	3098.02	3121.12	3047.22	3060.99	33105	0	180
2025.02.02	12:00:00	3060.99	3097.97	3046.22	3078.53	42032	0	180
2025.02.02	16:00:00	3078.53	3079.56	2887.83	2953.47	102202	0	180
2025.02.02	20:00:00	2953.46	2981.46	2742.71	2866.45	84917	0	180
2025.02.03	00:00:00	2866.40	2870.00	2088.84	2528.20	160357	0	180
2025.02.03	04:00:00	2528.20	2633.80	2446.29	2623.60	98415	0	180
2025.02.03	08:00:00	2623.60	2623.90	2528.26	2582.45	88223	0	180
2025.02.03	12:00:00	2582.45	2728.78	2528.38	2702.22	116788	0	180
2025.02.03	16:00:00	2702.21	2770.84	2667.94	2764.67	86971	0	180
2025.02.03	20:00:00	2764.37	2921.09	2695.41	2880.71	76872	0	180
2025.02.04	00:00:00	2880.71	2890.10	2791.21	2810.49	46254	0	180
2025.02.04	04:00:00	2810.49	2836.64	2663.39	2704.79	79912	0	180
2025.02.04	08:00:00	2704.80	2789.82	2677.70	2758.61	59155	0	180
2025.02.04	12:00:00	2758.61	2847.22	2730.68	2778.51	88319	0	180
2025.02.04	16:00:00	2778.51	2871.33	2766.14	2772.30	66965	0	180
2025.02.04	20:00:00	2772.22	2796.38	2630.48	2729.91	86015	0	180
2025.02.05	00:00:00	2729.91	2770.85	2698.09	2719.46	51252	0	180
2025.02.05	04:00:00	2719.44	2787.24	2707.57	2759.31	40901	0	180
2025.02.05	08:00:00	2759.31	2818.61	2746.05	2800.39	41209	0	180
2025.02.05	12:00:00	2800.40	2829.39	2758.05	2773.44	59274	0	180
2025.02.05	16:00:00	2773.41	2785.99	2713.94	2773.93	69007	0	180
2025.02.05	20:00:00	2773.93	2803.33	2737.57	2787.95	46425	0	180
2025.02.06	00:00:00	2787.95	2819.79	2755.55	2806.71	43224	0	180
2025.02.06	04:00:00	2806.71	2857.93	2805.80	2833.59	29742	0	180
2025.02.06	08:00:00	2833.59	2859.97	2795.00	2805.88	34549	0	180
2025.02.06	12:00:00	2805.88	2810.24	2682.71	2704.70	65747	0	180
2025.02.06	16:00:00	2704.70	2727.20	2671.01	2689.29	60950	0	180
2025.02.06	20:00:00	2689.39	2724.93	2653.83	2685.46	37748	0	180
2025.02.07	00:00:00	2685.53	2739.52	2679.09	2716.12	39716	0	180
2025.02.07	04:00:00	2716.12	2731.85	2667.77	2712.53	32453	0	180
2025.02.07	08:00:00	2712.53	2765.54	2704.45	2762.90	31837	0	180
2025.02.07	12:00:00	2762.91	2798.32	2710.93	2722.95	65305	0	180
2025.02.07	16:00:00	2722.95	2728.36	2654.91	2658.95	55181	0	180
2025.02.07	20:00:00	2658.95	2661.55	2562.06	2621.27	53221	0	180
2025.02.08	00:00:00	2621.27	2666.84	2614.58	2640.35	33169	0	180
2025.02.08	04:00:00	2640.33	2647.12	2593.60	2627.52	26982	0	180
2025.02.08	08:00:00	2627.52	2631.40	2599.93	2611.80	23904	0	180
2025.02.08	12:00:00	2611.80	2634.43	2587.01	2604.02	33887	0	180
2025.02.08	16:00:00	2604.02	2648.10	2588.44	2635.67	31482	0	180
2025.02.08	20:00:00	2635.67	2643.93	2622.32	2631.11	17199	0	180
2025.02.09	00:00:00	2631.11	2698.33	2626.29	2677.90	23070	0	180
2025.02.09	04:00:00	2677.90	2678.19	2648.13	2661.62	17272	0	180
2025.02.09	08:00:00	2661.62	2672.63	2650.17	2654.14	18885	0	180
2025.02.09	12:00:00	2654.14	2660.60	2609.99	2651.58	31543	0	180
2025.02.09	16:00:00	2651.58	2665.00	2615.14	2622.94	23653	0	180
2025.02.09	20:00:00	2622.94	2647.99	2520.69	2626.75	47743	0	180
2025.02.10	00:00:00	2626.75	2658.08	2559.25	2626.03	49124	0	180
2025.02.10	04:00:00	2626.03	2660.86	2618.37	2637.12	27345	0	180
2025.02.10	08:00:00	2637.09	2662.78	2634.32	2652.99	25265	0	180
2025.02.10	12:00:00	2652.99	2684.38	2630.46	2657.84	41666	0	180
2025.02.10	16:00:00	2657.84	2694.18	2649.27	2672.02	31734	0	180
2025.02.10	20:00:00	2672.02	2687.06	2651.29	2660.66	16453	0	180
2025.02.11	00:00:00	2660.66	2725.13	2660.02	2678.30	28559	0	180
2025.02.11	04:00:00	2678.30	2724.31	2675.91	2711.17	26255	0	180
2025.02.11	08:00:00	2711.09	2721.07	2690.81	2707.89	22358	0	180
2025.02.11	12:00:00	2707.89	2710.04	2625.34	2662.48	39187	0	180
2025.02.11	16:00:00	2662.48	2671.33	2582.15	2589.84	40482	0	180
2025.02.11	20:00:00	2589.84	2631.58	2558.12	2602.78	29687	0	180
2025.02.12	00:00:00	2602.78	2624.45	2568.33	2587.11	27394	0	180
2025.02.12	04:00:00	2587.11	2623.84	2576.99	2618.23	24676	0	180
2025.02.12	08:00:00	2618.01	2640.16	2610.15	2627.33	22327	0	180
2025.02.12	12:00:00	2627.28	2664.38	2546.40	2607.14	69760	0	180
2025.02.12	16:00:00	2607.14	2682.76	2583.19	2676.86	44374	0	180
2025.02.12	20:00:00	2676.86	2796.05	2667.69	2738.91	34771	0	180
2025.02.13	00:00:00	2738.93	2757.63	2715.40	2741.49	24272	0	180
2025.02.13	04:00:00	2741.49	2742.73	2669.60	2679.86	25910	0	180
2025.02.13	08:00:00	2679.86	2687.69	2649.51	2655.21	27157	0	180
2025.02.13	12:00:00	2655.21	2676.59	2614.72	2647.11	51646	0	180
2025.02.13	16:00:00	2647.11	2661.50	2612.51	2640.96	40085	0	180
2025.02.13	20:00:00	2640.96	2679.79	2640.33	2675.68	18988	0	180
2025.02.14	00:00:00	2675.68	2721.86	2664.01	2715.11	22504	0	180
2025.02.14	04:00:00	2715.11	2716.64	2689.50	2699.22	15324	0	180
2025.02.14	08:00:00	2699.22	2716.64	2682.23	2685.04	18965	0	180
2025.02.14	12:00:00	2685.04	2747.09	2677.10	2733.83	33907	0	180
2025.02.14	16:00:00	2733.78	2790.74	2708.52	2737.62	42122	0	180
2025.02.14	20:00:00	2737.63	2751.10	2704.55	2724.64	26492	0	180
2025.02.15	00:00:00	2724.64	2738.33	2703.16	2723.15	19268	0	180
2025.02.15	04:00:00	2723.15	2732.95	2692.78	2696.50	16418	0	180
2025.02.15	08:00:00	2696.50	2714.24	2694.42	2707.42	17748	0	180
2025.02.15	12:00:00	2707.42	2713.13	2659.53	2690.08	24233	0	180
2025.02.15	16:00:00	2690.08	2707.54	2677.70	2690.82	18811	0	180
2025.02.15	20:00:00	2690.82	2703.67	2677.98	2691.91	11330	0	180
2025.02.16	00:00:00	2691.91	2704.85	2685.77	2697.80	11996	0	180
2025.02.16	04:00:00	2697.88	2725.58	2688.62	2694.42	13915	0	180
2025.02.16	08:00:00	2694.42	2711.96	2687.69	2709.39	15462	0	180
2025.02.16	12:00:00	2709.39	2711.13	2675.28	2693.30	21396	0	180
2025.02.16	16:00:00	2693.30	2702.40	2658.13	2682.14	17686	0	180
2025.02.16	20:00:00	2682.14	2688.48	2649.55	2660.97	18208	0	180
2025.02.17	00:00:00	2660.97	2683.98	2657.44	2672.09	16441	0	180
2025.02.17	04:00:00	2672.09	2695.57	2636.30	2681.80	23227	0	180
2025.02.17	08:00:00	2681.80	2775.33	2676.82	2755.25	35718	0	180
2025.02.17	12:00:00	2755.25	2850.53	2746.76	2756.82	51399	0	180
2025.02.17	16:00:00	2756.82	2766.28	2686.77	2717.18	51273	0	180
2025.02.17	20:00:00	2717.18	2778.26	2715.76	2744.36	26392	0	180
2025.02.18	00:00:00	2744.36	2757.07	2707.57	2712.92	24043	0	180
2025.02.18	04:00:00	2712.92	2718.86	2653.27	2674.36	39819	0	180
2025.02.18	08:00:00	2674.36	2707.27	2654.07	2680.30	29097	0	180
2025.02.18	12:00:00	2680.30	2733.02	2659.84	2674.66	47748	0	180
2025.02.18	16:00:00	2674.66	2685.80	2605.26	2629.96	55583	0	180
2025.02.18	20:00:00	2629.96	2672.29	2617.90	2672.02	27342	0	180
2025.02.19	00:00:00	2672.02	2700.31	2656.42	2694.08	22729	0	180
2025.02.19	04:00:00	2694.08	2718.29	2664.68	2708.64	22903	0	180
2025.02.19	08:00:00	2708.64	2738.18	2705.11	2728.23	23006	0	180
2025.02.19	12:00:00	2728.24	2732.60	2679.01	2698.14	35128	0	180
2025.02.19	16:00:00	2698.14	2725.71	2695.49	2713.28	27369	0	180
2025.02.19	20:00:00	2713.28	2735.60	2707.02	2717.07	19194	0	180
2025.02.20	00:00:00	2717.07	2752.53	2711.36	2742.85	19553	0	180
2025.02.20	04:00:00	2742.85	2760.65	2722.91	2731.19	15931	0	180
2025.02.20	08:00:00	2731.19	2748.30	2725.96	2741.39	13605	0	180
2025.02.20	12:00:00	2741.39	2771.99	2708.28	2714.15	33640	0	180
2025.02.20	16:00:00	2714.07	2769.42	2709.05	2749.13	28627	0	180
2025.02.20	20:00:00	2749.13	2762.68	2723.45	2739.32	16286	0	180
2025.02.21	00:00:00	2739.32	2750.69	2726.33	2745.63	14590	0	180
2025.02.21	04:00:00	2745.63	2771.24	2745.16	2756.98	14979	0	180
2025.02.21	08:00:00	2756.98	2832.34	2748.77	2789.66	28990	0	180
2025.02.21	12:00:00	2789.70	2846.10	2674.65	2724.26	63080	0	180
2025.02.21	16:00:00	2724.26	2769.97	2625.64	2639.92	70342	0	180
2025.02.21	20:00:00	2640.03	2664.17	2614.75	2663.16	34825	0	180
2025.02.22	00:00:00	2663.16	2690.37	2653.05	2676.92	23817	0	180
2025.02.22	04:00:00	2676.92	2697.69	2673.95	2684.65	18088	0	180
2025.02.22	08:00:00	2684.65	2754.72	2677.77	2734.47	28438	0	180
2025.02.22	12:00:00	2734.47	2787.15	2722.86	2776.60	26221	0	180
2025.02.22	16:00:00	2776.22	2799.03	2756.41	2770.08	32435	0	180
2025.02.22	20:00:00	2770.08	2778.47	2759.17	2764.13	12391	0	180
2025.02.23	00:00:00	2764.13	2776.58	2745.77	2753.70	17118	0	180
2025.02.23	04:00:00	2753.70	2829.81	2747.20	2825.02	25940	0	180
2025.02.23	08:00:00	2825.02	2832.01	2784.23	2798.50	26080	0	180
2025.02.23	12:00:00	2798.50	2827.97	2774.11	2783.64	36836	0	180
2025.02.23	16:00:00	2783.68	2824.49	2783.16	2807.79	25405	0	180
2025.02.23	20:00:00	2807.79	2860.64	2785.70	2819.89	19217	0	180
2025.02.24	00:00:00	2819.89	2840.23	2712.10	2718.89	38072	0	180
2025.02.24	04:00:00	2718.92	2736.68	2692.72	2722.64	34929	0	180
2025.02.24	08:00:00	2722.64	2723.30	2664.19	2690.54	35339	0	180
2025.02.24	12:00:00	2690.54	2698.38	2637.22	2659.81	53844	0	180
2025.02.24	16:00:00	2659.81	2684.14	2624.10	2642.85	40965	0	180
2025.02.24	20:00:00	2642.85	2665.29	2470.29	2514.85	60500	0	180
2025.02.25	00:00:00	2514.79	2531.84	2459.62	2496.38	76562	0	180
2025.02.25	04:00:00	2496.38	2513.01	2317.24	2372.60	80572	0	180
2025.02.25	08:00:00	2372.45	2440.50	2358.51	2434.57	86296	0	180
2025.02.25	12:00:00	2434.57	2450.31	2361.38	2408.71	86971	0	180
2025.02.25	16:00:00	2408.79	2472.17	2382.63	2470.38	68969	0	180
2025.02.25	20:00:00	2470.28	2531.90	2455.89	2493.73	43657	0	180
2025.02.26	00:00:00	2493.73	2505.63	2469.14	2488.79	27466	0	180
2025.02.26	04:00:00	2488.79	2505.46	2473.27	2482.74	22769	0	180
2025.02.26	08:00:00	2482.74	2495.18	2456.70	2464.24	27319	0	180
2025.02.26	12:00:00	2464.32	2466.54	2369.33	2428.45	65636	0	180
2025.02.26	16:00:00	2428.45	2434.24	2264.26	2295.45	88816	0	180
2025.02.26	20:00:00	2295.51	2382.67	2252.89	2335.39	72864	0	180
2025.02.27	00:00:00	2335.39	2370.20	2314.22	2329.58	46371	0	180
2025.02.27	04:00:00	2329.58	2372.68	2300.47	2355.59	36869	0	180
2025.02.27	08:00:00	2355.59	2381.82	2342.11	2353.95	33053	0	180
2025.02.27	12:00:00	2353.95	2362.29	2288.76	2322.58	67328	0	180
2025.02.27	16:00:00	2322.58	2336.95	2276.95	2291.06	53601	0	180
2025.02.27	20:00:00	2291.06	2310.32	2228.62	2306.59	51536	0	180
2025.02.28	00:00:00	2306.59	2313.67	2123.61	2147.25	92888	0	180
2025.02.28	04:00:00	2147.37	2155.89	2075.43	2105.51	109918	0	180
2025.02.28	08:00:00	2105.62	2151.44	2075.73	2125.74	76015	0	180
2025.02.28	12:00:00	2125.47	2228.21	2104.41	2222.98	92047	0	180
2025.02.28	16:00:00	2222.98	2255.49	2193.90	2231.62	69112	0	180
2025.02.28	20:00:00	2231.66	2239.49	2200.03	2236.40	39866	0	180
2025.03.01	00:00:00	2236.46	2274.55	2213.87	2263.03	43481	0	180
2025.03.01	04:00:00	2263.03	2280.92	2225.31	2229.65	33551	0	180
2025.03.01	08:00:00	2229.65	2240.53	2172.35	2185.47	33008	0	180
2025.03.01	12:00:00	2185.47	2188.91	2143.47	2174.25	45045	0	180
2025.03.01	16:00:00	2174.25	2235.17	2170.08	2223.83	43031	0	180
2025.03.01	20:00:00	2223.83	2236.74	2191.64	2218.18	32139	0	180
2025.03.02	00:00:00	2218.47	2231.80	2201.49	2221.19	36661	0	180
2025.03.02	04:00:00	2221.19	2236.13	2219.15	2222.55	25084	0	180
2025.03.02	08:00:00	2222.55	2262.73	2209.00	2240.54	30216	0	180
2025.03.02	12:00:00	2240.54	2292.77	2174.24	2231.48	61007	0	180
2025.03.02	16:00:00	2231.48	2520.57	2214.23	2486.89	131346	0	180
2025.03.02	20:00:00	2486.79	2551.79	2480.42	2518.28	57761	0	180
2025.03.03	00:00:00	2518.28	2524.53	2418.58	2440.84	54517	0	180
2025.03.03	04:00:00	2440.97	2458.29	2353.74	2387.91	40798	0	180
2025.03.03	08:00:00	2387.91	2389.49	2323.91	2358.30	49704	0	180
2025.03.03	12:00:00	2358.30	2390.35	2268.51	2287.88	78621	0	180
2025.03.03	16:00:00	2287.88	2296.84	2096.72	2109.91	103953	0	180
2025.03.03	20:00:00	2109.98	2174.16	2097.24	2150.84	76133	0	180
2025.03.04	00:00:00	2150.84	2168.54	2003.75	2076.05	104818	0	180
2025.03.04	04:00:00	2076.05	2122.98	2068.55	2081.16	61010	0	180
2025.03.04	08:00:00	2081.18	2118.73	2070.49	2101.65	50042	0	180
2025.03.04	12:00:00	2101.77	2158.50	2025.80	2074.64	109203	0	180
2025.03.04	16:00:00	2074.77	2175.97	1990.75	2173.22	105962	0	180
2025.03.04	20:00:00	2173.22	2222.44	2127.34	2171.49	53417	0	180
2025.03.05	00:00:00	2171.47	2193.44	2155.47	2161.02	48064	0	180
2025.03.05	04:00:00	2161.06	2214.04	2158.09	2207.28	30909	0	180
2025.03.05	08:00:00	2207.30	2274.69	2205.03	2218.78	47470	0	180
2025.03.05	12:00:00	2218.78	2234.40	2167.11	2187.69	69178	0	180
2025.03.05	16:00:00	2187.69	2223.81	2162.04	2218.71	58203	0	180
2025.03.05	20:00:00	2218.72	2254.51	2214.31	2242.73	25991	0	180
2025.03.06	00:00:00	2242.71	2298.33	2235.35	2291.11	46959	0	180
2025.03.06	04:00:00	2291.11	2322.57	2276.81	2288.00	32201	0	180
2025.03.06	08:00:00	2288.00	2307.49	2277.94	2299.55	28509	0	180
2025.03.06	12:00:00	2299.55	2300.87	2209.31	2259.21	59328	0	180
2025.03.06	16:00:00	2259.21	2267.34	2177.20	2198.80	55607	0	180
2025.03.06	20:00:00	2198.80	2230.90	2192.69	2203.91	34036	0	180
2025.03.07	00:00:00	2203.93	2228.99	2103.22	2149.66	78399	0	180
2025.03.07	04:00:00	2149.66	2195.01	2145.32	2193.77	25621	0	180
2025.03.07	08:00:00	2193.77	2212.03	2177.79	2199.26	26301	0	180
2025.03.07	12:00:00	2199.26	2260.29	2166.43	2211.04	71689	0	180
2025.03.07	16:00:00	2211.22	2216.72	2141.32	2179.49	71748	0	180
2025.03.07	20:00:00	2179.46	2188.21	2114.45	2142.70	57021	0	180
2025.03.08	00:00:00	2142.70	2157.47	2104.92	2139.35	31087	0	180
2025.03.08	04:00:00	2139.35	2154.10	2132.72	2139.12	20911	0	180
2025.03.08	08:00:00	2139.12	2145.01	2127.67	2142.99	22062	0	180
2025.03.08	12:00:00	2142.99	2200.18	2139.27	2183.04	38670	0	180
2025.03.08	16:00:00	2183.04	2236.70	2162.98	2225.76	36527	0	180
2025.03.08	20:00:00	2225.76	2227.71	2194.67	2205.23	17735	0	180
2025.03.09	00:00:00	2205.23	2213.87	2177.84	2186.91	19108	0	180
2025.03.09	04:00:00	2186.91	2199.11	2173.46	2186.67	18734	0	180
2025.03.09	08:00:00	2186.67	2190.00	2129.81	2148.54	27158	0	180
2025.03.09	12:00:00	2148.54	2149.00	2085.41	2099.34	40399	0	180
2025.03.09	16:00:00	2099.34	2111.56	2000.27	2043.78	82608	0	180
2025.03.09	20:00:00	2043.78	2059.95	1990.79	2023.16	49658	0	180
2025.03.10	00:00:00	2023.17	2072.82	1997.74	2059.89	53832	0	180
2025.03.10	04:00:00	2059.89	2081.85	2056.33	2076.83	25866	0	180
2025.03.10	08:00:00	2076.83	2154.24	2049.74	2128.51	55845	0	180
2025.03.10	12:00:00	2128.64	2136.85	1998.94	2020.23	94753	0	180
2025.03.10	16:00:00	2020.23	2028.07	1810.27	1869.81	119180	0	180
2025.03.10	20:00:00	1869.38	1905.22	1843.79	1866.73	61208	0	180
2025.03.11	00:00:00	1866.79	1891.84	1755.54	1850.48	105756	0	180
2025.03.11	04:00:00	1850.48	1915.00	1846.20	1904.92	46351	0	180
2025.03.11	08:00:00	1904.92	1931.09	1900.54	1915.44	42616	0	180
2025.03.11	12:00:00	1915.44	1965.04	1840.71	1915.16	112851	0	180
2025.03.11	16:00:00	1915.16	1964.71	1887.26	1952.92	75483	0	180
2025.03.11	20:00:00	1952.92	1956.57	1917.85	1924.50	30372	0	180
2025.03.12	00:00:00	1924.50	1934.15	1868.08	1870.49	42958	0	180
2025.03.12	04:00:00	1870.49	1917.01	1852.82	1911.57	43145	0	180
2025.03.12	08:00:00	1911.57	1957.32	1871.28	1917.72	62120	0	180
2025.03.12	12:00:00	1917.72	1948.08	1830.61	1870.88	91784	0	180
2025.03.12	16:00:00	1870.88	1895.31	1863.42	1879.27	50677	0	180
2025.03.12	20:00:00	1879.27	1916.26	1874.65	1909.03	24598	0	180
2025.03.13	00:00:00	1909.03	1918.07	1882.75	1888.10	31029	0	180
2025.03.13	04:00:00	1888.09	1892.72	1859.40	1873.40	28520	0	180
2025.03.13	08:00:00	1873.40	1906.70	1854.96	1901.66	38321	0	180
2025.03.13	12:00:00	1901.66	1922.70	1864.62	1876.57	66517	0	180
2025.03.13	16:00:00	1876.57	1879.16	1822.85	1852.08	49771	0	180
2025.03.13	20:00:00	1852.10	1884.42	1839.04	1865.08	23705	0	180
2025.03.14	00:00:00	1865.08	1895.67	1861.40	1890.33	21759	0	180
2025.03.14	04:00:00	1890.33	1906.91	1888.34	1894.41	15414	0	180
2025.03.14	08:00:00	1894.40	1910.09	1890.56	1903.90	20701	0	180
2025.03.14	12:00:00	1903.90	1944.29	1876.53	1924.10	50161	0	180
2025.03.14	16:00:00	1924.10	1948.12	1915.84	1936.48	29717	0	180
2025.03.14	20:00:00	1936.49	1937.20	1909.81	1913.65	15285	0	180
2025.03.15	00:00:00	1913.64	1925.29	1905.07	1922.32	16062	0	180
2025.03.15	04:00:00	1922.32	1937.51	1916.39	1919.53	15296	0	180
2025.03.15	08:00:00	1919.54	1934.03	1913.86	1930.85	15268	0	180
2025.03.15	12:00:00	1930.85	1941.92	1925.07	1939.51	15931	0	180
2025.03.15	16:00:00	1939.51	1950.98	1930.37	1938.78	15375	0	180
2025.03.15	20:00:00	1938.78	1960.19	1938.26	1939.63	12620	0	180
2025.03.16	00:00:00	1939.63	1943.03	1918.17	1929.86	14957	0	180
2025.03.16	04:00:00	1929.86	1936.33	1923.14	1928.13	11358	0	180
2025.03.16	08:00:00	1928.13	1929.23	1867.63	1874.97	26145	0	180
2025.03.16	12:00:00	1874.97	1899.80	1874.58	1896.00	28227	0	180
2025.03.16	16:00:00	1896.00	1925.27	1860.13	1884.10	35060	0	180
2025.03.16	20:00:00	1884.10	1900.01	1870.84	1887.90	18206	0	180
2025.03.17	00:00:00	1887.90	1916.91	1887.06	1910.04	17703	0	180
2025.03.17	04:00:00	1910.04	1914.71	1880.20	1901.99	16996	0	180
2025.03.17	08:00:00	1901.99	1919.88	1893.71	1911.54	16099	0	180
2025.03.17	12:00:00	1911.54	1945.31	1887.92	1920.27	44590	0	180
2025.03.17	16:00:00	1920.27	1953.96	1908.83	1943.39	27422	0	180
2025.03.17	20:00:00	1943.39	1951.40	1923.45	1928.33	13892	0	180
2025.03.18	00:00:00	1928.33	1932.54	1898.21	1902.33	18945	0	180
2025.03.18	04:00:00	1902.33	1911.81	1894.59	1906.14	16530	0	180
2025.03.18	08:00:00	1906.14	1914.48	1886.31	1893.47	17826	0	180
2025.03.18	12:00:00	1893.48	1904.44	1872.82	1881.79	36306	0	180
2025.03.18	16:00:00	1881.79	1909.38	1873.24	1905.11	26133	0	180
2025.03.18	20:00:00	1905.11	1937.56	1899.29	1932.25	14504	0	180
2025.03.19	00:00:00	1932.25	1949.83	1929.09	1939.53	15938	0	180
2025.03.19	04:00:00	1939.53	1945.07	1931.51	1932.92	13554	0	180
2025.03.19	08:00:00	1932.92	2034.21	1932.62	2028.99	34272	0	180
2025.03.19	12:00:00	2028.99	2058.00	1996.75	2049.92	49833	0	180
2025.03.19	16:00:00	2049.92	2064.70	1997.07	2032.86	54406	0	180
2025.03.19	20:00:00	2032.86	2071.68	2029.96	2057.87	22988	0	180
2025.03.20	00:00:00	2057.87	2069.61	2021.53	2024.77	22397	0	180
2025.03.20	04:00:00	2024.77	2027.63	2006.34	2009.13	14031	0	180
2025.03.20	08:00:00	2009.13	2023.43	1973.05	1990.06	24480	0	180
2025.03.20	12:00:00	1990.06	2011.67	1967.13	1973.29	36308	0	180
2025.03.20	16:00:00	1973.29	1981.43	1952.28	1975.28	29267	0	180
2025.03.20	20:00:00	1975.30	1985.87	1971.44	1984.56	11958	0	180
2025.03.21	00:00:00	1984.56	1997.04	1973.45	1979.25	14392	0	180
2025.03.21	04:00:00	1979.09	1991.04	1967.17	1977.96	15004	0	180
2025.03.21	08:00:00	1977.96	1983.41	1957.99	1968.09	20046	0	180
2025.03.21	12:00:00	1968.09	1975.12	1936.81	1951.36	34703	0	180
2025.03.21	16:00:00	1951.36	1978.97	1946.42	1974.79	20658	0	180
2025.03.21	20:00:00	1974.77	1984.30	1963.20	1966.56	11854	0	180
2025.03.22	00:00:00	1966.56	1988.26	1965.17	1987.07	15473	0	180
2025.03.22	04:00:00	1987.07	1994.24	1983.93	1985.51	11904	0	180
2025.03.22	08:00:00	1985.51	2007.12	1982.37	1991.49	16815	0	180
2025.03.22	12:00:00	1991.49	1998.90	1982.15	1987.15	12972	0	180
2025.03.22	16:00:00	1987.15	2001.87	1983.52	1997.38	10848	0	180
2025.03.22	20:00:00	1997.38	2005.27	1975.75	1982.15	10376	0	180
2025.03.23	00:00:00	1982.15	2009.67	1978.27	2009.10	11751	0	180
2025.03.23	04:00:00	2009.10	2022.16	1993.38	2009.49	11211	0	180
2025.03.23	08:00:00	2009.49	2021.73	2003.04	2008.95	13916	0	180
2025.03.23	12:00:00	2008.95	2021.24	2003.43	2008.29	14533	0	180
2025.03.23	16:00:00	2008.29	2009.26	1988.32	1997.85	12389	0	180
2025.03.23	20:00:00	1997.85	2008.48	1981.94	2007.15	12444	0	180
2025.03.24	00:00:00	2007.15	2022.64	1978.86	2015.09	22932	0	180
2025.03.24	04:00:00	2015.09	2080.84	2015.09	2069.79	22064	0	180
2025.03.24	08:00:00	2069.79	2104.29	2069.41	2092.89	20829	0	180
2025.03.24	12:00:00	2092.89	2102.66	2073.44	2089.19	27391	0	180
2025.03.24	16:00:00	2089.19	2101.29	2067.09	2088.84	17681	0	180
2025.03.24	20:00:00	2088.84	2095.24	2068.18	2081.42	11165	0	180
2025.03.25	00:00:00	2081.42	2098.28	2041.18	2043.30	19681	0	180
2025.03.25	04:00:00	2043.30	2066.54	2036.82	2054.90	14722	0	180
2025.03.25	08:00:00	2054.90	2075.20	2052.51	2067.93	14770	0	180
2025.03.25	12:00:00	2067.93	2080.38	2051.62	2067.72	27807	0	180
2025.03.25	16:00:00	2067.72	2084.34	2056.16	2075.51	19099	0	180
2025.03.25	20:00:00	2075.51	2083.87	2054.15	2066.70	13051	0	180
2025.03.26	00:00:00	2066.70	2079.32	2043.25	2050.45	14429	0	180
2025.03.26	04:00:00	2050.45	2072.68	2048.86	2069.86	10721	0	180
2025.03.26	08:00:00	2069.86	2076.93	2058.79	2069.29	11347	0	180
2025.03.26	12:00:00	2069.33	2071.66	2007.90	2014.36	30943	0	180
2025.03.26	16:00:00	2014.36	2024.20	1983.10	2001.00	24175	0	180
2025.03.26	20:00:00	2000.99	2019.30	1993.01	2010.94	14604	0	180
2025.03.27	00:00:00	2010.94	2038.54	2008.30	2032.91	14588	0	180
2025.03.27	04:00:00	2032.96	2034.46	2022.25	2027.53	9362	0	180
2025.03.27	08:00:00	2027.53	2036.98	2012.62	2016.82	14854	0	180
2025.03.27	12:00:00	2016.82	2026.64	1987.11	2005.94	31770	0	180
2025.03.27	16:00:00	2005.94	2015.89	1993.95	2004.53	16159	0	180
2025.03.27	20:00:00	2004.67	2021.70	2000.06	2004.17	8517	0	180
2025.03.28	00:00:00	2004.17	2016.78	1991.57	2001.09	13788	0	180
2025.03.28	04:00:00	2001.09	2005.74	1900.33	1911.24	32607	0	180
2025.03.28	08:00:00	1911.24	1925.67	1861.98	1901.08	23214	0	180
2025.03.28	12:00:00	1901.08	1905.40	1870.81	1872.25	36652	0	180
2025.03.28	16:00:00	1872.23	1886.96	1861.34	1874.11	23588	0	180
2025.03.28	20:00:00	1874.11	1902.44	1873.53	1897.56	13730	0	180
2025.03.29	00:00:00	1897.56	1914.79	1886.63	1900.90	18340	0	180
2025.03.29	04:00:00	1900.90	1906.11	1875.66	1881.14	15063	0	180
2025.03.29	08:00:00	1881.14	1887.80	1833.57	1844.60	26952	0	180
2025.03.29	12:00:00	1844.60	1863.75	1833.21	1839.83	20591	0	180
2025.03.29	16:00:00	1840.28	1848.19	1796.81	1827.57	38006	0	180
2025.03.29	20:00:00	1827.57	1829.98	1811.25	1827.48	15551	0	180
2025.03.30	00:00:00	1827.74	1844.95	1812.57	1834.82	20552	0	180
2025.03.30	04:00:00	1834.81	1846.98	1832.43	1837.86	13188	0	180
2025.03.30	08:00:00	1837.86	1849.31	1825.96	1833.98	13766	0	180
2025.03.30	12:00:00	1833.98	1840.86	1784.78	1813.69	24130	0	180
2025.03.30	16:00:00	1813.69	1834.40	1784.36	1814.04	24939	0	180
2025.03.30	20:00:00	1814.04	1821.22	1766.91	1808.03	26699	0	180
2025.03.31	00:00:00	1808.03	1823.73	1776.91	1798.85	34232	0	180
2025.03.31	04:00:00	1798.85	1813.58	1788.67	1799.04	22407	0	180
2025.03.31	08:00:00	1798.97	1819.78	1778.04	1813.64	27716	0	180
2025.03.31	12:00:00	1813.64	1854.48	1793.17	1842.16	46402	0	180
2025.03.31	16:00:00	1842.16	1847.21	1817.18	1827.49	25298	0	180
2025.03.31	20:00:00	1827.49	1834.90	1815.74	1822.12	13344	0	180
2025.04.01	00:00:00	1822.12	1842.73	1817.43	1834.88	17686	0	180
2025.04.01	04:00:00	1834.94	1866.60	1831.59	1854.23	16101	0	180
2025.04.01	08:00:00	1854.23	1891.77	1853.97	1861.99	25287	0	180
2025.04.01	12:00:00	1861.99	1928.07	1841.59	1918.36	44699	0	180
2025.04.01	16:00:00	1918.36	1924.37	1901.58	1910.26	21755	0	180
2025.04.01	20:00:00	1910.16	1923.70	1897.31	1905.78	12412	0	180
2025.04.02	00:00:00	1905.78	1909.72	1872.07	1875.97	18215	0	180
2025.04.02	04:00:00	1875.97	1883.18	1851.00	1864.54	18769	0	180
2025.04.02	08:00:00	1864.54	1887.77	1861.83	1868.03	18527	0	180
2025.04.02	12:00:00	1868.03	1918.63	1853.10	1900.99	51487	0	180
2025.04.02	16:00:00	1900.99	1916.51	1882.02	1911.84	28104	0	180
2025.04.02	20:00:00	1911.71	1956.86	1779.70	1793.41	68151	0	180
2025.04.03	00:00:00	1793.37	1833.90	1786.84	1822.98	29318	0	180
2025.04.03	04:00:00	1822.98	1844.31	1805.71	1814.27	19230	0	180
2025.04.03	08:00:00	1814.27	1823.30	1785.26	1793.23	27057	0	180
2025.04.03	12:00:00	1793.23	1799.00	1746.31	1780.88	58768	0	180
2025.04.03	16:00:00	1780.66	1797.61	1765.07	1785.31	30738	0	180
2025.04.03	20:00:00	1785.32	1820.75	1777.40	1815.36	17432	0	180
2025.04.04	00:00:00	1815.47	1821.57	1769.69	1792.09	23304	0	180
2025.04.04	04:00:00	1792.09	1820.14	1782.55	1816.29	18100	0	180
2025.04.04	08:00:00	1816.29	1833.57	1757.04	1782.59	38248	0	180
2025.04.04	12:00:00	1782.59	1818.88	1767.67	1793.28	74464	0	180
2025.04.04	16:00:00	1793.28	1827.35	1780.71	1808.70	47739	0	180
2025.04.04	20:00:00	1808.54	1826.17	1805.73	1815.39	12166	0	180
2025.04.05	00:00:00	1815.39	1826.12	1807.80	1808.74	12380	0	180
2025.04.05	04:00:00	1808.74	1815.22	1802.90	1812.34	9999	0	180
2025.04.05	08:00:00	1812.34	1821.25	1805.41	1806.41	10271	0	180
2025.04.05	12:00:00	1806.41	1807.61	1776.14	1780.94	16617	0	180
2025.04.05	16:00:00	1780.94	1794.84	1778.28	1781.25	10960	0	180
2025.04.05	20:00:00	1781.25	1809.91	1762.83	1805.43	13968	0	180
2025.04.06	00:00:00	1805.57	1816.92	1801.30	1809.78	11285	0	180
2025.04.06	04:00:00	1809.78	1813.05	1790.05	1796.90	11352	0	180
2025.04.06	08:00:00	1796.90	1797.37	1781.50	1787.95	11656	0	180
2025.04.06	12:00:00	1787.95	1790.81	1738.03	1759.45	27833	0	180
2025.04.06	16:00:00	1759.45	1759.45	1600.99	1624.83	83133	0	180
2025.04.06	20:00:00	1624.83	1629.87	1534.33	1578.94	80188	0	180
2025.04.07	00:00:00	1578.94	1612.53	1518.59	1541.83	67510	0	180
2025.04.07	04:00:00	1541.88	1559.34	1408.94	1457.33	107289	0	180
2025.04.07	08:00:00	1457.20	1518.91	1452.53	1480.69	82697	0	180
2025.04.07	12:00:00	1480.69	1637.05	1475.85	1554.01	134275	0	180
2025.04.07	16:00:00	1554.01	1570.71	1523.81	1542.88	83349	0	180
2025.04.07	20:00:00	1542.95	1583.22	1542.78	1551.09	30295	0	180
2025.04.08	00:00:00	1551.09	1617.12	1538.96	1583.37	37900	0	180
2025.04.08	04:00:00	1583.37	1601.13	1559.92	1569.47	28563	0	180
2025.04.08	08:00:00	1569.48	1588.56	1552.78	1586.41	28774	0	180
2025.04.08	12:00:00	1586.41	1591.57	1516.74	1530.55	68770	0	180
2025.04.08	16:00:00	1530.50	1531.80	1452.99	1464.56	81475	0	180
2025.04.08	20:00:00	1464.48	1484.65	1442.86	1471.97	39318	0	180
2025.04.09	00:00:00	1471.97	1480.98	1382.88	1417.32	74535	0	180
2025.04.09	04:00:00	1417.25	1490.88	1412.69	1482.82	56994	0	180
2025.04.09	08:00:00	1482.82	1495.95	1442.76	1453.26	48996	0	180
2025.04.09	12:00:00	1453.28	1500.05	1437.64	1483.73	77279	0	180
2025.04.09	16:00:00	1483.73	1671.07	1480.31	1638.37	99480	0	180
2025.04.09	20:00:00	1638.50	1688.11	1638.50	1668.30	35351	0	180
2025.04.10	00:00:00	1668.27	1668.81	1599.77	1615.62	31981	0	180
2025.04.10	04:00:00	1615.62	1624.33	1581.32	1593.60	27145	0	180
2025.04.10	08:00:00	1593.60	1605.00	1578.89	1592.73	28056	0	180
2025.04.10	12:00:00	1592.73	1625.92	1481.30	1494.32	76564	0	180
2025.04.10	16:00:00	1494.32	1529.89	1470.87	1512.20	72806	0	180
2025.04.10	20:00:00	1512.25	1531.26	1511.48	1519.35	21556	0	180
2025.04.11	00:00:00	1519.35	1548.49	1501.93	1542.50	34287	0	180
2025.04.11	04:00:00	1542.50	1560.22	1538.28	1550.72	22094	0	180
2025.04.11	08:00:00	1550.72	1582.43	1535.32	1556.18	36781	0	180
2025.04.11	12:00:00	1556.18	1579.00	1538.42	1562.82	51065	0	180
2025.04.11	16:00:00	1562.82	1589.18	1552.89	1563.49	32161	0	180
2025.04.11	20:00:00	1563.49	1584.88	1554.87	1563.85	16603	0	180
2025.04.12	00:00:00	1563.85	1567.54	1543.37	1552.14	19617	0	180
2025.04.12	04:00:00	1552.14	1583.07	1548.33	1579.75	21664	0	180
2025.04.12	08:00:00	1579.75	1604.18	1578.09	1591.86	23489	0	180
2025.04.12	12:00:00	1591.86	1668.33	1588.43	1654.01	50867	0	180
2025.04.12	16:00:00	1654.01	1660.38	1625.78	1641.24	27043	0	180
2025.04.12	20:00:00	1641.24	1658.82	1639.53	1642.48	19389	0	180
2025.04.13	00:00:00	1642.48	1648.39	1604.58	1622.47	27562	0	180
2025.04.13	04:00:00	1622.47	1622.77	1595.15	1611.77	23162	0	180
2025.04.13	08:00:00	1611.77	1626.35	1590.44	1602.90	24719	0	180
2025.04.13	12:00:00	1602.90	1607.72	1563.87	1584.91	35540	0	180
2025.04.13	16:00:00	1584.91	1647.84	1559.56	1588.75	44108	0	180
2025.04.13	20:00:00	1588.75	1615.43	1570.70	1596.68	41254	0	180
2025.04.14	00:00:00	1596.68	1658.76	1594.59	1627.80	40737	0	180
2025.04.14	04:00:00	1627.80	1640.14	1610.97	1633.84	26643	0	180
2025.04.14	08:00:00	1633.84	1690.08	1627.49	1673.63	35121	0	180
2025.04.14	12:00:00	1673.63	1687.99	1617.25	1626.25	44596	0	180
2025.04.14	16:00:00	1626.25	1650.48	1612.62	1635.59	37290	0	180
2025.04.14	20:00:00	1635.69	1637.15	1605.04	1622.80	19307	0	180
2025.04.15	00:00:00	1622.80	1642.99	1613.12	1636.92	27040	0	180
2025.04.15	04:00:00	1636.92	1647.60	1630.71	1644.15	17100	0	180
2025.04.15	08:00:00	1644.15	1650.86	1620.84	1631.18	20150	0	180
2025.04.15	12:00:00	1631.18	1660.39	1600.43	1620.41	49343	0	180
2025.04.15	16:00:00	1620.41	1626.94	1594.71	1606.19	25968	0	180
2025.04.15	20:00:00	1606.19	1614.37	1582.19	1587.70	20423	0	180
2025.04.16	00:00:00	1587.70	1604.06	1575.27	1590.65	23693	0	180
2025.04.16	04:00:00	1590.65	1593.35	1549.89	1563.20	23907	0	180
2025.04.16	08:00:00	1563.19	1584.96	1555.04	1583.07	23352	0	180
2025.04.16	12:00:00	1583.07	1614.06	1564.87	1589.44	35201	0	180
2025.04.16	16:00:00	1589.44	1611.60	1537.35	1586.89	57708	0	180
2025.04.16	20:00:00	1586.89	1597.33	1568.40	1575.82	21063	0	180
2025.04.17	00:00:00	1575.82	1594.20	1572.72	1583.17	17559	0	180
2025.04.17	04:00:00	1583.17	1609.40	1578.80	1600.16	15602	0	180
2025.04.17	08:00:00	1600.16	1602.95	1586.23	1591.15	12000	0	180
2025.04.17	12:00:00	1591.15	1601.80	1560.64	1581.14	29862	0	180
2025.04.17	16:00:00	1581.14	1615.40	1574.55	1579.65	34362	0	180
2025.04.17	20:00:00	1579.76	1590.09	1576.41	1581.76	14045	0	180
2025.04.18	00:00:00	1581.76	1587.39	1574.96	1581.57	14311	0	180
2025.04.18	04:00:00	1581.57	1582.64	1571.35	1581.79	13456	0	180
2025.04.18	08:00:00	1581.79	1590.61	1579.07	1588.00	12593	0	180
2025.04.18	12:00:00	1588.03	1594.81	1576.51	1581.11	13760	0	180
2025.04.18	16:00:00	1581.11	1592.81	1579.58	1590.85	9013	0	180
2025.04.18	20:00:00	1590.85	1598.78	1585.35	1587.08	7459	0	180
2025.04.19	00:00:00	1587.08	1597.64	1583.11	1594.88	9516	0	180
2025.04.19	04:00:00	1594.88	1611.07	1592.55	1598.80	11356	0	180
2025.04.19	08:00:00	1598.80	1604.28	1591.29	1594.73	8812	0	180
2025.04.19	12:00:00	1594.73	1610.27	1592.44	1604.88	10718	0	180
2025.04.19	16:00:00	1604.90	1630.25	1595.54	1612.21	15419	0	180
2025.04.19	20:00:00	1612.21	1620.00	1608.08	1610.32	7770	0	180
2025.04.20	00:00:00	1610.11	1616.83	1604.81	1609.47	8633	0	180
2025.04.20	04:00:00	1609.47	1614.70	1582.81	1595.09	10331	0	180
2025.04.20	08:00:00	1595.09	1595.23	1563.38	1570.86	14382	0	180
2025.04.20	12:00:00	1570.80	1581.68	1567.88	1571.04	12204	0	180
2025.04.20	16:00:00	1571.04	1585.15	1568.23	1582.97	8788	0	180
2025.04.20	20:00:00	1582.97	1598.13	1571.70	1584.73	12731	0	180
2025.04.21	00:00:00	1584.67	1642.90	1583.00	1631.56	32676	0	180
2025.04.21	04:00:00	1631.56	1655.94	1628.14	1642.44	14621	0	180
2025.04.21	08:00:00	1642.44	1652.54	1615.64	1624.37	15305	0	180
2025.04.21	12:00:00	1624.37	1640.33	1606.21	1622.10	31300	0	180
2025.04.21	16:00:00	1622.10	1625.06	1560.02	1572.15	32946	0	180
2025.04.21	20:00:00	1572.15	1579.47	1569.63	1578.12	8699	0	180
2025.04.22	00:00:00	1578.14	1592.32	1535.15	1577.32	27142	0	180
2025.04.22	04:00:00	1577.32	1622.01	1572.10	1617.64	18638	0	180
2025.04.22	08:00:00	1617.66	1636.96	1611.25	1629.42	19355	0	180
2025.04.22	12:00:00	1629.42	1725.17	1625.07	1702.70	54940	0	180
2025.04.22	16:00:00	1702.68	1710.04	1682.29	1697.93	28577	0	180
2025.04.22	20:00:00	1697.94	1778.08	1692.01	1755.03	40535	0	180
2025.04.23	00:00:00	1755.03	1806.77	1743.92	1794.35	40133	0	180
2025.04.23	04:00:00	1794.35	1817.19	1771.80	1790.52	29880	0	180
2025.04.23	08:00:00	1790.52	1811.20	1777.62	1796.52	24792	0	180
2025.04.23	12:00:00	1796.52	1835.79	1760.66	1793.18	61468	0	180
2025.04.23	16:00:00	1793.17	1808.97	1772.54	1784.90	30488	0	180
2025.04.23	20:00:00	1784.95	1806.45	1784.18	1794.39	12949	0	180
2025.04.24	00:00:00	1794.39	1802.38	1765.25	1767.14	20205	0	180
2025.04.24	04:00:00	1767.01	1775.35	1750.56	1755.51	19042	0	180
2025.04.24	08:00:00	1755.51	1759.79	1721.03	1753.67	23372	0	180
2025.04.24	12:00:00	1753.68	1776.93	1743.72	1763.24	31571	0	180
2025.04.24	16:00:00	1763.24	1776.86	1744.72	1762.41	23921	0	180
2025.04.24	20:00:00	1762.41	1774.17	1747.69	1768.93	11493	0	180
2025.04.25	00:00:00	1768.93	1789.15	1737.56	1759.95	21372	0	180
2025.04.25	04:00:00	1759.95	1781.03	1757.18	1776.20	13671	0	180
2025.04.25	08:00:00	1776.20	1792.45	1762.61	1789.32	18886	0	180
2025.04.25	12:00:00	1789.32	1826.97	1755.66	1805.87	48678	0	180
2025.04.25	16:00:00	1805.87	1810.44	1781.79	1802.35	25618	0	180
2025.04.25	20:00:00	1802.50	1810.12	1783.99	1785.32	13910	0	180
2025.04.26	00:00:00	1785.32	1815.96	1785.32	1797.42	19092	0	180
2025.04.26	04:00:00	1797.42	1810.54	1788.42	1800.31	13843	0	180
2025.04.26	08:00:00	1800.31	1840.94	1778.40	1785.46	30122	0	180
2025.04.26	12:00:00	1785.46	1804.28	1779.63	1799.98	21378	0	180
2025.04.26	16:00:00	1799.98	1814.59	1795.41	1813.18	12621	0	180
2025.04.26	20:00:00	1813.18	1831.22	1805.23	1820.66	13742	0	180
2025.04.27	00:00:00	1820.66	1858.36	1801.20	1809.95	33032	0	180
2025.04.27	04:00:00	1809.95	1811.82	1789.42	1802.83	13759	0	180
2025.04.27	08:00:00	1802.83	1815.01	1800.10	1805.28	11565	0	180
2025.04.27	12:00:00	1805.28	1807.53	1781.35	1792.75	20114	0	180
2025.04.27	16:00:00	1792.75	1807.43	1785.94	1806.77	12045	0	180
2025.04.27	20:00:00	1806.77	1807.05	1782.65	1790.00	11808	0	180
2025.04.28	00:00:00	1790.00	1792.97	1751.80	1784.40	27473	0	180
2025.04.28	04:00:00	1784.40	1811.78	1783.75	1803.89	15215	0	180
2025.04.28	08:00:00	1803.89	1826.96	1787.37	1815.22	20957	0	180
2025.04.28	12:00:00	1815.22	1816.31	1752.35	1763.43	31423	0	180
2025.04.28	16:00:00	1763.33	1804.54	1744.34	1796.32	24222	0	180
2025.04.28	20:00:00	1796.32	1805.67	1779.88	1798.93	12453	0	180
2025.04.29	00:00:00	1798.95	1811.19	1787.08	1801.40	18614	0	180
2025.04.29	04:00:00	1801.40	1825.08	1787.28	1821.00	17290	0	180
2025.04.29	08:00:00	1821.00	1843.00	1816.12	1829.15	20458	0	180
2025.04.29	12:00:00	1829.15	1832.87	1802.29	1814.38	26631	0	180
2025.04.29	16:00:00	1814.38	1831.75	1806.01	1820.92	17955	0	180
2025.04.29	20:00:00	1821.06	1825.18	1779.82	1797.53	17214	0	180
2025.04.30	00:00:00	1797.53	1812.80	1788.28	1808.37	15043	0	180
2025.04.30	04:00:00	1808.37	1812.96	1790.27	1796.01	11356	0	180
2025.04.30	08:00:00	1796.01	1816.41	1791.64	1814.93	11755	0	180
2025.04.30	12:00:00	1814.93	1815.38	1731.93	1765.16	46935	0	180
2025.04.30	16:00:00	1765.16	1793.00	1756.09	1786.38	22893	0	180
2025.04.30	20:00:00	1786.38	1809.76	1784.50	1793.78	14604	0	180
2025.05.01	00:00:00	1793.78	1819.26	1792.66	1807.94	13432	0	180
2025.05.01	04:00:00	1807.94	1817.17	1801.94	1810.36	9570	0	180
2025.05.01	08:00:00	1810.36	1858.87	1808.36	1844.59	22277	0	180
2025.05.01	12:00:00	1844.59	1872.90	1824.07	1852.51	34392	0	180
2025.05.01	16:00:00	1852.51	1869.66	1837.93	1841.87	17248	0	180
2025.05.01	20:00:00	1841.87	1850.78	1831.54	1837.45	11028	0	180
2025.05.02	00:00:00	1837.45	1850.64	1834.33	1846.84	13353	0	180
2025.05.02	04:00:00	1846.84	1850.62	1814.62	1814.82	14397	0	180
2025.05.02	08:00:00	1814.82	1834.68	1811.57	1832.60	11971	0	180
2025.05.02	12:00:00	1832.60	1854.17	1821.82	1840.71	26108	0	180
2025.05.02	16:00:00	1840.70	1870.79	1830.59	1839.08	19874	0	180
2025.05.02	20:00:00	1839.08	1847.51	1832.14	1841.67	9316	0	180
2025.05.03	00:00:00	1841.67	1842.94	1825.59	1834.34	10540	0	180
2025.05.03	04:00:00	1834.34	1838.88	1823.88	1826.35	8758	0	180
2025.05.03	08:00:00	1826.35	1830.73	1817.28	1824.69	12800	0	180
2025.05.03	12:00:00	1824.69	1840.54	1824.22	1834.69	11985	0	180
2025.05.03	16:00:00	1834.69	1839.47	1808.64	1838.02	13494	0	180
2025.05.03	20:00:00	1838.02	1849.23	1828.69	1834.07	9515	0	180
2025.05.04	00:00:00	1834.07	1850.26	1826.65	1832.74	15277	0	180
2025.05.04	04:00:00	1832.74	1850.50	1829.68	1841.10	12561	0	180
2025.05.04	08:00:00	1841.10	1841.95	1821.43	1827.82	11741	0	180
2025.05.04	12:00:00	1827.82	1834.04	1817.98	1830.75	12025	0	180
2025.05.04	16:00:00	1830.60	1833.37	1822.16	1828.97	9234	0	180
2025.05.04	20:00:00	1828.97	1843.37	1803.02	1809.74	13872	0	180
2025.05.05	00:00:00	1809.74	1819.25	1781.63	1795.79	19007	0	180
2025.05.05	04:00:00	1795.79	1830.41	1793.60	1826.84	12668	0	180
2025.05.05	08:00:00	1826.84	1832.25	1798.18	1805.79	12985	0	180
2025.05.05	12:00:00	1805.79	1816.31	1794.58	1801.26	23091	0	180
2025.05.05	16:00:00	1801.26	1828.62	1801.24	1816.47	14695	0	180
2025.05.05	20:00:00	1816.47	1833.83	1799.18	1820.25	12142	0	180
2025.05.06	00:00:00	1820.25	1821.06	1792.82	1806.38	12772	0	180
2025.05.06	04:00:00	1806.39	1809.70	1798.29	1805.98	8551	0	180
2025.05.06	08:00:00	1805.98	1805.98	1757.44	1770.72	17171	0	180
2025.05.06	12:00:00	1770.72	1780.53	1751.87	1770.97	24302	0	180
2025.05.06	16:00:00	1770.97	1799.06	1762.60	1784.90	20031	0	180
2025.05.06	20:00:00	1784.90	1818.84	1765.27	1816.20	21987	0	180
2025.05.07	00:00:00	1816.20	1851.20	1813.53	1826.20	22667	0	180
2025.05.07	04:00:00	1826.20	1837.95	1823.77	1837.47	10114	0	180
2025.05.07	08:00:00	1837.47	1847.55	1830.28	1837.05	10150	0	180
2025.05.07	12:00:00	1837.04	1837.83	1813.56	1817.23	18280	0	180
2025.05.07	16:00:00	1817.23	1817.61	1785.81	1795.57	32431	0	180
2025.05.07	20:00:00	1795.57	1824.76	1788.64	1810.61	14020	0	180
2025.05.08	00:00:00	1810.61	1906.77	1807.70	1900.76	28898	0	180
2025.05.08	04:00:00	1900.76	1943.41	1891.20	1928.13	26394	0	180
2025.05.08	08:00:00	1928.13	1968.74	1925.71	1957.11	23357	0	180
2025.05.08	12:00:00	1957.11	2075.95	1953.42	2051.53	57338	0	180
2025.05.08	16:00:00	2051.53	2140.61	2036.30	2117.61	43786	0	180
2025.05.08	20:00:00	2117.65	2225.12	2110.72	2205.09	62457	0	180
2025.05.09	00:00:00	2205.09	2243.23	2181.97	2202.95	43165	0	180
2025.05.09	04:00:00	2202.99	2392.21	2199.96	2361.69	52722	0	180
2025.05.09	08:00:00	2361.78	2488.49	2290.55	2348.95	99105	0	180
2025.05.09	12:00:00	2348.95	2386.97	2269.31	2299.24	70186	0	180
2025.05.09	16:00:00	2299.24	2353.99	2272.38	2330.16	45593	0	180
2025.05.09	20:00:00	2330.16	2350.39	2320.95	2343.24	18654	0	180
2025.05.10	00:00:00	2343.24	2378.94	2313.43	2338.21	32969	0	180
2025.05.10	04:00:00	2338.21	2415.95	2324.47	2398.64	32105	0	180
2025.05.10	08:00:00	2398.88	2435.26	2360.36	2383.26	58250	0	180
2025.05.10	12:00:00	2383.26	2448.60	2383.26	2432.14	46490	0	180
2025.05.10	16:00:00	2432.14	2510.86	2426.89	2497.23	60696	0	180
2025.05.10	20:00:00	2497.23	2599.48	2466.42	2580.80	60870	0	180
2025.05.11	00:00:00	2580.17	2605.70	2499.73	2534.56	63345	0	180
2025.05.11	04:00:00	2534.42	2559.56	2451.55	2471.79	45879	0	180
2025.05.11	08:00:00	2471.71	2534.40	2470.26	2528.35	40651	0	180
2025.05.11	12:00:00	2528.35	2530.16	2434.98	2461.11	45757	0	180
2025.05.11	16:00:00	2461.11	2524.05	2438.27	2506.51	44044	0	180
2025.05.11	20:00:00	2506.51	2526.58	2481.56	2512.41	26972	0	180
2025.05.12	00:00:00	2512.41	2546.73	2489.22	2517.33	40917	0	180
2025.05.12	04:00:00	2517.33	2622.41	2483.08	2552.99	52467	0	180
2025.05.12	08:00:00	2552.99	2583.55	2519.92	2528.98	48252	0	180
2025.05.12	12:00:00	2528.98	2575.14	2477.42	2485.64	68261	0	180
2025.05.12	16:00:00	2485.64	2511.34	2406.91	2459.64	57016	0	180
2025.05.12	20:00:00	2459.64	2499.90	2451.18	2494.64	22739	0	180
2025.05.13	00:00:00	2494.64	2495.27	2415.31	2424.91	45585	0	180
2025.05.13	04:00:00	2424.91	2480.23	2419.22	2460.98	25035	0	180
2025.05.13	08:00:00	2460.98	2526.71	2451.13	2513.80	29416	0	180
2025.05.13	12:00:00	2513.80	2574.34	2491.48	2565.78	56986	0	180
2025.05.13	16:00:00	2565.78	2739.78	2559.53	2691.94	65494	0	180
2025.05.13	20:00:00	2691.94	2708.21	2655.04	2679.82	40485	0	180
2025.05.14	00:00:00	2679.82	2724.16	2621.75	2646.08	47958	0	180
2025.05.14	04:00:00	2646.08	2686.28	2634.80	2639.59	28150	0	180
2025.05.14	08:00:00	2639.59	2645.17	2577.36	2623.85	43929	0	180
2025.05.14	12:00:00	2623.85	2634.43	2558.17	2597.37	50774	0	180
2025.05.14	16:00:00	2597.38	2617.60	2546.94	2604.06	34673	0	180
2025.05.14	20:00:00	2604.06	2613.62	2582.81	2609.40	15430	0	180
2025.05.15	00:00:00	2609.40	2646.07	2566.33	2573.77	33495	0	180
2025.05.15	04:00:00	2573.68	2595.68	2514.33	2530.46	38737	0	180
2025.05.15	08:00:00	2530.46	2566.37	2515.56	2554.12	33484	0	180
2025.05.15	12:00:00	2554.12	2579.25	2477.37	2562.75	65690	0	180
2025.05.15	16:00:00	2562.75	2603.56	2510.76	2529.88	49696	0	180
2025.05.15	20:00:00	2529.97	2564.02	2510.95	2548.02	29132	0	180
2025.05.16	00:00:00	2548.02	2583.63	2533.08	2580.51	31618	0	180
2025.05.16	04:00:00	2580.51	2619.58	2562.64	2601.28	27336	0	180
2025.05.16	08:00:00	2601.28	2648.67	2556.50	2620.16	35488	0	180
2025.05.16	12:00:00	2620.16	2622.90	2572.26	2594.66	37531	0	180
2025.05.16	16:00:00	2594.66	2601.60	2569.08	2591.43	24993	0	180
2025.05.16	20:00:00	2591.56	2592.11	2527.98	2536.62	23218	0	180
2025.05.17	00:00:00	2536.62	2537.60	2451.79	2496.61	47155	0	180
2025.05.17	04:00:00	2496.72	2513.24	2474.62	2492.27	24457	0	180
2025.05.17	08:00:00	2492.23	2496.13	2465.79	2481.45	30497	0	180
2025.05.17	12:00:00	2481.45	2486.21	2443.94	2474.14	30555	0	180
2025.05.17	16:00:00	2474.14	2488.91	2447.45	2469.89	29350	0	180
2025.05.17	20:00:00	2469.89	2495.77	2452.43	2474.73	21854	0	180
2025.05.18	00:00:00	2474.75	2487.54	2467.36	2477.17	18214	0	180
2025.05.18	04:00:00	2477.17	2515.35	2477.17	2509.20	18058	0	180
2025.05.18	08:00:00	2509.35	2528.76	2497.91	2501.58	21322	0	180
2025.05.18	12:00:00	2501.58	2586.86	2488.08	2578.93	38237	0	180
2025.05.18	16:00:00	2579.10	2583.79	2403.32	2408.52	60095	0	180
2025.05.18	20:00:00	2408.52	2511.26	2317.58	2497.94	61199	0	180
2025.05.19	00:00:00	2498.18	2513.59	2378.48	2384.73	57537	0	180
2025.05.19	04:00:00	2384.73	2413.05	2348.22	2403.19	51691	0	180
2025.05.19	08:00:00	2403.19	2422.72	2389.32	2416.73	34037	0	180
2025.05.19	12:00:00	2416.73	2473.62	2383.84	2466.57	48559	0	180
2025.05.19	16:00:00	2466.57	2547.10	2450.80	2518.62	44712	0	180
2025.05.19	20:00:00	2518.46	2534.26	2492.20	2526.93	20716	0	180
2025.05.20	00:00:00	2526.99	2587.88	2510.01	2551.46	42094	0	180
2025.05.20	04:00:00	2551.46	2576.27	2519.72	2530.64	26317	0	180
2025.05.20	08:00:00	2530.64	2538.50	2490.77	2513.38	26680	0	180
2025.05.20	12:00:00	2513.38	2514.41	2463.05	2481.94	37572	0	180
2025.05.20	16:00:00	2481.94	2510.50	2442.00	2499.89	37702	0	180
2025.05.20	20:00:00	2500.00	2539.75	2483.78	2522.92	29176	0	180
2025.05.21	00:00:00	2522.92	2553.18	2505.96	2542.98	28120	0	180
2025.05.21	04:00:00	2542.98	2615.62	2532.29	2550.74	40655	0	180
2025.05.21	08:00:00	2550.74	2561.45	2514.19	2536.22	24985	0	180
2025.05.21	12:00:00	2536.22	2583.07	2521.98	2567.04	49490	0	180
2025.05.21	16:00:00	2567.04	2616.65	2453.10	2513.33	78700	0	180
2025.05.21	20:00:00	2513.32	2599.73	2487.05	2552.50	36131	0	180
2025.05.22	00:00:00	2552.76	2648.57	2546.19	2629.59	51339	0	180
2025.05.22	04:00:00	2629.59	2648.57	2602.99	2635.08	38368	0	180
2025.05.22	08:00:00	2635.08	2692.96	2627.25	2649.55	42936	0	180
2025.05.22	12:00:00	2649.55	2679.85	2622.31	2663.82	49641	0	180
2025.05.22	16:00:00	2663.83	2675.55	2625.21	2634.16	30394	0	180
2025.05.22	20:00:00	2634.22	2665.07	2627.01	2663.86	18865	0	180
2025.05.23	00:00:00	2663.86	2732.21	2643.29	2719.71	41010	0	180
2025.05.23	04:00:00	2719.71	2724.21	2648.41	2652.79	32715	0	180
2025.05.23	08:00:00	2652.79	2687.08	2548.66	2564.33	36430	0	180
2025.05.23	12:00:00	2564.49	2589.88	2496.56	2566.34	68701	0	180
2025.05.23	16:00:00	2566.43	2585.12	2544.04	2558.84	31365	0	180
2025.05.23	20:00:00	2558.84	2561.14	2502.17	2524.65	35912	0	180
2025.05.24	00:00:00	2524.64	2553.74	2513.37	2547.89	27858	0	180
2025.05.24	04:00:00	2547.87	2561.08	2532.92	2544.55	20933	0	180
2025.05.24	08:00:00	2544.55	2573.85	2542.17	2561.78	24071	0	180
2025.05.24	12:00:00	2561.78	2563.92	2541.52	2553.46	20388	0	180
2025.05.24	16:00:00	2553.46	2565.53	2541.74	2551.50	14433	0	180
2025.05.24	20:00:00	2551.49	2553.60	2514.05	2527.59	19194	0	180
2025.05.25	00:00:00	2527.94	2536.53	2473.42	2511.00	29534	0	180
2025.05.25	04:00:00	2511.00	2516.82	2485.45	2492.46	15944	0	180
2025.05.25	08:00:00	2492.46	2500.56	2460.17	2495.72	25652	0	180
2025.05.25	12:00:00	2495.72	2522.71	2477.10	2509.59	28665	0	180
2025.05.25	16:00:00	2509.59	2534.40	2494.06	2524.97	18360	0	180
2025.05.25	20:00:00	2524.97	2552.87	2506.01	2549.61	24343	0	180
2025.05.26	00:00:00	2549.61	2575.13	2534.28	2557.75	20563	0	180
2025.05.26	04:00:00	2557.75	2597.32	2554.59	2579.67	17401	0	180
2025.05.26	08:00:00	2579.67	2581.53	2552.22	2566.89	15645	0	180
2025.05.26	12:00:00	2566.89	2573.94	2538.11	2565.53	23103	0	180
2025.05.26	16:00:00	2565.53	2573.60	2524.01	2540.66	21162	0	180
2025.05.26	20:00:00	2540.66	2584.38	2535.58	2562.52	15744	0	180
2025.05.27	00:00:00	2562.52	2572.83	2508.80	2548.44	24798	0	180
2025.05.27	04:00:00	2548.44	2617.68	2547.90	2606.20	27815	0	180
2025.05.27	08:00:00	2606.20	2653.22	2606.20	2650.66	23404	0	180
2025.05.27	12:00:00	2650.66	2683.11	2631.84	2666.87	40168	0	180
2025.05.27	16:00:00	2666.87	2711.62	2656.58	2686.99	32533	0	180
2025.05.27	20:00:00	2686.99	2693.96	2650.52	2658.81	20011	0	180
2025.05.28	00:00:00	2658.81	2659.82	2616.05	2643.56	19574	0	180
2025.05.28	04:00:00	2643.56	2650.96	2621.14	2634.84	14258	0	180
2025.05.28	08:00:00	2634.84	2657.72	2606.79	2654.94	17704	0	180
2025.05.28	12:00:00	2654.94	2688.32	2610.87	2624.69	40501	0	180
2025.05.28	16:00:00	2624.69	2663.01	2613.82	2615.60	25970	0	180
2025.05.28	20:00:00	2615.59	2686.26	2609.54	2681.66	22214	0	180
2025.05.29	00:00:00	2681.66	2788.96	2670.90	2760.82	38711	0	180
2025.05.29	04:00:00	2760.82	2765.08	2699.89	2730.18	23919	0	180
2025.05.29	08:00:00	2730.19	2743.08	2706.86	2715.45	19594	0	180
2025.05.29	12:00:00	2715.45	2718.54	2619.97	2642.71	44126	0	180
2025.05.29	16:00:00	2642.71	2672.39	2626.31	2648.19	33075	0	180
2025.05.29	20:00:00	2648.19	2667.29	2615.67	2629.17	16839	0	180
2025.05.30	00:00:00	2629.17	2642.85	2555.19	2629.06	35573	0	180
2025.05.30	04:00:00	2629.06	2647.01	2604.93	2617.07	23922	0	180
2025.05.30	08:00:00	2617.09	2626.43	2586.80	2620.17	29184	0	180
2025.05.30	12:00:00	2620.17	2624.92	2570.58	2596.29	46146	0	180
2025.05.30	16:00:00	2596.46	2602.63	2530.69	2572.71	40073	0	180
2025.05.30	20:00:00	2572.69	2587.76	2505.63	2529.64	33036	0	180
2025.05.31	00:00:00	2529.64	2537.98	2473.85	2512.37	51165	0	180
2025.05.31	04:00:00	2512.37	2525.61	2503.19	2520.41	21231	0	180
2025.05.31	08:00:00	2520.41	2537.59	2507.41	2518.28	22566	0	180
2025.05.31	12:00:00	2518.28	2550.71	2515.02	2535.82	26011	0	180
2025.05.31	16:00:00	2535.82	2547.02	2523.52	2537.33	14579	0	180
2025.05.31	20:00:00	2537.33	2550.66	2524.22	2528.11	12441	0	180
2025.06.01	00:00:00	2528.11	2530.29	2491.96	2512.37	19805	0	180
2025.06.01	04:00:00	2512.37	2526.97	2505.47	2508.99	14441	0	180
2025.06.01	08:00:00	2508.99	2510.99	2478.26	2497.70	20751	0	180
2025.06.01	12:00:00	2497.70	2524.97	2468.24	2522.41	25376	0	180
2025.06.01	16:00:00	2522.41	2547.57	2492.58	2525.74	24747	0	180
2025.06.01	20:00:00	2525.74	2547.09	2518.87	2538.34	15370	0	180
2025.06.02	00:00:00	2538.38	2541.46	2485.59	2496.31	20315	0	180
2025.06.02	04:00:00	2496.31	2513.86	2483.02	2506.81	16681	0	180
2025.06.02	08:00:00	2506.81	2516.07	2473.83	2481.21	24884	0	180
2025.06.02	12:00:00	2481.21	2556.01	2477.99	2543.19	38782	0	180
2025.06.02	16:00:00	2543.38	2564.91	2524.60	2533.07	26378	0	180
2025.06.02	20:00:00	2533.07	2615.36	2532.66	2607.26	23508	0	180
2025.06.03	00:00:00	2607.26	2649.73	2588.38	2602.35	29373	0	180
2025.06.03	04:00:00	2602.37	2619.93	2589.20	2608.53	14039	0	180
2025.06.03	08:00:00	2608.53	2619.67	2593.31	2600.51	14202	0	180
2025.06.03	12:00:00	2600.51	2655.72	2596.54	2623.43	34768	0	180
2025.06.03	16:00:00	2623.43	2627.89	2602.22	2624.40	22066	0	180
2025.06.03	20:00:00	2624.40	2624.92	2570.28	2592.97	19316	0	180
2025.06.04	00:00:00	2592.97	2640.47	2583.09	2627.11	18766	0	180
2025.06.04	04:00:00	2627.11	2644.11	2618.48	2626.48	15820	0	180
2025.06.04	08:00:00	2626.48	2649.81	2623.43	2624.22	16575	0	180
2025.06.04	12:00:00	2624.22	2679.67	2592.92	2667.91	33431	0	180
2025.06.04	16:00:00	2667.91	2669.21	2620.38	2621.91	21193	0	180
2025.06.04	20:00:00	2621.91	2623.36	2596.70	2605.89	16144	0	180
2025.06.05	00:00:00	2605.89	2630.35	2599.44	2623.55	14747	0	180
2025.06.05	04:00:00	2623.55	2633.08	2598.80	2602.55	14954	0	180
2025.06.05	08:00:00	2602.55	2612.22	2578.21	2606.13	14208	0	180
2025.06.05	12:00:00	2606.14	2640.03	2561.18	2587.97	40389	0	180
2025.06.05	16:00:00	2587.97	2590.90	2505.98	2529.56	45253	0	180
2025.06.05	20:00:00	2529.56	2536.35	2392.55	2415.97	58566	0	180
2025.06.06	00:00:00	2415.97	2458.33	2384.93	2456.81	28076	0	180
2025.06.06	04:00:00	2456.81	2469.71	2448.06	2457.20	18774	0	180
2025.06.06	08:00:00	2457.20	2494.88	2455.80	2477.89	19705	0	180
2025.06.06	12:00:00	2477.89	2532.37	2468.28	2511.13	38285	0	180
2025.06.06	16:00:00	2511.13	2520.03	2484.03	2484.62	25359	0	180
2025.06.06	20:00:00	2484.62	2507.75	2473.66	2477.59	14364	0	180
2025.06.07	00:00:00	2477.59	2494.73	2458.72	2489.94	19459	0	180
2025.06.07	04:00:00	2489.94	2503.25	2480.54	2492.44	14840	0	180
2025.06.07	08:00:00	2492.44	2502.20	2482.84	2496.41	15064	0	180
2025.06.07	12:00:00	2496.41	2525.55	2493.91	2520.73	20162	0	180
2025.06.07	16:00:00	2520.73	2527.63	2507.10	2517.89	16276	0	180
2025.06.07	20:00:00	2517.89	2545.67	2517.89	2525.44	11614	0	180
2025.06.08	00:00:00	2525.24	2527.29	2509.34	2512.72	10764	0	180
2025.06.08	04:00:00	2512.72	2520.54	2508.91	2515.33	8234	0	180
2025.06.08	08:00:00	2515.33	2521.44	2491.05	2513.72	15114	0	180
2025.06.08	12:00:00	2513.72	2527.71	2499.93	2515.02	15760	0	180
2025.06.08	16:00:00	2515.02	2540.76	2513.12	2533.21	13390	0	180
2025.06.08	20:00:00	2533.21	2549.94	2500.43	2510.05	13536	0	180
2025.06.09	00:00:00	2510.05	2512.30	2483.14	2497.22	14726	0	180
2025.06.09	04:00:00	2497.22	2497.97	2478.16	2492.61	9967	0	180
2025.06.09	08:00:00	2492.69	2548.00	2484.90	2542.41	20847	0	180
2025.06.09	12:00:00	2542.41	2549.68	2509.46	2534.16	23991	0	180
2025.06.09	16:00:00	2534.16	2590.91	2533.90	2580.78	23021	0	180
2025.06.09	20:00:00	2580.78	2694.48	2575.69	2680.60	28050	0	180
2025.06.10	00:00:00	2680.60	2728.39	2675.03	2688.71	25869	0	180
2025.06.10	04:00:00	2688.71	2699.62	2655.05	2677.39	17887	0	180
2025.06.10	08:00:00	2677.39	2796.44	2669.38	2770.96	32214	0	180
2025.06.10	12:00:00	2770.95	2777.88	2688.85	2732.60	48788	0	180
2025.06.10	16:00:00	2732.60	2806.01	2728.21	2771.91	34177	0	180
2025.06.10	20:00:00	2771.92	2824.98	2732.55	2814.18	37088	0	180
2025.06.11	00:00:00	2814.18	2832.82	2770.30	2789.44	27762	0	180
2025.06.11	04:00:00	2789.44	2802.32	2777.46	2789.65	19186	0	180
2025.06.11	08:00:00	2789.65	2791.71	2751.11	2770.35	21883	0	180
2025.06.11	12:00:00	2770.35	2878.16	2761.97	2863.75	58923	0	180
2025.06.11	16:00:00	2863.69	2874.43	2800.19	2812.32	46539	0	180
2025.06.11	20:00:00	2812.13	2829.87	2742.70	2769.69	29184	0	180
2025.06.12	00:00:00	2769.69	2783.86	2744.86	2763.60	27061	0	180
2025.06.12	04:00:00	2763.60	2775.04	2731.34	2739.64	18758	0	180
2025.06.12	08:00:00	2739.64	2761.12	2719.69	2728.60	24349	0	180
2025.06.12	12:00:00	2728.60	2772.91	2710.40	2719.42	36639	0	180
2025.06.12	16:00:00	2719.42	2770.43	2691.04	2695.08	35067	0	180
2025.06.12	20:00:00	2694.48	2703.92	2615.37	2641.80	40615	0	180
2025.06.13	00:00:00	2641.80	2644.83	2438.22	2515.61	84705	0	180
2025.06.13	04:00:00	2515.61	2542.63	2492.40	2526.78	30740	0	180
2025.06.13	08:00:00	2526.78	2545.45	2506.32	2544.79	30073	0	180
2025.06.13	12:00:00	2544.79	2563.60	2503.78	2551.94	45789	0	180
2025.06.13	16:00:00	2551.94	2586.06	2510.65	2527.83	42796	0	180
2025.06.13	20:00:00	2527.83	2584.07	2524.62	2579.76	22851	0	180
2025.06.14	00:00:00	2579.76	2579.88	2547.51	2549.44	19199	0	180
2025.06.14	04:00:00	2549.44	2557.26	2527.02	2537.62	14401	0	180
2025.06.14	08:00:00	2537.62	2540.66	2518.94	2538.72	15923	0	180
2025.06.14	12:00:00	2538.72	2546.68	2504.58	2519.23	19278	0	180
2025.06.14	16:00:00	2519.23	2526.02	2489.12	2508.37	28758	0	180
2025.06.14	20:00:00	2508.38	2542.08	2498.01	2532.43	18925	0	180
2025.06.15	00:00:00	2532.43	2543.40	2526.78	2532.01	13108	0	180
2025.06.15	04:00:00	2532.01	2555.38	2524.08	2530.03	15024	0	180
2025.06.15	08:00:00	2530.03	2532.18	2509.57	2517.89	15922	0	180
2025.06.15	12:00:00	2517.89	2557.53	2516.95	2544.39	24032	0	180
2025.06.15	16:00:00	2544.39	2561.71	2532.51	2538.55	17536	0	180
2025.06.15	20:00:00	2538.55	2552.70	2493.63	2550.07	25238	0	180
2025.06.16	00:00:00	2550.07	2580.55	2516.08	2570.91	25417	0	180
2025.06.16	04:00:00	2570.91	2639.62	2568.76	2629.04	24527	0	180
2025.06.16	08:00:00	2629.04	2633.90	2593.36	2616.81	18641	0	180
2025.06.16	12:00:00	2616.81	2658.12	2604.40	2633.29	32700	0	180
2025.06.16	16:00:00	2633.29	2671.64	2628.33	2661.51	21439	0	180
2025.06.16	20:00:00	2661.51	2681.86	2536.33	2545.77	36373	0	180
2025.06.17	00:00:00	2545.77	2619.13	2525.67	2608.50	38012	0	180
2025.06.17	04:00:00	2608.50	2611.80	2569.98	2582.22	21301	0	180
2025.06.17	08:00:00	2582.22	2585.91	2540.76	2551.73	21775	0	180
2025.06.17	12:00:00	2551.73	2568.02	2480.65	2498.64	37586	0	180
2025.06.17	16:00:00	2498.64	2543.85	2452.58	2527.75	48164	0	180
2025.06.17	20:00:00	2527.75	2534.66	2492.37	2510.16	21145	0	180
2025.06.18	00:00:00	2510.16	2536.96	2506.16	2527.87	18202	0	180
2025.06.18	04:00:00	2527.87	2546.02	2516.91	2532.94	14460	0	180
2025.06.18	08:00:00	2532.94	2548.44	2488.21	2514.27	22125	0	180
2025.06.18	12:00:00	2514.27	2539.60	2466.17	2509.44	45236	0	180
2025.06.18	16:00:00	2509.44	2519.52	2467.79	2492.59	45277	0	180
2025.06.18	20:00:00	2492.40	2537.90	2483.29	2525.26	18829	0	180
2025.06.19	00:00:00	2525.26	2548.04	2507.51	2525.64	15993	0	180
2025.06.19	04:00:00	2525.64	2531.46	2514.14	2518.69	10511	0	180
2025.06.19	08:00:00	2518.69	2544.76	2518.64	2532.01	11652	0	180
2025.06.19	12:00:00	2532.01	2537.37	2489.84	2492.96	19368	0	180
2025.06.19	16:00:00	2492.96	2523.79	2484.63	2504.88	18531	0	180
2025.06.19	20:00:00	2504.88	2532.64	2502.76	2520.52	12707	0	180
2025.06.20	00:00:00	2520.52	2531.46	2512.10	2517.46	10456	0	180
2025.06.20	04:00:00	2517.46	2551.45	2503.39	2549.24	14564	0	180
2025.06.20	08:00:00	2549.24	2569.20	2540.46	2548.78	19088	0	180
2025.06.20	12:00:00	2548.78	2559.06	2487.25	2494.01	33807	0	180
2025.06.20	16:00:00	2494.01	2496.16	2365.69	2414.94	47851	0	180
2025.06.20	20:00:00	2414.94	2438.76	2382.85	2408.03	20958	0	180
2025.06.21	00:00:00	2408.03	2433.65	2397.06	2426.23	13462	0	180
2025.06.21	04:00:00	2426.23	2430.08	2419.41	2427.58	10496	0	180
2025.06.21	08:00:00	2427.58	2449.23	2423.93	2442.27	14029	0	180
2025.06.21	12:00:00	2442.27	2445.02	2413.06	2423.82	20798	0	180
2025.06.21	16:00:00	2423.82	2429.37	2382.21	2385.62	24443	0	180
2025.06.21	20:00:00	2385.62	2409.38	2217.25	2296.08	59611	0	180
2025.06.22	00:00:00	2296.32	2315.03	2245.62	2265.32	61188	0	180
2025.06.22	04:00:00	2265.34	2299.38	2262.54	2271.68	27136	0	180
2025.06.22	08:00:00	2271.67	2281.22	2236.81	2274.12	32578	0	180
2025.06.22	12:00:00	2274.12	2288.03	2156.18	2175.17	77314	0	180
2025.06.22	16:00:00	2175.17	2220.63	2169.91	2184.08	42965	0	180
2025.06.22	20:00:00	2184.08	2238.48	2112.65	2229.00	53110	0	180
2025.06.23	00:00:00	2229.00	2262.18	2223.38	2237.00	24674	0	180
2025.06.23	04:00:00	2237.00	2278.16	2229.88	2260.64	20741	0	180
2025.06.23	08:00:00	2260.61	2275.98	2240.53	2254.81	19460	0	180
2025.06.23	12:00:00	2254.81	2315.54	2233.59	2250.12	50469	0	180
2025.06.23	16:00:00	2250.12	2327.99	2189.10	2314.94	70441	0	180
2025.06.23	20:00:00	2314.94	2441.33	2305.21	2413.11	53848	0	180
2025.06.24	00:00:00	2413.13	2419.55	2390.79	2400.52	22265	0	180
2025.06.24	04:00:00	2400.52	2436.60	2393.29	2395.57	24226	0	180
2025.06.24	08:00:00	2395.57	2452.65	2378.00	2410.98	29454	0	180
2025.06.24	12:00:00	2410.98	2455.29	2403.79	2438.91	38889	0	180
2025.06.24	16:00:00	2439.00	2483.01	2418.37	2435.63	33754	0	180
2025.06.24	20:00:00	2435.63	2451.66	2431.48	2449.39	15551	0	180
2025.06.25	00:00:00	2449.39	2470.37	2438.02	2444.39	22428	0	180
2025.06.25	04:00:00	2444.39	2451.46	2424.68	2444.83	14846	0	180
2025.06.25	08:00:00	2444.83	2449.18	2406.86	2429.14	21321	0	180
2025.06.25	12:00:00	2429.37	2446.53	2389.92	2406.50	41349	0	180
2025.06.25	16:00:00	2406.50	2440.16	2401.88	2433.49	25220	0	180
2025.06.25	20:00:00	2433.49	2455.27	2408.15	2419.42	15497	0	180
2025.06.26	00:00:00	2419.42	2521.67	2417.35	2489.37	30018	0	180
2025.06.26	04:00:00	2489.37	2500.30	2466.89	2489.63	18787	0	180
2025.06.26	08:00:00	2489.63	2500.72	2439.88	2451.26	19976	0	180
2025.06.26	12:00:00	2451.26	2459.95	2409.54	2433.64	34715	0	180
2025.06.26	16:00:00	2433.61	2442.55	2416.70	2434.86	20206	0	180
2025.06.26	20:00:00	2434.86	2456.89	2393.65	2415.29	19827	0	180
2025.06.27	00:00:00	2415.08	2449.78	2379.00	2447.43	18189	0	180
2025.06.27	04:00:00	2447.43	2459.69	2434.37	2442.78	14578	0	180
2025.06.27	08:00:00	2442.78	2464.17	2435.28	2447.63	16727	0	180
2025.06.27	12:00:00	2447.63	2457.29	2414.14	2439.39	25885	0	180
2025.06.27	16:00:00	2439.56	2450.84	2388.86	2413.63	25979	0	180
2025.06.27	20:00:00	2413.69	2430.84	2412.48	2423.98	11608	0	180
2025.06.28	00:00:00	2423.98	2424.84	2407.03	2422.19	10273	0	180
2025.06.28	04:00:00	2422.19	2435.08	2419.06	2432.70	8441	0	180
2025.06.28	08:00:00	2432.70	2433.52	2420.61	2428.89	8941	0	180
2025.06.28	12:00:00	2428.89	2444.54	2420.85	2436.97	8787	0	180
2025.06.28	16:00:00	2436.97	2449.20	2432.90	2434.73	13520	0	180
2025.06.28	20:00:00	2434.73	2443.35	2428.13	2437.13	7361	0	180
2025.06.29	00:00:00	2437.13	2444.27	2425.24	2429.37	7700	0	180
2025.06.29	04:00:00	2429.37	2441.69	2428.11	2441.38	6401	0	180
2025.06.29	08:00:00	2441.62	2464.76	2439.12	2463.18	15477	0	180
2025.06.29	12:00:00	2463.18	2464.36	2433.87	2437.94	12463	0	180
2025.06.29	16:00:00	2437.94	2444.11	2430.06	2438.48	9903	0	180
2025.06.29	20:00:00	2438.48	2525.27	2411.53	2500.33	23565	0	180
2025.06.30	00:00:00	2500.33	2525.12	2495.29	2500.06	16243	0	180
2025.06.30	04:00:00	2500.06	2506.39	2456.36	2480.56	13814	0	180
2025.06.30	08:00:00	2480.56	2487.29	2446.61	2458.96	12932	0	180
2025.06.30	12:00:00	2458.96	2490.25	2434.78	2475.90	29599	0	180
2025.06.30	16:00:00	2475.90	2520.06	2462.93	2517.32	25105	0	180
2025.06.30	20:00:00	2517.06	2523.63	2483.26	2487.09	14380	0	180
2025.07.01	00:00:00	2487.09	2502.40	2478.53	2486.84	13488	0	180
2025.07.01	04:00:00	2486.84	2487.17	2446.46	2467.17	15151	0	180
2025.07.01	08:00:00	2467.17	2467.18	2443.94	2451.37	11903	0	180
2025.07.01	12:00:00	2451.37	2459.10	2408.34	2425.68	27545	0	180
2025.07.01	16:00:00	2425.68	2436.38	2402.70	2404.05	18637	0	180
2025.07.01	20:00:00	2403.95	2420.10	2385.97	2406.25	14375	0	180
2025.07.02	00:00:00	2406.25	2434.15	2373.65	2432.27	15277	0	180
2025.07.02	04:00:00	2432.27	2455.75	2426.92	2448.25	12933	0	180
2025.07.02	08:00:00	2448.25	2463.32	2443.48	2447.82	11477	0	180
2025.07.02	12:00:00	2447.82	2504.82	2432.91	2500.02	26865	0	180
2025.07.02	16:00:00	2500.02	2609.51	2496.29	2605.66	38996	0	180
2025.07.02	20:00:00	2605.65	2619.39	2569.87	2571.11	17430	0	180
2025.07.03	00:00:00	2571.11	2587.64	2556.21	2561.77	16244	0	180
2025.07.03	04:00:00	2561.77	2606.68	2559.51	2600.36	15655	0	180
2025.07.03	08:00:00	2600.36	2617.74	2581.98	2598.32	16349	0	180
2025.07.03	12:00:00	2598.32	2636.87	2565.68	2571.30	42346	0	180
2025.07.03	16:00:00	2571.30	2593.31	2565.47	2587.04	14260	0	180
2025.07.03	20:00:00	2587.04	2604.48	2585.52	2591.47	9004	0	180
2025.07.04	00:00:00	2591.47	2603.54	2571.25	2577.71	11384	0	180
2025.07.04	04:00:00	2577.69	2585.01	2530.30	2535.66	15422	0	180
2025.07.04	08:00:00	2535.66	2559.34	2527.51	2549.15	12336	0	180
2025.07.04	12:00:00	2549.15	2556.47	2498.43	2502.11	27448	0	180
2025.07.04	16:00:00	2502.11	2504.70	2475.11	2483.73	21799	0	180
2025.07.04	20:00:00	2483.73	2521.50	2482.45	2508.60	10909	0	180
2025.07.05	00:00:00	2508.60	2525.72	2498.69	2518.58	12062	0	180
2025.07.05	04:00:00	2518.58	2530.10	2512.61	2522.03	11509	0	180
2025.07.05	08:00:00	2522.03	2526.58	2509.06	2518.56	11999	0	180
2025.07.05	12:00:00	2518.67	2522.58	2506.39	2509.95	11587	0	180
2025.07.05	16:00:00	2509.95	2515.05	2489.37	2506.92	14667	0	180
2025.07.05	20:00:00	2506.92	2523.55	2500.24	2517.33	7592	0	180
2025.07.06	00:00:00	2517.33	2521.96	2510.56	2515.91	8059	0	180
2025.07.06	04:00:00	2515.91	2528.87	2510.10	2519.26	9451	0	180
2025.07.06	08:00:00	2519.26	2519.98	2505.32	2517.28	9726	0	180
2025.07.06	12:00:00	2517.28	2570.35	2513.32	2558.08	23608	0	180
2025.07.06	16:00:00	2558.08	2560.88	2523.84	2541.29	12763	0	180
2025.07.06	20:00:00	2541.29	2605.57	2539.74	2570.09	18380	0	180
2025.07.07	00:00:00	2570.09	2590.84	2550.32	2577.19	14461	0	180
2025.07.07	04:00:00	2577.19	2581.08	2559.57	2578.40	10550	0	180
2025.07.07	08:00:00	2578.40	2588.76	2552.05	2562.35	10895	0	180
2025.07.07	12:00:00	2562.35	2568.92	2527.01	2534.26	25167	0	180
2025.07.07	16:00:00	2534.26	2558.16	2511.95	2544.26	24244	0	180
2025.07.07	20:00:00	2544.26	2545.93	2523.39	2542.02	10887	0	180
2025.07.08	00:00:00	2542.03	2554.75	2523.49	2537.68	12596	0	180
2025.07.08	04:00:00	2537.68	2563.87	2531.63	2553.59	9158	0	180
2025.07.08	08:00:00	2553.59	2585.37	2542.87	2574.68	11239	0	180
2025.07.08	12:00:00	2574.68	2600.67	2557.02	2564.26	21997	0	180
2025.07.08	16:00:00	2564.26	2627.83	2559.65	2609.95	24538	0	180
2025.07.08	20:00:00	2609.95	2617.66	2595.62	2614.90	9673	0	180
2025.07.09	00:00:00	2614.90	2626.83	2589.34	2591.00	11997	0	180
2025.07.09	04:00:00	2591.00	2646.96	2589.78	2624.46	14523	0	180
2025.07.09	08:00:00	2624.46	2630.04	2603.13	2625.90	10539	0	180
2025.07.09	12:00:00	2625.90	2675.24	2623.37	2656.24	28569	0	180
2025.07.09	16:00:00	2656.24	2795.96	2651.72	2765.02	32883	0	180
2025.07.09	20:00:00	2765.02	2783.00	2731.22	2768.23	25831	0	180
2025.07.10	00:00:00	2768.23	2798.72	2754.66	2775.90	15983	0	180
2025.07.10	04:00:00	2775.90	2822.82	2765.38	2790.96	17934	0	180
2025.07.10	08:00:00	2790.96	2797.07	2771.38	2778.69	12065	0	180
2025.07.10	12:00:00	2778.69	2795.56	2758.90	2769.75	23909	0	180
2025.07.10	16:00:00	2769.75	2839.34	2769.15	2815.31	35042	0	180
2025.07.10	20:00:00	2815.43	3005.38	2811.76	2949.25	42815	0	180
2025.07.11	00:00:00	2949.25	2973.29	2912.31	2968.41	25049	0	180
2025.07.11	04:00:00	2968.41	3027.33	2945.01	2967.53	34209	0	180
2025.07.11	08:00:00	2966.70	3039.08	2961.52	2982.05	26734	0	180
2025.07.11	12:00:00	2982.05	3008.08	2938.84	2950.89	43344	0	180
2025.07.11	16:00:00	2950.95	3008.82	2936.19	3005.93	34739	0	180
2025.07.11	20:00:00	3005.93	3008.29	2921.53	2955.58	28097	0	180
2025.07.12	00:00:00	2955.58	2968.59	2929.37	2964.42	15730	0	180
2025.07.12	04:00:00	2964.42	2976.62	2939.26	2961.58	18434	0	180
2025.07.12	08:00:00	2961.58	2977.82	2955.26	2961.06	15459	0	180
2025.07.12	12:00:00	2961.06	2965.02	2901.71	2913.72	34167	0	180
2025.07.12	16:00:00	2913.72	2944.42	2908.40	2939.30	16201	0	180
2025.07.12	20:00:00	2939.30	2946.63	2913.54	2941.59	11234	0	180
2025.07.13	00:00:00	2941.59	2959.31	2934.07	2952.17	13744	0	180
2025.07.13	04:00:00	2952.21	2966.53	2947.66	2960.17	11431	0	180
2025.07.13	08:00:00	2960.17	2963.64	2942.07	2961.17	11544	0	180
2025.07.13	12:00:00	2961.17	3018.11	2955.76	2990.39	30084	0	180
2025.07.13	16:00:00	2990.39	3008.40	2960.32	2986.47	20593	0	180
2025.07.13	20:00:00	2986.47	2996.64	2935.52	2969.81	20067	0	180
2025.07.14	00:00:00	2969.76	3050.07	2960.24	3034.53	28850	0	180
2025.07.14	04:00:00	3034.76	3065.46	3015.56	3043.48	31094	0	180
2025.07.14	08:00:00	3043.48	3081.95	3022.22	3049.45	30755	0	180
2025.07.14	12:00:00	3049.45	3066.76	2991.90	3011.64	39616	0	180
2025.07.14	16:00:00	3011.64	3029.77	2982.44	3000.51	28410	0	180
2025.07.14	20:00:00	3000.51	3019.31	2980.79	3013.39	15807	0	180
2025.07.15	00:00:00	3013.39	3023.13	2930.17	2950.74	39132	0	180
2025.07.15	04:00:00	2950.74	2993.96	2933.56	2975.25	23655	0	180
2025.07.15	08:00:00	2975.25	2987.59	2956.86	2979.59	18376	0	180
2025.07.15	12:00:00	2979.65	3066.60	2965.69	3038.91	58657	0	180
2025.07.15	16:00:00	3038.91	3096.66	3032.47	3041.00	46235	0	180
2025.07.15	20:00:00	3041.00	3145.47	3029.15	3139.49	29024	0	180
2025.07.16	00:00:00	3139.49	3153.85	3102.66	3115.34	24418	0	180
2025.07.16	04:00:00	3115.34	3175.24	3099.71	3162.46	23982	0	180
2025.07.16	08:00:00	3162.43	3174.47	3143.26	3150.25	20253	0	180
2025.07.16	12:00:00	3150.25	3265.71	3146.62	3243.17	52084	0	180
2025.07.16	16:00:00	3243.17	3384.29	3233.31	3384.29	51593	0	180
2025.07.16	20:00:00	3384.46	3425.37	3342.94	3370.83	40011	0	180
2025.07.17	00:00:00	3370.83	3399.24	3311.12	3329.84	37457	0	180
2025.07.17	04:00:00	3329.50	3470.38	3318.85	3449.18	36230	0	180
2025.07.17	08:00:00	3449.18	3483.17	3425.15	3433.62	35499	0	180
2025.07.17	12:00:00	3433.62	3440.12	3361.46	3420.14	45358	0	180
2025.07.17	16:00:00	3420.14	3456.38	3365.21	3414.67	41279	0	180
2025.07.17	20:00:00	3414.67	3525.09	3373.24	3477.74	54267	0	180
2025.07.18	00:00:00	3477.75	3628.79	3458.85	3598.29	49361	0	180
2025.07.18	04:00:00	3598.29	3675.64	3577.38	3608.25	43809	0	180
2025.07.18	08:00:00	3608.25	3631.27	3584.75	3612.44	36567	0	180
2025.07.18	12:00:00	3612.41	3674.01	3530.83	3564.63	65734	0	180
2025.07.18	16:00:00	3564.63	3625.66	3538.57	3554.31	50743	0	180
2025.07.18	20:00:00	3554.31	3580.60	3479.96	3548.65	43023	0	180
2025.07.19	00:00:00	3548.65	3601.33	3508.52	3596.08	32447	0	180
2025.07.19	04:00:00	3596.08	3612.20	3569.24	3574.00	24190	0	180
2025.07.19	08:00:00	3574.00	3581.16	3538.64	3554.62	26521	0	180
2025.07.19	12:00:00	3554.62	3573.95	3527.22	3553.12	32480	0	180
2025.07.19	16:00:00	3553.12	3583.05	3532.28	3578.43	24286	0	180
2025.07.19	20:00:00	3578.46	3599.47	3539.28	3592.63	21714	0	180
2025.07.20	00:00:00	3592.63	3695.04	3579.30	3658.04	32486	0	180
2025.07.20	04:00:00	3658.11	3689.68	3633.17	3668.62	26326	0	180
2025.07.20	08:00:00	3668.64	3769.19	3668.59	3754.48	35612	0	180
2025.07.20	12:00:00	3754.48	3789.05	3723.52	3784.57	38738	0	180
2025.07.20	16:00:00	3784.54	3823.20	3730.18	3749.19	44304	0	180
2025.07.20	20:00:00	3749.19	3772.29	3680.96	3757.29	42199	0	180
2025.07.21	00:00:00	3757.29	3766.54	3701.95	3758.46	37529	0	180
2025.07.21	04:00:00	3758.46	3811.91	3747.01	3787.20	29513	0	180
2025.07.21	08:00:00	3787.20	3839.25	3754.89	3808.91	33433	0	180
2025.07.21	12:00:00	3810.36	3860.30	3776.61	3812.07	46230	0	180
2025.07.21	16:00:00	3812.07	3819.02	3721.27	3737.37	48027	0	180
2025.07.21	20:00:00	3737.28	3780.42	3718.59	3762.49	22886	0	180
2025.07.22	00:00:00	3762.49	3801.37	3696.96	3733.65	37903	0	180
2025.07.22	04:00:00	3733.65	3736.51	3651.30	3676.66	37794	0	180
2025.07.22	08:00:00	3676.66	3720.34	3618.19	3705.09	39856	0	180
2025.07.22	12:00:00	3705.09	3729.55	3626.03	3718.77	47476	0	180
2025.07.22	16:00:00	3718.75	3750.77	3655.02	3669.40	43640	0	180
2025.07.22	20:00:00	3669.18	3752.82	3660.81	3747.29	22221	0	180
2025.07.23	00:00:00	3747.29	3765.62	3714.47	3730.23	24051	0	180
2025.07.23	04:00:00	3730.23	3740.52	3664.91	3674.38	20812	0	180
2025.07.23	08:00:00	3674.38	3699.73	3640.06	3673.24	22468	0	180
2025.07.23	12:00:00	3673.24	3682.21	3580.56	3645.20	45912	0	180
2025.07.23	16:00:00	3645.20	3645.20	3553.88	3587.62	41561	0	180
2025.07.23	20:00:00	3587.62	3634.89	3526.34	3628.85	31844	0	180
2025.07.24	00:00:00	3628.93	3666.69	3612.90	3642.69	20676	0	180
2025.07.24	04:00:00	3642.69	3659.30	3505.48	3591.62	41193	0	180
2025.07.24	08:00:00	3591.55	3662.60	3581.01	3656.47	31904	0	180
2025.07.24	12:00:00	3656.47	3775.17	3613.66	3734.48	54606	0	180
2025.07.24	16:00:00	3734.39	3757.80	3668.28	3735.71	37714	0	180
2025.07.24	20:00:00	3735.61	3746.80	3697.76	3709.64	22141	0	180
2025.07.25	00:00:00	3709.64	3710.61	3572.79	3593.89	45045	0	180
2025.07.25	04:00:00	3593.89	3667.95	3576.96	3631.48	43119	0	180
2025.07.25	08:00:00	3631.50	3747.88	3627.47	3723.23	40499	0	180
2025.07.25	12:00:00	3723.23	3737.18	3602.63	3634.20	47979	0	180
2025.07.25	16:00:00	3634.20	3661.25	3617.58	3642.90	32828	0	180
2025.07.25	20:00:00	3642.97	3731.84	3640.76	3725.75	20340	0	180
2025.07.26	00:00:00	3725.75	3768.95	3700.23	3740.26	19617	0	180
2025.07.26	04:00:00	3740.26	3759.05	3733.24	3744.12	14676	0	180
2025.07.26	08:00:00	3744.12	3785.00	3730.96	3742.08	20553	0	180
2025.07.26	12:00:00	3742.05	3756.67	3718.03	3738.37	22553	0	180
2025.07.26	16:00:00	3738.37	3758.73	3709.49	3751.99	17406	0	180
2025.07.26	20:00:00	3751.99	3796.43	3735.42	3743.89	15123	0	180
2025.07.27	00:00:00	3743.89	3789.71	3732.23	3776.47	18153	0	180
2025.07.27	04:00:00	3776.47	3813.40	3763.76	3769.80	18047	0	180
2025.07.27	08:00:00	3769.80	3842.45	3751.57	3816.20	22987	0	180
2025.07.27	12:00:00	3816.09	3838.00	3793.41	3819.55	27281	0	180
2025.07.27	16:00:00	3819.55	3868.70	3809.28	3829.74	32889	0	180
2025.07.27	20:00:00	3829.74	3880.46	3817.50	3873.53	23435	0	180
2025.07.28	00:00:00	3873.53	3908.69	3845.28	3880.38	27171	0	180
2025.07.28	04:00:00	3880.38	3940.09	3868.76	3894.78	27100	0	180
2025.07.28	08:00:00	3894.78	3903.05	3858.99	3880.37	20951	0	180
2025.07.28	12:00:00	3880.37	3890.36	3773.98	3810.11	44860	0	180
2025.07.28	16:00:00	3810.11	3826.06	3753.94	3798.82	34946	0	180
2025.07.28	20:00:00	3798.82	3805.32	3766.73	3798.51	25602	0	180
2025.07.29	00:00:00	3798.51	3822.79	3730.84	3791.23	32915	0	180
2025.07.29	04:00:00	3791.23	3880.80	3775.20	3877.57	24583	0	180
2025.07.29	08:00:00	3877.57	3886.39	3812.84	3825.77	23749	0	180
2025.07.29	12:00:00	3825.77	3874.05	3746.57	3760.90	45711	0	180
2025.07.29	16:00:00	3760.90	3796.64	3714.46	3765.95	34727	0	180
2025.07.29	20:00:00	3765.95	3802.30	3741.42	3793.31	21983	0	180
2025.07.30	00:00:00	3793.30	3828.62	3756.29	3817.41	26783	0	180
2025.07.30	04:00:00	3817.41	3834.65	3786.42	3811.18	21465	0	180
2025.07.30	08:00:00	3811.18	3826.33	3744.12	3759.25	28117	0	180
2025.07.30	12:00:00	3759.25	3832.40	3749.37	3797.79	43169	0	180
2025.07.30	16:00:00	3797.79	3823.16	3676.27	3761.84	49091	0	180
2025.07.30	20:00:00	3761.84	3813.21	3742.72	3811.47	21974	0	180
2025.07.31	00:00:00	3811.47	3870.71	3802.21	3865.19	18735	0	180
2025.07.31	04:00:00	3865.19	3880.43	3855.80	3865.30	12844	0	180
2025.07.31	08:00:00	3865.30	3874.90	3828.01	3839.80	14143	0	180
2025.07.31	12:00:00	3839.80	3847.06	3761.34	3787.94	39828	0	180
2025.07.31	16:00:00	3787.94	3819.23	3734.06	3737.53	39215	0	180
2025.07.31	20:00:00	3737.53	3758.92	3683.88	3698.01	32943	0	180
2025.08.01	00:00:00	3698.01	3725.75	3614.73	3705.81	42811	0	180
2025.08.01	04:00:00	3705.81	3705.83	3623.91	3650.45	33812	0	180
2025.08.01	08:00:00	3650.44	3650.44	3585.49	3641.93	38369	0	180
2025.08.01	12:00:00	3642.12	3675.93	3563.66	3614.89	60799	0	180
2025.08.01	16:00:00	3614.89	3633.20	3514.20	3517.00	62699	0	180
2025.08.01	20:00:00	3517.11	3553.48	3431.32	3487.82	51005	0	180
2025.08.02	00:00:00	3487.82	3534.31	3478.28	3530.82	26630	0	180
2025.08.02	04:00:00	3530.83	3540.09	3456.63	3521.10	33239	0	180
2025.08.02	08:00:00	3521.10	3526.72	3475.34	3510.51	33219	0	180
2025.08.02	12:00:00	3510.51	3519.74	3452.20	3460.53	38357	0	180
2025.08.02	16:00:00	3460.53	3482.83	3372.07	3382.79	54788	0	180
2025.08.02	20:00:00	3382.79	3443.76	3368.55	3395.20	32736	0	180
2025.08.03	00:00:00	3395.20	3454.22	3355.14	3445.26	31844	0	180
2025.08.03	04:00:00	3445.26	3461.90	3435.28	3458.72	18874	0	180
2025.08.03	08:00:00	3458.72	3518.95	3456.18	3487.95	22221	0	180
2025.08.03	12:00:00	3487.95	3507.34	3456.98	3478.52	31650	0	180
2025.08.03	16:00:00	3478.48	3518.81	3469.82	3500.29	24554	0	180
2025.08.03	20:00:00	3500.27	3525.28	3485.89	3499.82	21330	0	180
2025.08.04	00:00:00	3499.82	3579.32	3493.67	3559.14	27649	0	180
2025.08.04	04:00:00	3559.14	3568.04	3522.84	3554.06	18562	0	180
2025.08.04	08:00:00	3554.06	3576.04	3543.48	3557.71	23336	0	180
2025.08.04	12:00:00	3557.71	3666.28	3552.28	3648.99	39830	0	180
2025.08.04	16:00:00	3649.00	3720.01	3649.00	3671.03	33587	0	180
2025.08.04	20:00:00	3671.04	3738.85	3661.65	3723.92	27758	0	180
2025.08.05	00:00:00	3723.92	3724.59	3648.10	3651.78	21449	0	180
2025.08.05	04:00:00	3651.78	3679.49	3599.27	3612.89	25572	0	180
2025.08.05	08:00:00	3612.89	3692.68	3607.37	3672.78	25186	0	180
2025.08.05	12:00:00	3672.78	3678.91	3556.23	3569.84	56243	0	180
2025.08.05	16:00:00	3569.81	3612.32	3558.65	3570.96	35351	0	180
2025.08.05	20:00:00	3570.96	3623.73	3545.38	3611.17	23101	0	180
2025.08.06	00:00:00	3611.17	3613.38	3563.58	3583.09	24353	0	180
2025.08.06	04:00:00	3583.09	3661.53	3568.83	3639.33	28594	0	180
2025.08.06	08:00:00	3639.33	3644.73	3608.65	3620.02	20771	0	180
2025.08.06	12:00:00	3620.02	3670.40	3574.46	3664.51	42424	0	180
2025.08.06	16:00:00	3664.51	3699.72	3638.48	3684.01	26072	0	180
2025.08.06	20:00:00	3684.01	3687.25	3653.26	3683.57	12050	0	180
2025.08.07	00:00:00	3683.57	3718.41	3647.17	3656.58	18251	0	180
2025.08.07	04:00:00	3656.58	3711.76	3654.35	3704.36	16460	0	180
2025.08.07	08:00:00	3704.36	3845.20	3704.24	3829.08	30027	0	180
2025.08.07	12:00:00	3829.08	3867.90	3806.02	3839.61	35097	0	180
2025.08.07	16:00:00	3839.61	3878.59	3783.30	3868.64	30414	0	180
2025.08.07	20:00:00	3868.64	3928.68	3852.10	3910.66	25267	0	180
2025.08.08	00:00:00	3910.66	3969.27	3877.88	3937.89	39079	0	180
2025.08.08	04:00:00	3937.89	3938.04	3892.81	3916.30	20429	0	180
2025.08.08	08:00:00	3916.30	3928.16	3884.01	3917.41	17759	0	180
2025.08.08	12:00:00	3917.41	4011.75	3892.10	3952.76	42513	0	180
2025.08.08	16:00:00	3952.76	4066.99	3949.30	4060.30	40233	0	180
2025.08.08	20:00:00	4060.47	4071.01	4006.38	4010.05	18096	0	180
2025.08.09	00:00:00	4010.05	4052.14	4005.35	4050.99	19401	0	180
2025.08.09	04:00:00	4050.99	4217.35	4044.95	4168.95	41078	0	180
2025.08.09	08:00:00	4168.95	4245.85	4164.19	4188.90	35790	0	180
2025.08.09	12:00:00	4188.90	4224.82	4153.28	4206.85	37278	0	180
2025.08.09	16:00:00	4206.80	4270.90	4192.13	4257.01	31596	0	180
2025.08.09	20:00:00	4257.01	4326.84	4241.76	4260.29	33105	0	180
2025.08.10	00:00:00	4260.29	4333.49	4206.02	4240.90	40379	0	180
2025.08.10	04:00:00	4240.90	4263.15	4175.18	4183.97	34571	0	180
2025.08.10	08:00:00	4183.97	4231.45	4160.13	4179.02	34350	0	180
2025.08.10	12:00:00	4179.02	4237.16	4159.84	4216.63	36798	0	180
2025.08.10	16:00:00	4216.64	4258.61	4212.81	4247.99	26067	0	180
2025.08.10	20:00:00	4248.00	4253.56	4185.42	4249.68	25343	0	180
2025.08.11	00:00:00	4249.68	4345.36	4237.21	4309.57	43319	0	180
2025.08.11	04:00:00	4309.57	4351.37	4265.15	4272.61	28709	0	180
2025.08.11	08:00:00	4272.62	4283.62	4168.17	4181.93	32880	0	180
2025.08.11	12:00:00	4181.93	4331.34	4163.26	4328.75	56415	0	180
2025.08.11	16:00:00	4328.75	4367.42	4232.94	4258.15	50267	0	180
2025.08.11	20:00:00	4258.20	4258.20	4187.94	4222.14	30763	0	180
2025.08.12	00:00:00	4222.14	4311.11	4217.33	4285.41	25829	0	180
2025.08.12	04:00:00	4285.41	4321.77	4266.70	4315.32	23098	0	180
2025.08.12	08:00:00	4315.32	4332.19	4256.05	4289.06	24704	0	180
2025.08.12	12:00:00	4289.12	4482.31	4276.38	4472.69	59393	0	180
2025.08.12	16:00:00	4472.69	4520.47	4440.07	4516.40	39918	0	180
2025.08.12	20:00:00	4516.59	4640.44	4504.02	4588.77	39050	0	180
2025.08.13	00:00:00	4588.77	4656.19	4562.35	4645.39	36229	0	180
2025.08.13	04:00:00	4645.39	4681.95	4605.28	4622.19	34570	0	180
2025.08.13	08:00:00	4622.19	4713.58	4605.17	4686.30	30314	0	180
2025.08.13	12:00:00	4686.31	4734.32	4615.43	4665.51	54042	0	180
2025.08.13	16:00:00	4665.51	4750.88	4661.68	4739.08	42129	0	180
2025.08.13	20:00:00	4739.08	4785.89	4697.97	4748.67	34144	0	180
2025.08.14	00:00:00	4748.67	4780.79	4704.61	4774.16	34893	0	180
2025.08.14	04:00:00	4774.16	4793.43	4717.09	4750.03	30740	0	180
2025.08.14	08:00:00	4750.03	4768.04	4674.61	4719.92	28234	0	180
2025.08.14	12:00:00	4719.92	4737.78	4454.67	4618.01	90606	0	180
2025.08.14	16:00:00	4618.01	4624.16	4478.91	4536.80	51314	0	180
2025.08.14	20:00:00	4536.80	4573.39	4454.53	4547.97	34672	0	180
2025.08.15	00:00:00	4547.97	4655.39	4538.23	4639.63	32479	0	180
2025.08.15	04:00:00	4639.63	4667.80	4610.16	4645.10	25886	0	180
2025.08.15	08:00:00	4645.12	4671.51	4616.24	4638.34	22616	0	180
2025.08.15	12:00:00	4638.34	4675.52	4396.94	4433.01	66768	0	180
2025.08.15	16:00:00	4433.01	4461.79	4375.14	4385.59	56200	0	180
2025.08.15	20:00:00	4385.59	4492.95	4369.17	4441.84	33984	0	180
2025.08.16	00:00:00	4441.84	4492.56	4428.12	4435.98	29342	0	180
2025.08.16	04:00:00	4435.98	4466.79	4411.48	4454.22	26729	0	180
2025.08.16	08:00:00	4454.22	4461.98	4374.47	4390.66	28324	0	180
2025.08.16	12:00:00	4390.66	4432.02	4377.26	4402.54	30866	0	180
2025.08.16	16:00:00	4402.54	4443.89	4393.18	4420.08	18308	0	180
2025.08.16	20:00:00	4420.08	4439.17	4403.89	4423.84	16536	0	180
2025.08.17	00:00:00	4424.14	4459.85	4396.90	4453.49	19477	0	180
2025.08.17	04:00:00	4453.49	4493.43	4445.48	4468.46	23616	0	180
2025.08.17	08:00:00	4468.46	4578.02	4460.66	4554.08	29579	0	180
2025.08.17	12:00:00	4554.08	4567.62	4520.59	4563.42	25723	0	180
2025.08.17	16:00:00	4563.42	4568.86	4426.18	4460.64	31950	0	180
2025.08.17	20:00:00	4460.64	4535.58	4456.99	4472.80	24006	0	180
2025.08.18	00:00:00	4472.80	4482.04	4280.23	4319.72	52345	0	180
2025.08.18	04:00:00	4319.72	4349.52	4230.53	4257.44	37881	0	180
2025.08.18	08:00:00	4257.44	4323.13	4227.74	4277.65	36207	0	180
2025.08.18	12:00:00	4277.65	4373.49	4273.76	4348.55	51949	0	180
2025.08.18	16:00:00	4348.55	4387.92	4303.72	4357.42	39710	0	180
2025.08.18	20:00:00	4357.31	4389.87	4305.91	4314.96	26533	0	180
2025.08.19	00:00:00	4314.96	4357.16	4215.09	4221.52	40117	0	180
2025.08.19	04:00:00	4221.52	4253.10	4195.45	4237.64	34357	0	180
2025.08.19	08:00:00	4237.64	4320.50	4221.52	4311.57	29557	0	180
2025.08.19	12:00:00	4311.57	4344.65	4170.62	4194.61	54801	0	180
2025.08.19	16:00:00	4194.37	4208.98	4114.53	4143.94	53173	0	180
2025.08.19	20:00:00	4143.85	4165.74	4068.14	4077.43	34114	0	180
2025.08.20	00:00:00	4077.43	4159.78	4063.04	4143.17	38083	0	180
2025.08.20	04:00:00	4143.20	4214.39	4141.55	4187.78	23997	0	180
2025.08.20	08:00:00	4187.78	4244.45	4150.68	4196.91	30358	0	180
2025.08.20	12:00:00	4196.91	4310.73	4107.97	4257.68	73925	0	180
2025.08.20	16:00:00	4257.68	4368.85	4256.94	4350.29	56516	0	180
2025.08.20	20:00:00	4350.29	4382.18	4324.80	4340.01	27572	0	180
2025.08.21	00:00:00	4340.01	4343.19	4280.18	4297.97	29834	0	180
2025.08.21	04:00:00	4297.97	4323.68	4272.50	4312.12	23987	0	180
2025.08.21	08:00:00	4312.12	4317.37	4257.94	4279.75	30200	0	180
2025.08.21	12:00:00	4279.75	4329.27	4227.49	4244.46	58871	0	180
2025.08.21	16:00:00	4244.46	4273.24	4208.93	4224.53	39794	0	180
2025.08.21	20:00:00	4224.47	4262.03	4204.59	4226.00	22589	0	180
2025.08.22	00:00:00	4226.00	4315.15	4222.66	4279.40	28168	0	180
2025.08.22	04:00:00	4279.40	4346.72	4272.36	4329.14	27419	0	180
2025.08.22	08:00:00	4329.14	4355.58	4272.86	4274.37	27129	0	180
2025.08.22	12:00:00	4274.41	4668.81	4208.14	4618.22	87621	0	180
2025.08.22	16:00:00	4618.22	4859.43	4618.22	4833.43	64484	0	180
2025.08.22	20:00:00	4833.43	4888.75	4793.46	4828.11	40051	0	180
2025.08.23	00:00:00	4828.11	4828.79	4660.05	4693.25	39568	0	180
2025.08.23	04:00:00	4693.25	4762.16	4692.43	4712.16	32990	0	180
2025.08.23	08:00:00	4712.16	4744.02	4689.20	4703.71	29311	0	180
2025.08.23	12:00:00	4703.82	4767.40	4691.74	4748.87	33787	0	180
2025.08.23	16:00:00	4749.12	4760.13	4725.86	4756.72	19030	0	180
2025.08.23	20:00:00	4756.73	4796.76	4736.74	4776.80	12660	0	180
2025.08.24	00:00:00	4776.80	4816.79	4752.06	4787.33	26401	0	180
2025.08.24	04:00:00	4787.38	4799.16	4755.94	4758.29	18925	0	180
2025.08.24	08:00:00	4758.29	4786.12	4718.72	4747.00	22368	0	180
2025.08.24	12:00:00	4746.94	4829.92	4737.46	4798.02	29841	0	180
2025.08.24	16:00:00	4798.02	4958.84	4744.82	4813.82	56068	0	180
2025.08.24	20:00:00	4813.32	4825.03	4707.46	4780.45	54406	0	180
2025.08.25	00:00:00	4780.45	4798.23	4671.95	4726.90	42288	0	180
2025.08.25	04:00:00	4726.91	4739.53	4582.07	4590.99	45677	0	180
2025.08.25	08:00:00	4590.99	4615.29	4518.43	4599.32	44025	0	180
2025.08.25	12:00:00	4599.07	4684.92	4584.11	4612.59	54710	0	180
2025.08.25	16:00:00	4612.59	4645.21	4414.54	4419.88	47323	0	180
2025.08.25	20:00:00	4419.79	4445.52	4334.82	4379.53	55825	0	180
2025.08.26	00:00:00	4379.53	4453.46	4314.07	4403.78	50538	0	180
2025.08.26	04:00:00	4403.78	4454.48	4394.66	4429.83	37126	0	180
2025.08.26	08:00:00	4429.83	4468.21	4406.05	4427.38	29973	0	180
2025.08.26	12:00:00	4427.38	4579.77	4405.30	4519.41	68751	0	180
2025.08.26	16:00:00	4519.41	4601.39	4499.19	4599.09	40477	0	180
2025.08.26	20:00:00	4599.09	4636.90	4567.11	4604.36	28084	0	180
2025.08.27	00:00:00	4604.36	4629.40	4541.06	4605.40	30818	0	180
2025.08.27	04:00:00	4605.40	4648.67	4561.02	4581.42	28950	0	180
2025.08.27	08:00:00	4581.42	4621.31	4555.05	4609.32	27240	0	180
2025.08.27	12:00:00	4609.32	4666.70	4575.82	4660.35	53389	0	180
2025.08.27	16:00:00	4660.35	4660.95	4535.93	4566.31	37177	0	180
2025.08.27	20:00:00	4566.31	4615.20	4481.57	4506.30	43527	0	180
2025.08.28	00:00:00	4506.30	4549.50	4467.84	4542.65	31766	0	180
2025.08.28	04:00:00	4542.65	4602.10	4535.49	4597.99	28392	0	180
2025.08.28	08:00:00	4597.70	4635.65	4582.86	4596.09	22262	0	180
2025.08.28	12:00:00	4596.09	4616.46	4486.47	4505.64	47080	0	180
2025.08.28	16:00:00	4505.64	4531.91	4435.17	4437.24	34205	0	180
2025.08.28	20:00:00	4437.39	4516.60	4426.71	4512.01	20012	0	180
2025.08.29	00:00:00	4512.01	4517.59	4436.21	4491.26	27560	0	180
2025.08.29	04:00:00	4491.26	4499.94	4368.56	4382.96	23656	0	180
2025.08.29	08:00:00	4382.96	4400.34	4319.08	4348.16	34806	0	180
2025.08.29	12:00:00	4348.16	4456.47	4269.07	4317.98	65783	0	180
2025.08.29	16:00:00	4318.03	4370.21	4297.73	4344.01	46246	0	180
2025.08.29	20:00:00	4344.01	4382.27	4307.03	4362.24	27429	0	180
2025.08.30	00:00:00	4362.24	4384.11	4257.63	4353.82	27790	0	180
2025.08.30	04:00:00	4353.82	4417.00	4347.94	4404.28	27880	0	180
2025.08.30	08:00:00	4404.28	4409.16	4379.36	4393.51	21753	0	180
2025.08.30	12:00:00	4393.51	4394.97	4331.83	4377.34	31961	0	180
2025.08.30	16:00:00	4377.16	4377.16	4336.58	4355.95	17914	0	180
2025.08.30	20:00:00	4355.95	4379.66	4336.03	4374.98	12333	0	180
2025.08.31	00:00:00	4374.98	4491.02	4373.25	4490.49	25858	0	180
2025.08.31	04:00:00	4490.49	4494.10	4435.44	4453.29	21308	0	180
2025.08.31	08:00:00	4453.29	4485.86	4442.09	4477.80	24106	0	180
2025.08.31	12:00:00	4477.80	4500.25	4453.31	4486.35	25787	0	180
2025.08.31	16:00:00	4486.35	4492.70	4455.34	4457.06	17558	0	180
2025.08.31	20:00:00	4457.06	4479.25	4380.16	4394.18	22048	0	180
2025.09.01	00:00:00	4394.18	4434.34	4362.22	4404.94	37287	0	180
2025.09.01	04:00:00	4404.94	4465.13	4359.88	4464.69	31961	0	180
2025.09.01	08:00:00	4464.39	4492.10	4384.19	4395.28	32605	0	180
2025.09.01	12:00:00	4395.28	4425.23	4346.42	4363.78	35670	0	180
2025.09.01	16:00:00	4363.53	4372.56	4309.44	4367.92	30696	0	180
2025.09.01	20:00:00	4367.92	4368.69	4209.68	4313.74	34510	0	180
2025.09.02	00:00:00	4313.74	4395.51	4288.84	4369.19	31844	0	180
2025.09.02	04:00:00	4369.19	4419.26	4362.51	4379.18	21990	0	180
2025.09.02	08:00:00	4379.23	4410.33	4342.51	4349.24	22360	0	180
2025.09.02	12:00:00	4349.24	4399.02	4271.87	4297.86	65194	0	180
2025.09.02	16:00:00	4297.86	4333.55	4258.14	4276.38	42304	0	180
2025.09.02	20:00:00	4276.38	4340.04	4267.80	4327.89	23731	0	180
2025.09.03	00:00:00	4327.88	4357.20	4284.58	4334.92	25789	0	180
2025.09.03	04:00:00	4334.92	4343.62	4287.99	4309.98	18784	0	180
2025.09.03	08:00:00	4309.98	4386.85	4302.35	4372.04	23630	0	180
2025.09.03	12:00:00	4372.04	4487.50	4341.45	4480.09	45949	0	180
2025.09.03	16:00:00	4480.09	4491.16	4454.80	4475.55	24192	0	180
2025.09.03	20:00:00	4475.40	4483.30	4440.46	4451.84	12767	0	180
2025.09.04	00:00:00	4451.84	4484.46	4388.83	4397.62	23661	0	180
2025.09.04	04:00:00	4397.62	4414.95	4356.37	4371.73	21117	0	180
2025.09.04	08:00:00	4371.73	4434.21	4365.96	4407.56	20275	0	180
2025.09.04	12:00:00	4407.58	4429.36	4294.90	4304.83	46211	0	180
2025.09.04	16:00:00	4304.83	4323.48	4266.12	4277.23	28747	0	180
2025.09.04	20:00:00	4277.22	4353.11	4273.53	4299.24	18676	0	180
2025.09.05	00:00:00	4299.24	4336.42	4291.19	4328.43	19604	0	180
2025.09.05	04:00:00	4328.43	4429.27	4316.07	4417.15	21637	0	180
2025.09.05	08:00:00	4417.15	4426.87	4374.45	4417.65	20863	0	180
2025.09.05	12:00:00	4417.65	4495.91	4254.92	4282.93	69277	0	180
2025.09.05	16:00:00	4282.93	4333.37	4272.39	4332.81	28670	0	180
2025.09.05	20:00:00	4332.81	4344.21	4288.85	4307.18	18481	0	180
2025.09.06	00:00:00	4307.18	4326.55	4301.42	4318.66	15383	0	180
2025.09.06	04:00:00	4318.66	4319.10	4289.57	4311.78	13476	0	180
2025.09.06	08:00:00	4311.78	4314.90	4283.43	4298.88	13311	0	180
2025.09.06	12:00:00	4298.88	4308.19	4261.55	4269.21	16357	0	180
2025.09.06	16:00:00	4269.21	4306.85	4231.36	4257.52	22297	0	180
2025.09.06	20:00:00	4257.52	4288.78	4254.37	4272.90	9841	0	180
2025.09.07	00:00:00	4273.27	4303.47	4270.18	4295.87	12289	0	180
2025.09.07	04:00:00	4295.87	4307.58	4278.67	4294.72	10959	0	180
2025.09.07	08:00:00	4294.72	4314.50	4290.67	4308.65	16038	0	180
2025.09.07	12:00:00	4308.65	4309.99	4287.90	4298.62	13431	0	180
2025.09.07	16:00:00	4298.62	4300.81	4268.57	4292.88	12917	0	180
2025.09.07	20:00:00	4292.88	4337.20	4280.59	4304.93	12719	0	180
2025.09.08	00:00:00	4304.93	4330.12	4277.85	4311.36	20920	0	180
2025.09.08	04:00:00	4311.36	4313.61	4287.16	4292.78	14372	0	180
2025.09.08	08:00:00	4292.78	4338.13	4288.26	4310.59	19249	0	180
2025.09.08	12:00:00	4310.63	4382.87	4303.90	4370.49	30264	0	180
2025.09.08	16:00:00	4370.49	4372.51	4282.72	4291.78	23298	0	180
2025.09.08	20:00:00	4291.98	4331.55	4280.62	4304.78	13262	0	180
2025.09.09	00:00:00	4304.78	4314.94	4275.97	4306.25	18584	0	180
2025.09.09	04:00:00	4306.25	4380.13	4301.76	4360.90	19130	0	180
2025.09.09	08:00:00	4360.90	4366.78	4339.78	4345.13	13144	0	180
2025.09.09	12:00:00	4345.13	4366.18	4276.47	4284.07	36852	0	180
2025.09.09	16:00:00	4284.07	4298.47	4277.09	4292.52	14323	0	180
2025.09.09	20:00:00	4292.52	4319.39	4279.59	4309.24	11869	0	180
2025.09.10	00:00:00	4309.24	4327.09	4285.17	4320.99	16625	0	180
2025.09.10	04:00:00	4320.99	4333.79	4295.09	4329.50	15123	0	180
2025.09.10	08:00:00	4329.50	4334.80	4308.27	4330.14	13187	0	180
2025.09.10	12:00:00	4330.14	4451.96	4328.23	4402.89	39529	0	180
2025.09.10	16:00:00	4402.90	4407.22	4300.51	4324.39	25338	0	180
2025.09.10	20:00:00	4324.39	4357.94	4322.45	4351.03	13169	0	180
2025.09.11	00:00:00	4351.03	4407.75	4339.68	4402.39	16188	0	180
2025.09.11	04:00:00	4402.39	4449.76	4393.93	4438.86	17339	0	180
2025.09.11	08:00:00	4438.86	4441.44	4404.44	4428.21	17088	0	180
2025.09.11	12:00:00	4428.19	4480.49	4347.97	4411.77	47988	0	180
2025.09.11	16:00:00	4411.77	4439.96	4406.17	4422.07	18338	0	180
2025.09.11	20:00:00	4422.07	4467.07	4413.35	4455.93	12339	0	180
2025.09.12	00:00:00	4455.93	4536.96	4447.28	4502.30	26926	0	180
2025.09.12	04:00:00	4502.30	4560.53	4496.43	4522.84	17698	0	180
2025.09.12	08:00:00	4522.84	4531.67	4501.10	4517.06	14834	0	180
2025.09.12	12:00:00	4517.06	4569.40	4499.07	4539.51	27892	0	180
2025.09.12	16:00:00	4539.51	4663.27	4530.96	4660.75	27131	0	180
2025.09.12	20:00:00	4660.75	4749.93	4633.01	4709.26	26317	0	180
2025.09.13	00:00:00	4709.26	4766.02	4689.67	4753.43	24067	0	180
2025.09.13	04:00:00	4753.43	4753.87	4699.00	4709.25	18394	0	180
2025.09.13	08:00:00	4709.25	4735.64	4706.19	4717.56	16499	0	180
2025.09.13	12:00:00	4717.56	4728.43	4643.44	4654.29	23220	0	180
2025.09.13	16:00:00	4654.29	4667.78	4604.26	4637.19	23282	0	180
2025.09.13	20:00:00	4637.19	4673.08	4636.53	4666.53	11433	0	180
2025.09.14	00:00:00	4667.17	4692.48	4650.68	4663.96	17622	0	180
2025.09.14	04:00:00	4663.96	4682.20	4633.38	4651.06	16213	0	180
2025.09.14	08:00:00	4651.06	4674.24	4624.67	4633.52	16420	0	180
2025.09.14	12:00:00	4633.52	4643.68	4574.65	4580.29	26699	0	180
2025.09.14	16:00:00	4580.29	4629.26	4577.59	4614.77	15506	0	180
2025.09.14	20:00:00	4614.77	4636.40	4597.12	4605.06	14995	0	180
2025.09.15	00:00:00	4605.06	4645.76	4580.48	4638.44	21287	0	180
2025.09.15	04:00:00	4638.44	4673.28	4588.98	4599.01	23130	0	180
2025.09.15	08:00:00	4599.01	4599.01	4498.93	4530.54	27416	0	180
2025.09.15	12:00:00	4530.54	4541.90	4464.92	4498.96	34458	0	180
2025.09.15	16:00:00	4498.96	4512.85	4474.31	4492.65	24483	0	180
2025.09.15	20:00:00	4492.65	4528.61	4486.36	4522.94	12803	0	180
2025.09.16	00:00:00	4522.94	4537.26	4503.70	4520.79	15025	0	180
2025.09.16	04:00:00	4520.91	4535.15	4487.33	4512.30	17185	0	180
2025.09.16	08:00:00	4512.33	4531.27	4492.87	4501.43	15473	0	180
2025.09.16	12:00:00	4501.43	4512.01	4423.22	4466.36	29136	0	180
2025.09.16	16:00:00	4466.36	4509.58	4445.85	4490.58	23615	0	180
2025.09.16	20:00:00	4490.58	4525.24	4482.21	4501.70	12325	0	180
2025.09.17	00:00:00	4501.70	4553.19	4492.62	4497.71	17290	0	180
2025.09.17	04:00:00	4497.71	4557.49	4463.58	4545.18	18250	0	180
2025.09.17	08:00:00	4545.18	4546.85	4478.29	4490.95	14696	0	180
2025.09.17	12:00:00	4490.95	4513.18	4467.07	4489.19	22709	0	180
2025.09.17	16:00:00	4489.19	4532.74	4407.30	4518.91	51221	0	180
2025.09.17	20:00:00	4518.68	4617.42	4487.20	4589.32	23377	0	180
2025.09.18	00:00:00	4589.32	4644.50	4578.42	4613.81	19811	0	180
2025.09.18	04:00:00	4613.81	4619.59	4552.18	4573.45	14992	0	180
2025.09.18	08:00:00	4573.45	4607.27	4567.03	4575.58	13634	0	180
2025.09.18	12:00:00	4575.58	4623.90	4557.06	4598.94	27019	0	180
2025.09.18	16:00:00	4598.94	4637.20	4580.26	4587.42	17480	0	180
2025.09.18	20:00:00	4587.42	4604.95	4569.03	4585.82	11036	0	180
2025.09.19	00:00:00	4585.82	4621.16	4541.76	4549.86	15194	0	180
2025.09.19	04:00:00	4549.86	4559.23	4518.19	4538.35	16851	0	180
2025.09.19	08:00:00	4538.35	4548.66	4508.76	4514.79	13749	0	180
2025.09.19	12:00:00	4514.79	4544.63	4445.67	4475.81	25476	0	180
2025.09.19	16:00:00	4475.99	4490.22	4438.27	4444.97	16907	0	180
2025.09.19	20:00:00	4444.97	4482.16	4442.29	4472.03	10017	0	180
2025.09.20	00:00:00	4472.03	4479.33	4456.94	4468.57	11614	0	180
2025.09.20	04:00:00	4468.57	4487.42	4465.94	4485.69	9149	0	180
2025.09.20	08:00:00	4485.69	4485.69	4458.22	4472.64	9666	0	180
2025.09.20	12:00:00	4472.64	4509.59	4465.81	4501.41	12397	0	180
2025.09.20	16:00:00	4501.41	4511.78	4472.15	4483.01	10956	0	180
2025.09.20	20:00:00	4482.99	4504.56	4480.41	4482.77	6577	0	180
2025.09.21	00:00:00	4482.77	4492.41	4458.82	4480.43	8989	0	180
2025.09.21	04:00:00	4480.43	4495.24	4469.32	4479.95	7784	0	180
2025.09.21	08:00:00	4479.95	4481.94	4443.75	4462.87	9201	0	180
2025.09.21	12:00:00	4462.87	4488.68	4462.63	4484.42	10047	0	180
2025.09.21	16:00:00	4484.42	4500.71	4466.67	4495.96	12149	0	140
2025.09.21	20:00:00	4495.96	4496.66	4444.56	4447.27	10923	0	140
2025.09.22	00:00:00	4447.27	4457.70	4261.79	4307.45	42060	0	140
2025.09.22	04:00:00	4307.45	4312.86	4043.14	4195.60	46869	0	140
2025.09.22	08:00:00	4195.62	4210.09	4138.68	4184.61	29616	0	140
2025.09.22	12:00:00	4184.61	4222.38	4160.17	4170.49	38456	0	140
2025.09.22	16:00:00	4170.49	4186.16	4125.24	4136.93	30803	0	181
2025.09.22	20:00:00	4137.51	4211.31	4136.51	4201.85	17490	0	181
2025.09.23	00:00:00	4201.85	4214.76	4116.71	4190.34	29339	0	181
2025.09.23	04:00:00	4190.34	4217.60	4157.15	4207.43	22560	0	181
2025.09.23	08:00:00	4207.43	4232.10	4179.49	4194.56	20021	0	140
2025.09.23	12:00:00	4194.53	4213.63	4163.39	4183.04	34228	0	140
2025.09.23	16:00:00	4183.04	4209.52	4138.42	4154.27	34840	0	140
2025.09.23	20:00:00	4154.27	4191.97	4140.13	4165.06	17336	0	140
2025.09.24	00:00:00	4165.06	4195.57	4129.85	4148.41	23645	0	140
2025.09.24	04:00:00	4148.41	4185.08	4074.41	4176.04	28161	0	140
2025.09.24	08:00:00	4176.04	4199.68	4164.41	4182.42	15552	0	140
2025.09.24	12:00:00	4182.42	4207.59	4147.41	4167.36	28162	0	140
2025.09.24	16:00:00	4167.36	4195.52	4155.28	4162.78	17631	0	140
2025.09.24	20:00:00	4162.78	4173.30	4130.67	4153.45	12990	0	140
2025.09.25	00:00:00	4153.45	4162.30	4022.44	4062.68	40026	0	140
2025.09.25	04:00:00	4062.44	4071.70	3963.58	4009.40	47601	0	140
2025.09.25	08:00:00	4009.40	4054.23	3991.78	4003.10	27478	0	140
2025.09.25	12:00:00	4003.10	4024.54	3918.93	4004.80	59806	0	140
2025.09.25	16:00:00	4004.80	4008.43	3823.91	3912.30	67216	0	140
2025.09.25	20:00:00	3912.35	3938.36	3850.65	3875.66	35019	0	140
2025.09.26	00:00:00	3875.66	3973.11	3868.91	3966.87	40175	0	140
2025.09.26	04:00:00	3966.87	3979.11	3909.48	3940.88	28825	0	140
2025.09.26	08:00:00	3940.88	3947.71	3874.38	3907.73	30901	0	140
2025.09.26	12:00:00	3907.73	3987.54	3877.46	3947.39	61640	0	140
2025.09.26	16:00:00	3947.39	4070.52	3944.20	4026.06	40204	0	140
2025.09.26	20:00:00	4026.06	4041.79	4006.63	4034.10	17117	0	140
2025.09.27	00:00:00	4034.00	4034.35	4007.07	4021.11	19990	0	140
2025.09.27	04:00:00	4021.11	4029.69	4007.18	4009.66	10689	0	140
2025.09.27	08:00:00	4009.66	4020.19	3974.22	4003.79	23152	0	140
2025.09.27	12:00:00	4003.79	4041.83	3995.85	4020.10	21339	0	140
2025.09.27	16:00:00	4020.10	4021.56	3982.42	4003.60	16405	0	140
2025.09.27	20:00:00	4003.60	4034.56	4001.57	4019.96	11879	0	140
2025.09.28	00:00:00	4020.15	4033.25	3995.15	4003.79	18011	0	140
2025.09.28	04:00:00	4003.79	4021.67	3997.94	4015.37	12822	0	140
2025.09.28	08:00:00	4015.37	4017.46	3985.58	3993.59	16804	0	140
2025.09.28	12:00:00	3993.59	4030.51	3966.12	4022.64	21627	0	140
2025.09.28	16:00:00	4022.64	4055.94	4022.28	4039.64	20805	0	140
2025.09.28	20:00:00	4039.64	4146.29	4036.00	4142.62	27372	0	140
2025.09.29	00:00:00	4142.62	4147.48	4103.82	4122.71	20904	0	140
2025.09.29	04:00:00	4122.71	4124.93	4089.20	4109.75	17204	0	140
2025.09.29	08:00:00	4109.75	4140.77	4094.80	4104.24	19983	0	140
2025.09.29	12:00:00	4104.24	4207.45	4083.21	4167.07	40783	0	140
2025.09.29	16:00:00	4167.07	4196.69	4129.93	4190.67	23063	0	140
2025.09.29	20:00:00	4190.77	4238.44	4183.84	4217.38	19536	0	140
2025.09.30	00:00:00	4217.38	4247.48	4189.88	4200.90	24557	0	140
2025.09.30	04:00:00	4200.90	4209.93	4170.94	4184.50	17362	0	140
2025.09.30	08:00:00	4184.50	4185.45	4134.75	4166.72	21118	0	140
2025.09.30	12:00:00	4166.72	4177.98	4094.89	4120.49	41516	0	140
2025.09.30	16:00:00	4120.49	4172.03	4092.53	4160.24	28413	0	140
2025.09.30	20:00:00	4160.28	4202.16	4117.47	4145.68	21318	0	140
2025.10.01	00:00:00	4145.68	4175.49	4123.39	4129.37	19031	0	140
2025.10.01	04:00:00	4129.38	4157.68	4123.60	4146.74	20425	0	140
2025.10.01	08:00:00	4146.74	4330.12	4143.80	4299.85	37697	0	140
2025.10.01	12:00:00	4299.85	4346.88	4280.33	4329.82	41363	0	140
2025.10.01	16:00:00	4329.82	4342.51	4290.21	4335.45	22574	0	140
2025.10.01	20:00:00	4335.45	4358.47	4288.42	4350.37	17086	0	140
2025.10.02	00:00:00	4350.38	4401.37	4334.26	4378.92	32515	0	140
2025.10.02	04:00:00	4378.92	4426.25	4361.13	4378.14	19677	0	140
2025.10.02	08:00:00	4378.14	4398.58	4370.79	4381.72	15423	0	140
2025.10.02	12:00:00	4381.72	4445.89	4339.04	4439.35	44335	0	140
2025.10.02	16:00:00	4439.35	4521.04	4428.38	4498.64	38072	0	140
2025.10.02	20:00:00	4498.64	4500.51	4459.56	4486.88	17289	0	140
2025.10.03	00:00:00	4486.88	4563.61	4464.26	4504.26	23749	0	140
2025.10.03	04:00:00	4504.26	4514.17	4455.88	4465.58	17112	0	140
2025.10.03	08:00:00	4465.51	4498.43	4430.23	4481.37	17680	0	140
2025.10.03	12:00:00	4481.37	4546.22	4439.55	4538.82	41979	0	140
2025.10.03	16:00:00	4538.82	4595.85	4452.84	4522.67	60365	0	140
2025.10.03	20:00:00	4522.67	4546.43	4495.75	4515.64	16209	0	140
2025.10.04	00:00:00	4515.64	4520.27	4466.71	4489.33	18913	0	140
2025.10.04	04:00:00	4489.33	4520.95	4482.36	4501.19	11741	0	140
2025.10.04	08:00:00	4501.20	4506.56	4482.08	4486.48	10261	0	140
2025.10.04	12:00:00	4486.48	4514.18	4442.89	4456.95	13850	0	140
2025.10.04	16:00:00	4457.20	4478.92	4442.13	4469.30	10300	0	140
2025.10.04	20:00:00	4469.30	4496.41	4469.30	4488.92	7872	0	140
2025.10.05	00:00:00	4488.93	4576.31	4468.96	4533.17	15149	0	140
2025.10.05	04:00:00	4533.17	4615.43	4529.52	4606.98	18164	0	140
2025.10.05	08:00:00	4606.85	4620.41	4523.17	4551.29	18315	0	140
2025.10.05	12:00:00	4551.29	4551.79	4527.19	4533.16	12420	0	140
2025.10.05	16:00:00	4533.16	4542.28	4482.20	4487.94	13795	0	140
2025.10.05	20:00:00	4487.94	4524.53	4473.50	4514.77	10917	0	140
2025.10.06	00:00:00	4514.77	4554.08	4488.82	4538.04	18660	0	140
2025.10.06	04:00:00	4538.05	4579.08	4510.17	4534.55	13710	0	140
2025.10.06	08:00:00	4534.24	4595.68	4534.24	4573.08	13475	0	140
2025.10.06	12:00:00	4573.08	4695.65	4571.20	4674.72	25631	0	140
2025.10.06	16:00:00	4674.70	4736.68	4661.07	4724.85	18532	0	140
2025.10.06	20:00:00	4724.85	4739.19	4673.65	4685.48	13117	0	140
2025.10.07	00:00:00	4685.47	4701.54	4665.32	4692.08	12614	0	140
2025.10.07	04:00:00	4692.08	4733.44	4666.08	4681.03	14648	0	140
2025.10.07	08:00:00	4681.03	4717.34	4641.42	4711.32	12799	0	140
2025.10.07	12:00:00	4711.33	4759.05	4478.05	4514.40	37293	0	140
2025.10.07	16:00:00	4513.95	4526.40	4446.39	4480.74	22611	0	140
2025.10.07	20:00:00	4481.01	4519.23	4429.30	4449.18	11836	0	140
2025.10.08	00:00:00	4449.66	4500.55	4434.50	4446.07	15066	0	140
2025.10.08	04:00:00	4446.05	4467.60	4412.88	4464.58	13520	0	140
2025.10.08	08:00:00	4464.59	4509.31	4458.96	4488.69	11361	0	140
2025.10.08	12:00:00	4488.57	4524.76	4437.45	4448.41	23405	0	140
2025.10.08	16:00:00	4448.41	4559.53	4439.33	4515.53	19067	0	140
2025.10.08	20:00:00	4516.23	4540.40	4499.59	4526.86	8324	0	140
2025.10.09	00:00:00	4526.86	4532.48	4402.60	4451.31	13584	0	140
2025.10.09	04:00:00	4451.30	4461.45	4411.09	4427.91	8812	0	140
2025.10.09	08:00:00	4427.90	4428.57	4320.75	4373.81	18577	0	140
2025.10.09	12:00:00	4373.93	4414.88	4292.70	4315.63	27521	0	140
2025.10.09	16:00:00	4315.41	4347.96	4266.16	4339.99	20373	0	140
2025.10.09	20:00:00	4340.71	4385.39	4329.24	4369.90	8981	0	140
2025.10.10	00:00:00	4370.00	4395.89	4344.20	4348.33	10763	0	140
2025.10.10	04:00:00	4348.26	4379.15	4315.75	4324.69	13244	0	140
2025.10.10	08:00:00	4324.87	4352.98	4314.31	4344.59	9884	0	140
2025.10.10	12:00:00	4345.25	4391.66	4071.03	4104.83	45576	0	140
2025.10.10	16:00:00	4104.73	4139.64	3950.96	3997.51	44188	0	140
2025.10.10	20:00:00	3997.74	4025.38	3432.79	3831.08	213608	0	140
2025.10.11	00:00:00	3831.08	3884.17	3731.81	3796.19	60262	0	140
2025.10.11	04:00:00	3796.19	3837.63	3737.15	3763.34	36595	0	140
2025.10.11	08:00:00	3763.24	3861.08	3752.79	3843.02	31053	0	140
2025.10.11	12:00:00	3842.99	3858.30	3789.04	3828.12	23248	0	140
2025.10.11	16:00:00	3828.12	3851.62	3734.70	3764.28	21462	0	140
2025.10.11	20:00:00	3764.08	3770.69	3645.53	3749.83	38671	0	140
2025.10.12	00:00:00	3750.31	3822.95	3697.81	3784.77	31644	0	140
2025.10.12	04:00:00	3784.70	3847.63	3778.54	3830.88	14370	0	140
2025.10.12	08:00:00	3830.85	3869.30	3807.09	3821.56	12341	0	140
2025.10.12	12:00:00	3821.29	4081.29	3794.47	4036.08	52134	0	140
2025.10.12	16:00:00	4036.18	4174.08	4036.18	4137.94	40136	0	140
2025.10.12	20:00:00	4137.93	4200.40	4083.46	4155.12	30689	0	140
2025.10.13	00:00:00	4155.09	4223.91	4127.15	4143.46	29531	0	140
2025.10.13	04:00:00	4143.46	4200.41	4118.43	4180.54	18498	0	140
2025.10.13	08:00:00	4180.48	4197.45	4045.50	4083.08	23072	0	140
2025.10.13	12:00:00	4082.76	4183.73	4058.89	4138.07	48756	0	140
2025.10.13	16:00:00	4138.25	4275.26	4131.97	4255.27	29015	0	140
2025.10.13	20:00:00	4255.76	4296.53	4239.11	4244.28	12698	0	140
2025.10.14	00:00:00	4244.31	4266.91	4139.67	4156.20	18555	0	140
2025.10.14	04:00:00	4156.20	4163.17	3968.40	3982.93	37196	0	140
2025.10.14	08:00:00	3982.71	4018.20	3891.25	3974.54	35341	0	140
2025.10.14	12:00:00	3974.68	4090.96	3897.86	4086.92	50189	0	140
2025.10.14	16:00:00	4087.72	4167.10	4050.09	4104.27	52838	0	140
2025.10.14	20:00:00	4104.55	4146.38	4074.49	4126.25	15958	0	140
2025.10.15	00:00:00	4126.12	4147.40	4061.98	4083.04	21059	0	140
2025.10.15	04:00:00	4083.24	4132.34	4073.16	4123.46	17123	0	140
2025.10.15	08:00:00	4123.37	4218.03	4089.73	4102.69	20550	0	140
2025.10.15	12:00:00	4102.69	4110.06	3960.70	3982.89	41869	0	140
2025.10.15	16:00:00	3983.02	4014.74	3930.33	3984.04	28781	0	140
2025.10.15	20:00:00	3983.87	3997.88	3927.93	3986.97	21185	0	140
2025.10.16	00:00:00	3986.94	4038.16	3976.84	4016.09	17990	0	140
2025.10.16	04:00:00	4016.29	4052.20	3980.39	4004.31	16975	0	140
2025.10.16	08:00:00	4004.73	4080.05	3941.03	4063.52	22863	0	140
2025.10.16	12:00:00	4063.25	4090.07	3893.48	3908.22	41181	0	140
2025.10.16	16:00:00	3908.14	3969.35	3852.31	3868.25	52594	0	140
2025.10.16	20:00:00	3868.43	3898.69	3825.72	3894.36	20326	0	140
2025.10.17	00:00:00	3894.35	3950.76	3888.86	3933.82	15953	0	140
2025.10.17	04:00:00	3934.04	3937.31	3752.47	3756.19	32463	0	140
2025.10.17	08:00:00	3756.45	3817.50	3673.69	3778.17	48516	0	140
2025.10.17	12:00:00	3777.90	3810.66	3713.98	3797.36	46672	0	140
2025.10.17	16:00:00	3797.54	3851.44	3778.87	3828.37	28517	0	140
2025.10.17	20:00:00	3828.68	3884.68	3818.71	3832.47	11715	0	140
2025.10.18	00:00:00	3832.50	3883.23	3819.95	3871.84	11148	0	140
2025.10.18	04:00:00	3871.80	3928.54	3842.01	3893.74	12946	0	140
2025.10.18	08:00:00	3893.77	3906.31	3862.97	3883.04	10487	0	140
2025.10.18	12:00:00	3883.14	3895.27	3849.50	3878.70	10622	0	140
2025.10.18	16:00:00	3878.62	3900.25	3854.14	3894.05	8709	0	140
2025.10.18	20:00:00	3894.05	3910.06	3870.29	3889.60	7283	0	140
2025.10.19	00:00:00	3889.57	3907.63	3856.26	3906.34	8185	0	140
2025.10.19	04:00:00	3906.34	3921.89	3874.30	3888.48	8411	0	140
2025.10.19	08:00:00	3888.48	3959.89	3820.80	3924.22	24689	0	140
2025.10.19	12:00:00	3924.48	4003.32	3908.56	3980.27	16374	0	140
2025.10.19	16:00:00	3980.27	4028.80	3959.71	3987.39	11596	0	140
2025.10.19	20:00:00	3987.41	4032.86	3970.54	3983.64	11189	0	140
2025.10.20	00:00:00	3983.44	4040.61	3909.54	4028.03	20829	0	140
2025.10.20	04:00:00	4028.10	4085.85	4023.34	4055.89	16816	0	140
2025.10.20	08:00:00	4055.82	4072.51	4012.62	4035.93	14001	0	140
2025.10.20	12:00:00	4035.95	4050.89	4003.54	4004.86	18928	0	140
2025.10.20	16:00:00	4004.59	4004.59	3922.09	3981.58	21557	0	140
2025.10.20	20:00:00	3981.34	4003.95	3971.30	3979.83	8797	0	140
2025.10.21	00:00:00	3979.82	3986.89	3920.54	3923.83	11792	0	140
2025.10.21	04:00:00	3924.16	3924.16	3840.65	3893.10	18906	0	140
2025.10.21	08:00:00	3893.08	3898.14	3852.17	3890.38	10329	0	140
2025.10.21	12:00:00	3890.44	4086.23	3852.01	4082.72	35177	0	140
2025.10.21	16:00:00	4082.75	4111.87	3965.91	3997.24	31585	0	140
2025.10.21	20:00:00	3997.34	4003.04	3859.03	3874.73	22623	0	140
2025.10.22	00:00:00	3874.72	3890.88	3821.35	3860.91	15758	0	140
2025.10.22	04:00:00	3860.80	3886.23	3839.11	3869.53	11744	0	140
2025.10.22	08:00:00	3869.54	3870.13	3772.67	3830.27	19002	0	140
2025.10.22	12:00:00	3830.20	3877.80	3779.69	3841.35	35174	0	140
2025.10.22	16:00:00	3840.53	3861.13	3782.71	3803.94	27505	0	140
2025.10.22	20:00:00	3804.23	3817.43	3709.85	3805.62	22086	0	140
2025.10.23	00:00:00	3805.81	3836.82	3796.40	3826.76	9868	0	140
2025.10.23	04:00:00	3826.81	3898.47	3822.46	3881.28	10950	0	140
2025.10.23	08:00:00	3881.28	3906.37	3859.82	3863.66	10832	0	140
2025.10.23	12:00:00	3863.51	3888.56	3808.74	3877.74	25480	0	140
2025.10.23	16:00:00	3877.76	3935.25	3845.41	3860.31	17621	0	140
2025.10.23	20:00:00	3860.38	3861.12	3819.33	3857.64	10018	0	140
2025.10.24	00:00:00	3857.79	3897.11	3846.66	3891.72	9593	0	140
2025.10.24	04:00:00	3891.78	3990.36	3886.43	3950.09	13241	0	140
2025.10.24	08:00:00	3949.97	3969.80	3925.90	3946.78	10063	0	140
2025.10.24	12:00:00	3947.13	4027.54	3871.69	3889.15	30684	0	140
2025.10.24	16:00:00	3889.44	3939.11	3865.97	3926.52	12669	0	140
2025.10.24	20:00:00	3926.83	3945.87	3924.36	3935.38	6861	0	140
2025.10.25	00:00:00	3935.38	3939.60	3912.24	3921.59	5774	0	140
2025.10.25	04:00:00	3921.60	3960.59	3920.22	3929.07	5638	0	140
2025.10.25	08:00:00	3929.11	3956.93	3927.64	3940.81	6106	0	140
2025.10.25	12:00:00	3940.69	3956.72	3924.69	3933.64	6049	0	140
2025.10.25	16:00:00	3933.64	3966.43	3928.24	3956.58	5728	0	140
2025.10.25	20:00:00	3956.56	3964.90	3934.77	3954.28	4569	0	140
2025.10.26	00:00:00	3954.24	3961.72	3917.17	3931.65	6137	0	140
2025.10.26	04:00:00	3931.67	3956.72	3928.80	3951.35	3818	0	140
2025.10.26	08:00:00	3951.45	4055.21	3950.63	4044.47	12768	0	140
2025.10.26	12:00:00	4043.96	4099.32	4040.48	4074.15	15296	0	140
2025.10.26	16:00:00	4073.92	4081.34	4045.11	4067.98	6719	0	140
2025.10.26	20:00:00	4067.83	4179.13	4054.33	4158.04	17935	0	140
2025.10.27	00:00:00	4158.20	4226.41	4148.37	4204.99	15636	0	140
2025.10.27	04:00:00	4205.00	4253.18	4194.19	4201.14	12803	0	140
2025.10.27	08:00:00	4200.88	4201.49	4131.53	4161.63	14484	0	140
2025.10.27	12:00:00	4161.63	4187.65	4123.40	4173.06	21596	0	140
2025.10.27	16:00:00	4172.94	4233.93	4172.94	4194.02	14705	0	140
2025.10.27	20:00:00	4193.85	4195.67	4094.28	4119.68	14492	0	140
2025.10.28	00:00:00	4119.67	4141.67	4068.70	4093.71	12285	0	140
2025.10.28	04:00:00	4093.71	4127.19	4065.77	4116.76	10671	0	140
2025.10.28	08:00:00	4116.78	4135.91	4103.28	4111.47	8334	0	140
2025.10.28	12:00:00	4111.42	4175.61	4070.22	4096.65	24081	0	140
2025.10.28	16:00:00	4096.78	4151.37	4026.00	4039.54	20018	0	140
2025.10.28	20:00:00	4039.24	4042.07	3929.37	3979.42	22738	0	140
2025.10.29	00:00:00	3979.13	4007.65	3964.20	3998.05	11003	0	140
2025.10.29	04:00:00	3998.05	4037.01	3995.92	4024.94	8258	0	140
2025.10.29	08:00:00	4024.96	4027.25	3984.50	4011.64	9564	0	140
2025.10.29	12:00:00	4011.53	4030.24	3940.32	3951.14	19362	0	140
2025.10.29	16:00:00	3951.34	4018.84	3838.16	3904.86	49314	0	140
2025.10.29	20:00:00	3905.15	3964.68	3872.88	3903.02	15185	0	140
2025.10.30	00:00:00	3903.03	3948.77	3884.96	3934.71	13027	0	140
2025.10.30	04:00:00	3934.42	3945.01	3839.79	3939.59	26281	0	140
2025.10.30	08:00:00	3939.60	3939.78	3876.14	3880.83	12674	0	140
2025.10.30	12:00:00	3880.83	3884.42	3757.06	3773.07	35542	0	140
2025.10.30	16:00:00	3773.01	3801.91	3677.32	3686.00	24549	0	140
2025.10.30	20:00:00	3685.27	3806.33	3677.81	3803.47	15900	0	140
2025.10.31	00:00:00	3803.66	3860.44	3795.03	3828.30	13905	0	140
2025.10.31	04:00:00	3828.32	3872.50	3819.24	3829.60	11485	0	140
2025.10.31	08:00:00	3829.60	3881.32	3816.46	3872.18	10750	0	140
2025.10.31	12:00:00	3872.02	3886.18	3829.32	3858.89	23159	0	140
2025.10.31	16:00:00	3858.78	3903.80	3802.10	3883.39	21763	0	140
2025.10.31	20:00:00	3883.12	3890.91	3838.09	3846.17	8600	0	140
2025.11.01	00:00:00	3846.15	3862.38	3828.13	3858.98	6796	0	140
2025.11.01	04:00:00	3858.98	3867.00	3850.04	3858.59	5536	0	140
2025.11.01	08:00:00	3858.58	3880.92	3857.94	3875.39	5374	0	140
2025.11.01	12:00:00	3875.40	3900.22	3855.11	3892.25	7525	0	140
2025.11.01	16:00:00	3892.40	3907.09	3860.54	3877.76	7105	0	140
2025.11.01	20:00:00	3877.76	3889.81	3861.72	3871.63	5160	0	140
2025.11.02	00:00:00	3871.63	3885.53	3859.61	3879.25	5037	0	140
2025.11.02	04:00:00	3879.07	3916.64	3874.43	3904.89	6931	0	140
2025.11.02	08:00:00	3904.84	3909.71	3851.68	3888.75	8377	0	140
2025.11.02	12:00:00	3889.18	3893.12	3837.61	3851.76	11021	0	140
2025.11.02	16:00:00	3851.76	3866.16	3838.90	3854.96	7235	0	140
2025.11.02	20:00:00	3854.94	3915.16	3843.02	3905.11	7530	0	140
2025.11.03	00:00:00	3905.10	3913.77	3727.41	3736.11	22452	0	140
2025.11.03	04:00:00	3736.10	3765.19	3682.67	3713.50	19444	0	140
2025.11.03	08:00:00	3713.38	3740.15	3653.97	3710.86	16848	0	140
2025.11.03	12:00:00	3710.89	3747.68	3580.50	3588.15	29681	0	140
2025.11.03	16:00:00	3588.21	3681.73	3562.81	3630.25	27416	0	140
2025.11.03	20:00:00	3630.12	3635.35	3556.15	3602.42	21921	0	140
2025.11.04	00:00:00	3602.34	3653.97	3565.61	3640.57	17786	0	140
2025.11.04	04:00:00	3640.57	3646.68	3470.83	3492.27	32919	0	140
2025.11.04	08:00:00	3492.31	3532.13	3459.08	3527.22	21276	0	140
2025.11.04	12:00:00	3527.27	3585.72	3471.19	3505.52	33032	0	140
2025.11.04	16:00:00	3505.56	3518.93	3223.56	3228.80	60219	0	140
2025.11.04	20:00:00	3229.01	3304.24	3054.87	3285.33	67140	0	140
2025.11.05	00:00:00	3285.46	3348.34	3165.59	3334.17	44770	0	140
2025.11.05	04:00:00	3334.25	3353.82	3302.73	3330.05	17599	0	140
2025.11.05	08:00:00	3330.06	3330.06	3273.83	3322.04	21732	0	140
2025.11.05	12:00:00	3322.76	3398.52	3312.05	3396.89	29786	0	140
2025.11.05	16:00:00	3396.91	3479.77	3369.05	3454.10	20967	0	140
2025.11.05	20:00:00	3454.05	3480.16	3414.11	3424.07	14098	0	140
2025.11.06	00:00:00	3423.93	3449.89	3374.31	3432.20	15105	0	140
2025.11.06	04:00:00	3432.22	3455.76	3362.19	3379.72	14906	0	140
2025.11.06	08:00:00	3379.52	3413.65	3365.58	3398.43	14159	0	140
2025.11.06	12:00:00	3398.36	3404.42	3276.43	3299.26	34127	0	140
2025.11.06	16:00:00	3299.38	3351.16	3243.39	3324.17	32831	0	140
2025.11.06	20:00:00	3324.22	3335.36	3285.37	3313.07	17352	0	140
2025.11.07	00:00:00	3313.23	3363.49	3272.84	3342.97	25032	0	140
2025.11.07	04:00:00	3342.96	3368.38	3317.28	3355.85	13235	0	140
2025.11.07	08:00:00	3355.79	3358.68	3223.03	3257.32	20367	0	140
2025.11.07	12:00:00	3257.51	3315.49	3191.19	3294.58	42985	0	140
2025.11.07	16:00:00	3294.61	3448.03	3271.24	3441.28	33693	0	140
2025.11.07	20:00:00	3441.22	3472.20	3427.87	3433.63	15288	0	140
2025.11.08	00:00:00	3433.58	3464.88	3404.54	3451.66	15457	0	140
2025.11.08	04:00:00	3451.84	3488.44	3416.69	3445.60	14159	0	140
2025.11.08	08:00:00	3445.43	3467.67	3404.22	3410.92	11507	0	140
2025.11.08	12:00:00	3411.21	3416.22	3368.21	3375.96	16879	0	140
2025.11.08	16:00:00	3375.97	3406.49	3354.16	3387.52	13394	0	140
2025.11.08	20:00:00	3387.34	3414.68	3378.43	3400.42	7143	0	140
2025.11.09	00:00:00	3400.60	3402.75	3356.59	3374.35	10371	0	140
2025.11.09	04:00:00	3374.51	3425.89	3368.68	3421.09	9165	0	140
2025.11.09	08:00:00	3421.09	3434.35	3381.07	3427.09	10860	0	140
2025.11.09	12:00:00	3427.16	3562.96	3423.35	3514.50	21618	0	140
2025.11.09	16:00:00	3514.53	3579.86	3500.24	3579.09	13589	0	140
2025.11.09	20:00:00	3579.48	3622.65	3560.55	3581.76	16597	0	140
2025.11.10	00:00:00	3581.67	3658.57	3550.78	3626.62	23344	0	140
2025.11.10	04:00:00	3626.73	3631.36	3588.01	3607.95	12359	0	140
2025.11.10	08:00:00	3608.21	3629.92	3585.43	3609.28	11284	0	140
2025.11.10	12:00:00	3609.25	3620.82	3506.55	3518.69	24330	0	140
2025.11.10	16:00:00	3517.82	3574.86	3505.49	3557.33	16991	0	140
2025.11.10	20:00:00	3557.37	3582.92	3527.65	3566.00	13685	0	140
2025.11.11	00:00:00	3566.04	3646.92	3551.05	3604.44	23828	0	140
2025.11.11	04:00:00	3604.37	3608.80	3529.16	3542.64	16528	0	140
2025.11.11	08:00:00	3542.86	3586.19	3541.17	3573.08	13023	0	140
2025.11.11	12:00:00	3573.20	3593.01	3466.94	3480.16	26860	0	140
2025.11.11	16:00:00	3480.38	3499.98	3444.53	3455.75	20077	0	140
2025.11.11	20:00:00	3455.75	3460.17	3403.14	3415.98	18654	0	140
2025.11.12	00:00:00	3416.21	3454.62	3407.89	3437.25	17657	0	140
2025.11.12	04:00:00	3437.23	3456.64	3423.04	3427.68	9082	0	140
2025.11.12	08:00:00	3427.69	3569.16	3427.17	3548.81	16600	0	140
2025.11.12	12:00:00	3548.62	3587.43	3417.28	3426.97	29210	0	140
2025.11.12	16:00:00	3426.94	3454.45	3370.69	3406.88	33709	0	140
2025.11.12	20:00:00	3406.68	3439.08	3390.09	3413.88	14897	0	140
2025.11.13	00:00:00	3413.88	3472.69	3375.88	3451.38	23842	0	140
2025.11.13	04:00:00	3451.48	3564.95	3432.29	3536.72	21889	0	140
2025.11.13	08:00:00	3536.62	3548.78	3476.05	3499.58	15171	0	140
2025.11.13	12:00:00	3499.59	3510.07	3364.82	3385.24	36755	0	140
2025.11.13	16:00:00	3385.03	3397.03	3173.26	3195.42	49370	0	140
2025.11.13	20:00:00	3195.35	3270.07	3150.89	3228.85	32910	0	140
2025.11.14	00:00:00	3228.86	3249.68	3183.43	3225.97	30173	0	140
2025.11.14	04:00:00	3226.12	3238.82	3104.89	3213.50	44670	0	140
2025.11.14	08:00:00	3213.46	3217.24	3114.57	3142.47	29757	0	140
2025.11.14	12:00:00	3142.42	3231.50	3067.12	3194.21	65752	0	140
2025.11.14	16:00:00	3194.58	3254.73	3152.05	3205.09	36962	0	140
2025.11.14	20:00:00	3205.09	3210.82	3086.75	3109.78	30368	0	140
2025.11.15	00:00:00	3109.67	3191.27	3107.66	3176.73	20021	0	140
2025.11.15	04:00:00	3176.85	3189.60	3156.32	3174.11	9942	0	140
2025.11.15	08:00:00	3174.13	3175.74	3131.53	3149.94	12301	0	140
2025.11.15	12:00:00	3149.35	3195.40	3144.51	3183.66	11905	0	140
2025.11.15	16:00:00	3183.69	3228.47	3160.89	3195.14	12012	0	140
2025.11.15	20:00:00	3195.40	3197.98	3149.60	3165.64	10386	0	140
2025.11.16	00:00:00	3165.64	3207.69	3128.77	3200.14	16147	0	140
2025.11.16	04:00:00	3199.68	3218.05	3183.72	3216.40	9148	0	140
2025.11.16	08:00:00	3216.40	3246.91	3157.30	3166.45	14933	0	140
2025.11.16	12:00:00	3166.44	3180.52	3095.57	3102.88	17325	0	140
2025.11.16	16:00:00	3103.06	3125.49	3024.55	3088.47	39002	0	140
2025.11.16	20:00:00	3088.59	3114.94	2999.73	3092.21	32001	0	140
2025.11.17	00:00:00	3091.92	3177.48	3066.17	3173.77	24440	0	140
2025.11.17	04:00:00	3173.83	3207.89	3163.24	3196.05	13968	0	140
2025.11.17	08:00:00	3195.77	3220.13	3176.20	3201.54	12388	0	140
2025.11.17	12:00:00	3201.34	3208.18	3091.66	3117.42	46901	0	140
2025.11.17	16:00:00	3117.58	3140.38	2967.78	2978.02	48620	0	140
2025.11.17	20:00:00	2977.75	3028.19	2955.32	3027.72	28048	0	140
2025.11.18	00:00:00	3027.60	3045.74	2941.10	3020.06	38954	0	140
2025.11.18	04:00:00	3020.11	3030.42	2953.79	3019.91	30035	0	140
2025.11.18	08:00:00	3020.11	3070.55	3020.11	3053.41	20265	0	140
2025.11.18	12:00:00	3053.43	3120.83	3017.75	3103.77	42586	0	140
2025.11.18	16:00:00	3103.59	3168.46	3095.91	3143.35	26236	0	140
2025.11.18	20:00:00	3143.42	3148.66	3094.61	3121.36	12551	0	140
2025.11.19	00:00:00	3121.34	3123.46	3066.57	3070.55	18034	0	140
2025.11.19	04:00:00	3070.37	3085.42	2988.43	3082.77	20849	0	140
2025.11.19	08:00:00	3082.63	3109.88	3051.29	3080.81	14656	0	140
2025.11.19	12:00:00	3080.91	3105.90	2964.60	2970.38	35676	0	140
2025.11.19	16:00:00	2970.15	2984.47	2869.76	2878.15	40366	0	140
2025.11.19	20:00:00	2878.21	3024.89	2870.34	3022.47	27308	0	140
2025.11.20	00:00:00	3022.72	3054.95	3001.46	3036.00	15905	0	140
2025.11.20	04:00:00	3035.92	3060.93	3003.61	3035.98	12778	0	140
2025.11.20	08:00:00	3036.05	3041.45	2990.41	3019.99	12085	0	140
2025.11.20	12:00:00	3020.12	3046.00	2948.48	2952.21	37882	0	140
2025.11.20	16:00:00	2952.38	2957.63	2785.80	2843.58	57780	0	140
2025.11.20	20:00:00	2843.39	2901.83	2815.16	2830.10	23641	0	140
2025.11.21	00:00:00	2830.02	2882.51	2766.51	2804.88	30718	0	140
2025.11.21	04:00:00	2804.87	2829.40	2643.53	2715.79	38478	0	140
2025.11.21	08:00:00	2715.85	2750.12	2658.75	2684.65	39265	0	140
2025.11.21	12:00:00	2685.08	2777.69	2617.19	2702.19	61998	0	140
2025.11.21	16:00:00	2702.07	2804.28	2671.39	2749.28	48086	0	140
2025.11.21	20:00:00	2749.02	2773.70	2705.77	2763.33	25981	0	140
2025.11.22	00:00:00	2763.51	2782.44	2736.36	2749.88	15619	0	140
2025.11.22	04:00:00	2749.88	2769.08	2723.98	2754.00	16393	0	140
2025.11.22	08:00:00	2754.14	2754.22	2701.61	2732.99	11885	0	140
2025.11.22	12:00:00	2732.98	2752.78	2708.69	2736.53	15630	0	140
2025.11.22	16:00:00	2736.66	2757.13	2732.82	2748.21	10193	0	140
2025.11.22	20:00:00	2748.21	2796.84	2731.45	2768.21	11042	0	140
2025.11.23	00:00:00	2768.21	2832.34	2766.22	2822.34	16326	0	140
2025.11.23	04:00:00	2822.38	2850.22	2774.68	2791.96	12119	0	140
2025.11.23	08:00:00	2791.70	2821.90	2791.69	2813.51	10196	0	140
2025.11.23	12:00:00	2813.56	2856.43	2808.24	2834.33	15443	0	140
2025.11.23	16:00:00	2834.21	2845.11	2784.62	2821.34	14595	0	140
2025.11.23	20:00:00	2821.34	2843.49	2792.97	2800.73	13452	0	140
2025.11.24	00:00:00	2800.71	2865.34	2760.82	2854.58	23969	0	140
2025.11.24	04:00:00	2854.74	2883.96	2800.39	2828.41	19367	0	140
2025.11.24	08:00:00	2828.41	2840.72	2786.00	2801.16	15256	0	140
2025.11.24	12:00:00	2800.87	2858.29	2783.03	2844.65	26564	0	140
2025.11.24	16:00:00	2844.52	2978.48	2840.64	2957.48	23581	0	140
2025.11.24	20:00:00	2957.64	2987.05	2947.25	2952.22	13732	0	140
2025.11.25	00:00:00	2952.10	2952.17	2902.88	2910.61	13927	0	140
2025.11.25	04:00:00	2910.57	2941.65	2900.63	2901.71	10083	0	140
2025.11.25	08:00:00	2901.74	2908.06	2863.78	2889.84	12224	0	140
2025.11.25	12:00:00	2889.97	2933.10	2854.91	2893.67	27807	0	140
2025.11.25	16:00:00	2893.68	2956.71	2869.99	2920.80	20465	0	140
2025.11.25	20:00:00	2920.77	2978.54	2905.25	2957.73	15675	0	140
2025.11.26	00:00:00	2957.72	2982.66	2919.63	2925.36	12477	0	140
2025.11.26	04:00:00	2925.37	2953.05	2918.84	2942.88	9806	0	140
2025.11.26	08:00:00	2942.85	2947.47	2900.81	2913.15	9730	0	140
2025.11.26	12:00:00	2912.95	2946.05	2886.66	2926.22	20623	0	140
2025.11.26	16:00:00	2926.35	3044.33	2924.65	3031.47	22524	0	140
2025.11.26	20:00:00	3031.47	3035.39	3007.04	3026.05	11271	0	140
2025.11.27	00:00:00	3026.03	3070.65	3004.77	3033.21	14149	0	140
2025.11.27	04:00:00	3033.21	3053.49	3016.28	3032.85	8581	0	140
2025.11.27	08:00:00	3032.84	3044.83	3016.82	3027.37	7443	0	140
2025.11.27	12:00:00	3026.94	3029.66	2984.81	3010.38	12182	0	140
2025.11.27	16:00:00	3010.22	3038.36	3003.67	3030.96	10471	0	140
2025.11.27	20:00:00	3031.02	3043.98	3002.85	3014.43	8370	0	140
2025.11.28	00:00:00	3014.32	3023.57	2992.60	3007.78	9749	0	140
2025.11.28	04:00:00	3007.78	3028.14	2998.90	3000.81	8043	0	140
2025.11.28	08:00:00	3000.76	3077.90	3000.39	3033.38	13899	0	140
2025.11.28	12:00:00	3033.27	3098.81	3024.81	3074.31	19364	0	140
2025.11.28	16:00:00	3074.23	3075.05	3011.10	3049.93	17082	0	140
2025.11.28	20:00:00	3049.93	3060.29	3020.27	3031.58	7880	0	140
2025.11.29	00:00:00	3031.57	3053.41	3017.61	3022.65	7188	0	140
2025.11.29	04:00:00	3022.73	3045.46	2991.27	3005.38	7514	0	140
2025.11.29	08:00:00	3005.38	3011.48	2986.41	3000.80	7338	0	140
2025.11.29	12:00:00	3000.79	3014.73	2986.97	3007.55	7029	0	140
2025.11.29	16:00:00	3007.71	3011.90	2962.60	2989.04	9694	0	140
2025.11.29	20:00:00	2988.82	2999.08	2982.21	2989.70	6353	0	140
2025.11.30	00:00:00	2989.69	3012.85	2975.62	3001.77	6895	0	140
2025.11.30	04:00:00	3001.79	3008.97	2985.60	3004.79	5935	0	140
2025.11.30	08:00:00	3004.85	3018.98	2999.17	3003.31	7654	0	140
2025.11.30	12:00:00	3003.39	3053.15	2999.87	3028.71	10642	0	140
2025.11.30	16:00:00	3028.55	3049.30	3028.10	3034.03	7011	0	140
2025.11.30	20:00:00	3034.03	3040.55	2989.29	2991.50	8157	0	140
2025.12.01	00:00:00	2991.33	2999.69	2813.08	2825.56	37864	0	140
2025.12.01	04:00:00	2825.36	2843.73	2806.19	2839.46	12604	0	140
2025.12.01	08:00:00	2839.25	2853.07	2827.68	2836.99	8497	0	140
2025.12.01	12:00:00	2837.07	2839.08	2718.33	2745.10	30726	0	140
2025.12.01	16:00:00	2745.54	2757.42	2718.42	2740.11	19988	0	140
2025.12.01	20:00:00	2739.93	2819.13	2739.31	2797.78	15452	0	140
2025.12.02	00:00:00	2797.83	2824.80	2783.26	2803.98	15188	0	140
2025.12.02	04:00:00	2803.97	2815.58	2796.41	2805.39	8385	0	140
2025.12.02	08:00:00	2805.33	2834.08	2781.02	2825.52	10621	0	140
2025.12.02	12:00:00	2825.42	3025.24	2815.82	3005.88	31782	0	140
2025.12.02	16:00:00	3006.11	3034.23	2986.50	3016.16	22330	0	140
2025.12.02	20:00:00	3016.15	3021.76	2971.63	2996.19	13533	0	140
2025.12.03	00:00:00	2996.27	3048.50	2985.27	3030.36	14688	0	140
2025.12.03	04:00:00	3030.64	3085.84	3029.31	3057.77	14747	0	140
2025.12.03	08:00:00	3057.83	3080.82	3044.48	3072.93	10655	0	140
2025.12.03	12:00:00	3072.81	3145.85	3031.88	3086.44	33708	0	140
2025.12.03	16:00:00	3086.35	3143.30	3064.38	3128.24	19050	0	140
2025.12.03	20:00:00	3128.52	3216.51	3117.26	3188.50	18494	0	140
2025.12.04	00:00:00	3188.53	3240.40	3174.61	3210.29	16639	0	140
2025.12.04	04:00:00	3210.50	3219.62	3171.18	3190.40	10461	0	140
2025.12.04	08:00:00	3190.41	3208.98	3174.94	3186.58	10119	0	140
2025.12.04	12:00:00	3186.59	3226.69	3140.16	3208.26	23013	0	140
2025.12.04	16:00:00	3208.12	3226.05	3066.63	3119.37	25555	0	140
2025.12.04	20:00:00	3119.14	3152.70	3105.50	3133.21	13979	0	140
2025.12.05	00:00:00	3133.21	3193.49	3132.67	3170.86	11146	0	140
2025.12.05	04:00:00	3170.88	3182.91	3151.52	3174.23	9252	0	140
2025.12.05	08:00:00	3174.33	3174.33	3108.28	3132.11	14542	0	140
2025.12.05	12:00:00	3132.53	3158.18	3082.44	3106.66	26551	0	140
2025.12.05	16:00:00	3106.46	3108.52	2980.17	3038.29	34749	0	140
2025.12.05	20:00:00	3038.11	3049.61	3006.34	3022.11	11317	0	140
2025.12.06	00:00:00	3022.39	3046.04	3012.57	3040.12	8421	0	140
2025.12.06	04:00:00	3040.12	3042.44	3024.69	3026.39	5489	0	140
2025.12.06	08:00:00	3026.52	3041.83	3013.03	3038.68	8011	0	140
2025.12.06	12:00:00	3038.69	3069.46	3026.42	3041.87	9861	0	140
2025.12.06	16:00:00	3041.82	3066.57	3025.12	3030.64	8181	0	140
2025.12.06	20:00:00	3030.72	3055.20	3026.93	3038.10	7486	0	140
2025.12.07	00:00:00	3038.11	3057.56	3032.58	3054.36	6510	0	140
2025.12.07	04:00:00	3054.37	3058.43	3030.79	3037.25	5324	0	140
2025.12.07	08:00:00	3037.06	3043.82	3024.52	3035.83	6316	0	140
2025.12.07	12:00:00	3035.84	3053.60	2906.38	3026.50	24509	0	140
2025.12.07	16:00:00	3026.84	3150.89	2999.23	3137.78	22910	0	140
2025.12.07	20:00:00	3137.87	3146.70	3012.89	3059.54	19508	0	140
2025.12.08	00:00:00	3059.57	3134.57	3040.05	3110.70	16883	0	140
2025.12.08	04:00:00	3110.76	3140.76	3108.05	3133.62	11457	0	140
2025.12.08	08:00:00	3133.49	3179.96	3124.80	3141.57	12573	0	140
2025.12.08	12:00:00	3141.66	3178.74	3088.50	3100.97	28193	0	140
2025.12.08	16:00:00	3101.43	3133.58	3073.02	3118.84	22968	0	140
2025.12.08	20:00:00	3118.95	3153.53	3112.81	3124.43	12140	0	140
2025.12.09	00:00:00	3124.56	3143.25	3090.28	3128.66	12590	0	140
2025.12.09	04:00:00	3129.66	3131.24	3094.92	3122.18	10097	0	140
2025.12.09	08:00:00	3122.32	3130.57	3092.29	3118.15	9227	0	140
2025.12.09	12:00:00	3118.12	3256.63	3097.85	3245.97	28965	0	140
2025.12.09	16:00:00	3245.63	3397.71	3245.54	3357.56	33080	0	140
2025.12.09	20:00:00	3357.52	3360.99	3284.13	3318.21	19324	0	140
2025.12.10	00:00:00	3318.10	3328.25	3288.11	3309.20	11317	0	140
2025.12.10	04:00:00	3309.14	3334.78	3306.44	3327.07	7808	0	140
2025.12.10	08:00:00	3327.11	3376.26	3296.82	3318.27	13756	0	140
2025.12.10	12:00:00	3318.27	3339.07	3303.48	3327.68	18864	0	140
2025.12.10	16:00:00	3327.68	3435.90	3320.52	3390.32	42307	0	140
2025.12.10	20:00:00	3390.37	3447.43	3318.55	3324.50	31087	0	140
2025.12.11	00:00:00	3324.56	3327.92	3167.76	3191.58	27635	0	140
2025.12.11	04:00:00	3191.44	3216.17	3180.97	3201.50	11614	0	140
2025.12.11	08:00:00	3201.54	3213.72	3177.75	3192.92	9797	0	140
2025.12.11	12:00:00	3192.84	3210.67	3144.54	3179.44	23301	0	140
2025.12.11	16:00:00	3179.39	3234.83	3154.79	3194.63	23464	0	140
2025.12.11	20:00:00	3194.63	3273.58	3192.72	3237.62	20491	0	140
2025.12.12	00:00:00	3237.62	3266.69	3184.67	3245.64	15348	0	140
2025.12.12	04:00:00	3245.48	3265.23	3232.56	3246.32	9006	0	140
2025.12.12	08:00:00	3246.26	3256.18	3226.52	3242.75	9391	0	140
2025.12.12	12:00:00	3242.57	3251.96	3053.43	3070.72	27384	0	140
2025.12.12	16:00:00	3071.06	3099.95	3042.47	3072.98	30887	0	140
2025.12.12	20:00:00	3072.95	3096.76	3066.87	3084.45	9656	0	140
2025.12.13	00:00:00	3084.62	3095.25	3078.10	3090.05	5385	0	140
2025.12.13	04:00:00	3090.07	3095.64	3084.08	3094.74	3926	0	140
2025.12.13	08:00:00	3094.87	3135.81	3092.07	3119.06	8270	0	140
2025.12.13	12:00:00	3119.06	3127.10	3094.34	3109.21	8304	0	140
2025.12.13	16:00:00	3109.21	3116.60	3095.30	3109.12	5959	0	140
2025.12.13	20:00:00	3109.12	3120.39	3079.84	3114.23	6400	0	140
2025.12.14	00:00:00	3114.04	3130.11	3102.86	3118.65	5781	0	140
2025.12.14	04:00:00	3118.75	3122.39	3104.35	3114.94	4971	0	140
2025.12.14	08:00:00	3114.95	3120.38	3049.68	3084.91	10303	0	140
2025.12.14	12:00:00	3085.02	3108.52	3069.90	3084.58	14603	0	140
2025.12.14	16:00:00	3084.60	3108.05	3073.70	3093.20	11946	0	140
2025.12.14	20:00:00	3093.20	3097.48	3024.15	3063.47	15373	0	140
2025.12.15	00:00:00	3063.03	3151.35	3055.32	3107.78	18867	0	140
2025.12.15	04:00:00	3107.85	3144.63	3102.92	3128.46	8729	0	140
2025.12.15	08:00:00	3128.43	3177.69	3124.76	3156.42	10744	0	140
2025.12.15	12:00:00	3156.42	3159.01	2985.46	3009.88	34642	0	140
2025.12.15	16:00:00	3010.06	3017.35	2893.37	2939.32	34129	0	140
2025.12.15	20:00:00	2939.12	2968.98	2915.65	2963.53	15374	0	140
2025.12.16	00:00:00	2963.64	2977.44	2921.38	2935.92	15379	0	140
2025.12.16	04:00:00	2935.93	2950.33	2874.57	2923.55	14564	0	140
2025.12.16	08:00:00	2923.41	2962.93	2918.92	2957.26	12567	0	140
2025.12.16	12:00:00	2957.21	2982.18	2885.98	2962.40	36096	0	140
2025.12.16	16:00:00	2962.39	2966.92	2910.09	2944.26	22100	0	140
2025.12.16	20:00:00	2943.84	2965.07	2936.75	2961.44	11298	0	140
2025.12.17	00:00:00	2961.46	2973.52	2936.73	2946.58	10855	0	140
2025.12.17	04:00:00	2946.62	2953.34	2912.85	2946.36	10884	0	140
2025.12.17	08:00:00	2946.49	2946.49	2905.60	2927.46	9548	0	140
2025.12.17	12:00:00	2927.55	3029.15	2884.12	2903.58	37653	0	140
2025.12.17	16:00:00	2903.44	2923.86	2789.11	2818.57	37490	0	140
2025.12.17	20:00:00	2818.60	2836.34	2804.09	2832.13	11924	0	140
2025.12.18	00:00:00	2832.14	2846.52	2819.71	2830.35	10899	0	140
2025.12.18	04:00:00	2830.35	2840.17	2820.90	2834.59	7345	0	140
2025.12.18	08:00:00	2834.66	2862.62	2829.56	2856.70	8822	0	140
2025.12.18	12:00:00	2856.64	2996.28	2852.01	2963.28	41583	0	140
2025.12.18	16:00:00	2963.22	2965.59	2773.11	2779.96	42592	0	140
2025.12.18	20:00:00	2779.83	2837.04	2777.21	2826.27	18201	0	140
2025.12.19	00:00:00	2826.27	2933.31	2806.12	2906.58	22231	0	140
2025.12.19	04:00:00	2906.51	2982.68	2905.02	2949.62	17420	0	140
2025.12.19	08:00:00	2949.54	2969.39	2935.33	2962.81	12062	0	140
2025.12.19	12:00:00	2963.15	3016.98	2940.89	2962.95	29758	0	140
2025.12.19	16:00:00	2962.88	3005.82	2933.66	2982.76	23394	0	140
2025.12.19	20:00:00	2982.75	3000.88	2972.38	2977.44	9542	0	140
2025.12.20	00:00:00	2977.44	2992.08	2968.61	2987.34	5910	0	140
2025.12.20	04:00:00	2987.33	2989.04	2972.18	2979.66	4769	0	140
2025.12.20	08:00:00	2979.70	2988.42	2972.76	2985.34	4625	0	140
2025.12.20	12:00:00	2985.34	2992.45	2964.77	2975.11	6200	0	140
2025.12.20	16:00:00	2975.19	2979.75	2972.14	2976.43	3219	0	140
2025.12.20	20:00:00	2976.37	2984.62	2970.91	2975.99	3182	0	140
2025.12.21	00:00:00	2975.99	2979.45	2959.81	2971.23	5228	0	140
2025.12.21	04:00:00	2971.17	2981.37	2970.01	2979.50	3463	0	140
2025.12.21	08:00:00	2979.63	3011.71	2976.15	2995.46	8146	0	140
2025.12.21	12:00:00	2995.49	3004.15	2943.13	2972.73	14660	0	140
2025.12.21	16:00:00	2972.73	2996.52	2965.71	2989.67	7447	0	140
2025.12.21	20:00:00	2989.67	3011.40	2969.60	3000.62	7318	0	140
2025.12.22	00:00:00	3000.62	3059.98	2969.72	3020.34	21889	0	140
2025.12.22	04:00:00	3020.34	3041.14	3018.15	3028.20	8849	0	140
2025.12.22	08:00:00	3028.20	3057.04	3022.88	3047.79	11353	0	140
2025.12.22	12:00:00	3047.87	3076.45	3020.41	3051.17	24550	0	140
2025.12.22	16:00:00	3051.15	3058.00	2971.91	2978.73	17213	0	140
2025.12.22	20:00:00	2978.73	3013.85	2961.35	3007.56	11976	0	140
2025.12.23	00:00:00	3007.56	3034.04	2968.96	2989.67	11474	0	140
2025.12.23	04:00:00	2989.43	2997.99	2943.79	2962.72	11123	0	140
2025.12.23	08:00:00	2962.62	2973.48	2950.13	2971.59	6726	0	140
2025.12.23	12:00:00	2971.62	2972.64	2899.12	2926.39	20135	0	140
2025.12.23	16:00:00	2926.30	2964.43	2906.98	2941.55	16256	0	140
2025.12.23	20:00:00	2941.55	2986.55	2938.01	2962.38	11453	0	140
2025.12.24	00:00:00	2962.53	2975.76	2917.95	2943.30	10517	0	140
2025.12.24	04:00:00	2943.31	2956.88	2914.91	2929.53	8358	0	140
2025.12.24	08:00:00	2929.68	2937.31	2911.74	2922.94	7351	0	140
2025.12.24	12:00:00	2923.14	2936.91	2886.41	2923.05	14912	0	140
2025.12.24	16:00:00	2923.05	2952.48	2918.88	2943.09	10606	0	140
2025.12.24	20:00:00	2943.25	2960.87	2938.67	2945.09	5481	0	140
2025.12.25	00:00:00	2945.07	2954.57	2933.99	2944.87	4805	0	140
2025.12.25	04:00:00	2944.97	2946.08	2935.67	2939.42	3282	0	140
2025.12.25	08:00:00	2939.41	2944.87	2909.17	2922.77	7113	0	140
2025.12.25	12:00:00	2922.76	2969.23	2917.70	2958.74	8513	0	140
2025.12.25	16:00:00	2958.85	2965.60	2940.66	2953.69	6631	0	140
2025.12.25	20:00:00	2953.71	2953.99	2888.39	2901.45	8953	0	140
2025.12.26	00:00:00	2901.24	2992.18	2891.82	2962.01	16406	0	140
2025.12.26	04:00:00	2962.14	2990.44	2948.98	2954.07	8223	0	140
2025.12.26	08:00:00	2954.07	2974.32	2952.19	2962.49	6074	0	140
2025.12.26	12:00:00	2962.48	2983.59	2892.08	2920.31	18296	0	140
2025.12.26	16:00:00	2920.48	2932.70	2904.27	2922.88	9641	0	140
2025.12.26	20:00:00	2923.00	2936.22	2918.63	2925.38	5156	0	140
2025.12.27	00:00:00	2925.40	2931.13	2919.24	2930.80	3430	0	140
2025.12.27	04:00:00	2930.82	2935.48	2925.25	2930.60	2570	0	140
2025.12.27	08:00:00	2930.63	2938.23	2915.09	2928.35	4119	0	140
2025.12.27	12:00:00	2928.36	2931.75	2922.97	2924.95	3362	0	140
2025.12.27	16:00:00	2924.95	2928.47	2914.95	2928.36	3327	0	140
2025.12.27	20:00:00	2928.33	2958.62	2926.09	2946.25	5125	0	140
2025.12.28	00:00:00	2946.15	2949.19	2938.38	2940.92	4219	0	140
2025.12.28	04:00:00	2940.84	2944.61	2927.24	2936.22	3798	0	140
2025.12.28	08:00:00	2936.43	2944.77	2928.75	2941.16	4288	0	140
2025.12.28	12:00:00	2941.18	2958.64	2934.60	2946.95	5047	0	140
2025.12.28	16:00:00	2946.93	2951.83	2922.11	2930.91	5473	0	140
2025.12.28	20:00:00	2930.85	2953.00	2925.74	2947.85	5212	0	140
2025.12.29	00:00:00	2948.02	3045.00	2941.87	3039.74	16531	0	140
2025.12.29	04:00:00	3039.71	3054.26	3002.75	3016.04	10283	0	140
2025.12.29	08:00:00	3016.04	3022.62	2952.98	2955.90	12239	0	140
2025.12.29	12:00:00	2955.85	2962.28	2906.12	2932.01	21336	0	140
2025.12.29	16:00:00	2931.81	2942.80	2909.23	2928.21	9849	0	140
2025.12.29	20:00:00	2928.21	2940.67	2921.36	2934.02	6028	0	140
2025.12.30	00:00:00	2934.06	2952.04	2914.24	2947.45	7607	0	140
2025.12.30	04:00:00	2947.52	2954.86	2932.78	2946.36	6241	0	140
2025.12.30	08:00:00	2946.39	2999.41	2945.75	2974.62	10631	0	140
2025.12.30	12:00:00	2974.65	3005.51	2954.03	2985.56	16704	0	140
2025.12.30	16:00:00	2985.75	2990.99	2941.23	2968.59	12058	0	140
2025.12.30	20:00:00	2968.54	2972.50	2951.02	2969.75	5606	0	140
2025.12.31	00:00:00	2969.82	2981.31	2958.24	2966.66	6721	0	140
2025.12.31	04:00:00	2966.68	2975.54	2964.16	2972.84	4061	0	140
2025.12.31	08:00:00	2972.83	2999.20	2959.21	2997.64	5718	0	140
2025.12.31	12:00:00	2997.51	3024.34	2962.96	2981.17	14211	0	140
2025.12.31	16:00:00	2981.25	2993.07	2954.88	2966.17	10015	0	140
2025.12.31	20:00:00	2965.99	2979.58	2958.03	2966.43	5742	0	140
2026.01.01	00:00:00	2966.51	2984.04	2966.24	2974.42	4571	0	140
2026.01.01	04:00:00	2974.64	2978.62	2967.11	2972.91	3154	0	140
2026.01.01	08:00:00	2972.75	2987.96	2971.94	2984.12	3279	0	140
2026.01.01	12:00:00	2984.13	2990.52	2972.71	2985.21	4929	0	140
2026.01.01	16:00:00	2985.24	3001.55	2976.38	2990.57	5962	0	140
2026.01.01	20:00:00	2990.61	3005.70	2982.81	2999.57	5100	0	140
2026.01.02	00:00:00	2999.56	3031.44	2988.07	3018.64	8147	0	140
2026.01.02	04:00:00	3018.63	3035.62	3004.55	3014.00	6662	0	140
2026.01.02	08:00:00	3014.02	3065.55	3010.92	3044.09	11132	0	140
2026.01.02	12:00:00	3044.08	3107.59	3017.73	3084.15	23401	0	140
2026.01.02	16:00:00	3084.00	3148.76	3076.42	3121.89	24019	0	140
2026.01.02	20:00:00	3121.95	3143.79	3109.26	3123.67	9127	0	140
2026.01.03	00:00:00	3123.66	3134.87	3116.90	3123.35	5424	0	140
2026.01.03	04:00:00	3123.34	3126.27	3074.07	3088.99	7487	0	140
2026.01.03	08:00:00	3088.98	3109.17	3082.07	3096.21	7037	0	140
2026.01.03	12:00:00	3096.15	3113.43	3091.41	3098.95	6081	0	140
2026.01.03	16:00:00	3098.94	3117.20	3095.57	3110.86	4360	0	140
2026.01.03	20:00:00	3110.86	3129.09	3104.70	3124.80	5372	0	140
2026.01.04	00:00:00	3124.75	3165.51	3124.11	3145.21	10776	0	140
2026.01.04	04:00:00	3145.21	3161.39	3131.86	3139.52	7281	0	140
2026.01.04	08:00:00	3139.52	3146.45	3123.23	3137.23	7053	0	140
2026.01.04	12:00:00	3137.23	3145.43	3114.96	3133.26	7126	0	140
2026.01.04	16:00:00	3133.16	3142.14	3116.64	3130.48	7418	0	140
2026.01.04	20:00:00	3130.49	3154.49	3128.85	3142.52	7553	0	140
2026.01.05	00:00:00	3142.53	3219.80	3141.32	3183.77	17973	0	140
2026.01.05	04:00:00	3183.75	3185.96	3133.21	3155.65	8749	0	140
2026.01.05	08:00:00	3155.54	3181.72	3150.69	3178.16	9095	0	140
2026.01.05	12:00:00	3178.17	3204.47	3132.45	3194.56	20366	0	140
2026.01.05	16:00:00	3194.49	3229.66	3157.44	3221.93	17987	0	140
2026.01.05	20:00:00	3221.94	3265.18	3219.18	3224.54	11759	0	140
2026.01.06	00:00:00	3224.74	3246.61	3202.60	3224.58	10407	0	140
2026.01.06	04:00:00	3224.57	3252.40	3209.60	3217.91	8459	0	140
2026.01.06	08:00:00	3217.89	3241.77	3212.50	3236.15	7470	0	140
2026.01.06	12:00:00	3236.19	3308.11	3228.27	3270.92	19932	0	140
2026.01.06	16:00:00	3270.86	3277.96	3181.14	3221.45	20339	0	140
2026.01.06	20:00:00	3221.36	3300.36	3221.10	3294.59	13354	0	140
2026.01.07	00:00:00	3294.67	3294.99	3236.88	3264.09	12130	0	140
2026.01.07	04:00:00	3264.10	3269.43	3244.14	3252.53	7280	0	140
2026.01.07	08:00:00	3252.52	3260.61	3193.24	3217.50	10674	0	140
2026.01.07	12:00:00	3217.32	3226.25	3140.96	3161.50	21760	0	140
2026.01.07	16:00:00	3161.60	3176.55	3120.90	3141.99	15251	0	140
2026.01.07	20:00:00	3142.00	3178.61	3124.13	3164.93	10057	0	140
2026.01.08	00:00:00	3164.93	3181.58	3129.62	3138.77	9900	0	140
2026.01.08	04:00:00	3138.67	3156.93	3085.26	3122.99	12674	0	140
2026.01.08	08:00:00	3122.95	3132.28	3092.24	3116.57	10711	0	140
2026.01.08	12:00:00	3116.57	3116.87	3050.21	3100.07	21537	0	140
2026.01.08	16:00:00	3099.81	3136.30	3085.82	3108.22	14673	0	140
2026.01.08	20:00:00	3108.20	3126.90	3085.02	3103.76	8987	0	140
2026.01.09	00:00:00	3103.76	3145.51	3076.28	3115.84	10288	0	140
2026.01.09	04:00:00	3115.84	3121.61	3105.75	3106.22	5986	0	140
2026.01.09	08:00:00	3106.35	3111.31	3063.26	3086.50	10475	0	140
2026.01.09	12:00:00	3086.50	3139.74	3054.72	3108.68	22082	0	140
2026.01.09	16:00:00	3108.69	3142.07	3064.11	3076.02	17270	0	140
2026.01.09	20:00:00	3075.95	3089.05	3061.07	3084.03	7944	0	140
2026.01.10	00:00:00	3084.03	3089.66	3075.36	3081.70	4477	0	140
2026.01.10	04:00:00	3081.74	3088.51	3073.31	3087.81	3497	0	140
2026.01.10	08:00:00	3087.73	3099.15	3082.33	3092.64	3479	0	140
2026.01.10	12:00:00	3092.63	3099.11	3083.81	3091.19	3771	0	140
2026.01.10	16:00:00	3091.11	3094.24	3085.56	3087.63	2628	0	140
2026.01.10	20:00:00	3087.93	3088.91	3073.43	3081.53	3716	0	140
2026.01.11	00:00:00	3081.55	3092.73	3079.57	3091.90	3694	0	140
2026.01.11	04:00:00	3091.90	3097.57	3084.81	3090.55	2938	0	140
2026.01.11	08:00:00	3090.55	3104.94	3088.06	3100.46	3496	0	140
2026.01.11	12:00:00	3100.69	3126.17	3100.26	3112.91	6534	0	140
2026.01.11	16:00:00	3112.96	3142.90	3110.57	3119.59	6452	0	140
2026.01.11	20:00:00	3119.53	3120.89	3087.48	3118.07	8878	0	140
2026.01.12	00:00:00	3117.97	3166.67	3091.90	3147.75	16156	0	140
2026.01.12	04:00:00	3147.76	3162.54	3128.18	3130.77	7025	0	140
2026.01.12	08:00:00	3130.72	3142.75	3096.92	3111.03	10456	0	140
2026.01.12	12:00:00	3111.03	3129.93	3061.15	3126.36	16733	0	140
2026.01.12	16:00:00	3125.95	3144.11	3081.62	3118.50	14995	0	140
2026.01.12	20:00:00	3118.50	3124.84	3081.46	3091.57	7531	0	140
2026.01.13	00:00:00	3091.57	3115.12	3087.52	3111.84	7170	0	140
2026.01.13	04:00:00	3112.05	3142.29	3107.82	3118.19	7988	0	140
2026.01.13	08:00:00	3118.24	3145.63	3118.23	3130.14	6845	0	140
2026.01.13	12:00:00	3130.15	3186.66	3125.73	3181.58	18008	0	140
2026.01.13	16:00:00	3181.50	3217.13	3168.95	3214.44	15439	0	140
2026.01.13	20:00:00	3214.50	3380.07	3189.48	3323.42	23884	0	140
2026.01.14	00:00:00	3323.42	3357.38	3312.62	3349.51	11394	0	140
2026.01.14	04:00:00	3349.51	3362.40	3320.10	3334.15	7910	0	140
2026.01.14	08:00:00	3334.15	3341.04	3280.65	3284.29	8553	0	140
2026.01.14	12:00:00	3283.88	3361.42	3278.55	3344.92	19991	0	140
2026.01.14	16:00:00	3345.13	3403.91	3314.43	3366.95	22897	0	140
2026.01.14	20:00:00	3366.85	3392.49	3347.42	3354.56	12252	0	140
2026.01.15	00:00:00	3354.55	3355.76	3276.14	3284.95	12192	0	140
2026.01.15	04:00:00	3284.73	3334.15	3282.73	3329.32	8710	0	140
2026.01.15	08:00:00	3329.32	3377.51	3318.88	3348.57	9305	0	140
2026.01.15	12:00:00	3348.55	3383.24	3282.79	3330.34	21681	0	140
2026.01.15	16:00:00	3330.24	3336.61	3270.66	3294.34	18146	0	140
2026.01.15	20:00:00	3294.28	3322.35	3275.07	3317.58	8555	0	140
2026.01.16	00:00:00	3317.64	3325.70	3290.29	3293.88	7280	0	140
2026.01.16	04:00:00	3293.90	3315.81	3273.85	3308.11	7149	0	140
2026.01.16	08:00:00	3308.21	3319.25	3291.72	3300.70	5826	0	140
2026.01.16	12:00:00	3300.59	3317.23	3250.77	3262.65	16316	0	140
2026.01.16	16:00:00	3262.26	3288.37	3257.23	3274.47	10924	0	140
2026.01.16	20:00:00	3274.58	3298.25	3261.92	3294.35	6492	0	140
2026.01.17	00:00:00	3294.73	3295.77	3281.39	3287.63	3833	0	140
2026.01.17	04:00:00	3287.67	3292.42	3284.19	3289.41	2875	0	140
2026.01.17	08:00:00	3289.44	3304.01	3287.65	3301.46	3512	0	140
2026.01.17	12:00:00	3301.46	3328.28	3298.06	3328.03	5349	0	140
2026.01.17	16:00:00	3328.03	3328.24	3309.97	3314.95	4798	0	140
2026.01.17	20:00:00	3314.94	3318.62	3295.24	3308.60	4170	0	140
2026.01.18	00:00:00	3308.42	3317.85	3293.93	3314.06	5113	0	140
2026.01.18	04:00:00	3314.42	3316.18	3304.03	3305.90	3830	0	140
2026.01.18	08:00:00	3305.90	3324.33	3301.69	3320.75	4338	0	140
2026.01.18	12:00:00	3320.89	3346.04	3312.85	3331.76	6640	0	140
2026.01.18	16:00:00	3331.77	3367.64	3327.80	3345.38	6890	0	140
2026.01.18	20:00:00	3345.38	3354.27	3277.08	3282.61	10643	0	140
2026.01.19	00:00:00	3282.61	3283.02	3175.27	3210.09	25726	0	140
2026.01.19	04:00:00	3210.08	3215.84	3185.53	3204.94	7547	0	140
2026.01.19	08:00:00	3204.99	3228.95	3195.37	3221.32	7827	0	140
2026.01.19	12:00:00	3221.29	3233.40	3199.49	3213.86	7998	0	140
2026.01.19	16:00:00	3213.87	3225.28	3205.54	3217.64	5924	0	140
2026.01.19	20:00:00	3217.64	3223.31	3163.31	3186.98	8694	0	140
2026.01.20	00:00:00	3186.90	3198.28	3172.60	3185.98	9855	0	140
2026.01.20	04:00:00	3185.98	3186.71	3105.36	3119.05	14208	0	140
2026.01.20	08:00:00	3119.05	3120.02	3081.14	3106.10	11341	0	140
2026.01.20	12:00:00	3106.19	3111.59	2989.88	3028.68	25006	0	140
2026.01.20	16:00:00	3028.61	3039.69	2975.64	2992.36	17655	0	140
2026.01.20	20:00:00	2992.28	3002.98	2907.09	2936.02	15092	0	140
2026.01.21	00:00:00	2936.17	2981.09	2917.43	2977.39	11136	0	140
2026.01.21	04:00:00	2977.25	2998.86	2962.11	2967.07	6788	0	140
2026.01.21	08:00:00	2967.07	2971.58	2934.66	2940.38	7363	0	140
2026.01.21	12:00:00	2940.38	3023.14	2898.57	2999.55	28161	0	140
2026.01.21	16:00:00	2999.59	3066.82	2862.83	3052.50	38399	0	140
2026.01.21	20:00:00	3052.19	3054.61	2969.30	2979.34	16357	0	140
2026.01.22	00:00:00	2979.10	3035.44	2977.87	3010.47	10576	0	140
2026.01.22	04:00:00	3010.41	3024.91	2996.74	2997.58	7387	0	140
2026.01.22	08:00:00	2997.56	3013.72	2974.75	2983.28	8467	0	140
2026.01.22	12:00:00	2983.28	3007.34	2902.74	2939.32	23992	0	140
2026.01.22	16:00:00	2939.32	2969.85	2920.70	2950.98	17605	0	140
2026.01.22	20:00:00	2950.98	2956.04	2926.98	2948.95	8542	0	140
2026.01.23	00:00:00	2948.94	2968.87	2942.26	2960.75	6519	0	140
2026.01.23	04:00:00	2960.75	2981.20	2930.99	2944.27	9098	0	140
2026.01.23	08:00:00	2944.26	2947.19	2910.13	2936.23	9459	0	140
2026.01.23	12:00:00	2936.23	2961.12	2887.88	2948.76	18733	0	140
2026.01.23	16:00:00	2948.77	3016.12	2934.43	2955.69	22518	0	140
2026.01.23	20:00:00	2955.73	2960.21	2926.32	2952.71	10088	0	140
2026.01.24	00:00:00	2952.70	2965.61	2944.75	2958.17	5067	0	140
2026.01.24	04:00:00	2958.17	2962.11	2949.38	2952.61	3618	0	140
2026.01.24	08:00:00	2952.55	2959.84	2949.74	2956.41	2784	0	140
2026.01.24	12:00:00	2956.40	2963.76	2939.05	2952.35	4469	0	140
2026.01.24	16:00:00	2952.36	2963.90	2946.91	2949.21	3900	0	140
2026.01.24	20:00:00	2949.20	2959.80	2943.71	2948.75	3143	0	140
2026.01.25	00:00:00	2948.66	2955.41	2931.87	2938.35	3657	0	140
2026.01.25	04:00:00	2938.32	2944.45	2929.59	2935.12	3931	0	140
2026.01.25	08:00:00	2935.12	2942.88	2915.67	2932.74	6245	0	140
2026.01.25	12:00:00	2932.72	2940.80	2917.12	2922.63	7009	0	140
2026.01.25	16:00:00	2922.86	2923.36	2793.13	2809.34	27671	0	140
2026.01.25	20:00:00	2809.35	2822.39	2782.85	2813.43	16995	0	140
2026.01.26	00:00:00	2813.43	2895.38	2808.75	2846.92	17020	0	140
2026.01.26	04:00:00	2846.91	2908.26	2845.57	2900.06	10507	0	140
2026.01.26	08:00:00	2900.08	2930.43	2877.40	2888.76	9033	0	140
2026.01.26	12:00:00	2888.89	2948.10	2871.58	2895.86	20961	0	140
2026.01.26	16:00:00	2895.92	2932.81	2882.68	2919.89	15850	0	140
2026.01.26	20:00:00	2919.89	2942.32	2891.50	2926.50	8992	0	140
2026.01.27	00:00:00	2926.58	2945.00	2908.31	2936.90	7484	0	140
2026.01.27	04:00:00	2936.67	2953.61	2920.09	2924.81	5823	0	140
2026.01.27	08:00:00	2924.81	2928.67	2895.33	2912.39	6377	0	140
2026.01.27	12:00:00	2912.17	2940.52	2900.91	2933.17	13697	0	140
2026.01.27	16:00:00	2933.01	2995.13	2914.35	2976.43	23049	0	140
2026.01.27	20:00:00	2976.23	3031.90	2974.48	3021.64	13162	0	140
2026.01.28	00:00:00	3021.63	3025.33	2992.08	3000.51	8000	0	140
2026.01.28	04:00:00	3000.51	3013.82	2987.98	3000.47	6592	0	140
2026.01.28	08:00:00	3000.38	3041.20	2981.85	3035.53	9843	0	140
2026.01.28	12:00:00	3035.48	3041.17	2978.50	3002.96	16141	0	140
2026.01.28	16:00:00	3003.41	3027.53	2984.55	3012.08	17985	0	140
2026.01.28	20:00:00	3012.06	3034.48	2991.58	3005.67	9977	0	140
2026.01.29	00:00:00	3005.69	3008.36	2939.81	2947.69	13764	0	140
2026.01.29	04:00:00	2947.53	2960.75	2932.47	2956.27	6433	0	140
2026.01.29	08:00:00	2956.40	2964.82	2918.51	2924.40	6849	0	140
2026.01.29	12:00:00	2924.43	2934.52	2791.44	2819.01	23531	0	140
2026.01.29	16:00:00	2819.30	2855.66	2749.11	2792.01	27704	0	140
2026.01.29	20:00:00	2792.10	2822.75	2783.37	2817.47	9788	0	140
2026.01.30	00:00:00	2817.46	2823.84	2674.64	2736.61	29043	0	140
2026.01.30	04:00:00	2736.54	2770.29	2691.53	2734.89	13929	0	140
2026.01.30	08:00:00	2734.97	2764.22	2705.09	2754.42	14146	0	140
2026.01.30	12:00:00	2754.62	2761.84	2685.95	2724.84	27598	0	140
2026.01.30	16:00:00	2724.72	2757.19	2631.69	2737.98	37475	0	140
2026.01.30	20:00:00	2737.95	2738.49	2660.34	2702.29	19901	0	140
2026.01.31	00:00:00	2702.28	2709.87	2679.24	2691.15	7877	0	140
2026.01.31	04:00:00	2691.15	2700.04	2671.97	2674.95	5953	0	140
2026.01.31	08:00:00	2674.95	2678.66	2602.00	2635.79	16489	0	140
2026.01.31	12:00:00	2635.69	2639.64	2504.58	2530.14	34607	0	140
2026.01.31	16:00:00	2530.15	2546.99	2225.23	2378.81	81739	0	140
2026.01.31	20:00:00	2379.03	2470.71	2350.83	2448.59	29322	0	140
2026.02.01	00:00:00	2448.69	2473.54	2426.49	2442.30	16975	0	140
2026.02.01	04:00:00	2442.17	2451.78	2390.39	2408.37	12261	0	140
2026.02.01	08:00:00	2408.43	2436.41	2373.36	2409.75	16745	0	140
2026.02.01	12:00:00	2409.95	2410.35	2283.35	2313.21	33888	0	140
2026.02.01	16:00:00	2313.27	2375.29	2281.35	2318.10	33060	0	140
2026.02.01	20:00:00	2318.06	2346.65	2217.43	2268.05	43823	0	140
2026.02.02	00:00:00	2268.08	2322.03	2163.08	2235.81	61034	0	140
2026.02.02	04:00:00	2235.98	2265.55	2154.91	2225.50	50684	0	140
2026.02.02	08:00:00	2225.39	2316.25	2225.39	2279.43	27253	0	140
2026.02.02	12:00:00	2279.56	2395.17	2279.14	2370.82	40368	0	140
2026.02.02	16:00:00	2370.68	2385.71	2325.00	2329.57	24011	0	140
2026.02.02	20:00:00	2329.37	2352.99	2310.56	2344.57	15130	0	140
2026.02.03	00:00:00	2344.45	2357.72	2281.77	2341.39	19176	0	140
2026.02.03	04:00:00	2341.17	2352.39	2295.10	2320.22	13355	0	140
2026.02.03	08:00:00	2320.46	2330.56	2259.38	2273.93	17154	0	140
2026.02.03	12:00:00	2273.96	2314.79	2249.41	2300.73	30924	0	140
2026.02.03	16:00:00	2300.82	2300.99	2105.67	2202.21	50832	0	140
2026.02.03	20:00:00	2202.00	2345.55	2184.83	2230.37	37310	0	140
2026.02.04	00:00:00	2230.39	2292.49	2219.91	2279.88	19246	0	140
2026.02.04	04:00:00	2279.97	2290.43	2252.52	2280.57	12419	0	140
2026.02.04	08:00:00	2280.57	2282.67	2223.25	2251.00	15404	0	140
2026.02.04	12:00:00	2251.28	2259.78	2133.06	2148.20	43242	0	140
2026.02.04	16:00:00	2148.38	2190.01	2070.01	2183.18	60553	0	140
2026.02.04	20:00:00	2182.91	2187.90	2082.39	2142.96	31772	0	140
2026.02.05	00:00:00	2142.77	2168.53	2093.88	2105.76	36293	0	140
2026.02.05	04:00:00	2105.88	2121.31	2061.42	2086.75	37322	0	140
2026.02.05	08:00:00	2086.99	2145.94	2057.28	2075.97	30094	0	140
2026.02.05	12:00:00	2076.19	2102.42	1922.47	1957.24	70600	0	140
2026.02.05	16:00:00	1957.52	2014.06	1909.29	1924.26	63272	0	140
2026.02.05	20:00:00	1924.11	1938.29	1811.64	1823.19	82774	0	140
2026.02.06	00:00:00	1823.10	1945.61	1739.55	1889.19	85572	0	140
2026.02.06	04:00:00	1889.00	1972.66	1882.81	1896.73	31671	0	140
2026.02.06	08:00:00	1896.48	1936.71	1863.63	1929.84	26711	0	140
2026.02.06	12:00:00	1929.67	2000.55	1911.66	1979.19	39924	0	140
2026.02.06	16:00:00	1979.05	2088.78	1969.49	2063.24	39314	0	140
2026.02.06	20:00:00	2063.23	2092.26	2040.02	2061.36	21975	0	140
2026.02.07	00:00:00	2061.44	2084.47	2030.52	2079.02	19726	0	140
2026.02.07	04:00:00	2078.93	2117.76	1992.66	2025.41	29895	0	140
2026.02.07	08:00:00	2025.34	2030.79	1997.78	2016.29	16676	0	140
2026.02.07	12:00:00	2016.23	2073.64	2007.59	2049.87	24515	0	140
2026.02.07	16:00:00	2049.95	2123.52	2008.30	2089.51	54033	0	140
2026.02.07	20:00:00	2089.46	2112.93	2070.94	2085.06	11777	0	140
2026.02.08	00:00:00	2085.14	2105.31	2074.53	2077.22	11034	0	140
2026.02.08	04:00:00	2077.18	2086.93	2064.45	2082.59	7479	0	140
2026.02.08	08:00:00	2082.53	2136.01	2075.85	2129.67	18577	0	140
2026.02.08	12:00:00	2129.74	2142.86	2095.41	2106.68	14530	0	140
2026.02.08	16:00:00	2106.74	2127.96	2070.34	2124.71	14624	0	140
2026.02.08	20:00:00	2124.81	2150.61	2069.91	2088.07	18424	0	140
2026.02.09	00:00:00	2088.20	2101.56	2052.20	2098.07	20328	0	140
2026.02.09	04:00:00	2098.04	2100.00	2062.45	2063.51	10302	0	140
2026.02.09	08:00:00	2063.54	2068.28	2010.92	2026.04	17304	0	140
2026.02.09	12:00:00	2026.08	2071.77	2006.61	2059.97	25222	0	140
2026.02.09	16:00:00	2059.71	2141.39	2045.40	2129.88	26026	0	140
2026.02.09	20:00:00	2129.83	2147.04	2086.86	2103.11	14761	0	140
2026.02.10	00:00:00	2103.11	2122.90	2049.20	2063.14	14552	0	140
2026.02.10	04:00:00	2062.97	2072.93	1996.30	2005.37	13965	0	140
2026.02.10	08:00:00	2005.46	2027.82	1992.52	2001.09	11131	0	140
2026.02.10	12:00:00	2000.98	2038.21	1985.16	2021.05	23763	0	140
2026.02.10	16:00:00	2020.82	2045.95	1993.73	2016.32	19407	0	140
2026.02.10	20:00:00	2016.33	2021.41	1995.21	2021.23	9737	0	140
2026.02.11	00:00:00	2020.95	2030.55	1996.16	2007.53	10390	0	140
2026.02.11	04:00:00	2007.65	2009.31	1936.72	1948.93	18318	0	140
2026.02.11	08:00:00	1949.13	1955.28	1929.87	1952.05	11916	0	140
2026.02.11	12:00:00	1951.80	2015.40	1900.91	1927.66	35705	0	140
2026.02.11	16:00:00	1927.53	1958.15	1906.86	1950.37	25705	0	140
2026.02.11	20:00:00	1950.33	1986.08	1929.51	1939.31	14417	0	140
2026.02.12	00:00:00	1939.32	1975.88	1939.32	1966.89	12231	0	140
2026.02.12	04:00:00	1966.84	1980.89	1950.92	1966.28	11074	0	140
2026.02.12	08:00:00	1966.45	1999.37	1955.06	1987.56	11738	0	140
2026.02.12	12:00:00	1987.45	1995.33	1943.59	1947.33	20950	0	140
2026.02.12	16:00:00	1947.41	1948.65	1893.80	1923.44	30242	0	140
2026.02.12	20:00:00	1923.38	1950.78	1907.13	1945.79	12398	0	140
2026.02.13	00:00:00	1945.70	1956.41	1925.30	1951.38	11910	0	140
2026.02.13	04:00:00	1951.54	1953.57	1922.26	1933.49	10222	0	140
2026.02.13	08:00:00	1933.52	1967.44	1931.47	1958.03	11425	0	140
2026.02.13	12:00:00	1958.03	2049.55	1950.25	2033.17	26627	0	140
2026.02.13	16:00:00	2033.11	2071.81	2029.31	2056.24	18507	0	140
2026.02.13	20:00:00	2056.16	2058.40	2037.52	2047.11	8594	0	140
2026.02.14	00:00:00	2047.02	2056.38	2040.50	2052.63	6141	0	140
2026.02.14	04:00:00	2052.55	2059.23	2046.63	2055.62	4811	0	140
2026.02.14	08:00:00	2055.62	2105.99	2055.46	2097.34	11742	0	140
2026.02.14	12:00:00	2097.12	2098.30	2062.53	2085.95	11516	0	140
2026.02.14	16:00:00	2086.00	2089.45	2066.24	2086.85	9107	0	140
2026.02.14	20:00:00	2086.80	2097.43	2076.92	2084.97	7516	0	140
2026.02.15	00:00:00	2085.15	2088.73	2034.55	2057.51	12226	0	140
2026.02.15	04:00:00	2057.52	2101.60	2057.52	2089.90	12472	0	140
2026.02.15	08:00:00	2089.99	2095.29	2052.30	2060.65	10409	0	140
2026.02.15	12:00:00	2060.64	2066.75	1991.57	2009.59	16247	0	140
2026.02.15	16:00:00	2009.57	2009.64	1927.04	1940.76	17684	0	140
2026.02.15	20:00:00	1940.77	1972.63	1932.85	1964.55	10762	0	140
2026.02.16	00:00:00	1964.69	1979.93	1946.38	1956.93	10665	0	140
2026.02.16	04:00:00	1956.99	1976.74	1951.21	1969.49	7833	0	140
2026.02.16	08:00:00	1969.51	1991.65	1955.73	1974.64	10024	0	140
2026.02.16	12:00:00	1974.68	2022.18	1935.41	1954.87	24340	0	140
2026.02.16	16:00:00	1954.96	1987.34	1954.52	1972.46	12034	0	140
2026.02.16	20:00:00	1972.41	2002.55	1969.38	1996.68	8703	0	140
2026.02.17	00:00:00	1996.73	2007.38	1978.27	1984.35	10895	0	140
2026.02.17	04:00:00	1984.35	1996.82	1962.86	1984.21	8757	0	140
2026.02.17	08:00:00	1984.21	1989.59	1959.64	1966.82	7974	0	140
2026.02.17	12:00:00	1966.87	2001.67	1939.37	1967.21	19890	0	140
2026.02.17	16:00:00	1967.41	2014.45	1952.32	1996.54	21065	0	140
2026.02.17	20:00:00	1996.72	2002.79	1985.67	1990.27	8386	0	140
2026.02.18	00:00:00	1990.27	1998.98	1966.80	1995.14	8117	0	140
2026.02.18	04:00:00	1995.34	2021.46	1991.56	2016.49	6854	0	140
2026.02.18	08:00:00	2016.66	2037.59	1975.20	1979.90	10228	0	140
2026.02.18	12:00:00	1979.97	2009.07	1952.83	1984.14	17913	0	140
2026.02.18	16:00:00	1984.14	1986.58	1921.08	1939.26	17012	0	140
2026.02.18	20:00:00	1939.45	1955.33	1934.22	1954.71	8561	0	140
2026.02.19	00:00:00	1954.60	1972.83	1948.47	1970.67	8102	0	140
2026.02.19	04:00:00	1970.64	1986.58	1962.70	1980.19	7463	0	140
2026.02.19	08:00:00	1980.06	1981.25	1946.23	1948.20	8608	0	140
2026.02.19	12:00:00	1948.17	1954.47	1909.91	1925.02	19313	0	140
2026.02.19	16:00:00	1925.25	1946.54	1905.11	1939.85	16161	0	140
2026.02.19	20:00:00	1939.67	1952.32	1933.39	1947.63	7418	0	140
2026.02.20	00:00:00	1947.61	1963.04	1945.74	1953.52	7228	0	140
2026.02.20	04:00:00	1953.54	1967.69	1928.72	1959.53	8000	0	140
2026.02.20	08:00:00	1959.38	1972.77	1939.22	1942.30	8390	0	140
2026.02.20	12:00:00	1942.46	1979.76	1921.95	1962.73	19816	0	140
2026.02.20	16:00:00	1962.71	1980.23	1937.14	1962.71	17878	0	140
2026.02.20	20:00:00	1962.71	1973.94	1960.58	1967.58	6516	0	140
2026.02.21	00:00:00	1967.18	1969.80	1954.63	1957.91	4802	0	140
2026.02.21	04:00:00	1957.96	1965.00	1955.07	1961.74	4050	0	140
2026.02.21	08:00:00	1961.71	1987.62	1960.88	1976.23	5539	0	140
2026.02.21	12:00:00	1976.17	1995.31	1968.17	1987.01	6760	0	140
2026.02.21	16:00:00	1986.99	1994.65	1974.94	1987.31	5397	0	140
2026.02.21	20:00:00	1987.39	1989.52	1968.02	1972.60	4883	0	140
2026.02.22	00:00:00	1972.40	1982.08	1965.81	1973.65	5078	0	140
2026.02.22	04:00:00	1973.64	1978.39	1969.53	1974.79	3670	0	140
2026.02.22	08:00:00	1974.77	1982.20	1969.15	1979.90	3872	0	140
2026.02.22	12:00:00	1979.90	1980.63	1942.31	1952.95	8660	0	140
2026.02.22	16:00:00	1952.96	1954.65	1933.26	1942.20	5030	0	140
2026.02.22	20:00:00	1942.33	1959.80	1938.35	1956.39	5099	0	140
2026.02.23	00:00:00	1956.39	1956.83	1845.09	1861.95	21608	0	140
2026.02.23	04:00:00	1861.97	1887.99	1852.66	1883.99	8028	0	140
2026.02.23	08:00:00	1883.97	1927.51	1875.88	1914.26	9388	0	140
2026.02.23	12:00:00	1914.27	1935.62	1891.42	1894.73	15282	0	140
2026.02.23	16:00:00	1894.70	1899.34	1836.12	1856.26	17232	0	140
2026.02.23	20:00:00	1856.37	1868.97	1845.55	1855.30	8420	0	140
2026.02.24	00:00:00	1855.27	1868.44	1810.71	1830.62	16687	0	140
2026.02.24	04:00:00	1830.80	1839.19	1812.49	1824.62	13039	0	140
2026.02.24	08:00:00	1824.64	1835.24	1813.22	1825.76	8770	0	140
2026.02.24	12:00:00	1825.50	1849.94	1798.68	1846.58	18212	0	140
2026.02.24	16:00:00	1846.57	1864.82	1837.22	1851.87	13173	0	140
2026.02.24	20:00:00	1851.82	1863.61	1844.60	1851.58	7170	0	140
2026.02.25	00:00:00	1851.63	1944.74	1845.81	1905.51	16416	0	140
2026.02.25	04:00:00	1905.51	1913.70	1877.17	1892.54	9058	0	140
2026.02.25	08:00:00	1892.40	1928.07	1889.40	1925.87	8036	0	140
2026.02.25	12:00:00	1925.68	2028.00	1921.39	2013.33	21125	0	140
2026.02.25	16:00:00	2013.44	2085.72	2012.55	2070.53	20929	0	140
2026.02.25	20:00:00	2070.59	2149.32	2034.10	2057.22	20859	0	140
2026.02.26	00:00:00	2056.96	2076.22	2038.47	2054.04	14389	0	140
2026.02.26	04:00:00	2054.11	2083.70	2050.92	2052.75	10981	0	140
2026.02.26	08:00:00	2052.78	2082.85	2044.01	2057.05	10422	0	140
2026.02.26	12:00:00	2057.05	2077.66	2010.67	2032.94	21179	0	140
2026.02.26	16:00:00	2032.98	2037.36	1974.94	2029.60	20344	0	140
2026.02.26	20:00:00	2029.46	2042.71	2017.17	2027.29	7877	0	140
2026.02.27	00:00:00	2027.29	2049.26	1999.92	2045.06	11335	0	140
2026.02.27	04:00:00	2045.06	2063.68	2021.60	2031.72	9902	0	140
2026.02.27	08:00:00	2031.51	2045.72	1952.71	1961.93	15551	0	140
2026.02.27	12:00:00	1961.75	1968.49	1937.70	1948.14	19797	0	140
2026.02.27	16:00:00	1948.07	1948.47	1906.22	1920.38	15629	0	140
2026.02.27	20:00:00	1919.90	1933.16	1886.06	1929.12	9265	0	140
2026.02.28	00:00:00	1928.92	1936.30	1917.90	1923.50	6361	0	140
2026.02.28	04:00:00	1923.47	1930.96	1834.54	1865.93	20558	0	140
2026.02.28	08:00:00	1865.91	1880.63	1843.63	1863.05	12740	0	140
2026.02.28	12:00:00	1863.11	1915.25	1861.78	1898.07	17565	0	140
2026.02.28	16:00:00	1898.06	1954.60	1885.07	1946.49	15284	0	140
2026.02.28	20:00:00	1946.45	1984.85	1938.24	1964.28	15728	0	140
2026.03.01	00:00:00	1964.18	2054.50	1943.21	2022.64	19760	0	140
2026.03.01	04:00:00	2022.61	2029.55	1988.60	2006.30	11074	0	140
2026.03.01	08:00:00	2006.35	2009.68	1971.07	1982.37	10905	0	140
2026.03.01	12:00:00	1982.38	2027.49	1967.83	1992.57	16693	0	140
2026.03.01	16:00:00	1992.78	2008.96	1945.02	1953.55	17040	0	140
2026.03.01	20:00:00	1953.53	1973.37	1907.21	1939.09	17691	0	140
2026.03.02	00:00:00	1939.29	1988.54	1936.81	1971.60	18283	0	140
2026.03.02	04:00:00	1971.69	1984.23	1924.80	1940.80	12531	0	140
2026.03.02	08:00:00	1940.90	1966.52	1917.37	1947.39	14370	0	140
2026.03.02	12:00:00	1947.40	2065.79	1919.73	2047.17	29257	0	140
2026.03.02	16:00:00	2047.13	2089.79	2017.03	2043.00	24144	0	140
2026.03.02	20:00:00	2042.97	2058.15	2023.90	2026.90	14240	0	140
2026.03.03	00:00:00	2027.07	2041.28	1996.92	2008.06	14172	0	140
2026.03.03	04:00:00	2008.12	2018.64	1986.62	1995.20	11770	0	140
2026.03.03	08:00:00	1995.18	1999.46	1938.25	1960.12	17199	0	140
2026.03.03	12:00:00	1960.17	1989.40	1926.58	1968.75	27264	0	140
2026.03.03	16:00:00	1968.56	2013.55	1957.83	1985.42	27419	0	140
2026.03.03	20:00:00	1985.51	2001.50	1958.32	1982.07	12050	0	140
2026.03.04	00:00:00	1982.09	1998.70	1944.50	1960.12	15942	0	140
2026.03.04	04:00:00	1959.94	2010.44	1949.65	2006.28	13580	0	140
2026.03.04	08:00:00	2006.28	2093.05	1999.47	2054.68	23880	0	140
2026.03.04	12:00:00	2054.50	2164.95	2035.43	2150.44	31641	0	140
2026.03.04	16:00:00	2150.37	2200.00	2128.77	2178.09	24404	0	140
2026.03.04	20:00:00	2177.96	2180.15	2115.96	2127.06	13745	0	140
2026.03.05	00:00:00	2126.84	2142.15	2106.92	2119.92	15421	0	140
2026.03.05	04:00:00	2119.92	2145.19	2095.60	2104.96	12786	0	140
2026.03.05	08:00:00	2105.03	2163.94	2093.22	2137.86	16763	0	140
2026.03.05	12:00:00	2137.94	2142.92	2066.82	2086.96	25777	0	140
2026.03.05	16:00:00	2086.82	2094.37	2054.08	2073.98	20632	0	140
2026.03.05	20:00:00	2073.91	2099.81	2068.70	2072.56	10068	0	140
2026.03.06	00:00:00	2072.76	2093.10	2061.19	2083.43	11549	0	140
2026.03.06	04:00:00	2083.32	2087.35	2058.44	2082.48	10925	0	140
2026.03.06	08:00:00	2082.43	2082.43	2045.02	2050.77	11625	0	140
2026.03.06	12:00:00	2050.62	2062.40	1965.27	1977.21	28128	0	140
2026.03.06	16:00:00	1977.21	1992.27	1954.98	1982.94	16882	0	140
2026.03.06	20:00:00	1983.13	1989.45	1968.00	1978.23	7608	0	140
2026.03.07	00:00:00	1978.19	1995.69	1971.63	1979.47	5457	0	140
2026.03.07	04:00:00	1979.57	1984.14	1963.24	1982.71	6072	0	140
2026.03.07	08:00:00	1982.72	1994.13	1974.53	1987.79	5806	0	140
2026.03.07	12:00:00	1987.78	1990.17	1969.38	1980.34	6653	0	140
2026.03.07	16:00:00	1980.16	1983.04	1947.16	1954.25	6808	0	140
2026.03.07	20:00:00	1954.14	1973.74	1953.89	1968.72	5833	0	140
2026.03.08	00:00:00	1968.72	1976.93	1935.05	1946.98	7216	0	140
2026.03.08	04:00:00	1947.03	1959.73	1928.57	1954.78	6322	0	140
2026.03.08	08:00:00	1954.59	1979.44	1943.48	1950.69	8285	0	140
2026.03.08	12:00:00	1950.82	1954.30	1923.83	1942.22	12156	0	140
2026.03.08	16:00:00	1942.12	1970.13	1927.09	1963.72	9564	0	140
2026.03.08	20:00:00	1963.62	1970.68	1909.07	1936.10	16118	0	140
2026.03.09	00:00:00	1936.07	2004.53	1928.33	1976.93	20407	0	140
2026.03.09	04:00:00	1976.96	2013.16	1962.21	1982.96	15010	0	140
2026.03.09	08:00:00	1983.01	2021.98	1977.85	1991.40	14885	0	140
2026.03.09	12:00:00	1991.50	2033.20	1991.39	2021.89	21611	0	140
2026.03.09	16:00:00	2022.00	2053.25	2004.60	2033.29	16792	0	140
2026.03.09	20:00:00	2033.74	2037.19	1988.76	1992.52	9995	0	140
2026.03.10	00:00:00	1992.36	2054.11	1990.45	2025.96	14113	0	140
2026.03.10	04:00:00	2025.96	2059.60	2025.90	2050.29	10839	0	140
2026.03.10	08:00:00	2050.44	2074.84	2050.44	2061.51	12207	0	140
2026.03.10	12:00:00	2061.60	2085.81	2007.78	2079.02	23873	0	140
2026.03.10	16:00:00	2079.21	2088.56	2026.22	2036.38	20796	0	140
2026.03.10	20:00:00	2035.64	2048.31	2017.67	2036.46	8101	0	140
2026.03.11	00:00:00	2036.37	2041.68	2017.73	2020.84	9139	0	140
2026.03.11	04:00:00	2020.79	2041.28	2006.68	2011.98	8850	0	140
2026.03.11	08:00:00	2012.17	2033.73	2009.09	2017.20	8952	0	140
2026.03.11	12:00:00	2017.04	2082.03	2011.66	2049.73	24132	0	140
2026.03.11	16:00:00	2049.76	2085.44	2045.64	2075.83	16271	0	140
2026.03.11	20:00:00	2075.94	2084.68	2044.99	2051.73	7914	0	140
2026.03.12	00:00:00	2051.86	2057.95	2016.87	2023.09	9703	0	140
2026.03.12	04:00:00	2023.36	2042.42	2018.55	2040.22	6586	0	140
2026.03.12	08:00:00	2040.13	2076.49	2037.55	2062.60	9648	0	140
2026.03.12	12:00:00	2062.60	2095.38	2036.85	2071.93	21980	0	140
2026.03.12	16:00:00	2071.93	2078.14	2044.58	2069.47	15342	0	140
2026.03.12	20:00:00	2069.19	2093.71	2055.17	2073.19	8418	0	140
2026.03.13	00:00:00	2073.00	2147.90	2069.65	2118.02	18613	0	140
2026.03.13	04:00:00	2118.02	2119.62	2089.55	2099.07	9171	0	140
2026.03.13	08:00:00	2099.16	2133.06	2090.42	2120.37	12102	0	140
2026.03.13	12:00:00	2120.37	2210.70	2119.67	2127.90	26016	0	140
2026.03.13	16:00:00	2128.03	2143.59	2090.33	2102.22	16783	0	140
2026.03.13	20:00:00	2102.63	2116.92	2077.93	2092.05	8441	0	140
2026.03.14	00:00:00	2091.91	2102.87	2080.65	2100.95	6885	0	140
2026.03.14	04:00:00	2101.04	2105.96	2067.86	2077.23	6827	0	140
2026.03.14	08:00:00	2077.20	2081.08	2060.85	2073.56	5394	0	140
2026.03.14	12:00:00	2073.56	2080.63	2069.38	2074.50	5238	0	140
2026.03.14	16:00:00	2074.44	2079.35	2068.34	2077.02	3567	0	140
2026.03.14	20:00:00	2077.03	2099.32	2075.66	2095.99	5026	0	140
2026.03.15	00:00:00	2095.98	2107.96	2082.53	2096.17	6794	0	140
2026.03.15	04:00:00	2096.20	2116.45	2096.11	2105.82	5997	0	140
2026.03.15	08:00:00	2105.84	2123.36	2105.84	2119.54	5537	0	140
2026.03.15	12:00:00	2119.55	2120.01	2085.87	2093.79	7072	0	140
2026.03.15	16:00:00	2093.79	2118.45	2088.30	2113.08	6772	0	140
2026.03.15	20:00:00	2113.09	2203.02	2109.64	2178.40	16216	0	140
2026.03.16	00:00:00	2178.40	2253.34	2164.06	2235.31	16449	0	140
2026.03.16	04:00:00	2235.32	2288.14	2235.32	2248.27	14505	0	140
2026.03.16	08:00:00	2248.47	2280.28	2234.28	2269.49	11745	0	140
2026.03.16	12:00:00	2269.44	2308.48	2254.44	2273.18	23540	0	140
2026.03.16	16:00:00	2273.09	2348.18	2269.31	2330.49	18230	0	140
2026.03.16	20:00:00	2330.59	2385.68	2322.53	2352.54	15226	0	140
2026.03.17	00:00:00	2352.54	2376.63	2307.46	2320.03	19668	0	140
2026.03.17	04:00:00	2320.05	2337.83	2294.29	2327.79	12108	0	140
2026.03.17	08:00:00	2327.66	2335.25	2303.83	2326.48	11720	0	140
2026.03.17	12:00:00	2326.47	2357.95	2304.05	2316.03	20060	0	140
2026.03.17	16:00:00	2316.06	2343.13	2311.92	2320.15	12324	0	140
2026.03.17	20:00:00	2320.06	2345.18	2316.40	2317.41	6909	0	140
2026.03.18	00:00:00	2317.40	2350.77	2307.47	2340.65	9028	0	140
2026.03.18	04:00:00	2340.65	2342.23	2312.20	2317.74	6867	0	140
2026.03.18	08:00:00	2317.77	2333.91	2263.27	2269.14	11755	0	140
2026.03.18	12:00:00	2269.25	2270.67	2169.33	2186.85	24951	0	140
2026.03.18	16:00:00	2186.80	2219.89	2165.89	2185.68	19042	0	140
2026.03.18	20:00:00	2185.41	2206.66	2152.42	2202.47	10598	0	140
2026.03.19	00:00:00	2202.49	2233.10	2186.46	2211.70	10953	0	140
2026.03.19	04:00:00	2211.69	2212.37	2142.47	2165.88	13924	0	140
2026.03.19	08:00:00	2165.92	2191.45	2157.16	2166.09	12848	0	140
2026.03.19	12:00:00	2166.11	2166.47	2098.41	2117.90	26120	0	140
2026.03.19	16:00:00	2117.89	2156.30	2103.58	2140.50	16835	0	140
2026.03.19	20:00:00	2140.37	2155.11	2129.91	2137.08	7993	0	140
2026.03.20	00:00:00	2136.90	2160.41	2131.38	2150.44	9673	0	140
2026.03.20	04:00:00	2150.32	2159.13	2120.50	2149.67	9196	0	140
2026.03.20	08:00:00	2149.60	2176.00	2130.39	2141.14	12650	0	140
2026.03.20	12:00:00	2140.99	2152.19	2114.95	2133.17	20029	0	140
2026.03.20	16:00:00	2133.16	2144.05	2115.93	2131.76	13914	0	140
2026.03.20	20:00:00	2131.87	2167.58	2122.89	2145.52	7908	0	140
2026.03.21	00:00:00	2145.51	2159.07	2142.85	2152.65	5303	0	140
2026.03.21	04:00:00	2152.65	2160.90	2149.11	2154.79	4139	0	140
2026.03.21	08:00:00	2154.79	2158.43	2148.36	2156.37	3716	0	140
2026.03.21	12:00:00	2156.36	2167.71	2145.18	2154.29	5421	0	140
2026.03.21	16:00:00	2154.31	2155.08	2141.08	2151.52	4238	0	140
2026.03.21	20:00:00	2151.42	2156.43	2069.45	2084.13	7848	0	140
2026.03.22	00:00:00	2083.81	2126.62	2048.30	2113.15	17041	0	140
2026.03.22	04:00:00	2113.07	2122.03	2091.59	2092.72	7379	0	140
2026.03.22	08:00:00	2092.92	2096.25	2065.77	2069.19	9832	0	140
2026.03.22	12:00:00	2069.26	2092.02	2067.18	2082.23	8426	0	140
2026.03.22	16:00:00	2082.26	2084.04	2053.20	2062.06	7247	0	140
2026.03.22	20:00:00	2062.12	2074.46	2024.52	2053.04	14575	0	140
2026.03.23	00:00:00	2052.99	2071.81	2034.08	2051.43	14242	0	140
2026.03.23	04:00:00	2051.60	2070.85	2021.53	2042.97	13490	0	140
2026.03.23	08:00:00	2042.97	2197.36	2027.68	2133.30	33460	0	140
2026.03.23	12:00:00	2133.28	2191.61	2105.92	2127.38	30045	0	140
2026.03.23	16:00:00	2127.47	2178.05	2116.43	2153.09	17832	0	140
2026.03.23	20:00:00	2152.87	2165.72	2139.06	2151.00	7169	0	140
2026.03.24	00:00:00	2151.01	2155.36	2122.68	2140.32	11895	0	140
2026.03.24	04:00:00	2140.32	2169.97	2127.25	2164.28	10717	0	140
2026.03.24	08:00:00	2164.49	2174.53	2145.88	2164.97	10648	0	140
2026.03.24	12:00:00	2165.02	2169.59	2118.21	2133.97	19729	0	140
2026.03.24	16:00:00	2133.81	2139.48	2101.23	2115.20	14376	0	140
2026.03.24	20:00:00	2115.11	2162.39	2113.86	2154.66	10960	0	140
2026.03.25	00:00:00	2154.69	2167.67	2144.43	2157.14	8701	0	140
2026.03.25	04:00:00	2157.16	2178.54	2155.02	2163.40	7041	0	140
2026.03.25	08:00:00	2163.62	2199.64	2162.91	2185.24	9700	0	140
2026.03.25	12:00:00	2185.24	2197.23	2145.77	2161.27	18338	0	140
2026.03.25	16:00:00	2161.27	2186.96	2154.74	2171.56	11865	0	140
2026.03.25	20:00:00	2171.67	2182.85	2157.62	2167.65	5844	0	140
2026.03.26	00:00:00	2167.57	2170.83	2141.73	2151.86	7526	0	140
2026.03.26	04:00:00	2151.86	2152.81	2109.96	2122.14	8299	0	140
2026.03.26	08:00:00	2122.17	2125.98	2061.22	2067.20	11281	0	140
2026.03.26	12:00:00	2067.30	2092.65	2049.44	2068.55	14848	0	140
2026.03.26	16:00:00	2068.53	2069.05	2032.37	2046.86	10993	0	140
2026.03.26	20:00:00	2046.81	2078.73	2044.08	2058.14	9517	0	140
2026.03.27	00:00:00	2058.18	2075.64	2054.33	2059.50	7833	0	140
2026.03.27	04:00:00	2059.63	2070.85	2040.94	2063.89	7995	0	140
2026.03.27	08:00:00	2063.90	2067.21	1980.14	1989.93	14837	0	140
2026.03.27	12:00:00	1990.02	2008.67	1966.42	1989.22	15606	0	140
2026.03.27	16:00:00	1989.07	1995.87	1971.93	1989.15	11686	0	140
2026.03.27	20:00:00	1989.39	1994.21	1977.52	1990.87	5134	0	140
2026.03.28	00:00:00	1990.74	1993.57	1980.48	1987.08	5186	0	140
2026.03.28	04:00:00	1987.06	2006.58	1984.91	2005.05	4847	0	140
2026.03.28	08:00:00	2005.07	2006.69	1990.13	1995.73	4439	0	140
2026.03.28	12:00:00	1995.73	2044.85	1989.78	2025.06	9331	0	140
2026.03.28	16:00:00	2025.16	2028.31	2014.16	2018.59	4900	0	140
2026.03.28	20:00:00	2018.64	2024.32	1986.96	1992.71	5898	0	140
2026.03.29	00:00:00	1992.68	2018.04	1989.23	2008.69	5686	0	140
2026.03.29	04:00:00	2008.69	2010.77	1995.04	2003.66	4979	0	140
2026.03.29	08:00:00	2003.60	2006.15	1989.09	2001.53	5092	0	140
2026.03.29	12:00:00	2001.53	2002.84	1981.66	1990.50	6666	0	140
2026.03.29	16:00:00	1990.45	2001.79	1985.25	1993.86	5235	0	140
2026.03.29	20:00:00	1993.86	2007.62	1936.43	1982.15	12291	0	140
2026.03.30	00:00:00	1982.36	2041.47	1977.56	2033.41	15660	0	140
2026.03.30	04:00:00	2033.52	2065.97	2033.51	2057.33	9726	0	140
2026.03.30	08:00:00	2057.32	2080.17	2045.82	2068.98	9176	0	140
2026.03.30	12:00:00	2069.17	2083.97	2041.80	2072.83	15039	0	140
2026.03.30	16:00:00	2072.66	2073.21	2010.78	2021.53	11906	0	140
2026.03.30	20:00:00	2021.53	2047.55	2011.39	2024.05	7216	0	140
2026.03.31	00:00:00	2024.18	2090.89	2013.71	2064.81	12896	0	140
2026.03.31	04:00:00	2064.84	2070.15	2039.85	2053.70	8763	0	140
2026.03.31	08:00:00	2053.71	2056.83	2010.02	2038.70	11761	0	140
2026.03.31	12:00:00	2038.74	2090.36	2032.34	2052.43	19513	0	140
2026.03.31	16:00:00	2052.25	2123.30	2052.02	2094.31	19636	0	140
2026.03.31	20:00:00	2094.13	2108.45	2085.71	2103.09	7855	0	140
2026.04.01	00:00:00	2102.92	2116.13	2079.78	2100.34	10216	0	140
2026.04.01	04:00:00	2100.41	2157.30	2097.80	2129.82	11404	0	140
2026.04.01	08:00:00	2129.69	2141.74	2123.52	2134.21	7809	0	140
2026.04.01	12:00:00	2134.19	2147.51	2107.03	2134.41	15718	0	140
2026.04.01	16:00:00	2134.30	2167.03	2121.94	2140.02	13143	0	140
2026.04.01	20:00:00	2140.25	2164.94	2129.24	2139.46	8071	0	140
2026.04.02	00:00:00	2139.46	2158.87	2044.06	2054.81	21007	0	140
2026.04.02	04:00:00	2054.69	2057.41	2037.36	2055.21	8663	0	140
2026.04.02	08:00:00	2055.20	2055.20	2021.74	2031.78	7414	0	140
2026.04.02	12:00:00	2031.90	2071.33	2015.34	2058.70	18444	0	140
2026.04.02	16:00:00	2058.63	2075.80	2042.26	2064.89	10316	0	140
2026.04.02	20:00:00	2065.05	2073.57	2052.66	2056.16	5992	0	140
2026.04.03	00:00:00	2056.19	2061.94	2039.37	2053.11	8235	0	140
2026.04.03	04:00:00	2053.03	2075.06	2046.19	2064.76	7208	0	140
2026.04.03	08:00:00	2064.85	2071.47	2052.09	2061.97	5718	0	140
2026.04.03	12:00:00	2061.94	2081.75	2040.39	2050.14	8741	0	140
2026.04.03	16:00:00	2050.14	2056.12	2042.78	2051.74	4686	0	140
2026.04.03	20:00:00	2051.56	2061.31	2048.13	2052.67	3730	0	140
2026.04.04	00:00:00	2052.67	2053.20	2046.81	2049.29	2591	0	140
2026.04.04	04:00:00	2049.24	2057.17	2047.49	2052.97	2564	0	140
2026.04.04	08:00:00	2052.97	2054.33	2046.47	2051.26	2485	0	140
2026.04.04	12:00:00	2051.27	2061.11	2043.15	2055.37	3574	0	140
2026.04.04	16:00:00	2055.37	2083.17	2052.13	2064.00	4456	0	140
2026.04.04	20:00:00	2064.00	2071.55	2058.52	2064.68	3399	0	140
2026.04.05	00:00:00	2064.76	2064.91	2052.56	2055.75	2804	0	140
2026.04.05	04:00:00	2055.73	2057.18	2026.82	2036.38	4731	0	140
2026.04.05	08:00:00	2036.17	2051.72	2034.65	2040.61	3656	0	140
2026.04.05	12:00:00	2040.58	2069.10	2020.51	2052.87	7734	0	140
2026.04.05	16:00:00	2052.89	2068.67	2047.35	2061.21	5403	0	140
2026.04.05	20:00:00	2061.35	2122.24	2048.54	2108.63	11675	0	140
2026.04.06	00:00:00	2108.93	2147.06	2108.93	2128.07	12031	0	140
2026.04.06	04:00:00	2128.17	2140.44	2118.74	2133.96	7171	0	140
2026.04.06	08:00:00	2133.96	2174.37	2132.45	2151.10	8971	0	140
2026.04.06	12:00:00	2151.11	2169.60	2136.69	2164.05	13414	0	140
2026.04.06	16:00:00	2164.28	2168.37	2122.46	2144.22	10403	0	140
2026.04.06	20:00:00	2143.64	2155.09	2087.29	2106.34	8828	0	140
2026.04.07	00:00:00	2106.21	2119.83	2092.30	2107.61	9276	0	140
2026.04.07	04:00:00	2107.56	2118.83	2095.91	2103.35	6120	0	140
2026.04.07	08:00:00	2103.28	2133.09	2081.11	2088.79	10773	0	140
2026.04.07	12:00:00	2088.73	2092.51	2058.83	2079.17	15035	0	140
2026.04.07	16:00:00	2079.11	2116.62	2076.46	2112.43	12234	0	140
2026.04.07	20:00:00	2112.65	2273.08	2109.69	2239.27	26322	0	140
2026.04.08	00:00:00	2239.45	2250.38	2226.71	2233.70	10916	0	140
2026.04.08	04:00:00	2233.70	2259.88	2233.70	2253.03	7761	0	140
2026.04.08	08:00:00	2253.11	2263.14	2236.92	2246.74	7828	0	140
2026.04.08	12:00:00	2246.86	2270.25	2185.72	2214.69	18396	0	140
2026.04.08	16:00:00	2214.71	2239.38	2196.71	2211.56	12287	0	140
2026.04.08	20:00:00	2211.28	2222.52	2178.94	2189.55	7778	0	140
2026.04.09	00:00:00	2189.61	2193.80	2161.56	2182.37	9191	0	140
2026.04.09	04:00:00	2182.37	2188.63	2175.11	2180.53	5133	0	140
2026.04.09	08:00:00	2180.54	2197.14	2175.82	2179.65	6148	0	140
2026.04.09	12:00:00	2179.73	2225.50	2156.23	2217.35	15940	0	140
2026.04.09	16:00:00	2217.59	2229.82	2192.63	2215.92	14398	0	140
2026.04.09	20:00:00	2215.90	2246.27	2182.66	2189.84	10270	0	140
2026.04.10	00:00:00	2190.00	2203.98	2175.64	2185.97	8721	0	140
2026.04.10	04:00:00	2186.15	2203.35	2175.60	2179.22	5849	0	140
2026.04.10	08:00:00	2179.24	2224.27	2176.23	2215.53	6546	0	140
2026.04.10	12:00:00	2215.52	2258.59	2207.69	2224.12	15381	0	140
2026.04.10	16:00:00	2224.36	2256.54	2220.80	2253.44	8510	0	140
2026.04.10	20:00:00	2253.42	2257.69	2235.63	2245.68	5394	0	140
2026.04.11	00:00:00	2245.71	2253.22	2234.76	2237.88	4390	0	140
2026.04.11	04:00:00	2237.95	2243.58	2228.79	2233.34	4019	0	140
2026.04.11	08:00:00	2233.35	2249.92	2232.19	2246.55	4048	0	140
2026.04.11	12:00:00	2246.53	2257.09	2233.68	2249.85	4883	0	140
2026.04.11	16:00:00	2249.88	2330.97	2246.70	2316.52	11875	0	140
2026.04.11	20:00:00	2316.52	2317.65	2276.89	2285.39	7447	0	140
2026.04.12	00:00:00	2285.32	2289.04	2206.77	2214.34	12214	0	140
2026.04.12	04:00:00	2214.21	2221.47	2208.52	2218.13	4762	0	140
2026.04.12	08:00:00	2218.14	2219.45	2194.18	2204.82	4416	0	140
2026.04.12	12:00:00	2204.64	2208.80	2174.20	2186.62	8438	0	140
2026.04.12	16:00:00	2186.60	2207.07	2182.90	2198.30	5070	0	140
2026.04.12	20:00:00	2198.31	2218.55	2183.47	2191.10	9579	0	140
2026.04.13	00:00:00	2191.00	2208.80	2186.58	2193.94	7133	0	140
2026.04.13	04:00:00	2193.94	2202.20	2181.60	2186.30	5699	0	140
2026.04.13	08:00:00	2186.31	2195.01	2178.66	2186.94	5874	0	140
2026.04.13	12:00:00	2186.82	2236.59	2174.74	2209.25	15455	0	140
2026.04.13	16:00:00	2209.38	2269.69	2199.60	2262.35	12732	0	140
2026.04.13	20:00:00	2262.18	2396.24	2248.04	2369.64	17267	0	140
2026.04.14	00:00:00	2369.83	2379.11	2354.71	2365.98	8217	0	140
2026.04.14	04:00:00	2366.03	2390.25	2354.80	2378.22	6927	0	140
2026.04.14	08:00:00	2378.24	2396.70	2367.63	2374.59	7759	0	140
2026.04.14	12:00:00	2374.78	2418.93	2333.50	2365.05	18806	0	140
2026.04.14	16:00:00	2364.99	2372.24	2303.55	2314.14	13513	0	140
2026.04.14	20:00:00	2314.42	2332.80	2308.85	2322.82	7954	0	140
2026.04.15	00:00:00	2322.71	2343.22	2317.76	2328.84	7985	0	140
2026.04.15	04:00:00	2328.76	2339.00	2308.22	2316.99	7057	0	140
2026.04.15	08:00:00	2317.00	2340.28	2311.91	2337.62	7987	0	140
2026.04.15	12:00:00	2337.69	2349.80	2317.24	2331.77	12909	0	140
2026.04.15	16:00:00	2331.71	2385.96	2329.08	2375.29	12027	0	140
2026.04.15	20:00:00	2375.04	2381.18	2348.42	2359.93	8738	0	140
2026.04.16	00:00:00	2360.12	2369.74	2344.65	2357.90	8706	0	140
2026.04.16	04:00:00	2357.93	2364.21	2334.84	2341.55	6149	0	140
2026.04.16	08:00:00	2341.52	2348.48	2328.25	2335.75	6788	0	140
2026.04.16	12:00:00	2335.75	2352.48	2283.44	2338.92	16631	0	140
2026.04.16	16:00:00	2339.03	2361.89	2309.32	2359.40	14013	0	140
2026.04.16	20:00:00	2359.53	2365.08	2334.89	2348.14	8322	0	140
2026.04.17	00:00:00	2348.04	2350.97	2323.27	2325.05	7313	0	140
2026.04.17	04:00:00	2325.02	2342.39	2316.51	2334.15	6257	0	140
2026.04.17	08:00:00	2334.06	2377.78	2332.88	2354.92	10390	0	140
2026.04.17	12:00:00	2354.88	2458.06	2349.22	2442.70	26746	0	140
2026.04.17	16:00:00	2442.71	2466.17	2415.95	2428.38	15160	0	140
2026.04.17	20:00:00	2428.50	2443.05	2416.20	2419.40	7121	0	140
2026.04.18	00:00:00	2419.36	2428.07	2399.22	2405.72	6431	0	140
2026.04.18	04:00:00	2405.77	2414.01	2399.56	2404.02	4685	0	140
2026.04.18	08:00:00	2404.02	2405.42	2343.24	2353.30	9266	0	140
2026.04.18	12:00:00	2353.37	2370.66	2345.36	2363.54	6834	0	140
2026.04.18	16:00:00	2363.54	2375.88	2339.02	2348.88	7208	0	140
2026.04.18	20:00:00	2348.88	2360.60	2345.21	2350.78	4809	0	140
2026.04.19	00:00:00	2350.90	2355.41	2332.25	2340.44	6019	0	140
2026.04.19	04:00:00	2340.28	2346.82	2297.07	2316.12	7696	0	140
2026.04.19	08:00:00	2315.94	2331.14	2305.79	2329.36	7012	0	140
2026.04.19	12:00:00	2329.48	2351.27	2315.58	2331.38	10235	0	140
2026.04.19	16:00:00	2331.38	2331.38	2287.41	2299.63	11566	0	140
2026.04.19	20:00:00	2299.62	2300.00	2252.59	2263.44	13086	0	140
2026.04.20	00:00:00	2263.65	2294.62	2260.24	2286.65	8111	0	140
2026.04.20	04:00:00	2286.68	2332.96	2262.98	2298.55	9633	0	140
2026.04.20	08:00:00	2298.60	2321.00	2289.38	2307.97	9475	0	140
2026.04.20	12:00:00	2307.98	2327.42	2278.04	2314.45	19521	0	140
2026.04.20	16:00:00	2314.63	2345.13	2297.85	2332.18	12253	0	140
2026.04.20	20:00:00	2332.14	2347.41	2307.49	2314.42	7179	0	140
2026.04.21	00:00:00	2314.42	2326.91	2299.30	2311.56	6626	0	140
2026.04.21	04:00:00	2311.61	2328.41	2304.23	2318.76	6238	0	140
2026.04.21	08:00:00	2318.78	2339.55	2314.13	2320.50	8466	0	140
2026.04.21	12:00:00	2320.58	2328.20	2289.87	2310.70	16320	0	140
2026.04.21	16:00:00	2310.69	2331.66	2284.01	2298.08	15800	0	140
2026.04.21	20:00:00	2298.10	2330.02	2295.73	2327.68	8345	0	140
2026.04.22	00:00:00	2327.81	2380.28	2313.02	2363.47	11766	0	140
2026.04.22	04:00:00	2363.59	2413.46	2358.37	2389.40	10119	0	140
2026.04.22	08:00:00	2389.51	2400.80	2382.61	2398.46	6708	0	140
2026.04.22	12:00:00	2398.69	2424.61	2390.48	2403.83	16071	0	140
2026.04.22	16:00:00	2403.99	2414.50	2384.14	2397.43	10051	0	140
2026.04.22	20:00:00	2397.60	2406.32	2373.83	2374.18	6266	0	140
2026.04.23	00:00:00	2374.41	2382.50	2331.57	2341.16	13885	0	140
2026.04.23	04:00:00	2341.06	2359.31	2337.12	2344.71	6567	0	140
2026.04.23	08:00:00	2344.66	2345.58	2305.33	2329.31	7629	0	140
2026.04.23	12:00:00	2329.29	2344.48	2315.19	2333.82	12507	0	140
2026.04.23	16:00:00	2333.82	2336.05	2284.86	2313.28	14453	0	140
2026.04.23	20:00:00	2313.01	2339.28	2313.01	2330.73	5626	0	140
2026.04.24	00:00:00	2330.86	2338.06	2300.88	2308.76	7094	0	140
2026.04.24	04:00:00	2308.53	2317.78	2299.79	2312.08	5856	0	140
2026.04.24	08:00:00	2312.12	2332.65	2303.19	2328.29	7424	0	140
2026.04.24	12:00:00	2328.29	2332.57	2301.68	2323.84	11735	0	140
2026.04.24	16:00:00	2323.85	2325.39	2308.13	2321.63	7205	0	140
2026.04.24	20:00:00	2321.51	2328.61	2307.30	2315.50	4073	0	140
2026.04.25	00:00:00	2315.49	2321.41	2311.39	2319.04	2761	0	140
2026.04.25	04:00:00	2319.04	2319.38	2313.42	2316.26	2560	0	140
2026.04.25	08:00:00	2316.22	2323.48	2310.79	2314.05	3132	0	140
2026.04.25	12:00:00	2314.07	2319.14	2301.47	2308.25	3549	0	140
2026.04.25	16:00:00	2308.25	2313.94	2300.17	2309.61	3963	0	140
2026.04.25	20:00:00	2309.61	2320.45	2308.83	2319.51	2945	0	140
2026.04.26	00:00:00	2319.51	2319.85	2306.23	2309.63	2836	0	140
2026.04.26	04:00:00	2309.64	2337.06	2308.88	2331.38	4250	0	140
2026.04.26	08:00:00	2331.39	2338.27	2329.46	2336.21	3257	0	140
2026.04.26	12:00:00	2336.20	2352.65	2324.11	2347.96	5118	0	140
2026.04.26	16:00:00	2347.96	2349.42	2340.19	2346.22	1377	0	140
