<DATE>	<OPEN>	<HIGH>	<LOW>	<CLOSE>	<TICKVOL>	<VOL>	<SPREAD>
2018.12.20	100.09	117.43	98.76	115.45	76369	0	0
2018.12.21	115.31	119.70	105.68	108.55	77732	0	0
2018.12.22	108.58	117.34	105.91	117.09	77171	0	0
2018.12.23	117.11	133.80	116.96	130.55	78113	0	0
2018.12.24	130.57	159.65	130.30	139.14	79355	0	0
2018.12.25	138.97	140.19	121.86	129.33	79339	0	0
2018.12.26	129.34	137.39	123.71	131.26	78323	0	0
2018.12.27	131.18	132.74	112.88	115.24	77166	0	0
2018.12.28	115.26	139.33	113.96	137.69	76038	0	0
2018.12.29	137.80	147.94	127.69	135.07	78022	0	0
2018.12.30	135.21	140.98	129.18	139.68	77455	0	0
2018.12.31	139.75	140.48	128.36	131.87	74205	0	0
2019.01.01	131.82	142.28	130.59	140.84	73572	0	0
2019.01.02	140.85	158.04	139.53	154.86	75589	0	0
2019.01.03	154.69	156.02	144.97	148.44	76099	0	0
2019.01.04	148.45	157.35	146.06	154.49	76859	0	0
2019.01.05	154.52	161.73	152.41	154.84	78647	0	0
2019.01.06	154.85	160.42	149.08	157.05	76464	0	0
2019.01.07	157.02	158.48	148.95	151.20	60128	0	0
2019.01.08	151.05	153.58	146.06	149.61	71770	0	0
2019.01.09	149.61	153.66	148.23	149.96	67431	0	0
2019.01.10	149.95	151.34	122.33	126.84	72531	0	0
2019.01.11	126.80	128.86	121.66	125.96	72968	0	0
2019.01.12	125.98	127.35	123.37	123.95	76899	0	0
2019.01.13	123.83	125.10	113.50	115.55	77933	0	0
2019.01.14	115.57	131.63	115.09	128.81	76413	0	0
2019.01.15	128.78	130.68	116.84	120.39	76791	0	0
2019.01.16	120.38	127.76	119.25	122.01	77187	0	0
2019.01.17	122.08	123.74	117.01	122.76	71351	0	0
2019.01.18	122.78	123.18	118.12	119.68	69386	0	0
2019.01.19	119.67	126.88	119.49	123.46	67456	0	0
2019.01.20	123.47	124.06	111.89	116.60	75179	0	0
2019.01.21	116.54	118.00	112.92	115.57	73063	0	0
2019.01.22	115.59	119.45	109.64	118.23	67819	0	0
2019.01.23	118.21	119.12	115.04	116.76	56650	0	0
2019.01.24	116.73	117.53	113.50	116.89	63927	0	0
2019.01.25	116.88	117.28	114.11	115.21	61918	0	0
2019.01.26	115.20	117.92	114.60	115.34	61876	0	0
2019.01.27	115.34	115.76	110.32	111.42	67386	0	0
2019.01.28	111.36	112.25	101.27	105.59	75994	0	0
2019.01.29	105.61	106.20	102.24	104.25	70446	0	0
2019.01.30	104.25	109.38	102.79	108.31	63594	0	0
2019.01.31	108.30	110.50	104.84	106.33	67545	0	0
2019.02.01	106.35	108.15	102.87	106.56	69644	0	0
2019.02.02	106.51	110.53	105.23	110.16	66469	0	0
2019.02.03	110.16	110.87	104.71	106.42	66291	0	0
2019.02.04	106.43	108.40	105.40	106.39	56578	0	0
2019.02.05	106.39	107.02	105.34	106.56	56482	0	0
2019.02.06	106.57	106.84	100.58	103.74	66559	0	0
2019.02.07	103.65	105.30	102.84	103.65	57782	0	0
2019.02.08	103.65	122.12	102.66	118.26	69617	0	0
2019.02.09	118.29	120.46	116.90	118.50	69426	0	0
2019.02.10	118.49	125.08	115.18	124.23	70020	0	0
2019.02.11	124.17	124.43	118.81	120.11	70120	0	0
2019.02.12	120.11	122.98	117.04	121.55	69104	0	0
2019.02.13	121.56	125.99	119.80	121.15	72184	0	0
2019.02.14	121.15	123.58	119.05	120.01	71195	0	0
2019.02.15	120.00	123.89	119.51	120.97	64196	0	0
2019.02.16	120.97	124.15	120.76	121.60	70757	0	0
2019.02.17	121.65	134.92	121.09	132.99	70804	0	0
2019.02.18	132.94	148.26	131.57	145.35	81071	0	0
2019.02.19	145.36	149.89	142.65	143.37	78887	0	0
2019.02.20	143.38	149.04	139.89	147.90	76915	0	0
2019.02.21	147.73	149.77	141.80	145.06	75131	0	0
2019.02.22	145.05	148.71	142.72	147.79	72270	0	0
2019.02.23	147.80	159.83	145.30	158.34	72905	0	0
2019.02.24	158.32	165.79	131.55	132.19	79477	0	0
2019.02.25	132.21	141.61	131.65	138.21	77840	0	0
2019.02.26	138.20	138.85	133.25	136.55	73625	0	0
2019.02.27	136.55	140.58	126.19	134.92	72153	0	0
2019.02.28	134.93	138.86	132.28	135.38	73717	0	0
2019.03.01	135.38	138.34	134.46	135.59	71389	0	0
2019.03.02	135.60	136.47	129.18	132.66	76099	0	0
2019.03.03	132.66	134.84	127.69	130.27	68672	0	0
2019.03.04	130.26	131.19	122.97	125.71	73253	0	0
2019.03.05	125.72	138.19	124.99	136.94	72726	0	0
2019.03.06	136.95	140.19	130.97	137.61	74147	0	0
2019.03.07	137.61	140.20	134.95	137.07	72709	0	0
2019.03.08	137.08	139.48	129.29	133.24	70324	0	0
2019.03.09	133.23	138.39	131.71	137.02	74511	0	0
2019.03.10	137.02	137.41	133.11	135.44	65748	0	0
2019.03.11	135.44	136.14	129.31	132.46	69761	0	0
2019.03.12	132.45	134.63	127.58	133.39	70419	0	0
2019.03.13	133.40	133.58	130.50	131.96	64840	0	0
2019.03.14	131.95	134.87	128.68	131.83	67687	0	0
2019.03.15	131.83	137.79	131.38	136.75	58758	0	0
2019.03.17	139.68	139.92	138.79	139.01	7075	0	0
2019.03.18	139.02	141.85	135.84	137.56	69953	0	0
2019.03.19	137.56	139.39	136.64	138.53	64838	0	0
2019.03.20	138.52	140.06	135.78	139.01	65537	0	0
2019.03.21	139.04	139.90	132.13	134.49	63505	0	0
2019.03.22	134.50	137.11	133.93	136.06	47956	0	0
2019.03.24	135.09	135.85	134.55	135.55	7426	0	0
2019.03.25	135.54	136.09	130.67	132.94	57109	0	0
2019.03.26	132.94	133.78	131.29	133.20	58167	0	0
2019.03.27	133.21	139.84	132.95	139.24	62681	0	0
2019.03.28	139.26	139.30	136.51	137.60	60667	0	0
2019.03.29	137.60	142.06	136.99	140.81	55319	0	0
2019.03.31	141.46	141.81	140.65	141.30	5830	0	0
2019.04.01	141.31	143.10	138.75	140.97	57498	0	0
2019.04.02	140.98	166.84	140.63	164.21	76355	0	0
2019.04.03	164.23	179.22	150.11	160.26	82446	0	0
2019.04.04	160.19	164.13	151.84	157.05	81435	0	0
2019.04.05	157.05	167.81	153.59	163.47	71126	0	0
2019.04.07	173.13	176.02	170.03	174.27	10387	0	0
2019.04.08	174.15	186.26	172.71	180.12	81277	0	0
2019.04.09	180.13	180.48	173.75	175.55	77794	0	0
2019.04.10	175.52	185.00	165.76	176.68	76214	0	0
2019.04.11	176.70	176.96	160.01	164.65	78481	0	0
2019.04.12	164.61	167.27	158.90	163.41	68075	0	0
2019.04.14	164.22	168.86	163.96	167.89	9607	0	0
2019.04.15	167.92	169.22	155.50	159.37	72983	0	0
2019.04.16	159.40	167.43	158.85	166.15	70519	0	0
2019.04.17	166.07	168.09	163.86	166.10	71659	0	0
2019.04.18	166.07	175.72	165.38	173.78	70439	0	0
2019.04.19	173.78	174.05	168.70	172.23	63476	0	0
2019.04.21	167.69	170.35	167.68	169.41	9230	0	0
2019.04.22	169.40	173.22	167.85	171.02	68329	0	0
2019.04.23	171.04	176.66	168.29	169.86	75489	0	0
2019.04.24	169.63	170.70	159.93	165.15	74584	0	0
2019.04.25	165.18	165.99	146.36	151.63	73802	0	0
2019.04.26	151.62	157.57	148.27	153.80	69808	0	0
2019.04.28	157.04	157.07	156.07	156.53	9357	0	0
2019.04.29	156.47	158.16	151.16	155.48	74869	0	0
2019.04.30	155.50	164.90	154.60	163.78	79498	0	0
2019.05.01	163.74	166.07	158.29	160.78	77905	0	0
2019.05.02	160.48	163.99	158.77	162.53	77981	0	0
2019.05.03	162.47	172.78	160.14	169.46	69957	0	0
2019.05.05	165.13	166.23	163.77	164.79	9677	0	0
2019.05.06	164.79	179.65	160.67	174.82	79668	0	0
2019.05.07	174.85	184.50	169.09	169.75	81857	0	0
2019.05.08	169.79	173.68	162.60	171.56	81276	0	0
2019.05.09	171.38	174.89	165.93	170.26	78415	0	0
2019.05.10	170.26	175.68	167.23	170.53	68724	0	0
2019.05.12	189.42	190.29	184.62	187.45	10382	0	0
2019.05.13	187.48	206.12	183.36	194.73	82421	0	0
2019.05.14	194.72	219.69	193.50	216.18	83141	0	0
2019.05.15	216.20	248.92	215.77	246.90	83095	0	0
2019.05.16	246.78	278.36	239.91	262.90	83768	0	0
2019.05.17	262.71	267.71	218.66	232.52	73385	0	0
2019.05.18	232.93	238.24	232.10	232.80	19134	0	0
2019.05.19	232.86	263.35	230.89	259.58	82851	0	0
2019.05.20	259.41	259.42	237.77	251.04	83096	0	0
2019.05.21	251.09	263.04	246.46	253.50	82915	0	0
2019.05.22	253.53	260.29	234.43	242.12	82691	0	0
2019.05.23	242.12	247.56	229.41	244.53	83101	0	0
2019.05.24	244.58	254.69	241.39	252.65	72375	0	0
2019.05.25	248.47	257.41	246.81	250.07	82058	0	0
2019.05.26	250.07	270.38	244.23	266.94	81871	0	0
2019.05.27	267.04	278.62	261.97	270.74	82663	0	0
2019.05.28	270.75	275.49	263.46	270.45	82064	0	0
2019.05.29	270.46	273.37	258.69	268.53	82098	0	0
2019.05.30	268.54	287.94	233.25	252.96	82875	0	0
2019.05.31	253.09	263.16	243.92	260.96	72600	0	0
2019.06.01	266.50	273.85	259.58	263.51	82921	0	0
2019.06.02	263.55	273.06	262.63	268.40	82265	0	0
2019.06.03	268.43	269.13	245.13	248.46	82557	0	0
2019.06.04	248.48	250.00	232.30	240.10	82582	0	0
2019.06.05	240.11	248.12	236.97	245.25	82106	0	0
2019.06.06	245.29	250.44	234.68	248.67	81717	0	0
2019.06.07	248.77	253.15	243.93	246.72	70780	0	0
2019.06.08	248.59	250.25	240.82	243.49	80023	0	0
2019.06.09	243.48	244.18	222.84	230.42	80809	0	0
2019.06.10	230.40	247.25	226.36	246.85	81965	0	0
2019.06.11	246.71	248.11	236.18	244.28	80839	0	0
2019.06.12	244.28	262.32	241.88	261.44	80249	0	0
2019.06.13	261.45	263.50	253.11	254.20	80034	0	0
2019.06.14	254.19	257.70	247.04	256.42	69168	0	0
2019.06.15	262.56	272.03	260.48	267.96	81063	0	0
2019.06.16	267.98	278.09	262.39	267.22	81869	0	0
2019.06.17	267.19	274.74	266.20	272.91	81170	0	0
2019.06.18	272.80	273.40	259.69	263.42	80698	0	0
2019.06.19	263.43	269.12	262.46	268.09	76473	0	0
2019.06.20	268.09	273.65	265.35	271.37	76233	0	0
2019.06.21	271.38	294.58	271.25	292.82	71575	0	0
2019.06.22	294.54	314.13	291.51	307.86	83163	0	0
2019.06.23	307.88	316.91	300.89	305.72	83130	0	0
2019.06.24	305.65	312.04	292.05	310.22	82025	0	0
2019.06.25	310.22	315.87	304.89	315.20	82064	0	0
2019.06.26	315.23	360.71	302.80	331.50	81671	0	0
2019.06.27	331.50	341.21	272.44	292.63	83831	0	0
2019.06.28	292.54	311.12	288.32	305.37	73141	0	0
2019.06.29	307.89	322.71	289.88	315.94	83355	0	0
2019.06.30	315.81	322.03	284.40	289.11	82908	0	0
2019.07.01	289.10	300.60	276.26	293.01	83486	0	0
2019.07.02	293.00	295.50	269.22	290.45	82278	0	0
2019.07.03	290.46	302.50	288.39	301.11	82821	0	0
2019.07.04	301.12	303.14	278.76	281.50	82390	0	0
2019.07.05	281.52	294.10	278.85	285.67	72164	0	0
2019.07.06	286.42	297.27	283.82	286.83	82657	0	0
2019.07.07	286.83	309.61	282.67	305.29	82450	0	0
2019.07.08	305.32	314.00	301.13	312.21	80595	0	0
2019.07.09	312.20	317.24	301.71	306.69	81992	0	0
2019.07.10	306.72	313.36	274.25	287.55	82574	0	0
2019.07.11	287.53	287.57	260.49	267.67	81558	0	0
2019.07.12	267.71	278.15	264.97	275.91	72243	0	0
2019.07.13	274.25	274.66	260.35	267.37	82322	0	0
2019.07.14	267.33	268.33	194.14	225.07	82542	0	0
2019.07.15	224.86	234.40	201.91	227.39	82748	0	0
2019.07.16	227.30	233.48	189.63	197.83	82567	0	0
2019.07.17	197.83	218.96	191.01	210.45	82860	0	0
2019.07.18	210.47	228.93	205.24	225.45	82167	0	0
2019.07.19	225.45	225.96	212.12	219.44	72125	0	0
2019.07.20	220.41	234.73	219.04	227.81	81161	0	0
2019.07.21	227.82	228.93	216.15	224.66	80650	0	0
2019.07.22	224.70	227.42	210.69	216.49	80218	0	0
2019.07.23	216.53	218.50	207.52	211.30	80471	0	0
2019.07.24	211.27	217.42	199.87	215.95	81544	0	0
2019.07.25	215.89	224.99	214.40	218.50	80644	0	0
2019.07.26	218.51	219.72	211.96	217.40	69057	0	0
2019.07.27	218.41	222.99	201.25	205.87	80834	0	0
2019.07.28	205.94	212.54	196.33	210.36	79283	0	0
2019.07.29	210.36	214.21	205.38	210.01	80608	0	0
2019.07.30	209.99	213.79	202.97	209.17	78158	0	0
2019.07.31	209.16	218.27	208.80	217.97	76714	0	0
2019.08.01	217.97	218.71	210.12	216.75	71449	0	0
2019.08.02	216.73	221.80	213.93	214.86	65406	0	0
2019.08.03	216.95	223.83	215.46	221.22	78532	0	0
2019.08.04	221.20	222.89	216.41	221.89	78536	0	0
2019.08.05	221.85	235.96	221.77	232.25	78817	0	0
2019.08.06	232.23	238.61	221.82	225.25	79508	0	0
2019.08.07	225.25	230.37	219.46	225.37	79806	0	0
2019.08.08	225.38	225.98	213.55	220.40	77293	0	0
2019.08.09	220.32	220.93	206.09	208.95	67693	0	0
2019.08.10	209.62	214.05	198.96	205.46	79119	0	0
2019.08.11	205.46	216.13	204.85	215.23	73795	0	0
2019.08.12	215.41	216.03	208.63	210.84	71531	0	0
2019.08.13	210.82	210.82	202.44	208.05	70640	0	0
2019.08.14	207.99	208.80	181.33	186.03	77470	0	0
2019.08.15	186.03	189.12	171.37	187.51	80066	0	0
2019.08.16	187.53	187.66	177.66	184.55	68521	0	0
2019.08.17	184.71	186.37	181.09	185.09	77490	0	0
2019.08.18	185.11	197.60	182.75	194.15	74253	0	0
2019.08.19	194.16	202.98	192.31	201.76	72994	0	0
2019.08.20	201.77	202.33	193.91	196.12	73733	0	0
2019.08.21	196.12	196.72	179.34	186.60	76066	0	0
2019.08.22	186.61	194.51	181.91	189.86	78624	0	0
2019.08.23	189.87	195.94	185.63	192.09	65802	0	0
2019.08.24	193.74	193.91	185.24	190.26	74373	0	0
2019.08.25	190.26	192.10	182.04	185.58	72999	0	0
2019.08.26	185.60	193.50	185.05	187.74	73240	0	0
2019.08.27	187.75	188.48	183.75	186.42	69884	0	0
2019.08.28	186.42	187.38	165.13	172.20	67743	0	0
2019.08.29	172.21	172.84	163.23	168.59	74601	0	0
2019.08.30	168.59	169.98	165.10	168.51	62466	0	0
2019.08.31	167.93	174.45	165.30	171.33	70817	0	0
2019.09.01	171.32	173.16	167.45	170.77	60815	0	0
2019.09.02	170.76	180.92	169.95	178.04	64925	0	0
2019.09.03	178.03	182.32	173.95	178.53	70979	0	0
2019.09.04	178.54	179.84	172.94	174.39	72971	0	0
2019.09.05	174.39	175.25	168.54	173.35	65713	0	0
2019.09.06	173.36	177.91	164.51	168.26	58549	0	0
2019.09.07	168.54	180.48	167.62	177.40	68750	0	0
2019.09.08	177.39	183.96	176.02	180.91	74862	0	0
2019.09.09	180.90	185.25	175.60	180.03	72962	0	0
2019.09.10	180.03	183.87	175.42	179.35	72330	0	0
2019.09.11	179.36	181.79	173.39	177.98	66142	0	0
2019.09.12	177.99	182.25	176.00	180.71	64478	0	0
2019.09.13	180.71	181.50	177.15	180.62	54085	0	0
2019.09.14	181.06	188.84	179.77	188.49	56771	0	0
2019.09.15	188.47	190.48	185.89	188.80	63753	0	0
2019.09.16	188.82	198.94	187.96	196.90	70624	0	0
2019.09.17	196.90	214.58	195.38	207.30	73690	0	0
2019.09.18	207.30	216.85	207.08	209.44	77434	0	0
2019.09.19	209.44	223.76	198.85	220.27	77592	0	0
2019.09.20	220.32	221.61	211.33	215.91	66447	0	0
2019.09.21	217.59	221.02	212.55	214.28	75006	0	0
2019.09.22	214.29	214.96	205.38	210.57	74946	0	0
2019.09.23	210.63	211.13	197.69	200.42	76221	0	0
2019.09.24	200.41	201.89	153.44	165.39	78509	0	0
2019.09.25	165.32	174.49	161.36	169.73	80468	0	0
2019.09.26	169.74	170.62	151.87	165.68	75824	0	0
2019.09.27	165.68	171.53	160.87	170.82	64164	0	0
2019.09.28	173.89	175.43	167.95	173.51	74382	0	0
2019.09.29	173.52	174.38	163.80	168.97	73445	0	0
2019.09.30	168.96	181.41	164.86	181.02	75509	0	0
2019.10.01	181.04	185.43	173.05	175.55	76682	0	0
2019.10.02	175.56	181.00	173.53	180.25	72545	0	0
2019.10.03	180.24	180.67	163.98	174.67	69776	0	0
2019.10.04	174.68	179.00	170.44	176.91	61968	0	0
2019.10.05	175.30	176.63	171.47	176.17	70373	0	0
2019.10.06	176.16	176.72	167.14	169.68	71341	0	0
2019.10.07	169.72	182.14	168.18	179.81	74280	0	0
2019.10.08	179.84	184.76	176.73	180.14	75659	0	0
2019.10.09	180.16	195.44	178.58	192.88	75970	0	0
2019.10.10	192.89	194.17	186.73	191.06	75597	0	0
2019.10.11	191.06	196.93	178.77	181.30	66226	0	0
2019.10.12	180.21	184.28	176.72	179.29	72386	0	0
2019.10.13	179.30	184.07	178.01	180.45	71686	0	0
2019.10.14	180.42	187.26	179.85	186.29	71388	0	0
2019.10.15	186.29	187.88	175.85	179.97	70657	0	0
2019.10.16	179.97	180.69	171.29	174.01	67570	0	0
2019.10.17	174.01	178.72	172.26	176.77	66326	0	0
2019.10.18	176.78	177.01	167.82	173.82	60972	0	0
2019.10.19	172.48	174.64	169.34	171.57	71619	0	0
2019.10.20	171.55	176.41	168.82	175.06	71699	0	0
2019.10.21	175.04	177.70	171.33	173.86	64514	0	0
2019.10.22	173.87	174.97	169.93	170.88	69784	0	0
2019.10.23	170.88	171.27	152.45	161.83	69511	0	0
2019.10.24	161.81	163.38	157.20	160.03	72194	0	0
2019.10.25	160.04	186.88	159.83	180.33	65201	0	0
2019.10.26	181.03	197.89	173.11	179.33	81306	0	0
2019.10.27	179.34	188.46	176.30	183.49	77823	0	0
2019.10.28	183.52	189.50	180.20	181.24	78951	0	0
2019.10.29	181.27	192.62	180.92	190.49	78052	0	0
2019.10.30	190.50	191.75	179.22	182.90	76807	0	0
2019.10.31	182.91	184.86	177.13	181.95	76561	0	0
2019.11.01	181.96	184.30	176.52	183.90	64695	0	0
2019.11.02	182.85	185.78	181.62	182.96	74740	0	0
2019.11.03	182.95	184.73	178.47	181.20	72605	0	0
2019.11.04	181.19	188.96	179.84	185.72	72002	0	0
2019.11.05	185.69	191.83	181.66	188.31	72330	0	0
2019.11.06	188.28	193.97	187.30	190.69	72429	0	0
2019.11.07	190.71	191.80	183.58	185.90	72069	0	0
2019.11.08	185.90	187.64	180.12	183.46	65929	0	0
2019.11.09	183.12	185.19	181.81	184.06	73147	0	0
2019.11.10	184.09	191.16	182.54	188.48	73748	0	0
2019.11.11	188.49	189.71	183.12	184.10	68966	0	0
2019.11.12	184.11	186.73	181.41	186.44	69331	0	0
2019.11.13	186.43	188.81	184.20	187.34	61603	0	0
2019.11.14	187.35	187.90	182.38	184.29	62252	0	0
2019.11.15	184.29	186.28	176.60	178.99	57566	0	0
2019.11.16	179.48	182.83	178.71	181.97	65832	0	0
2019.11.17	181.96	185.69	179.67	183.41	64387	0	0
2019.11.18	183.41	183.65	173.85	177.68	66637	0	0
2019.11.19	177.68	178.07	172.07	175.58	71901	0	0
2019.11.20	175.58	177.22	172.88	174.27	68269	0	0
2019.11.21	174.27	175.45	155.01	160.44	73313	0	0
2019.11.22	160.44	162.23	137.64	152.42	68637	0	0
2019.11.23	149.62	154.03	146.18	151.69	74883	0	0
2019.11.24	151.69	152.67	138.36	139.66	75231	0	0
2019.11.25	139.56	151.37	130.15	145.75	79522	0	0
2019.11.26	145.76	149.74	143.36	147.45	75225	0	0
2019.11.27	147.46	155.41	140.81	152.41	75469	0	0
2019.11.28	152.40	154.42	149.10	150.53	67999	0	0
2019.11.29	150.52	157.57	150.06	154.04	63908	0	0
2019.11.30	154.57	155.22	149.40	151.39	71840	0	0
2019.12.01	151.26	152.12	145.69	150.61	76164	0	0
2019.12.02	150.61	151.23	146.23	148.62	71552	0	0
2019.12.03	148.63	149.78	145.24	146.98	67784	0	0
2019.12.04	146.99	152.00	142.78	145.02	72452	0	0
2019.12.05	145.03	148.62	143.45	147.94	70669	0	0
2019.12.06	147.95	149.63	145.51	147.73	58333	0	0
2019.12.07	148.47	149.57	146.72	147.02	63339	0	0
2019.12.08	147.03	151.64	145.91	150.33	58898	0	0
2019.12.09	150.34	151.04	146.34	147.11	62108	0	0
2019.12.10	147.11	147.93	143.55	145.38	57604	0	0
2019.12.11	145.39	146.19	141.77	143.02	52876	0	0
2019.12.12	143.03	145.48	138.95	144.56	57443	0	0
2019.12.13	144.57	144.89	142.07	144.18	41768	0	0
2019.12.14	144.53	144.79	140.78	141.48	45503	0	0
2019.12.15	141.49	143.74	139.51	142.27	50515	0	0
2019.12.16	142.27	142.32	128.87	132.13	63287	0	0
2019.12.17	132.11	132.39	119.47	121.74	67142	0	0
2019.12.18	121.76	134.12	116.01	132.59	74866	0	0
2019.12.19	132.58	133.79	125.47	127.90	64850	0	0
2019.12.20	127.89	128.97	125.29	128.18	47859	0	0
2019.12.21	128.05	128.18	126.31	126.91	43071	0	0
2019.12.22	126.91	132.89	126.59	132.01	52453	0	0
2019.12.23	132.00	134.92	125.85	127.44	60073	0	0
2019.12.24	127.46	129.28	126.42	127.35	57107	0	0
2019.12.25	127.36	127.46	122.96	124.58	59777	0	0
2019.12.26	124.60	131.89	123.67	125.32	59580	0	0
2019.12.27	125.33	126.61	121.97	125.14	54526	0	0
2019.12.28	126.01	129.34	125.50	127.68	65262	0	0
2019.12.29	127.69	137.64	127.01	134.08	61274	0	0
2019.12.30	134.07	135.70	129.71	130.97	63870	0	0
2019.12.31	130.98	133.01	127.40	128.42	64283	0	0
2020.01.01	128.42	132.37	127.84	130.07	59559	0	0
2020.01.02	130.03	130.05	125.69	126.64	62041	0	0
2020.01.03	126.65	134.56	125.25	133.10	57907	0	0
2020.01.04	133.99	135.44	132.13	133.79	56883	0	0
2020.01.05	133.79	137.93	133.75	134.92	62456	0	0
2020.01.06	134.94	143.92	134.35	143.73	66903	0	0
2020.01.07	143.72	144.57	138.42	142.54	68723	0	0
2020.01.08	142.53	147.37	136.62	140.17	71092	0	0
2020.01.09	140.18	140.89	134.79	137.25	66376	0	0
2020.01.10	137.26	144.59	134.77	142.75	60024	0	0
2020.01.11	144.18	147.29	141.57	141.91	70278	0	0
2020.01.12	141.92	145.83	141.26	145.82	63968	0	0
2020.01.13	145.84	146.39	141.70	143.12	55661	0	0
2020.01.14	143.12	169.69	143.01	164.86	74593	0	0
2020.01.15	164.61	170.98	158.29	165.64	78895	0	0
2020.01.16	165.65	166.77	157.50	163.56	76528	0	0
2020.01.17	163.57	173.71	161.28	168.32	68250	0	0
2020.01.18	168.83	178.72	164.25	173.34	79332	0	0
2020.01.19	173.37	177.32	160.89	166.16	77988	0	0
2020.01.20	166.16	168.79	160.51	166.17	72299	0	0
2020.01.21	166.18	169.41	164.12	168.70	72582	0	0
2020.01.22	168.71	170.60	165.13	167.17	73506	0	0
2020.01.23	167.18	167.34	158.04	162.08	76142	0	0
2020.01.24	162.06	163.80	154.73	162.72	67464	0	0
2020.01.25	161.82	161.98	156.98	159.68	73817	0	0
2020.01.26	159.63	167.35	158.64	167.21	74231	0	0
2020.01.27	167.22	171.29	164.44	169.37	73791	0	0
2020.01.28	169.37	175.90	169.35	175.33	77041	0	0
2020.01.29	175.38	178.03	172.55	172.94	75930	0	0
2020.01.30	172.93	186.07	169.90	183.81	77520	0	0
2020.01.31	183.82	184.89	174.61	180.02	67176	0	0
2020.02.01	179.46	183.58	178.71	183.10	77185	0	0
2020.02.02	183.11	192.77	178.29	187.72	61286	0	0
2020.02.03	187.75	194.59	185.91	189.02	78370	0	0
2020.02.04	189.00	190.86	183.69	187.92	77325	0	0
2020.02.05	187.93	206.93	187.09	203.04	78225	0	0
2020.02.06	203.00	215.30	199.76	212.14	79917	0	0
2020.02.07	212.13	223.34	212.10	217.90	70183	0	0
2020.02.08	222.29	227.24	212.41	222.24	80844	0	0
2020.02.09	222.24	229.52	222.05	227.79	79628	0	0
2020.02.10	227.81	228.59	215.55	222.13	80683	0	0
2020.02.11	222.14	238.58	215.49	236.86	74748	0	0
2020.02.12	236.83	274.23	236.66	264.93	82208	0	0
2020.02.13	264.99	276.26	252.39	267.45	82769	0	0
2020.02.14	267.52	283.88	259.03	281.76	72054	0	0
2020.02.15	284.29	287.31	259.10	263.52	82720	0	0
2020.02.16	263.49	272.75	233.16	257.54	83278	0	0
2020.02.17	257.40	267.61	241.69	267.09	82868	0	0
2020.02.18	267.10	285.38	258.11	282.22	82847	0	0
2020.02.19	282.19	285.82	249.47	257.12	82550	0	0
2020.02.20	257.16	263.15	244.33	256.20	82364	0	0
2020.02.21	256.22	267.52	252.87	263.03	71381	0	0
2020.02.22	264.65	265.96	255.14	260.72	82182	0	0
2020.02.23	260.74	275.39	260.22	274.18	81873	0	0
2020.02.24	274.26	276.87	255.18	264.53	81883	0	0
2020.02.25	264.54	265.22	243.61	245.74	82301	0	0
2020.02.26	245.76	249.13	214.47	222.87	82559	0	0
2020.02.27	222.91	237.30	208.87	226.94	81866	0	0
2020.02.28	226.94	233.66	212.86	222.98	71512	0	0
2020.02.29	226.68	232.31	216.49	216.78	81191	0	0
2020.03.01	216.73	227.21	211.34	216.75	81384	0	0
2020.03.02	216.68	233.72	215.10	231.42	80117	0	0
2020.03.03	231.42	232.12	219.47	223.31	78614	0	0
2020.03.04	223.27	228.26	219.87	223.89	76026	0	0
2020.03.05	223.90	233.70	223.82	228.03	78056	0	0
2020.03.06	228.03	241.05	226.77	238.77	68474	0	0
2020.03.07	244.66	251.90	235.86	236.87	78521	0	0
2020.03.08	236.86	237.00	195.23	198.69	70478	0	0
2020.03.09	198.77	207.97	189.17	202.27	81978	0	0
2020.03.10	202.28	205.72	193.96	200.20	80207	0	0
2020.03.11	200.19	202.52	180.90	194.29	79988	0	0
2020.03.12	194.27	195.21	100.85	108.46	84136	0	0
2020.03.13	108.20	141.91	87.57	127.57	74183	0	0
2020.03.14	134.42	134.88	120.58	121.96	80795	0	0
2020.03.15	121.98	133.45	119.60	123.13	81956	0	0
2020.03.16	123.20	123.62	100.49	110.99	82396	0	0
2020.03.17	110.99	120.98	109.34	115.66	81279	0	0
2020.03.18	115.69	118.37	109.84	118.02	78699	0	0
2020.03.19	118.03	142.84	115.36	135.89	79512	0	0
2020.03.20	135.88	152.30	114.76	124.77	72328	0	0
2020.03.21	132.86	137.07	125.36	132.38	82614	0	0
2020.03.22	132.34	136.84	120.29	121.76	80510	0	0
2020.03.23	121.82	137.36	118.72	136.13	80294	0	0
2020.03.24	136.11	143.43	132.55	138.37	80689	0	0
2020.03.25	138.38	142.15	132.02	135.68	79095	0	0
2020.03.26	135.68	139.61	133.01	138.50	74115	0	0
2020.03.27	138.49	141.40	133.99	137.08	65500	0	0
2020.03.28	130.87	132.83	124.52	130.80	76057	0	0
2020.03.29	130.79	131.61	122.09	124.01	68918	0	0
2020.03.30	124.05	134.97	123.76	131.90	74370	0	0
2020.03.31	131.86	134.87	130.09	132.74	70987	0	0
2020.04.01	132.71	136.82	128.62	135.82	69246	0	0
2020.04.02	135.82	149.67	135.17	140.97	75100	0	0
2020.04.03	140.98	146.29	137.45	140.24	67761	0	0
2020.04.04	140.98	146.10	138.65	144.06	73367	0	0
2020.04.05	144.05	145.50	140.21	142.39	67671	0	0
2020.04.06	142.42	171.32	142.35	170.71	77775	0	0
2020.04.07	170.75	175.60	161.31	163.86	78925	0	0
2020.04.08	163.85	173.83	162.86	172.67	74936	0	0
2020.04.09	172.68	172.85	164.39	169.15	69094	0	0
2020.04.10	169.07	169.62	151.88	158.52	64135	0	0
2020.04.11	157.41	160.92	153.65	157.93	69732	0	0
2020.04.12	157.93	164.81	154.63	158.18	69185	0	0
2020.04.13	158.09	158.72	148.83	156.19	72439	0	0
2020.04.14	156.14	161.56	154.80	157.96	73194	0	0
2020.04.15	157.95	160.89	151.38	152.27	70642	0	0
2020.04.16	152.28	174.50	147.59	171.81	78757	0	0
2020.04.17	171.84	172.85	167.83	170.29	66601	0	0
2020.04.18	170.37	189.44	170.16	186.97	72704	0	0
2020.04.19	186.97	188.01	175.82	179.61	77554	0	0
2020.04.20	179.64	185.93	165.94	169.83	81504	0	0
2020.04.21	169.80	174.25	167.67	170.49	80979	0	0
2020.04.22	170.45	183.62	169.38	182.43	77668	0	0
2020.04.23	182.43	193.86	177.83	185.03	79650	0	0
2020.04.24	185.05	189.29	184.47	187.55	69290	0	0
2020.04.25	187.09	197.20	185.25	193.56	79417	0	0
2020.04.26	193.58	199.18	191.70	197.15	76992	0	0
2020.04.27	197.08	198.51	188.77	195.79	78716	0	0
2020.04.28	195.82	197.07	191.63	195.87	72028	0	0
2020.04.29	195.89	218.03	195.88	214.55	73450	0	0
2020.04.30	214.56	226.28	201.25	205.72	80243	0	0
2020.05.01	205.73	216.76	205.66	209.16	65804	0	0
2020.05.02	211.06	214.76	209.71	213.49	69355	0	0
2020.05.03	213.49	218.70	202.33	209.43	70687	0	0
2020.05.04	209.44	210.15	194.49	205.99	76511	0	0
2020.05.05	206.00	211.35	200.38	204.62	73171	0	0
2020.05.06	204.64	210.26	197.44	198.22	77191	0	0
2020.05.07	198.21	214.69	195.80	211.59	80515	0	0
2020.05.08	211.55	216.19	206.37	213.84	69428	0	0
2020.05.09	210.49	213.95	207.38	209.08	77649	0	0
2020.05.10	209.09	209.17	172.00	186.91	82633	0	0
2020.05.11	186.83	192.95	175.10	185.06	82907	0	0
2020.05.12	185.07	191.67	184.82	189.23	79742	0	0
2020.05.13	189.15	200.61	187.70	199.22	77912	0	0
2020.05.14	199.22	205.43	195.08	202.75	78817	0	0
2020.05.15	202.75	203.41	190.48	192.71	68652	0	0
2020.05.16	193.81	202.53	192.35	199.69	78019	0	0
2020.05.17	199.70	209.12	198.04	206.15	74494	0	0
2020.05.18	206.16	216.11	206.03	213.99	76666	0	0
2020.05.19	214.00	214.99	208.28	214.05	73505	0	0
2020.05.20	214.05	214.89	204.26	209.11	72163	0	0
2020.05.21	209.10	210.82	190.82	197.79	75690	0	0
2020.05.22	197.82	208.66	195.47	207.47	67310	0	0
2020.05.23	206.71	210.68	203.80	206.06	73220	0	0
2020.05.24	206.07	210.00	198.66	198.76	66101	0	0
2020.05.25	198.88	204.83	197.22	203.35	52825	0	0
2020.05.26	203.32	204.27	196.11	200.16	54774	0	0
2020.05.27	200.18	208.21	200.01	208.20	50183	0	0
2020.05.28	208.21	220.43	204.50	220.24	52306	0	0
2020.05.29	220.20	224.62	217.35	219.79	49431	0	0
2020.05.30	220.25	246.69	218.44	243.46	70353	0	0
2020.05.31	243.42	245.05	229.12	231.12	70675	0	0
2020.06.01	231.17	251.17	230.10	248.51	77025	0	0
2020.06.02	248.46	253.16	224.96	237.56	65352	0	0
2020.06.03	237.56	245.04	233.05	244.50	65065	0	0
2020.06.04	244.48	246.40	235.91	242.97	65603	0	0
2020.06.05	242.97	247.54	239.04	241.47	58435	0	0
2020.06.06	239.86	244.26	237.53	241.67	60120	0	0
2020.06.07	241.66	245.10	234.53	244.48	61282	0	0
2020.06.08	244.49	247.55	240.70	246.36	48592	0	0
2020.06.09	246.38	249.65	230.18	243.83	52310	0	0
2020.06.10	243.84	249.99	241.92	247.74	46161	0	0
2020.06.11	247.76	249.94	225.29	229.99	64366	0	0
2020.06.12	230.02	239.37	227.63	237.58	49232	0	0
2020.06.13	237.45	238.77	234.09	238.12	53320	0	0
2020.06.14	238.13	238.56	229.52	231.43	50733	0	0
2020.06.15	231.38	233.48	217.98	230.74	65688	0	0
2020.06.16	230.76	235.70	228.29	235.14	52514	0	0
2020.06.17	235.14	236.92	227.62	233.54	55434	0	0
2020.06.18	233.55	234.36	227.36	231.03	43369	0	0
2020.06.19	231.01	231.68	226.21	229.25	44128	0	0
2020.06.20	228.62	230.56	225.42	228.90	46417	0	0
2020.06.21	228.88	231.20	226.76	227.78	42435	0	0
2020.06.22	227.76	246.49	227.16	243.00	49373	0	0
2020.06.23	243.02	244.69	240.59	242.95	44433	0	0
2020.06.24	242.93	248.71	230.62	234.48	49722	0	0
2020.06.25	234.47	235.19	227.09	232.36	50108	0	0
2020.06.26	232.37	233.34	227.29	230.05	42805	0	0
2020.06.27	229.44	231.05	215.43	220.68	49870	0	0
2020.06.28	220.65	227.59	217.45	224.45	49734	0	0
2020.06.29	224.60	229.65	220.84	227.59	50614	0	0
2020.06.30	227.62	228.45	222.93	225.51	38551	0	0
2020.07.01	225.52	232.67	224.13	230.95	38453	0	0
2020.07.02	230.98	232.06	222.97	226.43	47180	0	0
2020.07.03	226.45	228.08	225.42	226.75	27220	0	0
2020.07.04	224.89	230.68	224.47	229.28	38056	0	0
2020.07.05	229.29	230.00	223.51	227.52	45581	0	0
2020.07.06	227.47	241.83	226.95	241.60	54427	0	0
2020.07.07	241.60	243.52	234.46	239.43	49022	0	0
2020.07.08	239.45	248.42	237.83	246.51	59943	0	0
2020.07.09	246.50	246.97	237.17	241.40	42641	0	0
2020.07.10	241.38	241.51	234.45	238.79	34601	0	0
2020.07.11	240.68	241.09	236.94	238.62	37903	0	0
2020.07.12	238.61	243.33	236.04	242.21	35337	0	0
2020.07.13	242.16	244.58	236.55	238.81	42404	0	0
2020.07.14	238.80	241.39	236.19	239.79	35050	0	0
2020.07.15	239.78	240.86	236.01	237.82	32734	0	0
2020.07.16	237.83	238.55	229.25	233.01	36831	0	0
2020.07.17	233.02	234.00	230.01	231.95	24108	0	0
2020.07.18	232.14	236.36	231.59	235.18	27617	0	0
2020.07.19	235.19	239.27	232.76	238.65	27169	0	0
2020.07.20	238.67	239.26	233.65	235.65	28852	0	0
2020.07.21	235.64	246.47	235.23	245.09	36668	0	0
2020.07.22	245.06	269.58	241.27	263.69	36177	0	0
2020.07.23	263.68	280.34	259.51	274.77	51778	0	0
2020.07.24	274.83	286.38	267.46	285.54	47892	0	0
2020.07.25	278.86	308.88	278.57	305.06	60925	0	0
2020.07.26	305.07	319.79	299.37	311.05	69477	0	0
2020.07.27	311.00	332.97	310.78	321.87	80698	0	0
2020.07.28	321.85	326.73	305.51	317.01	74473	0	0
2020.07.29	317.00	325.01	312.20	317.66	66292	0	0
2020.07.30	317.64	341.67	313.96	334.78	65075	0	0
2020.07.31	334.74	347.37	327.77	344.77	58167	0	0
2020.08.01	345.89	392.43	342.66	386.69	78322	0	0
2020.08.02	386.61	414.53	328.29	371.48	101320	0	0
2020.08.03	371.44	397.37	365.77	385.34	84381	0	0
2020.08.04	385.40	402.05	379.59	389.03	86346	0	0
2020.08.05	389.02	406.85	383.02	400.40	76137	0	0
2020.08.06	400.38	403.04	389.81	394.35	74771	0	0
2020.08.07	394.40	397.68	360.48	376.99	68674	0	0
2020.08.08	378.79	396.18	375.13	395.87	71268	0	0
2020.08.09	396.06	399.44	383.02	389.79	76718	0	0
2020.08.10	389.82	399.17	382.34	395.03	69586	0	0
2020.08.11	395.00	397.32	365.41	378.22	76774	0	0
2020.08.12	378.18	388.67	364.53	386.22	73640	0	0
2020.08.13	386.26	430.73	375.30	423.64	83528	0	0
2020.08.14	423.73	443.42	416.87	438.80	75116	0	0
2020.08.15	437.77	442.41	425.63	431.86	86809	0	0
2020.08.16	431.89	436.35	411.74	433.14	84869	0	0
2020.08.17	433.17	446.14	419.93	430.36	85524	0	0
2020.08.18	430.37	433.75	413.74	421.51	88286	0	0
2020.08.19	421.40	426.25	391.04	407.06	94046	0	0
2020.08.20	407.15	418.34	401.45	415.40	89477	0	0
2020.08.21	415.39	418.00	393.35	394.55	75364	0	0
2020.08.22	386.81	396.31	378.19	394.74	87047	0	0
2020.08.23	394.78	396.49	382.07	389.96	87297	0	0
2020.08.24	390.09	409.63	386.63	407.11	84745	0	0
2020.08.25	407.17	408.37	368.59	382.73	84869	0	0
2020.08.26	382.59	392.49	376.29	385.51	81376	0	0
2020.08.27	385.53	396.54	368.94	382.61	89454	0	0
2020.08.28	382.71	397.44	379.22	393.30	73347	0	0
2020.08.29	394.82	405.17	391.10	398.35	78596	0	0
2020.08.30	398.37	429.02	397.18	428.20	79808	0	0
2020.08.31	428.19	438.26	416.87	433.31	87596	0	0
2020.09.01	433.33	487.61	428.56	474.38	93029	0	0
2020.09.02	474.50	480.64	416.16	438.88	98032	0	0
2020.09.03	439.01	450.04	370.31	381.32	104338	0	0
2020.09.04	381.46	399.71	356.14	390.77	87889	0	0
2020.09.05	385.32	394.08	308.08	334.62	112271	0	0
2020.09.06	334.59	359.45	315.21	351.74	102740	0	0
2020.09.07	351.84	357.82	321.94	352.88	89717	0	0
2020.09.08	352.89	355.85	324.76	336.85	89983	0	0
2020.09.09	336.86	358.33	329.33	350.14	80501	0	0
2020.09.10	350.07	377.29	348.72	367.41	95444	0	0
2020.09.11	367.56	372.05	354.84	367.95	78029	0	0
2020.09.12	373.15	387.61	363.73	386.88	87829	0	0
2020.09.13	386.92	389.37	352.01	365.37	91563	0	0
2020.09.14	365.50	383.94	354.83	376.63	91384	0	0
2020.09.15	376.65	381.83	361.46	363.53	86496	0	0
2020.09.16	363.61	372.90	354.47	364.62	84405	0	0
2020.09.17	364.58	393.52	362.22	388.76	88545	0	0
2020.09.18	388.74	391.80	374.58	379.55	77479	0	0
2020.09.19	383.87	387.56	376.01	384.55	84592	0	0
2020.09.20	384.56	384.83	363.47	370.12	78213	0	0
2020.09.21	370.12	375.96	330.89	339.35	91083	0	0
2020.09.22	339.41	346.04	334.84	343.45	84319	0	0
2020.09.23	343.46	343.92	312.64	320.26	81204	0	0
2020.09.24	320.28	352.53	315.96	348.19	83525	0	0
2020.09.25	348.25	357.52	336.68	354.32	74650	0	0
2020.09.26	351.33	355.98	344.86	353.28	85205	0	0
2020.09.27	353.18	361.56	346.12	357.00	81432	0	0
2020.09.28	356.92	367.24	350.73	353.29	78252	0	0
2020.09.29	353.31	359.99	349.13	359.33	77618	0	0
2020.09.30	359.31	360.68	350.68	359.06	72503	0	0
2020.10.01	359.18	368.86	344.25	352.31	79929	0	0
2020.10.02	352.00	353.73	333.36	346.17	69513	0	0
2020.10.03	344.72	350.79	342.85	345.74	66157	0	0
2020.10.04	345.73	353.69	343.30	351.77	59073	0	0
2020.10.05	351.43	355.27	347.75	352.93	62355	0	0
2020.10.06	352.93	354.39	336.03	340.04	70900	0	0
2020.10.07	340.08	342.12	331.57	341.06	77006	0	0
2020.10.08	341.08	352.70	333.04	350.43	71870	0	0
2020.10.09	350.44	365.82	345.88	363.25	68278	0	0
2020.10.10	364.85	377.91	363.80	370.43	79708	0	0
2020.10.11	370.45	376.72	368.43	373.88	75050	0	0
2020.10.12	373.85	394.26	364.69	385.84	78943	0	0
2020.10.13	385.94	387.00	373.69	380.61	82307	0	0
2020.10.14	380.65	387.01	371.73	378.45	79473	0	0
2020.10.15	378.52	381.01	368.90	377.25	82062	0	0
2020.10.16	377.23	379.35	360.13	366.33	76273	0	0
2020.10.17	365.30	369.99	362.57	368.10	81909	0	0
2020.10.18	368.02	377.95	366.27	377.44	78398	0	0
2020.10.19	377.73	383.77	371.72	378.48	83266	0	0
2020.10.20	378.54	380.31	361.74	368.52	87235	0	0
2020.10.21	368.44	400.87	366.83	390.29	91763	0	0
2020.10.22	390.16	420.30	389.75	413.40	92357	0	0
2020.10.23	413.53	418.75	400.57	408.23	79582	0	0
2020.10.24	408.48	415.95	405.86	411.53	85040	0	0
2020.10.25	411.57	417.00	402.02	405.66	85690	0	0
2020.10.26	405.54	410.63	379.55	392.35	93653	0	0
2020.10.27	392.11	409.92	388.90	403.55	91733	0	0
2020.10.28	403.52	408.58	379.30	387.89	88864	0	0
2020.10.29	387.93	393.24	380.12	386.38	82441	0	0
2020.10.30	386.54	391.21	372.04	383.90	74594	0	0
2020.10.31	382.16	392.81	379.69	385.88	73654	0	0
2020.11.01	385.57	396.96	383.64	396.18	71053	0	0
2020.11.02	396.04	403.76	377.13	382.69	85256	0	0
2020.11.03	382.69	389.74	369.23	387.25	80603	0	0
2020.11.04	387.29	407.80	375.30	402.13	87224	0	0
2020.11.05	402.11	420.15	395.40	416.11	89738	0	0
2020.11.06	416.22	445.37	413.55	442.56	83120	0	0
2020.11.07	455.38	467.45	422.70	435.07	98673	0	0
2020.11.08	435.09	459.58	430.75	454.06	87905	0	0
2020.11.09	454.16	458.33	433.12	444.19	93047	0	0
2020.11.10	444.06	454.56	438.29	449.75	88835	0	0
2020.11.11	449.88	475.89	448.85	462.82	93939	0	0
2020.11.12	462.90	469.90	450.63	462.12	90347	0	0
2020.11.13	461.99	474.20	456.15	469.20	76327	0	0
2020.11.14	475.93	476.94	450.72	459.92	87405	0	0
2020.11.15	459.95	462.59	439.35	447.37	80375	0	0
2020.11.16	447.73	465.26	444.83	460.09	87556	0	0
2020.11.17	460.01	484.27	458.93	481.52	90152	0	0
2020.11.18	481.63	493.85	452.54	477.83	99795	0	0
2020.11.19	477.71	480.02	464.12	470.80	92721	0	0
2020.11.20	470.71	513.73	470.02	508.91	82748	0	0
2020.11.21	509.44	552.16	501.13	551.02	96961	0	0
2020.11.22	551.30	579.82	509.59	558.47	102743	0	0
2020.11.23	558.61	609.70	546.58	607.76	106585	0	0
2020.11.24	607.75	621.32	585.35	604.32	104745	0	0
2020.11.25	604.25	605.29	553.54	568.45	99342	0	0
2020.11.26	568.25	575.99	478.71	519.49	123420	0	0
2020.11.27	519.37	530.47	493.11	514.33	87571	0	0
2020.11.28	518.09	547.76	505.11	536.54	93096	0	0
2020.11.29	536.49	575.94	529.68	574.66	92236	0	0
2020.11.30	575.35	615.20	568.42	615.20	99778	0	0
2020.12.01	615.13	635.55	557.69	583.97	108001	0	0
2020.12.02	584.90	604.11	574.14	595.33	101353	0	0
2020.12.03	596.35	622.57	585.28	615.70	92579	0	0
2020.12.04	615.54	619.62	577.85	588.02	83150	0	0
2020.12.05	566.39	596.97	559.07	596.13	93536	0	0
2020.12.06	596.16	606.72	581.79	600.99	91277	0	0
2020.12.07	600.80	602.27	583.11	590.66	88658	0	0
2020.12.08	590.67	594.28	545.85	553.79	92462	0	0
2020.12.09	553.62	576.97	529.05	572.21	95475	0	0
2020.12.10	571.73	574.29	546.86	557.50	92453	0	0
2020.12.11	557.42	559.29	533.99	546.25	83350	0	0
2020.12.12	543.45	573.57	541.75	567.24	89512	0	0
2020.12.13	567.23	593.80	561.84	589.65	90333	0	0
2020.12.14	589.64	590.75	573.74	585.49	90023	0	0
2020.12.15	585.41	595.76	577.41	588.42	88815	0	0
2020.12.16	588.36	638.02	580.14	636.41	92756	0	0
2020.12.17	636.43	674.75	623.49	642.32	104243	0	0
2020.12.18	642.38	662.59	626.88	648.31	85764	0	0
2020.12.19	654.13	669.67	644.87	657.46	95560	0	0
2020.12.20	657.20	659.55	619.04	637.30	95671	0	0
2020.12.21	637.27	647.10	593.92	606.88	99296	0	0
2020.12.22	606.81	636.72	586.47	634.95	102164	0	0
2020.12.23	635.76	637.36	547.50	583.41	108345	0	0
2020.12.24	583.83	613.64	562.72	611.06	104399	0	0
2020.12.25	611.11	632.29	594.82	618.78	88245	0	0
2020.12.26	625.45	650.68	613.28	634.96	100527	0	0
2020.12.27	635.03	711.00	622.26	682.94	108289	0	0
2020.12.28	683.15	745.97	679.03	728.88	106823	0	0
2020.12.29	728.53	737.76	686.44	730.12	101635	0	0
2020.12.30	730.16	756.84	715.02	750.96	96982	0	0
2020.12.31	751.05	754.40	718.25	736.08	94506	0	0
2021.01.01	736.14	748.29	714.69	730.20	79720	0	0
2021.01.02	729.40	786.35	714.33	773.26	96533	0	0
2021.01.03	772.89	1008.70	766.41	975.95	109291	0	0
2021.01.04	976.86	1158.86	879.90	1039.19	121906	0	0
2021.01.05	1039.54	1131.37	968.73	1099.74	112808	0	0
2021.01.06	1100.30	1211.87	1056.08	1207.17	107414	0	0
2021.01.07	1208.31	1288.38	1143.65	1221.65	104295	0	0
2021.01.08	1221.49	1273.42	1061.00	1142.78	99989	0	0
2021.01.09	1214.80	1305.61	1167.43	1278.19	102078	0	0
2021.01.10	1278.85	1348.47	1158.72	1254.31	106395	0	0
2021.01.11	1253.81	1258.44	909.27	1085.19	126992	0	0
2021.01.12	1085.46	1147.58	1003.97	1049.08	115631	0	0
2021.01.13	1049.20	1134.44	982.48	1127.42	108144	0	0
2021.01.14	1127.44	1243.69	1083.61	1228.95	101309	0	0
2021.01.15	1229.11	1253.31	1067.49	1133.75	96156	0	0
2021.01.16	1166.67	1291.28	1149.46	1226.19	106559	0	0
2021.01.17	1226.49	1268.57	1161.42	1232.40	107562	0	0
2021.01.18	1229.87	1259.65	1180.76	1256.86	98772	0	0
2021.01.19	1257.09	1436.39	1250.90	1365.62	106551	0	0
2021.01.20	1365.03	1404.98	1231.74	1374.90	108399	0	0
2021.01.21	1375.10	1386.37	1080.48	1109.53	115935	0	0
2021.01.22	1109.73	1273.06	1040.51	1247.78	97018	0	0
2021.01.23	1231.76	1270.17	1193.33	1232.02	102178	0	0
2021.01.24	1231.84	1398.04	1218.14	1389.17	98012	0	0
2021.01.25	1391.02	1474.59	1291.67	1316.08	105843	0	0
2021.01.26	1315.65	1376.23	1244.39	1364.65	107324	0	0
2021.01.27	1364.65	1371.52	1205.10	1237.99	111131	0	0
2021.01.28	1239.36	1359.19	1217.82	1329.72	105461	0	0
2021.01.29	1330.00	1439.00	1283.96	1347.38	96501	0	0
2021.01.30	1377.18	1404.72	1324.39	1377.47	102217	0	0
2021.01.31	1377.75	1380.54	1281.39	1312.21	97494	0	0
2021.02.01	1312.03	1376.65	1269.42	1372.81	98313	0	0
2021.02.02	1373.43	1546.89	1358.89	1511.99	103317	0	0
2021.02.03	1511.95	1668.69	1507.60	1663.53	99721	0	0
2021.02.04	1663.80	1695.44	1554.73	1594.27	104400	0	0
2021.02.05	1594.40	1758.17	1588.21	1720.14	87660	0	0
2021.02.06	1717.98	1741.63	1644.04	1676.03	99032	0	0
2021.02.07	1675.81	1691.66	1488.79	1611.58	98684	0	0
2021.02.08	1611.63	1777.00	1561.93	1749.71	99868	0	0
2021.02.09	1749.81	1822.80	1708.65	1768.35	99224	0	0
2021.02.10	1768.63	1836.14	1677.92	1739.44	98891	0	0
2021.02.11	1739.76	1816.89	1702.18	1784.32	95433	0	0
2021.02.12	1783.53	1859.99	1737.40	1849.27	82342	0	0
2021.02.13	1841.92	1872.72	1761.86	1814.80	96216	0	0
2021.02.14	1814.85	1851.62	1782.64	1801.46	90901	0	0
2021.02.15	1801.54	1836.37	1653.02	1776.02	96413	0	0
2021.02.16	1776.32	1824.51	1721.11	1781.05	94456	0	0
2021.02.17	1781.05	1855.20	1730.93	1848.09	92979	0	0
2021.02.18	1848.12	1947.66	1846.79	1934.67	92091	0	0
2021.02.19	1934.92	1971.24	1887.26	1949.11	79268	0	0
2021.02.20	1954.08	2036.49	1810.82	1910.97	96000	0	0
2021.02.21	1909.87	1974.15	1880.29	1931.37	93024	0	0
2021.02.22	1931.91	1934.66	1531.05	1774.72	104609	0	0
2021.02.23	1774.80	1779.01	1358.87	1574.69	120497	0	0
2021.02.24	1574.81	1711.03	1497.01	1623.12	107398	0	0
2021.02.25	1623.27	1670.40	1456.27	1479.44	105092	0	0
2021.02.26	1479.96	1560.28	1398.45	1442.34	97649	0	0
2021.02.27	1442.23	1524.17	1422.84	1457.63	103966	0	0
2021.02.28	1457.86	1468.26	1292.96	1419.72	111060	0	0
2021.03.01	1419.05	1570.62	1409.94	1567.50	99902	0	0
2021.03.02	1568.04	1600.92	1453.58	1485.49	102453	0	0
2021.03.03	1486.33	1653.24	1474.25	1567.46	98606	0	0
2021.03.04	1567.79	1623.29	1501.48	1535.49	106346	0	0
2021.03.05	1536.18	1538.63	1439.32	1531.04	89364	0	0
2021.03.06	1527.47	1669.53	1509.07	1647.85	96989	0	0
2021.03.07	1648.77	1731.34	1628.47	1724.04	96581	0	0
2021.03.08	1724.92	1840.33	1663.89	1831.39	98072	0	0
2021.03.09	1831.69	1870.01	1798.12	1870.01	94437	0	0
2021.03.10	1870.25	1876.32	1756.44	1792.05	99267	0	0
2021.03.11	1792.97	1845.86	1724.34	1825.05	98267	0	0
2021.03.12	1825.46	1839.91	1718.55	1741.35	85915	0	0
2021.03.13	1763.75	1941.40	1726.34	1919.49	96534	0	0
2021.03.14	1919.45	1929.49	1832.76	1846.47	92853	0	0
2021.03.15	1846.48	1887.39	1731.95	1791.38	98124	0	0
2021.03.16	1791.55	1817.47	1709.38	1802.83	95592	0	0
2021.03.17	1803.08	1834.94	1736.92	1820.20	94417	0	0
2021.03.18	1819.81	1845.64	1757.09	1774.09	91470	0	0
2021.03.19	1774.08	1838.31	1731.23	1807.23	91118	0	0
2021.03.20	1807.03	1867.00	1797.91	1803.48	89815	0	0
2021.03.21	1803.99	1815.47	1745.00	1781.82	88685	0	0
2021.03.22	1780.84	1804.72	1654.73	1679.68	93507	0	0
2021.03.23	1679.35	1719.83	1648.84	1665.51	95467	0	0
2021.03.24	1666.02	1738.24	1543.93	1579.67	97447	0	0
2021.03.25	1579.93	1619.52	1544.65	1584.89	100456	0	0
2021.03.26	1584.39	1697.62	1584.39	1695.97	93092	0	0
2021.03.27	1696.11	1730.47	1663.57	1711.81	92629	0	0
2021.03.28	1711.27	1724.18	1659.65	1684.73	91199	0	0
2021.03.29	1684.82	1836.37	1673.47	1814.13	90567	0	0
2021.03.30	1814.21	1857.82	1783.58	1839.79	90002	0	0
2021.03.31	1839.83	1945.83	1769.33	1917.35	93279	0	0
2021.04.01	1917.60	1979.15	1885.14	1966.05	92008	0	0
2021.04.02	1966.06	2139.97	1946.21	2129.94	92473	0	0
2021.04.03	2130.22	2135.36	1997.54	2004.86	94827	0	0
2021.04.04	2004.39	2089.48	1975.74	2073.84	90792	0	0
2021.04.05	2073.60	2127.14	2000.31	2104.05	92848	0	0
2021.04.06	2104.00	2148.68	2043.75	2109.38	92997	0	0
2021.04.07	2109.61	2126.21	1927.52	1961.60	97823	0	0
2021.04.08	1961.64	2080.52	1946.40	2078.06	91979	0	0
2021.04.09	2077.95	2097.17	2045.27	2063.96	89868	0	0
2021.04.10	2063.50	2193.63	2053.93	2131.65	91829	0	0
2021.04.11	2131.27	2161.24	2108.67	2147.36	86752	0	0
2021.04.12	2146.77	2196.53	2097.81	2134.89	91633	0	0
2021.04.13	2134.94	2313.10	2132.65	2295.33	93227	0	0
2021.04.14	2295.09	2442.86	2279.14	2428.59	96018	0	0
2021.04.15	2428.59	2541.23	2396.72	2512.70	93495	0	0
2021.04.16	2512.91	2542.97	2299.34	2420.25	98262	0	0
2021.04.17	2418.77	2494.41	2307.36	2310.96	93984	0	0
2021.04.18	2311.18	2334.20	1967.67	2237.10	106823	0	0
2021.04.19	2235.54	2277.82	2071.03	2158.09	99869	0	0
2021.04.20	2158.13	2345.31	2051.59	2329.58	102831	0	0
2021.04.21	2328.84	2465.96	2233.98	2354.77	100148	0	0
2021.04.22	2354.28	2640.22	2299.84	2396.27	105851	0	0
2021.04.23	2395.73	2440.50	2105.73	2364.68	111635	0	0
2021.04.24	2363.62	2366.30	2156.11	2213.00	102132	0	0
2021.04.25	2214.01	2353.88	2162.49	2318.89	98400	0	0
2021.04.26	2319.73	2539.79	2301.89	2533.31	99388	0	0
2021.04.27	2533.58	2676.80	2482.38	2663.22	93140	0	0
2021.04.28	2662.78	2754.23	2557.29	2745.07	96065	0	0
2021.04.29	2745.97	2795.06	2669.09	2754.44	92628	0	0
2021.04.30	2754.62	2793.37	2722.98	2769.37	89612	0	0
2021.05.01	2768.98	2952.14	2751.20	2945.35	88944	0	0
2021.05.02	2945.41	2980.47	2850.63	2947.88	88963	0	0
2021.05.03	2948.17	3448.04	2948.17	3428.08	92981	0	0
2021.05.04	3429.12	3525.94	3169.15	3236.83	104207	0	0
2021.05.05	3236.63	3546.66	3206.55	3524.40	97712	0	0
2021.05.06	3524.64	3602.98	3378.41	3489.38	93987	0	0
2021.05.07	3489.88	3588.86	3353.02	3482.61	93212	0	0
2021.05.08	3482.60	3952.57	3452.42	3910.15	93916	0	0
2021.05.09	3910.54	3976.06	3722.93	3923.76	99805	0	0
2021.05.10	3924.06	4204.95	3663.57	3945.79	106023	0	0
2021.05.11	3946.01	4176.40	3769.65	4171.72	100735	0	0
2021.05.12	4171.50	4376.78	3827.30	3854.64	108914	0	0
2021.05.13	3853.26	4039.10	3543.85	3714.93	127875	0	0
2021.05.14	3714.67	4170.48	3690.86	4077.23	105890	0	0
2021.05.15	4076.95	4129.82	3629.41	3645.28	111054	0	0
2021.05.16	3644.18	3876.12	3340.76	3579.29	109866	0	0
2021.05.17	3578.62	3583.46	3113.66	3276.33	117116	0	0
2021.05.18	3276.58	3560.03	3236.76	3373.05	107702	0	0
2021.05.19	3373.03	3436.46	1950.20	2434.78	166683	0	0
2021.05.20	2436.09	2991.84	2153.54	2770.68	125864	0	0
2021.05.21	2771.19	2939.60	2137.61	2431.46	119781	0	0
2021.05.22	2431.39	2484.07	2154.50	2295.18	123844	0	0
2021.05.23	2295.43	2380.28	1737.32	2094.41	134750	0	0
2021.05.24	2095.92	2670.80	2079.75	2644.93	125667	0	0
2021.05.25	2645.19	2748.41	2384.42	2702.60	124731	0	0
2021.05.26	2703.23	2909.66	2645.68	2885.19	113691	0	0
2021.05.27	2884.42	2886.67	2638.68	2741.24	110101	0	0
2021.05.28	2739.87	2758.63	2327.34	2410.86	124261	0	0
2021.05.29	2411.05	2572.44	2206.86	2274.68	137291	0	0
2021.05.30	2274.93	2470.89	2179.15	2385.74	119617	0	0
2021.05.31	2386.14	2717.43	2272.66	2705.83	124760	0	0
2021.06.01	2705.95	2740.57	2526.59	2632.63	120290	0	0
2021.06.02	2632.80	2799.95	2551.86	2705.17	108955	0	0
2021.06.03	2705.47	2888.00	2661.78	2853.75	107247	0	0
2021.06.04	2854.13	2856.99	2553.02	2689.57	116088	0	0
2021.06.05	2689.79	2814.75	2550.12	2626.91	115761	0	0
2021.06.06	2626.70	2745.43	2612.62	2710.63	103331	0	0
2021.06.07	2710.80	2845.75	2573.03	2591.69	109359	0	0
2021.06.08	2591.29	2621.04	2306.62	2507.16	130156	0	0
2021.06.09	2507.24	2623.40	2406.56	2607.97	117986	0	0
2021.06.10	2608.06	2621.49	2425.76	2469.70	108421	0	0
2021.06.11	2469.47	2494.88	2319.79	2353.62	106884	0	0
2021.06.12	2353.05	2451.11	2257.82	2368.53	110828	0	0
2021.06.13	2368.63	2547.59	2308.03	2508.04	103485	0	0
2021.06.14	2507.92	2605.28	2460.84	2579.30	100209	0	0
2021.06.15	2579.45	2638.37	2506.54	2541.80	99255	0	0
2021.06.16	2541.51	2552.93	2348.48	2365.66	100337	0	0
2021.06.17	2365.82	2457.38	2302.62	2370.80	97320	0	0
2021.06.18	2370.86	2374.34	2137.29	2233.45	103204	0	0
2021.06.19	2233.86	2276.09	2160.80	2163.78	101221	0	0
2021.06.20	2164.05	2274.30	2041.25	2242.02	103432	0	0
2021.06.21	2242.10	2257.63	1866.65	1886.03	130696	0	0
2021.06.22	1885.86	1996.18	1703.93	1880.48	133778	0	0
2021.06.23	1881.29	2043.07	1823.95	1967.22	116426	0	0
2021.06.24	1967.35	2033.89	1883.18	1987.38	105128	0	0
2021.06.25	1987.46	2018.07	1789.27	1807.19	112459	0	0
2021.06.26	1807.28	1850.09	1716.94	1827.39	115723	0	0
2021.06.27	1827.40	1981.76	1805.26	1981.22	104191	0	0
2021.06.28	1981.74	2141.27	1958.81	2081.43	109198	0	0
2021.06.29	2081.57	2244.66	2073.18	2165.02	105204	0	0
2021.06.30	2165.30	2284.54	2086.16	2275.22	93236	0	0
2021.07.01	2275.03	2276.07	2071.57	2105.88	104151	0	0
2021.07.02	2106.38	2156.69	2015.50	2155.09	146724	0	0
2021.07.03	2155.20	2238.07	2109.45	2223.89	95788	0	196
2021.07.04	2223.66	2385.75	2186.20	2321.25	91790	0	182
2021.07.05	2320.81	2321.89	2157.38	2194.11	100479	0	212
2021.07.06	2194.44	2347.25	2192.49	2319.44	102071	0	218
2021.07.07	2319.78	2404.61	2292.71	2315.13	94199	0	165
2021.07.08	2315.06	2322.88	2081.73	2113.00	97707	0	214
2021.07.09	2113.84	2183.60	2046.83	2144.88	97092	0	234
2021.07.10	2144.81	2189.03	2073.72	2109.24	93669	0	259
2021.07.11	2109.33	2172.78	2079.41	2138.75	89001	0	187
2021.07.12	2139.17	2166.36	2006.90	2029.91	90464	0	221
2021.07.13	2029.34	2044.09	1915.21	1939.52	95154	0	242
2021.07.14	1939.59	2018.18	1863.46	1993.49	97254	0	180
2021.07.15	1993.59	2038.83	1880.21	1916.84	98634	0	238
2021.07.16	1917.09	1962.79	1848.71	1875.71	97228	0	212
2021.07.17	1876.00	1916.62	1846.89	1898.04	93644	0	215
2021.07.18	1898.08	1991.99	1878.26	1890.12	93492	0	196
2021.07.19	1890.41	1915.14	1804.86	1818.53	92586	0	197
2021.07.20	1818.41	1838.94	1719.49	1785.15	97722	0	225
2021.07.21	1785.44	2030.26	1754.70	1992.93	99814	0	188
2021.07.22	1993.11	2043.87	1947.17	2021.99	98897	0	204
2021.07.23	2021.64	2128.27	1994.82	2123.02	95938	0	213
2021.07.24	2122.72	2198.15	2104.54	2183.30	91759	0	227
2021.07.25	2183.65	2195.20	2105.01	2190.54	94465	0	203
2021.07.26	2189.91	2431.10	2171.04	2226.93	110004	0	241
2021.07.27	2227.12	2318.03	2149.49	2297.29	103935	0	236
2021.07.28	2297.41	2343.76	2241.62	2297.96	102978	0	239
2021.07.29	2298.47	2397.76	2266.03	2381.46	92553	0	222
2021.07.30	2381.73	2469.48	2315.27	2462.23	96853	0	249
2021.07.31	2462.07	2551.39	2420.74	2530.78	91444	0	245
2021.08.01	2530.67	2697.40	2512.17	2553.28	98314	0	234
2021.08.02	2552.26	2664.04	2506.67	2607.14	99616	0	239
2021.08.03	2606.58	2630.27	2443.21	2505.95	102894	0	270
2021.08.04	2506.09	2767.86	2455.20	2723.49	98792	0	260
2021.08.05	2722.85	2840.81	2530.14	2827.50	106746	0	266
2021.08.06	2827.58	2946.43	2719.56	2890.01	98766	0	283
2021.08.07	2889.98	3169.78	2865.28	3160.53	104015	0	237
2021.08.08	3160.82	3187.17	2946.26	3008.69	104667	0	272
2021.08.09	3008.70	3184.92	2891.27	3161.82	102177	0	264
2021.08.10	3161.90	3229.66	3047.92	3138.95	102318	0	251
2021.08.11	3139.20	3270.57	3120.84	3160.32	96917	0	323
2021.08.12	3160.02	3236.52	2979.90	3043.31	98926	0	374
2021.08.13	3043.53	3325.59	3032.22	3321.10	95115	0	344
2021.08.14	3320.98	3327.84	3203.11	3263.02	93632	0	397
2021.08.15	3263.19	3321.00	3109.18	3309.95	94907	0	371
2021.08.16	3308.64	3335.46	3133.06	3144.18	95559	0	367
2021.08.17	3144.58	3288.27	2988.30	3007.67	101066	0	329
2021.08.18	3008.10	3122.25	2949.19	3012.61	99197	0	380
2021.08.19	3012.56	3185.21	2957.67	3181.40	97438	0	436
2021.08.20	3181.66	3298.36	3176.31	3284.41	91209	0	322
2021.08.21	3284.53	3307.14	3207.26	3224.05	90680	0	397
2021.08.22	3224.20	3271.05	3125.31	3239.23	90477	0	445
2021.08.23	3238.86	3376.92	3230.88	3321.92	89487	0	476
2021.08.24	3321.84	3358.26	3144.24	3166.84	91192	0	487
2021.08.25	3166.81	3248.50	3076.28	3227.29	93940	0	563
2021.08.26	3227.44	3249.43	3052.86	3090.22	94993	0	462
2021.08.27	3090.09	3278.99	3054.07	3272.64	92578	0	525
2021.08.28	3273.05	3284.16	3210.68	3243.52	86498	0	440
2021.08.29	3243.85	3284.58	3151.98	3224.81	88423	0	497
2021.08.30	3225.06	3347.31	3145.05	3226.80	91085	0	391
2021.08.31	3227.21	3473.98	3187.05	3429.20	95234	0	336
2021.09.01	3428.95	3837.66	3382.44	3824.97	94035	0	302
2021.09.02	3824.81	3832.48	3723.33	3785.82	91074	0	334
2021.09.03	3786.04	4025.06	3712.56	3938.42	95292	0	333
2021.09.04	3938.56	3967.78	3832.14	3884.49	91071	0	461
2021.09.05	3884.59	3980.91	3831.96	3950.62	88559	0	619
2021.09.06	3950.75	3970.60	3870.31	3926.19	88029	0	546
2021.09.07	3925.99	3944.22	3026.83	3431.10	122880	0	459
2021.09.08	3431.60	3558.78	3212.95	3497.66	114929	0	380
2021.09.09	3496.90	3563.68	3392.67	3422.78	99763	0	334
2021.09.10	3423.06	3512.50	3144.73	3206.37	102592	0	428
2021.09.11	3205.87	3344.85	3197.10	3264.30	96506	0	378
2021.09.12	3264.59	3470.68	3228.36	3400.92	96791	0	353
2021.09.13	3401.17	3427.33	3110.53	3283.44	106372	0	500
2021.09.14	3283.57	3435.32	3268.11	3434.55	94554	0	377
2021.09.15	3433.76	3612.90	3357.73	3609.97	91784	0	325
2021.09.16	3609.98	3674.07	3481.08	3565.18	93072	0	313
2021.09.17	3565.23	3591.02	3349.18	3396.59	94969	0	390
2021.09.18	3396.84	3541.42	3367.79	3434.85	92144	0	377
2021.09.19	3434.45	3455.13	3278.41	3327.23	92527	0	487
2021.09.20	3326.75	3343.61	2916.57	2971.36	110912	0	524
2021.09.21	2971.30	3100.20	2651.90	2761.42	117061	0	411
2021.09.22	2761.67	3087.75	2734.09	3076.54	108547	0	326
2021.09.23	3076.08	3172.25	3032.57	3152.23	99224	0	421
2021.09.24	3151.98	3157.35	2732.99	2928.22	112970	0	328
2021.09.25	2928.48	2967.88	2804.65	2921.90	104215	0	286
2021.09.26	2921.72	3116.10	2738.32	3061.93	106359	0	279
2021.09.27	3061.43	3165.58	2924.12	2925.80	101372	0	276
2021.09.28	2925.22	2968.07	2785.13	2801.51	104713	0	319
2021.09.29	2802.01	2946.24	2780.96	2847.77	98754	0	305
2021.09.30	2847.88	3046.79	2834.68	2997.37	97749	0	326
2021.10.01	2997.59	3329.72	2966.68	3306.18	99410	0	331
2021.10.02	3306.43	3464.96	3258.57	3386.31	93270	0	284
2021.10.03	3386.16	3486.12	3343.02	3419.41	94385	0	277
2021.10.04	3418.93	3435.85	3271.62	3384.44	100136	0	309
2021.10.05	3384.70	3543.44	3362.72	3515.18	95501	0	402
2021.10.06	3515.44	3628.11	3340.32	3575.09	100733	0	407
2021.10.07	3575.30	3651.77	3468.20	3585.22	100818	0	383
2021.10.08	3585.05	3666.69	3534.62	3562.21	96355	0	373
2021.10.09	3561.69	3631.50	3538.66	3573.79	91943	0	315
2021.10.10	3573.94	3603.21	3406.24	3411.89	96723	0	388
2021.10.11	3411.85	3619.43	3370.78	3539.00	96182	0	426
2021.10.12	3538.73	3546.37	3401.77	3488.64	99818	0	438
2021.10.13	3488.39	3609.38	3410.33	3604.47	87946	0	426
2021.10.14	3604.55	3824.82	3585.50	3789.78	91351	0	479
2021.10.15	3789.89	3897.62	3734.43	3870.52	94868	0	569
2021.10.16	3870.46	3967.98	3804.02	3830.19	90143	0	418
2021.10.17	3829.88	3916.41	3642.45	3846.03	94272	0	474
2021.10.18	3846.14	3893.01	3675.93	3745.11	97269	0	461
2021.10.19	3744.72	3884.67	3731.19	3874.98	93673	0	439
2021.10.20	3875.21	4164.94	3828.29	4159.17	91579	0	460
2021.10.21	4158.40	4371.18	4008.12	4051.15	112421	0	349
2021.10.22	4050.89	4164.30	3884.81	3967.83	98077	0	642
2021.10.23	3967.71	4169.06	3934.51	4163.78	90415	0	521
2021.10.24	4163.53	4180.34	3958.62	4078.79	92737	0	457
2021.10.25	4078.70	4231.84	4065.00	4215.63	90446	0	402
2021.10.26	4215.88	4291.47	4088.20	4126.84	93953	0	331
2021.10.27	4127.35	4304.68	3912.16	3923.29	102432	0	376
2021.10.28	3923.53	4293.40	3889.72	4288.60	102090	0	390
2021.10.29	4288.35	4457.36	4264.06	4416.81	100766	0	311
2021.10.30	4417.32	4431.35	4234.65	4322.01	94245	0	369
2021.10.31	4321.76	4393.96	4165.74	4289.42	92817	0	468
2021.11.01	4289.29	4379.10	4148.22	4320.97	92921	0	442
2021.11.02	4321.22	4601.02	4285.70	4592.75	92147	0	309
2021.11.03	4592.51	4665.93	4454.09	4603.86	94495	0	307
2021.11.04	4604.62	4608.04	4421.77	4533.94	93470	0	390
2021.11.05	4533.69	4571.88	4446.43	4479.90	90159	0	579
2021.11.06	4479.45	4533.10	4325.99	4520.41	90479	0	734
2021.11.07	4520.67	4635.78	4507.39	4615.35	89203	0	482
2021.11.08	4615.83	4823.12	4614.43	4809.51	91651	0	392
2021.11.09	4809.76	4840.11	4713.30	4729.10	90423	0	441
2021.11.10	4729.85	4862.67	4468.94	4628.73	99270	0	515
2021.11.11	4628.81	4778.23	4575.68	4718.34	92245	0	623
2021.11.12	4717.57	4806.34	4508.55	4666.20	99081	0	561
2021.11.13	4666.05	4704.56	4583.54	4643.55	88854	0	707
2021.11.14	4643.30	4691.50	4513.33	4625.84	91553	0	781
2021.11.15	4625.65	4766.31	4540.57	4564.64	91809	0	657
2021.11.16	4563.87	4564.13	4107.32	4205.07	118663	0	750
2021.11.17	4205.09	4295.15	4060.32	4286.31	105837	0	697
2021.11.18	4286.56	4341.76	3956.84	3996.36	112334	0	709
2021.11.19	3995.61	4311.87	3972.64	4294.37	104340	0	497
2021.11.20	4294.63	4435.00	4203.78	4412.66	91674	0	383
2021.11.21	4412.90	4422.33	4245.23	4259.34	92910	0	506
2021.11.22	4259.06	4317.76	4021.91	4081.87	106996	0	712
2021.11.23	4081.86	4386.02	4059.34	4340.25	105222	0	509
2021.11.24	4340.14	4364.70	4162.93	4270.16	106372	0	453
2021.11.25	4270.08	4556.53	4248.19	4524.69	94434	0	509
2021.11.26	4525.45	4555.67	3911.13	4042.69	111949	0	503
2021.11.27	4042.44	4182.96	4029.78	4096.19	93110	0	430
2021.11.28	4095.43	4300.56	3960.99	4295.24	98282	0	406
2021.11.29	4295.23	4458.34	4280.09	4444.71	98661	0	498
2021.11.30	4444.87	4754.18	4347.78	4632.72	107764	0	430
2021.12.01	4633.48	4781.01	4524.69	4583.33	103718	0	353
2021.12.02	4583.08	4633.18	4434.32	4510.89	101395	0	553
2021.12.03	4510.39	4655.14	4042.78	4211.93	109533	0	570
2021.12.04	4211.17	4234.02	3520.68	4122.79	142434	0	381
2021.12.05	4122.54	4252.08	4034.65	4198.87	111361	0	328
2021.12.06	4199.10	4375.70	3922.04	4351.92	121306	0	350
2021.12.07	4351.67	4426.05	4257.62	4306.16	109102	0	396
2021.12.08	4306.22	4454.06	4226.07	4438.43	106075	0	392
2021.12.09	4438.69	4488.41	4074.29	4104.02	111597	0	401
2021.12.10	4103.77	4228.28	3885.09	3896.52	108182	0	499
2021.12.11	3896.26	4095.84	3831.97	4084.21	100308	0	456
2021.12.12	4084.71	4174.90	3985.65	4132.27	93516	0	365
2021.12.13	4131.52	4142.59	3667.66	3780.09	103468	0	409
2021.12.14	3779.84	3879.02	3684.62	3858.34	98963	0	497
2021.12.15	3857.79	4090.69	3641.83	4019.37	103410	0	358
2021.12.16	4019.84	4110.58	3953.42	3955.31	96302	0	334
2021.12.17	3955.56	3992.67	3697.04	3874.06	101122	0	358
2021.12.18	3874.82	3996.94	3765.90	3959.93	95214	0	357
2021.12.19	3959.63	4028.88	3883.26	3921.75	94766	0	399
2021.12.20	3921.71	3979.83	3753.30	3942.80	99368	0	361
2021.12.21	3943.58	4063.17	3913.18	4014.78	93905	0	307
2021.12.22	4014.14	4073.66	3936.34	3980.53	90661	0	335
2021.12.23	3980.69	4148.72	3893.38	4111.26	142412	0	365
2021.12.24	4111.51	4134.78	4017.50	4043.86	125640	0	444
2021.12.25	4044.12	4137.58	4021.84	4093.79	128126	0	504
2021.12.26	4093.54	4104.06	4003.39	4058.87	113934	0	512
2021.12.27	4060.75	4126.16	4031.14	4037.21	114977	0	507
2021.12.28	4037.47	4037.70	3756.55	3790.02	139859	0	646
2021.12.29	3789.85	3824.24	3602.18	3624.41	130368	0	771
2021.12.30	3624.19	3767.03	3582.58	3705.01	122215	0	641
2021.12.31	3705.27	3812.40	3615.18	3670.48	126165	0	617
2022.01.01	3670.79	3773.94	3670.14	3762.69	118584	0	661
2022.01.02	3762.63	3852.68	3714.91	3827.43	110439	0	591
2022.01.03	3826.88	3849.98	3680.70	3761.54	118031	0	596
2022.01.04	3761.79	3888.94	3711.99	3780.44	125156	0	530
2022.01.05	3780.19	3843.48	3409.46	3532.36	146559	0	579
2022.01.06	3532.62	3541.26	3294.56	3399.49	145034	0	724
2022.01.07	3399.21	3409.38	3063.77	3194.15	176151	0	686
2022.01.08	3194.33	3243.80	2995.67	3075.87	130431	0	512
2022.01.09	3075.80	3208.58	3052.37	3151.27	92633	0	728
2022.01.10	3151.43	3177.91	2922.57	3078.92	107958	0	430
2022.01.11	3079.01	3260.80	3048.72	3237.39	123645	0	459
2022.01.12	3237.29	3408.77	3204.53	3370.95	134976	0	443
2022.01.13	3371.11	3411.33	3230.31	3237.93	130088	0	476
2022.01.14	3237.68	3342.27	3186.50	3309.14	126757	0	453
2022.01.15	3309.35	3373.32	3262.48	3325.61	120793	0	479
2022.01.16	3325.54	3392.95	3273.92	3349.58	121485	0	430
2022.01.17	3349.67	3358.18	3139.62	3207.82	129067	0	494
2022.01.18	3207.74	3241.45	3081.05	3157.34	131111	0	550
2022.01.19	3157.17	3172.45	3045.03	3082.31	144803	0	493
2022.01.20	3082.05	3271.50	2982.76	2996.56	140488	0	466
2022.01.21	2996.31	3029.73	2465.63	2565.27	252452	0	463
2022.01.22	2565.67	2622.74	2299.79	2409.36	285612	0	370
2022.01.23	2409.40	2546.74	2370.58	2538.31	187211	0	369
2022.01.24	2538.21	2538.62	2158.84	2441.38	251897	0	307
2022.01.25	2441.00	2506.54	2350.26	2457.00	198766	0	294
2022.01.26	2457.38	2720.27	2399.75	2461.88	207518	0	289
2022.01.27	2461.91	2520.01	2314.97	2423.42	184074	0	256
2022.01.28	2423.15	2556.34	2357.99	2545.49	173691	0	258
2022.01.29	2545.61	2636.36	2520.05	2600.62	144775	0	285
2022.01.30	2600.37	2637.82	2542.20	2602.77	137526	0	280
2022.01.31	2602.50	2706.09	2477.49	2687.16	160426	0	284
2022.02.01	2687.41	2813.57	2674.89	2788.24	157603	0	275
2022.02.02	2788.47	2810.39	2612.10	2679.89	160360	0	286
2022.02.03	2680.43	2725.30	2575.06	2697.45	163233	0	241
2022.02.04	2697.21	2994.49	2672.63	2992.44	174393	0	286
2022.02.05	2992.69	3060.13	2958.75	3010.43	144223	0	306
2022.02.06	3010.81	3074.43	2950.40	3056.35	143154	0	288
2022.02.07	3057.55	3185.88	2993.68	3138.21	157188	0	288
2022.02.08	3138.37	3228.99	3025.21	3128.74	158607	0	247
2022.02.09	3118.85	3272.94	3054.36	3244.47	138256	0	317
2022.02.10	3244.54	3282.88	3058.77	3073.19	173619	0	315
2022.02.11	3073.09	3138.70	2877.52	2926.11	159947	0	348
2022.02.12	2926.13	2987.73	2856.38	2917.98	147587	0	251
2022.02.13	2918.08	2954.47	2835.68	2868.32	130012	0	361
2022.02.14	2869.01	2963.51	2829.35	2928.01	160836	0	312
2022.02.15	2927.72	3195.91	2909.93	3185.09	146910	0	300
2022.02.16	3185.21	3186.62	3044.49	3123.30	148710	0	292
2022.02.17	3123.05	3160.64	2852.83	2893.18	168639	0	320
2022.02.18	2893.21	2942.74	2751.87	2779.05	162716	0	323
2022.02.19	2779.08	2829.63	2693.03	2761.39	129609	0	376
2022.02.20	2761.21	2761.99	2573.84	2620.81	143813	0	392
2022.02.21	2620.56	2757.06	2559.06	2568.59	186998	0	308
2022.02.22	2568.36	2666.72	2500.89	2638.18	186151	0	320
2022.02.23	2637.69	2754.64	2576.26	2579.25	146996	0	270
2022.02.24	2579.35	2736.31	2299.09	2598.74	240369	0	271
2022.02.25	2598.34	2833.43	2571.57	2766.95	183738	0	273
2022.02.26	2766.96	2874.35	2727.07	2778.07	142099	0	294
2022.02.27	2778.04	2834.21	2557.91	2617.10	166471	0	251
2022.02.28	2616.95	2948.36	2568.47	2919.91	187010	0	304
2022.03.01	2920.14	3037.01	2852.67	2975.15	180589	0	341
2022.03.02	2975.33	3041.87	2912.07	2945.66	185211	0	306
2022.03.03	2946.10	2969.81	2783.91	2833.66	143892	0	287
2022.03.04	2833.41	2834.37	2574.85	2620.14	153922	0	254
2022.03.05	2620.24	2684.46	2588.22	2663.98	120484	0	222
2022.03.06	2663.62	2675.21	2532.47	2547.93	125697	0	236
2022.03.07	2547.99	2645.92	2443.01	2490.61	150453	0	253
2022.03.08	2490.50	2624.42	2477.72	2575.32	164325	0	278
2022.03.09	2575.52	2771.51	2566.33	2726.74	146770	0	290
2022.03.10	2726.43	2731.55	2551.38	2607.45	141263	0	279
2022.03.11	2607.44	2677.44	2519.95	2555.62	143613	0	269
2022.03.12	2555.31	2613.81	2551.15	2566.95	106856	0	259
2022.03.13	2567.06	2600.16	2491.46	2514.22	111681	0	270
2022.03.14	2514.70	2608.52	2497.42	2588.30	130920	0	262
2022.03.15	2588.65	2667.28	2506.50	2617.79	128536	0	236
2022.03.16	2617.60	2786.75	2602.29	2771.56	163773	0	266
2022.03.17	2771.82	2835.99	2744.04	2812.61	128424	0	265
2022.03.18	2812.17	2981.78	2766.31	2937.16	123501	0	251
2022.03.19	2937.31	2982.52	2892.76	2948.64	110802	0	211
2022.03.20	2948.73	2962.75	2815.32	2860.26	131477	0	297
2022.03.21	2859.51	2961.16	2829.91	2889.88	136750	0	275
2022.03.22	2889.93	3050.15	2886.82	2968.79	132984	0	283
2022.03.23	2968.48	3043.62	2918.99	3032.84	129619	0	292
2022.03.24	3032.81	3127.94	3001.49	3109.95	138096	0	277
2022.03.25	3109.87	3187.67	3074.83	3104.17	137437	0	288
2022.03.26	3104.33	3152.74	3085.30	3144.21	114082	0	287
2022.03.27	3144.06	3294.21	3125.07	3290.62	119600	0	260
2022.03.28	3291.02	3429.23	3271.04	3328.82	144270	0	292
2022.03.29	3328.57	3479.01	3325.67	3398.95	150189	0	320
2022.03.30	3399.19	3443.90	3332.74	3383.43	140543	0	369
2022.03.31	3383.27	3441.90	3259.14	3280.16	149968	0	365
2022.04.01	3279.91	3479.03	3209.74	3453.51	158723	0	321
2022.04.02	3453.13	3526.76	3429.04	3440.79	166713	0	353
2022.04.03	3441.05	3578.04	3411.04	3519.83	164433	0	305
2022.04.04	3520.09	3543.67	3406.29	3518.10	175942	0	409
2022.04.05	3518.20	3551.71	3397.03	3406.10	145612	0	347
2022.04.06	3406.04	3407.25	3160.39	3167.95	202978	0	367
2022.04.07	3167.69	3266.78	3142.92	3225.43	159872	0	354
2022.04.08	3225.16	3313.28	3171.93	3188.88	157792	0	358
2022.04.09	3189.13	3267.38	3178.67	3258.43	115332	0	350
2022.04.10	3257.88	3307.11	3190.41	3201.19	105849	0	304
2022.04.11	3201.55	3213.28	2950.14	2979.11	158553	0	450
2022.04.12	2979.04	3085.26	2948.65	3027.45	150069	0	448
2022.04.13	3027.45	3127.46	2995.45	3116.19	137783	0	347
2022.04.14	3116.21	3142.03	2973.58	3020.78	123144	0	333
2022.04.15	3020.71	3058.39	2990.77	3040.35	104891	0	370
2022.04.16	3040.42	3084.26	3009.01	3059.87	98587	0	367
2022.04.17	3059.88	3080.63	2981.09	2986.44	105923	0	387
2022.04.18	2986.23	3068.12	2882.77	3052.41	128761	0	367
2022.04.19	3052.72	3128.87	3028.31	3099.94	112550	0	368
2022.04.20	3099.75	3166.58	3034.89	3075.07	127814	0	335
2022.04.21	3074.70	3175.65	2939.44	2981.76	135666	0	359
2022.04.22	2981.71	3032.84	2931.73	2961.39	127837	0	319
2022.04.23	2961.52	2978.47	2916.42	2932.31	101982	0	322
2022.04.24	2931.91	2966.15	2912.22	2921.03	107385	0	331
2022.04.25	2921.09	3024.17	2796.50	3006.70	136788	0	300
2022.04.26	3006.83	3035.45	2764.41	2808.89	140073	0	291
2022.04.27	2809.00	2918.16	2793.04	2888.98	146823	0	269
2022.04.28	2889.07	2978.93	2852.77	2935.10	144221	0	276
2022.04.29	2934.92	2945.92	2773.94	2817.20	138846	0	283
2022.04.30	2816.98	2842.42	2712.50	2724.29	125876	0	294
2022.05.01	2724.44	2847.40	2713.38	2825.09	124357	0	271
2022.05.02	2824.49	2881.05	2774.97	2855.42	137583	0	268
2022.05.03	2855.41	2860.12	2751.94	2778.77	120856	0	240
2022.05.04	2778.62	2963.82	2768.80	2938.30	126021	0	266
2022.05.05	2938.67	2952.21	2686.86	2744.91	130280	0	244
2022.05.06	2745.03	2754.15	2632.86	2691.24	136632	0	269
2022.05.07	2691.26	2701.65	2587.60	2635.86	105780	0	235
2022.05.08	2635.87	2642.23	2482.26	2517.27	132254	0	260
2022.05.09	2517.75	2527.64	2224.05	2228.62	217167	0	256
2022.05.10	2228.35	2456.86	2199.79	2342.37	222826	0	236
2022.05.11	2342.48	2451.56	2006.24	2081.47	313623	0	246
2022.05.12	2081.21	2190.89	1728.71	1953.88	500807	0	247
2022.05.13	1953.93	2144.87	1935.65	2005.68	176495	0	226
2022.05.14	2005.38	2065.28	1946.89	2053.44	149733	0	203
2022.05.15	2053.05	2160.40	1996.89	2139.65	122327	0	212
2022.05.16	2139.74	2139.80	1975.14	2020.02	144802	0	235
2022.05.17	2020.02	2117.93	2004.70	2087.83	119710	0	203
2022.05.18	2087.66	2106.62	1905.04	1911.82	128657	0	197
2022.05.19	1911.78	2038.35	1899.86	2017.94	133116	0	205
2022.05.20	2018.00	2062.00	1919.38	1957.50	130725	0	193
2022.05.21	1957.59	1988.87	1934.48	1973.56	111843	0	201
2022.05.22	1973.52	2053.96	1963.77	2041.42	109443	0	191
2022.05.23	2041.26	2086.15	1954.61	1971.71	126758	0	182
2022.05.24	1971.79	1991.54	1909.83	1978.38	120590	0	169
2022.05.25	1978.18	2017.88	1932.13	1941.24	121922	0	198
2022.05.26	1940.98	1964.10	1733.00	1790.68	154048	0	206
2022.05.27	1790.31	1820.01	1702.18	1723.88	170793	0	197
2022.05.28	1723.60	1807.91	1718.04	1790.63	117171	0	206
2022.05.29	1790.56	1825.17	1761.02	1811.89	104615	0	187
2022.05.30	1811.84	2009.07	1801.04	1996.95	125735	0	188
2022.05.31	1996.82	2012.99	1922.15	1939.79	125413	0	208
2022.06.01	1939.94	1971.17	1760.51	1818.24	137209	0	212
2022.06.02	1818.38	1852.49	1780.03	1833.27	121611	0	178
2022.06.03	1833.38	1843.02	1734.06	1773.41	129489	0	181
2022.06.04	1773.57	1814.66	1745.71	1803.27	101892	0	164
2022.06.05	1803.29	1829.86	1770.43	1805.19	99119	0	192
2022.06.06	1805.29	1918.62	1802.96	1858.71	123463	0	180
2022.06.07	1858.74	1872.96	1723.54	1812.40	152380	0	196
2022.06.08	1812.85	1837.25	1762.77	1790.81	139045	0	191
2022.06.09	1790.89	1832.47	1775.22	1787.51	115498	0	189
2022.06.10	1787.54	1802.21	1652.57	1660.27	142708	0	190
2022.06.11	1660.25	1679.00	1498.14	1530.11	152346	0	198
2022.06.12	1530.36	1543.45	1422.00	1433.69	170537	0	166
2022.06.13	1433.28	1452.63	1162.29	1209.20	295788	0	135
2022.06.14	1209.19	1265.74	1074.78	1206.54	279181	0	126
2022.06.15	1206.75	1246.29	1013.29	1237.30	289457	0	116
2022.06.16	1237.51	1256.56	1050.48	1067.47	224749	0	120
2022.06.17	1067.64	1116.66	1049.08	1084.48	182534	0	118
2022.06.18	1084.57	1095.27	879.22	993.58	233730	0	103
2022.06.19	993.54	1154.30	933.38	1125.70	231939	0	109
2022.06.20	1125.85	1165.72	1049.88	1126.02	190235	0	113
2022.06.21	1126.15	1191.28	1106.57	1123.63	160902	0	106
2022.06.22	1123.52	1124.98	1041.13	1047.73	162752	0	104
2022.06.23	1048.14	1151.02	1042.60	1143.48	141364	0	92
2022.06.24	1143.44	1243.44	1130.21	1222.56	145871	0	98
2022.06.25	1222.83	1253.90	1177.67	1240.49	129227	0	103
2022.06.26	1240.71	1277.69	1193.73	1196.49	124205	0	102
2022.06.27	1196.46	1236.33	1172.31	1190.70	124037	0	106
2022.06.28	1190.78	1233.95	1135.01	1142.77	129015	0	109
2022.06.29	1142.71	1154.19	1085.37	1097.90	140346	0	99
2022.06.30	1097.98	1104.61	994.89	1068.30	157328	0	98
2022.07.01	1068.10	1113.04	1030.82	1057.45	160438	0	104
2022.07.02	1057.72	1076.47	1026.18	1064.96	93560	0	44
2022.07.03	1064.96	1085.37	1038.73	1072.32	81810	0	108
2022.07.04	1072.38	1158.91	1042.75	1149.44	83757	0	101
2022.07.05	1149.46	1171.45	1076.62	1130.67	86245	0	85
2022.07.06	1130.70	1201.84	1109.72	1185.63	87877	0	91
2022.07.07	1185.65	1251.78	1161.44	1235.49	83608	0	95
2022.07.08	1235.83	1272.64	1191.04	1212.50	86694	0	91
2022.07.09	1212.74	1232.84	1203.70	1216.18	80853	0	81
2022.07.10	1216.23	1218.86	1152.70	1166.43	82201	0	94
2022.07.11	1166.70	1169.46	1085.02	1094.50	84528	0	84
2022.07.12	1094.51	1095.97	1030.96	1037.48	84376	0	72
2022.07.13	1037.36	1114.99	1006.08	1111.80	88138	0	70
2022.07.14	1112.12	1211.69	1070.26	1191.83	88701	0	88
2022.07.15	1191.79	1284.45	1179.44	1230.38	86814	0	90
2022.07.16	1230.22	1421.35	1190.98	1354.21	87733	0	85
2022.07.17	1353.98	1384.45	1318.63	1336.73	89444	0	116
2022.07.18	1337.02	1594.60	1334.36	1580.26	96528	0	105
2022.07.19	1579.60	1629.74	1491.62	1541.11	102977	0	127
2022.07.20	1540.99	1618.02	1484.15	1521.15	86392	0	108
2022.07.21	1520.83	1602.73	1460.67	1573.94	79216	0	213
2022.07.22	1573.99	1644.50	1516.21	1535.48	87337	0	116
2022.07.23	1535.50	1595.96	1487.90	1548.26	87418	0	94
2022.07.24	1548.17	1662.91	1545.90	1597.14	89656	0	90
2022.07.25	1597.10	1608.89	1434.00	1438.56	94270	0	103
2022.07.26	1438.91	1452.32	1354.49	1447.03	93740	0	104
2022.07.27	1447.32	1642.85	1419.35	1635.07	92386	0	97
2022.07.28	1635.24	1782.35	1594.32	1723.86	95211	0	110
2022.07.29	1723.91	1764.17	1655.18	1720.85	95084	0	120
2022.07.30	1720.77	1743.25	1673.46	1696.92	88420	0	112
2022.07.31	1696.99	1752.01	1666.94	1678.86	88179	0	121
2022.08.01	1679.11	1704.59	1605.76	1629.49	89897	0	114
2022.08.02	1629.69	1677.29	1560.55	1630.12	94905	0	112
2022.08.03	1630.00	1682.93	1589.09	1617.23	88401	0	128
2022.08.04	1617.12	1661.49	1580.14	1606.28	86246	0	116
2022.08.05	1606.26	1740.10	1604.72	1735.51	86682	0	124
2022.08.06	1735.79	1748.82	1684.38	1688.90	80490	0	140
2022.08.07	1689.06	1727.71	1667.69	1699.46	78688	0	124
2022.08.08	1699.41	1815.28	1693.81	1775.88	78162	0	111
2022.08.09	1775.70	1789.08	1669.39	1702.22	85376	0	122
2022.08.10	1702.28	1883.00	1655.16	1853.52	88738	0	125
2022.08.11	1853.57	1941.13	1850.53	1880.35	88645	0	108
2022.08.12	1880.43	1963.79	1852.85	1958.18	85668	0	103
2022.08.13	1958.28	2019.42	1945.07	1983.28	82487	0	120
2022.08.14	1983.31	2029.32	1905.26	1935.40	82352	0	126
2022.08.15	1935.54	2012.26	1872.21	1898.73	89412	0	125
2022.08.16	1898.49	1913.87	1851.21	1875.74	85921	0	159
2022.08.17	1875.81	1955.24	1818.78	1833.74	86454	0	132
2022.08.18	1833.88	1881.60	1821.19	1846.65	85611	0	131
2022.08.19	1846.25	1848.26	1602.78	1609.15	93025	0	122
2022.08.20	1609.05	1655.30	1524.09	1575.85	89659	0	103
2022.08.21	1575.86	1645.76	1562.54	1618.35	87818	0	109
2022.08.22	1618.51	1628.24	1529.40	1624.29	91134	0	120
2022.08.23	1624.61	1673.37	1563.54	1665.72	88299	0	114
2022.08.24	1665.84	1693.11	1604.71	1657.14	87158	0	120
2022.08.25	1657.18	1721.71	1653.93	1695.30	84574	0	107
2022.08.26	1695.22	1704.08	1486.76	1507.55	92698	0	98
2022.08.27	1507.99	1518.93	1447.69	1492.38	86919	0	96
2022.08.28	1492.41	1510.47	1424.44	1426.94	84620	0	97
2022.08.29	1427.02	1559.58	1422.01	1552.36	88443	0	90
2022.08.30	1551.95	1605.27	1474.55	1524.46	89383	0	90
2022.08.31	1524.27	1618.00	1524.27	1554.86	92528	0	89
2022.09.01	1554.88	1597.90	1512.72	1585.49	88905	0	85
2022.09.02	1585.44	1647.28	1546.50	1576.14	87420	0	86
2022.09.03	1576.20	1582.37	1535.26	1558.22	77662	0	73
2022.09.04	1558.13	1580.42	1541.61	1578.77	73456	0	72
2022.09.05	1578.54	1628.40	1557.35	1616.47	77863	0	74
2022.09.06	1616.70	1684.86	1556.25	1559.39	87192	0	92
2022.09.07	1559.41	1655.29	1491.67	1629.00	84354	0	84
2022.09.08	1628.94	1660.50	1594.36	1634.44	84013	0	82
2022.09.09	1634.49	1744.14	1629.92	1718.61	84507	0	96
2022.09.10	1718.64	1787.68	1706.87	1774.03	78487	0	100
2022.09.11	1774.02	1787.71	1720.34	1765.64	77843	0	99
2022.09.12	1765.33	1781.66	1692.98	1715.92	84471	0	97
2022.09.13	1716.00	1759.15	1561.33	1574.65	89389	0	97
2022.09.14	1574.72	1646.39	1554.39	1638.23	86447	0	109
2022.09.15	1638.01	1652.71	1459.08	1473.12	91108	0	111
2022.09.16	1473.25	1483.78	1405.78	1434.13	88552	0	114
2022.09.17	1434.03	1476.55	1409.14	1469.54	81567	0	107
2022.09.18	1469.76	1470.23	1326.07	1334.65	84334	0	118
2022.09.19	1334.80	1392.81	1281.43	1376.12	90928	0	112
2022.09.20	1375.76	1384.12	1312.82	1323.04	88231	0	106
2022.09.21	1322.97	1408.38	1219.33	1246.79	92980	0	102
2022.09.22	1246.35	1347.36	1237.16	1327.16	89152	0	80
2022.09.23	1327.04	1358.64	1262.48	1327.43	91922	0	83
2022.09.24	1327.50	1348.54	1307.98	1318.04	80973	0	79
2022.09.25	1317.87	1336.11	1270.73	1295.55	80030	0	70
2022.09.26	1295.39	1340.24	1279.65	1336.37	85263	0	73
2022.09.27	1336.36	1399.88	1304.61	1328.40	84780	0	81
2022.09.28	1328.43	1354.24	1254.55	1336.61	86281	0	87
2022.09.29	1336.54	1350.96	1288.90	1335.34	84372	0	83
2022.09.30	1335.40	1371.63	1314.23	1328.95	82858	0	82
2022.10.01	1328.98	1334.09	1301.79	1312.85	68039	0	64
2022.10.02	1312.86	1318.28	1269.56	1277.24	72441	0	89
2022.10.03	1277.23	1329.92	1263.08	1323.41	79938	0	74
2022.10.04	1323.46	1368.71	1319.48	1360.77	77759	0	70
2022.10.05	1360.77	1363.37	1317.27	1351.72	77056	0	84
2022.10.06	1351.79	1383.07	1345.33	1351.56	80327	0	84
2022.10.07	1351.49	1360.97	1318.10	1331.71	75869	0	78
2022.10.08	1331.61	1337.41	1304.31	1316.23	65810	0	67
2022.10.09	1316.23	1328.64	1308.02	1324.14	67020	0	67
2022.10.10	1324.00	1337.78	1288.35	1290.70	74434	0	74
2022.10.11	1290.65	1298.58	1267.93	1280.42	77071	0	94
2022.10.12	1280.39	1306.48	1275.13	1294.67	70506	0	86
2022.10.13	1294.59	1299.57	1189.90	1286.65	77690	0	91
2022.10.14	1286.61	1342.36	1283.27	1296.86	79619	0	90
2022.10.15	1296.56	1302.06	1263.82	1275.48	71788	0	76
2022.10.16	1275.46	1315.11	1274.82	1305.66	73891	0	75
2022.10.17	1305.73	1338.39	1295.59	1331.35	78040	0	90
2022.10.18	1331.37	1340.99	1287.49	1310.43	78370	0	80
2022.10.19	1310.64	1313.30	1280.79	1285.26	76519	0	88
2022.10.20	1285.33	1310.73	1270.85	1283.03	76063	0	88
2022.10.21	1283.03	1306.56	1254.84	1299.57	73112	0	83
2022.10.22	1299.60	1320.07	1294.33	1313.77	69016	0	83
2022.10.23	1313.80	1370.02	1299.70	1363.37	70023	0	88
2022.10.24	1363.43	1369.67	1323.98	1343.62	77176	0	93
2022.10.25	1343.66	1522.24	1334.72	1459.63	81846	0	105
2022.10.26	1459.64	1591.98	1456.61	1564.41	84668	0	106
2022.10.27	1564.08	1576.19	1502.37	1513.42	84398	0	121
2022.10.28	1513.60	1574.28	1479.52	1553.82	83326	0	121
2022.10.29	1553.76	1662.06	1546.91	1619.54	82707	0	98
2022.10.30	1619.64	1639.77	1576.10	1590.09	78467	0	95
2022.10.31	1590.18	1634.52	1545.99	1572.33	82006	0	90
2022.11.01	1572.34	1610.54	1562.90	1577.82	80779	0	115
2022.11.02	1578.05	1619.37	1503.18	1518.59	83830	0	124
2022.11.03	1518.66	1558.11	1515.53	1531.48	78828	0	108
2022.11.04	1531.58	1673.59	1528.76	1644.03	81250	0	107
2022.11.05	1643.83	1664.59	1621.63	1627.00	76165	0	127
2022.11.06	1626.92	1637.50	1565.50	1569.08	76322	0	89
2022.11.07	1569.05	1608.11	1546.98	1568.33	80370	0	122
2022.11.08	1568.42	1579.50	1219.66	1334.12	98661	0	111
2022.11.09	1334.16	1337.45	1071.35	1099.80	103617	0	124
2022.11.10	1099.96	1347.16	1083.83	1296.15	92372	0	133
2022.11.11	1295.79	1307.10	1199.22	1285.39	92525	0	120
2022.11.12	1285.66	1288.81	1236.92	1255.26	82707	0	92
2022.11.13	1255.31	1272.88	1201.09	1221.51	81382	0	87
2022.11.14	1221.29	1288.30	1171.31	1241.77	87812	0	96
2022.11.15	1241.75	1288.34	1232.23	1252.55	80924	0	103
2022.11.16	1252.46	1266.59	1186.03	1215.49	81572	0	109
2022.11.17	1215.46	1227.53	1180.79	1199.89	80256	0	100
2022.11.18	1199.89	1230.90	1198.65	1211.16	77620	0	99
2022.11.19	1211.23	1231.26	1196.99	1216.67	72132	0	80
2022.11.20	1216.89	1225.33	1131.92	1141.36	75610	0	102
2022.11.21	1141.10	1144.66	1079.63	1105.32	84932	0	107
2022.11.22	1105.29	1140.65	1074.38	1137.98	79319	0	108
2022.11.23	1138.06	1188.37	1127.40	1183.35	76094	0	99
2022.11.24	1183.34	1215.47	1179.28	1203.09	74186	0	95
2022.11.25	1203.14	1205.07	1171.06	1198.46	73084	0	79
2022.11.26	1198.61	1232.98	1196.18	1204.82	72676	0	88
2022.11.27	1204.89	1222.41	1189.65	1193.61	69226	0	76
2022.11.28	1193.73	1198.94	1150.34	1168.16	75268	0	88
2022.11.29	1168.16	1226.80	1158.11	1216.49	73242	0	85
2022.11.30	1216.36	1308.08	1212.82	1294.79	73288	0	89
2022.12.01	1294.72	1297.41	1263.70	1276.55	71795	0	94
2022.12.02	1276.58	1295.93	1265.81	1295.19	70914	0	90
2022.12.03	1295.12	1303.84	1236.60	1241.30	71748	0	103
2022.12.04	1241.30	1285.19	1240.82	1279.65	72128	0	104
2022.12.05	1279.67	1304.45	1246.95	1259.08	70727	0	101
2022.12.06	1259.09	1273.63	1242.88	1270.80	71181	0	91
2022.12.07	1270.81	1276.68	1218.79	1231.85	73528	0	92
2022.12.08	1231.79	1291.08	1222.86	1280.23	76297	0	95
2022.12.09	1280.29	1295.18	1255.63	1262.94	73253	0	95
2022.12.10	1262.90	1282.61	1259.93	1266.08	68064	0	76
2022.12.11	1266.03	1283.49	1255.93	1263.49	68327	0	83
2022.12.12	1263.55	1278.60	1240.90	1275.49	74715	0	88
2022.12.13	1275.65	1345.35	1256.42	1319.43	76490	0	90
2022.12.14	1319.44	1350.09	1300.39	1306.84	76052	0	105
2022.12.15	1306.99	1310.76	1259.66	1266.44	76995	0	104
2022.12.16	1266.37	1279.26	1156.40	1167.08	79290	0	93
2022.12.17	1167.13	1190.15	1162.81	1187.77	75748	0	82
2022.12.18	1187.92	1197.18	1172.77	1183.97	72320	0	76
2022.12.19	1183.91	1195.66	1150.58	1167.31	77426	0	92
2022.12.20	1166.97	1230.09	1162.58	1217.35	78453	0	112
2022.12.21	1217.25	1222.38	1204.68	1213.87	74422	0	104
2022.12.22	1213.98	1236.52	1183.70	1217.82	73984	0	95
2022.12.23	1217.83	1230.61	1211.96	1220.53	65685	0	125
2022.12.24	1220.55	1227.58	1215.30	1221.29	62052	0	114
2022.12.25	1221.34	1224.93	1195.74	1218.95	69126	0	95
2022.12.26	1218.88	1230.28	1210.76	1228.05	73074	0	105
2022.12.27	1228.35	1233.46	1201.09	1212.03	74818	0	107
2022.12.28	1211.99	1215.61	1182.76	1190.33	75583	0	102
2022.12.29	1190.37	1205.90	1186.80	1200.92	74030	0	114
2022.12.30	1200.94	1202.62	1181.42	1200.03	74153	0	113
2022.12.31	1200.12	1208.26	1191.84	1196.42	68611	0	105
2023.01.01	1196.44	1204.70	1191.70	1199.81	68032	0	111
2023.01.02	1199.87	1221.53	1192.69	1212.88	74301	0	263
2023.01.03	1213.00	1220.16	1205.44	1214.51	72374	0	121
2023.01.04	1214.46	1270.00	1212.41	1256.41	75992	0	121
2023.01.05	1256.31	1259.56	1242.12	1251.01	74149	0	121
2023.01.06	1251.04	1275.26	1233.23	1268.59	74155	0	116
2023.01.07	1268.53	1270.89	1260.96	1263.91	68973	0	137
2023.01.08	1263.78	1293.62	1258.05	1289.01	69767	0	141
2023.01.09	1289.02	1344.15	1284.87	1319.61	78923	0	134
2023.01.10	1319.69	1346.47	1316.44	1335.04	77747	0	132
2023.01.11	1334.94	1395.21	1320.65	1389.08	78031	0	133
2023.01.12	1388.93	1434.94	1363.89	1414.74	80904	0	178
2023.01.13	1414.80	1461.62	1400.04	1449.56	79442	0	184
2023.01.14	1449.38	1602.71	1447.94	1549.04	84267	0	141
2023.01.15	1548.95	1565.25	1515.82	1551.27	79259	0	201
2023.01.16	1551.52	1602.36	1521.07	1574.89	81161	0	140
2023.01.17	1575.12	1605.79	1541.07	1564.65	80943	0	188
2023.01.18	1564.93	1608.32	1500.60	1511.30	82125	0	175
2023.01.19	1511.23	1562.32	1509.36	1549.95	78444	0	165
2023.01.20	1549.98	1665.52	1541.07	1657.57	80324	0	184
2023.01.21	1657.55	1678.09	1617.89	1626.03	79992	0	153
2023.01.22	1626.11	1662.59	1604.07	1627.71	79400	0	207
2023.01.23	1627.70	1646.70	1585.99	1625.72	79867	0	186
2023.01.24	1625.98	1640.40	1533.66	1556.73	79674	0	188
2023.01.25	1556.62	1639.09	1515.87	1611.23	82359	0	177
2023.01.26	1611.50	1631.36	1578.18	1599.71	80982	0	193
2023.01.27	1599.57	1619.98	1551.81	1597.29	79160	0	181
2023.01.28	1597.27	1605.95	1557.12	1572.06	75033	0	197
2023.01.29	1572.02	1659.66	1566.65	1643.27	80010	0	175
2023.01.30	1643.63	1645.98	1535.22	1565.87	80838	0	196
2023.01.31	1565.95	1603.13	1561.13	1584.74	78163	0	194
2023.02.01	1584.74	1646.39	1555.14	1640.23	78621	0	169
2023.02.02	1640.23	1712.01	1626.30	1643.44	80358	0	174
2023.02.03	1643.47	1674.09	1624.98	1662.95	78924	0	79
2023.02.04	1662.98	1693.34	1644.39	1665.69	73434	0	152
2023.02.05	1665.71	1672.86	1609.64	1628.71	75012	0	173
2023.02.06	1628.75	1657.28	1604.56	1614.05	77545	0	184
2023.02.07	1614.02	1676.58	1613.02	1669.14	77579	0	200
2023.02.08	1669.30	1695.02	1630.19	1649.61	77210	0	184
2023.02.09	1649.56	1655.03	1524.84	1544.90	80296	0	153
2023.02.10	1545.09	1553.73	1493.29	1513.25	78505	0	146
2023.02.11	1513.10	1543.12	1505.71	1538.53	71697	0	141
2023.02.12	1538.58	1547.50	1494.06	1514.75	70066	0	125
2023.02.13	1514.77	1526.19	1462.93	1506.02	80064	0	143
2023.02.14	1505.93	1568.86	1489.21	1556.63	79367	0	133
2023.02.15	1556.36	1679.02	1542.83	1673.25	77523	0	137
2023.02.16	1673.22	1739.16	1633.48	1637.39	79831	0	140
2023.02.17	1637.54	1719.86	1630.07	1694.55	80218	0	134
2023.02.18	1694.07	1711.86	1679.43	1691.51	73440	0	133
2023.02.19	1691.52	1723.76	1665.89	1680.30	74549	0	132
2023.02.20	1680.12	1718.05	1651.17	1702.54	78196	0	132
2023.02.21	1702.55	1715.31	1637.03	1659.16	79378	0	129
2023.02.22	1659.30	1666.48	1595.00	1643.48	80680	0	133
2023.02.23	1643.25	1678.75	1629.80	1650.61	79585	0	156
2023.02.24	1650.74	1663.27	1576.48	1607.73	78929	0	142
2023.02.25	1607.76	1609.06	1558.23	1594.68	75714	0	134
2023.02.26	1594.69	1649.26	1588.26	1640.50	74816	0	121
2023.02.27	1640.37	1664.22	1607.77	1632.17	76664	0	142
2023.02.28	1632.19	1646.51	1597.37	1605.25	75386	0	135
2023.03.01	1605.36	1667.96	1594.60	1663.78	77805	0	146
2023.03.02	1663.70	1677.01	1618.24	1647.26	76812	0	143
2023.03.03	1647.26	1648.80	1542.64	1569.79	79259	0	148
2023.03.04	1569.78	1577.57	1549.54	1566.66	69709	0	170
2023.03.05	1566.63	1588.11	1553.40	1564.79	70382	0	144
2023.03.06	1564.80	1581.32	1554.56	1566.14	68283	0	128
2023.03.07	1566.22	1582.16	1535.75	1562.13	69528	0	130
2023.03.08	1561.87	1570.43	1523.30	1532.90	70339	0	124
2023.03.09	1532.91	1545.91	1408.83	1436.80	74135	0	128
2023.03.10	1436.79	1438.79	1369.59	1429.81	80595	0	117
2023.03.11	1429.80	1486.90	1416.40	1479.47	80487	0	118
2023.03.12	1479.38	1603.25	1457.22	1586.90	75381	0	122
2023.03.13	1586.64	1699.67	1569.19	1680.13	81758	0	169
2023.03.14	1679.67	1781.56	1663.45	1703.03	83462	0	135
2023.03.15	1702.92	1719.97	1613.09	1654.60	83074	0	135
2023.03.16	1654.52	1694.48	1637.52	1675.96	80736	0	156
2023.03.17	1675.81	1798.23	1665.51	1791.19	81954	0	163
2023.03.18	1791.13	1839.32	1750.11	1761.88	80102	0	149
2023.03.19	1761.50	1842.10	1761.12	1783.69	78897	0	139
2023.03.20	1783.64	1805.66	1727.10	1736.21	81766	0	155
2023.03.21	1736.28	1836.18	1721.56	1804.30	80082	0	152
2023.03.22	1804.26	1820.87	1714.35	1737.11	79613	0	141
2023.03.23	1737.08	1857.41	1731.35	1815.25	77925	0	144
2023.03.24	1815.22	1819.97	1728.22	1751.56	77317	0	151
2023.03.25	1751.57	1763.62	1715.13	1742.49	75924	0	165
2023.03.26	1742.42	1799.20	1740.47	1774.66	75351	0	152
2023.03.27	1774.55	1780.99	1687.38	1716.15	77492	0	151
2023.03.28	1715.77	1794.18	1701.63	1773.05	75990	0	153
2023.03.29	1773.02	1825.46	1772.22	1792.02	70938	0	146
2023.03.30	1791.85	1827.45	1762.07	1792.02	73889	0	150
2023.03.31	1791.88	1845.62	1779.48	1820.74	72170	0	141
2023.04.01	1820.72	1841.31	1807.43	1820.16	67157	0	106
2023.04.02	1820.16	1823.90	1772.53	1794.32	69425	0	115
2023.04.03	1794.31	1838.16	1763.39	1809.43	73798	0	106
2023.04.04	1809.39	1888.59	1801.21	1869.43	74656	0	134
2023.04.05	1869.43	1938.01	1863.33	1907.41	76751	0	166
2023.04.06	1906.91	1908.40	1853.90	1870.86	76226	0	181
2023.04.07	1870.62	1880.71	1840.48	1862.46	74309	0	239
2023.04.08	1862.43	1877.43	1845.33	1847.07	66188	0	191
2023.04.09	1846.93	1871.51	1824.45	1857.37	69948	0	191
2023.04.10	1857.34	1917.44	1845.48	1909.10	72036	0	227
2023.04.11	1909.17	1936.07	1881.77	1889.25	73396	0	199
2023.04.12	1889.33	1930.72	1853.06	1918.03	75409	0	190
2023.04.13	1917.98	2021.04	1899.03	2011.43	76049	0	164
2023.04.14	2011.48	2126.89	2008.67	2101.09	79806	0	152
2023.04.15	2101.13	2110.43	2072.68	2091.12	73813	0	130
2023.04.16	2091.02	2139.47	2073.57	2118.02	72789	0	122
2023.04.17	2117.66	2119.81	2057.70	2074.63	75197	0	129
2023.04.18	2074.77	2121.96	2053.07	2104.05	74496	0	129
2023.04.19	2104.16	2105.12	1925.07	1935.42	78558	0	141
2023.04.20	1934.83	1982.27	1916.46	1943.24	79056	0	135
2023.04.21	1943.24	1956.35	1825.17	1846.88	79292	0	181
2023.04.22	1846.96	1886.82	1842.91	1873.81	72462	0	176
2023.04.23	1873.88	1881.96	1836.94	1861.93	73823	0	180
2023.04.24	1861.94	1889.77	1806.37	1840.92	76585	0	164
2023.04.25	1841.06	1877.00	1802.43	1865.60	75736	0	189
2023.04.26	1865.57	1964.39	1786.57	1866.09	80642	0	155
2023.04.27	1866.11	1937.58	1861.49	1909.29	82521	0	160
2023.04.28	1909.12	1924.50	1874.75	1892.38	78243	0	142
2023.04.29	1892.54	1918.46	1883.71	1908.37	74083	0	140
2023.04.30	1908.31	1938.82	1866.06	1869.51	76055	0	161
2023.05.01	1870.20	1886.99	1806.02	1830.99	77937	0	144
2023.05.02	1831.02	1881.21	1822.49	1870.08	76922	0	156
2023.05.03	1870.02	1915.15	1842.39	1903.89	78398	0	169
2023.05.04	1904.19	1916.05	1867.51	1877.15	74016	0	178
2023.05.05	1877.39	1998.19	1875.45	1993.93	77810	0	182
2023.05.06	1994.06	2017.04	1863.20	1899.92	77987	0	231
2023.05.07	1900.03	1935.45	1871.51	1873.51	76121	0	185
2023.05.08	1873.36	1885.84	1811.32	1847.34	79083	0	169
2023.05.09	1847.38	1860.71	1830.69	1846.10	75715	0	175
2023.05.10	1846.12	1886.85	1791.57	1840.66	77643	0	158
2023.05.11	1840.64	1841.28	1771.32	1793.49	78269	0	155
2023.05.12	1793.45	1815.15	1739.17	1806.96	78908	0	157
2023.05.13	1807.08	1815.15	1785.39	1794.82	73825	0	162
2023.05.14	1794.88	1823.39	1790.23	1799.42	72610	0	144
2023.05.15	1798.90	1845.89	1783.89	1815.60	73779	0	163
2023.05.16	1815.67	1830.76	1795.82	1823.85	73177	0	131
2023.05.17	1823.83	1835.97	1783.99	1821.88	75381	0	123
2023.05.18	1821.87	1831.23	1772.07	1800.40	72914	0	130
2023.05.19	1800.47	1827.67	1796.64	1812.10	71580	0	172
2023.05.20	1812.09	1828.22	1806.55	1819.05	64378	0	155
2023.05.21	1819.00	1827.96	1797.63	1804.52	69465	0	119
2023.05.22	1804.67	1826.48	1791.68	1816.54	67875	0	121
2023.05.23	1816.58	1869.31	1814.46	1852.72	73316	0	210
2023.05.24	1852.75	1853.15	1775.33	1798.04	74254	0	132
2023.05.25	1798.05	1816.45	1759.36	1804.87	71841	0	130
2023.05.26	1805.00	1837.48	1796.42	1827.69	68237	0	145
2023.05.27	1827.68	1835.89	1812.38	1830.40	63340	0	122
2023.05.28	1830.29	1916.18	1823.45	1907.96	68006	0	152
2023.05.29	1908.03	1926.27	1872.95	1892.13	72582	0	175
2023.05.30	1892.05	1917.10	1879.63	1900.34	72303	0	181
2023.05.31	1900.34	1907.04	1847.10	1873.24	72751	0	117
2023.06.01	1873.25	1887.73	1838.67	1861.22	71504	0	115
2023.06.02	1861.24	1910.15	1846.08	1906.46	74083	0	211
2023.06.03	1906.43	1908.61	1880.43	1890.54	64250	0	156
2023.06.04	1890.39	1913.49	1883.39	1889.82	64391	0	113
2023.06.05	1889.87	1890.22	1776.99	1812.00	78694	0	116
2023.06.06	1811.97	1896.65	1798.19	1884.66	74796	0	109
2023.06.07	1884.72	1896.29	1820.62	1833.54	76852	0	136
2023.06.08	1833.56	1861.30	1829.70	1846.69	68830	0	138
2023.06.09	1846.67	1856.17	1828.21	1840.39	69029	0	100
2023.06.10	1840.41	1845.02	1716.96	1751.60	85619	0	111
2023.06.11	1751.59	1777.31	1738.51	1752.85	73363	0	125
2023.06.12	1752.78	1757.49	1719.36	1741.63	75012	0	115
2023.06.13	1741.65	1763.87	1722.74	1739.35	75036	0	114
2023.06.14	1739.38	1749.35	1629.79	1651.33	75515	0	113
2023.06.15	1651.37	1677.83	1624.32	1665.76	78126	0	105
2023.06.16	1665.69	1726.94	1649.30	1716.82	75497	0	118
2023.06.17	1716.85	1759.79	1712.52	1727.95	65871	0	115
2023.06.18	1727.95	1746.69	1712.67	1720.04	67194	0	110
2023.06.19	1720.04	1748.45	1699.95	1735.68	69003	0	107
2023.06.20	1735.73	1794.23	1713.56	1790.95	74601	0	98
2023.06.21	1791.00	1900.05	1786.53	1888.37	84027	0	127
2023.06.22	1888.53	1932.52	1866.54	1871.84	80645	0	128
2023.06.23	1871.84	1934.42	1861.93	1893.30	77826	0	107
2023.06.24	1893.29	1905.61	1865.17	1875.58	70775	0	122
2023.06.25	1875.49	1929.10	1869.05	1899.32	76781	0	146
2023.06.26	1899.36	1906.35	1836.66	1858.55	78389	0	124
2023.06.27	1858.52	1911.51	1854.50	1889.67	75535	0	127
2023.06.28	1889.66	1889.99	1816.10	1827.46	79871	0	124
2023.06.29	1827.41	1878.77	1826.96	1851.78	76361	0	125
2023.06.30	1851.93	1945.54	1825.27	1934.08	91371	0	131
2023.07.01	1934.11	1943.64	1909.08	1924.00	74955	0	125
2023.07.02	1924.01	1959.36	1886.70	1937.91	75435	0	119
2023.07.03	1937.92	1976.18	1933.65	1955.20	80085	0	128
2023.07.04	1955.20	1965.63	1930.87	1935.59	75490	0	134
2023.07.05	1935.72	1941.87	1893.86	1909.92	77553	0	139
2023.07.06	1909.84	1957.36	1846.63	1846.63	86164	0	137
2023.07.07	1846.70	1877.12	1826.94	1870.58	78328	0	129
2023.07.08	1870.64	1872.93	1843.47	1864.78	68968	0	134
2023.07.09	1864.86	1878.31	1856.72	1862.42	67247	0	109
2023.07.10	1862.41	1904.43	1847.31	1880.56	74358	0	123
2023.07.11	1880.64	1889.79	1862.88	1878.43	71689	0	130
2023.07.12	1878.42	1901.10	1865.35	1871.61	73793	0	126
2023.07.13	1871.61	2011.99	1863.38	2004.61	106893	0	123
2023.07.14	2004.67	2027.82	1899.05	1938.91	118436	0	129
2023.07.15	1938.67	1946.71	1927.12	1931.72	68165	0	125
2023.07.16	1931.71	1943.35	1915.43	1923.11	65991	0	120
2023.07.17	1923.13	1936.05	1874.26	1911.95	77451	0	133
2023.07.18	1911.96	1917.73	1876.28	1897.56	78054	0	127
2023.07.19	1897.56	1921.30	1883.10	1889.41	76112	0	132
2023.07.20	1889.32	1927.61	1879.17	1892.81	75315	0	130
2023.07.21	1892.90	1905.54	1885.88	1892.96	72429	0	122
2023.07.22	1892.98	1897.94	1855.15	1867.58	78579	0	120
2023.07.23	1867.57	1904.99	1859.90	1889.41	92359	0	121
2023.07.24	1889.46	1891.71	1835.13	1851.18	92342	0	129
2023.07.25	1851.20	1868.28	1846.44	1858.51	70360	0	132
2023.07.26	1858.55	1887.21	1849.12	1872.06	72388	0	130
2023.07.27	1872.10	1885.96	1855.29	1861.59	69979	0	146
2023.07.28	1861.58	1882.01	1856.88	1875.26	67341	0	132
2023.07.29	1875.33	1885.74	1870.26	1880.38	59054	0	128
2023.07.30	1880.51	1884.43	1849.39	1861.42	62873	0	117
2023.07.31	1861.40	1876.55	1850.59	1855.60	68332	0	122
2023.08.01	1855.60	1873.45	1813.63	1871.81	72370	0	116
2023.08.02	1871.91	1878.51	1820.63	1838.89	67331	0	108
2023.08.03	1838.73	1857.60	1825.14	1836.04	68226	0	118
2023.08.04	1836.06	1849.97	1816.09	1829.20	59028	0	107
2023.08.05	1829.21	1838.20	1826.42	1835.58	45402	0	111
2023.08.06	1835.60	1837.72	1825.15	1828.86	42451	0	118
2023.08.07	1828.90	1844.39	1802.20	1828.53	56208	0	118
2023.08.08	1828.39	1874.79	1826.43	1855.62	60339	0	110
2023.08.09	1855.64	1870.55	1844.74	1854.44	68066	0	138
2023.08.10	1854.46	1864.89	1845.18	1850.86	63842	0	132
2023.08.11	1850.86	1855.61	1837.13	1847.53	60960	0	112
2023.08.12	1847.60	1853.03	1845.50	1849.61	48324	0	110
2023.08.13	1849.57	1860.64	1833.68	1839.82	38289	0	105
2023.08.14	1839.84	1854.38	1834.24	1844.63	53323	0	92
2023.08.15	1844.65	1846.36	1813.13	1828.04	48050	0	94
2023.08.16	1828.06	1830.56	1795.89	1806.34	58899	0	109
2023.08.17	1806.41	1808.21	1534.48	1681.22	90953	0	102
2023.08.18	1681.20	1697.94	1641.88	1661.35	82611	0	113
2023.08.19	1661.51	1695.57	1653.96	1670.05	66621	0	109
2023.08.20	1670.10	1694.83	1661.73	1685.64	65627	0	100
2023.08.21	1685.48	1688.41	1650.24	1667.33	72015	0	107
2023.08.22	1667.36	1669.89	1583.09	1635.34	74133	0	102
2023.08.23	1635.39	1699.81	1629.79	1679.82	77396	0	109
2023.08.24	1679.76	1683.76	1635.74	1662.05	68126	0	89
2023.08.25	1662.08	1676.05	1636.24	1654.22	76934	0	98
2023.08.26	1654.06	1655.73	1643.85	1647.44	59098	0	93
2023.08.27	1647.44	1660.48	1646.23	1658.05	55852	0	88
2023.08.28	1658.05	1663.08	1623.96	1653.13	68669	0	93
2023.08.29	1653.15	1746.34	1640.17	1731.87	76467	0	92
2023.08.30	1731.49	1734.03	1697.81	1708.69	66053	0	100
2023.08.31	1708.64	1727.81	1630.92	1646.61	69265	0	105
2023.09.01	1646.61	1655.78	1602.28	1629.29	69438	0	103
2023.09.02	1629.28	1645.73	1627.48	1636.61	54624	0	106
2023.09.03	1636.61	1645.93	1625.77	1636.10	52362	0	107
2023.09.04	1636.02	1644.24	1616.52	1630.15	58436	0	99
2023.09.05	1629.95	1646.78	1609.11	1634.82	59294	0	96
2023.09.06	1634.65	1666.54	1609.05	1633.73	59229	0	91
2023.09.07	1633.73	1659.48	1623.57	1648.59	60768	0	99
2023.09.08	1648.32	1658.29	1615.80	1637.12	59589	0	88
2023.09.09	1637.12	1637.87	1629.57	1636.47	36339	0	80
2023.09.10	1636.33	1636.50	1597.61	1617.51	54689	0	88
2023.09.11	1617.51	1619.54	1530.39	1551.59	74864	0	100
2023.09.12	1551.60	1622.62	1549.52	1593.32	75538	0	94
2023.09.13	1593.28	1617.66	1581.71	1608.13	68923	0	94
2023.09.14	1608.18	1643.70	1606.81	1627.92	68335	0	91
2023.09.15	1627.93	1652.41	1611.58	1641.64	61762	0	92
2023.09.16	1641.53	1652.03	1631.93	1635.00	50460	0	94
2023.09.17	1635.01	1635.17	1612.35	1622.73	50806	0	95
2023.09.18	1622.91	1670.00	1605.26	1638.80	66566	0	100
2023.09.19	1638.05	1660.29	1627.72	1643.80	66447	0	99
2023.09.20	1643.82	1649.86	1605.97	1621.15	68718	0	98
2023.09.21	1621.17	1624.84	1568.66	1585.14	66507	0	101
2023.09.22	1585.15	1602.29	1577.76	1593.35	61473	0	101
2023.09.23	1593.35	1598.30	1588.24	1594.35	44121	0	92
2023.09.24	1594.36	1600.81	1571.62	1581.50	48527	0	91
2023.09.25	1581.41	1596.93	1564.23	1588.05	61412	0	93
2023.09.26	1588.05	1598.54	1580.51	1593.99	59511	0	95
2023.09.27	1594.02	1634.29	1583.35	1598.03	65759	0	94
2023.09.28	1598.15	1668.30	1597.70	1654.46	72406	0	101
2023.09.29	1654.26	1689.23	1649.43	1668.73	66047	0	93
2023.09.30	1668.69	1693.34	1667.62	1672.35	52876	0	86
2023.10.01	1672.31	1748.86	1669.86	1734.18	58200	0	84
2023.10.02	1733.95	1743.80	1637.70	1663.08	80653	0	102
2023.10.03	1663.00	1670.67	1642.09	1656.57	73663	0	106
2023.10.04	1656.56	1657.26	1624.73	1646.76	72463	0	100
2023.10.05	1646.53	1654.28	1607.96	1612.03	68324	0	103
2023.10.06	1612.17	1659.71	1611.66	1645.19	69463	0	100
2023.10.07	1645.20	1647.54	1629.60	1633.98	58755	0	111
2023.10.08	1634.03	1641.75	1616.75	1633.41	64098	0	118
2023.10.09	1633.29	1635.58	1548.29	1581.28	72615	0	116
2023.10.10	1581.31	1595.51	1551.63	1568.44	74607	0	112
2023.10.11	1568.46	1578.35	1545.67	1567.26	74519	0	108
2023.10.12	1567.26	1569.65	1520.19	1541.35	61271	0	101
2023.10.13	1541.32	1574.11	1538.22	1552.65	61509	0	100
2023.10.14	1552.64	1561.58	1545.42	1555.30	46373	0	100
2023.10.15	1555.26	1566.15	1549.34	1558.05	49959	0	106
2023.10.16	1558.01	1638.10	1554.73	1599.72	70932	0	102
2023.10.17	1599.57	1600.57	1551.12	1564.90	61648	0	90
2023.10.18	1564.90	1584.84	1556.01	1563.47	63621	0	90
2023.10.19	1563.36	1573.72	1541.98	1566.87	64650	0	88
2023.10.20	1566.99	1630.82	1561.71	1604.61	72505	0	98
2023.10.21	1604.60	1644.00	1592.84	1629.48	60215	0	100
2023.10.22	1629.40	1668.68	1621.45	1664.32	64470	0	101
2023.10.23	1664.34	1794.77	1658.20	1764.96	84454	0	107
2023.10.24	1764.93	1853.02	1756.11	1785.17	88653	0	111
2023.10.25	1785.15	1816.04	1760.82	1786.69	79895	0	108
2023.10.26	1786.67	1863.57	1760.72	1803.39	83252	0	107
2023.10.27	1803.29	1804.01	1743.94	1779.55	75709	0	104
2023.10.28	1779.50	1802.48	1771.51	1776.98	57772	0	102
2023.10.29	1776.82	1810.90	1764.00	1795.24	58351	0	105
2023.10.30	1795.32	1829.44	1777.22	1809.11	69225	0	102
2023.10.31	1809.15	1818.96	1782.17	1815.02	68585	0	105
2023.11.01	1814.87	1857.01	1782.62	1846.41	75859	0	106
2023.11.02	1846.42	1873.82	1783.93	1800.30	76481	0	103
2023.11.03	1800.48	1834.71	1776.64	1832.94	74392	0	104
2023.11.04	1832.99	1869.46	1824.73	1856.65	56811	0	97
2023.11.05	1856.66	1912.87	1847.23	1892.61	70752	0	91
2023.11.06	1892.41	1914.65	1869.87	1900.05	71263	0	102
2023.11.07	1899.99	1906.34	1851.40	1885.41	71298	0	102
2023.11.08	1885.32	1902.52	1873.45	1887.28	57316	0	102
2023.11.09	1887.26	2127.49	1881.17	2116.45	88757	0	109
2023.11.10	2117.16	2131.27	2064.26	2075.42	75722	0	119
2023.11.11	2075.43	2087.12	2029.56	2051.59	74277	0	129
2023.11.12	2051.66	2062.62	2011.47	2042.75	62419	0	131
2023.11.13	2042.83	2115.72	2028.15	2052.38	81075	0	122
2023.11.14	2052.71	2062.85	1932.68	1978.26	80593	0	94
2023.11.15	1978.41	2060.56	1966.53	2056.08	82271	0	114
2023.11.16	2055.80	2088.81	1939.09	1961.13	84904	0	111
2023.11.17	1961.02	1989.48	1903.96	1961.25	87390	0	117
2023.11.18	1961.07	1971.68	1917.81	1962.08	79989	0	150
2023.11.19	1962.23	2016.17	1942.77	2012.19	78811	0	135
2023.11.20	2012.20	2067.29	1992.31	2021.35	91400	0	158
2023.11.21	2021.46	2034.90	1930.57	1933.47	95193	0	159
2023.11.22	1933.32	2092.16	1929.11	2063.50	89862	0	143
2023.11.23	2063.72	2088.94	2039.44	2062.60	82324	0	152
2023.11.24	2062.47	2132.58	2058.73	2082.37	83711	0	152
2023.11.25	2082.41	2091.88	2066.12	2083.67	72103	0	152
2023.11.26	2083.68	2094.70	2036.11	2062.23	77680	0	163
2023.11.27	2062.09	2071.62	1984.59	2027.51	84974	0	154
2023.11.28	2027.30	2074.76	1994.35	2047.20	83808	0	146
2023.11.29	2047.35	2074.51	2017.84	2028.11	80446	0	154
2023.11.30	2028.16	2053.85	2020.43	2051.49	78947	0	160
2023.12.01	2051.68	2109.15	2044.43	2087.76	85032	0	154
2023.12.02	2087.64	2184.76	2085.78	2164.82	76301	0	161
2023.12.03	2164.58	2215.29	2148.72	2192.93	75908	0	163
2023.12.04	2192.61	2271.12	2191.00	2240.51	87217	0	211
2023.12.05	2240.76	2306.02	2187.72	2291.75	88933	0	219
2023.12.06	2291.94	2308.38	2220.22	2232.32	87677	0	172
2023.12.07	2232.48	2381.86	2222.37	2354.20	88378	0	169
2023.12.08	2354.36	2389.70	2335.77	2356.60	85584	0	186
2023.12.09	2356.62	2401.40	2327.53	2338.41	79913	0	177
2023.12.10	2338.33	2376.56	2320.68	2349.95	75200	0	162
2023.12.11	2349.97	2352.90	2134.79	2223.34	104753	0	165
2023.12.12	2223.36	2243.23	2165.44	2201.69	89866	0	157
2023.12.13	2201.79	2282.47	2144.27	2260.03	91655	0	154
2023.12.14	2260.19	2331.34	2228.94	2314.80	88190	0	175
2023.12.15	2314.70	2317.25	2201.36	2220.32	85327	0	178
2023.12.16	2220.47	2261.90	2210.99	2228.53	77412	0	170
2023.12.17	2228.65	2246.17	2187.70	2195.91	82111	0	179
2023.12.18	2195.93	2222.41	2117.34	2218.33	88148	0	160
2023.12.19	2218.37	2253.88	2135.53	2177.88	83213	0	170
2023.12.20	2178.05	2264.84	2157.85	2202.62	84229	0	202
2023.12.21	2202.52	2279.16	2183.98	2238.86	84176	0	195
2023.12.22	2238.86	2342.58	2229.35	2325.70	91253	0	182
2023.12.23	2325.40	2332.57	2266.50	2307.45	80189	0	191
2023.12.24	2307.07	2324.10	2244.92	2264.68	79702	0	196
2023.12.25	2264.78	2303.93	2253.13	2271.30	78634	0	174
2023.12.26	2271.28	2274.78	2178.73	2231.00	82266	0	192
2023.12.27	2230.97	2394.26	2212.23	2380.89	85865	0	166
2023.12.28	2380.76	2447.49	2334.34	2343.34	90120	0	167
2023.12.29	2343.33	2385.62	2258.20	2299.26	87207	0	184
2023.12.30	2299.32	2321.65	2268.14	2291.51	76817	0	175
2023.12.31	2291.15	2320.29	2258.64	2281.80	78309	0	175
2024.01.01	2281.64	2350.58	2265.33	2350.51	78155	0	157
2024.01.02	2350.31	2430.26	2342.35	2355.33	90086	0	192
2024.01.03	2355.10	2383.89	2103.88	2209.73	109673	0	182
2024.01.04	2209.63	2297.08	2203.76	2268.20	89799	0	181
2024.01.05	2268.48	2277.77	2207.57	2269.39	93715	0	173
2024.01.06	2269.12	2270.99	2218.11	2241.93	78812	0	176
2024.01.07	2241.44	2257.17	2205.81	2222.69	79826	0	182
2024.01.08	2222.76	2359.03	2168.33	2330.62	92662	0	173
2024.01.09	2330.83	2370.05	2230.01	2342.82	94652	0	186
2024.01.10	2342.80	2636.91	2338.38	2582.90	113794	0	167
2024.01.11	2584.11	2685.00	2566.04	2616.36	102447	0	213
2024.01.12	2616.48	2713.71	2457.65	2522.23	109497	0	185
2024.01.13	2522.34	2588.88	2497.84	2576.38	90431	0	167
2024.01.14	2576.21	2577.86	2469.46	2472.72	88102	0	176
2024.01.15	2472.70	2551.81	2470.21	2511.82	87338	0	183
2024.01.16	2511.85	2613.83	2499.85	2586.54	89655	0	173
2024.01.17	2586.64	2592.61	2504.36	2527.81	90450	0	167
2024.01.18	2527.84	2546.93	2424.38	2469.19	91321	0	193
2024.01.19	2469.12	2503.55	2413.25	2491.92	89285	0	183
2024.01.20	2491.74	2491.77	2453.11	2471.43	76666	0	177
2024.01.21	2471.17	2482.36	2452.18	2457.23	69683	0	169
2024.01.22	2456.83	2464.66	2301.92	2313.14	95018	0	191
2024.01.23	2312.91	2350.53	2165.54	2241.83	97602	0	172
2024.01.24	2241.50	2263.62	2195.72	2233.08	88333	0	175
2024.01.25	2234.12	2241.86	2168.75	2216.51	86060	0	165
2024.01.26	2217.87	2280.67	2195.85	2265.96	85034	0	176
2024.01.27	2266.16	2282.76	2249.89	2266.93	75040	0	152
2024.01.28	2267.26	2308.27	2238.74	2256.45	80798	0	185
2024.01.29	2256.34	2322.06	2232.52	2318.07	81684	0	196
2024.01.30	2317.83	2392.19	2296.77	2343.32	83796	0	189
2024.01.31	2343.11	2351.83	2261.91	2281.81	85915	0	209
2024.02.01	2281.53	2310.00	2238.54	2302.50	83843	0	195
2024.02.02	2302.27	2323.57	2279.32	2307.21	78167	0	182
2024.02.03	2307.29	2328.07	2290.54	2295.57	72787	0	187
2024.02.04	2295.69	2309.18	2266.98	2288.52	73911	0	177
2024.02.05	2288.02	2336.36	2267.82	2298.99	78711	0	180
2024.02.06	2299.26	2390.80	2295.60	2371.82	82185	0	164
2024.02.07	2371.96	2446.04	2351.16	2422.79	84827	0	138
2024.02.08	2424.48	2461.51	2410.18	2418.31	85198	0	171
2024.02.09	2418.93	2523.70	2417.65	2487.45	87832	0	207
2024.02.10	2488.32	2516.96	2473.93	2502.14	77899	0	187
2024.02.11	2502.13	2540.70	2495.15	2508.96	78934	0	158
2024.02.12	2509.44	2663.32	2473.01	2656.31	87271	0	208
2024.02.13	2659.27	2684.64	2590.23	2643.05	91408	0	205
2024.02.14	2641.71	2785.37	2618.76	2774.89	90227	0	209
2024.02.15	2775.11	2862.21	2758.39	2822.43	92877	0	229
2024.02.16	2822.65	2854.47	2745.31	2802.19	88554	0	251
2024.02.17	2802.03	2804.59	2718.46	2784.85	83074	0	252
2024.02.18	2784.52	2893.07	2762.34	2875.27	83308	0	255
2024.02.19	2877.98	2979.54	2856.26	2941.59	89828	0	225
2024.02.20	2942.74	3027.52	2871.46	3010.03	95882	0	272
2024.02.21	3010.73	3014.74	2865.23	2967.92	97176	0	250
2024.02.22	2966.36	3031.06	2905.95	2970.67	96238	0	291
2024.02.23	2967.18	2990.73	2904.12	2919.53	90916	0	304
2024.02.24	2919.86	3003.49	2904.96	2991.25	81022	0	216
2024.02.25	2990.74	3112.79	2982.90	3110.94	86265	0	163
2024.02.26	3110.17	3192.46	3034.81	3175.72	90007	0	177
2024.02.27	3174.64	3282.32	3163.42	3242.09	93714	0	248
2024.02.28	3240.96	3479.74	3179.66	3380.76	127137	0	330
2024.02.29	3380.02	3517.56	3299.00	3338.73	110052	0	387
2024.03.01	3338.43	3449.16	3336.06	3432.11	97036	0	442
2024.03.02	3431.86	3459.35	3393.12	3419.55	88578	0	244
2024.03.03	3420.62	3493.70	3363.78	3487.21	89170	0	506
2024.03.04	3485.62	3636.82	3432.13	3626.10	106655	0	495
2024.03.05	3627.13	3816.93	3204.49	3551.38	196838	0	452
2024.03.06	3556.01	3899.89	3501.79	3817.05	122218	0	474
2024.03.07	3821.06	3931.41	3735.39	3870.57	101620	0	521
2024.03.08	3869.69	3994.67	3824.48	3885.70	106067	0	584
2024.03.09	3885.85	3944.07	3873.73	3908.68	81914	0	593
2024.03.10	3906.43	3966.40	3791.45	3878.54	88343	0	576
2024.03.11	3878.10	4083.69	3733.03	4061.70	103792	0	599
2024.03.12	4061.11	4088.26	3820.45	3973.54	119229	0	633
2024.03.13	3972.87	4080.50	3927.66	4001.15	99465	0	631
2024.03.14	4004.28	4009.96	3716.23	3879.08	110075	0	630
2024.03.15	3877.71	3927.36	3564.31	3734.52	137648	0	578
2024.03.16	3740.55	3778.74	3466.26	3521.43	105472	0	560
2024.03.17	3517.09	3675.70	3413.41	3640.67	105961	0	497
2024.03.18	3640.37	3641.40	3453.56	3518.40	108288	0	560
2024.03.19	3519.59	3547.67	3148.47	3160.09	136225	0	422
2024.03.20	3157.35	3537.19	3056.06	3514.57	137781	0	366
2024.03.21	3517.27	3585.93	3411.07	3493.99	109255	0	261
2024.03.22	3493.64	3543.64	3249.93	3333.12	114069	0	351
2024.03.23	3335.32	3436.52	3270.31	3336.67	101495	0	324
2024.03.24	3329.97	3469.44	3297.75	3454.46	97626	0	356
2024.03.25	3454.84	3654.94	3419.22	3587.47	96676	0	434
2024.03.26	3587.68	3675.20	3541.62	3585.31	96693	0	489
2024.03.27	3586.14	3661.50	3455.62	3498.49	101098	0	488
2024.03.28	3499.16	3611.14	3461.44	3557.92	95198	0	523
2024.03.29	3558.61	3583.12	3470.66	3508.85	86938	0	546
2024.03.30	3508.10	3566.60	3484.80	3505.74	81491	0	542
2024.03.31	3506.55	3653.65	3504.28	3647.30	82392	0	554
2024.04.01	3643.62	3645.05	3412.37	3500.78	94174	0	483
2024.04.02	3502.66	3504.89	3212.14	3275.70	112175	0	458
2024.04.03	3277.54	3367.56	3197.93	3309.40	96786	0	389
2024.04.04	3310.29	3441.62	3250.59	3329.44	90620	0	426
2024.04.05	3328.15	3348.17	3210.73	3317.58	97932	0	439
2024.04.06	3318.10	3395.84	3305.87	3351.81	81972	0	507
2024.04.07	3351.52	3456.20	3342.58	3451.74	82781	0	536
2024.04.08	3451.86	3725.12	3404.07	3689.98	91958	0	517
2024.04.09	3691.38	3722.02	3451.19	3502.27	94665	0	550
2024.04.10	3501.47	3559.58	3410.89	3541.88	98175	0	525
2024.04.11	3544.19	3615.84	3471.26	3502.73	93366	0	524
2024.04.12	3500.94	3549.93	3096.09	3239.04	123805	0	414
2024.04.13	3236.80	3298.22	2856.91	3002.62	162375	0	361
2024.04.14	3008.03	3176.01	2907.45	3156.15	117892	0	316
2024.04.15	3156.83	3277.63	3023.43	3100.75	112478	0	321
2024.04.16	3103.30	3127.65	2989.87	3083.22	114443	0	308
2024.04.17	3084.57	3122.75	2914.65	2986.31	108718	0	286
2024.04.18	2985.54	3093.79	2952.61	3064.91	96866	0	307
2024.04.19	3064.50	3126.00	2865.18	3058.58	107019	0	300
2024.04.20	3058.36	3170.18	3018.81	3157.85	86421	0	326
2024.04.21	3157.49	3195.77	3117.82	3148.32	84385	0	381
2024.04.22	3148.36	3234.29	3130.78	3200.34	85949	0	393
2024.04.23	3200.41	3261.78	3153.18	3219.10	82284	0	417
2024.04.24	3219.13	3289.91	3103.99	3138.56	88182	0	391
2024.04.25	3138.34	3191.44	3072.04	3155.53	88519	0	335
2024.04.26	3155.55	3165.74	3102.09	3131.40	84120	0	338
2024.04.27	3131.66	3281.67	3070.58	3253.65	85222	0	315
2024.04.28	3253.18	3354.26	3247.57	3263.40	85499	0	301
2024.04.29	3263.44	3287.24	3115.58	3215.77	89306	0	393
2024.04.30	3216.14	3248.69	2918.47	3014.11	102643	0	372
2024.05.01	3014.02	3021.78	2815.81	2970.59	106481	0	273
2024.05.02	2970.59	3016.43	2894.12	2987.59	88567	0	292
2024.05.03	2987.66	3126.87	2958.04	3105.51	85554	0	292
2024.05.04	3105.52	3166.80	3094.08	3120.23	78314	0	266
2024.05.05	3120.08	3167.38	3075.14	3139.37	79314	0	262
2024.05.06	3139.30	3219.67	3047.24	3062.62	84628	0	298
2024.05.07	3062.63	3129.45	3000.03	3006.08	85327	0	320
2024.05.08	3006.08	3038.00	2937.12	2974.35	87650	0	335
2024.05.09	2974.31	3056.18	2949.05	3037.10	82410	0	319
2024.05.10	3037.07	3054.38	2877.58	2909.38	83882	0	372
2024.05.11	2909.39	2943.87	2884.38	2913.86	79568	0	352
2024.05.12	2913.81	2956.73	2901.45	2930.24	77485	0	350
2024.05.13	2930.26	2997.11	2865.35	2952.23	85934	0	369
2024.05.14	2952.29	2961.48	2860.77	2881.97	88899	0	351
2024.05.15	2882.18	3039.38	2863.24	3032.19	86344	0	463
2024.05.16	3032.08	3040.78	2924.09	2945.38	81738	0	473
2024.05.17	2945.50	3120.64	2932.76	3093.46	79464	0	485
2024.05.18	3093.14	3147.59	3085.08	3122.82	76797	0	223
2024.05.19	3122.46	3136.19	3053.84	3070.69	77109	0	462
2024.05.20	3070.66	3685.40	3048.50	3657.73	114274	0	472
2024.05.21	3658.05	3831.42	3620.87	3784.71	97990	0	626
2024.05.22	3784.86	3807.66	3652.93	3733.49	94930	0	576
2024.05.23	3733.59	3945.40	3527.00	3781.49	220029	0	523
2024.05.24	3781.04	3827.14	3626.57	3726.51	96522	0	529
2024.05.25	3726.51	3773.60	3706.90	3747.20	80112	0	540
2024.05.26	3747.31	3880.55	3726.10	3823.47	83541	0	547
2024.05.27	3823.47	3972.15	3819.91	3890.38	86268	0	595
2024.05.28	3890.37	3924.78	3767.27	3838.84	100143	0	670
2024.05.29	3838.91	3880.57	3739.32	3761.24	87381	0	652
2024.05.30	3761.15	3821.37	3699.75	3744.70	85810	0	594
2024.05.31	3744.68	3842.34	3718.38	3756.26	83785	0	597
2024.06.01	3756.46	3829.05	3744.80	3812.09	75766	0	517
2024.06.02	3811.67	3834.84	3750.30	3776.04	78132	0	479
2024.06.03	3776.26	3847.40	3754.37	3764.85	80084	0	631
2024.06.04	3764.64	3827.11	3730.19	3807.03	82569	0	598
2024.06.05	3806.55	3882.42	3772.00	3863.56	79912	0	604
2024.06.06	3863.11	3876.37	3755.33	3810.11	80768	0	612
2024.06.07	3809.65	3837.95	3584.71	3676.99	97218	0	564
2024.06.08	3677.01	3706.22	3655.28	3677.50	76206	0	545
2024.06.09	3677.44	3718.73	3660.33	3703.57	73973	0	536
2024.06.10	3703.17	3708.68	3639.94	3665.11	79384	0	562
2024.06.11	3664.68	3669.17	3427.93	3494.35	97162	0	511
2024.06.12	3494.40	3653.76	3456.77	3556.81	94689	0	447
2024.06.13	3556.73	3558.07	3423.55	3466.55	89295	0	515
2024.06.14	3466.53	3527.65	3360.95	3476.72	90041	0	511
2024.06.15	3476.66	3587.68	3466.66	3564.95	81800	0	237
2024.06.16	3564.92	3647.69	3535.26	3620.28	79133	0	344
2024.06.17	3620.06	3635.08	3462.19	3509.74	88681	0	416
2024.06.18	3509.76	3513.91	3353.62	3479.29	96906	0	461
2024.06.19	3479.28	3584.11	3463.31	3559.47	86786	0	417
2024.06.20	3559.02	3622.04	3483.35	3512.40	88310	0	461
2024.06.21	3512.15	3545.24	3446.30	3516.74	89885	0	542
2024.06.22	3516.27	3520.48	3472.65	3495.28	78266	0	540
2024.06.23	3494.90	3519.52	3404.29	3418.40	81093	0	539
2024.06.24	3418.36	3433.86	3237.24	3347.83	104765	0	498
2024.06.25	3347.97	3428.60	3335.00	3394.01	87321	0	417
2024.06.26	3394.26	3423.00	3326.24	3371.19	84170	0	439
2024.06.27	3371.26	3475.00	3361.73	3449.33	82468	0	420
2024.06.28	3449.24	3485.45	3360.06	3377.57	85969	0	451
2024.06.29	3377.46	3405.14	3366.99	3375.59	76558	0	500
2024.06.30	3375.51	3454.46	3349.99	3433.97	78422	0	492
2024.07.01	3433.53	3519.12	3421.88	3439.73	83299	0	514
2024.07.02	3439.43	3460.87	3397.14	3416.80	83075	0	531
2024.07.03	3416.31	3428.89	3249.18	3294.82	90877	0	484
2024.07.04	3294.76	3312.11	3050.63	3059.19	96251	0	487
2024.07.05	3059.49	3106.53	2818.06	2982.32	129558	0	353
2024.07.06	2981.87	3080.04	2957.46	3066.49	83097	0	331
2024.07.07	3065.98	3073.02	2924.95	2934.33	86506	0	301
2024.07.08	2933.99	3093.57	2826.87	3018.28	108013	0	304
2024.07.09	3018.27	3112.53	3005.28	3068.77	91116	0	298
2024.07.10	3068.40	3150.28	3026.82	3103.74	88242	0	313
2024.07.11	3103.91	3214.53	3057.95	3101.88	94016	0	294
2024.07.12	3101.81	3158.59	3047.65	3135.28	97019	0	321
2024.07.13	3134.82	3202.20	3116.41	3177.16	79104	0	207
2024.07.14	3177.12	3270.21	3165.98	3246.92	87637	0	289
2024.07.15	3247.20	3493.95	3235.48	3482.96	97400	0	272
2024.07.16	3482.49	3498.21	3349.05	3448.97	101882	0	367
2024.07.17	3448.49	3518.29	3376.34	3388.67	95552	0	351
2024.07.18	3388.83	3489.53	3369.04	3427.08	93527	0	334
2024.07.19	3426.61	3540.41	3376.19	3505.28	96021	0	343
2024.07.20	3504.88	3540.19	3481.25	3519.81	85364	0	330
2024.07.21	3519.90	3546.59	3414.91	3536.65	90077	0	351
2024.07.22	3536.21	3562.16	3424.27	3442.67	94216	0	369
2024.07.23	3442.93	3538.84	3392.68	3482.01	102913	0	263
2024.07.24	3482.27	3489.05	3299.82	3337.07	94256	0	394
2024.07.25	3337.26	3343.21	3088.71	3175.87	110082	0	331
2024.07.26	3175.45	3287.33	3171.10	3274.71	93369	0	358
2024.07.27	3274.78	3328.05	3186.81	3246.98	90826	0	351
2024.07.28	3247.07	3281.64	3195.48	3267.60	83789	0	465
2024.07.29	3267.92	3396.79	3257.51	3319.95	96483	0	410
2024.07.30	3320.17	3366.92	3235.20	3279.46	95251	0	377
2024.07.31	3279.00	3349.63	3213.97	3234.65	95499	0	383
2024.08.01	3234.63	3244.07	3077.97	3200.46	102471	0	372
2024.08.02	3200.01	3217.17	2972.50	2986.94	101680	0	351
2024.08.03	2986.88	3015.49	2859.80	2903.87	107302	0	319
2024.08.04	2903.50	2933.27	2631.48	2688.34	100957	0	298
2024.08.05	2688.55	2697.04	2108.15	2422.60	248978	0	226
2024.08.06	2422.56	2555.60	2417.59	2463.48	107314	0	206
2024.08.07	2463.30	2551.54	2310.95	2344.52	106475	0	221
2024.08.08	2344.47	2721.83	2321.37	2683.85	108553	0	217
2024.08.09	2683.58	2706.53	2554.41	2600.09	97472	0	225
2024.08.10	2600.10	2645.18	2579.48	2612.01	83169	0	207
2024.08.11	2612.10	2718.69	2542.86	2557.65	89716	0	217
2024.08.12	2557.67	2748.67	2511.11	2724.26	103193	0	225
2024.08.13	2724.26	2740.16	2614.11	2704.51	95544	0	229
2024.08.14	2704.51	2778.24	2637.56	2663.86	93823	0	223
2024.08.15	2663.92	2677.31	2519.70	2571.90	104612	0	206
2024.08.16	2571.51	2631.95	2552.72	2595.50	100091	0	194
2024.08.17	2595.17	2628.32	2590.73	2615.82	74774	0	196
2024.08.18	2615.64	2686.45	2596.18	2614.79	83119	0	211
2024.08.19	2614.88	2650.13	2565.86	2638.26	92159	0	200
2024.08.20	2637.91	2696.44	2556.01	2575.89	93358	0	202
2024.08.21	2575.61	2663.82	2539.81	2633.47	96491	0	196
2024.08.22	2633.36	2646.14	2587.08	2625.29	89983	0	206
2024.08.23	2624.95	2799.29	2623.19	2764.72	95535	0	196
2024.08.24	2764.97	2818.07	2734.80	2769.79	87552	0	162
2024.08.25	2769.52	2792.53	2736.75	2749.35	85591	0	184
2024.08.26	2749.24	2764.43	2669.26	2682.73	90905	0	221
2024.08.27	2682.78	2702.12	2396.29	2459.46	102839	0	212
2024.08.28	2459.51	2555.81	2421.43	2530.03	104258	0	196
2024.08.29	2530.03	2598.01	2507.80	2530.28	96821	0	192
2024.08.30	2529.95	2550.83	2436.16	2528.86	97430	0	185
2024.08.31	2528.50	2536.23	2495.64	2515.66	80851	0	191
2024.09.01	2515.61	2519.67	2403.28	2427.79	92782	0	213
2024.09.02	2427.43	2565.20	2425.01	2540.69	95128	0	186
2024.09.03	2540.31	2556.20	2413.89	2427.78	92869	0	182
2024.09.04	2427.55	2491.20	2312.39	2453.07	101026	0	179
2024.09.05	2452.65	2468.77	2349.08	2369.88	92538	0	186
2024.09.06	2369.56	2409.16	2152.95	2224.84	113359	0	185
2024.09.07	2224.86	2311.56	2222.57	2273.61	91885	0	172
2024.09.08	2273.91	2332.63	2241.42	2298.52	91817	0	169
2024.09.09	2298.21	2380.71	2274.60	2361.03	102178	0	189
2024.09.10	2360.69	2400.42	2321.27	2390.14	92935	0	178
2024.09.11	2390.06	2390.96	2278.03	2341.52	99303	0	174
2024.09.12	2341.28	2391.64	2316.42	2362.99	93453	0	177
2024.09.13	2362.91	2464.97	2338.77	2443.50	91170	0	180
2024.09.14	2443.43	2444.57	2382.41	2420.81	79391	0	166
2024.09.15	2420.88	2433.73	2286.88	2318.38	82717	0	152
2024.09.16	2318.32	2335.88	2253.52	2296.90	97156	0	187
2024.09.17	2296.92	2393.52	2263.55	2344.48	92088	0	180
2024.09.18	2344.20	2376.35	2278.21	2374.21	95784	0	173
2024.09.19	2374.36	2495.45	2373.97	2467.18	94555	0	197
2024.09.20	2466.85	2573.52	2440.30	2560.18	92502	0	208
2024.09.21	2559.84	2620.23	2529.35	2609.59	82175	0	190
2024.09.22	2609.43	2630.13	2526.79	2579.39	88215	0	227
2024.09.23	2579.33	2705.02	2541.23	2649.63	98192	0	214
2024.09.24	2649.35	2671.57	2592.27	2653.56	94969	0	239
2024.09.25	2653.71	2673.97	2555.77	2580.14	91845	0	243
2024.09.26	2580.28	2667.34	2560.43	2633.89	92645	0	231
2024.09.27	2633.95	2728.30	2616.65	2697.80	90109	0	242
2024.09.28	2697.46	2706.11	2653.02	2677.08	83755	0	259
2024.09.29	2676.46	2683.54	2637.27	2658.44	83553	0	263
2024.09.30	2658.44	2663.44	2576.71	2603.44	94135	0	240
2024.10.01	2603.14	2658.34	2415.72	2448.52	106723	0	219
2024.10.02	2448.21	2499.97	2353.42	2365.66	106672	0	227
2024.10.03	2365.35	2405.28	2310.82	2349.88	107026	0	227
2024.10.04	2349.68	2442.44	2338.96	2416.58	96577	0	236
2024.10.05	2416.63	2430.63	2390.44	2414.73	82646	0	244
2024.10.06	2414.91	2457.28	2405.86	2440.13	82008	0	250
2024.10.07	2440.15	2520.10	2403.84	2421.66	94711	0	238
2024.10.08	2421.27	2464.61	2401.00	2439.46	90229	0	222
2024.10.09	2439.13	2472.11	2351.33	2369.35	91084	0	204
2024.10.10	2369.35	2418.38	2330.28	2383.69	93389	0	204
2024.10.11	2383.79	2471.29	2379.35	2440.14	88249	0	213
2024.10.12	2439.87	2490.96	2433.72	2476.48	78227	0	229
2024.10.13	2476.46	2486.54	2439.36	2469.45	80798	0	227
2024.10.14	2469.16	2652.81	2445.04	2629.25	92104	0	221
2024.10.15	2628.90	2683.82	2538.06	2607.34	100932	0	220
2024.10.16	2606.98	2644.21	2589.75	2612.29	91679	0	272
2024.10.17	2612.26	2646.86	2576.58	2604.69	90185	0	248
2024.10.18	2604.60	2671.82	2596.43	2641.13	89334	0	240
2024.10.19	2641.14	2659.68	2630.43	2647.64	76722	0	289
2024.10.20	2647.70	2754.73	2635.12	2742.97	80258	0	276
2024.10.21	2743.06	2764.46	2654.20	2665.98	86052	0	314
2024.10.22	2665.62	2671.05	2603.63	2622.22	87708	0	284
2024.10.23	2621.87	2626.48	2447.53	2522.46	90542	0	252
2024.10.24	2522.03	2559.16	2503.88	2534.12	85926	0	262
2024.10.25	2533.67	2563.39	2380.09	2437.19	89902	0	282
2024.10.26	2437.12	2504.04	2425.68	2480.29	85875	0	241
2024.10.27	2480.02	2525.06	2461.79	2507.35	80953	0	261
2024.10.28	2507.06	2587.41	2471.02	2567.60	92958	0	249
2024.10.29	2567.51	2678.64	2560.75	2637.28	92586	0	280
2024.10.30	2636.98	2717.26	2601.01	2658.62	87449	0	305
2024.10.31	2658.59	2668.26	2502.30	2518.16	91427	0	265
2024.11.01	2517.82	2584.66	2466.99	2510.91	97118	0	248
2024.11.02	2510.64	2523.52	2469.68	2494.43	82081	0	278
2024.11.03	2494.46	2496.27	2410.90	2456.87	93974	0	285
2024.11.04	2456.97	2489.70	2357.41	2397.01	96583	0	243
2024.11.05	2396.71	2478.61	2380.03	2423.88	94811	0	250
2024.11.06	2423.59	2740.18	2420.57	2722.47	106231	0	306
2024.11.07	2722.75	2914.44	2700.52	2893.54	103432	0	403
2024.11.08	2893.81	2978.67	2887.59	2957.86	98706	0	438
2024.11.09	2958.04	3151.22	2950.40	3123.60	92875	0	448
2024.11.10	3122.98	3242.43	3068.76	3180.59	103275	0	507
2024.11.11	3180.65	3384.61	3104.02	3369.47	118223	0	505
2024.11.12	3369.72	3440.18	3207.20	3242.11	149257	0	555
2024.11.13	3242.55	3334.29	3116.98	3187.52	128977	0	505
2024.11.14	3187.56	3237.32	3028.01	3056.73	118242	0	380
2024.11.15	3056.84	3130.15	3010.60	3088.52	110922	0	298
2024.11.16	3088.38	3215.27	3070.57	3131.66	97668	0	478
2024.11.17	3131.94	3159.29	3033.79	3075.69	105111	0	492
2024.11.18	3075.21	3220.17	3050.45	3204.91	102023	0	487
2024.11.19	3204.64	3217.56	3065.48	3106.92	99623	0	497
2024.11.20	3106.79	3156.90	3028.48	3071.17	101317	0	472
2024.11.21	3070.89	3385.18	3032.68	3358.86	110441	0	486
2024.11.22	3358.54	3424.13	3259.29	3324.15	105932	0	529
2024.11.23	3324.43	3495.13	3307.74	3391.16	99158	0	544
2024.11.24	3391.57	3446.23	3282.49	3358.95	93986	0	569
2024.11.25	3358.84	3541.31	3297.99	3414.87	109677	0	569
2024.11.26	3414.41	3461.06	3252.49	3321.37	112354	0	578
2024.11.27	3321.46	3683.83	3300.76	3653.24	105218	0	579
2024.11.28	3652.90	3661.10	3529.88	3579.43	256297	0	409
2024.11.29	3579.43	3646.83	3535.46	3592.27	213762	0	406
2024.11.30	3592.27	3739.22	3567.03	3704.06	125173	0	392
2024.12.01	3704.06	3747.54	3659.15	3707.81	111242	0	392
2024.12.02	3707.81	3762.22	3556.64	3640.81	198260	0	391
2024.12.03	3640.81	3668.55	3501.64	3613.82	170866	0	249
2024.12.04	3613.82	3894.99	3613.82	3844.11	215325	0	252
2024.12.05	3844.11	3957.84	3623.85	3785.89	248310	0	253
2024.12.06	3785.89	4091.87	3778.23	4000.53	185250	0	255
2024.12.07	4000.53	4026.30	3968.65	3997.37	86187	0	187
2024.12.08	3997.37	4016.77	3923.48	4004.59	88318	0	187
2024.12.09	4004.59	4006.50	3480.30	3712.31	248720	0	186
2024.12.10	3712.31	3779.92	3517.03	3628.39	299325	0	186
2024.12.11	3628.39	3847.75	3563.96	3831.72	172533	0	186
2024.12.12	3831.72	3987.75	3795.64	3880.76	183346	0	187
2024.12.13	3880.76	3968.85	3852.58	3904.96	138249	0	187
2024.12.14	3904.96	3944.21	3820.81	3867.65	97095	0	180
2024.12.15	3867.65	3971.28	3827.99	3956.28	106711	0	180
2024.12.16	3956.28	4108.29	3878.01	3981.89	181185	0	180
2024.12.17	3981.89	4035.72	3843.76	3889.78	163524	0	180
2024.12.18	3889.78	3905.78	3612.31	3622.21	224507	0	180
2024.12.19	3622.41	3716.92	3321.25	3413.68	308609	0	180
2024.12.20	3413.68	3497.49	3098.26	3471.57	411505	0	180
2024.12.21	3471.57	3553.04	3291.19	3337.61	241212	0	180
2024.12.22	3337.60	3402.25	3219.51	3279.89	220557	0	180
2024.12.23	3279.95	3465.35	3214.42	3421.29	266315	0	180
2024.12.24	3421.29	3540.40	3355.27	3493.24	162204	0	180
2024.12.25	3493.24	3547.16	3440.20	3495.50	138944	0	180
2024.12.26	3495.50	3514.25	3301.50	3332.70	168996	0	180
2024.12.27	3332.70	3442.65	3305.38	3331.21	183540	0	180
2024.12.28	3331.09	3427.56	3319.69	3403.32	107145	0	180
2024.12.29	3402.97	3413.14	3323.00	3354.03	96403	0	180
2024.12.30	3354.03	3434.07	3298.18	3359.13	173569	0	180
2024.12.31	3359.13	3450.25	3313.22	3334.84	142943	0	180
2025.01.01	3334.97	3371.73	3311.10	3356.76	91812	0	180
2025.01.02	3356.76	3509.54	3351.01	3454.58	140079	0	180
2025.01.03	3454.58	3631.33	3421.68	3608.08	127514	0	180
2025.01.04	3608.08	3669.82	3571.69	3656.65	102629	0	180
2025.01.05	3656.65	3674.96	3592.48	3634.75	82931	0	180
2025.01.06	3634.75	3744.81	3609.84	3688.41	138269	0	180
2025.01.07	3688.41	3702.57	3353.81	3380.01	164943	0	180
2025.01.08	3380.01	3414.92	3206.90	3327.01	228298	0	180
2025.01.09	3327.01	3356.61	3157.90	3221.91	206111	0	180
2025.01.10	3222.12	3323.52	3196.97	3269.19	194516	0	180
2025.01.11	3269.19	3321.40	3219.43	3284.74	92389	0	180
2025.01.12	3284.74	3300.39	3224.56	3267.18	84117	0	180
2025.01.13	3267.18	3339.58	2911.02	3139.46	287562	0	180
2025.01.14	3139.46	3258.70	3127.07	3226.55	170896	0	180
2025.01.15	3226.55	3471.57	3187.44	3449.40	176340	0	180
2025.01.16	3449.40	3458.39	3263.93	3306.38	174944	0	180
2025.01.17	3306.38	3522.94	3306.11	3472.67	158424	0	180
2025.01.18	3472.67	3493.51	3223.47	3303.67	220908	0	180
2025.01.19	3303.67	3446.48	3123.83	3210.13	348233	0	180
2025.01.20	3210.32	3450.54	3138.69	3280.09	459171	0	180
2025.01.21	3280.09	3367.80	3199.35	3327.39	270932	0	180
2025.01.22	3327.39	3365.70	3219.64	3240.01	146660	0	180
2025.01.23	3240.01	3349.28	3178.08	3338.93	223107	0	180
2025.01.24	3338.93	3429.42	3272.40	3308.40	180307	0	180
2025.01.25	3308.40	3350.00	3265.67	3317.57	109998	0	180
2025.01.26	3317.57	3360.76	3226.03	3230.20	89484	0	180
2025.01.27	3230.20	3252.14	3019.54	3182.84	306209	0	180
2025.01.28	3182.84	3224.80	3038.02	3074.91	176776	0	180
2025.01.29	3074.91	3179.82	3052.70	3113.40	200074	0	180
2025.01.30	3113.40	3283.92	3089.61	3246.24	153687	0	180
2025.01.31	3246.24	3436.25	3211.43	3300.01	194346	0	180
2025.02.01	3300.01	3332.02	3099.70	3115.32	167730	0	180
2025.02.02	3115.32	3161.59	2742.71	2866.45	336275	0	180
2025.02.03	2866.40	2921.09	2088.84	2880.71	627626	0	180
2025.02.04	2880.71	2890.10	2630.48	2729.91	426620	0	180
2025.02.05	2729.91	2829.39	2698.09	2787.95	308068	0	180
2025.02.06	2787.95	2859.97	2653.83	2685.46	271960	0	180
2025.02.07	2685.53	2798.32	2562.06	2621.27	277713	0	180
2025.02.08	2621.27	2666.84	2587.01	2631.11	166623	0	180
2025.02.09	2631.11	2698.33	2520.69	2626.75	162166	0	180
2025.02.10	2626.75	2694.18	2559.25	2660.66	191587	0	180
2025.02.11	2660.66	2725.13	2558.12	2602.78	186528	0	180
2025.02.12	2602.78	2796.05	2546.40	2738.91	223302	0	180
2025.02.13	2738.93	2757.63	2612.51	2675.68	188058	0	180
2025.02.14	2675.68	2790.74	2664.01	2724.64	159314	0	180
2025.02.15	2724.64	2738.33	2659.53	2691.91	107808	0	180
2025.02.16	2691.91	2725.58	2649.55	2660.97	98663	0	180
2025.02.17	2660.97	2850.53	2636.30	2744.36	204450	0	180
2025.02.18	2744.36	2757.07	2605.26	2672.02	223632	0	180
2025.02.19	2672.02	2738.18	2656.42	2717.07	150329	0	180
2025.02.20	2717.07	2771.99	2708.28	2739.32	127642	0	180
2025.02.21	2739.32	2846.10	2614.75	2663.16	226806	0	180
2025.02.22	2663.16	2799.03	2653.05	2764.13	141390	0	180
2025.02.23	2764.13	2860.64	2745.77	2819.89	150596	0	180
2025.02.24	2819.89	2840.23	2470.29	2514.85	263649	0	180
2025.02.25	2514.79	2531.90	2317.24	2493.73	443027	0	180
2025.02.26	2493.73	2505.63	2252.89	2335.39	304870	0	180
2025.02.27	2335.39	2381.82	2228.62	2306.59	288758	0	180
2025.02.28	2306.59	2313.67	2075.43	2236.40	479846	0	180
2025.03.01	2236.46	2280.92	2143.47	2218.18	230255	0	180
2025.03.02	2218.47	2551.79	2174.24	2518.28	342075	0	180
2025.03.03	2518.28	2524.53	2096.72	2150.84	403726	0	180
2025.03.04	2150.84	2222.44	1990.75	2171.49	484452	0	180
2025.03.05	2171.47	2274.69	2155.47	2242.73	279815	0	180
2025.03.06	2242.71	2322.57	2177.20	2203.91	256640	0	180
2025.03.07	2203.93	2260.29	2103.22	2142.70	330779	0	180
2025.03.08	2142.70	2236.70	2104.92	2205.23	166992	0	180
2025.03.09	2205.23	2213.87	1990.79	2023.16	237665	0	180
2025.03.10	2023.17	2154.24	1810.27	1866.73	410684	0	180
2025.03.11	1866.79	1965.04	1755.54	1924.50	413429	0	180
2025.03.12	1924.50	1957.32	1830.61	1909.03	315282	0	180
2025.03.13	1909.03	1922.70	1822.85	1865.08	237863	0	180
2025.03.14	1865.08	1948.12	1861.40	1913.65	153037	0	180
2025.03.15	1913.64	1960.19	1905.07	1939.63	90552	0	180
2025.03.16	1939.63	1943.03	1860.13	1887.90	133953	0	180
2025.03.17	1887.90	1953.96	1880.20	1928.33	136702	0	180
2025.03.18	1928.33	1937.56	1872.82	1932.25	130244	0	180
2025.03.19	1932.25	2071.68	1929.09	2057.87	190991	0	180
2025.03.20	2057.87	2069.61	1952.28	1984.56	138441	0	180
2025.03.21	1984.56	1997.04	1936.81	1966.56	116657	0	180
2025.03.22	1966.56	2007.12	1965.17	1982.15	78388	0	180
2025.03.23	1982.15	2022.16	1978.27	2007.15	76244	0	180
2025.03.24	2007.15	2104.29	1978.86	2081.42	122062	0	180
2025.03.25	2081.42	2098.28	2036.82	2066.70	109130	0	180
2025.03.26	2066.70	2079.32	1983.10	2010.94	106219	0	180
2025.03.27	2010.94	2038.54	1987.11	2004.17	95250	0	180
2025.03.28	2004.17	2016.78	1861.34	1897.56	143579	0	180
2025.03.29	1897.56	1914.79	1796.81	1827.48	134503	0	180
2025.03.30	1827.74	1849.31	1766.91	1808.03	123274	0	180
2025.03.31	1808.03	1854.48	1776.91	1822.12	169399	0	180
2025.04.01	1822.12	1928.07	1817.43	1905.78	137940	0	180
2025.04.02	1905.78	1956.86	1779.70	1793.41	203253	0	180
2025.04.03	1793.37	1844.31	1746.31	1815.36	182543	0	180
2025.04.04	1815.47	1833.57	1757.04	1815.39	214021	0	180
2025.04.05	1815.39	1826.12	1762.83	1805.43	74195	0	180
2025.04.06	1805.57	1816.92	1534.33	1578.94	225447	0	180
2025.04.07	1578.94	1637.05	1408.94	1551.09	505415	0	180
2025.04.08	1551.09	1617.12	1442.86	1471.97	284800	0	180
2025.04.09	1471.97	1688.11	1382.88	1668.30	392635	0	180
2025.04.10	1668.27	1668.81	1470.87	1519.35	258108	0	180
2025.04.11	1519.35	1589.18	1501.93	1563.85	192991	0	180
2025.04.12	1563.85	1668.33	1543.37	1642.48	162069	0	180
2025.04.13	1642.48	1648.39	1559.56	1596.68	196345	0	180
2025.04.14	1596.68	1690.08	1594.59	1622.80	203694	0	180
2025.04.15	1622.80	1660.39	1582.19	1587.70	160024	0	180
2025.04.16	1587.70	1614.06	1537.35	1575.82	184924	0	180
2025.04.17	1575.82	1615.40	1560.64	1581.76	123430	0	180
2025.04.18	1581.76	1598.78	1571.35	1587.08	70592	0	180
2025.04.19	1587.08	1630.25	1583.11	1610.32	63591	0	180
2025.04.20	1610.11	1616.83	1563.38	1584.73	67069	0	180
2025.04.21	1584.67	1655.94	1560.02	1578.12	135547	0	180
2025.04.22	1578.14	1778.08	1535.15	1755.03	189187	0	180
2025.04.23	1755.03	1835.79	1743.92	1794.39	199710	0	180
2025.04.24	1794.39	1802.38	1721.03	1768.93	129604	0	180
2025.04.25	1768.93	1826.97	1737.56	1785.32	142135	0	180
2025.04.26	1785.32	1840.94	1778.40	1820.66	110798	0	180
2025.04.27	1820.66	1858.36	1781.35	1790.00	102323	0	180
2025.04.28	1790.00	1826.96	1744.34	1798.93	131743	0	180
2025.04.29	1798.95	1843.00	1779.82	1797.53	118162	0	180
2025.04.30	1797.53	1816.41	1731.93	1793.78	122586	0	180
2025.05.01	1793.78	1872.90	1792.66	1837.45	107947	0	180
2025.05.02	1837.45	1870.79	1811.57	1841.67	95019	0	180
2025.05.03	1841.67	1849.23	1808.64	1834.07	67092	0	180
2025.05.04	1834.07	1850.50	1803.02	1809.74	74710	0	180
2025.05.05	1809.74	1833.83	1781.63	1820.25	94588	0	180
2025.05.06	1820.25	1821.06	1751.87	1816.20	104814	0	180
2025.05.07	1816.20	1851.20	1785.81	1810.61	107662	0	180
2025.05.08	1810.61	2225.12	1807.70	2205.09	242230	0	180
2025.05.09	2205.09	2488.49	2181.97	2343.24	329425	0	180
2025.05.10	2343.24	2599.48	2313.43	2580.80	291380	0	180
2025.05.11	2580.17	2605.70	2434.98	2512.41	266648	0	180
2025.05.12	2512.41	2622.41	2406.91	2494.64	289652	0	180
2025.05.13	2494.64	2739.78	2415.31	2679.82	263001	0	180
2025.05.14	2679.82	2724.16	2546.94	2609.40	220914	0	180
2025.05.15	2609.40	2646.07	2477.37	2548.02	250234	0	180
2025.05.16	2548.02	2648.67	2527.98	2536.62	180184	0	180
2025.05.17	2536.62	2537.60	2443.94	2474.73	183868	0	180
2025.05.18	2474.75	2586.86	2317.58	2497.94	217125	0	180
2025.05.19	2498.18	2547.10	2348.22	2526.93	257252	0	180
2025.05.20	2526.99	2587.88	2442.00	2522.92	199541	0	180
2025.05.21	2522.92	2616.65	2453.10	2552.50	258081	0	180
2025.05.22	2552.76	2692.96	2546.19	2663.86	231543	0	180
2025.05.23	2663.86	2732.21	2496.56	2524.65	246133	0	180
2025.05.24	2524.64	2573.85	2513.37	2527.59	126877	0	180
2025.05.25	2527.94	2552.87	2460.17	2549.61	142498	0	180
2025.05.26	2549.61	2597.32	2524.01	2562.52	113618	0	180
2025.05.27	2562.52	2711.62	2508.80	2658.81	168729	0	180
2025.05.28	2658.81	2688.32	2606.79	2681.66	140221	0	180
2025.05.29	2681.66	2788.96	2615.67	2629.17	176264	0	180
2025.05.30	2629.17	2647.01	2505.63	2529.64	207934	0	180
2025.05.31	2529.64	2550.71	2473.85	2528.11	147993	0	180
2025.06.01	2528.11	2547.57	2468.24	2538.34	120490	0	180
2025.06.02	2538.38	2615.36	2473.83	2607.26	150548	0	180
2025.06.03	2607.26	2655.72	2570.28	2592.97	133764	0	180
2025.06.04	2592.97	2679.67	2583.09	2605.89	121929	0	180
2025.06.05	2605.89	2640.03	2392.55	2415.97	188117	0	180
2025.06.06	2415.97	2532.37	2384.93	2477.59	144563	0	180
2025.06.07	2477.59	2545.67	2458.72	2525.44	97415	0	180
2025.06.08	2525.24	2549.94	2491.05	2510.05	76798	0	180
2025.06.09	2510.05	2694.48	2478.16	2680.60	120602	0	180
2025.06.10	2680.60	2824.98	2655.05	2814.18	196023	0	180
2025.06.11	2814.18	2878.16	2742.70	2769.69	203477	0	180
2025.06.12	2769.69	2783.86	2615.37	2641.80	182489	0	180
2025.06.13	2641.80	2644.83	2438.22	2579.76	256954	0	180
2025.06.14	2579.76	2579.88	2489.12	2532.43	116484	0	180
2025.06.15	2532.43	2561.71	2493.63	2550.07	110860	0	180
2025.06.16	2550.07	2681.86	2516.08	2545.77	159097	0	180
2025.06.17	2545.77	2619.13	2452.58	2510.16	187983	0	180
2025.06.18	2510.16	2548.44	2466.17	2525.26	164129	0	180
2025.06.19	2525.26	2548.04	2484.63	2520.52	88762	0	180
2025.06.20	2520.52	2569.20	2365.69	2408.03	146724	0	180
2025.06.21	2408.03	2449.23	2217.25	2296.08	142839	0	180
2025.06.22	2296.32	2315.03	2112.65	2229.00	294291	0	180
2025.06.23	2229.00	2441.33	2189.10	2413.11	239633	0	180
2025.06.24	2413.13	2483.01	2378.00	2449.39	164139	0	180
2025.06.25	2449.39	2470.37	2389.92	2419.42	140661	0	180
2025.06.26	2419.42	2521.67	2393.65	2415.29	143529	0	180
2025.06.27	2415.08	2464.17	2379.00	2423.98	112966	0	180
2025.06.28	2423.98	2449.20	2407.03	2437.13	57323	0	180
2025.06.29	2437.13	2525.27	2411.53	2500.33	75509	0	180
2025.06.30	2500.33	2525.12	2434.78	2487.09	112073	0	180
2025.07.01	2487.09	2502.40	2385.97	2406.25	101099	0	180
2025.07.02	2406.25	2619.39	2373.65	2571.11	122978	0	180
2025.07.03	2571.11	2636.87	2556.21	2591.47	113858	0	180
2025.07.04	2591.47	2603.54	2475.11	2508.60	99298	0	180
2025.07.05	2508.60	2530.10	2489.37	2517.33	69416	0	180
2025.07.06	2517.33	2605.57	2505.32	2570.09	81987	0	180
2025.07.07	2570.09	2590.84	2511.95	2542.02	96204	0	180
2025.07.08	2542.03	2627.83	2523.49	2614.90	89201	0	180
2025.07.09	2614.90	2795.96	2589.34	2768.23	124342	0	180
2025.07.10	2768.23	3005.38	2754.66	2949.25	147748	0	180
2025.07.11	2949.25	3039.08	2912.31	2955.58	192172	0	180
2025.07.12	2955.58	2977.82	2901.71	2941.59	111225	0	180
2025.07.13	2941.59	3018.11	2934.07	2969.81	107463	0	180
2025.07.14	2969.76	3081.95	2960.24	3013.39	174532	0	180
2025.07.15	3013.39	3145.47	2930.17	3139.49	215079	0	180
2025.07.16	3139.49	3425.37	3099.71	3370.83	212341	0	180
2025.07.17	3370.83	3525.09	3311.12	3477.74	250090	0	180
2025.07.18	3477.75	3675.64	3458.85	3548.65	289237	0	180
2025.07.19	3548.65	3612.20	3508.52	3592.63	161638	0	180
2025.07.20	3592.63	3823.20	3579.30	3757.29	219665	0	180
2025.07.21	3757.29	3860.30	3701.95	3762.49	217618	0	180
2025.07.22	3762.49	3801.37	3618.19	3747.29	228890	0	180
2025.07.23	3747.29	3765.62	3526.34	3628.85	186648	0	180
2025.07.24	3628.93	3775.17	3505.48	3709.64	208234	0	180
2025.07.25	3709.64	3747.88	3572.79	3725.75	229810	0	180
2025.07.26	3725.75	3796.43	3700.23	3743.89	109928	0	180
2025.07.27	3743.89	3880.46	3732.23	3873.53	142792	0	180
2025.07.28	3873.53	3940.09	3753.94	3798.51	180630	0	180
2025.07.29	3798.51	3886.39	3714.46	3793.31	183668	0	180
2025.07.30	3793.30	3834.65	3676.27	3811.47	190599	0	180
2025.07.31	3811.47	3880.43	3683.88	3698.01	157708	0	180
2025.08.01	3698.01	3725.75	3431.32	3487.82	289495	0	180
2025.08.02	3487.82	3540.09	3368.55	3395.20	218969	0	180
2025.08.03	3395.20	3525.28	3355.14	3499.82	150473	0	180
2025.08.04	3499.82	3738.85	3493.67	3723.92	170722	0	180
2025.08.05	3723.92	3724.59	3545.38	3611.17	186902	0	180
2025.08.06	3611.17	3699.72	3563.58	3683.57	154264	0	180
2025.08.07	3683.57	3928.68	3647.17	3910.66	155516	0	180
2025.08.08	3910.66	4071.01	3877.88	4010.05	178109	0	180
2025.08.09	4010.05	4326.84	4005.35	4260.29	198248	0	180
2025.08.10	4260.29	4333.49	4159.84	4249.68	197508	0	180
2025.08.11	4249.68	4367.42	4163.26	4222.14	242353	0	180
2025.08.12	4222.14	4640.44	4217.33	4588.77	211992	0	180
2025.08.13	4588.77	4785.89	4562.35	4748.67	231428	0	180
2025.08.14	4748.67	4793.43	4454.53	4547.97	270459	0	180
2025.08.15	4547.97	4675.52	4369.17	4441.84	237933	0	180
2025.08.16	4441.84	4492.56	4374.47	4423.84	150105	0	180
2025.08.17	4424.14	4578.02	4396.90	4472.80	154351	0	180
2025.08.18	4472.80	4482.04	4227.74	4314.96	244625	0	180
2025.08.19	4314.96	4357.16	4068.14	4077.43	246119	0	180
2025.08.20	4077.43	4382.18	4063.04	4340.01	250451	0	180
2025.08.21	4340.01	4343.19	4204.59	4226.00	205275	0	180
2025.08.22	4226.00	4888.75	4208.14	4828.11	274872	0	180
2025.08.23	4828.11	4828.79	4660.05	4776.80	167346	0	180
2025.08.24	4776.80	4958.84	4707.46	4780.45	208009	0	180
2025.08.25	4780.45	4798.23	4334.82	4379.53	289848	0	180
2025.08.26	4379.53	4636.90	4314.07	4604.36	254949	0	180
2025.08.27	4604.36	4666.70	4481.57	4506.30	221101	0	180
2025.08.28	4506.30	4635.65	4426.71	4512.01	183717	0	180
2025.08.29	4512.01	4517.59	4269.07	4362.24	225480	0	180
2025.08.30	4362.24	4417.00	4257.63	4374.98	139631	0	180
2025.08.31	4374.98	4500.25	4373.25	4394.18	136665	0	180
2025.09.01	4394.18	4492.10	4209.68	4313.74	202729	0	180
2025.09.02	4313.74	4419.26	4258.14	4327.89	207423	0	180
2025.09.03	4327.88	4491.16	4284.58	4451.84	151111	0	180
2025.09.04	4451.84	4484.46	4266.12	4299.24	158687	0	180
2025.09.05	4299.24	4495.91	4254.92	4307.18	178532	0	180
2025.09.06	4307.18	4326.55	4231.36	4272.90	90665	0	180
2025.09.07	4273.27	4337.20	4268.57	4304.93	78353	0	180
2025.09.08	4304.93	4382.87	4277.85	4304.78	121365	0	180
2025.09.09	4304.78	4380.13	4275.97	4309.24	113902	0	180
2025.09.10	4309.24	4451.96	4285.17	4351.03	122971	0	180
2025.09.11	4351.03	4480.49	4339.68	4455.93	129280	0	180
2025.09.12	4455.93	4749.93	4447.28	4709.26	140798	0	180
2025.09.13	4709.26	4766.02	4604.26	4666.53	116895	0	180
2025.09.14	4667.17	4692.48	4574.65	4605.06	107455	0	180
2025.09.15	4605.06	4673.28	4464.92	4522.94	143577	0	180
2025.09.16	4522.94	4537.26	4423.22	4501.70	112759	0	180
2025.09.17	4501.70	4617.42	4407.30	4589.32	147543	0	180
2025.09.18	4589.32	4644.50	4552.18	4585.82	103972	0	180
2025.09.19	4585.82	4621.16	4438.27	4472.03	98194	0	180
2025.09.20	4472.03	4511.78	4456.94	4482.77	60359	0	180
2025.09.21	4482.77	4500.71	4443.75	4447.27	59093	0	140
2025.09.22	4447.27	4457.70	4043.14	4201.85	205294	0	140
2025.09.23	4201.85	4232.10	4116.71	4165.06	158324	0	140
2025.09.24	4165.06	4207.59	4074.41	4153.45	126141	0	140
2025.09.25	4153.45	4162.30	3823.91	3875.66	277146	0	140
2025.09.26	3875.66	4070.52	3868.91	4034.10	218862	0	140
2025.09.27	4034.00	4041.83	3974.22	4019.96	103454	0	140
2025.09.28	4020.15	4146.29	3966.12	4142.62	117441	0	140
2025.09.29	4142.62	4238.44	4083.21	4217.38	141473	0	140
2025.09.30	4217.38	4247.48	4092.53	4145.68	154284	0	140
2025.10.01	4145.68	4358.47	4123.39	4350.37	158176	0	140
2025.10.02	4350.38	4521.04	4334.26	4486.88	167311	0	140
2025.10.03	4486.88	4595.85	4430.23	4515.64	177094	0	140
2025.10.04	4515.64	4520.95	4442.13	4488.92	72937	0	140
2025.10.05	4488.93	4620.41	4468.96	4514.77	88760	0	140
2025.10.06	4514.77	4739.19	4488.82	4685.48	103125	0	140
2025.10.07	4685.47	4759.05	4429.30	4449.18	111801	0	140
2025.10.08	4449.66	4559.53	4412.88	4526.86	90743	0	140
2025.10.09	4526.86	4532.48	4266.16	4369.90	97848	0	140
2025.10.10	4370.00	4395.89	3432.79	3831.08	337263	0	140
2025.10.11	3831.08	3884.17	3645.53	3749.83	211291	0	140
2025.10.12	3750.31	4200.40	3697.81	4155.12	181314	0	140
2025.10.13	4155.09	4296.53	4045.50	4244.28	161570	0	140
2025.10.14	4244.31	4266.91	3891.25	4126.25	210077	0	140
2025.10.15	4126.12	4218.03	3927.93	3986.97	150567	0	140
2025.10.16	3986.94	4090.07	3825.72	3894.36	171929	0	140
2025.10.17	3894.35	3950.76	3673.69	3832.47	183836	0	140
2025.10.18	3832.50	3928.54	3819.95	3889.60	61195	0	140
2025.10.19	3889.57	4032.86	3820.80	3983.64	80444	0	140
2025.10.20	3983.44	4085.85	3909.54	3979.83	100928	0	140
2025.10.21	3979.82	4111.87	3840.65	3874.73	130412	0	140
2025.10.22	3874.72	3890.88	3709.85	3805.62	131269	0	140
2025.10.23	3805.81	3935.25	3796.40	3857.64	84769	0	140
2025.10.24	3857.79	4027.54	3846.66	3935.38	83111	0	140
2025.10.25	3935.38	3966.43	3912.24	3954.28	33864	0	140
2025.10.26	3954.24	4179.13	3917.17	4158.04	62673	0	140
2025.10.27	4158.20	4253.18	4094.28	4119.68	93716	0	140
2025.10.28	4119.67	4175.61	3929.37	3979.42	98127	0	140
2025.10.29	3979.13	4037.01	3838.16	3903.02	112686	0	140
2025.10.30	3903.03	3948.77	3677.32	3803.47	127973	0	140
2025.10.31	3803.66	3903.80	3795.03	3846.17	89662	0	140
2025.11.01	3846.15	3907.09	3828.13	3871.63	37496	0	140
2025.11.02	3871.63	3916.64	3837.61	3905.11	46131	0	140
2025.11.03	3905.10	3913.77	3556.15	3602.42	137762	0	140
2025.11.04	3602.34	3653.97	3054.87	3285.33	232372	0	140
2025.11.05	3285.46	3480.16	3165.59	3424.07	148952	0	140
2025.11.06	3423.93	3455.76	3243.39	3313.07	128480	0	140
2025.11.07	3313.23	3472.20	3191.19	3433.63	150600	0	140
2025.11.08	3433.58	3488.44	3354.16	3400.42	78539	0	140
2025.11.09	3400.60	3622.65	3356.59	3581.76	82200	0	140
2025.11.10	3581.67	3658.57	3505.49	3566.00	101993	0	140
2025.11.11	3566.04	3646.92	3403.14	3415.98	118970	0	140
2025.11.12	3416.21	3587.43	3370.69	3413.88	121155	0	140
2025.11.13	3413.88	3564.95	3150.89	3228.85	179937	0	140
2025.11.14	3228.86	3254.73	3067.12	3109.78	237682	0	140
2025.11.15	3109.67	3228.47	3107.66	3165.64	76567	0	140
2025.11.16	3165.64	3246.91	2999.73	3092.21	128556	0	140
2025.11.17	3091.92	3220.13	2955.32	3027.72	174365	0	140
2025.11.18	3027.60	3168.46	2941.10	3121.36	170627	0	140
2025.11.19	3121.34	3123.46	2869.76	3022.47	156889	0	140
2025.11.20	3022.72	3060.93	2785.80	2830.10	160071	0	140
2025.11.21	2830.02	2882.51	2617.19	2763.33	244526	0	140
2025.11.22	2763.51	2796.84	2701.61	2768.21	80762	0	140
2025.11.23	2768.21	2856.43	2766.22	2800.73	82131	0	140
2025.11.24	2800.71	2987.05	2760.82	2952.22	122469	0	140
2025.11.25	2952.10	2978.54	2854.91	2957.73	100181	0	140
2025.11.26	2957.72	3044.33	2886.66	3026.05	86431	0	140
2025.11.27	3026.03	3070.65	2984.81	3014.43	61196	0	140
2025.11.28	3014.32	3098.81	2992.60	3031.58	76017	0	140
2025.11.29	3031.57	3053.41	2962.60	2989.70	45116	0	140
2025.11.30	2989.69	3053.15	2975.62	2991.50	46294	0	140
2025.12.01	2991.33	2999.69	2718.33	2797.78	125131	0	140
2025.12.02	2797.83	3034.23	2781.02	2996.19	101839	0	140
2025.12.03	2996.27	3216.51	2985.27	3188.50	111342	0	140
2025.12.04	3188.53	3240.40	3066.63	3133.21	99766	0	140
2025.12.05	3133.21	3193.49	2980.17	3022.11	107557	0	140
2025.12.06	3022.39	3069.46	3012.57	3038.10	47449	0	140
2025.12.07	3038.11	3150.89	2906.38	3059.54	85077	0	140
2025.12.08	3059.57	3179.96	3040.05	3124.43	104214	0	140
2025.12.09	3124.56	3397.71	3090.28	3318.21	113283	0	140
2025.12.10	3318.10	3447.43	3288.11	3324.50	125139	0	140
2025.12.11	3324.56	3327.92	3144.54	3237.62	116302	0	140
2025.12.12	3237.62	3266.69	3042.47	3084.45	101672	0	140
2025.12.13	3084.62	3135.81	3078.10	3114.23	38244	0	140
2025.12.14	3114.04	3130.11	3024.15	3063.47	62977	0	140
2025.12.15	3063.03	3177.69	2893.37	2963.53	122485	0	140
2025.12.16	2963.64	2982.18	2874.57	2961.44	112004	0	140
2025.12.17	2961.46	3029.15	2789.11	2832.13	118354	0	140
2025.12.18	2832.14	2996.28	2773.11	2826.27	129442	0	140
2025.12.19	2826.27	3016.98	2806.12	2977.44	114407	0	140
2025.12.20	2977.44	2992.45	2964.77	2975.99	27905	0	140
2025.12.21	2975.99	3011.71	2943.13	3000.62	46262	0	140
2025.12.22	3000.62	3076.45	2961.35	3007.56	95830	0	140
2025.12.23	3007.56	3034.04	2899.12	2962.38	77167	0	140
2025.12.24	2962.53	2975.76	2886.41	2945.09	57225	0	140
2025.12.25	2945.07	2969.23	2888.39	2901.45	39297	0	140
2025.12.26	2901.24	2992.18	2891.82	2925.38	63796	0	140
2025.12.27	2925.40	2958.62	2914.95	2946.25	21933	0	140
2025.12.28	2946.15	2958.64	2922.11	2947.85	28037	0	140
2025.12.29	2948.02	3054.26	2906.12	2934.02	76266	0	140
2025.12.30	2934.06	3005.51	2914.24	2969.75	58847	0	140
2025.12.31	2969.82	3024.34	2954.88	2966.43	46468	0	140
2026.01.01	2966.51	3005.70	2966.24	2999.57	26995	0	140
2026.01.02	2999.56	3148.76	2988.07	3123.67	82488	0	140
2026.01.03	3123.66	3134.87	3074.07	3124.80	35761	0	140
2026.01.04	3124.75	3165.51	3114.96	3142.52	47207	0	140
2026.01.05	3142.53	3265.18	3132.45	3224.54	85929	0	140
2026.01.06	3224.74	3308.11	3181.14	3294.59	79961	0	140
2026.01.07	3294.67	3294.99	3120.90	3164.93	77152	0	140
2026.01.08	3164.93	3181.58	3050.21	3103.76	78482	0	140
2026.01.09	3103.76	3145.51	3054.72	3084.03	74045	0	140
2026.01.10	3084.03	3099.15	3073.31	3081.53	21568	0	140
2026.01.11	3081.55	3142.90	3079.57	3118.07	31992	0	140
2026.01.12	3117.97	3166.67	3061.15	3091.57	72896	0	140
2026.01.13	3091.57	3380.07	3087.52	3323.42	79334	0	140
2026.01.14	3323.42	3403.91	3278.55	3354.56	82997	0	140
2026.01.15	3354.55	3383.24	3270.66	3317.58	78589	0	140
2026.01.16	3317.64	3325.70	3250.77	3294.35	53987	0	140
2026.01.17	3294.73	3328.28	3281.39	3308.60	24537	0	140
2026.01.18	3308.42	3367.64	3277.08	3282.61	37454	0	140
2026.01.19	3282.61	3283.02	3163.31	3186.98	63716	0	140
2026.01.20	3186.90	3198.28	2907.09	2936.02	93157	0	140
2026.01.21	2936.17	3066.82	2862.83	2979.34	108204	0	140
2026.01.22	2979.10	3035.44	2902.74	2948.95	76569	0	140
2026.01.23	2948.94	3016.12	2887.88	2952.71	76415	0	140
2026.01.24	2952.70	2965.61	2939.05	2948.75	22981	0	140
2026.01.25	2948.66	2955.41	2782.85	2813.43	65508	0	140
2026.01.26	2813.43	2948.10	2808.75	2926.50	82363	0	140
2026.01.27	2926.58	3031.90	2895.33	3021.64	69592	0	140
2026.01.28	3021.63	3041.20	2978.50	3005.67	68538	0	140
2026.01.29	3005.69	3008.36	2749.11	2817.47	88069	0	140
2026.01.30	2817.46	2823.84	2631.69	2702.29	142092	0	140
2026.01.31	2702.28	2709.87	2225.23	2448.59	175987	0	140
2026.02.01	2448.69	2473.54	2217.43	2268.05	156752	0	140
2026.02.02	2268.08	2395.17	2154.91	2344.57	218480	0	140
2026.02.03	2344.45	2357.72	2105.67	2230.37	168751	0	140
2026.02.04	2230.39	2292.49	2070.01	2142.96	182636	0	140
2026.02.05	2142.77	2168.53	1811.64	1823.19	320355	0	140
2026.02.06	1823.10	2092.26	1739.55	2061.36	245167	0	140
2026.02.07	2061.44	2123.52	1992.66	2085.06	156622	0	140
2026.02.08	2085.14	2150.61	2064.45	2088.07	84668	0	140
2026.02.09	2088.20	2147.04	2006.61	2103.11	113943	0	140
2026.02.10	2103.11	2122.90	1985.16	2021.23	92555	0	140
2026.02.11	2020.95	2030.55	1900.91	1939.31	116451	0	140
2026.02.12	1939.32	1999.37	1893.80	1945.79	98633	0	140
2026.02.13	1945.70	2071.81	1922.26	2047.11	87285	0	140
2026.02.14	2047.02	2105.99	2040.50	2084.97	50833	0	140
2026.02.15	2085.15	2101.60	1927.04	1964.55	79800	0	140
2026.02.16	1964.69	2022.18	1935.41	1996.68	73599	0	140
2026.02.17	1996.73	2014.45	1939.37	1990.27	76967	0	140
2026.02.18	1990.27	2037.59	1921.08	1954.71	68685	0	140
2026.02.19	1954.60	1986.58	1905.11	1947.63	67065	0	140
2026.02.20	1947.61	1980.23	1921.95	1967.58	67828	0	140
2026.02.21	1967.18	1995.31	1954.63	1972.60	31431	0	140
2026.02.22	1972.40	1982.20	1933.26	1956.39	31409	0	140
2026.02.23	1956.39	1956.83	1836.12	1855.30	79958	0	140
2026.02.24	1855.27	1868.44	1798.68	1851.58	77051	0	140
2026.02.25	1851.63	2149.32	1845.81	2057.22	96423	0	140
2026.02.26	2056.96	2083.70	1974.94	2027.29	85192	0	140
2026.02.27	2027.29	2063.68	1886.06	1929.12	81479	0	140
2026.02.28	1928.92	1984.85	1834.54	1964.28	88236	0	140
2026.03.01	1964.18	2054.50	1907.21	1939.09	93163	0	140
2026.03.02	1939.29	2089.79	1917.37	2026.90	112825	0	140
2026.03.03	2027.07	2041.28	1926.58	1982.07	109874	0	140
2026.03.04	1982.09	2200.00	1944.50	2127.06	123192	0	140
2026.03.05	2126.84	2163.94	2054.08	2072.56	101447	0	140
2026.03.06	2072.76	2093.10	1954.98	1978.23	86717	0	140
2026.03.07	1978.19	1995.69	1947.16	1968.72	36629	0	140
2026.03.08	1968.72	1979.44	1909.07	1936.10	59661	0	140
2026.03.09	1936.07	2053.25	1928.33	1992.52	98700	0	140
2026.03.10	1992.36	2088.56	1990.45	2036.46	89929	0	140
2026.03.11	2036.37	2085.44	2006.68	2051.73	75258	0	140
2026.03.12	2051.86	2095.38	2016.87	2073.19	71677	0	140
2026.03.13	2073.00	2210.70	2069.65	2092.05	91126	0	140
2026.03.14	2091.91	2105.96	2060.85	2095.99	32937	0	140
2026.03.15	2095.98	2203.02	2082.53	2178.40	48388	0	140
2026.03.16	2178.40	2385.68	2164.06	2352.54	99695	0	140
2026.03.17	2352.54	2376.63	2294.29	2317.41	82789	0	140
2026.03.18	2317.40	2350.77	2152.42	2202.47	82241	0	140
2026.03.19	2202.49	2233.10	2098.41	2137.08	88673	0	140
2026.03.20	2136.90	2176.00	2114.95	2145.52	73370	0	140
2026.03.21	2145.51	2167.71	2069.45	2084.13	30665	0	140
2026.03.22	2083.81	2126.62	2024.52	2053.04	64500	0	140
2026.03.23	2052.99	2197.36	2021.53	2151.00	116238	0	140
2026.03.24	2151.01	2174.53	2101.23	2154.66	78325	0	140
2026.03.25	2154.69	2199.64	2144.43	2167.65	61489	0	140
2026.03.26	2167.57	2170.83	2032.37	2058.14	62464	0	140
2026.03.27	2058.18	2075.64	1966.42	1990.87	63091	0	140
2026.03.28	1990.74	2044.85	1980.48	1992.71	34601	0	140
2026.03.29	1992.68	2018.04	1936.43	1982.15	39949	0	140
2026.03.30	1982.36	2083.97	1977.56	2024.05	68723	0	140
2026.03.31	2024.18	2123.30	2010.02	2103.09	80424	0	140
2026.04.01	2102.92	2167.03	2079.78	2139.46	66361	0	140
2026.04.02	2139.46	2158.87	2015.34	2056.16	71836	0	140
2026.04.03	2056.19	2081.75	2039.37	2052.67	38318	0	140
2026.04.04	2052.67	2083.17	2043.15	2064.68	19069	0	140
2026.04.05	2064.76	2122.24	2020.51	2108.63	36003	0	140
2026.04.06	2108.93	2174.37	2087.29	2106.34	60818	0	140
2026.04.07	2106.21	2273.08	2058.83	2239.27	79760	0	140
2026.04.08	2239.45	2270.25	2178.94	2189.55	64966	0	140
2026.04.09	2189.61	2246.27	2156.23	2189.84	61080	0	140
2026.04.10	2190.00	2258.59	2175.60	2245.68	50401	0	140
2026.04.11	2245.71	2330.97	2228.79	2285.39	36662	0	140
2026.04.12	2285.32	2289.04	2174.20	2191.10	44479	0	140
2026.04.13	2191.00	2396.24	2174.74	2369.64	64160	0	140
2026.04.14	2369.83	2418.93	2303.55	2322.82	63176	0	140
2026.04.15	2322.71	2385.96	2308.22	2359.93	56703	0	140
2026.04.16	2360.12	2369.74	2283.44	2348.14	60609	0	140
2026.04.17	2348.04	2466.17	2316.51	2419.40	72987	0	140
2026.04.18	2419.36	2428.07	2339.02	2350.78	39233	0	140
2026.04.19	2350.90	2355.41	2252.59	2263.44	55614	0	140
2026.04.20	2263.65	2347.41	2260.24	2314.42	66172	0	140
2026.04.21	2314.42	2339.55	2284.01	2327.68	61795	0	140
2026.04.22	2327.81	2424.61	2313.02	2374.18	60981	0	140
2026.04.23	2374.41	2382.50	2284.86	2330.73	60667	0	140
2026.04.24	2330.86	2338.06	2299.79	2315.50	43387	0	140
2026.04.25	2315.49	2323.48	2300.17	2319.51	18910	0	140
2026.04.26	2319.51	2352.65	2306.23	2344.59	16967	0	140
