<DATE>	<OPEN>	<HIGH>	<LOW>	<CLOSE>	<TICKVOL>	<VOL>	<SPREAD>
2018.07.03	1.16411	1.16723	1.16199	1.16587	54972	0	0
2018.07.04	1.16584	1.16808	1.16302	1.16597	44311	0	0
2018.07.05	1.16598	1.17192	1.16489	1.16915	58500	0	0
2018.07.06	1.16914	1.17669	1.16793	1.17431	50846	0	0
2018.07.08	1.17372	1.17529	1.17372	1.17513	2839	0	0
2018.07.09	1.17514	1.17901	1.17322	1.17556	50412	0	0
2018.07.10	1.17555	1.17618	1.16899	1.17278	53034	0	0
2018.07.11	1.17277	1.17574	1.16651	1.16744	62736	0	0
2018.07.12	1.16746	1.16950	1.16493	1.16632	53262	0	0
2018.07.13	1.16633	1.16860	1.16126	1.16824	48410	0	0
2018.07.15	1.16877	1.16896	1.16756	1.16778	2492	0	0
2018.07.16	1.16779	1.17248	1.16750	1.17087	47192	0	0
2018.07.17	1.17086	1.17441	1.16462	1.16525	54319	0	0
2018.07.18	1.16528	1.16639	1.16016	1.16444	52489	0	0
2018.07.19	1.16443	1.16779	1.15740	1.16530	62851	0	0
2018.07.20	1.16529	1.17381	1.16252	1.17176	61367	0	0
2018.07.22	1.17232	1.17439	1.17215	1.17401	3616	0	0
2018.07.23	1.17399	1.17491	1.16831	1.16931	52351	0	0
2018.07.24	1.16928	1.17164	1.16541	1.16840	54211	0	0
2018.07.25	1.16843	1.17379	1.16638	1.17373	57062	0	0
2018.07.26	1.17374	1.17428	1.16348	1.16431	55339	0	0
2018.07.27	1.16432	1.16637	1.16200	1.16530	46850	0	0
2018.07.29	1.16532	1.16595	1.16514	1.16588	2806	0	0
2018.07.30	1.16587	1.17181	1.16474	1.17067	42004	0	0
2018.07.31	1.17067	1.17452	1.16806	1.16885	52392	0	0
2018.08.01	1.16883	1.16989	1.16556	1.16626	49005	0	0
2018.08.02	1.16627	1.16669	1.15791	1.15845	51297	0	0
2018.08.03	1.15843	1.16099	1.15598	1.15658	48368	0	0
2018.08.05	1.15681	1.15686	1.15576	1.15609	3340	0	0
2018.08.06	1.15608	1.15697	1.15295	1.15574	44962	0	0
2018.08.07	1.15573	1.16077	1.15510	1.16025	44062	0	0
2018.08.08	1.16024	1.16272	1.15727	1.16086	44209	0	0
2018.08.09	1.16087	1.16185	1.15141	1.15236	50335	0	0
2018.08.10	1.15234	1.15357	1.13876	1.14085	67608	0	0
2018.08.12	1.13946	1.14070	1.13688	1.13941	3641	0	0
2018.08.13	1.13941	1.14322	1.13643	1.13999	66098	0	0
2018.08.14	1.13998	1.14289	1.13297	1.13462	58893	0	0
2018.08.15	1.13460	1.13542	1.13005	1.13413	59589	0	0
2018.08.16	1.13411	1.14085	1.13353	1.13713	61157	0	0
2018.08.17	1.13713	1.14442	1.13657	1.14368	50623	0	0
2018.08.19	1.14390	1.14390	1.14333	1.14372	3202	0	0
2018.08.20	1.14371	1.14914	1.13939	1.14913	50115	0	0
2018.08.21	1.14912	1.16004	1.14847	1.15753	61247	0	0
2018.08.22	1.15754	1.16223	1.15529	1.15854	55462	0	0
2018.08.23	1.15851	1.15901	1.15295	1.15414	55801	0	0
2018.08.24	1.15413	1.16391	1.15376	1.16199	52028	0	0
2018.08.26	1.16156	1.16469	1.16151	1.16446	3622	0	0
2018.08.27	1.16445	1.16928	1.15935	1.16835	50033	0	0
2018.08.28	1.16835	1.17328	1.16620	1.16929	55204	0	0
2018.08.29	1.16929	1.17094	1.16515	1.17090	56903	0	0
2018.08.30	1.17088	1.17176	1.16412	1.16650	59215	0	0
2018.08.31	1.16649	1.16892	1.15841	1.15994	59089	0	0
2018.09.02	1.15959	1.16007	1.15910	1.15979	3504	0	0
2018.09.03	1.15976	1.16268	1.15882	1.16135	41860	0	0
2018.09.04	1.16134	1.16136	1.15297	1.15866	56327	0	0
2018.09.05	1.15865	1.16389	1.15402	1.16341	59785	0	0
2018.09.06	1.16340	1.16577	1.16046	1.16192	58230	0	0
2018.09.07	1.16194	1.16488	1.15501	1.15528	56940	0	0
2018.09.09	1.15490	1.15604	1.15455	1.15602	3169	0	0
2018.09.10	1.15601	1.16154	1.15250	1.15931	48194	0	0
2018.09.11	1.15930	1.16434	1.15651	1.15953	51937	0	0
2018.09.12	1.15950	1.16489	1.15685	1.16250	53357	0	0
2018.09.13	1.16247	1.17004	1.16086	1.16908	52816	0	0
2018.09.14	1.16907	1.17210	1.16201	1.16211	54579	0	0
2018.09.16	1.16196	1.16290	1.16196	1.16230	2989	0	0
2018.09.17	1.16230	1.16976	1.16176	1.16684	52953	0	0
2018.09.18	1.16682	1.17236	1.16519	1.16772	64297	0	0
2018.09.19	1.16772	1.17143	1.16497	1.16736	63098	0	0
2018.09.20	1.16736	1.17840	1.16714	1.17753	61539	0	0
2018.09.21	1.17752	1.18019	1.17325	1.17464	57275	0	0
2018.09.23	1.17444	1.17490	1.17382	1.17481	2557	0	0
2018.09.24	1.17479	1.18145	1.17235	1.17520	56964	0	0
2018.09.25	1.17520	1.17918	1.17304	1.17624	59845	0	0
2018.09.26	1.17623	1.17969	1.17256	1.17466	62398	0	0
2018.09.27	1.17464	1.17565	1.16333	1.16356	66055	0	0
2018.09.28	1.16354	1.16508	1.15694	1.16038	60109	0	0
2018.09.30	1.16060	1.16154	1.16038	1.16048	2098	0	0
2018.10.01	1.16048	1.16241	1.15628	1.15766	56452	0	0
2018.10.02	1.15765	1.15796	1.15042	1.15499	61415	0	0
2018.10.03	1.15498	1.15922	1.14636	1.14760	68554	0	0
2018.10.04	1.14759	1.15419	1.14622	1.15170	62701	0	0
2018.10.05	1.15169	1.15488	1.14832	1.15193	61857	0	0
2018.10.07	1.15197	1.15261	1.15195	1.15235	2135	0	0
2018.10.08	1.15234	1.15290	1.14594	1.14937	53333	0	0
2018.10.09	1.14936	1.15073	1.14317	1.15043	65259	0	0
2018.10.10	1.15042	1.15445	1.14794	1.15327	64487	0	0
2018.10.11	1.15326	1.15984	1.15306	1.15895	76827	0	0
2018.10.12	1.15893	1.16099	1.15336	1.15591	62869	0	0
2018.10.14	1.15524	1.15526	1.15412	1.15500	2874	0	0
2018.10.15	1.15499	1.16055	1.15425	1.15826	59495	0	0
2018.10.16	1.15823	1.16205	1.15655	1.15759	60536	0	0
2018.10.17	1.15759	1.15798	1.14950	1.15008	65751	0	0
2018.10.18	1.15007	1.15267	1.14490	1.14537	66792	0	0
2018.10.19	1.14536	1.15337	1.14327	1.15131	63764	0	0
2018.10.21	1.15126	1.15161	1.15079	1.15100	2638	0	0
2018.10.22	1.15101	1.15495	1.14554	1.14640	59060	0	0
2018.10.23	1.14641	1.14925	1.14390	1.14703	65612	0	0
2018.10.24	1.14702	1.14758	1.13777	1.13985	68022	0	0
2018.10.25	1.13984	1.14318	1.13551	1.13748	66281	0	0
2018.10.26	1.13748	1.14202	1.13351	1.14029	67312	0	0
2018.10.28	1.13945	1.14028	1.13908	1.13975	3181	0	0
2018.10.29	1.13975	1.14158	1.13601	1.13752	64011	0	0
2018.10.30	1.13750	1.13873	1.13399	1.13449	60124	0	0
2018.10.31	1.13448	1.13596	1.13005	1.13143	63095	0	0
2018.11.01	1.13142	1.14235	1.13121	1.14024	66548	0	0
2018.11.02	1.14023	1.14552	1.13721	1.13874	64106	0	0
2018.11.04	1.13869	1.13989	1.13865	1.13972	2302	0	0
2018.11.05	1.13970	1.14234	1.13523	1.14079	59435	0	0
2018.11.06	1.14080	1.14372	1.13911	1.14357	59715	0	0
2018.11.07	1.14358	1.14991	1.13937	1.14323	77611	0	0
2018.11.08	1.14322	1.14458	1.13514	1.13677	67602	0	0
2018.11.09	1.13677	1.13679	1.13157	1.13349	64488	0	0
2018.11.11	1.13171	1.13249	1.13121	1.13234	3283	0	0
2018.11.12	1.13234	1.13299	1.12137	1.12232	64356	0	0
2018.11.13	1.12230	1.13157	1.12211	1.13115	72447	0	0
2018.11.14	1.13115	1.13458	1.12627	1.13119	76573	0	0
2018.11.15	1.13120	1.13614	1.12695	1.13242	76058	0	0
2018.11.16	1.13243	1.14196	1.13212	1.14170	64986	0	0
2018.11.18	1.14017	1.14193	1.13998	1.14133	2910	0	0
2018.11.19	1.14133	1.14637	1.13936	1.14539	59044	0	0
2018.11.20	1.14538	1.14718	1.13583	1.13715	64244	0	0
2018.11.21	1.13716	1.14240	1.13650	1.13873	63947	0	0
2018.11.22	1.13873	1.14332	1.13848	1.14023	48878	0	0
2018.11.23	1.14022	1.14204	1.13267	1.13330	53484	0	0
2018.11.25	1.13381	1.13406	1.13300	1.13365	3221	0	0
2018.11.26	1.13365	1.13830	1.13245	1.13326	61395	0	0
2018.11.27	1.13326	1.13433	1.12770	1.12968	64192	0	0
2018.11.28	1.12967	1.13866	1.12667	1.13671	67576	0	0
2018.11.29	1.13670	1.14008	1.13482	1.13918	67661	0	0
2018.11.30	1.13919	1.13997	1.13045	1.13175	63402	0	0
2018.12.02	1.13538	1.13580	1.13271	1.13413	2975	0	0
2018.12.03	1.13414	1.13792	1.13189	1.13540	62448	0	0
2018.12.04	1.13539	1.14177	1.13182	1.13423	71290	0	0
2018.12.05	1.13422	1.13607	1.13106	1.13479	54303	0	0
2018.12.06	1.13483	1.14119	1.13205	1.13745	72057	0	0
2018.12.07	1.13752	1.14229	1.13598	1.13893	64678	0	0
2018.12.09	1.13851	1.14050	1.13851	1.13990	2976	0	0
2018.12.10	1.13992	1.14420	1.13489	1.13555	68485	0	0
2018.12.11	1.13555	1.13995	1.13053	1.13212	65778	0	0
2018.12.12	1.13213	1.13867	1.13146	1.13722	67202	0	0
2018.12.13	1.13723	1.13920	1.13306	1.13624	63759	0	0
2018.12.14	1.13626	1.13643	1.12694	1.13040	60045	0	0
2018.12.16	1.13022	1.13072	1.12989	1.13034	3116	0	0
2018.12.17	1.13038	1.13573	1.13018	1.13490	56825	0	0
2018.12.18	1.13489	1.14017	1.13364	1.13747	63257	0	0
2018.12.19	1.13752	1.14387	1.13629	1.13861	69523	0	0
2018.12.20	1.13862	1.14849	1.13768	1.14563	71650	0	0
2018.12.21	1.14562	1.14733	1.13555	1.13666	64665	0	0
2018.12.23	1.13617	1.13729	1.13594	1.13719	1917	0	0
2018.12.24	1.13718	1.14378	1.13699	1.14090	45825	0	0
2018.12.26	1.14115	1.14151	1.13425	1.13602	44593	0	0
2018.12.27	1.13600	1.14534	1.13578	1.14301	73298	0	0
2018.12.28	1.14301	1.14720	1.14297	1.14416	64909	0	0
2018.12.30	1.14410	1.14415	1.14327	1.14388	2365	0	0
2018.12.31	1.14387	1.14657	1.14212	1.14620	49131	0	0
2019.01.02	1.14605	1.14961	1.13103	1.13110	66850	0	0
2019.01.03	1.13110	1.14103	1.13097	1.13897	74837	0	0
2019.01.04	1.13897	1.14184	1.13453	1.13954	65170	0	0
2019.01.06	1.13930	1.14111	1.13930	1.14099	2729	0	0
2019.01.07	1.14098	1.14820	1.14043	1.14785	57402	0	0
2019.01.08	1.14785	1.14842	1.14213	1.14549	60309	0	0
2019.01.09	1.14562	1.15571	1.14385	1.15530	68126	0	0
2019.01.10	1.15535	1.15692	1.14840	1.15065	65418	0	0
2019.01.11	1.15073	1.15396	1.14575	1.14656	58943	0	0
2019.01.13	1.14537	1.14670	1.14527	1.14595	2492	0	0
2019.01.14	1.14594	1.14813	1.14496	1.14721	55199	0	0
2019.01.15	1.14723	1.14890	1.13814	1.14136	65563	0	0
2019.01.16	1.14137	1.14241	1.13774	1.13980	58650	0	0
2019.01.17	1.13989	1.14055	1.13698	1.13916	58384	0	0
2019.01.18	1.13918	1.14096	1.13527	1.13631	55770	0	0
2019.01.20	1.13595	1.13671	1.13581	1.13648	1706	0	0
2019.01.21	1.13648	1.13904	1.13562	1.13685	41932	0	0
2019.01.22	1.13684	1.13735	1.13356	1.13631	53485	0	0
2019.01.23	1.13631	1.13937	1.13503	1.13849	54827	0	0
2019.01.24	1.13854	1.13907	1.12884	1.13118	67171	0	0
2019.01.25	1.13121	1.14172	1.13046	1.14060	60428	0	0
2019.01.27	1.14021	1.14121	1.13993	1.14120	2256	0	0
2019.01.28	1.14124	1.14432	1.13895	1.14292	49810	0	0
2019.01.29	1.14293	1.14496	1.14107	1.14347	54254	0	0
2019.01.30	1.14346	1.15010	1.14057	1.14850	56658	0	0
2019.01.31	1.14850	1.15136	1.14352	1.14474	58311	0	0
2019.02.01	1.14479	1.14877	1.14342	1.14552	51906	0	0
2019.02.03	1.14506	1.14575	1.14460	1.14544	1930	0	0
2019.02.04	1.14543	1.14598	1.14240	1.14350	48781	0	0
2019.02.05	1.14349	1.14399	1.14000	1.14086	47138	0	0
2019.02.06	1.14086	1.14087	1.13591	1.13655	49273	0	0
2019.02.07	1.13655	1.13674	1.13225	1.13381	49786	0	0
2019.02.08	1.13381	1.13503	1.13206	1.13217	43865	0	0
2019.02.10	1.13216	1.13244	1.13136	1.13237	2852	0	0
2019.02.11	1.13237	1.13293	1.12668	1.12785	46716	0	0
2019.02.12	1.12783	1.13391	1.12571	1.13335	49248	0	0
2019.02.13	1.13336	1.13411	1.12484	1.12643	49556	0	0
2019.02.14	1.12645	1.13090	1.12496	1.12944	53268	0	0
2019.02.15	1.12941	1.13057	1.12336	1.12932	49080	0	0
2019.02.17	1.12945	1.12955	1.12881	1.12950	2368	0	0
2019.02.18	1.12948	1.13335	1.12937	1.13113	37218	0	0
2019.02.19	1.13112	1.13568	1.12750	1.13395	49675	0	0
2019.02.20	1.13395	1.13706	1.13245	1.13455	49836	0	0
2019.02.21	1.13458	1.13658	1.13185	1.13390	53411	0	0
2019.02.22	1.13391	1.13552	1.13157	1.13329	45407	0	0
2019.02.24	1.13395	1.13413	1.13278	1.13413	2162	0	0
2019.02.25	1.13416	1.13669	1.13362	1.13640	46690	0	0
2019.02.26	1.13644	1.14019	1.13446	1.13927	49313	0	0
2019.02.27	1.13928	1.14028	1.13618	1.13792	50750	0	0
2019.02.28	1.13793	1.14190	1.13593	1.13727	53152	0	0
2019.03.01	1.13726	1.14079	1.13528	1.13645	48353	0	0
2019.03.03	1.13801	1.13837	1.13717	1.13746	2129	0	0
2019.03.04	1.13746	1.13746	1.13085	1.13360	46195	0	0
2019.03.05	1.13360	1.13379	1.12891	1.13053	47726	0	0
2019.03.06	1.13056	1.13240	1.12825	1.13126	44805	0	0
2019.03.07	1.13127	1.13196	1.11748	1.11979	50762	0	0
2019.03.08	1.11977	1.12454	1.11846	1.12328	49349	0	0
2019.03.10	1.12286	1.12374	1.12286	1.12315	2331	0	0
2019.03.11	1.12313	1.12678	1.12213	1.12588	44101	0	0
2019.03.12	1.12588	1.13045	1.12487	1.12863	44271	0	0
2019.03.13	1.12862	1.13378	1.12769	1.13300	42361	0	0
2019.03.14	1.13300	1.13355	1.12936	1.13062	45505	0	0
2019.03.15	1.13063	1.13437	1.12996	1.13249	39338	0	0
2019.03.17	1.13191	1.13268	1.13185	1.13190	1948	0	0
2019.03.18	1.13190	1.13583	1.13188	1.13356	39466	0	0
2019.03.19	1.13357	1.13610	1.13332	1.13539	40581	0	0
2019.03.20	1.13540	1.14473	1.13350	1.14281	48641	0	0
2019.03.21	1.14280	1.14371	1.13420	1.13735	50561	0	0
2019.03.22	1.13736	1.13899	1.12724	1.12996	49619	0	0
2019.03.24	1.12917	1.12979	1.12897	1.12955	1663	0	0
2019.03.25	1.12953	1.13306	1.12881	1.13146	47617	0	0
2019.03.26	1.13145	1.13254	1.12614	1.12737	47505	0	0
2019.03.27	1.12735	1.12849	1.12416	1.12516	52463	0	0
2019.03.28	1.12517	1.12609	1.12132	1.12296	50267	0	0
2019.03.29	1.12292	1.12461	1.12094	1.12175	47923	0	0
2019.03.31	1.12247	1.12281	1.12198	1.12229	1564	0	0
2019.04.01	1.12227	1.12491	1.11969	1.12048	46746	0	0
2019.04.02	1.12046	1.12151	1.11831	1.12029	46908	0	0
2019.04.03	1.12028	1.12541	1.12015	1.12444	47250	0	0
2019.04.04	1.12443	1.12474	1.12055	1.12221	43194	0	0
2019.04.05	1.12220	1.12455	1.12095	1.12156	39742	0	0
2019.04.07	1.12133	1.12194	1.12115	1.12179	2204	0	0
2019.04.08	1.12180	1.12738	1.12144	1.12554	41951	0	0
2019.04.09	1.12553	1.12836	1.12550	1.12653	42116	0	0
2019.04.10	1.12652	1.12866	1.12290	1.12755	45219	0	0
2019.04.11	1.12755	1.12868	1.12495	1.12599	42359	0	0
2019.04.12	1.12598	1.13233	1.12568	1.12989	42355	0	0
2019.04.14	1.13005	1.13069	1.12971	1.13025	1657	0	0
2019.04.15	1.13023	1.13203	1.12973	1.13038	43766	0	0
2019.04.16	1.13038	1.13133	1.12774	1.12840	49861	0	0
2019.04.17	1.12841	1.13231	1.12807	1.12960	46428	0	0
2019.04.18	1.12960	1.13034	1.12256	1.12344	45208	0	0
2019.04.19	1.12341	1.12466	1.12305	1.12425	19669	0	0
2019.04.21	1.12404	1.12440	1.12368	1.12432	2131	0	0
2019.04.22	1.12433	1.12614	1.12355	1.12583	15244	0	0
2019.04.23	1.12585	1.12606	1.11918	1.12236	23531	0	0
2019.04.24	1.12237	1.12239	1.11404	1.11531	32619	0	0
2019.04.25	1.11530	1.11620	1.11174	1.11352	28345	0	0
2019.04.26	1.11351	1.11733	1.11111	1.11448	27687	0	0
2019.04.28	1.11433	1.11513	1.11433	1.11488	1952	0	0
2019.04.29	1.11489	1.11863	1.11447	1.11845	21853	0	0
2019.04.30	1.11844	1.12284	1.11754	1.12152	27005	0	0
2019.05.01	1.12152	1.12641	1.11871	1.12020	24688	0	0
2019.05.02	1.12020	1.12185	1.11696	1.11726	28802	0	0
2019.05.03	1.11725	1.12045	1.11350	1.12012	25311	0	0
2019.05.05	1.11741	1.11987	1.11712	1.11844	2586	0	0
2019.05.06	1.11843	1.12086	1.11787	1.12006	25409	0	0
2019.05.07	1.12005	1.12171	1.11659	1.11893	28273	0	0
2019.05.08	1.11892	1.12131	1.11824	1.11977	30664	0	0
2019.05.09	1.11976	1.12504	1.11730	1.12180	32666	0	0
2019.05.10	1.12181	1.12529	1.12175	1.12337	27705	0	0
2019.05.12	1.12328	1.12386	1.12325	1.12355	2349	0	0
2019.05.13	1.12353	1.12628	1.12188	1.12318	26609	0	0
2019.05.14	1.12319	1.12434	1.12009	1.12026	24906	0	0
2019.05.15	1.12027	1.12232	1.11770	1.12069	27076	0	0
2019.05.16	1.12067	1.12234	1.11661	1.11730	24772	0	0
2019.05.17	1.11729	1.11835	1.11545	1.11568	24528	0	0
2019.05.19	1.11564	1.11660	1.11564	1.11644	2105	0	0
2019.05.20	1.11646	1.11743	1.11503	1.11670	23200	0	0
2019.05.21	1.11669	1.11849	1.11412	1.11640	24415	0	0
2019.05.22	1.11640	1.11795	1.11482	1.11550	22510	0	0
2019.05.23	1.11550	1.11869	1.11063	1.11838	26813	0	0
2019.05.24	1.11836	1.12116	1.11769	1.12045	20767	0	0
2019.05.26	1.12064	1.12111	1.12064	1.12067	1620	0	0
2019.05.27	1.12065	1.12148	1.11861	1.11929	17462	0	0
2019.05.28	1.11931	1.11977	1.11584	1.11676	24230	0	0
2019.05.29	1.11674	1.11721	1.11236	1.11364	25162	0	0
2019.05.30	1.11363	1.11427	1.11158	1.11294	22436	0	0
2019.05.31	1.11293	1.11792	1.11244	1.11681	27461	0	0
2019.06.02	1.11621	1.11738	1.11599	1.11732	2084	0	0
2019.06.03	1.11731	1.12614	1.11597	1.12452	28816	0	0
2019.06.04	1.12453	1.12768	1.12262	1.12533	30974	0	0
2019.06.05	1.12534	1.13038	1.12192	1.12282	32100	0	0
2019.06.06	1.12281	1.13078	1.12032	1.12752	30956	0	0
2019.06.07	1.12753	1.13469	1.12509	1.13324	26382	0	0
2019.06.09	1.13213	1.13280	1.13139	1.13186	1693	0	0
2019.06.10	1.13187	1.13238	1.12893	1.13176	23168	0	0
2019.06.11	1.13178	1.13370	1.13012	1.13289	26891	0	0
2019.06.12	1.13290	1.13428	1.12825	1.12922	27450	0	0
2019.06.13	1.12922	1.13033	1.12678	1.12792	25189	0	0
2019.06.14	1.12790	1.12886	1.12016	1.12085	27652	0	0
2019.06.16	1.12086	1.12168	1.12078	1.12152	2142	0	0
2019.06.17	1.12151	1.12462	1.12033	1.12233	22240	0	0
2019.06.18	1.12234	1.12423	1.11810	1.11976	34535	0	0
2019.06.19	1.11977	1.12536	1.11868	1.12354	32153	0	0
2019.06.20	1.12353	1.13165	1.12348	1.12940	37016	0	0
2019.06.21	1.12939	1.13772	1.12827	1.13687	34532	0	0
2019.06.23	1.13676	1.13846	1.13646	1.13846	2670	0	0
2019.06.24	1.13845	1.14029	1.13721	1.13989	29836	0	0
2019.06.25	1.13990	1.14115	1.13440	1.13678	39516	0	0
2019.06.26	1.13676	1.13904	1.13472	1.13729	34584	0	0
2019.06.27	1.13730	1.13809	1.13474	1.13707	28812	0	0
2019.06.28	1.13709	1.13929	1.13504	1.13692	24127	0	0
2019.06.30	1.13579	1.13706	1.13579	1.13597	1440	0	0
2019.07.01	1.13595	1.13635	1.12791	1.12865	27512	0	0
2019.07.02	1.12866	1.13188	1.12743	1.12902	24141	0	0
2019.07.03	1.12901	1.13103	1.12682	1.12869	22761	0	0
2019.07.04	1.12868	1.12946	1.12728	1.12849	11025	0	0
2019.07.05	1.12850	1.12857	1.12070	1.12249	21500	0	0
2019.07.07	1.12213	1.12283	1.12210	1.12263	781	0	0
2019.07.08	1.12265	1.12339	1.12068	1.12147	16591	0	0
2019.07.09	1.12148	1.12183	1.11931	1.12040	17103	0	0
2019.07.10	1.12039	1.12634	1.12014	1.12579	24400	0	0
2019.07.11	1.12580	1.12854	1.12449	1.12492	24841	0	0
2019.07.12	1.12493	1.12744	1.12379	1.12702	20170	0	0
2019.07.14	1.12654	1.12740	1.12621	1.12707	931	0	0
2019.07.15	1.12709	1.12834	1.12534	1.12594	16403	0	0
2019.07.16	1.12595	1.12630	1.12015	1.12116	20189	0	0
2019.07.17	1.12114	1.12330	1.11990	1.12268	17158	0	0
2019.07.18	1.12269	1.12810	1.12049	1.12606	27020	0	0
2019.07.19	1.12605	1.12678	1.12031	1.12201	22690	0	0
2019.07.21	1.12114	1.12184	1.12113	1.12172	909	0	0
2019.07.22	1.12173	1.12246	1.12036	1.12041	17440	0	0
2019.07.23	1.12040	1.12077	1.11455	1.11505	18324	0	0
2019.07.24	1.11506	1.11553	1.11268	1.11416	19542	0	0
2019.07.25	1.11415	1.11873	1.11011	1.11446	28603	0	0
2019.07.26	1.11445	1.11504	1.11117	1.11271	18403	0	0
2019.07.28	1.11216	1.11321	1.11212	1.11292	574	0	0
2019.07.29	1.11290	1.11504	1.11127	1.11419	15617	0	0
2019.07.30	1.11418	1.11604	1.11318	1.11565	19982	0	0
2019.07.31	1.11564	1.11615	1.10598	1.10712	32942	0	0
2019.08.01	1.10713	1.10950	1.10266	1.10786	36461	0	0
2019.08.02	1.10785	1.11159	1.10696	1.11065	34615	0	0
2019.08.04	1.11037	1.11102	1.11037	1.11073	983	0	0
2019.08.05	1.11072	1.12446	1.11062	1.12416	36133	0	0
2019.08.06	1.12414	1.12490	1.11672	1.12049	32767	0	0
2019.08.07	1.12051	1.12412	1.11790	1.12037	38918	0	0
2019.08.08	1.12036	1.12285	1.11763	1.11858	33186	0	0
2019.08.09	1.11859	1.12224	1.11830	1.11999	23612	0	0
2019.08.11	1.11973	1.12076	1.11963	1.12070	799	0	0
2019.08.12	1.12069	1.12300	1.11617	1.12157	23776	0	0
2019.08.13	1.12159	1.12279	1.11681	1.11761	31311	0	0
2019.08.14	1.11760	1.11903	1.11303	1.11425	28391	0	0
2019.08.15	1.11427	1.11580	1.10911	1.11100	32406	0	0
2019.08.16	1.11102	1.11109	1.10660	1.10894	22984	0	0
2019.08.18	1.10896	1.10999	1.10889	1.10918	1183	0	0
2019.08.19	1.10917	1.11131	1.10756	1.10812	18288	0	0
2019.08.20	1.10813	1.11062	1.10655	1.10967	20280	0	0
2019.08.21	1.10968	1.11066	1.10806	1.10900	17857	0	0
2019.08.22	1.10898	1.11126	1.10632	1.10833	24228	0	0
2019.08.23	1.10832	1.11525	1.10514	1.11392	29171	0	0
2019.08.25	1.11447	1.11612	1.11389	1.11429	2414	0	0
2019.08.26	1.11430	1.11524	1.10939	1.11011	30102	0	0
2019.08.27	1.11009	1.11154	1.10855	1.10891	22239	0	0
2019.08.28	1.10892	1.10974	1.10729	1.10851	21912	0	0
2019.08.29	1.10850	1.10869	1.10417	1.10587	22007	0	0
2019.08.30	1.10586	1.10595	1.09629	1.09902	24357	0	0
2019.09.01	1.09856	1.09946	1.09816	1.09901	1413	0	0
2019.09.02	1.09899	1.09927	1.09574	1.09639	15124	0	0
2019.09.03	1.09638	1.09782	1.09258	1.09723	28358	0	0
2019.09.04	1.09722	1.10378	1.09713	1.10344	24845	0	0
2019.09.05	1.10343	1.10830	1.10156	1.10335	27641	0	0
2019.09.06	1.10337	1.10562	1.10199	1.10267	25352	0	0
2019.09.08	1.10239	1.10272	1.10175	1.10199	644	0	0
2019.09.09	1.10198	1.10676	1.10138	1.10467	21637	0	0
2019.09.10	1.10466	1.10590	1.10302	1.10496	21324	0	0
2019.09.11	1.10497	1.10550	1.09848	1.10131	21341	0	0
2019.09.12	1.10132	1.10856	1.09251	1.10557	41832	0	0
2019.09.13	1.10559	1.11089	1.10559	1.10740	26188	0	0
2019.09.15	1.10730	1.10855	1.10682	1.10827	1847	0	0
2019.09.16	1.10826	1.10839	1.09931	1.10028	24720	0	0
2019.09.17	1.10027	1.10748	1.09900	1.10734	26794	0	0
2019.09.18	1.10735	1.10742	1.10137	1.10282	28257	0	0
2019.09.19	1.10287	1.10730	1.10226	1.10444	26939	0	0
2019.09.20	1.10442	1.10670	1.09961	1.10188	23645	0	0
2019.09.22	1.10101	1.10195	1.10100	1.10182	922	0	0
2019.09.23	1.10181	1.10247	1.09663	1.09935	24097	0	0
2019.09.24	1.09934	1.10236	1.09826	1.10127	24294	0	0
2019.09.25	1.10126	1.10161	1.09371	1.09510	25185	0	0
2019.09.26	1.09508	1.09665	1.09086	1.09219	24317	0	0
2019.09.27	1.09221	1.09579	1.09046	1.09411	22573	0	0
2019.09.29	1.09383	1.09452	1.09362	1.09419	886	0	0
2019.09.30	1.09418	1.09470	1.08841	1.08989	21752	0	0
2019.10.01	1.08988	1.09420	1.08787	1.09335	27582	0	0
2019.10.02	1.09336	1.09630	1.09036	1.09600	23253	0	0
2019.10.03	1.09598	1.09987	1.09407	1.09740	26814	0	0
2019.10.04	1.09741	1.09970	1.09568	1.09778	23838	0	0
2019.10.06	1.09779	1.09834	1.09730	1.09829	763	0	0
2019.10.07	1.09828	1.09996	1.09616	1.09711	19926	0	0
2019.10.08	1.09712	1.09953	1.09408	1.09594	26153	0	0
2019.10.09	1.09593	1.09896	1.09544	1.09839	20938	0	0
2019.10.10	1.09838	1.10333	1.09794	1.10103	28169	0	0
2019.10.11	1.10104	1.10621	1.10007	1.10366	31109	0	0
2019.10.13	1.10290	1.10360	1.10248	1.10276	1237	0	0
2019.10.14	1.10277	1.10420	1.10125	1.10255	19256	0	0
2019.10.15	1.10254	1.10456	1.09909	1.10341	27914	0	0
2019.10.16	1.10340	1.10849	1.10226	1.10734	28857	0	0
2019.10.17	1.10735	1.11372	1.10649	1.11243	29045	0	0
2019.10.18	1.11244	1.11704	1.11143	1.11693	19918	0	0
2019.10.20	1.11612	1.11622	1.11482	1.11554	1300	0	0
2019.10.21	1.11552	1.11785	1.11385	1.11512	17278	0	0
2019.10.22	1.11511	1.11563	1.11178	1.11285	20493	0	0
2019.10.23	1.11286	1.11395	1.11058	1.11317	16446	0	0
2019.10.24	1.11315	1.11622	1.10927	1.11031	22233	0	0
2019.10.25	1.11034	1.11225	1.10726	1.10797	14666	0	0
2019.10.27	1.10761	1.10836	1.10757	1.10836	1167	0	0
2019.10.28	1.10837	1.11060	1.10758	1.10982	15045	0	0
2019.10.29	1.10981	1.11179	1.10731	1.11117	17612	0	0
2019.10.30	1.11116	1.11549	1.10799	1.11518	24200	0	0
2019.10.31	1.11519	1.11749	1.11312	1.11557	24342	0	0
2019.11.01	1.11556	1.11713	1.11280	1.11649	20346	0	0
2019.11.03	1.11653	1.11667	1.11612	1.11657	576	0	0
2019.11.04	1.11655	1.11748	1.11196	1.11275	17983	0	0
2019.11.05	1.11276	1.11395	1.10631	1.10736	23157	0	0
2019.11.06	1.10737	1.10923	1.10636	1.10696	18277	0	0
2019.11.07	1.10695	1.10910	1.10357	1.10519	24959	0	0
2019.11.08	1.10520	1.10549	1.10163	1.10210	17399	0	0
2019.11.10	1.10175	1.10221	1.10161	1.10216	313	0	0
2019.11.11	1.10214	1.10424	1.10161	1.10343	13381	0	0
2019.11.12	1.10342	1.10381	1.10022	1.10116	17918	0	0
2019.11.13	1.10115	1.10197	1.09950	1.10092	18902	0	0
2019.11.14	1.10090	1.10268	1.09888	1.10193	17370	0	0
2019.11.15	1.10194	1.10563	1.10142	1.10542	13800	0	0
2019.11.17	1.10462	1.10540	1.10462	1.10536	531	0	0
2019.11.18	1.10535	1.10894	1.10531	1.10718	14429	0	0
2019.11.19	1.10717	1.10834	1.10623	1.10776	14087	0	0
2019.11.20	1.10777	1.10808	1.10527	1.10770	16952	0	0
2019.11.21	1.10773	1.10964	1.10520	1.10652	16194	0	0
2019.11.22	1.10651	1.10858	1.10142	1.10222	16825	0	0
2019.11.24	1.10137	1.10221	1.10137	1.10221	589	0	0
2019.11.25	1.10222	1.10317	1.10033	1.10101	15958	0	0
2019.11.26	1.10102	1.10251	1.10068	1.10217	15628	0	0
2019.11.27	1.10216	1.10216	1.09919	1.10044	15554	0	0
2019.11.28	1.10046	1.10172	1.10001	1.10107	10459	0	0
2019.11.29	1.10108	1.10277	1.09807	1.10155	14069	0	0
2019.12.01	1.10207	1.10207	1.10160	1.10179	455	0	0
2019.12.02	1.10178	1.10893	1.10026	1.10756	17221	0	0
2019.12.03	1.10754	1.10927	1.10655	1.10815	16561	0	0
2019.12.04	1.10814	1.11155	1.10664	1.10822	19605	0	0
2019.12.05	1.10820	1.11075	1.10791	1.11038	15751	0	0
2019.12.06	1.11036	1.11090	1.10395	1.10594	15007	0	0
2019.12.08	1.10547	1.10595	1.10534	1.10580	827	0	0
2019.12.09	1.10578	1.10774	1.10530	1.10639	11928	0	0
2019.12.10	1.10638	1.10971	1.10626	1.10920	14504	0	0
2019.12.11	1.10919	1.11444	1.10698	1.11322	19165	0	0
2019.12.12	1.11322	1.11946	1.11027	1.11828	25758	0	0
2019.12.13	1.11829	1.11854	1.11116	1.11162	28344	0	0
2019.12.15	1.11249	1.11280	1.11219	1.11237	805	0	0
2019.12.16	1.11238	1.11576	1.11226	1.11348	17273	0	0
2019.12.17	1.11351	1.11739	1.11290	1.11508	18350	0	0
2019.12.18	1.11509	1.11509	1.11101	1.11150	16226	0	0
2019.12.19	1.11149	1.11435	1.11070	1.11228	17990	0	0
2019.12.20	1.11226	1.11231	1.10660	1.10767	14801	0	0
2019.12.22	1.10788	1.10794	1.10746	1.10789	557	0	0
2019.12.23	1.10796	1.10953	1.10696	1.10915	14195	0	0
2019.12.24	1.10916	1.10934	1.10689	1.10872	10377	0	0
2019.12.26	1.10896	1.11086	1.10819	1.10996	6046	0	0
2019.12.27	1.11004	1.11877	1.10984	1.11757	18242	0	0
2019.12.29	1.11736	1.11829	1.11706	1.11810	1159	0	0
2019.12.30	1.11809	1.12202	1.11802	1.12011	19236	0	0
2019.12.31	1.12010	1.12385	1.11983	1.12286	15030	0	0
2020.01.02	1.12179	1.12241	1.11632	1.11704	18897	0	0
2020.01.03	1.11703	1.11793	1.11246	1.11610	21296	0	0
2020.01.05	1.11616	1.11661	1.11562	1.11597	707	0	0
2020.01.06	1.11600	1.12050	1.11568	1.11950	17646	0	0
2020.01.07	1.11949	1.11966	1.11332	1.11524	21442	0	0
2020.01.08	1.11533	1.11677	1.11015	1.11124	25919	0	0
2020.01.09	1.11125	1.11200	1.10925	1.11086	18005	0	0
2020.01.10	1.11088	1.11286	1.10848	1.11208	17035	0	0
2020.01.12	1.11145	1.11175	1.11120	1.11158	393	0	0
2020.01.13	1.11157	1.11464	1.11122	1.11342	15104	0	0
2020.01.14	1.11341	1.11440	1.11038	1.11272	17740	0	0
2020.01.15	1.11271	1.11628	1.11182	1.11519	15915	0	0
2020.01.16	1.11520	1.11719	1.11276	1.11366	16476	0	0
2020.01.17	1.11365	1.11421	1.10859	1.10923	14891	0	0
2020.01.19	1.10896	1.10940	1.10869	1.10940	489	0	0
2020.01.20	1.10941	1.11018	1.10764	1.10958	10185	0	0
2020.01.21	1.10956	1.11174	1.10785	1.10847	16133	0	0
2020.01.22	1.10848	1.10978	1.10697	1.10952	15824	0	0
2020.01.23	1.10953	1.11081	1.10360	1.10538	20099	0	0
2020.01.24	1.10545	1.10608	1.10194	1.10274	16110	0	0
2020.01.26	1.10279	1.10332	1.10235	1.10238	1215	0	0
2020.01.27	1.10240	1.10371	1.10093	1.10190	14381	0	0
2020.01.28	1.10189	1.10246	1.09976	1.10217	13124	0	0
2020.01.29	1.10218	1.10272	1.09920	1.10134	14183	0	0
2020.01.30	1.10133	1.10387	1.10065	1.10284	15522	0	0
2020.01.31	1.10283	1.10911	1.10165	1.10903	16293	0	0
2020.02.02	1.10895	1.10901	1.10800	1.10887	868	0	0
2020.02.03	1.10885	1.10885	1.10357	1.10618	16264	0	0
2020.02.04	1.10619	1.10636	1.10325	1.10443	15057	0	0
2020.02.05	1.10442	1.10473	1.09932	1.09998	15142	0	0
2020.02.06	1.09999	1.10133	1.09641	1.09804	13894	0	0
2020.02.07	1.09803	1.09845	1.09416	1.09443	16817	0	0
2020.02.09	1.09398	1.09498	1.09397	1.09488	487	0	0
2020.02.10	1.09487	1.09570	1.09073	1.09098	13162	0	0
2020.02.11	1.09099	1.09242	1.08909	1.09185	14821	0	0
2020.02.12	1.09186	1.09251	1.08651	1.08740	15979	0	0
2020.02.13	1.08748	1.08882	1.08337	1.08411	15999	0	0
2020.02.14	1.08410	1.08607	1.08271	1.08302	14475	0	0
2020.02.16	1.08385	1.08411	1.08336	1.08408	702	0	0
2020.02.17	1.08406	1.08504	1.08282	1.08363	10108	0	0
2020.02.18	1.08362	1.08368	1.07853	1.07945	17837	0	0
2020.02.19	1.07943	1.08113	1.07819	1.08093	16374	0	0
2020.02.20	1.08092	1.08204	1.07773	1.07873	20882	0	0
2020.02.21	1.07872	1.08629	1.07868	1.08462	19881	0	0
2020.02.23	1.08214	1.08398	1.08214	1.08380	1207	0	0
2020.02.24	1.08381	1.08715	1.08049	1.08485	25905	0	0
2020.02.25	1.08483	1.08896	1.08300	1.08783	26577	0	0
2020.02.26	1.08790	1.09081	1.08547	1.08847	29363	0	0
2020.02.27	1.08856	1.10057	1.08845	1.09955	35477	0	0
2020.02.28	1.09958	1.10524	1.09506	1.10212	42856	0	0
2020.03.01	1.10411	1.10709	1.10370	1.10515	1726	0	0
2020.03.02	1.10513	1.11839	1.10359	1.11429	50033	0	0
2020.03.03	1.11435	1.12124	1.10950	1.11763	53539	0	0
2020.03.04	1.11762	1.11869	1.10953	1.11377	37996	0	0
2020.03.05	1.11378	1.12443	1.11192	1.12217	37203	0	0
2020.03.06	1.12220	1.13542	1.12113	1.12836	65535	0	0
2020.03.08	1.13423	1.13959	1.13333	1.13873	5722	0	0
2020.03.09	1.13871	1.14960	1.13557	1.13988	121950	0	0
2020.03.10	1.13987	1.14247	1.12747	1.13136	93808	0	0
2020.03.11	1.13135	1.13661	1.12496	1.12609	64954	0	0
2020.03.12	1.12607	1.13329	1.10550	1.11822	122820	0	0
2020.03.13	1.11824	1.12208	1.10548	1.11024	89439	0	0
2020.03.15	1.11221	1.11936	1.11221	1.11572	22986	0	0
2020.03.16	1.11571	1.12362	1.10852	1.11632	116557	0	0
2020.03.17	1.11631	1.11887	1.09547	1.10159	92203	0	0
2020.03.18	1.10161	1.10447	1.08017	1.09436	109962	0	0
2020.03.19	1.09435	1.09488	1.06530	1.06545	159494	0	0
2020.03.20	1.06544	1.08304	1.06374	1.06893	136268	0	0
2020.03.22	1.07021	1.07031	1.06335	1.06887	6776	0	0
2020.03.23	1.06885	1.08276	1.06580	1.07634	117562	0	0
2020.03.24	1.07632	1.08874	1.07456	1.07979	94498	0	0
2020.03.25	1.07980	1.08934	1.07594	1.08883	79202	0	0
2020.03.26	1.08882	1.10582	1.08743	1.10472	82104	0	0
2020.03.27	1.10473	1.11468	1.09531	1.11364	78606	0	0
2020.03.29	1.11170	1.11438	1.11037	1.11362	3230	0	0
2020.03.30	1.11361	1.11380	1.10097	1.10286	66088	0	0
2020.03.31	1.10285	1.10423	1.09263	1.10255	74949	0	0
2020.04.01	1.10257	1.10357	1.09025	1.09510	57196	0	0
2020.04.02	1.09511	1.09639	1.08203	1.08457	58319	0	0
2020.04.03	1.08455	1.08548	1.07725	1.08005	47662	0	0
2020.04.05	1.08112	1.08186	1.08005	1.08051	3357	0	0
2020.04.06	1.08050	1.08347	1.07680	1.07985	46416	0	0
2020.04.07	1.07986	1.09255	1.07901	1.08933	46088	0	0
2020.04.08	1.08932	1.08964	1.08297	1.08594	43547	0	0
2020.04.09	1.08595	1.09513	1.08407	1.09210	47418	0	0
2020.04.10	1.09216	1.09504	1.09171	1.09314	32005	0	0
2020.04.12	1.09376	1.09391	1.09302	1.09312	1895	0	0
2020.04.13	1.09310	1.09674	1.08924	1.09195	29064	0	0
2020.04.14	1.09193	1.09884	1.09148	1.09833	38069	0	0
2020.04.15	1.09831	1.09868	1.08565	1.09033	38280	0	0
2020.04.16	1.09034	1.09068	1.08163	1.08584	67358	0	0
2020.04.17	1.08585	1.08921	1.08117	1.08704	58714	0	0
2020.04.19	1.08672	1.08722	1.08623	1.08634	1765	0	0
2020.04.20	1.08633	1.08961	1.08408	1.08634	47599	0	0
2020.04.21	1.08635	1.08797	1.08163	1.08560	57913	0	0
2020.04.22	1.08561	1.08846	1.08027	1.08058	46227	0	0
2020.04.23	1.08059	1.08461	1.07556	1.07741	71272	0	0
2020.04.24	1.07740	1.08284	1.07267	1.08218	55935	0	0
2020.04.26	1.08182	1.08209	1.08118	1.08205	1368	0	0
2020.04.27	1.08206	1.08596	1.08109	1.08240	47753	0	0
2020.04.28	1.08239	1.08880	1.08093	1.08322	50438	0	0
2020.04.29	1.08321	1.08850	1.08305	1.08770	51658	0	0
2020.04.30	1.08768	1.09721	1.08326	1.09445	77619	0	0
2020.05.01	1.09444	1.10182	1.09342	1.09781	46994	0	0
2020.05.03	1.09695	1.09700	1.09502	1.09603	2219	0	0
2020.05.04	1.09604	1.09605	1.08953	1.09029	47906	0	0
2020.05.05	1.09030	1.09254	1.08255	1.08382	56588	0	0
2020.05.06	1.08381	1.08434	1.07815	1.07977	50365	0	0
2020.05.07	1.07976	1.08398	1.07662	1.08360	57704	0	0
2020.05.08	1.08359	1.08751	1.08148	1.08364	42771	0	0
2020.05.10	1.08238	1.08392	1.08229	1.08375	1829	0	0
2020.05.11	1.08374	1.08500	1.07992	1.08089	44515	0	0
2020.05.12	1.08088	1.08847	1.07840	1.08451	48134	0	0
2020.05.13	1.08450	1.08959	1.08113	1.08207	54746	0	0
2020.05.14	1.08205	1.08235	1.07745	1.08057	49974	0	0
2020.05.15	1.08058	1.08506	1.07885	1.08187	47448	0	0
2020.05.17	1.08081	1.08227	1.08071	1.08184	1506	0	0
2020.05.18	1.08183	1.09265	1.07994	1.09136	50501	0	0
2020.05.19	1.09135	1.09755	1.09018	1.09255	51450	0	0
2020.05.20	1.09256	1.09985	1.09256	1.09794	45142	0	0
2020.05.21	1.09792	1.10078	1.09370	1.09487	49651	0	0
2020.05.22	1.09489	1.09532	1.08849	1.08974	40075	0	0
2020.05.24	1.08950	1.09079	1.08919	1.09077	1235	0	0
2020.05.25	1.09076	1.09140	1.08702	1.09012	23168	0	0
2020.05.26	1.09013	1.09954	1.08964	1.09781	44316	0	0
2020.05.27	1.09780	1.10302	1.09335	1.10162	80521	0	0
2020.05.28	1.10161	1.10930	1.09913	1.10777	67333	0	0
2020.05.29	1.10776	1.11447	1.10696	1.10957	80863	0	0
2020.05.31	1.11113	1.11191	1.10987	1.11153	2417	0	0
2020.06.01	1.11155	1.11534	1.11000	1.11249	60164	0	0
2020.06.02	1.11250	1.11955	1.11147	1.11847	71368	0	0
2020.06.03	1.11846	1.12573	1.11794	1.12346	80479	0	0
2020.06.04	1.12347	1.13619	1.11943	1.13351	98157	0	0
2020.06.05	1.13352	1.13832	1.12781	1.12908	87057	0	0
2020.06.07	1.12939	1.13192	1.12905	1.13157	1993	0	0
2020.06.08	1.13156	1.13180	1.12679	1.13038	60005	0	0
2020.06.09	1.13036	1.13633	1.12406	1.13319	70779	0	0
2020.06.10	1.13318	1.14219	1.13221	1.13664	96498	0	0
2020.06.11	1.13665	1.14031	1.12844	1.12875	110950	0	0
2020.06.12	1.12876	1.13400	1.12202	1.12548	87098	0	0
2020.06.14	1.12327	1.12578	1.12238	1.12513	3963	0	0
2020.06.15	1.12514	1.13377	1.12264	1.13372	87427	0	0
2020.06.16	1.13373	1.13529	1.12273	1.12646	91175	0	0
2020.06.17	1.12645	1.12935	1.12067	1.12416	77034	0	0
2020.06.18	1.12415	1.12609	1.11853	1.12073	70704	0	0
2020.06.19	1.12074	1.12539	1.11678	1.11768	63032	0	0
2020.06.21	1.11778	1.11848	1.11682	1.11763	2475	0	0
2020.06.22	1.11764	1.12805	1.11734	1.12774	55008	0	0
2020.06.23	1.12773	1.13481	1.12327	1.13122	71134	0	0
2020.06.24	1.13121	1.13253	1.12468	1.12495	65684	0	0
2020.06.25	1.12496	1.12593	1.11900	1.12176	61126	0	0
2020.06.26	1.12175	1.12388	1.11949	1.12184	43135	0	0
2020.06.28	1.12191	1.12263	1.12144	1.12216	1371	0	0
2020.06.29	1.12217	1.12873	1.12190	1.12463	47034	0	0
2020.06.30	1.12464	1.12614	1.11907	1.12332	57432	0	0
2020.07.01	1.12331	1.12746	1.11841	1.12508	52497	0	0
2020.07.02	1.12507	1.13022	1.12230	1.12370	52256	0	0
2020.07.03	1.12371	1.12519	1.12190	1.12425	38997	0	0
2020.07.05	1.12421	1.12491	1.12394	1.12463	1028	0	0
2020.07.06	1.12464	1.13449	1.12463	1.13121	49014	0	0
2020.07.07	1.13119	1.13320	1.12585	1.12741	54023	0	0
2020.07.08	1.12742	1.13512	1.12619	1.13369	51690	0	0
2020.07.09	1.13370	1.13702	1.12791	1.12875	63051	0	0
2020.07.10	1.12876	1.13243	1.12545	1.12990	45620	0	0
2020.07.12	1.13002	1.13168	1.12992	1.13082	1734	0	0
2020.07.13	1.13083	1.13744	1.13005	1.13445	47857	0	0
2020.07.14	1.13443	1.14111	1.13248	1.14098	55677	0	0
2020.07.15	1.14097	1.14514	1.13907	1.14165	51323	0	0
2020.07.16	1.14164	1.14413	1.13701	1.13875	55725	0	0
2020.07.17	1.13874	1.14432	1.13772	1.14272	37755	0	0
2020.07.19	1.14146	1.14452	1.14132	1.14418	2354	0	0
2020.07.20	1.14417	1.14673	1.14022	1.14554	58541	0	0
2020.07.21	1.14555	1.15417	1.14226	1.15348	66260	0	0
2020.07.22	1.15347	1.16007	1.15064	1.15643	75264	0	0
2020.07.23	1.15642	1.16262	1.15400	1.15948	64686	0	0
2020.07.24	1.15949	1.16575	1.15809	1.16509	65525	0	0
2020.07.26	1.16407	1.16550	1.16385	1.16494	3968	0	0
2020.07.27	1.16493	1.17808	1.16492	1.17677	70670	0	0
2020.07.28	1.17676	1.17732	1.16983	1.17181	70439	0	0
2020.07.29	1.17182	1.18058	1.17137	1.17804	72612	0	0
2020.07.30	1.17803	1.18759	1.17304	1.18715	76481	0	0
2020.07.31	1.18716	1.19083	1.17613	1.17746	94615	0	0
2020.08.02	1.17701	1.17962	1.17680	1.17808	2664	0	0
2020.08.03	1.17809	1.17884	1.16955	1.17598	70269	0	0
2020.08.04	1.17597	1.18144	1.17210	1.18132	65285	0	0
2020.08.05	1.18134	1.19044	1.17990	1.18718	65455	0	0
2020.08.06	1.18717	1.19156	1.18176	1.18749	86963	0	0
2020.08.07	1.18748	1.18814	1.17550	1.17824	81585	0	0
2020.08.09	1.17853	1.17856	1.17706	1.17808	1752	0	0
2020.08.10	1.17809	1.18002	1.17324	1.17357	50820	0	0
2020.08.11	1.17359	1.18072	1.17218	1.17345	75700	0	0
2020.08.12	1.17346	1.18161	1.17107	1.17937	71066	0	0
2020.08.13	1.17936	1.18636	1.17931	1.18151	64891	0	0
2020.08.14	1.18152	1.18499	1.17814	1.18372	53488	0	0
2020.08.16	1.18370	1.18525	1.18295	1.18516	1370	0	0
2020.08.17	1.18515	1.18805	1.18283	1.18743	45838	0	0
2020.08.18	1.18742	1.19651	1.18738	1.19459	62351	0	0
2020.08.19	1.19458	1.19523	1.18299	1.18433	71671	0	0
2020.08.20	1.18434	1.18706	1.18018	1.18692	71622	0	0
2020.08.21	1.18693	1.18824	1.17537	1.17910	63438	0	0
2020.08.23	1.17911	1.18062	1.17907	1.17979	1726	0	0
2020.08.24	1.17978	1.18491	1.17829	1.17932	47146	0	0
2020.08.25	1.17931	1.18429	1.17838	1.18337	58548	0	0
2020.08.26	1.18336	1.18400	1.17720	1.18395	53377	0	0
2020.08.27	1.18397	1.18963	1.17621	1.18200	96941	0	0
2020.08.28	1.18201	1.19193	1.18106	1.18955	67040	0	0
2020.08.30	1.19006	1.19197	1.18973	1.19169	2438	0	0
2020.08.31	1.19168	1.19655	1.18836	1.19363	53824	0	0
2020.09.01	1.19364	1.20105	1.19010	1.19221	82515	0	0
2020.09.02	1.19222	1.19234	1.18219	1.18453	69356	0	0
2020.09.03	1.18454	1.18641	1.17886	1.18409	72507	0	0
2020.09.04	1.18410	1.18648	1.17805	1.18352	72387	0	0
2020.09.06	1.18414	1.18431	1.18331	1.18340	1449	0	0
2020.09.07	1.18342	1.18482	1.18093	1.18183	33941	0	0
2020.09.08	1.18184	1.18269	1.17542	1.17664	74055	0	0
2020.09.09	1.17663	1.18334	1.17524	1.18032	64238	0	0
2020.09.10	1.18031	1.19169	1.18002	1.18230	66481	0	0
2020.09.11	1.18231	1.18736	1.18231	1.18416	37645	0	0
2020.09.13	1.18338	1.18461	1.18315	1.18401	1115	0	0
2020.09.14	1.18400	1.18874	1.18317	1.18667	30693	0	0
2020.09.15	1.18668	1.18999	1.18391	1.18416	35736	0	0
2020.09.16	1.18418	1.18819	1.17875	1.18039	56763	0	0
2020.09.17	1.18041	1.18557	1.17372	1.18466	54888	0	0
2020.09.18	1.18467	1.18698	1.18257	1.18351	37220	0	0
2020.09.20	1.18429	1.18495	1.18370	1.18452	1252	0	0
2020.09.21	1.18450	1.18712	1.17314	1.17624	49236	0	0
2020.09.22	1.17622	1.17711	1.16919	1.17059	51497	0	0
2020.09.23	1.17058	1.17185	1.16510	1.16564	52021	0	0
2020.09.24	1.16566	1.16864	1.16261	1.16732	50259	0	0
2020.09.25	1.16731	1.16844	1.16119	1.16263	42804	0	0
2020.09.27	1.16194	1.16355	1.16190	1.16338	1283	0	0
2020.09.28	1.16339	1.16795	1.16147	1.16765	37155	0	0
2020.09.29	1.16766	1.17453	1.16647	1.17413	39270	0	0
2020.09.30	1.17411	1.17543	1.16842	1.17229	57421	0	0
2020.10.01	1.17231	1.17692	1.17168	1.17436	55507	0	0
2020.10.02	1.17434	1.17441	1.16954	1.17136	59029	0	0
2020.10.04	1.17101	1.17196	1.17050	1.17192	1788	0	0
2020.10.05	1.17193	1.17970	1.17174	1.17887	35501	0	0
2020.10.06	1.17886	1.18070	1.17275	1.17367	47943	0	0
2020.10.07	1.17368	1.17814	1.17247	1.17653	39124	0	0
2020.10.08	1.17652	1.17812	1.17325	1.17665	33004	0	0
2020.10.09	1.17664	1.18302	1.17574	1.18217	31808	0	0
2020.10.11	1.18121	1.18212	1.18073	1.18154	1515	0	0
2020.10.12	1.18152	1.18262	1.17864	1.18125	27238	0	0
2020.10.13	1.18127	1.18135	1.17302	1.17417	34787	0	0
2020.10.14	1.17416	1.17705	1.17186	1.17442	33235	0	0
2020.10.15	1.17443	1.17573	1.16880	1.17061	36965	0	0
2020.10.16	1.17060	1.17456	1.16937	1.17125	32218	0	0
2020.10.18	1.17156	1.17172	1.17095	1.17151	1167	0	0
2020.10.19	1.17149	1.17932	1.17028	1.17680	30556	0	0
2020.10.20	1.17678	1.18403	1.17596	1.18286	31183	0	0
2020.10.21	1.18285	1.18803	1.18277	1.18513	38010	0	0
2020.10.22	1.18511	1.18664	1.18111	1.18142	33213	0	0
2020.10.23	1.18141	1.18643	1.17864	1.18561	32421	0	0
2020.10.25	1.18514	1.18570	1.18385	1.18477	2051	0	0
2020.10.26	1.18476	1.18500	1.18029	1.18086	32031	0	0
2020.10.27	1.18084	1.18383	1.17668	1.17811	29345	0	0
2020.10.28	1.17813	1.17876	1.17174	1.17478	39563	0	0
2020.10.29	1.17479	1.17582	1.16498	1.16779	45099	0	0
2020.10.30	1.16777	1.17038	1.16396	1.16429	39935	0	0
2020.11.01	1.16449	1.16464	1.16358	1.16404	1133	0	0
2020.11.02	1.16412	1.16552	1.16209	1.16392	33177	0	0
2020.11.03	1.16400	1.17624	1.16369	1.17606	32608	0	0
2020.11.04	1.17614	1.17701	1.16022	1.17311	120311	0	0
2020.11.05	1.17318	1.18592	1.17104	1.18136	64029	0	0
2020.11.06	1.18164	1.18905	1.17950	1.18701	58425	0	0
2020.11.08	1.18830	1.18920	1.18794	1.18895	1056	0	0
2020.11.09	1.18921	1.19196	1.17950	1.18230	81384	0	0
2020.11.10	1.18238	1.18428	1.17793	1.18173	63232	0	0
2020.11.11	1.18180	1.18323	1.17451	1.17781	37665	0	0
2020.11.12	1.17789	1.18226	1.17583	1.18029	38877	0	0
2020.11.13	1.18036	1.18369	1.17991	1.18306	28039	0	0
2020.11.15	1.18305	1.18458	1.18283	1.18418	879	0	0
2020.11.16	1.18443	1.18683	1.18138	1.18581	37968	0	0
2020.11.17	1.18589	1.18933	1.18422	1.18624	29309	0	0
2020.11.18	1.18632	1.18905	1.18424	1.18441	31804	0	0
2020.11.19	1.18449	1.18820	1.18159	1.18641	33543	0	0
2020.11.20	1.18650	1.18903	1.18494	1.18513	28693	0	0
2020.11.22	1.18507	1.18631	1.18498	1.18626	776	0	0
2020.11.23	1.18652	1.19055	1.17997	1.18411	34353	0	0
2020.11.24	1.18419	1.18966	1.18381	1.18963	34948	0	0
2020.11.25	1.18971	1.19293	1.18814	1.19152	40222	0	0
2020.11.26	1.19160	1.19404	1.18850	1.19098	22512	0	0
2020.11.27	1.19106	1.19619	1.19091	1.19588	25199	0	0
2020.11.29	1.19583	1.19709	1.19583	1.19679	812	0	0
2020.11.30	1.19708	1.20027	1.19193	1.19362	36629	0	0
2020.12.01	1.19369	1.20762	1.19350	1.20695	41646	0	0
2020.12.02	1.20703	1.21180	1.20396	1.21128	43790	0	0
2020.12.03	1.21136	1.21741	1.21007	1.21420	40623	0	0
2020.12.04	1.21447	1.21770	1.21097	1.21156	43275	0	0
2020.12.06	1.21219	1.21288	1.21150	1.21172	910	0	0
2020.12.07	1.21197	1.21658	1.20781	1.21083	39743	0	0
2020.12.08	1.21091	1.21336	1.20951	1.21084	39808	0	0
2020.12.09	1.21091	1.21470	1.20584	1.20773	38457	0	0
2020.12.10	1.20780	1.21585	1.20780	1.21422	50898	0	0
2020.12.11	1.21430	1.21624	1.21049	1.21064	37625	0	0
2020.12.13	1.21300	1.21366	1.21280	1.21303	990	0	0
2020.12.14	1.21328	1.21762	1.21152	1.21475	33378	0	0
2020.12.15	1.21483	1.21684	1.21213	1.21531	33689	0	0
2020.12.16	1.21539	1.22117	1.21247	1.21950	45485	0	0
2020.12.17	1.21957	1.22722	1.21894	1.22603	36831	0	0
2020.12.18	1.22610	1.22681	1.22251	1.22527	31954	0	0
2020.12.20	1.22226	1.22301	1.22075	1.22088	1112	0	0
2020.12.21	1.22114	1.22525	1.21292	1.22338	61582	0	0
2020.12.22	1.22345	1.22567	1.21518	1.21848	42155	0	0
2020.12.23	1.21870	1.22206	1.21536	1.21928	43026	0	0
2020.12.24	1.21936	1.22152	1.21770	1.21818	23819	0	0
2020.12.27	1.21859	1.22036	1.21769	1.22011	932	0	0
2020.12.28	1.22036	1.22500	1.21807	1.22184	36252	0	0
2020.12.29	1.22192	1.22747	1.22191	1.22511	33228	0	0
2020.12.30	1.22519	1.23094	1.22509	1.22957	39405	0	0
2020.12.31	1.22982	1.23089	1.22080	1.22161	35839	0	0
2021.01.03	1.22287	1.22498	1.22266	1.22471	1353	0	0
2021.01.04	1.22495	1.23094	1.22383	1.22515	50211	0	0
2021.01.05	1.22523	1.23052	1.22468	1.22957	43569	0	0
2021.01.06	1.22982	1.23490	1.22652	1.23372	70316	0	0
2021.01.07	1.23379	1.23439	1.22447	1.22662	53390	0	0
2021.01.08	1.22687	1.22841	1.21926	1.22166	64126	0	0
2021.01.10	1.22128	1.22219	1.21789	1.21842	1446	0	0
2021.01.11	1.21867	1.21993	1.21319	1.21594	46783	0	0
2021.01.12	1.21601	1.22092	1.21368	1.22075	43756	0	0
2021.01.13	1.22083	1.22223	1.21395	1.21608	40926	0	0
2021.01.14	1.21615	1.21779	1.21106	1.21478	47960	0	0
2021.01.15	1.21503	1.21620	1.20701	1.20701	38785	0	0
2021.01.17	1.20743	1.20835	1.20632	1.20634	1071	0	0
2021.01.18	1.20659	1.20863	1.20532	1.20765	27113	0	0
2021.01.19	1.20773	1.21444	1.20770	1.21382	32452	0	0
2021.01.20	1.21389	1.21577	1.20763	1.21134	35688	0	0
2021.01.21	1.21142	1.21724	1.21090	1.21644	40131	0	0
2021.01.22	1.21652	1.21890	1.21511	1.21673	33278	0	0
2021.01.24	1.21621	1.21678	1.21571	1.21641	764	0	0
2021.01.25	1.21666	1.21828	1.21156	1.21401	36077	0	0
2021.01.26	1.21425	1.21755	1.21074	1.21621	34817	0	0
2021.01.27	1.21629	1.21693	1.20581	1.20999	51277	0	0
2021.01.28	1.21025	1.21416	1.20804	1.21199	49863	0	0
2021.01.29	1.21206	1.21554	1.20940	1.21325	50621	0	0
2021.01.31	1.21268	1.21283	1.21177	1.21200	1363	0	0
2021.02.01	1.21224	1.21360	1.20555	1.20666	40502	0	0
2021.02.02	1.20673	1.20873	1.20112	1.20354	38694	0	0
2021.02.03	1.20363	1.20496	1.20037	1.20401	31228	0	0
2021.02.04	1.20409	1.20423	1.19554	1.19651	33216	0	0
2021.02.05	1.19659	1.20494	1.19519	1.20448	32720	0	0
2021.02.07	1.20367	1.20488	1.20318	1.20455	1071	0	0
2021.02.08	1.20480	1.20653	1.20193	1.20511	28259	0	0
2021.02.09	1.20518	1.21213	1.20489	1.21150	32591	0	0
2021.02.10	1.21158	1.21435	1.21085	1.21178	31715	0	0
2021.02.11	1.21186	1.21489	1.21131	1.21295	23517	0	0
2021.02.12	1.21302	1.21327	1.20812	1.21150	24498	0	0
2021.02.14	1.21189	1.21223	1.21150	1.21192	797	0	0
2021.02.15	1.21199	1.21446	1.21164	1.21309	18651	0	0
2021.02.16	1.21317	1.21689	1.20831	1.20868	32663	0	0
2021.02.17	1.20876	1.20979	1.20228	1.20442	35200	0	0
2021.02.18	1.20450	1.20946	1.20353	1.20906	31115	0	0
2021.02.19	1.20914	1.21440	1.20820	1.21141	29112	0	0
2021.02.21	1.21151	1.21262	1.21121	1.21219	893	0	0
2021.02.22	1.21242	1.21689	1.20908	1.21628	36467	0	0
2021.02.23	1.21635	1.21795	1.21350	1.21481	35951	0	0
2021.02.24	1.21503	1.21742	1.21087	1.21683	43849	0	0
2021.02.25	1.21691	1.22425	1.21549	1.21549	57541	0	0
2021.02.26	1.21574	1.21821	1.20618	1.20680	68755	0	0
2021.02.28	1.20688	1.20906	1.20669	1.20892	1450	0	0
2021.03.01	1.20900	1.21007	1.20272	1.20474	42087	0	0
2021.03.02	1.20482	1.20939	1.19913	1.20820	41263	0	0
2021.03.03	1.20845	1.21128	1.20408	1.20437	43354	0	0
2021.03.04	1.20461	1.20626	1.19579	1.19660	57172	0	0
2021.03.05	1.19667	1.19681	1.18928	1.19071	64691	0	0
2021.03.07	1.19132	1.19292	1.19122	1.19233	1108	0	0
2021.03.08	1.19258	1.19318	1.18422	1.18497	45964	0	0
2021.03.09	1.18505	1.19152	1.18352	1.18943	43930	0	0
2021.03.10	1.18966	1.19292	1.18684	1.19232	41893	0	0
2021.03.11	1.19240	1.19894	1.19150	1.19797	41758	0	0
2021.03.12	1.19805	1.19880	1.19096	1.19484	36496	0	0
2021.03.14	1.19435	1.19525	1.19409	1.19497	1528	0	0
2021.03.15	1.19498	1.19670	1.19099	1.19258	30742	0	0
2021.03.16	1.19259	1.19514	1.18819	1.19017	31482	0	0
2021.03.17	1.19016	1.19852	1.18858	1.19822	38175	0	0
2021.03.18	1.19820	1.19882	1.19058	1.19171	43896	0	0
2021.03.19	1.19172	1.19367	1.18734	1.19041	34563	0	0
2021.03.21	1.18745	1.18896	1.18693	1.18833	1351	0	0
2021.03.22	1.18834	1.19463	1.18743	1.19319	29917	0	0
2021.03.23	1.19318	1.19402	1.18358	1.18391	31731	0	0
2021.03.24	1.18393	1.18505	1.18062	1.18124	33268	0	0
2021.03.25	1.18126	1.18272	1.17583	1.17752	34750	0	0
2021.03.26	1.17754	1.18045	1.17713	1.17936	24864	0	0
2021.03.28	1.17900	1.17915	1.17853	1.17870	1112	0	0
2021.03.29	1.17871	1.17933	1.17597	1.17681	28813	0	0
2021.03.30	1.17680	1.17733	1.17107	1.17228	27597	0	0
2021.03.31	1.17227	1.17594	1.17037	1.17267	30257	0	0
2021.04.01	1.17266	1.17812	1.17123	1.17760	35516	0	0
2021.04.02	1.17765	1.17853	1.17480	1.17543	9545	0	0
2021.04.04	1.17529	1.17674	1.17519	1.17672	1745	0	0
2021.04.05	1.17673	1.18191	1.17374	1.18165	22377	0	0
2021.04.06	1.18166	1.18773	1.17948	1.18734	39043	0	0
2021.04.07	1.18735	1.19143	1.18605	1.18720	41083	0	0
2021.04.08	1.18721	1.19269	1.18603	1.19149	38071	0	0
2021.04.09	1.19148	1.19197	1.18667	1.18991	38064	0	0
2021.04.11	1.18885	1.19031	1.18878	1.18956	1204	0	0
2021.04.12	1.18956	1.19187	1.18708	1.19113	36676	0	0
2021.04.13	1.19114	1.19555	1.18776	1.19533	47147	0	0
2021.04.14	1.19535	1.19868	1.19506	1.19828	39646	0	0
2021.04.15	1.19829	1.19929	1.19558	1.19689	40574	0	0
2021.04.16	1.19689	1.19942	1.19501	1.19817	35321	0	0
2021.04.18	1.19695	1.19730	1.19666	1.19684	1183	0	0
2021.04.19	1.19686	1.20475	1.19421	1.20420	42763	0	0
2021.04.20	1.20421	1.20794	1.20221	1.20320	44269	0	0
2021.04.21	1.20318	1.20433	1.19981	1.20369	36003	0	0
2021.04.22	1.20367	1.20691	1.19932	1.20140	48342	0	0
2021.04.23	1.20141	1.20995	1.20125	1.20968	37381	0	0
2021.04.25	1.20882	1.20945	1.20877	1.20889	1023	0	0
2021.04.26	1.20891	1.21164	1.20607	1.20791	37803	0	0
2021.04.27	1.20792	1.20924	1.20564	1.20889	35712	0	0
2021.04.28	1.20889	1.21349	1.20558	1.21344	52358	0	0
2021.04.29	1.21346	1.21494	1.21018	1.21242	43214	0	0
2021.04.30	1.21242	1.21260	1.20161	1.20197	44766	0	0
2021.05.02	1.20236	1.20297	1.20214	1.20268	912	0	0
2021.05.03	1.20269	1.20757	1.20127	1.20585	35054	0	0
2021.05.04	1.20586	1.20596	1.19986	1.20141	47811	0	0
2021.05.05	1.20142	1.20261	1.19855	1.20070	38586	0	0
2021.05.06	1.20071	1.20711	1.19928	1.20647	40442	0	0
2021.05.07	1.20648	1.21710	1.20525	1.21632	54807	0	0
2021.05.09	1.21599	1.21764	1.21584	1.21701	1259	0	0
2021.05.10	1.21702	1.21778	1.21250	1.21399	46359	0	0
2021.05.11	1.21401	1.21811	1.21227	1.21438	50535	0	0
2021.05.12	1.21437	1.21517	1.20652	1.20772	66496	0	0
2021.05.13	1.20773	1.21057	1.20510	1.20764	58707	0	0
2021.05.14	1.20764	1.21472	1.20705	1.21452	45731	0	0
2021.05.16	1.21368	1.21507	1.21368	1.21495	797	0	0
2021.05.17	1.21494	1.21684	1.21257	1.21560	39559	0	0
2021.05.18	1.21559	1.22336	1.21532	1.22220	40815	0	0
2021.05.19	1.22221	1.22448	1.21596	1.21701	63740	0	0
2021.05.20	1.21702	1.22287	1.21686	1.22245	43696	0	0
2021.05.21	1.22247	1.22393	1.21604	1.21803	48235	0	0
2021.05.23	1.21756	1.21838	1.21676	1.21802	923	0	0
2021.05.24	1.21804	1.22296	1.21745	1.22137	39811	0	0
2021.05.25	1.22138	1.22659	1.22112	1.22466	45830	0	0
2021.05.26	1.22467	1.22624	1.21807	1.21916	43384	0	0
2021.05.27	1.21915	1.22145	1.21747	1.21924	45540	0	0
2021.05.28	1.21923	1.22045	1.21322	1.21919	44009	0	0
2021.05.30	1.21949	1.21956	1.21874	1.21890	833	0	0
2021.05.31	1.21892	1.22338	1.21829	1.22321	25689	0	0
2021.06.01	1.22322	1.22539	1.22093	1.22170	38664	0	0
2021.06.02	1.22171	1.22261	1.21637	1.22091	37576	0	0
2021.06.03	1.22090	1.22137	1.21178	1.21296	44384	0	0
2021.06.04	1.21297	1.21851	1.21035	1.21664	43885	0	0
2021.06.06	1.21590	1.21672	1.21570	1.21662	668	0	0
2021.06.07	1.21663	1.22014	1.21445	1.21902	29885	0	0
2021.06.08	1.21901	1.21937	1.21639	1.21721	35963	0	0
2021.06.09	1.21721	1.22176	1.21709	1.21780	28471	0	0
2021.06.10	1.21781	1.21942	1.21429	1.21723	51593	0	0
2021.06.11	1.21721	1.21926	1.20924	1.21072	34859	0	0
2021.06.13	1.21027	1.21109	1.20998	1.21092	1137	0	0
2021.06.14	1.21093	1.21300	1.20938	1.21214	30067	0	0
2021.06.15	1.21215	1.21468	1.21009	1.21242	33541	0	0
2021.06.16	1.21243	1.21343	1.19863	1.19946	57016	0	0
2021.06.17	1.19947	1.20059	1.18914	1.19125	67072	0	0
2021.06.18	1.19127	1.19246	1.18468	1.18616	67636	0	0
2021.06.20	1.18541	1.18750	1.18535	1.18701	1390	0	0
2021.06.21	1.18702	1.19209	1.18472	1.19115	56583	0	0
2021.06.22	1.19116	1.19522	1.18805	1.19359	48550	0	0
2021.06.23	1.19360	1.19696	1.19112	1.19293	45057	0	0
2021.06.24	1.19292	1.19559	1.19172	1.19275	41666	0	0
2021.06.25	1.19276	1.19747	1.19258	1.19350	37345	0	0
2021.06.27	1.19311	1.19415	1.19303	1.19412	854	0	0
2021.06.28	1.19413	1.19442	1.19019	1.19282	39667	0	0
2021.06.29	1.19283	1.19294	1.18773	1.18999	39747	0	0
2021.06.30	1.19000	1.19086	1.18447	1.18556	45034	0	0
2021.07.01	1.18557	1.18839	1.18370	1.18452	44144	0	0
2021.07.02	1.18451	1.18738	1.18066	1.18645	62611	0	0
2021.07.04	1.18585	1.18643	1.18553	1.18553	2032	0	0
2021.07.05	1.18554	1.18800	1.18509	1.18622	23552	0	8
2021.07.06	1.18623	1.18947	1.18068	1.18219	45995	0	8
2021.07.07	1.18220	1.18357	1.17809	1.17926	48057	0	8
2021.07.08	1.17927	1.18674	1.17832	1.18459	51483	0	8
2021.07.09	1.18461	1.18808	1.18246	1.18770	35683	0	8
2021.07.11	1.18719	1.18757	1.18643	1.18719	2880	0	0
2021.07.12	1.18720	1.18798	1.18357	1.18624	32399	0	8
2021.07.13	1.18625	1.18748	1.17703	1.17745	53043	0	8
2021.07.14	1.17745	1.18383	1.17715	1.18326	37656	0	8
2021.07.15	1.18327	1.18502	1.17959	1.18111	37614	0	8
2021.07.16	1.18111	1.18219	1.17917	1.18050	35611	0	8
2021.07.18	1.18040	1.18134	1.18002	1.18120	2068	0	0
2021.07.19	1.18121	1.18239	1.17634	1.17917	44695	0	8
2021.07.20	1.17915	1.18020	1.17552	1.17809	44159	0	8
2021.07.21	1.17810	1.18044	1.17514	1.17918	36172	0	8
2021.07.22	1.17920	1.18300	1.17570	1.17720	46506	0	8
2021.07.23	1.17721	1.17859	1.17541	1.17714	31293	0	8
2021.07.25	1.17687	1.17739	1.17650	1.17725	885	0	0
2021.07.26	1.17728	1.18168	1.17630	1.18044	22084	0	8
2021.07.27	1.18042	1.18407	1.17696	1.18201	23398	0	8
2021.07.28	1.18201	1.18492	1.17719	1.18453	41004	0	8
2021.07.29	1.18452	1.18938	1.18404	1.18898	20093	0	8
2021.07.30	1.18900	1.19083	1.18512	1.18671	22319	0	8
2021.08.01	1.18631	1.18678	1.18590	1.18656	1263	0	0
2021.08.02	1.18658	1.18964	1.18586	1.18736	19955	0	8
2021.08.03	1.18737	1.18929	1.18534	1.18689	18683	0	8
2021.08.04	1.18687	1.18993	1.18305	1.18368	21181	0	8
2021.08.05	1.18370	1.18568	1.18274	1.18327	19515	0	8
2021.08.06	1.18328	1.18328	1.17541	1.17608	38575	0	8
2021.08.08	1.17570	1.17589	1.17421	1.17471	3754	0	0
2021.08.09	1.17472	1.17685	1.17321	1.17357	19022	0	8
2021.08.10	1.17355	1.17424	1.17092	1.17192	16204	0	8
2021.08.11	1.17195	1.17532	1.17056	1.17414	25870	0	8
2021.08.12	1.17413	1.17478	1.17233	1.17352	14334	0	8
2021.08.13	1.17354	1.18043	1.17300	1.17950	13010	0	8
2021.08.15	1.17950	1.18004	1.17908	1.17938	982	0	0
2021.08.16	1.17938	1.18003	1.17670	1.17774	14136	0	8
2021.08.17	1.17774	1.17842	1.17012	1.17087	20209	0	8
2021.08.18	1.17089	1.17424	1.16925	1.17023	24031	0	8
2021.08.19	1.17025	1.17038	1.16647	1.16759	23018	0	8
2021.08.20	1.16761	1.17041	1.16637	1.16997	16849	0	8
2021.08.22	1.16935	1.17002	1.16916	1.16965	1129	0	0
2021.08.23	1.16966	1.17498	1.16948	1.17437	17798	0	8
2021.08.24	1.17437	1.17647	1.17268	1.17523	16893	0	0
2021.08.25	1.17526	1.17741	1.17258	1.17714	18428	0	8
2021.08.26	1.17713	1.17785	1.17458	1.17531	20805	0	0
2021.08.27	1.17533	1.18017	1.17345	1.17959	28855	0	8
2021.08.29	1.17931	1.18001	1.17912	1.17978	532	0	0
2021.08.30	1.17979	1.18095	1.17822	1.17960	13226	0	8
2021.08.31	1.17959	1.18446	1.17949	1.18095	23580	0	0
2021.09.01	1.18094	1.18567	1.17933	1.18403	19809	0	8
2021.09.02	1.18404	1.18756	1.18340	1.18733	14793	0	0
2021.09.03	1.18735	1.19086	1.18654	1.18783	25563	0	8
2021.09.05	1.18783	1.18858	1.18770	1.18851	559	0	0
2021.09.06	1.18853	1.18853	1.18554	1.18729	9907	0	8
2021.09.07	1.18729	1.18848	1.18370	1.18427	21017	0	0
2021.09.08	1.18426	1.18507	1.18017	1.18184	20915	0	8
2021.09.09	1.18181	1.18409	1.18048	1.18228	24661	0	8
2021.09.10	1.18228	1.18507	1.18091	1.18103	17747	0	8
2021.09.12	1.18107	1.18144	1.18085	1.18110	601	0	0
2021.09.13	1.18112	1.18166	1.17698	1.18091	17201	0	8
2021.09.14	1.18093	1.18453	1.17997	1.18020	20781	0	8
2021.09.15	1.18020	1.18314	1.17987	1.18185	19377	0	8
2021.09.16	1.18183	1.18201	1.17501	1.17645	21148	0	8
2021.09.17	1.17644	1.17885	1.17243	1.17250	19736	0	8
2021.09.19	1.17262	1.17289	1.17229	1.17288	582	0	0
2021.09.20	1.17290	1.17360	1.16998	1.17265	18708	0	8
2021.09.21	1.17265	1.17482	1.17144	1.17224	19785	0	8
2021.09.22	1.17226	1.17552	1.16831	1.16868	39841	0	8
2021.09.23	1.16869	1.17497	1.16830	1.17394	23903	0	8
2021.09.24	1.17395	1.17471	1.17003	1.17202	15858	0	8
2021.09.26	1.17226	1.17234	1.17109	1.17221	917	0	0
2021.09.27	1.17223	1.17247	1.16840	1.16952	21857	0	0
2021.09.28	1.16950	1.17028	1.16679	1.16855	29332	0	8
2021.09.29	1.16857	1.16896	1.15889	1.16009	26702	0	8
2021.09.30	1.16011	1.16092	1.15622	1.15734	31744	0	0
2021.10.01	1.15733	1.16069	1.15626	1.15928	26067	0	8
2021.10.03	1.15954	1.16106	1.15934	1.16062	780	0	0
2021.10.04	1.16063	1.16395	1.15873	1.16158	19070	0	8
2021.10.05	1.16160	1.16195	1.15801	1.15953	19967	0	8
2021.10.06	1.15953	1.15974	1.15288	1.15547	25153	0	0
2021.10.07	1.15546	1.15715	1.15470	1.15588	17711	0	8
2021.10.08	1.15587	1.15855	1.15409	1.15739	23487	0	8
2021.10.10	1.15675	1.15758	1.15633	1.15650	654	0	0
2021.10.11	1.15651	1.15864	1.15473	1.15529	16470	0	0
2021.10.12	1.15532	1.15698	1.15240	1.15301	18928	0	8
2021.10.13	1.15303	1.15989	1.15296	1.15965	24172	0	0
2021.10.14	1.15965	1.16238	1.15836	1.15900	16752	0	8
2021.10.15	1.15902	1.16183	1.15877	1.15990	18975	0	8
2021.10.17	1.15952	1.16049	1.15941	1.15961	1064	0	0
2021.10.18	1.15961	1.16220	1.15714	1.16128	19573	0	8
2021.10.19	1.16130	1.16689	1.16128	1.16309	18713	0	8
2021.10.20	1.16312	1.16581	1.16164	1.16520	18818	0	8
2021.10.21	1.16518	1.16670	1.16193	1.16245	19444	0	8
2021.10.22	1.16245	1.16553	1.16208	1.16439	21408	0	8
2021.10.24	1.16404	1.16447	1.16355	1.16386	597	0	10
2021.10.25	1.16389	1.16646	1.15902	1.16083	19271	0	8
2021.10.26	1.16084	1.16252	1.15844	1.15958	17892	0	8
2021.10.27	1.15959	1.16256	1.15846	1.15980	23491	0	8
2021.10.28	1.15982	1.16917	1.15819	1.16817	37550	0	8
2021.10.29	1.16819	1.16895	1.15347	1.15614	29059	0	8
2021.10.31	1.15572	1.15641	1.15550	1.15557	996	0	10
2021.11.01	1.15559	1.16088	1.15457	1.15990	20366	0	8
2021.11.02	1.15991	1.16130	1.15742	1.15786	20980	0	8
2021.11.03	1.15787	1.16160	1.15619	1.16149	36442	0	8
2021.11.04	1.16148	1.16156	1.15279	1.15549	25492	0	8
2021.11.05	1.15550	1.15730	1.15130	1.15676	26981	0	8
2021.11.07	1.15607	1.15694	1.15537	1.15678	1140	0	10
2021.11.08	1.15677	1.15945	1.15501	1.15874	19114	0	8
2021.11.09	1.15873	1.16083	1.15695	1.15935	24041	0	8
2021.11.10	1.15937	1.15948	1.14733	1.14853	36172	0	8
2021.11.11	1.14851	1.14871	1.14428	1.14472	22043	0	8
2021.11.12	1.14473	1.14615	1.14319	1.14430	21022	0	8
2021.11.14	1.14437	1.14442	1.14408	1.14409	172	0	10
2021.11.15	1.14410	1.14635	1.13558	1.13665	24602	0	8
2021.11.16	1.13667	1.13852	1.13086	1.13176	29369	0	8
2021.11.17	1.13178	1.13318	1.12615	1.13173	30379	0	8
2021.11.18	1.13175	1.13737	1.13134	1.13674	24709	0	8
2021.11.19	1.13675	1.13687	1.12496	1.12809	39357	0	8
2021.11.21	1.12865	1.12867	1.12714	1.12750	796	0	10
2021.11.22	1.12751	1.12901	1.12303	1.12411	37336	0	8
2021.11.23	1.12410	1.12746	1.12257	1.12442	34701	0	8
2021.11.24	1.12440	1.12549	1.11857	1.12021	37733	0	8
2021.11.25	1.12023	1.12291	1.12023	1.12086	15341	0	8
2021.11.26	1.12084	1.13269	1.12065	1.13131	49064	0	8
2021.11.28	1.13047	1.13105	1.12802	1.12921	2358	0	10
2021.11.29	1.12919	1.12999	1.12581	1.12922	30034	0	8
2021.11.30	1.12924	1.13824	1.12346	1.13296	58829	0	8
2021.12.01	1.13297	1.13592	1.13023	1.13186	39574	0	8
2021.12.02	1.13187	1.13472	1.12949	1.13052	29874	0	8
2021.12.03	1.13055	1.13331	1.12662	1.13092	42713	0	8
2021.12.05	1.13019	1.13114	1.13013	1.13037	936	0	10
2021.12.06	1.13036	1.13097	1.12660	1.12831	23423	0	8
2021.12.07	1.12832	1.12980	1.12272	1.12720	25345	0	8
2021.12.08	1.12722	1.13543	1.12665	1.13437	29886	0	8
2021.12.09	1.13438	1.13438	1.12781	1.12933	23073	0	8
2021.12.10	1.12931	1.13235	1.12647	1.13162	26211	0	8
2021.12.12	1.13117	1.13188	1.13060	1.13104	467	0	10
2021.12.13	1.13102	1.13136	1.12597	1.12829	21106	0	8
2021.12.14	1.12827	1.13234	1.12534	1.12571	21392	0	8
2021.12.15	1.12569	1.12988	1.12214	1.12898	41439	0	8
2021.12.16	1.12900	1.13598	1.12809	1.13332	34441	0	8
2021.12.17	1.13334	1.13485	1.12346	1.12360	25162	0	8
2021.12.19	1.12364	1.12437	1.12343	1.12424	596	0	10
2021.12.20	1.12423	1.13033	1.12361	1.12767	26562	0	8
2021.12.21	1.12769	1.13023	1.12604	1.12867	24678	0	8
2021.12.22	1.12869	1.13418	1.12639	1.13262	23325	0	8
2021.12.23	1.13260	1.13416	1.12898	1.13222	22335	0	8
2021.12.24	1.13214	1.13420	1.13040	1.13065	7862	0	20
2021.12.26	1.13103	1.13254	1.13059	1.13227	730	0	10
2021.12.27	1.13226	1.13341	1.13025	1.13289	15316	0	8
2021.12.28	1.13291	1.13329	1.12892	1.13125	16616	0	8
2021.12.29	1.13127	1.13683	1.12733	1.13593	22652	0	8
2021.12.30	1.13591	1.13591	1.12981	1.13219	21232	0	8
2021.12.31	1.13217	1.13859	1.13029	1.13829	21041	0	8
2022.01.02	1.13716	1.13780	1.13648	1.13724	838	0	10
2022.01.03	1.13726	1.13752	1.12793	1.13012	26911	0	8
2022.01.04	1.13015	1.13221	1.12718	1.12824	28670	0	8
2022.01.05	1.12823	1.13460	1.12767	1.13103	29184	0	8
2022.01.06	1.13104	1.13315	1.12842	1.12946	31672	0	8
2022.01.07	1.12944	1.13643	1.12896	1.13611	27937	0	8
2022.01.09	1.13554	1.13605	1.13491	1.13532	766	0	10
2022.01.10	1.13530	1.13576	1.12846	1.13296	27056	0	8
2022.01.11	1.13297	1.13747	1.13125	1.13655	25928	0	8
2022.01.12	1.13657	1.14523	1.13543	1.14392	29607	0	8
2022.01.13	1.14391	1.14812	1.14352	1.14562	29707	0	8
2022.01.14	1.14560	1.14824	1.13982	1.14146	30953	0	8
2022.01.16	1.14123	1.14160	1.14055	1.14109	755	0	10
2022.01.17	1.14110	1.14339	1.13914	1.14096	18898	0	8
2022.01.18	1.14095	1.14210	1.13144	1.13282	36565	0	8
2022.01.19	1.13284	1.13567	1.13186	1.13425	27019	0	8
2022.01.20	1.13426	1.13685	1.13027	1.13125	28309	0	8
2022.01.21	1.13126	1.13593	1.13006	1.13437	26391	0	8
2022.01.23	1.13394	1.13444	1.13364	1.13407	673	0	10
2022.01.24	1.13405	1.13405	1.12901	1.13232	31629	0	8
2022.01.25	1.13234	1.13236	1.12629	1.13025	25529	0	8
2022.01.26	1.13027	1.13102	1.12350	1.12403	38428	0	8
2022.01.27	1.12402	1.12429	1.11309	1.11441	37010	0	8
2022.01.28	1.11442	1.11732	1.11210	1.11481	32830	0	8
2022.01.30	1.11424	1.11520	1.11381	1.11517	724	0	10
2022.01.31	1.11516	1.12473	1.11437	1.12289	31321	0	8
2022.02.01	1.12288	1.12783	1.12205	1.12726	30111	0	8
2022.02.02	1.12728	1.13298	1.12663	1.12990	25276	0	8
2022.02.03	1.12988	1.14510	1.12670	1.14353	52856	0	8
2022.02.04	1.14352	1.14832	1.14113	1.14507	44262	0	8
2022.02.06	1.14545	1.14574	1.14511	1.14540	611	0	10
2022.02.07	1.14542	1.14584	1.14148	1.14405	32120	0	8
2022.02.08	1.14407	1.14483	1.13959	1.14186	25731	0	8
2022.02.09	1.14177	1.14475	1.14022	1.14207	23276	0	8
2022.02.10	1.14204	1.14945	1.13745	1.14108	52092	0	8
2022.02.11	1.14107	1.14176	1.13293	1.13472	60279	0	8
2022.02.13	1.13376	1.13667	1.13369	1.13641	1304	0	10
2022.02.14	1.13642	1.13687	1.12798	1.13054	47915	0	8
2022.02.15	1.13055	1.13678	1.13028	1.13549	35585	0	8
2022.02.16	1.13547	1.13953	1.13447	1.13724	32117	0	8
2022.02.17	1.13725	1.13857	1.13228	1.13636	51130	0	8
2022.02.18	1.13634	1.13765	1.13142	1.13228	31510	0	8
2022.02.20	1.13180	1.13240	1.13129	1.13160	921	0	10
2022.02.21	1.13161	1.13902	1.12959	1.13087	27089	0	8
2022.02.22	1.13086	1.13663	1.12876	1.13286	42622	0	8
2022.02.23	1.13284	1.13585	1.12998	1.13050	26460	0	8
2022.02.24	1.13052	1.13056	1.11060	1.11900	104931	0	8
2022.02.25	1.11902	1.12736	1.11656	1.12711	60590	0	8
2022.02.27	1.11438	1.11866	1.11412	1.11792	2689	0	25
2022.02.28	1.11798	1.12460	1.11419	1.12140	75286	0	8
2022.03.01	1.12138	1.12326	1.10893	1.11320	60167	0	8
2022.03.02	1.11318	1.11434	1.10571	1.11119	75954	0	8
2022.03.03	1.11121	1.11149	1.10331	1.10654	47124	0	8
2022.03.04	1.10652	1.10662	1.08853	1.09305	72066	0	8
2022.03.06	1.09254	1.09261	1.08628	1.08731	3544	0	10
2022.03.07	1.08730	1.09320	1.08056	1.08657	107014	0	8
2022.03.08	1.08658	1.09579	1.08488	1.08972	104267	0	8
2022.03.09	1.08974	1.10947	1.08963	1.10730	68251	0	8
2022.03.10	1.10729	1.11207	1.09760	1.10130	88450	0	8
2022.03.11	1.10129	1.10421	1.09017	1.09119	67970	0	8
2022.03.13	1.09198	1.09383	1.09100	1.09314	2783	0	10
2022.03.14	1.09315	1.09935	1.09002	1.09424	52543	0	8
2022.03.15	1.09425	1.10189	1.09258	1.09664	60970	0	8
2022.03.16	1.09666	1.10463	1.09497	1.10211	82218	0	8
2022.03.17	1.10214	1.11370	1.10199	1.10986	47921	0	8
2022.03.18	1.10987	1.11183	1.10027	1.10508	44339	0	8
2022.03.20	1.10548	1.10570	1.10406	1.10422	1350	0	10
2022.03.21	1.10420	1.10698	1.10098	1.10163	37318	0	8
2022.03.22	1.10164	1.10452	1.09606	1.10290	44871	0	8
2022.03.23	1.10291	1.10394	1.09637	1.10056	34224	0	8
2022.03.24	1.10056	1.10133	1.09648	1.10081	40522	0	8
2022.03.25	1.10082	1.10374	1.09806	1.09837	39169	0	8
2022.03.27	1.09844	1.09859	1.09771	1.09811	1272	0	10
2022.03.28	1.09810	1.09990	1.09443	1.09908	47045	0	8
2022.03.29	1.09910	1.11367	1.09685	1.10909	74686	0	8
2022.03.30	1.10908	1.11705	1.10877	1.11608	53465	0	8
2022.03.31	1.11607	1.11845	1.10606	1.10723	57378	0	8
2022.04.01	1.10725	1.10754	1.10276	1.10485	40119	0	8
2022.04.03	1.10377	1.10453	1.10347	1.10453	803	0	10
2022.04.04	1.10453	1.10541	1.09600	1.09746	29494	0	8
2022.04.05	1.09748	1.09875	1.08996	1.09055	33054	0	8
2022.04.06	1.09057	1.09376	1.08740	1.08974	46147	0	8
2022.04.07	1.08973	1.09379	1.08599	1.08638	43657	0	8
2022.04.08	1.08640	1.08913	1.08361	1.08757	33017	0	8
2022.04.10	1.08993	1.09118	1.08839	1.08840	2719	0	10
2022.04.11	1.08839	1.09327	1.08723	1.08766	32891	0	8
2022.04.12	1.08767	1.09033	1.08209	1.08256	43841	0	8
2022.04.13	1.08257	1.08968	1.08085	1.08946	36033	0	8
2022.04.14	1.08948	1.09228	1.07570	1.08199	62144	0	8
2022.04.15	1.08198	1.08221	1.07952	1.08095	9405	0	20
2022.04.17	1.08045	1.08212	1.08026	1.08136	2285	0	10
2022.04.18	1.08138	1.08156	1.07695	1.07797	21576	0	8
2022.04.19	1.07797	1.08140	1.07608	1.07937	36151	0	8
2022.04.20	1.07939	1.08657	1.07837	1.08491	39951	0	8
2022.04.21	1.08491	1.09343	1.08233	1.08346	48211	0	8
2022.04.22	1.08348	1.08511	1.07702	1.07980	42148	0	8
2022.04.24	1.08031	1.08143	1.07955	1.08091	2274	0	10
2022.04.25	1.08093	1.08117	1.06954	1.07121	61133	0	8
2022.04.26	1.07122	1.07381	1.06335	1.06420	44262	0	8
2022.04.27	1.06422	1.06544	1.05141	1.05540	59806	0	8
2022.04.28	1.05538	1.05643	1.04709	1.05026	73756	0	8
2022.04.29	1.05027	1.05926	1.05017	1.05448	58459	0	8
2022.05.01	1.05474	1.05508	1.05341	1.05346	2364	0	10
2022.05.02	1.05346	1.05681	1.04901	1.05091	41236	0	8
2022.05.03	1.05094	1.05773	1.04919	1.05249	44379	0	8
2022.05.04	1.05247	1.06305	1.05058	1.06202	79751	0	8
2022.05.05	1.06202	1.06413	1.04923	1.05392	72062	0	8
2022.05.06	1.05394	1.05983	1.04816	1.05456	91931	0	8
2022.05.08	1.05417	1.05420	1.05305	1.05321	1469	0	10
2022.05.09	1.05320	1.05922	1.04949	1.05628	57763	0	8
2022.05.10	1.05630	1.05849	1.05243	1.05287	56251	0	8
2022.05.11	1.05287	1.05767	1.05015	1.05115	75436	0	8
2022.05.12	1.05117	1.05288	1.03535	1.03780	72209	0	8
2022.05.13	1.03779	1.04190	1.03490	1.04079	47066	0	8
2022.05.15	1.04024	1.04141	1.03952	1.03976	2262	0	10
2022.05.16	1.03978	1.04426	1.03887	1.04388	37647	0	8
2022.05.17	1.04386	1.05553	1.04315	1.05485	53837	0	8
2022.05.18	1.05482	1.05634	1.04565	1.04726	39836	0	8
2022.05.19	1.04728	1.06067	1.04647	1.05790	60409	0	8
2022.05.20	1.05791	1.05987	1.05325	1.05598	43953	0	8
2022.05.22	1.05604	1.05775	1.05552	1.05687	1383	0	10
2022.05.23	1.05688	1.06968	1.05676	1.06833	47676	0	8
2022.05.24	1.06833	1.07481	1.06606	1.07324	51970	0	8
2022.05.25	1.07325	1.07363	1.06420	1.06866	49279	0	8
2022.05.26	1.06865	1.07341	1.06621	1.07321	38739	0	8
2022.05.27	1.07323	1.07647	1.06966	1.07335	35472	0	8
2022.05.29	1.07350	1.07358	1.07260	1.07288	828	0	10
2022.05.30	1.07290	1.07860	1.07265	1.07724	25219	0	8
2022.05.31	1.07726	1.07742	1.06787	1.07336	49718	0	8
2022.06.01	1.07339	1.07388	1.06267	1.06505	39819	0	8
2022.06.02	1.06503	1.07502	1.06445	1.07498	31230	0	8
2022.06.03	1.07500	1.07641	1.07037	1.07188	30570	0	8
2022.06.05	1.07178	1.07292	1.07141	1.07248	1250	0	10
2022.06.06	1.07250	1.07515	1.06836	1.06893	28603	0	8
2022.06.07	1.06894	1.07139	1.06517	1.06968	36511	0	8
2022.06.08	1.06970	1.07480	1.06711	1.07166	34983	0	8
2022.06.09	1.07168	1.07733	1.06107	1.06187	67218	0	8
2022.06.10	1.06190	1.06418	1.05054	1.05181	54180	0	8
2022.06.12	1.05149	1.05196	1.04861	1.04904	3545	0	10
2022.06.13	1.04904	1.04952	1.03993	1.04145	63897	0	8
2022.06.14	1.04144	1.04844	1.03967	1.04366	64713	0	8
2022.06.15	1.04366	1.05074	1.03587	1.04571	126335	0	8
2022.06.16	1.04572	1.06009	1.03807	1.05461	92233	0	8
2022.06.17	1.05463	1.05517	1.04441	1.04944	70117	0	8
2022.06.19	1.04812	1.04924	1.04738	1.04896	2002	0	10
2022.06.20	1.04899	1.05455	1.04846	1.05171	36206	0	8
2022.06.21	1.05171	1.05822	1.05128	1.05308	43067	0	8
2022.06.22	1.05310	1.06055	1.04684	1.05643	53512	0	8
2022.06.23	1.05642	1.05807	1.04824	1.05190	64852	0	8
2022.06.24	1.05191	1.05707	1.05118	1.05542	43951	0	8
2022.06.26	1.05489	1.05744	1.05485	1.05661	2271	0	10
2022.06.27	1.05664	1.06146	1.05500	1.05794	39028	0	8
2022.06.28	1.05794	1.06056	1.05028	1.05218	44272	0	8
2022.06.29	1.05217	1.05350	1.04349	1.04453	50298	0	8
2022.06.30	1.04455	1.04884	1.03821	1.04778	55633	0	8
2022.07.01	1.04781	1.04781	1.03650	1.04271	54007	0	8
2022.07.03	1.04197	1.04367	1.04155	1.04320	1877	0	10
2022.07.04	1.04318	1.04623	1.04168	1.04323	29436	0	8
2022.07.05	1.04325	1.04482	1.02348	1.02564	62077	0	8
2022.07.06	1.02565	1.02761	1.01611	1.01839	67644	0	8
2022.07.07	1.01841	1.02207	1.01439	1.01681	51568	0	8
2022.07.08	1.01683	1.01909	1.00715	1.01849	67438	0	8
2022.07.10	1.01775	1.01832	1.01647	1.01668	1918	0	10
2022.07.11	1.01670	1.01671	1.00333	1.00456	51158	0	8
2022.07.12	1.00456	1.00733	0.99997	1.00299	66389	0	8
2022.07.13	1.00298	1.01218	0.99971	1.00336	93123	0	8
2022.07.14	1.00338	1.00501	0.99519	1.00261	82542	0	8
2022.07.15	1.00263	1.00974	1.00064	1.00874	61271	0	8
2022.07.17	1.00791	1.00975	1.00785	1.00970	1881	0	10
2022.07.18	1.00971	1.02009	1.00809	1.01461	52623	0	8
2022.07.19	1.01462	1.02687	1.01191	1.02302	73308	0	8
2022.07.20	1.02304	1.02725	1.01552	1.01804	68606	0	8
2022.07.21	1.01802	1.02777	1.01521	1.02197	100669	0	8
2022.07.22	1.02197	1.02547	1.01294	1.02148	75387	0	8
2022.07.24	1.02120	1.02181	1.01987	1.01989	1739	0	10
2022.07.25	1.01990	1.02575	1.01784	1.02227	58157	0	8
2022.07.26	1.02230	1.02499	1.01073	1.01283	52357	0	8
2022.07.27	1.01283	1.02203	1.00962	1.02048	72109	0	8
2022.07.28	1.02047	1.02339	1.01136	1.01915	78036	0	8
2022.07.29	1.01918	1.02539	1.01457	1.02259	69877	0	8
2022.07.31	1.02155	1.02228	1.02052	1.02099	2183	0	10
2022.08.01	1.02101	1.02749	1.02074	1.02622	57641	0	8
2022.08.02	1.02624	1.02936	1.01543	1.01562	72246	0	8
2022.08.03	1.01561	1.02098	1.01223	1.01563	62701	0	8
2022.08.04	1.01563	1.02533	1.01538	1.02469	54446	0	8
2022.08.05	1.02472	1.02479	1.01412	1.01803	54094	0	8
2022.08.07	1.01732	1.01775	1.01692	1.01717	1144	0	10
2022.08.08	1.01719	1.02215	1.01589	1.01974	33523	0	8
2022.08.09	1.01977	1.02471	1.01884	1.02077	31417	0	8
2022.08.10	1.02077	1.03681	1.02017	1.02984	55894	0	8
2022.08.11	1.02983	1.03640	1.02750	1.03201	48436	0	8
2022.08.12	1.03203	1.03249	1.02379	1.02587	40858	0	8
2022.08.14	1.02555	1.02626	1.02532	1.02532	944	0	10
2022.08.15	1.02532	1.02679	1.01533	1.01610	37913	0	8
2022.08.16	1.01612	1.01945	1.01222	1.01692	39745	0	8
2022.08.17	1.01691	1.02026	1.01452	1.01771	49988	0	8
2022.08.18	1.01772	1.01926	1.00793	1.00888	43569	0	8
2022.08.19	1.00889	1.00950	1.00316	1.00390	35968	0	8
2022.08.21	1.00390	1.00404	1.00299	1.00358	1423	0	10
2022.08.22	1.00357	1.00461	0.99258	0.99380	40156	0	8
2022.08.23	0.99380	1.00178	0.98981	0.99660	57163	0	8
2022.08.24	0.99661	0.99990	0.99097	0.99674	48822	0	8
2022.08.25	0.99674	1.00328	0.99487	0.99703	46690	0	8
2022.08.26	0.99702	1.00895	0.99461	0.99641	61678	0	8
2022.08.28	0.99636	0.99639	0.99345	0.99356	2458	0	10
2022.08.29	0.99358	1.00289	0.99138	1.00105	52174	0	8
2022.08.30	1.00105	1.00543	0.99816	1.00231	59879	0	8
2022.08.31	1.00229	1.00786	0.99710	1.00372	60013	0	8
2022.09.01	1.00374	1.00478	0.99097	0.99514	57472	0	8
2022.09.02	0.99514	1.00332	0.99448	0.99551	61150	0	8
2022.09.04	0.99256	0.99282	0.98984	0.99076	2473	0	10
2022.09.05	0.99076	0.99515	0.98774	0.99497	41901	0	8
2022.09.06	0.99498	0.99858	0.98636	0.98968	65496	0	8
2022.09.07	0.98969	1.00109	0.98751	0.99974	55885	0	8
2022.09.08	0.99976	1.00288	0.99304	1.00094	75721	0	8
2022.09.09	1.00094	1.01129	1.00081	1.00453	56459	0	8
2022.09.11	1.00892	1.00928	1.00579	1.00699	2032	0	10
2022.09.12	1.00697	1.01975	1.00627	1.01287	55564	0	8
2022.09.13	1.01286	1.01866	0.99539	0.99776	75187	0	8
2022.09.14	0.99777	1.00232	0.99591	0.99817	66477	0	8
2022.09.15	0.99817	1.00173	0.99553	0.99871	47133	0	8
2022.09.16	0.99873	1.00361	0.99430	1.00132	55435	0	8
2022.09.18	1.00110	1.00282	1.00035	1.00217	1528	0	10
2022.09.19	1.00219	1.00318	0.99655	1.00294	42153	0	8
2022.09.20	1.00296	1.00500	0.99548	0.99708	52093	0	8
2022.09.21	0.99710	0.99748	0.98122	0.98311	94090	0	8
2022.09.22	0.98311	0.99070	0.98069	0.98382	95225	0	8
2022.09.23	0.98383	0.98516	0.96678	0.96906	83760	0	8
2022.09.25	0.96703	0.97079	0.96672	0.96853	3743	0	10
2022.09.26	0.96854	0.97011	0.95496	0.96195	149346	0	8
2022.09.27	0.96197	0.96705	0.95687	0.95952	83898	0	8
2022.09.28	0.95952	0.97504	0.95355	0.97051	129125	0	8
2022.09.29	0.97054	0.98418	0.96353	0.98288	107186	0	8
2022.09.30	0.98290	0.98534	0.97342	0.98013	108330	0	8
2022.10.02	0.97962	0.98068	0.97886	0.97930	2727	0	10
2022.10.03	0.97930	0.98441	0.97524	0.98332	88605	0	8
2022.10.04	0.98334	0.99992	0.98058	0.99833	87715	0	8
2022.10.05	0.99835	0.99944	0.98343	0.99109	78173	0	8
2022.10.06	0.99110	0.99257	0.97848	0.97887	77216	0	8
2022.10.07	0.97889	0.98164	0.97250	0.97404	78400	0	8
2022.10.09	0.97319	0.97376	0.97273	0.97341	2056	0	10
2022.10.10	0.97343	0.97528	0.96814	0.97108	61558	0	8
2022.10.11	0.97110	0.97742	0.96702	0.97000	77720	0	8
2022.10.12	0.97001	0.97338	0.96674	0.97047	79751	0	8
2022.10.13	0.97046	0.98055	0.96313	0.97670	107255	0	8
2022.10.14	0.97669	0.98082	0.97055	0.97229	95206	0	8
2022.10.16	0.97207	0.97428	0.97171	0.97394	2130	0	10
2022.10.17	0.97394	0.98517	0.97198	0.98432	63374	0	8
2022.10.18	0.98434	0.98752	0.98123	0.98622	70414	0	8
2022.10.19	0.98621	0.98665	0.97570	0.97650	65143	0	8
2022.10.20	0.97652	0.98451	0.97542	0.97781	74016	0	8
2022.10.21	0.97783	0.98687	0.97046	0.98588	129479	0	8
2022.10.23	0.98677	0.98970	0.98309	0.98594	14620	0	10
2022.10.24	0.98594	0.98933	0.98064	0.98838	93830	0	8
2022.10.25	0.98840	0.99764	0.98483	0.99614	66009	0	8
2022.10.26	0.99616	1.00931	0.99430	1.00928	74399	0	8
2022.10.27	1.00930	1.00931	0.99573	0.99664	86602	0	8
2022.10.28	0.99666	0.99976	0.99265	0.99661	71702	0	8
2022.10.30	0.99546	0.99617	0.99453	0.99541	1765	0	10
2022.10.31	0.99543	0.99653	0.98727	0.98853	47350	0	8
2022.11.01	0.98855	0.99536	0.98526	0.98768	61221	0	8
2022.11.02	0.98770	0.99755	0.98096	0.98138	82928	0	8
2022.11.03	0.98137	0.98391	0.97296	0.97488	68848	0	8
2022.11.04	0.97488	0.99661	0.97471	0.99582	88323	0	8
2022.11.06	0.99073	0.99428	0.99058	0.99272	1821	0	25
2022.11.07	0.99280	1.00338	0.99174	1.00170	64725	0	8
2022.11.08	1.00171	1.00958	0.99713	1.00800	55582	0	8
2022.11.09	1.00799	1.00878	0.99925	1.00188	70402	0	8
2022.11.10	1.00189	1.02213	0.99352	1.01878	107004	0	8
2022.11.11	1.01908	1.03638	1.01629	1.03548	92920	0	8
2022.11.13	1.03299	1.03339	1.03117	1.03265	1642	0	10
2022.11.14	1.03267	1.03581	1.02711	1.03193	76519	0	8
2022.11.15	1.03195	1.04804	1.02797	1.03570	129753	0	8
2022.11.16	1.03571	1.04379	1.03305	1.03929	91171	0	8
2022.11.17	1.03930	1.04061	1.03050	1.03603	72750	0	8
2022.11.18	1.03605	1.03957	1.03133	1.03233	56176	0	8
2022.11.20	1.03220	1.03313	1.03211	1.03288	453	0	40
2022.11.21	1.03303	1.03325	1.02222	1.02448	59880	0	8
2022.11.22	1.02446	1.03101	1.02417	1.03101	49682	0	8
2022.11.23	1.03102	1.04175	1.02962	1.04175	62846	0	8
2022.11.24	1.04173	1.04481	1.03814	1.04074	41372	0	8
2022.11.25	1.04072	1.04289	1.03544	1.03918	46051	0	8
2022.11.27	1.03694	1.03780	1.03641	1.03666	1003	0	10
2022.11.28	1.03668	1.04964	1.03298	1.03429	67610	0	8
2022.11.29	1.03430	1.03940	1.03172	1.03233	67479	0	8
2022.11.30	1.03235	1.04282	1.02898	1.04212	85386	0	8
2022.12.01	1.04228	1.05373	1.03928	1.05276	89616	0	8
2022.12.02	1.05274	1.05445	1.04279	1.05403	80759	0	8
2022.12.04	1.05318	1.05432	1.05293	1.05431	940	0	10
2022.12.05	1.05432	1.05944	1.04799	1.04954	63595	0	8
2022.12.06	1.04956	1.05325	1.04589	1.04669	57577	0	8
2022.12.07	1.04671	1.05494	1.04429	1.05100	65022	0	8
2022.12.08	1.05115	1.05645	1.04891	1.05552	50907	0	8
2022.12.09	1.05550	1.05877	1.05036	1.05325	56591	0	8
2022.12.11	1.05305	1.05340	1.05164	1.05205	663	0	10
2022.12.12	1.05204	1.05798	1.05055	1.05393	45420	0	8
2022.12.13	1.05408	1.06727	1.05277	1.06241	76268	0	8
2022.12.14	1.06240	1.06946	1.06186	1.06755	91845	0	8
2022.12.15	1.06756	1.07357	1.05921	1.06382	79529	0	8
2022.12.16	1.06384	1.06627	1.05847	1.05858	56558	0	8
2022.12.18	1.05846	1.05938	1.05809	1.05840	937	0	10
2022.12.19	1.05842	1.06574	1.05755	1.06106	46577	0	8
2022.12.20	1.06120	1.06582	1.05786	1.06248	79018	0	8
2022.12.21	1.06246	1.06444	1.05900	1.06075	46958	0	8
2022.12.22	1.06073	1.06591	1.05728	1.06009	47629	0	8
2022.12.23	1.06007	1.06325	1.05863	1.06159	46486	0	8
2022.12.25	1.06107	1.06184	1.06054	1.06157	869	0	41
2022.12.26	1.06186	1.06427	1.05951	1.06369	15109	0	20
2022.12.27	1.06367	1.06691	1.06111	1.06351	37382	0	8
2022.12.28	1.06366	1.06742	1.06062	1.06285	40063	0	8
2022.12.29	1.06284	1.06900	1.06108	1.06600	38920	0	8
2022.12.30	1.06599	1.07127	1.06380	1.07025	53026	0	8
2023.01.01	1.06871	1.06982	1.06782	1.06982	958	0	118
2023.01.02	1.06978	1.07066	1.06357	1.06683	12868	0	41
2023.01.03	1.06686	1.06797	1.05192	1.05452	65839	0	8
2023.01.04	1.05453	1.06351	1.05449	1.06061	64207	0	8
2023.01.05	1.06059	1.06311	1.05148	1.05204	60559	0	8
2023.01.06	1.05206	1.06476	1.04791	1.06443	64059	0	8
2023.01.08	1.06386	1.06608	1.06338	1.06608	870	0	40
2023.01.09	1.06623	1.07602	1.06512	1.07324	51139	0	8
2023.01.10	1.07322	1.07589	1.07118	1.07381	51008	0	8
2023.01.11	1.07380	1.07759	1.07250	1.07650	42579	0	8
2023.01.12	1.07652	1.08665	1.07271	1.08592	84149	0	8
2023.01.13	1.08591	1.08674	1.07800	1.08320	53064	0	8
2023.01.15	1.08315	1.08329	1.08185	1.08222	844	0	10
2023.01.16	1.08223	1.08738	1.08012	1.08282	30667	0	8
2023.01.17	1.08283	1.08690	1.07741	1.07891	61120	0	8
2023.01.18	1.07892	1.08869	1.07657	1.07970	80299	0	8
2023.01.19	1.07971	1.08395	1.07819	1.08317	53155	0	8
2023.01.20	1.08331	1.08584	1.08019	1.08553	41213	0	8
2023.01.22	1.08612	1.08676	1.08586	1.08637	844	0	10
2023.01.23	1.08640	1.09264	1.08458	1.08709	45576	0	8
2023.01.24	1.08712	1.08974	1.08348	1.08895	43109	0	8
2023.01.25	1.08894	1.09230	1.08569	1.09203	41720	0	8
2023.01.26	1.09205	1.09290	1.08501	1.08927	43523	0	8
2023.01.27	1.08929	1.08998	1.08374	1.08678	36376	0	8
2023.01.29	1.08581	1.08714	1.08579	1.08714	449	0	10
2023.01.30	1.08716	1.09132	1.08389	1.08495	38687	0	8
2023.01.31	1.08496	1.08744	1.08016	1.08603	43369	0	8
2023.02.01	1.08602	1.10310	1.08519	1.10108	66470	0	8
2023.02.02	1.10123	1.10263	1.08851	1.09027	68491	0	8
2023.02.03	1.09042	1.09396	1.07928	1.07936	63217	0	0
2023.02.05	1.07835	1.07964	1.07819	1.07891	1137	0	10
2023.02.06	1.07889	1.07984	1.07089	1.07269	41623	0	8
2023.02.07	1.07285	1.07661	1.06689	1.07299	63487	0	8
2023.02.08	1.07297	1.07602	1.07075	1.07151	35249	0	8
2023.02.09	1.07150	1.07902	1.07094	1.07388	36146	0	8
2023.02.10	1.07389	1.07522	1.06660	1.06769	41433	0	8
2023.02.12	1.06805	1.06805	1.06694	1.06768	688	0	10
2023.02.13	1.06769	1.07306	1.06552	1.07306	31559	0	8
2023.02.14	1.07305	1.08043	1.07065	1.07332	74087	0	8
2023.02.15	1.07348	1.07441	1.06602	1.06910	43530	0	8
2023.02.16	1.06912	1.07218	1.06535	1.06653	47028	0	8
2023.02.17	1.06651	1.06979	1.06124	1.06941	38915	0	8
2023.02.19	1.06852	1.06908	1.06808	1.06835	583	0	10
2023.02.20	1.06836	1.07041	1.06698	1.06819	18429	0	8
2023.02.21	1.06818	1.06976	1.06371	1.06508	43691	0	8
2023.02.22	1.06507	1.06635	1.05987	1.06050	42167	0	8
2023.02.23	1.06052	1.06273	1.05768	1.05971	36707	0	8
2023.02.24	1.05973	1.06138	1.05357	1.05451	46805	0	8
2023.02.26	1.05443	1.05533	1.05440	1.05529	394	0	10
2023.02.27	1.05530	1.06196	1.05326	1.06076	34223	0	8
2023.02.28	1.06092	1.06446	1.05725	1.05764	39890	0	8
2023.03.01	1.05765	1.06910	1.05649	1.06680	48071	0	8
2023.03.02	1.06682	1.06723	1.05761	1.05981	43851	0	8
2023.03.03	1.05979	1.06382	1.05879	1.06336	36581	0	8
2023.03.05	1.06252	1.06269	1.06202	1.06238	514	0	40
2023.03.06	1.06253	1.06939	1.06218	1.06837	36058	0	8
2023.03.07	1.06851	1.06939	1.05456	1.05464	52536	0	8
2023.03.08	1.05479	1.05734	1.05240	1.05470	42142	0	8
2023.03.09	1.05485	1.05907	1.05377	1.05836	34702	0	8
2023.03.10	1.05851	1.07003	1.05736	1.06389	74594	0	8
2023.03.12	1.06727	1.07022	1.06722	1.06807	7564	0	10
2023.03.13	1.06810	1.07481	1.06498	1.07226	99578	0	8
2023.03.14	1.07228	1.07491	1.06784	1.07265	74246	0	8
2023.03.15	1.07266	1.07593	1.05158	1.05813	90281	0	8
2023.03.16	1.05812	1.06352	1.05508	1.06131	81725	0	8
2023.03.17	1.06133	1.06847	1.06112	1.06652	43052	0	8
2023.03.19	1.06798	1.06866	1.06645	1.06802	1446	0	10
2023.03.20	1.06803	1.07303	1.06309	1.07181	52121	0	8
2023.03.21	1.07183	1.07881	1.07036	1.07722	33677	0	8
2023.03.22	1.07722	1.09119	1.07587	1.08684	57296	0	8
2023.03.23	1.08686	1.09293	1.08238	1.08342	48640	0	8
2023.03.24	1.08344	1.08366	1.07128	1.07596	55267	0	8
2023.03.26	1.07686	1.07782	1.07637	1.07773	1527	0	10
2023.03.27	1.07771	1.08072	1.07447	1.08058	31792	0	8
2023.03.28	1.08060	1.08480	1.08032	1.08385	28517	0	8
2023.03.29	1.08386	1.08709	1.08173	1.08422	29841	0	8
2023.03.30	1.08425	1.09258	1.08231	1.09038	32173	0	8
2023.03.31	1.09037	1.09251	1.08365	1.08420	34745	0	8
2023.04.02	1.08405	1.08425	1.08009	1.08024	2157	0	10
2023.04.03	1.08023	1.09162	1.07878	1.09064	36235	0	8
2023.04.04	1.09066	1.09726	1.08825	1.09573	35776	0	8
2023.04.05	1.09575	1.09691	1.08906	1.09026	32012	0	8
2023.04.06	1.09028	1.09371	1.08843	1.09158	24985	0	8
2023.04.07	1.09166	1.09209	1.08755	1.08899	12401	0	16
2023.04.09	1.08971	1.09130	1.08965	1.09126	741	0	10
2023.04.10	1.09127	1.09168	1.08310	1.08685	20774	0	8
2023.04.11	1.08686	1.09275	1.08667	1.09158	24137	0	8
2023.04.12	1.09159	1.09999	1.09143	1.09964	33009	0	8
2023.04.13	1.09963	1.10673	1.09763	1.10512	29068	0	8
2023.04.14	1.10514	1.10751	1.09721	1.09922	33607	0	8
2023.04.16	1.09884	1.09937	1.09830	1.09840	772	0	10
2023.04.17	1.09842	1.09994	1.09088	1.09241	28648	0	8
2023.04.18	1.09242	1.09824	1.09220	1.09745	26298	0	8
2023.04.19	1.09747	1.09836	1.09169	1.09513	29384	0	8
2023.04.20	1.09514	1.09893	1.09330	1.09674	30738	0	8
2023.04.21	1.09673	1.09932	1.09376	1.09885	30873	0	8
2023.04.23	1.09878	1.09957	1.09859	1.09914	498	0	10
2023.04.24	1.09914	1.10566	1.09655	1.10566	27690	0	8
2023.04.25	1.10567	1.10667	1.09566	1.09776	32483	0	8
2023.04.26	1.09778	1.10941	1.09681	1.10448	42188	0	8
2023.04.27	1.10448	1.10630	1.09917	1.10312	37523	0	8
2023.04.28	1.10312	1.10446	1.09620	1.10170	46333	0	8
2023.04.30	1.10174	1.10195	1.10090	1.10102	871	0	10
2023.05.01	1.10105	1.10350	1.09640	1.09683	25795	0	8
2023.05.02	1.09681	1.10133	1.09417	1.10103	36202	0	8
2023.05.03	1.10104	1.10910	1.10045	1.10681	45667	0	8
2023.05.04	1.10683	1.10912	1.09856	1.10225	55326	0	8
2023.05.05	1.10225	1.10473	1.09663	1.10181	34842	0	8
2023.05.07	1.10159	1.10215	1.10126	1.10178	708	0	10
2023.05.08	1.10180	1.10533	1.09950	1.09962	21671	0	8
2023.05.09	1.09960	1.10004	1.09407	1.09642	25227	0	8
2023.05.10	1.09643	1.10064	1.09412	1.09826	33385	0	8
2023.05.11	1.09824	1.09976	1.08997	1.09119	35125	0	8
2023.05.12	1.09121	1.09349	1.08475	1.08491	24768	0	8
2023.05.14	1.08511	1.08531	1.08437	1.08523	586	0	10
2023.05.15	1.08525	1.08902	1.08478	1.08732	20565	0	8
2023.05.16	1.08734	1.09042	1.08546	1.08650	25267	0	8
2023.05.17	1.08652	1.08731	1.08099	1.08374	26432	0	8
2023.05.18	1.08373	1.08475	1.07621	1.07745	23910	0	8
2023.05.19	1.07746	1.08283	1.07597	1.08058	30987	0	8
2023.05.21	1.08051	1.08238	1.08044	1.08215	682	0	10
2023.05.22	1.08216	1.08308	1.07950	1.08100	28256	0	8
2023.05.23	1.08102	1.08201	1.07599	1.07688	31232	0	8
2023.05.24	1.07686	1.08008	1.07403	1.07552	33583	0	8
2023.05.25	1.07553	1.07553	1.07070	1.07232	29654	0	8
2023.05.26	1.07232	1.07582	1.07013	1.07256	29220	0	8
2023.05.28	1.07187	1.07273	1.07164	1.07212	585	0	10
2023.05.29	1.07212	1.07431	1.07050	1.07064	10257	0	8
2023.05.30	1.07062	1.07461	1.06721	1.07313	30317	0	8
2023.05.31	1.07311	1.07352	1.06349	1.06930	36253	0	8
2023.06.01	1.06931	1.07679	1.06614	1.07601	32539	0	8
2023.06.02	1.07599	1.07786	1.07048	1.07074	29369	0	8
2023.06.04	1.07064	1.07079	1.06935	1.06965	802	0	10
2023.06.05	1.06965	1.07219	1.06741	1.07109	25440	0	8
2023.06.06	1.07108	1.07324	1.06666	1.06981	25229	0	8
2023.06.07	1.06982	1.07392	1.06679	1.07065	25657	0	8
2023.06.08	1.07067	1.07866	1.07006	1.07814	25973	0	8
2023.06.09	1.07815	1.07848	1.07424	1.07482	22752	0	8
2023.06.11	1.07461	1.07510	1.07413	1.07496	1041	0	10
2023.06.12	1.07497	1.07897	1.07328	1.07618	36759	0	8
2023.06.13	1.07619	1.08228	1.07589	1.07891	45732	0	8
2023.06.14	1.07891	1.08636	1.07737	1.08423	47779	0	8
2023.06.15	1.08425	1.09521	1.08034	1.09443	47793	0	8
2023.06.16	1.09447	1.09701	1.09176	1.09414	41737	0	8
2023.06.18	1.09323	1.09425	1.09298	1.09394	1250	0	10
2023.06.19	1.09395	1.09459	1.09067	1.09231	27343	0	8
2023.06.20	1.09233	1.09458	1.08916	1.09194	41497	0	8
2023.06.21	1.09195	1.09917	1.09052	1.09911	45006	0	8
2023.06.22	1.09912	1.10119	1.09481	1.09551	43845	0	8
2023.06.23	1.09552	1.09581	1.08441	1.08930	48113	0	8
2023.06.25	1.08973	1.09062	1.08938	1.09059	1395	0	10
2023.06.26	1.09060	1.09197	1.08869	1.09095	37046	0	8
2023.06.27	1.09096	1.09763	1.09016	1.09571	42908	0	8
2023.06.28	1.09570	1.09618	1.08964	1.09147	43916	0	8
2023.06.29	1.09148	1.09409	1.08585	1.08670	46851	0	8
2023.06.30	1.08671	1.09313	1.08349	1.09105	44359	0	8
2023.07.02	1.09099	1.09114	1.09063	1.09072	837	0	10
2023.07.03	1.09073	1.09322	1.08699	1.09124	37193	0	8
2023.07.04	1.09125	1.09160	1.08754	1.08820	25103	0	8
2023.07.05	1.08821	1.09074	1.08502	1.08547	39769	0	8
2023.07.06	1.08548	1.09002	1.08333	1.08893	53643	0	8
2023.07.07	1.08894	1.09728	1.08666	1.09685	49177	0	8
2023.07.09	1.09601	1.09678	1.09589	1.09665	1009	0	10
2023.07.10	1.09666	1.10054	1.09430	1.10049	39438	0	8
2023.07.11	1.10050	1.10265	1.09766	1.10132	38280	0	8
2023.07.12	1.10133	1.11401	1.10116	1.11400	48679	0	8
2023.07.13	1.11402	1.12276	1.11295	1.12230	46579	0	8
2023.07.14	1.12231	1.12444	1.12039	1.12281	44781	0	8
2023.07.16	1.12264	1.12297	1.12214	1.12269	1163	0	10
2023.07.17	1.12270	1.12482	1.12031	1.12370	34394	0	8
2023.07.18	1.12371	1.12754	1.12086	1.12279	51098	0	8
2023.07.19	1.12279	1.12398	1.11740	1.12046	46394	0	8
2023.07.20	1.12047	1.12286	1.11180	1.11341	43487	0	8
2023.07.21	1.11341	1.11446	1.11074	1.11249	38684	0	8
2023.07.23	1.11225	1.11297	1.11225	1.11240	1221	0	10
2023.07.24	1.11240	1.11465	1.10579	1.10625	46973	0	8
2023.07.25	1.10627	1.10864	1.10205	1.10495	38074	0	8
2023.07.26	1.10496	1.11062	1.10375	1.10775	51747	0	8
2023.07.27	1.10776	1.11492	1.09654	1.09777	67815	0	8
2023.07.28	1.09777	1.10470	1.09432	1.10165	67334	0	8
2023.07.30	1.10158	1.10266	1.10142	1.10233	1335	0	10
2023.07.31	1.10235	1.10453	1.09920	1.09962	42323	0	8
2023.08.01	1.09962	1.10162	1.09519	1.10072	44042	0	8
2023.08.02	1.10073	1.10075	1.09176	1.09430	49674	0	8
2023.08.03	1.09431	1.09623	1.09120	1.09506	54186	0	8
2023.08.04	1.09506	1.10415	1.09332	1.10085	48825	0	8
2023.08.06	1.10133	1.10141	1.09995	1.10020	1359	0	10
2023.08.07	1.10021	1.10114	1.09650	1.10022	35689	0	8
2023.08.08	1.10024	1.10105	1.09287	1.09588	42649	0	8
2023.08.09	1.09587	1.09949	1.09550	1.09768	37072	0	8
2023.08.10	1.09768	1.10643	1.09669	1.09812	55597	0	8
2023.08.11	1.09813	1.10046	1.09426	1.09468	44769	0	8
2023.08.13	1.09495	1.09506	1.09383	1.09428	1120	0	10
2023.08.14	1.09429	1.09596	1.08743	1.09073	44332	0	8
2023.08.15	1.09073	1.09520	1.08969	1.09034	50860	0	8
2023.08.16	1.09035	1.09341	1.08711	1.08740	46805	0	8
2023.08.17	1.08742	1.09177	1.08559	1.08739	48101	0	8
2023.08.18	1.08739	1.08935	1.08446	1.08724	43266	0	8
2023.08.20	1.08669	1.08766	1.08669	1.08744	1024	0	10
2023.08.21	1.08746	1.09131	1.08692	1.08972	39738	0	8
2023.08.22	1.08972	1.09299	1.08325	1.08460	40317	0	8
2023.08.23	1.08461	1.08711	1.08021	1.08650	48296	0	8
2023.08.24	1.08651	1.08761	1.07885	1.07981	41650	0	8
2023.08.25	1.07979	1.08412	1.07654	1.07947	48308	0	8
2023.08.27	1.07940	1.07991	1.07915	1.07965	1301	0	10
2023.08.28	1.07966	1.08293	1.07956	1.08252	34509	0	8
2023.08.29	1.08252	1.08915	1.07818	1.08687	44766	0	8
2023.08.30	1.08687	1.09451	1.08548	1.09291	45951	0	8
2023.08.31	1.09292	1.09391	1.08347	1.08419	45941	0	8
2023.09.01	1.08418	1.08815	1.07717	1.07737	47892	0	8
2023.09.03	1.07756	1.07761	1.07698	1.07752	850	0	10
2023.09.04	1.07753	1.08084	1.07729	1.07908	22685	0	8
2023.09.05	1.07909	1.07979	1.07059	1.07241	40897	0	8
2023.09.06	1.07242	1.07483	1.07023	1.07235	43401	0	8
2023.09.07	1.07235	1.07314	1.06857	1.06970	37690	0	8
2023.09.08	1.06972	1.07434	1.06938	1.07000	36250	0	8
2023.09.10	1.07106	1.07201	1.07065	1.07158	1597	0	10
2023.09.11	1.07159	1.07588	1.07096	1.07471	37403	0	8
2023.09.12	1.07471	1.07687	1.07051	1.07527	36094	0	8
2023.09.13	1.07528	1.07644	1.07083	1.07324	50191	0	8
2023.09.14	1.07324	1.07517	1.06314	1.06346	50295	0	8
2023.09.15	1.06346	1.06874	1.06329	1.06603	39281	0	8
2023.09.17	1.06607	1.06681	1.06606	1.06676	876	0	10
2023.09.18	1.06676	1.06983	1.06543	1.06916	30952	0	8
2023.09.19	1.06917	1.07175	1.06746	1.06810	33158	0	8
2023.09.20	1.06811	1.07363	1.06474	1.06493	46460	0	8
2023.09.21	1.06495	1.06731	1.06164	1.06599	49067	0	8
2023.09.22	1.06599	1.06713	1.06146	1.06455	39841	0	8
2023.09.24	1.06506	1.06514	1.06418	1.06479	1131	0	10
2023.09.25	1.06480	1.06549	1.05750	1.05909	36132	0	8
2023.09.26	1.05909	1.06086	1.05617	1.05687	36743	0	8
2023.09.27	1.05686	1.05735	1.04877	1.05049	43570	0	8
2023.09.28	1.05049	1.05784	1.04907	1.05618	51050	0	8
2023.09.29	1.05619	1.06166	1.05576	1.05735	50464	0	8
2023.10.01	1.05676	1.05697	1.05559	1.05630	1595	0	10
2023.10.02	1.05636	1.05915	1.04730	1.04794	45225	0	8
2023.10.03	1.04795	1.04931	1.04478	1.04682	57478	0	8
2023.10.04	1.04683	1.05318	1.04509	1.05065	54266	0	8
2023.10.05	1.05064	1.05514	1.04996	1.05459	48876	0	8
2023.10.06	1.05460	1.05995	1.04822	1.05856	57456	0	8
2023.10.08	1.05494	1.05679	1.05469	1.05658	2360	0	10
2023.10.09	1.05660	1.05792	1.05191	1.05782	44109	0	8
2023.10.10	1.05782	1.06194	1.05541	1.06038	54260	0	8
2023.10.11	1.06039	1.06343	1.05808	1.06232	51417	0	8
2023.10.12	1.06231	1.06392	1.05252	1.05354	50801	0	8
2023.10.13	1.05352	1.05580	1.04952	1.05076	46707	0	8
2023.10.15	1.05110	1.05235	1.05062	1.05216	1527	0	10
2023.10.16	1.05217	1.05623	1.05151	1.05535	40680	0	8
2023.10.17	1.05538	1.05944	1.05325	1.05724	48312	0	8
2023.10.18	1.05724	1.05937	1.05227	1.05375	47050	0	8
2023.10.19	1.05376	1.06160	1.05277	1.05859	59215	0	8
2023.10.20	1.05861	1.06032	1.05646	1.05934	44942	0	8
2023.10.22	1.05931	1.05956	1.05869	1.05891	1178	0	10
2023.10.23	1.05889	1.06775	1.05711	1.06695	43483	0	8
2023.10.24	1.06696	1.06941	1.05827	1.05945	46787	0	8
2023.10.25	1.05945	1.06062	1.05584	1.05659	41719	0	8
2023.10.26	1.05658	1.05687	1.05216	1.05635	49873	0	8
2023.10.27	1.05635	1.05966	1.05348	1.05640	44232	0	8
2023.10.29	1.05653	1.05671	1.05571	1.05617	1336	0	10
2023.10.30	1.05617	1.06245	1.05467	1.06136	41096	0	8
2023.10.31	1.06136	1.06745	1.05573	1.05776	51764	0	8
2023.11.01	1.05777	1.05861	1.05163	1.05858	57896	0	8
2023.11.02	1.05860	1.06672	1.05832	1.06153	48052	0	8
2023.11.03	1.06155	1.07463	1.06144	1.07297	48812	0	8
2023.11.05	1.07243	1.07313	1.07214	1.07290	987	0	40
2023.11.06	1.07290	1.07559	1.07128	1.07171	39986	0	8
2023.11.07	1.07181	1.07191	1.06637	1.06941	45323	0	8
2023.11.08	1.06953	1.07155	1.06592	1.07088	44433	0	8
2023.11.09	1.07107	1.07248	1.06597	1.06666	50909	0	8
2023.11.10	1.06669	1.06922	1.06559	1.06844	41962	0	8
2023.11.12	1.06834	1.06885	1.06793	1.06883	1095	0	40
2023.11.13	1.06901	1.07057	1.06644	1.07009	38622	0	8
2023.11.14	1.07011	1.08870	1.06925	1.08774	54920	0	8
2023.11.15	1.08775	1.08857	1.08314	1.08534	50455	0	8
2023.11.16	1.08536	1.08949	1.08298	1.08521	46832	0	8
2023.11.17	1.08524	1.09134	1.08246	1.09131	46907	0	8
2023.11.19	1.09091	1.09094	1.09030	1.09031	1112	0	40
2023.11.20	1.09051	1.09515	1.08972	1.09439	46575	0	8
2023.11.21	1.09441	1.09648	1.08996	1.09167	53515	0	8
2023.11.22	1.09169	1.09224	1.08520	1.08872	54542	0	7
2023.11.23	1.08874	1.09301	1.08868	1.09035	35021	0	8
2023.11.24	1.09036	1.09479	1.08944	1.09369	38098	0	7
2023.11.26	1.09394	1.09460	1.09355	1.09372	1291	0	40
2023.11.27	1.09372	1.09588	1.09246	1.09583	50832	0	8
2023.11.28	1.09585	1.10086	1.09342	1.10035	58964	0	8
2023.11.29	1.10038	1.10168	1.09595	1.09729	63206	0	8
2023.11.30	1.09730	1.09834	1.08788	1.08913	66807	0	7
2023.12.01	1.08914	1.09123	1.08283	1.08818	64206	0	8
2023.12.03	1.08760	1.08930	1.08738	1.08838	2366	0	40
2023.12.04	1.08854	1.08863	1.08035	1.08366	61320	0	8
2023.12.05	1.08368	1.08470	1.07778	1.07929	64047	0	8
2023.12.06	1.07930	1.08045	1.07577	1.07658	55128	0	8
2023.12.07	1.07659	1.08171	1.07546	1.07891	61991	0	8
2023.12.08	1.07895	1.08001	1.07225	1.07601	67546	0	8
2023.12.10	1.07567	1.07656	1.07565	1.07636	1150	0	40
2023.12.11	1.07648	1.07785	1.07412	1.07646	49213	0	8
2023.12.12	1.07647	1.08278	1.07609	1.07975	57447	0	7
2023.12.13	1.07977	1.08963	1.07729	1.08820	67385	0	8
2023.12.14	1.08821	1.10087	1.08788	1.09926	85484	0	8
2023.12.15	1.09931	1.10031	1.08882	1.08945	67929	0	8
2023.12.17	1.08906	1.08961	1.08900	1.08926	1138	0	40
2023.12.18	1.08944	1.09309	1.08936	1.09227	52347	0	8
2023.12.19	1.09229	1.09868	1.09145	1.09790	55364	0	8
2023.12.20	1.09791	1.09791	1.09295	1.09429	55667	0	8
2023.12.21	1.09429	1.10122	1.09349	1.10051	61719	0	7
2023.12.22	1.10051	1.10399	1.09935	1.10130	55419	0	8
2023.12.25	1.09785	1.10238	1.09785	1.10109	1204	0	156
2023.12.26	1.10123	1.10446	1.10031	1.10414	29675	0	10
2023.12.27	1.10417	1.11223	1.10283	1.11077	42383	0	10
2023.12.28	1.11079	1.11391	1.10547	1.10673	48295	0	10
2023.12.29	1.10676	1.10840	1.10336	1.10369	47690	0	10
2024.01.01	1.10268	1.10369	1.10268	1.10306	1197	0	127
2024.01.02	1.10304	1.10385	1.09361	1.09411	51616	0	10
2024.01.03	1.09413	1.09650	1.08924	1.09253	62548	0	8
2024.01.04	1.09254	1.09718	1.09156	1.09457	53524	0	10
2024.01.05	1.09456	1.09981	1.08759	1.09420	69571	0	10
2024.01.07	1.09399	1.09445	1.09303	1.09394	1179	0	40
2024.01.08	1.09410	1.09785	1.09222	1.09491	50597	0	10
2024.01.09	1.09493	1.09659	1.09097	1.09311	51247	0	10
2024.01.10	1.09313	1.09743	1.09222	1.09735	43780	0	10
2024.01.11	1.09737	1.09980	1.09297	1.09818	70427	0	10
2024.01.12	1.09820	1.09865	1.09354	1.09499	54312	0	10
2024.01.14	1.09466	1.09494	1.09421	1.09432	921	0	40
2024.01.15	1.09448	1.09671	1.09330	1.09445	34916	0	10
2024.01.16	1.09446	1.09459	1.08616	1.08778	65171	0	10
2024.01.17	1.08780	1.08850	1.08441	1.08849	57137	0	10
2024.01.18	1.08855	1.09064	1.08462	1.08793	57266	0	10
2024.01.19	1.08794	1.08974	1.08652	1.08970	46517	0	10
2024.01.21	1.08869	1.08953	1.08835	1.08903	1655	0	40
2024.01.22	1.08916	1.09090	1.08765	1.08770	44045	0	10
2024.01.23	1.08771	1.09156	1.08209	1.08567	47631	0	10
2024.01.24	1.08566	1.09321	1.08510	1.08812	56014	0	10
2024.01.25	1.08808	1.09015	1.08210	1.08452	60680	0	10
2024.01.26	1.08447	1.08855	1.08123	1.08544	47384	0	10
2024.01.28	1.08399	1.08471	1.08374	1.08409	1792	0	40
2024.01.29	1.08421	1.08496	1.07953	1.08331	41216	0	10
2024.01.30	1.08333	1.08568	1.08115	1.08424	47598	0	10
2024.01.31	1.08425	1.08871	1.07944	1.08035	84056	0	10
2024.02.01	1.08037	1.08756	1.07794	1.08735	60868	0	10
2024.02.02	1.08737	1.08972	1.07801	1.07870	54101	0	10
2024.02.04	1.07824	1.07849	1.07686	1.07785	1552	0	39
2024.02.05	1.07794	1.07855	1.07227	1.07405	45768	0	10
2024.02.06	1.07405	1.07619	1.07220	1.07558	45581	0	10
2024.02.07	1.07562	1.07835	1.07554	1.07750	44441	0	10
2024.02.08	1.07752	1.07886	1.07411	1.07767	40879	0	10
2024.02.09	1.07774	1.07946	1.07619	1.07851	41012	0	10
2024.02.11	1.07816	1.07966	1.07804	1.07955	1374	0	40
2024.02.12	1.07974	1.08050	1.07553	1.07710	35418	0	10
2024.02.13	1.07712	1.07976	1.07001	1.07080	48986	0	10
2024.02.14	1.07081	1.07339	1.06945	1.07311	42454	0	10
2024.02.15	1.07317	1.07844	1.07242	1.07727	42121	0	10
2024.02.16	1.07723	1.07869	1.07316	1.07767	42390	0	10
2024.02.18	1.07734	1.07828	1.07669	1.07812	1162	0	40
2024.02.19	1.07834	1.07889	1.07616	1.07754	26888	0	10
2024.02.20	1.07751	1.08385	1.07614	1.08102	41681	0	10
2024.02.21	1.08092	1.08239	1.07897	1.08198	42236	0	10
2024.02.22	1.08197	1.08878	1.08023	1.08244	49235	0	10
2024.02.23	1.08248	1.08390	1.08113	1.08205	38856	0	10
2024.02.25	1.08252	1.08252	1.08151	1.08177	1320	0	40
2024.02.26	1.08188	1.08594	1.08122	1.08497	34962	0	10
2024.02.27	1.08499	1.08655	1.08326	1.08410	37036	0	10
2024.02.28	1.08407	1.08453	1.07962	1.08376	39385	0	10
2024.02.29	1.08378	1.08554	1.07955	1.08046	50910	0	10
2024.03.01	1.08054	1.08427	1.07977	1.08389	41757	0	10
2024.03.03	1.08341	1.08422	1.08337	1.08387	1292	0	40
2024.03.04	1.08411	1.08664	1.08374	1.08541	35268	0	10
2024.03.05	1.08537	1.08757	1.08398	1.08554	38013	0	10
2024.03.06	1.08551	1.09148	1.08419	1.08979	42975	0	10
2024.03.07	1.08989	1.09498	1.08676	1.09498	46467	0	10
2024.03.08	1.09507	1.09807	1.09176	1.09379	48315	0	10
2024.03.10	1.09329	1.09431	1.09329	1.09421	1988	0	10
2024.03.11	1.09422	1.09477	1.09141	1.09302	35222	0	10
2024.03.12	1.09301	1.09433	1.09017	1.09264	41711	0	10
2024.03.13	1.09262	1.09634	1.09197	1.09525	34350	0	10
2024.03.14	1.09526	1.09542	1.08799	1.08825	38142	0	10
2024.03.15	1.08823	1.08992	1.08723	1.08866	30859	0	10
2024.03.17	1.08879	1.08898	1.08797	1.08826	1864	0	10
2024.03.18	1.08830	1.09055	1.08657	1.08730	27727	0	10
2024.03.19	1.08730	1.08762	1.08343	1.08616	34274	0	10
2024.03.20	1.08614	1.09367	1.08361	1.09366	42827	0	10
2024.03.21	1.09367	1.09421	1.08550	1.08615	40454	0	10
2024.03.22	1.08614	1.08674	1.08011	1.08082	30051	0	10
2024.03.24	1.08067	1.08096	1.08028	1.08069	1335	0	10
2024.03.25	1.08070	1.08418	1.08016	1.08364	25301	0	10
2024.03.26	1.08366	1.08638	1.08238	1.08316	28882	0	10
2024.03.27	1.08321	1.08385	1.08071	1.08120	29637	0	10
2024.03.28	1.08122	1.08261	1.07747	1.07903	36404	0	10
2024.03.29	1.07903	1.08021	1.07628	1.07743	19271	0	10
2024.03.31	1.07887	1.07942	1.07832	1.07913	2287	0	10
2024.04.01	1.07927	1.07984	1.07307	1.07364	27328	0	10
2024.04.02	1.07370	1.07785	1.07241	1.07678	32208	0	10
2024.04.03	1.07677	1.08403	1.07635	1.08372	33174	0	10
2024.04.04	1.08372	1.08762	1.08316	1.08357	31927	0	10
2024.04.05	1.08361	1.08475	1.07910	1.08366	35661	0	10
2024.04.07	1.08362	1.08369	1.08255	1.08290	1660	0	10
2024.04.08	1.08295	1.08630	1.08205	1.08612	33057	0	10
2024.04.09	1.08615	1.08845	1.08472	1.08580	30837	0	10
2024.04.10	1.08583	1.08660	1.07283	1.07410	49185	0	10
2024.04.11	1.07409	1.07559	1.06988	1.07258	47550	0	10
2024.04.12	1.07258	1.07278	1.06220	1.06403	42477	0	10
2024.04.14	1.06289	1.06496	1.06266	1.06468	2690	0	10
2024.04.15	1.06459	1.06647	1.06197	1.06244	46397	0	10
2024.04.16	1.06245	1.06531	1.06004	1.06200	53823	0	10
2024.04.17	1.06207	1.06791	1.06056	1.06680	46191	0	10
2024.04.18	1.06685	1.06897	1.06397	1.06427	39622	0	10
2024.04.19	1.06420	1.06774	1.06099	1.06561	54921	0	10
2024.04.21	1.06524	1.06608	1.06480	1.06571	1757	0	10
2024.04.22	1.06571	1.06700	1.06236	1.06533	34427	0	10
2024.04.23	1.06533	1.07108	1.06381	1.07018	41269	0	10
2024.04.24	1.07018	1.07139	1.06775	1.06995	34395	0	10
2024.04.25	1.06998	1.07395	1.06780	1.07264	43193	0	10
2024.04.26	1.07264	1.07524	1.06734	1.06925	39416	0	10
2024.04.28	1.06899	1.07067	1.06874	1.07066	1834	0	10
2024.04.29	1.07064	1.07331	1.06897	1.07144	43616	0	10
2024.04.30	1.07144	1.07349	1.06575	1.06656	43960	0	10
2024.05.01	1.06658	1.07322	1.06488	1.07166	50977	0	10
2024.05.02	1.07166	1.07305	1.06738	1.07293	42923	0	10
2024.05.03	1.07296	1.08117	1.07238	1.07623	48347	0	10
2024.05.05	1.07609	1.07644	1.07570	1.07580	1495	0	10
2024.05.06	1.07579	1.07902	1.07549	1.07670	28830	0	10
2024.05.07	1.07669	1.07869	1.07471	1.07495	33790	0	10
2024.05.08	1.07493	1.07569	1.07344	1.07465	29272	0	10
2024.05.09	1.07465	1.07852	1.07236	1.07811	31929	0	10
2024.05.10	1.07811	1.07896	1.07598	1.07703	29278	0	10
2024.05.12	1.07703	1.07747	1.07655	1.07696	1559	0	10
2024.05.13	1.07696	1.08063	1.07654	1.07916	26895	0	10
2024.05.14	1.07916	1.08251	1.07668	1.08133	31787	0	10
2024.05.15	1.08132	1.08898	1.08127	1.08878	38799	0	10
2024.05.16	1.08878	1.08946	1.08539	1.08674	31311	0	10
2024.05.17	1.08674	1.08779	1.08353	1.08686	25481	0	10
2024.05.19	1.08672	1.08738	1.08651	1.08717	1233	0	10
2024.05.20	1.08717	1.08841	1.08536	1.08600	25705	0	10
2024.05.21	1.08600	1.08743	1.08421	1.08535	30834	0	10
2024.05.22	1.08535	1.08630	1.08170	1.08246	32912	0	10
2024.05.23	1.08246	1.08603	1.08043	1.08112	39335	0	10
2024.05.24	1.08112	1.08574	1.08051	1.08456	27783	0	10
2024.05.26	1.08472	1.08499	1.08403	1.08462	1474	0	10
2024.05.27	1.08462	1.08669	1.08403	1.08608	20578	0	10
2024.05.28	1.08610	1.08885	1.08508	1.08509	32278	0	10
2024.05.29	1.08509	1.08585	1.07947	1.08009	36077	0	10
2024.05.30	1.08008	1.08447	1.07878	1.08309	35589	0	10
2024.05.31	1.08310	1.08819	1.08107	1.08480	38020	0	10
2024.06.02	1.08460	1.08526	1.08448	1.08524	1675	0	10
2024.06.03	1.08522	1.09091	1.08274	1.09066	36241	0	10
2024.06.04	1.09066	1.09154	1.08585	1.08814	39134	0	10
2024.06.05	1.08814	1.08911	1.08540	1.08736	34915	0	10
2024.06.06	1.08736	1.09015	1.08615	1.08911	34780	0	10
2024.06.07	1.08909	1.09016	1.07990	1.08010	39376	0	10
2024.06.09	1.07621	1.07794	1.07553	1.07784	2519	0	10
2024.06.10	1.07782	1.07810	1.07322	1.07628	34678	0	10
2024.06.11	1.07628	1.07731	1.07189	1.07396	34608	0	10
2024.06.12	1.07393	1.08519	1.07342	1.08124	53525	0	10
2024.06.13	1.08124	1.08159	1.07324	1.07372	40012	0	10
2024.06.14	1.07372	1.07445	1.06671	1.07016	43152	0	10
2024.06.16	1.07009	1.07072	1.06975	1.07022	1784	0	10
2024.06.17	1.07022	1.07405	1.06860	1.07394	38234	0	10
2024.06.18	1.07395	1.07610	1.07095	1.07380	38631	0	10
2024.06.19	1.07383	1.07528	1.07244	1.07467	26162	0	10
2024.06.20	1.07468	1.07481	1.06977	1.07057	35414	0	10
2024.06.21	1.07057	1.07202	1.06707	1.06918	36339	0	10
2024.06.23	1.06875	1.06951	1.06844	1.06874	1646	0	10
2024.06.24	1.06874	1.07458	1.06833	1.07317	32554	0	10
2024.06.25	1.07315	1.07436	1.06901	1.07088	31388	0	10
2024.06.26	1.07087	1.07174	1.06656	1.06795	35527	0	10
2024.06.27	1.06795	1.07260	1.06766	1.07072	36676	0	10
2024.06.28	1.07071	1.07242	1.06850	1.07131	39828	0	10
2024.06.30	1.07347	1.07405	1.07300	1.07344	2640	0	10
2024.07.01	1.07345	1.07759	1.07192	1.07359	40439	0	10
2024.07.02	1.07359	1.07486	1.07096	1.07475	34229	0	10
2024.07.03	1.07476	1.08164	1.07357	1.07904	32697	0	10
2024.07.04	1.07905	1.08134	1.07832	1.08100	22556	0	10
2024.07.05	1.08101	1.08421	1.08014	1.08390	34707	0	10
2024.07.07	1.08009	1.08316	1.07989	1.08252	2672	0	10
2024.07.08	1.08252	1.08448	1.08143	1.08300	32328	0	10
2024.07.09	1.08300	1.08328	1.08052	1.08139	31387	0	10
2024.07.10	1.08139	1.08360	1.08102	1.08327	28224	0	10
2024.07.11	1.08327	1.08995	1.08317	1.08734	44370	0	10
2024.07.12	1.08734	1.09109	1.08615	1.09060	36051	0	10
2024.07.14	1.08852	1.08917	1.08816	1.08855	2491	0	3
2024.07.15	1.08855	1.09219	1.08831	1.08978	35270	0	7
2024.07.16	1.08979	1.09050	1.08713	1.09018	35111	0	10
2024.07.17	1.09018	1.09476	1.08948	1.09396	40734	0	10
2024.07.18	1.09396	1.09402	1.08925	1.08996	36652	0	10
2024.07.19	1.08996	1.08997	1.08753	1.08827	34054	0	10
2024.07.21	1.08807	1.09022	1.08807	1.08983	3009	0	10
2024.07.22	1.08983	1.08992	1.08726	1.08883	31799	0	10
2024.07.23	1.08883	1.08960	1.08434	1.08493	30727	0	10
2024.07.24	1.08493	1.08660	1.08254	1.08376	34961	0	10
2024.07.25	1.08375	1.08696	1.08279	1.08508	43612	0	10
2024.07.26	1.08508	1.08676	1.08417	1.08551	29639	0	10
2024.07.28	1.08563	1.08595	1.08524	1.08525	1867	0	10
2024.07.29	1.08525	1.08694	1.08021	1.08188	28579	0	10
2024.07.30	1.08188	1.08353	1.07977	1.08154	31359	0	10
2024.07.31	1.08154	1.08488	1.08015	1.08235	46307	0	10
2024.08.01	1.08235	1.08348	1.07769	1.07861	45284	0	10
2024.08.02	1.07860	1.09261	1.07815	1.09103	52902	0	8
2024.08.04	1.09170	1.09207	1.09012	1.09099	3953	0	10
2024.08.05	1.09100	1.10086	1.08922	1.09501	99687	0	8
2024.08.06	1.09501	1.09625	1.09033	1.09255	59801	0	10
2024.08.07	1.09255	1.09362	1.09050	1.09271	46791	0	10
2024.08.08	1.09274	1.09447	1.08811	1.09142	44946	0	8
2024.08.09	1.09143	1.09297	1.09085	1.09150	29520	0	10
2024.08.11	1.09133	1.09186	1.09095	1.09122	1796	0	10
2024.08.12	1.09122	1.09389	1.09114	1.09356	28556	0	10
2024.08.13	1.09355	1.09992	1.09133	1.09955	31811	0	8
2024.08.14	1.09951	1.10469	1.09860	1.10113	22708	0	8
2024.08.15	1.10115	1.10150	1.09492	1.09721	20322	0	8
2024.08.16	1.09722	1.10291	1.09714	1.10272	16336	0	8
2024.08.18	1.10239	1.10336	1.10221	1.10242	1114	0	10
2024.08.19	1.10240	1.10872	1.10228	1.10848	20876	0	10
2024.08.20	1.10851	1.11310	1.10714	1.11269	24395	0	8
2024.08.21	1.11270	1.11738	1.10986	1.11545	31049	0	10
2024.08.22	1.11546	1.11648	1.10978	1.11155	25900	0	8
2024.08.23	1.11152	1.12004	1.11048	1.11925	29874	0	8
2024.08.25	1.11884	1.11936	1.11860	1.11888	1424	0	8
2024.08.26	1.11891	1.12013	1.11496	1.11639	25838	0	7
2024.08.27	1.11641	1.11901	1.11494	1.11766	24507	0	8
2024.08.28	1.11767	1.11797	1.11046	1.11241	27014	0	8
2024.08.29	1.11239	1.11394	1.10553	1.10797	35652	0	7
2024.08.30	1.10800	1.10945	1.10434	1.10474	42223	0	8
2024.09.01	1.10468	1.10494	1.10437	1.10442	1520	0	8
2024.09.02	1.10443	1.10769	1.10415	1.10670	25816	0	8
2024.09.03	1.10670	1.10697	1.10259	1.10480	43118	0	7
2024.09.04	1.10480	1.10949	1.10396	1.10798	40238	0	7
2024.09.05	1.10798	1.11195	1.10743	1.11108	42215	0	7
2024.09.06	1.11108	1.11544	1.10653	1.10851	57157	0	7
2024.09.08	1.10817	1.10905	1.10809	1.10863	2151	0	8
2024.09.09	1.10864	1.10906	1.10320	1.10350	35618	0	8
2024.09.10	1.10350	1.10492	1.10147	1.10200	31476	0	8
2024.09.11	1.10198	1.10545	1.10015	1.10100	44117	0	7
2024.09.12	1.10100	1.10787	1.10051	1.10784	39451	0	7
2024.09.13	1.10781	1.11014	1.10722	1.10752	35005	0	7
2024.09.15	1.10760	1.10891	1.10714	1.10868	1574	0	9
2024.09.16	1.10870	1.11371	1.10863	1.11286	33692	0	9
2024.09.17	1.11286	1.11459	1.11103	1.11214	40285	0	8
2024.09.18	1.11214	1.11886	1.10964	1.11135	61297	0	8
2024.09.19	1.11137	1.11782	1.10680	1.11589	58606	0	8
2024.09.20	1.11589	1.11814	1.11355	1.11626	44937	0	9
2024.09.22	1.11602	1.11644	1.11570	1.11587	1794	0	9
2024.09.23	1.11585	1.11668	1.10828	1.11106	46644	0	8
2024.09.24	1.11106	1.11905	1.11029	1.11903	43091	0	8
2024.09.25	1.11903	1.12137	1.11211	1.11292	44979	0	8
2024.09.26	1.11292	1.11889	1.11252	1.11764	52535	0	8
2024.09.27	1.11764	1.12026	1.11243	1.11632	54759	0	8
2024.09.29	1.11576	1.11721	1.11566	1.11686	2052	0	9
2024.09.30	1.11686	1.12086	1.11132	1.11362	54222	0	9
2024.10.01	1.11363	1.11436	1.10454	1.10642	59175	0	8
2024.10.02	1.10643	1.10824	1.10324	1.10456	45458	0	8
2024.10.03	1.10455	1.10464	1.10080	1.10346	50977	0	8
2024.10.04	1.10346	1.10392	1.09509	1.09743	48793	0	8
2024.10.06	1.09663	1.09713	1.09609	1.09702	2501	0	9
2024.10.07	1.09700	1.09864	1.09540	1.09740	45392	0	9
2024.10.08	1.09740	1.09968	1.09604	1.09753	40463	0	9
2024.10.09	1.09751	1.09782	1.09357	1.09413	39164	0	9
2024.10.10	1.09413	1.09539	1.08997	1.09331	51790	0	8
2024.10.11	1.09330	1.09536	1.09255	1.09357	34066	0	8
2024.10.13	1.09311	1.09322	1.09219	1.09229	1482	0	9
2024.10.14	1.09229	1.09362	1.08876	1.09086	34898	0	9
2024.10.15	1.09089	1.09163	1.08814	1.08829	38790	0	8
2024.10.16	1.08828	1.09011	1.08528	1.08586	36328	0	8
2024.10.17	1.08586	1.08730	1.08104	1.08287	43519	0	8
2024.10.18	1.08288	1.08693	1.08268	1.08673	32863	0	8
2024.10.20	1.08602	1.08694	1.08587	1.08678	1683	0	9
2024.10.21	1.08679	1.08687	1.08105	1.08152	32381	0	9
2024.10.22	1.08151	1.08376	1.07922	1.07961	34154	0	9
2024.10.23	1.07959	1.08062	1.07606	1.07798	36959	0	9
2024.10.24	1.07799	1.08295	1.07702	1.08234	41201	0	8
2024.10.25	1.08234	1.08390	1.07927	1.07953	32715	0	8
2024.10.27	1.07919	1.08015	1.07849	1.07958	2550	0	9
2024.10.28	1.07957	1.08272	1.07818	1.08171	34389	0	9
2024.10.29	1.08172	1.08259	1.07682	1.08195	44010	0	8
2024.10.30	1.08194	1.08710	1.08075	1.08576	44797	0	8
2024.10.31	1.08576	1.08877	1.08439	1.08833	50448	0	8
2024.11.01	1.08834	1.09052	1.08314	1.08333	42689	0	8
2024.11.03	1.08781	1.08812	1.08717	1.08724	2080	0	9
2024.11.04	1.08724	1.09145	1.08694	1.08733	41411	0	8
2024.11.05	1.08734	1.09369	1.08719	1.09336	35153	0	8
2024.11.06	1.09336	1.09336	1.06818	1.07314	141696	0	9
2024.11.07	1.07314	1.08250	1.07125	1.07952	69912	0	8
2024.11.08	1.07952	1.07971	1.06863	1.07179	57205	0	8
2024.11.10	1.07085	1.07166	1.07043	1.07128	2011	0	9
2024.11.11	1.07130	1.07275	1.06281	1.06627	47773	0	9
2024.11.12	1.06627	1.06627	1.05943	1.06163	54551	0	9
2024.11.13	1.06163	1.06534	1.05537	1.05654	68334	0	8
2024.11.14	1.05654	1.05822	1.04956	1.05293	71151	0	8
2024.11.15	1.05293	1.05926	1.05159	1.05375	63897	0	8
2024.11.17	1.05272	1.05374	1.05271	1.05361	1703	0	9
2024.11.18	1.05363	1.06067	1.05299	1.05941	51019	0	9
2024.11.19	1.05941	1.06074	1.05228	1.06066	67218	0	9
2024.11.20	1.06066	1.06093	1.05061	1.05452	52437	0	9
2024.11.21	1.05452	1.05545	1.04617	1.04685	60913	0	8
2024.11.22	1.04683	1.04977	1.03316	1.04180	82212	0	9
2024.11.24	1.04747	1.05007	1.04608	1.04789	4777	0	9
2024.11.25	1.04788	1.05301	1.04424	1.04434	73959	0	8
2024.11.26	1.04436	1.05445	1.04246	1.04911	86020	0	8
2024.11.27	1.04913	1.05871	1.04740	1.05618	73973	0	8
2024.11.28	1.05618	1.05624	1.05273	1.05596	48183	0	8
2024.11.29	1.05596	1.05968	1.05410	1.05769	62562	0	9
2024.12.01	1.05682	1.05704	1.05330	1.05436	3211	0	9
2024.12.02	1.05436	1.05462	1.04600	1.05003	83310	0	8
2024.12.03	1.05001	1.05347	1.04804	1.05097	63653	0	8
2024.12.04	1.05097	1.05436	1.04718	1.05121	74159	0	8
2024.12.05	1.05122	1.05894	1.05078	1.05859	60060	0	9
2024.12.06	1.05859	1.06292	1.05420	1.05672	63545	0	8
2024.12.08	1.05566	1.05690	1.05536	1.05654	1796	0	9
2024.12.09	1.05654	1.05940	1.05318	1.05540	52161	0	9
2024.12.10	1.05542	1.05676	1.04981	1.05306	52239	0	9
2024.12.11	1.05308	1.05388	1.04797	1.05048	66082	0	9
2024.12.12	1.05049	1.05305	1.04607	1.04735	71649	0	9
2024.12.13	1.04735	1.05237	1.04527	1.05027	55199	0	9
2024.12.15	1.04858	1.05105	1.04824	1.05091	1870	0	9
2024.12.16	1.05091	1.05245	1.04743	1.05163	51927	0	9
2024.12.17	1.05163	1.05342	1.04786	1.04939	51519	0	9
2024.12.18	1.04938	1.05123	1.03435	1.03506	71307	0	9
2024.12.19	1.03503	1.04220	1.03502	1.03643	76345	0	8
2024.12.20	1.03643	1.04470	1.03426	1.04281	65335	0	8
2024.12.22	1.04277	1.04433	1.04261	1.04333	2157	0	9
2024.12.23	1.04334	1.04450	1.03836	1.04039	45746	0	8
2024.12.24	1.04040	1.04095	1.03828	1.03927	31855	0	8
2024.12.25	1.03992	1.04028	1.03958	1.03986	1454	0	9
2024.12.26	1.03986	1.04297	1.03901	1.04214	29999	0	9
2024.12.27	1.04214	1.04435	1.04046	1.04253	37643	0	8
2024.12.29	1.04270	1.04338	1.04254	1.04292	1458	0	9
2024.12.30	1.04292	1.04578	1.03714	1.04052	50163	0	9
2024.12.31	1.04052	1.04240	1.03432	1.03526	46652	0	9
2025.01.01	1.03501	1.03565	1.03461	1.03507	1701	0	9
2025.01.02	1.03508	1.03751	1.02236	1.02676	68294	0	8
2025.01.03	1.02675	1.03094	1.02643	1.03083	41782	0	9
2025.01.05	1.03038	1.03075	1.02959	1.03046	1426	0	9
2025.01.06	1.03046	1.04364	1.02953	1.03830	85248	0	8
2025.01.07	1.03829	1.04340	1.03357	1.03414	63453	0	8
2025.01.08	1.03414	1.03572	1.02726	1.03129	65124	0	8
2025.01.09	1.03129	1.03210	1.02833	1.02960	44152	0	9
2025.01.10	1.02960	1.03115	1.02126	1.02448	68501	0	8
2025.01.12	1.02371	1.02465	1.02357	1.02428	1509	0	9
2025.01.13	1.02428	1.02770	1.01770	1.02637	67425	0	9
2025.01.14	1.02634	1.03083	1.02380	1.03057	66935	0	8
2025.01.15	1.03057	1.03537	1.02576	1.02948	62321	0	9
2025.01.16	1.02945	1.03147	1.02603	1.03011	62813	0	9
2025.01.17	1.03011	1.03302	1.02649	1.02702	56845	0	9
2025.01.19	1.02769	1.02801	1.02653	1.02799	1909	0	9
2025.01.20	1.02800	1.04341	1.02777	1.04206	89102	0	9
2025.01.21	1.04206	1.04351	1.03415	1.04054	87960	0	9
2025.01.22	1.04053	1.04569	1.03994	1.04074	56914	0	9
2025.01.23	1.04074	1.04375	1.03715	1.04153	63673	0	9
2025.01.24	1.04155	1.05211	1.04114	1.04942	66885	0	8
2025.01.26	1.04789	1.04852	1.04649	1.04672	2097	0	9
2025.01.27	1.04672	1.05327	1.04278	1.04368	74747	0	8
2025.01.28	1.04371	1.04561	1.04134	1.04268	62729	0	8
2025.01.29	1.04269	1.04432	1.03818	1.04243	70529	0	8
2025.01.30	1.04243	1.04673	1.03826	1.03963	70517	0	9
2025.01.31	1.03963	1.04336	1.03495	1.03585	85021	0	9
2025.02.02	1.02379	1.02694	1.02336	1.02464	5455	0	22
2025.02.03	1.02469	1.03501	1.02103	1.03279	138530	0	9
2025.02.04	1.03279	1.03873	1.02715	1.03713	70832	0	9
2025.02.05	1.03714	1.04420	1.03695	1.03984	62274	0	9
2025.02.06	1.03986	1.04049	1.03523	1.03846	54315	0	9
2025.02.07	1.03846	1.04123	1.03049	1.03264	78986	0	9
2025.02.09	1.02813	1.03131	1.02793	1.03094	2358	0	9
2025.02.10	1.03094	1.03361	1.02982	1.03003	45625	0	9
2025.02.11	1.03005	1.03811	1.02918	1.03627	45130	0	9
2025.02.12	1.03629	1.04296	1.03165	1.03920	69213	0	9
2025.02.13	1.03920	1.04669	1.03727	1.04612	81933	0	8
2025.02.14	1.04612	1.05137	1.04469	1.04908	51833	0	9
2025.02.16	1.04841	1.04939	1.04829	1.04879	1729	0	9
2025.02.17	1.04879	1.05059	1.04667	1.04846	36755	0	9
2025.02.18	1.04846	1.04858	1.04347	1.04479	44644	0	9
2025.02.19	1.04479	1.04610	1.04005	1.04205	46034	0	9
2025.02.20	1.04205	1.05052	1.04183	1.04998	51853	0	9
2025.02.21	1.04998	1.05044	1.04489	1.04602	51144	0	9
2025.02.23	1.04657	1.04842	1.04589	1.04736	2509	0	9
2025.02.24	1.04737	1.05278	1.04525	1.04610	59038	0	9
2025.02.25	1.04612	1.05223	1.04559	1.05200	52641	0	9
2025.02.26	1.05201	1.05284	1.04745	1.04876	60648	0	9
2025.02.27	1.04876	1.04890	1.03871	1.03935	60535	0	9
2025.02.28	1.03938	1.04195	1.03594	1.03749	63184	0	9
2025.03.02	1.03974	1.04205	1.03949	1.04116	2500	0	9
2025.03.03	1.04116	1.05038	1.03882	1.04849	73999	0	9
2025.03.04	1.04850	1.06366	1.04706	1.06228	92787	0	9
2025.03.05	1.06229	1.07965	1.06017	1.07936	111701	0	9
2025.03.06	1.07936	1.08534	1.07655	1.07869	107596	0	9
2025.03.07	1.07866	1.08883	1.07808	1.08327	89708	0	9
2025.03.09	1.08305	1.08650	1.08289	1.08598	4039	0	9
2025.03.10	1.08598	1.08742	1.08046	1.08389	82843	0	9
2025.03.11	1.08390	1.09466	1.08354	1.09138	81111	0	9
2025.03.12	1.09136	1.09311	1.08751	1.08853	72550	0	8
2025.03.13	1.08853	1.08967	1.08222	1.08546	71931	0	8
2025.03.14	1.08546	1.09123	1.08302	1.08784	66023	0	9
2025.03.16	1.08792	1.08848	1.08735	1.08794	2240	0	9
2025.03.17	1.08794	1.09293	1.08681	1.09179	51093	0	9
2025.03.18	1.09179	1.09543	1.08923	1.09383	53936	0	9
2025.03.19	1.09383	1.09447	1.08602	1.09115	62227	0	8
2025.03.20	1.09115	1.09168	1.08144	1.08529	57620	0	9
2025.03.21	1.08529	1.08611	1.07965	1.08146	50979	0	9
2025.03.23	1.08133	1.08366	1.08119	1.08355	2514	0	9
2025.03.24	1.08355	1.08578	1.07811	1.08022	56377	0	9
2025.03.25	1.08022	1.08300	1.07765	1.07885	49709	0	9
2025.03.26	1.07886	1.08023	1.07319	1.07409	56427	0	9
2025.03.27	1.07412	1.08207	1.07403	1.08006	57801	0	9
2025.03.28	1.08005	1.08442	1.07641	1.08300	52483	0	9
2025.03.30	1.08267	1.08289	1.08034	1.08233	3905	0	9
2025.03.31	1.08233	1.08490	1.07836	1.08172	63532	0	9
2025.04.01	1.08172	1.08295	1.07779	1.07941	58542	0	9
2025.04.02	1.07941	1.09242	1.07797	1.09037	88713	0	9
2025.04.03	1.09036	1.11465	1.08794	1.10449	163499	0	9
2025.04.04	1.10449	1.11073	1.09238	1.09632	198972	0	9
2025.04.06	1.08912	1.10011	1.08736	1.09830	17635	0	9
2025.04.07	1.09832	1.10498	1.08990	1.09144	206936	0	9
2025.04.08	1.09144	1.09916	1.08879	1.09771	133942	0	9
2025.04.09	1.09774	1.10948	1.09129	1.09506	253651	0	9
2025.04.10	1.09505	1.12621	1.09497	1.12573	176650	0	9
2025.04.11	1.12570	1.14738	1.12462	1.13572	287828	0	9
2025.04.13	1.13145	1.13535	1.13132	1.13417	9029	0	9
2025.04.14	1.13416	1.14243	1.12955	1.13357	138545	0	9
2025.04.15	1.13355	1.13785	1.12638	1.12933	105497	0	9
2025.04.16	1.12931	1.14124	1.12924	1.13954	118908	0	9
2025.04.17	1.13956	1.13966	1.13351	1.13693	104454	0	9
2025.04.18	1.13694	1.13924	1.13562	1.13853	27778	0	57
2025.04.20	1.13928	1.14580	1.13922	1.14485	8621	0	9
2025.04.21	1.14488	1.15730	1.14488	1.15137	102901	0	9
2025.04.22	1.15138	1.15468	1.13075	1.13502	124644	0	9
2025.04.23	1.13499	1.14396	1.13079	1.13291	136705	0	9
2025.04.24	1.13294	1.13979	1.13210	1.13723	87948	0	9
2025.04.25	1.13721	1.13882	1.13154	1.13611	80809	0	9
2025.04.27	1.13605	1.13647	1.13389	1.13447	4821	0	9
2025.04.28	1.13446	1.14246	1.13290	1.14073	78885	0	9
2025.04.29	1.14075	1.14195	1.13697	1.13902	80888	0	9
2025.04.30	1.13902	1.13990	1.13169	1.13217	86169	0	9
2025.05.01	1.13218	1.13407	1.12655	1.12953	70241	0	9
2025.05.02	1.12953	1.13804	1.12738	1.12998	87043	0	9
2025.05.04	1.12987	1.13273	1.12926	1.13209	4088	0	9
2025.05.05	1.13210	1.13645	1.12966	1.13117	72159	0	9
2025.05.06	1.13117	1.13806	1.12793	1.13397	84619	0	9
2025.05.07	1.13396	1.13778	1.12914	1.13025	88975	0	9
2025.05.08	1.13025	1.13357	1.12116	1.12265	92006	0	9
2025.05.09	1.12268	1.12926	1.11961	1.12480	61069	0	9
2025.05.11	1.11945	1.12360	1.11858	1.12274	5014	0	9
2025.05.12	1.12276	1.12423	1.10647	1.10951	111824	0	9
2025.05.13	1.10953	1.11968	1.10946	1.11855	72821	0	9
2025.05.14	1.11856	1.12657	1.11641	1.11811	89524	0	9
2025.05.15	1.11810	1.12280	1.11699	1.11918	71411	0	9
2025.05.16	1.11917	1.12191	1.11305	1.11620	62903	0	9
2025.05.18	1.11721	1.11936	1.11703	1.11884	4337	0	9
2025.05.19	1.11886	1.12879	1.11720	1.12321	75807	0	9
2025.05.20	1.12321	1.12898	1.12177	1.12878	67680	0	9
2025.05.21	1.12880	1.13625	1.12865	1.13315	83686	0	9
2025.05.22	1.13315	1.13449	1.12553	1.12817	79066	0	9
2025.05.23	1.12820	1.13755	1.12786	1.13621	83868	0	9
2025.05.25	1.13641	1.13816	1.13591	1.13744	5961	0	9
2025.05.26	1.13744	1.14186	1.13684	1.13881	45431	0	9
2025.05.27	1.13881	1.14069	1.13224	1.13366	63514	0	9
2025.05.28	1.13366	1.13454	1.12097	1.12297	75188	0	9
2025.05.29	1.12296	1.13844	1.12229	1.13764	85256	0	9
2025.05.30	1.13762	1.13896	1.13123	1.13473	75092	0	9
2025.06.01	1.13466	1.13601	1.13452	1.13527	3620	0	9
2025.06.02	1.13527	1.14535	1.13523	1.14528	65617	0	9
2025.06.03	1.14527	1.14544	1.13635	1.13839	60014	0	9
2025.06.04	1.13837	1.14342	1.13567	1.14206	62165	0	9
2025.06.05	1.14208	1.14947	1.14043	1.14531	79566	0	9
2025.06.06	1.14531	1.14568	1.13714	1.13942	64156	0	8
2025.06.08	1.13947	1.14111	1.13901	1.14060	2409	0	9
2025.06.09	1.14060	1.14387	1.13863	1.14259	45819	0	9
2025.06.10	1.14258	1.14473	1.13727	1.14370	58965	0	9
2025.06.11	1.14371	1.15129	1.14050	1.15096	63095	0	8
2025.06.12	1.15096	1.16313	1.15014	1.16089	79573	0	9
2025.06.13	1.16087	1.16144	1.14884	1.15501	92797	0	9
2025.06.15	1.15280	1.15470	1.15252	1.15375	5379	0	9
2025.06.16	1.15375	1.16144	1.15231	1.15534	65524	0	9
2025.06.17	1.15535	1.15798	1.14738	1.14817	69275	0	9
2025.06.18	1.14815	1.15299	1.14605	1.14758	77133	0	9
2025.06.19	1.14756	1.15122	1.14460	1.15112	55444	0	9
2025.06.20	1.15111	1.15435	1.14949	1.15213	55596	0	9
2025.06.22	1.14539	1.15070	1.14539	1.14993	7336	0	9
2025.06.23	1.14995	1.16082	1.14532	1.15975	83896	0	9
2025.06.24	1.15978	1.16416	1.15795	1.16118	71112	0	9
2025.06.25	1.16118	1.16843	1.15895	1.16829	53424	0	9
2025.06.26	1.16831	1.17451	1.16672	1.16924	72441	0	9
2025.06.27	1.16926	1.17540	1.16829	1.17181	63159	0	9
2025.06.29	1.17252	1.17383	1.17190	1.17265	3757	0	9
2025.06.30	1.17267	1.17904	1.17073	1.17859	61147	0	9
2025.07.01	1.17859	1.18296	1.17610	1.18047	62591	0	9
2025.07.02	1.18045	1.18100	1.17463	1.17981	56813	0	9
2025.07.03	1.17979	1.18097	1.17172	1.17685	56711	0	9
2025.07.04	1.17686	1.17872	1.17557	1.17775	37634	0	9
2025.07.06	1.17820	1.17821	1.17721	1.17798	2523	0	9
2025.07.07	1.17800	1.17898	1.16861	1.17361	56237	0	9
2025.07.08	1.17363	1.17651	1.16819	1.17231	55444	0	9
2025.07.09	1.17232	1.17392	1.16894	1.17375	49484	0	9
2025.07.10	1.17375	1.17492	1.16621	1.17013	48493	0	9
2025.07.11	1.17014	1.17136	1.16644	1.16902	55000	0	9
2025.07.13	1.16662	1.16833	1.16582	1.16823	4669	0	9
2025.07.14	1.16824	1.16974	1.16538	1.16648	46228	0	9
2025.07.15	1.16648	1.16922	1.15926	1.16070	52426	0	9
2025.07.16	1.16071	1.17212	1.15617	1.16351	97530	0	9
2025.07.17	1.16350	1.16359	1.15564	1.16145	51393	0	9
2025.07.18	1.16146	1.16715	1.16116	1.16242	44305	0	9
2025.07.20	1.16250	1.16341	1.16219	1.16293	3848	0	9
2025.07.21	1.16292	1.17166	1.16139	1.16944	45141	0	9
2025.07.22	1.16945	1.17603	1.16783	1.17374	46873	0	9
2025.07.23	1.17375	1.17785	1.17107	1.17727	57805	0	9
2025.07.24	1.17726	1.17886	1.17302	1.17541	53978	0	9
2025.07.25	1.17543	1.17605	1.17027	1.17400	51349	0	9
2025.07.27	1.17533	1.17676	1.17500	1.17549	3493	0	9
2025.07.28	1.17548	1.17700	1.15819	1.15959	60803	0	9
2025.07.29	1.15960	1.15988	1.15185	1.15504	63400	0	9
2025.07.30	1.15501	1.15722	1.13982	1.14276	76680	0	9
2025.07.31	1.14276	1.14604	1.14052	1.14213	64859	0	9
2025.08.01	1.14213	1.15967	1.13909	1.15872	98795	0	8
2025.08.03	1.15880	1.15952	1.15776	1.15871	4935	0	9
2025.08.04	1.15871	1.15884	1.15491	1.15835	65889	0	9
2025.08.05	1.15835	1.15875	1.15271	1.15780	57162	0	9
2025.08.06	1.15781	1.16683	1.15639	1.16625	50991	0	9
2025.08.07	1.16624	1.16985	1.16104	1.16763	65139	0	9
2025.08.08	1.16766	1.16789	1.16282	1.16413	46273	0	9
2025.08.10	1.16457	1.16508	1.16418	1.16471	2555	0	9
2025.08.11	1.16472	1.16751	1.15896	1.16159	42411	0	9
2025.08.12	1.16158	1.16969	1.15982	1.16774	67024	0	9
2025.08.13	1.16772	1.17299	1.16701	1.17120	45568	0	9
2025.08.14	1.17120	1.17146	1.16306	1.16503	53484	0	9
2025.08.15	1.16503	1.17149	1.16462	1.17043	40646	0	9
2025.08.17	1.17080	1.17157	1.17034	1.17059	2321	0	9
2025.08.18	1.17059	1.17105	1.16557	1.16674	42780	0	9
2025.08.19	1.16674	1.16925	1.16388	1.16411	42824	0	9
2025.08.20	1.16411	1.16733	1.16214	1.16505	47793	0	9
2025.08.21	1.16505	1.16625	1.15996	1.16121	47302	0	9
2025.08.22	1.16121	1.17421	1.15822	1.17206	56890	0	9
2025.08.24	1.17199	1.17245	1.17071	1.17078	2745	0	9
2025.08.25	1.17076	1.17203	1.16023	1.16142	43736	0	9
2025.08.26	1.16143	1.16650	1.16016	1.16369	62026	0	9
2025.08.27	1.16368	1.16474	1.15738	1.16470	47114	0	9
2025.08.28	1.16470	1.16972	1.16284	1.16781	47505	0	9
2025.08.29	1.16782	1.17086	1.16507	1.16851	44666	0	9
2025.08.31	1.16915	1.16931	1.16852	1.16897	1736	0	9
2025.09.01	1.16895	1.17359	1.16875	1.17143	34137	0	9
2025.09.02	1.17145	1.17154	1.16124	1.16325	63402	0	9
2025.09.03	1.16325	1.16819	1.16077	1.16605	51540	0	9
2025.09.04	1.16607	1.16690	1.16294	1.16562	48148	0	9
2025.09.05	1.16562	1.17593	1.16521	1.17182	57575	0	9
2025.09.07	1.17114	1.17189	1.17034	1.17119	3558	0	9
2025.09.08	1.17121	1.17724	1.17044	1.17682	48048	0	9
2025.09.09	1.17682	1.17798	1.16969	1.17021	54015	0	9
2025.09.10	1.17020	1.17302	1.16822	1.17023	51923	0	9
2025.09.11	1.17022	1.17458	1.16602	1.17329	60135	0	9
2025.09.12	1.17327	1.17474	1.17008	1.17341	42297	0	9
2025.09.14	1.17314	1.17345	1.17247	1.17254	2025	0	8
2025.09.15	1.17252	1.17743	1.17158	1.17625	41047	0	8
2025.09.16	1.17625	1.18783	1.17571	1.18706	59475	0	8
2025.09.17	1.18706	1.19185	1.18076	1.18249	76199	0	8
2025.09.18	1.18249	1.18478	1.17497	1.17885	67203	0	8
2025.09.19	1.17886	1.17921	1.17285	1.17449	54017	0	8
2025.09.21	1.17383	1.17487	1.17355	1.17363	2250	0	8
2025.09.22	1.17360	1.18037	1.17256	1.18002	47213	0	8
2025.09.23	1.18002	1.18198	1.17791	1.18152	54471	0	8
2025.09.24	1.18151	1.18162	1.17277	1.17418	51705	0	8
2025.09.25	1.17416	1.17537	1.16452	1.16616	59172	0	8
2025.09.26	1.16616	1.17070	1.16575	1.16998	49226	0	8
2025.09.28	1.17012	1.17094	1.16986	1.17045	1979	0	8
2025.09.29	1.17045	1.17543	1.17040	1.17303	48362	0	8
2025.09.30	1.17301	1.17614	1.17119	1.17347	54479	0	8
2025.10.01	1.17344	1.17782	1.17149	1.17324	74008	0	8
2025.10.02	1.17323	1.17582	1.16828	1.17241	50050	0	8
2025.10.03	1.17241	1.17591	1.17146	1.17408	45102	0	8
2025.10.05	1.17239	1.17285	1.17060	1.17115	6162	0	8
2025.10.06	1.17117	1.17305	1.16515	1.17091	62365	0	8
2025.10.07	1.17092	1.17109	1.16471	1.16525	47770	0	8
2025.10.08	1.16525	1.16528	1.15980	1.16288	57132	0	8
2025.10.09	1.16286	1.16479	1.15417	1.15651	61946	0	8
2025.10.10	1.15649	1.16303	1.15587	1.16217	61236	0	8
2025.10.12	1.16077	1.16133	1.15917	1.16013	5977	0	8
2025.10.13	1.16012	1.16295	1.15570	1.15654	52795	0	8
2025.10.14	1.15654	1.16147	1.15421	1.16029	67549	0	8
2025.10.15	1.16029	1.16517	1.16014	1.16455	54890	0	8
2025.10.16	1.16454	1.16994	1.16426	1.16988	58096	0	8
2025.10.17	1.16988	1.17280	1.16485	1.16505	61741	0	8
2025.10.19	1.16626	1.16638	1.16513	1.16576	2749	0	8
2025.10.20	1.16578	1.16751	1.16379	1.16438	41418	0	8
2025.10.21	1.16437	1.16549	1.15967	1.15990	50193	0	8
2025.10.22	1.15992	1.16221	1.15765	1.16069	44845	0	8
2025.10.23	1.16069	1.16210	1.15851	1.16167	36862	0	8
2025.10.24	1.16166	1.16537	1.16004	1.16258	43696	0	8
2025.10.26	1.16327	1.16351	1.16253	1.16307	3388	0	8
2025.10.27	1.16305	1.16547	1.16174	1.16507	34219	0	8
2025.10.28	1.16507	1.16684	1.16252	1.16568	39896	0	8
2025.10.29	1.16567	1.16655	1.15772	1.16025	63404	0	8
2025.10.30	1.16025	1.16372	1.15468	1.15714	53376	0	8
2025.10.31	1.15714	1.15771	1.15211	1.15364	39714	0	8
2025.11.02	1.15287	1.15381	1.15251	1.15273	2380	0	8
2025.11.03	1.15272	1.15409	1.15048	1.15182	36393	0	8
2025.11.04	1.15181	1.15333	1.14726	1.14848	39942	0	8
2025.11.05	1.14847	1.14976	1.14681	1.14955	38213	0	8
2025.11.06	1.14955	1.15519	1.14927	1.15484	38895	0	8
2025.11.07	1.15486	1.15909	1.15290	1.15642	35305	0	8
2025.11.09	1.15555	1.15598	1.15414	1.15431	2760	0	8
2025.11.10	1.15430	1.15827	1.15409	1.15564	38169	0	8
2025.11.11	1.15566	1.16056	1.15468	1.15866	36710	0	8
2025.11.12	1.15864	1.15974	1.15625	1.15913	34722	0	8
2025.11.13	1.15915	1.16560	1.15787	1.16297	43966	0	8
2025.11.14	1.16295	1.16532	1.16058	1.16202	47725	0	8
2025.11.16	1.16184	1.16243	1.16113	1.16144	1571	0	8
2025.11.17	1.16145	1.16148	1.15815	1.15897	35886	0	8
2025.11.18	1.15897	1.16076	1.15711	1.15799	40020	0	8
2025.11.19	1.15799	1.15969	1.15173	1.15391	44895	0	8
2025.11.20	1.15391	1.15499	1.15008	1.15332	49642	0	8
2025.11.21	1.15332	1.15522	1.14907	1.15139	48943	0	8
2025.11.23	1.15122	1.15145	1.15051	1.15070	1438	0	8
2025.11.24	1.15070	1.15500	1.15016	1.15201	36832	0	8
2025.11.25	1.15201	1.15855	1.15113	1.15643	48902	0	8
2025.11.26	1.15644	1.16017	1.15466	1.16016	52524	0	8
2025.11.27	1.16016	1.16129	1.15762	1.15992	28816	0	8
2025.11.28	1.15992	1.16062	1.15544	1.15946	54011	0	8
2025.11.30	1.15907	1.16076	1.15893	1.16004	1908	0	8
2025.12.01	1.16006	1.16518	1.15892	1.16065	42970	0	8
2025.12.02	1.16067	1.16287	1.15910	1.16278	34054	0	8
2025.12.03	1.16278	1.16775	1.16274	1.16659	35505	0	8
2025.12.04	1.16659	1.16815	1.16405	1.16431	35101	0	8
2025.12.05	1.16432	1.16714	1.16278	1.16427	33981	0	8
2025.12.07	1.16383	1.16461	1.16343	1.16399	1519	0	8
2025.12.08	1.16401	1.16716	1.16160	1.16404	36362	0	8
2025.12.09	1.16404	1.16570	1.16148	1.16278	37284	0	8
2025.12.10	1.16278	1.17023	1.16212	1.17011	55960	0	8
2025.12.11	1.17011	1.17626	1.16819	1.17404	43945	0	8
2025.12.12	1.17406	1.17494	1.17192	1.17396	37177	0	8
2025.12.14	1.17378	1.17402	1.17322	1.17365	1257	0	8
2025.12.15	1.17368	1.17685	1.17259	1.17530	38016	0	8
2025.12.16	1.17530	1.18038	1.17342	1.17489	50392	0	8
2025.12.17	1.17490	1.17577	1.17029	1.17414	43413	0	8
2025.12.18	1.17414	1.17625	1.17118	1.17244	50235	0	8
2025.12.19	1.17243	1.17374	1.17018	1.17087	38849	0	8
2025.12.21	1.17073	1.17149	1.17059	1.17097	1884	0	8
2025.12.22	1.17095	1.17691	1.17092	1.17632	35628	0	8
2025.12.23	1.17632	1.18016	1.17624	1.17942	39228	0	8
2025.12.24	1.17942	1.18076	1.17709	1.17748	31128	0	8
2025.12.25	1.17781	1.17847	1.17757	1.17832	2710	0	8
2025.12.26	1.17833	1.17963	1.17609	1.17711	37186	0	8
2025.12.28	1.17723	1.17774	1.17676	1.17724	1471	0	8
2025.12.29	1.17725	1.17887	1.17489	1.17721	42978	0	8
2025.12.30	1.17721	1.17794	1.17430	1.17453	34086	0	8
2025.12.31	1.17453	1.17589	1.17197	1.17455	36337	0	8
2026.01.01	1.17440	1.17504	1.17440	1.17504	1156	0	8
2026.01.02	1.17504	1.17646	1.17129	1.17196	38118	0	8
2026.01.04	1.17224	1.17239	1.16985	1.17048	2112	0	8
2026.01.05	1.17050	1.17285	1.16587	1.17142	47076	0	8
2026.01.06	1.17142	1.17425	1.16835	1.16869	43022	0	8
2026.01.07	1.16870	1.17023	1.16726	1.16766	39759	0	8
2026.01.08	1.16766	1.16827	1.16424	1.16575	35040	0	8
2026.01.09	1.16577	1.16603	1.16178	1.16328	43045	0	8
2026.01.11	1.16318	1.16346	1.16228	1.16236	1079	0	8
2026.01.12	1.16234	1.16982	1.16213	1.16672	45396	0	8
2026.01.13	1.16672	1.16771	1.16341	1.16418	39883	0	8
2026.01.14	1.16418	1.16613	1.16348	1.16446	37202	0	8
2026.01.15	1.16447	1.16453	1.15928	1.16089	37622	0	8
2026.01.16	1.16086	1.16271	1.15841	1.15983	36718	0	8
2026.01.18	1.15770	1.16268	1.15748	1.16239	4229	0	8
2026.01.19	1.16238	1.16485	1.16044	1.16390	36664	0	8
2026.01.20	1.16392	1.17692	1.16323	1.17269	60821	0	8
2026.01.21	1.17267	1.17428	1.16694	1.16727	56289	0	8
2026.01.22	1.16726	1.17590	1.16724	1.17535	44070	0	8
2026.01.23	1.17535	1.18332	1.17279	1.18275	50060	0	8
2026.01.25	1.18601	1.18973	1.18468	1.18597	5879	0	8
2026.01.26	1.18600	1.19066	1.18346	1.18733	69155	0	8
2026.01.27	1.18733	1.20829	1.18499	1.20227	95030	0	8
2026.01.28	1.20226	1.20254	1.18957	1.19793	102962	0	8
2026.01.29	1.19806	1.19962	1.19057	1.19672	93529	0	8
2026.01.30	1.19671	1.19729	1.18495	1.18495	110615	0	8
2026.02.01	1.18448	1.18561	1.18392	1.18455	4430	0	8
2026.02.02	1.18458	1.18745	1.17754	1.17983	89470	0	8
2026.02.03	1.17984	1.18286	1.17797	1.18154	55676	0	8
2026.02.04	1.18152	1.18377	1.17901	1.18010	54814	0	8
2026.02.05	1.18012	1.18214	1.17745	1.17762	61685	0	8
2026.02.06	1.17762	1.18259	1.17655	1.18150	39631	0	8
2026.02.08	1.18116	1.18275	1.18092	1.18264	2526	0	8
2026.02.09	1.18264	1.19263	1.18158	1.19034	53267	0	8
2026.02.10	1.19034	1.19284	1.18863	1.18876	46495	0	8
2026.02.11	1.18876	1.19269	1.18327	1.18744	61105	0	8
2026.02.12	1.18744	1.18897	1.18521	1.18690	51683	0	8
2026.02.13	1.18689	1.18844	1.18467	1.18684	43956	0	8
2026.02.15	1.18696	1.18716	1.18624	1.18664	1393	0	8
2026.02.16	1.18664	1.18701	1.18458	1.18499	24151	0	8
2026.02.17	1.18500	1.18571	1.18046	1.18503	39814	0	8
2026.02.18	1.18503	1.18532	1.17801	1.17883	36675	0	8
2026.02.19	1.17883	1.18072	1.17417	1.17680	42556	0	8
2026.02.20	1.17683	1.18070	1.17432	1.17805	57414	0	8
2026.02.22	1.17822	1.18343	1.17811	1.18328	3222	0	8
2026.02.23	1.18326	1.18342	1.17741	1.17925	46843	0	8
2026.02.24	1.17925	1.17959	1.17655	1.17738	39447	0	8
2026.02.25	1.17739	1.18161	1.17707	1.18147	38396	0	8
2026.02.26	1.18147	1.18285	1.17734	1.18026	41093	0	8
2026.02.27	1.18026	1.18266	1.17886	1.18139	44096	0	8
2026.03.01	1.17630	1.17869	1.17540	1.17591	3879	0	8
2026.03.02	1.17591	1.17955	1.16715	1.16945	79194	0	8
2026.03.03	1.16945	1.17064	1.15297	1.16102	106001	0	8
2026.03.04	1.16104	1.16544	1.15744	1.16345	81240	0	8
2026.03.05	1.16345	1.16472	1.15584	1.16060	93811	0	8
2026.03.06	1.16061	1.16211	1.15455	1.16164	88751	0	8
2026.03.08	1.15536	1.15537	1.15209	1.15240	11011	0	8
2026.03.09	1.15238	1.16452	1.15067	1.16161	124820	0	8
2026.03.10	1.16162	1.16669	1.16024	1.16112	86738	0	8
2026.03.11	1.16112	1.16451	1.15396	1.15426	74847	0	8
2026.03.12	1.15424	1.15658	1.15078	1.15204	63109	0	8
2026.03.13	1.15203	1.15292	1.14106	1.14149	64130	0	8
2026.03.15	1.14170	1.14383	1.14169	1.14349	5787	0	8
2026.03.16	1.14348	1.15245	1.14139	1.14981	58831	0	8
2026.03.17	1.14981	1.15470	1.14656	1.15384	53105	0	8
2026.03.18	1.15385	1.15549	1.14466	1.14632	66623	0	8
2026.03.19	1.14629	1.16163	1.14423	1.15762	109106	0	8
2026.03.20	1.15762	1.15803	1.15244	1.15691	69486	0	8
2026.03.22	1.15342	1.15643	1.15341	1.15617	4764	0	8
2026.03.23	1.15619	1.16395	1.14840	1.16078	168612	0	8
2026.03.24	1.16079	1.16279	1.15568	1.16132	102710	0	8
2026.03.25	1.16134	1.16303	1.15549	1.15612	71356	0	8
2026.03.26	1.15612	1.15719	1.15192	1.15342	61991	0	8
2026.03.27	1.15342	1.15473	1.15016	1.15081	52174	0	8
2026.03.29	1.15013	1.15022	1.14869	1.14913	4303	0	8
2026.03.30	1.14915	1.15207	1.14429	1.14563	52493	0	8
2026.03.31	1.14566	1.15743	1.14468	1.15736	76752	0	8
2026.04.01	1.15735	1.16269	1.15546	1.15894	73098	0	8
2026.04.02	1.15892	1.16052	1.15086	1.15351	73984	0	8
2026.04.03	1.15351	1.15458	1.15107	1.15140	18028	0	8
2026.04.05	1.15196	1.15212	1.15048	1.15095	4278	0	8
2026.04.06	1.15095	1.15714	1.15060	1.15405	46767	0	8
2026.04.07	1.15405	1.16904	1.15238	1.16858	78925	0	8
2026.04.08	1.16860	1.17214	1.16432	1.16587	84675	0	8
2026.04.09	1.16587	1.17232	1.16500	1.16913	48012	0	8
2026.04.10	1.16913	1.17394	1.16771	1.17250	40972	0	8
2026.04.12	1.16637	1.16790	1.16632	1.16747	4939	0	8
2026.04.13	1.16749	1.17664	1.16706	1.17662	45953	0	8
2026.04.14	1.17663	1.18109	1.17560	1.17979	42031	0	8
2026.04.15	1.17977	1.18077	1.17718	1.18062	41548	0	8
2026.04.16	1.18064	1.18236	1.17665	1.17806	41131	0	8
2026.04.17	1.17805	1.18487	1.17601	1.17637	52086	0	8
2026.04.19	1.17391	1.17452	1.17282	1.17386	4173	0	8
2026.04.20	1.17388	1.17907	1.17366	1.17836	45822	0	8
2026.04.21	1.17837	1.17860	1.17187	1.17438	53146	0	8
2026.04.22	1.17436	1.17621	1.17021	1.17053	40090	0	8
2026.04.23	1.17055	1.17161	1.16687	1.16833	55566	0	8
2026.04.24	1.16835	1.17225	1.16725	1.17178	42515	0	8
