<DATE>	<TIME>	<OPEN>	<HIGH>	<LOW>	<CLOSE>	<TICKVOL>	<VOL>	<SPREAD>
2018.07.03	00:00:00	1.16411	1.16723	1.16199	1.16587	54972	0	0
2018.07.04	00:00:00	1.16584	1.16808	1.16302	1.16597	44311	0	0
2018.07.05	00:00:00	1.16598	1.17192	1.16489	1.16915	58500	0	0
2018.07.06	00:00:00	1.16914	1.17669	1.16793	1.17431	50846	0	0
2018.07.08	00:00:00	1.17372	1.17529	1.17372	1.17513	2839	0	0
2018.07.09	00:00:00	1.17514	1.17901	1.17322	1.17556	50412	0	0
2018.07.10	00:00:00	1.17555	1.17618	1.16899	1.17278	53034	0	0
2018.07.11	00:00:00	1.17277	1.17574	1.16651	1.16744	62736	0	0
2018.07.12	00:00:00	1.16746	1.16950	1.16493	1.16632	53262	0	0
2018.07.13	00:00:00	1.16633	1.16860	1.16126	1.16824	48410	0	0
2018.07.15	00:00:00	1.16877	1.16896	1.16756	1.16778	2492	0	0
2018.07.16	00:00:00	1.16779	1.17248	1.16750	1.17087	47192	0	0
2018.07.17	00:00:00	1.17086	1.17441	1.16462	1.16525	54319	0	0
2018.07.18	00:00:00	1.16528	1.16639	1.16016	1.16444	52489	0	0
2018.07.19	00:00:00	1.16443	1.16779	1.15740	1.16530	62851	0	0
2018.07.20	00:00:00	1.16529	1.17381	1.16252	1.17176	61367	0	0
2018.07.22	00:00:00	1.17232	1.17439	1.17215	1.17401	3616	0	0
2018.07.23	00:00:00	1.17399	1.17491	1.16831	1.16931	52351	0	0
2018.07.24	00:00:00	1.16928	1.17164	1.16541	1.16840	54211	0	0
2018.07.25	00:00:00	1.16843	1.17379	1.16638	1.17373	57062	0	0
2018.07.26	00:00:00	1.17374	1.17428	1.16348	1.16431	55339	0	0
2018.07.27	00:00:00	1.16432	1.16637	1.16200	1.16530	46850	0	0
2018.07.29	00:00:00	1.16532	1.16595	1.16514	1.16588	2806	0	0
2018.07.30	00:00:00	1.16587	1.17181	1.16474	1.17067	42004	0	0
2018.07.31	00:00:00	1.17067	1.17452	1.16806	1.16885	52392	0	0
2018.08.01	00:00:00	1.16883	1.16989	1.16556	1.16626	49005	0	0
2018.08.02	00:00:00	1.16627	1.16669	1.15791	1.15845	51297	0	0
2018.08.03	00:00:00	1.15843	1.16099	1.15598	1.15658	48368	0	0
2018.08.05	00:00:00	1.15681	1.15686	1.15576	1.15609	3340	0	0
2018.08.06	00:00:00	1.15608	1.15697	1.15295	1.15574	44962	0	0
2018.08.07	00:00:00	1.15573	1.16077	1.15510	1.16025	44062	0	0
2018.08.08	00:00:00	1.16024	1.16272	1.15727	1.16086	44209	0	0
2018.08.09	00:00:00	1.16087	1.16185	1.15141	1.15236	50335	0	0
2018.08.10	00:00:00	1.15234	1.15357	1.13876	1.14085	67608	0	0
2018.08.12	00:00:00	1.13946	1.14070	1.13688	1.13941	3641	0	0
2018.08.13	00:00:00	1.13941	1.14322	1.13643	1.13999	66098	0	0
2018.08.14	00:00:00	1.13998	1.14289	1.13297	1.13462	58893	0	0
2018.08.15	00:00:00	1.13460	1.13542	1.13005	1.13413	59589	0	0
2018.08.16	00:00:00	1.13411	1.14085	1.13353	1.13713	61157	0	0
2018.08.17	00:00:00	1.13713	1.14442	1.13657	1.14368	50623	0	0
2018.08.19	00:00:00	1.14390	1.14390	1.14333	1.14372	3202	0	0
2018.08.20	00:00:00	1.14371	1.14914	1.13939	1.14913	50115	0	0
2018.08.21	00:00:00	1.14912	1.16004	1.14847	1.15753	61247	0	0
2018.08.22	00:00:00	1.15754	1.16223	1.15529	1.15854	55462	0	0
2018.08.23	00:00:00	1.15851	1.15901	1.15295	1.15414	55801	0	0
2018.08.24	00:00:00	1.15413	1.16391	1.15376	1.16199	52028	0	0
2018.08.26	00:00:00	1.16156	1.16469	1.16151	1.16446	3622	0	0
2018.08.27	00:00:00	1.16445	1.16928	1.15935	1.16835	50033	0	0
2018.08.28	00:00:00	1.16835	1.17328	1.16620	1.16929	55204	0	0
2018.08.29	00:00:00	1.16929	1.17094	1.16515	1.17090	56903	0	0
2018.08.30	00:00:00	1.17088	1.17176	1.16412	1.16650	59215	0	0
2018.08.31	00:00:00	1.16649	1.16892	1.15841	1.15994	59089	0	0
2018.09.02	00:00:00	1.15959	1.16007	1.15910	1.15979	3504	0	0
2018.09.03	00:00:00	1.15976	1.16268	1.15882	1.16135	41860	0	0
2018.09.04	00:00:00	1.16134	1.16136	1.15297	1.15866	56327	0	0
2018.09.05	00:00:00	1.15865	1.16389	1.15402	1.16341	59785	0	0
2018.09.06	00:00:00	1.16340	1.16577	1.16046	1.16192	58230	0	0
2018.09.07	00:00:00	1.16194	1.16488	1.15501	1.15528	56940	0	0
2018.09.09	00:00:00	1.15490	1.15604	1.15455	1.15602	3169	0	0
2018.09.10	00:00:00	1.15601	1.16154	1.15250	1.15931	48194	0	0
2018.09.11	00:00:00	1.15930	1.16434	1.15651	1.15953	51937	0	0
2018.09.12	00:00:00	1.15950	1.16489	1.15685	1.16250	53357	0	0
2018.09.13	00:00:00	1.16247	1.17004	1.16086	1.16908	52816	0	0
2018.09.14	00:00:00	1.16907	1.17210	1.16201	1.16211	54579	0	0
2018.09.16	00:00:00	1.16196	1.16290	1.16196	1.16230	2989	0	0
2018.09.17	00:00:00	1.16230	1.16976	1.16176	1.16684	52953	0	0
2018.09.18	00:00:00	1.16682	1.17236	1.16519	1.16772	64297	0	0
2018.09.19	00:00:00	1.16772	1.17143	1.16497	1.16736	63098	0	0
2018.09.20	00:00:00	1.16736	1.17840	1.16714	1.17753	61539	0	0
2018.09.21	00:00:00	1.17752	1.18019	1.17325	1.17464	57275	0	0
2018.09.23	00:00:00	1.17444	1.17490	1.17382	1.17481	2557	0	0
2018.09.24	00:00:00	1.17479	1.18145	1.17235	1.17520	56964	0	0
2018.09.25	00:00:00	1.17520	1.17918	1.17304	1.17624	59845	0	0
2018.09.26	00:00:00	1.17623	1.17969	1.17256	1.17466	62398	0	0
2018.09.27	00:00:00	1.17464	1.17565	1.16333	1.16356	66055	0	0
2018.09.28	00:00:00	1.16354	1.16508	1.15694	1.16038	60109	0	0
2018.09.30	00:00:00	1.16060	1.16154	1.16038	1.16048	2098	0	0
2018.10.01	00:00:00	1.16048	1.16241	1.15628	1.15766	56452	0	0
2018.10.02	00:00:00	1.15765	1.15796	1.15042	1.15499	61415	0	0
2018.10.03	00:00:00	1.15498	1.15922	1.14636	1.14760	68554	0	0
2018.10.04	00:00:00	1.14759	1.15419	1.14622	1.15170	62701	0	0
2018.10.05	00:00:00	1.15169	1.15488	1.14832	1.15193	61857	0	0
2018.10.07	00:00:00	1.15197	1.15261	1.15195	1.15235	2135	0	0
2018.10.08	00:00:00	1.15234	1.15290	1.14594	1.14937	53333	0	0
2018.10.09	00:00:00	1.14936	1.15073	1.14317	1.15043	65259	0	0
2018.10.10	00:00:00	1.15042	1.15445	1.14794	1.15327	64487	0	0
2018.10.11	00:00:00	1.15326	1.15984	1.15306	1.15895	76827	0	0
2018.10.12	00:00:00	1.15893	1.16099	1.15336	1.15591	62869	0	0
2018.10.14	00:00:00	1.15524	1.15526	1.15412	1.15500	2874	0	0
2018.10.15	00:00:00	1.15499	1.16055	1.15425	1.15826	59495	0	0
2018.10.16	00:00:00	1.15823	1.16205	1.15655	1.15759	60536	0	0
2018.10.17	00:00:00	1.15759	1.15798	1.14950	1.15008	65751	0	0
2018.10.18	00:00:00	1.15007	1.15267	1.14490	1.14537	66792	0	0
2018.10.19	00:00:00	1.14536	1.15337	1.14327	1.15131	63764	0	0
2018.10.21	00:00:00	1.15126	1.15161	1.15079	1.15100	2638	0	0
2018.10.22	00:00:00	1.15101	1.15495	1.14554	1.14640	59060	0	0
2018.10.23	00:00:00	1.14641	1.14925	1.14390	1.14703	65612	0	0
2018.10.24	00:00:00	1.14702	1.14758	1.13777	1.13985	68022	0	0
2018.10.25	00:00:00	1.13984	1.14318	1.13551	1.13748	66281	0	0
2018.10.26	00:00:00	1.13748	1.14202	1.13351	1.14029	67312	0	0
2018.10.28	00:00:00	1.13945	1.14028	1.13908	1.13975	3181	0	0
2018.10.29	00:00:00	1.13975	1.14158	1.13601	1.13752	64011	0	0
2018.10.30	00:00:00	1.13750	1.13873	1.13399	1.13449	60124	0	0
2018.10.31	00:00:00	1.13448	1.13596	1.13005	1.13143	63095	0	0
2018.11.01	00:00:00	1.13142	1.14235	1.13121	1.14024	66548	0	0
2018.11.02	00:00:00	1.14023	1.14552	1.13721	1.13874	64106	0	0
2018.11.04	00:00:00	1.13869	1.13989	1.13865	1.13972	2302	0	0
2018.11.05	00:00:00	1.13970	1.14234	1.13523	1.14079	59435	0	0
2018.11.06	00:00:00	1.14080	1.14372	1.13911	1.14357	59715	0	0
2018.11.07	00:00:00	1.14358	1.14991	1.13937	1.14323	77611	0	0
2018.11.08	00:00:00	1.14322	1.14458	1.13514	1.13677	67602	0	0
2018.11.09	00:00:00	1.13677	1.13679	1.13157	1.13349	64488	0	0
2018.11.11	00:00:00	1.13171	1.13249	1.13121	1.13234	3283	0	0
2018.11.12	00:00:00	1.13234	1.13299	1.12137	1.12232	64356	0	0
2018.11.13	00:00:00	1.12230	1.13157	1.12211	1.13115	72447	0	0
2018.11.14	00:00:00	1.13115	1.13458	1.12627	1.13119	76573	0	0
2018.11.15	00:00:00	1.13120	1.13614	1.12695	1.13242	76058	0	0
2018.11.16	00:00:00	1.13243	1.14196	1.13212	1.14170	64986	0	0
2018.11.18	00:00:00	1.14017	1.14193	1.13998	1.14133	2910	0	0
2018.11.19	00:00:00	1.14133	1.14637	1.13936	1.14539	59044	0	0
2018.11.20	00:00:00	1.14538	1.14718	1.13583	1.13715	64244	0	0
2018.11.21	00:00:00	1.13716	1.14240	1.13650	1.13873	63947	0	0
2018.11.22	00:00:00	1.13873	1.14332	1.13848	1.14023	48878	0	0
2018.11.23	00:00:00	1.14022	1.14204	1.13267	1.13330	53484	0	0
2018.11.25	00:00:00	1.13381	1.13406	1.13300	1.13365	3221	0	0
2018.11.26	00:00:00	1.13365	1.13830	1.13245	1.13326	61395	0	0
2018.11.27	00:00:00	1.13326	1.13433	1.12770	1.12968	64192	0	0
2018.11.28	00:00:00	1.12967	1.13866	1.12667	1.13671	67576	0	0
2018.11.29	00:00:00	1.13670	1.14008	1.13482	1.13918	67661	0	0
2018.11.30	00:00:00	1.13919	1.13997	1.13045	1.13175	63402	0	0
2018.12.02	00:00:00	1.13538	1.13580	1.13271	1.13413	2975	0	0
2018.12.03	00:00:00	1.13414	1.13792	1.13189	1.13540	62448	0	0
2018.12.04	00:00:00	1.13539	1.14177	1.13182	1.13423	71290	0	0
2018.12.05	00:00:00	1.13422	1.13607	1.13106	1.13479	54303	0	0
2018.12.06	00:00:00	1.13483	1.14119	1.13205	1.13745	72057	0	0
2018.12.07	00:00:00	1.13752	1.14229	1.13598	1.13893	64678	0	0
2018.12.09	00:00:00	1.13851	1.14050	1.13851	1.13990	2976	0	0
2018.12.10	00:00:00	1.13992	1.14420	1.13489	1.13555	68485	0	0
2018.12.11	00:00:00	1.13555	1.13995	1.13053	1.13212	65778	0	0
2018.12.12	00:00:00	1.13213	1.13867	1.13146	1.13722	67202	0	0
2018.12.13	00:00:00	1.13723	1.13920	1.13306	1.13624	63759	0	0
2018.12.14	00:00:00	1.13626	1.13643	1.12694	1.13040	60045	0	0
2018.12.16	00:00:00	1.13022	1.13072	1.12989	1.13034	3116	0	0
2018.12.17	00:00:00	1.13038	1.13573	1.13018	1.13490	56825	0	0
2018.12.18	00:00:00	1.13489	1.14017	1.13364	1.13747	63257	0	0
2018.12.19	00:00:00	1.13752	1.14387	1.13629	1.13861	69523	0	0
2018.12.20	00:00:00	1.13862	1.14849	1.13768	1.14563	71650	0	0
2018.12.21	00:00:00	1.14562	1.14733	1.13555	1.13666	64665	0	0
2018.12.23	00:00:00	1.13617	1.13729	1.13594	1.13719	1917	0	0
2018.12.24	00:00:00	1.13718	1.14378	1.13699	1.14090	45825	0	0
2018.12.26	00:00:00	1.14115	1.14151	1.13425	1.13602	44593	0	0
2018.12.27	00:00:00	1.13600	1.14534	1.13578	1.14301	73298	0	0
2018.12.28	00:00:00	1.14301	1.14720	1.14297	1.14416	64909	0	0
2018.12.30	00:00:00	1.14410	1.14415	1.14327	1.14388	2365	0	0
2018.12.31	00:00:00	1.14387	1.14657	1.14212	1.14620	49131	0	0
2019.01.02	00:00:00	1.14605	1.14961	1.13103	1.13110	66850	0	0
2019.01.03	00:00:00	1.13110	1.14103	1.13097	1.13897	74837	0	0
2019.01.04	00:00:00	1.13897	1.14184	1.13453	1.13954	65170	0	0
2019.01.06	00:00:00	1.13930	1.14111	1.13930	1.14099	2729	0	0
2019.01.07	00:00:00	1.14098	1.14820	1.14043	1.14785	57402	0	0
2019.01.08	00:00:00	1.14785	1.14842	1.14213	1.14549	60309	0	0
2019.01.09	00:00:00	1.14562	1.15571	1.14385	1.15530	68126	0	0
2019.01.10	00:00:00	1.15535	1.15692	1.14840	1.15065	65418	0	0
2019.01.11	00:00:00	1.15073	1.15396	1.14575	1.14656	58943	0	0
2019.01.13	00:00:00	1.14537	1.14670	1.14527	1.14595	2492	0	0
2019.01.14	00:00:00	1.14594	1.14813	1.14496	1.14721	55199	0	0
2019.01.15	00:00:00	1.14723	1.14890	1.13814	1.14136	65563	0	0
2019.01.16	00:00:00	1.14137	1.14241	1.13774	1.13980	58650	0	0
2019.01.17	00:00:00	1.13989	1.14055	1.13698	1.13916	58384	0	0
2019.01.18	00:00:00	1.13918	1.14096	1.13527	1.13631	55770	0	0
2019.01.20	00:00:00	1.13595	1.13671	1.13581	1.13648	1706	0	0
2019.01.21	00:00:00	1.13648	1.13904	1.13562	1.13685	41932	0	0
2019.01.22	00:00:00	1.13684	1.13735	1.13356	1.13631	53485	0	0
2019.01.23	00:00:00	1.13631	1.13937	1.13503	1.13849	54827	0	0
2019.01.24	00:00:00	1.13854	1.13907	1.12884	1.13118	67171	0	0
2019.01.25	00:00:00	1.13121	1.14172	1.13046	1.14060	60428	0	0
2019.01.27	00:00:00	1.14021	1.14121	1.13993	1.14120	2256	0	0
2019.01.28	00:00:00	1.14124	1.14432	1.13895	1.14292	49810	0	0
2019.01.29	00:00:00	1.14293	1.14496	1.14107	1.14347	54254	0	0
2019.01.30	00:00:00	1.14346	1.15010	1.14057	1.14850	56658	0	0
2019.01.31	00:00:00	1.14850	1.15136	1.14352	1.14474	58311	0	0
2019.02.01	00:00:00	1.14479	1.14877	1.14342	1.14552	51906	0	0
2019.02.03	00:00:00	1.14506	1.14575	1.14460	1.14544	1930	0	0
2019.02.04	00:00:00	1.14543	1.14598	1.14240	1.14350	48781	0	0
2019.02.05	00:00:00	1.14349	1.14399	1.14000	1.14086	47138	0	0
2019.02.06	00:00:00	1.14086	1.14087	1.13591	1.13655	49273	0	0
2019.02.07	00:00:00	1.13655	1.13674	1.13225	1.13381	49786	0	0
2019.02.08	00:00:00	1.13381	1.13503	1.13206	1.13217	43865	0	0
2019.02.10	00:00:00	1.13216	1.13244	1.13136	1.13237	2852	0	0
2019.02.11	00:00:00	1.13237	1.13293	1.12668	1.12785	46716	0	0
2019.02.12	00:00:00	1.12783	1.13391	1.12571	1.13335	49248	0	0
2019.02.13	00:00:00	1.13336	1.13411	1.12484	1.12643	49556	0	0
2019.02.14	00:00:00	1.12645	1.13090	1.12496	1.12944	53268	0	0
2019.02.15	00:00:00	1.12941	1.13057	1.12336	1.12932	49080	0	0
2019.02.17	00:00:00	1.12945	1.12955	1.12881	1.12950	2368	0	0
2019.02.18	00:00:00	1.12948	1.13335	1.12937	1.13113	37218	0	0
2019.02.19	00:00:00	1.13112	1.13568	1.12750	1.13395	49675	0	0
2019.02.20	00:00:00	1.13395	1.13706	1.13245	1.13455	49836	0	0
2019.02.21	00:00:00	1.13458	1.13658	1.13185	1.13390	53411	0	0
2019.02.22	00:00:00	1.13391	1.13552	1.13157	1.13329	45407	0	0
2019.02.24	00:00:00	1.13395	1.13413	1.13278	1.13413	2162	0	0
2019.02.25	00:00:00	1.13416	1.13669	1.13362	1.13640	46690	0	0
2019.02.26	00:00:00	1.13644	1.14019	1.13446	1.13927	49313	0	0
2019.02.27	00:00:00	1.13928	1.14028	1.13618	1.13792	50750	0	0
2019.02.28	00:00:00	1.13793	1.14190	1.13593	1.13727	53152	0	0
2019.03.01	00:00:00	1.13726	1.14079	1.13528	1.13645	48353	0	0
2019.03.03	00:00:00	1.13801	1.13837	1.13717	1.13746	2129	0	0
2019.03.04	00:00:00	1.13746	1.13746	1.13085	1.13360	46195	0	0
2019.03.05	00:00:00	1.13360	1.13379	1.12891	1.13053	47726	0	0
2019.03.06	00:00:00	1.13056	1.13240	1.12825	1.13126	44805	0	0
2019.03.07	00:00:00	1.13127	1.13196	1.11748	1.11979	50762	0	0
2019.03.08	00:00:00	1.11977	1.12454	1.11846	1.12328	49349	0	0
2019.03.10	00:00:00	1.12286	1.12374	1.12286	1.12315	2331	0	0
2019.03.11	00:00:00	1.12313	1.12678	1.12213	1.12588	44101	0	0
2019.03.12	00:00:00	1.12588	1.13045	1.12487	1.12863	44271	0	0
2019.03.13	00:00:00	1.12862	1.13378	1.12769	1.13300	42361	0	0
2019.03.14	00:00:00	1.13300	1.13355	1.12936	1.13062	45505	0	0
2019.03.15	00:00:00	1.13063	1.13437	1.12996	1.13249	39338	0	0
2019.03.17	00:00:00	1.13191	1.13268	1.13185	1.13190	1948	0	0
2019.03.18	00:00:00	1.13190	1.13583	1.13188	1.13356	39466	0	0
2019.03.19	00:00:00	1.13357	1.13610	1.13332	1.13539	40581	0	0
2019.03.20	00:00:00	1.13540	1.14473	1.13350	1.14281	48641	0	0
2019.03.21	00:00:00	1.14280	1.14371	1.13420	1.13735	50561	0	0
2019.03.22	00:00:00	1.13736	1.13899	1.12724	1.12996	49619	0	0
2019.03.24	00:00:00	1.12917	1.12979	1.12897	1.12955	1663	0	0
2019.03.25	00:00:00	1.12953	1.13306	1.12881	1.13146	47617	0	0
2019.03.26	00:00:00	1.13145	1.13254	1.12614	1.12737	47505	0	0
2019.03.27	00:00:00	1.12735	1.12849	1.12416	1.12516	52463	0	0
2019.03.28	00:00:00	1.12517	1.12609	1.12132	1.12296	50267	0	0
2019.03.29	00:00:00	1.12292	1.12461	1.12094	1.12175	47923	0	0
2019.03.31	00:00:00	1.12247	1.12281	1.12198	1.12229	1564	0	0
2019.04.01	00:00:00	1.12227	1.12491	1.11969	1.12048	46746	0	0
2019.04.02	00:00:00	1.12046	1.12151	1.11831	1.12029	46908	0	0
2019.04.03	00:00:00	1.12028	1.12541	1.12015	1.12444	47250	0	0
2019.04.04	00:00:00	1.12443	1.12474	1.12055	1.12221	43194	0	0
2019.04.05	00:00:00	1.12220	1.12455	1.12095	1.12156	39742	0	0
2019.04.07	00:00:00	1.12133	1.12194	1.12115	1.12179	2204	0	0
2019.04.08	00:00:00	1.12180	1.12738	1.12144	1.12554	41951	0	0
2019.04.09	00:00:00	1.12553	1.12836	1.12550	1.12653	42116	0	0
2019.04.10	00:00:00	1.12652	1.12866	1.12290	1.12755	45219	0	0
2019.04.11	00:00:00	1.12755	1.12868	1.12495	1.12599	42359	0	0
2019.04.12	00:00:00	1.12598	1.13233	1.12568	1.12989	42355	0	0
2019.04.14	00:00:00	1.13005	1.13069	1.12971	1.13025	1657	0	0
2019.04.15	00:00:00	1.13023	1.13203	1.12973	1.13038	43766	0	0
2019.04.16	00:00:00	1.13038	1.13133	1.12774	1.12840	49861	0	0
2019.04.17	00:00:00	1.12841	1.13231	1.12807	1.12960	46428	0	0
2019.04.18	00:00:00	1.12960	1.13034	1.12256	1.12344	45208	0	0
2019.04.19	00:00:00	1.12341	1.12466	1.12305	1.12425	19669	0	0
2019.04.21	00:00:00	1.12404	1.12440	1.12368	1.12432	2131	0	0
2019.04.22	00:00:00	1.12433	1.12614	1.12355	1.12583	15244	0	0
2019.04.23	00:00:00	1.12585	1.12606	1.11918	1.12236	23531	0	0
2019.04.24	00:00:00	1.12237	1.12239	1.11404	1.11531	32619	0	0
2019.04.25	00:00:00	1.11530	1.11620	1.11174	1.11352	28345	0	0
2019.04.26	00:00:00	1.11351	1.11733	1.11111	1.11448	27687	0	0
2019.04.28	00:00:00	1.11433	1.11513	1.11433	1.11488	1952	0	0
2019.04.29	00:00:00	1.11489	1.11863	1.11447	1.11845	21853	0	0
2019.04.30	00:00:00	1.11844	1.12284	1.11754	1.12152	27005	0	0
2019.05.01	00:00:00	1.12152	1.12641	1.11871	1.12020	24688	0	0
2019.05.02	00:00:00	1.12020	1.12185	1.11696	1.11726	28802	0	0
2019.05.03	00:00:00	1.11725	1.12045	1.11350	1.12012	25311	0	0
2019.05.05	00:00:00	1.11741	1.11987	1.11712	1.11844	2586	0	0
2019.05.06	00:00:00	1.11843	1.12086	1.11787	1.12006	25409	0	0
2019.05.07	00:00:00	1.12005	1.12171	1.11659	1.11893	28273	0	0
2019.05.08	00:00:00	1.11892	1.12131	1.11824	1.11977	30664	0	0
2019.05.09	00:00:00	1.11976	1.12504	1.11730	1.12180	32666	0	0
2019.05.10	00:00:00	1.12181	1.12529	1.12175	1.12337	27705	0	0
2019.05.12	00:00:00	1.12328	1.12386	1.12325	1.12355	2349	0	0
2019.05.13	00:00:00	1.12353	1.12628	1.12188	1.12318	26609	0	0
2019.05.14	00:00:00	1.12319	1.12434	1.12009	1.12026	24906	0	0
2019.05.15	00:00:00	1.12027	1.12232	1.11770	1.12069	27076	0	0
2019.05.16	00:00:00	1.12067	1.12234	1.11661	1.11730	24772	0	0
2019.05.17	00:00:00	1.11729	1.11835	1.11545	1.11568	24528	0	0
2019.05.19	00:00:00	1.11564	1.11660	1.11564	1.11644	2105	0	0
2019.05.20	00:00:00	1.11646	1.11743	1.11503	1.11670	23200	0	0
2019.05.21	00:00:00	1.11669	1.11849	1.11412	1.11640	24415	0	0
2019.05.22	00:00:00	1.11640	1.11795	1.11482	1.11550	22510	0	0
2019.05.23	00:00:00	1.11550	1.11869	1.11063	1.11838	26813	0	0
2019.05.24	00:00:00	1.11836	1.12116	1.11769	1.12045	20767	0	0
2019.05.26	00:00:00	1.12064	1.12111	1.12064	1.12067	1620	0	0
2019.05.27	00:00:00	1.12065	1.12148	1.11861	1.11929	17462	0	0
2019.05.28	00:00:00	1.11931	1.11977	1.11584	1.11676	24230	0	0
2019.05.29	00:00:00	1.11674	1.11721	1.11236	1.11364	25162	0	0
2019.05.30	00:00:00	1.11363	1.11427	1.11158	1.11294	22436	0	0
2019.05.31	00:00:00	1.11293	1.11792	1.11244	1.11681	27461	0	0
2019.06.02	00:00:00	1.11621	1.11738	1.11599	1.11732	2084	0	0
2019.06.03	00:00:00	1.11731	1.12614	1.11597	1.12452	28816	0	0
2019.06.04	00:00:00	1.12453	1.12768	1.12262	1.12533	30974	0	0
2019.06.05	00:00:00	1.12534	1.13038	1.12192	1.12282	32100	0	0
2019.06.06	00:00:00	1.12281	1.13078	1.12032	1.12752	30956	0	0
2019.06.07	00:00:00	1.12753	1.13469	1.12509	1.13324	26382	0	0
2019.06.09	00:00:00	1.13213	1.13280	1.13139	1.13186	1693	0	0
2019.06.10	00:00:00	1.13187	1.13238	1.12893	1.13176	23168	0	0
2019.06.11	00:00:00	1.13178	1.13370	1.13012	1.13289	26891	0	0
2019.06.12	00:00:00	1.13290	1.13428	1.12825	1.12922	27450	0	0
2019.06.13	00:00:00	1.12922	1.13033	1.12678	1.12792	25189	0	0
2019.06.14	00:00:00	1.12790	1.12886	1.12016	1.12085	27652	0	0
2019.06.16	00:00:00	1.12086	1.12168	1.12078	1.12152	2142	0	0
2019.06.17	00:00:00	1.12151	1.12462	1.12033	1.12233	22240	0	0
2019.06.18	00:00:00	1.12234	1.12423	1.11810	1.11976	34535	0	0
2019.06.19	00:00:00	1.11977	1.12536	1.11868	1.12354	32153	0	0
2019.06.20	00:00:00	1.12353	1.13165	1.12348	1.12940	37016	0	0
2019.06.21	00:00:00	1.12939	1.13772	1.12827	1.13687	34532	0	0
2019.06.23	00:00:00	1.13676	1.13846	1.13646	1.13846	2670	0	0
2019.06.24	00:00:00	1.13845	1.14029	1.13721	1.13989	29836	0	0
2019.06.25	00:00:00	1.13990	1.14115	1.13440	1.13678	39516	0	0
2019.06.26	00:00:00	1.13676	1.13904	1.13472	1.13729	34584	0	0
2019.06.27	00:00:00	1.13730	1.13809	1.13474	1.13707	28812	0	0
2019.06.28	00:00:00	1.13709	1.13929	1.13504	1.13692	24127	0	0
2019.06.30	00:00:00	1.13579	1.13706	1.13579	1.13597	1440	0	0
2019.07.01	00:00:00	1.13595	1.13635	1.12791	1.12865	27512	0	0
2019.07.02	00:00:00	1.12866	1.13188	1.12743	1.12902	24141	0	0
2019.07.03	00:00:00	1.12901	1.13103	1.12682	1.12869	22761	0	0
2019.07.04	00:00:00	1.12868	1.12946	1.12728	1.12849	11025	0	0
2019.07.05	00:00:00	1.12850	1.12857	1.12070	1.12249	21500	0	0
2019.07.07	00:00:00	1.12213	1.12283	1.12210	1.12263	781	0	0
2019.07.08	00:00:00	1.12265	1.12339	1.12068	1.12147	16591	0	0
2019.07.09	00:00:00	1.12148	1.12183	1.11931	1.12040	17103	0	0
2019.07.10	00:00:00	1.12039	1.12634	1.12014	1.12579	24400	0	0
2019.07.11	00:00:00	1.12580	1.12854	1.12449	1.12492	24841	0	0
2019.07.12	00:00:00	1.12493	1.12744	1.12379	1.12702	20170	0	0
2019.07.14	00:00:00	1.12654	1.12740	1.12621	1.12707	931	0	0
2019.07.15	00:00:00	1.12709	1.12834	1.12534	1.12594	16403	0	0
2019.07.16	00:00:00	1.12595	1.12630	1.12015	1.12116	20189	0	0
2019.07.17	00:00:00	1.12114	1.12330	1.11990	1.12268	17158	0	0
2019.07.18	00:00:00	1.12269	1.12810	1.12049	1.12606	27020	0	0
2019.07.19	00:00:00	1.12605	1.12678	1.12031	1.12201	22690	0	0
2019.07.21	00:00:00	1.12114	1.12184	1.12113	1.12172	909	0	0
2019.07.22	00:00:00	1.12173	1.12246	1.12036	1.12041	17440	0	0
2019.07.23	00:00:00	1.12040	1.12077	1.11455	1.11505	18324	0	0
2019.07.24	00:00:00	1.11506	1.11553	1.11268	1.11416	19542	0	0
2019.07.25	00:00:00	1.11415	1.11873	1.11011	1.11446	28603	0	0
2019.07.26	00:00:00	1.11445	1.11504	1.11117	1.11271	18403	0	0
2019.07.28	00:00:00	1.11216	1.11321	1.11212	1.11292	574	0	0
2019.07.29	00:00:00	1.11290	1.11504	1.11127	1.11419	15617	0	0
2019.07.30	00:00:00	1.11418	1.11604	1.11318	1.11565	19982	0	0
2019.07.31	00:00:00	1.11564	1.11615	1.10598	1.10712	32942	0	0
2019.08.01	00:00:00	1.10713	1.10950	1.10266	1.10786	36461	0	0
2019.08.02	00:00:00	1.10785	1.11159	1.10696	1.11065	34615	0	0
2019.08.04	00:00:00	1.11037	1.11102	1.11037	1.11073	983	0	0
2019.08.05	00:00:00	1.11072	1.12446	1.11062	1.12416	36133	0	0
2019.08.06	00:00:00	1.12414	1.12490	1.11672	1.12049	32767	0	0
2019.08.07	00:00:00	1.12051	1.12412	1.11790	1.12037	38918	0	0
2019.08.08	00:00:00	1.12036	1.12285	1.11763	1.11858	33186	0	0
2019.08.09	00:00:00	1.11859	1.12224	1.11830	1.11999	23612	0	0
2019.08.11	00:00:00	1.11973	1.12076	1.11963	1.12070	799	0	0
2019.08.12	00:00:00	1.12069	1.12300	1.11617	1.12157	23776	0	0
2019.08.13	00:00:00	1.12159	1.12279	1.11681	1.11761	31311	0	0
2019.08.14	00:00:00	1.11760	1.11903	1.11303	1.11425	28391	0	0
2019.08.15	00:00:00	1.11427	1.11580	1.10911	1.11100	32406	0	0
2019.08.16	00:00:00	1.11102	1.11109	1.10660	1.10894	22984	0	0
2019.08.18	00:00:00	1.10896	1.10999	1.10889	1.10918	1183	0	0
2019.08.19	00:00:00	1.10917	1.11131	1.10756	1.10812	18288	0	0
2019.08.20	00:00:00	1.10813	1.11062	1.10655	1.10967	20280	0	0
2019.08.21	00:00:00	1.10968	1.11066	1.10806	1.10900	17857	0	0
2019.08.22	00:00:00	1.10898	1.11126	1.10632	1.10833	24228	0	0
2019.08.23	00:00:00	1.10832	1.11525	1.10514	1.11392	29171	0	0
2019.08.25	00:00:00	1.11447	1.11612	1.11389	1.11429	2414	0	0
2019.08.26	00:00:00	1.11430	1.11524	1.10939	1.11011	30102	0	0
2019.08.27	00:00:00	1.11009	1.11154	1.10855	1.10891	22239	0	0
2019.08.28	00:00:00	1.10892	1.10974	1.10729	1.10851	21912	0	0
2019.08.29	00:00:00	1.10850	1.10869	1.10417	1.10587	22007	0	0
2019.08.30	00:00:00	1.10586	1.10595	1.09629	1.09902	24357	0	0
2019.09.01	00:00:00	1.09856	1.09946	1.09816	1.09901	1413	0	0
2019.09.02	00:00:00	1.09899	1.09927	1.09574	1.09639	15124	0	0
2019.09.03	00:00:00	1.09638	1.09782	1.09258	1.09723	28358	0	0
2019.09.04	00:00:00	1.09722	1.10378	1.09713	1.10344	24845	0	0
2019.09.05	00:00:00	1.10343	1.10830	1.10156	1.10335	27641	0	0
2019.09.06	00:00:00	1.10337	1.10562	1.10199	1.10267	25352	0	0
2019.09.08	00:00:00	1.10239	1.10272	1.10175	1.10199	644	0	0
2019.09.09	00:00:00	1.10198	1.10676	1.10138	1.10467	21637	0	0
2019.09.10	00:00:00	1.10466	1.10590	1.10302	1.10496	21324	0	0
2019.09.11	00:00:00	1.10497	1.10550	1.09848	1.10131	21341	0	0
2019.09.12	00:00:00	1.10132	1.10856	1.09251	1.10557	41832	0	0
2019.09.13	00:00:00	1.10559	1.11089	1.10559	1.10740	26188	0	0
2019.09.15	00:00:00	1.10730	1.10855	1.10682	1.10827	1847	0	0
2019.09.16	00:00:00	1.10826	1.10839	1.09931	1.10028	24720	0	0
2019.09.17	00:00:00	1.10027	1.10748	1.09900	1.10734	26794	0	0
2019.09.18	00:00:00	1.10735	1.10742	1.10137	1.10282	28257	0	0
2019.09.19	00:00:00	1.10287	1.10730	1.10226	1.10444	26939	0	0
2019.09.20	00:00:00	1.10442	1.10670	1.09961	1.10188	23645	0	0
2019.09.22	00:00:00	1.10101	1.10195	1.10100	1.10182	922	0	0
2019.09.23	00:00:00	1.10181	1.10247	1.09663	1.09935	24097	0	0
2019.09.24	00:00:00	1.09934	1.10236	1.09826	1.10127	24294	0	0
2019.09.25	00:00:00	1.10126	1.10161	1.09371	1.09510	25185	0	0
2019.09.26	00:00:00	1.09508	1.09665	1.09086	1.09219	24317	0	0
2019.09.27	00:00:00	1.09221	1.09579	1.09046	1.09411	22573	0	0
2019.09.29	00:00:00	1.09383	1.09452	1.09362	1.09419	886	0	0
2019.09.30	00:00:00	1.09418	1.09470	1.08841	1.08989	21752	0	0
2019.10.01	00:00:00	1.08988	1.09420	1.08787	1.09335	27582	0	0
2019.10.02	00:00:00	1.09336	1.09630	1.09036	1.09600	23253	0	0
2019.10.03	00:00:00	1.09598	1.09987	1.09407	1.09740	26814	0	0
2019.10.04	00:00:00	1.09741	1.09970	1.09568	1.09778	23838	0	0
2019.10.06	00:00:00	1.09779	1.09834	1.09730	1.09829	763	0	0
2019.10.07	00:00:00	1.09828	1.09996	1.09616	1.09711	19926	0	0
2019.10.08	00:00:00	1.09712	1.09953	1.09408	1.09594	26153	0	0
2019.10.09	00:00:00	1.09593	1.09896	1.09544	1.09839	20938	0	0
2019.10.10	00:00:00	1.09838	1.10333	1.09794	1.10103	28169	0	0
2019.10.11	00:00:00	1.10104	1.10621	1.10007	1.10366	31109	0	0
2019.10.13	00:00:00	1.10290	1.10360	1.10248	1.10276	1237	0	0
2019.10.14	00:00:00	1.10277	1.10420	1.10125	1.10255	19256	0	0
2019.10.15	00:00:00	1.10254	1.10456	1.09909	1.10341	27914	0	0
2019.10.16	00:00:00	1.10340	1.10849	1.10226	1.10734	28857	0	0
2019.10.17	00:00:00	1.10735	1.11372	1.10649	1.11243	29045	0	0
2019.10.18	00:00:00	1.11244	1.11704	1.11143	1.11693	19918	0	0
2019.10.20	00:00:00	1.11612	1.11622	1.11482	1.11554	1300	0	0
2019.10.21	00:00:00	1.11552	1.11785	1.11385	1.11512	17278	0	0
2019.10.22	00:00:00	1.11511	1.11563	1.11178	1.11285	20493	0	0
2019.10.23	00:00:00	1.11286	1.11395	1.11058	1.11317	16446	0	0
2019.10.24	00:00:00	1.11315	1.11622	1.10927	1.11031	22233	0	0
2019.10.25	00:00:00	1.11034	1.11225	1.10726	1.10797	14666	0	0
2019.10.27	00:00:00	1.10761	1.10836	1.10757	1.10836	1167	0	0
2019.10.28	00:00:00	1.10837	1.11060	1.10758	1.10982	15045	0	0
2019.10.29	00:00:00	1.10981	1.11179	1.10731	1.11117	17612	0	0
2019.10.30	00:00:00	1.11116	1.11549	1.10799	1.11518	24200	0	0
2019.10.31	00:00:00	1.11519	1.11749	1.11312	1.11557	24342	0	0
2019.11.01	00:00:00	1.11556	1.11713	1.11280	1.11649	20346	0	0
2019.11.03	00:00:00	1.11653	1.11667	1.11612	1.11657	576	0	0
2019.11.04	00:00:00	1.11655	1.11748	1.11196	1.11275	17983	0	0
2019.11.05	00:00:00	1.11276	1.11395	1.10631	1.10736	23157	0	0
2019.11.06	00:00:00	1.10737	1.10923	1.10636	1.10696	18277	0	0
2019.11.07	00:00:00	1.10695	1.10910	1.10357	1.10519	24959	0	0
2019.11.08	00:00:00	1.10520	1.10549	1.10163	1.10210	17399	0	0
2019.11.10	00:00:00	1.10175	1.10221	1.10161	1.10216	313	0	0
2019.11.11	00:00:00	1.10214	1.10424	1.10161	1.10343	13381	0	0
2019.11.12	00:00:00	1.10342	1.10381	1.10022	1.10116	17918	0	0
2019.11.13	00:00:00	1.10115	1.10197	1.09950	1.10092	18902	0	0
2019.11.14	00:00:00	1.10090	1.10268	1.09888	1.10193	17370	0	0
2019.11.15	00:00:00	1.10194	1.10563	1.10142	1.10542	13800	0	0
2019.11.17	00:00:00	1.10462	1.10540	1.10462	1.10536	531	0	0
2019.11.18	00:00:00	1.10535	1.10894	1.10531	1.10718	14429	0	0
2019.11.19	00:00:00	1.10717	1.10834	1.10623	1.10776	14087	0	0
2019.11.20	00:00:00	1.10777	1.10808	1.10527	1.10770	16952	0	0
2019.11.21	00:00:00	1.10773	1.10964	1.10520	1.10652	16194	0	0
2019.11.22	00:00:00	1.10651	1.10858	1.10142	1.10222	16825	0	0
2019.11.24	00:00:00	1.10137	1.10221	1.10137	1.10221	589	0	0
2019.11.25	00:00:00	1.10222	1.10317	1.10033	1.10101	15958	0	0
2019.11.26	00:00:00	1.10102	1.10251	1.10068	1.10217	15628	0	0
2019.11.27	00:00:00	1.10216	1.10216	1.09919	1.10044	15554	0	0
2019.11.28	00:00:00	1.10046	1.10172	1.10001	1.10107	10459	0	0
2019.11.29	00:00:00	1.10108	1.10277	1.09807	1.10155	14069	0	0
2019.12.01	00:00:00	1.10207	1.10207	1.10160	1.10179	455	0	0
2019.12.02	00:00:00	1.10178	1.10893	1.10026	1.10756	17221	0	0
2019.12.03	00:00:00	1.10754	1.10927	1.10655	1.10815	16561	0	0
2019.12.04	00:00:00	1.10814	1.11155	1.10664	1.10822	19605	0	0
2019.12.05	00:00:00	1.10820	1.11075	1.10791	1.11038	15751	0	0
2019.12.06	00:00:00	1.11036	1.11090	1.10395	1.10594	15007	0	0
2019.12.08	00:00:00	1.10547	1.10595	1.10534	1.10580	827	0	0
2019.12.09	00:00:00	1.10578	1.10774	1.10530	1.10639	11928	0	0
2019.12.10	00:00:00	1.10638	1.10971	1.10626	1.10920	14504	0	0
2019.12.11	00:00:00	1.10919	1.11444	1.10698	1.11322	19165	0	0
2019.12.12	00:00:00	1.11322	1.11946	1.11027	1.11828	25758	0	0
2019.12.13	00:00:00	1.11829	1.11854	1.11116	1.11162	28344	0	0
2019.12.15	00:00:00	1.11249	1.11280	1.11219	1.11237	805	0	0
2019.12.16	00:00:00	1.11238	1.11576	1.11226	1.11348	17273	0	0
2019.12.17	00:00:00	1.11351	1.11739	1.11290	1.11508	18350	0	0
2019.12.18	00:00:00	1.11509	1.11509	1.11101	1.11150	16226	0	0
2019.12.19	00:00:00	1.11149	1.11435	1.11070	1.11228	17990	0	0
2019.12.20	00:00:00	1.11226	1.11231	1.10660	1.10767	14801	0	0
2019.12.22	00:00:00	1.10788	1.10794	1.10746	1.10789	557	0	0
2019.12.23	00:00:00	1.10796	1.10953	1.10696	1.10915	14195	0	0
2019.12.24	00:00:00	1.10916	1.10934	1.10689	1.10872	10377	0	0
2019.12.26	00:00:00	1.10896	1.11086	1.10819	1.10996	6046	0	0
2019.12.27	00:00:00	1.11004	1.11877	1.10984	1.11757	18242	0	0
2019.12.29	00:00:00	1.11736	1.11829	1.11706	1.11810	1159	0	0
2019.12.30	00:00:00	1.11809	1.12202	1.11802	1.12011	19236	0	0
2019.12.31	00:00:00	1.12010	1.12385	1.11983	1.12286	15030	0	0
2020.01.02	00:00:00	1.12179	1.12241	1.11632	1.11704	18897	0	0
2020.01.03	00:00:00	1.11703	1.11793	1.11246	1.11610	21296	0	0
2020.01.05	00:00:00	1.11616	1.11661	1.11562	1.11597	707	0	0
2020.01.06	00:00:00	1.11600	1.12050	1.11568	1.11950	17646	0	0
2020.01.07	00:00:00	1.11949	1.11966	1.11332	1.11524	21442	0	0
2020.01.08	00:00:00	1.11533	1.11677	1.11015	1.11124	25919	0	0
2020.01.09	00:00:00	1.11125	1.11200	1.10925	1.11086	18005	0	0
2020.01.10	00:00:00	1.11088	1.11286	1.10848	1.11208	17035	0	0
2020.01.12	00:00:00	1.11145	1.11175	1.11120	1.11158	393	0	0
2020.01.13	00:00:00	1.11157	1.11464	1.11122	1.11342	15104	0	0
2020.01.14	00:00:00	1.11341	1.11440	1.11038	1.11272	17740	0	0
2020.01.15	00:00:00	1.11271	1.11628	1.11182	1.11519	15915	0	0
2020.01.16	00:00:00	1.11520	1.11719	1.11276	1.11366	16476	0	0
2020.01.17	00:00:00	1.11365	1.11421	1.10859	1.10923	14891	0	0
2020.01.19	00:00:00	1.10896	1.10940	1.10869	1.10940	489	0	0
2020.01.20	00:00:00	1.10941	1.11018	1.10764	1.10958	10185	0	0
2020.01.21	00:00:00	1.10956	1.11174	1.10785	1.10847	16133	0	0
2020.01.22	00:00:00	1.10848	1.10978	1.10697	1.10952	15824	0	0
2020.01.23	00:00:00	1.10953	1.11081	1.10360	1.10538	20099	0	0
2020.01.24	00:00:00	1.10545	1.10608	1.10194	1.10274	16110	0	0
2020.01.26	00:00:00	1.10279	1.10332	1.10235	1.10238	1215	0	0
2020.01.27	00:00:00	1.10240	1.10371	1.10093	1.10190	14381	0	0
2020.01.28	00:00:00	1.10189	1.10246	1.09976	1.10217	13124	0	0
2020.01.29	00:00:00	1.10218	1.10272	1.09920	1.10134	14183	0	0
2020.01.30	00:00:00	1.10133	1.10387	1.10065	1.10284	15522	0	0
2020.01.31	00:00:00	1.10283	1.10911	1.10165	1.10903	16293	0	0
2020.02.02	00:00:00	1.10895	1.10901	1.10800	1.10887	868	0	0
2020.02.03	00:00:00	1.10885	1.10885	1.10357	1.10618	16264	0	0
2020.02.04	00:00:00	1.10619	1.10636	1.10325	1.10443	15057	0	0
2020.02.05	00:00:00	1.10442	1.10473	1.09932	1.09998	15142	0	0
2020.02.06	00:00:00	1.09999	1.10133	1.09641	1.09804	13894	0	0
2020.02.07	00:00:00	1.09803	1.09845	1.09416	1.09443	16817	0	0
2020.02.09	00:00:00	1.09398	1.09498	1.09397	1.09488	487	0	0
2020.02.10	00:00:00	1.09487	1.09570	1.09073	1.09098	13162	0	0
2020.02.11	00:00:00	1.09099	1.09242	1.08909	1.09185	14821	0	0
2020.02.12	00:00:00	1.09186	1.09251	1.08651	1.08740	15979	0	0
2020.02.13	00:00:00	1.08748	1.08882	1.08337	1.08411	15999	0	0
2020.02.14	00:00:00	1.08410	1.08607	1.08271	1.08302	14475	0	0
2020.02.16	00:00:00	1.08385	1.08411	1.08336	1.08408	702	0	0
2020.02.17	00:00:00	1.08406	1.08504	1.08282	1.08363	10108	0	0
2020.02.18	00:00:00	1.08362	1.08368	1.07853	1.07945	17837	0	0
2020.02.19	00:00:00	1.07943	1.08113	1.07819	1.08093	16374	0	0
2020.02.20	00:00:00	1.08092	1.08204	1.07773	1.07873	20882	0	0
2020.02.21	00:00:00	1.07872	1.08629	1.07868	1.08462	19881	0	0
2020.02.23	00:00:00	1.08214	1.08398	1.08214	1.08380	1207	0	0
2020.02.24	00:00:00	1.08381	1.08715	1.08049	1.08485	25905	0	0
2020.02.25	00:00:00	1.08483	1.08896	1.08300	1.08783	26577	0	0
2020.02.26	00:00:00	1.08790	1.09081	1.08547	1.08847	29363	0	0
2020.02.27	00:00:00	1.08856	1.10057	1.08845	1.09955	35477	0	0
2020.02.28	00:00:00	1.09958	1.10524	1.09506	1.10212	42856	0	0
2020.03.01	00:00:00	1.10411	1.10709	1.10370	1.10515	1726	0	0
2020.03.02	00:00:00	1.10513	1.11839	1.10359	1.11429	50033	0	0
2020.03.03	00:00:00	1.11435	1.12124	1.10950	1.11763	53539	0	0
2020.03.04	00:00:00	1.11762	1.11869	1.10953	1.11377	37996	0	0
2020.03.05	00:00:00	1.11378	1.12443	1.11192	1.12217	37203	0	0
2020.03.06	00:00:00	1.12220	1.13542	1.12113	1.12836	65535	0	0
2020.03.08	00:00:00	1.13423	1.13959	1.13333	1.13873	5722	0	0
2020.03.09	00:00:00	1.13871	1.14960	1.13557	1.13988	121950	0	0
2020.03.10	00:00:00	1.13987	1.14247	1.12747	1.13136	93808	0	0
2020.03.11	00:00:00	1.13135	1.13661	1.12496	1.12609	64954	0	0
2020.03.12	00:00:00	1.12607	1.13329	1.10550	1.11822	122820	0	0
2020.03.13	00:00:00	1.11824	1.12208	1.10548	1.11024	89439	0	0
2020.03.15	00:00:00	1.11221	1.11936	1.11221	1.11572	22986	0	0
2020.03.16	00:00:00	1.11571	1.12362	1.10852	1.11632	116557	0	0
2020.03.17	00:00:00	1.11631	1.11887	1.09547	1.10159	92203	0	0
2020.03.18	00:00:00	1.10161	1.10447	1.08017	1.09436	109962	0	0
2020.03.19	00:00:00	1.09435	1.09488	1.06530	1.06545	159494	0	0
2020.03.20	00:00:00	1.06544	1.08304	1.06374	1.06893	136268	0	0
2020.03.22	00:00:00	1.07021	1.07031	1.06335	1.06887	6776	0	0
2020.03.23	00:00:00	1.06885	1.08276	1.06580	1.07634	117562	0	0
2020.03.24	00:00:00	1.07632	1.08874	1.07456	1.07979	94498	0	0
2020.03.25	00:00:00	1.07980	1.08934	1.07594	1.08883	79202	0	0
2020.03.26	00:00:00	1.08882	1.10582	1.08743	1.10472	82104	0	0
2020.03.27	00:00:00	1.10473	1.11468	1.09531	1.11364	78606	0	0
2020.03.29	00:00:00	1.11170	1.11438	1.11037	1.11362	3230	0	0
2020.03.30	00:00:00	1.11361	1.11380	1.10097	1.10286	66088	0	0
2020.03.31	00:00:00	1.10285	1.10423	1.09263	1.10255	74949	0	0
2020.04.01	00:00:00	1.10257	1.10357	1.09025	1.09510	57196	0	0
2020.04.02	00:00:00	1.09511	1.09639	1.08203	1.08457	58319	0	0
2020.04.03	00:00:00	1.08455	1.08548	1.07725	1.08005	47662	0	0
2020.04.05	00:00:00	1.08112	1.08186	1.08005	1.08051	3357	0	0
2020.04.06	00:00:00	1.08050	1.08347	1.07680	1.07985	46416	0	0
2020.04.07	00:00:00	1.07986	1.09255	1.07901	1.08933	46088	0	0
2020.04.08	00:00:00	1.08932	1.08964	1.08297	1.08594	43547	0	0
2020.04.09	00:00:00	1.08595	1.09513	1.08407	1.09210	47418	0	0
2020.04.10	00:00:00	1.09216	1.09504	1.09171	1.09314	32005	0	0
2020.04.12	00:00:00	1.09376	1.09391	1.09302	1.09312	1895	0	0
2020.04.13	00:00:00	1.09310	1.09674	1.08924	1.09195	29064	0	0
2020.04.14	00:00:00	1.09193	1.09884	1.09148	1.09833	38069	0	0
2020.04.15	00:00:00	1.09831	1.09868	1.08565	1.09033	38280	0	0
2020.04.16	00:00:00	1.09034	1.09068	1.08163	1.08584	67358	0	0
2020.04.17	00:00:00	1.08585	1.08921	1.08117	1.08704	58714	0	0
2020.04.19	00:00:00	1.08672	1.08722	1.08623	1.08634	1765	0	0
2020.04.20	00:00:00	1.08633	1.08961	1.08408	1.08634	47599	0	0
2020.04.21	00:00:00	1.08635	1.08797	1.08163	1.08560	57913	0	0
2020.04.22	00:00:00	1.08561	1.08846	1.08027	1.08058	46227	0	0
2020.04.23	00:00:00	1.08059	1.08461	1.07556	1.07741	71272	0	0
2020.04.24	00:00:00	1.07740	1.08284	1.07267	1.08218	55935	0	0
2020.04.26	00:00:00	1.08182	1.08209	1.08118	1.08205	1368	0	0
2020.04.27	00:00:00	1.08206	1.08596	1.08109	1.08240	47753	0	0
2020.04.28	00:00:00	1.08239	1.08880	1.08093	1.08322	50438	0	0
2020.04.29	00:00:00	1.08321	1.08850	1.08305	1.08770	51658	0	0
2020.04.30	00:00:00	1.08768	1.09721	1.08326	1.09445	77619	0	0
2020.05.01	00:00:00	1.09444	1.10182	1.09342	1.09781	46994	0	0
2020.05.03	00:00:00	1.09695	1.09700	1.09502	1.09603	2219	0	0
2020.05.04	00:00:00	1.09604	1.09605	1.08953	1.09029	47906	0	0
2020.05.05	00:00:00	1.09030	1.09254	1.08255	1.08382	56588	0	0
2020.05.06	00:00:00	1.08381	1.08434	1.07815	1.07977	50365	0	0
2020.05.07	00:00:00	1.07976	1.08398	1.07662	1.08360	57704	0	0
2020.05.08	00:00:00	1.08359	1.08751	1.08148	1.08364	42771	0	0
2020.05.10	00:00:00	1.08238	1.08392	1.08229	1.08375	1829	0	0
2020.05.11	00:00:00	1.08374	1.08500	1.07992	1.08089	44515	0	0
2020.05.12	00:00:00	1.08088	1.08847	1.07840	1.08451	48134	0	0
2020.05.13	00:00:00	1.08450	1.08959	1.08113	1.08207	54746	0	0
2020.05.14	00:00:00	1.08205	1.08235	1.07745	1.08057	49974	0	0
2020.05.15	00:00:00	1.08058	1.08506	1.07885	1.08187	47448	0	0
2020.05.17	00:00:00	1.08081	1.08227	1.08071	1.08184	1506	0	0
2020.05.18	00:00:00	1.08183	1.09265	1.07994	1.09136	50501	0	0
2020.05.19	00:00:00	1.09135	1.09755	1.09018	1.09255	51450	0	0
2020.05.20	00:00:00	1.09256	1.09985	1.09256	1.09794	45142	0	0
2020.05.21	00:00:00	1.09792	1.10078	1.09370	1.09487	49651	0	0
2020.05.22	00:00:00	1.09489	1.09532	1.08849	1.08974	40075	0	0
2020.05.24	00:00:00	1.08950	1.09079	1.08919	1.09077	1235	0	0
2020.05.25	00:00:00	1.09076	1.09140	1.08702	1.09012	23168	0	0
2020.05.26	00:00:00	1.09013	1.09954	1.08964	1.09781	44316	0	0
2020.05.27	00:00:00	1.09780	1.10302	1.09335	1.10162	80521	0	0
2020.05.28	00:00:00	1.10161	1.10930	1.09913	1.10777	67333	0	0
2020.05.29	00:00:00	1.10776	1.11447	1.10696	1.10957	80863	0	0
2020.05.31	00:00:00	1.11113	1.11191	1.10987	1.11153	2417	0	0
2020.06.01	00:00:00	1.11155	1.11534	1.11000	1.11249	60164	0	0
2020.06.02	00:00:00	1.11250	1.11955	1.11147	1.11847	71368	0	0
2020.06.03	00:00:00	1.11846	1.12573	1.11794	1.12346	80479	0	0
2020.06.04	00:00:00	1.12347	1.13619	1.11943	1.13351	98157	0	0
2020.06.05	00:00:00	1.13352	1.13832	1.12781	1.12908	87057	0	0
2020.06.07	00:00:00	1.12939	1.13192	1.12905	1.13157	1993	0	0
2020.06.08	00:00:00	1.13156	1.13180	1.12679	1.13038	60005	0	0
2020.06.09	00:00:00	1.13036	1.13633	1.12406	1.13319	70779	0	0
2020.06.10	00:00:00	1.13318	1.14219	1.13221	1.13664	96498	0	0
2020.06.11	00:00:00	1.13665	1.14031	1.12844	1.12875	110950	0	0
2020.06.12	00:00:00	1.12876	1.13400	1.12202	1.12548	87098	0	0
2020.06.14	00:00:00	1.12327	1.12578	1.12238	1.12513	3963	0	0
2020.06.15	00:00:00	1.12514	1.13377	1.12264	1.13372	87427	0	0
2020.06.16	00:00:00	1.13373	1.13529	1.12273	1.12646	91175	0	0
2020.06.17	00:00:00	1.12645	1.12935	1.12067	1.12416	77034	0	0
2020.06.18	00:00:00	1.12415	1.12609	1.11853	1.12073	70704	0	0
2020.06.19	00:00:00	1.12074	1.12539	1.11678	1.11768	63032	0	0
2020.06.21	00:00:00	1.11778	1.11848	1.11682	1.11763	2475	0	0
2020.06.22	00:00:00	1.11764	1.12805	1.11734	1.12774	55008	0	0
2020.06.23	00:00:00	1.12773	1.13481	1.12327	1.13122	71134	0	0
2020.06.24	00:00:00	1.13121	1.13253	1.12468	1.12495	65684	0	0
2020.06.25	00:00:00	1.12496	1.12593	1.11900	1.12176	61126	0	0
2020.06.26	00:00:00	1.12175	1.12388	1.11949	1.12184	43135	0	0
2020.06.28	00:00:00	1.12191	1.12263	1.12144	1.12216	1371	0	0
2020.06.29	00:00:00	1.12217	1.12873	1.12190	1.12463	47034	0	0
2020.06.30	00:00:00	1.12464	1.12614	1.11907	1.12332	57432	0	0
2020.07.01	00:00:00	1.12331	1.12746	1.11841	1.12508	52497	0	0
2020.07.02	00:00:00	1.12507	1.13022	1.12230	1.12370	52256	0	0
2020.07.03	00:00:00	1.12371	1.12519	1.12190	1.12425	38997	0	0
2020.07.05	00:00:00	1.12421	1.12491	1.12394	1.12463	1028	0	0
2020.07.06	00:00:00	1.12464	1.13449	1.12463	1.13121	49014	0	0
2020.07.07	00:00:00	1.13119	1.13320	1.12585	1.12741	54023	0	0
2020.07.08	00:00:00	1.12742	1.13512	1.12619	1.13369	51690	0	0
2020.07.09	00:00:00	1.13370	1.13702	1.12791	1.12875	63051	0	0
2020.07.10	00:00:00	1.12876	1.13243	1.12545	1.12990	45620	0	0
2020.07.12	00:00:00	1.13002	1.13168	1.12992	1.13082	1734	0	0
2020.07.13	00:00:00	1.13083	1.13744	1.13005	1.13445	47857	0	0
2020.07.14	00:00:00	1.13443	1.14111	1.13248	1.14098	55677	0	0
2020.07.15	00:00:00	1.14097	1.14514	1.13907	1.14165	51323	0	0
2020.07.16	00:00:00	1.14164	1.14413	1.13701	1.13875	55725	0	0
2020.07.17	00:00:00	1.13874	1.14432	1.13772	1.14272	37755	0	0
2020.07.19	00:00:00	1.14146	1.14452	1.14132	1.14418	2354	0	0
2020.07.20	00:00:00	1.14417	1.14673	1.14022	1.14554	58541	0	0
2020.07.21	00:00:00	1.14555	1.15417	1.14226	1.15348	66260	0	0
2020.07.22	00:00:00	1.15347	1.16007	1.15064	1.15643	75264	0	0
2020.07.23	00:00:00	1.15642	1.16262	1.15400	1.15948	64686	0	0
2020.07.24	00:00:00	1.15949	1.16575	1.15809	1.16509	65525	0	0
2020.07.26	00:00:00	1.16407	1.16550	1.16385	1.16494	3968	0	0
2020.07.27	00:00:00	1.16493	1.17808	1.16492	1.17677	70670	0	0
2020.07.28	00:00:00	1.17676	1.17732	1.16983	1.17181	70439	0	0
2020.07.29	00:00:00	1.17182	1.18058	1.17137	1.17804	72612	0	0
2020.07.30	00:00:00	1.17803	1.18759	1.17304	1.18715	76481	0	0
2020.07.31	00:00:00	1.18716	1.19083	1.17613	1.17746	94615	0	0
2020.08.02	00:00:00	1.17701	1.17962	1.17680	1.17808	2664	0	0
2020.08.03	00:00:00	1.17809	1.17884	1.16955	1.17598	70269	0	0
2020.08.04	00:00:00	1.17597	1.18144	1.17210	1.18132	65285	0	0
2020.08.05	00:00:00	1.18134	1.19044	1.17990	1.18718	65455	0	0
2020.08.06	00:00:00	1.18717	1.19156	1.18176	1.18749	86963	0	0
2020.08.07	00:00:00	1.18748	1.18814	1.17550	1.17824	81585	0	0
2020.08.09	00:00:00	1.17853	1.17856	1.17706	1.17808	1752	0	0
2020.08.10	00:00:00	1.17809	1.18002	1.17324	1.17357	50820	0	0
2020.08.11	00:00:00	1.17359	1.18072	1.17218	1.17345	75700	0	0
2020.08.12	00:00:00	1.17346	1.18161	1.17107	1.17937	71066	0	0
2020.08.13	00:00:00	1.17936	1.18636	1.17931	1.18151	64891	0	0
2020.08.14	00:00:00	1.18152	1.18499	1.17814	1.18372	53488	0	0
2020.08.16	00:00:00	1.18370	1.18525	1.18295	1.18516	1370	0	0
2020.08.17	00:00:00	1.18515	1.18805	1.18283	1.18743	45838	0	0
2020.08.18	00:00:00	1.18742	1.19651	1.18738	1.19459	62351	0	0
2020.08.19	00:00:00	1.19458	1.19523	1.18299	1.18433	71671	0	0
2020.08.20	00:00:00	1.18434	1.18706	1.18018	1.18692	71622	0	0
2020.08.21	00:00:00	1.18693	1.18824	1.17537	1.17910	63438	0	0
2020.08.23	00:00:00	1.17911	1.18062	1.17907	1.17979	1726	0	0
2020.08.24	00:00:00	1.17978	1.18491	1.17829	1.17932	47146	0	0
2020.08.25	00:00:00	1.17931	1.18429	1.17838	1.18337	58548	0	0
2020.08.26	00:00:00	1.18336	1.18400	1.17720	1.18395	53377	0	0
2020.08.27	00:00:00	1.18397	1.18963	1.17621	1.18200	96941	0	0
2020.08.28	00:00:00	1.18201	1.19193	1.18106	1.18955	67040	0	0
2020.08.30	00:00:00	1.19006	1.19197	1.18973	1.19169	2438	0	0
2020.08.31	00:00:00	1.19168	1.19655	1.18836	1.19363	53824	0	0
2020.09.01	00:00:00	1.19364	1.20105	1.19010	1.19221	82515	0	0
2020.09.02	00:00:00	1.19222	1.19234	1.18219	1.18453	69356	0	0
2020.09.03	00:00:00	1.18454	1.18641	1.17886	1.18409	72507	0	0
2020.09.04	00:00:00	1.18410	1.18648	1.17805	1.18352	72387	0	0
2020.09.06	00:00:00	1.18414	1.18431	1.18331	1.18340	1449	0	0
2020.09.07	00:00:00	1.18342	1.18482	1.18093	1.18183	33941	0	0
2020.09.08	00:00:00	1.18184	1.18269	1.17542	1.17664	74055	0	0
2020.09.09	00:00:00	1.17663	1.18334	1.17524	1.18032	64238	0	0
2020.09.10	00:00:00	1.18031	1.19169	1.18002	1.18230	66481	0	0
2020.09.11	00:00:00	1.18231	1.18736	1.18231	1.18416	37645	0	0
2020.09.13	00:00:00	1.18338	1.18461	1.18315	1.18401	1115	0	0
2020.09.14	00:00:00	1.18400	1.18874	1.18317	1.18667	30693	0	0
2020.09.15	00:00:00	1.18668	1.18999	1.18391	1.18416	35736	0	0
2020.09.16	00:00:00	1.18418	1.18819	1.17875	1.18039	56763	0	0
2020.09.17	00:00:00	1.18041	1.18557	1.17372	1.18466	54888	0	0
2020.09.18	00:00:00	1.18467	1.18698	1.18257	1.18351	37220	0	0
2020.09.20	00:00:00	1.18429	1.18495	1.18370	1.18452	1252	0	0
2020.09.21	00:00:00	1.18450	1.18712	1.17314	1.17624	49236	0	0
2020.09.22	00:00:00	1.17622	1.17711	1.16919	1.17059	51497	0	0
2020.09.23	00:00:00	1.17058	1.17185	1.16510	1.16564	52021	0	0
2020.09.24	00:00:00	1.16566	1.16864	1.16261	1.16732	50259	0	0
2020.09.25	00:00:00	1.16731	1.16844	1.16119	1.16263	42804	0	0
2020.09.27	00:00:00	1.16194	1.16355	1.16190	1.16338	1283	0	0
2020.09.28	00:00:00	1.16339	1.16795	1.16147	1.16765	37155	0	0
2020.09.29	00:00:00	1.16766	1.17453	1.16647	1.17413	39270	0	0
2020.09.30	00:00:00	1.17411	1.17543	1.16842	1.17229	57421	0	0
2020.10.01	00:00:00	1.17231	1.17692	1.17168	1.17436	55507	0	0
2020.10.02	00:00:00	1.17434	1.17441	1.16954	1.17136	59029	0	0
2020.10.04	00:00:00	1.17101	1.17196	1.17050	1.17192	1788	0	0
2020.10.05	00:00:00	1.17193	1.17970	1.17174	1.17887	35501	0	0
2020.10.06	00:00:00	1.17886	1.18070	1.17275	1.17367	47943	0	0
2020.10.07	00:00:00	1.17368	1.17814	1.17247	1.17653	39124	0	0
2020.10.08	00:00:00	1.17652	1.17812	1.17325	1.17665	33004	0	0
2020.10.09	00:00:00	1.17664	1.18302	1.17574	1.18217	31808	0	0
2020.10.11	00:00:00	1.18121	1.18212	1.18073	1.18154	1515	0	0
2020.10.12	00:00:00	1.18152	1.18262	1.17864	1.18125	27238	0	0
2020.10.13	00:00:00	1.18127	1.18135	1.17302	1.17417	34787	0	0
2020.10.14	00:00:00	1.17416	1.17705	1.17186	1.17442	33235	0	0
2020.10.15	00:00:00	1.17443	1.17573	1.16880	1.17061	36965	0	0
2020.10.16	00:00:00	1.17060	1.17456	1.16937	1.17125	32218	0	0
2020.10.18	00:00:00	1.17156	1.17172	1.17095	1.17151	1167	0	0
2020.10.19	00:00:00	1.17149	1.17932	1.17028	1.17680	30556	0	0
2020.10.20	00:00:00	1.17678	1.18403	1.17596	1.18286	31183	0	0
2020.10.21	00:00:00	1.18285	1.18803	1.18277	1.18513	38010	0	0
2020.10.22	00:00:00	1.18511	1.18664	1.18111	1.18142	33213	0	0
2020.10.23	00:00:00	1.18141	1.18643	1.17864	1.18561	32421	0	0
2020.10.25	00:00:00	1.18514	1.18570	1.18385	1.18477	2051	0	0
2020.10.26	00:00:00	1.18476	1.18500	1.18029	1.18086	32031	0	0
2020.10.27	00:00:00	1.18084	1.18383	1.17668	1.17811	29345	0	0
2020.10.28	00:00:00	1.17813	1.17876	1.17174	1.17478	39563	0	0
2020.10.29	00:00:00	1.17479	1.17582	1.16498	1.16779	45099	0	0
2020.10.30	00:00:00	1.16777	1.17038	1.16396	1.16429	39935	0	0
2020.11.01	00:00:00	1.16449	1.16464	1.16358	1.16404	1133	0	0
2020.11.02	00:00:00	1.16412	1.16552	1.16209	1.16392	33177	0	0
2020.11.03	00:00:00	1.16400	1.17624	1.16369	1.17606	32608	0	0
2020.11.04	00:00:00	1.17614	1.17701	1.16022	1.17311	120311	0	0
2020.11.05	00:00:00	1.17318	1.18592	1.17104	1.18136	64029	0	0
2020.11.06	00:00:00	1.18164	1.18905	1.17950	1.18701	58425	0	0
2020.11.08	00:00:00	1.18830	1.18920	1.18794	1.18895	1056	0	0
2020.11.09	00:00:00	1.18921	1.19196	1.17950	1.18230	81384	0	0
2020.11.10	00:00:00	1.18238	1.18428	1.17793	1.18173	63232	0	0
2020.11.11	00:00:00	1.18180	1.18323	1.17451	1.17781	37665	0	0
2020.11.12	00:00:00	1.17789	1.18226	1.17583	1.18029	38877	0	0
2020.11.13	00:00:00	1.18036	1.18369	1.17991	1.18306	28039	0	0
2020.11.15	00:00:00	1.18305	1.18458	1.18283	1.18418	879	0	0
2020.11.16	00:00:00	1.18443	1.18683	1.18138	1.18581	37968	0	0
2020.11.17	00:00:00	1.18589	1.18933	1.18422	1.18624	29309	0	0
2020.11.18	00:00:00	1.18632	1.18905	1.18424	1.18441	31804	0	0
2020.11.19	00:00:00	1.18449	1.18820	1.18159	1.18641	33543	0	0
2020.11.20	00:00:00	1.18650	1.18903	1.18494	1.18513	28693	0	0
2020.11.22	00:00:00	1.18507	1.18631	1.18498	1.18626	776	0	0
2020.11.23	00:00:00	1.18652	1.19055	1.17997	1.18411	34353	0	0
2020.11.24	00:00:00	1.18419	1.18966	1.18381	1.18963	34948	0	0
2020.11.25	00:00:00	1.18971	1.19293	1.18814	1.19152	40222	0	0
2020.11.26	00:00:00	1.19160	1.19404	1.18850	1.19098	22512	0	0
2020.11.27	00:00:00	1.19106	1.19619	1.19091	1.19588	25199	0	0
2020.11.29	00:00:00	1.19583	1.19709	1.19583	1.19679	812	0	0
2020.11.30	00:00:00	1.19708	1.20027	1.19193	1.19362	36629	0	0
2020.12.01	00:00:00	1.19369	1.20762	1.19350	1.20695	41646	0	0
2020.12.02	00:00:00	1.20703	1.21180	1.20396	1.21128	43790	0	0
2020.12.03	00:00:00	1.21136	1.21741	1.21007	1.21420	40623	0	0
2020.12.04	00:00:00	1.21447	1.21770	1.21097	1.21156	43275	0	0
2020.12.06	00:00:00	1.21219	1.21288	1.21150	1.21172	910	0	0
2020.12.07	00:00:00	1.21197	1.21658	1.20781	1.21083	39743	0	0
2020.12.08	00:00:00	1.21091	1.21336	1.20951	1.21084	39808	0	0
2020.12.09	00:00:00	1.21091	1.21470	1.20584	1.20773	38457	0	0
2020.12.10	00:00:00	1.20780	1.21585	1.20780	1.21422	50898	0	0
2020.12.11	00:00:00	1.21430	1.21624	1.21049	1.21064	37625	0	0
2020.12.13	00:00:00	1.21300	1.21366	1.21280	1.21303	990	0	0
2020.12.14	00:00:00	1.21328	1.21762	1.21152	1.21475	33378	0	0
2020.12.15	00:00:00	1.21483	1.21684	1.21213	1.21531	33689	0	0
2020.12.16	00:00:00	1.21539	1.22117	1.21247	1.21950	45485	0	0
2020.12.17	00:00:00	1.21957	1.22722	1.21894	1.22603	36831	0	0
2020.12.18	00:00:00	1.22610	1.22681	1.22251	1.22527	31954	0	0
2020.12.20	00:00:00	1.22226	1.22301	1.22075	1.22088	1112	0	0
2020.12.21	00:00:00	1.22114	1.22525	1.21292	1.22338	61582	0	0
2020.12.22	00:00:00	1.22345	1.22567	1.21518	1.21848	42155	0	0
2020.12.23	00:00:00	1.21870	1.22206	1.21536	1.21928	43026	0	0
2020.12.24	00:00:00	1.21936	1.22152	1.21770	1.21818	23819	0	0
2020.12.27	00:00:00	1.21859	1.22036	1.21769	1.22011	932	0	0
2020.12.28	00:00:00	1.22036	1.22500	1.21807	1.22184	36252	0	0
2020.12.29	00:00:00	1.22192	1.22747	1.22191	1.22511	33228	0	0
2020.12.30	00:00:00	1.22519	1.23094	1.22509	1.22957	39405	0	0
2020.12.31	00:00:00	1.22982	1.23089	1.22080	1.22161	35839	0	0
2021.01.03	00:00:00	1.22287	1.22498	1.22266	1.22471	1353	0	0
2021.01.04	00:00:00	1.22495	1.23094	1.22383	1.22515	50211	0	0
2021.01.05	00:00:00	1.22523	1.23052	1.22468	1.22957	43569	0	0
2021.01.06	00:00:00	1.22982	1.23490	1.22652	1.23372	70316	0	0
2021.01.07	00:00:00	1.23379	1.23439	1.22447	1.22662	53390	0	0
2021.01.08	00:00:00	1.22687	1.22841	1.21926	1.22166	64126	0	0
2021.01.10	00:00:00	1.22128	1.22219	1.21789	1.21842	1446	0	0
2021.01.11	00:00:00	1.21867	1.21993	1.21319	1.21594	46783	0	0
2021.01.12	00:00:00	1.21601	1.22092	1.21368	1.22075	43756	0	0
2021.01.13	00:00:00	1.22083	1.22223	1.21395	1.21608	40926	0	0
2021.01.14	00:00:00	1.21615	1.21779	1.21106	1.21478	47960	0	0
2021.01.15	00:00:00	1.21503	1.21620	1.20701	1.20701	38785	0	0
2021.01.17	00:00:00	1.20743	1.20835	1.20632	1.20634	1071	0	0
2021.01.18	00:00:00	1.20659	1.20863	1.20532	1.20765	27113	0	0
2021.01.19	00:00:00	1.20773	1.21444	1.20770	1.21382	32452	0	0
2021.01.20	00:00:00	1.21389	1.21577	1.20763	1.21134	35688	0	0
2021.01.21	00:00:00	1.21142	1.21724	1.21090	1.21644	40131	0	0
2021.01.22	00:00:00	1.21652	1.21890	1.21511	1.21673	33278	0	0
2021.01.24	00:00:00	1.21621	1.21678	1.21571	1.21641	764	0	0
2021.01.25	00:00:00	1.21666	1.21828	1.21156	1.21401	36077	0	0
2021.01.26	00:00:00	1.21425	1.21755	1.21074	1.21621	34817	0	0
2021.01.27	00:00:00	1.21629	1.21693	1.20581	1.20999	51277	0	0
2021.01.28	00:00:00	1.21025	1.21416	1.20804	1.21199	49863	0	0
2021.01.29	00:00:00	1.21206	1.21554	1.20940	1.21325	50621	0	0
2021.01.31	00:00:00	1.21268	1.21283	1.21177	1.21200	1363	0	0
2021.02.01	00:00:00	1.21224	1.21360	1.20555	1.20666	40502	0	0
2021.02.02	00:00:00	1.20673	1.20873	1.20112	1.20354	38694	0	0
2021.02.03	00:00:00	1.20363	1.20496	1.20037	1.20401	31228	0	0
2021.02.04	00:00:00	1.20409	1.20423	1.19554	1.19651	33216	0	0
2021.02.05	00:00:00	1.19659	1.20494	1.19519	1.20448	32720	0	0
2021.02.07	00:00:00	1.20367	1.20488	1.20318	1.20455	1071	0	0
2021.02.08	00:00:00	1.20480	1.20653	1.20193	1.20511	28259	0	0
2021.02.09	00:00:00	1.20518	1.21213	1.20489	1.21150	32591	0	0
2021.02.10	00:00:00	1.21158	1.21435	1.21085	1.21178	31715	0	0
2021.02.11	00:00:00	1.21186	1.21489	1.21131	1.21295	23517	0	0
2021.02.12	00:00:00	1.21302	1.21327	1.20812	1.21150	24498	0	0
2021.02.14	00:00:00	1.21189	1.21223	1.21150	1.21192	797	0	0
2021.02.15	00:00:00	1.21199	1.21446	1.21164	1.21309	18651	0	0
2021.02.16	00:00:00	1.21317	1.21689	1.20831	1.20868	32663	0	0
2021.02.17	00:00:00	1.20876	1.20979	1.20228	1.20442	35200	0	0
2021.02.18	00:00:00	1.20450	1.20946	1.20353	1.20906	31115	0	0
2021.02.19	00:00:00	1.20914	1.21440	1.20820	1.21141	29112	0	0
2021.02.21	00:00:00	1.21151	1.21262	1.21121	1.21219	893	0	0
2021.02.22	00:00:00	1.21242	1.21689	1.20908	1.21628	36467	0	0
2021.02.23	00:00:00	1.21635	1.21795	1.21350	1.21481	35951	0	0
2021.02.24	00:00:00	1.21503	1.21742	1.21087	1.21683	43849	0	0
2021.02.25	00:00:00	1.21691	1.22425	1.21549	1.21549	57541	0	0
2021.02.26	00:00:00	1.21574	1.21821	1.20618	1.20680	68755	0	0
2021.02.28	00:00:00	1.20688	1.20906	1.20669	1.20892	1450	0	0
2021.03.01	00:00:00	1.20900	1.21007	1.20272	1.20474	42087	0	0
2021.03.02	00:00:00	1.20482	1.20939	1.19913	1.20820	41263	0	0
2021.03.03	00:00:00	1.20845	1.21128	1.20408	1.20437	43354	0	0
2021.03.04	00:00:00	1.20461	1.20626	1.19579	1.19660	57172	0	0
2021.03.05	00:00:00	1.19667	1.19681	1.18928	1.19071	64691	0	0
2021.03.07	00:00:00	1.19132	1.19292	1.19122	1.19233	1108	0	0
2021.03.08	00:00:00	1.19258	1.19318	1.18422	1.18497	45964	0	0
2021.03.09	00:00:00	1.18505	1.19152	1.18352	1.18943	43930	0	0
2021.03.10	00:00:00	1.18966	1.19292	1.18684	1.19232	41893	0	0
2021.03.11	00:00:00	1.19240	1.19894	1.19150	1.19797	41758	0	0
2021.03.12	00:00:00	1.19805	1.19880	1.19096	1.19484	36496	0	0
2021.03.14	00:00:00	1.19435	1.19525	1.19409	1.19497	1528	0	0
2021.03.15	00:00:00	1.19498	1.19670	1.19099	1.19258	30742	0	0
2021.03.16	00:00:00	1.19259	1.19514	1.18819	1.19017	31482	0	0
2021.03.17	00:00:00	1.19016	1.19852	1.18858	1.19822	38175	0	0
2021.03.18	00:00:00	1.19820	1.19882	1.19058	1.19171	43896	0	0
2021.03.19	00:00:00	1.19172	1.19367	1.18734	1.19041	34563	0	0
2021.03.21	00:00:00	1.18745	1.18896	1.18693	1.18833	1351	0	0
2021.03.22	00:00:00	1.18834	1.19463	1.18743	1.19319	29917	0	0
2021.03.23	00:00:00	1.19318	1.19402	1.18358	1.18391	31731	0	0
2021.03.24	00:00:00	1.18393	1.18505	1.18062	1.18124	33268	0	0
2021.03.25	00:00:00	1.18126	1.18272	1.17583	1.17752	34750	0	0
2021.03.26	00:00:00	1.17754	1.18045	1.17713	1.17936	24864	0	0
2021.03.28	00:00:00	1.17900	1.17915	1.17853	1.17870	1112	0	0
2021.03.29	00:00:00	1.17871	1.17933	1.17597	1.17681	28813	0	0
2021.03.30	00:00:00	1.17680	1.17733	1.17107	1.17228	27597	0	0
2021.03.31	00:00:00	1.17227	1.17594	1.17037	1.17267	30257	0	0
2021.04.01	00:00:00	1.17266	1.17812	1.17123	1.17760	35516	0	0
2021.04.02	00:00:00	1.17765	1.17853	1.17480	1.17543	9545	0	0
2021.04.04	00:00:00	1.17529	1.17674	1.17519	1.17672	1745	0	0
2021.04.05	00:00:00	1.17673	1.18191	1.17374	1.18165	22377	0	0
2021.04.06	00:00:00	1.18166	1.18773	1.17948	1.18734	39043	0	0
2021.04.07	00:00:00	1.18735	1.19143	1.18605	1.18720	41083	0	0
2021.04.08	00:00:00	1.18721	1.19269	1.18603	1.19149	38071	0	0
2021.04.09	00:00:00	1.19148	1.19197	1.18667	1.18991	38064	0	0
2021.04.11	00:00:00	1.18885	1.19031	1.18878	1.18956	1204	0	0
2021.04.12	00:00:00	1.18956	1.19187	1.18708	1.19113	36676	0	0
2021.04.13	00:00:00	1.19114	1.19555	1.18776	1.19533	47147	0	0
2021.04.14	00:00:00	1.19535	1.19868	1.19506	1.19828	39646	0	0
2021.04.15	00:00:00	1.19829	1.19929	1.19558	1.19689	40574	0	0
2021.04.16	00:00:00	1.19689	1.19942	1.19501	1.19817	35321	0	0
2021.04.18	00:00:00	1.19695	1.19730	1.19666	1.19684	1183	0	0
2021.04.19	00:00:00	1.19686	1.20475	1.19421	1.20420	42763	0	0
2021.04.20	00:00:00	1.20421	1.20794	1.20221	1.20320	44269	0	0
2021.04.21	00:00:00	1.20318	1.20433	1.19981	1.20369	36003	0	0
2021.04.22	00:00:00	1.20367	1.20691	1.19932	1.20140	48342	0	0
2021.04.23	00:00:00	1.20141	1.20995	1.20125	1.20968	37381	0	0
2021.04.25	00:00:00	1.20882	1.20945	1.20877	1.20889	1023	0	0
2021.04.26	00:00:00	1.20891	1.21164	1.20607	1.20791	37803	0	0
2021.04.27	00:00:00	1.20792	1.20924	1.20564	1.20889	35712	0	0
2021.04.28	00:00:00	1.20889	1.21349	1.20558	1.21344	52358	0	0
2021.04.29	00:00:00	1.21346	1.21494	1.21018	1.21242	43214	0	0
2021.04.30	00:00:00	1.21242	1.21260	1.20161	1.20197	44766	0	0
2021.05.02	00:00:00	1.20236	1.20297	1.20214	1.20268	912	0	0
2021.05.03	00:00:00	1.20269	1.20757	1.20127	1.20585	35054	0	0
2021.05.04	00:00:00	1.20586	1.20596	1.19986	1.20141	47811	0	0
2021.05.05	00:00:00	1.20142	1.20261	1.19855	1.20070	38586	0	0
2021.05.06	00:00:00	1.20071	1.20711	1.19928	1.20647	40442	0	0
2021.05.07	00:00:00	1.20648	1.21710	1.20525	1.21632	54807	0	0
2021.05.09	00:00:00	1.21599	1.21764	1.21584	1.21701	1259	0	0
2021.05.10	00:00:00	1.21702	1.21778	1.21250	1.21399	46359	0	0
2021.05.11	00:00:00	1.21401	1.21811	1.21227	1.21438	50535	0	0
2021.05.12	00:00:00	1.21437	1.21517	1.20652	1.20772	66496	0	0
2021.05.13	00:00:00	1.20773	1.21057	1.20510	1.20764	58707	0	0
2021.05.14	00:00:00	1.20764	1.21472	1.20705	1.21452	45731	0	0
2021.05.16	00:00:00	1.21368	1.21507	1.21368	1.21495	797	0	0
2021.05.17	00:00:00	1.21494	1.21684	1.21257	1.21560	39559	0	0
2021.05.18	00:00:00	1.21559	1.22336	1.21532	1.22220	40815	0	0
2021.05.19	00:00:00	1.22221	1.22448	1.21596	1.21701	63740	0	0
2021.05.20	00:00:00	1.21702	1.22287	1.21686	1.22245	43696	0	0
2021.05.21	00:00:00	1.22247	1.22393	1.21604	1.21803	48235	0	0
2021.05.23	00:00:00	1.21756	1.21838	1.21676	1.21802	923	0	0
2021.05.24	00:00:00	1.21804	1.22296	1.21745	1.22137	39811	0	0
2021.05.25	00:00:00	1.22138	1.22659	1.22112	1.22466	45830	0	0
2021.05.26	00:00:00	1.22467	1.22624	1.21807	1.21916	43384	0	0
2021.05.27	00:00:00	1.21915	1.22145	1.21747	1.21924	45540	0	0
2021.05.28	00:00:00	1.21923	1.22045	1.21322	1.21919	44009	0	0
2021.05.30	00:00:00	1.21949	1.21956	1.21874	1.21890	833	0	0
2021.05.31	00:00:00	1.21892	1.22338	1.21829	1.22321	25689	0	0
2021.06.01	00:00:00	1.22322	1.22539	1.22093	1.22170	38664	0	0
2021.06.02	00:00:00	1.22171	1.22261	1.21637	1.22091	37576	0	0
2021.06.03	00:00:00	1.22090	1.22137	1.21178	1.21296	44384	0	0
2021.06.04	00:00:00	1.21297	1.21851	1.21035	1.21664	43885	0	0
2021.06.06	00:00:00	1.21590	1.21672	1.21570	1.21662	668	0	0
2021.06.07	00:00:00	1.21663	1.22014	1.21445	1.21902	29885	0	0
2021.06.08	00:00:00	1.21901	1.21937	1.21639	1.21721	35963	0	0
2021.06.09	00:00:00	1.21721	1.22176	1.21709	1.21780	28471	0	0
2021.06.10	00:00:00	1.21781	1.21942	1.21429	1.21723	51593	0	0
2021.06.11	00:00:00	1.21721	1.21926	1.20924	1.21072	34859	0	0
2021.06.13	00:00:00	1.21027	1.21109	1.20998	1.21092	1137	0	0
2021.06.14	00:00:00	1.21093	1.21300	1.20938	1.21214	30067	0	0
2021.06.15	00:00:00	1.21215	1.21468	1.21009	1.21242	33541	0	0
2021.06.16	00:00:00	1.21243	1.21343	1.19863	1.19946	57016	0	0
2021.06.17	00:00:00	1.19947	1.20059	1.18914	1.19125	67072	0	0
2021.06.18	00:00:00	1.19127	1.19246	1.18468	1.18616	67636	0	0
2021.06.20	00:00:00	1.18541	1.18750	1.18535	1.18701	1390	0	0
2021.06.21	00:00:00	1.18702	1.19209	1.18472	1.19115	56583	0	0
2021.06.22	00:00:00	1.19116	1.19522	1.18805	1.19359	48550	0	0
2021.06.23	00:00:00	1.19360	1.19696	1.19112	1.19293	45057	0	0
2021.06.24	00:00:00	1.19292	1.19559	1.19172	1.19275	41666	0	0
2021.06.25	00:00:00	1.19276	1.19747	1.19258	1.19350	37345	0	0
2021.06.27	00:00:00	1.19311	1.19415	1.19303	1.19412	854	0	0
2021.06.28	00:00:00	1.19413	1.19442	1.19019	1.19282	39667	0	0
2021.06.29	00:00:00	1.19283	1.19294	1.18773	1.18999	39747	0	0
2021.06.30	00:00:00	1.19000	1.19086	1.18447	1.18556	45034	0	0
2021.07.01	00:00:00	1.18557	1.18839	1.18370	1.18452	44144	0	0
2021.07.02	00:00:00	1.18451	1.18738	1.18066	1.18645	48361	0	0
2021.07.02	12:00:00	1.18333	1.18503	1.18255	1.18469	8695	0	8
2021.07.02	16:00:00	1.18467	1.18738	1.18386	1.18645	4981	0	8
2021.07.02	20:00:00	1.18645	1.18667	1.18627	1.18645	574	0	8
2021.07.04	00:00:00	1.18585	1.18643	1.18553	1.18553	970	0	0
2021.07.04	20:00:00	1.18585	1.18643	1.18553	1.18553	1062	0	10
2021.07.05	00:00:00	1.18554	1.18623	1.18515	1.18526	3354	0	8
2021.07.05	04:00:00	1.18526	1.18727	1.18509	1.18716	5342	0	8
2021.07.05	08:00:00	1.18714	1.18800	1.18645	1.18721	5615	0	8
2021.07.05	12:00:00	1.18721	1.18722	1.18551	1.18657	5486	0	8
2021.07.05	16:00:00	1.18657	1.18690	1.18638	1.18638	2219	0	8
2021.07.05	20:00:00	1.18638	1.18681	1.18571	1.18622	1536	0	10
2021.07.06	00:00:00	1.18623	1.18750	1.18579	1.18731	4299	0	8
2021.07.06	04:00:00	1.18731	1.18947	1.18696	1.18717	6947	0	8
2021.07.06	08:00:00	1.18717	1.18736	1.18307	1.18399	9944	0	8
2021.07.06	12:00:00	1.18397	1.18460	1.18129	1.18162	16649	0	8
2021.07.06	16:00:00	1.18162	1.18275	1.18068	1.18216	6611	0	8
2021.07.06	20:00:00	1.18217	1.18247	1.18153	1.18219	1545	0	8
2021.07.07	00:00:00	1.18220	1.18246	1.18152	1.18244	4621	0	8
2021.07.07	04:00:00	1.18245	1.18341	1.18116	1.18251	6897	0	8
2021.07.07	08:00:00	1.18251	1.18316	1.18146	1.18221	7658	0	8
2021.07.07	12:00:00	1.18221	1.18357	1.17809	1.18026	13238	0	8
2021.07.07	16:00:00	1.18024	1.18196	1.17917	1.17949	13758	0	8
2021.07.07	20:00:00	1.17947	1.17985	1.17872	1.17926	1885	0	8
2021.07.08	00:00:00	1.17927	1.17948	1.17832	1.17917	4811	0	8
2021.07.08	04:00:00	1.17917	1.18203	1.17911	1.18197	9701	0	8
2021.07.08	08:00:00	1.18197	1.18451	1.18095	1.18337	13686	0	8
2021.07.08	12:00:00	1.18336	1.18674	1.18330	1.18396	16291	0	8
2021.07.08	16:00:00	1.18394	1.18476	1.18347	1.18473	5025	0	8
2021.07.08	20:00:00	1.18474	1.18481	1.18383	1.18459	1969	0	8
2021.07.09	00:00:00	1.18461	1.18496	1.18337	1.18389	5384	0	8
2021.07.09	04:00:00	1.18389	1.18423	1.18246	1.18397	7715	0	8
2021.07.09	08:00:00	1.18397	1.18634	1.18286	1.18553	9459	0	8
2021.07.09	12:00:00	1.18554	1.18743	1.18551	1.18597	9416	0	8
2021.07.09	16:00:00	1.18597	1.18795	1.18595	1.18793	2988	0	8
2021.07.09	20:00:00	1.18792	1.18808	1.18757	1.18770	721	0	8
2021.07.11	00:00:00	1.18719	1.18757	1.18643	1.18719	1401	0	0
2021.07.11	20:00:00	1.18719	1.18757	1.18643	1.18719	1479	0	10
2021.07.12	00:00:00	1.18720	1.18798	1.18673	1.18689	4140	0	8
2021.07.12	04:00:00	1.18689	1.18787	1.18557	1.18771	5376	0	8
2021.07.12	08:00:00	1.18770	1.18794	1.18357	1.18373	8115	0	8
2021.07.12	12:00:00	1.18374	1.18737	1.18371	1.18571	9587	0	8
2021.07.12	16:00:00	1.18572	1.18611	1.18508	1.18594	3740	0	8
2021.07.12	20:00:00	1.18596	1.18637	1.18548	1.18624	1441	0	8
2021.07.13	00:00:00	1.18625	1.18748	1.18617	1.18694	3544	0	8
2021.07.13	04:00:00	1.18694	1.18702	1.18464	1.18510	5709	0	8
2021.07.13	08:00:00	1.18510	1.18511	1.18351	1.18390	5728	0	8
2021.07.13	12:00:00	1.18389	1.18504	1.17915	1.18116	29686	0	8
2021.07.13	16:00:00	1.18116	1.18157	1.17718	1.17734	6792	0	8
2021.07.13	20:00:00	1.17732	1.17792	1.17703	1.17745	1584	0	8
2021.07.14	00:00:00	1.17745	1.17849	1.17715	1.17830	4473	0	8
2021.07.14	04:00:00	1.17830	1.17967	1.17806	1.17834	5364	0	8
2021.07.14	08:00:00	1.17834	1.18042	1.17756	1.18023	7724	0	8
2021.07.14	12:00:00	1.18024	1.18277	1.18021	1.18251	13874	0	8
2021.07.14	16:00:00	1.18250	1.18381	1.18250	1.18346	4834	0	8
2021.07.14	20:00:00	1.18345	1.18383	1.18313	1.18326	1387	0	8
2021.07.15	00:00:00	1.18327	1.18359	1.18209	1.18315	5258	0	8
2021.07.15	04:00:00	1.18316	1.18461	1.18253	1.18361	5946	0	8
2021.07.15	08:00:00	1.18361	1.18502	1.18075	1.18093	8707	0	8
2021.07.15	12:00:00	1.18093	1.18229	1.18032	1.18052	10405	0	8
2021.07.15	16:00:00	1.18050	1.18126	1.17959	1.18123	5528	0	8
2021.07.15	20:00:00	1.18121	1.18139	1.18053	1.18111	1770	0	8
2021.07.16	00:00:00	1.18111	1.18166	1.18016	1.18113	4568	0	8
2021.07.16	04:00:00	1.18112	1.18144	1.17968	1.18016	5742	0	8
2021.07.16	08:00:00	1.18014	1.18219	1.17917	1.17935	7519	0	8
2021.07.16	12:00:00	1.17936	1.18133	1.17927	1.18088	11856	0	8
2021.07.16	16:00:00	1.18088	1.18183	1.18029	1.18029	5200	0	8
2021.07.16	20:00:00	1.18029	1.18070	1.18024	1.18050	726	0	8
2021.07.18	00:00:00	1.18040	1.18134	1.18002	1.18120	977	0	0
2021.07.18	20:00:00	1.18040	1.18134	1.18002	1.18120	1091	0	10
2021.07.19	00:00:00	1.18121	1.18133	1.17976	1.18042	4073	0	8
2021.07.19	04:00:00	1.18042	1.18081	1.17778	1.17806	6142	0	8
2021.07.19	08:00:00	1.17806	1.17832	1.17649	1.17709	10314	0	8
2021.07.19	12:00:00	1.17707	1.18239	1.17634	1.18050	15771	0	8
2021.07.19	16:00:00	1.18050	1.18065	1.17906	1.17971	6691	0	8
2021.07.19	20:00:00	1.17972	1.18004	1.17912	1.17917	1704	0	8
2021.07.20	00:00:00	1.17915	1.18017	1.17896	1.17929	4660	0	8
2021.07.20	04:00:00	1.17929	1.17929	1.17719	1.17831	7710	0	8
2021.07.20	08:00:00	1.17829	1.18020	1.17755	1.17873	10860	0	8
2021.07.20	12:00:00	1.17874	1.17878	1.17552	1.17740	13992	0	8
2021.07.20	16:00:00	1.17742	1.17857	1.17710	1.17820	5549	0	8
2021.07.20	20:00:00	1.17818	1.17826	1.17750	1.17809	1388	0	8
2021.07.21	00:00:00	1.17810	1.17826	1.17697	1.17745	3490	0	8
2021.07.21	04:00:00	1.17745	1.17758	1.17514	1.17607	6190	0	8
2021.07.21	08:00:00	1.17609	1.17819	1.17536	1.17701	8178	0	8
2021.07.21	12:00:00	1.17699	1.18032	1.17594	1.17976	11246	0	8
2021.07.21	16:00:00	1.17977	1.18044	1.17891	1.17999	5249	0	8
2021.07.21	20:00:00	1.17998	1.17998	1.17881	1.17918	1819	0	8
2021.07.22	00:00:00	1.17920	1.17980	1.17863	1.17955	2803	0	8
2021.07.22	04:00:00	1.17955	1.18015	1.17901	1.17931	5408	0	8
2021.07.22	08:00:00	1.17933	1.18130	1.17787	1.17934	10962	0	8
2021.07.22	12:00:00	1.17932	1.18300	1.17634	1.17667	20444	0	8
2021.07.22	16:00:00	1.17666	1.17758	1.17570	1.17697	5156	0	8
2021.07.22	20:00:00	1.17697	1.17750	1.17616	1.17720	1733	0	8
2021.07.23	00:00:00	1.17721	1.17800	1.17693	1.17693	2488	0	8
2021.07.23	04:00:00	1.17693	1.17788	1.17624	1.17769	6551	0	8
2021.07.23	08:00:00	1.17769	1.17859	1.17541	1.17610	8408	0	8
2021.07.23	12:00:00	1.17611	1.17806	1.17545	1.17596	9545	0	8
2021.07.23	16:00:00	1.17596	1.17754	1.17596	1.17716	3706	0	8
2021.07.23	20:00:00	1.17714	1.17755	1.17687	1.17714	595	0	8
2021.07.25	00:00:00	1.17687	1.17739	1.17650	1.17725	439	0	0
2021.07.25	20:00:00	1.17687	1.17739	1.17650	1.17725	446	0	10
2021.07.26	00:00:00	1.17728	1.17782	1.17630	1.17782	2004	0	8
2021.07.26	04:00:00	1.17783	1.17998	1.17704	1.17828	4374	0	8
2021.07.26	08:00:00	1.17830	1.17989	1.17666	1.17922	5852	0	8
2021.07.26	12:00:00	1.17924	1.18168	1.17789	1.18100	7068	0	8
2021.07.26	16:00:00	1.18098	1.18127	1.17987	1.18047	1806	0	8
2021.07.26	20:00:00	1.18045	1.18067	1.17963	1.18044	980	0	8
2021.07.27	00:00:00	1.18042	1.18116	1.18005	1.18049	1827	0	8
2021.07.27	04:00:00	1.18050	1.18059	1.17747	1.17826	4407	0	8
2021.07.27	08:00:00	1.17825	1.17994	1.17696	1.17980	4708	0	8
2021.07.27	12:00:00	1.17982	1.18366	1.17982	1.18296	8464	0	8
2021.07.27	16:00:00	1.18299	1.18407	1.18184	1.18212	2828	0	8
2021.07.27	20:00:00	1.18210	1.18222	1.18106	1.18201	1164	0	8
2021.07.28	00:00:00	1.18201	1.18271	1.18121	1.18209	1891	0	8
2021.07.28	04:00:00	1.18211	1.18226	1.18028	1.18064	2695	0	8
2021.07.28	08:00:00	1.18067	1.18299	1.17992	1.18096	4986	0	8
2021.07.28	12:00:00	1.18099	1.18109	1.17827	1.18089	7405	0	8
2021.07.28	16:00:00	1.18089	1.18488	1.17719	1.18471	22968	0	8
2021.07.28	20:00:00	1.18470	1.18492	1.18368	1.18453	1059	0	8
2021.07.29	00:00:00	1.18452	1.18575	1.18404	1.18541	2390	0	8
2021.07.29	04:00:00	1.18539	1.18695	1.18499	1.18680	3903	0	8
2021.07.29	08:00:00	1.18681	1.18795	1.18644	1.18711	4130	0	8
2021.07.29	12:00:00	1.18711	1.18906	1.18705	1.18851	6616	0	8
2021.07.29	16:00:00	1.18854	1.18923	1.18781	1.18876	2155	0	8
2021.07.29	20:00:00	1.18876	1.18938	1.18807	1.18898	899	0	8
2021.07.30	00:00:00	1.18900	1.18913	1.18773	1.18779	2370	0	8
2021.07.30	04:00:00	1.18781	1.18952	1.18747	1.18947	2766	0	8
2021.07.30	08:00:00	1.18949	1.19083	1.18818	1.18830	5078	0	8
2021.07.30	12:00:00	1.18831	1.18968	1.18512	1.18635	8765	0	8
2021.07.30	16:00:00	1.18633	1.18636	1.18535	1.18618	2689	0	8
2021.07.30	20:00:00	1.18616	1.18762	1.18601	1.18671	651	0	8
2021.08.01	00:00:00	1.18631	1.18678	1.18590	1.18656	630	0	0
2021.08.01	20:00:00	1.18631	1.18678	1.18590	1.18656	633	0	10
2021.08.02	00:00:00	1.18658	1.18724	1.18586	1.18710	2172	0	8
2021.08.02	04:00:00	1.18710	1.18869	1.18639	1.18810	3422	0	8
2021.08.02	08:00:00	1.18811	1.18964	1.18780	1.18895	3610	0	8
2021.08.02	12:00:00	1.18895	1.18898	1.18711	1.18721	7698	0	8
2021.08.02	16:00:00	1.18724	1.18747	1.18649	1.18706	2309	0	8
2021.08.02	20:00:00	1.18704	1.18748	1.18647	1.18736	744	0	8
2021.08.03	00:00:00	1.18737	1.18783	1.18677	1.18743	1831	0	8
2021.08.03	04:00:00	1.18741	1.18833	1.18708	1.18779	3918	0	8
2021.08.03	08:00:00	1.18777	1.18929	1.18735	1.18921	3487	0	8
2021.08.03	12:00:00	1.18919	1.18919	1.18534	1.18583	7012	0	8
2021.08.03	16:00:00	1.18580	1.18693	1.18574	1.18655	1801	0	8
2021.08.03	20:00:00	1.18658	1.18697	1.18573	1.18689	634	0	8
2021.08.04	00:00:00	1.18687	1.18750	1.18602	1.18730	1674	0	8
2021.08.04	04:00:00	1.18729	1.18794	1.18685	1.18765	2164	0	8
2021.08.04	08:00:00	1.18766	1.18770	1.18416	1.18632	3411	0	8
2021.08.04	12:00:00	1.18629	1.18993	1.18322	1.18417	10988	0	8
2021.08.04	16:00:00	1.18418	1.18421	1.18348	1.18376	2365	0	8
2021.08.04	20:00:00	1.18375	1.18388	1.18305	1.18368	579	0	8
2021.08.05	00:00:00	1.18370	1.18387	1.18311	1.18336	1504	0	8
2021.08.05	04:00:00	1.18337	1.18493	1.18298	1.18487	2845	0	8
2021.08.05	08:00:00	1.18485	1.18564	1.18278	1.18549	4776	0	8
2021.08.05	12:00:00	1.18547	1.18568	1.18318	1.18368	7849	0	8
2021.08.05	16:00:00	1.18370	1.18413	1.18306	1.18354	1876	0	8
2021.08.05	20:00:00	1.18356	1.18358	1.18274	1.18327	665	0	8
2021.08.06	00:00:00	1.18328	1.18328	1.18181	1.18228	1238	0	8
2021.08.06	04:00:00	1.18226	1.18294	1.18186	1.18239	2542	0	8
2021.08.06	08:00:00	1.18237	1.18241	1.18001	1.18066	3417	0	8
2021.08.06	12:00:00	1.18066	1.18081	1.17545	1.17598	29317	0	8
2021.08.06	16:00:00	1.17599	1.17631	1.17541	1.17589	1554	0	8
2021.08.06	20:00:00	1.17591	1.17640	1.17560	1.17608	507	0	8
2021.08.08	00:00:00	1.17570	1.17589	1.17421	1.17471	1877	0	0
2021.08.08	20:00:00	1.17570	1.17589	1.17421	1.17471	1877	0	10
2021.08.09	00:00:00	1.17472	1.17605	1.17421	1.17588	2168	0	8
2021.08.09	04:00:00	1.17586	1.17661	1.17544	1.17571	3440	0	8
2021.08.09	08:00:00	1.17572	1.17652	1.17497	1.17625	4702	0	8
2021.08.09	12:00:00	1.17623	1.17685	1.17402	1.17479	6106	0	8
2021.08.09	16:00:00	1.17478	1.17481	1.17345	1.17347	1913	0	8
2021.08.09	20:00:00	1.17346	1.17381	1.17321	1.17357	693	0	8
2021.08.10	00:00:00	1.17355	1.17397	1.17316	1.17386	1404	0	8
2021.08.10	04:00:00	1.17385	1.17424	1.17257	1.17311	2810	0	8
2021.08.10	08:00:00	1.17311	1.17385	1.17157	1.17218	3985	0	8
2021.08.10	12:00:00	1.17220	1.17246	1.17092	1.17200	5606	0	8
2021.08.10	16:00:00	1.17200	1.17232	1.17139	1.17182	1797	0	8
2021.08.10	20:00:00	1.17183	1.17216	1.17165	1.17192	602	0	8
2021.08.11	00:00:00	1.17195	1.17250	1.17114	1.17181	1129	0	8
2021.08.11	04:00:00	1.17180	1.17208	1.17056	1.17123	2636	0	8
2021.08.11	08:00:00	1.17123	1.17180	1.17081	1.17153	2741	0	8
2021.08.11	12:00:00	1.17155	1.17488	1.17127	1.17364	15659	0	8
2021.08.11	16:00:00	1.17361	1.17532	1.17337	1.17418	3052	0	8
2021.08.11	20:00:00	1.17415	1.17419	1.17351	1.17414	653	0	8
2021.08.12	00:00:00	1.17413	1.17445	1.17342	1.17441	1159	0	8
2021.08.12	04:00:00	1.17440	1.17453	1.17324	1.17414	2410	0	8
2021.08.12	08:00:00	1.17415	1.17478	1.17317	1.17380	2743	0	8
2021.08.12	12:00:00	1.17379	1.17410	1.17233	1.17345	5485	0	8
2021.08.12	16:00:00	1.17346	1.17421	1.17295	1.17348	1829	0	8
2021.08.12	20:00:00	1.17346	1.17382	1.17250	1.17352	708	0	8
2021.08.13	00:00:00	1.17354	1.17420	1.17323	1.17393	988	0	8
2021.08.13	04:00:00	1.17393	1.17407	1.17300	1.17341	1791	0	8
2021.08.13	08:00:00	1.17341	1.17625	1.17338	1.17591	2565	0	8
2021.08.13	12:00:00	1.17593	1.18005	1.17593	1.17951	5544	0	8
2021.08.13	16:00:00	1.17953	1.18043	1.17920	1.17977	1794	0	8
2021.08.13	20:00:00	1.17975	1.17977	1.17943	1.17950	328	0	8
2021.08.15	00:00:00	1.17950	1.18004	1.17908	1.17938	491	0	0
2021.08.15	20:00:00	1.17950	1.18004	1.17908	1.17938	491	0	10
2021.08.16	00:00:00	1.17938	1.18003	1.17896	1.17898	1320	0	8
2021.08.16	04:00:00	1.17896	1.17936	1.17783	1.17803	2392	0	8
2021.08.16	08:00:00	1.17805	1.17904	1.17670	1.17677	3028	0	8
2021.08.16	12:00:00	1.17679	1.17900	1.17678	1.17748	5531	0	8
2021.08.16	16:00:00	1.17750	1.17801	1.17736	1.17776	1264	0	8
2021.08.16	20:00:00	1.17778	1.17799	1.17708	1.17774	601	0	8
2021.08.17	00:00:00	1.17774	1.17774	1.17664	1.17680	1549	0	8
2021.08.17	04:00:00	1.17683	1.17740	1.17599	1.17717	3452	0	8
2021.08.17	08:00:00	1.17719	1.17842	1.17611	1.17621	3570	0	8
2021.08.17	12:00:00	1.17623	1.17702	1.17096	1.17126	8400	0	8
2021.08.17	16:00:00	1.17124	1.17192	1.17080	1.17114	2340	0	8
2021.08.17	20:00:00	1.17112	1.17126	1.17012	1.17087	898	0	8
2021.08.18	00:00:00	1.17089	1.17227	1.17072	1.17162	1894	0	8
2021.08.18	04:00:00	1.17164	1.17290	1.17124	1.17233	2347	0	8
2021.08.18	08:00:00	1.17235	1.17253	1.17057	1.17217	3368	0	8
2021.08.18	12:00:00	1.17215	1.17257	1.16925	1.17010	6005	0	8
2021.08.18	16:00:00	1.17011	1.17424	1.16938	1.17122	9395	0	8
2021.08.18	20:00:00	1.17120	1.17150	1.17023	1.17023	1022	0	8
2021.08.19	00:00:00	1.17025	1.17033	1.16647	1.16750	2879	0	8
2021.08.19	04:00:00	1.16749	1.16837	1.16685	1.16824	5068	0	8
2021.08.19	08:00:00	1.16826	1.17033	1.16798	1.16989	5048	0	8
2021.08.19	12:00:00	1.16988	1.17038	1.16785	1.16924	6943	0	8
2021.08.19	16:00:00	1.16924	1.16929	1.16722	1.16761	2588	0	8
2021.08.19	20:00:00	1.16760	1.16790	1.16718	1.16759	492	0	8
2021.08.20	00:00:00	1.16761	1.16870	1.16755	1.16849	1573	0	8
2021.08.20	04:00:00	1.16851	1.16889	1.16773	1.16792	3393	0	8
2021.08.20	08:00:00	1.16791	1.16842	1.16670	1.16676	3182	0	8
2021.08.20	12:00:00	1.16678	1.16903	1.16637	1.16901	6408	0	8
2021.08.20	16:00:00	1.16900	1.17041	1.16888	1.17017	1940	0	8
2021.08.20	20:00:00	1.17015	1.17041	1.16990	1.16997	353	0	8
2021.08.22	20:00:00	1.16935	1.17002	1.16916	1.16965	1129	0	0
2021.08.23	00:00:00	1.16966	1.17234	1.16948	1.17196	2044	0	8
2021.08.23	04:00:00	1.17197	1.17257	1.17061	1.17222	3299	0	8
2021.08.23	08:00:00	1.17221	1.17321	1.17148	1.17179	3721	0	8
2021.08.23	12:00:00	1.17179	1.17430	1.17156	1.17310	6344	0	8
2021.08.23	16:00:00	1.17309	1.17498	1.17305	1.17463	1633	0	8
2021.08.23	20:00:00	1.17461	1.17481	1.17414	1.17437	757	0	8
2021.08.24	00:00:00	1.17437	1.17470	1.17338	1.17373	1066	0	8
2021.08.24	04:00:00	1.17374	1.17465	1.17326	1.17379	2685	0	8
2021.08.24	08:00:00	1.17378	1.17418	1.17268	1.17357	3402	0	8
2021.08.24	12:00:00	1.17357	1.17647	1.17348	1.17462	6835	0	8
2021.08.24	16:00:00	1.17460	1.17573	1.17425	1.17571	1649	0	8
2021.08.24	20:00:00	1.17569	1.17586	1.17504	1.17523	1256	0	0
2021.08.25	00:00:00	1.17526	1.17572	1.17330	1.17378	1540	0	8
2021.08.25	04:00:00	1.17376	1.17449	1.17320	1.17374	2147	0	8
2021.08.25	08:00:00	1.17374	1.17591	1.17330	1.17402	4111	0	8
2021.08.25	12:00:00	1.17404	1.17594	1.17258	1.17562	7297	0	8
2021.08.25	16:00:00	1.17559	1.17737	1.17530	1.17708	2726	0	8
2021.08.25	20:00:00	1.17706	1.17741	1.17665	1.17714	607	0	8
2021.08.26	00:00:00	1.17713	1.17732	1.17608	1.17625	1365	0	8
2021.08.26	04:00:00	1.17623	1.17742	1.17561	1.17693	3204	0	8
2021.08.26	08:00:00	1.17693	1.17785	1.17581	1.17691	3641	0	8
2021.08.26	12:00:00	1.17691	1.17753	1.17458	1.17615	9123	0	8
2021.08.26	16:00:00	1.17617	1.17631	1.17486	1.17544	2392	0	8
2021.08.26	20:00:00	1.17544	1.17571	1.17485	1.17531	1080	0	0
2021.08.27	00:00:00	1.17533	1.17593	1.17417	1.17593	1538	0	8
2021.08.27	04:00:00	1.17593	1.17709	1.17569	1.17611	2288	0	8
2021.08.27	08:00:00	1.17609	1.17657	1.17495	1.17621	3275	0	8
2021.08.27	12:00:00	1.17623	1.18017	1.17345	1.17928	18876	0	8
2021.08.27	16:00:00	1.17929	1.18015	1.17890	1.17959	2486	0	8
2021.08.27	20:00:00	1.17958	1.17973	1.17935	1.17959	392	0	8
2021.08.29	20:00:00	1.17931	1.18001	1.17912	1.17978	532	0	0
2021.08.30	00:00:00	1.17979	1.18095	1.17950	1.18036	1661	0	8
2021.08.30	04:00:00	1.18035	1.18067	1.17932	1.18020	2037	0	8
2021.08.30	08:00:00	1.18019	1.18049	1.17906	1.17991	2857	0	8
2021.08.30	12:00:00	1.17990	1.18031	1.17822	1.17944	4964	0	8
2021.08.30	16:00:00	1.17942	1.18038	1.17928	1.17996	1234	0	8
2021.08.30	20:00:00	1.17993	1.17998	1.17934	1.17960	473	0	8
2021.08.31	00:00:00	1.17959	1.18193	1.17949	1.18191	1940	0	8
2021.08.31	04:00:00	1.18190	1.18311	1.18163	1.18273	2793	0	8
2021.08.31	08:00:00	1.18271	1.18446	1.18196	1.18393	5090	0	8
2021.08.31	12:00:00	1.18394	1.18394	1.17962	1.17997	10290	0	8
2021.08.31	16:00:00	1.17995	1.18126	1.17975	1.18067	2761	0	8
2021.08.31	20:00:00	1.18064	1.18112	1.18055	1.18095	706	0	0
2021.09.01	00:00:00	1.18094	1.18106	1.17998	1.18040	1721	0	8
2021.09.01	04:00:00	1.18038	1.18131	1.17933	1.18052	3860	0	8
2021.09.01	08:00:00	1.18052	1.18231	1.18022	1.18136	3726	0	8
2021.09.01	12:00:00	1.18138	1.18567	1.18133	1.18494	7872	0	8
2021.09.01	16:00:00	1.18497	1.18558	1.18378	1.18378	2055	0	8
2021.09.01	20:00:00	1.18379	1.18415	1.18362	1.18403	575	0	8
2021.09.02	00:00:00	1.18404	1.18455	1.18364	1.18374	1294	0	8
2021.09.02	04:00:00	1.18374	1.18511	1.18340	1.18472	2433	0	0
2021.09.02	08:00:00	1.18469	1.18553	1.18426	1.18466	3504	0	8
2021.09.02	12:00:00	1.18466	1.18705	1.18361	1.18567	5434	0	8
2021.09.02	16:00:00	1.18568	1.18755	1.18566	1.18738	1735	0	8
2021.09.02	20:00:00	1.18737	1.18756	1.18698	1.18733	393	0	0
2021.09.03	00:00:00	1.18735	1.18839	1.18730	1.18784	1592	0	8
2021.09.03	04:00:00	1.18785	1.18816	1.18710	1.18745	2333	0	8
2021.09.03	08:00:00	1.18743	1.18824	1.18659	1.18729	3448	0	8
2021.09.03	12:00:00	1.18729	1.19086	1.18654	1.18830	16208	0	8
2021.09.03	16:00:00	1.18828	1.18976	1.18797	1.18797	1663	0	8
2021.09.03	20:00:00	1.18798	1.18804	1.18747	1.18783	319	0	8
2021.09.05	20:00:00	1.18783	1.18858	1.18770	1.18851	559	0	0
2021.09.06	00:00:00	1.18853	1.18853	1.18646	1.18675	1412	0	8
2021.09.06	04:00:00	1.18676	1.18746	1.18598	1.18625	1871	0	8
2021.09.06	08:00:00	1.18626	1.18682	1.18554	1.18611	3146	0	8
2021.09.06	12:00:00	1.18614	1.18706	1.18573	1.18653	2669	0	8
2021.09.06	16:00:00	1.18653	1.18707	1.18648	1.18675	413	0	8
2021.09.06	20:00:00	1.18658	1.18735	1.18658	1.18729	396	0	10
2021.09.07	00:00:00	1.18729	1.18848	1.18725	1.18781	1283	0	8
2021.09.07	04:00:00	1.18780	1.18819	1.18625	1.18759	3672	0	8
2021.09.07	08:00:00	1.18757	1.18798	1.18576	1.18609	5787	0	8
2021.09.07	12:00:00	1.18610	1.18646	1.18370	1.18483	7012	0	8
2021.09.07	16:00:00	1.18484	1.18529	1.18377	1.18394	2399	0	8
2021.09.07	20:00:00	1.18394	1.18449	1.18373	1.18427	864	0	0
2021.09.08	00:00:00	1.18426	1.18507	1.18401	1.18417	1276	0	8
2021.09.08	04:00:00	1.18417	1.18444	1.18282	1.18301	3440	0	8
2021.09.08	08:00:00	1.18300	1.18300	1.18118	1.18220	4981	0	8
2021.09.08	12:00:00	1.18221	1.18290	1.18017	1.18177	7665	0	8
2021.09.08	16:00:00	1.18178	1.18295	1.18151	1.18172	2949	0	8
2021.09.08	20:00:00	1.18172	1.18194	1.18123	1.18184	604	0	8
2021.09.09	00:00:00	1.18181	1.18248	1.18119	1.18177	1327	0	8
2021.09.09	04:00:00	1.18179	1.18271	1.18110	1.18218	3024	0	8
2021.09.09	08:00:00	1.18220	1.18409	1.18219	1.18393	5711	0	8
2021.09.09	12:00:00	1.18395	1.18408	1.18048	1.18268	11366	0	8
2021.09.09	16:00:00	1.18266	1.18392	1.18245	1.18254	2586	0	8
2021.09.09	20:00:00	1.18254	1.18261	1.18207	1.18228	647	0	8
2021.09.10	00:00:00	1.18228	1.18325	1.18184	1.18298	1480	0	8
2021.09.10	04:00:00	1.18299	1.18436	1.18242	1.18418	2665	0	8
2021.09.10	08:00:00	1.18418	1.18507	1.18266	1.18331	3971	0	8
2021.09.10	12:00:00	1.18332	1.18415	1.18179	1.18212	7030	0	8
2021.09.10	16:00:00	1.18211	1.18227	1.18117	1.18122	2312	0	8
2021.09.10	20:00:00	1.18124	1.18130	1.18091	1.18103	289	0	8
2021.09.12	20:00:00	1.18107	1.18144	1.18085	1.18110	601	0	0
2021.09.13	00:00:00	1.18112	1.18125	1.18018	1.18043	1276	0	8
2021.09.13	04:00:00	1.18045	1.18055	1.17741	1.17861	3440	0	8
2021.09.13	08:00:00	1.17860	1.17925	1.17698	1.17736	3643	0	8
2021.09.13	12:00:00	1.17734	1.18166	1.17710	1.18084	6324	0	8
2021.09.13	16:00:00	1.18085	1.18094	1.18010	1.18070	2030	0	8
2021.09.13	20:00:00	1.18072	1.18116	1.18066	1.18091	488	0	8
2021.09.14	00:00:00	1.18093	1.18186	1.18053	1.18153	1629	0	8
2021.09.14	04:00:00	1.18154	1.18296	1.18063	1.18242	2886	0	8
2021.09.14	08:00:00	1.18241	1.18262	1.17999	1.18092	3353	0	8
2021.09.14	12:00:00	1.18093	1.18453	1.18071	1.18222	9734	0	8
2021.09.14	16:00:00	1.18224	1.18273	1.17997	1.18042	2425	0	8
2021.09.14	20:00:00	1.18043	1.18067	1.18002	1.18020	754	0	8
2021.09.15	00:00:00	1.18020	1.18115	1.18004	1.18057	1579	0	8
2021.09.15	04:00:00	1.18056	1.18181	1.17987	1.18164	3234	0	8
2021.09.15	08:00:00	1.18164	1.18314	1.18138	1.18211	3751	0	8
2021.09.15	12:00:00	1.18213	1.18313	1.18069	1.18110	8319	0	8
2021.09.15	16:00:00	1.18108	1.18170	1.18030	1.18168	1966	0	8
2021.09.15	20:00:00	1.18166	1.18200	1.18121	1.18185	528	0	8
2021.09.16	00:00:00	1.18183	1.18201	1.18117	1.18119	1380	0	8
2021.09.16	04:00:00	1.18117	1.18123	1.17768	1.17807	3356	0	8
2021.09.16	08:00:00	1.17809	1.17842	1.17615	1.17685	4330	0	8
2021.09.16	12:00:00	1.17683	1.17692	1.17501	1.17628	7972	0	8
2021.09.16	16:00:00	1.17630	1.17709	1.17529	1.17684	3004	0	8
2021.09.16	20:00:00	1.17683	1.17708	1.17618	1.17645	1106	0	8
2021.09.17	00:00:00	1.17644	1.17696	1.17584	1.17685	1737	0	8
2021.09.17	04:00:00	1.17686	1.17845	1.17675	1.17724	2699	0	8
2021.09.17	08:00:00	1.17725	1.17879	1.17681	1.17879	5310	0	8
2021.09.17	12:00:00	1.17881	1.17885	1.17284	1.17329	7491	0	8
2021.09.17	16:00:00	1.17330	1.17361	1.17243	1.17302	2173	0	8
2021.09.17	20:00:00	1.17300	1.17306	1.17244	1.17250	326	0	8
2021.09.19	20:00:00	1.17262	1.17289	1.17229	1.17288	582	0	0
2021.09.20	00:00:00	1.17290	1.17292	1.17093	1.17102	1395	0	8
2021.09.20	04:00:00	1.17102	1.17179	1.17055	1.17106	2972	0	8
2021.09.20	08:00:00	1.17107	1.17159	1.16998	1.17048	4310	0	8
2021.09.20	12:00:00	1.17050	1.17360	1.17050	1.17281	6611	0	8
2021.09.20	16:00:00	1.17282	1.17338	1.17217	1.17295	2680	0	8
2021.09.20	20:00:00	1.17295	1.17299	1.17233	1.17265	740	0	8
2021.09.21	00:00:00	1.17265	1.17395	1.17230	1.17316	1593	0	8
2021.09.21	04:00:00	1.17317	1.17370	1.17179	1.17263	3227	0	8
2021.09.21	08:00:00	1.17262	1.17453	1.17225	1.17441	3945	0	8
2021.09.21	12:00:00	1.17442	1.17482	1.17144	1.17240	7692	0	8
2021.09.21	16:00:00	1.17239	1.17319	1.17182	1.17287	2672	0	8
2021.09.21	20:00:00	1.17288	1.17291	1.17215	1.17224	656	0	8
2021.09.22	00:00:00	1.17226	1.17300	1.17163	1.17195	2106	0	8
2021.09.22	04:00:00	1.17196	1.17370	1.17164	1.17281	3203	0	8
2021.09.22	08:00:00	1.17283	1.17365	1.17237	1.17258	3088	0	8
2021.09.22	12:00:00	1.17259	1.17444	1.17238	1.17377	5406	0	8
2021.09.22	16:00:00	1.17378	1.17552	1.16840	1.16948	25069	0	8
2021.09.22	20:00:00	1.16945	1.16959	1.16831	1.16868	969	0	8
2021.09.23	00:00:00	1.16869	1.17089	1.16830	1.17064	1715	0	8
2021.09.23	04:00:00	1.17064	1.17242	1.17048	1.17147	4237	0	8
2021.09.23	08:00:00	1.17148	1.17320	1.17097	1.17148	7277	0	8
2021.09.23	12:00:00	1.17149	1.17497	1.17138	1.17336	7718	0	8
2021.09.23	16:00:00	1.17338	1.17488	1.17301	1.17417	2149	0	8
2021.09.23	20:00:00	1.17416	1.17454	1.17354	1.17394	807	0	8
2021.09.24	00:00:00	1.17395	1.17471	1.17374	1.17407	1553	0	8
2021.09.24	04:00:00	1.17406	1.17415	1.17307	1.17379	2840	0	8
2021.09.24	08:00:00	1.17380	1.17401	1.17124	1.17132	3555	0	8
2021.09.24	12:00:00	1.17133	1.17192	1.17003	1.17133	5674	0	8
2021.09.24	16:00:00	1.17132	1.17249	1.17125	1.17159	1912	0	8
2021.09.24	20:00:00	1.17159	1.17220	1.17153	1.17202	324	0	8
2021.09.26	20:00:00	1.17226	1.17234	1.17109	1.17221	917	0	0
2021.09.27	00:00:00	1.17223	1.17247	1.17163	1.17219	1645	0	8
2021.09.27	04:00:00	1.17221	1.17244	1.16938	1.16941	3563	0	0
2021.09.27	08:00:00	1.16939	1.17102	1.16840	1.16914	5275	0	8
2021.09.27	12:00:00	1.16915	1.17092	1.16903	1.17008	8888	0	8
2021.09.27	16:00:00	1.17010	1.17079	1.16964	1.16981	1969	0	8
2021.09.27	20:00:00	1.16979	1.16996	1.16919	1.16952	517	0	8
2021.09.28	00:00:00	1.16950	1.16962	1.16846	1.16912	1263	0	8
2021.09.28	04:00:00	1.16912	1.17028	1.16719	1.16867	3731	0	8
2021.09.28	08:00:00	1.16865	1.16929	1.16728	1.16867	5843	0	8
2021.09.28	12:00:00	1.16869	1.17006	1.16679	1.16805	13651	0	8
2021.09.28	16:00:00	1.16803	1.16897	1.16749	1.16849	4106	0	8
2021.09.28	20:00:00	1.16847	1.16888	1.16791	1.16855	738	0	8
2021.09.29	00:00:00	1.16857	1.16896	1.16777	1.16844	2234	0	8
2021.09.29	04:00:00	1.16842	1.16874	1.16551	1.16615	5156	0	8
2021.09.29	08:00:00	1.16618	1.16715	1.16397	1.16488	6252	0	8
2021.09.29	12:00:00	1.16488	1.16583	1.16093	1.16113	8809	0	8
2021.09.29	16:00:00	1.16110	1.16151	1.15889	1.15934	3441	0	8
2021.09.29	20:00:00	1.15932	1.16019	1.15908	1.16009	810	0	8
2021.09.30	00:00:00	1.16011	1.16083	1.15974	1.16035	1692	0	8
2021.09.30	04:00:00	1.16037	1.16081	1.15912	1.16042	4580	0	0
2021.09.30	08:00:00	1.16041	1.16092	1.15676	1.15753	6005	0	8
2021.09.30	12:00:00	1.15751	1.15978	1.15704	1.15775	13432	0	8
2021.09.30	16:00:00	1.15774	1.15884	1.15622	1.15826	5069	0	8
2021.09.30	20:00:00	1.15828	1.15856	1.15727	1.15734	966	0	8
2021.10.01	00:00:00	1.15733	1.15789	1.15626	1.15755	2480	0	8
2021.10.01	04:00:00	1.15755	1.15908	1.15743	1.15783	4444	0	8
2021.10.01	08:00:00	1.15782	1.16029	1.15721	1.15975	5208	0	8
2021.10.01	12:00:00	1.15973	1.16069	1.15834	1.15964	10897	0	8
2021.10.01	16:00:00	1.15965	1.16020	1.15922	1.15977	2692	0	8
2021.10.01	20:00:00	1.15979	1.15990	1.15912	1.15928	346	0	8
2021.10.03	20:00:00	1.15954	1.16106	1.15934	1.16062	780	0	0
2021.10.04	00:00:00	1.16063	1.16132	1.15873	1.15889	1644	0	8
2021.10.04	04:00:00	1.15890	1.16088	1.15890	1.16084	3293	0	8
2021.10.04	08:00:00	1.16088	1.16332	1.16052	1.16329	3997	0	8
2021.10.04	12:00:00	1.16331	1.16395	1.16147	1.16203	6907	0	8
2021.10.04	16:00:00	1.16202	1.16274	1.16154	1.16206	2528	0	8
2021.10.04	20:00:00	1.16205	1.16224	1.16147	1.16158	701	0	8
2021.10.05	00:00:00	1.16160	1.16195	1.15977	1.15984	1812	0	8
2021.10.05	04:00:00	1.15984	1.16045	1.15895	1.15970	3406	0	8
2021.10.05	08:00:00	1.15971	1.16047	1.15897	1.15974	4012	0	8
2021.10.05	12:00:00	1.15975	1.16127	1.15801	1.16083	7855	0	8
2021.10.05	16:00:00	1.16082	1.16118	1.15931	1.15960	2200	0	8
2021.10.05	20:00:00	1.15958	1.16001	1.15928	1.15953	682	0	8
2021.10.06	00:00:00	1.15953	1.15974	1.15876	1.15931	1863	0	8
2021.10.06	04:00:00	1.15933	1.15933	1.15557	1.15557	4297	0	8
2021.10.06	08:00:00	1.15559	1.15601	1.15288	1.15377	5947	0	8
2021.10.06	12:00:00	1.15377	1.15549	1.15320	1.15437	8443	0	8
2021.10.06	16:00:00	1.15439	1.15588	1.15413	1.15583	3792	0	8
2021.10.06	20:00:00	1.15581	1.15592	1.15503	1.15547	811	0	0
2021.10.07	00:00:00	1.15546	1.15606	1.15508	1.15550	1575	0	8
2021.10.07	04:00:00	1.15549	1.15702	1.15486	1.15683	3090	0	8
2021.10.07	08:00:00	1.15685	1.15715	1.15547	1.15644	3804	0	8
2021.10.07	12:00:00	1.15645	1.15684	1.15470	1.15597	6307	0	8
2021.10.07	16:00:00	1.15598	1.15643	1.15488	1.15535	2188	0	8
2021.10.07	20:00:00	1.15532	1.15595	1.15499	1.15588	747	0	8
2021.10.08	00:00:00	1.15587	1.15593	1.15493	1.15517	1751	0	8
2021.10.08	04:00:00	1.15519	1.15536	1.15409	1.15471	2947	0	8
2021.10.08	08:00:00	1.15473	1.15687	1.15431	1.15618	3040	0	8
2021.10.08	12:00:00	1.15620	1.15855	1.15553	1.15716	13201	0	8
2021.10.08	16:00:00	1.15714	1.15778	1.15593	1.15708	2102	0	8
2021.10.08	20:00:00	1.15707	1.15746	1.15692	1.15739	446	0	8
2021.10.10	20:00:00	1.15675	1.15758	1.15633	1.15650	654	0	0
2021.10.11	00:00:00	1.15651	1.15789	1.15646	1.15721	2232	0	0
2021.10.11	04:00:00	1.15718	1.15864	1.15694	1.15734	3512	0	8
2021.10.11	08:00:00	1.15736	1.15754	1.15518	1.15682	3990	0	8
2021.10.11	12:00:00	1.15683	1.15834	1.15596	1.15718	4380	0	8
2021.10.11	16:00:00	1.15720	1.15721	1.15500	1.15500	1484	0	8
2021.10.11	20:00:00	1.15499	1.15547	1.15473	1.15529	872	0	8
2021.10.12	00:00:00	1.15532	1.15604	1.15468	1.15591	1788	0	8
2021.10.12	04:00:00	1.15594	1.15698	1.15550	1.15556	2802	0	8
2021.10.12	08:00:00	1.15554	1.15665	1.15496	1.15558	3438	0	8
2021.10.12	12:00:00	1.15560	1.15582	1.15329	1.15399	7515	0	8
2021.10.12	16:00:00	1.15397	1.15415	1.15240	1.15324	2716	0	8
2021.10.12	20:00:00	1.15322	1.15326	1.15270	1.15301	669	0	8
2021.10.13	00:00:00	1.15303	1.15553	1.15296	1.15509	1613	0	8
2021.10.13	04:00:00	1.15511	1.15557	1.15452	1.15505	2973	0	0
2021.10.13	08:00:00	1.15507	1.15664	1.15472	1.15639	4212	0	8
2021.10.13	12:00:00	1.15640	1.15783	1.15357	1.15673	10916	0	8
2021.10.13	16:00:00	1.15674	1.15969	1.15664	1.15933	3782	0	8
2021.10.13	20:00:00	1.15931	1.15989	1.15887	1.15965	676	0	8
2021.10.14	00:00:00	1.15965	1.16006	1.15885	1.15936	1427	0	8
2021.10.14	04:00:00	1.15935	1.16111	1.15874	1.16071	3033	0	8
2021.10.14	08:00:00	1.16073	1.16238	1.16027	1.16028	3765	0	8
2021.10.14	12:00:00	1.16029	1.16080	1.15836	1.15902	6036	0	8
2021.10.14	16:00:00	1.15900	1.16018	1.15841	1.15970	1844	0	8
2021.10.14	20:00:00	1.15968	1.15989	1.15896	1.15900	647	0	8
2021.10.15	00:00:00	1.15902	1.16113	1.15877	1.16075	1623	0	8
2021.10.15	04:00:00	1.16076	1.16147	1.16037	1.16117	2844	0	8
2021.10.15	08:00:00	1.16115	1.16183	1.15984	1.16026	4293	0	8
2021.10.15	12:00:00	1.16024	1.16098	1.15884	1.15931	7914	0	8
2021.10.15	16:00:00	1.15929	1.16054	1.15907	1.16026	1949	0	8
2021.10.15	20:00:00	1.16028	1.16052	1.15975	1.15990	352	0	8
2021.10.17	20:00:00	1.15952	1.16049	1.15941	1.15961	1064	0	0
2021.10.18	00:00:00	1.15961	1.15973	1.15810	1.15813	1957	0	8
2021.10.18	04:00:00	1.15816	1.15929	1.15714	1.15922	2817	0	8
2021.10.18	08:00:00	1.15924	1.15974	1.15762	1.15968	4317	0	8
2021.10.18	12:00:00	1.15968	1.16127	1.15921	1.16082	7731	0	8
2021.10.18	16:00:00	1.16084	1.16220	1.16080	1.16106	2012	0	8
2021.10.18	20:00:00	1.16104	1.16132	1.16081	1.16128	739	0	8
2021.10.19	00:00:00	1.16130	1.16462	1.16128	1.16462	2097	0	8
2021.10.19	04:00:00	1.16462	1.16572	1.16445	1.16532	3902	0	8
2021.10.19	08:00:00	1.16531	1.16689	1.16490	1.16563	4591	0	8
2021.10.19	12:00:00	1.16564	1.16581	1.16297	1.16314	5488	0	8
2021.10.19	16:00:00	1.16314	1.16442	1.16292	1.16356	1977	0	8
2021.10.19	20:00:00	1.16356	1.16357	1.16289	1.16309	658	0	8
2021.10.20	00:00:00	1.16312	1.16472	1.16274	1.16434	2161	0	8
2021.10.20	04:00:00	1.16436	1.16517	1.16164	1.16240	3579	0	8
2021.10.20	08:00:00	1.16240	1.16359	1.16208	1.16224	3379	0	8
2021.10.20	12:00:00	1.16224	1.16514	1.16214	1.16426	6184	0	8
2021.10.20	16:00:00	1.16424	1.16581	1.16418	1.16518	2841	0	8
2021.10.20	20:00:00	1.16518	1.16561	1.16443	1.16520	674	0	8
2021.10.21	00:00:00	1.16518	1.16670	1.16507	1.16642	1808	0	8
2021.10.21	04:00:00	1.16644	1.16647	1.16357	1.16408	3518	0	8
2021.10.21	08:00:00	1.16407	1.16448	1.16338	1.16417	3369	0	8
2021.10.21	12:00:00	1.16415	1.16511	1.16308	1.16412	7556	0	8
2021.10.21	16:00:00	1.16413	1.16432	1.16201	1.16218	2433	0	8
2021.10.21	20:00:00	1.16216	1.16258	1.16193	1.16245	760	0	8
2021.10.22	00:00:00	1.16245	1.16314	1.16208	1.16267	1896	0	8
2021.10.22	04:00:00	1.16266	1.16463	1.16229	1.16419	3241	0	8
2021.10.22	08:00:00	1.16422	1.16461	1.16308	1.16308	3792	0	8
2021.10.22	12:00:00	1.16309	1.16553	1.16243	1.16316	9031	0	8
2021.10.22	16:00:00	1.16315	1.16433	1.16215	1.16427	3198	0	8
2021.10.22	20:00:00	1.16429	1.16441	1.16396	1.16439	250	0	8
2021.10.24	20:00:00	1.16404	1.16447	1.16355	1.16386	597	0	10
2021.10.25	00:00:00	1.16389	1.16645	1.16386	1.16635	2366	0	8
2021.10.25	04:00:00	1.16635	1.16646	1.16407	1.16577	3212	0	8
2021.10.25	08:00:00	1.16579	1.16595	1.16029	1.16072	5320	0	8
2021.10.25	12:00:00	1.16074	1.16147	1.15902	1.16098	6180	0	8
2021.10.25	16:00:00	1.16096	1.16165	1.16044	1.16121	1743	0	8
2021.10.25	20:00:00	1.16123	1.16123	1.16057	1.16083	450	0	8
2021.10.26	00:00:00	1.16084	1.16097	1.15965	1.16004	1686	0	8
2021.10.26	04:00:00	1.16002	1.16061	1.15937	1.15976	2906	0	8
2021.10.26	08:00:00	1.15975	1.16252	1.15967	1.16157	4182	0	8
2021.10.26	12:00:00	1.16157	1.16220	1.15844	1.15897	6468	0	8
2021.10.26	16:00:00	1.15897	1.15999	1.15851	1.15979	1760	0	8
2021.10.26	20:00:00	1.15979	1.16004	1.15882	1.15958	890	0	8
2021.10.27	00:00:00	1.15959	1.16038	1.15954	1.16010	1484	0	8
2021.10.27	04:00:00	1.16008	1.16126	1.15949	1.16048	2867	0	8
2021.10.27	08:00:00	1.16048	1.16072	1.15846	1.16044	5268	0	8
2021.10.27	12:00:00	1.16044	1.16256	1.15878	1.15997	9872	0	8
2021.10.27	16:00:00	1.15997	1.16158	1.15981	1.15996	3390	0	8
2021.10.27	20:00:00	1.15995	1.16045	1.15980	1.15980	610	0	8
2021.10.28	00:00:00	1.15982	1.16093	1.15889	1.16052	2418	0	8
2021.10.28	04:00:00	1.16053	1.16134	1.15950	1.16079	3433	0	8
2021.10.28	08:00:00	1.16082	1.16172	1.15819	1.15961	7099	0	8
2021.10.28	12:00:00	1.15963	1.16917	1.15819	1.16839	19811	0	8
2021.10.28	16:00:00	1.16837	1.16886	1.16708	1.16802	3655	0	8
2021.10.28	20:00:00	1.16800	1.16864	1.16776	1.16817	1134	0	8
2021.10.29	00:00:00	1.16819	1.16895	1.16727	1.16762	2264	0	8
2021.10.29	04:00:00	1.16760	1.16768	1.16578	1.16701	3726	0	8
2021.10.29	08:00:00	1.16703	1.16708	1.16446	1.16467	5168	0	8
2021.10.29	12:00:00	1.16465	1.16477	1.15439	1.15494	13601	0	8
2021.10.29	16:00:00	1.15493	1.15623	1.15347	1.15591	3766	0	8
2021.10.29	20:00:00	1.15589	1.15649	1.15560	1.15614	534	0	8
2021.10.31	20:00:00	1.15572	1.15641	1.15550	1.15557	996	0	10
2021.11.01	00:00:00	1.15559	1.15600	1.15498	1.15501	1980	0	8
2021.11.01	04:00:00	1.15500	1.15640	1.15457	1.15632	3361	0	8
2021.11.01	08:00:00	1.15633	1.15766	1.15593	1.15712	5172	0	8
2021.11.01	12:00:00	1.15713	1.15935	1.15651	1.15908	6138	0	8
2021.11.01	16:00:00	1.15908	1.16083	1.15854	1.16061	2717	0	8
2021.11.01	20:00:00	1.16058	1.16088	1.15974	1.15990	998	0	8
2021.11.02	00:00:00	1.15991	1.16012	1.15947	1.15987	1670	0	8
2021.11.02	04:00:00	1.15987	1.16130	1.15984	1.16081	2940	0	8
2021.11.02	08:00:00	1.16083	1.16103	1.15855	1.16024	5511	0	8
2021.11.02	12:00:00	1.16025	1.16073	1.15775	1.15803	7408	0	8
2021.11.02	16:00:00	1.15803	1.15851	1.15748	1.15827	2828	0	8
2021.11.02	20:00:00	1.15827	1.15827	1.15742	1.15786	623	0	8
2021.11.03	00:00:00	1.15787	1.15866	1.15746	1.15828	1013	0	8
2021.11.03	04:00:00	1.15826	1.15873	1.15783	1.15805	1491	0	8
2021.11.03	08:00:00	1.15807	1.15972	1.15781	1.15868	4655	0	8
2021.11.03	12:00:00	1.15870	1.15890	1.15619	1.15843	7894	0	8
2021.11.03	16:00:00	1.15842	1.16160	1.15717	1.16071	20164	0	8
2021.11.03	20:00:00	1.16069	1.16159	1.16039	1.16149	1225	0	8
2021.11.04	00:00:00	1.16148	1.16156	1.15925	1.15928	1584	0	8
2021.11.04	04:00:00	1.15930	1.15955	1.15694	1.15708	2341	0	8
2021.11.04	08:00:00	1.15709	1.15711	1.15422	1.15541	6116	0	8
2021.11.04	12:00:00	1.15540	1.15728	1.15279	1.15449	10800	0	8
2021.11.04	16:00:00	1.15451	1.15569	1.15397	1.15569	3733	0	8
2021.11.04	20:00:00	1.15567	1.15574	1.15485	1.15549	918	0	8
2021.11.05	00:00:00	1.15550	1.15555	1.15406	1.15460	1972	0	8
2021.11.05	04:00:00	1.15463	1.15625	1.15463	1.15601	1976	0	8
2021.11.05	08:00:00	1.15601	1.15609	1.15297	1.15330	5693	0	8
2021.11.05	12:00:00	1.15332	1.15560	1.15130	1.15521	13069	0	8
2021.11.05	16:00:00	1.15519	1.15684	1.15479	1.15675	3741	0	8
2021.11.05	20:00:00	1.15674	1.15730	1.15653	1.15676	530	0	8
2021.11.07	20:00:00	1.15607	1.15694	1.15537	1.15678	1140	0	10
2021.11.08	00:00:00	1.15677	1.15677	1.15528	1.15575	1628	0	8
2021.11.08	04:00:00	1.15575	1.15684	1.15508	1.15592	2015	0	8
2021.11.08	08:00:00	1.15594	1.15757	1.15501	1.15713	5109	0	8
2021.11.08	12:00:00	1.15711	1.15943	1.15638	1.15885	6555	0	8
2021.11.08	16:00:00	1.15885	1.15945	1.15832	1.15887	2534	0	8
2021.11.08	20:00:00	1.15886	1.15911	1.15823	1.15874	1273	0	8
2021.11.09	00:00:00	1.15873	1.15903	1.15768	1.15847	2183	0	8
2021.11.09	04:00:00	1.15848	1.16061	1.15848	1.15958	2681	0	8
2021.11.09	08:00:00	1.15958	1.15980	1.15780	1.15795	4810	0	8
2021.11.09	12:00:00	1.15793	1.16083	1.15695	1.15846	9021	0	8
2021.11.09	16:00:00	1.15845	1.15943	1.15711	1.15938	4211	0	8
2021.11.09	20:00:00	1.15941	1.15979	1.15908	1.15935	1135	0	8
2021.11.10	00:00:00	1.15937	1.15948	1.15823	1.15837	1641	0	8
2021.11.10	04:00:00	1.15838	1.15846	1.15574	1.15683	2314	0	8
2021.11.10	08:00:00	1.15680	1.15817	1.15453	1.15487	5600	0	8
2021.11.10	12:00:00	1.15489	1.15739	1.15109	1.15183	14885	0	8
2021.11.10	16:00:00	1.15181	1.15343	1.14817	1.14830	9730	0	8
2021.11.10	20:00:00	1.14832	1.14864	1.14733	1.14853	2002	0	8
2021.11.11	00:00:00	1.14851	1.14871	1.14644	1.14758	2425	0	8
2021.11.11	04:00:00	1.14760	1.14844	1.14591	1.14592	2301	0	8
2021.11.11	08:00:00	1.14599	1.14762	1.14536	1.14695	6970	0	8
2021.11.11	12:00:00	1.14697	1.14768	1.14554	1.14700	6389	0	8
2021.11.11	16:00:00	1.14702	1.14704	1.14443	1.14448	2965	0	8
2021.11.11	20:00:00	1.14451	1.14494	1.14428	1.14472	993	0	8
2021.11.12	00:00:00	1.14473	1.14477	1.14357	1.14387	1700	0	8
2021.11.12	04:00:00	1.14389	1.14555	1.14370	1.14503	1892	0	8
2021.11.12	08:00:00	1.14505	1.14548	1.14369	1.14495	4913	0	8
2021.11.12	12:00:00	1.14494	1.14615	1.14319	1.14438	8190	0	8
2021.11.12	16:00:00	1.14435	1.14515	1.14407	1.14427	3638	0	8
2021.11.12	20:00:00	1.14427	1.14466	1.14413	1.14430	689	0	8
2021.11.14	20:00:00	1.14437	1.14442	1.14408	1.14409	172	0	10
2021.11.15	00:00:00	1.14410	1.14635	1.14410	1.14574	1583	0	8
2021.11.15	04:00:00	1.14572	1.14625	1.14485	1.14497	1929	0	8
2021.11.15	08:00:00	1.14497	1.14560	1.14364	1.14498	5282	0	8
2021.11.15	12:00:00	1.14497	1.14539	1.14175	1.14197	7210	0	8
2021.11.15	16:00:00	1.14199	1.14237	1.13776	1.13853	6223	0	8
2021.11.15	20:00:00	1.13851	1.13863	1.13558	1.13665	2375	0	8
2021.11.16	00:00:00	1.13667	1.13852	1.13657	1.13817	2376	0	8
2021.11.16	04:00:00	1.13819	1.13841	1.13678	1.13792	2592	0	8
2021.11.16	08:00:00	1.13793	1.13793	1.13510	1.13669	5764	0	8
2021.11.16	12:00:00	1.13667	1.13745	1.13294	1.13498	11436	0	8
2021.11.16	16:00:00	1.13496	1.13551	1.13158	1.13163	5109	0	8
2021.11.16	20:00:00	1.13163	1.13224	1.13086	1.13176	2092	0	8
2021.11.17	00:00:00	1.13178	1.13262	1.12615	1.12884	4525	0	8
2021.11.17	04:00:00	1.12885	1.13170	1.12884	1.13023	4845	0	8
2021.11.17	08:00:00	1.13023	1.13242	1.12988	1.13242	6186	0	8
2021.11.17	12:00:00	1.13240	1.13318	1.12930	1.13074	8039	0	8
2021.11.17	16:00:00	1.13074	1.13262	1.12993	1.13142	5280	0	8
2021.11.17	20:00:00	1.13139	1.13229	1.13107	1.13173	1504	0	8
2021.11.18	00:00:00	1.13175	1.13375	1.13161	1.13278	2618	0	8
2021.11.18	04:00:00	1.13276	1.13381	1.13134	1.13343	2876	0	8
2021.11.18	08:00:00	1.13341	1.13472	1.13237	1.13439	5657	0	8
2021.11.18	12:00:00	1.13440	1.13588	1.13265	1.13478	8913	0	8
2021.11.18	16:00:00	1.13476	1.13737	1.13460	1.13701	3585	0	8
2021.11.18	20:00:00	1.13702	1.13736	1.13674	1.13674	1060	0	8
2021.11.19	00:00:00	1.13675	1.13687	1.13517	1.13549	1832	0	8
2021.11.19	04:00:00	1.13546	1.13600	1.13433	1.13434	1927	0	8
2021.11.19	08:00:00	1.13435	1.13449	1.12825	1.12892	12883	0	8
2021.11.19	12:00:00	1.12894	1.13209	1.12496	1.13174	15162	0	8
2021.11.19	16:00:00	1.13171	1.13218	1.12851	1.12890	6305	0	8
2021.11.19	20:00:00	1.12889	1.12913	1.12798	1.12809	1248	0	8
2021.11.21	20:00:00	1.12865	1.12867	1.12714	1.12750	796	0	10
2021.11.22	00:00:00	1.12751	1.12893	1.12645	1.12705	3942	0	8
2021.11.22	04:00:00	1.12704	1.12784	1.12596	1.12596	3984	0	8
2021.11.22	08:00:00	1.12599	1.12901	1.12599	1.12764	8293	0	8
2021.11.22	12:00:00	1.12762	1.12822	1.12357	1.12462	14273	0	8
2021.11.22	16:00:00	1.12462	1.12651	1.12307	1.12313	5267	0	8
2021.11.22	20:00:00	1.12311	1.12411	1.12303	1.12411	1577	0	8
2021.11.23	00:00:00	1.12410	1.12434	1.12257	1.12369	1824	0	8
2021.11.23	04:00:00	1.12368	1.12639	1.12312	1.12527	4645	0	8
2021.11.23	08:00:00	1.12527	1.12746	1.12390	1.12428	11662	0	8
2021.11.23	12:00:00	1.12430	1.12648	1.12339	1.12638	10376	0	8
2021.11.23	16:00:00	1.12638	1.12708	1.12458	1.12498	4950	0	8
2021.11.23	20:00:00	1.12498	1.12533	1.12419	1.12442	1244	0	8
2021.11.24	00:00:00	1.12440	1.12467	1.12323	1.12351	2587	0	8
2021.11.24	04:00:00	1.12349	1.12468	1.12329	1.12450	3310	0	8
2021.11.24	08:00:00	1.12452	1.12549	1.12029	1.12170	8901	0	8
2021.11.24	12:00:00	1.12168	1.12192	1.11857	1.11960	16407	0	8
2021.11.24	16:00:00	1.11958	1.12030	1.11872	1.11981	5394	0	8
2021.11.24	20:00:00	1.11984	1.12050	1.11969	1.12021	1134	0	8
2021.11.25	00:00:00	1.12023	1.12177	1.12023	1.12134	1576	0	8
2021.11.25	04:00:00	1.12133	1.12197	1.12096	1.12152	1664	0	8
2021.11.25	08:00:00	1.12152	1.12287	1.12143	1.12185	4599	0	8
2021.11.25	12:00:00	1.12187	1.12291	1.12072	1.12095	4651	0	8
2021.11.25	16:00:00	1.12092	1.12147	1.12044	1.12065	1957	0	8
2021.11.25	20:00:00	1.12064	1.12119	1.12032	1.12086	894	0	10
2021.11.26	00:00:00	1.12084	1.12267	1.12065	1.12186	4546	0	8
2021.11.26	04:00:00	1.12186	1.12435	1.12172	1.12335	6216	0	8
2021.11.26	08:00:00	1.12333	1.12949	1.12298	1.12776	16531	0	8
2021.11.26	12:00:00	1.12776	1.13207	1.12736	1.13163	14130	0	8
2021.11.26	16:00:00	1.13163	1.13206	1.12903	1.13120	6616	0	8
2021.11.26	20:00:00	1.13124	1.13269	1.13082	1.13131	1025	0	60
2021.11.28	20:00:00	1.13047	1.13105	1.12802	1.12921	2358	0	10
2021.11.29	00:00:00	1.12919	1.12965	1.12766	1.12805	3983	0	8
2021.11.29	04:00:00	1.12803	1.12846	1.12612	1.12634	4594	0	8
2021.11.29	08:00:00	1.12636	1.12944	1.12599	1.12917	6485	0	8
2021.11.29	12:00:00	1.12919	1.12935	1.12581	1.12658	9869	0	8
2021.11.29	16:00:00	1.12661	1.12751	1.12583	1.12729	3373	0	8
2021.11.29	20:00:00	1.12730	1.12999	1.12730	1.12922	1730	0	8
2021.11.30	00:00:00	1.12924	1.13042	1.12845	1.12984	2227	0	8
2021.11.30	04:00:00	1.12983	1.13317	1.12951	1.13283	6398	0	8
2021.11.30	08:00:00	1.13285	1.13723	1.13280	1.13470	8672	0	8
2021.11.30	12:00:00	1.13471	1.13824	1.12493	1.12587	19543	0	8
2021.11.30	16:00:00	1.12586	1.13245	1.12346	1.13242	19140	0	8
2021.11.30	20:00:00	1.13241	1.13450	1.13186	1.13296	2849	0	8
2021.12.01	00:00:00	1.13297	1.13358	1.13161	1.13277	3212	0	8
2021.12.01	04:00:00	1.13275	1.13434	1.13167	1.13401	4373	0	8
2021.12.01	08:00:00	1.13403	1.13592	1.13023	1.13208	10880	0	8
2021.12.01	12:00:00	1.13206	1.13574	1.13105	1.13340	12199	0	8
2021.12.01	16:00:00	1.13340	1.13348	1.13149	1.13170	6867	0	8
2021.12.01	20:00:00	1.13173	1.13207	1.13088	1.13186	2043	0	8
2021.12.02	00:00:00	1.13187	1.13387	1.13146	1.13302	2032	0	8
2021.12.02	04:00:00	1.13301	1.13332	1.13069	1.13095	2806	0	8
2021.12.02	08:00:00	1.13095	1.13435	1.13095	1.13396	7077	0	8
2021.12.02	12:00:00	1.13396	1.13472	1.13125	1.13172	10563	0	8
2021.12.02	16:00:00	1.13170	1.13199	1.12949	1.12964	5934	0	8
2021.12.02	20:00:00	1.12963	1.13058	1.12963	1.13052	1462	0	8
2021.12.03	00:00:00	1.13055	1.13070	1.12902	1.12937	1905	0	8
2021.12.03	04:00:00	1.12934	1.13019	1.12814	1.12917	2748	0	8
2021.12.03	08:00:00	1.12919	1.13156	1.12847	1.13082	6077	0	8
2021.12.03	12:00:00	1.13082	1.13331	1.12662	1.12788	21844	0	8
2021.12.03	16:00:00	1.12786	1.13268	1.12763	1.13113	8557	0	8
2021.12.03	20:00:00	1.13115	1.13145	1.13008	1.13092	1582	0	8
2021.12.05	20:00:00	1.13019	1.13114	1.13013	1.13037	936	0	10
2021.12.06	00:00:00	1.13036	1.13036	1.12880	1.12922	2408	0	8
2021.12.06	04:00:00	1.12922	1.12929	1.12744	1.12748	2568	0	8
2021.12.06	08:00:00	1.12750	1.13097	1.12744	1.12922	5667	0	8
2021.12.06	12:00:00	1.12924	1.13074	1.12660	1.12717	7943	0	8
2021.12.06	16:00:00	1.12716	1.12877	1.12692	1.12785	3474	0	8
2021.12.06	20:00:00	1.12782	1.12865	1.12776	1.12831	1363	0	8
2021.12.07	00:00:00	1.12832	1.12923	1.12755	1.12902	1808	0	8
2021.12.07	04:00:00	1.12905	1.12980	1.12861	1.12882	2545	0	8
2021.12.07	08:00:00	1.12884	1.12945	1.12530	1.12571	7239	0	8
2021.12.07	12:00:00	1.12572	1.12594	1.12272	1.12455	8753	0	8
2021.12.07	16:00:00	1.12454	1.12608	1.12361	1.12608	3622	0	8
2021.12.07	20:00:00	1.12610	1.12734	1.12588	1.12720	1378	0	8
2021.12.08	00:00:00	1.12722	1.12932	1.12722	1.12913	1617	0	8
2021.12.08	04:00:00	1.12912	1.12953	1.12834	1.12856	2192	0	8
2021.12.08	08:00:00	1.12859	1.12998	1.12680	1.12760	7938	0	8
2021.12.08	12:00:00	1.12760	1.13342	1.12665	1.13322	12474	0	8
2021.12.08	16:00:00	1.13323	1.13503	1.13247	1.13490	4144	0	8
2021.12.08	20:00:00	1.13488	1.13543	1.13372	1.13437	1521	0	8
2021.12.09	00:00:00	1.13438	1.13438	1.13289	1.13341	1496	0	8
2021.12.09	04:00:00	1.13343	1.13364	1.13168	1.13195	2565	0	8
2021.12.09	08:00:00	1.13198	1.13264	1.13103	1.13165	5499	0	8
2021.12.09	12:00:00	1.13163	1.13202	1.12782	1.12836	8567	0	8
2021.12.09	16:00:00	1.12834	1.12940	1.12781	1.12867	3882	0	8
2021.12.09	20:00:00	1.12868	1.12977	1.12868	1.12933	1064	0	8
2021.12.10	00:00:00	1.12931	1.13012	1.12867	1.12981	1633	0	8
2021.12.10	04:00:00	1.12978	1.13024	1.12860	1.12936	2163	0	8
2021.12.10	08:00:00	1.12936	1.12968	1.12647	1.12673	4908	0	8
2021.12.10	12:00:00	1.12672	1.13083	1.12664	1.13012	13286	0	8
2021.12.10	16:00:00	1.13011	1.13235	1.12999	1.13108	3607	0	8
2021.12.10	20:00:00	1.13110	1.13189	1.13103	1.13162	614	0	8
2021.12.12	20:00:00	1.13117	1.13188	1.13060	1.13104	467	0	10
2021.12.13	00:00:00	1.13102	1.13136	1.12932	1.12977	1582	0	8
2021.12.13	04:00:00	1.12974	1.12994	1.12835	1.12901	1860	0	8
2021.12.13	08:00:00	1.12901	1.12924	1.12597	1.12738	4921	0	8
2021.12.13	12:00:00	1.12736	1.12972	1.12723	1.12751	8120	0	8
2021.12.13	16:00:00	1.12752	1.13068	1.12739	1.12869	3027	0	8
2021.12.13	20:00:00	1.12867	1.12905	1.12804	1.12829	1596	0	8
2021.12.14	00:00:00	1.12827	1.12843	1.12710	1.12732	1782	0	8
2021.12.14	04:00:00	1.12730	1.12830	1.12701	1.12703	1815	0	8
2021.12.14	08:00:00	1.12701	1.13234	1.12660	1.13183	6120	0	8
2021.12.14	12:00:00	1.13181	1.13198	1.12709	1.12725	7554	0	8
2021.12.14	16:00:00	1.12723	1.12763	1.12553	1.12555	3167	0	8
2021.12.14	20:00:00	1.12557	1.12589	1.12534	1.12571	954	0	8
2021.12.15	00:00:00	1.12569	1.12694	1.12566	1.12593	1476	0	8
2021.12.15	04:00:00	1.12593	1.12762	1.12593	1.12637	1961	0	8
2021.12.15	08:00:00	1.12640	1.12767	1.12621	1.12695	4087	0	8
2021.12.15	12:00:00	1.12695	1.12754	1.12477	1.12517	8846	0	8
2021.12.15	16:00:00	1.12515	1.12748	1.12214	1.12722	19472	0	8
2021.12.15	20:00:00	1.12721	1.12988	1.12631	1.12898	5597	0	8
2021.12.16	00:00:00	1.12900	1.12917	1.12809	1.12851	2226	0	8
2021.12.16	04:00:00	1.12853	1.13118	1.12832	1.13049	2473	0	8
2021.12.16	08:00:00	1.13050	1.13187	1.12901	1.12956	6298	0	8
2021.12.16	12:00:00	1.12954	1.13598	1.12919	1.13065	18428	0	8
2021.12.16	16:00:00	1.13067	1.13257	1.13009	1.13243	3137	0	8
2021.12.16	20:00:00	1.13243	1.13361	1.13186	1.13332	1879	0	8
2021.12.17	00:00:00	1.13334	1.13346	1.13200	1.13263	1875	0	8
2021.12.17	04:00:00	1.13264	1.13485	1.13169	1.13179	2810	0	8
2021.12.17	08:00:00	1.13177	1.13392	1.13113	1.13177	6723	0	8
2021.12.17	12:00:00	1.13179	1.13323	1.12733	1.12735	7997	0	8
2021.12.17	16:00:00	1.12736	1.12789	1.12507	1.12517	4142	0	8
2021.12.17	20:00:00	1.12516	1.12523	1.12346	1.12360	1615	0	8
2021.12.19	20:00:00	1.12364	1.12437	1.12343	1.12424	596	0	10
2021.12.20	00:00:00	1.12423	1.12498	1.12361	1.12480	2157	0	8
2021.12.20	04:00:00	1.12478	1.12609	1.12440	1.12545	3513	0	8
2021.12.20	08:00:00	1.12547	1.12763	1.12493	1.12699	6976	0	8
2021.12.20	12:00:00	1.12701	1.13033	1.12678	1.12884	8602	0	8
2021.12.20	16:00:00	1.12885	1.13032	1.12737	1.12737	4018	0	8
2021.12.20	20:00:00	1.12736	1.12801	1.12710	1.12767	1296	0	8
2021.12.21	00:00:00	1.12769	1.12865	1.12727	1.12820	1559	0	8
2021.12.21	04:00:00	1.12819	1.12952	1.12757	1.12875	2527	0	8
2021.12.21	08:00:00	1.12875	1.13023	1.12754	1.12852	6546	0	8
2021.12.21	12:00:00	1.12850	1.13010	1.12606	1.12637	8142	0	8
2021.12.21	16:00:00	1.12635	1.12814	1.12604	1.12809	4504	0	8
2021.12.21	20:00:00	1.12808	1.12867	1.12737	1.12867	1400	0	8
2021.12.22	00:00:00	1.12869	1.12936	1.12732	1.12759	1516	0	8
2021.12.22	04:00:00	1.12757	1.12757	1.12639	1.12671	2248	0	8
2021.12.22	08:00:00	1.12669	1.13101	1.12653	1.13008	5976	0	8
2021.12.22	12:00:00	1.13009	1.13236	1.12976	1.13205	7599	0	8
2021.12.22	16:00:00	1.13209	1.13418	1.13184	1.13322	4248	0	8
2021.12.22	20:00:00	1.13320	1.13383	1.13151	1.13262	1738	0	8
2021.12.23	00:00:00	1.13260	1.13416	1.13258	1.13385	1244	0	8
2021.12.23	04:00:00	1.13384	1.13415	1.13260	1.13279	1177	0	8
2021.12.23	08:00:00	1.13276	1.13302	1.13101	1.13235	4726	0	8
2021.12.23	12:00:00	1.13234	1.13278	1.12898	1.13082	9753	0	8
2021.12.23	16:00:00	1.13081	1.13374	1.13058	1.13338	3505	0	8
2021.12.23	20:00:00	1.13335	1.13350	1.13214	1.13222	1930	0	8
2021.12.24	00:00:00	1.13214	1.13289	1.13196	1.13270	756	0	20
2021.12.24	04:00:00	1.13269	1.13332	1.13253	1.13297	484	0	31
2021.12.24	08:00:00	1.13299	1.13420	1.13247	1.13260	1086	0	31
2021.12.24	12:00:00	1.13258	1.13315	1.13041	1.13045	2727	0	31
2021.12.24	16:00:00	1.13046	1.13222	1.13040	1.13065	2809	0	64
2021.12.26	20:00:00	1.13103	1.13254	1.13059	1.13227	730	0	10
2021.12.27	00:00:00	1.13226	1.13233	1.13134	1.13232	1177	0	8
2021.12.27	04:00:00	1.13233	1.13301	1.13128	1.13295	1237	0	8
2021.12.27	08:00:00	1.13293	1.13341	1.13025	1.13145	4990	0	8
2021.12.27	12:00:00	1.13144	1.13306	1.13032	1.13183	5155	0	8
2021.12.27	16:00:00	1.13183	1.13312	1.13174	1.13247	2067	0	8
2021.12.27	20:00:00	1.13249	1.13299	1.13222	1.13289	690	0	8
2021.12.28	00:00:00	1.13291	1.13308	1.13177	1.13251	1263	0	8
2021.12.28	04:00:00	1.13252	1.13284	1.13158	1.13169	1175	0	8
2021.12.28	08:00:00	1.13170	1.13328	1.13153	1.13323	4003	0	8
2021.12.28	12:00:00	1.13325	1.13329	1.12892	1.12949	5750	0	8
2021.12.28	16:00:00	1.12951	1.13203	1.12943	1.13020	3021	0	8
2021.12.28	20:00:00	1.13018	1.13137	1.13017	1.13125	1404	0	8
2021.12.29	00:00:00	1.13127	1.13129	1.12972	1.13059	1276	0	8
2021.12.29	04:00:00	1.13059	1.13070	1.12970	1.12998	1196	0	8
2021.12.29	08:00:00	1.12998	1.13027	1.12733	1.13005	5426	0	8
2021.12.29	12:00:00	1.13007	1.13683	1.12916	1.13487	9794	0	8
2021.12.29	16:00:00	1.13489	1.13531	1.13342	1.13425	3687	0	8
2021.12.29	20:00:00	1.13427	1.13593	1.13401	1.13593	1273	0	8
2021.12.30	00:00:00	1.13591	1.13591	1.13369	1.13374	1323	0	8
2021.12.30	04:00:00	1.13373	1.13373	1.13144	1.13171	1956	0	8
2021.12.30	08:00:00	1.13172	1.13254	1.12994	1.13254	4613	0	8
2021.12.30	12:00:00	1.13257	1.13440	1.12981	1.13301	9154	0	8
2021.12.30	16:00:00	1.13302	1.13314	1.13035	1.13268	2994	0	8
2021.12.30	20:00:00	1.13268	1.13298	1.13180	1.13219	1192	0	8
2021.12.31	00:00:00	1.13217	1.13282	1.13140	1.13155	728	0	8
2021.12.31	04:00:00	1.13158	1.13251	1.13036	1.13045	1333	0	8
2021.12.31	08:00:00	1.13045	1.13361	1.13029	1.13186	4888	0	8
2021.12.31	12:00:00	1.13185	1.13750	1.13118	1.13717	10300	0	8
2021.12.31	16:00:00	1.13715	1.13859	1.13586	1.13829	3792	0	8
2022.01.02	20:00:00	1.13716	1.13780	1.13648	1.13724	838	0	10
2022.01.03	00:00:00	1.13726	1.13752	1.13408	1.13479	2093	0	8
2022.01.03	04:00:00	1.13478	1.13496	1.13346	1.13478	2209	0	8
2022.01.03	08:00:00	1.13475	1.13658	1.13350	1.13551	6918	0	8
2022.01.03	12:00:00	1.13553	1.13638	1.12899	1.12913	10276	0	8
2022.01.03	16:00:00	1.12914	1.12993	1.12793	1.12969	4113	0	8
2022.01.03	20:00:00	1.12968	1.13018	1.12923	1.13012	1302	0	8
2022.01.04	00:00:00	1.13015	1.13090	1.12951	1.12973	2037	0	8
2022.01.04	04:00:00	1.12971	1.13067	1.12829	1.12912	2404	0	8
2022.01.04	08:00:00	1.12909	1.13078	1.12756	1.12756	7518	0	8
2022.01.04	12:00:00	1.12758	1.13221	1.12718	1.13084	10103	0	8
2022.01.04	16:00:00	1.13085	1.13151	1.12776	1.12874	5130	0	8
2022.01.04	20:00:00	1.12876	1.12890	1.12804	1.12824	1478	0	8
2022.01.05	00:00:00	1.12823	1.12962	1.12767	1.12954	1411	0	8
2022.01.05	04:00:00	1.12952	1.13022	1.12870	1.12982	1850	0	8
2022.01.05	08:00:00	1.12984	1.13232	1.12963	1.13186	6226	0	8
2022.01.05	12:00:00	1.13189	1.13437	1.13027	1.13370	9947	0	8
2022.01.05	16:00:00	1.13367	1.13460	1.13076	1.13099	7875	0	8
2022.01.05	20:00:00	1.13101	1.13137	1.13017	1.13103	1875	0	8
2022.01.06	00:00:00	1.13104	1.13201	1.13045	1.13147	1881	0	8
2022.01.06	04:00:00	1.13146	1.13159	1.12842	1.12892	2970	0	8
2022.01.06	08:00:00	1.12893	1.13264	1.12844	1.13128	7472	0	8
2022.01.06	12:00:00	1.13130	1.13315	1.12925	1.12954	13005	0	8
2022.01.06	16:00:00	1.12952	1.13088	1.12863	1.12863	4968	0	8
2022.01.06	20:00:00	1.12865	1.12994	1.12858	1.12946	1376	0	8
2022.01.07	00:00:00	1.12944	1.13013	1.12896	1.12986	1409	0	8
2022.01.07	04:00:00	1.12985	1.13056	1.12976	1.13050	1474	0	8
2022.01.07	08:00:00	1.13052	1.13189	1.13005	1.13040	4528	0	8
2022.01.07	12:00:00	1.13041	1.13489	1.12920	1.13469	15697	0	8
2022.01.07	16:00:00	1.13468	1.13643	1.13373	1.13625	4011	0	8
2022.01.07	20:00:00	1.13624	1.13638	1.13569	1.13611	818	0	8
2022.01.09	20:00:00	1.13554	1.13605	1.13491	1.13532	766	0	10
2022.01.10	00:00:00	1.13530	1.13576	1.13333	1.13372	1241	0	8
2022.01.10	04:00:00	1.13372	1.13402	1.13261	1.13286	2100	0	8
2022.01.10	08:00:00	1.13287	1.13441	1.13203	1.13249	6776	0	8
2022.01.10	12:00:00	1.13251	1.13291	1.12846	1.13182	11051	0	8
2022.01.10	16:00:00	1.13180	1.13343	1.13158	1.13230	4332	0	8
2022.01.10	20:00:00	1.13228	1.13321	1.13198	1.13296	1556	0	8
2022.01.11	00:00:00	1.13297	1.13433	1.13282	1.13411	1706	0	8
2022.01.11	04:00:00	1.13409	1.13443	1.13314	1.13415	2401	0	8
2022.01.11	08:00:00	1.13412	1.13514	1.13257	1.13384	6390	0	8
2022.01.11	12:00:00	1.13385	1.13449	1.13125	1.13397	9040	0	8
2022.01.11	16:00:00	1.13398	1.13747	1.13398	1.13664	5020	0	8
2022.01.11	20:00:00	1.13663	1.13705	1.13636	1.13655	1371	0	8
2022.01.12	00:00:00	1.13657	1.13750	1.13638	1.13743	1341	0	8
2022.01.12	04:00:00	1.13742	1.13775	1.13548	1.13581	1801	0	8
2022.01.12	08:00:00	1.13581	1.13731	1.13543	1.13611	5245	0	8
2022.01.12	12:00:00	1.13612	1.14247	1.13593	1.14203	14563	0	8
2022.01.12	16:00:00	1.14203	1.14523	1.14184	1.14495	5279	0	8
2022.01.12	20:00:00	1.14496	1.14505	1.14379	1.14392	1378	0	8
2022.01.13	00:00:00	1.14391	1.14477	1.14352	1.14417	2057	0	8
2022.01.13	04:00:00	1.14418	1.14659	1.14381	1.14640	2586	0	8
2022.01.13	08:00:00	1.14643	1.14779	1.14570	1.14621	7356	0	8
2022.01.13	12:00:00	1.14624	1.14812	1.14468	1.14600	10514	0	8
2022.01.13	16:00:00	1.14603	1.14715	1.14545	1.14612	5505	0	8
2022.01.13	20:00:00	1.14611	1.14618	1.14505	1.14562	1689	0	8
2022.01.14	00:00:00	1.14560	1.14752	1.14508	1.14733	2521	0	8
2022.01.14	04:00:00	1.14732	1.14824	1.14598	1.14655	2935	0	8
2022.01.14	08:00:00	1.14653	1.14743	1.14481	1.14515	6052	0	8
2022.01.14	12:00:00	1.14514	1.14557	1.14235	1.14329	13444	0	8
2022.01.14	16:00:00	1.14329	1.14354	1.13982	1.14149	4935	0	8
2022.01.14	20:00:00	1.14147	1.14174	1.14120	1.14146	1066	0	8
2022.01.16	20:00:00	1.14123	1.14160	1.14055	1.14109	755	0	10
2022.01.17	00:00:00	1.14110	1.14192	1.13998	1.14179	2132	0	8
2022.01.17	04:00:00	1.14179	1.14275	1.14116	1.14248	2085	0	8
2022.01.17	08:00:00	1.14247	1.14339	1.14059	1.14137	5450	0	8
2022.01.17	12:00:00	1.14135	1.14162	1.13914	1.14037	6852	0	8
2022.01.17	16:00:00	1.14037	1.14153	1.14005	1.14033	1798	0	8
2022.01.17	20:00:00	1.14036	1.14096	1.14015	1.14096	581	0	11
2022.01.18	00:00:00	1.14095	1.14210	1.13847	1.13920	3291	0	8
2022.01.18	04:00:00	1.13921	1.14041	1.13908	1.13968	5224	0	8
2022.01.18	08:00:00	1.13968	1.14054	1.13829	1.13860	8664	0	8
2022.01.18	12:00:00	1.13862	1.13914	1.13426	1.13427	11459	0	8
2022.01.18	16:00:00	1.13429	1.13436	1.13186	1.13266	5840	0	8
2022.01.18	20:00:00	1.13267	1.13318	1.13144	1.13282	2087	0	8
2022.01.19	00:00:00	1.13284	1.13296	1.13186	1.13273	2602	0	8
2022.01.19	04:00:00	1.13270	1.13424	1.13252	1.13302	3275	0	8
2022.01.19	08:00:00	1.13304	1.13493	1.13290	1.13374	5996	0	8
2022.01.19	12:00:00	1.13374	1.13535	1.13327	1.13440	8822	0	8
2022.01.19	16:00:00	1.13441	1.13567	1.13397	1.13507	4821	0	8
2022.01.19	20:00:00	1.13506	1.13544	1.13393	1.13425	1503	0	8
2022.01.20	00:00:00	1.13426	1.13648	1.13425	1.13532	2725	0	8
2022.01.20	04:00:00	1.13530	1.13663	1.13452	1.13593	2587	0	8
2022.01.20	08:00:00	1.13591	1.13685	1.13326	1.13397	6024	0	8
2022.01.20	12:00:00	1.13395	1.13574	1.13283	1.13476	9932	0	8
2022.01.20	16:00:00	1.13478	1.13528	1.13111	1.13119	4566	0	8
2022.01.20	20:00:00	1.13120	1.13181	1.13027	1.13125	2475	0	8
2022.01.21	00:00:00	1.13126	1.13346	1.13006	1.13254	3381	0	8
2022.01.21	04:00:00	1.13256	1.13363	1.13221	1.13283	2867	0	8
2022.01.21	08:00:00	1.13281	1.13449	1.13252	1.13294	5777	0	8
2022.01.21	12:00:00	1.13294	1.13593	1.13257	1.13454	9015	0	8
2022.01.21	16:00:00	1.13456	1.13530	1.13393	1.13410	3937	0	8
2022.01.21	20:00:00	1.13408	1.13450	1.13379	1.13437	1414	0	8
2022.01.23	20:00:00	1.13394	1.13444	1.13364	1.13407	673	0	10
2022.01.24	00:00:00	1.13405	1.13405	1.13271	1.13285	1920	0	8
2022.01.24	04:00:00	1.13283	1.13308	1.13143	1.13233	2614	0	8
2022.01.24	08:00:00	1.13231	1.13360	1.13010	1.13037	8460	0	8
2022.01.24	12:00:00	1.13039	1.13243	1.12901	1.13083	10691	0	8
2022.01.24	16:00:00	1.13085	1.13346	1.13042	1.13194	5994	0	8
2022.01.24	20:00:00	1.13192	1.13284	1.13178	1.13232	1950	0	8
2022.01.25	00:00:00	1.13234	1.13236	1.13085	1.13120	2085	0	8
2022.01.25	04:00:00	1.13122	1.13160	1.13012	1.13017	2609	0	8
2022.01.25	08:00:00	1.13018	1.13154	1.12682	1.12714	6469	0	8
2022.01.25	12:00:00	1.12714	1.12808	1.12629	1.12737	8700	0	8
2022.01.25	16:00:00	1.12736	1.13044	1.12712	1.13035	3847	0	8
2022.01.25	20:00:00	1.13033	1.13066	1.12925	1.13025	1819	0	8
2022.01.26	00:00:00	1.13027	1.13102	1.13009	1.13054	1294	0	8
2022.01.26	04:00:00	1.13053	1.13055	1.12889	1.12907	1914	0	8
2022.01.26	08:00:00	1.12908	1.12969	1.12749	1.12783	5215	0	8
2022.01.26	12:00:00	1.12784	1.12959	1.12713	1.12801	7704	0	8
2022.01.26	16:00:00	1.12800	1.13002	1.12470	1.12549	15729	0	8
2022.01.26	20:00:00	1.12548	1.12548	1.12350	1.12403	6572	0	8
2022.01.27	00:00:00	1.12402	1.12429	1.12208	1.12209	2624	0	8
2022.01.27	04:00:00	1.12210	1.12264	1.11952	1.11983	3787	0	8
2022.01.27	08:00:00	1.11981	1.12059	1.11519	1.11585	9494	0	8
2022.01.27	12:00:00	1.11585	1.11685	1.11309	1.11489	12900	0	8
2022.01.27	16:00:00	1.11489	1.11614	1.11354	1.11399	6392	0	8
2022.01.27	20:00:00	1.11399	1.11489	1.11362	1.11441	1813	0	8
2022.01.28	00:00:00	1.11442	1.11553	1.11377	1.11531	2164	0	8
2022.01.28	04:00:00	1.11529	1.11546	1.11250	1.11344	3303	0	8
2022.01.28	08:00:00	1.11346	1.11434	1.11210	1.11329	7713	0	8
2022.01.28	12:00:00	1.11327	1.11732	1.11250	1.11639	12995	0	8
2022.01.28	16:00:00	1.11639	1.11690	1.11430	1.11439	5620	0	8
2022.01.28	20:00:00	1.11438	1.11511	1.11408	1.11481	1035	0	8
2022.01.30	20:00:00	1.11424	1.11520	1.11381	1.11517	724	0	10
2022.01.31	00:00:00	1.11516	1.11624	1.11437	1.11607	2389	0	8
2022.01.31	04:00:00	1.11607	1.11711	1.11598	1.11705	2268	0	8
2022.01.31	08:00:00	1.11707	1.11820	1.11527	1.11589	6224	0	8
2022.01.31	12:00:00	1.11587	1.12174	1.11459	1.12104	12141	0	8
2022.01.31	16:00:00	1.12104	1.12473	1.11984	1.12429	6538	0	8
2022.01.31	20:00:00	1.12427	1.12452	1.12287	1.12289	1761	0	8
2022.02.01	00:00:00	1.12288	1.12335	1.12205	1.12328	1926	0	8
2022.02.01	04:00:00	1.12327	1.12676	1.12327	1.12660	3281	0	8
2022.02.01	08:00:00	1.12661	1.12783	1.12513	1.12726	7231	0	8
2022.02.01	12:00:00	1.12728	1.12739	1.12448	1.12468	10544	0	8
2022.02.01	16:00:00	1.12467	1.12571	1.12340	1.12525	5302	0	8
2022.02.01	20:00:00	1.12524	1.12733	1.12515	1.12726	1827	0	8
2022.02.02	00:00:00	1.12728	1.12774	1.12678	1.12704	1237	0	8
2022.02.02	04:00:00	1.12702	1.12836	1.12663	1.12810	1893	0	8
2022.02.02	08:00:00	1.12810	1.13195	1.12781	1.13159	7653	0	8
2022.02.02	12:00:00	1.13161	1.13298	1.12922	1.12964	9812	0	8
2022.02.02	16:00:00	1.12964	1.13138	1.12925	1.13096	3288	0	8
2022.02.02	20:00:00	1.13099	1.13136	1.12979	1.12990	1393	0	8
2022.02.03	00:00:00	1.12988	1.13079	1.12928	1.13043	1363	0	8
2022.02.03	04:00:00	1.13040	1.13050	1.12877	1.12968	2352	0	8
2022.02.03	08:00:00	1.12965	1.13021	1.12750	1.12800	5337	0	8
2022.02.03	12:00:00	1.12801	1.14233	1.12670	1.14173	32855	0	8
2022.02.03	16:00:00	1.14172	1.14510	1.14141	1.14329	9043	0	8
2022.02.03	20:00:00	1.14329	1.14417	1.14276	1.14353	1906	0	8
2022.02.04	00:00:00	1.14352	1.14683	1.14317	1.14621	3051	0	8
2022.02.04	04:00:00	1.14619	1.14714	1.14510	1.14669	4195	0	8
2022.02.04	08:00:00	1.14667	1.14832	1.14394	1.14779	10378	0	8
2022.02.04	12:00:00	1.14780	1.14815	1.14113	1.14418	20483	0	8
2022.02.04	16:00:00	1.14416	1.14636	1.14355	1.14477	4945	0	8
2022.02.04	20:00:00	1.14478	1.14594	1.14475	1.14507	1210	0	8
2022.02.06	20:00:00	1.14545	1.14574	1.14511	1.14540	611	0	10
2022.02.07	00:00:00	1.14542	1.14554	1.14268	1.14325	2066	0	8
2022.02.07	04:00:00	1.14323	1.14403	1.14252	1.14317	3282	0	8
2022.02.07	08:00:00	1.14319	1.14488	1.14148	1.14431	8471	0	8
2022.02.07	12:00:00	1.14429	1.14584	1.14201	1.14430	11600	0	8
2022.02.07	16:00:00	1.14428	1.14504	1.14168	1.14430	5005	0	8
2022.02.07	20:00:00	1.14427	1.14427	1.14329	1.14405	1696	0	8
2022.02.08	00:00:00	1.14407	1.14483	1.14293	1.14296	1003	0	8
2022.02.08	04:00:00	1.14298	1.14305	1.13959	1.13985	3675	0	8
2022.02.08	08:00:00	1.13986	1.14331	1.13975	1.14257	7287	0	8
2022.02.08	12:00:00	1.14259	1.14268	1.13998	1.14177	8587	0	8
2022.02.08	16:00:00	1.14178	1.14235	1.14012	1.14141	3946	0	8
2022.02.08	20:00:00	1.14140	1.14203	1.14127	1.14186	1233	0	8
2022.02.09	00:00:00	1.14177	1.14308	1.14147	1.14300	483	0	8
2022.02.09	04:00:00	1.14297	1.14311	1.14022	1.14085	2267	0	8
2022.02.09	08:00:00	1.14083	1.14444	1.14079	1.14291	6226	0	8
2022.02.09	12:00:00	1.14292	1.14455	1.14251	1.14279	7725	0	8
2022.02.09	16:00:00	1.14278	1.14475	1.14253	1.14320	5195	0	8
2022.02.09	20:00:00	1.14318	1.14330	1.14191	1.14207	1380	0	8
2022.02.10	00:00:00	1.14204	1.14296	1.14128	1.14284	804	0	8
2022.02.10	04:00:00	1.14282	1.14311	1.14191	1.14284	2040	0	8
2022.02.10	08:00:00	1.14284	1.14458	1.14223	1.14316	6309	0	8
2022.02.10	12:00:00	1.14316	1.14733	1.13745	1.14663	23265	0	8
2022.02.10	16:00:00	1.14665	1.14945	1.14464	1.14491	15636	0	8
2022.02.10	20:00:00	1.14490	1.14545	1.14014	1.14108	4038	0	8
2022.02.11	00:00:00	1.14107	1.14114	1.13851	1.13925	2736	0	8
2022.02.11	04:00:00	1.13924	1.13926	1.13696	1.13846	4557	0	8
2022.02.11	08:00:00	1.13847	1.13992	1.13777	1.13943	8127	0	8
2022.02.11	12:00:00	1.13945	1.14176	1.13796	1.14018	11802	0	8
2022.02.11	16:00:00	1.14020	1.14078	1.13293	1.13331	26495	0	8
2022.02.11	20:00:00	1.13333	1.13517	1.13308	1.13472	6562	0	8
2022.02.13	20:00:00	1.13376	1.13667	1.13369	1.13641	1304	0	10
2022.02.14	00:00:00	1.13642	1.13687	1.13402	1.13428	3339	0	8
2022.02.14	04:00:00	1.13426	1.13519	1.13357	1.13378	3394	0	8
2022.02.14	08:00:00	1.13376	1.13429	1.13005	1.13107	10210	0	8
2022.02.14	12:00:00	1.13104	1.13421	1.12909	1.13052	17960	0	8
2022.02.14	16:00:00	1.13052	1.13140	1.12798	1.12944	10731	0	8
2022.02.14	20:00:00	1.12943	1.13074	1.12926	1.13054	2281	0	8
2022.02.15	00:00:00	1.13055	1.13220	1.13028	1.13171	2258	0	8
2022.02.15	04:00:00	1.13169	1.13276	1.13111	1.13123	3203	0	8
2022.02.15	08:00:00	1.13121	1.13534	1.13091	1.13454	11613	0	8
2022.02.15	12:00:00	1.13454	1.13594	1.13199	1.13546	12254	0	8
2022.02.15	16:00:00	1.13544	1.13678	1.13457	1.13589	4517	0	8
2022.02.15	20:00:00	1.13591	1.13632	1.13543	1.13549	1740	0	8
2022.02.16	00:00:00	1.13547	1.13592	1.13447	1.13454	1739	0	8
2022.02.16	04:00:00	1.13453	1.13775	1.13450	1.13749	2594	0	8
2022.02.16	08:00:00	1.13751	1.13948	1.13708	1.13847	7684	0	8
2022.02.16	12:00:00	1.13847	1.13863	1.13527	1.13651	10421	0	8
2022.02.16	16:00:00	1.13650	1.13953	1.13603	1.13899	7140	0	8
2022.02.16	20:00:00	1.13900	1.13930	1.13659	1.13724	2539	0	8
2022.02.17	00:00:00	1.13725	1.13845	1.13302	1.13361	4551	0	8
2022.02.17	04:00:00	1.13363	1.13750	1.13228	1.13748	10482	0	8
2022.02.17	08:00:00	1.13749	1.13857	1.13426	1.13654	13042	0	8
2022.02.17	12:00:00	1.13653	1.13788	1.13504	1.13687	16353	0	8
2022.02.17	16:00:00	1.13688	1.13751	1.13566	1.13634	4738	0	8
2022.02.17	20:00:00	1.13636	1.13694	1.13559	1.13636	1964	0	8
2022.02.18	00:00:00	1.13634	1.13709	1.13574	1.13671	3149	0	8
2022.02.18	04:00:00	1.13669	1.13733	1.13609	1.13695	2223	0	8
2022.02.18	08:00:00	1.13694	1.13765	1.13465	1.13620	6596	0	8
2022.02.18	12:00:00	1.13621	1.13678	1.13270	1.13404	10722	0	8
2022.02.18	16:00:00	1.13406	1.13420	1.13142	1.13309	7382	0	8
2022.02.18	20:00:00	1.13307	1.13312	1.13226	1.13228	1438	0	8
2022.02.20	20:00:00	1.13180	1.13240	1.13129	1.13160	921	0	10
2022.02.21	00:00:00	1.13161	1.13675	1.13130	1.13603	3876	0	8
2022.02.21	04:00:00	1.13602	1.13785	1.13580	1.13732	2319	0	8
2022.02.21	08:00:00	1.13733	1.13902	1.13455	1.13475	7487	0	8
2022.02.21	12:00:00	1.13473	1.13499	1.13205	1.13359	9446	0	8
2022.02.21	16:00:00	1.13359	1.13487	1.13048	1.13164	2691	0	8
2022.02.21	20:00:00	1.13166	1.13166	1.12959	1.13087	1270	0	11
2022.02.22	00:00:00	1.13086	1.13194	1.12876	1.12919	3840	0	10
2022.02.22	04:00:00	1.12921	1.13121	1.12921	1.12963	5036	0	10
2022.02.22	08:00:00	1.12962	1.13663	1.12927	1.13456	12268	0	8
2022.02.22	12:00:00	1.13458	1.13588	1.13302	1.13349	11565	0	8
2022.02.22	16:00:00	1.13349	1.13536	1.13217	1.13342	7544	0	8
2022.02.22	20:00:00	1.13343	1.13406	1.13213	1.13286	2369	0	8
2022.02.23	00:00:00	1.13284	1.13385	1.13197	1.13253	1823	0	8
2022.02.23	04:00:00	1.13255	1.13423	1.13156	1.13394	2824	0	8
2022.02.23	08:00:00	1.13392	1.13585	1.13335	1.13401	6661	0	8
2022.02.23	12:00:00	1.13398	1.13519	1.13204	1.13242	8153	0	8
2022.02.23	16:00:00	1.13240	1.13256	1.13034	1.13075	5021	0	8
2022.02.23	20:00:00	1.13073	1.13101	1.12998	1.13050	1978	0	8
2022.02.24	00:00:00	1.13052	1.13056	1.12345	1.12378	9762	0	8
2022.02.24	04:00:00	1.12376	1.12552	1.12074	1.12448	17169	0	8
2022.02.24	08:00:00	1.12450	1.12619	1.11549	1.11736	25236	0	8
2022.02.24	12:00:00	1.11738	1.11844	1.11078	1.11091	23640	0	8
2022.02.24	16:00:00	1.11090	1.12119	1.11060	1.11867	23329	0	8
2022.02.24	20:00:00	1.11869	1.12206	1.11839	1.11900	5795	0	8
2022.02.25	00:00:00	1.11902	1.12175	1.11859	1.12169	6886	0	8
2022.02.25	04:00:00	1.12168	1.12280	1.11967	1.12099	6710	0	8
2022.02.25	08:00:00	1.12097	1.12147	1.11656	1.11846	14845	0	8
2022.02.25	12:00:00	1.11847	1.12505	1.11834	1.12436	21798	0	8
2022.02.25	16:00:00	1.12438	1.12664	1.12348	1.12631	7792	0	8
2022.02.25	20:00:00	1.12631	1.12736	1.12577	1.12711	2559	0	8
2022.02.27	20:00:00	1.11438	1.11866	1.11412	1.11792	2689	0	25
2022.02.28	00:00:00	1.11798	1.11941	1.11458	1.11504	11920	0	8
2022.02.28	04:00:00	1.11506	1.11987	1.11419	1.11893	10245	0	8
2022.02.28	08:00:00	1.11893	1.12318	1.11637	1.11986	18741	0	8
2022.02.28	12:00:00	1.11988	1.12361	1.11787	1.12313	19807	0	8
2022.02.28	16:00:00	1.12312	1.12460	1.11969	1.12220	12061	0	8
2022.02.28	20:00:00	1.12220	1.12227	1.12086	1.12140	2512	0	8
2022.03.01	00:00:00	1.12138	1.12142	1.11918	1.11918	3055	0	8
2022.03.01	04:00:00	1.11918	1.12295	1.11904	1.12292	4217	0	8
2022.03.01	08:00:00	1.12294	1.12326	1.11660	1.11753	15587	0	8
2022.03.01	12:00:00	1.11756	1.11801	1.11277	1.11396	18354	0	8
2022.03.01	16:00:00	1.11398	1.11439	1.10893	1.11215	14931	0	8
2022.03.01	20:00:00	1.11217	1.11376	1.11147	1.11320	4023	0	8
2022.03.02	00:00:00	1.11318	1.11353	1.11110	1.11186	3432	0	8
2022.03.02	04:00:00	1.11187	1.11232	1.10827	1.10930	7500	0	8
2022.03.02	08:00:00	1.10932	1.11036	1.10585	1.10994	20149	0	8
2022.03.02	12:00:00	1.10993	1.11191	1.10571	1.10679	22002	0	8
2022.03.02	16:00:00	1.10681	1.11434	1.10632	1.11237	19413	0	8
2022.03.02	20:00:00	1.11239	1.11301	1.11101	1.11119	3458	0	8
2022.03.03	00:00:00	1.11121	1.11149	1.10899	1.10992	3978	0	8
2022.03.03	04:00:00	1.10994	1.11060	1.10908	1.10972	3569	0	8
2022.03.03	08:00:00	1.10970	1.10996	1.10714	1.10862	9319	0	8
2022.03.03	12:00:00	1.10860	1.10965	1.10573	1.10615	15170	0	8
2022.03.03	16:00:00	1.10615	1.10673	1.10331	1.10574	12932	0	8
2022.03.03	20:00:00	1.10574	1.10673	1.10560	1.10654	2156	0	8
2022.03.04	00:00:00	1.10652	1.10662	1.10098	1.10255	16442	0	8
2022.03.04	04:00:00	1.10253	1.10388	1.10079	1.10117	5770	0	8
2022.03.04	08:00:00	1.10118	1.10238	1.09726	1.09754	11280	0	8
2022.03.04	12:00:00	1.09752	1.09816	1.08853	1.09184	23355	0	8
2022.03.04	16:00:00	1.09184	1.09364	1.09077	1.09126	11367	0	8
2022.03.04	20:00:00	1.09126	1.09399	1.09122	1.09305	3852	0	8
2022.03.06	20:00:00	1.09254	1.09261	1.08628	1.08731	3544	0	10
2022.03.07	00:00:00	1.08730	1.08852	1.08214	1.08707	14972	0	8
2022.03.07	04:00:00	1.08708	1.08973	1.08626	1.08708	12093	0	8
2022.03.07	08:00:00	1.08710	1.08904	1.08056	1.08590	21421	0	8
2022.03.07	12:00:00	1.08589	1.09320	1.08551	1.08755	35475	0	8
2022.03.07	16:00:00	1.08757	1.08998	1.08452	1.08474	18792	0	8
2022.03.07	20:00:00	1.08476	1.08712	1.08464	1.08657	4261	0	8
2022.03.08	00:00:00	1.08658	1.08844	1.08488	1.08676	6715	0	8
2022.03.08	04:00:00	1.08674	1.08833	1.08509	1.08610	9447	0	8
2022.03.08	08:00:00	1.08610	1.09216	1.08558	1.08908	27563	0	8
2022.03.08	12:00:00	1.08910	1.09238	1.08715	1.08754	27338	0	8
2022.03.08	16:00:00	1.08751	1.09579	1.08747	1.09060	28852	0	8
2022.03.08	20:00:00	1.09060	1.09130	1.08896	1.08972	4352	0	8
2022.03.09	00:00:00	1.08974	1.09200	1.08963	1.09069	4909	0	8
2022.03.09	04:00:00	1.09070	1.09290	1.09067	1.09162	6046	0	8
2022.03.09	08:00:00	1.09161	1.09921	1.09105	1.09706	14593	0	8
2022.03.09	12:00:00	1.09708	1.10498	1.09631	1.10436	23680	0	8
2022.03.09	16:00:00	1.10436	1.10947	1.10425	1.10768	14686	0	8
2022.03.09	20:00:00	1.10768	1.10829	1.10618	1.10730	4337	0	8
2022.03.10	00:00:00	1.10729	1.10731	1.10414	1.10585	4493	0	8
2022.03.10	04:00:00	1.10586	1.10716	1.10511	1.10645	4970	0	8
2022.03.10	08:00:00	1.10648	1.10786	1.10252	1.10397	27587	0	8
2022.03.10	12:00:00	1.10396	1.11207	1.09797	1.10185	40366	0	8
2022.03.10	16:00:00	1.10183	1.10195	1.09826	1.09843	8462	0	8
2022.03.10	20:00:00	1.09844	1.10145	1.09760	1.10130	2572	0	8
2022.03.11	00:00:00	1.10129	1.10183	1.09803	1.10040	5711	0	8
2022.03.11	04:00:00	1.10041	1.10099	1.09806	1.09831	6226	0	8
2022.03.11	08:00:00	1.09834	1.10421	1.09598	1.10107	20489	0	8
2022.03.11	12:00:00	1.10107	1.10319	1.09457	1.09646	22444	0	8
2022.03.11	16:00:00	1.09648	1.09695	1.09017	1.09086	10717	0	8
2022.03.11	20:00:00	1.09085	1.09164	1.09050	1.09119	2383	0	8
2022.03.13	20:00:00	1.09198	1.09383	1.09100	1.09314	2783	0	10
2022.03.14	00:00:00	1.09315	1.09373	1.09002	1.09040	7621	0	8
2022.03.14	04:00:00	1.09043	1.09401	1.09008	1.09314	5618	0	8
2022.03.14	08:00:00	1.09317	1.09893	1.09300	1.09425	13647	0	8
2022.03.14	12:00:00	1.09428	1.09861	1.09346	1.09789	14086	0	8
2022.03.14	16:00:00	1.09788	1.09935	1.09454	1.09492	8586	0	8
2022.03.14	20:00:00	1.09493	1.09532	1.09302	1.09424	2985	0	8
2022.03.15	00:00:00	1.09425	1.09800	1.09372	1.09773	7132	0	8
2022.03.15	04:00:00	1.09771	1.10183	1.09665	1.10046	10854	0	8
2022.03.15	08:00:00	1.10048	1.10189	1.09777	1.09833	14191	0	8
2022.03.15	12:00:00	1.09836	1.10037	1.09628	1.09723	15784	0	8
2022.03.15	16:00:00	1.09724	1.09752	1.09258	1.09522	10612	0	8
2022.03.15	20:00:00	1.09520	1.09735	1.09415	1.09664	2397	0	8
2022.03.16	00:00:00	1.09666	1.09768	1.09548	1.09667	4546	0	8
2022.03.16	04:00:00	1.09667	1.09818	1.09555	1.09577	5201	0	8
2022.03.16	08:00:00	1.09579	1.10243	1.09579	1.10118	16859	0	8
2022.03.16	12:00:00	1.10117	1.10395	1.09820	1.09917	22281	0	8
2022.03.16	16:00:00	1.09915	1.10444	1.09497	1.10442	30479	0	8
2022.03.16	20:00:00	1.10444	1.10463	1.10066	1.10211	2852	0	8
2022.03.17	00:00:00	1.10214	1.10519	1.10199	1.10345	6561	0	8
2022.03.17	04:00:00	1.10346	1.10455	1.10217	1.10442	5023	0	8
2022.03.17	08:00:00	1.10444	1.10668	1.10228	1.10506	13007	0	8
2022.03.17	12:00:00	1.10505	1.11109	1.10398	1.11095	15738	0	8
2022.03.17	16:00:00	1.11095	1.11370	1.10927	1.10982	5976	0	8
2022.03.17	20:00:00	1.10980	1.10995	1.10881	1.10986	1616	0	8
2022.03.18	00:00:00	1.10987	1.11183	1.10768	1.10836	5656	0	8
2022.03.18	04:00:00	1.10835	1.10938	1.10709	1.10782	4832	0	8
2022.03.18	08:00:00	1.10781	1.10801	1.10204	1.10222	10569	0	8
2022.03.18	12:00:00	1.10223	1.10530	1.10027	1.10476	14979	0	8
2022.03.18	16:00:00	1.10475	1.10718	1.10419	1.10518	7801	0	8
2022.03.18	20:00:00	1.10518	1.10534	1.10471	1.10508	502	0	8
2022.03.20	20:00:00	1.10548	1.10570	1.10406	1.10422	1350	0	10
2022.03.21	00:00:00	1.10420	1.10533	1.10373	1.10452	2372	0	8
2022.03.21	04:00:00	1.10450	1.10554	1.10343	1.10507	3927	0	8
2022.03.21	08:00:00	1.10506	1.10698	1.10252	1.10309	9886	0	8
2022.03.21	12:00:00	1.10309	1.10503	1.10284	1.10447	9669	0	8
2022.03.21	16:00:00	1.10447	1.10518	1.10098	1.10137	10104	0	8
2022.03.21	20:00:00	1.10137	1.10253	1.10111	1.10163	1360	0	8
2022.03.22	00:00:00	1.10164	1.10171	1.09804	1.10019	5290	0	8
2022.03.22	04:00:00	1.10021	1.10024	1.09606	1.09819	6379	0	8
2022.03.22	08:00:00	1.09820	1.10137	1.09805	1.09988	12603	0	8
2022.03.22	12:00:00	1.09989	1.10452	1.09989	1.10215	13829	0	8
2022.03.22	16:00:00	1.10213	1.10316	1.10109	1.10298	4650	0	8
2022.03.22	20:00:00	1.10300	1.10430	1.10232	1.10290	2120	0	8
2022.03.23	00:00:00	1.10291	1.10343	1.10205	1.10260	4083	0	8
2022.03.23	04:00:00	1.10259	1.10394	1.10142	1.10165	3672	0	8
2022.03.23	08:00:00	1.10167	1.10231	1.09745	1.09825	9316	0	8
2022.03.23	12:00:00	1.09826	1.10050	1.09637	1.10013	11755	0	8
2022.03.23	16:00:00	1.10011	1.10113	1.09968	1.10044	4148	0	8
2022.03.23	20:00:00	1.10047	1.10102	1.10004	1.10056	1250	0	8
2022.03.24	00:00:00	1.10056	1.10133	1.09804	1.09848	4202	0	8
2022.03.24	04:00:00	1.09846	1.09886	1.09749	1.09777	3790	0	8
2022.03.24	08:00:00	1.09777	1.10009	1.09719	1.09872	12189	0	8
2022.03.24	12:00:00	1.09872	1.10130	1.09648	1.10057	13694	0	8
2022.03.24	16:00:00	1.10056	1.10080	1.09821	1.09987	5351	0	8
2022.03.24	20:00:00	1.09989	1.10094	1.09918	1.10081	1296	0	8
2022.03.25	00:00:00	1.10082	1.10353	1.10030	1.10273	5073	0	8
2022.03.25	04:00:00	1.10271	1.10374	1.10187	1.10228	4127	0	8
2022.03.25	08:00:00	1.10226	1.10263	1.10002	1.10180	8010	0	8
2022.03.25	12:00:00	1.10178	1.10241	1.09817	1.09820	14601	0	8
2022.03.25	16:00:00	1.09822	1.09962	1.09806	1.09831	6937	0	8
2022.03.25	20:00:00	1.09832	1.09859	1.09817	1.09837	421	0	8
2022.03.27	20:00:00	1.09844	1.09859	1.09771	1.09811	1272	0	10
2022.03.28	00:00:00	1.09810	1.09840	1.09501	1.09550	5558	0	8
2022.03.28	04:00:00	1.09548	1.09650	1.09445	1.09512	6747	0	8
2022.03.28	08:00:00	1.09512	1.09985	1.09443	1.09631	14054	0	8
2022.03.28	12:00:00	1.09633	1.09782	1.09462	1.09758	13465	0	8
2022.03.28	16:00:00	1.09757	1.09990	1.09737	1.09870	5666	0	8
2022.03.28	20:00:00	1.09872	1.09973	1.09787	1.09908	1555	0	8
2022.03.29	00:00:00	1.09910	1.09967	1.09685	1.09921	6341	0	8
2022.03.29	04:00:00	1.09924	1.10176	1.09788	1.09996	7237	0	8
2022.03.29	08:00:00	1.09996	1.11022	1.09748	1.10841	23251	0	8
2022.03.29	12:00:00	1.10843	1.11367	1.10787	1.11063	29784	0	8
2022.03.29	16:00:00	1.11064	1.11064	1.10712	1.10880	6456	0	8
2022.03.29	20:00:00	1.10879	1.10987	1.10801	1.10909	1617	0	8
2022.03.30	00:00:00	1.10908	1.11202	1.10877	1.11147	7883	0	8
2022.03.30	04:00:00	1.11147	1.11344	1.11052	1.11278	9659	0	8
2022.03.30	08:00:00	1.11280	1.11614	1.11140	1.11385	14829	0	8
2022.03.30	12:00:00	1.11382	1.11705	1.11115	1.11626	15913	0	8
2022.03.30	16:00:00	1.11626	1.11653	1.11474	1.11515	3965	0	8
2022.03.30	20:00:00	1.11517	1.11643	1.11517	1.11608	1216	0	8
2022.03.31	00:00:00	1.11607	1.11845	1.11558	1.11637	6058	0	8
2022.03.31	04:00:00	1.11635	1.11752	1.11496	1.11502	8391	0	8
2022.03.31	08:00:00	1.11500	1.11513	1.10877	1.11024	12240	0	8
2022.03.31	12:00:00	1.11022	1.11324	1.10679	1.10924	22437	0	8
2022.03.31	16:00:00	1.10924	1.10934	1.10606	1.10638	6421	0	8
2022.03.31	20:00:00	1.10637	1.10756	1.10626	1.10723	1831	0	8
2022.04.01	00:00:00	1.10725	1.10740	1.10592	1.10650	3984	0	8
2022.04.01	04:00:00	1.10648	1.10754	1.10426	1.10523	9034	0	8
2022.04.01	08:00:00	1.10522	1.10738	1.10412	1.10478	10618	0	8
2022.04.01	12:00:00	1.10479	1.10588	1.10276	1.10435	11949	0	8
2022.04.01	16:00:00	1.10437	1.10486	1.10321	1.10475	4004	0	8
2022.04.01	20:00:00	1.10473	1.10521	1.10441	1.10485	530	0	8
2022.04.03	20:00:00	1.10377	1.10453	1.10347	1.10453	803	0	10
2022.04.04	00:00:00	1.10453	1.10541	1.10432	1.10476	2609	0	8
2022.04.04	04:00:00	1.10475	1.10535	1.10269	1.10310	5498	0	8
2022.04.04	08:00:00	1.10309	1.10380	1.09956	1.09962	7467	0	8
2022.04.04	12:00:00	1.09963	1.10084	1.09788	1.09925	8716	0	8
2022.04.04	16:00:00	1.09923	1.09923	1.09600	1.09694	4261	0	8
2022.04.04	20:00:00	1.09691	1.09756	1.09659	1.09746	943	0	8
2022.04.05	00:00:00	1.09748	1.09794	1.09650	1.09721	2310	0	8
2022.04.05	04:00:00	1.09720	1.09875	1.09619	1.09814	7249	0	8
2022.04.05	08:00:00	1.09812	1.09848	1.09561	1.09668	7425	0	8
2022.04.05	12:00:00	1.09670	1.09752	1.09187	1.09202	11492	0	8
2022.04.05	16:00:00	1.09203	1.09226	1.08996	1.09035	3731	0	8
2022.04.05	20:00:00	1.09035	1.09077	1.09020	1.09055	847	0	8
2022.04.06	00:00:00	1.09057	1.09058	1.08904	1.09000	3214	0	8
2022.04.06	04:00:00	1.08998	1.09010	1.08740	1.08949	7188	0	8
2022.04.06	08:00:00	1.08948	1.09264	1.08907	1.09164	9774	0	8
2022.04.06	12:00:00	1.09165	1.09376	1.09022	1.09098	9987	0	8
2022.04.06	16:00:00	1.09100	1.09284	1.08785	1.09002	14690	0	8
2022.04.06	20:00:00	1.08999	1.09016	1.08910	1.08974	1294	0	8
2022.04.07	00:00:00	1.08973	1.09124	1.08965	1.09069	3344	0	8
2022.04.07	04:00:00	1.09069	1.09331	1.08938	1.08975	5828	0	8
2022.04.07	08:00:00	1.08977	1.09212	1.08641	1.09106	13120	0	8
2022.04.07	12:00:00	1.09107	1.09379	1.08950	1.08982	13614	0	8
2022.04.07	16:00:00	1.08979	1.08996	1.08672	1.08716	6055	0	8
2022.04.07	20:00:00	1.08715	1.08817	1.08599	1.08638	1696	0	8
2022.04.08	00:00:00	1.08640	1.08714	1.08562	1.08634	4298	0	8
2022.04.08	04:00:00	1.08633	1.08686	1.08470	1.08670	5400	0	8
2022.04.08	08:00:00	1.08670	1.08913	1.08585	1.08633	7683	0	8
2022.04.08	12:00:00	1.08631	1.08812	1.08361	1.08736	11348	0	8
2022.04.08	16:00:00	1.08734	1.08847	1.08647	1.08777	3882	0	8
2022.04.08	20:00:00	1.08777	1.08787	1.08718	1.08757	406	0	8
2022.04.10	20:00:00	1.08993	1.09118	1.08839	1.08840	2719	0	10
2022.04.11	00:00:00	1.08839	1.08943	1.08748	1.08827	3824	0	8
2022.04.11	04:00:00	1.08828	1.09132	1.08737	1.09094	7049	0	8
2022.04.11	08:00:00	1.09096	1.09327	1.08975	1.09006	7286	0	8
2022.04.11	12:00:00	1.09008	1.09054	1.08733	1.08753	9155	0	8
2022.04.11	16:00:00	1.08755	1.08941	1.08723	1.08838	4059	0	8
2022.04.11	20:00:00	1.08836	1.08857	1.08764	1.08766	1518	0	8
2022.04.12	00:00:00	1.08767	1.08869	1.08661	1.08743	3140	0	8
2022.04.12	04:00:00	1.08745	1.08828	1.08530	1.08703	6357	0	8
2022.04.12	08:00:00	1.08705	1.08734	1.08540	1.08620	6749	0	8
2022.04.12	12:00:00	1.08620	1.09033	1.08506	1.08524	19203	0	8
2022.04.12	16:00:00	1.08524	1.08645	1.08209	1.08302	7382	0	8
2022.04.12	20:00:00	1.08301	1.08310	1.08219	1.08256	1010	0	8
2022.04.13	00:00:00	1.08257	1.08403	1.08111	1.08369	3402	0	8
2022.04.13	04:00:00	1.08367	1.08445	1.08148	1.08378	6225	0	8
2022.04.13	08:00:00	1.08378	1.08474	1.08230	1.08304	6891	0	8
2022.04.13	12:00:00	1.08304	1.08729	1.08085	1.08713	11925	0	8
2022.04.13	16:00:00	1.08715	1.08938	1.08714	1.08825	6315	0	8
2022.04.13	20:00:00	1.08826	1.08968	1.08826	1.08946	1275	0	8
2022.04.14	00:00:00	1.08948	1.09089	1.08824	1.09068	3473	0	8
2022.04.14	04:00:00	1.09069	1.09228	1.09030	1.09079	4975	0	8
2022.04.14	08:00:00	1.09078	1.09172	1.08630	1.08648	9783	0	8
2022.04.14	12:00:00	1.08650	1.08899	1.07570	1.07968	33770	0	8
2022.04.14	16:00:00	1.07966	1.08344	1.07943	1.08240	8213	0	8
2022.04.14	20:00:00	1.08238	1.08339	1.08128	1.08199	1930	0	10
2022.04.15	00:00:00	1.08198	1.08202	1.07952	1.08029	3053	0	30
2022.04.15	04:00:00	1.08030	1.08105	1.08009	1.08103	989	0	20
2022.04.15	08:00:00	1.08102	1.08221	1.08036	1.08138	2258	0	30
2022.04.15	12:00:00	1.08142	1.08182	1.08038	1.08060	1541	0	30
2022.04.15	16:00:00	1.08059	1.08088	1.08038	1.08063	1069	0	42
2022.04.15	20:00:00	1.08059	1.08122	1.08058	1.08095	495	0	45
2022.04.17	20:00:00	1.08045	1.08212	1.08026	1.08136	2285	0	10
2022.04.18	00:00:00	1.08138	1.08156	1.07905	1.07927	4264	0	8
2022.04.18	04:00:00	1.07927	1.08033	1.07868	1.07911	3311	0	8
2022.04.18	08:00:00	1.07909	1.08132	1.07829	1.08087	2806	0	8
2022.04.18	12:00:00	1.08089	1.08139	1.07828	1.07833	6234	0	8
2022.04.18	16:00:00	1.07833	1.07862	1.07695	1.07827	3396	0	8
2022.04.18	20:00:00	1.07829	1.07875	1.07752	1.07797	1565	0	8
2022.04.19	00:00:00	1.07797	1.07870	1.07608	1.07721	4534	0	8
2022.04.19	04:00:00	1.07722	1.08023	1.07663	1.08014	6380	0	8
2022.04.19	08:00:00	1.08016	1.08140	1.07842	1.07952	6673	0	8
2022.04.19	12:00:00	1.07955	1.08081	1.07816	1.07889	12436	0	8
2022.04.19	16:00:00	1.07892	1.08030	1.07821	1.07885	4334	0	8
2022.04.19	20:00:00	1.07883	1.07947	1.07829	1.07937	1794	0	8
2022.04.20	00:00:00	1.07939	1.08223	1.07837	1.08183	5977	0	8
2022.04.20	04:00:00	1.08185	1.08217	1.08067	1.08088	5627	0	8
2022.04.20	08:00:00	1.08085	1.08656	1.08054	1.08264	9800	0	8
2022.04.20	12:00:00	1.08262	1.08657	1.08203	1.08544	11769	0	8
2022.04.20	16:00:00	1.08544	1.08594	1.08395	1.08530	5261	0	8
2022.04.20	20:00:00	1.08528	1.08544	1.08401	1.08491	1517	0	8
2022.04.21	00:00:00	1.08491	1.08501	1.08233	1.08299	4325	0	8
2022.04.21	04:00:00	1.08301	1.09343	1.08287	1.09267	10806	0	8
2022.04.21	08:00:00	1.09265	1.09296	1.08743	1.08793	9145	0	8
2022.04.21	12:00:00	1.08794	1.08955	1.08366	1.08415	12986	0	8
2022.04.21	16:00:00	1.08413	1.08578	1.08302	1.08381	8825	0	8
2022.04.21	20:00:00	1.08379	1.08416	1.08273	1.08346	2124	0	8
2022.04.22	00:00:00	1.08348	1.08462	1.08306	1.08409	4145	0	8
2022.04.22	04:00:00	1.08408	1.08511	1.08026	1.08058	8596	0	8
2022.04.22	08:00:00	1.08061	1.08248	1.07900	1.08209	8503	0	8
2022.04.22	12:00:00	1.08207	1.08444	1.07702	1.07884	14362	0	8
2022.04.22	16:00:00	1.07885	1.07999	1.07760	1.07928	5835	0	8
2022.04.22	20:00:00	1.07926	1.08018	1.07907	1.07980	707	0	8
2022.04.24	20:00:00	1.08031	1.08143	1.07955	1.08091	2274	0	10
2022.04.25	00:00:00	1.08093	1.08117	1.07770	1.07810	5570	0	8
2022.04.25	04:00:00	1.07811	1.07848	1.07063	1.07381	14451	0	8
2022.04.25	08:00:00	1.07379	1.07540	1.07193	1.07492	13689	0	8
2022.04.25	12:00:00	1.07490	1.07579	1.06954	1.07026	18230	0	8
2022.04.25	16:00:00	1.07026	1.07184	1.06964	1.07129	7650	0	8
2022.04.25	20:00:00	1.07131	1.07146	1.07067	1.07121	1543	0	8
2022.04.26	00:00:00	1.07122	1.07381	1.07112	1.07317	4985	0	8
2022.04.26	04:00:00	1.07317	1.07330	1.06751	1.06759	8954	0	8
2022.04.26	08:00:00	1.06757	1.06970	1.06689	1.06703	9344	0	8
2022.04.26	12:00:00	1.06706	1.06850	1.06414	1.06587	13458	0	8
2022.04.26	16:00:00	1.06585	1.06645	1.06380	1.06435	5584	0	8
2022.04.26	20:00:00	1.06434	1.06474	1.06335	1.06420	1937	0	8
2022.04.27	00:00:00	1.06422	1.06529	1.06330	1.06404	5073	0	8
2022.04.27	04:00:00	1.06404	1.06544	1.05863	1.06229	11320	0	8
2022.04.27	08:00:00	1.06231	1.06246	1.05797	1.05841	13352	0	8
2022.04.27	12:00:00	1.05843	1.05855	1.05141	1.05448	20854	0	8
2022.04.27	16:00:00	1.05452	1.05718	1.05450	1.05581	7656	0	8
2022.04.27	20:00:00	1.05579	1.05603	1.05491	1.05540	1551	0	8
2022.04.28	00:00:00	1.05538	1.05538	1.05086	1.05086	7449	0	8
2022.04.28	04:00:00	1.05088	1.05643	1.04800	1.05544	17765	0	8
2022.04.28	08:00:00	1.05546	1.05557	1.04859	1.04899	13798	0	8
2022.04.28	12:00:00	1.04901	1.05308	1.04709	1.04996	25684	0	8
2022.04.28	16:00:00	1.04998	1.05153	1.04932	1.05094	7269	0	8
2022.04.28	20:00:00	1.05095	1.05095	1.04909	1.05026	1791	0	8
2022.04.29	00:00:00	1.05027	1.05293	1.05017	1.05127	4937	0	8
2022.04.29	04:00:00	1.05129	1.05782	1.05084	1.05615	9547	0	8
2022.04.29	08:00:00	1.05617	1.05926	1.05395	1.05441	12991	0	8
2022.04.29	12:00:00	1.05443	1.05590	1.05092	1.05400	21502	0	8
2022.04.29	16:00:00	1.05399	1.05783	1.05321	1.05484	8707	0	8
2022.04.29	20:00:00	1.05484	1.05515	1.05417	1.05448	775	0	8
2022.05.01	20:00:00	1.05474	1.05508	1.05341	1.05346	2364	0	10
2022.05.02	00:00:00	1.05346	1.05526	1.05170	1.05237	5434	0	8
2022.05.02	04:00:00	1.05239	1.05681	1.05097	1.05320	7920	0	8
2022.05.02	08:00:00	1.05322	1.05356	1.05134	1.05162	8279	0	8
2022.05.02	12:00:00	1.05160	1.05412	1.05024	1.05210	12116	0	8
2022.05.02	16:00:00	1.05209	1.05259	1.04901	1.05035	6222	0	8
2022.05.02	20:00:00	1.05033	1.05129	1.05011	1.05091	1265	0	8
2022.05.03	00:00:00	1.05094	1.05263	1.05075	1.05181	3353	0	8
2022.05.03	04:00:00	1.05181	1.05273	1.04940	1.05183	8568	0	8
2022.05.03	08:00:00	1.05184	1.05418	1.04919	1.05376	10067	0	8
2022.05.03	12:00:00	1.05376	1.05773	1.05312	1.05314	14182	0	8
2022.05.03	16:00:00	1.05313	1.05401	1.05112	1.05246	6882	0	8
2022.05.03	20:00:00	1.05249	1.05275	1.05169	1.05249	1327	0	8
2022.05.04	00:00:00	1.05247	1.05337	1.05137	1.05158	2812	0	8
2022.05.04	04:00:00	1.05156	1.05280	1.05058	1.05237	5779	0	8
2022.05.04	08:00:00	1.05236	1.05358	1.05143	1.05303	7080	0	8
2022.05.04	12:00:00	1.05301	1.05638	1.05242	1.05397	11940	0	8
2022.05.04	16:00:00	1.05398	1.06262	1.05102	1.06078	48779	0	8
2022.05.04	20:00:00	1.06080	1.06305	1.06033	1.06202	3361	0	8
2022.05.05	00:00:00	1.06202	1.06413	1.06038	1.06173	7489	0	8
2022.05.05	04:00:00	1.06172	1.06188	1.05843	1.05972	10599	0	8
2022.05.05	08:00:00	1.05974	1.06072	1.05453	1.05475	14730	0	8
2022.05.05	12:00:00	1.05473	1.05731	1.05030	1.05064	22805	0	8
2022.05.05	16:00:00	1.05064	1.05505	1.04923	1.05501	14010	0	8
2022.05.05	20:00:00	1.05500	1.05500	1.05353	1.05392	2429	0	8
2022.05.06	00:00:00	1.05394	1.05503	1.05155	1.05327	8175	0	8
2022.05.06	04:00:00	1.05326	1.05423	1.04816	1.05210	15146	0	8
2022.05.06	08:00:00	1.05208	1.05983	1.05122	1.05653	22321	0	8
2022.05.06	12:00:00	1.05651	1.05956	1.05474	1.05705	35209	0	8
2022.05.06	16:00:00	1.05705	1.05799	1.05360	1.05471	10342	0	8
2022.05.06	20:00:00	1.05472	1.05476	1.05402	1.05456	738	0	8
2022.05.08	20:00:00	1.05417	1.05420	1.05305	1.05321	1469	0	10
2022.05.09	00:00:00	1.05320	1.05350	1.05026	1.05097	6045	0	8
2022.05.09	04:00:00	1.05096	1.05290	1.04949	1.05114	9862	0	8
2022.05.09	08:00:00	1.05115	1.05520	1.05010	1.05463	11728	0	8
2022.05.09	12:00:00	1.05462	1.05730	1.05168	1.05565	17694	0	8
2022.05.09	16:00:00	1.05566	1.05922	1.05502	1.05577	10621	0	8
2022.05.09	20:00:00	1.05576	1.05687	1.05510	1.05628	1813	0	8
2022.05.10	00:00:00	1.05630	1.05793	1.05530	1.05783	7928	0	8
2022.05.10	04:00:00	1.05782	1.05849	1.05507	1.05567	9517	0	8
2022.05.10	08:00:00	1.05569	1.05754	1.05351	1.05528	11662	0	8
2022.05.10	12:00:00	1.05527	1.05746	1.05251	1.05305	17541	0	8
2022.05.10	16:00:00	1.05306	1.05464	1.05261	1.05352	8392	0	8
2022.05.10	20:00:00	1.05351	1.05353	1.05243	1.05287	1211	0	8
2022.05.11	00:00:00	1.05287	1.05387	1.05252	1.05363	3658	0	8
2022.05.11	04:00:00	1.05361	1.05603	1.05334	1.05517	7103	0	8
2022.05.11	08:00:00	1.05519	1.05753	1.05429	1.05446	11799	0	8
2022.05.11	12:00:00	1.05446	1.05767	1.05015	1.05368	38696	0	8
2022.05.11	16:00:00	1.05367	1.05450	1.05134	1.05151	12544	0	8
2022.05.11	20:00:00	1.05152	1.05177	1.05080	1.05115	1636	0	8
2022.05.12	00:00:00	1.05117	1.05288	1.05072	1.05217	5548	0	8
2022.05.12	04:00:00	1.05219	1.05252	1.04424	1.04590	17768	0	8
2022.05.12	08:00:00	1.04592	1.04647	1.03883	1.03991	15762	0	8
2022.05.12	12:00:00	1.03989	1.04377	1.03711	1.03744	21131	0	8
2022.05.12	16:00:00	1.03746	1.03901	1.03535	1.03727	10404	0	8
2022.05.12	20:00:00	1.03725	1.03838	1.03722	1.03780	1596	0	8
2022.05.13	00:00:00	1.03779	1.03975	1.03728	1.03908	5657	0	8
2022.05.13	04:00:00	1.03907	1.04189	1.03832	1.04154	10370	0	8
2022.05.13	08:00:00	1.04152	1.04190	1.03704	1.03822	10385	0	8
2022.05.13	12:00:00	1.03823	1.04155	1.03490	1.04114	14932	0	8
2022.05.13	16:00:00	1.04112	1.04154	1.03932	1.04013	5210	0	8
2022.05.13	20:00:00	1.04015	1.04087	1.03993	1.04079	512	0	8
2022.05.15	20:00:00	1.04024	1.04141	1.03952	1.03976	2262	0	10
2022.05.16	00:00:00	1.03978	1.04167	1.03887	1.03963	6382	0	8
2022.05.16	04:00:00	1.03962	1.04254	1.03930	1.04083	6788	0	8
2022.05.16	08:00:00	1.04085	1.04378	1.04063	1.04184	7792	0	8
2022.05.16	12:00:00	1.04184	1.04340	1.03889	1.04192	11635	0	8
2022.05.16	16:00:00	1.04191	1.04426	1.04154	1.04317	3876	0	8
2022.05.16	20:00:00	1.04319	1.04392	1.04283	1.04388	1174	0	8
2022.05.17	00:00:00	1.04386	1.04538	1.04315	1.04398	4712	0	8
2022.05.17	04:00:00	1.04398	1.04742	1.04355	1.04634	6396	0	8
2022.05.17	08:00:00	1.04633	1.05553	1.04559	1.05389	14490	0	8
2022.05.17	12:00:00	1.05390	1.05491	1.05249	1.05323	12536	0	8
2022.05.17	16:00:00	1.05321	1.05544	1.05210	1.05454	14500	0	8
2022.05.17	20:00:00	1.05454	1.05526	1.05421	1.05485	1203	0	8
2022.05.18	00:00:00	1.05482	1.05634	1.05240	1.05321	5259	0	8
2022.05.18	04:00:00	1.05319	1.05400	1.05131	1.05159	6810	0	8
2022.05.18	08:00:00	1.05159	1.05286	1.04938	1.05099	8281	0	8
2022.05.18	12:00:00	1.05102	1.05414	1.04885	1.04907	11999	0	8
2022.05.18	16:00:00	1.04907	1.04976	1.04644	1.04656	5714	0	8
2022.05.18	20:00:00	1.04659	1.04747	1.04565	1.04726	1773	0	8
2022.05.19	00:00:00	1.04728	1.05062	1.04677	1.04997	7522	0	8
2022.05.19	04:00:00	1.04995	1.05063	1.04647	1.04919	7765	0	8
2022.05.19	08:00:00	1.04921	1.05388	1.04793	1.05173	12617	0	8
2022.05.19	12:00:00	1.05172	1.05981	1.05161	1.05864	22952	0	8
2022.05.19	16:00:00	1.05865	1.06067	1.05795	1.05910	7928	0	8
2022.05.19	20:00:00	1.05908	1.05908	1.05779	1.05790	1625	0	8
2022.05.20	00:00:00	1.05791	1.05832	1.05543	1.05658	5487	0	8
2022.05.20	04:00:00	1.05655	1.05929	1.05620	1.05759	8666	0	8
2022.05.20	08:00:00	1.05761	1.05987	1.05544	1.05663	8706	0	8
2022.05.20	12:00:00	1.05661	1.05797	1.05397	1.05580	12370	0	8
2022.05.20	16:00:00	1.05578	1.05598	1.05325	1.05568	7895	0	8
2022.05.20	20:00:00	1.05567	1.05672	1.05523	1.05598	829	0	8
2022.05.22	20:00:00	1.05604	1.05775	1.05552	1.05687	1383	0	10
2022.05.23	00:00:00	1.05688	1.05941	1.05676	1.05921	4660	0	8
2022.05.23	04:00:00	1.05921	1.06128	1.05882	1.06005	7648	0	8
2022.05.23	08:00:00	1.06003	1.06869	1.06003	1.06560	15914	0	8
2022.05.23	12:00:00	1.06560	1.06907	1.06440	1.06692	13316	0	8
2022.05.23	16:00:00	1.06690	1.06968	1.06653	1.06863	4560	0	8
2022.05.23	20:00:00	1.06863	1.06936	1.06791	1.06833	1578	0	8
2022.05.24	00:00:00	1.06833	1.06857	1.06606	1.06721	2924	0	8
2022.05.24	04:00:00	1.06723	1.07357	1.06620	1.07303	11536	0	8
2022.05.24	08:00:00	1.07306	1.07333	1.07006	1.07140	11704	0	8
2022.05.24	12:00:00	1.07142	1.07466	1.06953	1.07427	17868	0	8
2022.05.24	16:00:00	1.07427	1.07481	1.07218	1.07297	6675	0	8
2022.05.24	20:00:00	1.07299	1.07386	1.07278	1.07324	1263	0	8
2022.05.25	00:00:00	1.07325	1.07363	1.07029	1.07133	4814	0	8
2022.05.25	04:00:00	1.07131	1.07137	1.06813	1.06837	7142	0	8
2022.05.25	08:00:00	1.06838	1.06857	1.06538	1.06593	10841	0	8
2022.05.25	12:00:00	1.06593	1.06867	1.06420	1.06565	12636	0	8
2022.05.25	16:00:00	1.06567	1.06941	1.06516	1.06767	11155	0	8
2022.05.25	20:00:00	1.06768	1.06954	1.06732	1.06866	2691	0	8
2022.05.26	00:00:00	1.06865	1.07060	1.06849	1.07011	5699	0	8
2022.05.26	04:00:00	1.07013	1.07021	1.06621	1.06885	7461	0	8
2022.05.26	08:00:00	1.06883	1.07225	1.06773	1.07051	8611	0	8
2022.05.26	12:00:00	1.07051	1.07289	1.06888	1.07252	11010	0	8
2022.05.26	16:00:00	1.07253	1.07288	1.07017	1.07233	4411	0	8
2022.05.26	20:00:00	1.07235	1.07341	1.07222	1.07321	1547	0	8
2022.05.27	00:00:00	1.07323	1.07647	1.07303	1.07554	5229	0	8
2022.05.27	04:00:00	1.07552	1.07580	1.07330	1.07355	5312	0	8
2022.05.27	08:00:00	1.07355	1.07429	1.06966	1.07067	8075	0	8
2022.05.27	12:00:00	1.07069	1.07498	1.07008	1.07071	12911	0	8
2022.05.27	16:00:00	1.07073	1.07337	1.07037	1.07332	3568	0	8
2022.05.27	20:00:00	1.07330	1.07335	1.07273	1.07335	377	0	8
2022.05.29	20:00:00	1.07350	1.07358	1.07260	1.07288	828	0	10
2022.05.30	00:00:00	1.07290	1.07555	1.07265	1.07443	3655	0	8
2022.05.30	04:00:00	1.07443	1.07695	1.07400	1.07423	6268	0	8
2022.05.30	08:00:00	1.07424	1.07800	1.07399	1.07665	6561	0	8
2022.05.30	12:00:00	1.07663	1.07834	1.07480	1.07791	6652	0	8
2022.05.30	16:00:00	1.07791	1.07860	1.07754	1.07773	1144	0	8
2022.05.30	20:00:00	1.07772	1.07807	1.07699	1.07724	939	0	10
2022.05.31	00:00:00	1.07726	1.07742	1.07339	1.07507	6593	0	8
2022.05.31	04:00:00	1.07506	1.07548	1.07274	1.07363	6666	0	8
2022.05.31	08:00:00	1.07361	1.07455	1.06885	1.07129	12237	0	8
2022.05.31	12:00:00	1.07128	1.07366	1.06787	1.07309	17937	0	8
2022.05.31	16:00:00	1.07309	1.07463	1.07231	1.07349	4999	0	8
2022.05.31	20:00:00	1.07349	1.07372	1.07294	1.07336	1286	0	8
2022.06.01	00:00:00	1.07339	1.07342	1.07073	1.07179	4297	0	8
2022.06.01	04:00:00	1.07181	1.07368	1.07050	1.07146	6370	0	8
2022.06.01	08:00:00	1.07144	1.07388	1.07015	1.07080	7538	0	8
2022.06.01	12:00:00	1.07079	1.07302	1.06267	1.06444	14530	0	8
2022.06.01	16:00:00	1.06442	1.06602	1.06368	1.06497	5940	0	8
2022.06.01	20:00:00	1.06495	1.06541	1.06443	1.06505	1144	0	8
2022.06.02	00:00:00	1.06503	1.06591	1.06445	1.06539	4056	0	8
2022.06.02	04:00:00	1.06538	1.06917	1.06494	1.06855	4908	0	8
2022.06.02	08:00:00	1.06853	1.06966	1.06803	1.06938	4729	0	8
2022.06.02	12:00:00	1.06936	1.07378	1.06844	1.07317	12835	0	8
2022.06.02	16:00:00	1.07319	1.07485	1.07300	1.07481	3773	0	8
2022.06.02	20:00:00	1.07484	1.07502	1.07389	1.07498	929	0	8
2022.06.03	00:00:00	1.07500	1.07641	1.07464	1.07529	3109	0	8
2022.06.03	04:00:00	1.07530	1.07601	1.07447	1.07558	3427	0	8
2022.06.03	08:00:00	1.07560	1.07620	1.07254	1.07282	4964	0	8
2022.06.03	12:00:00	1.07280	1.07516	1.07037	1.07108	15438	0	8
2022.06.03	16:00:00	1.07106	1.07290	1.07104	1.07200	3212	0	8
2022.06.03	20:00:00	1.07198	1.07213	1.07145	1.07188	420	0	8
2022.06.05	20:00:00	1.07178	1.07292	1.07141	1.07248	1250	0	10
2022.06.06	00:00:00	1.07250	1.07314	1.07098	1.07248	3470	0	8
2022.06.06	04:00:00	1.07246	1.07420	1.07178	1.07416	5310	0	8
2022.06.06	08:00:00	1.07418	1.07515	1.07237	1.07304	5757	0	8
2022.06.06	12:00:00	1.07305	1.07307	1.06836	1.06969	9032	0	8
2022.06.06	16:00:00	1.06968	1.07026	1.06849	1.06952	3905	0	8
2022.06.06	20:00:00	1.06952	1.06968	1.06847	1.06893	1129	0	8
2022.06.07	00:00:00	1.06894	1.06915	1.06702	1.06813	3577	0	8
2022.06.07	04:00:00	1.06810	1.06997	1.06649	1.06870	8725	0	8
2022.06.07	08:00:00	1.06872	1.07044	1.06578	1.06614	7783	0	8
2022.06.07	12:00:00	1.06612	1.07095	1.06517	1.06962	11486	0	8
2022.06.07	16:00:00	1.06964	1.07139	1.06927	1.07076	3843	0	8
2022.06.07	20:00:00	1.07074	1.07081	1.06960	1.06968	1097	0	8
2022.06.08	00:00:00	1.06970	1.07006	1.06807	1.06833	4097	0	8
2022.06.08	04:00:00	1.06832	1.06945	1.06773	1.06885	5525	0	8
2022.06.08	08:00:00	1.06884	1.07393	1.06711	1.07352	9751	0	8
2022.06.08	12:00:00	1.07350	1.07480	1.07186	1.07412	10590	0	8
2022.06.08	16:00:00	1.07411	1.07429	1.07123	1.07133	3993	0	8
2022.06.08	20:00:00	1.07134	1.07203	1.07124	1.07166	1027	0	8
2022.06.09	00:00:00	1.07168	1.07331	1.07091	1.07292	3383	0	8
2022.06.09	04:00:00	1.07290	1.07318	1.07015	1.07017	5049	0	8
2022.06.09	08:00:00	1.07017	1.07493	1.06880	1.07279	18035	0	8
2022.06.09	12:00:00	1.07278	1.07733	1.06447	1.06570	32478	0	8
2022.06.09	16:00:00	1.06569	1.06595	1.06121	1.06128	6410	0	8
2022.06.09	20:00:00	1.06126	1.06214	1.06107	1.06187	1863	0	8
2022.06.10	00:00:00	1.06190	1.06349	1.06109	1.06340	3652	0	8
2022.06.10	04:00:00	1.06338	1.06418	1.06186	1.06251	6563	0	8
2022.06.10	08:00:00	1.06249	1.06328	1.05707	1.05738	9699	0	8
2022.06.10	12:00:00	1.05737	1.05858	1.05054	1.05195	26967	0	8
2022.06.10	16:00:00	1.05198	1.05329	1.05115	1.05183	6643	0	8
2022.06.10	20:00:00	1.05182	1.05220	1.05146	1.05181	656	0	8
2022.06.12	20:00:00	1.05149	1.05196	1.04861	1.04904	3545	0	10
2022.06.13	00:00:00	1.04904	1.04952	1.04753	1.04913	6621	0	8
2022.06.13	04:00:00	1.04910	1.04950	1.04604	1.04652	9191	0	8
2022.06.13	08:00:00	1.04653	1.04852	1.04448	1.04453	11121	0	8
2022.06.13	12:00:00	1.04455	1.04737	1.04178	1.04339	16660	0	8
2022.06.13	16:00:00	1.04340	1.04580	1.04032	1.04103	17651	0	8
2022.06.13	20:00:00	1.04103	1.04159	1.03993	1.04145	2653	0	8
2022.06.14	00:00:00	1.04144	1.04318	1.03967	1.04267	8736	0	8
2022.06.14	04:00:00	1.04269	1.04746	1.04174	1.04674	10636	0	8
2022.06.14	08:00:00	1.04671	1.04844	1.04249	1.04416	14365	0	8
2022.06.14	12:00:00	1.04417	1.04679	1.04064	1.04163	18311	0	8
2022.06.14	16:00:00	1.04165	1.04428	1.03995	1.04102	9992	0	8
2022.06.14	20:00:00	1.04104	1.04378	1.04089	1.04366	2673	0	8
2022.06.15	00:00:00	1.04366	1.04514	1.04260	1.04423	6400	0	8
2022.06.15	04:00:00	1.04421	1.04940	1.04239	1.04660	17962	0	8
2022.06.15	08:00:00	1.04658	1.05074	1.04549	1.04577	17408	0	8
2022.06.15	12:00:00	1.04578	1.04604	1.03847	1.03853	21609	0	8
2022.06.15	16:00:00	1.03851	1.04642	1.03587	1.04538	59551	0	8
2022.06.15	20:00:00	1.04538	1.04691	1.04407	1.04571	3405	0	8
2022.06.16	00:00:00	1.04572	1.04691	1.04307	1.04424	6689	0	8
2022.06.16	04:00:00	1.04426	1.04436	1.03807	1.03963	12207	0	8
2022.06.16	08:00:00	1.03964	1.04257	1.03832	1.03846	25522	0	8
2022.06.16	12:00:00	1.03847	1.05288	1.03835	1.05288	26923	0	8
2022.06.16	16:00:00	1.05289	1.06009	1.05221	1.05603	18014	0	8
2022.06.16	20:00:00	1.05603	1.05606	1.05435	1.05461	2878	0	8
2022.06.17	00:00:00	1.05463	1.05517	1.05172	1.05200	14723	0	8
2022.06.17	04:00:00	1.05202	1.05303	1.04937	1.05171	11948	0	8
2022.06.17	08:00:00	1.05170	1.05353	1.04831	1.04853	14025	0	8
2022.06.17	12:00:00	1.04852	1.05076	1.04441	1.04731	20277	0	8
2022.06.17	16:00:00	1.04731	1.05023	1.04643	1.04940	8360	0	8
2022.06.17	20:00:00	1.04942	1.04997	1.04890	1.04944	784	0	8
2022.06.19	20:00:00	1.04812	1.04924	1.04738	1.04896	2002	0	10
2022.06.20	00:00:00	1.04899	1.05285	1.04846	1.05279	7371	0	8
2022.06.20	04:00:00	1.05281	1.05424	1.05099	1.05163	8646	0	8
2022.06.20	08:00:00	1.05165	1.05455	1.05117	1.05255	9182	0	8
2022.06.20	12:00:00	1.05253	1.05414	1.05071	1.05375	7849	0	8
2022.06.20	16:00:00	1.05373	1.05378	1.04963	1.05094	1938	0	8
2022.06.20	20:00:00	1.05090	1.05205	1.05060	1.05171	1220	0	10
2022.06.21	00:00:00	1.05171	1.05419	1.05164	1.05318	5052	0	8
2022.06.21	04:00:00	1.05316	1.05642	1.05128	1.05563	6724	0	8
2022.06.21	08:00:00	1.05561	1.05822	1.05439	1.05497	10326	0	8
2022.06.21	12:00:00	1.05500	1.05663	1.05441	1.05480	13743	0	8
2022.06.21	16:00:00	1.05479	1.05484	1.05183	1.05311	5832	0	8
2022.06.21	20:00:00	1.05312	1.05384	1.05284	1.05308	1390	0	8
2022.06.22	00:00:00	1.05310	1.05310	1.05019	1.05105	5761	0	8
2022.06.22	04:00:00	1.05105	1.05133	1.04684	1.05042	9493	0	8
2022.06.22	08:00:00	1.05044	1.05285	1.04933	1.05110	11371	0	8
2022.06.22	12:00:00	1.05111	1.06055	1.05108	1.05796	19194	0	8
2022.06.22	16:00:00	1.05794	1.05890	1.05648	1.05668	6179	0	8
2022.06.22	20:00:00	1.05667	1.05690	1.05605	1.05643	1514	0	8
2022.06.23	00:00:00	1.05642	1.05807	1.05556	1.05690	7107	0	8
2022.06.23	04:00:00	1.05689	1.05789	1.04980	1.05073	12422	0	8
2022.06.23	08:00:00	1.05071	1.05213	1.04824	1.05051	13456	0	8
2022.06.23	12:00:00	1.05049	1.05535	1.04899	1.05013	21739	0	8
2022.06.23	16:00:00	1.05015	1.05330	1.04938	1.05266	8658	0	8
2022.06.23	20:00:00	1.05268	1.05304	1.05178	1.05190	1470	0	8
2022.06.24	00:00:00	1.05191	1.05367	1.05118	1.05323	5103	0	8
2022.06.24	04:00:00	1.05322	1.05462	1.05219	1.05232	6022	0	8
2022.06.24	08:00:00	1.05233	1.05543	1.05137	1.05155	8903	0	8
2022.06.24	12:00:00	1.05157	1.05707	1.05155	1.05379	18706	0	8
2022.06.24	16:00:00	1.05377	1.05589	1.05341	1.05585	4621	0	8
2022.06.24	20:00:00	1.05583	1.05583	1.05491	1.05542	596	0	8
2022.06.26	20:00:00	1.05489	1.05744	1.05485	1.05661	2271	0	10
2022.06.27	00:00:00	1.05664	1.05708	1.05500	1.05560	5436	0	8
2022.06.27	04:00:00	1.05558	1.05898	1.05539	1.05873	6220	0	8
2022.06.27	08:00:00	1.05874	1.05906	1.05639	1.05664	8044	0	8
2022.06.27	12:00:00	1.05665	1.06146	1.05532	1.05998	13056	0	8
2022.06.27	16:00:00	1.06000	1.06042	1.05780	1.05800	4948	0	8
2022.06.27	20:00:00	1.05800	1.05844	1.05760	1.05794	1324	0	8
2022.06.28	00:00:00	1.05794	1.05862	1.05702	1.05808	4719	0	8
2022.06.28	04:00:00	1.05805	1.06056	1.05701	1.05838	7994	0	8
2022.06.28	08:00:00	1.05839	1.05969	1.05631	1.05691	9487	0	8
2022.06.28	12:00:00	1.05689	1.05704	1.05028	1.05339	14743	0	8
2022.06.28	16:00:00	1.05339	1.05409	1.05165	1.05254	6083	0	8
2022.06.28	20:00:00	1.05257	1.05274	1.05158	1.05218	1246	0	8
2022.06.29	00:00:00	1.05217	1.05350	1.05169	1.05295	3821	0	8
2022.06.29	04:00:00	1.05295	1.05319	1.04853	1.05167	11997	0	8
2022.06.29	08:00:00	1.05164	1.05347	1.05027	1.05221	11531	0	8
2022.06.29	12:00:00	1.05222	1.05287	1.04660	1.04763	16427	0	8
2022.06.29	16:00:00	1.04765	1.04765	1.04349	1.04405	4942	0	8
2022.06.29	20:00:00	1.04403	1.04460	1.04369	1.04453	1580	0	8
2022.06.30	00:00:00	1.04455	1.04563	1.04326	1.04514	4122	0	8
2022.06.30	04:00:00	1.04512	1.04683	1.04296	1.04450	9344	0	8
2022.06.30	08:00:00	1.04453	1.04675	1.03821	1.03932	13938	0	8
2022.06.30	12:00:00	1.03930	1.04786	1.03842	1.04680	19606	0	8
2022.06.30	16:00:00	1.04679	1.04884	1.04613	1.04786	6996	0	8
2022.06.30	20:00:00	1.04788	1.04846	1.04733	1.04778	1627	0	8
2022.07.01	00:00:00	1.04781	1.04781	1.04498	1.04543	4977	0	8
2022.07.01	04:00:00	1.04540	1.04700	1.04325	1.04460	9961	0	8
2022.07.01	08:00:00	1.04461	1.04735	1.04314	1.04357	11999	0	8
2022.07.01	12:00:00	1.04357	1.04388	1.03650	1.04072	19670	0	8
2022.07.01	16:00:00	1.04071	1.04319	1.03929	1.04280	7000	0	8
2022.07.01	20:00:00	1.04281	1.04324	1.04246	1.04271	400	0	8
2022.07.03	20:00:00	1.04197	1.04367	1.04155	1.04320	1877	0	10
2022.07.04	00:00:00	1.04318	1.04438	1.04241	1.04257	4930	0	8
2022.07.04	04:00:00	1.04258	1.04384	1.04215	1.04303	6059	0	8
2022.07.04	08:00:00	1.04303	1.04623	1.04204	1.04517	8324	0	8
2022.07.04	12:00:00	1.04515	1.04575	1.04168	1.04269	7333	0	8
2022.07.04	16:00:00	1.04271	1.04304	1.04175	1.04218	1105	0	8
2022.07.04	20:00:00	1.04215	1.04360	1.04176	1.04323	1685	0	10
2022.07.05	00:00:00	1.04325	1.04378	1.04229	1.04343	3930	0	8
2022.07.05	04:00:00	1.04341	1.04482	1.03647	1.03745	9627	0	8
2022.07.05	08:00:00	1.03743	1.03753	1.02799	1.02957	20300	0	8
2022.07.05	12:00:00	1.02955	1.03008	1.02363	1.02534	19611	0	8
2022.07.05	16:00:00	1.02535	1.02707	1.02348	1.02657	6979	0	8
2022.07.05	20:00:00	1.02657	1.02713	1.02554	1.02564	1630	0	8
2022.07.06	00:00:00	1.02565	1.02710	1.02535	1.02634	5852	0	8
2022.07.06	04:00:00	1.02633	1.02761	1.02381	1.02584	11125	0	8
2022.07.06	08:00:00	1.02584	1.02737	1.01795	1.01916	15266	0	8
2022.07.06	12:00:00	1.01915	1.02008	1.01611	1.01699	22589	0	8
2022.07.06	16:00:00	1.01697	1.01983	1.01648	1.01861	11174	0	8
2022.07.06	20:00:00	1.01864	1.01880	1.01771	1.01839	1638	0	8
2022.07.07	00:00:00	1.01841	1.02093	1.01758	1.02032	5926	0	8
2022.07.07	04:00:00	1.02034	1.02207	1.01816	1.01919	8909	0	8
2022.07.07	08:00:00	1.01920	1.02170	1.01741	1.01897	15457	0	8
2022.07.07	12:00:00	1.01898	1.01962	1.01513	1.01579	14864	0	8
2022.07.07	16:00:00	1.01581	1.01677	1.01439	1.01662	5131	0	8
2022.07.07	20:00:00	1.01660	1.01681	1.01565	1.01681	1281	0	8
2022.07.08	00:00:00	1.01683	1.01909	1.01534	1.01579	6696	0	8
2022.07.08	04:00:00	1.01581	1.01697	1.00715	1.01083	12810	0	8
2022.07.08	08:00:00	1.01085	1.01588	1.00862	1.01501	14542	0	8
2022.07.08	12:00:00	1.01504	1.01905	1.01153	1.01778	28233	0	8
2022.07.08	16:00:00	1.01780	1.01794	1.01582	1.01782	4718	0	8
2022.07.08	20:00:00	1.01780	1.01855	1.01764	1.01849	439	0	8
2022.07.10	20:00:00	1.01775	1.01832	1.01647	1.01668	1918	0	10
2022.07.11	00:00:00	1.01670	1.01671	1.01345	1.01491	5552	0	8
2022.07.11	04:00:00	1.01492	1.01543	1.01052	1.01105	8516	0	8
2022.07.11	08:00:00	1.01107	1.01317	1.00821	1.00894	10084	0	8
2022.07.11	12:00:00	1.00894	1.01034	1.00518	1.00850	18527	0	8
2022.07.11	16:00:00	1.00851	1.00872	1.00333	1.00446	6631	0	8
2022.07.11	20:00:00	1.00447	1.00472	1.00359	1.00456	1848	0	8
2022.07.12	00:00:00	1.00456	1.00549	1.00057	1.00258	11058	0	8
2022.07.12	04:00:00	1.00256	1.00387	1.00027	1.00080	14310	0	8
2022.07.12	08:00:00	1.00079	1.00690	0.99997	1.00393	15907	0	8
2022.07.12	12:00:00	1.00392	1.00733	1.00326	1.00681	17098	0	8
2022.07.12	16:00:00	1.00683	1.00722	1.00314	1.00320	6065	0	8
2022.07.12	20:00:00	1.00320	1.00411	1.00247	1.00299	1951	0	8
2022.07.13	00:00:00	1.00298	1.00466	1.00226	1.00362	7083	0	8
2022.07.13	04:00:00	1.00363	1.00526	1.00059	1.00324	11089	0	8
2022.07.13	08:00:00	1.00323	1.00692	1.00230	1.00673	13447	0	8
2022.07.13	12:00:00	1.00674	1.01218	0.99971	1.00775	48177	0	8
2022.07.13	16:00:00	1.00774	1.00969	1.00539	1.00587	11076	0	8
2022.07.13	20:00:00	1.00589	1.00614	1.00301	1.00336	2251	0	8
2022.07.14	00:00:00	1.00338	1.00431	1.00133	1.00327	7921	0	8
2022.07.14	04:00:00	1.00328	1.00458	1.00049	1.00358	11458	0	8
2022.07.14	08:00:00	1.00360	1.00501	1.00045	1.00091	16270	0	8
2022.07.14	12:00:00	1.00092	1.00472	0.99519	1.00270	31141	0	8
2022.07.14	16:00:00	1.00268	1.00373	0.99832	1.00153	14052	0	8
2022.07.14	20:00:00	1.00151	1.00261	1.00099	1.00261	1700	0	8
2022.07.15	00:00:00	1.00263	1.00407	1.00109	1.00253	6680	0	8
2022.07.15	04:00:00	1.00251	1.00351	1.00064	1.00281	10002	0	8
2022.07.15	08:00:00	1.00282	1.00654	1.00166	1.00538	10539	0	8
2022.07.15	12:00:00	1.00538	1.00974	1.00406	1.00896	28278	0	8
2022.07.15	16:00:00	1.00898	1.00931	1.00714	1.00821	5360	0	8
2022.07.15	20:00:00	1.00819	1.00874	1.00790	1.00874	412	0	8
2022.07.17	20:00:00	1.00791	1.00975	1.00785	1.00970	1881	0	10
2022.07.18	00:00:00	1.00971	1.01139	1.00865	1.01041	5006	0	8
2022.07.18	04:00:00	1.01038	1.01486	1.00809	1.01455	12212	0	8
2022.07.18	08:00:00	1.01453	1.01748	1.01194	1.01418	11480	0	8
2022.07.18	12:00:00	1.01420	1.02009	1.01192	1.01597	15633	0	8
2022.07.18	16:00:00	1.01598	1.01770	1.01406	1.01427	6517	0	8
2022.07.18	20:00:00	1.01429	1.01477	1.01375	1.01461	1775	0	8
2022.07.19	00:00:00	1.01462	1.01480	1.01191	1.01265	4951	0	8
2022.07.19	04:00:00	1.01263	1.02435	1.01239	1.02409	16260	0	8
2022.07.19	08:00:00	1.02411	1.02687	1.02197	1.02533	21564	0	8
2022.07.19	12:00:00	1.02531	1.02638	1.02243	1.02384	22029	0	8
2022.07.19	16:00:00	1.02383	1.02447	1.02209	1.02210	6623	0	8
2022.07.19	20:00:00	1.02212	1.02412	1.02212	1.02302	1881	0	8
2022.07.20	00:00:00	1.02304	1.02480	1.02304	1.02427	4126	0	8
2022.07.20	04:00:00	1.02428	1.02725	1.02208	1.02254	11479	0	8
2022.07.20	08:00:00	1.02252	1.02525	1.01727	1.01904	19640	0	8
2022.07.20	12:00:00	1.01903	1.02373	1.01790	1.02142	21384	0	8
2022.07.20	16:00:00	1.02144	1.02168	1.01552	1.01770	10270	0	8
2022.07.20	20:00:00	1.01772	1.01875	1.01726	1.01804	1707	0	8
2022.07.21	00:00:00	1.01802	1.02131	1.01778	1.02086	5237	0	8
2022.07.21	04:00:00	1.02087	1.02302	1.01899	1.01956	15085	0	8
2022.07.21	08:00:00	1.01956	1.01985	1.01654	1.01897	17739	0	8
2022.07.21	12:00:00	1.01899	1.02777	1.01521	1.02000	51957	0	8
2022.07.21	16:00:00	1.01998	1.02113	1.01744	1.02110	8157	0	8
2022.07.21	20:00:00	1.02108	1.02301	1.02047	1.02197	2494	0	8
2022.07.22	00:00:00	1.02197	1.02213	1.01844	1.01904	5556	0	8
2022.07.22	04:00:00	1.01901	1.02129	1.01294	1.01378	13698	0	8
2022.07.22	08:00:00	1.01376	1.01849	1.01347	1.01755	19318	0	8
2022.07.22	12:00:00	1.01754	1.02547	1.01691	1.02264	27068	0	8
2022.07.22	16:00:00	1.02262	1.02389	1.01897	1.02115	8911	0	8
2022.07.22	20:00:00	1.02113	1.02158	1.02057	1.02148	836	0	8
2022.07.24	20:00:00	1.02120	1.02181	1.01987	1.01989	1739	0	10
2022.07.25	00:00:00	1.01990	1.02124	1.01808	1.02068	6121	0	8
2022.07.25	04:00:00	1.02069	1.02218	1.01858	1.01922	11311	0	8
2022.07.25	08:00:00	1.01926	1.02575	1.01784	1.02292	17357	0	8
2022.07.25	12:00:00	1.02292	1.02547	1.02030	1.02096	17688	0	8
2022.07.25	16:00:00	1.02097	1.02285	1.02058	1.02252	4565	0	8
2022.07.25	20:00:00	1.02253	1.02264	1.02152	1.02227	1115	0	8
2022.07.26	00:00:00	1.02230	1.02499	1.02216	1.02298	4691	0	8
2022.07.26	04:00:00	1.02297	1.02357	1.02080	1.02189	7077	0	8
2022.07.26	08:00:00	1.02189	1.02218	1.01236	1.01309	15042	0	8
2022.07.26	12:00:00	1.01310	1.01523	1.01124	1.01154	17627	0	8
2022.07.26	16:00:00	1.01152	1.01323	1.01073	1.01137	6008	0	8
2022.07.26	20:00:00	1.01139	1.01332	1.01139	1.01283	1912	0	8
2022.07.27	00:00:00	1.01283	1.01469	1.01278	1.01424	4663	0	8
2022.07.27	04:00:00	1.01422	1.01584	1.01273	1.01393	7783	0	8
2022.07.27	08:00:00	1.01394	1.01715	1.01338	1.01502	11040	0	8
2022.07.27	12:00:00	1.01502	1.01559	1.01048	1.01048	14030	0	8
2022.07.27	16:00:00	1.01048	1.02203	1.00962	1.02082	31418	0	8
2022.07.27	20:00:00	1.02080	1.02080	1.01886	1.02048	3175	0	8
2022.07.28	00:00:00	1.02047	1.02152	1.01801	1.02093	7486	0	8
2022.07.28	04:00:00	1.02092	1.02339	1.01850	1.02095	13076	0	8
2022.07.28	08:00:00	1.02096	1.02192	1.01136	1.01175	18216	0	8
2022.07.28	12:00:00	1.01174	1.01748	1.01154	1.01648	30332	0	8
2022.07.28	16:00:00	1.01647	1.01879	1.01417	1.01861	7001	0	8
2022.07.28	20:00:00	1.01859	1.01992	1.01846	1.01915	1925	0	8
2022.07.29	00:00:00	1.01918	1.02243	1.01891	1.02129	5727	0	8
2022.07.29	04:00:00	1.02128	1.02539	1.02077	1.02357	13977	0	8
2022.07.29	08:00:00	1.02356	1.02452	1.01851	1.02088	15613	0	8
2022.07.29	12:00:00	1.02086	1.02124	1.01457	1.02012	26973	0	8
2022.07.29	16:00:00	1.02009	1.02224	1.01769	1.02207	6987	0	8
2022.07.29	20:00:00	1.02207	1.02268	1.02167	1.02259	600	0	8
2022.07.31	20:00:00	1.02155	1.02228	1.02052	1.02099	2183	0	10
2022.08.01	00:00:00	1.02101	1.02409	1.02074	1.02253	7262	0	8
2022.08.01	04:00:00	1.02251	1.02405	1.02131	1.02297	9437	0	8
2022.08.01	08:00:00	1.02297	1.02697	1.02267	1.02325	13364	0	8
2022.08.01	12:00:00	1.02327	1.02749	1.02247	1.02679	19525	0	8
2022.08.01	16:00:00	1.02678	1.02745	1.02451	1.02581	6215	0	8
2022.08.01	20:00:00	1.02579	1.02683	1.02526	1.02622	1838	0	8
2022.08.02	00:00:00	1.02624	1.02936	1.02560	1.02735	11380	0	8
2022.08.02	04:00:00	1.02733	1.02791	1.02149	1.02244	12278	0	8
2022.08.02	08:00:00	1.02243	1.02450	1.02189	1.02232	13108	0	8
2022.08.02	12:00:00	1.02234	1.02356	1.01808	1.01955	23806	0	8
2022.08.02	16:00:00	1.01954	1.02099	1.01679	1.01685	9522	0	8
2022.08.02	20:00:00	1.01686	1.01723	1.01543	1.01562	2152	0	8
2022.08.03	00:00:00	1.01561	1.01932	1.01497	1.01910	7190	0	8
2022.08.03	04:00:00	1.01911	1.01927	1.01538	1.01771	11468	0	8
2022.08.03	08:00:00	1.01773	1.02098	1.01773	1.01839	13133	0	8
2022.08.03	12:00:00	1.01837	1.01965	1.01223	1.01442	21300	0	8
2022.08.03	16:00:00	1.01443	1.01735	1.01398	1.01680	7515	0	8
2022.08.03	20:00:00	1.01682	1.01718	1.01558	1.01563	2095	0	8
2022.08.04	00:00:00	1.01563	1.01757	1.01538	1.01624	4898	0	8
2022.08.04	04:00:00	1.01625	1.01858	1.01562	1.01787	7911	0	8
2022.08.04	08:00:00	1.01785	1.01974	1.01601	1.01755	13878	0	8
2022.08.04	12:00:00	1.01755	1.02337	1.01651	1.02219	19476	0	8
2022.08.04	16:00:00	1.02217	1.02533	1.02177	1.02450	6778	0	8
2022.08.04	20:00:00	1.02448	1.02517	1.02414	1.02469	1505	0	8
2022.08.05	00:00:00	1.02472	1.02479	1.02292	1.02361	4034	0	8
2022.08.05	04:00:00	1.02361	1.02388	1.02224	1.02333	5578	0	8
2022.08.05	08:00:00	1.02332	1.02381	1.02179	1.02308	8172	0	8
2022.08.05	12:00:00	1.02306	1.02359	1.01412	1.01683	27646	0	8
2022.08.05	16:00:00	1.01685	1.01923	1.01662	1.01775	8069	0	8
2022.08.05	20:00:00	1.01775	1.01827	1.01764	1.01803	595	0	8
2022.08.07	20:00:00	1.01732	1.01775	1.01692	1.01717	1144	0	10
2022.08.08	00:00:00	1.01719	1.01853	1.01589	1.01852	3852	0	8
2022.08.08	04:00:00	1.01850	1.02126	1.01710	1.02088	5087	0	8
2022.08.08	08:00:00	1.02086	1.02086	1.01725	1.01999	7486	0	8
2022.08.08	12:00:00	1.02000	1.02215	1.01837	1.02059	10388	0	8
2022.08.08	16:00:00	1.02061	1.02119	1.01850	1.01917	5752	0	8
2022.08.08	20:00:00	1.01917	1.01994	1.01895	1.01974	958	0	8
2022.08.09	00:00:00	1.01977	1.02005	1.01884	1.01957	2545	0	8
2022.08.09	04:00:00	1.01956	1.02145	1.01913	1.02141	4786	0	8
2022.08.09	08:00:00	1.02142	1.02471	1.02132	1.02195	9038	0	8
2022.08.09	12:00:00	1.02197	1.02439	1.02189	1.02249	10050	0	8
2022.08.09	16:00:00	1.02250	1.02314	1.02023	1.02076	3551	0	8
2022.08.09	20:00:00	1.02078	1.02150	1.02049	1.02077	1447	0	8
2022.08.10	00:00:00	1.02077	1.02187	1.02025	1.02135	2470	0	8
2022.08.10	04:00:00	1.02136	1.02180	1.02047	1.02103	4316	0	8
2022.08.10	08:00:00	1.02101	1.02605	1.02017	1.02580	7648	0	8
2022.08.10	12:00:00	1.02580	1.03681	1.02430	1.03332	31271	0	8
2022.08.10	16:00:00	1.03332	1.03352	1.02942	1.03030	8773	0	8
2022.08.10	20:00:00	1.03028	1.03042	1.02948	1.02984	1416	0	8
2022.08.11	00:00:00	1.02983	1.03036	1.02811	1.02880	3613	0	8
2022.08.11	04:00:00	1.02882	1.03318	1.02750	1.03252	7356	0	8
2022.08.11	08:00:00	1.03254	1.03424	1.03183	1.03242	9837	0	8
2022.08.11	12:00:00	1.03240	1.03640	1.03233	1.03370	19071	0	8
2022.08.11	16:00:00	1.03371	1.03388	1.03092	1.03164	7039	0	8
2022.08.11	20:00:00	1.03165	1.03255	1.03154	1.03201	1520	0	8
2022.08.12	00:00:00	1.03203	1.03249	1.03046	1.03168	3816	0	8
2022.08.12	04:00:00	1.03169	1.03238	1.02908	1.02968	6928	0	8
2022.08.12	08:00:00	1.02966	1.03079	1.02774	1.02774	9483	0	8
2022.08.12	12:00:00	1.02775	1.02904	1.02379	1.02544	16101	0	8
2022.08.12	16:00:00	1.02541	1.02675	1.02508	1.02601	4023	0	8
2022.08.12	20:00:00	1.02600	1.02616	1.02544	1.02587	507	0	8
2022.08.14	20:00:00	1.02555	1.02626	1.02532	1.02532	944	0	10
2022.08.15	00:00:00	1.02532	1.02679	1.02396	1.02517	3954	0	8
2022.08.15	04:00:00	1.02515	1.02554	1.02296	1.02338	5392	0	8
2022.08.15	08:00:00	1.02337	1.02361	1.01855	1.01951	8945	0	8
2022.08.15	12:00:00	1.01949	1.02228	1.01810	1.01848	13513	0	8
2022.08.15	16:00:00	1.01848	1.01850	1.01541	1.01603	3985	0	8
2022.08.15	20:00:00	1.01602	1.01666	1.01533	1.01610	2124	0	8
2022.08.16	00:00:00	1.01612	1.01694	1.01471	1.01618	3909	0	8
2022.08.16	04:00:00	1.01617	1.01684	1.01337	1.01596	6565	0	8
2022.08.16	08:00:00	1.01595	1.01601	1.01222	1.01275	10781	0	8
2022.08.16	12:00:00	1.01274	1.01945	1.01245	1.01727	13319	0	8
2022.08.16	16:00:00	1.01728	1.01802	1.01615	1.01697	4247	0	8
2022.08.16	20:00:00	1.01696	1.01743	1.01635	1.01692	924	0	8
2022.08.17	00:00:00	1.01691	1.01789	1.01658	1.01731	3978	0	8
2022.08.17	04:00:00	1.01729	1.01860	1.01490	1.01661	7094	0	8
2022.08.17	08:00:00	1.01659	1.01835	1.01512	1.01671	9214	0	8
2022.08.17	12:00:00	1.01669	1.01981	1.01452	1.01609	15671	0	8
2022.08.17	16:00:00	1.01609	1.02026	1.01602	1.01798	13194	0	8
2022.08.17	20:00:00	1.01799	1.01800	1.01723	1.01771	837	0	8
2022.08.18	00:00:00	1.01772	1.01926	1.01669	1.01702	3856	0	8
2022.08.18	04:00:00	1.01701	1.01779	1.01457	1.01608	7172	0	8
2022.08.18	08:00:00	1.01610	1.01878	1.01577	1.01769	9059	0	8
2022.08.18	12:00:00	1.01767	1.01862	1.01114	1.01120	15910	0	8
2022.08.18	16:00:00	1.01121	1.01148	1.00793	1.00937	6547	0	8
2022.08.18	20:00:00	1.00935	1.00940	1.00810	1.00888	1025	0	8
2022.08.19	00:00:00	1.00889	1.00909	1.00693	1.00795	4117	0	8
2022.08.19	04:00:00	1.00797	1.00950	1.00716	1.00896	6759	0	8
2022.08.19	08:00:00	1.00897	1.00903	1.00453	1.00480	8511	0	8
2022.08.19	12:00:00	1.00479	1.00679	1.00347	1.00367	11747	0	8
2022.08.19	16:00:00	1.00368	1.00454	1.00316	1.00397	4398	0	8
2022.08.19	20:00:00	1.00399	1.00426	1.00379	1.00390	436	0	8
2022.08.21	20:00:00	1.00390	1.00404	1.00299	1.00358	1423	0	10
2022.08.22	00:00:00	1.00357	1.00461	1.00231	1.00424	4038	0	8
2022.08.22	04:00:00	1.00423	1.00423	0.99992	1.00034	6367	0	8
2022.08.22	08:00:00	1.00037	1.00178	0.99888	1.00003	10202	0	8
2022.08.22	12:00:00	1.00002	1.00082	0.99273	0.99343	12790	0	8
2022.08.22	16:00:00	0.99344	0.99489	0.99258	0.99423	5509	0	8
2022.08.22	20:00:00	0.99424	0.99453	0.99328	0.99380	1250	0	8
2022.08.23	00:00:00	0.99380	0.99498	0.99298	0.99416	4758	0	8
2022.08.23	04:00:00	0.99413	0.99492	0.98981	0.99330	11659	0	8
2022.08.23	08:00:00	0.99331	0.99423	0.99123	0.99244	10869	0	8
2022.08.23	12:00:00	0.99242	1.00178	0.99138	0.99731	22747	0	8
2022.08.23	16:00:00	0.99730	0.99797	0.99592	0.99684	6060	0	8
2022.08.23	20:00:00	0.99684	0.99723	0.99631	0.99660	1070	0	8
2022.08.24	00:00:00	0.99661	0.99716	0.99423	0.99471	4807	0	8
2022.08.24	04:00:00	0.99470	0.99614	0.99345	0.99529	6517	0	8
2022.08.24	08:00:00	0.99530	0.99579	0.99161	0.99264	9299	0	8
2022.08.24	12:00:00	0.99264	0.99990	0.99097	0.99665	21102	0	8
2022.08.24	16:00:00	0.99667	0.99754	0.99442	0.99713	5827	0	8
2022.08.24	20:00:00	0.99711	0.99731	0.99607	0.99674	1270	0	8
2022.08.25	00:00:00	0.99674	0.99923	0.99627	0.99860	4902	0	8
2022.08.25	04:00:00	0.99862	1.00328	0.99848	0.99995	9847	0	8
2022.08.25	08:00:00	0.99992	1.00118	0.99721	0.99762	9978	0	8
2022.08.25	12:00:00	0.99762	1.00001	0.99549	0.99565	14921	0	8
2022.08.25	16:00:00	0.99564	0.99786	0.99487	0.99764	5875	0	8
2022.08.25	20:00:00	0.99762	0.99775	0.99673	0.99703	1167	0	8
2022.08.26	00:00:00	0.99702	0.99742	0.99623	0.99703	3404	0	8
2022.08.26	04:00:00	0.99701	0.99742	0.99461	0.99738	6568	0	8
2022.08.26	08:00:00	0.99735	1.00231	0.99689	0.99969	7647	0	8
2022.08.26	12:00:00	0.99969	1.00895	0.99839	0.99962	34366	0	8
2022.08.26	16:00:00	0.99963	1.00024	0.99561	0.99650	8857	0	8
2022.08.26	20:00:00	0.99652	0.99689	0.99620	0.99641	836	0	8
2022.08.28	20:00:00	0.99636	0.99639	0.99345	0.99356	2458	0	10
2022.08.29	00:00:00	0.99358	0.99450	0.99178	0.99237	6483	0	8
2022.08.29	04:00:00	0.99234	0.99502	0.99138	0.99427	8820	0	8
2022.08.29	08:00:00	0.99429	0.99994	0.99196	0.99971	11814	0	8
2022.08.29	12:00:00	0.99970	1.00289	0.99808	0.99966	17016	0	8
2022.08.29	16:00:00	0.99968	1.00222	0.99893	0.99955	6722	0	8
2022.08.29	20:00:00	0.99953	1.00111	0.99918	1.00105	1319	0	8
2022.08.30	00:00:00	1.00105	1.00130	0.99816	0.99981	5570	0	8
2022.08.30	04:00:00	0.99979	1.00335	0.99820	1.00285	10422	0	8
2022.08.30	08:00:00	1.00287	1.00543	1.00166	1.00244	12018	0	8
2022.08.30	12:00:00	1.00246	1.00410	0.99822	1.00179	20759	0	8
2022.08.30	16:00:00	1.00177	1.00347	1.00098	1.00170	9725	0	8
2022.08.30	20:00:00	1.00171	1.00255	1.00096	1.00231	1385	0	8
2022.08.31	00:00:00	1.00229	1.00341	1.00163	1.00318	4427	0	8
2022.08.31	04:00:00	1.00319	1.00455	0.99988	1.00011	8084	0	8
2022.08.31	08:00:00	1.00009	1.00266	0.99710	1.00011	14709	0	8
2022.08.31	12:00:00	1.00009	1.00786	0.99818	1.00626	22555	0	8
2022.08.31	16:00:00	1.00628	1.00637	1.00351	1.00485	8569	0	8
2022.08.31	20:00:00	1.00488	1.00544	1.00344	1.00372	1669	0	8
2022.09.01	00:00:00	1.00374	1.00374	1.00094	1.00154	6125	0	16
2022.09.01	04:00:00	1.00152	1.00321	1.00069	1.00293	8512	0	16
2022.09.01	08:00:00	1.00290	1.00478	1.00007	1.00035	10914	0	8
2022.09.01	12:00:00	1.00037	1.00064	0.99097	0.99481	22537	0	8
2022.09.01	16:00:00	0.99480	0.99598	0.99351	0.99440	8017	0	8
2022.09.01	20:00:00	0.99438	0.99528	0.99409	0.99514	1367	0	8
2022.09.02	00:00:00	0.99514	0.99622	0.99499	0.99613	3695	0	8
2022.09.02	04:00:00	0.99616	0.99958	0.99579	0.99880	7250	0	8
2022.09.02	08:00:00	0.99881	1.00171	0.99676	0.99905	9430	0	8
2022.09.02	12:00:00	0.99904	1.00332	0.99804	1.00300	26976	0	8
2022.09.02	16:00:00	1.00298	1.00299	0.99448	0.99527	12868	0	8
2022.09.02	20:00:00	0.99525	0.99606	0.99513	0.99551	931	0	8
2022.09.04	20:00:00	0.99256	0.99282	0.98984	0.99076	2473	0	10
2022.09.05	00:00:00	0.99076	0.99286	0.99006	0.99125	7646	0	8
2022.09.05	04:00:00	0.99124	0.99367	0.98774	0.99109	12582	0	8
2022.09.05	08:00:00	0.99107	0.99436	0.99040	0.99166	10051	0	8
2022.09.05	12:00:00	0.99163	0.99343	0.99137	0.99288	8595	0	8
2022.09.05	16:00:00	0.99287	0.99350	0.99266	0.99294	964	0	8
2022.09.05	20:00:00	0.99290	0.99515	0.99212	0.99497	2063	0	10
2022.09.06	00:00:00	0.99498	0.99704	0.99424	0.99436	7211	0	8
2022.09.06	04:00:00	0.99437	0.99858	0.99437	0.99753	11599	0	8
2022.09.06	08:00:00	0.99751	0.99760	0.99176	0.99236	14561	0	8
2022.09.06	12:00:00	0.99234	0.99295	0.98636	0.99116	22279	0	8
2022.09.06	16:00:00	0.99118	0.99159	0.98951	0.99036	8444	0	8
2022.09.06	20:00:00	0.99034	0.99062	0.98899	0.98968	1402	0	8
2022.09.07	00:00:00	0.98969	0.99036	0.98767	0.98861	7568	0	8
2022.09.07	04:00:00	0.98860	0.99272	0.98795	0.99235	8828	0	8
2022.09.07	08:00:00	0.99233	0.99296	0.98766	0.98779	12487	0	8
2022.09.07	12:00:00	0.98781	0.99538	0.98751	0.99391	16728	0	8
2022.09.07	16:00:00	0.99391	1.00095	0.99385	1.00084	8916	0	8
2022.09.07	20:00:00	1.00083	1.00109	0.99931	0.99974	1358	0	8
2022.09.08	00:00:00	0.99976	1.00003	0.99790	0.99857	5363	0	8
2022.09.08	04:00:00	0.99859	1.00145	0.99757	0.99811	8218	0	8
2022.09.08	08:00:00	0.99814	1.00288	0.99780	1.00196	10599	0	8
2022.09.08	12:00:00	1.00193	1.00287	0.99304	0.99531	40650	0	8
2022.09.08	16:00:00	0.99533	0.99994	0.99440	0.99985	9855	0	8
2022.09.08	20:00:00	0.99987	1.00096	0.99938	1.00094	1036	0	8
2022.09.09	00:00:00	1.00094	1.00837	1.00081	1.00688	7063	0	8
2022.09.09	04:00:00	1.00689	1.01098	1.00581	1.00961	11882	0	8
2022.09.09	08:00:00	1.00959	1.01129	1.00359	1.00368	13320	0	8
2022.09.09	12:00:00	1.00366	1.00621	1.00318	1.00447	18217	0	8
2022.09.09	16:00:00	1.00445	1.00548	1.00365	1.00453	5294	0	8
2022.09.09	20:00:00	1.00451	1.00470	1.00394	1.00453	683	0	8
2022.09.11	20:00:00	1.00892	1.00928	1.00579	1.00699	2032	0	10
2022.09.12	00:00:00	1.00697	1.00948	1.00627	1.00808	4989	0	8
2022.09.12	04:00:00	1.00809	1.01975	1.00731	1.01744	13424	0	8
2022.09.12	08:00:00	1.01746	1.01952	1.01289	1.01433	13630	0	8
2022.09.12	12:00:00	1.01431	1.01625	1.01041	1.01253	16377	0	8
2022.09.12	16:00:00	1.01252	1.01440	1.01106	1.01147	6054	0	8
2022.09.12	20:00:00	1.01150	1.01293	1.01145	1.01287	1090	0	8
2022.09.13	00:00:00	1.01286	1.01462	1.01238	1.01297	4783	0	8
2022.09.13	04:00:00	1.01300	1.01545	1.01193	1.01464	7732	0	8
2022.09.13	08:00:00	1.01466	1.01866	1.01323	1.01767	9154	0	8
2022.09.13	12:00:00	1.01768	1.01793	0.99950	0.99962	43140	0	8
2022.09.13	16:00:00	0.99961	1.00082	0.99699	0.99730	8388	0	8
2022.09.13	20:00:00	0.99728	0.99802	0.99539	0.99776	1990	0	8
2022.09.14	00:00:00	0.99777	0.99899	0.99684	0.99883	7330	0	8
2022.09.14	04:00:00	0.99886	1.00018	0.99591	0.99876	13991	0	8
2022.09.14	08:00:00	0.99874	1.00232	0.99806	0.99920	16085	0	8
2022.09.14	12:00:00	0.99920	1.00091	0.99703	0.99931	21574	0	8
2022.09.14	16:00:00	0.99933	1.00080	0.99688	0.99792	6364	0	8
2022.09.14	20:00:00	0.99791	0.99833	0.99729	0.99817	1133	0	8
2022.09.15	00:00:00	0.99817	0.99822	0.99688	0.99737	3621	0	8
2022.09.15	04:00:00	0.99737	0.99784	0.99553	0.99770	6319	0	8
2022.09.15	08:00:00	0.99773	1.00001	0.99687	0.99845	10178	0	8
2022.09.15	12:00:00	0.99844	1.00173	0.99780	0.99903	19940	0	8
2022.09.15	16:00:00	0.99903	1.00148	0.99873	0.99942	5951	0	8
2022.09.15	20:00:00	0.99943	0.99990	0.99869	0.99871	1124	0	8
2022.09.16	00:00:00	0.99873	1.00118	0.99858	0.99970	4769	0	8
2022.09.16	04:00:00	0.99971	1.00015	0.99430	0.99556	10694	0	8
2022.09.16	08:00:00	0.99558	0.99887	0.99488	0.99689	10156	0	8
2022.09.16	12:00:00	0.99689	1.00361	0.99529	1.00114	22460	0	8
2022.09.16	16:00:00	1.00115	1.00190	0.99927	1.00124	6699	0	8
2022.09.16	20:00:00	1.00122	1.00156	1.00079	1.00132	657	0	8
2022.09.18	20:00:00	1.00110	1.00282	1.00035	1.00217	1528	0	10
2022.09.19	00:00:00	1.00219	1.00287	0.99941	0.99978	4078	0	8
2022.09.19	04:00:00	0.99977	0.99993	0.99655	0.99791	6837	0	8
2022.09.19	08:00:00	0.99790	1.00045	0.99667	0.99820	11179	0	8
2022.09.19	12:00:00	0.99820	1.00178	0.99754	1.00015	13548	0	8
2022.09.19	16:00:00	1.00017	1.00247	1.00005	1.00235	4825	0	8
2022.09.19	20:00:00	1.00233	1.00318	1.00184	1.00294	1686	0	8
2022.09.20	00:00:00	1.00296	1.00500	1.00197	1.00291	5333	0	8
2022.09.20	04:00:00	1.00293	1.00416	1.00126	1.00353	8548	0	8
2022.09.20	08:00:00	1.00352	1.00353	0.99852	0.99868	11529	0	8
2022.09.20	12:00:00	0.99865	0.99989	0.99548	0.99931	17116	0	8
2022.09.20	16:00:00	0.99932	0.99956	0.99599	0.99753	7990	0	8
2022.09.20	20:00:00	0.99752	0.99781	0.99635	0.99708	1577	0	8
2022.09.21	00:00:00	0.99710	0.99748	0.99571	0.99659	4875	0	8
2022.09.21	04:00:00	0.99658	0.99681	0.98842	0.99098	17662	0	8
2022.09.21	08:00:00	0.99100	0.99372	0.98979	0.98992	11028	0	8
2022.09.21	12:00:00	0.98992	0.99198	0.98663	0.98784	14821	0	8
2022.09.21	16:00:00	0.98782	0.99098	0.98122	0.98508	42569	0	8
2022.09.21	20:00:00	0.98507	0.98507	0.98286	0.98311	3135	0	8
2022.09.22	00:00:00	0.98311	0.98357	0.98069	0.98192	12030	0	8
2022.09.22	04:00:00	0.98190	0.98528	0.98127	0.98448	15659	0	8
2022.09.22	08:00:00	0.98449	0.99070	0.98404	0.98659	31217	0	8
2022.09.22	12:00:00	0.98658	0.98874	0.98117	0.98395	25595	0	8
2022.09.22	16:00:00	0.98395	0.98518	0.98295	0.98391	9144	0	8
2022.09.22	20:00:00	0.98388	0.98395	0.98283	0.98382	1580	0	8
2022.09.23	00:00:00	0.98383	0.98516	0.98203	0.98233	4633	0	8
2022.09.23	04:00:00	0.98233	0.98377	0.97667	0.97748	12993	0	8
2022.09.23	08:00:00	0.97747	0.97800	0.97351	0.97508	23987	0	8
2022.09.23	12:00:00	0.97507	0.97744	0.97017	0.97172	27006	0	8
2022.09.23	16:00:00	0.97169	0.97234	0.96678	0.96908	13535	0	8
2022.09.23	20:00:00	0.96906	0.96959	0.96860	0.96906	1606	0	8
2022.09.25	20:00:00	0.96703	0.97079	0.96672	0.96853	3743	0	10
2022.09.26	00:00:00	0.96854	0.96913	0.95496	0.96335	36551	0	8
2022.09.26	04:00:00	0.96337	0.97011	0.96202	0.96778	24426	0	8
2022.09.26	08:00:00	0.96780	0.96971	0.96185	0.96375	24214	0	8
2022.09.26	12:00:00	0.96376	0.96890	0.96093	0.96195	38495	0	8
2022.09.26	16:00:00	0.96195	0.96289	0.95992	0.96084	21576	0	8
2022.09.26	20:00:00	0.96084	0.96238	0.95823	0.96195	4084	0	8
2022.09.27	00:00:00	0.96197	0.96447	0.96182	0.96406	8730	0	8
2022.09.27	04:00:00	0.96404	0.96705	0.96347	0.96468	13746	0	8
2022.09.27	08:00:00	0.96467	0.96521	0.96063	0.96383	16335	0	8
2022.09.27	12:00:00	0.96381	0.96481	0.95931	0.96142	29760	0	8
2022.09.27	16:00:00	0.96144	0.96154	0.95687	0.95940	12790	0	8
2022.09.27	20:00:00	0.95942	0.95975	0.95831	0.95952	2537	0	8
2022.09.28	00:00:00	0.95952	0.96003	0.95418	0.95576	12109	0	8
2022.09.28	04:00:00	0.95577	0.95867	0.95355	0.95771	15760	0	8
2022.09.28	08:00:00	0.95772	0.96008	0.95375	0.95655	37539	0	8
2022.09.28	12:00:00	0.95655	0.96878	0.95595	0.96785	42327	0	8
2022.09.28	16:00:00	0.96787	0.97504	0.96781	0.97320	18379	0	8
2022.09.28	20:00:00	0.97321	0.97380	0.97042	0.97051	3011	0	8
2022.09.29	00:00:00	0.97054	0.97126	0.96740	0.96858	8495	0	8
2022.09.29	04:00:00	0.96856	0.96893	0.96353	0.96548	17519	0	8
2022.09.29	08:00:00	0.96550	0.97462	0.96416	0.97224	24086	0	8
2022.09.29	12:00:00	0.97225	0.97894	0.96832	0.97730	38963	0	8
2022.09.29	16:00:00	0.97728	0.98088	0.97690	0.98006	13193	0	8
2022.09.29	20:00:00	0.98004	0.98418	0.97966	0.98288	4930	0	8
2022.09.30	00:00:00	0.98290	0.98328	0.97941	0.97992	11087	0	8
2022.09.30	04:00:00	0.97992	0.98380	0.97898	0.98323	17563	0	8
2022.09.30	08:00:00	0.98325	0.98534	0.97409	0.97460	23509	0	8
2022.09.30	12:00:00	0.97460	0.98178	0.97342	0.97821	43136	0	8
2022.09.30	16:00:00	0.97823	0.98152	0.97701	0.98006	11838	0	8
2022.09.30	20:00:00	0.98005	0.98095	0.97981	0.98013	1197	0	8
2022.10.02	20:00:00	0.97962	0.98068	0.97886	0.97930	2727	0	10
2022.10.03	00:00:00	0.97930	0.98282	0.97851	0.98052	7202	0	8
2022.10.03	04:00:00	0.98050	0.98333	0.97840	0.98117	18860	0	8
2022.10.03	08:00:00	0.98119	0.98270	0.97524	0.97680	17352	0	8
2022.10.03	12:00:00	0.97678	0.98441	0.97556	0.98076	29272	0	8
2022.10.03	16:00:00	0.98078	0.98281	0.97877	0.98281	12695	0	8
2022.10.03	20:00:00	0.98282	0.98371	0.98190	0.98332	3224	0	8
2022.10.04	00:00:00	0.98334	0.98449	0.98058	0.98421	8476	0	8
2022.10.04	04:00:00	0.98420	0.98956	0.98256	0.98749	17423	0	8
2022.10.04	08:00:00	0.98747	0.99034	0.98522	0.98902	18213	0	8
2022.10.04	12:00:00	0.98901	0.99793	0.98856	0.99758	26919	0	8
2022.10.04	16:00:00	0.99760	0.99992	0.99600	0.99900	12817	0	8
2022.10.04	20:00:00	0.99898	0.99933	0.99788	0.99833	3867	0	8
2022.10.05	00:00:00	0.99835	0.99903	0.99592	0.99691	10442	0	8
2022.10.05	04:00:00	0.99691	0.99944	0.99358	0.99403	13739	0	8
2022.10.05	08:00:00	0.99401	0.99513	0.98994	0.99048	13618	0	8
2022.10.05	12:00:00	0.99050	0.99226	0.98343	0.98653	27375	0	8
2022.10.05	16:00:00	0.98653	0.98965	0.98595	0.98850	9833	0	8
2022.10.05	20:00:00	0.98850	0.99114	0.98718	0.99109	3166	0	8
2022.10.06	00:00:00	0.99110	0.99257	0.99023	0.99158	8525	0	16
2022.10.06	04:00:00	0.99160	0.99252	0.98921	0.99098	10914	0	16
2022.10.06	08:00:00	0.99094	0.99119	0.98575	0.98682	16094	0	8
2022.10.06	12:00:00	0.98680	0.98817	0.98035	0.98044	26340	0	8
2022.10.06	16:00:00	0.98044	0.98164	0.97878	0.97963	12802	0	8
2022.10.06	20:00:00	0.97961	0.98017	0.97848	0.97887	2541	0	8
2022.10.07	00:00:00	0.97889	0.98115	0.97862	0.98045	6399	0	8
2022.10.07	04:00:00	0.98047	0.98085	0.97653	0.97981	10837	0	8
2022.10.07	08:00:00	0.97983	0.98164	0.97868	0.97869	13235	0	8
2022.10.07	12:00:00	0.97868	0.98031	0.97250	0.97836	37445	0	8
2022.10.07	16:00:00	0.97834	0.97840	0.97304	0.97383	9311	0	8
2022.10.07	20:00:00	0.97382	0.97420	0.97351	0.97404	1173	0	8
2022.10.09	20:00:00	0.97319	0.97376	0.97273	0.97341	2056	0	10
2022.10.10	00:00:00	0.97343	0.97528	0.97243	0.97375	5518	0	8
2022.10.10	04:00:00	0.97373	0.97432	0.96987	0.97063	10774	0	8
2022.10.10	08:00:00	0.97061	0.97091	0.96814	0.96968	13461	0	8
2022.10.10	12:00:00	0.96967	0.97445	0.96851	0.97024	21033	0	8
2022.10.10	16:00:00	0.97024	0.97234	0.96849	0.97019	9718	0	8
2022.10.10	20:00:00	0.97020	0.97109	0.96991	0.97108	1054	0	8
2022.10.11	00:00:00	0.97110	0.97224	0.96806	0.96818	9085	0	8
2022.10.11	04:00:00	0.96819	0.97243	0.96702	0.96986	13336	0	8
2022.10.11	08:00:00	0.96987	0.97375	0.96916	0.97242	16249	0	8
2022.10.11	12:00:00	0.97243	0.97623	0.96903	0.97558	21393	0	8
2022.10.11	16:00:00	0.97556	0.97742	0.96935	0.97099	15559	0	8
2022.10.11	20:00:00	0.97097	0.97157	0.96987	0.97000	2098	0	8
2022.10.12	00:00:00	0.97001	0.97118	0.96824	0.96979	9146	0	8
2022.10.12	04:00:00	0.96977	0.97338	0.96965	0.97069	20992	0	8
2022.10.12	08:00:00	0.97071	0.97241	0.96971	0.97076	14027	0	8
2022.10.12	12:00:00	0.97077	0.97112	0.96674	0.96901	22809	0	8
2022.10.12	16:00:00	0.96903	0.97198	0.96799	0.97008	11663	0	8
2022.10.12	20:00:00	0.97009	0.97090	0.96963	0.97047	1114	0	8
2022.10.13	00:00:00	0.97046	0.97216	0.96947	0.97001	4877	0	8
2022.10.13	04:00:00	0.97001	0.97087	0.96850	0.97054	7050	0	8
2022.10.13	08:00:00	0.97052	0.97527	0.96977	0.97444	15338	0	8
2022.10.13	12:00:00	0.97442	0.97987	0.96313	0.97787	58787	0	8
2022.10.13	16:00:00	0.97785	0.98055	0.97640	0.97744	19460	0	8
2022.10.13	20:00:00	0.97743	0.97804	0.97666	0.97670	1743	0	8
2022.10.14	00:00:00	0.97669	0.98082	0.97615	0.97868	10285	0	8
2022.10.14	04:00:00	0.97870	0.97965	0.97523	0.97672	13983	0	8
2022.10.14	08:00:00	0.97670	0.97670	0.97087	0.97182	19204	0	8
2022.10.14	12:00:00	0.97182	0.97993	0.97055	0.97383	38488	0	8
2022.10.14	16:00:00	0.97382	0.97477	0.97130	0.97278	11990	0	8
2022.10.14	20:00:00	0.97278	0.97300	0.97194	0.97229	1256	0	8
2022.10.16	20:00:00	0.97207	0.97428	0.97171	0.97394	2130	0	10
2022.10.17	00:00:00	0.97394	0.97516	0.97367	0.97394	7204	0	8
2022.10.17	04:00:00	0.97396	0.97564	0.97299	0.97467	11496	0	8
2022.10.17	08:00:00	0.97469	0.97702	0.97198	0.97402	14170	0	8
2022.10.17	12:00:00	0.97401	0.98480	0.97292	0.98415	19428	0	8
2022.10.17	16:00:00	0.98417	0.98517	0.98321	0.98347	9129	0	8
2022.10.17	20:00:00	0.98347	0.98461	0.98347	0.98432	1947	0	8
2022.10.18	00:00:00	0.98434	0.98525	0.98228	0.98408	6599	0	8
2022.10.18	04:00:00	0.98408	0.98729	0.98308	0.98572	14252	0	8
2022.10.18	08:00:00	0.98574	0.98589	0.98123	0.98307	16189	0	8
2022.10.18	12:00:00	0.98307	0.98752	0.98211	0.98412	19877	0	8
2022.10.18	16:00:00	0.98409	0.98601	0.98370	0.98568	11064	0	8
2022.10.18	20:00:00	0.98568	0.98719	0.98523	0.98622	2433	0	8
2022.10.19	00:00:00	0.98621	0.98665	0.98428	0.98440	6618	0	8
2022.10.19	04:00:00	0.98440	0.98458	0.98149	0.98388	11662	0	8
2022.10.19	08:00:00	0.98389	0.98389	0.97591	0.97829	15792	0	8
2022.10.19	12:00:00	0.97829	0.98022	0.97643	0.97783	19420	0	8
2022.10.19	16:00:00	0.97784	0.97810	0.97570	0.97726	9875	0	8
2022.10.19	20:00:00	0.97725	0.97756	0.97602	0.97650	1776	0	8
2022.10.20	00:00:00	0.97652	0.97714	0.97542	0.97610	6403	0	8
2022.10.20	04:00:00	0.97608	0.97941	0.97591	0.97865	14637	0	8
2022.10.20	08:00:00	0.97865	0.98284	0.97727	0.98124	14109	0	8
2022.10.20	12:00:00	0.98124	0.98451	0.97791	0.98221	26774	0	8
2022.10.20	16:00:00	0.98222	0.98222	0.97729	0.97839	10498	0	8
2022.10.20	20:00:00	0.97837	0.97882	0.97730	0.97781	1595	0	8
2022.10.21	00:00:00	0.97783	0.97829	0.97646	0.97681	6164	0	8
2022.10.21	04:00:00	0.97680	0.98018	0.97608	0.97886	10305	0	8
2022.10.21	08:00:00	0.97884	0.97904	0.97318	0.97446	15163	0	8
2022.10.21	12:00:00	0.97446	0.98559	0.97046	0.98544	68345	0	8
2022.10.21	16:00:00	0.98543	0.98687	0.98238	0.98614	28189	0	8
2022.10.21	20:00:00	0.98612	0.98657	0.98563	0.98588	1313	0	8
2022.10.23	20:00:00	0.98677	0.98970	0.98309	0.98594	14620	0	10
2022.10.24	00:00:00	0.98594	0.98672	0.98249	0.98340	15183	0	8
2022.10.24	04:00:00	0.98342	0.98614	0.98261	0.98341	15019	0	8
2022.10.24	08:00:00	0.98342	0.98457	0.98064	0.98350	21943	0	8
2022.10.24	12:00:00	0.98348	0.98933	0.98265	0.98734	33001	0	8
2022.10.24	16:00:00	0.98732	0.98805	0.98629	0.98735	6961	0	8
2022.10.24	20:00:00	0.98734	0.98898	0.98688	0.98838	1723	0	8
2022.10.25	00:00:00	0.98840	0.98980	0.98771	0.98843	9565	0	8
2022.10.25	04:00:00	0.98842	0.98859	0.98523	0.98563	8084	0	8
2022.10.25	08:00:00	0.98563	0.98757	0.98483	0.98662	11651	0	8
2022.10.25	12:00:00	0.98664	0.99764	0.98561	0.99574	26042	0	8
2022.10.25	16:00:00	0.99572	0.99692	0.99462	0.99662	8793	0	8
2022.10.25	20:00:00	0.99663	0.99692	0.99537	0.99614	1874	0	8
2022.10.26	00:00:00	0.99616	0.99671	0.99430	0.99567	6424	0	8
2022.10.26	04:00:00	0.99565	1.00342	0.99506	1.00329	12014	0	8
2022.10.26	08:00:00	1.00327	1.00472	1.00083	1.00210	17513	0	8
2022.10.26	12:00:00	1.00209	1.00806	0.99955	1.00675	26406	0	8
2022.10.26	16:00:00	1.00675	1.00881	1.00607	1.00811	9721	0	8
2022.10.26	20:00:00	1.00813	1.00931	1.00722	1.00928	2321	0	8
2022.10.27	00:00:00	1.00930	1.00931	1.00618	1.00691	7259	0	8
2022.10.27	04:00:00	1.00692	1.00834	1.00541	1.00662	10704	0	8
2022.10.27	08:00:00	1.00660	1.00773	1.00279	1.00496	12849	0	8
2022.10.27	12:00:00	1.00494	1.00507	0.99722	0.99834	43589	0	8
2022.10.27	16:00:00	0.99834	0.99952	0.99573	0.99705	9463	0	8
2022.10.27	20:00:00	0.99705	0.99719	0.99599	0.99664	2738	0	8
2022.10.28	00:00:00	0.99666	0.99976	0.99578	0.99920	7935	0	8
2022.10.28	04:00:00	0.99919	0.99921	0.99373	0.99452	13078	0	8
2022.10.28	08:00:00	0.99452	0.99752	0.99265	0.99539	13945	0	8
2022.10.28	12:00:00	0.99537	0.99894	0.99302	0.99332	29541	0	8
2022.10.28	16:00:00	0.99334	0.99657	0.99284	0.99656	6462	0	8
2022.10.28	20:00:00	0.99656	0.99672	0.99595	0.99661	741	0	8
2022.10.30	20:00:00	0.99546	0.99617	0.99453	0.99541	1765	0	10
2022.10.31	00:00:00	0.99543	0.99653	0.99429	0.99645	4978	0	8
2022.10.31	04:00:00	0.99643	0.99652	0.99277	0.99293	5761	0	8
2022.10.31	08:00:00	0.99290	0.99484	0.99139	0.99363	10620	0	8
2022.10.31	12:00:00	0.99363	0.99363	0.98727	0.98824	16327	0	8
2022.10.31	16:00:00	0.98825	0.98952	0.98727	0.98824	8349	0	8
2022.10.31	20:00:00	0.98825	0.98872	0.98758	0.98853	1315	0	8
2022.11.01	00:00:00	0.98855	0.99077	0.98821	0.99030	5296	0	8
2022.11.01	04:00:00	0.99031	0.99382	0.98991	0.99299	8588	0	8
2022.11.01	08:00:00	0.99298	0.99474	0.99149	0.99339	11044	0	8
2022.11.01	12:00:00	0.99341	0.99536	0.98587	0.98698	23191	0	8
2022.11.01	16:00:00	0.98697	0.99093	0.98526	0.98771	11347	0	8
2022.11.01	20:00:00	0.98773	0.98794	0.98685	0.98768	1755	0	8
2022.11.02	00:00:00	0.98770	0.98992	0.98741	0.98927	5936	0	8
2022.11.02	04:00:00	0.98929	0.98934	0.98707	0.98839	5854	0	8
2022.11.02	08:00:00	0.98840	0.99114	0.98788	0.98973	9547	0	8
2022.11.02	12:00:00	0.98972	0.99148	0.98640	0.98741	15266	0	8
2022.11.02	16:00:00	0.98741	0.99755	0.98223	0.98282	43334	0	8
2022.11.02	20:00:00	0.98284	0.98310	0.98096	0.98138	2991	0	8
2022.11.03	00:00:00	0.98137	0.98391	0.98095	0.98288	5725	0	8
2022.11.03	04:00:00	0.98289	0.98356	0.97726	0.97834	7885	0	8
2022.11.03	08:00:00	0.97832	0.97897	0.97296	0.97389	15029	0	8
2022.11.03	12:00:00	0.97391	0.97943	0.97324	0.97577	29509	0	8
2022.11.03	16:00:00	0.97577	0.97690	0.97420	0.97511	9124	0	8
2022.11.03	20:00:00	0.97513	0.97548	0.97408	0.97488	1576	0	8
2022.11.04	00:00:00	0.97488	0.97734	0.97471	0.97728	4969	0	8
2022.11.04	04:00:00	0.97726	0.97961	0.97565	0.97635	10265	0	8
2022.11.04	08:00:00	0.97636	0.98113	0.97636	0.97967	13392	0	8
2022.11.04	12:00:00	0.97968	0.99403	0.97503	0.98947	44673	0	8
2022.11.04	16:00:00	0.98945	0.99661	0.98874	0.99603	14119	0	8
2022.11.04	20:00:00	0.99601	0.99631	0.99562	0.99582	905	0	8
2022.11.06	20:00:00	0.99073	0.99428	0.99058	0.99272	1821	0	25
2022.11.07	00:00:00	0.99280	0.99465	0.99174	0.99372	7663	0	8
2022.11.07	04:00:00	0.99371	0.99550	0.99237	0.99274	7881	0	8
2022.11.07	08:00:00	0.99276	1.00066	0.99244	0.99807	15452	0	8
2022.11.07	12:00:00	0.99806	1.00054	0.99655	1.00005	22373	0	8
2022.11.07	16:00:00	1.00005	1.00338	0.99881	1.00259	9197	0	8
2022.11.07	20:00:00	1.00262	1.00308	1.00106	1.00170	2159	0	8
2022.11.08	00:00:00	1.00171	1.00306	1.00060	1.00129	4144	0	8
2022.11.08	04:00:00	1.00129	1.00141	0.99867	0.99990	5984	0	8
2022.11.08	08:00:00	0.99990	1.00093	0.99713	0.99978	11513	0	8
2022.11.08	12:00:00	0.99979	1.00728	0.99849	1.00655	16715	0	8
2022.11.08	16:00:00	1.00657	1.00958	1.00538	1.00721	13557	0	8
2022.11.08	20:00:00	1.00721	1.00831	1.00675	1.00800	3669	0	8
2022.11.09	00:00:00	1.00799	1.00878	1.00588	1.00716	6564	0	8
2022.11.09	04:00:00	1.00714	1.00727	1.00559	1.00639	7109	0	8
2022.11.09	08:00:00	1.00641	1.00846	1.00336	1.00536	15623	0	8
2022.11.09	12:00:00	1.00537	1.00862	1.00106	1.00275	25008	0	8
2022.11.09	16:00:00	1.00273	1.00523	0.99925	1.00022	12597	0	8
2022.11.09	20:00:00	1.00020	1.00188	1.00012	1.00188	3501	0	8
2022.11.10	00:00:00	1.00189	1.00287	1.00099	1.00256	5319	0	8
2022.11.10	04:00:00	1.00258	1.00426	0.99959	0.99973	7548	0	8
2022.11.10	08:00:00	0.99971	1.00135	0.99352	0.99438	18541	0	8
2022.11.10	12:00:00	0.99440	1.01847	0.99412	1.01809	50949	0	8
2022.11.10	16:00:00	1.01808	1.01818	1.01282	1.01808	18233	0	8
2022.11.10	20:00:00	1.01807	1.02213	1.01778	1.01878	6414	0	8
2022.11.11	00:00:00	1.01908	1.01976	1.01629	1.01839	9627	0	8
2022.11.11	04:00:00	1.01838	1.02528	1.01775	1.02442	14390	0	8
2022.11.11	08:00:00	1.02441	1.02943	1.02260	1.02905	22670	0	8
2022.11.11	12:00:00	1.02903	1.03264	1.02656	1.03261	28797	0	8
2022.11.11	16:00:00	1.03258	1.03638	1.03119	1.03619	13744	0	8
2022.11.11	20:00:00	1.03620	1.03620	1.03479	1.03548	3692	0	8
2022.11.13	20:00:00	1.03299	1.03339	1.03117	1.03265	1642	0	10
2022.11.14	00:00:00	1.03267	1.03496	1.03161	1.03265	11552	0	8
2022.11.14	04:00:00	1.03265	1.03281	1.02976	1.03273	8924	0	8
2022.11.14	08:00:00	1.03271	1.03502	1.02747	1.02836	17732	0	8
2022.11.14	12:00:00	1.02835	1.03357	1.02711	1.03296	23270	0	8
2022.11.14	16:00:00	1.03294	1.03581	1.03243	1.03530	11961	0	8
2022.11.14	20:00:00	1.03532	1.03549	1.03135	1.03193	3080	0	8
2022.11.15	00:00:00	1.03195	1.03280	1.03119	1.03200	6427	0	8
2022.11.15	04:00:00	1.03200	1.04177	1.03161	1.04070	11883	0	8
2022.11.15	08:00:00	1.04068	1.04368	1.03877	1.04106	20581	0	8
2022.11.15	12:00:00	1.04108	1.04804	1.03604	1.03680	42151	0	8
2022.11.15	16:00:00	1.03679	1.03893	1.02797	1.03638	41129	0	8
2022.11.15	20:00:00	1.03639	1.03771	1.03379	1.03570	7582	0	8
2022.11.16	00:00:00	1.03571	1.03865	1.03305	1.03531	14441	0	8
2022.11.16	04:00:00	1.03530	1.04140	1.03372	1.04024	14953	0	8
2022.11.16	08:00:00	1.04025	1.04379	1.03873	1.04161	17285	0	8
2022.11.16	12:00:00	1.04163	1.04277	1.03723	1.04030	27380	0	8
2022.11.16	16:00:00	1.04032	1.04121	1.03544	1.03921	13150	0	8
2022.11.16	20:00:00	1.03919	1.04043	1.03827	1.03929	3962	0	8
2022.11.17	00:00:00	1.03930	1.03945	1.03593	1.03712	5689	0	8
2022.11.17	04:00:00	1.03714	1.03946	1.03684	1.03923	7597	0	8
2022.11.17	08:00:00	1.03922	1.04061	1.03270	1.03461	18051	0	8
2022.11.17	12:00:00	1.03462	1.03544	1.03050	1.03284	26748	0	8
2022.11.17	16:00:00	1.03285	1.03691	1.03186	1.03634	11622	0	8
2022.11.17	20:00:00	1.03636	1.03691	1.03574	1.03603	3043	0	8
2022.11.18	00:00:00	1.03605	1.03905	1.03568	1.03822	6043	0	8
2022.11.18	04:00:00	1.03822	1.03856	1.03595	1.03752	6893	0	8
2022.11.18	08:00:00	1.03751	1.03957	1.03420	1.03658	15189	0	8
2022.11.18	12:00:00	1.03656	1.03861	1.03258	1.03642	16854	0	8
2022.11.18	16:00:00	1.03640	1.03714	1.03198	1.03275	8487	0	8
2022.11.18	20:00:00	1.03273	1.03327	1.03133	1.03233	2710	0	8
2022.11.20	20:00:00	1.03220	1.03313	1.03211	1.03288	453	0	40
2022.11.21	00:00:00	1.03303	1.03325	1.02879	1.03011	6829	0	8
2022.11.21	04:00:00	1.03008	1.03033	1.02491	1.02546	10158	0	8
2022.11.21	08:00:00	1.02548	1.02727	1.02258	1.02341	15317	0	8
2022.11.21	12:00:00	1.02342	1.02622	1.02279	1.02392	15348	0	8
2022.11.21	16:00:00	1.02394	1.02503	1.02222	1.02389	8763	0	8
2022.11.21	20:00:00	1.02389	1.02462	1.02320	1.02448	3465	0	8
2022.11.22	00:00:00	1.02446	1.02678	1.02417	1.02611	5382	0	8
2022.11.22	04:00:00	1.02608	1.02673	1.02455	1.02653	5742	0	8
2022.11.22	08:00:00	1.02653	1.02904	1.02532	1.02696	15111	0	8
2022.11.22	12:00:00	1.02697	1.02882	1.02536	1.02829	15196	0	8
2022.11.22	16:00:00	1.02831	1.03077	1.02666	1.02951	6267	0	8
2022.11.22	20:00:00	1.02949	1.03101	1.02935	1.03101	1984	0	8
2022.11.23	00:00:00	1.03102	1.03243	1.02999	1.03152	4607	0	8
2022.11.23	04:00:00	1.03150	1.03483	1.03099	1.03429	6035	0	8
2022.11.23	08:00:00	1.03426	1.03426	1.02962	1.03196	12550	0	8
2022.11.23	12:00:00	1.03196	1.03834	1.03145	1.03757	21547	0	8
2022.11.23	16:00:00	1.03759	1.04046	1.03550	1.04005	14514	0	8
2022.11.23	20:00:00	1.04006	1.04175	1.03907	1.04175	3593	0	8
2022.11.24	00:00:00	1.04173	1.04473	1.04049	1.04455	5434	0	8
2022.11.24	04:00:00	1.04452	1.04481	1.04149	1.04158	6376	0	8
2022.11.24	08:00:00	1.04156	1.04287	1.03814	1.04043	13640	0	8
2022.11.24	12:00:00	1.04041	1.04270	1.03977	1.04091	11942	0	8
2022.11.24	16:00:00	1.04093	1.04141	1.04003	1.04127	3109	0	8
2022.11.24	20:00:00	1.04121	1.04128	1.04045	1.04074	871	0	10
2022.11.25	00:00:00	1.04072	1.04180	1.03958	1.04157	4489	0	8
2022.11.25	04:00:00	1.04159	1.04289	1.04068	1.04086	5707	0	8
2022.11.25	08:00:00	1.04086	1.04280	1.03818	1.03897	12067	0	8
2022.11.25	12:00:00	1.03897	1.04067	1.03544	1.04064	14626	0	8
2022.11.25	16:00:00	1.04062	1.04137	1.03912	1.04110	8034	0	8
2022.11.25	20:00:00	1.04105	1.04128	1.03844	1.03918	1128	0	29
2022.11.27	20:00:00	1.03694	1.03780	1.03641	1.03666	1003	0	10
2022.11.28	00:00:00	1.03668	1.03834	1.03408	1.03546	7645	0	8
2022.11.28	04:00:00	1.03545	1.03847	1.03466	1.03735	7040	0	8
2022.11.28	08:00:00	1.03737	1.04964	1.03669	1.04735	19621	0	8
2022.11.28	12:00:00	1.04737	1.04768	1.03905	1.03978	19100	0	8
2022.11.28	16:00:00	1.03976	1.04019	1.03369	1.03373	11436	0	8
2022.11.28	20:00:00	1.03375	1.03447	1.03298	1.03429	2768	0	8
2022.11.29	00:00:00	1.03430	1.03829	1.03338	1.03785	7526	0	8
2022.11.29	04:00:00	1.03784	1.03940	1.03519	1.03810	10202	0	8
2022.11.29	08:00:00	1.03808	1.03929	1.03505	1.03821	15273	0	8
2022.11.29	12:00:00	1.03824	1.03839	1.03244	1.03558	20897	0	8
2022.11.29	16:00:00	1.03560	1.03579	1.03221	1.03273	10867	0	8
2022.11.29	20:00:00	1.03270	1.03313	1.03172	1.03233	2714	0	8
2022.11.30	00:00:00	1.03235	1.03528	1.03203	1.03478	5418	0	8
2022.11.30	04:00:00	1.03478	1.03605	1.03355	1.03508	6446	0	8
2022.11.30	08:00:00	1.03510	1.03809	1.03412	1.03586	11031	0	8
2022.11.30	12:00:00	1.03588	1.03993	1.02944	1.02979	23355	0	8
2022.11.30	16:00:00	1.02980	1.04146	1.02898	1.04131	32081	0	8
2022.11.30	20:00:00	1.04132	1.04282	1.03985	1.04212	7055	0	8
2022.12.01	00:00:00	1.04228	1.04475	1.04185	1.04312	9032	0	8
2022.12.01	04:00:00	1.04313	1.04635	1.03939	1.04030	10613	0	8
2022.12.01	08:00:00	1.04031	1.04493	1.03928	1.04370	16137	0	8
2022.12.01	12:00:00	1.04372	1.05331	1.04343	1.04868	32829	0	8
2022.12.01	16:00:00	1.04868	1.05198	1.04692	1.05182	17195	0	8
2022.12.01	20:00:00	1.05182	1.05373	1.05116	1.05276	3810	0	8
2022.12.02	00:00:00	1.05274	1.05274	1.05048	1.05238	5939	0	8
2022.12.02	04:00:00	1.05240	1.05418	1.05162	1.05290	7111	0	8
2022.12.02	08:00:00	1.05291	1.05445	1.05126	1.05370	12869	0	8
2022.12.02	12:00:00	1.05370	1.05441	1.04279	1.04730	38208	0	8
2022.12.02	16:00:00	1.04728	1.05364	1.04657	1.05356	13398	0	8
2022.12.02	20:00:00	1.05358	1.05420	1.05305	1.05403	3234	0	8
2022.12.04	20:00:00	1.05318	1.05432	1.05293	1.05431	940	0	10
2022.12.05	00:00:00	1.05432	1.05825	1.05391	1.05799	6454	0	8
2022.12.05	04:00:00	1.05802	1.05843	1.05301	1.05387	6498	0	8
2022.12.05	08:00:00	1.05389	1.05763	1.05195	1.05640	13381	0	8
2022.12.05	12:00:00	1.05643	1.05944	1.05035	1.05247	22343	0	8
2022.12.05	16:00:00	1.05249	1.05376	1.04814	1.04923	11881	0	8
2022.12.05	20:00:00	1.04923	1.04969	1.04799	1.04954	3038	0	8
2022.12.06	00:00:00	1.04956	1.05182	1.04876	1.04922	6996	0	8
2022.12.06	04:00:00	1.04920	1.04986	1.04754	1.04902	7910	0	8
2022.12.06	08:00:00	1.04902	1.05223	1.04788	1.05164	12979	0	8
2022.12.06	12:00:00	1.05164	1.05325	1.04855	1.04983	16627	0	8
2022.12.06	16:00:00	1.04984	1.05284	1.04589	1.04627	11248	0	8
2022.12.06	20:00:00	1.04629	1.04714	1.04590	1.04669	1817	0	8
2022.12.07	00:00:00	1.04671	1.04761	1.04548	1.04667	5028	0	8
2022.12.07	04:00:00	1.04666	1.04705	1.04429	1.04593	7466	0	8
2022.12.07	08:00:00	1.04593	1.05062	1.04490	1.04890	13463	0	8
2022.12.07	12:00:00	1.04889	1.05494	1.04859	1.05036	26265	0	8
2022.12.07	16:00:00	1.05036	1.05281	1.04879	1.05138	10089	0	8
2022.12.07	20:00:00	1.05137	1.05165	1.04993	1.05100	2711	0	8
2022.12.08	00:00:00	1.05115	1.05148	1.04940	1.05036	5156	0	8
2022.12.08	04:00:00	1.05034	1.05306	1.04936	1.05258	6010	0	8
2022.12.08	08:00:00	1.05256	1.05270	1.04891	1.05080	10615	0	8
2022.12.08	12:00:00	1.05077	1.05486	1.05060	1.05448	17814	0	8
2022.12.08	16:00:00	1.05447	1.05645	1.05338	1.05596	9042	0	8
2022.12.08	20:00:00	1.05595	1.05615	1.05509	1.05552	2270	0	8
2022.12.09	00:00:00	1.05550	1.05849	1.05516	1.05802	6446	0	8
2022.12.09	04:00:00	1.05804	1.05877	1.05664	1.05677	5810	0	8
2022.12.09	08:00:00	1.05677	1.05764	1.05463	1.05534	9154	0	8
2022.12.09	12:00:00	1.05534	1.05661	1.05036	1.05404	24963	0	8
2022.12.09	16:00:00	1.05403	1.05556	1.05316	1.05465	8055	0	8
2022.12.09	20:00:00	1.05464	1.05476	1.05286	1.05325	2163	0	8
2022.12.11	20:00:00	1.05305	1.05340	1.05164	1.05205	663	0	10
2022.12.12	00:00:00	1.05204	1.05227	1.05055	1.05146	5378	0	8
2022.12.12	04:00:00	1.05148	1.05362	1.05078	1.05259	5863	0	8
2022.12.12	08:00:00	1.05260	1.05738	1.05197	1.05652	10023	0	8
2022.12.12	12:00:00	1.05653	1.05798	1.05202	1.05234	11878	0	8
2022.12.12	16:00:00	1.05232	1.05490	1.05103	1.05219	10090	0	8
2022.12.12	20:00:00	1.05219	1.05402	1.05206	1.05393	2188	0	8
2022.12.13	00:00:00	1.05408	1.05539	1.05332	1.05341	4355	0	8
2022.12.13	04:00:00	1.05343	1.05600	1.05309	1.05510	5313	0	8
2022.12.13	08:00:00	1.05511	1.05604	1.05277	1.05354	10141	0	8
2022.12.13	12:00:00	1.05351	1.06727	1.05323	1.06358	37934	0	8
2022.12.13	16:00:00	1.06360	1.06584	1.06100	1.06356	14819	0	8
2022.12.13	20:00:00	1.06358	1.06378	1.06189	1.06241	3706	0	8
2022.12.14	00:00:00	1.06240	1.06387	1.06229	1.06258	5534	0	8
2022.12.14	04:00:00	1.06256	1.06419	1.06195	1.06293	6466	0	8
2022.12.14	08:00:00	1.06295	1.06716	1.06186	1.06513	13154	0	8
2022.12.14	12:00:00	1.06514	1.06612	1.06313	1.06465	13961	0	8
2022.12.14	16:00:00	1.06467	1.06843	1.06210	1.06634	40054	0	8
2022.12.14	20:00:00	1.06636	1.06946	1.06615	1.06755	12676	0	8
2022.12.15	00:00:00	1.06756	1.06822	1.06537	1.06544	5189	0	8
2022.12.15	04:00:00	1.06544	1.06604	1.06399	1.06404	5659	0	8
2022.12.15	08:00:00	1.06407	1.06463	1.06053	1.06238	12102	0	8
2022.12.15	12:00:00	1.06240	1.07357	1.06136	1.06481	37294	0	8
2022.12.15	16:00:00	1.06480	1.06562	1.05921	1.06304	16337	0	8
2022.12.15	20:00:00	1.06304	1.06382	1.06196	1.06382	2948	0	8
2022.12.16	00:00:00	1.06384	1.06621	1.06340	1.06473	5912	0	8
2022.12.16	04:00:00	1.06475	1.06627	1.06303	1.06307	6355	0	8
2022.12.16	08:00:00	1.06309	1.06602	1.06090	1.06349	12827	0	8
2022.12.16	12:00:00	1.06346	1.06485	1.06075	1.06160	18995	0	8
2022.12.16	16:00:00	1.06162	1.06242	1.05949	1.05990	9609	0	8
2022.12.16	20:00:00	1.05991	1.06057	1.05847	1.05858	2860	0	8
2022.12.18	20:00:00	1.05846	1.05938	1.05809	1.05840	937	0	10
2022.12.19	00:00:00	1.05842	1.06126	1.05816	1.06081	5838	0	8
2022.12.19	04:00:00	1.06082	1.06376	1.06009	1.06238	5599	0	8
2022.12.19	08:00:00	1.06238	1.06574	1.06039	1.06056	11577	0	8
2022.12.19	12:00:00	1.06058	1.06151	1.05755	1.05792	12323	0	8
2022.12.19	16:00:00	1.05793	1.06306	1.05793	1.06038	9007	0	8
2022.12.19	20:00:00	1.06040	1.06109	1.06003	1.06106	2233	0	8
2022.12.20	00:00:00	1.06120	1.06515	1.05975	1.06078	16646	0	8
2022.12.20	04:00:00	1.06078	1.06154	1.05786	1.06108	15534	0	8
2022.12.20	08:00:00	1.06109	1.06456	1.06035	1.06422	14594	0	8
2022.12.20	12:00:00	1.06423	1.06582	1.05937	1.06396	18178	0	8
2022.12.20	16:00:00	1.06398	1.06416	1.05989	1.06213	11572	0	8
2022.12.20	20:00:00	1.06211	1.06287	1.06135	1.06248	2494	0	8
2022.12.21	00:00:00	1.06246	1.06259	1.06125	1.06161	5366	0	8
2022.12.21	04:00:00	1.06159	1.06342	1.06065	1.06312	5396	0	8
2022.12.21	08:00:00	1.06313	1.06370	1.06043	1.06053	10503	0	8
2022.12.21	12:00:00	1.06054	1.06444	1.05959	1.06149	14862	0	8
2022.12.21	16:00:00	1.06151	1.06197	1.05900	1.06140	8650	0	8
2022.12.21	20:00:00	1.06138	1.06160	1.06000	1.06075	2181	0	8
2022.12.22	00:00:00	1.06073	1.06442	1.06055	1.06429	4936	0	8
2022.12.22	04:00:00	1.06432	1.06493	1.06347	1.06391	4737	0	8
2022.12.22	08:00:00	1.06389	1.06591	1.06135	1.06151	10263	0	8
2022.12.22	12:00:00	1.06153	1.06385	1.05858	1.06017	16702	0	8
2022.12.22	16:00:00	1.06015	1.06054	1.05728	1.05924	7873	0	8
2022.12.22	20:00:00	1.05922	1.06026	1.05878	1.06009	3118	0	8
2022.12.23	00:00:00	1.06007	1.06119	1.05863	1.06071	4654	0	8
2022.12.23	04:00:00	1.06074	1.06302	1.06015	1.06280	4255	0	8
2022.12.23	08:00:00	1.06278	1.06278	1.05958	1.06134	7803	0	8
2022.12.23	12:00:00	1.06131	1.06325	1.05919	1.06132	20898	0	8
2022.12.23	16:00:00	1.06132	1.06296	1.06056	1.06202	7090	0	8
2022.12.23	20:00:00	1.06203	1.06211	1.06121	1.06159	1786	0	8
2022.12.25	20:00:00	1.06107	1.06184	1.06054	1.06157	869	0	41
2022.12.26	00:00:00	1.06186	1.06331	1.05951	1.06204	6934	0	32
2022.12.26	04:00:00	1.06206	1.06308	1.06202	1.06274	3504	0	22
2022.12.26	08:00:00	1.06270	1.06276	1.06152	1.06247	1182	0	21
2022.12.26	12:00:00	1.06245	1.06319	1.06186	1.06276	1368	0	20
2022.12.26	16:00:00	1.06268	1.06298	1.06251	1.06283	656	0	43
2022.12.26	20:00:00	1.06282	1.06427	1.06258	1.06369	1465	0	42
2022.12.27	00:00:00	1.06367	1.06600	1.06318	1.06396	4382	0	8
2022.12.27	04:00:00	1.06395	1.06674	1.06388	1.06449	4880	0	8
2022.12.27	08:00:00	1.06450	1.06691	1.06381	1.06541	7724	0	8
2022.12.27	12:00:00	1.06539	1.06570	1.06111	1.06493	11535	0	8
2022.12.27	16:00:00	1.06491	1.06600	1.06333	1.06412	6803	0	8
2022.12.27	20:00:00	1.06411	1.06463	1.06288	1.06351	2058	0	8
2022.12.28	00:00:00	1.06366	1.06425	1.06244	1.06372	4377	0	8
2022.12.28	04:00:00	1.06374	1.06542	1.06358	1.06452	4569	0	8
2022.12.28	08:00:00	1.06454	1.06517	1.06275	1.06464	8138	0	8
2022.12.28	12:00:00	1.06463	1.06742	1.06111	1.06181	13122	0	8
2022.12.28	16:00:00	1.06183	1.06351	1.06125	1.06169	7833	0	8
2022.12.28	20:00:00	1.06167	1.06285	1.06062	1.06285	2024	0	8
2022.12.29	00:00:00	1.06284	1.06368	1.06196	1.06228	3835	0	8
2022.12.29	04:00:00	1.06228	1.06285	1.06108	1.06229	3880	0	8
2022.12.29	08:00:00	1.06229	1.06577	1.06220	1.06378	8138	0	8
2022.12.29	12:00:00	1.06378	1.06696	1.06359	1.06664	13507	0	8
2022.12.29	16:00:00	1.06666	1.06900	1.06565	1.06777	7497	0	8
2022.12.29	20:00:00	1.06774	1.06774	1.06526	1.06600	2063	0	8
2022.12.30	00:00:00	1.06599	1.06689	1.06545	1.06586	3312	0	8
2022.12.30	04:00:00	1.06584	1.06590	1.06380	1.06506	4909	0	8
2022.12.30	08:00:00	1.06507	1.06984	1.06495	1.06757	9476	0	8
2022.12.30	12:00:00	1.06759	1.07008	1.06449	1.06718	19142	0	8
2022.12.30	16:00:00	1.06718	1.07127	1.06707	1.06993	12013	0	8
2022.12.30	20:00:00	1.06994	1.07078	1.06919	1.07025	4174	0	8
2023.01.01	20:00:00	1.06871	1.06982	1.06782	1.06982	958	0	118
2023.01.02	00:00:00	1.06978	1.07066	1.06836	1.06881	1105	0	56
2023.01.02	04:00:00	1.06878	1.06965	1.06619	1.06760	2700	0	41
2023.01.02	08:00:00	1.06771	1.06930	1.06667	1.06766	2268	0	42
2023.01.02	12:00:00	1.06764	1.06788	1.06508	1.06522	1571	0	161
2023.01.02	16:00:00	1.06520	1.06615	1.06420	1.06487	1868	0	162
2023.01.02	20:00:00	1.06485	1.06742	1.06357	1.06683	3356	0	167
2023.01.03	00:00:00	1.06686	1.06782	1.06501	1.06718	6779	0	8
2023.01.03	04:00:00	1.06720	1.06797	1.06197	1.06232	7243	0	8
2023.01.03	08:00:00	1.06234	1.06278	1.05192	1.05278	20600	0	8
2023.01.03	12:00:00	1.05280	1.05969	1.05237	1.05549	18378	0	8
2023.01.03	16:00:00	1.05551	1.05680	1.05370	1.05660	9598	0	8
2023.01.03	20:00:00	1.05661	1.05684	1.05390	1.05452	3241	0	8
2023.01.04	00:00:00	1.05453	1.05693	1.05449	1.05685	4799	0	8
2023.01.04	04:00:00	1.05684	1.06054	1.05592	1.05934	7409	0	8
2023.01.04	08:00:00	1.05936	1.06351	1.05899	1.06040	14801	0	8
2023.01.04	12:00:00	1.06042	1.06280	1.05808	1.06029	19739	0	8
2023.01.04	16:00:00	1.06031	1.06203	1.05849	1.06052	14027	0	8
2023.01.04	20:00:00	1.06051	1.06098	1.05997	1.06061	3432	0	8
2023.01.05	00:00:00	1.06059	1.06311	1.06027	1.06069	5889	0	8
2023.01.05	04:00:00	1.06070	1.06196	1.05899	1.06051	5918	0	8
2023.01.05	08:00:00	1.06049	1.06286	1.06027	1.06108	10733	0	8
2023.01.05	12:00:00	1.06108	1.06170	1.05148	1.05180	24329	0	8
2023.01.05	16:00:00	1.05182	1.05428	1.05172	1.05299	11067	0	8
2023.01.05	20:00:00	1.05297	1.05303	1.05153	1.05204	2623	0	8
2023.01.06	00:00:00	1.05206	1.05359	1.05187	1.05319	4224	0	8
2023.01.06	04:00:00	1.05317	1.05339	1.05067	1.05123	6016	0	8
2023.01.06	08:00:00	1.05123	1.05305	1.04920	1.04939	9935	0	8
2023.01.06	12:00:00	1.04939	1.06119	1.04791	1.06011	32452	0	8
2023.01.06	16:00:00	1.06013	1.06475	1.05965	1.06452	9779	0	8
2023.01.06	20:00:00	1.06450	1.06476	1.06419	1.06443	1653	0	8
2023.01.08	20:00:00	1.06386	1.06608	1.06338	1.06608	870	0	40
2023.01.09	00:00:00	1.06623	1.06773	1.06512	1.06670	6640	0	8
2023.01.09	04:00:00	1.06669	1.06945	1.06664	1.06727	6970	0	8
2023.01.09	08:00:00	1.06725	1.06991	1.06599	1.06839	11036	0	8
2023.01.09	12:00:00	1.06837	1.07487	1.06806	1.07398	14126	0	8
2023.01.09	16:00:00	1.07399	1.07602	1.07374	1.07512	8664	0	8
2023.01.09	20:00:00	1.07511	1.07533	1.07273	1.07324	3703	0	8
2023.01.10	00:00:00	1.07322	1.07420	1.07204	1.07319	6570	0	8
2023.01.10	04:00:00	1.07320	1.07435	1.07217	1.07313	6544	0	8
2023.01.10	08:00:00	1.07314	1.07515	1.07291	1.07346	9841	0	8
2023.01.10	12:00:00	1.07348	1.07589	1.07118	1.07272	17936	0	8
2023.01.10	16:00:00	1.07274	1.07434	1.07238	1.07406	8041	0	8
2023.01.10	20:00:00	1.07405	1.07437	1.07302	1.07381	2076	0	8
2023.01.11	00:00:00	1.07380	1.07447	1.07253	1.07333	3951	0	8
2023.01.11	04:00:00	1.07335	1.07571	1.07317	1.07462	4880	0	8
2023.01.11	08:00:00	1.07465	1.07548	1.07250	1.07478	9527	0	8
2023.01.11	12:00:00	1.07479	1.07759	1.07277	1.07545	13157	0	8
2023.01.11	16:00:00	1.07546	1.07677	1.07345	1.07629	8519	0	8
2023.01.11	20:00:00	1.07626	1.07655	1.07507	1.07650	2545	0	8
2023.01.12	00:00:00	1.07652	1.07741	1.07598	1.07683	4485	0	8
2023.01.12	04:00:00	1.07681	1.07747	1.07552	1.07622	4236	0	8
2023.01.12	08:00:00	1.07623	1.07731	1.07424	1.07613	9804	0	8
2023.01.12	12:00:00	1.07611	1.08370	1.07271	1.08064	47896	0	8
2023.01.12	16:00:00	1.08064	1.08665	1.08020	1.08488	14999	0	8
2023.01.12	20:00:00	1.08487	1.08592	1.08410	1.08592	2729	0	8
2023.01.13	00:00:00	1.08591	1.08674	1.08314	1.08452	6434	0	8
2023.01.13	04:00:00	1.08451	1.08504	1.08314	1.08483	6517	0	8
2023.01.13	08:00:00	1.08485	1.08639	1.08078	1.08116	12623	0	8
2023.01.13	12:00:00	1.08114	1.08382	1.07800	1.08290	17702	0	8
2023.01.13	16:00:00	1.08288	1.08348	1.08007	1.08288	8526	0	8
2023.01.13	20:00:00	1.08287	1.08354	1.08266	1.08320	1262	0	8
2023.01.15	20:00:00	1.08315	1.08329	1.08185	1.08222	844	0	10
2023.01.16	00:00:00	1.08223	1.08738	1.08209	1.08598	5433	0	8
2023.01.16	04:00:00	1.08596	1.08636	1.08263	1.08306	5247	0	8
2023.01.16	08:00:00	1.08304	1.08361	1.08012	1.08266	9973	0	8
2023.01.16	12:00:00	1.08264	1.08289	1.08056	1.08246	6787	0	8
2023.01.16	16:00:00	1.08248	1.08261	1.08104	1.08180	2167	0	8
2023.01.16	20:00:00	1.08181	1.08282	1.08069	1.08282	1060	0	30
2023.01.17	00:00:00	1.08283	1.08323	1.08059	1.08247	5429	0	8
2023.01.17	04:00:00	1.08248	1.08350	1.08116	1.08277	6225	0	8
2023.01.17	08:00:00	1.08280	1.08383	1.08087	1.08319	11702	0	8
2023.01.17	12:00:00	1.08319	1.08690	1.07947	1.08013	25985	0	8
2023.01.17	16:00:00	1.08012	1.08087	1.07741	1.07931	9547	0	8
2023.01.17	20:00:00	1.07931	1.07965	1.07837	1.07891	2232	0	8
2023.01.18	00:00:00	1.07892	1.07989	1.07657	1.07726	10741	0	8
2023.01.18	04:00:00	1.07728	1.08360	1.07670	1.08250	11507	0	8
2023.01.18	08:00:00	1.08252	1.08709	1.08114	1.08148	13900	0	8
2023.01.18	12:00:00	1.08147	1.08869	1.08146	1.08329	28836	0	8
2023.01.18	16:00:00	1.08329	1.08355	1.07865	1.07947	12683	0	8
2023.01.18	20:00:00	1.07945	1.07970	1.07872	1.07970	2632	0	8
2023.01.19	00:00:00	1.07971	1.08051	1.07820	1.08002	4998	0	8
2023.01.19	04:00:00	1.07999	1.08136	1.07819	1.08073	6578	0	8
2023.01.19	08:00:00	1.08075	1.08377	1.08030	1.08215	11430	0	8
2023.01.19	12:00:00	1.08214	1.08268	1.07833	1.07888	18290	0	8
2023.01.19	16:00:00	1.07890	1.08352	1.07869	1.08304	9289	0	8
2023.01.19	20:00:00	1.08302	1.08395	1.08260	1.08317	2570	0	8
2023.01.20	00:00:00	1.08331	1.08437	1.08277	1.08338	3736	0	8
2023.01.20	04:00:00	1.08340	1.08460	1.08205	1.08398	5059	0	8
2023.01.20	08:00:00	1.08396	1.08584	1.08243	1.08245	10762	0	8
2023.01.20	12:00:00	1.08246	1.08472	1.08019	1.08307	12820	0	8
2023.01.20	16:00:00	1.08307	1.08582	1.08269	1.08534	7628	0	8
2023.01.20	20:00:00	1.08537	1.08579	1.08517	1.08553	1208	0	8
2023.01.22	20:00:00	1.08612	1.08676	1.08586	1.08637	844	0	10
2023.01.23	00:00:00	1.08640	1.09028	1.08640	1.08981	4993	0	8
2023.01.23	04:00:00	1.08982	1.09264	1.08869	1.09138	7120	0	8
2023.01.23	08:00:00	1.09136	1.09199	1.08786	1.08809	9843	0	8
2023.01.23	12:00:00	1.08807	1.08827	1.08458	1.08643	13938	0	8
2023.01.23	16:00:00	1.08641	1.08753	1.08471	1.08587	7370	0	8
2023.01.23	20:00:00	1.08587	1.08739	1.08568	1.08709	2312	0	8
2023.01.24	00:00:00	1.08712	1.08825	1.08673	1.08740	2591	0	8
2023.01.24	04:00:00	1.08742	1.08974	1.08691	1.08883	4037	0	8
2023.01.24	08:00:00	1.08885	1.08954	1.08514	1.08663	10806	0	8
2023.01.24	12:00:00	1.08662	1.08805	1.08348	1.08746	17082	0	8
2023.01.24	16:00:00	1.08748	1.08884	1.08667	1.08834	6801	0	8
2023.01.24	20:00:00	1.08835	1.08895	1.08787	1.08895	1792	0	8
2023.01.25	00:00:00	1.08894	1.09009	1.08806	1.08967	3450	0	8
2023.01.25	04:00:00	1.08969	1.09106	1.08783	1.08805	4871	0	8
2023.01.25	08:00:00	1.08803	1.08914	1.08569	1.08642	9425	0	8
2023.01.25	12:00:00	1.08644	1.09230	1.08582	1.09017	14600	0	8
2023.01.25	16:00:00	1.09016	1.09176	1.08737	1.09143	7707	0	8
2023.01.25	20:00:00	1.09140	1.09208	1.09062	1.09203	1667	0	8
2023.01.26	00:00:00	1.09205	1.09243	1.09066	1.09127	3033	0	8
2023.01.26	04:00:00	1.09125	1.09290	1.09062	1.09194	4750	0	8
2023.01.26	08:00:00	1.09192	1.09274	1.08922	1.09025	7907	0	8
2023.01.26	12:00:00	1.09023	1.09171	1.08505	1.08549	18039	0	8
2023.01.26	16:00:00	1.08549	1.08897	1.08501	1.08888	7881	0	8
2023.01.26	20:00:00	1.08886	1.08948	1.08861	1.08927	1913	0	8
2023.01.27	00:00:00	1.08929	1.08998	1.08702	1.08734	3337	0	8
2023.01.27	04:00:00	1.08732	1.08791	1.08653	1.08734	3431	0	8
2023.01.27	08:00:00	1.08734	1.08948	1.08653	1.08786	6559	0	8
2023.01.27	12:00:00	1.08788	1.08803	1.08374	1.08383	15124	0	8
2023.01.27	16:00:00	1.08380	1.08717	1.08379	1.08683	6829	0	8
2023.01.27	20:00:00	1.08683	1.08724	1.08637	1.08678	1096	0	8
2023.01.29	20:00:00	1.08581	1.08714	1.08579	1.08714	449	0	10
2023.01.30	00:00:00	1.08716	1.08752	1.08609	1.08682	3461	0	8
2023.01.30	04:00:00	1.08680	1.08789	1.08527	1.08592	5524	0	8
2023.01.30	08:00:00	1.08594	1.09132	1.08594	1.08958	9740	0	8
2023.01.30	12:00:00	1.08960	1.09107	1.08673	1.08704	11268	0	8
2023.01.30	16:00:00	1.08704	1.08742	1.08389	1.08457	6913	0	8
2023.01.30	20:00:00	1.08455	1.08541	1.08437	1.08495	1781	0	8
2023.01.31	00:00:00	1.08496	1.08597	1.08438	1.08442	3066	0	8
2023.01.31	04:00:00	1.08443	1.08492	1.08313	1.08437	4106	0	8
2023.01.31	08:00:00	1.08437	1.08444	1.08016	1.08356	9702	0	8
2023.01.31	12:00:00	1.08358	1.08639	1.08253	1.08597	17877	0	8
2023.01.31	16:00:00	1.08595	1.08744	1.08504	1.08633	6697	0	8
2023.01.31	20:00:00	1.08634	1.08727	1.08568	1.08603	1921	0	8
2023.02.01	00:00:00	1.08602	1.08636	1.08519	1.08623	2374	0	8
2023.02.01	04:00:00	1.08622	1.08831	1.08622	1.08796	4069	0	8
2023.02.01	08:00:00	1.08798	1.08964	1.08694	1.08920	8035	0	8
2023.02.01	12:00:00	1.08922	1.09242	1.08870	1.09194	12830	0	8
2023.02.01	16:00:00	1.09192	1.09855	1.08884	1.09775	28277	0	8
2023.02.01	20:00:00	1.09776	1.10310	1.09692	1.10108	10885	0	8
2023.02.02	00:00:00	1.10123	1.10263	1.10059	1.10172	5370	0	8
2023.02.02	04:00:00	1.10171	1.10251	1.09911	1.09931	5347	0	8
2023.02.02	08:00:00	1.09930	1.10099	1.09802	1.09989	9485	0	8
2023.02.02	12:00:00	1.09991	1.10039	1.08851	1.09361	34592	0	8
2023.02.02	16:00:00	1.09361	1.09483	1.09049	1.09075	10459	0	8
2023.02.02	20:00:00	1.09076	1.09158	1.09027	1.09027	3238	0	8
2023.02.03	00:00:00	1.09042	1.09047	1.08875	1.08934	3729	0	8
2023.02.03	04:00:00	1.08936	1.09054	1.08816	1.08988	4871	0	8
2023.02.03	08:00:00	1.08991	1.09366	1.08842	1.09287	8973	0	8
2023.02.03	12:00:00	1.09287	1.09396	1.08089	1.08577	32415	0	8
2023.02.03	16:00:00	1.08579	1.08610	1.08018	1.08047	11384	0	0
2023.02.03	20:00:00	1.08046	1.08048	1.07928	1.07936	1845	0	0
2023.02.05	20:00:00	1.07835	1.07964	1.07819	1.07891	1137	0	10
2023.02.06	00:00:00	1.07889	1.07978	1.07809	1.07899	5784	0	8
2023.02.06	04:00:00	1.07899	1.07984	1.07795	1.07797	4820	0	8
2023.02.06	08:00:00	1.07798	1.07947	1.07564	1.07657	9849	0	8
2023.02.06	12:00:00	1.07656	1.07827	1.07217	1.07299	11810	0	8
2023.02.06	16:00:00	1.07298	1.07389	1.07089	1.07243	7007	0	8
2023.02.06	20:00:00	1.07244	1.07304	1.07184	1.07269	2353	0	8
2023.02.07	00:00:00	1.07285	1.07423	1.07276	1.07377	3393	0	8
2023.02.07	04:00:00	1.07377	1.07433	1.07228	1.07239	4749	0	8
2023.02.07	08:00:00	1.07237	1.07344	1.06965	1.07046	12179	0	8
2023.02.07	12:00:00	1.07046	1.07119	1.06689	1.06920	11328	0	8
2023.02.07	16:00:00	1.06922	1.07661	1.06871	1.07190	29709	0	8
2023.02.07	20:00:00	1.07189	1.07299	1.07079	1.07299	2129	0	8
2023.02.08	00:00:00	1.07297	1.07347	1.07227	1.07320	3003	0	8
2023.02.08	04:00:00	1.07319	1.07592	1.07236	1.07584	3957	0	8
2023.02.08	08:00:00	1.07581	1.07602	1.07327	1.07347	8112	0	8
2023.02.08	12:00:00	1.07346	1.07487	1.07134	1.07248	11227	0	8
2023.02.08	16:00:00	1.07246	1.07396	1.07184	1.07227	6914	0	8
2023.02.08	20:00:00	1.07227	1.07240	1.07075	1.07151	2036	0	8
2023.02.09	00:00:00	1.07150	1.07323	1.07094	1.07291	2743	0	8
2023.02.09	04:00:00	1.07291	1.07442	1.07237	1.07327	5171	0	8
2023.02.09	08:00:00	1.07327	1.07779	1.07322	1.07626	8185	0	8
2023.02.09	12:00:00	1.07627	1.07902	1.07587	1.07625	10354	0	8
2023.02.09	16:00:00	1.07624	1.07629	1.07328	1.07369	7952	0	8
2023.02.09	20:00:00	1.07369	1.07397	1.07311	1.07388	1741	0	8
2023.02.10	00:00:00	1.07389	1.07389	1.07173	1.07204	3084	0	8
2023.02.10	04:00:00	1.07204	1.07442	1.07170	1.07406	6469	0	8
2023.02.10	08:00:00	1.07408	1.07522	1.06913	1.06982	12729	0	8
2023.02.10	12:00:00	1.06983	1.07064	1.06742	1.06764	13019	0	8
2023.02.10	16:00:00	1.06762	1.06864	1.06660	1.06728	5090	0	8
2023.02.10	20:00:00	1.06730	1.06804	1.06729	1.06769	1042	0	8
2023.02.12	20:00:00	1.06805	1.06805	1.06694	1.06768	688	0	10
2023.02.13	00:00:00	1.06769	1.06784	1.06552	1.06604	4136	0	8
2023.02.13	04:00:00	1.06603	1.06894	1.06603	1.06826	4012	0	8
2023.02.13	08:00:00	1.06826	1.06850	1.06629	1.06753	6652	0	8
2023.02.13	12:00:00	1.06755	1.07269	1.06733	1.07192	10275	0	8
2023.02.13	16:00:00	1.07191	1.07296	1.07100	1.07168	5077	0	8
2023.02.13	20:00:00	1.07166	1.07306	1.07136	1.07306	1407	0	8
2023.02.14	00:00:00	1.07305	1.07363	1.07251	1.07341	3149	0	8
2023.02.14	04:00:00	1.07338	1.07461	1.07284	1.07316	3789	0	8
2023.02.14	08:00:00	1.07319	1.07664	1.07286	1.07547	7954	0	8
2023.02.14	12:00:00	1.07545	1.08043	1.07065	1.07153	42026	0	8
2023.02.14	16:00:00	1.07153	1.07451	1.07121	1.07390	14959	0	8
2023.02.14	20:00:00	1.07389	1.07418	1.07315	1.07332	2210	0	8
2023.02.15	00:00:00	1.07348	1.07441	1.07167	1.07176	3360	0	8
2023.02.15	04:00:00	1.07178	1.07206	1.06996	1.07077	5135	0	8
2023.02.15	08:00:00	1.07079	1.07326	1.07044	1.07108	7669	0	8
2023.02.15	12:00:00	1.07106	1.07176	1.06647	1.06756	18508	0	8
2023.02.15	16:00:00	1.06753	1.06872	1.06602	1.06805	7053	0	8
2023.02.15	20:00:00	1.06805	1.06910	1.06793	1.06910	1805	0	8
2023.02.16	00:00:00	1.06912	1.07144	1.06842	1.07091	4412	0	8
2023.02.16	04:00:00	1.07091	1.07101	1.06958	1.07088	3911	0	8
2023.02.16	08:00:00	1.07088	1.07218	1.06885	1.07047	7340	0	8
2023.02.16	12:00:00	1.07048	1.07083	1.06535	1.06726	18456	0	8
2023.02.16	16:00:00	1.06727	1.06970	1.06680	1.06900	8062	0	8
2023.02.16	20:00:00	1.06898	1.06904	1.06606	1.06653	4847	0	8
2023.02.17	00:00:00	1.06651	1.06652	1.06482	1.06524	3032	0	8
2023.02.17	04:00:00	1.06522	1.06526	1.06292	1.06438	4440	0	8
2023.02.17	08:00:00	1.06436	1.06609	1.06235	1.06251	8183	0	8
2023.02.17	12:00:00	1.06253	1.06817	1.06124	1.06619	14162	0	8
2023.02.17	16:00:00	1.06617	1.06965	1.06566	1.06959	7562	0	8
2023.02.17	20:00:00	1.06957	1.06979	1.06924	1.06941	1536	0	8
2023.02.19	20:00:00	1.06852	1.06908	1.06808	1.06835	583	0	10
2023.02.20	00:00:00	1.06836	1.06863	1.06728	1.06814	2564	0	8
2023.02.20	04:00:00	1.06813	1.07032	1.06811	1.07011	3434	0	8
2023.02.20	08:00:00	1.07012	1.07041	1.06778	1.06847	5489	0	8
2023.02.20	12:00:00	1.06848	1.06933	1.06698	1.06857	4941	0	9
2023.02.20	16:00:00	1.06859	1.06901	1.06827	1.06862	1095	0	9
2023.02.20	20:00:00	1.06858	1.06875	1.06761	1.06819	906	0	10
2023.02.21	00:00:00	1.06818	1.06845	1.06617	1.06663	3429	0	8
2023.02.21	04:00:00	1.06664	1.06735	1.06597	1.06691	3555	0	8
2023.02.21	08:00:00	1.06693	1.06880	1.06424	1.06569	12116	0	8
2023.02.21	12:00:00	1.06569	1.06976	1.06435	1.06849	15800	0	8
2023.02.21	16:00:00	1.06849	1.06851	1.06371	1.06481	6784	0	8
2023.02.21	20:00:00	1.06483	1.06521	1.06429	1.06508	2007	0	8
2023.02.22	00:00:00	1.06507	1.06635	1.06483	1.06593	4125	0	8
2023.02.22	04:00:00	1.06591	1.06629	1.06508	1.06532	3125	0	8
2023.02.22	08:00:00	1.06530	1.06573	1.06243	1.06297	8965	0	8
2023.02.22	12:00:00	1.06299	1.06599	1.06246	1.06264	11589	0	8
2023.02.22	16:00:00	1.06264	1.06355	1.05988	1.06004	12282	0	8
2023.02.22	20:00:00	1.06005	1.06074	1.05987	1.06050	2081	0	8
2023.02.23	00:00:00	1.06052	1.06243	1.06051	1.06221	2364	0	8
2023.02.23	04:00:00	1.06219	1.06273	1.06100	1.06158	3394	0	8
2023.02.23	08:00:00	1.06160	1.06171	1.05854	1.06035	7246	0	8
2023.02.23	12:00:00	1.06033	1.06205	1.05872	1.05965	15371	0	8
2023.02.23	16:00:00	1.05963	1.06024	1.05768	1.05950	6887	0	8
2023.02.23	20:00:00	1.05952	1.06026	1.05893	1.05971	1445	0	8
2023.02.24	00:00:00	1.05973	1.06138	1.05931	1.05995	4936	0	8
2023.02.24	04:00:00	1.05994	1.06017	1.05882	1.05891	3500	0	8
2023.02.24	08:00:00	1.05889	1.05955	1.05730	1.05791	6979	0	8
2023.02.24	12:00:00	1.05793	1.05793	1.05357	1.05415	22321	0	8
2023.02.24	16:00:00	1.05417	1.05593	1.05397	1.05503	7656	0	8
2023.02.24	20:00:00	1.05501	1.05552	1.05436	1.05451	1413	0	8
2023.02.26	20:00:00	1.05443	1.05533	1.05440	1.05529	394	0	10
2023.02.27	00:00:00	1.05530	1.05594	1.05397	1.05439	3509	0	8
2023.02.27	04:00:00	1.05440	1.05524	1.05326	1.05474	4642	0	8
2023.02.27	08:00:00	1.05476	1.05687	1.05476	1.05618	7054	0	8
2023.02.27	12:00:00	1.05620	1.06196	1.05491	1.06007	11171	0	8
2023.02.27	16:00:00	1.06008	1.06124	1.05792	1.06071	6061	0	8
2023.02.27	20:00:00	1.06069	1.06098	1.06008	1.06076	1786	0	8
2023.02.28	00:00:00	1.06092	1.06145	1.05853	1.05921	2959	0	8
2023.02.28	04:00:00	1.05920	1.05964	1.05815	1.05929	4597	0	8
2023.02.28	08:00:00	1.05931	1.06252	1.05931	1.06088	9945	0	8
2023.02.28	12:00:00	1.06085	1.06446	1.06012	1.06047	13027	0	8
2023.02.28	16:00:00	1.06049	1.06164	1.05821	1.05833	7436	0	8
2023.02.28	20:00:00	1.05831	1.05832	1.05725	1.05764	1926	0	8
2023.03.01	00:00:00	1.05765	1.05951	1.05649	1.05930	3869	0	8
2023.03.01	04:00:00	1.05928	1.06446	1.05878	1.06411	5884	0	8
2023.03.01	08:00:00	1.06409	1.06735	1.06254	1.06692	11974	0	8
2023.03.01	12:00:00	1.06691	1.06910	1.06430	1.06718	16298	0	8
2023.03.01	16:00:00	1.06718	1.06781	1.06461	1.06567	8214	0	8
2023.03.01	20:00:00	1.06569	1.06709	1.06558	1.06680	1832	0	8
2023.03.02	00:00:00	1.06682	1.06723	1.06444	1.06454	4471	0	8
2023.03.02	04:00:00	1.06454	1.06504	1.06319	1.06361	4389	0	8
2023.03.02	08:00:00	1.06359	1.06425	1.06126	1.06245	10424	0	8
2023.03.02	12:00:00	1.06247	1.06306	1.05815	1.06081	15166	0	8
2023.03.02	16:00:00	1.06083	1.06124	1.05761	1.05900	7230	0	8
2023.03.02	20:00:00	1.05899	1.06061	1.05857	1.05981	2171	0	8
2023.03.03	00:00:00	1.05979	1.06145	1.05964	1.06059	3889	0	8
2023.03.03	04:00:00	1.06059	1.06227	1.06049	1.06095	3856	0	8
2023.03.03	08:00:00	1.06096	1.06288	1.06001	1.06141	7997	0	8
2023.03.03	12:00:00	1.06143	1.06292	1.05879	1.05973	13141	0	8
2023.03.03	16:00:00	1.05973	1.06351	1.05923	1.06344	6432	0	8
2023.03.03	20:00:00	1.06342	1.06382	1.06299	1.06336	1266	0	8
2023.03.05	20:00:00	1.06252	1.06269	1.06202	1.06238	514	0	40
2023.03.06	00:00:00	1.06253	1.06496	1.06237	1.06454	3865	0	8
2023.03.06	04:00:00	1.06453	1.06564	1.06369	1.06480	4334	0	8
2023.03.06	08:00:00	1.06479	1.06569	1.06218	1.06391	8715	0	8
2023.03.06	12:00:00	1.06394	1.06890	1.06319	1.06783	11630	0	8
2023.03.06	16:00:00	1.06781	1.06939	1.06680	1.06752	5737	0	8
2023.03.06	20:00:00	1.06751	1.06848	1.06717	1.06837	1777	0	8
2023.03.07	00:00:00	1.06851	1.06921	1.06760	1.06906	3311	0	8
2023.03.07	04:00:00	1.06905	1.06939	1.06742	1.06851	4274	0	8
2023.03.07	08:00:00	1.06850	1.06860	1.06539	1.06562	8193	0	8
2023.03.07	12:00:00	1.06564	1.06716	1.05735	1.05850	21264	0	8
2023.03.07	16:00:00	1.05848	1.05956	1.05456	1.05512	13616	0	8
2023.03.07	20:00:00	1.05515	1.05568	1.05458	1.05464	1878	0	8
2023.03.08	00:00:00	1.05479	1.05501	1.05273	1.05289	3287	0	8
2023.03.08	04:00:00	1.05291	1.05465	1.05240	1.05433	4244	0	8
2023.03.08	08:00:00	1.05431	1.05482	1.05337	1.05373	6895	0	8
2023.03.08	12:00:00	1.05372	1.05734	1.05292	1.05522	17817	0	8
2023.03.08	16:00:00	1.05524	1.05673	1.05394	1.05456	8394	0	8
2023.03.08	20:00:00	1.05454	1.05496	1.05355	1.05470	1505	0	8
2023.03.09	00:00:00	1.05485	1.05528	1.05377	1.05489	2441	0	8
2023.03.09	04:00:00	1.05489	1.05593	1.05456	1.05558	2737	0	8
2023.03.09	08:00:00	1.05558	1.05810	1.05478	1.05707	6381	0	8
2023.03.09	12:00:00	1.05704	1.05860	1.05521	1.05682	12311	0	8
2023.03.09	16:00:00	1.05682	1.05907	1.05633	1.05755	7654	0	8
2023.03.09	20:00:00	1.05753	1.05836	1.05721	1.05836	3178	0	8
2023.03.10	00:00:00	1.05851	1.05990	1.05792	1.05964	5719	0	8
2023.03.10	04:00:00	1.05963	1.06061	1.05808	1.05943	5107	0	8
2023.03.10	08:00:00	1.05945	1.06032	1.05736	1.05893	9875	0	8
2023.03.10	12:00:00	1.05891	1.07003	1.05804	1.06870	34390	0	8
2023.03.10	16:00:00	1.06869	1.06869	1.06355	1.06432	16062	0	8
2023.03.10	20:00:00	1.06431	1.06476	1.06363	1.06389	3441	0	8
2023.03.12	20:00:00	1.06727	1.07022	1.06722	1.06807	7564	0	10
2023.03.13	00:00:00	1.06810	1.07363	1.06638	1.07166	12622	0	8
2023.03.13	04:00:00	1.07168	1.07368	1.07129	1.07248	7519	0	8
2023.03.13	08:00:00	1.07249	1.07285	1.06570	1.06635	28035	0	8
2023.03.13	12:00:00	1.06637	1.07330	1.06498	1.07328	35602	0	8
2023.03.13	16:00:00	1.07326	1.07481	1.07206	1.07294	13943	0	8
2023.03.13	20:00:00	1.07292	1.07327	1.07223	1.07226	1857	0	8
2023.03.14	00:00:00	1.07228	1.07237	1.06985	1.07023	5389	0	8
2023.03.14	04:00:00	1.07024	1.07150	1.06784	1.06894	9243	0	8
2023.03.14	08:00:00	1.06892	1.07275	1.06826	1.07215	13512	0	8
2023.03.14	12:00:00	1.07217	1.07478	1.06968	1.07208	33026	0	8
2023.03.14	16:00:00	1.07207	1.07491	1.07101	1.07411	11936	0	8
2023.03.14	20:00:00	1.07413	1.07418	1.07251	1.07265	1140	0	8
2023.03.15	00:00:00	1.07266	1.07593	1.07250	1.07508	4149	0	8
2023.03.15	04:00:00	1.07508	1.07535	1.07273	1.07369	5702	0	8
2023.03.15	08:00:00	1.07372	1.07431	1.05802	1.05872	23155	0	8
2023.03.15	12:00:00	1.05872	1.05931	1.05158	1.05335	31219	0	8
2023.03.15	16:00:00	1.05334	1.05920	1.05271	1.05799	24015	0	8
2023.03.15	20:00:00	1.05801	1.05884	1.05712	1.05813	2041	0	8
2023.03.16	00:00:00	1.05812	1.05985	1.05727	1.05983	8041	0	8
2023.03.16	04:00:00	1.05981	1.06277	1.05924	1.06246	6901	0	8
2023.03.16	08:00:00	1.06248	1.06352	1.05999	1.06127	13713	0	8
2023.03.16	12:00:00	1.06126	1.06262	1.05508	1.06210	40296	0	8
2023.03.16	16:00:00	1.06210	1.06247	1.05912	1.06143	11383	0	8
2023.03.16	20:00:00	1.06141	1.06168	1.06061	1.06131	1391	0	8
2023.03.17	00:00:00	1.06133	1.06443	1.06112	1.06398	4062	0	8
2023.03.17	04:00:00	1.06397	1.06688	1.06386	1.06620	5243	0	8
2023.03.17	08:00:00	1.06622	1.06695	1.06151	1.06292	10636	0	8
2023.03.17	12:00:00	1.06290	1.06475	1.06119	1.06459	14512	0	8
2023.03.17	16:00:00	1.06457	1.06847	1.06418	1.06607	7891	0	8
2023.03.17	20:00:00	1.06609	1.06653	1.06581	1.06652	708	0	8
2023.03.19	20:00:00	1.06798	1.06866	1.06645	1.06802	1446	0	10
2023.03.20	00:00:00	1.06803	1.06896	1.06643	1.06688	5757	0	8
2023.03.20	04:00:00	1.06688	1.06806	1.06414	1.06550	11443	0	8
2023.03.20	08:00:00	1.06552	1.07083	1.06309	1.07066	16398	0	8
2023.03.20	12:00:00	1.07066	1.07303	1.07013	1.07208	11930	0	8
2023.03.20	16:00:00	1.07205	1.07279	1.07066	1.07225	5586	0	8
2023.03.20	20:00:00	1.07227	1.07240	1.07153	1.07181	1007	0	8
2023.03.21	00:00:00	1.07183	1.07255	1.07138	1.07155	3550	0	8
2023.03.21	04:00:00	1.07153	1.07215	1.07036	1.07186	4258	0	8
2023.03.21	08:00:00	1.07186	1.07841	1.07157	1.07782	10215	0	8
2023.03.21	12:00:00	1.07782	1.07881	1.07605	1.07683	9678	0	8
2023.03.21	16:00:00	1.07683	1.07779	1.07558	1.07689	5094	0	8
2023.03.21	20:00:00	1.07690	1.07733	1.07646	1.07722	882	0	8
2023.03.22	00:00:00	1.07722	1.07763	1.07650	1.07695	3239	0	8
2023.03.22	04:00:00	1.07694	1.07746	1.07587	1.07654	3726	0	8
2023.03.22	08:00:00	1.07654	1.07976	1.07646	1.07967	7968	0	8
2023.03.22	12:00:00	1.07966	1.07997	1.07753	1.07906	7432	0	8
2023.03.22	16:00:00	1.07909	1.09119	1.07881	1.08650	32891	0	8
2023.03.22	20:00:00	1.08648	1.08713	1.08509	1.08684	2040	0	8
2023.03.23	00:00:00	1.08686	1.09051	1.08682	1.09005	5284	0	8
2023.03.23	04:00:00	1.09004	1.09293	1.08946	1.09058	7436	0	8
2023.03.23	08:00:00	1.09058	1.09099	1.08664	1.08753	10382	0	8
2023.03.23	12:00:00	1.08755	1.09074	1.08693	1.08895	11180	0	8
2023.03.23	16:00:00	1.08893	1.08983	1.08238	1.08395	12647	0	8
2023.03.23	20:00:00	1.08393	1.08403	1.08253	1.08342	1711	0	8
2023.03.24	00:00:00	1.08344	1.08347	1.08169	1.08281	5102	0	8
2023.03.24	04:00:00	1.08282	1.08366	1.08224	1.08278	4375	0	8
2023.03.24	08:00:00	1.08278	1.08305	1.07128	1.07377	23414	0	8
2023.03.24	12:00:00	1.07375	1.07671	1.07227	1.07608	16397	0	8
2023.03.24	16:00:00	1.07608	1.07672	1.07510	1.07585	5509	0	8
2023.03.24	20:00:00	1.07585	1.07624	1.07578	1.07596	470	0	8
2023.03.26	20:00:00	1.07686	1.07782	1.07637	1.07773	1527	0	10
2023.03.27	00:00:00	1.07771	1.07772	1.07573	1.07712	4123	0	8
2023.03.27	04:00:00	1.07710	1.07817	1.07447	1.07506	6820	0	8
2023.03.27	08:00:00	1.07504	1.07804	1.07490	1.07712	7668	0	8
2023.03.27	12:00:00	1.07714	1.07945	1.07676	1.07876	9136	0	8
2023.03.27	16:00:00	1.07874	1.07983	1.07858	1.07969	3292	0	8
2023.03.27	20:00:00	1.07968	1.08072	1.07943	1.08058	753	0	8
2023.03.28	00:00:00	1.08060	1.08188	1.08032	1.08147	3538	0	8
2023.03.28	04:00:00	1.08146	1.08334	1.08058	1.08200	5574	0	8
2023.03.28	08:00:00	1.08198	1.08362	1.08099	1.08309	6306	0	8
2023.03.28	12:00:00	1.08309	1.08464	1.08161	1.08424	9077	0	8
2023.03.28	16:00:00	1.08425	1.08480	1.08311	1.08473	3169	0	8
2023.03.28	20:00:00	1.08471	1.08471	1.08361	1.08385	853	0	8
2023.03.29	00:00:00	1.08386	1.08492	1.08343	1.08361	3074	0	8
2023.03.29	04:00:00	1.08362	1.08434	1.08173	1.08365	4919	0	8
2023.03.29	08:00:00	1.08366	1.08709	1.08263	1.08546	6745	0	8
2023.03.29	12:00:00	1.08548	1.08595	1.08242	1.08247	10549	0	8
2023.03.29	16:00:00	1.08247	1.08477	1.08231	1.08389	3604	0	8
2023.03.29	20:00:00	1.08390	1.08466	1.08376	1.08422	950	0	8
2023.03.30	00:00:00	1.08425	1.08429	1.08260	1.08326	2999	0	8
2023.03.30	04:00:00	1.08327	1.08574	1.08231	1.08542	6954	0	8
2023.03.30	08:00:00	1.08541	1.08840	1.08501	1.08784	7261	0	8
2023.03.30	12:00:00	1.08776	1.09258	1.08772	1.08978	11014	0	8
2023.03.30	16:00:00	1.08976	1.09073	1.08918	1.09065	3159	0	8
2023.03.30	20:00:00	1.09065	1.09070	1.09005	1.09038	786	0	8
2023.03.31	00:00:00	1.09037	1.09251	1.09011	1.09065	4030	0	8
2023.03.31	04:00:00	1.09063	1.09103	1.08796	1.08841	5252	0	8
2023.03.31	08:00:00	1.08843	1.08955	1.08638	1.08667	8507	0	8
2023.03.31	12:00:00	1.08668	1.09013	1.08571	1.08714	12052	0	8
2023.03.31	16:00:00	1.08715	1.08720	1.08427	1.08451	4366	0	8
2023.03.31	20:00:00	1.08452	1.08458	1.08365	1.08420	538	0	8
2023.04.02	20:00:00	1.08405	1.08425	1.08009	1.08024	2157	0	10
2023.04.03	00:00:00	1.08023	1.08164	1.07878	1.07896	5143	0	8
2023.04.03	04:00:00	1.07898	1.08413	1.07886	1.08387	5810	0	8
2023.04.03	08:00:00	1.08385	1.08773	1.08297	1.08762	7771	0	8
2023.04.03	12:00:00	1.08760	1.09162	1.08614	1.08899	12951	0	8
2023.04.03	16:00:00	1.08899	1.09070	1.08797	1.09058	3718	0	8
2023.04.03	20:00:00	1.09056	1.09090	1.08996	1.09064	842	0	8
2023.04.04	00:00:00	1.09066	1.09094	1.08882	1.08884	3029	0	8
2023.04.04	04:00:00	1.08883	1.09367	1.08825	1.09248	6784	0	8
2023.04.04	08:00:00	1.09249	1.09354	1.08954	1.08970	7680	0	8
2023.04.04	12:00:00	1.08972	1.09726	1.08865	1.09502	13926	0	8
2023.04.04	16:00:00	1.09501	1.09573	1.09429	1.09568	3466	0	8
2023.04.04	20:00:00	1.09568	1.09610	1.09501	1.09573	891	0	8
2023.04.05	00:00:00	1.09575	1.09691	1.09552	1.09592	3537	0	8
2023.04.05	04:00:00	1.09593	1.09668	1.09462	1.09500	4391	0	8
2023.04.05	08:00:00	1.09498	1.09598	1.09346	1.09406	5579	0	8
2023.04.05	12:00:00	1.09405	1.09664	1.09023	1.09168	14440	0	8
2023.04.05	16:00:00	1.09170	1.09194	1.08906	1.09031	3268	0	8
2023.04.05	20:00:00	1.09032	1.09091	1.08959	1.09026	797	0	8
2023.04.06	00:00:00	1.09028	1.09042	1.08843	1.08914	2520	0	8
2023.04.06	04:00:00	1.08916	1.09168	1.08893	1.09063	4600	0	8
2023.04.06	08:00:00	1.09062	1.09164	1.08920	1.09148	5447	0	8
2023.04.06	12:00:00	1.09146	1.09278	1.08856	1.09256	9371	0	8
2023.04.06	16:00:00	1.09256	1.09371	1.09211	1.09225	2440	0	8
2023.04.06	20:00:00	1.09223	1.09230	1.09018	1.09158	607	0	8
2023.04.07	00:00:00	1.09166	1.09207	1.09103	1.09158	1226	0	64
2023.04.07	04:00:00	1.09156	1.09179	1.09075	1.09139	1415	0	32
2023.04.07	08:00:00	1.09135	1.09209	1.09096	1.09165	1537	0	16
2023.04.07	12:00:00	1.09167	1.09169	1.08755	1.09108	5830	0	16
2023.04.07	16:00:00	1.09107	1.09116	1.09000	1.09021	1782	0	16
2023.04.07	20:00:00	1.09017	1.09055	1.08893	1.08899	611	0	64
2023.04.09	20:00:00	1.08971	1.09130	1.08965	1.09126	741	0	10
2023.04.10	00:00:00	1.09127	1.09140	1.08965	1.08988	2071	0	8
2023.04.10	04:00:00	1.08989	1.09166	1.08904	1.09162	2457	0	8
2023.04.10	08:00:00	1.09165	1.09168	1.08860	1.08886	3325	0	8
2023.04.10	12:00:00	1.08884	1.08909	1.08310	1.08387	9897	0	8
2023.04.10	16:00:00	1.08388	1.08626	1.08377	1.08625	2429	0	8
2023.04.10	20:00:00	1.08625	1.08695	1.08566	1.08685	595	0	8
2023.04.11	00:00:00	1.08686	1.08872	1.08667	1.08810	2963	0	8
2023.04.11	04:00:00	1.08812	1.09041	1.08805	1.08949	4793	0	8
2023.04.11	08:00:00	1.08948	1.09263	1.08941	1.09048	5864	0	8
2023.04.11	12:00:00	1.09046	1.09275	1.09019	1.09043	7371	0	8
2023.04.11	16:00:00	1.09045	1.09165	1.08958	1.09137	2616	0	8
2023.04.11	20:00:00	1.09136	1.09167	1.09097	1.09158	530	0	8
2023.04.12	00:00:00	1.09159	1.09283	1.09143	1.09239	2211	0	8
2023.04.12	04:00:00	1.09237	1.09368	1.09156	1.09262	3915	0	8
2023.04.12	08:00:00	1.09264	1.09355	1.09177	1.09220	4635	0	8
2023.04.12	12:00:00	1.09222	1.09995	1.09194	1.09862	17239	0	8
2023.04.12	16:00:00	1.09860	1.09999	1.09847	1.09879	4262	0	8
2023.04.12	20:00:00	1.09881	1.09990	1.09863	1.09964	747	0	8
2023.04.13	00:00:00	1.09963	1.10046	1.09835	1.09881	3585	0	8
2023.04.13	04:00:00	1.09881	1.10002	1.09763	1.09988	4097	0	8
2023.04.13	08:00:00	1.09989	1.10312	1.09989	1.10096	6262	0	8
2023.04.13	12:00:00	1.10096	1.10673	1.10080	1.10527	11982	0	8
2023.04.13	16:00:00	1.10525	1.10594	1.10437	1.10461	2606	0	8
2023.04.13	20:00:00	1.10462	1.10512	1.10436	1.10512	536	0	8
2023.04.14	00:00:00	1.10514	1.10745	1.10484	1.10698	3206	0	8
2023.04.14	04:00:00	1.10698	1.10751	1.10590	1.10650	4028	0	8
2023.04.14	08:00:00	1.10648	1.10661	1.10474	1.10535	5054	0	8
2023.04.14	12:00:00	1.10537	1.10722	1.09749	1.09784	17066	0	8
2023.04.14	16:00:00	1.09784	1.09988	1.09721	1.09962	3847	0	8
2023.04.14	20:00:00	1.09959	1.09973	1.09922	1.09922	406	0	8
2023.04.16	20:00:00	1.09884	1.09937	1.09830	1.09840	772	0	10
2023.04.17	00:00:00	1.09842	1.09910	1.09612	1.09759	3095	0	8
2023.04.17	04:00:00	1.09757	1.09994	1.09753	1.09917	4324	0	8
2023.04.17	08:00:00	1.09915	1.09929	1.09638	1.09766	5924	0	8
2023.04.17	12:00:00	1.09764	1.09838	1.09088	1.09134	12017	0	8
2023.04.17	16:00:00	1.09136	1.09307	1.09102	1.09305	2753	0	8
2023.04.17	20:00:00	1.09303	1.09303	1.09215	1.09241	535	0	8
2023.04.18	00:00:00	1.09242	1.09386	1.09220	1.09355	3129	0	8
2023.04.18	04:00:00	1.09353	1.09705	1.09335	1.09701	5003	0	8
2023.04.18	08:00:00	1.09699	1.09824	1.09654	1.09658	5869	0	8
2023.04.18	12:00:00	1.09660	1.09777	1.09426	1.09569	8994	0	8
2023.04.18	16:00:00	1.09569	1.09744	1.09545	1.09704	2615	0	8
2023.04.18	20:00:00	1.09702	1.09759	1.09626	1.09745	688	0	8
2023.04.19	00:00:00	1.09747	1.09836	1.09647	1.09736	2720	0	8
2023.04.19	04:00:00	1.09737	1.09741	1.09460	1.09623	6100	0	8
2023.04.19	08:00:00	1.09621	1.09628	1.09169	1.09308	8207	0	8
2023.04.19	12:00:00	1.09308	1.09790	1.09270	1.09527	8531	0	8
2023.04.19	16:00:00	1.09525	1.09664	1.09512	1.09544	3002	0	8
2023.04.19	20:00:00	1.09544	1.09569	1.09466	1.09513	824	0	8
2023.04.20	00:00:00	1.09514	1.09612	1.09491	1.09592	2900	0	8
2023.04.20	04:00:00	1.09590	1.09726	1.09495	1.09607	4936	0	8
2023.04.20	08:00:00	1.09606	1.09781	1.09533	1.09543	6532	0	8
2023.04.20	12:00:00	1.09545	1.09893	1.09330	1.09689	12080	0	8
2023.04.20	16:00:00	1.09691	1.09722	1.09559	1.09630	3447	0	8
2023.04.20	20:00:00	1.09632	1.09700	1.09514	1.09674	843	0	8
2023.04.21	00:00:00	1.09673	1.09728	1.09616	1.09637	2205	0	8
2023.04.21	04:00:00	1.09635	1.09635	1.09376	1.09560	5094	0	8
2023.04.21	08:00:00	1.09558	1.09853	1.09486	1.09810	6934	0	8
2023.04.21	12:00:00	1.09810	1.09932	1.09422	1.09715	12575	0	8
2023.04.21	16:00:00	1.09717	1.09897	1.09689	1.09897	3605	0	8
2023.04.21	20:00:00	1.09898	1.09924	1.09850	1.09885	460	0	8
2023.04.23	20:00:00	1.09878	1.09957	1.09859	1.09914	498	0	10
2023.04.24	00:00:00	1.09914	1.09946	1.09795	1.09813	2868	0	8
2023.04.24	04:00:00	1.09810	1.09879	1.09655	1.09866	4423	0	8
2023.04.24	08:00:00	1.09866	1.10200	1.09835	1.10018	7474	0	8
2023.04.24	12:00:00	1.10020	1.10365	1.09990	1.10254	9461	0	8
2023.04.24	16:00:00	1.10252	1.10497	1.10245	1.10429	2752	0	8
2023.04.24	20:00:00	1.10429	1.10566	1.10417	1.10566	712	0	8
2023.04.25	00:00:00	1.10567	1.10667	1.10512	1.10525	2932	0	8
2023.04.25	04:00:00	1.10524	1.10585	1.10243	1.10321	6693	0	8
2023.04.25	08:00:00	1.10323	1.10435	1.10093	1.10165	6179	0	8
2023.04.25	12:00:00	1.10165	1.10287	1.09682	1.09682	10560	0	8
2023.04.25	16:00:00	1.09680	1.09756	1.09638	1.09694	4790	0	8
2023.04.25	20:00:00	1.09695	1.09798	1.09566	1.09776	1329	0	8
2023.04.26	00:00:00	1.09778	1.09795	1.09681	1.09747	3479	0	8
2023.04.26	04:00:00	1.09749	1.10255	1.09719	1.10188	6205	0	8
2023.04.26	08:00:00	1.10187	1.10621	1.10156	1.10457	10996	0	8
2023.04.26	12:00:00	1.10459	1.10941	1.10353	1.10507	15475	0	8
2023.04.26	16:00:00	1.10505	1.10524	1.10320	1.10353	5080	0	8
2023.04.26	20:00:00	1.10351	1.10460	1.10332	1.10448	953	0	8
2023.04.27	00:00:00	1.10448	1.10534	1.10387	1.10453	2926	0	8
2023.04.27	04:00:00	1.10455	1.10630	1.10395	1.10493	5822	0	8
2023.04.27	08:00:00	1.10491	1.10588	1.10302	1.10340	6929	0	8
2023.04.27	12:00:00	1.10339	1.10562	1.09917	1.10150	17069	0	8
2023.04.27	16:00:00	1.10152	1.10294	1.10051	1.10238	3671	0	8
2023.04.27	20:00:00	1.10235	1.10335	1.10229	1.10312	1106	0	8
2023.04.28	00:00:00	1.10312	1.10391	1.10121	1.10190	4080	0	8
2023.04.28	04:00:00	1.10188	1.10359	1.09935	1.10082	9562	0	8
2023.04.28	08:00:00	1.10080	1.10091	1.09721	1.09735	8518	0	8
2023.04.28	12:00:00	1.09733	1.10446	1.09620	1.10393	18861	0	8
2023.04.28	16:00:00	1.10391	1.10403	1.10116	1.10190	4777	0	8
2023.04.28	20:00:00	1.10189	1.10198	1.10136	1.10170	535	0	8
2023.04.30	20:00:00	1.10174	1.10195	1.10090	1.10102	871	0	10
2023.05.01	00:00:00	1.10105	1.10140	1.10004	1.10135	2528	0	8
2023.05.01	04:00:00	1.10136	1.10138	1.09945	1.10029	4056	0	8
2023.05.01	08:00:00	1.10028	1.10134	1.09880	1.10129	4120	0	8
2023.05.01	12:00:00	1.10131	1.10350	1.09658	1.09690	10330	0	8
2023.05.01	16:00:00	1.09687	1.09752	1.09640	1.09724	3731	0	8
2023.05.01	20:00:00	1.09724	1.09764	1.09669	1.09683	1030	0	8
2023.05.02	00:00:00	1.09681	1.09940	1.09681	1.09837	2751	0	8
2023.05.02	04:00:00	1.09837	1.10062	1.09787	1.09853	6064	0	8
2023.05.02	08:00:00	1.09852	1.09861	1.09478	1.09672	9038	0	8
2023.05.02	12:00:00	1.09674	1.09970	1.09417	1.09962	13878	0	8
2023.05.02	16:00:00	1.09964	1.10076	1.09937	1.10053	3559	0	8
2023.05.02	20:00:00	1.10054	1.10133	1.09947	1.10103	912	0	8
2023.05.03	00:00:00	1.10104	1.10294	1.10045	1.10292	2353	0	8
2023.05.03	04:00:00	1.10290	1.10409	1.10139	1.10340	4401	0	8
2023.05.03	08:00:00	1.10342	1.10464	1.10292	1.10391	5594	0	8
2023.05.03	12:00:00	1.10393	1.10590	1.10198	1.10475	10962	0	8
2023.05.03	16:00:00	1.10474	1.10910	1.10369	1.10544	20161	0	8
2023.05.03	20:00:00	1.10541	1.10762	1.10513	1.10681	2196	0	8
2023.05.04	00:00:00	1.10683	1.10873	1.10683	1.10810	4310	0	8
2023.05.04	04:00:00	1.10808	1.10912	1.10517	1.10575	6635	0	8
2023.05.04	08:00:00	1.10573	1.10763	1.10362	1.10739	7769	0	8
2023.05.04	12:00:00	1.10741	1.10825	1.09856	1.10079	29869	0	8
2023.05.04	16:00:00	1.10077	1.10312	1.10077	1.10142	5898	0	8
2023.05.04	20:00:00	1.10142	1.10240	1.10072	1.10225	845	0	8
2023.05.05	00:00:00	1.10225	1.10441	1.10185	1.10435	2634	0	8
2023.05.05	04:00:00	1.10437	1.10473	1.10252	1.10264	5377	0	8
2023.05.05	08:00:00	1.10264	1.10314	1.10081	1.10089	5764	0	8
2023.05.05	12:00:00	1.10086	1.10264	1.09663	1.10242	16375	0	8
2023.05.05	16:00:00	1.10243	1.10361	1.10094	1.10177	4309	0	8
2023.05.05	20:00:00	1.10177	1.10193	1.10164	1.10181	383	0	8
2023.05.07	20:00:00	1.10159	1.10215	1.10126	1.10178	708	0	10
2023.05.08	00:00:00	1.10180	1.10396	1.10164	1.10387	2493	0	8
2023.05.08	04:00:00	1.10388	1.10501	1.10365	1.10488	3506	0	8
2023.05.08	08:00:00	1.10487	1.10533	1.10224	1.10346	5657	0	8
2023.05.08	12:00:00	1.10346	1.10438	1.10112	1.10191	6428	0	8
2023.05.08	16:00:00	1.10193	1.10288	1.09998	1.10013	2927	0	8
2023.05.08	20:00:00	1.10011	1.10042	1.09950	1.09962	660	0	8
2023.05.09	00:00:00	1.09960	1.09969	1.09846	1.09933	2692	0	8
2023.05.09	04:00:00	1.09935	1.10004	1.09724	1.09776	5315	0	8
2023.05.09	08:00:00	1.09774	1.09856	1.09587	1.09633	5131	0	8
2023.05.09	12:00:00	1.09633	1.09666	1.09407	1.09524	7821	0	8
2023.05.09	16:00:00	1.09522	1.09721	1.09488	1.09622	3520	0	8
2023.05.09	20:00:00	1.09621	1.09684	1.09467	1.09642	748	0	8
2023.05.10	00:00:00	1.09643	1.09767	1.09642	1.09758	2120	0	8
2023.05.10	04:00:00	1.09757	1.09820	1.09619	1.09643	4016	0	8
2023.05.10	08:00:00	1.09642	1.09643	1.09455	1.09487	5650	0	8
2023.05.10	12:00:00	1.09488	1.10064	1.09412	1.09648	17245	0	8
2023.05.10	16:00:00	1.09650	1.09844	1.09612	1.09822	3797	0	8
2023.05.10	20:00:00	1.09820	1.09867	1.09757	1.09826	557	0	8
2023.05.11	00:00:00	1.09824	1.09976	1.09732	1.09741	2792	0	8
2023.05.11	04:00:00	1.09740	1.09819	1.09237	1.09297	6958	0	8
2023.05.11	08:00:00	1.09298	1.09379	1.09176	1.09312	8496	0	8
2023.05.11	12:00:00	1.09314	1.09457	1.08997	1.09149	13224	0	8
2023.05.11	16:00:00	1.09152	1.09285	1.09104	1.09166	3055	0	8
2023.05.11	20:00:00	1.09164	1.09181	1.09111	1.09119	600	0	8
2023.05.12	00:00:00	1.09121	1.09248	1.09119	1.09219	2305	0	8
2023.05.12	04:00:00	1.09218	1.09349	1.09059	1.09073	4895	0	8
2023.05.12	08:00:00	1.09071	1.09168	1.08888	1.08917	5390	0	8
2023.05.12	12:00:00	1.08914	1.08970	1.08540	1.08552	8956	0	8
2023.05.12	16:00:00	1.08550	1.08564	1.08482	1.08515	2901	0	8
2023.05.12	20:00:00	1.08516	1.08516	1.08475	1.08491	321	0	8
2023.05.14	20:00:00	1.08511	1.08531	1.08437	1.08523	586	0	10
2023.05.15	00:00:00	1.08525	1.08638	1.08478	1.08595	2650	0	8
2023.05.15	04:00:00	1.08596	1.08766	1.08569	1.08736	3663	0	8
2023.05.15	08:00:00	1.08736	1.08801	1.08551	1.08773	4602	0	8
2023.05.15	12:00:00	1.08770	1.08902	1.08637	1.08730	7084	0	8
2023.05.15	16:00:00	1.08728	1.08784	1.08673	1.08745	2050	0	8
2023.05.15	20:00:00	1.08747	1.08758	1.08715	1.08732	516	0	8
2023.05.16	00:00:00	1.08734	1.08842	1.08681	1.08821	2169	0	8
2023.05.16	04:00:00	1.08821	1.08941	1.08625	1.08880	4559	0	8
2023.05.16	08:00:00	1.08882	1.09042	1.08846	1.08864	4582	0	8
2023.05.16	12:00:00	1.08866	1.08887	1.08546	1.08642	10080	0	8
2023.05.16	16:00:00	1.08642	1.08716	1.08577	1.08623	3145	0	8
2023.05.16	20:00:00	1.08625	1.08651	1.08592	1.08650	732	0	8
2023.05.17	00:00:00	1.08652	1.08731	1.08619	1.08651	2502	0	8
2023.05.17	04:00:00	1.08651	1.08672	1.08309	1.08312	4924	0	8
2023.05.17	08:00:00	1.08314	1.08476	1.08204	1.08248	5912	0	8
2023.05.17	12:00:00	1.08247	1.08385	1.08099	1.08290	9100	0	8
2023.05.17	16:00:00	1.08288	1.08487	1.08286	1.08395	3301	0	8
2023.05.17	20:00:00	1.08395	1.08406	1.08343	1.08374	693	0	8
2023.05.18	00:00:00	1.08373	1.08475	1.08346	1.08394	2640	0	8
2023.05.18	04:00:00	1.08396	1.08400	1.08088	1.08157	4000	0	8
2023.05.18	08:00:00	1.08159	1.08217	1.08050	1.08147	4898	0	8
2023.05.18	12:00:00	1.08148	1.08174	1.07628	1.07749	8616	0	8
2023.05.18	16:00:00	1.07751	1.07807	1.07621	1.07736	2977	0	8
2023.05.18	20:00:00	1.07736	1.07761	1.07663	1.07745	779	0	8
2023.05.19	00:00:00	1.07746	1.07797	1.07597	1.07680	3214	0	8
2023.05.19	04:00:00	1.07679	1.07915	1.07603	1.07773	4642	0	8
2023.05.19	08:00:00	1.07771	1.08089	1.07705	1.08083	6381	0	8
2023.05.19	12:00:00	1.08083	1.08262	1.07818	1.08187	12393	0	8
2023.05.19	16:00:00	1.08186	1.08283	1.07974	1.08056	3943	0	8
2023.05.19	20:00:00	1.08056	1.08078	1.08009	1.08058	414	0	8
2023.05.21	20:00:00	1.08051	1.08238	1.08044	1.08215	682	0	10
2023.05.22	00:00:00	1.08216	1.08295	1.08163	1.08204	3644	0	8
2023.05.22	04:00:00	1.08206	1.08238	1.07950	1.08066	5089	0	8
2023.05.22	08:00:00	1.08063	1.08291	1.07988	1.08213	5550	0	8
2023.05.22	12:00:00	1.08214	1.08308	1.07959	1.08048	9395	0	8
2023.05.22	16:00:00	1.08048	1.08212	1.08026	1.08109	3366	0	8
2023.05.22	20:00:00	1.08107	1.08134	1.08061	1.08100	1212	0	8
2023.05.23	00:00:00	1.08102	1.08201	1.08023	1.08077	2876	0	8
2023.05.23	04:00:00	1.08076	1.08126	1.07848	1.08030	5658	0	8
2023.05.23	08:00:00	1.08028	1.08076	1.07694	1.07725	6912	0	8
2023.05.23	12:00:00	1.07728	1.07950	1.07625	1.07705	11542	0	8
2023.05.23	16:00:00	1.07703	1.07803	1.07599	1.07671	3508	0	8
2023.05.23	20:00:00	1.07673	1.07732	1.07663	1.07688	736	0	8
2023.05.24	00:00:00	1.07686	1.07794	1.07673	1.07784	2817	0	8
2023.05.24	04:00:00	1.07784	1.07890	1.07699	1.07835	5696	0	8
2023.05.24	08:00:00	1.07836	1.07945	1.07478	1.07803	7815	0	8
2023.05.24	12:00:00	1.07804	1.08008	1.07544	1.07579	10537	0	8
2023.05.24	16:00:00	1.07579	1.07655	1.07491	1.07491	5715	0	8
2023.05.24	20:00:00	1.07493	1.07562	1.07403	1.07552	1003	0	8
2023.05.25	00:00:00	1.07553	1.07553	1.07357	1.07371	2926	0	8
2023.05.25	04:00:00	1.07372	1.07435	1.07137	1.07204	4981	0	8
2023.05.25	08:00:00	1.07206	1.07376	1.07193	1.07324	5641	0	8
2023.05.25	12:00:00	1.07323	1.07398	1.07070	1.07239	12032	0	8
2023.05.25	16:00:00	1.07237	1.07288	1.07110	1.07202	3312	0	8
2023.05.25	20:00:00	1.07203	1.07268	1.07203	1.07232	762	0	8
2023.05.26	00:00:00	1.07232	1.07382	1.07186	1.07371	2802	0	8
2023.05.26	04:00:00	1.07370	1.07440	1.07250	1.07402	4660	0	8
2023.05.26	08:00:00	1.07400	1.07582	1.07252	1.07521	5301	0	8
2023.05.26	12:00:00	1.07522	1.07569	1.07013	1.07118	13234	0	8
2023.05.26	16:00:00	1.07116	1.07323	1.07116	1.07292	2777	0	8
2023.05.26	20:00:00	1.07291	1.07296	1.07235	1.07256	446	0	8
2023.05.28	20:00:00	1.07187	1.07273	1.07164	1.07212	585	0	10
2023.05.29	00:00:00	1.07212	1.07350	1.07168	1.07301	1750	0	8
2023.05.29	04:00:00	1.07299	1.07431	1.07242	1.07277	2529	0	8
2023.05.29	08:00:00	1.07279	1.07289	1.07101	1.07101	2786	0	8
2023.05.29	12:00:00	1.07103	1.07153	1.07057	1.07135	2091	0	8
2023.05.29	16:00:00	1.07135	1.07144	1.07087	1.07088	487	0	8
2023.05.29	20:00:00	1.07087	1.07104	1.07050	1.07064	614	0	8
2023.05.30	00:00:00	1.07062	1.07258	1.07011	1.07061	3672	0	8
2023.05.30	04:00:00	1.07062	1.07082	1.06721	1.06898	6413	0	8
2023.05.30	08:00:00	1.06898	1.07442	1.06870	1.07436	7829	0	8
2023.05.30	12:00:00	1.07434	1.07461	1.07182	1.07211	8496	0	8
2023.05.30	16:00:00	1.07213	1.07299	1.07139	1.07296	2916	0	8
2023.05.30	20:00:00	1.07294	1.07346	1.07268	1.07313	991	0	8
2023.05.31	00:00:00	1.07311	1.07352	1.06940	1.06975	3552	0	8
2023.05.31	04:00:00	1.06973	1.07003	1.06695	1.06736	6549	0	8
2023.05.31	08:00:00	1.06734	1.06867	1.06583	1.06793	6268	0	8
2023.05.31	12:00:00	1.06795	1.07048	1.06507	1.06522	11979	0	8
2023.05.31	16:00:00	1.06525	1.06886	1.06349	1.06860	6532	0	8
2023.05.31	20:00:00	1.06860	1.06966	1.06825	1.06930	1373	0	8
2023.06.01	00:00:00	1.06931	1.06946	1.06800	1.06866	3565	0	8
2023.06.01	04:00:00	1.06866	1.06911	1.06614	1.06700	5301	0	8
2023.06.01	08:00:00	1.06698	1.07150	1.06641	1.07058	5893	0	8
2023.06.01	12:00:00	1.07056	1.07533	1.06840	1.07504	13707	0	8
2023.06.01	16:00:00	1.07506	1.07679	1.07474	1.07618	3415	0	8
2023.06.01	20:00:00	1.07620	1.07651	1.07567	1.07601	658	0	8
2023.06.02	00:00:00	1.07599	1.07686	1.07578	1.07676	2536	0	8
2023.06.02	04:00:00	1.07676	1.07786	1.07597	1.07615	4431	0	8
2023.06.02	08:00:00	1.07613	1.07765	1.07574	1.07574	4732	0	8
2023.06.02	12:00:00	1.07574	1.07704	1.07172	1.07227	14124	0	8
2023.06.02	16:00:00	1.07226	1.07232	1.07053	1.07074	3289	0	8
2023.06.02	20:00:00	1.07076	1.07084	1.07048	1.07074	257	0	8
2023.06.04	20:00:00	1.07064	1.07079	1.06935	1.06965	802	0	10
2023.06.05	00:00:00	1.06965	1.07042	1.06899	1.07021	2985	0	8
2023.06.05	04:00:00	1.07020	1.07034	1.06830	1.06894	4910	0	8
2023.06.05	08:00:00	1.06895	1.06985	1.06845	1.06892	4243	0	8
2023.06.05	12:00:00	1.06894	1.07219	1.06741	1.07201	9629	0	8
2023.06.05	16:00:00	1.07202	1.07208	1.07070	1.07120	2763	0	8
2023.06.05	20:00:00	1.07123	1.07136	1.07069	1.07109	910	0	8
2023.06.06	00:00:00	1.07108	1.07242	1.07095	1.07154	2031	0	8
2023.06.06	04:00:00	1.07156	1.07324	1.07069	1.07142	6813	0	8
2023.06.06	08:00:00	1.07142	1.07145	1.06760	1.06765	6408	0	8
2023.06.06	12:00:00	1.06766	1.06965	1.06666	1.06938	7252	0	8
2023.06.06	16:00:00	1.06940	1.06974	1.06818	1.06913	2143	0	8
2023.06.06	20:00:00	1.06914	1.06986	1.06895	1.06981	582	0	8
2023.06.07	00:00:00	1.06982	1.07039	1.06884	1.06923	2711	0	8
2023.06.07	04:00:00	1.06922	1.06951	1.06679	1.06837	4077	0	8
2023.06.07	08:00:00	1.06839	1.07226	1.06790	1.07153	5086	0	8
2023.06.07	12:00:00	1.07153	1.07392	1.06948	1.07008	9606	0	8
2023.06.07	16:00:00	1.07008	1.07061	1.06906	1.06932	3244	0	8
2023.06.07	20:00:00	1.06934	1.07067	1.06933	1.07065	933	0	8
2023.06.08	00:00:00	1.07067	1.07110	1.07026	1.07079	2259	0	8
2023.06.08	04:00:00	1.07077	1.07186	1.07006	1.07125	4244	0	8
2023.06.08	08:00:00	1.07125	1.07387	1.07095	1.07348	5043	0	8
2023.06.08	12:00:00	1.07351	1.07828	1.07330	1.07783	10813	0	8
2023.06.08	16:00:00	1.07784	1.07866	1.07733	1.07787	2973	0	8
2023.06.08	20:00:00	1.07785	1.07849	1.07783	1.07814	641	0	8
2023.06.09	00:00:00	1.07815	1.07848	1.07754	1.07776	2390	0	8
2023.06.09	04:00:00	1.07774	1.07834	1.07670	1.07752	3907	0	8
2023.06.09	08:00:00	1.07750	1.07812	1.07561	1.07728	4887	0	8
2023.06.09	12:00:00	1.07730	1.07836	1.07463	1.07476	8890	0	8
2023.06.09	16:00:00	1.07474	1.07518	1.07424	1.07437	2294	0	8
2023.06.09	20:00:00	1.07436	1.07494	1.07435	1.07482	384	0	8
2023.06.11	20:00:00	1.07461	1.07510	1.07413	1.07496	1041	0	10
2023.06.12	00:00:00	1.07497	1.07498	1.07328	1.07405	4002	0	8
2023.06.12	04:00:00	1.07403	1.07717	1.07386	1.07691	5944	0	8
2023.06.12	08:00:00	1.07691	1.07897	1.07610	1.07624	8969	0	8
2023.06.12	12:00:00	1.07623	1.07711	1.07426	1.07456	10803	0	8
2023.06.12	16:00:00	1.07456	1.07630	1.07434	1.07597	5494	0	8
2023.06.12	20:00:00	1.07598	1.07637	1.07538	1.07618	1547	0	8
2023.06.13	00:00:00	1.07619	1.07797	1.07589	1.07786	4425	0	8
2023.06.13	04:00:00	1.07786	1.08070	1.07759	1.07992	7821	0	8
2023.06.13	08:00:00	1.07993	1.08100	1.07915	1.07937	7699	0	8
2023.06.13	12:00:00	1.07939	1.08228	1.07779	1.07907	17952	0	8
2023.06.13	16:00:00	1.07907	1.08039	1.07826	1.07913	6376	0	8
2023.06.13	20:00:00	1.07913	1.07928	1.07843	1.07891	1459	0	8
2023.06.14	00:00:00	1.07891	1.07957	1.07854	1.07894	3750	0	8
2023.06.14	04:00:00	1.07895	1.07964	1.07737	1.07890	5638	0	8
2023.06.14	08:00:00	1.07891	1.08094	1.07855	1.08030	6346	0	8
2023.06.14	12:00:00	1.08030	1.08576	1.08029	1.08574	10244	0	8
2023.06.14	16:00:00	1.08572	1.08636	1.08010	1.08263	19869	0	8
2023.06.14	20:00:00	1.08261	1.08424	1.08243	1.08423	1932	0	8
2023.06.15	00:00:00	1.08425	1.08441	1.08079	1.08127	5448	0	8
2023.06.15	04:00:00	1.08127	1.08284	1.08034	1.08265	6843	0	8
2023.06.15	08:00:00	1.08265	1.08483	1.08174	1.08175	7644	0	8
2023.06.15	12:00:00	1.08173	1.09350	1.08141	1.09323	19847	0	8
2023.06.15	16:00:00	1.09322	1.09521	1.09317	1.09474	6318	0	8
2023.06.15	20:00:00	1.09472	1.09507	1.09407	1.09443	1693	0	8
2023.06.16	00:00:00	1.09447	1.09503	1.09352	1.09377	5224	0	8
2023.06.16	04:00:00	1.09379	1.09620	1.09335	1.09422	7346	0	8
2023.06.16	08:00:00	1.09422	1.09653	1.09378	1.09598	7949	0	8
2023.06.16	12:00:00	1.09599	1.09701	1.09176	1.09237	14900	0	8
2023.06.16	16:00:00	1.09238	1.09451	1.09236	1.09347	5574	0	8
2023.06.16	20:00:00	1.09349	1.09419	1.09343	1.09414	744	0	8
2023.06.18	20:00:00	1.09323	1.09425	1.09298	1.09394	1250	0	10
2023.06.19	00:00:00	1.09395	1.09459	1.09332	1.09365	4569	0	8
2023.06.19	04:00:00	1.09365	1.09408	1.09248	1.09290	6244	0	8
2023.06.19	08:00:00	1.09289	1.09383	1.09067	1.09208	6631	0	8
2023.06.19	12:00:00	1.09208	1.09291	1.09119	1.09215	6594	0	8
2023.06.19	16:00:00	1.09215	1.09259	1.09154	1.09180	1970	0	8
2023.06.19	20:00:00	1.09180	1.09242	1.09171	1.09231	1335	0	8
2023.06.20	00:00:00	1.09233	1.09257	1.09103	1.09193	5588	0	8
2023.06.20	04:00:00	1.09193	1.09458	1.09114	1.09434	7775	0	8
2023.06.20	08:00:00	1.09433	1.09444	1.09216	1.09283	7841	0	8
2023.06.20	12:00:00	1.09285	1.09354	1.08916	1.08993	12870	0	8
2023.06.20	16:00:00	1.08994	1.09172	1.08951	1.09121	5833	0	8
2023.06.20	20:00:00	1.09123	1.09210	1.09118	1.09194	1590	0	8
2023.06.21	00:00:00	1.09195	1.09207	1.09115	1.09144	5254	0	8
2023.06.21	04:00:00	1.09145	1.09193	1.09052	1.09125	8044	0	8
2023.06.21	08:00:00	1.09125	1.09334	1.09089	1.09240	8708	0	8
2023.06.21	12:00:00	1.09239	1.09637	1.09080	1.09503	14249	0	8
2023.06.21	16:00:00	1.09501	1.09894	1.09493	1.09875	6856	0	8
2023.06.21	20:00:00	1.09874	1.09917	1.09823	1.09911	1895	0	8
2023.06.22	00:00:00	1.09912	1.09944	1.09862	1.09924	3819	0	8
2023.06.22	04:00:00	1.09925	1.09997	1.09793	1.09940	7400	0	8
2023.06.22	08:00:00	1.09939	1.10119	1.09869	1.09889	10612	0	8
2023.06.22	12:00:00	1.09888	1.10013	1.09518	1.09522	13929	0	8
2023.06.22	16:00:00	1.09523	1.09612	1.09481	1.09576	6253	0	8
2023.06.22	20:00:00	1.09577	1.09581	1.09511	1.09551	1832	0	8
2023.06.23	00:00:00	1.09552	1.09581	1.09318	1.09352	5684	0	8
2023.06.23	04:00:00	1.09352	1.09366	1.08533	1.08683	11301	0	8
2023.06.23	08:00:00	1.08683	1.08789	1.08441	1.08758	10235	0	8
2023.06.23	12:00:00	1.08758	1.09020	1.08758	1.08858	14413	0	8
2023.06.23	16:00:00	1.08858	1.08958	1.08823	1.08909	5717	0	8
2023.06.23	20:00:00	1.08907	1.08955	1.08898	1.08930	763	0	8
2023.06.25	20:00:00	1.08973	1.09062	1.08938	1.09059	1395	0	10
2023.06.26	00:00:00	1.09060	1.09093	1.08985	1.09057	6021	0	8
2023.06.26	04:00:00	1.09057	1.09106	1.08951	1.09020	7087	0	8
2023.06.26	08:00:00	1.09019	1.09176	1.08869	1.09174	8211	0	8
2023.06.26	12:00:00	1.09172	1.09197	1.09024	1.09090	9488	0	8
2023.06.26	16:00:00	1.09089	1.09149	1.08995	1.09058	4921	0	8
2023.06.26	20:00:00	1.09057	1.09103	1.09021	1.09095	1318	0	8
2023.06.27	00:00:00	1.09096	1.09346	1.09016	1.09262	6203	0	8
2023.06.27	04:00:00	1.09262	1.09410	1.09158	1.09392	7095	0	8
2023.06.27	08:00:00	1.09390	1.09523	1.09256	1.09443	8285	0	8
2023.06.27	12:00:00	1.09442	1.09763	1.09420	1.09595	14381	0	8
2023.06.27	16:00:00	1.09595	1.09652	1.09546	1.09621	5394	0	8
2023.06.27	20:00:00	1.09621	1.09627	1.09536	1.09571	1550	0	8
2023.06.28	00:00:00	1.09570	1.09610	1.09419	1.09505	5713	0	8
2023.06.28	04:00:00	1.09505	1.09565	1.09357	1.09523	6627	0	8
2023.06.28	08:00:00	1.09523	1.09618	1.09372	1.09400	9223	0	8
2023.06.28	12:00:00	1.09399	1.09442	1.08964	1.09031	15088	0	8
2023.06.28	16:00:00	1.09029	1.09234	1.09027	1.09156	5880	0	8
2023.06.28	20:00:00	1.09154	1.09181	1.09098	1.09147	1385	0	8
2023.06.29	00:00:00	1.09148	1.09156	1.08901	1.08926	5372	0	8
2023.06.29	04:00:00	1.08927	1.09202	1.08804	1.09164	8304	0	8
2023.06.29	08:00:00	1.09162	1.09393	1.09101	1.09383	7662	0	8
2023.06.29	12:00:00	1.09382	1.09409	1.08598	1.08799	18111	0	8
2023.06.29	16:00:00	1.08797	1.08832	1.08651	1.08688	5892	0	8
2023.06.29	20:00:00	1.08686	1.08691	1.08585	1.08670	1510	0	8
2023.06.30	00:00:00	1.08671	1.08749	1.08600	1.08709	5466	0	8
2023.06.30	04:00:00	1.08709	1.08751	1.08530	1.08561	7028	0	8
2023.06.30	08:00:00	1.08561	1.08588	1.08349	1.08531	8065	0	8
2023.06.30	12:00:00	1.08532	1.09313	1.08527	1.09187	16584	0	8
2023.06.30	16:00:00	1.09186	1.09225	1.09089	1.09126	6332	0	8
2023.06.30	20:00:00	1.09126	1.09127	1.09076	1.09105	884	0	8
2023.07.02	20:00:00	1.09099	1.09114	1.09063	1.09072	837	0	10
2023.07.03	00:00:00	1.09073	1.09172	1.09002	1.09122	4466	0	8
2023.07.03	04:00:00	1.09122	1.09177	1.08699	1.08747	7359	0	8
2023.07.03	08:00:00	1.08747	1.09043	1.08726	1.08988	8502	0	8
2023.07.03	12:00:00	1.08988	1.09322	1.08935	1.09177	12564	0	8
2023.07.03	16:00:00	1.09177	1.09209	1.09081	1.09089	3341	0	8
2023.07.03	20:00:00	1.09089	1.09140	1.09073	1.09124	961	0	8
2023.07.04	00:00:00	1.09125	1.09160	1.09021	1.09042	3361	0	8
2023.07.04	04:00:00	1.09041	1.09145	1.08937	1.09025	5984	0	8
2023.07.04	08:00:00	1.09024	1.09041	1.08892	1.08980	6761	0	8
2023.07.04	12:00:00	1.08978	1.09071	1.08934	1.09006	5322	0	8
2023.07.04	16:00:00	1.09006	1.09008	1.08804	1.08829	2199	0	8
2023.07.04	20:00:00	1.08829	1.08832	1.08754	1.08820	1476	0	8
2023.07.05	00:00:00	1.08821	1.08904	1.08746	1.08769	3903	0	8
2023.07.05	04:00:00	1.08770	1.09074	1.08673	1.08862	7093	0	8
2023.07.05	08:00:00	1.08862	1.08953	1.08660	1.08787	9843	0	8
2023.07.05	12:00:00	1.08789	1.09016	1.08645	1.08666	11428	0	8
2023.07.05	16:00:00	1.08666	1.08667	1.08506	1.08545	5928	0	8
2023.07.05	20:00:00	1.08546	1.08557	1.08502	1.08547	1574	0	8
2023.07.06	00:00:00	1.08548	1.08556	1.08395	1.08397	4737	0	8
2023.07.06	04:00:00	1.08397	1.08748	1.08333	1.08550	9096	0	8
2023.07.06	08:00:00	1.08551	1.08974	1.08450	1.08948	10381	0	8
2023.07.06	12:00:00	1.08947	1.09002	1.08333	1.08720	21323	0	8
2023.07.06	16:00:00	1.08720	1.08883	1.08704	1.08879	6624	0	8
2023.07.06	20:00:00	1.08877	1.08930	1.08848	1.08893	1482	0	8
2023.07.07	00:00:00	1.08894	1.08912	1.08821	1.08874	4492	0	8
2023.07.07	04:00:00	1.08873	1.08999	1.08712	1.08756	7579	0	8
2023.07.07	08:00:00	1.08755	1.08963	1.08666	1.08871	9333	0	8
2023.07.07	12:00:00	1.08872	1.09630	1.08742	1.09625	21115	0	8
2023.07.07	16:00:00	1.09626	1.09728	1.09626	1.09662	5954	0	8
2023.07.07	20:00:00	1.09664	1.09690	1.09646	1.09685	704	0	8
2023.07.09	20:00:00	1.09601	1.09678	1.09589	1.09665	1009	0	10
2023.07.10	00:00:00	1.09666	1.09690	1.09526	1.09555	5756	0	8
2023.07.10	04:00:00	1.09554	1.09650	1.09447	1.09540	7084	0	8
2023.07.10	08:00:00	1.09542	1.09728	1.09524	1.09536	7603	0	8
2023.07.10	12:00:00	1.09536	1.09924	1.09430	1.09897	12238	0	8
2023.07.10	16:00:00	1.09897	1.09999	1.09821	1.09977	5378	0	8
2023.07.10	20:00:00	1.09977	1.10054	1.09942	1.10049	1379	0	8
2023.07.11	00:00:00	1.10050	1.10197	1.10012	1.10171	5369	0	8
2023.07.11	04:00:00	1.10170	1.10265	1.10054	1.10077	8693	0	8
2023.07.11	08:00:00	1.10077	1.10151	1.09827	1.09833	8148	0	8
2023.07.11	12:00:00	1.09832	1.09943	1.09766	1.09912	10030	0	8
2023.07.11	16:00:00	1.09914	1.10086	1.09906	1.10056	4735	0	8
2023.07.11	20:00:00	1.10058	1.10139	1.10030	1.10132	1305	0	8
2023.07.12	00:00:00	1.10133	1.10329	1.10116	1.10291	6236	0	8
2023.07.12	04:00:00	1.10291	1.10365	1.10203	1.10269	6616	0	8
2023.07.12	08:00:00	1.10269	1.10301	1.10132	1.10144	7072	0	8
2023.07.12	12:00:00	1.10143	1.11249	1.10143	1.11217	19836	0	8
2023.07.12	16:00:00	1.11217	1.11399	1.11200	1.11368	6884	0	8
2023.07.12	20:00:00	1.11366	1.11401	1.11263	1.11400	2035	0	8
2023.07.13	00:00:00	1.11402	1.11483	1.11361	1.11453	5223	0	8
2023.07.13	04:00:00	1.11453	1.11573	1.11295	1.11549	8529	0	8
2023.07.13	08:00:00	1.11549	1.11775	1.11498	1.11740	8960	0	8
2023.07.13	12:00:00	1.11741	1.11961	1.11613	1.11923	15010	0	8
2023.07.13	16:00:00	1.11924	1.12265	1.11914	1.12259	6815	0	8
2023.07.13	20:00:00	1.12259	1.12276	1.12157	1.12230	2042	0	8
2023.07.14	00:00:00	1.12231	1.12425	1.12132	1.12409	6584	0	8
2023.07.14	04:00:00	1.12409	1.12409	1.12039	1.12212	7988	0	8
2023.07.14	08:00:00	1.12212	1.12444	1.12152	1.12239	8522	0	8
2023.07.14	12:00:00	1.12239	1.12439	1.12100	1.12352	15298	0	8
2023.07.14	16:00:00	1.12353	1.12426	1.12254	1.12255	5580	0	8
2023.07.14	20:00:00	1.12255	1.12290	1.12241	1.12281	809	0	8
2023.07.16	20:00:00	1.12264	1.12297	1.12214	1.12269	1163	0	10
2023.07.17	00:00:00	1.12270	1.12292	1.12143	1.12262	4710	0	8
2023.07.17	04:00:00	1.12260	1.12447	1.12217	1.12443	6339	0	8
2023.07.17	08:00:00	1.12444	1.12482	1.12287	1.12335	7023	0	8
2023.07.17	12:00:00	1.12335	1.12375	1.12031	1.12345	10805	0	8
2023.07.17	16:00:00	1.12346	1.12456	1.12297	1.12435	3896	0	8
2023.07.17	20:00:00	1.12435	1.12435	1.12328	1.12370	1621	0	8
2023.07.18	00:00:00	1.12371	1.12555	1.12342	1.12535	5615	0	8
2023.07.18	04:00:00	1.12534	1.12754	1.12402	1.12534	8717	0	8
2023.07.18	08:00:00	1.12535	1.12595	1.12277	1.12529	9400	0	8
2023.07.18	12:00:00	1.12530	1.12684	1.12164	1.12220	19896	0	8
2023.07.18	16:00:00	1.12222	1.12306	1.12086	1.12297	5674	0	8
2023.07.18	20:00:00	1.12297	1.12313	1.12234	1.12279	1796	0	8
2023.07.19	00:00:00	1.12279	1.12323	1.12159	1.12258	5543	0	8
2023.07.19	04:00:00	1.12258	1.12367	1.11958	1.12268	10597	0	8
2023.07.19	08:00:00	1.12266	1.12398	1.12097	1.12127	8924	0	8
2023.07.19	12:00:00	1.12127	1.12241	1.11740	1.11934	13771	0	8
2023.07.19	16:00:00	1.11936	1.12045	1.11797	1.12034	5970	0	8
2023.07.19	20:00:00	1.12033	1.12047	1.11943	1.12046	1589	0	8
2023.07.20	00:00:00	1.12047	1.12286	1.12035	1.12255	6298	0	8
2023.07.20	04:00:00	1.12254	1.12263	1.11976	1.12049	7620	0	8
2023.07.20	08:00:00	1.12049	1.12163	1.11983	1.12066	8028	0	8
2023.07.20	12:00:00	1.12067	1.12067	1.11316	1.11343	14300	0	8
2023.07.20	16:00:00	1.11344	1.11382	1.11180	1.11314	5755	0	8
2023.07.20	20:00:00	1.11315	1.11373	1.11257	1.11341	1486	0	8
2023.07.21	00:00:00	1.11341	1.11412	1.11294	1.11356	5317	0	8
2023.07.21	04:00:00	1.11357	1.11446	1.11246	1.11277	7535	0	8
2023.07.21	08:00:00	1.11277	1.11372	1.11169	1.11177	9223	0	8
2023.07.21	12:00:00	1.11178	1.11376	1.11074	1.11191	11456	0	8
2023.07.21	16:00:00	1.11191	1.11297	1.11151	1.11249	4555	0	8
2023.07.21	20:00:00	1.11251	1.11288	1.11244	1.11249	598	0	8
2023.07.23	20:00:00	1.11225	1.11297	1.11225	1.11240	1221	0	10
2023.07.24	00:00:00	1.11240	1.11323	1.11194	1.11252	5253	0	8
2023.07.24	04:00:00	1.11250	1.11465	1.10745	1.10807	9531	0	8
2023.07.24	08:00:00	1.10808	1.11087	1.10654	1.10970	11471	0	8
2023.07.24	12:00:00	1.10970	1.11038	1.10688	1.10817	13235	0	8
2023.07.24	16:00:00	1.10817	1.10841	1.10599	1.10600	5811	0	8
2023.07.24	20:00:00	1.10599	1.10652	1.10579	1.10625	1672	0	8
2023.07.25	00:00:00	1.10627	1.10811	1.10624	1.10780	5600	0	8
2023.07.25	04:00:00	1.10780	1.10864	1.10684	1.10706	7177	0	8
2023.07.25	08:00:00	1.10705	1.10706	1.10388	1.10490	8627	0	8
2023.07.25	12:00:00	1.10489	1.10528	1.10205	1.10488	9753	0	8
2023.07.25	16:00:00	1.10487	1.10543	1.10351	1.10516	5174	0	8
2023.07.25	20:00:00	1.10516	1.10555	1.10471	1.10495	1743	0	8
2023.07.26	00:00:00	1.10496	1.10527	1.10375	1.10491	5058	0	8
2023.07.26	04:00:00	1.10490	1.10743	1.10459	1.10692	6901	0	8
2023.07.26	08:00:00	1.10690	1.10858	1.10596	1.10622	7935	0	8
2023.07.26	12:00:00	1.10624	1.10792	1.10570	1.10765	11221	0	8
2023.07.26	16:00:00	1.10763	1.11062	1.10564	1.10960	18749	0	8
2023.07.26	20:00:00	1.10959	1.10961	1.10775	1.10775	1883	0	8
2023.07.27	00:00:00	1.10776	1.11175	1.10770	1.10998	6350	0	8
2023.07.27	04:00:00	1.10998	1.11336	1.10877	1.11284	8648	0	8
2023.07.27	08:00:00	1.11283	1.11492	1.11240	1.11381	8666	0	8
2023.07.27	12:00:00	1.11380	1.11387	1.09834	1.09967	29803	0	8
2023.07.27	16:00:00	1.09968	1.10099	1.09654	1.09665	12412	0	8
2023.07.27	20:00:00	1.09663	1.09826	1.09657	1.09777	1936	0	8
2023.07.28	00:00:00	1.09777	1.09880	1.09712	1.09763	10901	0	8
2023.07.28	04:00:00	1.09762	1.09907	1.09432	1.09511	17848	0	8
2023.07.28	08:00:00	1.09513	1.10179	1.09473	1.10089	11376	0	8
2023.07.28	12:00:00	1.10088	1.10470	1.09927	1.10378	18645	0	8
2023.07.28	16:00:00	1.10379	1.10425	1.10147	1.10227	7187	0	8
2023.07.28	20:00:00	1.10225	1.10230	1.10125	1.10165	1377	0	8
2023.07.30	20:00:00	1.10158	1.10266	1.10142	1.10233	1335	0	10
2023.07.31	00:00:00	1.10235	1.10275	1.10089	1.10120	6086	0	8
2023.07.31	04:00:00	1.10120	1.10286	1.10049	1.10193	7891	0	8
2023.07.31	08:00:00	1.10195	1.10397	1.10112	1.10264	8571	0	8
2023.07.31	12:00:00	1.10266	1.10453	1.10118	1.10179	12826	0	8
2023.07.31	16:00:00	1.10180	1.10197	1.09934	1.09950	5480	0	8
2023.07.31	20:00:00	1.09949	1.10010	1.09920	1.09962	1469	0	8
2023.08.01	00:00:00	1.09962	1.10012	1.09801	1.09851	4787	0	8
2023.08.01	04:00:00	1.09851	1.09999	1.09698	1.09793	7858	0	8
2023.08.01	08:00:00	1.09793	1.09862	1.09655	1.09752	8362	0	8
2023.08.01	12:00:00	1.09752	1.09887	1.09519	1.09698	14605	0	8
2023.08.01	16:00:00	1.09700	1.09847	1.09622	1.09822	5126	0	8
2023.08.01	20:00:00	1.09821	1.10162	1.09794	1.10072	3304	0	8
2023.08.02	00:00:00	1.10073	1.10075	1.09799	1.09866	6836	0	8
2023.08.02	04:00:00	1.09866	1.10002	1.09810	1.09896	8764	0	8
2023.08.02	08:00:00	1.09898	1.09923	1.09678	1.09781	10115	0	8
2023.08.02	12:00:00	1.09780	1.09868	1.09176	1.09378	16094	0	8
2023.08.02	16:00:00	1.09378	1.09572	1.09344	1.09393	6376	0	8
2023.08.02	20:00:00	1.09391	1.09448	1.09335	1.09430	1489	0	8
2023.08.03	00:00:00	1.09431	1.09488	1.09301	1.09343	5338	0	8
2023.08.03	04:00:00	1.09343	1.09428	1.09136	1.09187	10138	0	8
2023.08.03	08:00:00	1.09186	1.09483	1.09120	1.09346	12115	0	8
2023.08.03	12:00:00	1.09345	1.09556	1.09150	1.09462	19154	0	8
2023.08.03	16:00:00	1.09462	1.09623	1.09381	1.09436	5703	0	8
2023.08.03	20:00:00	1.09434	1.09530	1.09409	1.09506	1738	0	8
2023.08.04	00:00:00	1.09506	1.09610	1.09462	1.09538	5928	0	8
2023.08.04	04:00:00	1.09538	1.09579	1.09438	1.09470	7052	0	8
2023.08.04	08:00:00	1.09472	1.09522	1.09348	1.09374	7099	0	8
2023.08.04	12:00:00	1.09373	1.10415	1.09332	1.10343	21448	0	8
2023.08.04	16:00:00	1.10343	1.10389	1.10033	1.10073	6401	0	8
2023.08.04	20:00:00	1.10071	1.10112	1.10037	1.10085	897	0	8
2023.08.06	20:00:00	1.10133	1.10141	1.09995	1.10020	1359	0	10
2023.08.07	00:00:00	1.10021	1.10114	1.09947	1.09950	4951	0	8
2023.08.07	04:00:00	1.09951	1.09970	1.09703	1.09924	7364	0	8
2023.08.07	08:00:00	1.09923	1.09923	1.09650	1.09836	7472	0	8
2023.08.07	12:00:00	1.09836	1.10113	1.09793	1.09985	9801	0	8
2023.08.07	16:00:00	1.09984	1.10097	1.09918	1.10040	4939	0	8
2023.08.07	20:00:00	1.10039	1.10044	1.09987	1.10022	1162	0	8
2023.08.08	00:00:00	1.10024	1.10050	1.09764	1.09814	5594	0	8
2023.08.08	04:00:00	1.09813	1.10105	1.09734	1.09785	8273	0	8
2023.08.08	08:00:00	1.09782	1.09869	1.09364	1.09408	9786	0	8
2023.08.08	12:00:00	1.09408	1.09556	1.09287	1.09498	12471	0	8
2023.08.08	16:00:00	1.09497	1.09616	1.09474	1.09567	5094	0	8
2023.08.08	20:00:00	1.09569	1.09590	1.09500	1.09588	1431	0	8
2023.08.09	00:00:00	1.09587	1.09704	1.09550	1.09662	4940	0	8
2023.08.09	04:00:00	1.09662	1.09844	1.09628	1.09839	6754	0	8
2023.08.09	08:00:00	1.09837	1.09883	1.09690	1.09693	7139	0	8
2023.08.09	12:00:00	1.09695	1.09949	1.09617	1.09738	11167	0	8
2023.08.09	16:00:00	1.09738	1.09913	1.09728	1.09730	5705	0	8
2023.08.09	20:00:00	1.09730	1.09772	1.09694	1.09768	1367	0	8
2023.08.10	00:00:00	1.09768	1.09816	1.09669	1.09789	4318	0	8
2023.08.10	04:00:00	1.09788	1.10181	1.09782	1.10079	6968	0	8
2023.08.10	08:00:00	1.10079	1.10293	1.10078	1.10161	7464	0	8
2023.08.10	12:00:00	1.10161	1.10643	1.10072	1.10149	24798	0	8
2023.08.10	16:00:00	1.10148	1.10188	1.09758	1.09787	10277	0	8
2023.08.10	20:00:00	1.09787	1.09842	1.09773	1.09812	1772	0	8
2023.08.11	00:00:00	1.09813	1.09975	1.09793	1.09869	4314	0	8
2023.08.11	04:00:00	1.09869	1.10017	1.09835	1.09919	6791	0	8
2023.08.11	08:00:00	1.09921	1.10027	1.09759	1.09969	8026	0	8
2023.08.11	12:00:00	1.09969	1.10046	1.09507	1.09556	19062	0	8
2023.08.11	16:00:00	1.09558	1.09642	1.09426	1.09463	5841	0	8
2023.08.11	20:00:00	1.09466	1.09488	1.09442	1.09468	735	0	8
2023.08.13	20:00:00	1.09495	1.09506	1.09383	1.09428	1120	0	10
2023.08.14	00:00:00	1.09429	1.09463	1.09289	1.09317	5856	0	8
2023.08.14	04:00:00	1.09317	1.09559	1.09258	1.09516	7512	0	8
2023.08.14	08:00:00	1.09515	1.09596	1.09364	1.09387	8063	0	8
2023.08.14	12:00:00	1.09386	1.09406	1.08743	1.09202	15189	0	8
2023.08.14	16:00:00	1.09201	1.09354	1.09024	1.09025	6243	0	8
2023.08.14	20:00:00	1.09024	1.09075	1.09015	1.09073	1469	0	8
2023.08.15	00:00:00	1.09073	1.09171	1.09001	1.09141	5792	0	8
2023.08.15	04:00:00	1.09141	1.09300	1.09059	1.09231	8062	0	8
2023.08.15	08:00:00	1.09230	1.09443	1.09175	1.09289	9595	0	8
2023.08.15	12:00:00	1.09288	1.09520	1.08969	1.09264	19552	0	8
2023.08.15	16:00:00	1.09265	1.09280	1.08987	1.09055	6300	0	8
2023.08.15	20:00:00	1.09055	1.09055	1.09001	1.09034	1559	0	8
2023.08.16	00:00:00	1.09035	1.09115	1.08986	1.09061	5747	0	8
2023.08.16	04:00:00	1.09060	1.09267	1.09055	1.09229	7546	0	8
2023.08.16	08:00:00	1.09227	1.09341	1.09062	1.09128	7965	0	8
2023.08.16	12:00:00	1.09126	1.09230	1.08957	1.09024	14162	0	8
2023.08.16	16:00:00	1.09023	1.09043	1.08711	1.08738	9595	0	8
2023.08.16	20:00:00	1.08739	1.08814	1.08726	1.08740	1790	0	8
2023.08.17	00:00:00	1.08742	1.08745	1.08614	1.08636	6180	0	8
2023.08.17	04:00:00	1.08636	1.08863	1.08624	1.08800	7490	0	8
2023.08.17	08:00:00	1.08799	1.08952	1.08635	1.08941	9194	0	8
2023.08.17	12:00:00	1.08942	1.09177	1.08664	1.08733	15768	0	8
2023.08.17	16:00:00	1.08733	1.08891	1.08559	1.08715	7645	0	8
2023.08.17	20:00:00	1.08713	1.08750	1.08642	1.08739	1824	0	8
2023.08.18	00:00:00	1.08739	1.08935	1.08713	1.08856	6348	0	8
2023.08.18	04:00:00	1.08856	1.08875	1.08640	1.08726	8137	0	8
2023.08.18	08:00:00	1.08726	1.08765	1.08598	1.08626	7856	0	8
2023.08.18	12:00:00	1.08627	1.08810	1.08446	1.08740	13791	0	8
2023.08.18	16:00:00	1.08738	1.08808	1.08677	1.08722	6171	0	8
2023.08.18	20:00:00	1.08721	1.08733	1.08681	1.08724	963	0	8
2023.08.20	20:00:00	1.08669	1.08766	1.08669	1.08744	1024	0	10
2023.08.21	00:00:00	1.08746	1.08838	1.08692	1.08800	5321	0	8
2023.08.21	04:00:00	1.08800	1.08884	1.08720	1.08882	7016	0	8
2023.08.21	08:00:00	1.08882	1.09131	1.08817	1.09089	8286	0	8
2023.08.21	12:00:00	1.09088	1.09127	1.08749	1.08874	12495	0	8
2023.08.21	16:00:00	1.08873	1.09038	1.08871	1.08957	5361	0	8
2023.08.21	20:00:00	1.08957	1.09010	1.08863	1.08972	1259	0	8
2023.08.22	00:00:00	1.08972	1.09154	1.08930	1.09146	5300	0	8
2023.08.22	04:00:00	1.09146	1.09299	1.09043	1.09252	6625	0	8
2023.08.22	08:00:00	1.09254	1.09282	1.08802	1.08845	7818	0	8
2023.08.22	12:00:00	1.08845	1.08903	1.08325	1.08451	14265	0	8
2023.08.22	16:00:00	1.08451	1.08550	1.08431	1.08454	4981	0	8
2023.08.22	20:00:00	1.08452	1.08485	1.08411	1.08460	1328	0	8
2023.08.23	00:00:00	1.08461	1.08591	1.08442	1.08570	4729	0	8
2023.08.23	04:00:00	1.08570	1.08711	1.08115	1.08178	8994	0	8
2023.08.23	08:00:00	1.08177	1.08299	1.08035	1.08108	10833	0	8
2023.08.23	12:00:00	1.08106	1.08624	1.08021	1.08610	15719	0	8
2023.08.23	16:00:00	1.08610	1.08697	1.08554	1.08635	6186	0	8
2023.08.23	20:00:00	1.08634	1.08655	1.08596	1.08650	1835	0	8
2023.08.24	00:00:00	1.08651	1.08748	1.08580	1.08655	5061	0	8
2023.08.24	04:00:00	1.08654	1.08761	1.08516	1.08559	7193	0	8
2023.08.24	08:00:00	1.08557	1.08639	1.08412	1.08419	7708	0	8
2023.08.24	12:00:00	1.08417	1.08483	1.08138	1.08251	14066	0	8
2023.08.24	16:00:00	1.08250	1.08272	1.08052	1.08054	6013	0	8
2023.08.24	20:00:00	1.08052	1.08131	1.07885	1.07981	1609	0	8
2023.08.25	00:00:00	1.07979	1.08037	1.07795	1.07800	4633	0	8
2023.08.25	04:00:00	1.07800	1.07914	1.07674	1.07710	6683	0	8
2023.08.25	08:00:00	1.07711	1.08109	1.07657	1.08026	7529	0	8
2023.08.25	12:00:00	1.08024	1.08412	1.07654	1.07858	20656	0	8
2023.08.25	16:00:00	1.07860	1.08122	1.07852	1.08024	7987	0	8
2023.08.25	20:00:00	1.08026	1.08028	1.07910	1.07947	820	0	8
2023.08.27	20:00:00	1.07940	1.07991	1.07915	1.07965	1301	0	10
2023.08.28	00:00:00	1.07966	1.08096	1.07956	1.08090	4847	0	8
2023.08.28	04:00:00	1.08090	1.08205	1.08050	1.08084	5242	0	8
2023.08.28	08:00:00	1.08084	1.08219	1.07989	1.08039	6712	0	8
2023.08.28	12:00:00	1.08039	1.08136	1.07984	1.08087	11130	0	8
2023.08.28	16:00:00	1.08086	1.08194	1.08035	1.08174	4892	0	8
2023.08.28	20:00:00	1.08175	1.08293	1.08105	1.08252	1686	0	8
2023.08.29	00:00:00	1.08252	1.08379	1.08208	1.08358	4347	0	8
2023.08.29	04:00:00	1.08357	1.08359	1.08080	1.08198	5471	0	8
2023.08.29	08:00:00	1.08199	1.08223	1.08033	1.08038	8091	0	8
2023.08.29	12:00:00	1.08037	1.08565	1.07818	1.08497	17391	0	8
2023.08.29	16:00:00	1.08496	1.08915	1.08463	1.08850	7501	0	8
2023.08.29	20:00:00	1.08848	1.08849	1.08682	1.08687	1965	0	8
2023.08.30	00:00:00	1.08687	1.08719	1.08633	1.08687	4883	0	8
2023.08.30	04:00:00	1.08687	1.08763	1.08554	1.08644	7621	0	8
2023.08.30	08:00:00	1.08643	1.08931	1.08548	1.08784	8894	0	8
2023.08.30	12:00:00	1.08785	1.09451	1.08742	1.09254	17443	0	8
2023.08.30	16:00:00	1.09254	1.09323	1.09163	1.09212	5692	0	8
2023.08.30	20:00:00	1.09212	1.09311	1.09183	1.09291	1418	0	8
2023.08.31	00:00:00	1.09292	1.09391	1.09197	1.09200	4452	0	8
2023.08.31	04:00:00	1.09200	1.09241	1.08895	1.08923	6901	0	8
2023.08.31	08:00:00	1.08921	1.08927	1.08571	1.08678	9453	0	8
2023.08.31	12:00:00	1.08678	1.08842	1.08363	1.08382	17804	0	8
2023.08.31	16:00:00	1.08382	1.08537	1.08347	1.08429	5815	0	8
2023.08.31	20:00:00	1.08431	1.08466	1.08389	1.08419	1516	0	8
2023.09.01	00:00:00	1.08418	1.08538	1.08359	1.08413	4834	0	8
2023.09.01	04:00:00	1.08413	1.08591	1.08281	1.08556	6791	0	8
2023.09.01	08:00:00	1.08556	1.08558	1.08327	1.08328	7158	0	8
2023.09.01	12:00:00	1.08328	1.08815	1.07859	1.07860	23507	0	8
2023.09.01	16:00:00	1.07860	1.07887	1.07717	1.07744	4977	0	8
2023.09.01	20:00:00	1.07746	1.07770	1.07720	1.07737	625	0	8
2023.09.03	20:00:00	1.07756	1.07761	1.07698	1.07752	850	0	10
2023.09.04	00:00:00	1.07753	1.07868	1.07729	1.07853	3988	0	8
2023.09.04	04:00:00	1.07853	1.08064	1.07808	1.07948	5632	0	8
2023.09.04	08:00:00	1.07948	1.08084	1.07905	1.07998	5723	0	8
2023.09.04	12:00:00	1.07997	1.08050	1.07830	1.07984	5283	0	8
2023.09.04	16:00:00	1.07984	1.07997	1.07918	1.07935	1172	0	8
2023.09.04	20:00:00	1.07935	1.07965	1.07908	1.07908	887	0	8
2023.09.05	00:00:00	1.07909	1.07979	1.07804	1.07880	4055	0	8
2023.09.05	04:00:00	1.07880	1.07934	1.07541	1.07560	7517	0	8
2023.09.05	08:00:00	1.07560	1.07584	1.07289	1.07322	8193	0	8
2023.09.05	12:00:00	1.07322	1.07481	1.07059	1.07263	15033	0	8
2023.09.05	16:00:00	1.07262	1.07314	1.07190	1.07209	4730	0	8
2023.09.05	20:00:00	1.07211	1.07272	1.07187	1.07241	1369	0	8
2023.09.06	00:00:00	1.07242	1.07339	1.07129	1.07329	5089	0	8
2023.09.06	04:00:00	1.07329	1.07479	1.07239	1.07286	8898	0	8
2023.09.06	08:00:00	1.07286	1.07483	1.07232	1.07436	8082	0	8
2023.09.06	12:00:00	1.07434	1.07451	1.07023	1.07126	14845	0	8
2023.09.06	16:00:00	1.07124	1.07291	1.07108	1.07256	5194	0	8
2023.09.06	20:00:00	1.07258	1.07278	1.07208	1.07235	1293	0	8
2023.09.07	00:00:00	1.07235	1.07314	1.07187	1.07294	3943	0	8
2023.09.07	04:00:00	1.07294	1.07298	1.07078	1.07155	6668	0	8
2023.09.07	08:00:00	1.07153	1.07175	1.07026	1.07050	7440	0	8
2023.09.07	12:00:00	1.07049	1.07103	1.06857	1.07029	13286	0	8
2023.09.07	16:00:00	1.07029	1.07093	1.06934	1.06945	5042	0	8
2023.09.07	20:00:00	1.06945	1.06982	1.06924	1.06970	1311	0	8
2023.09.08	00:00:00	1.06972	1.07229	1.06967	1.07160	5370	0	8
2023.09.08	04:00:00	1.07160	1.07276	1.07073	1.07083	5936	0	8
2023.09.08	08:00:00	1.07083	1.07169	1.06938	1.06988	7974	0	8
2023.09.08	12:00:00	1.06987	1.07434	1.06974	1.07083	11756	0	8
2023.09.08	16:00:00	1.07084	1.07131	1.06966	1.06990	4572	0	8
2023.09.08	20:00:00	1.06988	1.07027	1.06988	1.07000	642	0	8
2023.09.10	20:00:00	1.07106	1.07201	1.07065	1.07158	1597	0	10
2023.09.11	00:00:00	1.07159	1.07276	1.07096	1.07222	5572	0	8
2023.09.11	04:00:00	1.07221	1.07410	1.07214	1.07255	7707	0	8
2023.09.11	08:00:00	1.07255	1.07339	1.07179	1.07191	7346	0	8
2023.09.11	12:00:00	1.07192	1.07588	1.07151	1.07422	10946	0	8
2023.09.11	16:00:00	1.07423	1.07575	1.07422	1.07484	4545	0	8
2023.09.11	20:00:00	1.07485	1.07510	1.07457	1.07471	1287	0	8
2023.09.12	00:00:00	1.07471	1.07687	1.07372	1.07459	5453	0	8
2023.09.12	04:00:00	1.07460	1.07461	1.07118	1.07130	6061	0	8
2023.09.12	08:00:00	1.07131	1.07256	1.07082	1.07176	7413	0	8
2023.09.12	12:00:00	1.07175	1.07297	1.07051	1.07250	9788	0	8
2023.09.12	16:00:00	1.07252	1.07371	1.07213	1.07277	5064	0	8
2023.09.12	20:00:00	1.07277	1.07644	1.07273	1.07527	2315	0	8
2023.09.13	00:00:00	1.07528	1.07644	1.07441	1.07468	4877	0	8
2023.09.13	04:00:00	1.07469	1.07541	1.07308	1.07434	7210	0	8
2023.09.13	08:00:00	1.07432	1.07444	1.07282	1.07362	7871	0	8
2023.09.13	12:00:00	1.07363	1.07610	1.07083	1.07353	22262	0	8
2023.09.13	16:00:00	1.07353	1.07487	1.07275	1.07314	6441	0	8
2023.09.13	20:00:00	1.07314	1.07342	1.07264	1.07324	1530	0	8
2023.09.14	00:00:00	1.07324	1.07461	1.07299	1.07442	4585	0	8
2023.09.14	04:00:00	1.07442	1.07517	1.07327	1.07332	5036	0	8
2023.09.14	08:00:00	1.07331	1.07396	1.07241	1.07296	7143	0	8
2023.09.14	12:00:00	1.07298	1.07458	1.06531	1.06583	25567	0	8
2023.09.14	16:00:00	1.06585	1.06626	1.06314	1.06423	6395	0	8
2023.09.14	20:00:00	1.06422	1.06464	1.06345	1.06346	1569	0	8
2023.09.15	00:00:00	1.06346	1.06480	1.06329	1.06470	5041	0	8
2023.09.15	04:00:00	1.06472	1.06671	1.06440	1.06632	7125	0	8
2023.09.15	08:00:00	1.06633	1.06690	1.06526	1.06541	6681	0	8
2023.09.15	12:00:00	1.06541	1.06874	1.06448	1.06718	14364	0	8
2023.09.15	16:00:00	1.06718	1.06798	1.06592	1.06594	5213	0	8
2023.09.15	20:00:00	1.06595	1.06624	1.06567	1.06603	857	0	8
2023.09.17	20:00:00	1.06607	1.06681	1.06606	1.06676	876	0	10
2023.09.18	00:00:00	1.06676	1.06733	1.06607	1.06638	3810	0	8
2023.09.18	04:00:00	1.06638	1.06774	1.06574	1.06618	5169	0	8
2023.09.18	08:00:00	1.06617	1.06744	1.06559	1.06629	5971	0	8
2023.09.18	12:00:00	1.06628	1.06983	1.06543	1.06937	10064	0	8
2023.09.18	16:00:00	1.06937	1.06977	1.06776	1.06862	4597	0	8
2023.09.18	20:00:00	1.06861	1.06933	1.06809	1.06916	1341	0	8
2023.09.19	00:00:00	1.06917	1.06962	1.06806	1.06822	3401	0	8
2023.09.19	04:00:00	1.06823	1.06949	1.06746	1.06941	5347	0	8
2023.09.19	08:00:00	1.06939	1.07093	1.06817	1.07084	7090	0	8
2023.09.19	12:00:00	1.07084	1.07175	1.06795	1.06827	11294	0	8
2023.09.19	16:00:00	1.06828	1.06914	1.06758	1.06800	4892	0	8
2023.09.19	20:00:00	1.06801	1.06818	1.06764	1.06810	1134	0	8
2023.09.20	00:00:00	1.06811	1.06893	1.06778	1.06791	3576	0	8
2023.09.20	04:00:00	1.06792	1.06925	1.06727	1.06902	6405	0	8
2023.09.20	08:00:00	1.06901	1.07046	1.06893	1.07011	5793	0	8
2023.09.20	12:00:00	1.07013	1.07268	1.06918	1.07138	9664	0	8
2023.09.20	16:00:00	1.07137	1.07363	1.06575	1.06583	18859	0	8
2023.09.20	20:00:00	1.06583	1.06626	1.06474	1.06493	2163	0	8
2023.09.21	00:00:00	1.06495	1.06498	1.06164	1.06362	6311	0	8
2023.09.21	04:00:00	1.06362	1.06578	1.06324	1.06548	7805	0	8
2023.09.21	08:00:00	1.06548	1.06641	1.06332	1.06352	11133	0	8
2023.09.21	12:00:00	1.06354	1.06731	1.06245	1.06629	15757	0	8
2023.09.21	16:00:00	1.06630	1.06705	1.06542	1.06588	6492	0	8
2023.09.21	20:00:00	1.06586	1.06626	1.06557	1.06599	1569	0	8
2023.09.22	00:00:00	1.06599	1.06623	1.06405	1.06510	5119	0	8
2023.09.22	04:00:00	1.06510	1.06675	1.06146	1.06455	9431	0	8
2023.09.22	08:00:00	1.06455	1.06510	1.06337	1.06359	7911	0	8
2023.09.22	12:00:00	1.06360	1.06713	1.06360	1.06589	11625	0	8
2023.09.22	16:00:00	1.06589	1.06613	1.06389	1.06434	4906	0	8
2023.09.22	20:00:00	1.06434	1.06467	1.06413	1.06455	849	0	8
2023.09.24	20:00:00	1.06506	1.06514	1.06418	1.06479	1131	0	10
2023.09.25	00:00:00	1.06480	1.06549	1.06426	1.06476	3875	0	8
2023.09.25	04:00:00	1.06476	1.06527	1.06312	1.06376	5394	0	8
2023.09.25	08:00:00	1.06376	1.06430	1.06235	1.06301	8104	0	8
2023.09.25	12:00:00	1.06300	1.06343	1.05750	1.05897	12160	0	8
2023.09.25	16:00:00	1.05897	1.05983	1.05850	1.05923	4929	0	8
2023.09.25	20:00:00	1.05923	1.05946	1.05891	1.05909	1670	0	8
2023.09.26	00:00:00	1.05909	1.05916	1.05781	1.05855	4282	0	8
2023.09.26	04:00:00	1.05856	1.05926	1.05696	1.05845	6436	0	8
2023.09.26	08:00:00	1.05847	1.06029	1.05822	1.05991	7246	0	8
2023.09.26	12:00:00	1.05989	1.06086	1.05673	1.05720	11755	0	8
2023.09.26	16:00:00	1.05720	1.05765	1.05617	1.05696	5292	0	8
2023.09.26	20:00:00	1.05697	1.05750	1.05665	1.05687	1732	0	8
2023.09.27	00:00:00	1.05686	1.05716	1.05556	1.05616	4851	0	8
2023.09.27	04:00:00	1.05614	1.05735	1.05545	1.05649	6093	0	8
2023.09.27	08:00:00	1.05649	1.05694	1.05340	1.05390	7468	0	8
2023.09.27	12:00:00	1.05392	1.05508	1.05078	1.05084	13517	0	8
2023.09.27	16:00:00	1.05085	1.05182	1.04877	1.05052	9754	0	8
2023.09.27	20:00:00	1.05053	1.05065	1.04981	1.05049	1887	0	8
2023.09.28	00:00:00	1.05049	1.05158	1.04983	1.05036	4484	0	8
2023.09.28	04:00:00	1.05036	1.05184	1.04907	1.05082	7909	0	8
2023.09.28	08:00:00	1.05082	1.05479	1.05043	1.05409	9881	0	8
2023.09.28	12:00:00	1.05411	1.05784	1.05175	1.05759	18682	0	8
2023.09.28	16:00:00	1.05759	1.05779	1.05494	1.05636	8366	0	8
2023.09.28	20:00:00	1.05636	1.05668	1.05583	1.05618	1728	0	8
2023.09.29	00:00:00	1.05619	1.05823	1.05576	1.05751	4231	0	8
2023.09.29	04:00:00	1.05751	1.06103	1.05738	1.06058	7900	0	8
2023.09.29	08:00:00	1.06059	1.06166	1.05898	1.05941	9778	0	8
2023.09.29	12:00:00	1.05939	1.06097	1.05696	1.05831	18119	0	8
2023.09.29	16:00:00	1.05831	1.05864	1.05637	1.05719	9373	0	8
2023.09.29	20:00:00	1.05720	1.05758	1.05690	1.05735	1063	0	8
2023.10.01	20:00:00	1.05676	1.05697	1.05559	1.05630	1595	0	10
2023.10.02	00:00:00	1.05636	1.05704	1.05618	1.05694	3507	0	8
2023.10.02	04:00:00	1.05692	1.05915	1.05598	1.05720	6793	0	8
2023.10.02	08:00:00	1.05718	1.05777	1.05299	1.05309	9334	0	8
2023.10.02	12:00:00	1.05309	1.05371	1.04918	1.04986	16053	0	8
2023.10.02	16:00:00	1.04984	1.05047	1.04804	1.04806	7586	0	8
2023.10.02	20:00:00	1.04804	1.04824	1.04730	1.04794	1952	0	8
2023.10.03	00:00:00	1.04795	1.04800	1.04634	1.04678	5689	0	8
2023.10.03	04:00:00	1.04680	1.04838	1.04595	1.04820	7820	0	8
2023.10.03	08:00:00	1.04820	1.04931	1.04689	1.04731	9433	0	8
2023.10.03	12:00:00	1.04733	1.04853	1.04478	1.04522	23234	0	8
2023.10.03	16:00:00	1.04522	1.04792	1.04514	1.04709	9472	0	8
2023.10.03	20:00:00	1.04709	1.04732	1.04612	1.04682	1830	0	8
2023.10.04	00:00:00	1.04683	1.04752	1.04568	1.04588	5483	0	8
2023.10.04	04:00:00	1.04588	1.04849	1.04509	1.04841	7867	0	8
2023.10.04	08:00:00	1.04841	1.05159	1.04786	1.04976	10204	0	8
2023.10.04	12:00:00	1.04976	1.05318	1.04826	1.05172	20308	0	8
2023.10.04	16:00:00	1.05174	1.05214	1.04975	1.05149	8677	0	8
2023.10.04	20:00:00	1.05149	1.05155	1.05012	1.05065	1727	0	8
2023.10.05	00:00:00	1.05064	1.05284	1.05017	1.05246	5336	0	8
2023.10.05	04:00:00	1.05246	1.05259	1.05012	1.05084	6742	0	8
2023.10.05	08:00:00	1.05083	1.05248	1.05024	1.05232	9178	0	8
2023.10.05	12:00:00	1.05232	1.05370	1.04996	1.05254	17693	0	8
2023.10.05	16:00:00	1.05253	1.05512	1.05237	1.05490	8440	0	8
2023.10.05	20:00:00	1.05492	1.05514	1.05444	1.05459	1487	0	8
2023.10.06	00:00:00	1.05460	1.05475	1.05378	1.05421	4231	0	8
2023.10.06	04:00:00	1.05421	1.05506	1.05311	1.05495	5708	0	8
2023.10.06	08:00:00	1.05496	1.05669	1.05417	1.05655	8327	0	8
2023.10.06	12:00:00	1.05655	1.05995	1.04822	1.05944	29038	0	8
2023.10.06	16:00:00	1.05942	1.05990	1.05752	1.05892	9320	0	8
2023.10.06	20:00:00	1.05893	1.05893	1.05820	1.05856	832	0	8
2023.10.08	20:00:00	1.05494	1.05679	1.05469	1.05658	2360	0	10
2023.10.09	00:00:00	1.05660	1.05739	1.05511	1.05518	5551	0	8
2023.10.09	04:00:00	1.05518	1.05582	1.05191	1.05227	8189	0	8
2023.10.09	08:00:00	1.05225	1.05447	1.05198	1.05278	8261	0	8
2023.10.09	12:00:00	1.05278	1.05571	1.05222	1.05393	13053	0	8
2023.10.09	16:00:00	1.05393	1.05696	1.05341	1.05687	7136	0	8
2023.10.09	20:00:00	1.05686	1.05792	1.05631	1.05782	1919	0	8
2023.10.10	00:00:00	1.05782	1.05830	1.05656	1.05691	6738	0	8
2023.10.10	04:00:00	1.05691	1.05719	1.05541	1.05713	8738	0	8
2023.10.10	08:00:00	1.05714	1.06106	1.05695	1.05753	12280	0	8
2023.10.10	12:00:00	1.05751	1.06190	1.05738	1.06167	15647	0	8
2023.10.10	16:00:00	1.06168	1.06194	1.05921	1.06042	9142	0	8
2023.10.10	20:00:00	1.06042	1.06077	1.06013	1.06038	1715	0	8
2023.10.11	00:00:00	1.06039	1.06139	1.06010	1.06045	5258	0	8
2023.10.11	04:00:00	1.06045	1.06277	1.05951	1.05995	7808	0	8
2023.10.11	08:00:00	1.05994	1.06142	1.05930	1.06035	10563	0	8
2023.10.11	12:00:00	1.06036	1.06343	1.05808	1.06124	17342	0	8
2023.10.11	16:00:00	1.06122	1.06153	1.05845	1.06121	8815	0	8
2023.10.11	20:00:00	1.06121	1.06251	1.06112	1.06232	1631	0	8
2023.10.12	00:00:00	1.06231	1.06286	1.06196	1.06282	4776	0	8
2023.10.12	04:00:00	1.06283	1.06392	1.06196	1.06196	6731	0	8
2023.10.12	08:00:00	1.06195	1.06269	1.06128	1.06191	7101	0	8
2023.10.12	12:00:00	1.06191	1.06254	1.05442	1.05516	20603	0	8
2023.10.12	16:00:00	1.05516	1.05604	1.05253	1.05301	9945	0	8
2023.10.12	20:00:00	1.05302	1.05370	1.05252	1.05354	1645	0	8
2023.10.13	00:00:00	1.05352	1.05478	1.05342	1.05452	4857	0	8
2023.10.13	04:00:00	1.05452	1.05574	1.05311	1.05513	7115	0	8
2023.10.13	08:00:00	1.05514	1.05580	1.05136	1.05243	9386	0	8
2023.10.13	12:00:00	1.05242	1.05469	1.04952	1.05002	16294	0	8
2023.10.13	16:00:00	1.05003	1.05154	1.04992	1.05134	8296	0	8
2023.10.13	20:00:00	1.05134	1.05134	1.05052	1.05076	759	0	8
2023.10.15	20:00:00	1.05110	1.05235	1.05062	1.05216	1527	0	10
2023.10.16	00:00:00	1.05217	1.05255	1.05151	1.05230	4809	0	8
2023.10.16	04:00:00	1.05232	1.05377	1.05220	1.05339	7555	0	8
2023.10.16	08:00:00	1.05338	1.05424	1.05231	1.05361	8028	0	8
2023.10.16	12:00:00	1.05363	1.05549	1.05253	1.05443	12972	0	8
2023.10.16	16:00:00	1.05445	1.05623	1.05399	1.05623	5764	0	8
2023.10.16	20:00:00	1.05621	1.05623	1.05517	1.05535	1552	0	8
2023.10.17	00:00:00	1.05538	1.05603	1.05457	1.05495	4919	0	8
2023.10.17	04:00:00	1.05495	1.05543	1.05336	1.05482	6372	0	8
2023.10.17	08:00:00	1.05480	1.05789	1.05325	1.05747	9544	0	8
2023.10.17	12:00:00	1.05749	1.05921	1.05377	1.05917	18141	0	8
2023.10.17	16:00:00	1.05917	1.05944	1.05636	1.05767	7821	0	8
2023.10.17	20:00:00	1.05765	1.05772	1.05714	1.05724	1515	0	8
2023.10.18	00:00:00	1.05724	1.05785	1.05601	1.05750	5204	0	8
2023.10.18	04:00:00	1.05750	1.05937	1.05700	1.05784	7386	0	8
2023.10.18	08:00:00	1.05783	1.05863	1.05516	1.05602	9071	0	8
2023.10.18	12:00:00	1.05602	1.05739	1.05255	1.05310	14479	0	8
2023.10.18	16:00:00	1.05308	1.05532	1.05227	1.05350	9413	0	8
2023.10.18	20:00:00	1.05349	1.05384	1.05330	1.05375	1497	0	8
2023.10.19	00:00:00	1.05376	1.05415	1.05320	1.05334	5227	0	8
2023.10.19	04:00:00	1.05336	1.05477	1.05277	1.05371	6829	0	8
2023.10.19	08:00:00	1.05369	1.05630	1.05291	1.05575	8803	0	8
2023.10.19	12:00:00	1.05573	1.05813	1.05557	1.05691	14370	0	8
2023.10.19	16:00:00	1.05693	1.06160	1.05556	1.05879	21986	0	8
2023.10.19	20:00:00	1.05877	1.05877	1.05764	1.05859	2000	0	8
2023.10.20	00:00:00	1.05861	1.05861	1.05681	1.05757	5266	0	8
2023.10.20	04:00:00	1.05756	1.05784	1.05646	1.05703	6765	0	8
2023.10.20	08:00:00	1.05703	1.05985	1.05680	1.05905	8526	0	8
2023.10.20	12:00:00	1.05905	1.06003	1.05649	1.05907	15311	0	8
2023.10.20	16:00:00	1.05905	1.06032	1.05809	1.05918	8261	0	8
2023.10.20	20:00:00	1.05916	1.05953	1.05911	1.05934	813	0	8
2023.10.22	20:00:00	1.05931	1.05956	1.05869	1.05891	1178	0	10
2023.10.23	00:00:00	1.05889	1.05898	1.05729	1.05748	4219	0	8
2023.10.23	04:00:00	1.05747	1.05973	1.05711	1.05972	6346	0	8
2023.10.23	08:00:00	1.05972	1.06145	1.05901	1.06013	9286	0	8
2023.10.23	12:00:00	1.06013	1.06463	1.05906	1.06449	13654	0	8
2023.10.23	16:00:00	1.06448	1.06775	1.06406	1.06652	8065	0	8
2023.10.23	20:00:00	1.06651	1.06716	1.06624	1.06695	1913	0	8
2023.10.24	00:00:00	1.06696	1.06867	1.06665	1.06822	5105	0	8
2023.10.24	04:00:00	1.06822	1.06941	1.06566	1.06625	7663	0	8
2023.10.24	08:00:00	1.06625	1.06625	1.06214	1.06348	9436	0	8
2023.10.24	12:00:00	1.06349	1.06361	1.05827	1.05933	15633	0	8
2023.10.24	16:00:00	1.05934	1.06016	1.05831	1.05914	7273	0	8
2023.10.24	20:00:00	1.05916	1.05946	1.05866	1.05945	1677	0	8
2023.10.25	00:00:00	1.05945	1.06046	1.05892	1.06016	4718	0	8
2023.10.25	04:00:00	1.06016	1.06062	1.05779	1.05868	5496	0	8
2023.10.25	08:00:00	1.05869	1.05963	1.05655	1.05723	7654	0	8
2023.10.25	12:00:00	1.05723	1.05952	1.05665	1.05827	13791	0	8
2023.10.25	16:00:00	1.05826	1.05855	1.05654	1.05675	7987	0	8
2023.10.25	20:00:00	1.05675	1.05694	1.05584	1.05659	2073	0	8
2023.10.26	00:00:00	1.05658	1.05687	1.05410	1.05463	5085	0	8
2023.10.26	04:00:00	1.05463	1.05489	1.05325	1.05478	7179	0	8
2023.10.26	08:00:00	1.05478	1.05520	1.05307	1.05355	7364	0	8
2023.10.26	12:00:00	1.05357	1.05598	1.05216	1.05314	18764	0	8
2023.10.26	16:00:00	1.05313	1.05643	1.05245	1.05563	9382	0	8
2023.10.26	20:00:00	1.05561	1.05651	1.05537	1.05635	2099	0	8
2023.10.27	00:00:00	1.05635	1.05662	1.05521	1.05640	4310	0	8
2023.10.27	04:00:00	1.05641	1.05694	1.05516	1.05581	5740	0	8
2023.10.27	08:00:00	1.05580	1.05666	1.05350	1.05368	7414	0	8
2023.10.27	12:00:00	1.05368	1.05966	1.05348	1.05909	16760	0	8
2023.10.27	16:00:00	1.05909	1.05962	1.05570	1.05701	9108	0	8
2023.10.27	20:00:00	1.05702	1.05702	1.05624	1.05640	900	0	8
2023.10.29	20:00:00	1.05653	1.05671	1.05571	1.05617	1336	0	10
2023.10.30	00:00:00	1.05617	1.05654	1.05548	1.05600	4515	0	8
2023.10.30	04:00:00	1.05600	1.05671	1.05526	1.05561	4565	0	8
2023.10.30	08:00:00	1.05563	1.05956	1.05467	1.05848	8926	0	8
2023.10.30	12:00:00	1.05850	1.06245	1.05817	1.06188	14338	0	8
2023.10.30	16:00:00	1.06185	1.06211	1.05999	1.06167	6917	0	8
2023.10.30	20:00:00	1.06167	1.06171	1.06102	1.06136	1835	0	8
2023.10.31	00:00:00	1.06136	1.06139	1.05903	1.05943	5931	0	8
2023.10.31	04:00:00	1.05942	1.06253	1.05903	1.06206	6310	0	8
2023.10.31	08:00:00	1.06204	1.06745	1.06152	1.06552	10990	0	8
2023.10.31	12:00:00	1.06550	1.06605	1.05660	1.05665	16567	0	8
2023.10.31	16:00:00	1.05667	1.05852	1.05573	1.05799	9591	0	8
2023.10.31	20:00:00	1.05800	1.05831	1.05705	1.05776	2375	0	8
2023.11.01	00:00:00	1.05777	1.05802	1.05661	1.05699	4694	0	8
2023.11.01	04:00:00	1.05700	1.05772	1.05585	1.05641	5370	0	8
2023.11.01	08:00:00	1.05641	1.05674	1.05405	1.05427	7550	0	8
2023.11.01	12:00:00	1.05428	1.05704	1.05214	1.05370	17713	0	8
2023.11.01	16:00:00	1.05370	1.05700	1.05163	1.05668	19823	0	8
2023.11.01	20:00:00	1.05667	1.05861	1.05636	1.05858	2746	0	8
2023.11.02	00:00:00	1.05860	1.06017	1.05832	1.05995	5511	0	8
2023.11.02	04:00:00	1.05994	1.06096	1.05934	1.06030	5652	0	8
2023.11.02	08:00:00	1.06028	1.06382	1.05909	1.06335	10426	0	8
2023.11.02	12:00:00	1.06336	1.06672	1.06167	1.06169	15888	0	8
2023.11.02	16:00:00	1.06170	1.06319	1.06103	1.06225	8399	0	8
2023.11.02	20:00:00	1.06224	1.06231	1.06141	1.06153	2176	0	8
2023.11.03	00:00:00	1.06155	1.06284	1.06144	1.06248	3839	0	8
2023.11.03	04:00:00	1.06248	1.06333	1.06243	1.06287	4530	0	8
2023.11.03	08:00:00	1.06287	1.06521	1.06194	1.06463	8356	0	8
2023.11.03	12:00:00	1.06464	1.07349	1.06448	1.07315	22411	0	8
2023.11.03	16:00:00	1.07315	1.07463	1.07222	1.07246	8837	0	8
2023.11.03	20:00:00	1.07246	1.07322	1.07246	1.07297	839	0	8
2023.11.05	20:00:00	1.07243	1.07313	1.07214	1.07290	987	0	40
2023.11.06	00:00:00	1.07290	1.07340	1.07220	1.07337	4656	0	8
2023.11.06	04:00:00	1.07337	1.07433	1.07316	1.07327	5246	0	8
2023.11.06	08:00:00	1.07327	1.07559	1.07311	1.07509	8978	0	8
2023.11.06	12:00:00	1.07508	1.07537	1.07259	1.07430	10570	0	8
2023.11.06	16:00:00	1.07431	1.07488	1.07219	1.07239	7401	0	8
2023.11.06	20:00:00	1.07238	1.07239	1.07128	1.07171	3135	0	8
2023.11.07	00:00:00	1.07181	1.07191	1.07057	1.07086	4780	0	8
2023.11.07	04:00:00	1.07086	1.07114	1.06915	1.06966	5691	0	8
2023.11.07	08:00:00	1.06964	1.07059	1.06650	1.06732	9887	0	8
2023.11.07	12:00:00	1.06732	1.06892	1.06637	1.06847	11845	0	8
2023.11.07	16:00:00	1.06847	1.07044	1.06722	1.06949	9824	0	8
2023.11.07	20:00:00	1.06950	1.07003	1.06892	1.06941	3296	0	8
2023.11.08	00:00:00	1.06953	1.06988	1.06861	1.06895	4667	0	8
2023.11.08	04:00:00	1.06896	1.06926	1.06752	1.06799	5320	0	8
2023.11.08	08:00:00	1.06800	1.06823	1.06592	1.06766	9260	0	8
2023.11.08	12:00:00	1.06765	1.07072	1.06595	1.07045	11916	0	8
2023.11.08	16:00:00	1.07046	1.07155	1.07006	1.07020	9890	0	8
2023.11.08	20:00:00	1.07019	1.07106	1.06997	1.07088	3380	0	8
2023.11.09	00:00:00	1.07107	1.07154	1.07021	1.07076	3871	0	8
2023.11.09	04:00:00	1.07075	1.07115	1.07011	1.07049	4601	0	8
2023.11.09	08:00:00	1.07049	1.07095	1.06799	1.06877	8785	0	8
2023.11.09	12:00:00	1.06876	1.07248	1.06861	1.07143	13540	0	8
2023.11.09	16:00:00	1.07143	1.07166	1.06597	1.06669	15362	0	8
2023.11.09	20:00:00	1.06670	1.06748	1.06622	1.06666	4750	0	8
2023.11.10	00:00:00	1.06669	1.06746	1.06628	1.06694	4151	0	8
2023.11.10	04:00:00	1.06694	1.06715	1.06559	1.06628	5136	0	8
2023.11.10	08:00:00	1.06628	1.06885	1.06627	1.06764	9126	0	8
2023.11.10	12:00:00	1.06763	1.06922	1.06621	1.06697	12703	0	8
2023.11.10	16:00:00	1.06696	1.06870	1.06628	1.06794	8594	0	8
2023.11.10	20:00:00	1.06794	1.06869	1.06769	1.06844	2252	0	8
2023.11.12	20:00:00	1.06834	1.06885	1.06793	1.06883	1095	0	40
2023.11.13	00:00:00	1.06901	1.06901	1.06807	1.06855	3788	0	8
2023.11.13	04:00:00	1.06854	1.06969	1.06830	1.06923	4527	0	8
2023.11.13	08:00:00	1.06922	1.07010	1.06847	1.06866	7986	0	8
2023.11.13	12:00:00	1.06866	1.06924	1.06644	1.06886	11537	0	8
2023.11.13	16:00:00	1.06885	1.07057	1.06848	1.07017	7783	0	8
2023.11.13	20:00:00	1.07015	1.07037	1.06950	1.07009	3001	0	8
2023.11.14	00:00:00	1.07011	1.07018	1.06943	1.06964	3577	0	8
2023.11.14	04:00:00	1.06962	1.07091	1.06925	1.07056	4611	0	8
2023.11.14	08:00:00	1.07058	1.07301	1.06956	1.07190	9623	0	8
2023.11.14	12:00:00	1.07190	1.08420	1.07117	1.08371	22380	0	8
2023.11.14	16:00:00	1.08370	1.08823	1.08359	1.08808	10857	0	8
2023.11.14	20:00:00	1.08808	1.08870	1.08709	1.08774	3872	0	8
2023.11.15	00:00:00	1.08775	1.08824	1.08654	1.08815	5474	0	8
2023.11.15	04:00:00	1.08815	1.08834	1.08645	1.08722	6147	0	8
2023.11.15	08:00:00	1.08723	1.08789	1.08438	1.08654	10156	0	8
2023.11.15	12:00:00	1.08654	1.08857	1.08314	1.08645	16426	0	8
2023.11.15	16:00:00	1.08647	1.08683	1.08408	1.08459	8887	0	8
2023.11.15	20:00:00	1.08459	1.08534	1.08397	1.08534	3365	0	8
2023.11.16	00:00:00	1.08536	1.08553	1.08298	1.08323	4987	0	8
2023.11.16	04:00:00	1.08323	1.08453	1.08319	1.08405	5001	0	8
2023.11.16	08:00:00	1.08403	1.08604	1.08380	1.08518	8546	0	8
2023.11.16	12:00:00	1.08519	1.08949	1.08389	1.08775	15578	0	8
2023.11.16	16:00:00	1.08776	1.08825	1.08460	1.08550	9012	0	8
2023.11.16	20:00:00	1.08552	1.08575	1.08408	1.08521	3708	0	8
2023.11.17	00:00:00	1.08524	1.08567	1.08483	1.08536	4275	0	8
2023.11.17	04:00:00	1.08537	1.08559	1.08345	1.08381	5024	0	8
2023.11.17	08:00:00	1.08381	1.08740	1.08246	1.08659	11690	0	8
2023.11.17	12:00:00	1.08659	1.08927	1.08571	1.08862	14700	0	8
2023.11.17	16:00:00	1.08862	1.09040	1.08747	1.08994	8693	0	8
2023.11.17	20:00:00	1.08992	1.09134	1.08968	1.09131	2525	0	8
2023.11.19	20:00:00	1.09091	1.09094	1.09030	1.09031	1112	0	40
2023.11.20	00:00:00	1.09051	1.09244	1.08972	1.09232	6401	0	8
2023.11.20	04:00:00	1.09233	1.09354	1.09127	1.09155	6906	0	8
2023.11.20	08:00:00	1.09157	1.09396	1.09148	1.09225	9714	0	8
2023.11.20	12:00:00	1.09224	1.09454	1.09186	1.09375	11152	0	8
2023.11.20	16:00:00	1.09375	1.09515	1.09349	1.09459	8704	0	8
2023.11.20	20:00:00	1.09460	1.09471	1.09370	1.09439	3698	0	8
2023.11.21	00:00:00	1.09441	1.09638	1.09415	1.09629	7000	0	8
2023.11.21	04:00:00	1.09629	1.09648	1.09505	1.09535	6746	0	8
2023.11.21	08:00:00	1.09532	1.09635	1.09386	1.09392	10242	0	8
2023.11.21	12:00:00	1.09391	1.09609	1.09310	1.09338	14174	0	8
2023.11.21	16:00:00	1.09339	1.09432	1.08996	1.09146	11307	0	8
2023.11.21	20:00:00	1.09148	1.09180	1.09068	1.09167	4046	0	8
2023.11.22	00:00:00	1.09169	1.09224	1.09087	1.09140	5602	0	8
2023.11.22	04:00:00	1.09141	1.09162	1.08951	1.09139	6396	0	8
2023.11.22	08:00:00	1.09139	1.09193	1.08821	1.08995	11223	0	8
2023.11.22	12:00:00	1.08996	1.09174	1.08520	1.08652	18754	0	8
2023.11.22	16:00:00	1.08654	1.08874	1.08611	1.08833	9301	0	7
2023.11.22	20:00:00	1.08832	1.08890	1.08791	1.08872	3266	0	8
2023.11.23	00:00:00	1.08874	1.09054	1.08873	1.09046	4092	0	8
2023.11.23	04:00:00	1.09046	1.09171	1.09004	1.09133	5491	0	8
2023.11.23	08:00:00	1.09131	1.09301	1.08955	1.09142	11899	0	8
2023.11.23	12:00:00	1.09141	1.09148	1.08868	1.09093	8920	0	8
2023.11.23	16:00:00	1.09091	1.09096	1.09021	1.09035	2887	0	8
2023.11.23	20:00:00	1.09035	1.09067	1.08985	1.09035	1732	0	10
2023.11.24	00:00:00	1.09036	1.09099	1.08944	1.08987	4414	0	8
2023.11.24	04:00:00	1.08987	1.09117	1.08968	1.09076	4887	0	8
2023.11.24	08:00:00	1.09076	1.09203	1.09011	1.09138	8936	0	8
2023.11.24	12:00:00	1.09135	1.09452	1.09063	1.09391	12645	0	7
2023.11.24	16:00:00	1.09392	1.09479	1.09279	1.09445	5854	0	8
2023.11.24	20:00:00	1.09444	1.09465	1.09326	1.09369	1362	0	25
2023.11.26	20:00:00	1.09394	1.09460	1.09355	1.09372	1291	0	40
2023.11.27	00:00:00	1.09372	1.09493	1.09265	1.09447	6134	0	8
2023.11.27	04:00:00	1.09447	1.09587	1.09415	1.09472	6613	0	8
2023.11.27	08:00:00	1.09473	1.09561	1.09389	1.09531	9311	0	8
2023.11.27	12:00:00	1.09534	1.09548	1.09246	1.09324	15289	0	8
2023.11.27	16:00:00	1.09323	1.09562	1.09274	1.09557	9630	0	8
2023.11.27	20:00:00	1.09557	1.09588	1.09422	1.09583	3855	0	8
2023.11.28	00:00:00	1.09585	1.09625	1.09530	1.09547	5408	0	8
2023.11.28	04:00:00	1.09547	1.09548	1.09342	1.09357	5568	0	8
2023.11.28	08:00:00	1.09359	1.09570	1.09359	1.09496	10351	0	8
2023.11.28	12:00:00	1.09496	1.10015	1.09449	1.09806	18548	0	8
2023.11.28	16:00:00	1.09807	1.10086	1.09730	1.09908	14137	0	8
2023.11.28	20:00:00	1.09908	1.10048	1.09756	1.10035	4952	0	8
2023.11.29	00:00:00	1.10038	1.10168	1.09970	1.09983	7482	0	8
2023.11.29	04:00:00	1.09980	1.10042	1.09816	1.09845	7935	0	8
2023.11.29	08:00:00	1.09841	1.09979	1.09686	1.09840	12808	0	8
2023.11.29	12:00:00	1.09840	1.09942	1.09595	1.09743	20430	0	8
2023.11.29	16:00:00	1.09740	1.09944	1.09612	1.09827	10355	0	8
2023.11.29	20:00:00	1.09826	1.09835	1.09625	1.09729	4196	0	8
2023.11.30	00:00:00	1.09730	1.09834	1.09669	1.09739	5705	0	8
2023.11.30	04:00:00	1.09739	1.09814	1.09397	1.09514	7361	0	8
2023.11.30	08:00:00	1.09511	1.09588	1.09087	1.09152	13695	0	8
2023.11.30	12:00:00	1.09153	1.09494	1.08919	1.09108	23217	0	7
2023.11.30	16:00:00	1.09105	1.09165	1.08831	1.08899	12596	0	8
2023.11.30	20:00:00	1.08897	1.08938	1.08788	1.08913	4233	0	10
2023.12.01	00:00:00	1.08914	1.09123	1.08913	1.09003	6093	0	8
2023.12.01	04:00:00	1.09004	1.09118	1.08942	1.08945	7029	0	8
2023.12.01	08:00:00	1.08947	1.09042	1.08823	1.08967	12325	0	8
2023.12.01	12:00:00	1.08968	1.09005	1.08322	1.08375	18599	0	8
2023.12.01	16:00:00	1.08375	1.08924	1.08283	1.08718	17337	0	8
2023.12.01	20:00:00	1.08718	1.08830	1.08704	1.08818	2823	0	10
2023.12.03	20:00:00	1.08760	1.08930	1.08738	1.08838	2366	0	40
2023.12.04	00:00:00	1.08854	1.08863	1.08660	1.08798	8342	0	8
2023.12.04	04:00:00	1.08798	1.08803	1.08495	1.08538	7801	0	8
2023.12.04	08:00:00	1.08539	1.08805	1.08538	1.08690	12152	0	8
2023.12.04	12:00:00	1.08688	1.08756	1.08035	1.08140	18545	0	8
2023.12.04	16:00:00	1.08144	1.08286	1.08110	1.08269	10387	0	8
2023.12.04	20:00:00	1.08272	1.08372	1.08266	1.08366	4093	0	8
2023.12.05	00:00:00	1.08368	1.08457	1.08340	1.08400	6267	0	8
2023.12.05	04:00:00	1.08400	1.08470	1.08038	1.08070	7669	0	8
2023.12.05	08:00:00	1.08069	1.08422	1.08057	1.08185	13184	0	8
2023.12.05	12:00:00	1.08185	1.08384	1.07984	1.08053	20079	0	8
2023.12.05	16:00:00	1.08051	1.08128	1.07778	1.07835	12474	0	8
2023.12.05	20:00:00	1.07835	1.07983	1.07813	1.07929	4374	0	8
2023.12.06	00:00:00	1.07930	1.07982	1.07873	1.07961	5681	0	8
2023.12.06	04:00:00	1.07961	1.08013	1.07775	1.07899	6837	0	8
2023.12.06	08:00:00	1.07896	1.07975	1.07743	1.07796	11967	0	8
2023.12.06	12:00:00	1.07796	1.08045	1.07720	1.07898	16371	0	8
2023.12.06	16:00:00	1.07896	1.07998	1.07667	1.07681	9978	0	8
2023.12.06	20:00:00	1.07680	1.07690	1.07577	1.07658	4294	0	8
2023.12.07	00:00:00	1.07659	1.07715	1.07590	1.07595	5776	0	8
2023.12.07	04:00:00	1.07595	1.07806	1.07546	1.07802	7672	0	8
2023.12.07	08:00:00	1.07801	1.07842	1.07633	1.07704	13576	0	8
2023.12.07	12:00:00	1.07705	1.07975	1.07590	1.07836	18343	0	8
2023.12.07	16:00:00	1.07837	1.08171	1.07836	1.07979	12769	0	8
2023.12.07	20:00:00	1.07979	1.08033	1.07889	1.07891	3855	0	10
2023.12.08	00:00:00	1.07895	1.08001	1.07835	1.07916	8575	0	8
2023.12.08	04:00:00	1.07919	1.07919	1.07727	1.07788	7625	0	8
2023.12.08	08:00:00	1.07787	1.07908	1.07717	1.07826	12116	0	8
2023.12.08	12:00:00	1.07826	1.07855	1.07225	1.07679	25594	0	8
2023.12.08	16:00:00	1.07682	1.07701	1.07397	1.07584	10687	0	8
2023.12.08	20:00:00	1.07583	1.07660	1.07566	1.07601	2949	0	8
2023.12.10	20:00:00	1.07567	1.07656	1.07565	1.07636	1150	0	40
2023.12.11	00:00:00	1.07648	1.07735	1.07631	1.07645	6357	0	8
2023.12.11	04:00:00	1.07645	1.07703	1.07528	1.07557	6080	0	8
2023.12.11	08:00:00	1.07554	1.07785	1.07511	1.07677	10958	0	8
2023.12.11	12:00:00	1.07678	1.07699	1.07415	1.07439	12572	0	8
2023.12.11	16:00:00	1.07439	1.07692	1.07412	1.07609	9887	0	8
2023.12.11	20:00:00	1.07609	1.07651	1.07548	1.07646	3359	0	8
2023.12.12	00:00:00	1.07647	1.07699	1.07609	1.07677	5155	0	8
2023.12.12	04:00:00	1.07677	1.07828	1.07638	1.07774	6180	0	8
2023.12.12	08:00:00	1.07774	1.08069	1.07728	1.07960	10447	0	7
2023.12.12	12:00:00	1.07962	1.08278	1.07668	1.07840	20560	0	8
2023.12.12	16:00:00	1.07842	1.07983	1.07807	1.07900	10725	0	8
2023.12.12	20:00:00	1.07899	1.07987	1.07888	1.07975	4380	0	8
2023.12.13	00:00:00	1.07977	1.07992	1.07837	1.07870	4677	0	8
2023.12.13	04:00:00	1.07868	1.07917	1.07798	1.07846	6459	0	8
2023.12.13	08:00:00	1.07843	1.07924	1.07729	1.07832	10697	0	8
2023.12.13	12:00:00	1.07833	1.08088	1.07806	1.07938	14183	0	8
2023.12.13	16:00:00	1.07941	1.08912	1.07795	1.08873	20129	0	8
2023.12.13	20:00:00	1.08876	1.08963	1.08646	1.08820	11240	0	8
2023.12.14	00:00:00	1.08821	1.09149	1.08788	1.09058	9731	0	8
2023.12.14	04:00:00	1.09057	1.09090	1.08807	1.08809	9404	0	8
2023.12.14	08:00:00	1.08808	1.09315	1.08796	1.09292	15796	0	8
2023.12.14	12:00:00	1.09291	1.09968	1.09061	1.09929	31851	0	8
2023.12.14	16:00:00	1.09926	1.10087	1.09793	1.09917	13135	0	8
2023.12.14	20:00:00	1.09916	1.09964	1.09874	1.09926	5567	0	8
2023.12.15	00:00:00	1.09931	1.10003	1.09765	1.09983	7251	0	8
2023.12.15	04:00:00	1.09983	1.10031	1.09802	1.09934	7940	0	8
2023.12.15	08:00:00	1.09933	1.09987	1.09463	1.09678	15077	0	8
2023.12.15	12:00:00	1.09681	1.09691	1.09036	1.09150	21272	0	8
2023.12.15	16:00:00	1.09149	1.09164	1.08882	1.08993	12489	0	8
2023.12.15	20:00:00	1.08989	1.09085	1.08916	1.08945	3900	0	8
2023.12.17	20:00:00	1.08906	1.08961	1.08900	1.08926	1138	0	40
2023.12.18	00:00:00	1.08944	1.09131	1.08936	1.09103	5939	0	8
2023.12.18	04:00:00	1.09103	1.09296	1.09085	1.09210	6576	0	8
2023.12.18	08:00:00	1.09212	1.09277	1.09068	1.09123	11550	0	8
2023.12.18	12:00:00	1.09123	1.09309	1.09090	1.09137	14051	0	8
2023.12.18	16:00:00	1.09139	1.09275	1.09125	1.09166	9693	0	8
2023.12.18	20:00:00	1.09166	1.09238	1.09090	1.09227	4538	0	8
2023.12.19	00:00:00	1.09229	1.09286	1.09145	1.09251	6912	0	8
2023.12.19	04:00:00	1.09250	1.09408	1.09197	1.09279	8228	0	8
2023.12.19	08:00:00	1.09282	1.09490	1.09268	1.09369	11074	0	8
2023.12.19	12:00:00	1.09368	1.09868	1.09366	1.09853	15647	0	8
2023.12.19	16:00:00	1.09854	1.09858	1.09691	1.09758	9205	0	8
2023.12.19	20:00:00	1.09760	1.09824	1.09717	1.09790	4298	0	8
2023.12.20	00:00:00	1.09791	1.09791	1.09669	1.09697	4991	0	8
2023.12.20	04:00:00	1.09696	1.09707	1.09505	1.09663	7156	0	8
2023.12.20	08:00:00	1.09661	1.09709	1.09352	1.09374	11374	0	8
2023.12.20	12:00:00	1.09371	1.09745	1.09335	1.09736	14530	0	8
2023.12.20	16:00:00	1.09732	1.09752	1.09422	1.09463	10516	0	8
2023.12.20	20:00:00	1.09461	1.09481	1.09295	1.09429	7100	0	8
2023.12.21	00:00:00	1.09429	1.09539	1.09413	1.09485	5929	0	8
2023.12.21	04:00:00	1.09485	1.09555	1.09420	1.09466	6483	0	8
2023.12.21	08:00:00	1.09464	1.09846	1.09349	1.09793	11419	0	8
2023.12.21	12:00:00	1.09796	1.10019	1.09719	1.09895	19137	0	7
2023.12.21	16:00:00	1.09893	1.10006	1.09777	1.09988	13448	0	8
2023.12.21	20:00:00	1.09987	1.10122	1.09923	1.10051	5303	0	8
2023.12.22	00:00:00	1.10051	1.10091	1.09951	1.09974	5832	0	8
2023.12.22	04:00:00	1.09974	1.10071	1.09935	1.10000	6613	0	8
2023.12.22	08:00:00	1.10003	1.10293	1.09990	1.10254	11053	0	8
2023.12.22	12:00:00	1.10254	1.10399	1.10013	1.10111	17522	0	8
2023.12.22	16:00:00	1.10110	1.10233	1.09997	1.10152	11620	0	8
2023.12.22	20:00:00	1.10150	1.10153	1.10076	1.10130	2779	0	8
2023.12.25	20:00:00	1.09785	1.10238	1.09785	1.10109	1204	0	156
2023.12.26	00:00:00	1.10123	1.10232	1.10074	1.10194	4006	0	122
2023.12.26	04:00:00	1.10194	1.10235	1.10127	1.10158	3750	0	122
2023.12.26	08:00:00	1.10160	1.10225	1.10031	1.10097	4801	0	83
2023.12.26	12:00:00	1.10097	1.10322	1.10080	1.10245	8049	0	10
2023.12.26	16:00:00	1.10246	1.10446	1.10239	1.10437	5858	0	10
2023.12.26	20:00:00	1.10438	1.10446	1.10362	1.10414	3211	0	10
2023.12.27	00:00:00	1.10417	1.10422	1.10283	1.10358	4186	0	10
2023.12.27	04:00:00	1.10358	1.10489	1.10357	1.10406	4438	0	10
2023.12.27	08:00:00	1.10405	1.10591	1.10373	1.10582	7518	0	10
2023.12.27	12:00:00	1.10583	1.11152	1.10481	1.11068	11895	0	10
2023.12.27	16:00:00	1.11068	1.11223	1.10984	1.11013	10132	0	10
2023.12.27	20:00:00	1.11013	1.11092	1.10932	1.11077	4214	0	10
2023.12.28	00:00:00	1.11079	1.11222	1.11075	1.11181	4387	0	10
2023.12.28	04:00:00	1.11181	1.11252	1.11045	1.11162	5358	0	10
2023.12.28	08:00:00	1.11163	1.11391	1.11038	1.11195	9980	0	10
2023.12.28	12:00:00	1.11195	1.11197	1.10717	1.11062	14247	0	10
2023.12.28	16:00:00	1.11061	1.11063	1.10547	1.10640	10019	0	10
2023.12.28	20:00:00	1.10640	1.10702	1.10562	1.10673	4304	0	10
2023.12.29	00:00:00	1.10676	1.10840	1.10633	1.10648	4659	0	10
2023.12.29	04:00:00	1.10648	1.10758	1.10604	1.10656	4670	0	10
2023.12.29	08:00:00	1.10653	1.10771	1.10437	1.10759	9111	0	10
2023.12.29	12:00:00	1.10761	1.10802	1.10420	1.10469	14210	0	10
2023.12.29	16:00:00	1.10466	1.10664	1.10377	1.10400	12567	0	10
2023.12.29	20:00:00	1.10402	1.10503	1.10336	1.10369	2473	0	10
2024.01.01	20:00:00	1.10268	1.10369	1.10268	1.10306	1197	0	127
2024.01.02	00:00:00	1.10304	1.10385	1.10157	1.10226	3743	0	40
2024.01.02	04:00:00	1.10226	1.10359	1.10133	1.10134	4578	0	40
2024.01.02	08:00:00	1.10141	1.10375	1.09661	1.09684	11732	0	10
2024.01.02	12:00:00	1.09687	1.09714	1.09405	1.09431	17635	0	10
2024.01.02	16:00:00	1.09431	1.09613	1.09404	1.09461	9562	0	10
2024.01.02	20:00:00	1.09462	1.09508	1.09361	1.09411	4366	0	10
2024.01.03	00:00:00	1.09413	1.09619	1.09407	1.09604	3940	0	10
2024.01.03	04:00:00	1.09605	1.09624	1.09508	1.09599	4831	0	10
2024.01.03	08:00:00	1.09597	1.09650	1.09151	1.09192	11309	0	10
2024.01.03	12:00:00	1.09192	1.09383	1.08976	1.09041	20302	0	8
2024.01.03	16:00:00	1.09043	1.09253	1.08924	1.09172	16100	0	10
2024.01.03	20:00:00	1.09174	1.09269	1.09091	1.09253	6066	0	10
2024.01.04	00:00:00	1.09254	1.09302	1.09156	1.09257	4422	0	10
2024.01.04	04:00:00	1.09257	1.09432	1.09206	1.09373	6886	0	10
2024.01.04	08:00:00	1.09374	1.09718	1.09341	1.09476	12495	0	10
2024.01.04	12:00:00	1.09474	1.09650	1.09324	1.09548	16469	0	10
2024.01.04	16:00:00	1.09549	1.09636	1.09415	1.09467	9107	0	10
2024.01.04	20:00:00	1.09465	1.09496	1.09409	1.09457	4145	0	10
2024.01.05	00:00:00	1.09456	1.09555	1.09387	1.09388	4288	0	10
2024.01.05	04:00:00	1.09388	1.09408	1.09221	1.09227	5028	0	10
2024.01.05	08:00:00	1.09225	1.09300	1.09023	1.09137	10478	0	10
2024.01.05	12:00:00	1.09140	1.09981	1.08759	1.09778	31471	0	10
2024.01.05	16:00:00	1.09779	1.09802	1.09348	1.09447	14903	0	10
2024.01.05	20:00:00	1.09446	1.09468	1.09353	1.09420	3403	0	10
2024.01.07	20:00:00	1.09399	1.09445	1.09303	1.09394	1179	0	40
2024.01.08	00:00:00	1.09410	1.09527	1.09310	1.09325	4455	0	10
2024.01.08	04:00:00	1.09326	1.09519	1.09302	1.09447	5602	0	10
2024.01.08	08:00:00	1.09449	1.09502	1.09222	1.09375	11446	0	10
2024.01.08	12:00:00	1.09374	1.09741	1.09368	1.09693	15487	0	10
2024.01.08	16:00:00	1.09695	1.09785	1.09485	1.09605	9022	0	10
2024.01.08	20:00:00	1.09606	1.09606	1.09442	1.09491	4585	0	10
2024.01.09	00:00:00	1.09493	1.09659	1.09488	1.09623	5322	0	10
2024.01.09	04:00:00	1.09623	1.09625	1.09457	1.09562	5679	0	10
2024.01.09	08:00:00	1.09560	1.09562	1.09282	1.09309	10815	0	10
2024.01.09	12:00:00	1.09310	1.09509	1.09170	1.09175	15597	0	10
2024.01.09	16:00:00	1.09174	1.09397	1.09097	1.09247	9929	0	10
2024.01.09	20:00:00	1.09248	1.09321	1.09231	1.09311	3905	0	10
2024.01.10	00:00:00	1.09313	1.09359	1.09258	1.09288	4657	0	10
2024.01.10	04:00:00	1.09286	1.09450	1.09232	1.09257	5692	0	10
2024.01.10	08:00:00	1.09258	1.09550	1.09222	1.09456	9563	0	10
2024.01.10	12:00:00	1.09455	1.09688	1.09315	1.09669	11246	0	10
2024.01.10	16:00:00	1.09671	1.09704	1.09518	1.09698	7848	0	10
2024.01.10	20:00:00	1.09699	1.09743	1.09611	1.09735	4774	0	10
2024.01.11	00:00:00	1.09737	1.09843	1.09726	1.09799	4463	0	10
2024.01.11	04:00:00	1.09799	1.09881	1.09741	1.09784	4781	0	10
2024.01.11	08:00:00	1.09785	1.09820	1.09581	1.09782	9501	0	10
2024.01.11	12:00:00	1.09782	1.09980	1.09297	1.09459	30326	0	10
2024.01.11	16:00:00	1.09461	1.09825	1.09361	1.09816	15543	0	10
2024.01.11	20:00:00	1.09817	1.09822	1.09557	1.09818	5813	0	10
2024.01.12	00:00:00	1.09820	1.09849	1.09723	1.09772	4895	0	10
2024.01.12	04:00:00	1.09773	1.09800	1.09605	1.09661	5429	0	10
2024.01.12	08:00:00	1.09659	1.09823	1.09461	1.09491	10062	0	10
2024.01.12	12:00:00	1.09491	1.09865	1.09354	1.09658	21108	0	10
2024.01.12	16:00:00	1.09655	1.09734	1.09465	1.09555	9924	0	10
2024.01.12	20:00:00	1.09555	1.09560	1.09477	1.09499	2894	0	10
2024.01.14	20:00:00	1.09466	1.09494	1.09421	1.09432	921	0	40
2024.01.15	00:00:00	1.09448	1.09671	1.09404	1.09638	5124	0	10
2024.01.15	04:00:00	1.09638	1.09661	1.09511	1.09531	4669	0	10
2024.01.15	08:00:00	1.09530	1.09646	1.09330	1.09449	9710	0	10
2024.01.15	12:00:00	1.09449	1.09584	1.09376	1.09493	10525	0	10
2024.01.15	16:00:00	1.09492	1.09531	1.09457	1.09493	3093	0	10
2024.01.15	20:00:00	1.09492	1.09516	1.09442	1.09445	1795	0	10
2024.01.16	00:00:00	1.09446	1.09459	1.09149	1.09185	6557	0	10
2024.01.16	04:00:00	1.09184	1.09262	1.09081	1.09181	6114	0	10
2024.01.16	08:00:00	1.09179	1.09229	1.08734	1.08918	13752	0	10
2024.01.16	12:00:00	1.08918	1.08976	1.08653	1.08853	18521	0	10
2024.01.16	16:00:00	1.08854	1.08943	1.08616	1.08731	16535	0	10
2024.01.16	20:00:00	1.08732	1.08779	1.08694	1.08778	3692	0	10
2024.01.17	00:00:00	1.08780	1.08841	1.08647	1.08659	4819	0	10
2024.01.17	04:00:00	1.08659	1.08734	1.08550	1.08698	7905	0	10
2024.01.17	08:00:00	1.08697	1.08836	1.08605	1.08782	12132	0	10
2024.01.17	12:00:00	1.08780	1.08809	1.08441	1.08485	17919	0	10
2024.01.17	16:00:00	1.08485	1.08783	1.08474	1.08735	11002	0	10
2024.01.17	20:00:00	1.08734	1.08850	1.08699	1.08849	3360	0	10
2024.01.18	00:00:00	1.08855	1.09026	1.08799	1.08949	5917	0	10
2024.01.18	04:00:00	1.08947	1.09064	1.08859	1.08878	6069	0	10
2024.01.18	08:00:00	1.08875	1.08991	1.08761	1.08887	10208	0	10
2024.01.18	12:00:00	1.08889	1.08934	1.08462	1.08520	19306	0	10
2024.01.18	16:00:00	1.08517	1.08697	1.08496	1.08614	11237	0	10
2024.01.18	20:00:00	1.08613	1.08797	1.08601	1.08793	4529	0	10
2024.01.19	00:00:00	1.08794	1.08893	1.08757	1.08886	4824	0	10
2024.01.19	04:00:00	1.08886	1.08891	1.08742	1.08789	5103	0	10
2024.01.19	08:00:00	1.08787	1.08926	1.08676	1.08869	9450	0	10
2024.01.19	12:00:00	1.08870	1.08896	1.08652	1.08819	14769	0	10
2024.01.19	16:00:00	1.08822	1.08959	1.08796	1.08919	9599	0	10
2024.01.19	20:00:00	1.08919	1.08974	1.08895	1.08970	2772	0	10
2024.01.21	20:00:00	1.08869	1.08953	1.08835	1.08903	1655	0	40
2024.01.22	00:00:00	1.08916	1.09086	1.08907	1.09017	5017	0	10
2024.01.22	04:00:00	1.09017	1.09090	1.08967	1.08976	5797	0	10
2024.01.22	08:00:00	1.08974	1.09018	1.08812	1.08893	9338	0	10
2024.01.22	12:00:00	1.08892	1.08990	1.08795	1.08847	12531	0	10
2024.01.22	16:00:00	1.08846	1.08997	1.08798	1.08846	7670	0	10
2024.01.22	20:00:00	1.08847	1.08850	1.08765	1.08770	3692	0	10
2024.01.23	00:00:00	1.08771	1.08945	1.08754	1.08922	5239	0	10
2024.01.23	04:00:00	1.08922	1.09156	1.08911	1.09077	6423	0	10
2024.01.23	08:00:00	1.09076	1.09101	1.08594	1.08660	9632	0	10
2024.01.23	12:00:00	1.08658	1.08753	1.08209	1.08301	14008	0	10
2024.01.23	16:00:00	1.08304	1.08471	1.08239	1.08447	9034	0	10
2024.01.23	20:00:00	1.08447	1.08585	1.08413	1.08567	3295	0	10
2024.01.24	00:00:00	1.08566	1.08610	1.08510	1.08584	4409	0	10
2024.01.24	04:00:00	1.08586	1.08790	1.08578	1.08730	5608	0	10
2024.01.24	08:00:00	1.08732	1.09072	1.08624	1.08924	12649	0	10
2024.01.24	12:00:00	1.08925	1.09321	1.08870	1.09002	17700	0	10
2024.01.24	16:00:00	1.09003	1.09080	1.08810	1.08878	11625	0	10
2024.01.24	20:00:00	1.08879	1.08902	1.08775	1.08812	4023	0	10
2024.01.25	00:00:00	1.08808	1.08813	1.08698	1.08776	5074	0	10
2024.01.25	04:00:00	1.08776	1.08909	1.08741	1.08873	5114	0	10
2024.01.25	08:00:00	1.08872	1.08993	1.08825	1.08942	9679	0	10
2024.01.25	12:00:00	1.08942	1.09015	1.08289	1.08316	25281	0	10
2024.01.25	16:00:00	1.08314	1.08514	1.08210	1.08353	11722	0	10
2024.01.25	20:00:00	1.08354	1.08476	1.08330	1.08452	3810	0	10
2024.01.26	00:00:00	1.08447	1.08483	1.08370	1.08445	4345	0	10
2024.01.26	04:00:00	1.08445	1.08446	1.08123	1.08191	5776	0	10
2024.01.26	08:00:00	1.08189	1.08755	1.08167	1.08743	10683	0	10
2024.01.26	12:00:00	1.08743	1.08855	1.08548	1.08634	16611	0	10
2024.01.26	16:00:00	1.08633	1.08698	1.08536	1.08578	7705	0	10
2024.01.26	20:00:00	1.08581	1.08617	1.08518	1.08544	2264	0	10
2024.01.28	20:00:00	1.08399	1.08471	1.08374	1.08409	1792	0	40
2024.01.29	00:00:00	1.08421	1.08484	1.08388	1.08446	4472	0	10
2024.01.29	04:00:00	1.08446	1.08496	1.08346	1.08369	4778	0	10
2024.01.29	08:00:00	1.08369	1.08414	1.08136	1.08227	8870	0	10
2024.01.29	12:00:00	1.08227	1.08362	1.07956	1.07972	10941	0	10
2024.01.29	16:00:00	1.07969	1.08195	1.07953	1.08183	6769	0	10
2024.01.29	20:00:00	1.08185	1.08400	1.08185	1.08331	5386	0	10
2024.01.30	00:00:00	1.08333	1.08417	1.08295	1.08303	4611	0	10
2024.01.30	04:00:00	1.08303	1.08331	1.08115	1.08222	5888	0	10
2024.01.30	08:00:00	1.08222	1.08475	1.08158	1.08415	9725	0	10
2024.01.30	12:00:00	1.08412	1.08568	1.08275	1.08363	15010	0	10
2024.01.30	16:00:00	1.08363	1.08466	1.08311	1.08456	8135	0	10
2024.01.30	20:00:00	1.08455	1.08481	1.08353	1.08424	4229	0	10
2024.01.31	00:00:00	1.08425	1.08476	1.08155	1.08183	5514	0	10
2024.01.31	04:00:00	1.08183	1.08217	1.08055	1.08155	5002	0	10
2024.01.31	08:00:00	1.08154	1.08398	1.08089	1.08383	10449	0	10
2024.01.31	12:00:00	1.08384	1.08871	1.08329	1.08606	18794	0	10
2024.01.31	16:00:00	1.08609	1.08673	1.08153	1.08400	29136	0	10
2024.01.31	20:00:00	1.08403	1.08415	1.07944	1.08035	15161	0	10
2024.02.01	00:00:00	1.08037	1.08213	1.08012	1.08114	6376	0	10
2024.02.01	04:00:00	1.08115	1.08133	1.07834	1.07926	6383	0	10
2024.02.01	08:00:00	1.07924	1.08127	1.07794	1.08080	11414	0	10
2024.02.01	12:00:00	1.08078	1.08313	1.08050	1.08262	18547	0	10
2024.02.01	16:00:00	1.08261	1.08743	1.08259	1.08712	13925	0	10
2024.02.01	20:00:00	1.08713	1.08756	1.08643	1.08735	4223	0	10
2024.02.02	00:00:00	1.08737	1.08793	1.08695	1.08762	4495	0	10
2024.02.02	04:00:00	1.08761	1.08866	1.08716	1.08802	5591	0	10
2024.02.02	08:00:00	1.08804	1.08972	1.08732	1.08830	8699	0	10
2024.02.02	12:00:00	1.08832	1.08856	1.07826	1.08019	22141	0	10
2024.02.02	16:00:00	1.08018	1.08032	1.07801	1.07920	10675	0	10
2024.02.02	20:00:00	1.07920	1.07968	1.07855	1.07870	2500	0	10
2024.02.04	20:00:00	1.07824	1.07849	1.07686	1.07785	1552	0	39
2024.02.05	00:00:00	1.07794	1.07826	1.07669	1.07786	7262	0	10
2024.02.05	04:00:00	1.07787	1.07843	1.07722	1.07798	5931	0	10
2024.02.05	08:00:00	1.07799	1.07855	1.07466	1.07543	9334	0	10
2024.02.05	12:00:00	1.07547	1.07574	1.07227	1.07250	12969	0	10
2024.02.05	16:00:00	1.07250	1.07461	1.07243	1.07423	7047	0	10
2024.02.05	20:00:00	1.07424	1.07436	1.07330	1.07405	3225	0	10
2024.02.06	00:00:00	1.07405	1.07487	1.07405	1.07435	4554	0	10
2024.02.06	04:00:00	1.07433	1.07619	1.07430	1.07515	6173	0	10
2024.02.06	08:00:00	1.07517	1.07596	1.07239	1.07380	8727	0	10
2024.02.06	12:00:00	1.07378	1.07479	1.07220	1.07427	12652	0	10
2024.02.06	16:00:00	1.07428	1.07551	1.07385	1.07490	9498	0	10
2024.02.06	20:00:00	1.07492	1.07569	1.07487	1.07558	3977	0	10
2024.02.07	00:00:00	1.07562	1.07661	1.07554	1.07583	4326	0	10
2024.02.07	04:00:00	1.07583	1.07725	1.07563	1.07720	5360	0	10
2024.02.07	08:00:00	1.07719	1.07736	1.07574	1.07704	9288	0	10
2024.02.07	12:00:00	1.07705	1.07835	1.07555	1.07563	13105	0	10
2024.02.07	16:00:00	1.07566	1.07748	1.07557	1.07714	8753	0	10
2024.02.07	20:00:00	1.07714	1.07763	1.07671	1.07750	3609	0	10
2024.02.08	00:00:00	1.07752	1.07844	1.07739	1.07817	3510	0	10
2024.02.08	04:00:00	1.07818	1.07886	1.07764	1.07797	4941	0	10
2024.02.08	08:00:00	1.07795	1.07850	1.07607	1.07628	8484	0	10
2024.02.08	12:00:00	1.07627	1.07670	1.07411	1.07607	12576	0	10
2024.02.08	16:00:00	1.07606	1.07824	1.07595	1.07743	8050	0	10
2024.02.08	20:00:00	1.07745	1.07793	1.07732	1.07767	3318	0	10
2024.02.09	00:00:00	1.07774	1.07782	1.07698	1.07705	3468	0	10
2024.02.09	04:00:00	1.07705	1.07823	1.07690	1.07798	3841	0	10
2024.02.09	08:00:00	1.07801	1.07841	1.07619	1.07712	9234	0	10
2024.02.09	12:00:00	1.07711	1.07946	1.07627	1.07856	16154	0	10
2024.02.09	16:00:00	1.07858	1.07903	1.07788	1.07821	6239	0	10
2024.02.09	20:00:00	1.07822	1.07880	1.07792	1.07851	2076	0	10
2024.02.11	20:00:00	1.07816	1.07966	1.07804	1.07955	1374	0	40
2024.02.12	00:00:00	1.07974	1.07995	1.07907	1.07915	2814	0	10
2024.02.12	04:00:00	1.07915	1.08050	1.07889	1.08026	4064	0	10
2024.02.12	08:00:00	1.08024	1.08025	1.07626	1.07690	8478	0	10
2024.02.12	12:00:00	1.07690	1.07736	1.07553	1.07670	9271	0	10
2024.02.12	16:00:00	1.07671	1.07857	1.07647	1.07691	7265	0	10
2024.02.12	20:00:00	1.07691	1.07746	1.07673	1.07710	3526	0	10
2024.02.13	00:00:00	1.07712	1.07740	1.07602	1.07612	3071	0	10
2024.02.13	04:00:00	1.07612	1.07771	1.07607	1.07708	4636	0	10
2024.02.13	08:00:00	1.07706	1.07812	1.07564	1.07775	8470	0	10
2024.02.13	12:00:00	1.07772	1.07976	1.07002	1.07164	20340	0	10
2024.02.13	16:00:00	1.07165	1.07218	1.07002	1.07010	8710	0	10
2024.02.13	20:00:00	1.07010	1.07102	1.07001	1.07080	3759	0	10
2024.02.14	00:00:00	1.07081	1.07140	1.07030	1.07120	4329	0	10
2024.02.14	04:00:00	1.07120	1.07182	1.07046	1.07073	5469	0	10
2024.02.14	08:00:00	1.07074	1.07099	1.06945	1.07072	9272	0	10
2024.02.14	12:00:00	1.07073	1.07248	1.07008	1.07209	12163	0	10
2024.02.14	16:00:00	1.07208	1.07339	1.07189	1.07277	8001	0	10
2024.02.14	20:00:00	1.07277	1.07313	1.07243	1.07311	3220	0	10
2024.02.15	00:00:00	1.07317	1.07349	1.07248	1.07254	3531	0	10
2024.02.15	04:00:00	1.07254	1.07409	1.07242	1.07326	4878	0	10
2024.02.15	08:00:00	1.07326	1.07395	1.07278	1.07351	7951	0	10
2024.02.15	12:00:00	1.07350	1.07844	1.07349	1.07608	14872	0	10
2024.02.15	16:00:00	1.07609	1.07717	1.07548	1.07681	7601	0	10
2024.02.15	20:00:00	1.07682	1.07760	1.07674	1.07727	3288	0	10
2024.02.16	00:00:00	1.07723	1.07732	1.07588	1.07597	4626	0	10
2024.02.16	04:00:00	1.07598	1.07674	1.07570	1.07603	4914	0	10
2024.02.16	08:00:00	1.07605	1.07795	1.07592	1.07770	7209	0	10
2024.02.16	12:00:00	1.07768	1.07776	1.07316	1.07704	15051	0	10
2024.02.16	16:00:00	1.07706	1.07869	1.07623	1.07767	7986	0	10
2024.02.16	20:00:00	1.07766	1.07776	1.07726	1.07767	2604	0	10
2024.02.18	20:00:00	1.07734	1.07828	1.07669	1.07812	1162	0	40
2024.02.19	00:00:00	1.07834	1.07885	1.07746	1.07752	3972	0	10
2024.02.19	04:00:00	1.07752	1.07889	1.07745	1.07823	4094	0	10
2024.02.19	08:00:00	1.07825	1.07867	1.07719	1.07765	7200	0	10
2024.02.19	12:00:00	1.07766	1.07791	1.07616	1.07668	6904	0	10
2024.02.19	16:00:00	1.07668	1.07831	1.07620	1.07781	2701	0	10
2024.02.19	20:00:00	1.07782	1.07819	1.07733	1.07754	2017	0	10
2024.02.20	00:00:00	1.07751	1.07763	1.07614	1.07675	4475	0	10
2024.02.20	04:00:00	1.07674	1.07743	1.07647	1.07693	4950	0	10
2024.02.20	08:00:00	1.07692	1.08092	1.07686	1.07978	9333	0	10
2024.02.20	12:00:00	1.07980	1.08385	1.07950	1.08220	12089	0	10
2024.02.20	16:00:00	1.08218	1.08245	1.08060	1.08061	7516	0	10
2024.02.20	20:00:00	1.08061	1.08122	1.08040	1.08102	3318	0	10
2024.02.21	00:00:00	1.08092	1.08183	1.08050	1.08174	4310	0	10
2024.02.21	04:00:00	1.08174	1.08186	1.08062	1.08104	5031	0	10
2024.02.21	08:00:00	1.08102	1.08143	1.07897	1.07987	8305	0	10
2024.02.21	12:00:00	1.07988	1.08194	1.07959	1.08049	9816	0	10
2024.02.21	16:00:00	1.08049	1.08239	1.07994	1.08161	9946	0	10
2024.02.21	20:00:00	1.08160	1.08218	1.08121	1.08198	4828	0	10
2024.02.22	00:00:00	1.08197	1.08316	1.08187	1.08255	4140	0	10
2024.02.22	04:00:00	1.08255	1.08532	1.08247	1.08526	4918	0	10
2024.02.22	08:00:00	1.08523	1.08878	1.08445	1.08568	14441	0	10
2024.02.22	12:00:00	1.08566	1.08580	1.08023	1.08099	14601	0	10
2024.02.22	16:00:00	1.08100	1.08256	1.08083	1.08219	7525	0	10
2024.02.22	20:00:00	1.08218	1.08254	1.08180	1.08244	3610	0	10
2024.02.23	00:00:00	1.08248	1.08314	1.08145	1.08250	4771	0	10
2024.02.23	04:00:00	1.08250	1.08315	1.08207	1.08291	4543	0	10
2024.02.23	08:00:00	1.08292	1.08319	1.08137	1.08265	8463	0	10
2024.02.23	12:00:00	1.08266	1.08390	1.08113	1.08201	11309	0	10
2024.02.23	16:00:00	1.08201	1.08291	1.08146	1.08225	7507	0	10
2024.02.23	20:00:00	1.08226	1.08240	1.08173	1.08205	2263	0	10
2024.02.25	20:00:00	1.08252	1.08252	1.08151	1.08177	1320	0	40
2024.02.26	00:00:00	1.08188	1.08200	1.08122	1.08180	4023	0	10
2024.02.26	04:00:00	1.08180	1.08363	1.08169	1.08316	4603	0	10
2024.02.26	08:00:00	1.08319	1.08534	1.08267	1.08513	7348	0	10
2024.02.26	12:00:00	1.08514	1.08594	1.08383	1.08505	9145	0	10
2024.02.26	16:00:00	1.08503	1.08551	1.08394	1.08458	6648	0	10
2024.02.26	20:00:00	1.08458	1.08523	1.08450	1.08497	3195	0	10
2024.02.27	00:00:00	1.08499	1.08530	1.08449	1.08523	3653	0	10
2024.02.27	04:00:00	1.08523	1.08621	1.08465	1.08557	4619	0	10
2024.02.27	08:00:00	1.08556	1.08655	1.08414	1.08570	7745	0	10
2024.02.27	12:00:00	1.08570	1.08627	1.08326	1.08463	9825	0	10
2024.02.27	16:00:00	1.08464	1.08573	1.08404	1.08441	8078	0	10
2024.02.27	20:00:00	1.08440	1.08471	1.08402	1.08410	3116	0	10
2024.02.28	00:00:00	1.08407	1.08453	1.08324	1.08341	4014	0	10
2024.02.28	04:00:00	1.08341	1.08353	1.08160	1.08226	4437	0	10
2024.02.28	08:00:00	1.08228	1.08237	1.07962	1.08149	9082	0	10
2024.02.28	12:00:00	1.08150	1.08372	1.08064	1.08336	11619	0	10
2024.02.28	16:00:00	1.08336	1.08453	1.08307	1.08333	6952	0	10
2024.02.28	20:00:00	1.08333	1.08397	1.08326	1.08376	3281	0	10
2024.02.29	00:00:00	1.08378	1.08398	1.08277	1.08363	5154	0	10
2024.02.29	04:00:00	1.08363	1.08387	1.08255	1.08282	6049	0	10
2024.02.29	08:00:00	1.08285	1.08537	1.08279	1.08340	10691	0	10
2024.02.29	12:00:00	1.08337	1.08554	1.08187	1.08221	15090	0	10
2024.02.29	16:00:00	1.08222	1.08246	1.07955	1.08020	9556	0	10
2024.02.29	20:00:00	1.08022	1.08090	1.07992	1.08046	4370	0	10
2024.03.01	00:00:00	1.08054	1.08213	1.08049	1.08162	3737	0	10
2024.03.01	04:00:00	1.08163	1.08170	1.08078	1.08119	4075	0	10
2024.03.01	08:00:00	1.08121	1.08220	1.07981	1.08182	9814	0	10
2024.03.01	12:00:00	1.08180	1.08413	1.07977	1.08344	14120	0	10
2024.03.01	16:00:00	1.08346	1.08427	1.08229	1.08406	7736	0	10
2024.03.01	20:00:00	1.08406	1.08409	1.08330	1.08389	2275	0	10
2024.03.03	20:00:00	1.08341	1.08422	1.08337	1.08387	1292	0	40
2024.03.04	00:00:00	1.08411	1.08475	1.08380	1.08433	3742	0	10
2024.03.04	04:00:00	1.08433	1.08537	1.08424	1.08531	4133	0	10
2024.03.04	08:00:00	1.08531	1.08573	1.08374	1.08556	7857	0	10
2024.03.04	12:00:00	1.08556	1.08631	1.08397	1.08626	9592	0	10
2024.03.04	16:00:00	1.08628	1.08664	1.08548	1.08561	6356	0	10
2024.03.04	20:00:00	1.08560	1.08591	1.08514	1.08541	3588	0	10
2024.03.05	00:00:00	1.08537	1.08549	1.08472	1.08539	3350	0	10
2024.03.05	04:00:00	1.08538	1.08538	1.08411	1.08459	4140	0	10
2024.03.05	08:00:00	1.08458	1.08553	1.08427	1.08494	7170	0	10
2024.03.05	12:00:00	1.08495	1.08757	1.08398	1.08708	12220	0	10
2024.03.05	16:00:00	1.08709	1.08714	1.08510	1.08526	7516	0	10
2024.03.05	20:00:00	1.08526	1.08585	1.08487	1.08554	3617	0	10
2024.03.06	00:00:00	1.08551	1.08553	1.08419	1.08502	4214	0	10
2024.03.06	04:00:00	1.08503	1.08658	1.08492	1.08613	4554	0	10
2024.03.06	08:00:00	1.08611	1.08791	1.08587	1.08752	6782	0	10
2024.03.06	12:00:00	1.08751	1.09081	1.08672	1.09046	12969	0	10
2024.03.06	16:00:00	1.09046	1.09148	1.08929	1.08965	10261	0	10
2024.03.06	20:00:00	1.08962	1.09011	1.08925	1.08979	4195	0	10
2024.03.07	00:00:00	1.08989	1.09069	1.08932	1.09000	5176	0	10
2024.03.07	04:00:00	1.09000	1.09050	1.08909	1.08935	5451	0	10
2024.03.07	08:00:00	1.08935	1.09022	1.08872	1.08937	7731	0	10
2024.03.07	12:00:00	1.08936	1.09303	1.08676	1.09294	16338	0	10
2024.03.07	16:00:00	1.09293	1.09485	1.09242	1.09463	8190	0	10
2024.03.07	20:00:00	1.09463	1.09498	1.09420	1.09498	3581	0	10
2024.03.08	00:00:00	1.09507	1.09553	1.09438	1.09469	4028	0	10
2024.03.08	04:00:00	1.09470	1.09505	1.09313	1.09334	5094	0	10
2024.03.08	08:00:00	1.09334	1.09385	1.09257	1.09340	8366	0	10
2024.03.08	12:00:00	1.09339	1.09807	1.09176	1.09602	18329	0	10
2024.03.08	16:00:00	1.09604	1.09608	1.09330	1.09412	9973	0	10
2024.03.08	20:00:00	1.09411	1.09432	1.09341	1.09379	2525	0	10
2024.03.10	20:00:00	1.09329	1.09431	1.09329	1.09421	1988	0	10
2024.03.11	00:00:00	1.09422	1.09461	1.09369	1.09408	4582	0	10
2024.03.11	04:00:00	1.09408	1.09468	1.09350	1.09415	4525	0	10
2024.03.11	08:00:00	1.09413	1.09477	1.09326	1.09424	7467	0	10
2024.03.11	12:00:00	1.09421	1.09427	1.09141	1.09264	9122	0	10
2024.03.11	16:00:00	1.09262	1.09301	1.09180	1.09257	6534	0	10
2024.03.11	20:00:00	1.09257	1.09304	1.09176	1.09302	2992	0	10
2024.03.12	00:00:00	1.09301	1.09376	1.09263	1.09357	3831	0	10
2024.03.12	04:00:00	1.09357	1.09389	1.09312	1.09314	4577	0	10
2024.03.12	08:00:00	1.09315	1.09349	1.09209	1.09329	6742	0	10
2024.03.12	12:00:00	1.09327	1.09433	1.09017	1.09170	17787	0	10
2024.03.12	16:00:00	1.09171	1.09253	1.09123	1.09251	6490	0	10
2024.03.12	20:00:00	1.09251	1.09285	1.09231	1.09264	2284	0	10
2024.03.13	00:00:00	1.09262	1.09302	1.09229	1.09275	3825	0	10
2024.03.13	04:00:00	1.09274	1.09313	1.09204	1.09261	4603	0	10
2024.03.13	08:00:00	1.09263	1.09451	1.09197	1.09415	6748	0	10
2024.03.13	12:00:00	1.09416	1.09469	1.09310	1.09429	9462	0	10
2024.03.13	16:00:00	1.09426	1.09634	1.09396	1.09469	6797	0	10
2024.03.13	20:00:00	1.09469	1.09525	1.09433	1.09525	2915	0	10
2024.03.14	00:00:00	1.09526	1.09542	1.09409	1.09421	3156	0	10
2024.03.14	04:00:00	1.09421	1.09428	1.09314	1.09350	4037	0	10
2024.03.14	08:00:00	1.09350	1.09449	1.09348	1.09408	6619	0	10
2024.03.14	12:00:00	1.09410	1.09442	1.08825	1.08873	14888	0	10
2024.03.14	16:00:00	1.08873	1.08922	1.08802	1.08904	6280	0	10
2024.03.14	20:00:00	1.08904	1.08914	1.08799	1.08825	3162	0	10
2024.03.15	00:00:00	1.08823	1.08842	1.08723	1.08766	3645	0	10
2024.03.15	04:00:00	1.08766	1.08843	1.08729	1.08803	3834	0	10
2024.03.15	08:00:00	1.08802	1.08992	1.08776	1.08930	6659	0	10
2024.03.15	12:00:00	1.08929	1.08943	1.08810	1.08871	10247	0	10
2024.03.15	16:00:00	1.08871	1.08909	1.08829	1.08890	5866	0	10
2024.03.15	20:00:00	1.08890	1.08895	1.08864	1.08866	608	0	10
2024.03.17	20:00:00	1.08879	1.08898	1.08797	1.08826	1864	0	10
2024.03.18	00:00:00	1.08830	1.08911	1.08801	1.08851	3236	0	10
2024.03.18	04:00:00	1.08851	1.08960	1.08848	1.08921	3163	0	10
2024.03.18	08:00:00	1.08919	1.09055	1.08904	1.09019	6178	0	10
2024.03.18	12:00:00	1.09019	1.09045	1.08806	1.08848	7533	0	10
2024.03.18	16:00:00	1.08849	1.08849	1.08657	1.08689	5238	0	10
2024.03.18	20:00:00	1.08688	1.08734	1.08682	1.08730	2379	0	10
2024.03.19	00:00:00	1.08730	1.08760	1.08664	1.08734	4765	0	10
2024.03.19	04:00:00	1.08734	1.08762	1.08512	1.08544	5914	0	10
2024.03.19	08:00:00	1.08542	1.08559	1.08343	1.08497	8057	0	10
2024.03.19	12:00:00	1.08500	1.08648	1.08452	1.08577	8091	0	10
2024.03.19	16:00:00	1.08578	1.08670	1.08543	1.08643	5037	0	10
2024.03.19	20:00:00	1.08640	1.08661	1.08612	1.08616	2410	0	10
2024.03.20	00:00:00	1.08614	1.08705	1.08579	1.08694	2945	0	10
2024.03.20	04:00:00	1.08693	1.08717	1.08643	1.08651	3860	0	10
2024.03.20	08:00:00	1.08648	1.08650	1.08361	1.08422	6761	0	10
2024.03.20	12:00:00	1.08420	1.08556	1.08369	1.08541	6614	0	10
2024.03.20	16:00:00	1.08543	1.09223	1.08530	1.09204	18947	0	10
2024.03.20	20:00:00	1.09202	1.09367	1.09171	1.09366	3700	0	10
2024.03.21	00:00:00	1.09367	1.09384	1.09303	1.09345	4449	0	10
2024.03.21	04:00:00	1.09345	1.09421	1.09252	1.09283	4167	0	10
2024.03.21	08:00:00	1.09284	1.09284	1.08870	1.09093	10879	0	10
2024.03.21	12:00:00	1.09095	1.09168	1.08553	1.08602	12693	0	10
2024.03.21	16:00:00	1.08600	1.08659	1.08550	1.08564	5954	0	10
2024.03.21	20:00:00	1.08566	1.08624	1.08563	1.08615	2312	0	10
2024.03.22	00:00:00	1.08614	1.08674	1.08356	1.08376	4089	0	10
2024.03.22	04:00:00	1.08376	1.08414	1.08204	1.08244	5070	0	10
2024.03.22	08:00:00	1.08244	1.08295	1.08076	1.08158	7097	0	10
2024.03.22	12:00:00	1.08160	1.08312	1.08098	1.08154	8806	0	10
2024.03.22	16:00:00	1.08154	1.08166	1.08011	1.08052	4284	0	10
2024.03.22	20:00:00	1.08049	1.08092	1.08046	1.08082	705	0	10
2024.03.24	20:00:00	1.08067	1.08096	1.08028	1.08069	1335	0	10
2024.03.25	00:00:00	1.08070	1.08216	1.08016	1.08132	4286	0	10
2024.03.25	04:00:00	1.08133	1.08225	1.08103	1.08133	3692	0	10
2024.03.25	08:00:00	1.08133	1.08290	1.08069	1.08278	5685	0	10
2024.03.25	12:00:00	1.08278	1.08418	1.08273	1.08359	5691	0	10
2024.03.25	16:00:00	1.08360	1.08395	1.08326	1.08386	3177	0	10
2024.03.25	20:00:00	1.08386	1.08405	1.08327	1.08364	2770	0	10
2024.03.26	00:00:00	1.08366	1.08451	1.08353	1.08365	3166	0	10
2024.03.26	04:00:00	1.08365	1.08522	1.08361	1.08419	3608	0	10
2024.03.26	08:00:00	1.08421	1.08638	1.08381	1.08562	6980	0	10
2024.03.26	12:00:00	1.08564	1.08588	1.08248	1.08279	8571	0	10
2024.03.26	16:00:00	1.08277	1.08352	1.08238	1.08283	4287	0	10
2024.03.26	20:00:00	1.08283	1.08327	1.08278	1.08316	2270	0	10
2024.03.27	00:00:00	1.08321	1.08322	1.08199	1.08256	3488	0	10
2024.03.27	04:00:00	1.08256	1.08334	1.08226	1.08257	3730	0	10
2024.03.27	08:00:00	1.08256	1.08385	1.08176	1.08206	7175	0	10
2024.03.27	12:00:00	1.08208	1.08221	1.08103	1.08198	7613	0	10
2024.03.27	16:00:00	1.08197	1.08271	1.08170	1.08266	4681	0	10
2024.03.27	20:00:00	1.08263	1.08283	1.08071	1.08120	2950	0	10
2024.03.28	00:00:00	1.08122	1.08255	1.08076	1.08210	3880	0	10
2024.03.28	04:00:00	1.08210	1.08261	1.07997	1.08006	3965	0	10
2024.03.28	08:00:00	1.08006	1.08018	1.07747	1.07835	6369	0	10
2024.03.28	12:00:00	1.07835	1.08183	1.07833	1.08009	11058	0	10
2024.03.28	16:00:00	1.08007	1.08048	1.07843	1.07878	5624	0	10
2024.03.28	20:00:00	1.07877	1.07931	1.07829	1.07903	5508	0	10
2024.03.29	00:00:00	1.07903	1.07904	1.07730	1.07742	3222	0	10
2024.03.29	04:00:00	1.07742	1.07814	1.07678	1.07681	2210	0	10
2024.03.29	08:00:00	1.07681	1.07883	1.07678	1.07840	4407	0	10
2024.03.29	12:00:00	1.07840	1.08021	1.07777	1.07865	5071	0	50
2024.03.29	16:00:00	1.07865	1.07878	1.07800	1.07847	3248	0	120
2024.03.29	20:00:00	1.07844	1.07905	1.07628	1.07743	1113	0	122
2024.03.31	20:00:00	1.07887	1.07942	1.07832	1.07913	2287	0	10
2024.04.01	00:00:00	1.07927	1.07984	1.07842	1.07897	4376	0	10
2024.04.01	04:00:00	1.07897	1.07917	1.07823	1.07858	3620	0	10
2024.04.01	08:00:00	1.07857	1.07912	1.07791	1.07837	3708	0	10
2024.04.01	12:00:00	1.07837	1.07855	1.07307	1.07324	9032	0	10
2024.04.01	16:00:00	1.07323	1.07435	1.07308	1.07413	4088	0	10
2024.04.01	20:00:00	1.07413	1.07434	1.07353	1.07364	2504	0	10
2024.04.02	00:00:00	1.07370	1.07385	1.07291	1.07296	3856	0	10
2024.04.02	04:00:00	1.07298	1.07423	1.07241	1.07412	4892	0	10
2024.04.02	08:00:00	1.07409	1.07529	1.07258	1.07511	7009	0	10
2024.04.02	12:00:00	1.07509	1.07785	1.07451	1.07684	10263	0	10
2024.04.02	16:00:00	1.07683	1.07697	1.07597	1.07674	3741	0	10
2024.04.02	20:00:00	1.07672	1.07725	1.07645	1.07678	2447	0	10
2024.04.03	00:00:00	1.07677	1.07791	1.07654	1.07769	3013	0	10
2024.04.03	04:00:00	1.07770	1.07776	1.07635	1.07699	4011	0	10
2024.04.03	08:00:00	1.07700	1.07845	1.07645	1.07831	5370	0	10
2024.04.03	12:00:00	1.07831	1.08301	1.07723	1.08259	12689	0	10
2024.04.03	16:00:00	1.08259	1.08363	1.08198	1.08329	5754	0	10
2024.04.03	20:00:00	1.08329	1.08403	1.08314	1.08372	2337	0	10
2024.04.04	00:00:00	1.08372	1.08441	1.08342	1.08420	2781	0	10
2024.04.04	04:00:00	1.08422	1.08578	1.08386	1.08568	4536	0	10
2024.04.04	08:00:00	1.08570	1.08651	1.08503	1.08524	5983	0	10
2024.04.04	12:00:00	1.08524	1.08762	1.08503	1.08643	7865	0	10
2024.04.04	16:00:00	1.08643	1.08666	1.08331	1.08333	6817	0	10
2024.04.04	20:00:00	1.08334	1.08399	1.08316	1.08357	3945	0	10
2024.04.05	00:00:00	1.08361	1.08434	1.08230	1.08265	4225	0	10
2024.04.05	04:00:00	1.08265	1.08406	1.08223	1.08385	4719	0	10
2024.04.05	08:00:00	1.08383	1.08461	1.08303	1.08347	5251	0	10
2024.04.05	12:00:00	1.08348	1.08475	1.07910	1.08396	15473	0	10
2024.04.05	16:00:00	1.08397	1.08439	1.08303	1.08349	5340	0	10
2024.04.05	20:00:00	1.08348	1.08374	1.08333	1.08366	653	0	10
2024.04.07	20:00:00	1.08362	1.08369	1.08255	1.08290	1660	0	10
2024.04.08	00:00:00	1.08295	1.08428	1.08226	1.08331	4721	0	10
2024.04.08	04:00:00	1.08331	1.08374	1.08279	1.08319	5284	0	10
2024.04.08	08:00:00	1.08319	1.08348	1.08205	1.08233	6541	0	10
2024.04.08	12:00:00	1.08232	1.08583	1.08210	1.08520	9403	0	10
2024.04.08	16:00:00	1.08520	1.08617	1.08463	1.08561	4419	0	10
2024.04.08	20:00:00	1.08559	1.08630	1.08552	1.08612	2689	0	10
2024.04.09	00:00:00	1.08615	1.08629	1.08536	1.08548	3104	0	10
2024.04.09	04:00:00	1.08549	1.08622	1.08508	1.08529	4035	0	10
2024.04.09	08:00:00	1.08531	1.08723	1.08488	1.08610	5757	0	10
2024.04.09	12:00:00	1.08612	1.08845	1.08516	1.08553	10177	0	10
2024.04.09	16:00:00	1.08552	1.08596	1.08472	1.08561	4965	0	10
2024.04.09	20:00:00	1.08561	1.08593	1.08529	1.08580	2799	0	10
2024.04.10	00:00:00	1.08583	1.08585	1.08504	1.08527	3276	0	10
2024.04.10	04:00:00	1.08527	1.08569	1.08472	1.08546	4386	0	10
2024.04.10	08:00:00	1.08544	1.08660	1.08508	1.08551	5396	0	10
2024.04.10	12:00:00	1.08552	1.08637	1.07326	1.07365	22400	0	10
2024.04.10	16:00:00	1.07365	1.07538	1.07283	1.07435	11055	0	10
2024.04.10	20:00:00	1.07433	1.07454	1.07386	1.07410	2672	0	10
2024.04.11	00:00:00	1.07409	1.07485	1.07378	1.07443	4262	0	10
2024.04.11	04:00:00	1.07442	1.07468	1.07262	1.07427	5683	0	10
2024.04.11	08:00:00	1.07429	1.07494	1.07249	1.07281	7669	0	10
2024.04.11	12:00:00	1.07281	1.07559	1.06988	1.07207	19969	0	10
2024.04.11	16:00:00	1.07208	1.07340	1.07132	1.07283	7887	0	10
2024.04.11	20:00:00	1.07285	1.07288	1.07226	1.07258	2080	0	10
2024.04.12	00:00:00	1.07258	1.07278	1.07148	1.07167	3724	0	10
2024.04.12	04:00:00	1.07166	1.07171	1.06739	1.06837	6843	0	10
2024.04.12	08:00:00	1.06839	1.06846	1.06435	1.06507	8726	0	10
2024.04.12	12:00:00	1.06508	1.06554	1.06220	1.06461	14711	0	10
2024.04.12	16:00:00	1.06460	1.06502	1.06369	1.06380	7704	0	10
2024.04.12	20:00:00	1.06379	1.06437	1.06367	1.06403	769	0	10
2024.04.14	20:00:00	1.06289	1.06496	1.06266	1.06468	2690	0	10
2024.04.15	00:00:00	1.06459	1.06543	1.06388	1.06516	5148	0	10
2024.04.15	04:00:00	1.06516	1.06642	1.06466	1.06575	7461	0	10
2024.04.15	08:00:00	1.06574	1.06647	1.06509	1.06543	7775	0	10
2024.04.15	12:00:00	1.06543	1.06601	1.06214	1.06428	15540	0	10
2024.04.15	16:00:00	1.06431	1.06469	1.06197	1.06262	7869	0	10
2024.04.15	20:00:00	1.06259	1.06279	1.06204	1.06244	2604	0	10
2024.04.16	00:00:00	1.06245	1.06251	1.06057	1.06110	5406	0	10
2024.04.16	04:00:00	1.06110	1.06223	1.06017	1.06173	7066	0	10
2024.04.16	08:00:00	1.06175	1.06467	1.06121	1.06419	9052	0	10
2024.04.16	12:00:00	1.06419	1.06531	1.06212	1.06274	15317	0	10
2024.04.16	16:00:00	1.06274	1.06344	1.06004	1.06214	13303	0	10
2024.04.16	20:00:00	1.06213	1.06247	1.06120	1.06200	3679	0	10
2024.04.17	00:00:00	1.06207	1.06351	1.06167	1.06268	4776	0	10
2024.04.17	04:00:00	1.06268	1.06372	1.06056	1.06249	7626	0	10
2024.04.17	08:00:00	1.06249	1.06485	1.06235	1.06352	8588	0	10
2024.04.17	12:00:00	1.06353	1.06523	1.06294	1.06424	11937	0	10
2024.04.17	16:00:00	1.06424	1.06791	1.06353	1.06706	10514	0	10
2024.04.17	20:00:00	1.06707	1.06745	1.06667	1.06680	2750	0	10
2024.04.18	00:00:00	1.06685	1.06798	1.06639	1.06793	4264	0	10
2024.04.18	04:00:00	1.06793	1.06897	1.06743	1.06807	5807	0	10
2024.04.18	08:00:00	1.06808	1.06836	1.06693	1.06766	6928	0	10
2024.04.18	12:00:00	1.06768	1.06793	1.06461	1.06593	13633	0	10
2024.04.18	16:00:00	1.06591	1.06613	1.06416	1.06430	6857	0	10
2024.04.18	20:00:00	1.06430	1.06455	1.06397	1.06427	2133	0	10
2024.04.19	00:00:00	1.06420	1.06438	1.06099	1.06368	14003	0	10
2024.04.19	04:00:00	1.06366	1.06587	1.06266	1.06548	10397	0	10
2024.04.19	08:00:00	1.06546	1.06615	1.06424	1.06512	8931	0	10
2024.04.19	12:00:00	1.06514	1.06774	1.06489	1.06546	12872	0	10
2024.04.19	16:00:00	1.06543	1.06594	1.06398	1.06544	8124	0	10
2024.04.19	20:00:00	1.06544	1.06573	1.06527	1.06561	594	0	10
2024.04.21	20:00:00	1.06524	1.06608	1.06480	1.06571	1757	0	10
2024.04.22	00:00:00	1.06571	1.06700	1.06524	1.06614	5148	0	10
2024.04.22	04:00:00	1.06614	1.06688	1.06521	1.06580	5767	0	10
2024.04.22	08:00:00	1.06579	1.06617	1.06325	1.06349	7752	0	10
2024.04.22	12:00:00	1.06348	1.06475	1.06236	1.06465	9103	0	10
2024.04.22	16:00:00	1.06466	1.06604	1.06455	1.06516	4468	0	10
2024.04.22	20:00:00	1.06516	1.06555	1.06489	1.06533	2189	0	10
2024.04.23	00:00:00	1.06533	1.06601	1.06530	1.06558	3473	0	10
2024.04.23	04:00:00	1.06558	1.06946	1.06381	1.06790	7481	0	10
2024.04.23	08:00:00	1.06787	1.06827	1.06528	1.06742	8328	0	10
2024.04.23	12:00:00	1.06743	1.07108	1.06596	1.06943	14528	0	10
2024.04.23	16:00:00	1.06945	1.07072	1.06918	1.07026	5335	0	10
2024.04.23	20:00:00	1.07025	1.07039	1.06992	1.07018	2124	0	10
2024.04.24	00:00:00	1.07018	1.07139	1.06997	1.07058	4295	0	10
2024.04.24	04:00:00	1.07056	1.07085	1.06844	1.06880	5114	0	10
2024.04.24	08:00:00	1.06880	1.06922	1.06802	1.06885	5599	0	10
2024.04.24	12:00:00	1.06886	1.07020	1.06775	1.06859	11029	0	10
2024.04.24	16:00:00	1.06856	1.07061	1.06828	1.07002	6010	0	10
2024.04.24	20:00:00	1.07002	1.07003	1.06937	1.06995	2348	0	10
2024.04.25	00:00:00	1.06998	1.07084	1.06966	1.07056	3640	0	10
2024.04.25	04:00:00	1.07056	1.07271	1.07047	1.07204	5315	0	10
2024.04.25	08:00:00	1.07204	1.07292	1.07166	1.07198	6188	0	10
2024.04.25	12:00:00	1.07199	1.07395	1.06780	1.07197	18865	0	10
2024.04.25	16:00:00	1.07196	1.07382	1.07145	1.07289	7259	0	10
2024.04.25	20:00:00	1.07289	1.07303	1.07254	1.07264	1926	0	10
2024.04.26	00:00:00	1.07264	1.07289	1.07182	1.07228	3666	0	10
2024.04.26	04:00:00	1.07228	1.07383	1.07205	1.07293	5444	0	10
2024.04.26	08:00:00	1.07293	1.07524	1.07148	1.07156	8949	0	10
2024.04.26	12:00:00	1.07156	1.07409	1.06734	1.06852	15707	0	10
2024.04.26	16:00:00	1.06854	1.07066	1.06835	1.06995	4609	0	10
2024.04.26	20:00:00	1.06992	1.07013	1.06906	1.06925	1041	0	10
2024.04.28	20:00:00	1.06899	1.07067	1.06874	1.07066	1834	0	10
2024.04.29	00:00:00	1.07064	1.07192	1.07057	1.07156	4597	0	10
2024.04.29	04:00:00	1.07156	1.07331	1.07080	1.07176	11793	0	10
2024.04.29	08:00:00	1.07174	1.07267	1.06967	1.07142	8972	0	10
2024.04.29	12:00:00	1.07142	1.07231	1.06897	1.07161	9554	0	10
2024.04.29	16:00:00	1.07160	1.07291	1.07147	1.07206	6410	0	10
2024.04.29	20:00:00	1.07207	1.07225	1.07136	1.07144	2290	0	10
2024.04.30	00:00:00	1.07144	1.07176	1.07022	1.07047	3676	0	10
2024.04.30	04:00:00	1.07048	1.07093	1.06897	1.07047	5772	0	10
2024.04.30	08:00:00	1.07045	1.07349	1.06925	1.07198	7487	0	10
2024.04.30	12:00:00	1.07199	1.07237	1.06828	1.06835	17815	0	10
2024.04.30	16:00:00	1.06834	1.06863	1.06712	1.06723	6171	0	10
2024.04.30	20:00:00	1.06721	1.06732	1.06575	1.06656	3039	0	10
2024.05.01	00:00:00	1.06658	1.06668	1.06555	1.06562	2666	0	10
2024.05.01	04:00:00	1.06561	1.06614	1.06488	1.06607	3657	0	10
2024.05.01	08:00:00	1.06608	1.06728	1.06608	1.06712	5011	0	10
2024.05.01	12:00:00	1.06712	1.06923	1.06703	1.06789	10818	0	10
2024.05.01	16:00:00	1.06789	1.07322	1.06702	1.06891	22065	0	10
2024.05.01	20:00:00	1.06892	1.07225	1.06865	1.07166	6760	0	10
2024.05.02	00:00:00	1.07166	1.07203	1.07066	1.07142	4520	0	10
2024.05.02	04:00:00	1.07142	1.07278	1.07117	1.07151	6906	0	10
2024.05.02	08:00:00	1.07152	1.07186	1.06951	1.07019	8135	0	10
2024.05.02	12:00:00	1.07020	1.07118	1.06738	1.07044	13869	0	10
2024.05.02	16:00:00	1.07046	1.07296	1.07011	1.07265	6908	0	10
2024.05.02	20:00:00	1.07266	1.07305	1.07211	1.07293	2585	0	10
2024.05.03	00:00:00	1.07296	1.07390	1.07238	1.07346	4181	0	10
2024.05.03	04:00:00	1.07346	1.07377	1.07241	1.07339	5275	0	10
2024.05.03	08:00:00	1.07339	1.07491	1.07320	1.07454	6675	0	10
2024.05.03	12:00:00	1.07450	1.08117	1.07431	1.07685	25946	0	10
2024.05.03	16:00:00	1.07688	1.07729	1.07586	1.07637	5598	0	10
2024.05.03	20:00:00	1.07639	1.07664	1.07619	1.07623	672	0	10
2024.05.05	20:00:00	1.07609	1.07644	1.07570	1.07580	1495	0	10
2024.05.06	00:00:00	1.07579	1.07710	1.07549	1.07645	4432	0	10
2024.05.06	04:00:00	1.07643	1.07692	1.07590	1.07611	5048	0	10
2024.05.06	08:00:00	1.07614	1.07757	1.07571	1.07721	6462	0	10
2024.05.06	12:00:00	1.07721	1.07902	1.07719	1.07783	6976	0	10
2024.05.06	16:00:00	1.07781	1.07785	1.07659	1.07668	4031	0	10
2024.05.06	20:00:00	1.07670	1.07703	1.07651	1.07670	1881	0	10
2024.05.07	00:00:00	1.07669	1.07763	1.07604	1.07681	4312	0	10
2024.05.07	04:00:00	1.07681	1.07690	1.07538	1.07642	5982	0	10
2024.05.07	08:00:00	1.07639	1.07699	1.07545	1.07660	6875	0	10
2024.05.07	12:00:00	1.07662	1.07869	1.07637	1.07663	8706	0	10
2024.05.07	16:00:00	1.07665	1.07738	1.07475	1.07557	5907	0	10
2024.05.07	20:00:00	1.07557	1.07559	1.07471	1.07495	2008	0	10
2024.05.08	00:00:00	1.07493	1.07538	1.07377	1.07408	3929	0	10
2024.05.08	04:00:00	1.07408	1.07486	1.07366	1.07382	4549	0	10
2024.05.08	08:00:00	1.07380	1.07534	1.07344	1.07458	6539	0	10
2024.05.08	12:00:00	1.07458	1.07569	1.07394	1.07542	7975	0	10
2024.05.08	16:00:00	1.07542	1.07543	1.07403	1.07451	4340	0	10
2024.05.08	20:00:00	1.07449	1.07499	1.07431	1.07465	1940	0	10
2024.05.09	00:00:00	1.07465	1.07512	1.07418	1.07470	3310	0	10
2024.05.09	04:00:00	1.07472	1.07499	1.07292	1.07344	4240	0	10
2024.05.09	08:00:00	1.07342	1.07379	1.07236	1.07269	6711	0	10
2024.05.09	12:00:00	1.07269	1.07812	1.07264	1.07698	11104	0	10
2024.05.09	16:00:00	1.07700	1.07838	1.07697	1.07821	4621	0	10
2024.05.09	20:00:00	1.07819	1.07852	1.07787	1.07811	1943	0	10
2024.05.10	00:00:00	1.07811	1.07820	1.07726	1.07755	3090	0	10
2024.05.10	04:00:00	1.07755	1.07835	1.07712	1.07809	5048	0	10
2024.05.10	08:00:00	1.07809	1.07862	1.07747	1.07787	6426	0	10
2024.05.10	12:00:00	1.07787	1.07896	1.07598	1.07714	9741	0	10
2024.05.10	16:00:00	1.07716	1.07788	1.07690	1.07714	4240	0	10
2024.05.10	20:00:00	1.07714	1.07720	1.07681	1.07703	733	0	10
2024.05.12	20:00:00	1.07703	1.07747	1.07655	1.07696	1559	0	10
2024.05.13	00:00:00	1.07696	1.07728	1.07654	1.07711	4158	0	10
2024.05.13	04:00:00	1.07710	1.07794	1.07684	1.07754	4214	0	10
2024.05.13	08:00:00	1.07751	1.07939	1.07731	1.07887	5701	0	10
2024.05.13	12:00:00	1.07888	1.08063	1.07883	1.07950	7451	0	10
2024.05.13	16:00:00	1.07950	1.07986	1.07863	1.07886	3642	0	10
2024.05.13	20:00:00	1.07886	1.07932	1.07863	1.07916	1729	0	10
2024.05.14	00:00:00	1.07916	1.07919	1.07840	1.07872	2983	0	10
2024.05.14	04:00:00	1.07872	1.07891	1.07826	1.07867	3680	0	10
2024.05.14	08:00:00	1.07868	1.07984	1.07748	1.07922	5829	0	10
2024.05.14	12:00:00	1.07922	1.08251	1.07668	1.08180	13353	0	10
2024.05.14	16:00:00	1.08179	1.08225	1.08135	1.08197	3672	0	10
2024.05.14	20:00:00	1.08199	1.08205	1.08131	1.08133	2270	0	10
2024.05.15	00:00:00	1.08132	1.08273	1.08127	1.08255	3013	0	10
2024.05.15	04:00:00	1.08255	1.08322	1.08202	1.08257	4614	0	10
2024.05.15	08:00:00	1.08256	1.08341	1.08215	1.08290	6081	0	10
2024.05.15	12:00:00	1.08292	1.08740	1.08277	1.08597	16607	0	10
2024.05.15	16:00:00	1.08595	1.08823	1.08557	1.08812	5458	0	10
2024.05.15	20:00:00	1.08811	1.08898	1.08767	1.08878	3026	0	10
2024.05.16	00:00:00	1.08878	1.08946	1.08808	1.08866	4835	0	10
2024.05.16	04:00:00	1.08866	1.08867	1.08727	1.08737	4951	0	10
2024.05.16	08:00:00	1.08738	1.08762	1.08613	1.08664	5500	0	10
2024.05.16	12:00:00	1.08664	1.08753	1.08539	1.08745	9732	0	10
2024.05.16	16:00:00	1.08744	1.08752	1.08652	1.08665	4276	0	10
2024.05.16	20:00:00	1.08664	1.08687	1.08613	1.08674	2017	0	10
2024.05.17	00:00:00	1.08674	1.08683	1.08539	1.08588	3267	0	10
2024.05.17	04:00:00	1.08588	1.08678	1.08551	1.08585	4108	0	10
2024.05.17	08:00:00	1.08585	1.08590	1.08353	1.08427	5342	0	10
2024.05.17	12:00:00	1.08426	1.08779	1.08383	1.08680	7765	0	10
2024.05.17	16:00:00	1.08680	1.08760	1.08665	1.08722	4320	0	10
2024.05.17	20:00:00	1.08722	1.08724	1.08673	1.08686	679	0	10
2024.05.19	20:00:00	1.08672	1.08738	1.08651	1.08717	1233	0	10
2024.05.20	00:00:00	1.08717	1.08782	1.08685	1.08775	3402	0	10
2024.05.20	04:00:00	1.08775	1.08841	1.08689	1.08726	4550	0	10
2024.05.20	08:00:00	1.08726	1.08759	1.08595	1.08596	4561	0	10
2024.05.20	12:00:00	1.08597	1.08692	1.08536	1.08601	7591	0	10
2024.05.20	16:00:00	1.08603	1.08701	1.08583	1.08594	3496	0	10
2024.05.20	20:00:00	1.08594	1.08604	1.08546	1.08600	2105	0	10
2024.05.21	00:00:00	1.08600	1.08613	1.08505	1.08556	3569	0	10
2024.05.21	04:00:00	1.08555	1.08665	1.08547	1.08638	4484	0	10
2024.05.21	08:00:00	1.08638	1.08743	1.08594	1.08680	5532	0	10
2024.05.21	12:00:00	1.08682	1.08702	1.08421	1.08534	11155	0	10
2024.05.21	16:00:00	1.08534	1.08563	1.08460	1.08551	4140	0	10
2024.05.21	20:00:00	1.08550	1.08590	1.08494	1.08535	1954	0	10
2024.05.22	00:00:00	1.08535	1.08630	1.08532	1.08555	3569	0	10
2024.05.22	04:00:00	1.08555	1.08630	1.08497	1.08571	5132	0	10
2024.05.22	08:00:00	1.08571	1.08576	1.08214	1.08269	6050	0	10
2024.05.22	12:00:00	1.08271	1.08418	1.08261	1.08357	8641	0	10
2024.05.22	16:00:00	1.08357	1.08463	1.08170	1.08206	6960	0	10
2024.05.22	20:00:00	1.08208	1.08264	1.08175	1.08246	2560	0	10
2024.05.23	00:00:00	1.08246	1.08308	1.08216	1.08297	3365	0	10
2024.05.23	04:00:00	1.08297	1.08339	1.08120	1.08291	6416	0	10
2024.05.23	08:00:00	1.08286	1.08519	1.08277	1.08500	7039	0	10
2024.05.23	12:00:00	1.08501	1.08603	1.08201	1.08259	13226	0	10
2024.05.23	16:00:00	1.08259	1.08306	1.08043	1.08098	6641	0	10
2024.05.23	20:00:00	1.08098	1.08151	1.08080	1.08112	2648	0	10
2024.05.24	00:00:00	1.08112	1.08133	1.08051	1.08060	3648	0	10
2024.05.24	04:00:00	1.08060	1.08252	1.08051	1.08237	4618	0	10
2024.05.24	08:00:00	1.08238	1.08437	1.08193	1.08402	5617	0	10
2024.05.24	12:00:00	1.08402	1.08553	1.08371	1.08505	9159	0	10
2024.05.24	16:00:00	1.08505	1.08574	1.08455	1.08486	4205	0	10
2024.05.24	20:00:00	1.08485	1.08487	1.08454	1.08456	536	0	10
2024.05.26	20:00:00	1.08472	1.08499	1.08403	1.08462	1474	0	10
2024.05.27	00:00:00	1.08462	1.08517	1.08462	1.08488	2522	0	10
2024.05.27	04:00:00	1.08487	1.08521	1.08437	1.08503	2999	0	10
2024.05.27	08:00:00	1.08506	1.08669	1.08445	1.08571	5025	0	10
2024.05.27	12:00:00	1.08571	1.08600	1.08403	1.08592	6549	0	10
2024.05.27	16:00:00	1.08592	1.08614	1.08565	1.08591	1195	0	10
2024.05.27	20:00:00	1.08592	1.08615	1.08502	1.08608	2288	0	10
2024.05.28	00:00:00	1.08610	1.08782	1.08601	1.08777	4082	0	10
2024.05.28	04:00:00	1.08778	1.08796	1.08710	1.08770	4798	0	10
2024.05.28	08:00:00	1.08769	1.08885	1.08666	1.08837	5599	0	10
2024.05.28	12:00:00	1.08836	1.08840	1.08575	1.08776	9464	0	10
2024.05.28	16:00:00	1.08775	1.08783	1.08547	1.08608	5967	0	10
2024.05.28	20:00:00	1.08608	1.08613	1.08508	1.08509	2368	0	10
2024.05.29	00:00:00	1.08509	1.08564	1.08453	1.08468	3566	0	10
2024.05.29	04:00:00	1.08468	1.08585	1.08434	1.08518	5029	0	10
2024.05.29	08:00:00	1.08514	1.08556	1.08290	1.08496	8044	0	10
2024.05.29	12:00:00	1.08495	1.08581	1.08085	1.08108	10868	0	10
2024.05.29	16:00:00	1.08107	1.08169	1.07994	1.08014	6150	0	10
2024.05.29	20:00:00	1.08016	1.08033	1.07947	1.08009	2420	0	10
2024.05.30	00:00:00	1.08008	1.08041	1.07934	1.07975	4291	0	10
2024.05.30	04:00:00	1.07975	1.08107	1.07878	1.08079	6503	0	10
2024.05.30	08:00:00	1.08078	1.08213	1.08030	1.08179	7245	0	10
2024.05.30	12:00:00	1.08176	1.08447	1.08123	1.08358	10508	0	10
2024.05.30	16:00:00	1.08360	1.08428	1.08265	1.08298	4754	0	10
2024.05.30	20:00:00	1.08296	1.08335	1.08284	1.08309	2288	0	10
2024.05.31	00:00:00	1.08310	1.08333	1.08107	1.08186	4550	0	10
2024.05.31	04:00:00	1.08186	1.08249	1.08140	1.08223	5636	0	10
2024.05.31	08:00:00	1.08222	1.08547	1.08220	1.08521	7052	0	10
2024.05.31	12:00:00	1.08521	1.08819	1.08414	1.08456	14271	0	10
2024.05.31	16:00:00	1.08457	1.08522	1.08394	1.08504	5540	0	10
2024.05.31	20:00:00	1.08506	1.08516	1.08458	1.08480	971	0	10
2024.06.02	20:00:00	1.08460	1.08526	1.08448	1.08524	1675	0	10
2024.06.03	00:00:00	1.08522	1.08581	1.08488	1.08491	3789	0	10
2024.06.03	04:00:00	1.08491	1.08584	1.08394	1.08395	5307	0	10
2024.06.03	08:00:00	1.08394	1.08443	1.08274	1.08427	7658	0	10
2024.06.03	12:00:00	1.08429	1.08899	1.08398	1.08890	11055	0	10
2024.06.03	16:00:00	1.08890	1.08996	1.08810	1.08992	6164	0	10
2024.06.03	20:00:00	1.08995	1.09091	1.08981	1.09066	2268	0	10
2024.06.04	00:00:00	1.09066	1.09154	1.09047	1.09069	3887	0	10
2024.06.04	04:00:00	1.09069	1.09106	1.08844	1.08897	5809	0	10
2024.06.04	08:00:00	1.08897	1.08904	1.08585	1.08612	9429	0	10
2024.06.04	12:00:00	1.08613	1.08829	1.08613	1.08771	11701	0	10
2024.06.04	16:00:00	1.08771	1.08871	1.08770	1.08807	6492	0	10
2024.06.04	20:00:00	1.08806	1.08815	1.08758	1.08814	1816	0	10
2024.06.05	00:00:00	1.08814	1.08856	1.08762	1.08781	3481	0	10
2024.06.05	04:00:00	1.08780	1.08819	1.08704	1.08711	5030	0	10
2024.06.05	08:00:00	1.08710	1.08768	1.08593	1.08676	6011	0	10
2024.06.05	12:00:00	1.08676	1.08911	1.08616	1.08646	12826	0	10
2024.06.05	16:00:00	1.08645	1.08769	1.08540	1.08737	5268	0	10
2024.06.05	20:00:00	1.08739	1.08739	1.08645	1.08736	2299	0	10
2024.06.06	00:00:00	1.08736	1.08954	1.08733	1.08900	3976	0	10
2024.06.06	04:00:00	1.08900	1.08904	1.08755	1.08779	4946	0	10
2024.06.06	08:00:00	1.08779	1.08817	1.08615	1.08670	5521	0	10
2024.06.06	12:00:00	1.08672	1.09015	1.08638	1.08816	13859	0	10
2024.06.06	16:00:00	1.08817	1.08938	1.08794	1.08888	4504	0	10
2024.06.06	20:00:00	1.08889	1.08927	1.08858	1.08911	1974	0	10
2024.06.07	00:00:00	1.08909	1.08976	1.08863	1.08943	3636	0	10
2024.06.07	04:00:00	1.08942	1.08978	1.08875	1.08923	4953	0	10
2024.06.07	08:00:00	1.08924	1.09016	1.08826	1.08979	7168	0	10
2024.06.07	12:00:00	1.08977	1.09004	1.08037	1.08060	16941	0	10
2024.06.07	16:00:00	1.08060	1.08117	1.07995	1.07996	5934	0	10
2024.06.07	20:00:00	1.07996	1.08033	1.07990	1.08010	744	0	10
2024.06.09	20:00:00	1.07621	1.07794	1.07553	1.07784	2519	0	10
2024.06.10	00:00:00	1.07782	1.07810	1.07551	1.07552	3329	0	10
2024.06.10	04:00:00	1.07552	1.07659	1.07474	1.07641	7294	0	10
2024.06.10	08:00:00	1.07641	1.07675	1.07322	1.07530	7229	0	10
2024.06.10	12:00:00	1.07532	1.07599	1.07326	1.07495	9185	0	10
2024.06.10	16:00:00	1.07495	1.07650	1.07494	1.07624	5296	0	10
2024.06.10	20:00:00	1.07623	1.07674	1.07590	1.07628	2345	0	10
2024.06.11	00:00:00	1.07628	1.07687	1.07607	1.07679	3251	0	10
2024.06.11	04:00:00	1.07679	1.07731	1.07606	1.07637	4798	0	10
2024.06.11	08:00:00	1.07636	1.07643	1.07233	1.07283	9681	0	10
2024.06.11	12:00:00	1.07284	1.07361	1.07189	1.07318	10283	0	10
2024.06.11	16:00:00	1.07320	1.07488	1.07317	1.07397	4476	0	10
2024.06.11	20:00:00	1.07398	1.07422	1.07372	1.07396	2119	0	10
2024.06.12	00:00:00	1.07393	1.07426	1.07342	1.07397	3207	0	10
2024.06.12	04:00:00	1.07397	1.07464	1.07353	1.07440	4537	0	10
2024.06.12	08:00:00	1.07440	1.07649	1.07436	1.07636	6325	0	10
2024.06.12	12:00:00	1.07638	1.08519	1.07614	1.08421	15960	0	10
2024.06.12	16:00:00	1.08422	1.08475	1.08033	1.08061	20612	0	10
2024.06.12	20:00:00	1.08061	1.08147	1.08039	1.08124	2884	0	10
2024.06.13	00:00:00	1.08124	1.08154	1.08035	1.08064	3989	0	10
2024.06.13	04:00:00	1.08065	1.08158	1.08000	1.08138	5260	0	10
2024.06.13	08:00:00	1.08136	1.08140	1.07822	1.07829	7156	0	10
2024.06.13	12:00:00	1.07829	1.08159	1.07529	1.07551	14263	0	10
2024.06.13	16:00:00	1.07551	1.07551	1.07325	1.07403	6859	0	10
2024.06.13	20:00:00	1.07400	1.07427	1.07324	1.07372	2485	0	10
2024.06.14	00:00:00	1.07372	1.07445	1.07350	1.07396	3775	0	10
2024.06.14	04:00:00	1.07396	1.07406	1.07055	1.07074	7056	0	10
2024.06.14	08:00:00	1.07071	1.07115	1.06711	1.06934	12061	0	10
2024.06.14	12:00:00	1.06936	1.06994	1.06671	1.06982	13891	0	10
2024.06.14	16:00:00	1.06981	1.07055	1.06926	1.07055	5600	0	10
2024.06.14	20:00:00	1.07056	1.07070	1.07014	1.07016	769	0	10
2024.06.16	20:00:00	1.07009	1.07072	1.06975	1.07022	1784	0	10
2024.06.17	00:00:00	1.07022	1.07068	1.06985	1.07032	4063	0	10
2024.06.17	04:00:00	1.07032	1.07082	1.06860	1.07002	8254	0	10
2024.06.17	08:00:00	1.07002	1.07171	1.06990	1.07090	8505	0	10
2024.06.17	12:00:00	1.07091	1.07242	1.07065	1.07218	9341	0	10
2024.06.17	16:00:00	1.07217	1.07372	1.07201	1.07318	5396	0	10
2024.06.17	20:00:00	1.07318	1.07405	1.07262	1.07394	2675	0	10
2024.06.18	00:00:00	1.07395	1.07403	1.07205	1.07243	3955	0	10
2024.06.18	04:00:00	1.07242	1.07346	1.07180	1.07228	6555	0	10
2024.06.18	08:00:00	1.07229	1.07254	1.07095	1.07159	7451	0	10
2024.06.18	12:00:00	1.07161	1.07610	1.07102	1.07378	12766	0	10
2024.06.18	16:00:00	1.07379	1.07429	1.07317	1.07383	6010	0	10
2024.06.18	20:00:00	1.07385	1.07406	1.07362	1.07380	1894	0	10
2024.06.19	00:00:00	1.07383	1.07419	1.07348	1.07375	2903	0	10
2024.06.19	04:00:00	1.07375	1.07410	1.07244	1.07360	6240	0	10
2024.06.19	08:00:00	1.07361	1.07528	1.07319	1.07503	8135	0	10
2024.06.19	12:00:00	1.07502	1.07527	1.07405	1.07487	5834	0	10
2024.06.19	16:00:00	1.07486	1.07488	1.07419	1.07443	1274	0	10
2024.06.19	20:00:00	1.07444	1.07484	1.07399	1.07467	1776	0	10
2024.06.20	00:00:00	1.07468	1.07481	1.07384	1.07414	3311	0	10
2024.06.20	04:00:00	1.07415	1.07444	1.07237	1.07245	5076	0	10
2024.06.20	08:00:00	1.07243	1.07315	1.07122	1.07146	7850	0	10
2024.06.20	12:00:00	1.07143	1.07302	1.07065	1.07069	11012	0	10
2024.06.20	16:00:00	1.07069	1.07172	1.07030	1.07049	6005	0	10
2024.06.20	20:00:00	1.07048	1.07071	1.06977	1.07057	2160	0	10
2024.06.21	00:00:00	1.07057	1.07171	1.07029	1.07157	3726	0	10
2024.06.21	04:00:00	1.07157	1.07202	1.06707	1.06781	6701	0	10
2024.06.21	08:00:00	1.06777	1.06975	1.06758	1.06884	9099	0	10
2024.06.21	12:00:00	1.06884	1.06972	1.06776	1.06931	11312	0	10
2024.06.21	16:00:00	1.06933	1.06963	1.06889	1.06916	4721	0	10
2024.06.21	20:00:00	1.06914	1.06946	1.06908	1.06918	780	0	10
2024.06.23	20:00:00	1.06875	1.06951	1.06844	1.06874	1646	0	10
2024.06.24	00:00:00	1.06874	1.06930	1.06833	1.06911	3738	0	10
2024.06.24	04:00:00	1.06911	1.07143	1.06906	1.07122	5168	0	10
2024.06.24	08:00:00	1.07121	1.07353	1.07079	1.07351	7906	0	10
2024.06.24	12:00:00	1.07350	1.07458	1.07231	1.07268	8992	0	10
2024.06.24	16:00:00	1.07265	1.07378	1.07216	1.07355	4863	0	10
2024.06.24	20:00:00	1.07352	1.07368	1.07305	1.07317	1887	0	10
2024.06.25	00:00:00	1.07315	1.07388	1.07313	1.07382	3351	0	10
2024.06.25	04:00:00	1.07382	1.07436	1.07205	1.07267	5387	0	10
2024.06.25	08:00:00	1.07266	1.07355	1.07087	1.07092	6965	0	10
2024.06.25	12:00:00	1.07092	1.07146	1.06901	1.07036	9097	0	10
2024.06.25	16:00:00	1.07039	1.07170	1.07015	1.07153	4630	0	10
2024.06.25	20:00:00	1.07153	1.07154	1.07086	1.07088	1958	0	10
2024.06.26	00:00:00	1.07087	1.07174	1.07059	1.07105	3630	0	10
2024.06.26	04:00:00	1.07104	1.07113	1.06850	1.06932	5366	0	10
2024.06.26	08:00:00	1.06930	1.06994	1.06793	1.06935	6939	0	10
2024.06.26	12:00:00	1.06936	1.06953	1.06656	1.06817	11836	0	10
2024.06.26	16:00:00	1.06818	1.06905	1.06746	1.06803	5507	0	10
2024.06.26	20:00:00	1.06803	1.06814	1.06770	1.06795	2249	0	10
2024.06.27	00:00:00	1.06795	1.06921	1.06766	1.06901	3856	0	10
2024.06.27	04:00:00	1.06901	1.06984	1.06879	1.06900	5270	0	10
2024.06.27	08:00:00	1.06896	1.07038	1.06802	1.06923	7900	0	10
2024.06.27	12:00:00	1.06926	1.07260	1.06923	1.07067	12147	0	10
2024.06.27	16:00:00	1.07064	1.07100	1.07008	1.07023	5460	0	10
2024.06.27	20:00:00	1.07026	1.07089	1.06989	1.07072	2043	0	10
2024.06.28	00:00:00	1.07071	1.07103	1.06850	1.06918	4750	0	10
2024.06.28	04:00:00	1.06918	1.07034	1.06852	1.06965	5310	0	10
2024.06.28	08:00:00	1.06963	1.07114	1.06917	1.06968	7215	0	10
2024.06.28	12:00:00	1.06968	1.07216	1.06920	1.07107	15592	0	10
2024.06.28	16:00:00	1.07106	1.07242	1.07057	1.07108	5923	0	10
2024.06.28	20:00:00	1.07105	1.07140	1.07074	1.07131	1038	0	10
2024.06.30	20:00:00	1.07347	1.07405	1.07300	1.07344	2640	0	10
2024.07.01	00:00:00	1.07345	1.07611	1.07342	1.07524	5558	0	10
2024.07.01	04:00:00	1.07524	1.07759	1.07510	1.07543	7880	0	10
2024.07.01	08:00:00	1.07545	1.07717	1.07423	1.07486	7541	0	10
2024.07.01	12:00:00	1.07486	1.07696	1.07192	1.07263	11793	0	10
2024.07.01	16:00:00	1.07263	1.07388	1.07237	1.07378	5393	0	10
2024.07.01	20:00:00	1.07377	1.07420	1.07352	1.07359	2274	0	10
2024.07.02	00:00:00	1.07359	1.07383	1.07304	1.07320	3421	0	10
2024.07.02	04:00:00	1.07320	1.07351	1.07117	1.07177	5795	0	10
2024.07.02	08:00:00	1.07177	1.07240	1.07096	1.07233	6930	0	10
2024.07.02	12:00:00	1.07234	1.07463	1.07234	1.07361	11923	0	10
2024.07.02	16:00:00	1.07359	1.07460	1.07301	1.07456	4181	0	10
2024.07.02	20:00:00	1.07455	1.07486	1.07416	1.07475	1979	0	10
2024.07.03	00:00:00	1.07476	1.07537	1.07399	1.07431	2956	0	10
2024.07.03	04:00:00	1.07431	1.07613	1.07357	1.07590	4883	0	10
2024.07.03	08:00:00	1.07589	1.07631	1.07521	1.07572	6175	0	10
2024.07.03	12:00:00	1.07575	1.08164	1.07546	1.07983	12322	0	10
2024.07.03	16:00:00	1.07984	1.08001	1.07778	1.07843	4279	0	10
2024.07.03	20:00:00	1.07843	1.07911	1.07817	1.07904	2082	0	10
2024.07.04	00:00:00	1.07905	1.07944	1.07832	1.07847	3019	0	10
2024.07.04	04:00:00	1.07848	1.07960	1.07843	1.07941	5097	0	10
2024.07.04	08:00:00	1.07941	1.08026	1.07933	1.07966	6033	0	10
2024.07.04	12:00:00	1.07965	1.08134	1.07941	1.08101	5314	0	10
2024.07.04	16:00:00	1.08101	1.08133	1.08092	1.08123	1281	0	10
2024.07.04	20:00:00	1.08123	1.08133	1.08076	1.08100	1812	0	10
2024.07.05	00:00:00	1.08101	1.08240	1.08097	1.08215	3496	0	10
2024.07.05	04:00:00	1.08215	1.08298	1.08160	1.08288	4666	0	10
2024.07.05	08:00:00	1.08286	1.08313	1.08181	1.08186	5409	0	10
2024.07.05	12:00:00	1.08188	1.08412	1.08014	1.08271	15706	0	10
2024.07.05	16:00:00	1.08271	1.08421	1.08229	1.08407	4481	0	10
2024.07.05	20:00:00	1.08408	1.08408	1.08372	1.08390	949	0	10
2024.07.07	20:00:00	1.08009	1.08316	1.07989	1.08252	2672	0	10
2024.07.08	00:00:00	1.08252	1.08357	1.08187	1.08308	4452	0	10
2024.07.08	04:00:00	1.08311	1.08377	1.08143	1.08364	6905	0	10
2024.07.08	08:00:00	1.08364	1.08425	1.08232	1.08330	7099	0	10
2024.07.08	12:00:00	1.08332	1.08448	1.08308	1.08345	8287	0	10
2024.07.08	16:00:00	1.08343	1.08359	1.08220	1.08247	3819	0	10
2024.07.08	20:00:00	1.08247	1.08309	1.08220	1.08300	1766	0	10
2024.07.09	00:00:00	1.08300	1.08328	1.08188	1.08278	3239	0	10
2024.07.09	04:00:00	1.08278	1.08307	1.08165	1.08173	4712	0	10
2024.07.09	08:00:00	1.08172	1.08279	1.08117	1.08134	6020	0	10
2024.07.09	12:00:00	1.08136	1.08278	1.08052	1.08121	10464	0	10
2024.07.09	16:00:00	1.08124	1.08157	1.08055	1.08139	5147	0	10
2024.07.09	20:00:00	1.08138	1.08160	1.08089	1.08139	1805	0	10
2024.07.10	00:00:00	1.08139	1.08207	1.08102	1.08194	3276	0	10
2024.07.10	04:00:00	1.08194	1.08244	1.08142	1.08159	4820	0	10
2024.07.10	08:00:00	1.08157	1.08265	1.08114	1.08249	6148	0	10
2024.07.10	12:00:00	1.08248	1.08284	1.08194	1.08221	7836	0	10
2024.07.10	16:00:00	1.08221	1.08293	1.08170	1.08281	4075	0	10
2024.07.10	20:00:00	1.08281	1.08360	1.08248	1.08327	2069	0	10
2024.07.11	00:00:00	1.08327	1.08397	1.08318	1.08373	2984	0	10
2024.07.11	04:00:00	1.08373	1.08395	1.08317	1.08389	4297	0	10
2024.07.11	08:00:00	1.08388	1.08574	1.08376	1.08542	5856	0	10
2024.07.11	12:00:00	1.08542	1.08995	1.08440	1.08694	21619	0	10
2024.07.11	16:00:00	1.08694	1.08703	1.08594	1.08644	6567	0	10
2024.07.11	20:00:00	1.08642	1.08739	1.08637	1.08734	3047	0	10
2024.07.12	00:00:00	1.08734	1.08742	1.08631	1.08684	4534	0	10
2024.07.12	04:00:00	1.08684	1.08756	1.08615	1.08749	5025	0	10
2024.07.12	08:00:00	1.08748	1.08919	1.08748	1.08874	6442	0	10
2024.07.12	12:00:00	1.08874	1.09106	1.08733	1.09010	14609	0	10
2024.07.12	16:00:00	1.09008	1.09109	1.09001	1.09060	4762	0	10
2024.07.12	20:00:00	1.09062	1.09075	1.09036	1.09060	679	0	10
2024.07.14	20:00:00	1.08852	1.08917	1.08816	1.08855	2491	0	3
2024.07.15	00:00:00	1.08855	1.08951	1.08831	1.08938	3807	0	10
2024.07.15	04:00:00	1.08938	1.08960	1.08833	1.08952	5139	0	10
2024.07.15	08:00:00	1.08954	1.09199	1.08953	1.09054	7284	0	10
2024.07.15	12:00:00	1.09054	1.09219	1.09017	1.09115	8793	0	10
2024.07.15	16:00:00	1.09117	1.09165	1.08929	1.08983	7878	0	10
2024.07.15	20:00:00	1.08980	1.08989	1.08904	1.08978	2369	0	7
2024.07.16	00:00:00	1.08979	1.08979	1.08883	1.08924	3508	0	10
2024.07.16	04:00:00	1.08926	1.08998	1.08833	1.08986	5352	0	10
2024.07.16	08:00:00	1.08985	1.09037	1.08934	1.09014	7678	0	10
2024.07.16	12:00:00	1.09014	1.09050	1.08713	1.08840	11018	0	10
2024.07.16	16:00:00	1.08840	1.09022	1.08806	1.09011	4956	0	10
2024.07.16	20:00:00	1.09008	1.09026	1.08937	1.09018	2599	0	10
2024.07.17	00:00:00	1.09018	1.09064	1.08953	1.09056	3717	0	10
2024.07.17	04:00:00	1.09057	1.09130	1.08948	1.09081	6801	0	10
2024.07.17	08:00:00	1.09082	1.09446	1.09073	1.09345	9808	0	10
2024.07.17	12:00:00	1.09342	1.09476	1.09272	1.09319	11077	0	10
2024.07.17	16:00:00	1.09319	1.09393	1.09233	1.09357	6079	0	10
2024.07.17	20:00:00	1.09355	1.09405	1.09344	1.09396	3252	0	10
2024.07.18	00:00:00	1.09396	1.09402	1.09318	1.09323	4017	0	10
2024.07.18	04:00:00	1.09324	1.09377	1.09257	1.09308	5934	0	10
2024.07.18	08:00:00	1.09308	1.09383	1.09258	1.09271	6055	0	10
2024.07.18	12:00:00	1.09273	1.09363	1.09045	1.09118	11695	0	10
2024.07.18	16:00:00	1.09119	1.09158	1.08931	1.08968	6607	0	10
2024.07.18	20:00:00	1.08965	1.09014	1.08925	1.08996	2344	0	10
2024.07.19	00:00:00	1.08996	1.08997	1.08860	1.08879	4464	0	10
2024.07.19	04:00:00	1.08879	1.08901	1.08813	1.08876	6124	0	10
2024.07.19	08:00:00	1.08874	1.08927	1.08758	1.08927	7771	0	10
2024.07.19	12:00:00	1.08925	1.08936	1.08789	1.08875	9199	0	10
2024.07.19	16:00:00	1.08874	1.08908	1.08753	1.08790	5566	0	10
2024.07.19	20:00:00	1.08790	1.08829	1.08784	1.08827	930	0	10
2024.07.21	20:00:00	1.08807	1.09022	1.08807	1.08983	3009	0	10
2024.07.22	00:00:00	1.08983	1.08992	1.08843	1.08912	4063	0	10
2024.07.22	04:00:00	1.08912	1.08924	1.08783	1.08868	6579	0	10
2024.07.22	08:00:00	1.08868	1.08948	1.08834	1.08850	6283	0	10
2024.07.22	12:00:00	1.08851	1.08883	1.08726	1.08795	8409	0	10
2024.07.22	16:00:00	1.08795	1.08912	1.08785	1.08868	4389	0	10
2024.07.22	20:00:00	1.08867	1.08920	1.08858	1.08883	2076	0	10
2024.07.23	00:00:00	1.08883	1.08960	1.08866	1.08938	3673	0	10
2024.07.23	04:00:00	1.08939	1.08943	1.08734	1.08758	4961	0	10
2024.07.23	08:00:00	1.08759	1.08818	1.08556	1.08568	7629	0	10
2024.07.23	12:00:00	1.08566	1.08631	1.08434	1.08538	7998	0	10
2024.07.23	16:00:00	1.08540	1.08573	1.08486	1.08505	4535	0	10
2024.07.23	20:00:00	1.08504	1.08558	1.08482	1.08493	1931	0	10
2024.07.24	00:00:00	1.08493	1.08499	1.08414	1.08449	3488	0	10
2024.07.24	04:00:00	1.08449	1.08533	1.08254	1.08290	6456	0	10
2024.07.24	08:00:00	1.08288	1.08484	1.08256	1.08457	6892	0	10
2024.07.24	12:00:00	1.08458	1.08660	1.08450	1.08522	10241	0	10
2024.07.24	16:00:00	1.08524	1.08544	1.08354	1.08385	5720	0	10
2024.07.24	20:00:00	1.08385	1.08417	1.08365	1.08376	2164	0	10
2024.07.25	00:00:00	1.08375	1.08435	1.08345	1.08424	4801	0	10
2024.07.25	04:00:00	1.08424	1.08525	1.08279	1.08486	6874	0	10
2024.07.25	08:00:00	1.08489	1.08584	1.08430	1.08450	8871	0	10
2024.07.25	12:00:00	1.08452	1.08642	1.08300	1.08592	13495	0	10
2024.07.25	16:00:00	1.08593	1.08696	1.08451	1.08457	6763	0	10
2024.07.25	20:00:00	1.08455	1.08510	1.08410	1.08508	2808	0	10
2024.07.26	00:00:00	1.08508	1.08599	1.08508	1.08577	3458	0	10
2024.07.26	04:00:00	1.08577	1.08601	1.08446	1.08490	4761	0	10
2024.07.26	08:00:00	1.08490	1.08608	1.08417	1.08605	6168	0	10
2024.07.26	12:00:00	1.08604	1.08676	1.08482	1.08571	9872	0	10
2024.07.26	16:00:00	1.08573	1.08665	1.08550	1.08574	4667	0	10
2024.07.26	20:00:00	1.08572	1.08577	1.08548	1.08551	713	0	10
2024.07.28	20:00:00	1.08563	1.08595	1.08524	1.08525	1867	0	10
2024.07.29	00:00:00	1.08525	1.08694	1.08505	1.08620	3956	0	10
2024.07.29	04:00:00	1.08620	1.08636	1.08430	1.08440	5070	0	10
2024.07.29	08:00:00	1.08439	1.08439	1.08163	1.08175	6655	0	10
2024.07.29	12:00:00	1.08175	1.08233	1.08021	1.08187	7102	0	10
2024.07.29	16:00:00	1.08188	1.08253	1.08144	1.08233	3953	0	10
2024.07.29	20:00:00	1.08233	1.08233	1.08169	1.08188	1843	0	10
2024.07.30	00:00:00	1.08188	1.08219	1.08138	1.08214	3285	0	10
2024.07.30	04:00:00	1.08214	1.08265	1.08160	1.08182	4740	0	10
2024.07.30	08:00:00	1.08185	1.08353	1.08157	1.08241	5695	0	10
2024.07.30	12:00:00	1.08239	1.08257	1.07977	1.08082	9798	0	10
2024.07.30	16:00:00	1.08082	1.08170	1.08063	1.08104	5390	0	10
2024.07.30	20:00:00	1.08104	1.08173	1.08081	1.08154	2451	0	10
2024.07.31	00:00:00	1.08154	1.08296	1.08122	1.08219	5083	0	10
2024.07.31	04:00:00	1.08218	1.08265	1.08111	1.08178	7575	0	10
2024.07.31	08:00:00	1.08176	1.08396	1.08060	1.08277	7354	0	10
2024.07.31	12:00:00	1.08278	1.08488	1.08169	1.08229	11585	0	10
2024.07.31	16:00:00	1.08226	1.08323	1.08015	1.08226	11400	0	10
2024.07.31	20:00:00	1.08223	1.08304	1.08165	1.08235	3310	0	10
2024.08.01	00:00:00	1.08235	1.08341	1.08228	1.08323	5132	0	10
2024.08.01	04:00:00	1.08323	1.08348	1.07988	1.08009	6371	0	10
2024.08.01	08:00:00	1.08008	1.08019	1.07769	1.07913	8493	0	10
2024.08.01	12:00:00	1.07913	1.08177	1.07831	1.07881	13676	0	10
2024.08.01	16:00:00	1.07883	1.07963	1.07798	1.07893	7712	0	10
2024.08.01	20:00:00	1.07891	1.07926	1.07857	1.07861	3900	0	10
2024.08.02	00:00:00	1.07860	1.07946	1.07815	1.07925	4901	0	10
2024.08.02	04:00:00	1.07927	1.08082	1.07858	1.08034	8064	0	10
2024.08.02	08:00:00	1.08036	1.08368	1.08026	1.08308	9205	0	10
2024.08.02	12:00:00	1.08310	1.09261	1.08287	1.09129	20746	0	8
2024.08.02	16:00:00	1.09129	1.09163	1.09030	1.09121	8946	0	10
2024.08.02	20:00:00	1.09124	1.09144	1.09078	1.09103	1040	0	10
2024.08.04	20:00:00	1.09170	1.09207	1.09012	1.09099	3953	0	10
2024.08.05	00:00:00	1.09100	1.09307	1.09063	1.09301	10028	0	10
2024.08.05	04:00:00	1.09300	1.09666	1.08922	1.09485	24776	0	10
2024.08.05	08:00:00	1.09486	1.09743	1.09326	1.09622	18301	0	10
2024.08.05	12:00:00	1.09620	1.10086	1.09556	1.09560	29760	0	8
2024.08.05	16:00:00	1.09557	1.09638	1.09470	1.09585	12042	0	10
2024.08.05	20:00:00	1.09583	1.09615	1.09481	1.09501	4780	0	10
2024.08.06	00:00:00	1.09501	1.09625	1.09433	1.09534	8838	0	10
2024.08.06	04:00:00	1.09534	1.09555	1.09216	1.09263	12483	0	10
2024.08.06	08:00:00	1.09264	1.09344	1.09033	1.09161	12587	0	10
2024.08.06	12:00:00	1.09162	1.09343	1.09041	1.09246	13833	0	10
2024.08.06	16:00:00	1.09247	1.09332	1.09203	1.09292	8143	0	10
2024.08.06	20:00:00	1.09292	1.09316	1.09234	1.09255	3917	0	10
2024.08.07	00:00:00	1.09255	1.09300	1.09105	1.09156	7267	0	10
2024.08.07	04:00:00	1.09158	1.09274	1.09050	1.09218	8794	0	10
2024.08.07	08:00:00	1.09216	1.09275	1.09080	1.09228	9470	0	10
2024.08.07	12:00:00	1.09230	1.09362	1.09120	1.09243	9632	0	10
2024.08.07	16:00:00	1.09243	1.09267	1.09170	1.09227	7882	0	10
2024.08.07	20:00:00	1.09227	1.09334	1.09181	1.09271	3746	0	10
2024.08.08	00:00:00	1.09274	1.09350	1.09231	1.09346	6129	0	10
2024.08.08	04:00:00	1.09346	1.09447	1.09293	1.09392	7987	0	10
2024.08.08	08:00:00	1.09394	1.09438	1.09203	1.09298	7434	0	10
2024.08.08	12:00:00	1.09301	1.09320	1.08811	1.09124	13872	0	8
2024.08.08	16:00:00	1.09124	1.09185	1.09045	1.09152	6878	0	10
2024.08.08	20:00:00	1.09153	1.09189	1.09125	1.09142	2646	0	10
2024.08.09	00:00:00	1.09143	1.09239	1.09111	1.09222	4703	0	10
2024.08.09	04:00:00	1.09222	1.09286	1.09172	1.09217	5718	0	10
2024.08.09	08:00:00	1.09216	1.09252	1.09110	1.09156	6568	0	10
2024.08.09	12:00:00	1.09157	1.09297	1.09085	1.09238	7281	0	10
2024.08.09	16:00:00	1.09236	1.09243	1.09148	1.09183	4577	0	10
2024.08.09	20:00:00	1.09185	1.09190	1.09145	1.09150	673	0	10
2024.08.11	20:00:00	1.09133	1.09186	1.09095	1.09122	1796	0	10
2024.08.12	00:00:00	1.09122	1.09223	1.09114	1.09136	3079	0	10
2024.08.12	04:00:00	1.09137	1.09281	1.09132	1.09218	4659	0	10
2024.08.12	08:00:00	1.09219	1.09294	1.09157	1.09253	5771	0	10
2024.08.12	12:00:00	1.09253	1.09389	1.09145	1.09275	8462	0	10
2024.08.12	16:00:00	1.09272	1.09343	1.09216	1.09312	4373	0	10
2024.08.12	20:00:00	1.09312	1.09359	1.09269	1.09356	2212	0	10
2024.08.13	00:00:00	1.09355	1.09378	1.09287	1.09365	2934	0	10
2024.08.13	04:00:00	1.09364	1.09408	1.09260	1.09297	4754	0	10
2024.08.13	08:00:00	1.09295	1.09316	1.09133	1.09298	6071	0	10
2024.08.13	12:00:00	1.09297	1.09619	1.09251	1.09528	11021	0	8
2024.08.13	16:00:00	1.09532	1.09992	1.09522	1.09952	5441	0	10
2024.08.13	20:00:00	1.09955	1.09983	1.09872	1.09955	1590	0	10
2024.08.14	00:00:00	1.09951	1.09970	1.09882	1.09894	1962	0	10
2024.08.14	04:00:00	1.09895	1.10075	1.09860	1.10051	3024	0	10
2024.08.14	08:00:00	1.10049	1.10280	1.10020	1.10220	3580	0	10
2024.08.14	12:00:00	1.10220	1.10469	1.10036	1.10229	10483	0	8
2024.08.14	16:00:00	1.10225	1.10238	1.10104	1.10126	2367	0	10
2024.08.14	20:00:00	1.10125	1.10153	1.10094	1.10113	1292	0	10
2024.08.15	00:00:00	1.10115	1.10140	1.10029	1.10076	1499	0	10
2024.08.15	04:00:00	1.10077	1.10150	1.10068	1.10127	1878	0	10
2024.08.15	08:00:00	1.10126	1.10137	1.10028	1.10128	2046	0	10
2024.08.15	12:00:00	1.10124	1.10137	1.09492	1.09850	10696	0	8
2024.08.15	16:00:00	1.09852	1.09887	1.09712	1.09738	2691	0	10
2024.08.15	20:00:00	1.09736	1.09746	1.09672	1.09721	1512	0	10
2024.08.16	00:00:00	1.09722	1.09820	1.09714	1.09766	1757	0	10
2024.08.16	04:00:00	1.09768	1.09865	1.09757	1.09844	2417	0	10
2024.08.16	08:00:00	1.09847	1.09945	1.09783	1.09917	3266	0	10
2024.08.16	12:00:00	1.09919	1.10039	1.09823	1.09955	5635	0	8
2024.08.16	16:00:00	1.09954	1.10242	1.09949	1.10238	2722	0	10
2024.08.16	20:00:00	1.10239	1.10291	1.10217	1.10272	539	0	10
2024.08.18	20:00:00	1.10239	1.10336	1.10221	1.10242	1114	0	10
2024.08.19	00:00:00	1.10240	1.10399	1.10228	1.10384	2324	0	10
2024.08.19	04:00:00	1.10381	1.10498	1.10359	1.10423	3388	0	10
2024.08.19	08:00:00	1.10421	1.10502	1.10305	1.10416	3871	0	10
2024.08.19	12:00:00	1.10418	1.10733	1.10298	1.10687	6915	0	10
2024.08.19	16:00:00	1.10686	1.10860	1.10667	1.10831	2896	0	10
2024.08.19	20:00:00	1.10829	1.10872	1.10797	1.10848	1482	0	10
2024.08.20	00:00:00	1.10851	1.10868	1.10745	1.10750	2423	0	10
2024.08.20	04:00:00	1.10754	1.10866	1.10714	1.10861	3193	0	10
2024.08.20	08:00:00	1.10863	1.10884	1.10744	1.10802	4393	0	10
2024.08.20	12:00:00	1.10804	1.11166	1.10799	1.11044	8718	0	8
2024.08.20	16:00:00	1.11045	1.11269	1.11034	1.11241	3542	0	10
2024.08.20	20:00:00	1.11244	1.11310	1.11232	1.11269	2126	0	10
2024.08.21	00:00:00	1.11270	1.11322	1.11168	1.11207	2414	0	10
2024.08.21	04:00:00	1.11204	1.11283	1.11101	1.11135	3415	0	10
2024.08.21	08:00:00	1.11137	1.11255	1.11095	1.11141	3697	0	10
2024.08.21	12:00:00	1.11144	1.11473	1.10986	1.11419	14556	0	10
2024.08.21	16:00:00	1.11415	1.11738	1.11411	1.11513	5052	0	10
2024.08.21	20:00:00	1.11515	1.11577	1.11437	1.11545	1915	0	10
2024.08.22	00:00:00	1.11546	1.11566	1.11401	1.11440	2061	0	10
2024.08.22	04:00:00	1.11443	1.11648	1.11270	1.11364	3752	0	10
2024.08.22	08:00:00	1.11362	1.11506	1.11317	1.11363	5295	0	10
2024.08.22	12:00:00	1.11367	1.11425	1.10978	1.11124	9341	0	8
2024.08.22	16:00:00	1.11125	1.11172	1.10982	1.11082	3730	0	10
2024.08.22	20:00:00	1.11079	1.11170	1.11070	1.11155	1721	0	10
2024.08.23	00:00:00	1.11152	1.11280	1.11124	1.11243	2351	0	10
2024.08.23	04:00:00	1.11244	1.11314	1.11120	1.11186	3012	0	10
2024.08.23	08:00:00	1.11188	1.11269	1.11103	1.11185	3929	0	10
2024.08.23	12:00:00	1.11182	1.11957	1.11048	1.11750	13902	0	8
2024.08.23	16:00:00	1.11751	1.12004	1.11640	1.11909	6221	0	10
2024.08.23	20:00:00	1.11907	1.11938	1.11872	1.11925	459	0	10
2024.08.25	20:00:00	1.11884	1.11936	1.11860	1.11888	1424	0	8
2024.08.26	00:00:00	1.11891	1.12013	1.11812	1.11831	3161	0	8
2024.08.26	04:00:00	1.11832	1.11889	1.11754	1.11806	3661	0	8
2024.08.26	08:00:00	1.11805	1.11844	1.11624	1.11651	4652	0	8
2024.08.26	12:00:00	1.11648	1.11783	1.11496	1.11634	9156	0	7
2024.08.26	16:00:00	1.11631	1.11748	1.11583	1.11591	3555	0	8
2024.08.26	20:00:00	1.11594	1.11667	1.11581	1.11639	1653	0	8
2024.08.27	00:00:00	1.11641	1.11701	1.11592	1.11664	1784	0	8
2024.08.27	04:00:00	1.11665	1.11723	1.11611	1.11636	3572	0	8
2024.08.27	08:00:00	1.11633	1.11784	1.11600	1.11602	4781	0	8
2024.08.27	12:00:00	1.11604	1.11716	1.11494	1.11595	8457	0	8
2024.08.27	16:00:00	1.11596	1.11901	1.11591	1.11838	3824	0	8
2024.08.27	20:00:00	1.11840	1.11853	1.11743	1.11766	2089	0	8
2024.08.28	00:00:00	1.11767	1.11797	1.11620	1.11655	2389	0	8
2024.08.28	04:00:00	1.11652	1.11676	1.11393	1.11557	3664	0	8
2024.08.28	08:00:00	1.11555	1.11589	1.11169	1.11203	6023	0	8
2024.08.28	12:00:00	1.11205	1.11372	1.11046	1.11255	9560	0	8
2024.08.28	16:00:00	1.11256	1.11259	1.11047	1.11128	3904	0	8
2024.08.28	20:00:00	1.11126	1.11256	1.11119	1.11241	1474	0	8
2024.08.29	00:00:00	1.11239	1.11352	1.11239	1.11352	1720	0	8
2024.08.29	04:00:00	1.11350	1.11394	1.11159	1.11295	3973	0	8
2024.08.29	08:00:00	1.11292	1.11292	1.10717	1.10957	9281	0	8
2024.08.29	12:00:00	1.10959	1.10976	1.10553	1.10843	12518	0	7
2024.08.29	16:00:00	1.10845	1.10875	1.10743	1.10754	5937	0	8
2024.08.29	20:00:00	1.10751	1.10829	1.10746	1.10797	2223	0	8
2024.08.30	00:00:00	1.10800	1.10826	1.10693	1.10733	3625	0	8
2024.08.30	04:00:00	1.10733	1.10885	1.10713	1.10837	5585	0	8
2024.08.30	08:00:00	1.10838	1.10945	1.10733	1.10812	8315	0	8
2024.08.30	12:00:00	1.10814	1.10877	1.10525	1.10592	16442	0	8
2024.08.30	16:00:00	1.10591	1.10595	1.10434	1.10520	7319	0	8
2024.08.30	20:00:00	1.10518	1.10548	1.10470	1.10474	937	0	8
2024.09.01	20:00:00	1.10468	1.10494	1.10437	1.10442	1520	0	8
2024.09.02	00:00:00	1.10443	1.10551	1.10415	1.10481	3857	0	8
2024.09.02	04:00:00	1.10482	1.10698	1.10436	1.10662	5437	0	8
2024.09.02	08:00:00	1.10662	1.10769	1.10593	1.10593	7189	0	8
2024.09.02	12:00:00	1.10593	1.10715	1.10581	1.10673	6252	0	8
2024.09.02	16:00:00	1.10673	1.10723	1.10621	1.10717	1343	0	8
2024.09.02	20:00:00	1.10717	1.10726	1.10643	1.10670	1738	0	8
2024.09.03	00:00:00	1.10670	1.10697	1.10569	1.10578	4281	0	8
2024.09.03	04:00:00	1.10578	1.10672	1.10507	1.10558	6308	0	8
2024.09.03	08:00:00	1.10556	1.10593	1.10326	1.10360	9226	0	8
2024.09.03	12:00:00	1.10361	1.10693	1.10333	1.10420	14608	0	7
2024.09.03	16:00:00	1.10418	1.10466	1.10259	1.10412	5737	0	8
2024.09.03	20:00:00	1.10414	1.10500	1.10389	1.10480	2958	0	8
2024.09.04	00:00:00	1.10480	1.10558	1.10459	1.10534	4607	0	8
2024.09.04	04:00:00	1.10534	1.10624	1.10464	1.10558	6478	0	8
2024.09.04	08:00:00	1.10555	1.10584	1.10424	1.10498	7073	0	8
2024.09.04	12:00:00	1.10498	1.10949	1.10396	1.10803	13244	0	7
2024.09.04	16:00:00	1.10802	1.10862	1.10648	1.10776	6105	0	8
2024.09.04	20:00:00	1.10779	1.10859	1.10750	1.10798	2731	0	8
2024.09.05	00:00:00	1.10798	1.10850	1.10754	1.10767	4209	0	8
2024.09.05	04:00:00	1.10768	1.10900	1.10743	1.10866	5686	0	8
2024.09.05	08:00:00	1.10866	1.11077	1.10837	1.10949	7572	0	8
2024.09.05	12:00:00	1.10951	1.11195	1.10758	1.10947	16689	0	7
2024.09.05	16:00:00	1.10949	1.11128	1.10949	1.11030	5928	0	8
2024.09.05	20:00:00	1.11033	1.11121	1.11033	1.11108	2131	0	8
2024.09.06	00:00:00	1.11108	1.11157	1.11087	1.11148	3090	0	8
2024.09.06	04:00:00	1.11148	1.11205	1.11105	1.11153	5147	0	8
2024.09.06	08:00:00	1.11155	1.11203	1.11023	1.11066	6646	0	8
2024.09.06	12:00:00	1.11069	1.11544	1.10653	1.10858	31658	0	7
2024.09.06	16:00:00	1.10856	1.10891	1.10692	1.10879	9638	0	8
2024.09.06	20:00:00	1.10881	1.10883	1.10842	1.10851	978	0	8
2024.09.08	20:00:00	1.10817	1.10905	1.10809	1.10863	2151	0	8
2024.09.09	00:00:00	1.10864	1.10906	1.10784	1.10794	4500	0	8
2024.09.09	04:00:00	1.10795	1.10800	1.10544	1.10590	5977	0	8
2024.09.09	08:00:00	1.10589	1.10622	1.10353	1.10446	7734	0	8
2024.09.09	12:00:00	1.10446	1.10515	1.10335	1.10409	9855	0	8
2024.09.09	16:00:00	1.10409	1.10532	1.10371	1.10379	5307	0	8
2024.09.09	20:00:00	1.10378	1.10395	1.10320	1.10350	2245	0	8
2024.09.10	00:00:00	1.10350	1.10387	1.10279	1.10378	3148	0	8
2024.09.10	04:00:00	1.10379	1.10492	1.10332	1.10366	5147	0	8
2024.09.10	08:00:00	1.10366	1.10434	1.10262	1.10308	6015	0	8
2024.09.10	12:00:00	1.10305	1.10364	1.10147	1.10246	10138	0	8
2024.09.10	16:00:00	1.10245	1.10284	1.10202	1.10264	4729	0	8
2024.09.10	20:00:00	1.10263	1.10267	1.10166	1.10200	2299	0	8
2024.09.11	00:00:00	1.10198	1.10440	1.10164	1.10380	5034	0	8
2024.09.11	04:00:00	1.10380	1.10516	1.10376	1.10407	6285	0	8
2024.09.11	08:00:00	1.10406	1.10545	1.10363	1.10430	6509	0	8
2024.09.11	12:00:00	1.10429	1.10484	1.10015	1.10117	17942	0	7
2024.09.11	16:00:00	1.10117	1.10261	1.10093	1.10172	6332	0	8
2024.09.11	20:00:00	1.10170	1.10176	1.10083	1.10100	2015	0	8
2024.09.12	00:00:00	1.10100	1.10136	1.10057	1.10134	3002	0	8
2024.09.12	04:00:00	1.10134	1.10234	1.10056	1.10075	4859	0	8
2024.09.12	08:00:00	1.10073	1.10230	1.10051	1.10135	6172	0	8
2024.09.12	12:00:00	1.10135	1.10467	1.10095	1.10396	14704	0	7
2024.09.12	16:00:00	1.10396	1.10711	1.10367	1.10700	7963	0	8
2024.09.12	20:00:00	1.10701	1.10787	1.10679	1.10784	2751	0	8
2024.09.13	00:00:00	1.10781	1.10898	1.10771	1.10866	4662	0	8
2024.09.13	04:00:00	1.10866	1.10935	1.10727	1.10919	5337	0	8
2024.09.13	08:00:00	1.10919	1.11003	1.10807	1.10839	7515	0	8
2024.09.13	12:00:00	1.10841	1.11014	1.10789	1.10841	11829	0	7
2024.09.13	16:00:00	1.10844	1.10854	1.10758	1.10774	4996	0	8
2024.09.13	20:00:00	1.10773	1.10779	1.10722	1.10752	666	0	8
2024.09.15	20:00:00	1.10760	1.10891	1.10714	1.10868	1574	0	9
2024.09.16	00:00:00	1.10870	1.11045	1.10863	1.11036	3552	0	9
2024.09.16	04:00:00	1.11033	1.11195	1.10953	1.11146	5511	0	9
2024.09.16	08:00:00	1.11145	1.11290	1.11132	1.11232	6676	0	9
2024.09.16	12:00:00	1.11232	1.11371	1.11161	1.11220	10265	0	9
2024.09.16	16:00:00	1.11220	1.11295	1.11158	1.11283	5194	0	9
2024.09.16	20:00:00	1.11284	1.11331	1.11230	1.11286	2494	0	9
2024.09.17	00:00:00	1.11286	1.11309	1.11215	1.11236	3535	0	9
2024.09.17	04:00:00	1.11236	1.11375	1.11154	1.11360	5383	0	9
2024.09.17	08:00:00	1.11358	1.11459	1.11297	1.11380	7081	0	9
2024.09.17	12:00:00	1.11382	1.11432	1.11114	1.11171	15668	0	8
2024.09.17	16:00:00	1.11168	1.11231	1.11103	1.11156	6500	0	9
2024.09.17	20:00:00	1.11156	1.11234	1.11107	1.11214	2118	0	9
2024.09.18	00:00:00	1.11214	1.11300	1.11210	1.11257	3606	0	9
2024.09.18	04:00:00	1.11257	1.11309	1.11149	1.11305	5605	0	9
2024.09.18	08:00:00	1.11307	1.11393	1.11221	1.11241	6516	0	9
2024.09.18	12:00:00	1.11243	1.11396	1.11078	1.11153	9840	0	8
2024.09.18	16:00:00	1.11151	1.11886	1.10964	1.11056	31304	0	8
2024.09.18	20:00:00	1.11053	1.11235	1.11038	1.11135	4426	0	9
2024.09.19	00:00:00	1.11137	1.11186	1.10680	1.11179	9162	0	9
2024.09.19	04:00:00	1.11180	1.11527	1.11144	1.11452	9487	0	9
2024.09.19	08:00:00	1.11451	1.11782	1.11443	1.11576	11957	0	9
2024.09.19	12:00:00	1.11575	1.11579	1.11160	1.11461	18248	0	8
2024.09.19	16:00:00	1.11463	1.11674	1.11445	1.11617	7426	0	9
2024.09.19	20:00:00	1.11617	1.11639	1.11572	1.11589	2326	0	9
2024.09.20	00:00:00	1.11589	1.11687	1.11568	1.11654	4896	0	9
2024.09.20	04:00:00	1.11654	1.11814	1.11590	1.11623	7747	0	9
2024.09.20	08:00:00	1.11621	1.11687	1.11521	1.11612	8091	0	9
2024.09.20	12:00:00	1.11612	1.11765	1.11355	1.11584	14554	0	9
2024.09.20	16:00:00	1.11585	1.11756	1.11568	1.11615	8647	0	9
2024.09.20	20:00:00	1.11614	1.11633	1.11558	1.11626	1002	0	9
2024.09.22	20:00:00	1.11602	1.11644	1.11570	1.11587	1794	0	9
2024.09.23	00:00:00	1.11585	1.11645	1.11552	1.11612	3897	0	9
2024.09.23	04:00:00	1.11612	1.11668	1.10974	1.11016	8413	0	9
2024.09.23	08:00:00	1.11010	1.11252	1.10828	1.11192	10447	0	9
2024.09.23	12:00:00	1.11191	1.11429	1.11081	1.11298	14272	0	8
2024.09.23	16:00:00	1.11296	1.11296	1.11116	1.11144	7235	0	9
2024.09.23	20:00:00	1.11144	1.11144	1.11072	1.11106	2380	0	9
2024.09.24	00:00:00	1.11106	1.11135	1.11029	1.11122	4640	0	9
2024.09.24	04:00:00	1.11122	1.11318	1.11039	1.11270	7749	0	9
2024.09.24	08:00:00	1.11268	1.11457	1.11216	1.11288	8377	0	9
2024.09.24	12:00:00	1.11289	1.11630	1.11286	1.11496	13314	0	8
2024.09.24	16:00:00	1.11495	1.11764	1.11487	1.11763	6191	0	9
2024.09.24	20:00:00	1.11762	1.11905	1.11745	1.11903	2820	0	9
2024.09.25	00:00:00	1.11903	1.11983	1.11850	1.11974	4869	0	9
2024.09.25	04:00:00	1.11975	1.11982	1.11853	1.11912	6115	0	9
2024.09.25	08:00:00	1.11912	1.11970	1.11777	1.11952	8301	0	9
2024.09.25	12:00:00	1.11953	1.12137	1.11412	1.11430	15371	0	8
2024.09.25	16:00:00	1.11428	1.11474	1.11211	1.11258	7849	0	9
2024.09.25	20:00:00	1.11260	1.11327	1.11245	1.11292	2474	0	9
2024.09.26	00:00:00	1.11292	1.11447	1.11287	1.11401	4007	0	9
2024.09.26	04:00:00	1.11402	1.11574	1.11333	1.11347	6920	0	9
2024.09.26	08:00:00	1.11344	1.11610	1.11252	1.11537	10407	0	9
2024.09.26	12:00:00	1.11537	1.11889	1.11254	1.11824	19748	0	8
2024.09.26	16:00:00	1.11822	1.11837	1.11659	1.11776	8675	0	9
2024.09.26	20:00:00	1.11778	1.11784	1.11724	1.11764	2778	0	9
2024.09.27	00:00:00	1.11764	1.11773	1.11622	1.11687	5111	0	9
2024.09.27	04:00:00	1.11687	1.11755	1.11243	1.11326	12528	0	9
2024.09.27	08:00:00	1.11326	1.11706	1.11259	1.11622	9694	0	9
2024.09.27	12:00:00	1.11621	1.12026	1.11537	1.11583	18134	0	8
2024.09.27	16:00:00	1.11581	1.11674	1.11460	1.11637	8370	0	9
2024.09.27	20:00:00	1.11635	1.11673	1.11588	1.11632	922	0	9
2024.09.29	20:00:00	1.11576	1.11721	1.11566	1.11686	2052	0	9
2024.09.30	00:00:00	1.11686	1.11734	1.11557	1.11577	5053	0	9
2024.09.30	04:00:00	1.11577	1.11751	1.11557	1.11719	6756	0	9
2024.09.30	08:00:00	1.11721	1.12086	1.11721	1.11970	10665	0	9
2024.09.30	12:00:00	1.11972	1.12007	1.11347	1.11439	15489	0	9
2024.09.30	16:00:00	1.11441	1.11622	1.11132	1.11323	13568	0	9
2024.09.30	20:00:00	1.11325	1.11422	1.11297	1.11362	2691	0	9
2024.10.01	00:00:00	1.11363	1.11430	1.11268	1.11373	4651	0	9
2024.10.01	04:00:00	1.11374	1.11436	1.11111	1.11148	8972	0	9
2024.10.01	08:00:00	1.11150	1.11196	1.10783	1.10844	11374	0	9
2024.10.01	12:00:00	1.10843	1.10883	1.10571	1.10660	20014	0	8
2024.10.01	16:00:00	1.10658	1.10768	1.10454	1.10671	11353	0	9
2024.10.01	20:00:00	1.10673	1.10723	1.10632	1.10642	2811	0	9
2024.10.02	00:00:00	1.10643	1.10736	1.10629	1.10701	4840	0	9
2024.10.02	04:00:00	1.10701	1.10734	1.10535	1.10660	8425	0	9
2024.10.02	08:00:00	1.10660	1.10824	1.10607	1.10751	9216	0	9
2024.10.02	12:00:00	1.10753	1.10769	1.10324	1.10488	13528	0	8
2024.10.02	16:00:00	1.10490	1.10546	1.10365	1.10483	6434	0	9
2024.10.02	20:00:00	1.10481	1.10522	1.10411	1.10456	3015	0	9
2024.10.03	00:00:00	1.10455	1.10463	1.10315	1.10353	4549	0	9
2024.10.03	04:00:00	1.10355	1.10417	1.10245	1.10326	8438	0	9
2024.10.03	08:00:00	1.10326	1.10463	1.10290	1.10425	9843	0	9
2024.10.03	12:00:00	1.10423	1.10464	1.10080	1.10144	18670	0	8
2024.10.03	16:00:00	1.10146	1.10357	1.10137	1.10281	6962	0	9
2024.10.03	20:00:00	1.10283	1.10367	1.10256	1.10346	2515	0	9
2024.10.04	00:00:00	1.10346	1.10392	1.10250	1.10268	5123	0	9
2024.10.04	04:00:00	1.10268	1.10351	1.10246	1.10277	6727	0	9
2024.10.04	08:00:00	1.10277	1.10367	1.10196	1.10319	8106	0	9
2024.10.04	12:00:00	1.10319	1.10326	1.09544	1.09604	21068	0	8
2024.10.04	16:00:00	1.09605	1.09772	1.09509	1.09758	6748	0	9
2024.10.04	20:00:00	1.09760	1.09772	1.09720	1.09743	1021	0	9
2024.10.06	20:00:00	1.09663	1.09713	1.09609	1.09702	2501	0	9
2024.10.07	00:00:00	1.09700	1.09773	1.09679	1.09718	5560	0	9
2024.10.07	04:00:00	1.09718	1.09732	1.09577	1.09691	7331	0	9
2024.10.07	08:00:00	1.09693	1.09803	1.09540	1.09765	10250	0	9
2024.10.07	12:00:00	1.09767	1.09845	1.09692	1.09754	12917	0	9
2024.10.07	16:00:00	1.09753	1.09864	1.09654	1.09719	6445	0	9
2024.10.07	20:00:00	1.09717	1.09786	1.09704	1.09740	2889	0	9
2024.10.08	00:00:00	1.09740	1.09866	1.09725	1.09829	5951	0	9
2024.10.08	04:00:00	1.09829	1.09952	1.09781	1.09948	7154	0	9
2024.10.08	08:00:00	1.09950	1.09968	1.09781	1.09872	8339	0	9
2024.10.08	12:00:00	1.09872	1.09894	1.09604	1.09693	10863	0	9
2024.10.08	16:00:00	1.09693	1.09777	1.09654	1.09773	5816	0	9
2024.10.08	20:00:00	1.09771	1.09805	1.09747	1.09753	2340	0	9
2024.10.09	00:00:00	1.09751	1.09782	1.09664	1.09673	4987	0	9
2024.10.09	04:00:00	1.09673	1.09755	1.09503	1.09599	7971	0	9
2024.10.09	08:00:00	1.09600	1.09702	1.09529	1.09538	7601	0	9
2024.10.09	12:00:00	1.09537	1.09593	1.09392	1.09506	10177	0	9
2024.10.09	16:00:00	1.09505	1.09505	1.09357	1.09379	6137	0	9
2024.10.09	20:00:00	1.09380	1.09425	1.09363	1.09413	2291	0	9
2024.10.10	00:00:00	1.09413	1.09455	1.09385	1.09431	4544	0	9
2024.10.10	04:00:00	1.09431	1.09442	1.09326	1.09371	5887	0	9
2024.10.10	08:00:00	1.09373	1.09393	1.09268	1.09303	7343	0	9
2024.10.10	12:00:00	1.09304	1.09539	1.09072	1.09245	22336	0	8
2024.10.10	16:00:00	1.09247	1.09341	1.08997	1.09338	8954	0	9
2024.10.10	20:00:00	1.09340	1.09373	1.09316	1.09331	2726	0	9
2024.10.11	00:00:00	1.09330	1.09403	1.09293	1.09390	3686	0	9
2024.10.11	04:00:00	1.09390	1.09449	1.09318	1.09441	5037	0	9
2024.10.11	08:00:00	1.09440	1.09536	1.09270	1.09306	6646	0	9
2024.10.11	12:00:00	1.09307	1.09520	1.09255	1.09409	13221	0	8
2024.10.11	16:00:00	1.09409	1.09472	1.09327	1.09329	4520	0	9
2024.10.11	20:00:00	1.09327	1.09378	1.09320	1.09357	956	0	9
2024.10.13	20:00:00	1.09311	1.09322	1.09219	1.09229	1482	0	9
2024.10.14	00:00:00	1.09229	1.09288	1.09150	1.09253	4826	0	9
2024.10.14	04:00:00	1.09253	1.09307	1.09219	1.09279	4912	0	9
2024.10.14	08:00:00	1.09280	1.09362	1.09086	1.09125	6836	0	9
2024.10.14	12:00:00	1.09124	1.09268	1.09043	1.09066	10669	0	9
2024.10.14	16:00:00	1.09066	1.09084	1.08876	1.09033	5437	0	9
2024.10.14	20:00:00	1.09031	1.09099	1.09024	1.09086	2218	0	9
2024.10.15	00:00:00	1.09089	1.09094	1.08954	1.08963	3976	0	9
2024.10.15	04:00:00	1.08963	1.08982	1.08845	1.08980	6631	0	9
2024.10.15	08:00:00	1.08980	1.09156	1.08965	1.09006	8530	0	9
2024.10.15	12:00:00	1.09008	1.09163	1.08980	1.08988	11388	0	8
2024.10.15	16:00:00	1.08987	1.09020	1.08814	1.08867	6017	0	9
2024.10.15	20:00:00	1.08865	1.08925	1.08825	1.08829	2248	0	9
2024.10.16	00:00:00	1.08828	1.08952	1.08817	1.08905	4164	0	9
2024.10.16	04:00:00	1.08905	1.08929	1.08747	1.08819	6702	0	9
2024.10.16	08:00:00	1.08819	1.08967	1.08774	1.08941	7817	0	9
2024.10.16	12:00:00	1.08941	1.09011	1.08658	1.08722	9791	0	8
2024.10.16	16:00:00	1.08721	1.08762	1.08528	1.08575	5164	0	9
2024.10.16	20:00:00	1.08573	1.08667	1.08561	1.08586	2690	0	9
2024.10.17	00:00:00	1.08586	1.08646	1.08507	1.08524	5033	0	9
2024.10.17	04:00:00	1.08525	1.08579	1.08485	1.08542	5652	0	9
2024.10.17	08:00:00	1.08542	1.08668	1.08486	1.08627	6671	0	9
2024.10.17	12:00:00	1.08628	1.08730	1.08104	1.08362	18184	0	8
2024.10.17	16:00:00	1.08364	1.08367	1.08206	1.08275	5856	0	9
2024.10.17	20:00:00	1.08274	1.08327	1.08250	1.08287	2123	0	9
2024.10.18	00:00:00	1.08288	1.08392	1.08268	1.08382	4717	0	9
2024.10.18	04:00:00	1.08382	1.08483	1.08364	1.08407	6053	0	9
2024.10.18	08:00:00	1.08408	1.08517	1.08337	1.08477	7356	0	9
2024.10.18	12:00:00	1.08477	1.08640	1.08459	1.08531	9117	0	8
2024.10.18	16:00:00	1.08531	1.08678	1.08525	1.08634	4860	0	9
2024.10.18	20:00:00	1.08633	1.08693	1.08625	1.08673	760	0	9
2024.10.20	20:00:00	1.08602	1.08694	1.08587	1.08678	1683	0	9
2024.10.21	00:00:00	1.08679	1.08687	1.08633	1.08657	4454	0	9
2024.10.21	04:00:00	1.08657	1.08658	1.08456	1.08479	5271	0	9
2024.10.21	08:00:00	1.08478	1.08578	1.08443	1.08551	6243	0	9
2024.10.21	12:00:00	1.08552	1.08587	1.08194	1.08197	8809	0	9
2024.10.21	16:00:00	1.08197	1.08228	1.08105	1.08150	5080	0	9
2024.10.21	20:00:00	1.08149	1.08173	1.08112	1.08152	2524	0	9
2024.10.22	00:00:00	1.08151	1.08210	1.08139	1.08187	4141	0	9
2024.10.22	04:00:00	1.08187	1.08376	1.08175	1.08360	5394	0	9
2024.10.22	08:00:00	1.08359	1.08365	1.08138	1.08173	6911	0	9
2024.10.22	12:00:00	1.08173	1.08215	1.08003	1.08043	10598	0	9
2024.10.22	16:00:00	1.08042	1.08138	1.07936	1.07944	5024	0	9
2024.10.22	20:00:00	1.07944	1.08000	1.07922	1.07961	2086	0	9
2024.10.23	00:00:00	1.07959	1.08049	1.07919	1.08018	4544	0	9
2024.10.23	04:00:00	1.08019	1.08062	1.07803	1.07816	6401	0	9
2024.10.23	08:00:00	1.07814	1.07910	1.07627	1.07630	7175	0	9
2024.10.23	12:00:00	1.07631	1.07857	1.07606	1.07785	9683	0	9
2024.10.23	16:00:00	1.07785	1.07862	1.07669	1.07853	6655	0	9
2024.10.23	20:00:00	1.07852	1.07859	1.07789	1.07798	2501	0	9
2024.10.24	00:00:00	1.07799	1.07894	1.07792	1.07865	4681	0	9
2024.10.24	04:00:00	1.07866	1.07982	1.07702	1.07954	7738	0	9
2024.10.24	08:00:00	1.07954	1.08078	1.07916	1.07946	8550	0	9
2024.10.24	12:00:00	1.07947	1.08108	1.07882	1.08046	12212	0	8
2024.10.24	16:00:00	1.08044	1.08285	1.08021	1.08285	5841	0	9
2024.10.24	20:00:00	1.08286	1.08295	1.08224	1.08234	2179	0	9
2024.10.25	00:00:00	1.08234	1.08272	1.08196	1.08215	4021	0	9
2024.10.25	04:00:00	1.08215	1.08271	1.08134	1.08241	5701	0	9
2024.10.25	08:00:00	1.08239	1.08366	1.08209	1.08213	6362	0	9
2024.10.25	12:00:00	1.08212	1.08390	1.08104	1.08119	9694	0	8
2024.10.25	16:00:00	1.08119	1.08119	1.07927	1.07954	6014	0	9
2024.10.25	20:00:00	1.07957	1.07970	1.07942	1.07953	923	0	9
2024.10.27	20:00:00	1.07919	1.08015	1.07849	1.07958	2550	0	9
2024.10.28	00:00:00	1.07957	1.08009	1.07818	1.07827	5363	0	9
2024.10.28	04:00:00	1.07827	1.08052	1.07818	1.08036	5005	0	9
2024.10.28	08:00:00	1.08035	1.08209	1.08003	1.08191	7422	0	9
2024.10.28	12:00:00	1.08189	1.08272	1.08126	1.08183	8724	0	9
2024.10.28	16:00:00	1.08183	1.08259	1.08097	1.08150	5900	0	9
2024.10.28	20:00:00	1.08151	1.08172	1.08084	1.08171	1975	0	9
2024.10.29	00:00:00	1.08172	1.08189	1.08055	1.08075	4679	0	9
2024.10.29	04:00:00	1.08075	1.08159	1.08053	1.08091	4559	0	9
2024.10.29	08:00:00	1.08090	1.08259	1.07964	1.07989	8635	0	9
2024.10.29	12:00:00	1.07986	1.08116	1.07682	1.07973	15363	0	8
2024.10.29	16:00:00	1.07972	1.08158	1.07918	1.08134	8289	0	9
2024.10.29	20:00:00	1.08133	1.08214	1.08127	1.08195	2485	0	9
2024.10.30	00:00:00	1.08194	1.08259	1.08131	1.08136	4380	0	9
2024.10.30	04:00:00	1.08136	1.08260	1.08127	1.08184	4419	0	9
2024.10.30	08:00:00	1.08186	1.08590	1.08186	1.08240	10104	0	9
2024.10.30	12:00:00	1.08238	1.08664	1.08075	1.08631	15675	0	8
2024.10.30	16:00:00	1.08629	1.08710	1.08531	1.08602	7258	0	9
2024.10.30	20:00:00	1.08604	1.08616	1.08531	1.08576	2961	0	9
2024.10.31	00:00:00	1.08576	1.08591	1.08439	1.08496	4579	0	9
2024.10.31	04:00:00	1.08496	1.08631	1.08447	1.08584	5583	0	9
2024.10.31	08:00:00	1.08587	1.08749	1.08507	1.08677	8943	0	9
2024.10.31	12:00:00	1.08679	1.08877	1.08456	1.08552	18124	0	8
2024.10.31	16:00:00	1.08549	1.08778	1.08532	1.08768	10101	0	9
2024.10.31	20:00:00	1.08770	1.08860	1.08765	1.08833	3118	0	9
2024.11.01	00:00:00	1.08834	1.08883	1.08747	1.08760	4424	0	9
2024.11.01	04:00:00	1.08759	1.08787	1.08678	1.08679	4601	0	9
2024.11.01	08:00:00	1.08676	1.08689	1.08518	1.08674	7130	0	9
2024.11.01	12:00:00	1.08674	1.09052	1.08467	1.08482	18577	0	8
2024.11.01	16:00:00	1.08482	1.08540	1.08339	1.08356	7078	0	9
2024.11.01	20:00:00	1.08357	1.08368	1.08314	1.08333	879	0	9
2024.11.03	20:00:00	1.08781	1.08812	1.08717	1.08724	2080	0	9
2024.11.04	00:00:00	1.08724	1.09046	1.08694	1.09010	6164	0	9
2024.11.04	04:00:00	1.09008	1.09025	1.08869	1.08908	6093	0	9
2024.11.04	08:00:00	1.08908	1.09137	1.08889	1.09130	7827	0	9
2024.11.04	12:00:00	1.09130	1.09145	1.08931	1.08989	10684	0	8
2024.11.04	16:00:00	1.08989	1.09008	1.08772	1.08784	7756	0	9
2024.11.04	20:00:00	1.08784	1.08811	1.08731	1.08733	2887	0	9
2024.11.05	00:00:00	1.08734	1.08796	1.08719	1.08754	3564	0	9
2024.11.05	04:00:00	1.08754	1.08903	1.08740	1.08880	3876	0	9
2024.11.05	08:00:00	1.08882	1.09015	1.08837	1.08989	5796	0	9
2024.11.05	12:00:00	1.08991	1.09119	1.08892	1.09016	9620	0	8
2024.11.05	16:00:00	1.09016	1.09360	1.09007	1.09305	7380	0	9
2024.11.05	20:00:00	1.09307	1.09369	1.09115	1.09336	4917	0	9
2024.11.06	00:00:00	1.09336	1.09336	1.07183	1.07462	43860	0	9
2024.11.06	04:00:00	1.07460	1.07941	1.07020	1.07341	31727	0	9
2024.11.06	08:00:00	1.07338	1.07809	1.07008	1.07079	20557	0	9
2024.11.06	12:00:00	1.07077	1.07394	1.06818	1.07377	25430	0	9
2024.11.06	16:00:00	1.07375	1.07577	1.07253	1.07348	15342	0	9
2024.11.06	20:00:00	1.07348	1.07381	1.07249	1.07314	4780	0	9
2024.11.07	00:00:00	1.07314	1.07411	1.07125	1.07394	6995	0	9
2024.11.07	04:00:00	1.07394	1.07696	1.07340	1.07517	7537	0	9
2024.11.07	08:00:00	1.07519	1.07712	1.07457	1.07586	10899	0	9
2024.11.07	12:00:00	1.07585	1.08250	1.07563	1.08104	17681	0	9
2024.11.07	16:00:00	1.08102	1.08144	1.07666	1.07817	18942	0	8
2024.11.07	20:00:00	1.07813	1.08091	1.07796	1.07952	7858	0	9
2024.11.08	00:00:00	1.07952	1.07971	1.07766	1.07779	6838	0	9
2024.11.08	04:00:00	1.07779	1.07861	1.07722	1.07795	6911	0	9
2024.11.08	08:00:00	1.07792	1.07970	1.07604	1.07827	13781	0	9
2024.11.08	12:00:00	1.07829	1.07841	1.07396	1.07480	15046	0	8
2024.11.08	16:00:00	1.07477	1.07500	1.06863	1.07131	12045	0	9
2024.11.08	20:00:00	1.07128	1.07209	1.07102	1.07179	2584	0	9
2024.11.10	20:00:00	1.07085	1.07166	1.07043	1.07128	2011	0	9
2024.11.11	00:00:00	1.07130	1.07275	1.07081	1.07166	5980	0	9
2024.11.11	04:00:00	1.07166	1.07219	1.06856	1.06898	7037	0	9
2024.11.11	08:00:00	1.06900	1.06942	1.06553	1.06622	12503	0	9
2024.11.11	12:00:00	1.06623	1.06644	1.06281	1.06467	12194	0	9
2024.11.11	16:00:00	1.06469	1.06568	1.06442	1.06506	6938	0	9
2024.11.11	20:00:00	1.06507	1.06627	1.06499	1.06627	3121	0	9
2024.11.12	00:00:00	1.06627	1.06627	1.06377	1.06381	6400	0	9
2024.11.12	04:00:00	1.06381	1.06454	1.06211	1.06316	7947	0	9
2024.11.12	08:00:00	1.06317	1.06337	1.06107	1.06186	11503	0	9
2024.11.12	12:00:00	1.06187	1.06268	1.06013	1.06086	13462	0	9
2024.11.12	16:00:00	1.06084	1.06181	1.05943	1.06121	10893	0	9
2024.11.12	20:00:00	1.06118	1.06262	1.06090	1.06163	4346	0	9
2024.11.13	00:00:00	1.06163	1.06289	1.06106	1.06188	6172	0	9
2024.11.13	04:00:00	1.06188	1.06224	1.06021	1.06027	5929	0	9
2024.11.13	08:00:00	1.06026	1.06377	1.05930	1.06370	10168	0	9
2024.11.13	12:00:00	1.06372	1.06534	1.05554	1.05883	28139	0	8
2024.11.13	16:00:00	1.05885	1.05917	1.05559	1.05650	13352	0	9
2024.11.13	20:00:00	1.05651	1.05685	1.05537	1.05654	4574	0	9
2024.11.14	00:00:00	1.05654	1.05683	1.05450	1.05473	6528	0	9
2024.11.14	04:00:00	1.05473	1.05544	1.05336	1.05508	7460	0	9
2024.11.14	08:00:00	1.05509	1.05576	1.04956	1.05284	14084	0	9
2024.11.14	12:00:00	1.05283	1.05773	1.05132	1.05744	22732	0	8
2024.11.14	16:00:00	1.05742	1.05822	1.05431	1.05473	10306	0	9
2024.11.14	20:00:00	1.05473	1.05485	1.05116	1.05293	10041	0	9
2024.11.15	00:00:00	1.05293	1.05457	1.05231	1.05397	6796	0	9
2024.11.15	04:00:00	1.05396	1.05635	1.05332	1.05560	7377	0	9
2024.11.15	08:00:00	1.05559	1.05796	1.05518	1.05767	11383	0	9
2024.11.15	12:00:00	1.05767	1.05926	1.05225	1.05347	21971	0	8
2024.11.15	16:00:00	1.05348	1.05597	1.05325	1.05368	12464	0	9
2024.11.15	20:00:00	1.05368	1.05376	1.05159	1.05375	3906	0	9
2024.11.17	20:00:00	1.05272	1.05374	1.05271	1.05361	1703	0	9
2024.11.18	00:00:00	1.05363	1.05502	1.05299	1.05335	7807	0	9
2024.11.18	04:00:00	1.05337	1.05478	1.05332	1.05466	6666	0	9
2024.11.18	08:00:00	1.05466	1.05707	1.05320	1.05417	11607	0	9
2024.11.18	12:00:00	1.05420	1.05752	1.05343	1.05730	12396	0	9
2024.11.18	16:00:00	1.05730	1.06067	1.05647	1.05904	8640	0	9
2024.11.18	20:00:00	1.05903	1.06003	1.05886	1.05941	3903	0	9
2024.11.19	00:00:00	1.05941	1.06004	1.05869	1.05965	6179	0	9
2024.11.19	04:00:00	1.05965	1.06002	1.05741	1.05772	7046	0	9
2024.11.19	08:00:00	1.05770	1.05876	1.05228	1.05614	20319	0	9
2024.11.19	12:00:00	1.05616	1.06006	1.05589	1.05863	18951	0	9
2024.11.19	16:00:00	1.05865	1.05949	1.05705	1.05931	10378	0	9
2024.11.19	20:00:00	1.05931	1.06074	1.05907	1.06066	4345	0	9
2024.11.20	00:00:00	1.06066	1.06093	1.05881	1.05895	5147	0	9
2024.11.20	04:00:00	1.05895	1.05950	1.05763	1.05780	7108	0	9
2024.11.20	08:00:00	1.05779	1.05788	1.05416	1.05540	11598	0	9
2024.11.20	12:00:00	1.05543	1.05675	1.05153	1.05213	14869	0	9
2024.11.20	16:00:00	1.05213	1.05420	1.05061	1.05390	10298	0	9
2024.11.20	20:00:00	1.05389	1.05454	1.05356	1.05452	3417	0	9
2024.11.21	00:00:00	1.05452	1.05528	1.05418	1.05526	4003	0	9
2024.11.21	04:00:00	1.05526	1.05545	1.05292	1.05359	7110	0	9
2024.11.21	08:00:00	1.05362	1.05427	1.05132	1.05200	12651	0	9
2024.11.21	12:00:00	1.05202	1.05445	1.05086	1.05100	16096	0	8
2024.11.21	16:00:00	1.05102	1.05145	1.04617	1.04840	16884	0	9
2024.11.21	20:00:00	1.04838	1.04863	1.04672	1.04685	4169	0	9
2024.11.22	00:00:00	1.04683	1.04779	1.04660	1.04746	5780	0	9
2024.11.22	04:00:00	1.04746	1.04888	1.04611	1.04856	7186	0	9
2024.11.22	08:00:00	1.04859	1.04977	1.03316	1.04163	33290	0	9
2024.11.22	12:00:00	1.04165	1.04345	1.03946	1.04102	22940	0	9
2024.11.22	16:00:00	1.04103	1.04251	1.03916	1.04105	10294	0	9
2024.11.22	20:00:00	1.04104	1.04199	1.04077	1.04180	2722	0	9
2024.11.24	20:00:00	1.04747	1.05007	1.04608	1.04789	4777	0	9
2024.11.25	00:00:00	1.04788	1.04897	1.04733	1.04775	9091	0	9
2024.11.25	04:00:00	1.04775	1.04894	1.04493	1.04500	8164	0	9
2024.11.25	08:00:00	1.04502	1.04969	1.04485	1.04789	16707	0	9
2024.11.25	12:00:00	1.04790	1.05301	1.04737	1.04882	20817	0	8
2024.11.25	16:00:00	1.04884	1.05102	1.04661	1.05054	12425	0	9
2024.11.25	20:00:00	1.05054	1.05092	1.04424	1.04434	6755	0	9
2024.11.26	00:00:00	1.04436	1.04797	1.04246	1.04775	16392	0	9
2024.11.26	04:00:00	1.04775	1.04900	1.04714	1.04714	9251	0	9
2024.11.26	08:00:00	1.04716	1.05208	1.04696	1.05130	16334	0	9
2024.11.26	12:00:00	1.05128	1.05445	1.04780	1.04795	22944	0	8
2024.11.26	16:00:00	1.04796	1.04858	1.04567	1.04722	15211	0	9
2024.11.26	20:00:00	1.04722	1.04914	1.04712	1.04911	5888	0	9
2024.11.27	00:00:00	1.04913	1.04960	1.04774	1.04824	7114	0	9
2024.11.27	04:00:00	1.04824	1.05048	1.04740	1.04977	7357	0	9
2024.11.27	08:00:00	1.04978	1.05398	1.04956	1.05256	18908	0	9
2024.11.27	12:00:00	1.05256	1.05796	1.05195	1.05701	23228	0	8
2024.11.27	16:00:00	1.05699	1.05871	1.05545	1.05627	12991	0	9
2024.11.27	20:00:00	1.05626	1.05692	1.05590	1.05618	4375	0	9
2024.11.28	00:00:00	1.05618	1.05624	1.05472	1.05518	6665	0	9
2024.11.28	04:00:00	1.05521	1.05576	1.05315	1.05411	7223	0	9
2024.11.28	08:00:00	1.05408	1.05561	1.05273	1.05496	16363	0	9
2024.11.28	12:00:00	1.05494	1.05566	1.05300	1.05521	12279	0	8
2024.11.28	16:00:00	1.05518	1.05567	1.05471	1.05563	3415	0	9
2024.11.28	20:00:00	1.05563	1.05619	1.05481	1.05596	2238	0	9
2024.11.29	00:00:00	1.05596	1.05754	1.05561	1.05733	8400	0	9
2024.11.29	04:00:00	1.05733	1.05968	1.05646	1.05789	8912	0	9
2024.11.29	08:00:00	1.05792	1.05818	1.05517	1.05622	16409	0	9
2024.11.29	12:00:00	1.05625	1.05680	1.05450	1.05611	15609	0	9
2024.11.29	16:00:00	1.05612	1.05790	1.05410	1.05786	10575	0	9
2024.11.29	20:00:00	1.05786	1.05835	1.05743	1.05769	2657	0	18
2024.12.01	20:00:00	1.05682	1.05704	1.05330	1.05436	3211	0	9
2024.12.02	00:00:00	1.05436	1.05462	1.05195	1.05231	9082	0	9
2024.12.02	04:00:00	1.05231	1.05367	1.05016	1.05025	11523	0	9
2024.12.02	08:00:00	1.05023	1.05283	1.04956	1.05227	17823	0	9
2024.12.02	12:00:00	1.05224	1.05380	1.04615	1.04688	23564	0	8
2024.12.02	16:00:00	1.04690	1.04984	1.04600	1.04897	14083	0	9
2024.12.02	20:00:00	1.04897	1.05154	1.04884	1.05003	7235	0	9
2024.12.03	00:00:00	1.05001	1.05011	1.04819	1.04900	7875	0	9
2024.12.03	04:00:00	1.04900	1.05112	1.04804	1.04976	8080	0	9
2024.12.03	08:00:00	1.04979	1.05303	1.04969	1.05222	14058	0	9
2024.12.03	12:00:00	1.05221	1.05286	1.04917	1.05159	17233	0	8
2024.12.03	16:00:00	1.05162	1.05347	1.05026	1.05044	12332	0	9
2024.12.03	20:00:00	1.05042	1.05122	1.04991	1.05097	4075	0	9
2024.12.04	00:00:00	1.05097	1.05122	1.04875	1.04935	7856	0	9
2024.12.04	04:00:00	1.04935	1.05285	1.04903	1.05089	8889	0	9
2024.12.04	08:00:00	1.05087	1.05147	1.04821	1.05047	14711	0	9
2024.12.04	12:00:00	1.05045	1.05436	1.04718	1.05292	22792	0	8
2024.12.04	16:00:00	1.05293	1.05421	1.05071	1.05134	15139	0	9
2024.12.04	20:00:00	1.05136	1.05169	1.05046	1.05121	4772	0	9
2024.12.05	00:00:00	1.05122	1.05229	1.05078	1.05224	5871	0	9
2024.12.05	04:00:00	1.05224	1.05382	1.05166	1.05349	6681	0	9
2024.12.05	08:00:00	1.05348	1.05460	1.05210	1.05358	11393	0	9
2024.12.05	12:00:00	1.05359	1.05894	1.05233	1.05718	20547	0	9
2024.12.05	16:00:00	1.05715	1.05881	1.05566	1.05866	11249	0	9
2024.12.05	20:00:00	1.05868	1.05880	1.05805	1.05859	4319	0	9
2024.12.06	00:00:00	1.05859	1.05861	1.05657	1.05757	6043	0	9
2024.12.06	04:00:00	1.05756	1.05840	1.05670	1.05832	6226	0	9
2024.12.06	08:00:00	1.05832	1.05936	1.05709	1.05864	10343	0	9
2024.12.06	12:00:00	1.05863	1.06292	1.05437	1.05630	26709	0	8
2024.12.06	16:00:00	1.05630	1.05752	1.05420	1.05537	11547	0	9
2024.12.06	20:00:00	1.05540	1.05692	1.05536	1.05672	2677	0	9
2024.12.08	20:00:00	1.05566	1.05690	1.05536	1.05654	1796	0	9
2024.12.09	00:00:00	1.05654	1.05656	1.05363	1.05370	5456	0	9
2024.12.09	04:00:00	1.05370	1.05661	1.05318	1.05637	8265	0	9
2024.12.09	08:00:00	1.05640	1.05849	1.05561	1.05686	12050	0	9
2024.12.09	12:00:00	1.05686	1.05923	1.05575	1.05904	14121	0	9
2024.12.09	16:00:00	1.05905	1.05940	1.05513	1.05549	8190	0	9
2024.12.09	20:00:00	1.05551	1.05574	1.05467	1.05540	4079	0	9
2024.12.10	00:00:00	1.05542	1.05611	1.05448	1.05563	6174	0	9
2024.12.10	04:00:00	1.05563	1.05676	1.05464	1.05487	6547	0	9
2024.12.10	08:00:00	1.05488	1.05513	1.05227	1.05309	11515	0	9
2024.12.10	12:00:00	1.05311	1.05334	1.04981	1.05033	14535	0	9
2024.12.10	16:00:00	1.05034	1.05307	1.04995	1.05266	9772	0	9
2024.12.10	20:00:00	1.05264	1.05313	1.05233	1.05306	3696	0	9
2024.12.11	00:00:00	1.05308	1.05388	1.05271	1.05279	4962	0	9
2024.12.11	04:00:00	1.05278	1.05300	1.04878	1.04886	8512	0	9
2024.12.11	08:00:00	1.04961	1.05121	1.04867	1.05031	13064	0	9
2024.12.11	12:00:00	1.05031	1.05369	1.04797	1.04901	23920	0	9
2024.12.11	16:00:00	1.04902	1.05115	1.04811	1.04910	11971	0	9
2024.12.11	20:00:00	1.04911	1.05060	1.04880	1.05048	3653	0	9
2024.12.12	00:00:00	1.05049	1.05083	1.05004	1.05048	5484	0	9
2024.12.12	04:00:00	1.05048	1.05305	1.05028	1.05161	6655	0	9
2024.12.12	08:00:00	1.05160	1.05204	1.04940	1.05019	12366	0	9
2024.12.12	12:00:00	1.05020	1.05207	1.04631	1.04726	28769	0	9
2024.12.12	16:00:00	1.04724	1.05169	1.04714	1.04724	13639	0	9
2024.12.12	20:00:00	1.04722	1.04744	1.04607	1.04735	4736	0	9
2024.12.13	00:00:00	1.04735	1.04804	1.04591	1.04600	6944	0	9
2024.12.13	04:00:00	1.04600	1.04658	1.04527	1.04590	7195	0	9
2024.12.13	08:00:00	1.04589	1.04955	1.04560	1.04884	12647	0	9
2024.12.13	12:00:00	1.04882	1.05237	1.04817	1.04886	15747	0	9
2024.12.13	16:00:00	1.04884	1.05056	1.04863	1.04942	10231	0	9
2024.12.13	20:00:00	1.04944	1.05042	1.04922	1.05027	2435	0	9
2024.12.15	20:00:00	1.04858	1.05105	1.04824	1.05091	1870	0	9
2024.12.16	00:00:00	1.05091	1.05226	1.05087	1.05113	5996	0	9
2024.12.16	04:00:00	1.05115	1.05210	1.05041	1.05047	6011	0	9
2024.12.16	08:00:00	1.05044	1.05245	1.04828	1.04900	11862	0	9
2024.12.16	12:00:00	1.04903	1.05125	1.04743	1.05061	13883	0	9
2024.12.16	16:00:00	1.05060	1.05222	1.04950	1.05095	10480	0	9
2024.12.16	20:00:00	1.05098	1.05181	1.05045	1.05163	3695	0	9
2024.12.17	00:00:00	1.05163	1.05342	1.05109	1.05121	5868	0	9
2024.12.17	04:00:00	1.05121	1.05122	1.04953	1.04973	6470	0	9
2024.12.17	08:00:00	1.04971	1.05000	1.04786	1.04911	11257	0	9
2024.12.17	12:00:00	1.04910	1.05111	1.04876	1.04983	14400	0	9
2024.12.17	16:00:00	1.04985	1.05154	1.04876	1.04881	10470	0	9
2024.12.17	20:00:00	1.04881	1.04948	1.04848	1.04939	3054	0	9
2024.12.18	00:00:00	1.04938	1.05033	1.04924	1.04990	5135	0	9
2024.12.18	04:00:00	1.04988	1.05123	1.04932	1.04967	6172	0	9
2024.12.18	08:00:00	1.04965	1.05030	1.04873	1.04963	9881	0	9
2024.12.18	12:00:00	1.04964	1.05028	1.04694	1.04735	13407	0	9
2024.12.18	16:00:00	1.04738	1.04920	1.03728	1.03772	21715	0	9
2024.12.18	20:00:00	1.03773	1.03802	1.03435	1.03506	14997	0	9
2024.12.19	00:00:00	1.03503	1.03902	1.03502	1.03779	9929	0	9
2024.12.19	04:00:00	1.03777	1.04089	1.03744	1.03946	10576	0	9
2024.12.19	08:00:00	1.03945	1.04220	1.03900	1.04032	15825	0	9
2024.12.19	12:00:00	1.04032	1.04137	1.03764	1.03793	21390	0	8
2024.12.19	16:00:00	1.03795	1.03842	1.03543	1.03609	14267	0	9
2024.12.19	20:00:00	1.03612	1.03688	1.03584	1.03643	4358	0	9
2024.12.20	00:00:00	1.03643	1.03688	1.03585	1.03617	6502	0	9
2024.12.20	04:00:00	1.03619	1.03850	1.03426	1.03823	10683	0	9
2024.12.20	08:00:00	1.03822	1.03979	1.03755	1.03912	12454	0	9
2024.12.20	12:00:00	1.03914	1.04187	1.03855	1.03964	18206	0	8
2024.12.20	16:00:00	1.03965	1.04470	1.03955	1.04443	13854	0	9
2024.12.20	20:00:00	1.04441	1.04466	1.04217	1.04281	3636	0	9
2024.12.22	20:00:00	1.04277	1.04433	1.04261	1.04333	2157	0	9
2024.12.23	00:00:00	1.04334	1.04426	1.04266	1.04388	4794	0	9
2024.12.23	04:00:00	1.04388	1.04450	1.04109	1.04124	5709	0	9
2024.12.23	08:00:00	1.04123	1.04191	1.03862	1.03995	9450	0	9
2024.12.23	12:00:00	1.03995	1.04080	1.03836	1.03905	12641	0	8
2024.12.23	16:00:00	1.03903	1.04174	1.03889	1.04108	9165	0	9
2024.12.23	20:00:00	1.04108	1.04138	1.04011	1.04039	3987	0	9
2024.12.24	00:00:00	1.04040	1.04082	1.03883	1.03907	4161	0	9
2024.12.24	04:00:00	1.03907	1.03981	1.03898	1.03902	3962	0	9
2024.12.24	08:00:00	1.03903	1.04052	1.03888	1.03944	6744	0	9
2024.12.24	12:00:00	1.03946	1.04095	1.03886	1.03915	9192	0	8
2024.12.24	16:00:00	1.03914	1.03965	1.03828	1.03921	5177	0	9
2024.12.24	20:00:00	1.03920	1.04000	1.03888	1.03927	2619	0	27
2024.12.25	20:00:00	1.03992	1.04028	1.03958	1.03986	1454	0	9
2024.12.26	00:00:00	1.03986	1.04038	1.03926	1.04006	4014	0	9
2024.12.26	04:00:00	1.04006	1.04023	1.03901	1.03971	3405	0	9
2024.12.26	08:00:00	1.03969	1.04027	1.03909	1.04007	3923	0	9
2024.12.26	12:00:00	1.04008	1.04147	1.03923	1.04085	7826	0	9
2024.12.26	16:00:00	1.04083	1.04297	1.04061	1.04174	7404	0	9
2024.12.26	20:00:00	1.04172	1.04244	1.04153	1.04214	3427	0	9
2024.12.27	00:00:00	1.04214	1.04234	1.04063	1.04124	4225	0	9
2024.12.27	04:00:00	1.04123	1.04243	1.04046	1.04215	4489	0	9
2024.12.27	08:00:00	1.04212	1.04403	1.04086	1.04381	7561	0	9
2024.12.27	12:00:00	1.04382	1.04435	1.04155	1.04216	10689	0	8
2024.12.27	16:00:00	1.04217	1.04320	1.04142	1.04279	8512	0	9
2024.12.27	20:00:00	1.04276	1.04281	1.04216	1.04253	2167	0	9
2024.12.29	20:00:00	1.04270	1.04338	1.04254	1.04292	1458	0	9
2024.12.30	00:00:00	1.04292	1.04308	1.04206	1.04243	3301	0	9
2024.12.30	04:00:00	1.04243	1.04310	1.04207	1.04266	3783	0	9
2024.12.30	08:00:00	1.04265	1.04518	1.04091	1.04476	9980	0	9
2024.12.30	12:00:00	1.04477	1.04578	1.03714	1.03801	18934	0	9
2024.12.30	16:00:00	1.03802	1.04067	1.03744	1.03964	10365	0	9
2024.12.30	20:00:00	1.03963	1.04061	1.03949	1.04052	3800	0	9
2024.12.31	00:00:00	1.04052	1.04144	1.03968	1.04083	4164	0	9
2024.12.31	04:00:00	1.04083	1.04125	1.03993	1.04112	3898	0	9
2024.12.31	08:00:00	1.04115	1.04240	1.04049	1.04099	9614	0	9
2024.12.31	12:00:00	1.04099	1.04139	1.03521	1.03546	15304	0	9
2024.12.31	16:00:00	1.03544	1.03642	1.03432	1.03542	11740	0	9
2024.12.31	20:00:00	1.03543	1.03627	1.03522	1.03526	1932	0	9
2025.01.01	20:00:00	1.03501	1.03565	1.03461	1.03507	1701	0	9
2025.01.02	00:00:00	1.03508	1.03736	1.03434	1.03711	5734	0	9
2025.01.02	04:00:00	1.03712	1.03751	1.03595	1.03624	5370	0	9
2025.01.02	08:00:00	1.03626	1.03705	1.03132	1.03317	14328	0	9
2025.01.02	12:00:00	1.03317	1.03338	1.02721	1.02738	19006	0	8
2025.01.02	16:00:00	1.02737	1.02761	1.02236	1.02510	19904	0	9
2025.01.02	20:00:00	1.02509	1.02684	1.02503	1.02676	3952	0	9
2025.01.03	00:00:00	1.02675	1.02742	1.02653	1.02706	4054	0	9
2025.01.03	04:00:00	1.02705	1.02845	1.02643	1.02805	5940	0	9
2025.01.03	08:00:00	1.02805	1.02996	1.02724	1.02991	9460	0	9
2025.01.03	12:00:00	1.02979	1.03054	1.02727	1.02886	11532	0	9
2025.01.03	16:00:00	1.02888	1.03057	1.02831	1.03007	8589	0	9
2025.01.03	20:00:00	1.03005	1.03094	1.02984	1.03083	2207	0	9
2025.01.05	20:00:00	1.03038	1.03075	1.02959	1.03046	1426	0	9
2025.01.06	00:00:00	1.03046	1.03179	1.02953	1.03161	5501	0	9
2025.01.06	04:00:00	1.03161	1.03279	1.03074	1.03267	5501	0	9
2025.01.06	08:00:00	1.03269	1.04324	1.03260	1.04213	24583	0	9
2025.01.06	12:00:00	1.04210	1.04364	1.03520	1.03930	34000	0	8
2025.01.06	16:00:00	1.03932	1.04024	1.03768	1.03877	11693	0	9
2025.01.06	20:00:00	1.03880	1.03919	1.03811	1.03830	3970	0	9
2025.01.07	00:00:00	1.03829	1.03924	1.03757	1.03923	5242	0	9
2025.01.07	04:00:00	1.03922	1.04239	1.03899	1.04141	7287	0	9
2025.01.07	08:00:00	1.04138	1.04340	1.04029	1.04128	12949	0	9
2025.01.07	12:00:00	1.04128	1.04165	1.03549	1.03725	18249	0	8
2025.01.07	16:00:00	1.03726	1.03809	1.03491	1.03549	15901	0	9
2025.01.07	20:00:00	1.03547	1.03559	1.03357	1.03414	3825	0	9
2025.01.08	00:00:00	1.03414	1.03544	1.03413	1.03472	4452	0	9
2025.01.08	04:00:00	1.03470	1.03572	1.03281	1.03320	6271	0	9
2025.01.08	08:00:00	1.03321	1.03395	1.02726	1.02972	17301	0	9
2025.01.08	12:00:00	1.02973	1.03098	1.02805	1.03012	21579	0	8
2025.01.08	16:00:00	1.03013	1.03239	1.02941	1.03088	11248	0	8
2025.01.08	20:00:00	1.03088	1.03190	1.03075	1.03129	4273	0	9
2025.01.09	00:00:00	1.03129	1.03210	1.03044	1.03111	4716	0	9
2025.01.09	04:00:00	1.03108	1.03121	1.02875	1.02907	7534	0	9
2025.01.09	08:00:00	1.02909	1.03172	1.02833	1.03005	12928	0	9
2025.01.09	12:00:00	1.03005	1.03189	1.02942	1.02992	10822	0	9
2025.01.09	16:00:00	1.02992	1.03020	1.02908	1.02978	5685	0	9
2025.01.09	20:00:00	1.02978	1.03033	1.02946	1.02960	2467	0	9
2025.01.10	00:00:00	1.02960	1.03040	1.02919	1.02982	4302	0	9
2025.01.10	04:00:00	1.02982	1.02994	1.02807	1.02964	5387	0	9
2025.01.10	08:00:00	1.02967	1.03114	1.02923	1.03013	9610	0	9
2025.01.10	12:00:00	1.03014	1.03115	1.02126	1.02502	32396	0	8
2025.01.10	16:00:00	1.02500	1.02507	1.02271	1.02450	13952	0	9
2025.01.10	20:00:00	1.02449	1.02485	1.02367	1.02448	2854	0	9
2025.01.12	20:00:00	1.02371	1.02465	1.02357	1.02428	1509	0	9
2025.01.13	00:00:00	1.02428	1.02496	1.02123	1.02149	6800	0	9
2025.01.13	04:00:00	1.02151	1.02245	1.02071	1.02153	8845	0	9
2025.01.13	08:00:00	1.02150	1.02308	1.01770	1.01953	18827	0	9
2025.01.13	12:00:00	1.01952	1.02203	1.01873	1.01967	16250	0	9
2025.01.13	16:00:00	1.01967	1.02210	1.01914	1.02070	9775	0	9
2025.01.13	20:00:00	1.02070	1.02770	1.02067	1.02637	6928	0	9
2025.01.14	00:00:00	1.02634	1.02636	1.02380	1.02481	7674	0	9
2025.01.14	04:00:00	1.02482	1.02656	1.02420	1.02539	8341	0	9
2025.01.14	08:00:00	1.02542	1.02745	1.02516	1.02534	13711	0	9
2025.01.14	12:00:00	1.02532	1.02952	1.02391	1.02943	22087	0	8
2025.01.14	16:00:00	1.02942	1.03049	1.02786	1.02977	11086	0	9
2025.01.14	20:00:00	1.02978	1.03083	1.02959	1.03057	4036	0	9
2025.01.15	00:00:00	1.03057	1.03058	1.02949	1.03013	4611	0	9
2025.01.15	04:00:00	1.03014	1.03078	1.02864	1.03052	7177	0	9
2025.01.15	08:00:00	1.03054	1.03166	1.02939	1.03008	11352	0	9
2025.01.15	12:00:00	1.03009	1.03537	1.02932	1.03058	22909	0	9
2025.01.15	16:00:00	1.03056	1.03074	1.02576	1.02929	12240	0	9
2025.01.15	20:00:00	1.02928	1.02985	1.02860	1.02948	4032	0	9
2025.01.16	00:00:00	1.02945	1.02994	1.02843	1.02885	6943	0	9
2025.01.16	04:00:00	1.02885	1.03012	1.02805	1.02972	6457	0	9
2025.01.16	08:00:00	1.02974	1.02996	1.02813	1.02896	10172	0	9
2025.01.16	12:00:00	1.02896	1.03054	1.02603	1.03003	21000	0	9
2025.01.16	16:00:00	1.03002	1.03147	1.02855	1.03015	14559	0	9
2025.01.16	20:00:00	1.03013	1.03040	1.02960	1.03011	3682	0	9
2025.01.17	00:00:00	1.03011	1.03091	1.02978	1.03003	4806	0	9
2025.01.17	04:00:00	1.03002	1.03006	1.02772	1.02844	6299	0	9
2025.01.17	08:00:00	1.02843	1.03098	1.02843	1.03040	10278	0	9
2025.01.17	12:00:00	1.03040	1.03302	1.02649	1.02988	21928	0	9
2025.01.17	16:00:00	1.02987	1.02998	1.02725	1.02758	10743	0	9
2025.01.17	20:00:00	1.02758	1.02810	1.02687	1.02702	2791	0	9
2025.01.19	20:00:00	1.02769	1.02801	1.02653	1.02799	1909	0	9
2025.01.20	00:00:00	1.02800	1.03059	1.02777	1.03055	5949	0	9
2025.01.20	04:00:00	1.03055	1.03184	1.02991	1.03162	6338	0	9
2025.01.20	08:00:00	1.03164	1.03261	1.03045	1.03254	10902	0	9
2025.01.20	12:00:00	1.03254	1.04297	1.03075	1.03999	43275	0	9
2025.01.20	16:00:00	1.04000	1.04228	1.03531	1.04202	15547	0	9
2025.01.20	20:00:00	1.04201	1.04341	1.04095	1.04206	7091	0	9
2025.01.21	00:00:00	1.04206	1.04339	1.03520	1.03869	27039	0	9
2025.01.21	04:00:00	1.03870	1.03987	1.03646	1.03731	8325	0	9
2025.01.21	08:00:00	1.03729	1.03729	1.03415	1.03528	14511	0	9
2025.01.21	12:00:00	1.03530	1.04100	1.03453	1.04001	19142	0	9
2025.01.21	16:00:00	1.03999	1.04351	1.03976	1.04178	10809	0	9
2025.01.21	20:00:00	1.04177	1.04295	1.03921	1.04054	8134	0	9
2025.01.22	00:00:00	1.04053	1.04241	1.04053	1.04115	7073	0	9
2025.01.22	04:00:00	1.04115	1.04208	1.03994	1.04113	7331	0	9
2025.01.22	08:00:00	1.04114	1.04569	1.04090	1.04426	14307	0	9
2025.01.22	12:00:00	1.04423	1.04454	1.04139	1.04197	15751	0	9
2025.01.22	16:00:00	1.04195	1.04226	1.04114	1.04199	8650	0	9
2025.01.22	20:00:00	1.04199	1.04226	1.04050	1.04074	3802	0	9
2025.01.23	00:00:00	1.04074	1.04154	1.03966	1.04085	5812	0	9
2025.01.23	04:00:00	1.04085	1.04123	1.03894	1.03998	6756	0	9
2025.01.23	08:00:00	1.03997	1.04198	1.03898	1.04030	10601	0	9
2025.01.23	12:00:00	1.04030	1.04176	1.03865	1.03967	14397	0	9
2025.01.23	16:00:00	1.03968	1.04375	1.03715	1.04225	21429	0	9
2025.01.23	20:00:00	1.04226	1.04288	1.04108	1.04153	4678	0	9
2025.01.24	00:00:00	1.04155	1.04535	1.04114	1.04456	9873	0	9
2025.01.24	04:00:00	1.04457	1.04702	1.04431	1.04606	11186	0	9
2025.01.24	08:00:00	1.04603	1.05146	1.04574	1.04856	16601	0	9
2025.01.24	12:00:00	1.04856	1.05203	1.04633	1.05157	16564	0	8
2025.01.24	16:00:00	1.05155	1.05211	1.04917	1.04951	10108	0	9
2025.01.24	20:00:00	1.04949	1.04970	1.04879	1.04942	2553	0	9
2025.01.26	20:00:00	1.04789	1.04852	1.04649	1.04672	2097	0	9
2025.01.27	00:00:00	1.04672	1.04784	1.04587	1.04683	8140	0	9
2025.01.27	04:00:00	1.04683	1.04708	1.04534	1.04569	8009	0	9
2025.01.27	08:00:00	1.04568	1.05178	1.04541	1.05126	18074	0	9
2025.01.27	12:00:00	1.05125	1.05327	1.04935	1.04987	18172	0	8
2025.01.27	16:00:00	1.04989	1.05071	1.04789	1.04921	12701	0	9
2025.01.27	20:00:00	1.04921	1.04938	1.04278	1.04368	9651	0	9
2025.01.28	00:00:00	1.04371	1.04561	1.04238	1.04289	13129	0	9
2025.01.28	04:00:00	1.04292	1.04438	1.04253	1.04339	7545	0	9
2025.01.28	08:00:00	1.04340	1.04438	1.04190	1.04231	13205	0	9
2025.01.28	12:00:00	1.04233	1.04406	1.04134	1.04238	14543	0	8
2025.01.28	16:00:00	1.04240	1.04378	1.04219	1.04344	10300	0	9
2025.01.28	20:00:00	1.04346	1.04350	1.04246	1.04268	4007	0	9
2025.01.29	00:00:00	1.04269	1.04385	1.04255	1.04370	4985	0	9
2025.01.29	04:00:00	1.04370	1.04432	1.04129	1.04159	6742	0	9
2025.01.29	08:00:00	1.04161	1.04301	1.03943	1.04011	11983	0	9
2025.01.29	12:00:00	1.04012	1.04266	1.03818	1.04188	15677	0	9
2025.01.29	16:00:00	1.04189	1.04284	1.03880	1.04159	21858	0	8
2025.01.29	20:00:00	1.04158	1.04269	1.04042	1.04243	9284	0	9
2025.01.30	00:00:00	1.04243	1.04285	1.04187	1.04247	4509	0	9
2025.01.30	04:00:00	1.04248	1.04274	1.04091	1.04233	6058	0	9
2025.01.30	08:00:00	1.04236	1.04283	1.03910	1.03916	12763	0	9
2025.01.30	12:00:00	1.03916	1.04673	1.03897	1.04311	24323	0	9
2025.01.30	16:00:00	1.04309	1.04344	1.04091	1.04273	8991	0	9
2025.01.30	20:00:00	1.04276	1.04319	1.03826	1.03963	13873	0	9
2025.01.31	00:00:00	1.03963	1.04019	1.03763	1.03848	7776	0	9
2025.01.31	04:00:00	1.03850	1.04123	1.03822	1.04035	7076	0	9
2025.01.31	08:00:00	1.04033	1.04065	1.03648	1.03753	13881	0	9
2025.01.31	12:00:00	1.03752	1.04002	1.03597	1.03958	16713	0	9
2025.01.31	16:00:00	1.03960	1.04336	1.03612	1.03757	28136	0	9
2025.01.31	20:00:00	1.03759	1.03868	1.03495	1.03585	11439	0	9
2025.02.02	20:00:00	1.02379	1.02694	1.02336	1.02464	5455	0	22
2025.02.03	00:00:00	1.02469	1.02669	1.02103	1.02212	23584	0	9
2025.02.03	04:00:00	1.02212	1.02513	1.02203	1.02246	15468	0	9
2025.02.03	08:00:00	1.02247	1.02555	1.02124	1.02519	17879	0	9
2025.02.03	12:00:00	1.02518	1.03352	1.02416	1.03158	38070	0	9
2025.02.03	16:00:00	1.03160	1.03211	1.02693	1.02843	30553	0	9
2025.02.03	20:00:00	1.02845	1.03501	1.02824	1.03279	12976	0	9
2025.02.04	00:00:00	1.03279	1.03308	1.03082	1.03144	8464	0	9
2025.02.04	04:00:00	1.03143	1.03169	1.02715	1.03110	12780	0	9
2025.02.04	08:00:00	1.03112	1.03492	1.03083	1.03218	14246	0	9
2025.02.04	12:00:00	1.03219	1.03856	1.03197	1.03800	18411	0	9
2025.02.04	16:00:00	1.03798	1.03872	1.03653	1.03816	12394	0	9
2025.02.04	20:00:00	1.03818	1.03873	1.03707	1.03713	4537	0	9
2025.02.05	00:00:00	1.03714	1.03861	1.03695	1.03790	7274	0	9
2025.02.05	04:00:00	1.03791	1.04092	1.03730	1.04022	8421	0	9
2025.02.05	08:00:00	1.04020	1.04301	1.03896	1.04142	14122	0	9
2025.02.05	12:00:00	1.04142	1.04420	1.04012	1.04217	17778	0	9
2025.02.05	16:00:00	1.04215	1.04246	1.04042	1.04069	10196	0	9
2025.02.05	20:00:00	1.04069	1.04069	1.03965	1.03984	4483	0	9
2025.02.06	00:00:00	1.03986	1.04049	1.03894	1.03917	6341	0	9
2025.02.06	04:00:00	1.03917	1.03935	1.03777	1.03795	6341	0	9
2025.02.06	08:00:00	1.03797	1.03807	1.03556	1.03620	11282	0	9
2025.02.06	12:00:00	1.03617	1.03760	1.03523	1.03688	16387	0	9
2025.02.06	16:00:00	1.03686	1.03962	1.03654	1.03842	10393	0	9
2025.02.06	20:00:00	1.03841	1.03904	1.03790	1.03846	3571	0	9
2025.02.07	00:00:00	1.03846	1.03905	1.03740	1.03796	6147	0	9
2025.02.07	04:00:00	1.03796	1.03899	1.03723	1.03887	5867	0	9
2025.02.07	08:00:00	1.03886	1.03995	1.03771	1.03821	8537	0	9
2025.02.07	12:00:00	1.03821	1.04123	1.03273	1.03548	26308	0	9
2025.02.07	16:00:00	1.03549	1.03603	1.03049	1.03318	28890	0	9
2025.02.07	20:00:00	1.03318	1.03379	1.03212	1.03264	3237	0	9
2025.02.09	20:00:00	1.02813	1.03131	1.02793	1.03094	2358	0	9
2025.02.10	00:00:00	1.03094	1.03180	1.02982	1.03112	6355	0	9
2025.02.10	04:00:00	1.03112	1.03251	1.03096	1.03125	6353	0	9
2025.02.10	08:00:00	1.03124	1.03361	1.03063	1.03204	10510	0	9
2025.02.10	12:00:00	1.03201	1.03259	1.03039	1.03148	10991	0	9
2025.02.10	16:00:00	1.03148	1.03180	1.03042	1.03065	7602	0	9
2025.02.10	20:00:00	1.03065	1.03081	1.02982	1.03003	3814	0	9
2025.02.11	00:00:00	1.03005	1.03064	1.02918	1.02977	4848	0	9
2025.02.11	04:00:00	1.02977	1.03101	1.02970	1.03028	5714	0	9
2025.02.11	08:00:00	1.03028	1.03247	1.02995	1.03214	9113	0	9
2025.02.11	12:00:00	1.03214	1.03429	1.03162	1.03396	10624	0	9
2025.02.11	16:00:00	1.03394	1.03811	1.03386	1.03576	10376	0	9
2025.02.11	20:00:00	1.03574	1.03673	1.03552	1.03627	4455	0	9
2025.02.12	00:00:00	1.03629	1.03674	1.03536	1.03617	5035	0	9
2025.02.12	04:00:00	1.03618	1.03787	1.03546	1.03751	5533	0	9
2025.02.12	08:00:00	1.03754	1.03855	1.03642	1.03749	9920	0	9
2025.02.12	12:00:00	1.03748	1.03823	1.03165	1.03739	24249	0	9
2025.02.12	16:00:00	1.03738	1.04296	1.03498	1.03908	19407	0	9
2025.02.12	20:00:00	1.03907	1.03972	1.03788	1.03920	5069	0	9
2025.02.13	00:00:00	1.03920	1.04213	1.03870	1.04185	6578	0	9
2025.02.13	04:00:00	1.04185	1.04395	1.04181	1.04254	9706	0	9
2025.02.13	08:00:00	1.04253	1.04287	1.03922	1.04026	13224	0	9
2025.02.13	12:00:00	1.04026	1.04377	1.03751	1.04329	23726	0	8
2025.02.13	16:00:00	1.04327	1.04449	1.03727	1.04366	23002	0	9
2025.02.13	20:00:00	1.04366	1.04669	1.04352	1.04612	5697	0	9
2025.02.14	00:00:00	1.04612	1.04669	1.04536	1.04583	6274	0	9
2025.02.14	04:00:00	1.04583	1.04716	1.04469	1.04645	7154	0	9
2025.02.14	08:00:00	1.04647	1.04874	1.04627	1.04672	11339	0	9
2025.02.14	12:00:00	1.04669	1.05137	1.04567	1.05078	16239	0	9
2025.02.14	16:00:00	1.05076	1.05097	1.04938	1.04984	8508	0	9
2025.02.14	20:00:00	1.04982	1.04982	1.04883	1.04908	2319	0	9
2025.02.16	20:00:00	1.04841	1.04939	1.04829	1.04879	1729	0	9
2025.02.17	00:00:00	1.04879	1.05059	1.04850	1.04942	5698	0	9
2025.02.17	04:00:00	1.04943	1.04978	1.04799	1.04823	7514	0	9
2025.02.17	08:00:00	1.04823	1.04889	1.04707	1.04816	9526	0	9
2025.02.17	12:00:00	1.04816	1.04848	1.04667	1.04790	7939	0	9
2025.02.17	16:00:00	1.04793	1.04845	1.04763	1.04813	3676	0	9
2025.02.17	20:00:00	1.04813	1.04852	1.04767	1.04846	2402	0	9
2025.02.18	00:00:00	1.04846	1.04858	1.04617	1.04629	6000	0	9
2025.02.18	04:00:00	1.04629	1.04688	1.04519	1.04631	6242	0	9
2025.02.18	08:00:00	1.04630	1.04687	1.04544	1.04624	8911	0	9
2025.02.18	12:00:00	1.04625	1.04667	1.04412	1.04657	11654	0	9
2025.02.18	16:00:00	1.04657	1.04691	1.04347	1.04448	7778	0	9
2025.02.18	20:00:00	1.04447	1.04506	1.04391	1.04479	4059	0	9
2025.02.19	00:00:00	1.04479	1.04518	1.04408	1.04510	4894	0	9
2025.02.19	04:00:00	1.04510	1.04610	1.04479	1.04509	5402	0	9
2025.02.19	08:00:00	1.04510	1.04556	1.04183	1.04241	10893	0	9
2025.02.19	12:00:00	1.04241	1.04409	1.04211	1.04237	11694	0	9
2025.02.19	16:00:00	1.04235	1.04320	1.04005	1.04255	9535	0	9
2025.02.19	20:00:00	1.04252	1.04261	1.04177	1.04205	3616	0	9
2025.02.20	00:00:00	1.04205	1.04371	1.04183	1.04308	7284	0	9
2025.02.20	04:00:00	1.04307	1.04340	1.04231	1.04311	6215	0	9
2025.02.20	08:00:00	1.04308	1.04458	1.04284	1.04378	9525	0	9
2025.02.20	12:00:00	1.04379	1.04749	1.04329	1.04735	14888	0	9
2025.02.20	16:00:00	1.04733	1.05030	1.04639	1.05010	9933	0	9
2025.02.20	20:00:00	1.05012	1.05052	1.04922	1.04998	4008	0	9
2025.02.21	00:00:00	1.04998	1.05042	1.04842	1.05021	6437	0	9
2025.02.21	04:00:00	1.05021	1.05044	1.04875	1.04918	6367	0	9
2025.02.21	08:00:00	1.04919	1.04939	1.04626	1.04689	11334	0	9
2025.02.21	12:00:00	1.04691	1.04920	1.04522	1.04538	13835	0	9
2025.02.21	16:00:00	1.04539	1.04674	1.04489	1.04619	10260	0	9
2025.02.21	20:00:00	1.04616	1.04640	1.04568	1.04602	2911	0	9
2025.02.23	20:00:00	1.04657	1.04842	1.04589	1.04736	2509	0	9
2025.02.24	00:00:00	1.04737	1.05278	1.04715	1.05189	11224	0	9
2025.02.24	04:00:00	1.05189	1.05202	1.04864	1.04907	8808	0	9
2025.02.24	08:00:00	1.04909	1.04924	1.04633	1.04682	11950	0	9
2025.02.24	12:00:00	1.04681	1.04751	1.04525	1.04687	11929	0	9
2025.02.24	16:00:00	1.04687	1.04855	1.04652	1.04748	10005	0	9
2025.02.24	20:00:00	1.04750	1.04790	1.04599	1.04610	5122	0	9
2025.02.25	00:00:00	1.04612	1.04757	1.04593	1.04727	5019	0	9
2025.02.25	04:00:00	1.04727	1.04796	1.04631	1.04641	6462	0	9
2025.02.25	08:00:00	1.04638	1.04893	1.04559	1.04889	11760	0	9
2025.02.25	12:00:00	1.04888	1.05187	1.04879	1.04981	14056	0	9
2025.02.25	16:00:00	1.04983	1.05177	1.04837	1.05101	10703	0	9
2025.02.25	20:00:00	1.05100	1.05223	1.05086	1.05200	4641	0	9
2025.02.26	00:00:00	1.05201	1.05244	1.05011	1.05042	6163	0	9
2025.02.26	04:00:00	1.05041	1.05051	1.04868	1.04935	6794	0	9
2025.02.26	08:00:00	1.04934	1.05110	1.04863	1.04910	10811	0	9
2025.02.26	12:00:00	1.04909	1.05086	1.04745	1.05054	14344	0	9
2025.02.26	16:00:00	1.05056	1.05284	1.04816	1.04908	18254	0	9
2025.02.26	20:00:00	1.04906	1.04921	1.04782	1.04876	4282	0	9
2025.02.27	00:00:00	1.04876	1.04876	1.04644	1.04653	5615	0	9
2025.02.27	04:00:00	1.04653	1.04796	1.04588	1.04750	6920	0	9
2025.02.27	08:00:00	1.04753	1.04869	1.04699	1.04756	9891	0	9
2025.02.27	12:00:00	1.04756	1.04890	1.04092	1.04148	22978	0	9
2025.02.27	16:00:00	1.04149	1.04178	1.03999	1.04040	10333	0	9
2025.02.27	20:00:00	1.04043	1.04080	1.03871	1.03935	4798	0	9
2025.02.28	00:00:00	1.03938	1.04038	1.03799	1.03878	7700	0	9
2025.02.28	04:00:00	1.03878	1.04002	1.03823	1.03957	7204	0	9
2025.02.28	08:00:00	1.03958	1.04075	1.03921	1.03980	9717	0	9
2025.02.28	12:00:00	1.03980	1.04195	1.03928	1.03996	14893	0	9
2025.02.28	16:00:00	1.03993	1.04110	1.03594	1.03675	19275	0	9
2025.02.28	20:00:00	1.03676	1.03767	1.03619	1.03749	4395	0	9
2025.03.02	20:00:00	1.03974	1.04205	1.03949	1.04116	2500	0	9
2025.03.03	00:00:00	1.04116	1.04228	1.04020	1.04166	9159	0	9
2025.03.03	04:00:00	1.04165	1.04201	1.04016	1.04050	7233	0	9
2025.03.03	08:00:00	1.04048	1.04577	1.03882	1.04520	13800	0	9
2025.03.03	12:00:00	1.04519	1.05035	1.04519	1.04842	18667	0	9
2025.03.03	16:00:00	1.04839	1.05038	1.04721	1.04727	15129	0	9
2025.03.03	20:00:00	1.04725	1.04922	1.04661	1.04849	10011	0	9
2025.03.04	00:00:00	1.04850	1.04956	1.04746	1.04769	9375	0	9
2025.03.04	04:00:00	1.04769	1.05002	1.04706	1.04928	10664	0	9
2025.03.04	08:00:00	1.04926	1.05443	1.04860	1.05434	17232	0	9
2025.03.04	12:00:00	1.05436	1.05593	1.04961	1.05262	23777	0	9
2025.03.04	16:00:00	1.05259	1.06017	1.05148	1.06002	20579	0	9
2025.03.04	20:00:00	1.06002	1.06366	1.06002	1.06228	11160	0	9
2025.03.05	00:00:00	1.06229	1.06272	1.06017	1.06178	13343	0	9
2025.03.05	04:00:00	1.06179	1.06762	1.06150	1.06742	12824	0	9
2025.03.05	08:00:00	1.06740	1.07220	1.06583	1.06785	22099	0	9
2025.03.05	12:00:00	1.06787	1.07766	1.06782	1.07648	33914	0	9
2025.03.05	16:00:00	1.07645	1.07905	1.07606	1.07896	24063	0	9
2025.03.05	20:00:00	1.07896	1.07965	1.07845	1.07936	5458	0	9
2025.03.06	00:00:00	1.07936	1.08198	1.07869	1.07894	10960	0	9
2025.03.06	04:00:00	1.07894	1.08221	1.07837	1.07990	13491	0	9
2025.03.06	08:00:00	1.07989	1.08164	1.07796	1.07986	22739	0	9
2025.03.06	12:00:00	1.07987	1.08534	1.07880	1.08167	34086	0	9
2025.03.06	16:00:00	1.08170	1.08380	1.07655	1.08014	19943	0	9
2025.03.06	20:00:00	1.08014	1.08031	1.07745	1.07869	6377	0	9
2025.03.07	00:00:00	1.07866	1.08146	1.07808	1.08053	8186	0	9
2025.03.07	04:00:00	1.08050	1.08405	1.08026	1.08295	9066	0	9
2025.03.07	08:00:00	1.08295	1.08710	1.08258	1.08492	16292	0	9
2025.03.07	12:00:00	1.08489	1.08883	1.08351	1.08697	33749	0	9
2025.03.07	16:00:00	1.08697	1.08723	1.08254	1.08424	18809	0	9
2025.03.07	20:00:00	1.08424	1.08508	1.08323	1.08327	3606	0	9
2025.03.09	20:00:00	1.08305	1.08650	1.08289	1.08598	4039	0	9
2025.03.10	00:00:00	1.08598	1.08708	1.08298	1.08312	9210	0	9
2025.03.10	04:00:00	1.08313	1.08443	1.08107	1.08218	10153	0	9
2025.03.10	08:00:00	1.08220	1.08742	1.08046	1.08502	26957	0	9
2025.03.10	12:00:00	1.08505	1.08598	1.08204	1.08365	19489	0	9
2025.03.10	16:00:00	1.08364	1.08454	1.08172	1.08311	13154	0	9
2025.03.10	20:00:00	1.08313	1.08431	1.08255	1.08389	3880	0	9
2025.03.11	00:00:00	1.08390	1.08600	1.08388	1.08539	9009	0	9
2025.03.11	04:00:00	1.08540	1.09011	1.08354	1.08903	14682	0	9
2025.03.11	08:00:00	1.08906	1.09204	1.08807	1.09043	18293	0	9
2025.03.11	12:00:00	1.09043	1.09303	1.08948	1.09268	21977	0	9
2025.03.11	16:00:00	1.09268	1.09466	1.09176	1.09196	13617	0	9
2025.03.11	20:00:00	1.09198	1.09208	1.09046	1.09138	3533	0	9
2025.03.12	00:00:00	1.09136	1.09153	1.08958	1.08970	6060	0	9
2025.03.12	04:00:00	1.08970	1.09084	1.08872	1.09011	9054	0	9
2025.03.12	08:00:00	1.09011	1.09263	1.08973	1.09007	16566	0	9
2025.03.12	12:00:00	1.09007	1.09311	1.08751	1.09237	26936	0	8
2025.03.12	16:00:00	1.09240	1.09277	1.08794	1.08901	11268	0	9
2025.03.12	20:00:00	1.08899	1.08932	1.08830	1.08853	2666	0	9
2025.03.13	00:00:00	1.08853	1.08967	1.08821	1.08846	5128	0	9
2025.03.13	04:00:00	1.08844	1.08930	1.08593	1.08651	9184	0	9
2025.03.13	08:00:00	1.08648	1.08849	1.08441	1.08557	17784	0	9
2025.03.13	12:00:00	1.08555	1.08778	1.08222	1.08580	24488	0	8
2025.03.13	16:00:00	1.08579	1.08780	1.08473	1.08480	12208	0	9
2025.03.13	20:00:00	1.08481	1.08553	1.08448	1.08546	3139	0	9
2025.03.14	00:00:00	1.08546	1.08582	1.08340	1.08452	5999	0	9
2025.03.14	04:00:00	1.08451	1.08509	1.08302	1.08386	8297	0	9
2025.03.14	08:00:00	1.08386	1.09123	1.08349	1.08963	22093	0	9
2025.03.14	12:00:00	1.08964	1.09111	1.08654	1.08713	19938	0	9
2025.03.14	16:00:00	1.08713	1.08895	1.08700	1.08825	8710	0	9
2025.03.14	20:00:00	1.08824	1.08853	1.08770	1.08784	986	0	9
2025.03.16	20:00:00	1.08792	1.08848	1.08735	1.08794	2240	0	9
2025.03.17	00:00:00	1.08794	1.08899	1.08739	1.08831	5456	0	9
2025.03.17	04:00:00	1.08833	1.08934	1.08681	1.08760	8145	0	9
2025.03.17	08:00:00	1.08760	1.09114	1.08702	1.09016	12113	0	9
2025.03.17	12:00:00	1.09017	1.09293	1.08870	1.09209	15058	0	9
2025.03.17	16:00:00	1.09211	1.09261	1.09112	1.09201	7565	0	9
2025.03.17	20:00:00	1.09203	1.09274	1.09155	1.09179	2756	0	9
2025.03.18	00:00:00	1.09179	1.09208	1.09059	1.09079	4217	0	9
2025.03.18	04:00:00	1.09080	1.09361	1.09033	1.09346	6084	0	9
2025.03.18	08:00:00	1.09344	1.09543	1.09139	1.09161	12619	0	9
2025.03.18	12:00:00	1.09161	1.09337	1.08923	1.09263	17481	0	9
2025.03.18	16:00:00	1.09262	1.09513	1.09231	1.09458	10758	0	9
2025.03.18	20:00:00	1.09457	1.09484	1.09375	1.09383	2777	0	9
2025.03.19	00:00:00	1.09383	1.09447	1.09316	1.09379	4277	0	9
2025.03.19	04:00:00	1.09379	1.09379	1.08727	1.08923	9920	0	9
2025.03.19	08:00:00	1.08925	1.09131	1.08908	1.09078	12915	0	9
2025.03.19	12:00:00	1.09080	1.09171	1.08751	1.08766	13329	0	9
2025.03.19	16:00:00	1.08767	1.09129	1.08602	1.08984	18648	0	8
2025.03.19	20:00:00	1.08982	1.09115	1.08954	1.09115	3138	0	9
2025.03.20	00:00:00	1.09115	1.09168	1.09030	1.09094	6809	0	9
2025.03.20	04:00:00	1.09094	1.09102	1.08644	1.08787	7351	0	9
2025.03.20	08:00:00	1.08789	1.08852	1.08330	1.08490	16238	0	9
2025.03.20	12:00:00	1.08491	1.08556	1.08144	1.08467	16384	0	9
2025.03.20	16:00:00	1.08465	1.08538	1.08388	1.08526	8077	0	9
2025.03.20	20:00:00	1.08528	1.08586	1.08486	1.08529	2761	0	9
2025.03.21	00:00:00	1.08529	1.08583	1.08331	1.08344	5541	0	9
2025.03.21	04:00:00	1.08343	1.08415	1.08196	1.08387	7780	0	9
2025.03.21	08:00:00	1.08386	1.08507	1.08236	1.08503	10857	0	9
2025.03.21	12:00:00	1.08501	1.08611	1.07965	1.08059	15548	0	9
2025.03.21	16:00:00	1.08058	1.08264	1.08042	1.08175	10269	0	9
2025.03.21	20:00:00	1.08173	1.08173	1.08115	1.08146	984	0	9
2025.03.23	20:00:00	1.08133	1.08366	1.08119	1.08355	2514	0	9
2025.03.24	00:00:00	1.08355	1.08395	1.08197	1.08198	6221	0	9
2025.03.24	04:00:00	1.08199	1.08494	1.08165	1.08377	7661	0	9
2025.03.24	08:00:00	1.08379	1.08578	1.08281	1.08323	12412	0	9
2025.03.24	12:00:00	1.08321	1.08344	1.07900	1.07938	16273	0	9
2025.03.24	16:00:00	1.07936	1.08127	1.07811	1.08020	11013	0	9
2025.03.24	20:00:00	1.08017	1.08057	1.07927	1.08022	2797	0	9
2025.03.25	00:00:00	1.08022	1.08079	1.07938	1.08026	5210	0	9
2025.03.25	04:00:00	1.08028	1.08084	1.07847	1.07871	6438	0	9
2025.03.25	08:00:00	1.07872	1.08271	1.07765	1.08174	12579	0	9
2025.03.25	12:00:00	1.08176	1.08300	1.07968	1.08030	14303	0	9
2025.03.25	16:00:00	1.08028	1.08165	1.07906	1.07952	8754	0	9
2025.03.25	20:00:00	1.07950	1.07954	1.07851	1.07885	2425	0	9
2025.03.26	00:00:00	1.07886	1.07966	1.07776	1.07857	5549	0	9
2025.03.26	04:00:00	1.07857	1.07911	1.07773	1.07857	7073	0	9
2025.03.26	08:00:00	1.07859	1.08023	1.07850	1.07917	10750	0	9
2025.03.26	12:00:00	1.07917	1.07950	1.07672	1.07806	16072	0	9
2025.03.26	16:00:00	1.07805	1.07914	1.07437	1.07507	12192	0	9
2025.03.26	20:00:00	1.07510	1.07563	1.07319	1.07409	4791	0	9
2025.03.27	00:00:00	1.07412	1.07796	1.07403	1.07776	6080	0	9
2025.03.27	04:00:00	1.07777	1.07866	1.07540	1.07642	8971	0	9
2025.03.27	08:00:00	1.07644	1.07992	1.07554	1.07866	14277	0	9
2025.03.27	12:00:00	1.07868	1.08207	1.07760	1.07995	16776	0	9
2025.03.27	16:00:00	1.07994	1.08082	1.07879	1.07947	9347	0	9
2025.03.27	20:00:00	1.07945	1.08019	1.07908	1.08006	2350	0	9
2025.03.28	00:00:00	1.08005	1.08005	1.07881	1.07915	5067	0	9
2025.03.28	04:00:00	1.07915	1.07996	1.07811	1.07869	6514	0	9
2025.03.28	08:00:00	1.07866	1.07961	1.07641	1.07713	10922	0	9
2025.03.28	12:00:00	1.07713	1.08442	1.07650	1.08249	19135	0	9
2025.03.28	16:00:00	1.08246	1.08326	1.08117	1.08251	9704	0	9
2025.03.28	20:00:00	1.08250	1.08357	1.08248	1.08300	1141	0	9
2025.03.30	20:00:00	1.08267	1.08289	1.08034	1.08233	3905	0	9
2025.03.31	00:00:00	1.08233	1.08457	1.08227	1.08328	7298	0	9
2025.03.31	04:00:00	1.08328	1.08490	1.08204	1.08311	11877	0	9
2025.03.31	08:00:00	1.08310	1.08338	1.08050	1.08195	12604	0	9
2025.03.31	12:00:00	1.08195	1.08212	1.07836	1.07940	19276	0	9
2025.03.31	16:00:00	1.07942	1.08193	1.07847	1.08137	9513	0	9
2025.03.31	20:00:00	1.08139	1.08199	1.08092	1.08172	2964	0	9
2025.04.01	00:00:00	1.08172	1.08279	1.08167	1.08264	5817	0	9
2025.04.01	04:00:00	1.08262	1.08295	1.07986	1.08013	9694	0	9
2025.04.01	08:00:00	1.08013	1.08288	1.07779	1.07808	14163	0	9
2025.04.01	12:00:00	1.07811	1.08120	1.07790	1.07990	16774	0	9
2025.04.01	16:00:00	1.07991	1.08042	1.07850	1.07892	8126	0	9
2025.04.01	20:00:00	1.07890	1.08077	1.07858	1.07941	3968	0	9
2025.04.02	00:00:00	1.07941	1.08013	1.07867	1.07954	5253	0	9
2025.04.02	04:00:00	1.07954	1.07972	1.07797	1.07912	7519	0	9
2025.04.02	08:00:00	1.07910	1.08080	1.07857	1.08020	10567	0	9
2025.04.02	12:00:00	1.08019	1.08728	1.07960	1.08670	17797	0	9
2025.04.02	16:00:00	1.08674	1.08674	1.08466	1.08497	9524	0	9
2025.04.02	20:00:00	1.08494	1.09242	1.08030	1.09037	38053	0	9
2025.04.03	00:00:00	1.09036	1.09243	1.08794	1.09143	18086	0	9
2025.04.03	04:00:00	1.09144	1.09899	1.09054	1.09701	26337	0	9
2025.04.03	08:00:00	1.09702	1.11465	1.09702	1.10872	47915	0	9
2025.04.03	12:00:00	1.10874	1.11351	1.10409	1.10501	45655	0	9
2025.04.03	16:00:00	1.10503	1.10556	1.10156	1.10268	17860	0	9
2025.04.03	20:00:00	1.10267	1.10711	1.10217	1.10449	7646	0	9
2025.04.04	00:00:00	1.10449	1.10982	1.10362	1.10933	15036	0	9
2025.04.04	04:00:00	1.10931	1.11073	1.09994	1.10041	21776	0	9
2025.04.04	08:00:00	1.10038	1.10798	1.09640	1.10597	51175	0	9
2025.04.04	12:00:00	1.10595	1.10895	1.09597	1.10131	73994	0	9
2025.04.04	16:00:00	1.10131	1.10193	1.09238	1.09432	33491	0	9
2025.04.04	20:00:00	1.09433	1.09662	1.09323	1.09632	3500	0	9
2025.04.06	20:00:00	1.08912	1.10011	1.08736	1.09830	17635	0	9
2025.04.07	00:00:00	1.09832	1.09835	1.09194	1.09500	25041	0	9
2025.04.07	04:00:00	1.09499	1.10498	1.09475	1.10002	34685	0	9
2025.04.07	08:00:00	1.10005	1.10213	1.09346	1.09690	42166	0	9
2025.04.07	12:00:00	1.09692	1.09910	1.09006	1.09111	70150	0	9
2025.04.07	16:00:00	1.09110	1.09527	1.09038	1.09159	26992	0	9
2025.04.07	20:00:00	1.09161	1.09201	1.08990	1.09144	7902	0	9
2025.04.08	00:00:00	1.09144	1.09798	1.09143	1.09630	15862	0	9
2025.04.08	04:00:00	1.09628	1.09916	1.09212	1.09232	22552	0	9
2025.04.08	08:00:00	1.09232	1.09483	1.09109	1.09340	27136	0	9
2025.04.08	12:00:00	1.09341	1.09681	1.08879	1.09111	34276	0	9
2025.04.08	16:00:00	1.09114	1.09775	1.08982	1.09539	24803	0	9
2025.04.08	20:00:00	1.09536	1.09847	1.09386	1.09771	9313	0	9
2025.04.09	00:00:00	1.09774	1.10397	1.09709	1.10193	27546	0	9
2025.04.09	04:00:00	1.10195	1.10895	1.10090	1.10148	48161	0	9
2025.04.09	08:00:00	1.10146	1.10575	1.09976	1.10353	44775	0	9
2025.04.09	12:00:00	1.10354	1.10948	1.10257	1.10379	43581	0	9
2025.04.09	16:00:00	1.10381	1.10633	1.09129	1.09341	76307	0	9
2025.04.09	20:00:00	1.09343	1.09624	1.09282	1.09506	13281	0	9
2025.04.10	00:00:00	1.09505	1.09890	1.09497	1.09813	19272	0	9
2025.04.10	04:00:00	1.09811	1.10303	1.09623	1.10258	25093	0	9
2025.04.10	08:00:00	1.10260	1.10881	1.10159	1.10700	31176	0	9
2025.04.10	12:00:00	1.10698	1.12288	1.10676	1.11909	46097	0	9
2025.04.10	16:00:00	1.11907	1.12412	1.11585	1.12066	36813	0	9
2025.04.10	20:00:00	1.12064	1.12621	1.11811	1.12573	18199	0	9
2025.04.11	00:00:00	1.12570	1.13850	1.12508	1.13406	64196	0	9
2025.04.11	04:00:00	1.13408	1.13688	1.12462	1.13642	43581	0	9
2025.04.11	08:00:00	1.13639	1.14738	1.13196	1.13287	72749	0	9
2025.04.11	12:00:00	1.13283	1.14119	1.13119	1.13242	73110	0	9
2025.04.11	16:00:00	1.13241	1.13432	1.12761	1.13410	30964	0	9
2025.04.11	20:00:00	1.13413	1.13577	1.13356	1.13572	3228	0	9
2025.04.13	20:00:00	1.13145	1.13535	1.13132	1.13417	9029	0	9
2025.04.14	00:00:00	1.13416	1.14085	1.13404	1.13711	26539	0	9
2025.04.14	04:00:00	1.13711	1.14243	1.13525	1.13897	27571	0	9
2025.04.14	08:00:00	1.13896	1.14095	1.13712	1.13837	24301	0	9
2025.04.14	12:00:00	1.13839	1.13882	1.12955	1.13570	34533	0	9
2025.04.14	16:00:00	1.13570	1.13699	1.13279	1.13547	18897	0	9
2025.04.14	20:00:00	1.13549	1.13610	1.13333	1.13357	6704	0	9
2025.04.15	00:00:00	1.13355	1.13526	1.13155	1.13471	11055	0	9
2025.04.15	04:00:00	1.13473	1.13674	1.13202	1.13569	18337	0	9
2025.04.15	08:00:00	1.13570	1.13785	1.13134	1.13259	22293	0	9
2025.04.15	12:00:00	1.13261	1.13411	1.12818	1.12884	33713	0	9
2025.04.15	16:00:00	1.12886	1.12917	1.12638	1.12820	13806	0	9
2025.04.15	20:00:00	1.12822	1.12990	1.12767	1.12933	6293	0	9
2025.04.16	00:00:00	1.12931	1.13430	1.12924	1.13428	13401	0	9
2025.04.16	04:00:00	1.13428	1.13918	1.13324	1.13864	18602	0	9
2025.04.16	08:00:00	1.13869	1.13878	1.13379	1.13624	28505	0	9
2025.04.16	12:00:00	1.13626	1.13864	1.13401	1.13811	30913	0	9
2025.04.16	16:00:00	1.13810	1.14124	1.13589	1.13863	21328	0	9
2025.04.16	20:00:00	1.13865	1.14088	1.13815	1.13954	6159	0	9
2025.04.17	00:00:00	1.13956	1.13966	1.13550	1.13639	13952	0	9
2025.04.17	04:00:00	1.13639	1.13784	1.13429	1.13764	15472	0	9
2025.04.17	08:00:00	1.13766	1.13882	1.13552	1.13564	19346	0	9
2025.04.17	12:00:00	1.13564	1.13853	1.13351	1.13631	35942	0	9
2025.04.17	16:00:00	1.13630	1.13757	1.13397	1.13733	15381	0	9
2025.04.17	20:00:00	1.13730	1.13764	1.13565	1.13693	4361	0	9
2025.04.18	00:00:00	1.13694	1.13818	1.13610	1.13715	5247	0	57
2025.04.18	04:00:00	1.13716	1.13741	1.13562	1.13669	5927	0	57
2025.04.18	08:00:00	1.13671	1.13777	1.13620	1.13757	7056	0	75
2025.04.18	12:00:00	1.13756	1.13924	1.13729	1.13874	5620	0	94
2025.04.18	16:00:00	1.13874	1.13911	1.13824	1.13894	3260	0	94
2025.04.18	20:00:00	1.13894	1.13898	1.13840	1.13853	668	0	95
2025.04.20	20:00:00	1.13928	1.14580	1.13922	1.14485	8621	0	9
2025.04.21	00:00:00	1.14488	1.15324	1.14488	1.15149	22481	0	9
2025.04.21	04:00:00	1.15147	1.15675	1.14986	1.15549	17807	0	9
2025.04.21	08:00:00	1.15550	1.15730	1.15129	1.15424	20282	0	9
2025.04.21	12:00:00	1.15424	1.15497	1.14813	1.15064	24172	0	9
2025.04.21	16:00:00	1.15065	1.15267	1.14933	1.15125	12440	0	9
2025.04.21	20:00:00	1.15127	1.15249	1.15045	1.15137	5719	0	9
2025.04.22	00:00:00	1.15138	1.15404	1.14817	1.15343	15492	0	9
2025.04.22	04:00:00	1.15345	1.15468	1.14829	1.15052	23918	0	9
2025.04.22	08:00:00	1.15053	1.15150	1.14836	1.14856	22133	0	9
2025.04.22	12:00:00	1.14859	1.14917	1.14554	1.14647	25709	0	9
2025.04.22	16:00:00	1.14650	1.14684	1.14196	1.14203	18422	0	9
2025.04.22	20:00:00	1.14205	1.14297	1.13075	1.13502	18970	0	9
2025.04.23	00:00:00	1.13499	1.14149	1.13489	1.13790	20154	0	9
2025.04.23	04:00:00	1.13789	1.14087	1.13703	1.13853	22563	0	9
2025.04.23	08:00:00	1.13856	1.14396	1.13790	1.14105	20885	0	9
2025.04.23	12:00:00	1.14102	1.14193	1.13276	1.13485	46724	0	9
2025.04.23	16:00:00	1.13487	1.13654	1.13147	1.13269	18419	0	9
2025.04.23	20:00:00	1.13267	1.13468	1.13079	1.13291	7960	0	9
2025.04.24	00:00:00	1.13294	1.13571	1.13210	1.13376	13472	0	9
2025.04.24	04:00:00	1.13377	1.13801	1.13302	1.13793	14884	0	9
2025.04.24	08:00:00	1.13796	1.13946	1.13629	1.13726	18210	0	9
2025.04.24	12:00:00	1.13724	1.13871	1.13471	1.13605	24030	0	9
2025.04.24	16:00:00	1.13607	1.13972	1.13574	1.13843	11777	0	9
2025.04.24	20:00:00	1.13841	1.13979	1.13702	1.13723	5575	0	9
2025.04.25	00:00:00	1.13721	1.13721	1.13247	1.13257	14030	0	9
2025.04.25	04:00:00	1.13258	1.13679	1.13154	1.13594	18284	0	9
2025.04.25	08:00:00	1.13594	1.13664	1.13339	1.13491	17168	0	9
2025.04.25	12:00:00	1.13493	1.13821	1.13325	1.13797	19712	0	9
2025.04.25	16:00:00	1.13796	1.13882	1.13584	1.13589	10228	0	9
2025.04.25	20:00:00	1.13592	1.13642	1.13562	1.13611	1387	0	9
2025.04.27	20:00:00	1.13605	1.13647	1.13389	1.13447	4821	0	9
2025.04.28	00:00:00	1.13446	1.13661	1.13428	1.13560	8996	0	9
2025.04.28	04:00:00	1.13560	1.13805	1.13290	1.13482	13707	0	9
2025.04.28	08:00:00	1.13479	1.13601	1.13350	1.13511	14321	0	9
2025.04.28	12:00:00	1.13514	1.14135	1.13391	1.13858	22729	0	9
2025.04.28	16:00:00	1.13857	1.14246	1.13848	1.14212	14131	0	9
2025.04.28	20:00:00	1.14215	1.14246	1.14004	1.14073	5001	0	9
2025.04.29	00:00:00	1.14075	1.14195	1.13860	1.13902	10911	0	9
2025.04.29	04:00:00	1.13902	1.14117	1.13737	1.14035	14013	0	9
2025.04.29	08:00:00	1.14037	1.14078	1.13706	1.13740	14873	0	9
2025.04.29	12:00:00	1.13742	1.14170	1.13697	1.13958	24834	0	9
2025.04.29	16:00:00	1.13958	1.14184	1.13757	1.13811	11521	0	9
2025.04.29	20:00:00	1.13809	1.13954	1.13762	1.13902	4736	0	9
2025.04.30	00:00:00	1.13902	1.13948	1.13547	1.13683	9266	0	9
2025.04.30	04:00:00	1.13683	1.13990	1.13655	1.13771	11704	0	9
2025.04.30	08:00:00	1.13775	1.13848	1.13557	1.13729	13874	0	9
2025.04.30	12:00:00	1.13730	1.13883	1.13224	1.13476	32482	0	9
2025.04.30	16:00:00	1.13474	1.13646	1.13279	1.13296	13315	0	9
2025.04.30	20:00:00	1.13298	1.13310	1.13169	1.13217	5528	0	9
2025.05.01	00:00:00	1.13218	1.13291	1.12991	1.13117	8304	0	9
2025.05.01	04:00:00	1.13117	1.13138	1.12871	1.13097	12319	0	9
2025.05.01	08:00:00	1.13095	1.13407	1.13094	1.13199	11883	0	9
2025.05.01	12:00:00	1.13199	1.13384	1.12655	1.12786	23439	0	9
2025.05.01	16:00:00	1.12784	1.12932	1.12725	1.12881	10380	0	9
2025.05.01	20:00:00	1.12879	1.12987	1.12844	1.12953	3916	0	9
2025.05.02	00:00:00	1.12953	1.13151	1.12738	1.13123	8867	0	9
2025.05.02	04:00:00	1.13123	1.13373	1.13009	1.13278	13190	0	9
2025.05.02	08:00:00	1.13278	1.13547	1.13159	1.13459	15405	0	9
2025.05.02	12:00:00	1.13461	1.13804	1.13042	1.13287	32416	0	9
2025.05.02	16:00:00	1.13287	1.13384	1.12922	1.13042	15701	0	9
2025.05.02	20:00:00	1.13040	1.13051	1.12933	1.12998	1464	0	9
2025.05.04	20:00:00	1.12987	1.13273	1.12926	1.13209	4088	0	9
2025.05.05	00:00:00	1.13210	1.13464	1.13140	1.13317	9582	0	9
2025.05.05	04:00:00	1.13317	1.13470	1.13128	1.13129	13998	0	9
2025.05.05	08:00:00	1.13127	1.13572	1.13109	1.13424	15251	0	9
2025.05.05	12:00:00	1.13421	1.13645	1.13121	1.13141	20582	0	9
2025.05.05	16:00:00	1.13141	1.13206	1.12966	1.13142	9743	0	9
2025.05.05	20:00:00	1.13144	1.13199	1.13093	1.13117	3003	0	9
2025.05.06	00:00:00	1.13117	1.13171	1.12793	1.13146	11789	0	9
2025.05.06	04:00:00	1.13144	1.13474	1.13131	1.13388	12856	0	9
2025.05.06	08:00:00	1.13387	1.13492	1.13051	1.13266	18321	0	9
2025.05.06	12:00:00	1.13268	1.13692	1.13164	1.13433	20725	0	9
2025.05.06	16:00:00	1.13434	1.13806	1.13304	1.13722	11102	0	9
2025.05.06	20:00:00	1.13721	1.13793	1.13256	1.13397	9826	0	9
2025.05.07	00:00:00	1.13396	1.13512	1.13248	1.13453	16036	0	9
2025.05.07	04:00:00	1.13453	1.13778	1.13424	1.13620	12877	0	9
2025.05.07	08:00:00	1.13618	1.13734	1.13468	1.13573	13992	0	9
2025.05.07	12:00:00	1.13574	1.13705	1.13414	1.13468	16119	0	9
2025.05.07	16:00:00	1.13470	1.13646	1.13003	1.13065	24459	0	9
2025.05.07	20:00:00	1.13068	1.13124	1.12914	1.13025	5492	0	9
2025.05.08	00:00:00	1.13025	1.13357	1.13017	1.13272	12227	0	9
2025.05.08	04:00:00	1.13272	1.13307	1.12698	1.12967	15573	0	9
2025.05.08	08:00:00	1.12967	1.13046	1.12749	1.12953	16045	0	9
2025.05.08	12:00:00	1.12953	1.13197	1.12339	1.12478	28066	0	9
2025.05.08	16:00:00	1.12476	1.12493	1.12116	1.12255	15842	0	9
2025.05.08	20:00:00	1.12257	1.12327	1.12194	1.12265	4253	0	9
2025.05.09	00:00:00	1.12268	1.12329	1.11961	1.12222	11969	0	9
2025.05.09	04:00:00	1.12222	1.12579	1.12179	1.12511	11809	0	9
2025.05.09	08:00:00	1.12513	1.12604	1.12419	1.12539	12678	0	9
2025.05.09	12:00:00	1.12540	1.12926	1.12469	1.12694	15893	0	9
2025.05.09	16:00:00	1.12695	1.12748	1.12481	1.12568	7561	0	9
2025.05.09	20:00:00	1.12565	1.12576	1.12469	1.12480	1159	0	9
2025.05.11	20:00:00	1.11945	1.12360	1.11858	1.12274	5014	0	9
2025.05.12	00:00:00	1.12276	1.12423	1.12221	1.12327	11716	0	9
2025.05.12	04:00:00	1.12325	1.12354	1.10966	1.11046	28622	0	9
2025.05.12	08:00:00	1.11045	1.11449	1.10714	1.11111	30913	0	9
2025.05.12	12:00:00	1.11110	1.11341	1.10999	1.11049	23975	0	9
2025.05.12	16:00:00	1.11051	1.11107	1.10647	1.10918	12021	0	9
2025.05.12	20:00:00	1.10916	1.10996	1.10817	1.10951	4577	0	9
2025.05.13	00:00:00	1.10953	1.11164	1.10946	1.11160	10347	0	9
2025.05.13	04:00:00	1.11160	1.11242	1.11012	1.11156	12772	0	9
2025.05.13	08:00:00	1.11158	1.11176	1.10968	1.11064	12763	0	9
2025.05.13	12:00:00	1.11066	1.11776	1.11061	1.11747	23703	0	9
2025.05.13	16:00:00	1.11749	1.11915	1.11643	1.11893	8985	0	9
2025.05.13	20:00:00	1.11896	1.11968	1.11811	1.11855	4251	0	9
2025.05.14	00:00:00	1.11856	1.11975	1.11820	1.11948	10974	0	9
2025.05.14	04:00:00	1.11950	1.12163	1.11799	1.12145	12936	0	9
2025.05.14	08:00:00	1.12146	1.12657	1.12120	1.12171	24359	0	9
2025.05.14	12:00:00	1.12172	1.12351	1.11972	1.12049	22358	0	9
2025.05.14	16:00:00	1.12051	1.12127	1.11651	1.11669	14653	0	9
2025.05.14	20:00:00	1.11672	1.11878	1.11641	1.11811	4244	0	9
2025.05.15	00:00:00	1.11810	1.12010	1.11759	1.11962	9522	0	9
2025.05.15	04:00:00	1.11961	1.12280	1.11850	1.11970	12844	0	9
2025.05.15	08:00:00	1.11968	1.12128	1.11791	1.11827	12872	0	9
2025.05.15	12:00:00	1.11827	1.12232	1.11722	1.11876	22793	0	9
2025.05.15	16:00:00	1.11874	1.11902	1.11699	1.11831	9277	0	9
2025.05.15	20:00:00	1.11832	1.11935	1.11779	1.11918	4103	0	9
2025.05.16	00:00:00	1.11917	1.12082	1.11902	1.12001	9512	0	9
2025.05.16	04:00:00	1.12001	1.12191	1.11960	1.12083	10757	0	9
2025.05.16	08:00:00	1.12083	1.12091	1.11877	1.11940	12238	0	9
2025.05.16	12:00:00	1.11939	1.12055	1.11396	1.11399	18978	0	9
2025.05.16	16:00:00	1.11396	1.11581	1.11305	1.11488	9551	0	9
2025.05.16	20:00:00	1.11488	1.11641	1.11447	1.11620	1867	0	9
2025.05.18	20:00:00	1.11721	1.11936	1.11703	1.11884	4337	0	9
2025.05.19	00:00:00	1.11886	1.11987	1.11720	1.11810	11464	0	9
2025.05.19	04:00:00	1.11808	1.12449	1.11757	1.12380	14360	0	9
2025.05.19	08:00:00	1.12382	1.12879	1.12355	1.12727	18464	0	9
2025.05.19	12:00:00	1.12724	1.12732	1.12331	1.12358	19614	0	9
2025.05.19	16:00:00	1.12361	1.12417	1.12237	1.12396	8718	0	9
2025.05.19	20:00:00	1.12394	1.12444	1.12311	1.12321	3187	0	9
2025.05.20	00:00:00	1.12321	1.12509	1.12177	1.12447	10094	0	9
2025.05.20	04:00:00	1.12447	1.12777	1.12400	1.12758	14040	0	9
2025.05.20	08:00:00	1.12759	1.12759	1.12427	1.12455	12832	0	9
2025.05.20	12:00:00	1.12457	1.12695	1.12234	1.12528	17584	0	9
2025.05.20	16:00:00	1.12528	1.12824	1.12448	1.12800	9250	0	9
2025.05.20	20:00:00	1.12803	1.12898	1.12766	1.12878	3880	0	9
2025.05.21	00:00:00	1.12880	1.13394	1.12865	1.13336	11872	0	9
2025.05.21	04:00:00	1.13334	1.13526	1.13139	1.13227	15876	0	9
2025.05.21	08:00:00	1.13230	1.13616	1.13120	1.13232	15848	0	9
2025.05.21	12:00:00	1.13234	1.13540	1.13170	1.13421	20968	0	9
2025.05.21	16:00:00	1.13419	1.13625	1.13181	1.13188	13454	0	9
2025.05.21	20:00:00	1.13186	1.13320	1.13106	1.13315	5668	0	9
2025.05.22	00:00:00	1.13315	1.13449	1.13171	1.13329	12969	0	9
2025.05.22	04:00:00	1.13326	1.13415	1.12952	1.13208	14710	0	9
2025.05.22	08:00:00	1.13206	1.13343	1.12898	1.13080	16451	0	9
2025.05.22	12:00:00	1.13082	1.13144	1.12655	1.12804	21346	0	9
2025.05.22	16:00:00	1.12802	1.12875	1.12553	1.12784	10185	0	9
2025.05.22	20:00:00	1.12785	1.12887	1.12763	1.12817	3405	0	9
2025.05.23	00:00:00	1.12820	1.13185	1.12786	1.13113	8465	0	9
2025.05.23	04:00:00	1.13113	1.13436	1.13073	1.13390	10989	0	9
2025.05.23	08:00:00	1.13389	1.13755	1.12981	1.13212	24103	0	9
2025.05.23	12:00:00	1.13213	1.13592	1.12973	1.13488	29441	0	9
2025.05.23	16:00:00	1.13491	1.13689	1.13408	1.13630	9388	0	9
2025.05.23	20:00:00	1.13631	1.13678	1.13583	1.13621	1482	0	9
2025.05.25	20:00:00	1.13641	1.13816	1.13591	1.13744	5961	0	9
2025.05.26	00:00:00	1.13744	1.14186	1.13744	1.14110	11706	0	9
2025.05.26	04:00:00	1.14111	1.14182	1.13881	1.13889	11286	0	9
2025.05.26	08:00:00	1.13890	1.13948	1.13736	1.13768	9222	0	9
2025.05.26	12:00:00	1.13770	1.13851	1.13684	1.13808	7962	0	9
2025.05.26	16:00:00	1.13809	1.13852	1.13754	1.13851	2312	0	9
2025.05.26	20:00:00	1.13851	1.13944	1.13777	1.13881	2943	0	9
2025.05.27	00:00:00	1.13881	1.14069	1.13875	1.13934	7708	0	9
2025.05.27	04:00:00	1.13934	1.13974	1.13367	1.13406	14666	0	9
2025.05.27	08:00:00	1.13407	1.13577	1.13386	1.13508	13523	0	9
2025.05.27	12:00:00	1.13510	1.13751	1.13227	1.13253	16865	0	9
2025.05.27	16:00:00	1.13252	1.13384	1.13229	1.13307	7341	0	9
2025.05.27	20:00:00	1.13306	1.13378	1.13224	1.13366	3411	0	9
2025.05.28	00:00:00	1.13366	1.13454	1.13002	1.13070	11260	0	9
2025.05.28	04:00:00	1.13071	1.13304	1.12951	1.13262	11258	0	9
2025.05.28	08:00:00	1.13264	1.13403	1.13160	1.13172	12153	0	9
2025.05.28	12:00:00	1.13174	1.13244	1.12834	1.12845	20097	0	9
2025.05.28	16:00:00	1.12847	1.13004	1.12837	1.12891	9015	0	9
2025.05.28	20:00:00	1.12892	1.12969	1.12097	1.12297	11405	0	9
2025.05.29	00:00:00	1.12296	1.12567	1.12229	1.12484	18677	0	9
2025.05.29	04:00:00	1.12481	1.12824	1.12305	1.12751	14635	0	9
2025.05.29	08:00:00	1.12750	1.12910	1.12615	1.12705	12464	0	9
2025.05.29	12:00:00	1.12706	1.13702	1.12706	1.13693	25567	0	9
2025.05.29	16:00:00	1.13691	1.13844	1.13615	1.13665	9463	0	9
2025.05.29	20:00:00	1.13667	1.13791	1.13598	1.13764	4450	0	9
2025.05.30	00:00:00	1.13762	1.13896	1.13455	1.13492	12290	0	9
2025.05.30	04:00:00	1.13494	1.13542	1.13273	1.13372	11917	0	9
2025.05.30	08:00:00	1.13374	1.13443	1.13226	1.13380	12053	0	9
2025.05.30	12:00:00	1.13382	1.13581	1.13123	1.13461	26988	0	9
2025.05.30	16:00:00	1.13462	1.13667	1.13428	1.13559	10606	0	9
2025.05.30	20:00:00	1.13561	1.13561	1.13448	1.13473	1238	0	9
2025.06.01	20:00:00	1.13466	1.13601	1.13452	1.13527	3620	0	9
2025.06.02	00:00:00	1.13527	1.13817	1.13523	1.13612	9430	0	9
2025.06.02	04:00:00	1.13614	1.14364	1.13593	1.14234	10918	0	9
2025.06.02	08:00:00	1.14232	1.14367	1.14089	1.14140	13735	0	9
2025.06.02	12:00:00	1.14137	1.14498	1.14040	1.14301	18338	0	9
2025.06.02	16:00:00	1.14303	1.14450	1.14115	1.14446	9503	0	9
2025.06.02	20:00:00	1.14444	1.14535	1.14313	1.14528	3693	0	9
2025.06.03	00:00:00	1.14527	1.14544	1.14156	1.14195	8985	0	9
2025.06.03	04:00:00	1.14195	1.14320	1.14118	1.14158	10450	0	9
2025.06.03	08:00:00	1.14157	1.14183	1.13861	1.13901	12164	0	9
2025.06.03	12:00:00	1.13904	1.13946	1.13636	1.13718	17809	0	9
2025.06.03	16:00:00	1.13720	1.13829	1.13672	1.13685	7320	0	9
2025.06.03	20:00:00	1.13684	1.13856	1.13635	1.13839	3286	0	9
2025.06.04	00:00:00	1.13837	1.13928	1.13651	1.13671	9113	0	9
2025.06.04	04:00:00	1.13673	1.13966	1.13567	1.13864	12055	0	9
2025.06.04	08:00:00	1.13863	1.14035	1.13743	1.13788	10233	0	9
2025.06.04	12:00:00	1.13789	1.14342	1.13789	1.14231	19251	0	9
2025.06.04	16:00:00	1.14231	1.14340	1.14119	1.14120	7775	0	9
2025.06.04	20:00:00	1.14120	1.14283	1.14097	1.14206	3738	0	9
2025.06.05	00:00:00	1.14208	1.14345	1.14083	1.14103	9241	0	9
2025.06.05	04:00:00	1.14103	1.14248	1.14043	1.14116	9463	0	9
2025.06.05	08:00:00	1.14119	1.14324	1.14086	1.14255	10654	0	9
2025.06.05	12:00:00	1.14254	1.14947	1.14132	1.14390	34656	0	9
2025.06.05	16:00:00	1.14392	1.14480	1.14306	1.14376	11660	0	9
2025.06.05	20:00:00	1.14374	1.14535	1.14348	1.14531	3892	0	9
2025.06.06	00:00:00	1.14531	1.14568	1.14328	1.14399	6781	0	9
2025.06.06	04:00:00	1.14399	1.14421	1.14211	1.14264	8744	0	9
2025.06.06	08:00:00	1.14263	1.14289	1.14105	1.14177	9742	0	9
2025.06.06	12:00:00	1.14177	1.14303	1.13714	1.13965	28522	0	8
2025.06.06	16:00:00	1.13964	1.14016	1.13843	1.13959	9453	0	9
2025.06.06	20:00:00	1.13956	1.13974	1.13910	1.13942	914	0	9
2025.06.08	20:00:00	1.13947	1.14111	1.13901	1.14060	2409	0	9
2025.06.09	00:00:00	1.14060	1.14250	1.13925	1.14118	6933	0	9
2025.06.09	04:00:00	1.14118	1.14294	1.14108	1.14221	7448	0	9
2025.06.09	08:00:00	1.14222	1.14387	1.14054	1.14169	9970	0	9
2025.06.09	12:00:00	1.14170	1.14252	1.13863	1.14239	13032	0	9
2025.06.09	16:00:00	1.14237	1.14305	1.14148	1.14224	6089	0	9
2025.06.09	20:00:00	1.14223	1.14282	1.14163	1.14259	2347	0	9
2025.06.10	00:00:00	1.14258	1.14353	1.13856	1.14026	9733	0	9
2025.06.10	04:00:00	1.14027	1.14143	1.13727	1.13917	13035	0	9
2025.06.10	08:00:00	1.13918	1.14337	1.13909	1.14288	11617	0	9
2025.06.10	12:00:00	1.14290	1.14473	1.14153	1.14224	13347	0	9
2025.06.10	16:00:00	1.14224	1.14362	1.14156	1.14259	6847	0	9
2025.06.10	20:00:00	1.14258	1.14391	1.14189	1.14370	4386	0	9
2025.06.11	00:00:00	1.14371	1.14385	1.14059	1.14157	8739	0	9
2025.06.11	04:00:00	1.14158	1.14235	1.14050	1.14191	8350	0	9
2025.06.11	08:00:00	1.14191	1.14456	1.14181	1.14323	10386	0	9
2025.06.11	12:00:00	1.14322	1.14899	1.14279	1.14889	21259	0	8
2025.06.11	16:00:00	1.14887	1.14994	1.14789	1.14825	9286	0	9
2025.06.11	20:00:00	1.14826	1.15129	1.14799	1.15096	5075	0	9
2025.06.12	00:00:00	1.15096	1.15289	1.15014	1.15192	10542	0	9
2025.06.12	04:00:00	1.15190	1.15325	1.15053	1.15260	11863	0	9
2025.06.12	08:00:00	1.15257	1.16106	1.15226	1.15893	22049	0	9
2025.06.12	12:00:00	1.15895	1.16313	1.15672	1.15767	22020	0	9
2025.06.12	16:00:00	1.15767	1.15804	1.15635	1.15758	9044	0	9
2025.06.12	20:00:00	1.15761	1.16092	1.15751	1.16089	4055	0	9
2025.06.13	00:00:00	1.16087	1.16144	1.15273	1.15368	26776	0	9
2025.06.13	04:00:00	1.15369	1.15599	1.15116	1.15353	17793	0	9
2025.06.13	08:00:00	1.15350	1.15467	1.14884	1.15096	18192	0	9
2025.06.13	12:00:00	1.15095	1.15692	1.15007	1.15562	17010	0	9
2025.06.13	16:00:00	1.15560	1.15656	1.15330	1.15495	11045	0	9
2025.06.13	20:00:00	1.15494	1.15512	1.15375	1.15501	1981	0	9
2025.06.15	20:00:00	1.15280	1.15470	1.15252	1.15375	5379	0	9
2025.06.16	00:00:00	1.15375	1.15465	1.15231	1.15271	9648	0	9
2025.06.16	04:00:00	1.15271	1.15866	1.15269	1.15787	13544	0	9
2025.06.16	08:00:00	1.15786	1.15857	1.15694	1.15724	10827	0	9
2025.06.16	12:00:00	1.15725	1.16144	1.15704	1.15798	17733	0	9
2025.06.16	16:00:00	1.15800	1.15857	1.15545	1.15554	8503	0	9
2025.06.16	20:00:00	1.15552	1.15637	1.15489	1.15534	5269	0	9
2025.06.17	00:00:00	1.15535	1.15636	1.15423	1.15615	9269	0	9
2025.06.17	04:00:00	1.15615	1.15720	1.15448	1.15575	10614	0	9
2025.06.17	08:00:00	1.15573	1.15732	1.15495	1.15611	10830	0	9
2025.06.17	12:00:00	1.15612	1.15798	1.15102	1.15340	19063	0	9
2025.06.17	16:00:00	1.15337	1.15387	1.14743	1.14840	14944	0	9
2025.06.17	20:00:00	1.14842	1.14854	1.14738	1.14817	4555	0	9
2025.06.18	00:00:00	1.14815	1.15046	1.14803	1.14995	9205	0	9
2025.06.18	04:00:00	1.14995	1.15231	1.14961	1.15130	9652	0	9
2025.06.18	08:00:00	1.15128	1.15158	1.14916	1.15070	10551	0	9
2025.06.18	12:00:00	1.15073	1.15299	1.14839	1.15198	18456	0	9
2025.06.18	16:00:00	1.15198	1.15289	1.14605	1.14742	23926	0	9
2025.06.18	20:00:00	1.14740	1.14887	1.14707	1.14758	5343	0	9
2025.06.19	00:00:00	1.14756	1.14832	1.14502	1.14653	10566	0	9
2025.06.19	04:00:00	1.14655	1.14767	1.14460	1.14610	10574	0	9
2025.06.19	08:00:00	1.14611	1.14871	1.14559	1.14807	12497	0	9
2025.06.19	12:00:00	1.14807	1.14858	1.14582	1.14598	12159	0	9
2025.06.19	16:00:00	1.14596	1.14996	1.14542	1.14973	5446	0	9
2025.06.19	20:00:00	1.14973	1.15122	1.14896	1.15112	4202	0	9
2025.06.20	00:00:00	1.15111	1.15299	1.15102	1.15290	9179	0	9
2025.06.20	04:00:00	1.15289	1.15319	1.15098	1.15163	9824	0	9
2025.06.20	08:00:00	1.15162	1.15347	1.15112	1.15207	9982	0	9
2025.06.20	12:00:00	1.15206	1.15285	1.14949	1.15191	17143	0	9
2025.06.20	16:00:00	1.15192	1.15435	1.15150	1.15153	8113	0	9
2025.06.20	20:00:00	1.15155	1.15222	1.15135	1.15213	1355	0	9
2025.06.22	20:00:00	1.14539	1.15070	1.14539	1.14993	7336	0	9
2025.06.23	00:00:00	1.14995	1.15063	1.14719	1.14935	11341	0	9
2025.06.23	04:00:00	1.14935	1.15207	1.14851	1.14983	13667	0	9
2025.06.23	08:00:00	1.14981	1.15017	1.14532	1.14723	14302	0	9
2025.06.23	12:00:00	1.14722	1.15519	1.14566	1.15368	21741	0	9
2025.06.23	16:00:00	1.15370	1.15783	1.15175	1.15779	15845	0	9
2025.06.23	20:00:00	1.15779	1.16082	1.15732	1.15975	7000	0	9
2025.06.24	00:00:00	1.15978	1.16096	1.15864	1.16051	11303	0	9
2025.06.24	04:00:00	1.16053	1.16219	1.15795	1.15919	14995	0	9
2025.06.24	08:00:00	1.15914	1.16177	1.15852	1.16080	12305	0	9
2025.06.24	12:00:00	1.16078	1.16416	1.15818	1.16070	20444	0	9
2025.06.24	16:00:00	1.16072	1.16322	1.16047	1.16123	8370	0	9
2025.06.24	20:00:00	1.16126	1.16154	1.16010	1.16118	3695	0	9
2025.06.25	00:00:00	1.16118	1.16314	1.16107	1.16115	8128	0	9
2025.06.25	04:00:00	1.16115	1.16221	1.15897	1.15981	9126	0	9
2025.06.25	08:00:00	1.15984	1.16130	1.15917	1.15988	9966	0	9
2025.06.25	12:00:00	1.15986	1.16293	1.15895	1.16192	13304	0	9
2025.06.25	16:00:00	1.16190	1.16649	1.16190	1.16581	8193	0	9
2025.06.25	20:00:00	1.16582	1.16843	1.16496	1.16829	4707	0	9
2025.06.26	00:00:00	1.16831	1.17171	1.16672	1.16941	9962	0	9
2025.06.26	04:00:00	1.16941	1.17131	1.16714	1.17100	12307	0	9
2025.06.26	08:00:00	1.17102	1.17451	1.16935	1.16946	14458	0	9
2025.06.26	12:00:00	1.16946	1.17206	1.16894	1.17164	20505	0	9
2025.06.26	16:00:00	1.17163	1.17400	1.17036	1.17043	9940	0	9
2025.06.26	20:00:00	1.17045	1.17085	1.16806	1.16924	5269	0	9
2025.06.27	00:00:00	1.16926	1.17092	1.16856	1.16954	8647	0	9
2025.06.27	04:00:00	1.16954	1.17266	1.16829	1.17143	10653	0	9
2025.06.27	08:00:00	1.17146	1.17259	1.17009	1.17138	9540	0	9
2025.06.27	12:00:00	1.17138	1.17540	1.17027	1.17231	20834	0	9
2025.06.27	16:00:00	1.17231	1.17322	1.16876	1.17063	12206	0	9
2025.06.27	20:00:00	1.17061	1.17198	1.17056	1.17181	1279	0	9
2025.06.29	20:00:00	1.17252	1.17383	1.17190	1.17265	3757	0	9
2025.06.30	00:00:00	1.17267	1.17342	1.17114	1.17119	8302	0	9
2025.06.30	04:00:00	1.17119	1.17504	1.17119	1.17244	11345	0	9
2025.06.30	08:00:00	1.17243	1.17324	1.17132	1.17226	10732	0	9
2025.06.30	12:00:00	1.17228	1.17715	1.17073	1.17695	16439	0	9
2025.06.30	16:00:00	1.17693	1.17803	1.17486	1.17792	9955	0	9
2025.06.30	20:00:00	1.17793	1.17904	1.17732	1.17859	4374	0	9
2025.07.01	00:00:00	1.17859	1.18075	1.17775	1.17891	7657	0	9
2025.07.01	04:00:00	1.17891	1.17936	1.17671	1.17855	9244	0	9
2025.07.01	08:00:00	1.17855	1.18296	1.17742	1.18136	14197	0	9
2025.07.01	12:00:00	1.18134	1.18171	1.17686	1.17756	18566	0	9
2025.07.01	16:00:00	1.17758	1.17909	1.17610	1.17903	9049	0	9
2025.07.01	20:00:00	1.17902	1.18066	1.17902	1.18047	3878	0	9
2025.07.02	00:00:00	1.18045	1.18100	1.17882	1.17998	6577	0	9
2025.07.02	04:00:00	1.18000	1.18008	1.17707	1.17739	8380	0	9
2025.07.02	08:00:00	1.17737	1.17812	1.17463	1.17496	10442	0	9
2025.07.02	12:00:00	1.17493	1.17894	1.17467	1.17888	20676	0	9
2025.07.02	16:00:00	1.17888	1.18030	1.17850	1.18019	7646	0	9
2025.07.02	20:00:00	1.18020	1.18020	1.17845	1.17981	3092	0	9
2025.07.03	00:00:00	1.17979	1.18095	1.17890	1.17911	5833	0	9
2025.07.03	04:00:00	1.17911	1.18097	1.17862	1.18010	7589	0	9
2025.07.03	08:00:00	1.18007	1.18080	1.17829	1.17845	8671	0	9
2025.07.03	12:00:00	1.17842	1.17895	1.17172	1.17566	25626	0	9
2025.07.03	16:00:00	1.17568	1.17579	1.17396	1.17472	5636	0	9
2025.07.03	20:00:00	1.17472	1.17711	1.17459	1.17685	3356	0	9
2025.07.04	00:00:00	1.17686	1.17721	1.17557	1.17697	6084	0	9
2025.07.04	04:00:00	1.17696	1.17851	1.17673	1.17695	8180	0	9
2025.07.04	08:00:00	1.17695	1.17817	1.17678	1.17685	8268	0	9
2025.07.04	12:00:00	1.17685	1.17872	1.17634	1.17784	7869	0	9
2025.07.04	16:00:00	1.17784	1.17816	1.17718	1.17750	4111	0	9
2025.07.04	20:00:00	1.17749	1.17821	1.17739	1.17775	3122	0	9
2025.07.06	20:00:00	1.17820	1.17821	1.17721	1.17798	2523	0	9
2025.07.07	00:00:00	1.17800	1.17898	1.17643	1.17686	7451	0	9
2025.07.07	04:00:00	1.17686	1.17734	1.17447	1.17453	9379	0	9
2025.07.07	08:00:00	1.17451	1.17472	1.17217	1.17294	9835	0	9
2025.07.07	12:00:00	1.17293	1.17451	1.17174	1.17324	11035	0	9
2025.07.07	16:00:00	1.17327	1.17393	1.16861	1.17191	14231	0	9
2025.07.07	20:00:00	1.17190	1.17383	1.17050	1.17361	4306	0	9
2025.07.08	00:00:00	1.17363	1.17485	1.17305	1.17463	7920	0	9
2025.07.08	04:00:00	1.17463	1.17651	1.17312	1.17594	9712	0	9
2025.07.08	08:00:00	1.17594	1.17601	1.17208	1.17214	9124	0	9
2025.07.08	12:00:00	1.17214	1.17243	1.16819	1.17063	14242	0	9
2025.07.08	16:00:00	1.17064	1.17294	1.16959	1.17241	10892	0	9
2025.07.08	20:00:00	1.17238	1.17290	1.17134	1.17231	3554	0	9
2025.07.09	00:00:00	1.17232	1.17258	1.17026	1.17034	7348	0	9
2025.07.09	04:00:00	1.17033	1.17282	1.17012	1.17076	8859	0	9
2025.07.09	08:00:00	1.17073	1.17197	1.16894	1.16908	9614	0	9
2025.07.09	12:00:00	1.16910	1.17243	1.16910	1.17058	13712	0	9
2025.07.09	16:00:00	1.17060	1.17229	1.17004	1.17185	6712	0	9
2025.07.09	20:00:00	1.17183	1.17392	1.17114	1.17375	3239	0	9
2025.07.10	00:00:00	1.17375	1.17492	1.17333	1.17335	6912	0	9
2025.07.10	04:00:00	1.17335	1.17433	1.17259	1.17324	7530	0	9
2025.07.10	08:00:00	1.17326	1.17341	1.17077	1.17113	7276	0	9
2025.07.10	12:00:00	1.17116	1.17142	1.16621	1.16868	16115	0	9
2025.07.10	16:00:00	1.16868	1.16986	1.16812	1.16951	7542	0	9
2025.07.10	20:00:00	1.16950	1.17068	1.16941	1.17013	3118	0	9
2025.07.11	00:00:00	1.17014	1.17045	1.16644	1.16812	11347	0	9
2025.07.11	04:00:00	1.16812	1.16955	1.16689	1.16887	9386	0	9
2025.07.11	08:00:00	1.16889	1.17008	1.16792	1.16872	9890	0	9
2025.07.11	12:00:00	1.16871	1.17136	1.16736	1.16957	14909	0	9
2025.07.11	16:00:00	1.16955	1.16977	1.16853	1.16875	8097	0	9
2025.07.11	20:00:00	1.16877	1.16936	1.16783	1.16902	1371	0	9
2025.07.13	20:00:00	1.16662	1.16833	1.16582	1.16823	4669	0	9
2025.07.14	00:00:00	1.16824	1.16974	1.16725	1.16808	7111	0	9
2025.07.14	04:00:00	1.16806	1.16871	1.16538	1.16851	8748	0	9
2025.07.14	08:00:00	1.16853	1.16967	1.16790	1.16882	8384	0	9
2025.07.14	12:00:00	1.16880	1.16955	1.16667	1.16707	11511	0	9
2025.07.14	16:00:00	1.16707	1.16756	1.16586	1.16678	7597	0	9
2025.07.14	20:00:00	1.16678	1.16689	1.16573	1.16648	2877	0	9
2025.07.15	00:00:00	1.16648	1.16773	1.16644	1.16753	5909	0	9
2025.07.15	04:00:00	1.16754	1.16922	1.16712	1.16902	7277	0	9
2025.07.15	08:00:00	1.16903	1.16909	1.16670	1.16691	7682	0	9
2025.07.15	12:00:00	1.16690	1.16907	1.16002	1.16176	21203	0	9
2025.07.15	16:00:00	1.16178	1.16199	1.15926	1.16007	7648	0	9
2025.07.15	20:00:00	1.16005	1.16075	1.15952	1.16070	2707	0	9
2025.07.16	00:00:00	1.16071	1.16151	1.16020	1.16107	5431	0	9
2025.07.16	04:00:00	1.16107	1.16279	1.16097	1.16184	7075	0	9
2025.07.16	08:00:00	1.16180	1.16260	1.16004	1.16033	8049	0	9
2025.07.16	12:00:00	1.16035	1.17212	1.15617	1.16283	51381	0	9
2025.07.16	16:00:00	1.16282	1.16583	1.16152	1.16356	21759	0	9
2025.07.16	20:00:00	1.16353	1.16423	1.16313	1.16351	3835	0	9
2025.07.17	00:00:00	1.16350	1.16359	1.16133	1.16185	6794	0	9
2025.07.17	04:00:00	1.16184	1.16268	1.15728	1.15902	10475	0	9
2025.07.17	08:00:00	1.15901	1.16048	1.15697	1.15743	8042	0	9
2025.07.17	12:00:00	1.15743	1.16022	1.15564	1.15958	15290	0	9
2025.07.17	16:00:00	1.15961	1.16015	1.15793	1.15968	7217	0	9
2025.07.17	20:00:00	1.15969	1.16194	1.15904	1.16145	3575	0	9
2025.07.18	00:00:00	1.16146	1.16337	1.16142	1.16237	6373	0	9
2025.07.18	04:00:00	1.16236	1.16308	1.16116	1.16285	6889	0	9
2025.07.18	08:00:00	1.16285	1.16477	1.16275	1.16439	8115	0	9
2025.07.18	12:00:00	1.16438	1.16715	1.16423	1.16443	13500	0	9
2025.07.18	16:00:00	1.16445	1.16484	1.16167	1.16218	8013	0	9
2025.07.18	20:00:00	1.16216	1.16270	1.16191	1.16242	1415	0	9
2025.07.20	20:00:00	1.16250	1.16341	1.16219	1.16293	3848	0	9
2025.07.21	00:00:00	1.16292	1.16358	1.16139	1.16250	6008	0	9
2025.07.21	04:00:00	1.16249	1.16470	1.16226	1.16429	7362	0	9
2025.07.21	08:00:00	1.16430	1.16695	1.16333	1.16671	8719	0	9
2025.07.21	12:00:00	1.16671	1.17166	1.16575	1.17045	13007	0	9
2025.07.21	16:00:00	1.17043	1.17055	1.16857	1.16892	7214	0	9
2025.07.21	20:00:00	1.16892	1.16956	1.16878	1.16944	2831	0	9
2025.07.22	00:00:00	1.16945	1.16954	1.16821	1.16870	5172	0	9
2025.07.22	04:00:00	1.16870	1.16941	1.16812	1.16858	6500	0	9
2025.07.22	08:00:00	1.16859	1.17089	1.16836	1.17012	8178	0	9
2025.07.22	12:00:00	1.17012	1.17487	1.16783	1.17473	15619	0	9
2025.07.22	16:00:00	1.17475	1.17603	1.17415	1.17509	7448	0	9
2025.07.22	20:00:00	1.17507	1.17556	1.17358	1.17374	3956	0	9
2025.07.23	00:00:00	1.17375	1.17483	1.17302	1.17389	8470	0	9
2025.07.23	04:00:00	1.17389	1.17525	1.17267	1.17415	8221	0	9
2025.07.23	08:00:00	1.17415	1.17477	1.17228	1.17252	9354	0	9
2025.07.23	12:00:00	1.17254	1.17580	1.17107	1.17462	14825	0	9
2025.07.23	16:00:00	1.17463	1.17748	1.17427	1.17726	13042	0	9
2025.07.23	20:00:00	1.17728	1.17785	1.17657	1.17727	3893	0	9
2025.07.24	00:00:00	1.17726	1.17798	1.17617	1.17749	6728	0	9
2025.07.24	04:00:00	1.17746	1.17778	1.17548	1.17612	7323	0	9
2025.07.24	08:00:00	1.17614	1.17678	1.17429	1.17552	7854	0	9
2025.07.24	12:00:00	1.17555	1.17886	1.17302	1.17644	20169	0	9
2025.07.24	16:00:00	1.17644	1.17778	1.17567	1.17581	7414	0	9
2025.07.24	20:00:00	1.17578	1.17597	1.17354	1.17541	4490	0	9
2025.07.25	00:00:00	1.17543	1.17583	1.17334	1.17419	6309	0	9
2025.07.25	04:00:00	1.17418	1.17605	1.17340	1.17523	8958	0	9
2025.07.25	08:00:00	1.17522	1.17575	1.17106	1.17205	9924	0	9
2025.07.25	12:00:00	1.17203	1.17383	1.17027	1.17283	17985	0	9
2025.07.25	16:00:00	1.17286	1.17465	1.17201	1.17434	6633	0	9
2025.07.25	20:00:00	1.17434	1.17435	1.17370	1.17400	1540	0	9
2025.07.27	20:00:00	1.17533	1.17676	1.17500	1.17549	3493	0	9
2025.07.28	00:00:00	1.17548	1.17700	1.17461	1.17559	7725	0	9
2025.07.28	04:00:00	1.17560	1.17578	1.16700	1.16748	11040	0	9
2025.07.28	08:00:00	1.16747	1.16900	1.16432	1.16504	13949	0	9
2025.07.28	12:00:00	1.16506	1.16646	1.16075	1.16086	17379	0	9
2025.07.28	16:00:00	1.16087	1.16107	1.15847	1.15913	7565	0	9
2025.07.28	20:00:00	1.15913	1.15964	1.15819	1.15959	3145	0	9
2025.07.29	00:00:00	1.15960	1.15988	1.15809	1.15824	6552	0	9
2025.07.29	04:00:00	1.15824	1.15899	1.15261	1.15543	14097	0	9
2025.07.29	08:00:00	1.15544	1.15880	1.15370	1.15399	12361	0	9
2025.07.29	12:00:00	1.15397	1.15511	1.15185	1.15331	18831	0	9
2025.07.29	16:00:00	1.15333	1.15601	1.15333	1.15496	9312	0	9
2025.07.29	20:00:00	1.15495	1.15524	1.15419	1.15504	2247	0	9
2025.07.30	00:00:00	1.15501	1.15722	1.15501	1.15614	6308	0	9
2025.07.30	04:00:00	1.15614	1.15682	1.15396	1.15529	8409	0	9
2025.07.30	08:00:00	1.15529	1.15603	1.15216	1.15308	9719	0	9
2025.07.30	12:00:00	1.15311	1.15342	1.14574	1.14684	20541	0	9
2025.07.30	16:00:00	1.14685	1.15029	1.14136	1.14238	25614	0	9
2025.07.30	20:00:00	1.14240	1.14301	1.13982	1.14276	6089	0	9
2025.07.31	00:00:00	1.14276	1.14379	1.14073	1.14229	9627	0	9
2025.07.31	04:00:00	1.14228	1.14604	1.14189	1.14483	10727	0	9
2025.07.31	08:00:00	1.14485	1.14548	1.14203	1.14487	11316	0	9
2025.07.31	12:00:00	1.14485	1.14507	1.14052	1.14300	18918	0	9
2025.07.31	16:00:00	1.14298	1.14327	1.14117	1.14120	9121	0	9
2025.07.31	20:00:00	1.14122	1.14256	1.14087	1.14213	5150	0	9
2025.08.01	00:00:00	1.14213	1.14285	1.14044	1.14181	8669	0	9
2025.08.01	04:00:00	1.14182	1.14377	1.14121	1.14185	8441	0	9
2025.08.01	08:00:00	1.14182	1.14220	1.13927	1.14044	9770	0	9
2025.08.01	12:00:00	1.14042	1.15879	1.13909	1.15539	51050	0	8
2025.08.01	16:00:00	1.15537	1.15818	1.15161	1.15689	17608	0	9
2025.08.01	20:00:00	1.15687	1.15967	1.15683	1.15872	3257	0	9
2025.08.03	20:00:00	1.15880	1.15952	1.15776	1.15871	4935	0	9
2025.08.04	00:00:00	1.15871	1.15884	1.15496	1.15786	10548	0	9
2025.08.04	04:00:00	1.15786	1.15850	1.15504	1.15631	11755	0	9
2025.08.04	08:00:00	1.15633	1.15860	1.15491	1.15663	12626	0	9
2025.08.04	12:00:00	1.15666	1.15883	1.15564	1.15667	18429	0	9
2025.08.04	16:00:00	1.15670	1.15775	1.15565	1.15672	8837	0	9
2025.08.04	20:00:00	1.15675	1.15850	1.15650	1.15835	3694	0	9
2025.08.05	00:00:00	1.15835	1.15875	1.15536	1.15550	6970	0	9
2025.08.05	04:00:00	1.15550	1.15618	1.15328	1.15457	8742	0	9
2025.08.05	08:00:00	1.15457	1.15488	1.15271	1.15389	10759	0	9
2025.08.05	12:00:00	1.15391	1.15846	1.15297	1.15789	20034	0	9
2025.08.05	16:00:00	1.15789	1.15859	1.15661	1.15723	7575	0	9
2025.08.05	20:00:00	1.15723	1.15811	1.15704	1.15780	3082	0	9
2025.08.06	00:00:00	1.15781	1.15847	1.15639	1.15795	5409	0	9
2025.08.06	04:00:00	1.15795	1.15881	1.15710	1.15805	7026	0	9
2025.08.06	08:00:00	1.15808	1.16149	1.15700	1.16041	9582	0	9
2025.08.06	12:00:00	1.16038	1.16465	1.15999	1.16460	15548	0	9
2025.08.06	16:00:00	1.16457	1.16683	1.16304	1.16562	9282	0	9
2025.08.06	20:00:00	1.16563	1.16657	1.16497	1.16625	4144	0	9
2025.08.07	00:00:00	1.16624	1.16649	1.16493	1.16642	5894	0	9
2025.08.07	04:00:00	1.16643	1.16908	1.16624	1.16892	8091	0	9
2025.08.07	08:00:00	1.16892	1.16985	1.16338	1.16440	12745	0	9
2025.08.07	12:00:00	1.16439	1.16621	1.16104	1.16392	22891	0	9
2025.08.07	16:00:00	1.16395	1.16565	1.16189	1.16542	10370	0	9
2025.08.07	20:00:00	1.16543	1.16779	1.16542	1.16763	5148	0	9
2025.08.08	00:00:00	1.16766	1.16789	1.16546	1.16596	6838	0	9
2025.08.08	04:00:00	1.16596	1.16642	1.16384	1.16586	7647	0	9
2025.08.08	08:00:00	1.16586	1.16626	1.16282	1.16434	9683	0	9
2025.08.08	12:00:00	1.16431	1.16674	1.16374	1.16594	12724	0	9
2025.08.08	16:00:00	1.16594	1.16665	1.16359	1.16423	8034	0	9
2025.08.08	20:00:00	1.16424	1.16433	1.16381	1.16413	1347	0	9
2025.08.10	20:00:00	1.16457	1.16508	1.16418	1.16471	2555	0	9
2025.08.11	00:00:00	1.16472	1.16751	1.16415	1.16707	5559	0	9
2025.08.11	04:00:00	1.16707	1.16750	1.16456	1.16464	6317	0	9
2025.08.11	08:00:00	1.16466	1.16599	1.16227	1.16285	8569	0	9
2025.08.11	12:00:00	1.16286	1.16308	1.15896	1.16063	12839	0	9
2025.08.11	16:00:00	1.16062	1.16137	1.15981	1.16045	6244	0	9
2025.08.11	20:00:00	1.16046	1.16191	1.16038	1.16159	2883	0	9
2025.08.12	00:00:00	1.16158	1.16253	1.16115	1.16201	5695	0	9
2025.08.12	04:00:00	1.16201	1.16287	1.16074	1.16199	8866	0	9
2025.08.12	08:00:00	1.16199	1.16222	1.15982	1.16048	7891	0	9
2025.08.12	12:00:00	1.16050	1.16969	1.16009	1.16718	32202	0	9
2025.08.12	16:00:00	1.16719	1.16854	1.16641	1.16742	9431	0	9
2025.08.12	20:00:00	1.16741	1.16789	1.16671	1.16774	2939	0	9
2025.08.13	00:00:00	1.16772	1.16873	1.16701	1.16835	5842	0	9
2025.08.13	04:00:00	1.16833	1.17126	1.16763	1.17076	8173	0	9
2025.08.13	08:00:00	1.17074	1.17299	1.17064	1.17186	9441	0	9
2025.08.13	12:00:00	1.17186	1.17231	1.16924	1.17133	13436	0	9
2025.08.13	16:00:00	1.17133	1.17149	1.16955	1.16992	6004	0	9
2025.08.13	20:00:00	1.16992	1.17122	1.16989	1.17120	2672	0	9
2025.08.14	00:00:00	1.17120	1.17146	1.16987	1.17033	5640	0	9
2025.08.14	04:00:00	1.17033	1.17064	1.16773	1.16795	8305	0	9
2025.08.14	08:00:00	1.16794	1.16969	1.16676	1.16877	9239	0	9
2025.08.14	12:00:00	1.16878	1.16919	1.16369	1.16426	20059	0	9
2025.08.14	16:00:00	1.16425	1.16499	1.16306	1.16479	7629	0	9
2025.08.14	20:00:00	1.16478	1.16526	1.16443	1.16503	2612	0	9
2025.08.15	00:00:00	1.16503	1.16642	1.16462	1.16598	4971	0	9
2025.08.15	04:00:00	1.16598	1.16837	1.16583	1.16822	5903	0	9
2025.08.15	08:00:00	1.16822	1.16914	1.16761	1.16872	7085	0	9
2025.08.15	12:00:00	1.16872	1.17149	1.16734	1.17067	15426	0	9
2025.08.15	16:00:00	1.17066	1.17080	1.16980	1.17007	5869	0	9
2025.08.15	20:00:00	1.17006	1.17078	1.17003	1.17043	1392	0	9
2025.08.17	20:00:00	1.17080	1.17157	1.17034	1.17059	2321	0	9
2025.08.18	00:00:00	1.17059	1.17105	1.16932	1.17034	5229	0	9
2025.08.18	04:00:00	1.17034	1.17101	1.16798	1.16811	7307	0	9
2025.08.18	08:00:00	1.16811	1.16881	1.16707	1.16746	9265	0	9
2025.08.18	12:00:00	1.16747	1.16841	1.16601	1.16668	11489	0	9
2025.08.18	16:00:00	1.16667	1.16700	1.16557	1.16670	6377	0	9
2025.08.18	20:00:00	1.16667	1.16744	1.16578	1.16674	3113	0	9
2025.08.19	00:00:00	1.16674	1.16700	1.16388	1.16545	6834	0	9
2025.08.19	04:00:00	1.16544	1.16840	1.16507	1.16831	7798	0	9
2025.08.19	08:00:00	1.16832	1.16925	1.16712	1.16852	7696	0	9
2025.08.19	12:00:00	1.16854	1.16874	1.16574	1.16584	11612	0	9
2025.08.19	16:00:00	1.16586	1.16629	1.16420	1.16461	6115	0	9
2025.08.19	20:00:00	1.16461	1.16490	1.16403	1.16411	2769	0	9
2025.08.20	00:00:00	1.16411	1.16422	1.16214	1.16327	7262	0	9
2025.08.20	04:00:00	1.16326	1.16464	1.16227	1.16442	8345	0	9
2025.08.20	08:00:00	1.16440	1.16571	1.16311	1.16414	8248	0	9
2025.08.20	12:00:00	1.16417	1.16733	1.16417	1.16474	14190	0	9
2025.08.20	16:00:00	1.16474	1.16722	1.16474	1.16525	6808	0	9
2025.08.20	20:00:00	1.16526	1.16553	1.16447	1.16505	2940	0	9
2025.08.21	00:00:00	1.16505	1.16513	1.16408	1.16455	5524	0	9
2025.08.21	04:00:00	1.16455	1.16608	1.16245	1.16577	7347	0	9
2025.08.21	08:00:00	1.16578	1.16625	1.16391	1.16400	8176	0	9
2025.08.21	12:00:00	1.16402	1.16559	1.16007	1.16043	17221	0	9
2025.08.21	16:00:00	1.16041	1.16183	1.16009	1.16048	6189	0	9
2025.08.21	20:00:00	1.16047	1.16143	1.15996	1.16121	2845	0	9
2025.08.22	00:00:00	1.16121	1.16163	1.15885	1.15891	5608	0	9
2025.08.22	04:00:00	1.15892	1.15986	1.15822	1.15943	6842	0	9
2025.08.22	08:00:00	1.15941	1.16059	1.15908	1.16039	7198	0	9
2025.08.22	12:00:00	1.16041	1.17318	1.15972	1.17120	26344	0	9
2025.08.22	16:00:00	1.17118	1.17421	1.17115	1.17195	9454	0	9
2025.08.22	20:00:00	1.17194	1.17264	1.17176	1.17206	1444	0	9
2025.08.24	20:00:00	1.17199	1.17245	1.17071	1.17078	2745	0	9
2025.08.25	00:00:00	1.17076	1.17080	1.16933	1.17062	5559	0	9
2025.08.25	04:00:00	1.17062	1.17203	1.16940	1.16973	6598	0	9
2025.08.25	08:00:00	1.16972	1.17104	1.16850	1.17025	7189	0	9
2025.08.25	12:00:00	1.17025	1.17086	1.16651	1.16690	11024	0	9
2025.08.25	16:00:00	1.16690	1.16693	1.16023	1.16090	9819	0	9
2025.08.25	20:00:00	1.16090	1.16250	1.16088	1.16142	3547	0	9
2025.08.26	00:00:00	1.16143	1.16595	1.16097	1.16255	14328	0	9
2025.08.26	04:00:00	1.16253	1.16439	1.16016	1.16213	11389	0	9
2025.08.26	08:00:00	1.16216	1.16603	1.16054	1.16533	11033	0	9
2025.08.26	12:00:00	1.16533	1.16650	1.16370	1.16554	14698	0	9
2025.08.26	16:00:00	1.16556	1.16612	1.16331	1.16399	7309	0	9
2025.08.26	20:00:00	1.16398	1.16473	1.16332	1.16369	3269	0	9
2025.08.27	00:00:00	1.16368	1.16415	1.16212	1.16246	5444	0	9
2025.08.27	04:00:00	1.16246	1.16251	1.15956	1.16033	7112	0	9
2025.08.27	08:00:00	1.16032	1.16034	1.15738	1.15858	9700	0	9
2025.08.27	12:00:00	1.15858	1.16117	1.15817	1.16102	14119	0	9
2025.08.27	16:00:00	1.16102	1.16425	1.16102	1.16332	7783	0	9
2025.08.27	20:00:00	1.16332	1.16474	1.16310	1.16470	2956	0	9
2025.08.28	00:00:00	1.16470	1.16544	1.16408	1.16426	5062	0	9
2025.08.28	04:00:00	1.16427	1.16493	1.16332	1.16434	7396	0	9
2025.08.28	08:00:00	1.16432	1.16746	1.16284	1.16660	9470	0	9
2025.08.28	12:00:00	1.16662	1.16865	1.16583	1.16718	16498	0	9
2025.08.28	16:00:00	1.16715	1.16972	1.16712	1.16823	6069	0	9
2025.08.28	20:00:00	1.16823	1.16831	1.16724	1.16781	3010	0	9
2025.08.29	00:00:00	1.16782	1.16819	1.16557	1.16621	5843	0	9
2025.08.29	04:00:00	1.16621	1.16767	1.16580	1.16755	6561	0	9
2025.08.29	08:00:00	1.16754	1.16899	1.16606	1.16626	8935	0	9
2025.08.29	12:00:00	1.16625	1.17086	1.16507	1.16938	15737	0	9
2025.08.29	16:00:00	1.16940	1.17067	1.16927	1.16976	6413	0	9
2025.08.29	20:00:00	1.16979	1.17003	1.16807	1.16851	1177	0	9
2025.08.31	20:00:00	1.16915	1.16931	1.16852	1.16897	1736	0	9
2025.09.01	00:00:00	1.16895	1.17140	1.16875	1.17079	5645	0	9
2025.09.01	04:00:00	1.17077	1.17329	1.17042	1.17248	7205	0	9
2025.09.01	08:00:00	1.17245	1.17359	1.17127	1.17139	8525	0	9
2025.09.01	12:00:00	1.17137	1.17175	1.16989	1.16994	7825	0	9
2025.09.01	16:00:00	1.16995	1.17133	1.16962	1.17125	2672	0	9
2025.09.01	20:00:00	1.17122	1.17177	1.17052	1.17143	2265	0	9
2025.09.02	00:00:00	1.17145	1.17154	1.16920	1.16949	6846	0	9
2025.09.02	04:00:00	1.16949	1.17061	1.16427	1.16455	10346	0	9
2025.09.02	08:00:00	1.16456	1.16554	1.16232	1.16462	16378	0	9
2025.09.02	12:00:00	1.16465	1.16821	1.16124	1.16523	19886	0	9
2025.09.02	16:00:00	1.16523	1.16546	1.16291	1.16408	7304	0	9
2025.09.02	20:00:00	1.16409	1.16438	1.16322	1.16325	2642	0	9
2025.09.03	00:00:00	1.16325	1.16361	1.16225	1.16230	5723	0	9
2025.09.03	04:00:00	1.16232	1.16426	1.16077	1.16354	8634	0	9
2025.09.03	08:00:00	1.16356	1.16646	1.16351	1.16513	10713	0	9
2025.09.03	12:00:00	1.16510	1.16819	1.16379	1.16748	16543	0	9
2025.09.03	16:00:00	1.16748	1.16772	1.16554	1.16581	7130	0	9
2025.09.03	20:00:00	1.16578	1.16642	1.16551	1.16605	2797	0	9
2025.09.04	00:00:00	1.16607	1.16690	1.16497	1.16529	6353	0	9
2025.09.04	04:00:00	1.16529	1.16610	1.16436	1.16504	6911	0	9
2025.09.04	08:00:00	1.16501	1.16594	1.16388	1.16423	9487	0	9
2025.09.04	12:00:00	1.16426	1.16583	1.16294	1.16472	17003	0	9
2025.09.04	16:00:00	1.16470	1.16516	1.16335	1.16503	5860	0	9
2025.09.04	20:00:00	1.16502	1.16573	1.16446	1.16562	2534	0	9
2025.09.05	00:00:00	1.16562	1.16740	1.16521	1.16708	4828	0	9
2025.09.05	04:00:00	1.16708	1.16785	1.16647	1.16773	6234	0	9
2025.09.05	08:00:00	1.16770	1.16960	1.16747	1.16867	7608	0	9
2025.09.05	12:00:00	1.16868	1.17589	1.16854	1.17580	29208	0	9
2025.09.05	16:00:00	1.17578	1.17593	1.17127	1.17177	8575	0	9
2025.09.05	20:00:00	1.17179	1.17217	1.17143	1.17182	1122	0	9
2025.09.07	20:00:00	1.17114	1.17189	1.17034	1.17119	3558	0	9
2025.09.08	00:00:00	1.17121	1.17170	1.17044	1.17092	7491	0	9
2025.09.08	04:00:00	1.17092	1.17335	1.17057	1.17322	8625	0	9
2025.09.08	08:00:00	1.17324	1.17424	1.17195	1.17287	8945	0	9
2025.09.08	12:00:00	1.17285	1.17558	1.17222	1.17499	12663	0	9
2025.09.08	16:00:00	1.17498	1.17652	1.17346	1.17622	6695	0	9
2025.09.08	20:00:00	1.17619	1.17724	1.17557	1.17682	3629	0	9
2025.09.09	00:00:00	1.17682	1.17776	1.17631	1.17637	5235	0	9
2025.09.09	04:00:00	1.17637	1.17798	1.17473	1.17524	7971	0	9
2025.09.09	08:00:00	1.17523	1.17719	1.17409	1.17416	10798	0	9
2025.09.09	12:00:00	1.17420	1.17623	1.17152	1.17217	18533	0	9
2025.09.09	16:00:00	1.17219	1.17295	1.17034	1.17063	7882	0	9
2025.09.09	20:00:00	1.17063	1.17134	1.16969	1.17021	3596	0	9
2025.09.10	00:00:00	1.17020	1.17098	1.16890	1.17075	6329	0	9
2025.09.10	04:00:00	1.17075	1.17181	1.16822	1.17023	9001	0	9
2025.09.10	08:00:00	1.17024	1.17165	1.16905	1.17043	9413	0	9
2025.09.10	12:00:00	1.17045	1.17302	1.16907	1.17142	17947	0	9
2025.09.10	16:00:00	1.17145	1.17159	1.16930	1.16999	6394	0	9
2025.09.10	20:00:00	1.16997	1.17065	1.16902	1.17023	2839	0	9
2025.09.11	00:00:00	1.17022	1.17022	1.16926	1.16955	4301	0	9
2025.09.11	04:00:00	1.16955	1.16992	1.16835	1.16924	8080	0	9
2025.09.11	08:00:00	1.16925	1.16949	1.16770	1.16836	9393	0	9
2025.09.11	12:00:00	1.16837	1.17458	1.16602	1.17311	27802	0	9
2025.09.11	16:00:00	1.17314	1.17393	1.17273	1.17362	7228	0	9
2025.09.11	20:00:00	1.17362	1.17402	1.17300	1.17329	3331	0	9
2025.09.12	00:00:00	1.17327	1.17341	1.17222	1.17249	5091	0	9
2025.09.12	04:00:00	1.17248	1.17474	1.17204	1.17401	7161	0	9
2025.09.12	08:00:00	1.17401	1.17406	1.17120	1.17209	9282	0	9
2025.09.12	12:00:00	1.17209	1.17278	1.17008	1.17137	13460	0	9
2025.09.12	16:00:00	1.17137	1.17414	1.17096	1.17364	6077	0	9
2025.09.12	20:00:00	1.17361	1.17364	1.17284	1.17341	1226	0	9
2025.09.14	20:00:00	1.17314	1.17345	1.17247	1.17254	2025	0	8
2025.09.15	00:00:00	1.17252	1.17339	1.17215	1.17307	4203	0	8
2025.09.15	04:00:00	1.17308	1.17439	1.17158	1.17334	6569	0	8
2025.09.15	08:00:00	1.17333	1.17628	1.17296	1.17605	9455	0	8
2025.09.15	12:00:00	1.17607	1.17729	1.17506	1.17709	11575	0	8
2025.09.15	16:00:00	1.17709	1.17743	1.17559	1.17655	6587	0	8
2025.09.15	20:00:00	1.17652	1.17696	1.17554	1.17625	2658	0	8
2025.09.16	00:00:00	1.17625	1.17865	1.17571	1.17799	6421	0	8
2025.09.16	04:00:00	1.17799	1.18014	1.17733	1.17938	9088	0	8
2025.09.16	08:00:00	1.17937	1.18211	1.17899	1.18137	11789	0	8
2025.09.16	12:00:00	1.18138	1.18527	1.17901	1.18467	19313	0	8
2025.09.16	16:00:00	1.18466	1.18783	1.18459	1.18602	9345	0	8
2025.09.16	20:00:00	1.18599	1.18726	1.18525	1.18706	3519	0	8
2025.09.17	00:00:00	1.18706	1.18728	1.18509	1.18516	5828	0	8
2025.09.17	04:00:00	1.18516	1.18597	1.18379	1.18401	6956	0	8
2025.09.17	08:00:00	1.18401	1.18508	1.18325	1.18390	8460	0	8
2025.09.17	12:00:00	1.18390	1.18589	1.18338	1.18442	10264	0	8
2025.09.17	16:00:00	1.18444	1.19185	1.18189	1.18243	39075	0	8
2025.09.17	20:00:00	1.18243	1.18285	1.18076	1.18249	5616	0	8
2025.09.18	00:00:00	1.18249	1.18284	1.18072	1.18120	8463	0	8
2025.09.18	04:00:00	1.18120	1.18385	1.17801	1.18313	11513	0	8
2025.09.18	08:00:00	1.18311	1.18478	1.18193	1.18252	12722	0	8
2025.09.18	12:00:00	1.18250	1.18259	1.17497	1.17791	22579	0	8
2025.09.18	16:00:00	1.17789	1.17935	1.17717	1.17845	8025	0	8
2025.09.18	20:00:00	1.17847	1.17903	1.17809	1.17885	3901	0	8
2025.09.19	00:00:00	1.17886	1.17921	1.17717	1.17815	7793	0	8
2025.09.19	04:00:00	1.17817	1.17893	1.17571	1.17697	12303	0	8
2025.09.19	08:00:00	1.17697	1.17708	1.17347	1.17366	10941	0	8
2025.09.19	12:00:00	1.17366	1.17674	1.17285	1.17516	15957	0	8
2025.09.19	16:00:00	1.17514	1.17549	1.17407	1.17473	5950	0	8
2025.09.19	20:00:00	1.17474	1.17475	1.17403	1.17449	1073	0	8
2025.09.21	20:00:00	1.17383	1.17487	1.17355	1.17363	2250	0	8
2025.09.22	00:00:00	1.17360	1.17405	1.17256	1.17321	6823	0	8
2025.09.22	04:00:00	1.17321	1.17540	1.17261	1.17483	7912	0	8
2025.09.22	08:00:00	1.17481	1.17854	1.17467	1.17776	9721	0	8
2025.09.22	12:00:00	1.17777	1.17877	1.17624	1.17721	13519	0	8
2025.09.22	16:00:00	1.17722	1.18018	1.17710	1.17993	6446	0	8
2025.09.22	20:00:00	1.17994	1.18037	1.17887	1.18002	2792	0	8
2025.09.23	00:00:00	1.18002	1.18198	1.17963	1.18054	5903	0	8
2025.09.23	04:00:00	1.18054	1.18076	1.17791	1.17906	9549	0	8
2025.09.23	08:00:00	1.17905	1.18119	1.17835	1.17915	10334	0	8
2025.09.23	12:00:00	1.17915	1.18051	1.17837	1.17979	14524	0	8
2025.09.23	16:00:00	1.17980	1.18179	1.17913	1.18158	9743	0	8
2025.09.23	20:00:00	1.18160	1.18186	1.18077	1.18152	4418	0	8
2025.09.24	00:00:00	1.18151	1.18162	1.17945	1.17971	7189	0	8
2025.09.24	04:00:00	1.17971	1.18048	1.17837	1.17885	8505	0	8
2025.09.24	08:00:00	1.17883	1.17883	1.17460	1.17488	10317	0	8
2025.09.24	12:00:00	1.17487	1.17577	1.17277	1.17414	15347	0	8
2025.09.24	16:00:00	1.17414	1.17434	1.17297	1.17376	7400	0	8
2025.09.24	20:00:00	1.17374	1.17459	1.17346	1.17418	2947	0	8
2025.09.25	00:00:00	1.17416	1.17533	1.17401	1.17522	5549	0	8
2025.09.25	04:00:00	1.17521	1.17531	1.17309	1.17332	8050	0	8
2025.09.25	08:00:00	1.17332	1.17537	1.17302	1.17398	9944	0	8
2025.09.25	12:00:00	1.17398	1.17451	1.16665	1.16720	21490	0	8
2025.09.25	16:00:00	1.16722	1.16829	1.16452	1.16604	10098	0	8
2025.09.25	20:00:00	1.16602	1.16687	1.16539	1.16616	4041	0	8
2025.09.26	00:00:00	1.16616	1.16792	1.16575	1.16779	5439	0	8
2025.09.26	04:00:00	1.16777	1.16837	1.16680	1.16726	8210	0	8
2025.09.26	08:00:00	1.16728	1.16874	1.16614	1.16673	9193	0	8
2025.09.26	12:00:00	1.16673	1.17042	1.16663	1.16907	18276	0	8
2025.09.26	16:00:00	1.16908	1.17054	1.16862	1.17053	6887	0	8
2025.09.26	20:00:00	1.17051	1.17070	1.16986	1.16998	1221	0	8
2025.09.28	20:00:00	1.17012	1.17094	1.16986	1.17045	1979	0	8
2025.09.29	00:00:00	1.17045	1.17289	1.17040	1.17246	6055	0	8
2025.09.29	04:00:00	1.17248	1.17329	1.17173	1.17265	8337	0	8
2025.09.29	08:00:00	1.17267	1.17306	1.17075	1.17287	9178	0	8
2025.09.29	12:00:00	1.17287	1.17543	1.17181	1.17286	16491	0	8
2025.09.29	16:00:00	1.17288	1.17328	1.17197	1.17273	5711	0	8
2025.09.29	20:00:00	1.17271	1.17320	1.17231	1.17303	2590	0	8
2025.09.30	00:00:00	1.17301	1.17312	1.17119	1.17234	7090	0	8
2025.09.30	04:00:00	1.17235	1.17479	1.17181	1.17414	8903	0	8
2025.09.30	08:00:00	1.17416	1.17614	1.17363	1.17422	9450	0	8
2025.09.30	12:00:00	1.17421	1.17519	1.17162	1.17338	16741	0	8
2025.09.30	16:00:00	1.17340	1.17612	1.17334	1.17392	8272	0	8
2025.09.30	20:00:00	1.17394	1.17423	1.17291	1.17347	4023	0	8
2025.10.01	00:00:00	1.17344	1.17402	1.17293	1.17373	5222	0	8
2025.10.01	04:00:00	1.17375	1.17782	1.17375	1.17497	12995	0	8
2025.10.01	08:00:00	1.17497	1.17653	1.17155	1.17339	13394	0	8
2025.10.01	12:00:00	1.17339	1.17683	1.17209	1.17227	30347	0	8
2025.10.01	16:00:00	1.17224	1.17415	1.17149	1.17303	8875	0	8
2025.10.01	20:00:00	1.17304	1.17370	1.17258	1.17324	3175	0	8
2025.10.02	00:00:00	1.17323	1.17417	1.17235	1.17345	5261	0	8
2025.10.02	04:00:00	1.17345	1.17563	1.17290	1.17498	8575	0	8
2025.10.02	08:00:00	1.17498	1.17580	1.17445	1.17502	9485	0	8
2025.10.02	12:00:00	1.17500	1.17582	1.16828	1.16963	17031	0	8
2025.10.02	16:00:00	1.16961	1.17263	1.16946	1.17184	6866	0	8
2025.10.02	20:00:00	1.17184	1.17256	1.17121	1.17241	2832	0	8
2025.10.03	00:00:00	1.17241	1.17289	1.17160	1.17260	5518	0	8
2025.10.03	04:00:00	1.17259	1.17338	1.17146	1.17317	7195	0	8
2025.10.03	08:00:00	1.17319	1.17444	1.17307	1.17337	8354	0	8
2025.10.03	12:00:00	1.17338	1.17591	1.17264	1.17458	16937	0	8
2025.10.03	16:00:00	1.17460	1.17480	1.17265	1.17404	6039	0	8
2025.10.03	20:00:00	1.17404	1.17440	1.17382	1.17408	1059	0	8
2025.10.05	20:00:00	1.17239	1.17285	1.17060	1.17115	6162	0	8
2025.10.06	00:00:00	1.17117	1.17305	1.17094	1.17240	7278	0	8
2025.10.06	04:00:00	1.17240	1.17272	1.16619	1.16625	15673	0	8
2025.10.06	08:00:00	1.16623	1.16795	1.16515	1.16751	14493	0	8
2025.10.06	12:00:00	1.16749	1.17207	1.16725	1.17060	15299	0	8
2025.10.06	16:00:00	1.17063	1.17167	1.17027	1.17104	5580	0	8
2025.10.06	20:00:00	1.17102	1.17143	1.17063	1.17091	4042	0	8
2025.10.07	00:00:00	1.17092	1.17109	1.16962	1.17028	5032	0	8
2025.10.07	04:00:00	1.17027	1.17070	1.16699	1.16762	8477	0	8
2025.10.07	08:00:00	1.16759	1.16823	1.16535	1.16621	9098	0	8
2025.10.07	12:00:00	1.16621	1.16796	1.16533	1.16726	13860	0	8
2025.10.07	16:00:00	1.16728	1.16807	1.16471	1.16501	8056	0	8
2025.10.07	20:00:00	1.16499	1.16608	1.16486	1.16525	3247	0	8
2025.10.08	00:00:00	1.16525	1.16528	1.16167	1.16235	8575	0	8
2025.10.08	04:00:00	1.16235	1.16338	1.16067	1.16306	9790	0	8
2025.10.08	08:00:00	1.16305	1.16360	1.16054	1.16260	11819	0	8
2025.10.08	12:00:00	1.16261	1.16444	1.16024	1.16056	13185	0	8
2025.10.08	16:00:00	1.16058	1.16279	1.15980	1.16276	9452	0	8
2025.10.08	20:00:00	1.16275	1.16346	1.16218	1.16288	4311	0	8
2025.10.09	00:00:00	1.16286	1.16473	1.16277	1.16444	5919	0	8
2025.10.09	04:00:00	1.16445	1.16479	1.16060	1.16108	8675	0	8
2025.10.09	08:00:00	1.16105	1.16271	1.16028	1.16118	11512	0	8
2025.10.09	12:00:00	1.16120	1.16229	1.15468	1.15583	22201	0	8
2025.10.09	16:00:00	1.15585	1.15661	1.15417	1.15593	9944	0	8
2025.10.09	20:00:00	1.15591	1.15668	1.15567	1.15651	3695	0	8
2025.10.10	00:00:00	1.15649	1.15738	1.15604	1.15726	5410	0	8
2025.10.10	04:00:00	1.15726	1.15796	1.15606	1.15776	9206	0	8
2025.10.10	08:00:00	1.15777	1.15891	1.15601	1.15608	9642	0	8
2025.10.10	12:00:00	1.15606	1.16303	1.15587	1.16123	22292	0	8
2025.10.10	16:00:00	1.16121	1.16254	1.15966	1.16123	11331	0	8
2025.10.10	20:00:00	1.16123	1.16286	1.16036	1.16217	3355	0	8
2025.10.12	20:00:00	1.16077	1.16133	1.15917	1.16013	5977	0	8
2025.10.13	00:00:00	1.16012	1.16273	1.15996	1.16202	8272	0	8
2025.10.13	04:00:00	1.16202	1.16295	1.15971	1.15996	10652	0	8
2025.10.13	08:00:00	1.15997	1.16045	1.15651	1.15680	11789	0	8
2025.10.13	12:00:00	1.15681	1.15771	1.15570	1.15734	13065	0	8
2025.10.13	16:00:00	1.15735	1.15789	1.15655	1.15660	5900	0	8
2025.10.13	20:00:00	1.15660	1.15735	1.15632	1.15654	3117	0	8
2025.10.14	00:00:00	1.15654	1.15816	1.15547	1.15783	6574	0	8
2025.10.14	04:00:00	1.15782	1.15932	1.15421	1.15492	14229	0	8
2025.10.14	08:00:00	1.15492	1.15628	1.15453	1.15518	12615	0	8
2025.10.14	12:00:00	1.15519	1.16078	1.15476	1.16067	19581	0	8
2025.10.14	16:00:00	1.16069	1.16147	1.16008	1.16054	11413	0	8
2025.10.14	20:00:00	1.16053	1.16094	1.15993	1.16029	3137	0	8
2025.10.15	00:00:00	1.16029	1.16256	1.16014	1.16220	7020	0	8
2025.10.15	04:00:00	1.16222	1.16441	1.16165	1.16353	9307	0	8
2025.10.15	08:00:00	1.16352	1.16450	1.16192	1.16198	10020	0	8
2025.10.15	12:00:00	1.16199	1.16469	1.16103	1.16365	15788	0	8
2025.10.15	16:00:00	1.16367	1.16444	1.16267	1.16439	9266	0	8
2025.10.15	20:00:00	1.16439	1.16517	1.16402	1.16455	3489	0	8
2025.10.16	00:00:00	1.16454	1.16749	1.16426	1.16617	7926	0	8
2025.10.16	04:00:00	1.16617	1.16675	1.16426	1.16521	9937	0	8
2025.10.16	08:00:00	1.16519	1.16635	1.16461	1.16537	10040	0	8
2025.10.16	12:00:00	1.16535	1.16778	1.16485	1.16642	14115	0	8
2025.10.16	16:00:00	1.16640	1.16938	1.16639	1.16885	12441	0	8
2025.10.16	20:00:00	1.16883	1.16994	1.16843	1.16988	3637	0	8
2025.10.17	00:00:00	1.16988	1.17121	1.16946	1.17088	7314	0	8
2025.10.17	04:00:00	1.17089	1.17280	1.16930	1.17111	13571	0	8
2025.10.17	08:00:00	1.17113	1.17158	1.16800	1.16846	14978	0	8
2025.10.17	12:00:00	1.16848	1.16861	1.16563	1.16730	16386	0	8
2025.10.17	16:00:00	1.16728	1.16790	1.16636	1.16702	7427	0	8
2025.10.17	20:00:00	1.16702	1.16702	1.16485	1.16505	2065	0	8
2025.10.19	20:00:00	1.16626	1.16638	1.16513	1.16576	2749	0	8
2025.10.20	00:00:00	1.16578	1.16703	1.16563	1.16681	5401	0	8
2025.10.20	04:00:00	1.16680	1.16751	1.16531	1.16621	7462	0	8
2025.10.20	08:00:00	1.16622	1.16673	1.16443	1.16560	9430	0	8
2025.10.20	12:00:00	1.16561	1.16641	1.16458	1.16548	11240	0	8
2025.10.20	16:00:00	1.16551	1.16580	1.16379	1.16407	5451	0	8
2025.10.20	20:00:00	1.16406	1.16451	1.16385	1.16438	2434	0	8
2025.10.21	00:00:00	1.16437	1.16549	1.16324	1.16342	5459	0	8
2025.10.21	04:00:00	1.16342	1.16376	1.16183	1.16252	8655	0	8
2025.10.21	08:00:00	1.16250	1.16273	1.16062	1.16128	10843	0	8
2025.10.21	12:00:00	1.16127	1.16179	1.15972	1.16149	15303	0	8
2025.10.21	16:00:00	1.16151	1.16241	1.15996	1.16005	7503	0	8
2025.10.21	20:00:00	1.16007	1.16033	1.15967	1.15990	2430	0	8
2025.10.22	00:00:00	1.15992	1.16105	1.15992	1.16067	4890	0	8
2025.10.22	04:00:00	1.16067	1.16152	1.15991	1.16004	8182	0	8
2025.10.22	08:00:00	1.16003	1.16015	1.15818	1.15824	9003	0	8
2025.10.22	12:00:00	1.15824	1.16164	1.15765	1.16108	12913	0	8
2025.10.22	16:00:00	1.16110	1.16221	1.16045	1.16055	7698	0	8
2025.10.22	20:00:00	1.16055	1.16142	1.16054	1.16069	2159	0	8
2025.10.23	00:00:00	1.16069	1.16072	1.15918	1.15927	4224	0	8
2025.10.23	04:00:00	1.15926	1.16037	1.15901	1.15996	6564	0	8
2025.10.23	08:00:00	1.15996	1.16059	1.15851	1.15868	7182	0	8
2025.10.23	12:00:00	1.15870	1.16195	1.15861	1.16111	11161	0	8
2025.10.23	16:00:00	1.16113	1.16197	1.16041	1.16159	5482	0	8
2025.10.23	20:00:00	1.16159	1.16210	1.16133	1.16167	2249	0	8
2025.10.24	00:00:00	1.16166	1.16212	1.16068	1.16087	3796	0	8
2025.10.24	04:00:00	1.16087	1.16275	1.16004	1.16181	6992	0	8
2025.10.24	08:00:00	1.16182	1.16234	1.16049	1.16146	8082	0	8
2025.10.24	12:00:00	1.16147	1.16537	1.16084	1.16251	18337	0	8
2025.10.24	16:00:00	1.16249	1.16328	1.16209	1.16312	4971	0	8
2025.10.24	20:00:00	1.16310	1.16356	1.16206	1.16258	1518	0	8
2025.10.26	20:00:00	1.16327	1.16351	1.16253	1.16307	3388	0	8
2025.10.27	00:00:00	1.16305	1.16472	1.16268	1.16274	4410	0	8
2025.10.27	04:00:00	1.16274	1.16320	1.16194	1.16195	5182	0	8
2025.10.27	08:00:00	1.16194	1.16472	1.16174	1.16455	8168	0	8
2025.10.27	12:00:00	1.16455	1.16512	1.16313	1.16350	8759	0	8
2025.10.27	16:00:00	1.16348	1.16518	1.16321	1.16472	5267	0	8
2025.10.27	20:00:00	1.16472	1.16547	1.16417	1.16507	2433	0	8
2025.10.28	00:00:00	1.16507	1.16635	1.16462	1.16596	4707	0	8
2025.10.28	04:00:00	1.16596	1.16675	1.16506	1.16550	5525	0	8
2025.10.28	08:00:00	1.16549	1.16647	1.16443	1.16587	8277	0	8
2025.10.28	12:00:00	1.16588	1.16670	1.16252	1.16584	11600	0	8
2025.10.28	16:00:00	1.16585	1.16684	1.16515	1.16521	7294	0	8
2025.10.28	20:00:00	1.16521	1.16570	1.16482	1.16568	2493	0	8
2025.10.29	00:00:00	1.16567	1.16605	1.16366	1.16369	5792	0	8
2025.10.29	04:00:00	1.16369	1.16374	1.16246	1.16324	6084	0	8
2025.10.29	08:00:00	1.16323	1.16485	1.16184	1.16392	8342	0	8
2025.10.29	12:00:00	1.16394	1.16643	1.16271	1.16632	11536	0	8
2025.10.29	16:00:00	1.16632	1.16655	1.15772	1.15991	27216	0	8
2025.10.29	20:00:00	1.15990	1.16070	1.15905	1.16025	4434	0	8
2025.10.30	00:00:00	1.16025	1.16195	1.15966	1.16150	6571	0	8
2025.10.30	04:00:00	1.16149	1.16372	1.16093	1.16182	9998	0	8
2025.10.30	08:00:00	1.16182	1.16279	1.15958	1.15976	9940	0	8
2025.10.30	12:00:00	1.15976	1.15994	1.15468	1.15633	17424	0	8
2025.10.30	16:00:00	1.15635	1.15714	1.15590	1.15639	6784	0	8
2025.10.30	20:00:00	1.15641	1.15730	1.15626	1.15714	2659	0	8
2025.10.31	00:00:00	1.15714	1.15771	1.15646	1.15670	4657	0	8
2025.10.31	04:00:00	1.15669	1.15730	1.15545	1.15644	5482	0	8
2025.10.31	08:00:00	1.15644	1.15764	1.15578	1.15663	7514	0	8
2025.10.31	12:00:00	1.15662	1.15662	1.15218	1.15404	13575	0	8
2025.10.31	16:00:00	1.15402	1.15430	1.15211	1.15252	6996	0	8
2025.10.31	20:00:00	1.15255	1.15380	1.15251	1.15364	1490	0	8
2025.11.02	20:00:00	1.15287	1.15381	1.15251	1.15273	2380	0	8
2025.11.03	00:00:00	1.15272	1.15340	1.15214	1.15333	4289	0	8
2025.11.03	04:00:00	1.15334	1.15409	1.15315	1.15394	4461	0	8
2025.11.03	08:00:00	1.15396	1.15398	1.15075	1.15152	8134	0	8
2025.11.03	12:00:00	1.15153	1.15248	1.15048	1.15247	10235	0	8
2025.11.03	16:00:00	1.15244	1.15374	1.15162	1.15194	6620	0	8
2025.11.03	20:00:00	1.15194	1.15228	1.15159	1.15182	2654	0	8
2025.11.04	00:00:00	1.15181	1.15181	1.14978	1.15132	5508	0	8
2025.11.04	04:00:00	1.15132	1.15333	1.15070	1.15267	6190	0	8
2025.11.04	08:00:00	1.15266	1.15284	1.14891	1.14897	8746	0	8
2025.11.04	12:00:00	1.14899	1.14965	1.14726	1.14912	10526	0	8
2025.11.04	16:00:00	1.14912	1.14963	1.14783	1.14788	5820	0	8
2025.11.04	20:00:00	1.14789	1.14855	1.14749	1.14848	3152	0	8
2025.11.05	00:00:00	1.14847	1.14976	1.14793	1.14885	5841	0	8
2025.11.05	04:00:00	1.14886	1.14940	1.14830	1.14864	4222	0	8
2025.11.05	08:00:00	1.14866	1.14952	1.14757	1.14879	7029	0	8
2025.11.05	12:00:00	1.14880	1.14932	1.14681	1.14790	12013	0	8
2025.11.05	16:00:00	1.14790	1.14873	1.14697	1.14856	6387	0	8
2025.11.05	20:00:00	1.14858	1.14965	1.14850	1.14955	2721	0	8
2025.11.06	00:00:00	1.14955	1.15085	1.14927	1.15065	3657	0	8
2025.11.06	04:00:00	1.15066	1.15133	1.15033	1.15079	4257	0	8
2025.11.06	08:00:00	1.15080	1.15235	1.15056	1.15200	7319	0	8
2025.11.06	12:00:00	1.15199	1.15438	1.15138	1.15394	12167	0	8
2025.11.06	16:00:00	1.15392	1.15519	1.15296	1.15443	7993	0	8
2025.11.06	20:00:00	1.15442	1.15513	1.15418	1.15484	3502	0	8
2025.11.07	00:00:00	1.15486	1.15489	1.15346	1.15376	4191	0	8
2025.11.07	04:00:00	1.15375	1.15383	1.15294	1.15323	4061	0	8
2025.11.07	08:00:00	1.15321	1.15608	1.15290	1.15576	7134	0	8
2025.11.07	12:00:00	1.15576	1.15909	1.15536	1.15715	11128	0	8
2025.11.07	16:00:00	1.15715	1.15834	1.15552	1.15594	6620	0	8
2025.11.07	20:00:00	1.15591	1.15662	1.15573	1.15642	2171	0	8
2025.11.09	20:00:00	1.15555	1.15598	1.15414	1.15431	2760	0	8
2025.11.10	00:00:00	1.15430	1.15604	1.15427	1.15543	6580	0	8
2025.11.10	04:00:00	1.15544	1.15717	1.15511	1.15674	5457	0	8
2025.11.10	08:00:00	1.15672	1.15827	1.15536	1.15630	7681	0	8
2025.11.10	12:00:00	1.15630	1.15775	1.15448	1.15452	9230	0	8
2025.11.10	16:00:00	1.15450	1.15644	1.15409	1.15605	6580	0	8
2025.11.10	20:00:00	1.15603	1.15642	1.15543	1.15564	2641	0	8
2025.11.11	00:00:00	1.15566	1.15594	1.15468	1.15559	4052	0	8
2025.11.11	04:00:00	1.15558	1.15649	1.15493	1.15599	5483	0	8
2025.11.11	08:00:00	1.15600	1.15776	1.15530	1.15715	7333	0	8
2025.11.11	12:00:00	1.15715	1.16056	1.15681	1.15947	11360	0	8
2025.11.11	16:00:00	1.15947	1.15994	1.15831	1.15841	5218	0	8
2025.11.11	20:00:00	1.15841	1.15886	1.15795	1.15866	3264	0	8
2025.11.12	00:00:00	1.15864	1.15866	1.15742	1.15771	3769	0	8
2025.11.12	04:00:00	1.15771	1.15880	1.15699	1.15836	4705	0	8
2025.11.12	08:00:00	1.15837	1.15873	1.15647	1.15777	7588	0	8
2025.11.12	12:00:00	1.15775	1.15954	1.15625	1.15935	9902	0	8
2025.11.12	16:00:00	1.15935	1.15974	1.15838	1.15862	6045	0	8
2025.11.12	20:00:00	1.15859	1.15942	1.15846	1.15913	2713	0	8
2025.11.13	00:00:00	1.15915	1.15925	1.15787	1.15894	4625	0	8
2025.11.13	04:00:00	1.15893	1.16120	1.15800	1.16108	4791	0	8
2025.11.13	08:00:00	1.16109	1.16344	1.16043	1.16060	9916	0	8
2025.11.13	12:00:00	1.16060	1.16427	1.16053	1.16387	11633	0	8
2025.11.13	16:00:00	1.16387	1.16560	1.16348	1.16353	9186	0	8
2025.11.13	20:00:00	1.16353	1.16393	1.16231	1.16297	3815	0	8
2025.11.14	00:00:00	1.16295	1.16445	1.16265	1.16382	5873	0	8
2025.11.14	04:00:00	1.16382	1.16483	1.16315	1.16328	6129	0	8
2025.11.14	08:00:00	1.16329	1.16367	1.16083	1.16192	10938	0	8
2025.11.14	12:00:00	1.16194	1.16532	1.16058	1.16128	15270	0	8
2025.11.14	16:00:00	1.16128	1.16223	1.16074	1.16175	7379	0	8
2025.11.14	20:00:00	1.16175	1.16232	1.16157	1.16202	2136	0	8
2025.11.16	20:00:00	1.16184	1.16243	1.16113	1.16144	1571	0	8
2025.11.17	00:00:00	1.16145	1.16145	1.15962	1.15981	4778	0	8
2025.11.17	04:00:00	1.15981	1.16145	1.15948	1.16129	4267	0	8
2025.11.17	08:00:00	1.16131	1.16148	1.15944	1.16010	7552	0	8
2025.11.17	12:00:00	1.16009	1.16043	1.15815	1.15971	9292	0	8
2025.11.17	16:00:00	1.15970	1.16015	1.15829	1.15835	6762	0	8
2025.11.17	20:00:00	1.15837	1.15938	1.15821	1.15897	3235	0	8
2025.11.18	00:00:00	1.15897	1.15956	1.15843	1.15920	3718	0	8
2025.11.18	04:00:00	1.15919	1.16034	1.15884	1.15907	6005	0	8
2025.11.18	08:00:00	1.15906	1.16060	1.15792	1.15842	8263	0	8
2025.11.18	12:00:00	1.15844	1.16076	1.15814	1.15817	11041	0	8
2025.11.18	16:00:00	1.15819	1.15867	1.15711	1.15851	7955	0	8
2025.11.18	20:00:00	1.15850	1.15865	1.15757	1.15799	3038	0	8
2025.11.19	00:00:00	1.15799	1.15845	1.15722	1.15835	4627	0	8
2025.11.19	04:00:00	1.15834	1.15969	1.15770	1.15812	5592	0	8
2025.11.19	08:00:00	1.15814	1.15888	1.15654	1.15859	10228	0	8
2025.11.19	12:00:00	1.15859	1.15905	1.15400	1.15464	10970	0	8
2025.11.19	16:00:00	1.15462	1.15473	1.15173	1.15209	9625	0	8
2025.11.19	20:00:00	1.15208	1.15416	1.15197	1.15391	3853	0	8
2025.11.20	00:00:00	1.15391	1.15391	1.15096	1.15139	5903	0	8
2025.11.20	04:00:00	1.15138	1.15229	1.15126	1.15192	5634	0	8
2025.11.20	08:00:00	1.15191	1.15291	1.15113	1.15140	7751	0	8
2025.11.20	12:00:00	1.15139	1.15499	1.15008	1.15271	17621	0	8
2025.11.20	16:00:00	1.15271	1.15408	1.15243	1.15377	9147	0	8
2025.11.20	20:00:00	1.15379	1.15383	1.15231	1.15332	3586	0	8
2025.11.21	00:00:00	1.15332	1.15385	1.15281	1.15359	4588	0	8
2025.11.21	04:00:00	1.15360	1.15474	1.15343	1.15412	6075	0	8
2025.11.21	08:00:00	1.15411	1.15522	1.15041	1.15057	11337	0	8
2025.11.21	12:00:00	1.15055	1.15267	1.14963	1.15027	15823	0	8
2025.11.21	16:00:00	1.15026	1.15173	1.14907	1.15127	8719	0	8
2025.11.21	20:00:00	1.15128	1.15205	1.15087	1.15139	2401	0	8
2025.11.23	20:00:00	1.15122	1.15145	1.15051	1.15070	1438	0	8
2025.11.24	00:00:00	1.15070	1.15187	1.15016	1.15157	3752	0	8
2025.11.24	04:00:00	1.15156	1.15278	1.15108	1.15114	4891	0	8
2025.11.24	08:00:00	1.15116	1.15466	1.15094	1.15448	8862	0	8
2025.11.24	12:00:00	1.15448	1.15500	1.15166	1.15288	10322	0	8
2025.11.24	16:00:00	1.15287	1.15306	1.15113	1.15273	6211	0	8
2025.11.24	20:00:00	1.15276	1.15280	1.15182	1.15201	2794	0	8
2025.11.25	00:00:00	1.15201	1.15299	1.15168	1.15176	4270	0	8
2025.11.25	04:00:00	1.15176	1.15299	1.15113	1.15225	4944	0	8
2025.11.25	08:00:00	1.15226	1.15406	1.15204	1.15266	7848	0	8
2025.11.25	12:00:00	1.15265	1.15837	1.15249	1.15621	16187	0	8
2025.11.25	16:00:00	1.15623	1.15855	1.15501	1.15834	11603	0	8
2025.11.25	20:00:00	1.15833	1.15841	1.15579	1.15643	4050	0	8
2025.11.26	00:00:00	1.15644	1.15913	1.15631	1.15901	7239	0	8
2025.11.26	04:00:00	1.15902	1.15955	1.15748	1.15791	6391	0	8
2025.11.26	08:00:00	1.15792	1.15806	1.15655	1.15739	9611	0	8
2025.11.26	12:00:00	1.15736	1.15945	1.15466	1.15890	18436	0	8
2025.11.26	16:00:00	1.15892	1.16005	1.15848	1.15932	7778	0	8
2025.11.26	20:00:00	1.15931	1.16017	1.15917	1.16016	3069	0	8
2025.11.27	00:00:00	1.16016	1.16129	1.15996	1.16017	5479	0	8
2025.11.27	04:00:00	1.16017	1.16059	1.15854	1.15911	5210	0	8
2025.11.27	08:00:00	1.15914	1.15953	1.15762	1.15859	7123	0	8
2025.11.27	12:00:00	1.15861	1.15992	1.15817	1.15938	6542	0	8
2025.11.27	16:00:00	1.15940	1.16011	1.15909	1.15949	2872	0	8
2025.11.27	20:00:00	1.15949	1.16011	1.15925	1.15992	1590	0	8
2025.11.28	00:00:00	1.15992	1.16016	1.15805	1.15869	11088	0	8
2025.11.28	04:00:00	1.15871	1.15929	1.15751	1.15792	13252	0	8
2025.11.28	08:00:00	1.15795	1.15816	1.15544	1.15672	13801	0	8
2025.11.28	12:00:00	1.15671	1.16062	1.15607	1.16057	9360	0	16
2025.11.28	16:00:00	1.16059	1.16059	1.15919	1.16003	5320	0	24
2025.11.28	20:00:00	1.16003	1.16028	1.15943	1.15946	1190	0	32
2025.11.30	20:00:00	1.15907	1.16076	1.15893	1.16004	1908	0	8
2025.12.01	00:00:00	1.16006	1.16153	1.15892	1.15967	7026	0	8
2025.12.01	04:00:00	1.15967	1.16124	1.15902	1.16067	6026	0	8
2025.12.01	08:00:00	1.16065	1.16318	1.16039	1.16274	9354	0	8
2025.12.01	12:00:00	1.16276	1.16518	1.16224	1.16283	11726	0	8
2025.12.01	16:00:00	1.16283	1.16338	1.16069	1.16084	6603	0	8
2025.12.01	20:00:00	1.16082	1.16106	1.16055	1.16065	2235	0	8
2025.12.02	00:00:00	1.16067	1.16125	1.16035	1.16119	3251	0	8
2025.12.02	04:00:00	1.16119	1.16160	1.16046	1.16125	3826	0	8
2025.12.02	08:00:00	1.16124	1.16160	1.15980	1.16112	7073	0	8
2025.12.02	12:00:00	1.16112	1.16228	1.15929	1.16055	9562	0	8
2025.12.02	16:00:00	1.16057	1.16246	1.15910	1.16202	7264	0	8
2025.12.02	20:00:00	1.16204	1.16287	1.16178	1.16278	3078	0	8
2025.12.03	00:00:00	1.16278	1.16386	1.16274	1.16373	3266	0	8
2025.12.03	04:00:00	1.16372	1.16524	1.16356	1.16409	4206	0	8
2025.12.03	08:00:00	1.16409	1.16656	1.16356	1.16650	7363	0	8
2025.12.03	12:00:00	1.16650	1.16749	1.16542	1.16593	11509	0	8
2025.12.03	16:00:00	1.16593	1.16775	1.16573	1.16722	6512	0	8
2025.12.03	20:00:00	1.16720	1.16727	1.16633	1.16659	2649	0	8
2025.12.04	00:00:00	1.16659	1.16671	1.16530	1.16556	3754	0	8
2025.12.04	04:00:00	1.16556	1.16649	1.16528	1.16649	4290	0	8
2025.12.04	08:00:00	1.16650	1.16815	1.16630	1.16799	7771	0	8
2025.12.04	12:00:00	1.16799	1.16805	1.16519	1.16728	10473	0	8
2025.12.04	16:00:00	1.16729	1.16731	1.16499	1.16524	5861	0	8
2025.12.04	20:00:00	1.16521	1.16521	1.16405	1.16431	2952	0	8
2025.12.05	00:00:00	1.16432	1.16539	1.16431	1.16487	3133	0	8
2025.12.05	04:00:00	1.16487	1.16714	1.16484	1.16628	4645	0	8
2025.12.05	08:00:00	1.16629	1.16639	1.16412	1.16461	6992	0	8
2025.12.05	12:00:00	1.16462	1.16598	1.16431	1.16479	10302	0	8
2025.12.05	16:00:00	1.16480	1.16488	1.16278	1.16425	7114	0	8
2025.12.05	20:00:00	1.16423	1.16466	1.16394	1.16427	1795	0	8
2025.12.07	20:00:00	1.16383	1.16461	1.16343	1.16399	1519	0	8
2025.12.08	00:00:00	1.16401	1.16550	1.16391	1.16498	4640	0	8
2025.12.08	04:00:00	1.16498	1.16716	1.16493	1.16577	5227	0	8
2025.12.08	08:00:00	1.16579	1.16621	1.16464	1.16502	7048	0	8
2025.12.08	12:00:00	1.16500	1.16570	1.16166	1.16248	9810	0	8
2025.12.08	16:00:00	1.16249	1.16417	1.16160	1.16389	7170	0	8
2025.12.08	20:00:00	1.16391	1.16415	1.16335	1.16404	2467	0	8
2025.12.09	00:00:00	1.16404	1.16486	1.16358	1.16451	3670	0	8
2025.12.09	04:00:00	1.16451	1.16499	1.16379	1.16395	4441	0	8
2025.12.09	08:00:00	1.16397	1.16570	1.16334	1.16432	7634	0	8
2025.12.09	12:00:00	1.16432	1.16441	1.16148	1.16285	12141	0	8
2025.12.09	16:00:00	1.16286	1.16409	1.16166	1.16281	6744	0	8
2025.12.09	20:00:00	1.16282	1.16318	1.16233	1.16278	2654	0	8
2025.12.10	00:00:00	1.16278	1.16287	1.16212	1.16260	3802	0	8
2025.12.10	04:00:00	1.16262	1.16491	1.16247	1.16476	4121	0	8
2025.12.10	08:00:00	1.16477	1.16573	1.16273	1.16346	8399	0	8
2025.12.10	12:00:00	1.16348	1.16509	1.16272	1.16415	10162	0	8
2025.12.10	16:00:00	1.16412	1.16808	1.16369	1.16778	20649	0	8
2025.12.10	20:00:00	1.16776	1.17023	1.16733	1.17011	8827	0	8
2025.12.11	00:00:00	1.17011	1.17071	1.16899	1.16905	6042	0	8
2025.12.11	04:00:00	1.16905	1.17007	1.16819	1.16933	5322	0	8
2025.12.11	08:00:00	1.16933	1.17175	1.16870	1.17125	8553	0	8
2025.12.11	12:00:00	1.17124	1.17568	1.17095	1.17557	12340	0	8
2025.12.11	16:00:00	1.17557	1.17626	1.17401	1.17408	8285	0	8
2025.12.11	20:00:00	1.17408	1.17454	1.17354	1.17404	3403	0	8
2025.12.12	00:00:00	1.17406	1.17459	1.17310	1.17339	4703	0	8
2025.12.12	04:00:00	1.17339	1.17430	1.17310	1.17376	4782	0	8
2025.12.12	08:00:00	1.17377	1.17420	1.17220	1.17265	7517	0	8
2025.12.12	12:00:00	1.17265	1.17446	1.17192	1.17378	10207	0	8
2025.12.12	16:00:00	1.17377	1.17494	1.17260	1.17400	7322	0	8
2025.12.12	20:00:00	1.17399	1.17462	1.17367	1.17396	2646	0	8
2025.12.14	20:00:00	1.17378	1.17402	1.17322	1.17365	1257	0	8
2025.12.15	00:00:00	1.17368	1.17445	1.17281	1.17340	5397	0	8
2025.12.15	04:00:00	1.17340	1.17377	1.17275	1.17281	5147	0	8
2025.12.15	08:00:00	1.17280	1.17498	1.17259	1.17484	7082	0	8
2025.12.15	12:00:00	1.17484	1.17685	1.17437	1.17625	10722	0	8
2025.12.15	16:00:00	1.17626	1.17642	1.17381	1.17483	6863	0	8
2025.12.15	20:00:00	1.17482	1.17554	1.17471	1.17530	2805	0	8
2025.12.16	00:00:00	1.17530	1.17588	1.17463	1.17515	4843	0	8
2025.12.16	04:00:00	1.17515	1.17540	1.17440	1.17518	4606	0	8
2025.12.16	08:00:00	1.17519	1.17636	1.17463	1.17627	8249	0	8
2025.12.16	12:00:00	1.17629	1.18038	1.17567	1.17698	18702	0	8
2025.12.16	16:00:00	1.17700	1.17775	1.17342	1.17573	10330	0	8
2025.12.16	20:00:00	1.17571	1.17625	1.17442	1.17489	3662	0	8
2025.12.17	00:00:00	1.17490	1.17519	1.17366	1.17387	4581	0	8
2025.12.17	04:00:00	1.17387	1.17393	1.17029	1.17126	7601	0	8
2025.12.17	08:00:00	1.17126	1.17269	1.17056	1.17090	8871	0	8
2025.12.17	12:00:00	1.17090	1.17577	1.17080	1.17526	12022	0	8
2025.12.17	16:00:00	1.17524	1.17560	1.17412	1.17446	7733	0	8
2025.12.17	20:00:00	1.17445	1.17460	1.17370	1.17414	2605	0	8
2025.12.18	00:00:00	1.17414	1.17455	1.17348	1.17389	4528	0	8
2025.12.18	04:00:00	1.17389	1.17493	1.17333	1.17334	4979	0	8
2025.12.18	08:00:00	1.17332	1.17368	1.17169	1.17201	7835	0	8
2025.12.18	12:00:00	1.17200	1.17625	1.17118	1.17269	20734	0	8
2025.12.18	16:00:00	1.17268	1.17456	1.17147	1.17246	9031	0	8
2025.12.18	20:00:00	1.17245	1.17273	1.17177	1.17244	3128	0	8
2025.12.19	00:00:00	1.17243	1.17283	1.17180	1.17209	4491	0	8
2025.12.19	04:00:00	1.17209	1.17223	1.17030	1.17076	5847	0	8
2025.12.19	08:00:00	1.17075	1.17175	1.17059	1.17109	8358	0	8
2025.12.19	12:00:00	1.17107	1.17374	1.17018	1.17092	11054	0	8
2025.12.19	16:00:00	1.17095	1.17268	1.17081	1.17232	6715	0	8
2025.12.19	20:00:00	1.17231	1.17252	1.17055	1.17087	2384	0	8
2025.12.21	20:00:00	1.17073	1.17149	1.17059	1.17097	1884	0	8
2025.12.22	00:00:00	1.17095	1.17190	1.17092	1.17170	5017	0	8
2025.12.22	04:00:00	1.17170	1.17307	1.17127	1.17285	4291	0	8
2025.12.22	08:00:00	1.17283	1.17380	1.17228	1.17331	7208	0	8
2025.12.22	12:00:00	1.17331	1.17691	1.17328	1.17634	9897	0	8
2025.12.22	16:00:00	1.17634	1.17642	1.17480	1.17549	6043	0	8
2025.12.22	20:00:00	1.17550	1.17652	1.17517	1.17632	3172	0	8
2025.12.23	00:00:00	1.17632	1.17802	1.17624	1.17760	4566	0	8
2025.12.23	04:00:00	1.17760	1.17811	1.17683	1.17784	5422	0	8
2025.12.23	08:00:00	1.17782	1.18000	1.17750	1.17952	8287	0	8
2025.12.23	12:00:00	1.17953	1.18016	1.17636	1.17738	11758	0	8
2025.12.23	16:00:00	1.17737	1.17910	1.17687	1.17896	6279	0	8
2025.12.23	20:00:00	1.17895	1.17966	1.17866	1.17942	2916	0	8
2025.12.24	00:00:00	1.17942	1.18076	1.17867	1.17872	4949	0	8
2025.12.24	04:00:00	1.17872	1.18036	1.17856	1.17888	5133	0	8
2025.12.24	08:00:00	1.17891	1.18006	1.17794	1.17924	7213	0	8
2025.12.24	12:00:00	1.17925	1.17929	1.17750	1.17779	8600	0	8
2025.12.24	16:00:00	1.17778	1.17828	1.17709	1.17765	4243	0	8
2025.12.24	20:00:00	1.17765	1.17774	1.17735	1.17748	990	0	80
2025.12.25	20:00:00	1.17781	1.17847	1.17757	1.17832	2710	0	8
2025.12.26	00:00:00	1.17833	1.17931	1.17764	1.17839	6474	0	8
2025.12.26	04:00:00	1.17839	1.17877	1.17696	1.17725	5997	0	8
2025.12.26	08:00:00	1.17726	1.17820	1.17662	1.17770	6388	0	8
2025.12.26	12:00:00	1.17770	1.17963	1.17713	1.17769	8719	0	8
2025.12.26	16:00:00	1.17769	1.17794	1.17609	1.17761	7145	0	8
2025.12.26	20:00:00	1.17763	1.17812	1.17655	1.17711	2463	0	8
2025.12.28	20:00:00	1.17723	1.17774	1.17676	1.17724	1471	0	8
2025.12.29	00:00:00	1.17725	1.17861	1.17708	1.17732	5030	0	8
2025.12.29	04:00:00	1.17732	1.17787	1.17534	1.17765	5807	0	8
2025.12.29	08:00:00	1.17763	1.17887	1.17575	1.17656	9756	0	8
2025.12.29	12:00:00	1.17654	1.17884	1.17553	1.17675	11686	0	8
2025.12.29	16:00:00	1.17672	1.17678	1.17489	1.17668	7630	0	8
2025.12.29	20:00:00	1.17667	1.17745	1.17640	1.17721	3069	0	8
2025.12.30	00:00:00	1.17721	1.17761	1.17694	1.17723	3635	0	8
2025.12.30	04:00:00	1.17723	1.17794	1.17659	1.17701	4297	0	8
2025.12.30	08:00:00	1.17702	1.17775	1.17637	1.17665	7030	0	8
2025.12.30	12:00:00	1.17665	1.17677	1.17449	1.17593	10269	0	8
2025.12.30	16:00:00	1.17592	1.17662	1.17449	1.17465	6289	0	8
2025.12.30	20:00:00	1.17465	1.17499	1.17430	1.17453	2566	0	8
2025.12.31	00:00:00	1.17453	1.17487	1.17386	1.17424	3554	0	8
2025.12.31	04:00:00	1.17424	1.17424	1.17294	1.17367	4125	0	8
2025.12.31	08:00:00	1.17367	1.17474	1.17197	1.17467	7664	0	8
2025.12.31	12:00:00	1.17468	1.17589	1.17200	1.17436	11512	0	8
2025.12.31	16:00:00	1.17438	1.17484	1.17283	1.17399	7832	0	8
2025.12.31	20:00:00	1.17398	1.17520	1.17389	1.17455	1650	0	8
2026.01.01	20:00:00	1.17440	1.17504	1.17440	1.17504	1156	0	8
2026.01.02	00:00:00	1.17504	1.17646	1.17495	1.17639	3530	0	8
2026.01.02	04:00:00	1.17640	1.17645	1.17319	1.17344	4469	0	8
2026.01.02	08:00:00	1.17345	1.17379	1.17129	1.17215	9285	0	8
2026.01.02	12:00:00	1.17213	1.17517	1.17155	1.17503	10320	0	8
2026.01.02	16:00:00	1.17501	1.17541	1.17139	1.17227	8064	0	8
2026.01.02	20:00:00	1.17229	1.17234	1.17148	1.17196	2450	0	8
2026.01.04	20:00:00	1.17224	1.17239	1.16985	1.17048	2112	0	8
2026.01.05	00:00:00	1.17050	1.17107	1.16719	1.16747	7820	0	8
2026.01.05	04:00:00	1.16748	1.16918	1.16728	1.16861	5884	0	8
2026.01.05	08:00:00	1.16859	1.16944	1.16733	1.16814	9423	0	8
2026.01.05	12:00:00	1.16812	1.17041	1.16587	1.17041	12730	0	8
2026.01.05	16:00:00	1.17042	1.17285	1.17036	1.17267	8469	0	8
2026.01.05	20:00:00	1.17264	1.17284	1.17125	1.17142	2750	0	8
2026.01.06	00:00:00	1.17142	1.17378	1.17104	1.17342	5250	0	8
2026.01.06	04:00:00	1.17344	1.17425	1.17257	1.17289	5162	0	8
2026.01.06	08:00:00	1.17287	1.17386	1.17046	1.17059	9298	0	8
2026.01.06	12:00:00	1.17058	1.17172	1.16836	1.16949	12239	0	8
2026.01.06	16:00:00	1.16948	1.17018	1.16835	1.16893	8139	0	8
2026.01.06	20:00:00	1.16892	1.16928	1.16839	1.16869	2934	0	8
2026.01.07	00:00:00	1.16870	1.17023	1.16848	1.16981	4777	0	8
2026.01.07	04:00:00	1.16981	1.17018	1.16784	1.16823	5465	0	8
2026.01.07	08:00:00	1.16822	1.16935	1.16726	1.16889	7776	0	8
2026.01.07	12:00:00	1.16889	1.16983	1.16794	1.16896	12407	0	8
2026.01.07	16:00:00	1.16896	1.16944	1.16783	1.16822	6941	0	8
2026.01.07	20:00:00	1.16824	1.16836	1.16727	1.16766	2393	0	8
2026.01.08	00:00:00	1.16766	1.16824	1.16723	1.16796	3762	0	8
2026.01.08	04:00:00	1.16796	1.16827	1.16745	1.16775	5102	0	8
2026.01.08	08:00:00	1.16777	1.16816	1.16684	1.16773	6617	0	8
2026.01.08	12:00:00	1.16773	1.16775	1.16558	1.16662	9596	0	8
2026.01.08	16:00:00	1.16663	1.16674	1.16424	1.16497	6823	0	8
2026.01.08	20:00:00	1.16497	1.16621	1.16494	1.16575	3140	0	8
2026.01.09	00:00:00	1.16577	1.16587	1.16457	1.16559	4299	0	8
2026.01.09	04:00:00	1.16560	1.16565	1.16396	1.16502	4616	0	8
2026.01.09	08:00:00	1.16505	1.16525	1.16366	1.16457	6683	0	8
2026.01.09	12:00:00	1.16458	1.16603	1.16178	1.16402	18676	0	8
2026.01.09	16:00:00	1.16403	1.16429	1.16273	1.16344	7135	0	8
2026.01.09	20:00:00	1.16344	1.16375	1.16291	1.16328	1636	0	8
2026.01.11	20:00:00	1.16318	1.16346	1.16228	1.16236	1079	0	8
2026.01.12	00:00:00	1.16234	1.16709	1.16213	1.16550	8885	0	8
2026.01.12	04:00:00	1.16548	1.16873	1.16527	1.16844	6660	0	8
2026.01.12	08:00:00	1.16842	1.16954	1.16753	1.16782	9011	0	8
2026.01.12	12:00:00	1.16780	1.16982	1.16724	1.16807	11273	0	8
2026.01.12	16:00:00	1.16807	1.16818	1.16648	1.16717	6442	0	8
2026.01.12	20:00:00	1.16718	1.16727	1.16625	1.16672	3125	0	8
2026.01.13	00:00:00	1.16672	1.16672	1.16561	1.16584	4183	0	8
2026.01.13	04:00:00	1.16584	1.16671	1.16535	1.16636	5217	0	8
2026.01.13	08:00:00	1.16634	1.16742	1.16581	1.16683	6469	0	8
2026.01.13	12:00:00	1.16683	1.16771	1.16439	1.16518	13998	0	8
2026.01.13	16:00:00	1.16518	1.16541	1.16341	1.16489	7196	0	8
2026.01.13	20:00:00	1.16490	1.16496	1.16400	1.16418	2820	0	8
2026.01.14	00:00:00	1.16418	1.16485	1.16357	1.16466	3881	0	8
2026.01.14	04:00:00	1.16467	1.16515	1.16411	1.16456	3651	0	8
2026.01.14	08:00:00	1.16457	1.16576	1.16405	1.16468	7646	0	8
2026.01.14	12:00:00	1.16468	1.16604	1.16445	1.16592	11600	0	8
2026.01.14	16:00:00	1.16593	1.16613	1.16348	1.16361	6803	0	8
2026.01.14	20:00:00	1.16359	1.16469	1.16359	1.16446	3621	0	8
2026.01.15	00:00:00	1.16447	1.16453	1.16327	1.16386	4935	0	8
2026.01.15	04:00:00	1.16387	1.16390	1.16257	1.16285	4757	0	8
2026.01.15	08:00:00	1.16283	1.16405	1.16266	1.16306	6970	0	8
2026.01.15	12:00:00	1.16304	1.16347	1.15928	1.16021	11485	0	8
2026.01.15	16:00:00	1.16021	1.16169	1.15980	1.16134	6567	0	8
2026.01.15	20:00:00	1.16134	1.16151	1.16025	1.16089	2908	0	8
2026.01.16	00:00:00	1.16086	1.16138	1.16021	1.16117	4191	0	8
2026.01.16	04:00:00	1.16117	1.16143	1.16039	1.16118	4016	0	8
2026.01.16	08:00:00	1.16120	1.16229	1.16076	1.16188	6291	0	8
2026.01.16	12:00:00	1.16188	1.16271	1.15841	1.15934	12649	0	8
2026.01.16	16:00:00	1.15935	1.16055	1.15891	1.15960	7859	0	8
2026.01.16	20:00:00	1.15962	1.16019	1.15952	1.15983	1712	0	8
2026.01.18	20:00:00	1.15770	1.16268	1.15748	1.16239	4229	0	8
2026.01.19	00:00:00	1.16238	1.16376	1.16044	1.16242	9599	0	8
2026.01.19	04:00:00	1.16242	1.16410	1.16227	1.16258	6461	0	8
2026.01.19	08:00:00	1.16259	1.16294	1.16108	1.16276	7790	0	8
2026.01.19	12:00:00	1.16276	1.16431	1.16247	1.16394	7487	0	8
2026.01.19	16:00:00	1.16394	1.16485	1.16372	1.16428	3542	0	8
2026.01.19	20:00:00	1.16428	1.16463	1.16381	1.16390	1785	0	8
2026.01.20	00:00:00	1.16392	1.16584	1.16323	1.16560	4923	0	8
2026.01.20	04:00:00	1.16560	1.16934	1.16556	1.16885	7318	0	8
2026.01.20	08:00:00	1.16887	1.17387	1.16867	1.17344	14796	0	8
2026.01.20	12:00:00	1.17342	1.17692	1.17150	1.17268	20514	0	8
2026.01.20	16:00:00	1.17267	1.17422	1.17111	1.17118	9299	0	8
2026.01.20	20:00:00	1.17118	1.17284	1.17105	1.17269	3971	0	8
2026.01.21	00:00:00	1.17267	1.17339	1.17099	1.17184	5917	0	8
2026.01.21	04:00:00	1.17184	1.17252	1.17096	1.17165	6114	0	8
2026.01.21	08:00:00	1.17167	1.17200	1.17009	1.17138	8675	0	8
2026.01.21	12:00:00	1.17139	1.17428	1.17003	1.17016	16916	0	8
2026.01.21	16:00:00	1.17016	1.17111	1.16768	1.16910	13959	0	8
2026.01.21	20:00:00	1.16912	1.16916	1.16694	1.16727	4708	0	8
2026.01.22	00:00:00	1.16726	1.16932	1.16724	1.16887	5495	0	8
2026.01.22	04:00:00	1.16886	1.16969	1.16839	1.16903	5524	0	8
2026.01.22	08:00:00	1.16902	1.17037	1.16837	1.17017	9128	0	8
2026.01.22	12:00:00	1.17016	1.17336	1.16997	1.17336	11989	0	8
2026.01.22	16:00:00	1.17336	1.17501	1.17263	1.17436	8563	0	8
2026.01.22	20:00:00	1.17436	1.17590	1.17415	1.17535	3371	0	8
2026.01.23	00:00:00	1.17535	1.17536	1.17432	1.17435	4886	0	8
2026.01.23	04:00:00	1.17435	1.17536	1.17348	1.17358	7206	0	8
2026.01.23	08:00:00	1.17357	1.17448	1.17279	1.17371	9073	0	8
2026.01.23	12:00:00	1.17372	1.17609	1.17315	1.17575	8623	0	8
2026.01.23	16:00:00	1.17575	1.18147	1.17461	1.18113	15200	0	8
2026.01.23	20:00:00	1.18113	1.18332	1.18094	1.18275	5072	0	8
2026.01.25	20:00:00	1.18601	1.18973	1.18468	1.18597	5879	0	8
2026.01.26	00:00:00	1.18600	1.18761	1.18442	1.18621	15000	0	8
2026.01.26	04:00:00	1.18622	1.18695	1.18364	1.18385	10867	0	8
2026.01.26	08:00:00	1.18387	1.18670	1.18379	1.18556	13310	0	8
2026.01.26	12:00:00	1.18554	1.18967	1.18346	1.18948	13130	0	8
2026.01.26	16:00:00	1.18949	1.19066	1.18702	1.18787	12379	0	8
2026.01.26	20:00:00	1.18789	1.18859	1.18710	1.18733	4469	0	8
2026.01.27	00:00:00	1.18733	1.18990	1.18722	1.18794	7028	0	8
2026.01.27	04:00:00	1.18795	1.18822	1.18608	1.18636	6987	0	8
2026.01.27	08:00:00	1.18638	1.18967	1.18499	1.18949	12038	0	8
2026.01.27	12:00:00	1.18948	1.19721	1.18937	1.19506	25002	0	8
2026.01.27	16:00:00	1.19504	1.19898	1.19493	1.19767	16144	0	8
2026.01.27	20:00:00	1.19766	1.20829	1.19715	1.20227	27831	0	8
2026.01.28	00:00:00	1.20226	1.20234	1.19869	1.19964	11357	0	8
2026.01.28	04:00:00	1.19964	1.20254	1.19745	1.19912	13243	0	8
2026.01.28	08:00:00	1.19914	1.20046	1.19615	1.19679	17627	0	8
2026.01.28	12:00:00	1.19678	1.19831	1.19228	1.19432	27943	0	8
2026.01.28	16:00:00	1.19430	1.19522	1.18957	1.19401	23760	0	8
2026.01.28	20:00:00	1.19402	1.19797	1.19290	1.19793	9032	0	8
2026.01.29	00:00:00	1.19806	1.19866	1.19529	1.19860	11347	0	8
2026.01.29	04:00:00	1.19861	1.19962	1.19670	1.19737	10435	0	8
2026.01.29	08:00:00	1.19738	1.19853	1.19376	1.19467	15147	0	8
2026.01.29	12:00:00	1.19467	1.19721	1.19057	1.19291	30991	0	8
2026.01.29	16:00:00	1.19288	1.19646	1.19269	1.19510	20240	0	8
2026.01.29	20:00:00	1.19508	1.19743	1.19454	1.19672	5369	0	8
2026.01.30	00:00:00	1.19671	1.19729	1.18942	1.19196	23139	0	8
2026.01.30	04:00:00	1.19197	1.19424	1.19136	1.19373	13998	0	8
2026.01.30	08:00:00	1.19374	1.19504	1.18980	1.19487	17764	0	8
2026.01.30	12:00:00	1.19485	1.19544	1.18826	1.18949	26363	0	8
2026.01.30	16:00:00	1.18951	1.18973	1.18543	1.18689	24092	0	8
2026.01.30	20:00:00	1.18691	1.18691	1.18495	1.18495	5259	0	8
2026.02.01	20:00:00	1.18448	1.18561	1.18392	1.18455	4430	0	8
2026.02.02	00:00:00	1.18458	1.18745	1.18458	1.18639	16892	0	8
2026.02.02	04:00:00	1.18640	1.18722	1.18407	1.18533	14498	0	8
2026.02.02	08:00:00	1.18534	1.18711	1.18432	1.18643	16340	0	8
2026.02.02	12:00:00	1.18641	1.18696	1.17898	1.17919	22175	0	8
2026.02.02	16:00:00	1.17920	1.18122	1.17754	1.17883	14789	0	8
2026.02.02	20:00:00	1.17883	1.17985	1.17800	1.17983	4776	0	8
2026.02.03	00:00:00	1.17984	1.18145	1.17977	1.18091	6857	0	8
2026.02.03	04:00:00	1.18091	1.18240	1.18048	1.18150	7355	0	8
2026.02.03	08:00:00	1.18149	1.18191	1.17823	1.17867	11219	0	8
2026.02.03	12:00:00	1.17870	1.18133	1.17797	1.18126	13972	0	8
2026.02.03	16:00:00	1.18126	1.18286	1.18055	1.18130	12252	0	8
2026.02.03	20:00:00	1.18132	1.18249	1.18091	1.18154	4021	0	8
2026.02.04	00:00:00	1.18152	1.18315	1.18084	1.18266	6680	0	8
2026.02.04	04:00:00	1.18266	1.18360	1.18237	1.18317	6035	0	8
2026.02.04	08:00:00	1.18315	1.18377	1.18044	1.18101	10108	0	8
2026.02.04	12:00:00	1.18099	1.18266	1.17930	1.17960	15738	0	8
2026.02.04	16:00:00	1.17962	1.18145	1.17901	1.18087	12905	0	8
2026.02.04	20:00:00	1.18084	1.18094	1.18001	1.18010	3348	0	8
2026.02.05	00:00:00	1.18012	1.18078	1.17825	1.17890	7122	0	8
2026.02.05	04:00:00	1.17891	1.18032	1.17840	1.17983	6189	0	8
2026.02.05	08:00:00	1.17985	1.18086	1.17799	1.17933	9520	0	8
2026.02.05	12:00:00	1.17933	1.18214	1.17816	1.17910	24293	0	8
2026.02.05	16:00:00	1.17908	1.18039	1.17848	1.17939	9764	0	8
2026.02.05	20:00:00	1.17939	1.17944	1.17745	1.17762	4797	0	8
2026.02.06	00:00:00	1.17762	1.17912	1.17655	1.17873	6547	0	8
2026.02.06	04:00:00	1.17875	1.18014	1.17868	1.17912	5461	0	8
2026.02.06	08:00:00	1.17912	1.17994	1.17853	1.17899	8476	0	8
2026.02.06	12:00:00	1.17899	1.18259	1.17880	1.18190	10366	0	8
2026.02.06	16:00:00	1.18191	1.18225	1.18095	1.18188	6895	0	8
2026.02.06	20:00:00	1.18188	1.18235	1.18132	1.18150	1886	0	8
2026.02.08	20:00:00	1.18116	1.18275	1.18092	1.18264	2526	0	8
2026.02.09	00:00:00	1.18264	1.18333	1.18158	1.18185	7283	0	8
2026.02.09	04:00:00	1.18187	1.18595	1.18185	1.18553	8637	0	8
2026.02.09	08:00:00	1.18554	1.18717	1.18512	1.18691	10466	0	8
2026.02.09	12:00:00	1.18690	1.19263	1.18690	1.19118	14926	0	8
2026.02.09	16:00:00	1.19117	1.19218	1.18927	1.19198	8250	0	8
2026.02.09	20:00:00	1.19197	1.19209	1.19010	1.19034	3705	0	8
2026.02.10	00:00:00	1.19034	1.19166	1.18964	1.19112	5556	0	8
2026.02.10	04:00:00	1.19113	1.19129	1.18990	1.19082	5615	0	8
2026.02.10	08:00:00	1.19080	1.19196	1.18993	1.19037	7607	0	8
2026.02.10	12:00:00	1.19039	1.19284	1.18881	1.19135	16013	0	8
2026.02.10	16:00:00	1.19136	1.19146	1.18864	1.19019	8550	0	8
2026.02.10	20:00:00	1.19017	1.19030	1.18863	1.18876	3154	0	8
2026.02.11	00:00:00	1.18876	1.19133	1.18858	1.19111	5494	0	8
2026.02.11	04:00:00	1.19109	1.19254	1.19065	1.19176	6019	0	8
2026.02.11	08:00:00	1.19175	1.19269	1.19045	1.19079	7417	0	8
2026.02.11	12:00:00	1.19080	1.19088	1.18327	1.18589	28096	0	8
2026.02.11	16:00:00	1.18588	1.18931	1.18529	1.18794	10536	0	8
2026.02.11	20:00:00	1.18794	1.18806	1.18684	1.18744	3543	0	8
2026.02.12	00:00:00	1.18744	1.18842	1.18649	1.18691	6404	0	8
2026.02.12	04:00:00	1.18690	1.18748	1.18521	1.18727	7432	0	8
2026.02.12	08:00:00	1.18729	1.18876	1.18708	1.18840	7518	0	8
2026.02.12	12:00:00	1.18841	1.18882	1.18667	1.18854	11773	0	8
2026.02.12	16:00:00	1.18855	1.18897	1.18558	1.18696	15267	0	8
2026.02.12	20:00:00	1.18693	1.18723	1.18632	1.18690	3289	0	8
2026.02.13	00:00:00	1.18689	1.18731	1.18624	1.18664	4932	0	8
2026.02.13	04:00:00	1.18664	1.18675	1.18467	1.18583	6163	0	8
2026.02.13	08:00:00	1.18581	1.18661	1.18525	1.18581	6905	0	8
2026.02.13	12:00:00	1.18583	1.18844	1.18473	1.18479	15789	0	8
2026.02.13	16:00:00	1.18480	1.18824	1.18480	1.18661	7842	0	8
2026.02.13	20:00:00	1.18662	1.18762	1.18641	1.18684	2325	0	8
2026.02.15	20:00:00	1.18696	1.18716	1.18624	1.18664	1393	0	8
2026.02.16	00:00:00	1.18664	1.18687	1.18587	1.18667	4534	0	8
2026.02.16	04:00:00	1.18669	1.18698	1.18600	1.18624	3387	0	8
2026.02.16	08:00:00	1.18626	1.18701	1.18564	1.18610	6193	0	8
2026.02.16	12:00:00	1.18611	1.18632	1.18489	1.18538	5540	0	8
2026.02.16	16:00:00	1.18538	1.18561	1.18458	1.18538	2945	0	8
2026.02.16	20:00:00	1.18538	1.18547	1.18464	1.18499	1552	0	8
2026.02.17	00:00:00	1.18500	1.18518	1.18378	1.18415	4763	0	8
2026.02.17	04:00:00	1.18413	1.18454	1.18285	1.18323	5150	0	8
2026.02.17	08:00:00	1.18326	1.18494	1.18237	1.18306	6530	0	8
2026.02.17	12:00:00	1.18306	1.18354	1.18046	1.18104	12200	0	8
2026.02.17	16:00:00	1.18104	1.18530	1.18104	1.18476	8261	0	8
2026.02.17	20:00:00	1.18474	1.18571	1.18465	1.18503	2910	0	8
2026.02.18	00:00:00	1.18503	1.18532	1.18408	1.18410	3955	0	8
2026.02.18	04:00:00	1.18410	1.18462	1.18326	1.18346	3705	0	8
2026.02.18	08:00:00	1.18346	1.18405	1.18279	1.18343	6293	0	8
2026.02.18	12:00:00	1.18343	1.18482	1.18119	1.18222	10332	0	8
2026.02.18	16:00:00	1.18222	1.18258	1.17833	1.17870	9121	0	8
2026.02.18	20:00:00	1.17870	1.17899	1.17801	1.17883	3269	0	8
2026.02.19	00:00:00	1.17883	1.17952	1.17848	1.17903	4186	0	8
2026.02.19	04:00:00	1.17905	1.18031	1.17844	1.18002	4498	0	8
2026.02.19	08:00:00	1.18002	1.18072	1.17762	1.17806	6994	0	8
2026.02.19	12:00:00	1.17805	1.17806	1.17417	1.17629	15194	0	8
2026.02.19	16:00:00	1.17628	1.17738	1.17556	1.17634	8438	0	8
2026.02.19	20:00:00	1.17634	1.17778	1.17629	1.17680	3246	0	8
2026.02.20	00:00:00	1.17683	1.17720	1.17530	1.17567	5127	0	8
2026.02.20	04:00:00	1.17566	1.17624	1.17492	1.17511	5078	0	8
2026.02.20	08:00:00	1.17510	1.17687	1.17432	1.17668	7528	0	8
2026.02.20	12:00:00	1.17668	1.18070	1.17551	1.17878	22237	0	8
2026.02.20	16:00:00	1.17879	1.17986	1.17652	1.17803	14856	0	8
2026.02.20	20:00:00	1.17803	1.17911	1.17771	1.17805	2588	0	8
2026.02.22	20:00:00	1.17822	1.18343	1.17811	1.18328	3222	0	8
2026.02.23	00:00:00	1.18326	1.18342	1.18162	1.18227	9426	0	8
2026.02.23	04:00:00	1.18228	1.18335	1.18148	1.18229	5440	0	8
2026.02.23	08:00:00	1.18228	1.18247	1.17804	1.17857	8427	0	8
2026.02.23	12:00:00	1.17857	1.18096	1.17741	1.17943	11856	0	8
2026.02.23	16:00:00	1.17941	1.18084	1.17877	1.17912	8255	0	8
2026.02.23	20:00:00	1.17913	1.17950	1.17823	1.17925	3439	0	8
2026.02.24	00:00:00	1.17925	1.17959	1.17712	1.17749	6050	0	8
2026.02.24	04:00:00	1.17749	1.17822	1.17676	1.17788	6337	0	8
2026.02.24	08:00:00	1.17788	1.17927	1.17731	1.17802	7618	0	8
2026.02.24	12:00:00	1.17802	1.17833	1.17655	1.17725	10412	0	8
2026.02.24	16:00:00	1.17726	1.17899	1.17715	1.17786	6180	0	8
2026.02.24	20:00:00	1.17786	1.17830	1.17701	1.17738	2850	0	8
2026.02.25	00:00:00	1.17739	1.17940	1.17728	1.17890	6432	0	8
2026.02.25	04:00:00	1.17890	1.18077	1.17873	1.17968	5533	0	8
2026.02.25	08:00:00	1.17968	1.17996	1.17707	1.17748	7101	0	8
2026.02.25	12:00:00	1.17746	1.18020	1.17723	1.18008	9745	0	8
2026.02.25	16:00:00	1.18007	1.18140	1.17982	1.18050	6353	0	8
2026.02.25	20:00:00	1.18049	1.18161	1.18030	1.18147	3232	0	8
2026.02.26	00:00:00	1.18147	1.18285	1.18113	1.18168	5438	0	8
2026.02.26	04:00:00	1.18168	1.18224	1.18084	1.18152	5925	0	8
2026.02.26	08:00:00	1.18155	1.18157	1.17929	1.18001	6785	0	8
2026.02.26	12:00:00	1.18003	1.18163	1.17806	1.17985	11172	0	8
2026.02.26	16:00:00	1.17982	1.17990	1.17734	1.17962	8770	0	8
2026.02.26	20:00:00	1.17963	1.18032	1.17945	1.18026	3003	0	8
2026.02.27	00:00:00	1.18026	1.18055	1.17886	1.18033	6236	0	8
2026.02.27	04:00:00	1.18031	1.18190	1.17968	1.18146	5974	0	8
2026.02.27	08:00:00	1.18149	1.18212	1.17926	1.17997	7366	0	8
2026.02.27	12:00:00	1.17997	1.18168	1.17902	1.18067	13427	0	8
2026.02.27	16:00:00	1.18067	1.18266	1.18052	1.18188	8381	0	8
2026.02.27	20:00:00	1.18188	1.18255	1.18109	1.18139	2712	0	8
2026.03.01	20:00:00	1.17630	1.17869	1.17540	1.17591	3879	0	8
2026.03.02	00:00:00	1.17591	1.17955	1.17554	1.17883	10540	0	8
2026.03.02	04:00:00	1.17883	1.17900	1.17028	1.17159	12510	0	8
2026.03.02	08:00:00	1.17156	1.17469	1.16976	1.17329	14668	0	8
2026.03.02	12:00:00	1.17329	1.17337	1.16796	1.16799	20120	0	8
2026.03.02	16:00:00	1.16797	1.17130	1.16715	1.17107	13026	0	8
2026.03.02	20:00:00	1.17109	1.17127	1.16783	1.16945	8330	0	8
2026.03.03	00:00:00	1.16945	1.17064	1.16855	1.16898	8960	0	8
2026.03.03	04:00:00	1.16901	1.16933	1.16424	1.16432	11832	0	8
2026.03.03	08:00:00	1.16434	1.16460	1.15816	1.15971	22541	0	8
2026.03.03	12:00:00	1.15969	1.16148	1.15297	1.15725	29415	0	8
2026.03.03	16:00:00	1.15728	1.16254	1.15688	1.16123	25933	0	8
2026.03.03	20:00:00	1.16120	1.16241	1.16080	1.16102	7320	0	8
2026.03.04	00:00:00	1.16104	1.16107	1.15744	1.16082	12809	0	8
2026.03.04	04:00:00	1.16082	1.16278	1.15867	1.16154	11239	0	8
2026.03.04	08:00:00	1.16154	1.16544	1.15916	1.16349	21505	0	8
2026.03.04	12:00:00	1.16351	1.16517	1.16165	1.16399	21601	0	8
2026.03.04	16:00:00	1.16399	1.16459	1.16231	1.16392	10150	0	8
2026.03.04	20:00:00	1.16393	1.16434	1.16274	1.16345	3936	0	8
2026.03.05	00:00:00	1.16345	1.16472	1.16096	1.16128	8885	0	8
2026.03.05	04:00:00	1.16127	1.16157	1.15875	1.16045	11723	0	8
2026.03.05	08:00:00	1.16044	1.16441	1.15810	1.16111	22855	0	8
2026.03.05	12:00:00	1.16112	1.16245	1.15685	1.15828	20073	0	8
2026.03.05	16:00:00	1.15826	1.15916	1.15584	1.15727	20940	0	8
2026.03.05	20:00:00	1.15728	1.16100	1.15698	1.16060	9335	0	8
2026.03.06	00:00:00	1.16061	1.16206	1.16049	1.16196	7371	0	8
2026.03.06	04:00:00	1.16196	1.16207	1.16015	1.16141	7183	0	8
2026.03.06	08:00:00	1.16143	1.16143	1.15608	1.15622	14705	0	8
2026.03.06	12:00:00	1.15625	1.15935	1.15455	1.15791	33019	0	8
2026.03.06	16:00:00	1.15792	1.16211	1.15786	1.16011	21428	0	8
2026.03.06	20:00:00	1.16013	1.16180	1.15952	1.16164	5045	0	8
2026.03.08	20:00:00	1.15536	1.15537	1.15209	1.15240	11011	0	8
2026.03.09	00:00:00	1.15238	1.15309	1.15067	1.15164	15273	0	8
2026.03.09	04:00:00	1.15165	1.15711	1.15155	1.15632	21672	0	8
2026.03.09	08:00:00	1.15633	1.15729	1.15147	1.15608	28366	0	8
2026.03.09	12:00:00	1.15609	1.15934	1.15470	1.15912	28747	0	8
2026.03.09	16:00:00	1.15911	1.16334	1.15750	1.16088	22496	0	8
2026.03.09	20:00:00	1.16085	1.16452	1.16083	1.16161	8266	0	8
2026.03.10	00:00:00	1.16162	1.16351	1.16076	1.16093	12378	0	8
2026.03.10	04:00:00	1.16095	1.16630	1.16066	1.16601	9829	0	8
2026.03.10	08:00:00	1.16599	1.16617	1.16200	1.16381	17700	0	8
2026.03.10	12:00:00	1.16384	1.16548	1.16211	1.16474	19938	0	8
2026.03.10	16:00:00	1.16470	1.16669	1.16059	1.16140	22935	0	8
2026.03.10	20:00:00	1.16141	1.16150	1.16024	1.16112	3958	0	8
2026.03.11	00:00:00	1.16112	1.16313	1.16053	1.16300	8513	0	8
2026.03.11	04:00:00	1.16300	1.16451	1.16130	1.16166	9696	0	8
2026.03.11	08:00:00	1.16169	1.16210	1.15898	1.15942	15929	0	8
2026.03.11	12:00:00	1.15940	1.16124	1.15652	1.15659	24939	0	8
2026.03.11	16:00:00	1.15659	1.15762	1.15604	1.15730	11262	0	8
2026.03.11	20:00:00	1.15729	1.15737	1.15396	1.15426	4508	0	8
2026.03.12	00:00:00	1.15424	1.15551	1.15319	1.15381	7439	0	8
2026.03.12	04:00:00	1.15381	1.15524	1.15314	1.15508	8011	0	8
2026.03.12	08:00:00	1.15510	1.15658	1.15428	1.15560	9861	0	8
2026.03.12	12:00:00	1.15559	1.15571	1.15104	1.15217	21289	0	8
2026.03.12	16:00:00	1.15216	1.15322	1.15103	1.15146	12724	0	8
2026.03.12	20:00:00	1.15145	1.15229	1.15078	1.15204	3785	0	8
2026.03.13	00:00:00	1.15203	1.15292	1.15045	1.15087	6213	0	8
2026.03.13	04:00:00	1.15085	1.15091	1.14537	1.14575	8134	0	8
2026.03.13	08:00:00	1.14573	1.14716	1.14324	1.14681	15373	0	8
2026.03.13	12:00:00	1.14679	1.14896	1.14342	1.14427	20904	0	8
2026.03.13	16:00:00	1.14425	1.14501	1.14196	1.14220	11909	0	8
2026.03.13	20:00:00	1.14219	1.14224	1.14106	1.14149	1597	0	8
2026.03.15	20:00:00	1.14170	1.14383	1.14169	1.14349	5787	0	8
2026.03.16	00:00:00	1.14348	1.14561	1.14348	1.14501	7716	0	8
2026.03.16	04:00:00	1.14502	1.14513	1.14139	1.14256	7096	0	8
2026.03.16	08:00:00	1.14258	1.14867	1.14256	1.14789	13107	0	8
2026.03.16	12:00:00	1.14791	1.15018	1.14719	1.14864	14370	0	8
2026.03.16	16:00:00	1.14866	1.15245	1.14772	1.15078	13287	0	8
2026.03.16	20:00:00	1.15075	1.15103	1.14943	1.14981	3255	0	8
2026.03.17	00:00:00	1.14981	1.15024	1.14863	1.14915	5989	0	8
2026.03.17	04:00:00	1.14915	1.14999	1.14656	1.14945	7132	0	8
2026.03.17	08:00:00	1.14947	1.15244	1.14874	1.15073	11834	0	8
2026.03.17	12:00:00	1.15073	1.15434	1.15040	1.15245	15682	0	8
2026.03.17	16:00:00	1.15246	1.15470	1.15177	1.15353	8643	0	8
2026.03.17	20:00:00	1.15355	1.15444	1.15333	1.15384	3825	0	8
2026.03.18	00:00:00	1.15385	1.15434	1.15317	1.15360	4819	0	8
2026.03.18	04:00:00	1.15359	1.15488	1.15232	1.15262	5069	0	8
2026.03.18	08:00:00	1.15260	1.15549	1.15175	1.15461	9896	0	8
2026.03.18	12:00:00	1.15463	1.15478	1.14903	1.15128	22392	0	8
2026.03.18	16:00:00	1.15126	1.15249	1.14682	1.14691	17948	0	8
2026.03.18	20:00:00	1.14690	1.14702	1.14466	1.14632	6499	0	8
2026.03.19	00:00:00	1.14629	1.14910	1.14618	1.14745	8019	0	8
2026.03.19	04:00:00	1.14743	1.14763	1.14505	1.14523	9858	0	8
2026.03.19	08:00:00	1.14521	1.14876	1.14423	1.14793	20703	0	8
2026.03.19	12:00:00	1.14793	1.15385	1.14623	1.15140	36957	0	8
2026.03.19	16:00:00	1.15137	1.16163	1.15115	1.15844	28318	0	8
2026.03.19	20:00:00	1.15845	1.15946	1.15742	1.15762	5251	0	8
2026.03.20	00:00:00	1.15762	1.15798	1.15561	1.15564	6142	0	8
2026.03.20	04:00:00	1.15564	1.15750	1.15522	1.15725	6562	0	8
2026.03.20	08:00:00	1.15727	1.15803	1.15347	1.15712	14020	0	8
2026.03.20	12:00:00	1.15715	1.15795	1.15244	1.15417	22909	0	8
2026.03.20	16:00:00	1.15416	1.15716	1.15409	1.15581	18251	0	8
2026.03.20	20:00:00	1.15579	1.15714	1.15571	1.15691	1602	0	8
2026.03.22	20:00:00	1.15342	1.15643	1.15341	1.15617	4764	0	8
2026.03.23	00:00:00	1.15619	1.15640	1.15383	1.15468	11086	0	8
2026.03.23	04:00:00	1.15470	1.15520	1.15200	1.15271	10480	0	8
2026.03.23	08:00:00	1.15273	1.16198	1.14840	1.15561	57922	0	8
2026.03.23	12:00:00	1.15559	1.16395	1.15460	1.15858	59288	0	8
2026.03.23	16:00:00	1.15856	1.16371	1.15762	1.16130	24959	0	8
2026.03.23	20:00:00	1.16128	1.16174	1.16056	1.16078	4877	0	8
2026.03.24	00:00:00	1.16079	1.16085	1.15780	1.15827	12901	0	8
2026.03.24	04:00:00	1.15827	1.16173	1.15753	1.16083	12477	0	8
2026.03.24	08:00:00	1.16081	1.16091	1.15783	1.15887	17527	0	8
2026.03.24	12:00:00	1.15889	1.16066	1.15670	1.15774	27633	0	8
2026.03.24	16:00:00	1.15772	1.15923	1.15568	1.15851	20094	0	8
2026.03.24	20:00:00	1.15849	1.16279	1.15826	1.16132	12078	0	8
2026.03.25	00:00:00	1.16134	1.16303	1.16005	1.16036	10270	0	8
2026.03.25	04:00:00	1.16033	1.16050	1.15867	1.15974	8053	0	8
2026.03.25	08:00:00	1.15973	1.16162	1.15902	1.16051	15208	0	8
2026.03.25	12:00:00	1.16053	1.16131	1.15625	1.15695	21739	0	8
2026.03.25	16:00:00	1.15695	1.15834	1.15549	1.15629	13234	0	8
2026.03.25	20:00:00	1.15630	1.15632	1.15552	1.15612	2852	0	8
2026.03.26	00:00:00	1.15612	1.15691	1.15536	1.15684	5828	0	8
2026.03.26	04:00:00	1.15682	1.15719	1.15502	1.15531	7130	0	8
2026.03.26	08:00:00	1.15532	1.15647	1.15230	1.15239	10823	0	8
2026.03.26	12:00:00	1.15242	1.15546	1.15221	1.15409	18911	0	8
2026.03.26	16:00:00	1.15409	1.15430	1.15212	1.15215	9458	0	8
2026.03.26	20:00:00	1.15214	1.15586	1.15192	1.15342	9841	0	8
2026.03.27	00:00:00	1.15342	1.15423	1.15240	1.15389	6452	0	8
2026.03.27	04:00:00	1.15388	1.15459	1.15164	1.15186	6123	0	8
2026.03.27	08:00:00	1.15183	1.15258	1.15042	1.15074	9943	0	8
2026.03.27	12:00:00	1.15072	1.15473	1.15016	1.15191	16407	0	8
2026.03.27	16:00:00	1.15191	1.15288	1.15058	1.15167	11184	0	8
2026.03.27	20:00:00	1.15167	1.15206	1.15077	1.15081	2065	0	8
2026.03.29	20:00:00	1.15013	1.15022	1.14869	1.14913	4303	0	8
2026.03.30	00:00:00	1.14915	1.15182	1.14892	1.15152	8190	0	8
2026.03.30	04:00:00	1.15154	1.15207	1.14935	1.14977	6926	0	8
2026.03.30	08:00:00	1.14975	1.14999	1.14834	1.14844	10538	0	8
2026.03.30	12:00:00	1.14846	1.14885	1.14429	1.14535	15161	0	8
2026.03.30	16:00:00	1.14533	1.14660	1.14468	1.14594	8277	0	8
2026.03.30	20:00:00	1.14592	1.14654	1.14520	1.14563	3401	0	8
2026.03.31	00:00:00	1.14566	1.14904	1.14468	1.14692	9330	0	8
2026.03.31	04:00:00	1.14693	1.14739	1.14602	1.14719	7443	0	8
2026.03.31	08:00:00	1.14720	1.14907	1.14570	1.14907	11128	0	8
2026.03.31	12:00:00	1.14909	1.15402	1.14868	1.15169	22051	0	8
2026.03.31	16:00:00	1.15170	1.15597	1.15137	1.15584	22711	0	8
2026.03.31	20:00:00	1.15587	1.15743	1.15501	1.15736	4089	0	8
2026.04.01	00:00:00	1.15735	1.15784	1.15546	1.15605	7570	0	8
2026.04.01	04:00:00	1.15604	1.15984	1.15591	1.15816	13196	0	8
2026.04.01	08:00:00	1.15815	1.16103	1.15771	1.16070	14558	0	8
2026.04.01	12:00:00	1.16072	1.16269	1.15936	1.16133	23472	0	8
2026.04.01	16:00:00	1.16131	1.16233	1.15758	1.15836	11198	0	8
2026.04.01	20:00:00	1.15834	1.15942	1.15825	1.15894	3104	0	8
2026.04.02	00:00:00	1.15892	1.16052	1.15374	1.15395	18573	0	8
2026.04.02	04:00:00	1.15396	1.15416	1.15149	1.15321	10964	0	8
2026.04.02	08:00:00	1.15324	1.15354	1.15086	1.15169	9319	0	8
2026.04.02	12:00:00	1.15170	1.15634	1.15164	1.15448	23269	0	8
2026.04.02	16:00:00	1.15447	1.15490	1.15327	1.15342	9937	0	8
2026.04.02	20:00:00	1.15344	1.15404	1.15319	1.15351	1922	0	8
2026.04.03	00:00:00	1.15351	1.15398	1.15257	1.15308	2252	0	120
2026.04.03	04:00:00	1.15308	1.15388	1.15212	1.15344	2091	0	120
2026.04.03	08:00:00	1.15342	1.15419	1.15322	1.15418	1991	0	60
2026.04.03	12:00:00	1.15420	1.15458	1.15178	1.15219	6884	0	8
2026.04.03	16:00:00	1.15217	1.15222	1.15131	1.15139	3477	0	8
2026.04.03	20:00:00	1.15138	1.15303	1.15107	1.15140	1333	0	16
2026.04.05	20:00:00	1.15196	1.15212	1.15048	1.15095	4278	0	8
2026.04.06	00:00:00	1.15095	1.15283	1.15060	1.15185	6697	0	8
2026.04.06	04:00:00	1.15185	1.15685	1.15182	1.15642	7394	0	8
2026.04.06	08:00:00	1.15644	1.15685	1.15372	1.15453	9008	0	8
2026.04.06	12:00:00	1.15455	1.15714	1.15352	1.15440	12905	0	8
2026.04.06	16:00:00	1.15439	1.15521	1.15336	1.15425	8237	0	8
2026.04.06	20:00:00	1.15426	1.15475	1.15384	1.15405	2526	0	8
2026.04.07	00:00:00	1.15405	1.15435	1.15238	1.15340	5436	0	8
2026.04.07	04:00:00	1.15341	1.15457	1.15298	1.15422	6673	0	8
2026.04.07	08:00:00	1.15422	1.15752	1.15416	1.15597	16126	0	8
2026.04.07	12:00:00	1.15599	1.15833	1.15533	1.15709	16635	0	8
2026.04.07	16:00:00	1.15708	1.16014	1.15661	1.15950	13989	0	8
2026.04.07	20:00:00	1.15948	1.16904	1.15875	1.16858	20066	0	8
2026.04.08	00:00:00	1.16860	1.16967	1.16655	1.16701	17241	0	8
2026.04.08	04:00:00	1.16703	1.17084	1.16703	1.16952	14794	0	8
2026.04.08	08:00:00	1.16953	1.17099	1.16686	1.16996	13698	0	8
2026.04.08	12:00:00	1.16999	1.17214	1.16840	1.16861	21928	0	8
2026.04.08	16:00:00	1.16858	1.16883	1.16432	1.16673	13528	0	8
2026.04.08	20:00:00	1.16676	1.16691	1.16572	1.16587	3486	0	8
2026.04.09	00:00:00	1.16587	1.16670	1.16500	1.16619	6302	0	8
2026.04.09	04:00:00	1.16619	1.16706	1.16540	1.16626	6793	0	8
2026.04.09	08:00:00	1.16626	1.16891	1.16593	1.16879	7604	0	8
2026.04.09	12:00:00	1.16879	1.17067	1.16736	1.17049	14415	0	8
2026.04.09	16:00:00	1.17049	1.17232	1.16970	1.17004	9730	0	8
2026.04.09	20:00:00	1.17003	1.17023	1.16899	1.16913	3168	0	8
2026.04.10	00:00:00	1.16913	1.16964	1.16853	1.16953	4408	0	8
2026.04.10	04:00:00	1.16953	1.16963	1.16786	1.16796	5408	0	8
2026.04.10	08:00:00	1.16795	1.17184	1.16771	1.17137	9100	0	8
2026.04.10	12:00:00	1.17136	1.17394	1.17091	1.17223	14058	0	8
2026.04.10	16:00:00	1.17222	1.17350	1.17134	1.17271	6897	0	8
2026.04.10	20:00:00	1.17270	1.17305	1.17215	1.17250	1101	0	8
2026.04.12	20:00:00	1.16637	1.16790	1.16632	1.16747	4939	0	8
2026.04.13	00:00:00	1.16749	1.16899	1.16706	1.16875	5544	0	8
2026.04.13	04:00:00	1.16876	1.16997	1.16775	1.16969	6664	0	8
2026.04.13	08:00:00	1.16969	1.16995	1.16806	1.16815	7130	0	8
2026.04.13	12:00:00	1.16817	1.17203	1.16802	1.17092	12802	0	8
2026.04.13	16:00:00	1.17091	1.17652	1.17066	1.17600	10766	0	8
2026.04.13	20:00:00	1.17600	1.17664	1.17525	1.17662	3047	0	8
2026.04.14	00:00:00	1.17663	1.17679	1.17560	1.17664	3904	0	8
2026.04.14	04:00:00	1.17663	1.17964	1.17578	1.17798	7590	0	8
2026.04.14	08:00:00	1.17797	1.18060	1.17747	1.17992	8254	0	8
2026.04.14	12:00:00	1.17993	1.18109	1.17872	1.17898	13377	0	8
2026.04.14	16:00:00	1.17898	1.17990	1.17877	1.17915	5771	0	8
2026.04.14	20:00:00	1.17917	1.18016	1.17870	1.17979	3135	0	8
2026.04.15	00:00:00	1.17977	1.17982	1.17786	1.17866	5018	0	8
2026.04.15	04:00:00	1.17866	1.17989	1.17824	1.17854	6162	0	8
2026.04.15	08:00:00	1.17852	1.17949	1.17718	1.17825	10069	0	8
2026.04.15	12:00:00	1.17825	1.18077	1.17769	1.17976	11252	0	8
2026.04.15	16:00:00	1.17974	1.18044	1.17922	1.17997	6552	0	8
2026.04.15	20:00:00	1.17997	1.18076	1.17950	1.18062	2495	0	8
2026.04.16	00:00:00	1.18064	1.18236	1.17964	1.18126	5262	0	8
2026.04.16	04:00:00	1.18125	1.18128	1.17905	1.17914	6607	0	8
2026.04.16	08:00:00	1.17912	1.17936	1.17723	1.17837	7783	0	8
2026.04.16	12:00:00	1.17838	1.17845	1.17665	1.17816	11721	0	8
2026.04.16	16:00:00	1.17818	1.17868	1.17678	1.17807	7487	0	8
2026.04.16	20:00:00	1.17808	1.17869	1.17768	1.17806	2271	0	8
2026.04.17	00:00:00	1.17805	1.17848	1.17729	1.17828	4023	0	8
2026.04.17	04:00:00	1.17828	1.17842	1.17716	1.17819	5583	0	8
2026.04.17	08:00:00	1.17821	1.17992	1.17803	1.17931	5993	0	8
2026.04.17	12:00:00	1.17932	1.18487	1.17930	1.18005	24415	0	8
2026.04.17	16:00:00	1.18003	1.18044	1.17665	1.17689	10499	0	8
2026.04.17	20:00:00	1.17688	1.17715	1.17601	1.17637	1573	0	8
2026.04.19	20:00:00	1.17391	1.17452	1.17282	1.17386	4173	0	8
2026.04.20	00:00:00	1.17388	1.17621	1.17366	1.17598	5847	0	8
2026.04.20	04:00:00	1.17597	1.17716	1.17469	1.17588	8326	0	8
2026.04.20	08:00:00	1.17586	1.17750	1.17550	1.17666	8110	0	8
2026.04.20	12:00:00	1.17666	1.17892	1.17555	1.17833	14456	0	8
2026.04.20	16:00:00	1.17837	1.17900	1.17783	1.17857	6543	0	8
2026.04.20	20:00:00	1.17855	1.17907	1.17828	1.17836	2540	0	8
2026.04.21	00:00:00	1.17837	1.17860	1.17730	1.17751	4389	0	8
2026.04.21	04:00:00	1.17751	1.17818	1.17632	1.17640	5776	0	8
2026.04.21	08:00:00	1.17639	1.17682	1.17557	1.17668	7277	0	8
2026.04.21	12:00:00	1.17670	1.17756	1.17409	1.17509	12252	0	8
2026.04.21	16:00:00	1.17511	1.17633	1.17187	1.17254	16402	0	8
2026.04.21	20:00:00	1.17254	1.17531	1.17230	1.17438	7050	0	8
2026.04.22	00:00:00	1.17436	1.17510	1.17372	1.17381	4902	0	8
2026.04.22	04:00:00	1.17381	1.17621	1.17379	1.17550	7000	0	8
2026.04.22	08:00:00	1.17550	1.17587	1.17318	1.17343	7526	0	8
2026.04.22	12:00:00	1.17342	1.17429	1.17122	1.17131	12328	0	8
2026.04.22	16:00:00	1.17133	1.17167	1.17046	1.17055	6039	0	8
2026.04.22	20:00:00	1.17054	1.17088	1.17021	1.17053	2295	0	8
2026.04.23	00:00:00	1.17055	1.17132	1.16920	1.16953	8902	0	8
2026.04.23	04:00:00	1.16954	1.17115	1.16945	1.17018	6226	0	8
2026.04.23	08:00:00	1.17019	1.17049	1.16788	1.16905	8362	0	8
2026.04.23	12:00:00	1.16903	1.17161	1.16830	1.17033	13675	0	8
2026.04.23	16:00:00	1.17031	1.17053	1.16687	1.16862	15538	0	8
2026.04.23	20:00:00	1.16862	1.16865	1.16740	1.16833	2863	0	8
2026.04.24	00:00:00	1.16835	1.16891	1.16725	1.16776	5017	0	8
2026.04.24	04:00:00	1.16776	1.16935	1.16757	1.16906	5377	0	8
2026.04.24	08:00:00	1.16903	1.17182	1.16837	1.17139	9834	0	8
2026.04.24	12:00:00	1.17141	1.17199	1.16982	1.17171	14092	0	8
2026.04.24	16:00:00	1.17173	1.17210	1.17108	1.17181	7082	0	8
2026.04.24	20:00:00	1.17179	1.17225	1.17153	1.17178	1113	0	8
