<DATE>	<TIME>	<OPEN>	<HIGH>	<LOW>	<CLOSE>	<TICKVOL>	<VOL>	<SPREAD>
2018.07.03	00:00:00	145.705	146.370	145.273	145.671	64555	0	0
2018.07.04	00:00:00	145.669	146.346	145.558	146.157	60911	0	0
2018.07.05	00:00:00	146.156	146.857	145.829	146.168	66062	0	0
2018.07.06	00:00:00	146.167	146.762	146.116	146.717	56659	0	0
2018.07.08	00:00:00	147.025	147.072	146.710	146.815	5818	0	0
2018.07.09	00:00:00	146.814	147.600	146.099	147.038	72533	0	0
2018.07.10	00:00:00	147.041	147.775	146.879	146.962	74108	0	0
2018.07.11	00:00:00	146.960	148.118	146.792	147.873	84085	0	0
2018.07.12	00:00:00	147.874	148.880	147.857	148.462	74245	0	0
2018.07.13	00:00:00	148.465	148.714	147.639	148.635	66142	0	0
2018.07.15	00:00:00	148.399	148.761	148.399	148.656	5126	0	0
2018.07.16	00:00:00	148.657	149.298	148.508	148.741	61148	0	0
2018.07.17	00:00:00	148.739	149.076	147.576	148.103	72300	0	0
2018.07.18	00:00:00	148.104	148.218	146.857	147.502	69389	0	0
2018.07.19	00:00:00	147.502	147.533	146.152	146.315	74676	0	0
2018.07.20	00:00:00	146.315	146.648	145.966	146.254	70761	0	0
2018.07.22	00:00:00	146.160	146.413	145.980	145.985	6909	0	0
2018.07.23	00:00:00	145.985	146.161	145.665	146.037	68477	0	0
2018.07.24	00:00:00	146.036	146.315	145.447	146.313	65937	0	0
2018.07.25	00:00:00	146.309	146.503	145.759	146.312	71853	0	0
2018.07.26	00:00:00	146.311	146.391	145.661	145.695	64621	0	0
2018.07.27	00:00:00	145.698	145.707	145.260	145.364	56304	0	0
2018.07.29	00:00:00	145.339	145.501	145.325	145.433	5796	0	0
2018.07.30	00:00:00	145.434	145.911	145.403	145.796	57709	0	0
2018.07.31	00:00:00	145.795	146.993	145.355	146.696	72997	0	0
2018.08.01	00:00:00	146.696	147.135	146.304	146.515	61106	0	0
2018.08.02	00:00:00	146.512	146.580	145.000	145.383	65849	0	0
2018.08.03	00:00:00	145.383	145.532	144.502	144.643	55345	0	0
2018.08.05	00:00:00	144.632	144.659	144.484	144.614	2819	0	0
2018.08.06	00:00:00	144.611	144.723	144.033	144.095	55751	0	0
2018.08.07	00:00:00	144.094	144.423	143.800	144.134	53786	0	0
2018.08.08	00:00:00	144.133	144.259	142.721	142.813	58253	0	0
2018.08.09	00:00:00	142.811	143.478	142.331	142.484	60835	0	0
2018.08.10	00:00:00	142.490	142.502	140.939	141.615	70710	0	0
2018.08.12	00:00:00	140.711	141.340	140.711	141.149	6466	0	0
2018.08.13	00:00:00	141.149	141.823	140.231	141.139	74670	0	0
2018.08.14	00:00:00	141.136	142.459	140.997	141.480	68460	0	0
2018.08.15	00:00:00	141.479	141.755	139.889	140.338	71571	0	0
2018.08.16	00:00:00	140.338	141.301	140.198	141.111	72221	0	0
2018.08.17	00:00:00	141.110	141.155	140.219	140.836	57780	0	0
2018.08.19	00:00:00	140.893	140.903	140.776	140.812	5326	0	0
2018.08.20	00:00:00	140.810	141.202	140.578	140.769	58322	0	0
2018.08.21	00:00:00	140.768	142.668	140.657	142.096	66163	0	0
2018.08.22	00:00:00	142.095	142.796	141.990	142.699	61715	0	0
2018.08.23	00:00:00	142.697	142.995	142.415	142.633	60185	0	0
2018.08.24	00:00:00	142.632	143.221	142.509	142.851	49134	0	0
2018.08.26	00:00:00	142.876	143.136	142.799	143.086	5552	0	0
2018.08.27	00:00:00	143.087	143.333	142.517	143.320	55420	0	0
2018.08.28	00:00:00	143.319	143.651	142.950	143.029	60476	0	0
2018.08.29	00:00:00	143.027	145.593	142.813	145.582	65533	0	0
2018.08.30	00:00:00	145.578	145.672	144.233	144.422	66562	0	0
2018.08.31	00:00:00	144.422	144.678	143.493	143.836	62363	0	0
2018.09.02	00:00:00	143.694	143.694	143.412	143.602	6303	0	0
2018.09.03	00:00:00	143.601	143.620	142.822	142.937	57780	0	0
2018.09.04	00:00:00	142.936	143.369	142.582	143.309	66231	0	0
2018.09.05	00:00:00	143.308	144.952	142.642	143.912	68016	0	0
2018.09.06	00:00:00	143.915	144.219	142.749	142.791	67746	0	0
2018.09.07	00:00:00	142.790	144.415	142.600	143.413	65602	0	0
2018.09.09	00:00:00	143.444	143.571	143.304	143.400	4881	0	0
2018.09.10	00:00:00	143.396	145.016	143.061	144.774	58546	0	0
2018.09.11	00:00:00	144.774	145.896	144.343	145.288	63720	0	0
2018.09.12	00:00:00	145.287	145.599	144.668	145.065	63155	0	0
2018.09.13	00:00:00	145.063	146.876	145.005	146.860	61403	0	0
2018.09.14	00:00:00	146.865	147.000	146.247	146.419	59566	0	0
2018.09.16	00:00:00	146.381	146.451	146.301	146.337	4934	0	0
2018.09.17	00:00:00	146.337	147.447	146.302	146.809	63933	0	0
2018.09.18	00:00:00	146.807	147.975	146.774	147.826	71209	0	0
2018.09.19	00:00:00	147.825	148.510	147.164	147.603	72200	0	0
2018.09.20	00:00:00	147.602	149.299	147.337	149.269	67930	0	0
2018.09.21	00:00:00	149.270	149.702	146.991	147.188	63572	0	0
2018.09.23	00:00:00	147.124	147.230	146.960	147.173	5552	0	0
2018.09.24	00:00:00	147.173	148.285	146.936	147.913	64056	0	0
2018.09.25	00:00:00	147.911	149.006	147.801	148.894	63069	0	0
2018.09.26	00:00:00	148.893	149.081	148.272	148.427	65641	0	0
2018.09.27	00:00:00	148.428	148.715	147.585	148.262	69535	0	0
2018.09.28	00:00:00	148.260	148.613	147.533	148.134	61737	0	0
2018.09.30	00:00:00	148.170	148.427	148.097	148.361	3215	0	0
2018.10.01	00:00:00	148.360	149.377	148.258	148.618	64387	0	0
2018.10.02	00:00:00	148.618	148.681	147.185	147.386	66570	0	0
2018.10.03	00:00:00	147.386	148.571	147.255	148.159	73948	0	0
2018.10.04	00:00:00	148.159	148.621	147.692	148.305	75002	0	0
2018.10.05	00:00:00	148.307	149.245	148.068	149.134	70266	0	0
2018.10.07	00:00:00	149.201	149.321	149.148	149.243	5181	0	0
2018.10.08	00:00:00	149.242	149.498	147.486	148.093	69981	0	0
2018.10.09	00:00:00	148.090	148.732	147.340	148.683	76580	0	0
2018.10.10	00:00:00	148.681	149.286	147.917	147.991	80322	0	0
2018.10.11	00:00:00	147.989	148.764	147.809	148.322	91062	0	0
2018.10.12	00:00:00	148.318	148.993	147.154	147.577	74470	0	0
2018.10.14	00:00:00	147.346	147.346	146.730	147.011	7002	0	0
2018.10.15	00:00:00	147.012	147.411	146.499	147.102	77565	0	0
2018.10.16	00:00:00	147.102	148.391	147.079	148.140	76146	0	0
2018.10.17	00:00:00	148.141	148.239	147.047	147.539	77798	0	0
2018.10.18	00:00:00	147.538	147.732	145.800	146.050	78807	0	0
2018.10.19	00:00:00	146.049	147.291	146.049	147.023	73561	0	0
2018.10.21	00:00:00	147.083	147.102	146.855	146.934	5257	0	0
2018.10.22	00:00:00	146.933	147.567	146.042	146.180	74448	0	0
2018.10.23	00:00:00	146.179	146.382	145.284	145.943	79381	0	0
2018.10.24	00:00:00	145.944	146.290	144.262	144.281	83984	0	0
2018.10.25	00:00:00	144.284	145.020	143.979	144.023	81007	0	0
2018.10.26	00:00:00	144.023	144.119	142.762	143.536	80464	0	0
2018.10.28	00:00:00	143.461	143.619	143.425	143.591	5151	0	0
2018.10.29	00:00:00	143.589	144.386	143.333	143.786	81712	0	0
2018.10.30	00:00:00	143.784	144.368	143.202	143.664	80145	0	0
2018.10.31	00:00:00	143.664	145.119	143.614	144.076	78381	0	0
2018.11.01	00:00:00	144.075	146.836	144.015	146.569	82803	0	0
2018.11.02	00:00:00	146.570	147.245	146.327	146.771	75115	0	0
2018.11.04	00:00:00	147.048	147.285	147.048	147.129	5458	0	0
2018.11.05	00:00:00	147.128	147.928	146.846	147.880	76512	0	0
2018.11.06	00:00:00	147.880	148.689	147.292	148.620	76422	0	0
2018.11.07	00:00:00	148.619	149.216	148.275	149.071	89133	0	0
2018.11.08	00:00:00	149.072	149.473	148.600	148.882	79907	0	0
2018.11.09	00:00:00	148.881	148.954	147.486	147.644	76381	0	0
2018.11.11	00:00:00	146.909	147.286	146.863	147.283	7328	0	0
2018.11.12	00:00:00	147.284	147.564	146.060	146.137	81617	0	0
2018.11.13	00:00:00	146.136	148.707	145.967	148.088	88465	0	0
2018.11.14	00:00:00	148.087	148.370	146.308	147.436	94508	0	0
2018.11.15	00:00:00	147.437	147.906	144.252	144.963	94657	0	0
2018.11.16	00:00:00	144.963	145.429	144.593	144.722	80180	0	0
2018.11.18	00:00:00	144.768	144.939	144.527	144.666	6614	0	0
2018.11.19	00:00:00	144.665	145.295	144.296	144.586	81411	0	0
2018.11.20	00:00:00	144.587	144.893	144.008	144.131	83674	0	0
2018.11.21	00:00:00	144.131	144.878	144.059	144.406	75420	0	0
2018.11.22	00:00:00	144.406	145.924	144.250	145.476	67338	0	0
2018.11.23	00:00:00	145.473	145.504	144.342	144.625	67956	0	0
2018.11.25	00:00:00	144.743	144.824	144.636	144.671	7489	0	0
2018.11.26	00:00:00	144.671	145.725	144.644	145.429	75862	0	0
2018.11.27	00:00:00	145.428	145.498	144.586	144.955	77848	0	0
2018.11.28	00:00:00	144.956	145.823	144.849	145.602	76891	0	0
2018.11.29	00:00:00	145.606	145.661	144.509	144.977	76304	0	0
2018.11.30	00:00:00	144.979	145.276	144.615	144.671	70597	0	0
2018.12.02	00:00:00	145.294	145.390	144.702	145.050	6747	0	0
2018.12.03	00:00:00	145.051	145.502	144.170	144.535	74601	0	0
2018.12.04	00:00:00	144.536	144.743	142.839	143.312	84272	0	0
2018.12.05	00:00:00	143.315	144.521	143.255	143.830	74394	0	0
2018.12.06	00:00:00	143.833	144.158	143.239	143.998	87845	0	0
2018.12.07	00:00:00	144.019	144.199	143.223	143.467	76554	0	0
2018.12.09	00:00:00	142.920	143.237	142.916	143.096	6821	0	0
2018.12.10	00:00:00	143.100	143.681	141.163	142.150	87075	0	0
2018.12.11	00:00:00	142.157	142.910	141.437	141.622	84244	0	0
2018.12.12	00:00:00	141.624	143.430	141.531	142.994	85934	0	0
2018.12.13	00:00:00	142.997	143.923	142.993	143.693	78108	0	0
2018.12.14	00:00:00	143.697	143.724	142.374	142.679	72228	0	0
2018.12.16	00:00:00	142.731	142.786	142.489	142.685	6795	0	0
2018.12.17	00:00:00	142.692	143.220	142.148	142.326	78907	0	0
2018.12.18	00:00:00	142.328	142.645	141.923	142.380	81726	0	0
2018.12.19	00:00:00	142.379	142.519	141.574	141.923	86201	0	0
2018.12.20	00:00:00	141.922	142.089	140.576	140.822	90610	0	0
2018.12.21	00:00:00	140.825	141.154	140.231	140.443	83160	0	0
2018.12.23	00:00:00	140.011	140.533	139.993	140.451	6852	0	0
2018.12.24	00:00:00	140.461	140.833	140.294	140.317	64924	0	0
2018.12.26	00:00:00	140.049	140.850	139.736	140.714	77011	0	0
2018.12.27	00:00:00	140.710	140.777	139.712	140.184	101839	0	0
2018.12.28	00:00:00	140.185	140.342	139.485	140.059	78159	0	0
2018.12.30	00:00:00	140.099	140.233	139.937	140.008	6684	0	0
2018.12.31	00:00:00	140.012	140.861	139.517	139.736	64397	0	0
2019.01.02	00:00:00	139.871	139.871	133.783	134.418	84860	0	0
2019.01.03	00:00:00	134.427	136.768	133.869	136.179	95868	0	0
2019.01.04	00:00:00	136.180	138.283	135.812	138.059	85236	0	0
2019.01.06	00:00:00	138.101	138.275	137.858	138.193	6565	0	0
2019.01.07	00:00:00	138.196	138.957	137.608	138.872	79802	0	0
2019.01.08	00:00:00	138.875	139.417	137.963	138.537	82897	0	0
2019.01.09	00:00:00	138.540	139.090	137.751	138.462	85287	0	0
2019.01.10	00:00:00	138.460	138.505	137.437	138.096	81978	0	0
2019.01.11	00:00:00	138.093	139.464	137.630	139.353	73813	0	0
2019.01.13	00:00:00	139.410	139.557	139.323	139.325	4786	0	0
2019.01.14	00:00:00	139.328	140.038	138.591	139.345	73303	0	0
2019.01.15	00:00:00	139.345	140.418	137.361	139.838	85585	0	0
2019.01.16	00:00:00	139.840	140.684	138.975	140.490	80613	0	0
2019.01.17	00:00:00	140.503	142.197	139.507	141.694	80861	0	0
2019.01.18	00:00:00	141.695	142.070	141.077	141.311	73261	0	0
2019.01.20	00:00:00	141.072	141.273	140.849	140.934	6113	0	0
2019.01.21	00:00:00	140.942	141.512	140.673	141.369	69998	0	0
2019.01.22	00:00:00	141.367	141.909	140.613	141.683	76327	0	0
2019.01.23	00:00:00	141.682	143.545	141.678	143.229	77381	0	0
2019.01.24	00:00:00	143.231	143.753	142.705	143.746	80029	0	0
2019.01.25	00:00:00	143.758	144.830	143.391	144.572	75132	0	0
2019.01.27	00:00:00	144.240	144.705	144.236	144.504	5346	0	0
2019.01.28	00:00:00	144.503	144.521	143.592	143.776	73196	0	0
2019.01.29	00:00:00	143.772	144.463	142.696	143.085	77135	0	0
2019.01.30	00:00:00	143.106	143.584	142.723	142.927	75658	0	0
2019.01.31	00:00:00	142.927	143.194	142.234	142.680	74495	0	0
2019.02.01	00:00:00	142.677	143.480	142.068	143.240	66453	0	0
2019.02.03	00:00:00	143.086	143.186	142.971	143.113	6370	0	0
2019.02.04	00:00:00	143.112	144.157	143.110	143.256	67557	0	0
2019.02.05	00:00:00	143.257	143.538	142.027	142.438	64228	0	0
2019.02.06	00:00:00	142.440	142.503	141.747	142.238	68499	0	0
2019.02.07	00:00:00	142.244	142.611	141.118	142.105	71547	0	0
2019.02.08	00:00:00	142.110	142.507	141.837	142.050	61760	0	0
2019.02.10	00:00:00	141.916	142.109	141.770	142.056	4643	0	0
2019.02.11	00:00:00	142.057	142.540	141.789	141.995	67697	0	0
2019.02.12	00:00:00	142.001	142.620	141.859	142.458	68006	0	0
2019.02.13	00:00:00	142.463	143.312	142.432	142.597	66101	0	0
2019.02.14	00:00:00	142.596	143.013	141.273	141.454	71703	0	0
2019.02.15	00:00:00	141.456	142.387	141.000	142.354	65858	0	0
2019.02.17	00:00:00	142.479	142.669	142.439	142.665	5230	0	0
2019.02.18	00:00:00	142.667	143.008	142.526	142.914	68074	0	0
2019.02.19	00:00:00	142.912	144.687	142.466	144.388	68317	0	0
2019.02.20	00:00:00	144.391	145.027	144.113	144.456	69797	0	0
2019.02.21	00:00:00	144.460	144.905	144.072	144.358	73092	0	0
2019.02.22	00:00:00	144.357	144.713	143.771	144.479	63673	0	0
2019.02.24	00:00:00	144.418	144.728	144.399	144.717	6904	0	0
2019.02.25	00:00:00	144.716	145.770	144.445	145.749	70088	0	0
2019.02.26	00:00:00	145.752	147.040	145.394	146.573	72484	0	0
2019.02.27	00:00:00	146.575	148.026	146.151	147.636	73919	0	0
2019.02.28	00:00:00	147.637	148.246	146.972	147.701	70257	0	0
2019.03.01	00:00:00	147.700	148.554	147.506	147.811	66707	0	0
2019.03.03	00:00:00	148.196	148.324	147.799	148.165	6704	0	0
2019.03.04	00:00:00	148.164	148.293	147.094	147.296	68943	0	0
2019.03.05	00:00:00	147.294	147.768	146.598	147.166	69344	0	0
2019.03.06	00:00:00	147.164	147.293	146.680	147.120	67476	0	0
2019.03.07	00:00:00	147.119	147.269	145.774	146.140	69952	0	0
2019.03.08	00:00:00	146.140	146.143	144.308	144.682	68102	0	0
2019.03.10	00:00:00	143.880	144.404	143.880	144.225	5106	0	0
2019.03.11	00:00:00	144.223	147.568	143.704	147.449	69269	0	0
2019.03.12	00:00:00	147.445	147.445	144.557	145.407	68973	0	0
2019.03.13	00:00:00	145.407	148.701	145.385	147.748	68123	0	0
2019.03.14	00:00:00	147.751	148.861	147.366	148.146	71883	0	0
2019.03.15	00:00:00	148.144	148.364	147.414	148.204	60813	0	0
2019.03.17	00:00:00	148.182	148.359	148.148	148.307	3235	0	0
2019.03.18	00:00:00	148.306	148.374	146.993	147.732	62734	0	0
2019.03.19	00:00:00	147.733	148.031	147.531	147.853	61988	0	0
2019.03.20	00:00:00	147.852	148.072	145.843	146.114	68491	0	0
2019.03.21	00:00:00	146.114	146.384	144.127	145.481	70755	0	0
2019.03.22	00:00:00	145.480	145.736	144.522	145.217	67321	0	0
2019.03.24	00:00:00	145.167	145.498	145.053	145.374	4396	0	0
2019.03.25	00:00:00	145.374	145.785	144.626	145.398	74563	0	0
2019.03.26	00:00:00	145.395	146.438	145.003	146.047	72513	0	0
2019.03.27	00:00:00	146.045	146.488	145.118	145.313	77082	0	0
2019.03.28	00:00:00	145.313	145.546	144.184	144.401	73675	0	0
2019.03.29	00:00:00	144.401	145.467	143.807	144.443	68007	0	0
2019.03.31	00:00:00	144.576	144.695	144.382	144.506	5414	0	0
2019.04.01	00:00:00	144.505	146.333	144.411	145.621	68916	0	0
2019.04.02	00:00:00	145.619	146.427	144.923	146.097	69527	0	0
2019.04.03	00:00:00	146.097	147.171	146.014	146.762	70120	0	0
2019.04.04	00:00:00	146.761	146.941	145.669	145.961	66158	0	0
2019.04.05	00:00:00	145.958	146.529	145.105	145.612	58704	0	0
2019.04.07	00:00:00	145.509	145.638	145.407	145.638	4125	0	0
2019.04.08	00:00:00	145.637	145.764	145.093	145.551	64276	0	0
2019.04.09	00:00:00	145.552	146.034	144.772	145.017	63521	0	0
2019.04.10	00:00:00	145.015	145.691	144.947	145.351	65520	0	0
2019.04.11	00:00:00	145.350	145.936	145.119	145.736	63209	0	0
2019.04.12	00:00:00	145.737	146.997	145.703	146.389	58271	0	0
2019.04.14	00:00:00	146.344	146.569	146.265	146.565	3798	0	0
2019.04.15	00:00:00	146.563	146.984	146.342	146.638	59571	0	0
2019.04.16	00:00:00	146.635	146.737	145.944	146.024	61920	0	0
2019.04.17	00:00:00	146.026	146.290	145.827	146.037	60679	0	0
2019.04.18	00:00:00	146.036	146.052	145.230	145.482	63958	0	0
2019.04.19	00:00:00	145.482	145.538	145.265	145.302	49797	0	0
2019.04.21	00:00:00	145.275	145.446	145.210	145.379	3797	0	0
2019.04.22	00:00:00	145.381	145.491	145.202	145.285	25966	0	0
2019.04.23	00:00:00	145.285	145.603	144.576	144.734	37801	0	0
2019.04.24	00:00:00	144.734	145.007	144.393	144.721	39035	0	0
2019.04.25	00:00:00	144.720	144.865	143.761	143.874	41045	0	0
2019.04.26	00:00:00	143.876	144.439	143.765	144.120	36476	0	0
2019.04.28	00:00:00	144.163	144.255	144.099	144.217	3268	0	0
2019.04.29	00:00:00	144.219	144.708	144.184	144.456	34426	0	0
2019.04.30	00:00:00	144.457	145.364	144.038	145.286	39003	0	0
2019.05.01	00:00:00	145.285	145.679	145.237	145.471	35426	0	0
2019.05.02	00:00:00	145.470	145.861	145.084	145.288	39017	0	0
2019.05.03	00:00:00	145.289	146.488	144.800	146.358	35076	0	0
2019.05.05	00:00:00	145.413	145.931	145.408	145.473	5866	0	0
2019.05.06	00:00:00	145.476	145.533	144.801	145.107	41632	0	0
2019.05.07	00:00:00	145.109	145.352	143.856	144.076	43238	0	0
2019.05.08	00:00:00	144.075	144.075	143.032	143.115	44475	0	0
2019.05.09	00:00:00	143.114	143.200	142.229	142.866	45925	0	0
2019.05.10	00:00:00	142.862	143.225	142.504	142.956	45187	0	0
2019.05.12	00:00:00	142.678	142.798	142.606	142.614	4481	0	0
2019.05.13	00:00:00	142.613	142.855	141.197	141.489	44363	0	0
2019.05.14	00:00:00	141.491	142.163	141.387	141.540	41834	0	0
2019.05.15	00:00:00	141.540	141.632	140.201	140.621	41718	0	0
2019.05.16	00:00:00	140.622	140.779	140.194	140.599	39134	0	0
2019.05.17	00:00:00	140.598	140.663	139.544	139.948	41083	0	0
2019.05.19	00:00:00	140.083	140.272	139.985	140.237	3848	0	0
2019.05.20	00:00:00	140.243	140.515	139.695	140.100	40032	0	0
2019.05.21	00:00:00	140.099	141.709	139.639	140.483	41575	0	0
2019.05.22	00:00:00	140.482	140.689	139.305	139.561	41015	0	0
2019.05.23	00:00:00	139.562	139.585	138.520	138.705	45158	0	0
2019.05.24	00:00:00	138.708	139.473	138.499	138.914	38086	0	0
2019.05.26	00:00:00	139.100	139.244	138.980	139.178	3575	0	0
2019.05.27	00:00:00	139.175	139.629	138.674	138.858	35986	0	0
2019.05.28	00:00:00	138.859	138.997	138.279	138.417	42119	0	0
2019.05.29	00:00:00	138.418	138.569	137.861	138.350	46186	0	0
2019.05.30	00:00:00	138.352	138.721	137.818	137.821	42696	0	0
2019.05.31	00:00:00	137.822	137.949	136.621	136.736	46535	0	0
2019.06.02	00:00:00	136.756	136.870	136.676	136.771	4604	0	0
2019.06.03	00:00:00	136.768	137.108	136.608	136.798	47203	0	0
2019.06.04	00:00:00	136.797	137.508	136.551	137.507	45374	0	0
2019.06.05	00:00:00	137.507	137.767	137.192	137.424	45535	0	0
2019.06.06	00:00:00	137.425	137.793	136.975	137.665	44408	0	0
2019.06.07	00:00:00	137.668	138.151	137.477	137.798	39039	0	0
2019.06.09	00:00:00	137.942	138.119	137.897	137.960	4284	0	0
2019.06.10	00:00:00	137.957	138.242	137.471	137.500	40742	0	0
2019.06.11	00:00:00	137.503	138.309	137.501	138.014	41934	0	0
2019.06.12	00:00:00	138.017	138.228	137.551	137.692	42412	0	0
2019.06.13	00:00:00	137.692	137.768	137.111	137.334	42449	0	0
2019.06.14	00:00:00	137.333	137.396	136.504	136.646	37801	0	0
2019.06.16	00:00:00	136.475	136.739	136.411	136.726	3545	0	0
2019.06.17	00:00:00	136.723	136.920	135.992	136.117	34596	0	0
2019.06.18	00:00:00	136.115	136.471	135.368	136.430	42890	0	0
2019.06.19	00:00:00	136.431	136.988	135.781	136.787	41463	0	0
2019.06.20	00:00:00	136.786	137.165	136.195	136.336	49680	0	0
2019.06.21	00:00:00	136.336	136.828	135.936	136.754	42638	0	0
2019.06.23	00:00:00	136.643	136.878	136.599	136.816	3934	0	0
2019.06.24	00:00:00	136.817	137.116	136.484	136.717	41094	0	0
2019.06.25	00:00:00	136.718	136.824	135.801	135.988	47822	0	0
2019.06.26	00:00:00	135.990	136.880	135.990	136.770	45462	0	0
2019.06.27	00:00:00	136.771	137.316	136.412	136.548	39528	0	0
2019.06.28	00:00:00	136.551	137.183	136.263	137.005	32135	0	0
2019.06.30	00:00:00	137.362	137.761	137.316	137.558	3525	0	0
2019.07.01	00:00:00	137.557	137.557	136.729	137.024	35067	0	0
2019.07.02	00:00:00	137.023	137.124	135.798	135.831	32999	0	0
2019.07.03	00:00:00	135.832	135.835	135.164	135.593	31453	0	0
2019.07.04	00:00:00	135.592	135.703	135.434	135.648	22326	0	0
2019.07.05	00:00:00	135.651	136.032	135.479	135.876	27515	0	0
2019.07.07	00:00:00	135.817	135.989	135.793	135.863	1824	0	0
2019.07.08	00:00:00	135.864	136.132	135.536	136.059	26810	0	0
2019.07.09	00:00:00	136.060	136.268	135.385	135.695	28859	0	0
2019.07.10	00:00:00	135.694	136.040	135.466	135.480	31029	0	0
2019.07.11	00:00:00	135.481	136.040	135.074	135.961	32691	0	0
2019.07.12	00:00:00	135.962	136.006	135.494	135.703	28266	0	0
2019.07.14	00:00:00	135.645	135.680	135.499	135.540	2246	0	0
2019.07.15	00:00:00	135.542	135.830	134.944	135.049	27155	0	0
2019.07.16	00:00:00	135.048	135.249	133.956	134.256	32042	0	0
2019.07.17	00:00:00	134.258	134.608	133.962	134.189	30695	0	0
2019.07.18	00:00:00	134.191	134.813	133.840	134.703	35956	0	0
2019.07.19	00:00:00	134.705	134.993	134.552	134.697	29652	0	0
2019.07.21	00:00:00	134.601	134.895	134.545	134.892	2626	0	0
2019.07.22	00:00:00	134.891	135.075	134.400	134.569	29512	0	0
2019.07.23	00:00:00	134.570	134.965	134.305	134.601	32084	0	0
2019.07.24	00:00:00	134.602	135.262	134.242	135.065	30500	0	0
2019.07.25	00:00:00	135.067	135.653	134.701	135.314	31772	0	0
2019.07.26	00:00:00	135.316	135.381	134.534	134.563	26197	0	0
2019.07.28	00:00:00	134.471	134.542	134.395	134.430	1665	0	0
2019.07.29	00:00:00	134.431	134.442	132.860	132.974	29493	0	0
2019.07.30	00:00:00	132.973	133.053	131.607	131.976	37379	0	0
2019.07.31	00:00:00	131.977	132.979	131.838	132.238	36781	0	0
2019.08.01	00:00:00	132.240	132.542	129.965	130.247	45155	0	0
2019.08.02	00:00:00	130.248	130.405	129.073	129.639	43933	0	0
2019.08.04	00:00:00	129.446	129.579	129.423	129.477	2970	0	0
2019.08.05	00:00:00	129.475	129.556	128.111	128.369	52295	0	0
2019.08.06	00:00:00	128.365	130.050	128.362	129.388	48124	0	0
2019.08.07	00:00:00	129.387	129.510	128.220	128.811	49781	0	0
2019.08.08	00:00:00	128.812	129.320	128.272	128.568	44590	0	0
2019.08.09	00:00:00	128.567	128.729	126.962	127.068	37519	0	0
2019.08.11	00:00:00	127.233	127.238	126.542	126.659	3401	0	0
2019.08.12	00:00:00	126.661	127.503	126.649	127.263	38756	0	0
2019.08.13	00:00:00	127.265	129.206	126.794	128.582	44496	0	0
2019.08.14	00:00:00	128.583	128.638	127.470	127.720	45468	0	0
2019.08.15	00:00:00	127.723	128.965	127.556	128.262	48929	0	0
2019.08.16	00:00:00	128.263	129.558	128.144	129.163	36846	0	0
2019.08.18	00:00:00	129.155	129.413	129.151	129.394	2503	0	0
2019.08.19	00:00:00	129.391	129.520	128.961	129.231	34020	0	0
2019.08.20	00:00:00	129.233	129.606	128.260	129.235	37429	0	0
2019.08.21	00:00:00	129.236	129.658	128.878	129.305	33981	0	0
2019.08.22	00:00:00	129.302	130.678	128.751	130.429	38047	0	0
2019.08.23	00:00:00	130.426	130.539	128.990	129.500	38897	0	0
2019.08.25	00:00:00	128.804	128.816	128.262	128.543	4881	0	0
2019.08.26	00:00:00	128.541	130.059	128.541	129.500	46973	0	0
2019.08.27	00:00:00	129.499	130.364	128.999	129.852	40512	0	0
2019.08.28	00:00:00	129.853	130.055	128.478	129.590	42196	0	0
2019.08.29	00:00:00	129.592	130.019	128.966	129.682	37687	0	0
2019.08.30	00:00:00	129.686	129.798	129.073	129.254	35456	0	0
2019.09.01	00:00:00	129.036	129.094	128.687	129.032	3016	0	0
2019.09.02	00:00:00	129.033	129.304	127.864	128.107	31354	0	0
2019.09.03	00:00:00	128.108	128.238	126.668	127.971	43507	0	0
2019.09.04	00:00:00	127.972	130.390	127.931	130.214	42104	0	0
2019.09.05	00:00:00	130.213	132.147	129.913	131.953	43207	0	0
2019.09.06	00:00:00	131.953	132.115	131.260	131.363	36631	0	0
2019.09.08	00:00:00	131.097	131.401	131.070	131.364	2001	0	0
2019.09.09	00:00:00	131.363	132.539	130.801	132.504	37409	0	0
2019.09.10	00:00:00	132.506	132.975	132.008	132.955	37545	0	0
2019.09.11	00:00:00	132.953	133.351	132.664	133.226	36639	0	0
2019.09.12	00:00:00	133.225	133.628	132.166	133.374	41365	0	0
2019.09.13	00:00:00	133.376	135.187	133.305	135.119	36094	0	0
2019.09.15	00:00:00	134.340	134.810	134.327	134.648	3643	0	0
2019.09.16	00:00:00	134.647	134.672	133.871	134.375	38679	0	0
2019.09.17	00:00:00	134.371	135.403	133.981	135.122	35238	0	0
2019.09.18	00:00:00	135.123	135.643	134.590	135.196	35736	0	0
2019.09.19	00:00:00	135.198	135.505	134.259	135.321	41460	0	0
2019.09.20	00:00:00	135.323	135.709	134.072	134.130	36563	0	0
2019.09.22	00:00:00	134.248	134.355	134.178	134.233	2429	0	0
2019.09.23	00:00:00	134.231	134.534	133.342	133.768	34722	0	0
2019.09.24	00:00:00	133.771	134.555	133.545	133.787	39598	0	0
2019.09.25	00:00:00	133.789	133.979	132.832	133.094	39739	0	0
2019.09.26	00:00:00	133.095	133.273	132.375	132.829	35714	0	0
2019.09.27	00:00:00	132.828	133.263	132.327	132.618	35230	0	0
2019.09.29	00:00:00	132.691	132.740	132.574	132.683	2070	0	0
2019.09.30	00:00:00	132.682	133.321	132.465	132.787	35274	0	0
2019.10.01	00:00:00	132.788	133.336	131.778	132.429	41205	0	0
2019.10.02	00:00:00	132.431	132.542	131.573	131.847	40215	0	0
2019.10.03	00:00:00	131.845	132.527	131.481	131.834	41092	0	0
2019.10.04	00:00:00	131.831	131.978	131.273	131.858	33083	0	0
2019.10.06	00:00:00	131.372	131.762	131.353	131.673	2183	0	0
2019.10.07	00:00:00	131.676	132.226	131.307	131.774	32557	0	0
2019.10.08	00:00:00	131.775	132.099	130.421	130.670	39727	0	0
2019.10.09	00:00:00	130.671	131.805	130.646	130.932	37720	0	0
2019.10.10	00:00:00	130.931	134.533	130.847	134.080	49507	0	0
2019.10.11	00:00:00	134.082	137.869	134.025	137.111	49887	0	0
2019.10.13	00:00:00	136.862	137.141	136.816	136.847	3148	0	0
2019.10.14	00:00:00	136.849	137.011	135.516	136.669	42444	0	0
2019.10.15	00:00:00	136.666	139.297	136.445	138.814	53590	0	0
2019.10.16	00:00:00	138.813	140.059	137.526	139.314	54790	0	0
2019.10.17	00:00:00	139.313	141.439	138.624	139.690	52464	0	0
2019.10.18	00:00:00	139.694	140.648	139.340	140.529	42294	0	0
2019.10.20	00:00:00	140.197	140.197	139.495	139.872	3934	0	0
2019.10.21	00:00:00	139.875	141.334	139.782	140.867	40207	0	0
2019.10.22	00:00:00	140.866	141.108	139.516	139.764	46941	0	0
2019.10.23	00:00:00	139.763	140.417	139.081	140.360	43982	0	0
2019.10.24	00:00:00	140.358	140.728	138.863	139.437	41703	0	0
2019.10.25	00:00:00	139.436	139.779	139.023	139.349	32887	0	0
2019.10.27	00:00:00	139.327	139.507	139.323	139.480	2592	0	0
2019.10.28	00:00:00	139.479	140.245	139.338	140.102	34083	0	0
2019.10.29	00:00:00	140.100	140.524	139.463	140.062	36827	0	0
2019.10.30	00:00:00	140.063	140.496	139.954	140.353	36526	0	0
2019.10.31	00:00:00	140.358	140.674	139.600	139.734	41098	0	0
2019.11.01	00:00:00	139.737	140.147	139.687	139.960	33209	0	0
2019.11.03	00:00:00	139.927	140.032	139.888	139.994	1477	0	0
2019.11.04	00:00:00	139.994	140.228	139.827	140.102	30442	0	0
2019.11.05	00:00:00	140.100	140.740	139.995	140.575	36025	0	0
2019.11.06	00:00:00	140.574	140.581	139.869	140.009	31814	0	0
2019.11.07	00:00:00	140.009	140.524	139.488	140.076	41459	0	0
2019.11.08	00:00:00	140.078	140.202	139.415	139.602	31961	0	0
2019.11.10	00:00:00	139.682	139.773	139.656	139.717	1203	0	0
2019.11.11	00:00:00	139.717	140.483	139.362	140.157	30983	0	0
2019.11.12	00:00:00	140.155	140.580	139.939	140.066	34685	0	0
2019.11.13	00:00:00	140.065	140.246	139.436	139.836	34959	0	0
2019.11.14	00:00:00	139.837	139.847	139.394	139.752	35993	0	0
2019.11.15	00:00:00	139.754	140.454	139.671	140.415	28352	0	0
2019.11.17	00:00:00	140.500	140.508	140.342	140.427	1854	0	0
2019.11.18	00:00:00	140.428	141.560	140.398	140.712	33124	0	0
2019.11.19	00:00:00	140.712	140.928	140.102	140.226	33802	0	0
2019.11.20	00:00:00	140.228	140.480	139.682	140.201	37997	0	0
2019.11.21	00:00:00	140.201	140.925	139.970	140.267	38899	0	0
2019.11.22	00:00:00	140.266	140.495	139.317	139.439	31935	0	0
2019.11.24	00:00:00	139.650	139.717	139.573	139.714	1588	0	0
2019.11.25	00:00:00	139.715	140.614	139.641	140.561	31702	0	0
2019.11.26	00:00:00	140.562	140.884	139.986	140.293	34650	0	0
2019.11.27	00:00:00	140.293	141.818	140.046	141.405	34361	0	0
2019.11.28	00:00:00	141.406	141.754	141.249	141.398	30965	0	0
2019.11.29	00:00:00	141.400	141.676	141.111	141.560	29194	0	0
2019.12.01	00:00:00	141.416	141.448	141.357	141.426	1741	0	0
2019.12.02	00:00:00	141.424	141.809	140.937	141.066	33751	0	0
2019.12.03	00:00:00	141.064	141.705	140.917	141.220	36001	0	0
2019.12.04	00:00:00	141.221	142.772	140.822	142.652	38002	0	0
2019.12.05	00:00:00	142.652	143.243	142.608	143.061	35341	0	0
2019.12.06	00:00:00	143.060	143.138	142.369	142.659	30790	0	0
2019.12.08	00:00:00	142.669	142.769	142.590	142.732	1985	0	0
2019.12.09	00:00:00	142.735	143.083	142.560	142.732	32598	0	0
2019.12.10	00:00:00	142.735	143.652	142.576	142.798	34884	0	0
2019.12.11	00:00:00	142.799	143.368	142.548	143.277	36727	0	0
2019.12.12	00:00:00	143.279	147.844	142.476	147.399	53144	0	0
2019.12.13	00:00:00	147.400	147.948	145.454	145.884	54805	0	0
2019.12.15	00:00:00	145.782	146.126	145.782	146.058	1974	0	0
2019.12.16	00:00:00	146.057	146.799	145.162	145.381	39632	0	0
2019.12.17	00:00:00	145.383	145.719	143.479	143.703	44098	0	0
2019.12.18	00:00:00	143.704	143.717	143.061	143.335	41427	0	0
2019.12.19	00:00:00	143.334	143.852	141.970	142.381	41239	0	0
2019.12.20	00:00:00	142.383	143.044	142.171	142.360	32049	0	0
2019.12.22	00:00:00	142.286	142.520	142.115	142.397	2019	0	0
2019.12.23	00:00:00	142.398	142.508	141.164	141.549	35273	0	0
2019.12.24	00:00:00	141.555	141.849	141.320	141.814	25051	0	0
2019.12.26	00:00:00	142.281	142.717	141.985	142.477	15587	0	0
2019.12.27	00:00:00	142.483	143.637	142.037	143.123	33438	0	0
2019.12.29	00:00:00	143.092	143.345	143.065	143.274	1480	0	0
2019.12.30	00:00:00	143.273	143.421	142.588	142.757	37159	0	0
2019.12.31	00:00:00	142.756	144.355	142.428	144.024	28001	0	0
2020.01.02	00:00:00	144.102	144.185	142.271	142.698	37694	0	0
2020.01.03	00:00:00	142.699	142.745	141.000	141.314	44146	0	0
2020.01.05	00:00:00	141.199	141.201	140.845	141.185	2196	0	0
2020.01.06	00:00:00	141.186	142.820	141.114	142.775	41339	0	0
2020.01.07	00:00:00	142.779	143.283	141.357	141.617	44263	0	0
2020.01.08	00:00:00	141.618	143.099	141.120	142.896	55119	0	0
2020.01.09	00:00:00	142.898	143.449	142.423	143.104	40574	0	0
2020.01.10	00:00:00	143.106	143.482	142.888	142.968	34934	0	0
2020.01.12	00:00:00	142.804	142.926	142.755	142.894	1832	0	0
2020.01.13	00:00:00	142.893	142.960	142.362	142.849	33859	0	0
2020.01.14	00:00:00	142.853	143.426	142.448	143.032	38421	0	0
2020.01.15	00:00:00	143.034	143.411	142.663	143.276	35398	0	0
2020.01.16	00:00:00	143.277	144.145	143.234	144.077	33295	0	0
2020.01.17	00:00:00	144.074	144.516	143.294	143.361	32003	0	0
2020.01.19	00:00:00	143.113	143.307	143.108	143.301	1592	0	0
2020.01.20	00:00:00	143.299	143.346	142.798	143.258	24534	0	0
2020.01.21	00:00:00	143.261	143.964	142.862	143.378	37237	0	0
2020.01.22	00:00:00	143.380	144.600	143.329	144.225	36662	0	0
2020.01.23	00:00:00	144.227	144.301	143.207	143.724	35595	0	0
2020.01.24	00:00:00	143.728	144.388	142.715	142.888	35444	0	0
2020.01.26	00:00:00	142.457	142.505	142.064	142.107	2398	0	0
2020.01.27	00:00:00	142.104	142.737	142.084	142.248	35435	0	0
2020.01.28	00:00:00	142.250	142.448	141.478	142.128	32554	0	0
2020.01.29	00:00:00	142.128	142.224	141.707	141.903	28714	0	0
2020.01.30	00:00:00	141.905	142.699	141.256	142.474	41176	0	0
2020.01.31	00:00:00	142.476	143.278	142.476	143.073	34764	0	0
2020.02.02	00:00:00	142.878	142.888	142.724	142.846	1739	0	0
2020.02.03	00:00:00	142.852	143.098	141.068	141.163	38094	0	0
2020.02.04	00:00:00	141.165	142.829	140.923	142.605	36638	0	0
2020.02.05	00:00:00	142.604	143.367	142.224	142.698	36134	0	0
2020.02.06	00:00:00	142.701	142.812	142.085	142.180	31543	0	0
2020.02.07	00:00:00	142.182	142.364	141.401	141.429	32304	0	0
2020.02.09	00:00:00	141.373	141.470	141.225	141.302	1862	0	0
2020.02.10	00:00:00	141.299	142.079	141.276	141.768	31756	0	0
2020.02.11	00:00:00	141.767	142.452	141.691	142.302	29755	0	0
2020.02.12	00:00:00	142.304	142.877	142.218	142.352	28821	0	0
2020.02.13	00:00:00	142.355	143.469	142.144	143.183	35249	0	0
2020.02.14	00:00:00	143.186	143.399	142.759	143.187	27694	0	0
2020.02.16	00:00:00	143.174	143.339	143.105	143.293	1486	0	0
2020.02.17	00:00:00	143.291	143.341	142.771	142.844	23028	0	0
2020.02.18	00:00:00	142.845	143.222	142.315	142.880	32395	0	0
2020.02.19	00:00:00	142.881	144.159	142.819	143.730	33873	0	0
2020.02.20	00:00:00	143.730	144.594	143.599	144.222	42329	0	0
2020.02.21	00:00:00	144.223	144.946	143.721	144.538	37164	0	0
2020.02.23	00:00:00	144.193	144.495	144.193	144.465	2693	0	0
2020.02.24	00:00:00	144.467	144.617	142.631	143.259	44749	0	0
2020.02.25	00:00:00	143.262	143.636	142.960	143.388	49673	0	0
2020.02.26	00:00:00	143.393	143.711	142.237	142.437	52365	0	0
2020.02.27	00:00:00	142.443	142.541	140.897	141.262	58538	0	0
2020.02.28	00:00:00	141.264	141.342	137.530	138.725	67367	0	0
2020.03.01	00:00:00	138.038	138.040	137.463	137.851	2778	0	0
2020.03.02	00:00:00	137.855	139.172	137.149	138.492	67675	0	0
2020.03.03	00:00:00	138.514	138.536	136.938	137.213	69448	0	0
2020.03.04	00:00:00	137.229	138.605	137.205	138.596	56082	0	0
2020.03.05	00:00:00	138.610	138.634	137.376	137.589	52022	0	0
2020.03.06	00:00:00	137.592	137.730	136.437	137.462	67119	0	0
2020.03.08	00:00:00	136.367	136.782	135.734	136.111	8921	0	0
2020.03.09	00:00:00	136.113	136.325	132.579	134.751	118549	0	0
2020.03.10	00:00:00	134.754	137.200	134.050	135.551	102643	0	0
2020.03.11	00:00:00	135.553	136.548	133.776	133.986	85739	0	0
2020.03.12	00:00:00	133.983	134.235	131.330	131.589	115594	0	0
2020.03.13	00:00:00	131.588	134.306	131.226	132.330	100986	0	0
2020.03.15	00:00:00	131.780	132.951	131.101	132.037	13206	0	0
2020.03.16	00:00:00	132.034	132.575	128.901	130.278	117860	0	0
2020.03.17	00:00:00	130.282	131.218	128.596	130.126	108863	0	0
2020.03.18	00:00:00	130.129	130.326	124.074	125.784	109355	0	0
2020.03.19	00:00:00	125.787	129.565	124.762	127.907	127442	0	0
2020.03.20	00:00:00	127.905	132.034	127.472	128.950	114758	0	0
2020.03.22	00:00:00	129.157	129.358	127.933	128.262	11652	0	0
2020.03.23	00:00:00	128.264	129.112	127.332	128.490	105841	0	0
2020.03.24	00:00:00	128.491	131.423	128.016	131.004	92882	0	0
2020.03.25	00:00:00	131.002	133.389	129.862	131.329	95574	0	0
2020.03.26	00:00:00	131.324	133.814	130.620	133.058	97266	0	0
2020.03.27	00:00:00	133.060	134.753	132.125	134.390	93630	0	0
2020.03.29	00:00:00	133.987	134.150	133.442	133.788	5681	0	0
2020.03.30	00:00:00	133.792	134.405	132.756	133.667	76952	0	0
2020.03.31	00:00:00	133.670	134.609	133.059	133.376	86528	0	0
2020.04.01	00:00:00	133.378	133.588	132.488	132.828	69900	0	0
2020.04.02	00:00:00	132.826	134.090	132.545	133.867	66178	0	0
2020.04.03	00:00:00	133.864	133.928	132.549	133.069	57677	0	0
2020.04.05	00:00:00	132.538	133.076	132.532	132.818	4583	0	0
2020.04.06	00:00:00	132.817	134.516	132.774	133.471	63109	0	0
2020.04.07	00:00:00	133.472	134.968	133.118	134.058	63941	0	0
2020.04.08	00:00:00	134.057	135.018	133.699	134.967	55976	0	0
2020.04.09	00:00:00	134.968	135.740	134.640	135.160	57847	0	0
2020.04.10	00:00:00	135.163	135.359	134.913	135.124	30396	0	0
2020.04.12	00:00:00	135.116	135.194	134.853	134.982	3416	0	0
2020.04.13	00:00:00	134.982	135.139	134.509	134.752	42015	0	0
2020.04.14	00:00:00	134.751	135.486	134.572	135.217	48606	0	0
2020.04.15	00:00:00	135.218	135.269	133.638	134.717	51216	0	0
2020.04.16	00:00:00	134.718	134.938	133.711	134.780	72245	0	0
2020.04.17	00:00:00	134.779	134.842	133.896	134.320	61309	0	0
2020.04.19	00:00:00	134.407	134.473	134.255	134.455	2392	0	0
2020.04.20	00:00:00	134.454	134.713	133.765	133.944	54248	0	0
2020.04.21	00:00:00	133.946	134.034	131.905	132.505	70377	0	0
2020.04.22	00:00:00	132.506	133.289	132.042	132.864	59491	0	0
2020.04.23	00:00:00	132.862	133.673	132.391	132.967	72971	0	0
2020.04.24	00:00:00	132.970	133.144	132.390	132.898	54458	0	0
2020.04.26	00:00:00	132.962	132.980	132.814	132.949	2185	0	0
2020.04.27	00:00:00	132.952	133.551	132.894	133.269	53136	0	0
2020.04.28	00:00:00	133.270	133.549	132.685	132.740	52053	0	0
2020.04.29	00:00:00	132.742	133.023	131.934	132.939	51209	0	0
2020.04.30	00:00:00	132.941	135.443	132.661	134.965	70006	0	0
2020.05.01	00:00:00	134.963	135.069	133.361	133.559	53829	0	0
2020.05.03	00:00:00	133.345	133.415	132.848	132.928	3428	0	0
2020.05.04	00:00:00	132.929	133.233	132.512	132.770	51475	0	0
2020.05.05	00:00:00	132.769	133.174	132.395	132.456	51786	0	0
2020.05.06	00:00:00	132.458	132.463	130.602	130.893	49735	0	0
2020.05.07	00:00:00	130.895	131.998	130.772	131.610	60663	0	0
2020.05.08	00:00:00	131.612	132.675	131.551	132.331	44585	0	0
2020.05.10	00:00:00	132.229	132.762	132.181	132.755	3307	0	0
2020.05.11	00:00:00	132.757	133.182	131.874	132.670	57916	0	0
2020.05.12	00:00:00	132.672	132.851	131.258	131.296	58509	0	0
2020.05.13	00:00:00	131.298	131.928	130.645	130.865	64519	0	0
2020.05.14	00:00:00	130.863	131.341	130.139	131.327	60185	0	0
2020.05.15	00:00:00	131.325	131.411	129.537	129.621	56873	0	0
2020.05.17	00:00:00	129.407	129.747	129.190	129.562	3597	0	0
2020.05.18	00:00:00	129.564	131.274	129.541	130.997	54794	0	0
2020.05.19	00:00:00	130.999	132.498	130.778	132.134	62336	0	0
2020.05.20	00:00:00	132.136	132.415	131.432	131.649	52092	0	0
2020.05.21	00:00:00	131.651	131.943	131.214	131.555	50795	0	0
2020.05.22	00:00:00	131.557	131.772	130.650	130.858	44896	0	0
2020.05.24	00:00:00	130.954	131.319	130.881	131.292	2507	0	0
2020.05.25	00:00:00	131.293	131.401	130.987	131.393	31378	0	0
2020.05.26	00:00:00	131.392	133.030	131.371	132.554	51449	0	0
2020.05.27	00:00:00	132.553	132.997	131.626	132.198	67219	0	0
2020.05.28	00:00:00	132.200	132.873	131.822	132.594	59378	0	0
2020.05.29	00:00:00	132.596	133.453	131.774	132.998	74825	0	0
2020.05.31	00:00:00	132.795	133.134	132.741	132.964	3616	0	0
2020.06.01	00:00:00	132.966	134.526	132.923	134.297	60968	0	0
2020.06.02	00:00:00	134.295	136.936	134.258	136.911	71056	0	0
2020.06.03	00:00:00	136.909	137.383	136.249	137.049	74360	0	0
2020.06.04	00:00:00	137.050	137.803	135.952	137.582	79239	0	0
2020.06.05	00:00:00	137.580	139.731	137.267	138.823	79985	0	0
2020.06.07	00:00:00	138.972	139.572	138.897	139.421	4050	0	0
2020.06.08	00:00:00	139.420	139.422	137.418	138.059	65131	0	0
2020.06.09	00:00:00	138.058	138.170	136.229	136.996	78612	0	0
2020.06.10	00:00:00	136.999	137.410	135.943	136.006	87348	0	0
2020.06.11	00:00:00	136.008	136.417	134.095	134.279	101560	0	0
2020.06.12	00:00:00	134.281	136.036	133.777	134.652	95473	0	0
2020.06.14	00:00:00	134.320	134.549	134.112	134.238	4975	0	0
2020.06.15	00:00:00	134.240	135.827	133.475	135.822	92748	0	0
2020.06.16	00:00:00	135.824	136.341	134.723	135.123	94283	0	0
2020.06.17	00:00:00	135.122	135.132	134.040	134.122	76184	0	0
2020.06.18	00:00:00	134.124	134.335	132.359	132.938	83033	0	0
2020.06.19	00:00:00	132.940	133.227	131.875	131.938	58947	0	0
2020.06.21	00:00:00	131.840	131.967	131.774	131.889	3438	0	0
2020.06.22	00:00:00	131.892	133.700	131.761	133.619	60292	0	0
2020.06.23	00:00:00	133.621	133.979	132.596	133.282	80386	0	0
2020.06.24	00:00:00	133.283	133.614	132.675	132.836	73758	0	0
2020.06.25	00:00:00	132.838	133.605	132.785	133.132	65270	0	0
2020.06.26	00:00:00	133.130	133.253	132.034	132.237	50500	0	0
2020.06.28	00:00:00	132.214	132.330	132.040	132.320	2322	0	0
2020.06.29	00:00:00	132.319	132.678	131.950	132.438	53516	0	0
2020.06.30	00:00:00	132.440	133.880	132.000	133.773	55879	0	0
2020.07.01	00:00:00	133.771	134.215	132.939	133.827	55351	0	0
2020.07.02	00:00:00	133.826	134.695	133.788	134.000	53303	0	0
2020.07.03	00:00:00	133.998	134.219	133.685	134.159	40909	0	0
2020.07.05	00:00:00	134.011	134.233	133.985	134.197	1821	0	0
2020.07.06	00:00:00	134.198	134.665	134.008	134.138	47739	0	0
2020.07.07	00:00:00	134.136	135.403	134.103	134.902	51789	0	0
2020.07.08	00:00:00	134.900	135.416	134.572	135.309	50887	0	0
2020.07.09	00:00:00	135.310	135.912	135.044	135.167	53562	0	0
2020.07.10	00:00:00	135.169	135.192	134.248	134.946	46866	0	0
2020.07.12	00:00:00	135.070	135.083	134.941	134.985	2337	0	0
2020.07.13	00:00:00	134.987	135.477	134.583	134.648	51117	0	0
2020.07.14	00:00:00	134.650	134.864	133.974	134.788	59477	0	0
2020.07.15	00:00:00	134.790	135.078	134.462	134.588	53690	0	0
2020.07.16	00:00:00	134.587	135.164	134.047	134.725	53976	0	0
2020.07.17	00:00:00	134.727	134.900	134.117	134.494	38951	0	0
2020.07.19	00:00:00	134.389	134.629	134.345	134.629	2498	0	0
2020.07.20	00:00:00	134.627	135.902	134.339	135.711	48506	0	0
2020.07.21	00:00:00	135.712	136.432	135.704	136.012	50985	0	0
2020.07.22	00:00:00	136.010	136.618	135.278	136.394	57561	0	0
2020.07.23	00:00:00	136.396	136.617	135.836	136.002	57007	0	0
2020.07.24	00:00:00	136.000	136.034	134.993	135.776	62220	0	0
2020.07.26	00:00:00	135.590	135.738	135.402	135.600	3873	0	0
2020.07.27	00:00:00	135.598	135.885	135.138	135.674	62614	0	0
2020.07.28	00:00:00	135.676	136.121	135.315	135.840	61393	0	0
2020.07.29	00:00:00	135.839	136.460	135.671	136.336	62543	0	0
2020.07.30	00:00:00	136.334	137.376	136.058	137.296	68250	0	0
2020.07.31	00:00:00	137.294	139.192	136.783	138.499	83867	0	0
2020.08.02	00:00:00	138.315	138.697	138.258	138.677	4436	0	0
2020.08.03	00:00:00	138.675	139.020	137.741	138.662	75588	0	0
2020.08.04	00:00:00	138.660	138.874	137.798	138.204	59015	0	0
2020.08.05	00:00:00	138.206	138.996	138.036	138.541	59835	0	0
2020.08.06	00:00:00	138.543	139.225	138.431	138.701	70884	0	0
2020.08.07	00:00:00	138.702	138.742	137.841	138.202	59521	0	0
2020.08.09	00:00:00	138.243	138.310	138.081	138.141	3794	0	0
2020.08.10	00:00:00	138.143	138.640	138.096	138.597	44810	0	0
2020.08.11	00:00:00	138.596	139.494	138.573	138.978	61100	0	0
2020.08.12	00:00:00	138.980	139.614	138.869	139.378	62079	0	0
2020.08.13	00:00:00	139.380	140.200	139.272	139.813	55258	0	0
2020.08.14	00:00:00	139.815	140.010	139.336	139.472	44172	0	0
2020.08.16	00:00:00	139.529	139.674	139.495	139.639	2528	0	0
2020.08.17	00:00:00	139.640	139.679	138.729	138.927	47363	0	0
2020.08.18	00:00:00	138.925	139.633	138.592	139.454	54114	0	0
2020.08.19	00:00:00	139.455	139.945	138.788	139.067	61802	0	0
2020.08.20	00:00:00	139.065	139.863	138.560	139.681	62509	0	0
2020.08.21	00:00:00	139.682	139.938	138.246	138.446	58809	0	0
2020.08.23	00:00:00	138.364	138.688	138.334	138.609	2453	0	0
2020.08.24	00:00:00	138.612	138.996	138.283	138.542	45856	0	0
2020.08.25	00:00:00	138.540	140.023	138.437	139.901	52309	0	0
2020.08.26	00:00:00	139.902	140.293	139.630	139.944	51760	0	0
2020.08.27	00:00:00	139.942	140.852	139.690	140.777	66659	0	0
2020.08.28	00:00:00	140.775	141.607	140.011	140.624	66516	0	0
2020.08.30	00:00:00	140.584	141.114	140.557	140.937	3620	0	0
2020.08.31	00:00:00	140.934	142.032	140.497	141.643	53469	0	0
2020.09.01	00:00:00	141.645	142.706	141.326	141.898	69039	0	0
2020.09.02	00:00:00	141.897	141.960	141.011	141.760	58832	0	0
2020.09.03	00:00:00	141.758	141.774	140.472	140.705	65297	0	0
2020.09.04	00:00:00	140.704	141.429	140.112	141.081	64660	0	0
2020.09.06	00:00:00	140.848	140.912	140.596	140.823	2825	0	0
2020.09.07	00:00:00	140.825	140.985	139.590	139.899	40072	0	0
2020.09.08	00:00:00	139.897	139.911	137.016	137.381	65460	0	0
2020.09.09	00:00:00	137.379	138.352	136.731	138.080	65259	0	0
2020.09.10	00:00:00	138.078	138.349	135.566	135.937	60424	0	0
2020.09.11	00:00:00	135.936	136.582	135.566	135.829	47102	0	0
2020.09.13	00:00:00	135.490	135.940	135.458	135.940	2170	0	0
2020.09.14	00:00:00	135.938	136.579	135.694	135.838	41742	0	0
2020.09.15	00:00:00	135.837	136.428	135.414	135.782	41852	0	0
2020.09.16	00:00:00	135.781	136.461	135.551	136.161	51796	0	0
2020.09.17	00:00:00	136.159	136.159	134.566	135.839	57432	0	0
2020.09.18	00:00:00	135.837	136.155	134.946	135.054	42297	0	0
2020.09.20	00:00:00	135.005	135.218	135.005	135.178	2083	0	0
2020.09.21	00:00:00	135.181	135.324	133.531	134.186	53323	0	0
2020.09.22	00:00:00	134.187	134.380	133.020	133.858	55253	0	0
2020.09.23	00:00:00	133.856	134.609	133.134	133.881	54187	0	0
2020.09.24	00:00:00	133.884	134.658	133.601	134.491	57370	0	0
2020.09.25	00:00:00	134.488	134.818	133.825	134.543	44138	0	0
2020.09.27	00:00:00	134.562	134.833	134.539	134.757	1834	0	0
2020.09.28	00:00:00	134.754	136.221	134.356	135.737	46865	0	0
2020.09.29	00:00:00	135.734	136.248	135.430	135.943	47970	0	0
2020.09.30	00:00:00	135.942	136.535	135.176	136.194	56695	0	0
2020.10.01	00:00:00	136.198	137.004	135.354	136.003	62426	0	0
2020.10.02	00:00:00	136.000	136.384	135.049	136.149	66557	0	0
2020.10.04	00:00:00	136.061	136.513	135.974	136.413	3222	0	0
2020.10.05	00:00:00	136.416	137.401	136.220	137.337	39192	0	0
2020.10.06	00:00:00	137.338	137.436	135.843	136.097	53659	0	0
2020.10.07	00:00:00	136.099	136.987	135.954	136.864	46436	0	0
2020.10.08	00:00:00	136.865	137.398	136.678	137.187	40261	0	0
2020.10.09	00:00:00	137.184	137.833	136.785	137.716	40408	0	0
2020.10.11	00:00:00	137.746	137.784	137.610	137.625	2217	0	0
2020.10.12	00:00:00	137.624	137.711	137.215	137.612	36532	0	0
2020.10.13	00:00:00	137.613	137.768	136.346	136.410	45013	0	0
2020.10.14	00:00:00	136.413	137.320	135.658	136.801	46731	0	0
2020.10.15	00:00:00	136.804	137.166	135.760	135.937	48431	0	0
2020.10.16	00:00:00	135.940	136.409	135.368	136.082	49003	0	0
2020.10.18	00:00:00	135.917	136.330	135.917	136.271	2251	0	0
2020.10.19	00:00:00	136.270	137.243	136.232	136.536	42726	0	0
2020.10.20	00:00:00	136.535	137.025	136.325	136.650	39513	0	0
2020.10.21	00:00:00	136.651	137.658	136.549	137.432	47273	0	0
2020.10.22	00:00:00	137.431	137.583	136.960	137.186	39946	0	0
2020.10.23	00:00:00	137.183	137.318	136.360	136.546	38169	0	0
2020.10.25	00:00:00	136.620	136.670	136.501	136.650	2633	0	0
2020.10.26	00:00:00	136.654	137.060	136.292	136.436	40299	0	0
2020.10.27	00:00:00	136.433	136.584	136.090	136.221	35856	0	0
2020.10.28	00:00:00	136.224	136.232	134.878	135.494	50209	0	0
2020.10.29	00:00:00	135.491	135.942	134.640	135.197	49886	0	0
2020.10.30	00:00:00	135.198	135.794	134.398	135.514	49616	0	0
2020.11.01	00:00:00	135.117	135.399	135.093	135.140	2100	0	0
2020.11.02	00:00:00	135.173	135.426	134.868	135.289	40072	0	0
2020.11.03	00:00:00	135.316	137.349	135.153	137.118	42121	0	0
2020.11.04	00:00:00	137.153	137.323	135.115	135.380	96109	0	0
2020.11.05	00:00:00	135.409	136.297	135.076	136.094	66325	0	0
2020.11.06	00:00:00	136.116	136.191	135.462	135.895	56472	0	0
2020.11.08	00:00:00	135.941	136.123	135.722	136.047	3041	0	0
2020.11.09	00:00:00	136.080	138.904	136.023	138.426	68480	0	0
2020.11.10	00:00:00	138.445	139.764	138.159	139.552	61780	0	0
2020.11.11	00:00:00	139.578	140.305	139.199	139.356	49085	0	0
2020.11.12	00:00:00	139.389	139.405	137.740	137.866	46688	0	0
2020.11.13	00:00:00	137.894	138.503	137.537	138.067	36519	0	0
2020.11.15	00:00:00	137.986	138.392	137.844	138.346	2338	0	0
2020.11.16	00:00:00	138.373	138.863	137.659	138.173	45003	0	0
2020.11.17	00:00:00	138.201	138.348	137.809	138.065	40170	0	0
2020.11.18	00:00:00	138.093	138.170	137.589	137.641	36757	0	0
2020.11.19	00:00:00	137.670	137.995	137.187	137.493	42203	0	0
2020.11.20	00:00:00	137.514	138.052	137.485	137.976	33368	0	0
2020.11.22	00:00:00	137.946	138.107	137.844	138.081	2540	0	0
2020.11.23	00:00:00	138.109	139.333	138.077	139.267	39826	0	0
2020.11.24	00:00:00	139.293	139.832	139.113	139.610	41999	0	0
2020.11.25	00:00:00	139.635	139.848	138.996	139.691	40975	0	0
2020.11.26	00:00:00	139.719	139.781	138.920	139.180	27898	0	0
2020.11.27	00:00:00	139.209	139.217	138.260	138.563	34834	0	0
2020.11.29	00:00:00	138.671	138.810	138.473	138.710	1828	0	0
2020.11.30	00:00:00	138.755	139.460	138.407	139.061	45545	0	0
2020.12.01	00:00:00	139.088	140.299	138.956	139.952	48119	0	0
2020.12.02	00:00:00	139.980	140.439	138.886	139.596	49478	0	0
2020.12.03	00:00:00	139.624	140.278	139.519	139.632	44895	0	0
2020.12.04	00:00:00	139.667	140.697	139.439	139.953	51096	0	0
2020.12.06	00:00:00	139.637	139.827	139.571	139.762	2985	0	0
2020.12.07	00:00:00	139.790	139.818	137.899	138.874	58641	0	0
2020.12.08	00:00:00	138.897	139.368	138.401	139.147	53450	0	0
2020.12.09	00:00:00	139.174	140.323	138.952	139.349	44650	0	0
2020.12.10	00:00:00	139.375	139.655	138.383	138.544	51688	0	0
2020.12.11	00:00:00	138.570	138.621	136.784	137.546	49832	0	0
2020.12.13	00:00:00	138.650	138.654	138.303	138.386	3688	0	0
2020.12.14	00:00:00	138.433	139.427	138.263	138.562	46986	0	0
2020.12.15	00:00:00	138.591	139.564	138.274	139.340	49915	0	0
2020.12.16	00:00:00	139.369	140.057	139.142	139.679	49200	0	0
2020.12.17	00:00:00	139.706	140.439	139.587	139.923	45689	0	0
2020.12.18	00:00:00	139.951	140.315	139.310	139.615	41846	0	0
2020.12.20	00:00:00	138.839	138.990	138.432	138.627	3313	0	0
2020.12.21	00:00:00	138.666	139.517	136.963	138.926	67108	0	0
2020.12.22	00:00:00	138.954	139.119	137.992	138.692	57085	0	0
2020.12.23	00:00:00	138.717	140.308	138.535	139.863	59237	0	0
2020.12.24	00:00:00	139.891	141.209	139.850	140.395	40550	0	0
2020.12.27	00:00:00	140.286	140.480	140.232	140.454	1493	0	0
2020.12.28	00:00:00	140.482	140.565	139.471	139.622	41038	0	0
2020.12.29	00:00:00	139.650	140.165	139.614	139.738	45095	0	0
2020.12.30	00:00:00	139.766	140.660	139.707	140.516	43661	0	0
2020.12.31	00:00:00	140.544	141.219	140.358	141.143	39108	0	0
2021.01.03	00:00:00	140.851	141.273	140.849	141.211	1885	0	0
2021.01.04	00:00:00	141.239	141.273	139.685	139.926	52858	0	0
2021.01.05	00:00:00	139.954	140.145	139.508	139.897	49313	0	0
2021.01.06	00:00:00	139.925	140.570	139.767	140.323	62478	0	0
2021.01.07	00:00:00	140.350	140.987	140.101	140.806	52740	0	0
2021.01.08	00:00:00	140.838	141.367	140.733	140.984	53819	0	0
2021.01.10	00:00:00	140.956	140.957	140.587	140.671	2415	0	0
2021.01.11	00:00:00	140.699	140.922	140.334	140.794	44378	0	0
2021.01.12	00:00:00	140.822	142.018	140.745	141.759	43185	0	0
2021.01.13	00:00:00	141.786	142.251	141.521	141.664	40322	0	0
2021.01.14	00:00:00	141.692	142.232	141.622	142.046	43498	0	0
2021.01.15	00:00:00	142.074	142.106	140.948	141.099	37879	0	0
2021.01.17	00:00:00	141.088	141.166	140.971	140.987	1619	0	0
2021.01.18	00:00:00	141.014	141.082	140.353	140.825	32457	0	0
2021.01.19	00:00:00	140.854	141.743	140.828	141.726	34906	0	0
2021.01.20	00:00:00	141.754	142.325	141.074	141.491	37396	0	0
2021.01.21	00:00:00	141.521	142.209	141.423	142.069	36242	0	0
2021.01.22	00:00:00	142.097	142.198	141.506	141.961	31526	0	0
2021.01.24	00:00:00	141.976	142.053	141.896	142.006	1973	0	0
2021.01.25	00:00:00	142.035	142.316	141.647	141.878	34640	0	0
2021.01.26	00:00:00	141.906	142.446	141.276	142.324	31923	0	0
2021.01.27	00:00:00	142.353	142.854	142.194	142.333	40849	0	0
2021.01.28	00:00:00	142.361	143.261	142.183	143.117	42347	0	0
2021.01.29	00:00:00	143.145	143.947	142.987	143.456	46279	0	0
2021.01.31	00:00:00	143.553	143.593	143.345	143.402	2388	0	0
2021.02.01	00:00:00	143.430	144.092	143.243	143.400	37622	0	0
2021.02.02	00:00:00	143.428	143.767	143.126	143.426	35081	0	0
2021.02.03	00:00:00	143.454	143.681	143.106	143.281	31281	0	0
2021.02.04	00:00:00	143.310	144.355	142.832	144.305	37008	0	0
2021.02.05	00:00:00	144.339	144.884	144.248	144.686	32174	0	0
2021.02.07	00:00:00	144.517	144.776	144.517	144.759	2764	0	0
2021.02.08	00:00:00	144.786	144.922	144.401	144.587	28955	0	0
2021.02.09	00:00:00	144.615	144.663	144.029	144.452	31602	0	0
2021.02.10	00:00:00	144.480	145.060	144.367	144.658	32421	0	0
2021.02.11	00:00:00	144.686	144.897	144.568	144.639	25644	0	0
2021.02.12	00:00:00	144.667	145.470	144.492	145.345	25664	0	0
2021.02.14	00:00:00	145.347	145.710	145.342	145.683	2394	0	0
2021.02.15	00:00:00	145.711	146.625	145.641	146.578	25865	0	0
2021.02.16	00:00:00	146.606	147.530	146.513	147.311	37308	0	0
2021.02.17	00:00:00	147.339	147.359	146.411	146.740	36141	0	0
2021.02.18	00:00:00	146.768	147.782	146.544	147.534	33326	0	0
2021.02.19	00:00:00	147.562	148.150	147.279	147.654	32003	0	0
2021.02.21	00:00:00	147.727	148.018	147.692	148.005	2525	0	0
2021.02.22	00:00:00	148.033	148.286	147.536	147.687	37420	0	0
2021.02.23	00:00:00	147.715	148.636	147.656	148.633	34485	0	0
2021.02.24	00:00:00	148.662	150.114	148.637	149.852	46095	0	0
2021.02.25	00:00:00	149.880	150.432	148.473	148.950	56708	0	0
2021.02.26	00:00:00	148.978	149.071	147.397	148.284	69793	0	0
2021.02.28	00:00:00	148.355	148.845	148.354	148.759	3740	0	0
2021.03.01	00:00:00	148.788	149.288	148.331	148.789	44440	0	0
2021.03.02	00:00:00	148.815	149.186	148.107	148.938	43983	0	0
2021.03.03	00:00:00	148.966	149.687	148.880	149.022	45998	0	0
2021.03.04	00:00:00	149.047	150.722	149.042	149.945	53566	0	0
2021.03.05	00:00:00	149.973	150.361	149.354	149.938	59699	0	0
2021.03.07	00:00:00	149.578	150.314	149.576	150.106	3040	0	0
2021.03.08	00:00:00	150.141	150.690	149.679	150.519	47145	0	0
2021.03.09	00:00:00	150.547	151.270	150.487	150.750	50158	0	0
2021.03.10	00:00:00	150.778	151.180	150.640	151.039	43149	0	0
2021.03.11	00:00:00	151.066	151.844	150.966	151.834	38866	0	0
2021.03.12	00:00:00	151.862	152.228	151.224	151.732	40028	0	0
2021.03.14	00:00:00	151.699	152.019	151.641	151.988	2242	0	0
2021.03.15	00:00:00	151.989	152.107	151.193	151.662	35369	0	0
2021.03.16	00:00:00	151.664	151.744	150.781	151.568	35851	0	0
2021.03.17	00:00:00	151.565	152.185	151.336	152.182	39972	0	0
2021.03.18	00:00:00	152.179	152.544	151.453	151.659	46919	0	0
2021.03.19	00:00:00	151.656	151.793	150.559	150.912	39383	0	0
2021.03.21	00:00:00	150.324	150.766	150.224	150.604	2866	0	0
2021.03.22	00:00:00	150.605	150.914	150.325	150.748	32359	0	0
2021.03.23	00:00:00	150.751	150.770	148.911	149.009	38056	0	0
2021.03.24	00:00:00	149.005	149.437	148.522	148.910	36012	0	0
2021.03.25	00:00:00	148.909	150.128	148.904	150.073	36182	0	0
2021.03.26	00:00:00	150.077	151.537	150.030	151.272	31491	0	0
2021.03.28	00:00:00	151.245	151.422	151.136	151.397	1968	0	0
2021.03.29	00:00:00	151.400	151.798	150.576	151.284	35879	0	0
2021.03.30	00:00:00	151.285	151.935	151.146	151.610	35599	0	0
2021.03.31	00:00:00	151.612	152.773	151.549	152.677	40179	0	0
2021.04.01	00:00:00	152.674	153.062	152.286	152.982	34130	0	0
2021.04.02	00:00:00	152.981	153.167	152.692	153.032	23228	0	0
2021.04.04	00:00:00	152.910	153.070	152.839	153.064	2322	0	0
2021.04.05	00:00:00	153.063	153.358	152.879	153.297	24499	0	0
2021.04.06	00:00:00	153.299	153.400	151.628	151.842	36853	0	0
2021.04.07	00:00:00	151.840	152.064	150.653	150.949	38763	0	0
2021.04.08	00:00:00	150.950	151.080	149.878	150.140	35548	0	0
2021.04.09	00:00:00	150.144	150.926	149.585	150.276	32766	0	0
2021.04.11	00:00:00	150.363	150.450	150.178	150.392	1727	0	0
2021.04.12	00:00:00	150.394	150.578	149.752	150.431	32060	0	0
2021.04.13	00:00:00	150.430	150.821	149.665	149.860	37718	0	0
2021.04.14	00:00:00	149.859	150.451	149.580	150.023	33676	0	0
2021.04.15	00:00:00	150.024	150.192	149.679	149.807	33834	0	0
2021.04.16	00:00:00	149.804	150.595	149.376	150.574	32341	0	0
2021.04.18	00:00:00	150.424	150.483	150.217	150.218	2230	0	0
2021.04.19	00:00:00	150.219	151.314	149.882	151.250	41027	0	0
2021.04.20	00:00:00	151.249	151.969	150.555	150.709	37193	0	0
2021.04.21	00:00:00	150.707	150.961	150.038	150.509	33684	0	0
2021.04.22	00:00:00	150.507	150.642	149.318	149.433	37188	0	0
2021.04.23	00:00:00	149.434	149.943	149.054	149.723	33499	0	0
2021.04.25	00:00:00	149.681	149.796	149.568	149.571	1580	0	0
2021.04.26	00:00:00	149.573	150.372	149.531	150.333	35391	0	0
2021.04.27	00:00:00	150.330	151.257	150.141	151.188	32898	0	0
2021.04.28	00:00:00	151.189	151.562	151.006	151.407	38086	0	0
2021.04.29	00:00:00	151.406	152.400	151.327	151.917	35977	0	0
2021.04.30	00:00:00	151.919	152.107	150.865	151.026	38355	0	0
2021.05.02	00:00:00	150.916	151.087	150.895	151.010	1162	0	0
2021.05.03	00:00:00	151.013	151.925	151.013	151.657	31893	0	0
2021.05.04	00:00:00	151.658	152.048	150.991	151.825	38769	0	0
2021.05.05	00:00:00	151.826	152.223	151.728	151.903	31020	0	0
2021.05.06	00:00:00	151.901	152.116	151.241	151.525	42580	0	0
2021.05.07	00:00:00	151.523	152.108	151.257	151.882	39044	0	0
2021.05.09	00:00:00	151.980	152.450	151.925	152.435	2556	0	0
2021.05.10	00:00:00	152.433	154.019	152.390	153.799	41498	0	0
2021.05.11	00:00:00	153.800	153.954	153.138	153.668	41882	0	0
2021.05.12	00:00:00	153.667	154.424	153.517	154.203	46593	0	0
2021.05.13	00:00:00	154.206	154.330	153.462	153.822	43618	0	0
2021.05.14	00:00:00	153.819	154.276	153.606	154.148	32877	0	0
2021.05.16	00:00:00	154.099	154.287	153.952	154.282	1562	0	0
2021.05.17	00:00:00	154.279	154.544	153.725	154.542	32738	0	0
2021.05.18	00:00:00	154.545	154.823	154.415	154.445	33899	0	0
2021.05.19	00:00:00	154.446	154.803	153.535	154.133	47066	0	0
2021.05.20	00:00:00	154.131	154.442	153.617	154.409	36429	0	0
2021.05.21	00:00:00	154.412	154.671	154.004	154.155	34083	0	0
2021.05.23	00:00:00	154.171	154.190	154.001	154.001	1393	0	0
2021.05.24	00:00:00	154.003	154.149	153.763	154.073	29988	0	0
2021.05.25	00:00:00	154.070	154.442	153.768	153.852	36494	0	0
2021.05.26	00:00:00	153.855	154.338	153.768	154.085	33964	0	0
2021.05.27	00:00:00	154.087	156.065	153.835	155.952	38584	0	0
2021.05.28	00:00:00	155.953	156.050	155.582	155.855	36196	0	0
2021.05.30	00:00:00	155.747	155.902	155.695	155.839	1214	0	0
2021.05.31	00:00:00	155.837	155.862	155.293	155.767	27707	0	0
2021.06.01	00:00:00	155.764	155.927	154.811	154.987	36517	0	0
2021.06.02	00:00:00	154.988	155.494	154.957	155.298	33058	0	0
2021.06.03	00:00:00	155.300	155.805	155.291	155.589	35734	0	0
2021.06.04	00:00:00	155.590	155.747	155.004	155.067	33736	0	0
2021.06.06	00:00:00	155.020	155.266	154.884	155.259	1970	0	0
2021.06.07	00:00:00	155.256	155.274	154.543	154.894	29858	0	0
2021.06.08	00:00:00	154.895	155.081	154.550	154.883	28897	0	0
2021.06.09	00:00:00	154.886	155.306	154.476	154.669	26431	0	0
2021.06.10	00:00:00	154.668	155.204	154.120	155.009	35179	0	0
2021.06.11	00:00:00	155.012	155.203	154.633	154.779	27538	0	0
2021.06.13	00:00:00	154.598	154.902	154.574	154.884	1634	0	0
2021.06.14	00:00:00	154.887	155.339	154.311	155.258	26139	0	0
2021.06.15	00:00:00	155.257	155.476	154.528	154.997	28248	0	0
2021.06.16	00:00:00	154.996	155.367	154.668	154.950	34748	0	0
2021.06.17	00:00:00	154.952	155.006	153.137	153.761	43324	0	0
2021.06.18	00:00:00	153.758	153.763	151.986	152.054	41098	0	0
2021.06.20	00:00:00	152.223	152.317	151.996	152.254	2288	0	0
2021.06.21	00:00:00	152.252	153.765	151.311	153.670	42121	0	0
2021.06.22	00:00:00	153.673	154.459	153.089	154.347	33772	0	0
2021.06.23	00:00:00	154.344	155.146	154.227	155.037	34579	0	0
2021.06.24	00:00:00	155.039	155.137	153.822	154.352	36874	0	0
2021.06.25	00:00:00	154.353	154.525	153.593	153.750	28819	0	0
2021.06.27	00:00:00	153.851	153.997	153.734	153.977	1736	0	0
2021.06.28	00:00:00	153.974	154.220	153.382	153.497	30418	0	0
2021.06.29	00:00:00	153.496	153.514	152.609	152.974	31649	0	0
2021.06.30	00:00:00	152.973	153.743	152.659	153.670	35126	0	0
2021.07.01	00:00:00	153.673	153.964	153.348	153.504	33862	0	0
2021.07.02	00:00:00	153.503	153.728	153.076	153.582	32086	0	0
2021.07.02	12:00:00	153.297	153.525	153.159	153.494	5799	0	20
2021.07.02	16:00:00	153.494	153.694	153.444	153.599	4449	0	20
2021.07.02	20:00:00	153.602	153.617	153.544	153.582	731	0	20
2021.07.04	00:00:00	153.446	153.742	153.425	153.714	1943	0	0
2021.07.04	20:00:00	153.446	153.742	153.425	153.714	1907	0	20
2021.07.05	00:00:00	153.714	153.715	153.540	153.575	3797	0	20
2021.07.05	04:00:00	153.575	153.718	153.516	153.575	4335	0	20
2021.07.05	08:00:00	153.572	153.658	153.455	153.572	4686	0	20
2021.07.05	12:00:00	153.572	153.660	153.517	153.630	4205	0	20
2021.07.05	16:00:00	153.630	153.698	153.536	153.638	7976	0	20
2021.07.05	20:00:00	153.642	153.718	153.552	153.648	2404	0	20
2021.07.06	00:00:00	153.649	153.953	153.523	153.887	4448	0	20
2021.07.06	04:00:00	153.888	154.064	153.631	153.645	6240	0	20
2021.07.06	08:00:00	153.642	153.656	153.205	153.302	7943	0	20
2021.07.06	12:00:00	153.301	153.516	152.403	152.620	12620	0	20
2021.07.06	16:00:00	152.621	152.731	152.349	152.656	5281	0	20
2021.07.06	20:00:00	152.659	152.720	152.556	152.668	2788	0	20
2021.07.07	00:00:00	152.667	152.667	152.327	152.629	5547	0	20
2021.07.07	04:00:00	152.628	152.944	152.423	152.678	6465	0	20
2021.07.07	08:00:00	152.678	153.161	152.573	153.071	7553	0	20
2021.07.07	12:00:00	153.070	153.095	152.283	152.563	11707	0	20
2021.07.07	16:00:00	152.560	152.767	152.536	152.619	6785	0	20
2021.07.07	20:00:00	152.619	152.777	152.563	152.664	2813	0	20
2021.07.08	00:00:00	152.665	152.683	152.179	152.384	5771	0	20
2021.07.08	04:00:00	152.384	152.402	151.153	151.262	10271	0	20
2021.07.08	08:00:00	151.265	151.740	150.975	151.015	13501	0	20
2021.07.08	12:00:00	151.013	151.251	150.662	151.177	14012	0	20
2021.07.08	16:00:00	151.177	151.370	151.124	151.315	5740	0	20
2021.07.08	20:00:00	151.318	151.504	151.124	151.404	3417	0	20
2021.07.09	00:00:00	151.407	151.549	151.168	151.418	6675	0	20
2021.07.09	04:00:00	151.420	151.697	151.337	151.574	8961	0	20
2021.07.09	08:00:00	151.576	152.145	151.547	152.059	10086	0	20
2021.07.09	12:00:00	152.062	152.799	152.058	152.489	10912	0	20
2021.07.09	16:00:00	152.489	153.069	152.488	152.956	4894	0	20
2021.07.09	20:00:00	152.956	153.075	152.953	153.065	1427	0	20
2021.07.11	00:00:00	153.035	153.233	152.925	153.180	2051	0	0
2021.07.11	20:00:00	153.035	153.233	152.925	153.180	2125	0	20
2021.07.12	00:00:00	153.180	153.247	152.927	152.961	5187	0	20
2021.07.12	04:00:00	152.961	153.147	152.598	152.693	5372	0	20
2021.07.12	08:00:00	152.692	152.798	152.405	152.564	8449	0	20
2021.07.12	12:00:00	152.567	153.336	152.464	153.234	9955	0	20
2021.07.12	16:00:00	153.233	153.242	153.045	153.185	3460	0	20
2021.07.12	20:00:00	153.182	153.244	153.138	153.197	2618	0	20
2021.07.13	00:00:00	153.200	153.476	153.168	153.398	4499	0	20
2021.07.13	04:00:00	153.398	153.444	152.972	153.011	5180	0	20
2021.07.13	08:00:00	153.008	153.029	152.542	152.637	6483	0	20
2021.07.13	12:00:00	152.637	152.830	152.414	152.802	13143	0	20
2021.07.13	16:00:00	152.800	152.945	152.714	152.756	5042	0	20
2021.07.13	20:00:00	152.755	152.846	152.672	152.677	2634	0	20
2021.07.14	00:00:00	152.677	152.853	152.610	152.696	5395	0	20
2021.07.14	04:00:00	152.695	153.087	152.604	152.908	6450	0	20
2021.07.14	08:00:00	152.908	153.285	152.848	153.086	7471	0	20
2021.07.14	12:00:00	153.086	153.153	152.394	152.424	11904	0	20
2021.07.14	16:00:00	152.423	152.490	152.333	152.387	4920	0	20
2021.07.14	20:00:00	152.386	152.450	152.337	152.408	3103	0	20
2021.07.15	00:00:00	152.407	152.442	151.819	151.966	5895	0	20
2021.07.15	04:00:00	151.966	152.310	151.602	151.668	6425	0	20
2021.07.15	08:00:00	151.665	152.795	151.611	152.575	11651	0	20
2021.07.15	12:00:00	152.575	152.643	152.079	152.395	11329	0	20
2021.07.15	16:00:00	152.398	152.426	151.607	151.765	6348	0	20
2021.07.15	20:00:00	151.768	151.902	151.721	151.798	2700	0	20
2021.07.16	00:00:00	151.795	152.208	151.752	152.156	5716	0	20
2021.07.16	04:00:00	152.156	152.247	151.792	152.115	6288	0	20
2021.07.16	08:00:00	152.113	152.603	152.029	152.203	8690	0	20
2021.07.16	12:00:00	152.206	152.463	151.685	151.784	10738	0	20
2021.07.16	16:00:00	151.785	151.840	151.429	151.439	4047	0	20
2021.07.16	20:00:00	151.441	151.531	151.424	151.522	805	0	20
2021.07.18	00:00:00	151.544	151.555	151.144	151.220	1986	0	0
2021.07.18	20:00:00	151.544	151.555	151.144	151.220	1991	0	20
2021.07.19	00:00:00	151.220	151.264	151.038	151.244	5603	0	20
2021.07.19	04:00:00	151.246	151.301	150.636	150.728	7105	0	20
2021.07.19	08:00:00	150.731	150.927	150.192	150.400	12861	0	20
2021.07.19	12:00:00	150.398	150.398	149.312	149.842	17372	0	20
2021.07.19	16:00:00	149.842	149.846	149.437	149.639	8240	0	20
2021.07.19	20:00:00	149.642	149.759	149.588	149.706	2537	0	20
2021.07.20	00:00:00	149.705	149.966	149.550	149.601	6204	0	20
2021.07.20	04:00:00	149.601	149.754	149.278	149.500	8678	0	20
2021.07.20	08:00:00	149.497	149.967	148.941	149.299	12649	0	20
2021.07.20	12:00:00	149.298	149.684	148.455	149.627	15337	0	20
2021.07.20	16:00:00	149.627	149.807	149.545	149.686	5419	0	20
2021.07.20	20:00:00	149.686	149.874	149.599	149.862	2904	0	20
2021.07.21	00:00:00	149.861	149.960	149.479	149.655	5339	0	20
2021.07.21	04:00:00	149.654	149.941	149.284	149.812	7334	0	20
2021.07.21	08:00:00	149.816	150.132	149.652	149.933	10094	0	20
2021.07.21	12:00:00	149.930	151.001	149.922	150.927	10828	0	20
2021.07.21	16:00:00	150.928	151.335	150.876	151.260	4468	0	20
2021.07.21	20:00:00	151.257	151.308	151.106	151.166	2041	0	20
2021.07.22	00:00:00	151.164	151.186	150.734	150.966	3864	0	20
2021.07.22	04:00:00	150.964	151.687	150.962	151.457	6223	0	20
2021.07.22	08:00:00	151.456	151.904	151.274	151.866	10286	0	20
2021.07.22	12:00:00	151.865	151.875	151.326	151.366	13428	0	20
2021.07.22	16:00:00	151.364	151.826	151.248	151.624	4768	0	20
2021.07.22	20:00:00	151.623	151.698	151.419	151.688	2849	0	20
2021.07.23	00:00:00	151.688	151.808	151.620	151.741	3388	0	20
2021.07.23	04:00:00	151.741	151.787	151.532	151.625	5919	0	20
2021.07.23	08:00:00	151.628	151.822	151.545	151.807	8854	0	20
2021.07.23	12:00:00	151.810	152.153	151.801	151.943	9881	0	20
2021.07.23	16:00:00	151.942	152.127	151.927	151.988	3310	0	20
2021.07.23	20:00:00	151.989	152.015	151.918	151.925	652	0	20
2021.07.25	00:00:00	151.958	152.125	151.909	152.075	1269	0	0
2021.07.25	20:00:00	151.958	152.125	151.909	152.075	1242	0	20
2021.07.26	00:00:00	152.072	152.083	151.607	151.669	3720	0	20
2021.07.26	04:00:00	151.672	151.800	151.410	151.605	5480	0	20
2021.07.26	08:00:00	151.609	152.228	151.400	152.122	7425	0	20
2021.07.26	12:00:00	152.125	152.558	151.953	152.548	8716	0	20
2021.07.26	16:00:00	152.545	152.599	152.425	152.555	2017	0	20
2021.07.26	20:00:00	152.557	152.586	152.476	152.506	1457	0	20
2021.07.27	00:00:00	152.510	152.535	152.273	152.375	3246	0	20
2021.07.27	04:00:00	152.374	152.442	151.573	151.843	6529	0	20
2021.07.27	08:00:00	151.841	151.992	151.571	151.986	7965	0	20
2021.07.27	12:00:00	151.987	152.515	151.673	152.215	10826	0	20
2021.07.27	16:00:00	152.212	152.410	152.115	152.328	3911	0	20
2021.07.27	20:00:00	152.326	152.440	152.281	152.425	1655	0	20
2021.07.28	00:00:00	152.424	152.606	152.291	152.331	3609	0	20
2021.07.28	04:00:00	152.332	152.616	152.176	152.548	4715	0	20
2021.07.28	08:00:00	152.551	152.804	152.420	152.772	7631	0	20
2021.07.28	12:00:00	152.769	152.881	152.527	152.802	8090	0	20
2021.07.28	16:00:00	152.804	152.985	152.666	152.793	8572	0	20
2021.07.28	20:00:00	152.790	152.854	152.755	152.803	1831	0	20
2021.07.29	00:00:00	152.802	152.943	152.494	152.889	4354	0	20
2021.07.29	04:00:00	152.888	153.256	152.843	153.116	5145	0	20
2021.07.29	08:00:00	153.115	153.384	153.090	153.368	5976	0	20
2021.07.29	12:00:00	153.371	153.437	152.903	152.978	8633	0	20
2021.07.29	16:00:00	152.975	153.011	152.796	152.829	2306	0	20
2021.07.29	20:00:00	152.832	152.902	152.755	152.771	1923	0	20
2021.07.30	00:00:00	152.770	152.876	152.649	152.689	4532	0	20
2021.07.30	04:00:00	152.692	153.085	152.611	152.957	4090	0	20
2021.07.30	08:00:00	152.954	153.206	152.884	153.035	5546	0	20
2021.07.30	12:00:00	153.038	153.157	152.437	152.641	8420	0	20
2021.07.30	16:00:00	152.645	152.698	152.446	152.468	2799	0	20
2021.07.30	20:00:00	152.469	152.571	152.445	152.515	940	0	20
2021.08.01	00:00:00	152.463	152.554	152.298	152.448	1071	0	0
2021.08.01	20:00:00	152.463	152.554	152.298	152.448	1042	0	20
2021.08.02	00:00:00	152.447	152.489	152.299	152.415	3706	0	20
2021.08.02	04:00:00	152.418	152.851	152.401	152.642	4012	0	20
2021.08.02	08:00:00	152.639	152.786	152.176	152.209	4507	0	20
2021.08.02	12:00:00	152.207	152.347	151.637	151.654	8781	0	20
2021.08.02	16:00:00	151.656	151.854	151.531	151.829	3048	0	20
2021.08.02	20:00:00	151.832	151.859	151.622	151.775	1434	0	20
2021.08.03	00:00:00	151.778	151.898	151.692	151.775	3260	0	20
2021.08.03	04:00:00	151.773	152.008	151.536	151.944	5036	0	20
2021.08.03	08:00:00	151.947	152.192	151.785	152.095	4633	0	20
2021.08.03	12:00:00	152.094	152.100	151.160	151.700	9767	0	20
2021.08.03	16:00:00	151.702	151.855	151.687	151.781	2062	0	20
2021.08.03	20:00:00	151.778	151.780	151.611	151.677	1255	0	20
2021.08.04	00:00:00	151.676	151.916	151.527	151.850	3033	0	20
2021.08.04	04:00:00	151.852	152.184	151.808	152.105	3334	0	20
2021.08.04	08:00:00	152.101	152.188	151.820	151.861	4612	0	20
2021.08.04	12:00:00	151.865	152.504	151.510	152.224	11999	0	20
2021.08.04	16:00:00	152.225	152.322	151.992	152.015	3247	0	20
2021.08.04	20:00:00	152.013	152.134	151.975	152.132	1226	0	20
2021.08.05	00:00:00	152.130	152.363	152.115	152.340	3194	0	20
2021.08.05	04:00:00	152.341	152.674	152.221	152.563	4716	0	20
2021.08.05	08:00:00	152.560	152.664	152.162	152.372	8554	0	20
2021.08.05	12:00:00	152.375	153.020	152.309	152.871	9131	0	20
2021.08.05	16:00:00	152.869	152.979	152.775	152.898	2690	0	20
2021.08.05	20:00:00	152.894	152.924	152.829	152.848	1142	0	20
2021.08.06	00:00:00	152.851	152.975	152.837	152.928	2520	0	20
2021.08.06	04:00:00	152.926	152.926	152.684	152.738	3407	0	20
2021.08.06	08:00:00	152.735	152.898	152.649	152.793	4456	0	20
2021.08.06	12:00:00	152.797	153.240	152.766	152.903	10286	0	20
2021.08.06	16:00:00	152.902	152.984	152.867	152.950	2039	0	20
2021.08.06	20:00:00	152.948	153.008	152.874	152.915	774	0	20
2021.08.08	00:00:00	152.946	153.013	152.818	152.889	2144	0	0
2021.08.08	20:00:00	152.946	153.013	152.818	152.889	2084	0	20
2021.08.09	00:00:00	152.892	152.902	152.718	152.847	2441	0	20
2021.08.09	04:00:00	152.849	153.058	152.738	152.772	3397	0	20
2021.08.09	08:00:00	152.770	153.034	152.615	152.758	5684	0	20
2021.08.09	12:00:00	152.755	152.960	152.573	152.709	7003	0	20
2021.08.09	16:00:00	152.710	152.815	152.642	152.759	2302	0	20
2021.08.09	20:00:00	152.756	152.821	152.673	152.751	1678	0	20
2021.08.10	00:00:00	152.748	152.893	152.616	152.780	2532	0	20
2021.08.10	04:00:00	152.778	153.095	152.720	152.978	3498	0	20
2021.08.10	08:00:00	152.982	153.215	152.982	153.142	4666	0	20
2021.08.10	12:00:00	153.145	153.306	152.897	152.971	6761	0	20
2021.08.10	16:00:00	152.974	153.053	152.901	152.971	2133	0	20
2021.08.10	20:00:00	152.974	153.050	152.865	153.011	1660	0	20
2021.08.11	00:00:00	153.010	153.076	152.914	152.992	2245	0	20
2021.08.11	04:00:00	152.993	153.135	152.971	153.010	2953	0	20
2021.08.11	08:00:00	153.013	153.131	152.863	153.078	3721	0	20
2021.08.11	12:00:00	153.082	153.269	152.962	153.155	9853	0	20
2021.08.11	16:00:00	153.154	153.286	153.078	153.149	3034	0	20
2021.08.11	20:00:00	153.150	153.150	152.991	153.046	1189	0	20
2021.08.12	00:00:00	153.045	153.136	153.004	153.099	2331	0	20
2021.08.12	04:00:00	153.098	153.194	153.007	153.180	3001	0	20
2021.08.12	08:00:00	153.177	153.177	152.864	152.918	3633	0	20
2021.08.12	12:00:00	152.921	152.996	152.552	152.652	5528	0	20
2021.08.12	16:00:00	152.650	152.680	152.323	152.423	2862	0	20
2021.08.12	20:00:00	152.427	152.515	152.370	152.467	1535	0	20
2021.08.13	00:00:00	152.471	152.546	152.404	152.511	1755	0	20
2021.08.13	04:00:00	152.510	152.537	152.188	152.284	2560	0	20
2021.08.13	08:00:00	152.287	152.373	152.064	152.321	3586	0	20
2021.08.13	12:00:00	152.324	152.464	152.063	152.073	5987	0	20
2021.08.13	16:00:00	152.074	152.151	151.923	151.951	2287	0	20
2021.08.13	20:00:00	151.953	152.026	151.934	151.993	674	0	20
2021.08.15	00:00:00	151.890	152.171	151.845	151.979	1822	0	0
2021.08.15	20:00:00	151.890	152.171	151.845	151.979	1776	0	20
2021.08.16	00:00:00	151.977	151.982	151.486	151.516	3169	0	20
2021.08.16	04:00:00	151.517	151.646	151.290	151.583	3581	0	20
2021.08.16	08:00:00	151.586	151.773	151.343	151.659	4977	0	20
2021.08.16	12:00:00	151.657	151.728	150.919	151.301	8576	0	20
2021.08.16	16:00:00	151.303	151.333	151.128	151.162	1757	0	20
2021.08.16	20:00:00	151.165	151.332	151.143	151.272	1231	0	20
2021.08.17	00:00:00	151.271	151.290	150.980	151.001	2953	0	20
2021.08.17	04:00:00	150.998	151.168	150.430	150.862	4933	0	20
2021.08.17	08:00:00	150.860	151.045	150.568	150.697	5375	0	20
2021.08.17	12:00:00	150.694	150.898	150.481	150.565	8841	0	20
2021.08.17	16:00:00	150.567	150.600	150.347	150.543	2918	0	20
2021.08.17	20:00:00	150.540	150.616	150.390	150.499	1740	0	20
2021.08.18	00:00:00	150.497	150.820	150.436	150.781	3182	0	20
2021.08.18	04:00:00	150.783	150.848	150.516	150.621	3430	0	20
2021.08.18	08:00:00	150.619	151.126	150.597	151.101	4568	0	20
2021.08.18	12:00:00	151.098	151.261	150.963	151.098	6203	0	20
2021.08.18	16:00:00	151.100	151.403	150.996	151.009	4903	0	20
2021.08.18	20:00:00	151.012	151.054	150.868	150.951	1584	0	20
2021.08.19	00:00:00	150.947	151.207	150.945	151.149	4054	0	20
2021.08.19	04:00:00	151.151	151.180	150.275	150.370	6696	0	20
2021.08.19	08:00:00	150.376	150.376	149.628	149.907	8476	0	20
2021.08.19	12:00:00	149.904	150.280	149.780	150.032	9544	0	20
2021.08.19	16:00:00	150.031	150.083	149.650	149.674	3423	0	20
2021.08.19	20:00:00	149.670	149.723	149.562	149.612	1632	0	20
2021.08.20	00:00:00	149.610	149.873	149.299	149.581	3927	0	20
2021.08.20	04:00:00	149.583	149.655	149.169	149.263	5841	0	20
2021.08.20	08:00:00	149.266	149.454	149.192	149.304	5344	0	20
2021.08.20	12:00:00	149.308	149.797	149.223	149.563	7137	0	20
2021.08.20	16:00:00	149.560	149.692	149.491	149.572	1921	0	20
2021.08.20	20:00:00	149.569	149.621	149.523	149.564	1567	0	20
2021.08.22	20:00:00	149.478	149.700	149.344	149.647	1298	0	0
2021.08.23	00:00:00	149.646	149.978	149.642	149.943	3533	0	20
2021.08.23	04:00:00	149.940	150.230	149.889	150.001	4205	0	20
2021.08.23	08:00:00	150.002	150.707	149.984	150.676	4859	0	20
2021.08.23	12:00:00	150.678	150.750	150.215	150.565	7140	0	20
2021.08.23	16:00:00	150.568	150.686	150.517	150.551	1497	0	20
2021.08.23	20:00:00	150.548	150.576	150.398	150.504	1594	0	20
2021.08.24	00:00:00	150.507	150.581	150.447	150.548	2161	0	20
2021.08.24	04:00:00	150.551	151.006	150.503	150.560	3806	0	20
2021.08.24	08:00:00	150.557	150.688	150.282	150.513	4924	0	20
2021.08.24	12:00:00	150.511	150.690	150.053	150.425	7554	0	20
2021.08.24	16:00:00	150.423	150.612	150.407	150.558	1794	0	20
2021.08.24	20:00:00	150.560	150.601	150.432	150.595	1124	0	20
2021.08.25	00:00:00	150.592	150.760	150.567	150.588	2476	0	20
2021.08.25	04:00:00	150.591	150.675	150.438	150.553	3275	0	20
2021.08.25	08:00:00	150.550	150.930	150.543	150.708	4356	0	20
2021.08.25	12:00:00	150.706	151.222	150.615	150.982	6361	0	20
2021.08.25	16:00:00	150.983	151.450	150.980	151.337	2514	0	20
2021.08.25	20:00:00	151.334	151.421	151.223	151.368	1268	0	20
2021.08.26	00:00:00	151.371	151.474	151.137	151.171	2369	0	20
2021.08.26	04:00:00	151.173	151.588	151.168	151.438	3646	0	20
2021.08.26	08:00:00	151.436	151.509	151.160	151.223	4590	0	20
2021.08.26	12:00:00	151.227	151.289	150.793	150.934	8913	0	20
2021.08.26	16:00:00	150.935	151.017	150.605	150.723	2787	0	20
2021.08.26	20:00:00	150.724	150.818	150.657	150.762	1191	0	20
2021.08.27	00:00:00	150.763	150.763	150.452	150.630	2690	0	20
2021.08.27	04:00:00	150.627	151.038	150.512	151.008	3313	0	20
2021.08.27	08:00:00	151.010	151.124	150.784	151.110	4065	0	20
2021.08.27	12:00:00	151.111	151.513	150.988	151.214	10952	0	20
2021.08.27	16:00:00	151.218	151.296	151.103	151.143	2456	0	20
2021.08.27	20:00:00	151.141	151.168	151.098	151.135	519	0	20
2021.08.29	20:00:00	151.135	151.230	151.035	151.194	919	0	0
2021.08.30	00:00:00	151.191	151.208	150.943	151.134	2638	0	20
2021.08.30	04:00:00	151.135	151.188	151.022	151.161	2249	0	20
2021.08.30	08:00:00	151.163	151.257	150.995	151.178	2799	0	20
2021.08.30	12:00:00	151.176	151.255	150.988	151.197	4458	0	20
2021.08.30	16:00:00	151.198	151.276	151.148	151.203	1074	0	20
2021.08.30	20:00:00	151.205	151.312	151.100	151.263	1237	0	20
2021.08.31	00:00:00	151.264	151.382	151.167	151.350	2681	0	20
2021.08.31	04:00:00	151.346	151.583	151.282	151.361	3693	0	20
2021.08.31	08:00:00	151.364	151.520	151.242	151.462	5716	0	20
2021.08.31	12:00:00	151.464	151.464	151.057	151.290	10335	0	20
2021.08.31	16:00:00	151.287	151.336	151.181	151.240	2946	0	20
2021.08.31	20:00:00	151.241	151.377	151.212	151.346	1360	0	20
2021.09.01	00:00:00	151.345	151.455	151.323	151.351	3094	0	20
2021.09.01	04:00:00	151.349	151.937	151.334	151.859	4042	0	20
2021.09.01	08:00:00	151.857	151.892	151.567	151.834	4102	0	20
2021.09.01	12:00:00	151.837	151.925	151.544	151.715	8440	0	20
2021.09.01	16:00:00	151.712	151.726	151.442	151.472	2230	0	20
2021.09.01	20:00:00	151.474	151.619	151.440	151.606	1248	0	20
2021.09.02	00:00:00	151.608	151.660	151.344	151.521	2428	0	20
2021.09.02	04:00:00	151.520	151.736	151.477	151.685	2740	0	20
2021.09.02	08:00:00	151.683	151.749	151.554	151.678	3301	0	20
2021.09.02	12:00:00	151.681	152.157	151.600	152.068	5507	0	20
2021.09.02	16:00:00	152.070	152.191	152.033	152.100	1872	0	20
2021.09.02	20:00:00	152.102	152.147	152.029	152.117	1096	0	20
2021.09.03	00:00:00	152.118	152.278	151.984	152.196	3516	0	20
2021.09.03	04:00:00	152.192	152.248	151.996	152.113	2778	0	20
2021.09.03	08:00:00	152.115	152.204	151.877	152.076	3711	0	20
2021.09.03	12:00:00	152.078	152.211	151.778	151.977	11488	0	20
2021.09.03	16:00:00	151.979	152.286	151.950	152.056	1917	0	20
2021.09.03	20:00:00	152.053	152.110	151.994	151.997	584	0	20
2021.09.05	20:00:00	152.111	152.166	152.012	152.125	1339	0	0
2021.09.06	00:00:00	152.123	152.192	152.049	152.124	2225	0	20
2021.09.06	04:00:00	152.125	152.248	151.964	152.084	2748	0	20
2021.09.06	08:00:00	152.087	152.145	151.979	152.087	2834	0	20
2021.09.06	12:00:00	152.090	152.098	151.794	151.882	2393	0	20
2021.09.06	16:00:00	151.884	151.978	151.870	151.931	1630	0	20
2021.09.06	20:00:00	151.918	152.000	151.776	151.973	2701	0	0
2021.09.07	00:00:00	151.969	152.134	151.926	152.034	2591	0	20
2021.09.07	04:00:00	152.036	152.212	151.829	152.005	4245	0	20
2021.09.07	08:00:00	152.002	152.029	151.493	151.547	5874	0	20
2021.09.07	12:00:00	151.551	151.961	151.525	151.925	6524	0	20
2021.09.07	16:00:00	151.924	152.073	151.894	151.980	2349	0	20
2021.09.07	20:00:00	151.982	152.045	151.949	151.970	1139	0	20
2021.09.08	00:00:00	151.971	152.084	151.875	151.966	2176	0	20
2021.09.08	04:00:00	151.970	152.028	151.695	151.746	4244	0	20
2021.09.08	08:00:00	151.743	151.893	151.456	151.855	5620	0	20
2021.09.08	12:00:00	151.852	151.920	151.481	151.829	7783	0	20
2021.09.08	16:00:00	151.826	151.954	151.779	151.863	2792	0	20
2021.09.08	20:00:00	151.860	151.895	151.718	151.728	1279	0	20
2021.09.09	00:00:00	151.731	151.763	151.588	151.661	2518	0	20
2021.09.09	04:00:00	151.659	151.679	151.397	151.582	3860	0	20
2021.09.09	08:00:00	151.579	152.008	151.579	152.003	5200	0	20
2021.09.09	12:00:00	152.006	152.161	151.903	152.053	7628	0	20
2021.09.09	16:00:00	152.056	152.079	151.741	151.785	3553	0	20
2021.09.09	20:00:00	151.788	151.944	151.765	151.900	1438	0	20
2021.09.10	00:00:00	151.899	152.180	151.777	152.178	2878	0	20
2021.09.10	04:00:00	152.175	152.605	152.097	152.527	3658	0	20
2021.09.10	08:00:00	152.524	152.629	152.399	152.538	4196	0	20
2021.09.10	12:00:00	152.535	152.560	152.086	152.212	6706	0	20
2021.09.10	16:00:00	152.216	152.338	151.944	151.953	2228	0	20
2021.09.10	20:00:00	151.950	152.047	151.941	152.001	757	0	20
2021.09.12	20:00:00	151.980	152.116	151.927	152.105	1372	0	0
2021.09.13	00:00:00	152.108	152.199	151.992	152.168	2837	0	20
2021.09.13	04:00:00	152.167	152.207	151.931	152.085	4268	0	20
2021.09.13	08:00:00	152.087	152.298	152.019	152.206	3433	0	20
2021.09.13	12:00:00	152.204	152.320	151.903	152.207	6229	0	20
2021.09.13	16:00:00	152.205	152.228	152.087	152.194	2348	0	20
2021.09.13	20:00:00	152.195	152.266	152.082	152.197	1188	0	0
2021.09.14	00:00:00	152.199	152.441	152.166	152.379	2487	0	20
2021.09.14	04:00:00	152.378	152.671	152.235	152.634	3728	0	20
2021.09.14	08:00:00	152.636	152.752	152.486	152.540	4001	0	20
2021.09.14	12:00:00	152.543	152.842	151.743	151.840	9287	0	20
2021.09.14	16:00:00	151.842	151.987	151.318	151.390	2906	0	20
2021.09.14	20:00:00	151.393	151.505	151.376	151.487	1092	0	20
2021.09.15	00:00:00	151.490	151.537	151.126	151.315	3092	0	20
2021.09.15	04:00:00	151.313	151.548	151.220	151.310	4797	0	20
2021.09.15	08:00:00	151.311	151.403	150.916	151.003	4592	0	20
2021.09.15	12:00:00	151.004	151.462	150.823	151.351	8731	0	20
2021.09.15	16:00:00	151.355	151.440	151.233	151.412	2002	0	20
2021.09.15	20:00:00	151.411	151.474	151.242	151.468	1325	0	20
2021.09.16	00:00:00	151.469	151.563	151.169	151.191	2884	0	20
2021.09.16	04:00:00	151.193	151.281	150.998	151.150	3941	0	20
2021.09.16	08:00:00	151.146	151.384	151.034	151.379	4153	0	20
2021.09.16	12:00:00	151.375	151.550	150.867	151.159	7920	0	20
2021.09.16	16:00:00	151.157	151.395	151.119	151.307	2223	0	20
2021.09.16	20:00:00	151.309	151.412	151.184	151.353	2220	0	20
2021.09.17	00:00:00	151.352	151.564	151.313	151.541	2733	0	20
2021.09.17	04:00:00	151.539	151.734	151.471	151.622	3492	0	20
2021.09.17	08:00:00	151.625	151.866	151.492	151.748	4837	0	20
2021.09.17	12:00:00	151.749	151.923	151.065	151.221	7753	0	20
2021.09.17	16:00:00	151.220	151.367	150.992	151.014	2727	0	20
2021.09.17	20:00:00	151.016	151.046	150.964	150.981	797	0	20
2021.09.19	20:00:00	151.063	151.106	150.851	150.978	1253	0	0
2021.09.20	00:00:00	150.977	151.038	150.588	150.709	2507	0	20
2021.09.20	04:00:00	150.708	150.721	149.961	150.034	5099	0	20
2021.09.20	08:00:00	150.037	150.190	149.578	149.586	7150	0	20
2021.09.20	12:00:00	149.582	150.037	149.402	149.491	10153	0	20
2021.09.20	16:00:00	149.489	149.534	149.175	149.450	4759	0	20
2021.09.20	20:00:00	149.447	149.540	149.291	149.507	2176	0	20
2021.09.21	00:00:00	149.504	149.851	149.375	149.851	4101	0	20
2021.09.21	04:00:00	149.852	150.103	149.644	150.010	5384	0	20
2021.09.21	08:00:00	150.012	150.129	149.583	149.632	5058	0	20
2021.09.21	12:00:00	149.635	149.744	148.946	149.372	10605	0	20
2021.09.21	16:00:00	149.373	149.425	149.127	149.198	4572	0	20
2021.09.21	20:00:00	149.194	149.228	149.039	149.070	1664	0	20
2021.09.22	00:00:00	149.068	149.734	148.995	149.424	5965	0	20
2021.09.22	04:00:00	149.423	149.635	149.181	149.207	4998	0	20
2021.09.22	08:00:00	149.224	149.534	149.224	149.396	4512	0	20
2021.09.22	12:00:00	149.392	149.802	149.218	149.797	6677	0	20
2021.09.22	16:00:00	149.794	149.953	149.460	149.491	11957	0	20
2021.09.22	20:00:00	149.490	149.565	149.392	149.534	1805	0	20
2021.09.23	00:00:00	149.531	149.833	149.523	149.796	2385	0	20
2021.09.23	04:00:00	149.795	150.167	149.737	150.143	4433	0	20
2021.09.23	08:00:00	150.145	150.949	149.914	150.931	10596	0	20
2021.09.23	12:00:00	150.935	151.455	150.724	151.423	8486	0	20
2021.09.23	16:00:00	151.424	151.475	151.293	151.326	3022	0	20
2021.09.23	20:00:00	151.324	151.422	151.247	151.374	1479	0	20
2021.09.24	00:00:00	151.372	151.640	151.343	151.533	3561	0	20
2021.09.24	04:00:00	151.534	151.727	151.370	151.437	4810	0	20
2021.09.24	08:00:00	151.439	151.488	151.125	151.155	6597	0	20
2021.09.24	12:00:00	151.157	151.543	150.998	151.449	7353	0	20
2021.09.24	16:00:00	151.451	151.575	151.315	151.392	2413	0	20
2021.09.24	20:00:00	151.390	151.488	151.355	151.404	774	0	20
2021.09.26	20:00:00	151.203	151.441	151.181	151.397	1285	0	0
2021.09.27	00:00:00	151.394	151.470	151.116	151.184	3708	0	20
2021.09.27	04:00:00	151.180	151.584	151.167	151.535	4750	0	20
2021.09.27	08:00:00	151.544	152.154	151.496	151.955	6685	0	20
2021.09.27	12:00:00	151.958	152.176	151.775	152.149	9831	0	20
2021.09.27	16:00:00	152.148	152.189	152.030	152.108	2520	0	20
2021.09.27	20:00:00	152.107	152.161	151.984	152.022	1198	0	20
2021.09.28	00:00:00	152.020	152.446	151.907	152.414	3163	0	20
2021.09.28	04:00:00	152.412	152.563	152.058	152.144	6277	0	20
2021.09.28	08:00:00	152.147	152.192	151.437	151.522	9761	0	20
2021.09.28	12:00:00	151.525	151.532	150.533	150.692	14724	0	20
2021.09.28	16:00:00	150.693	151.045	150.659	150.916	5182	0	20
2021.09.28	20:00:00	150.913	151.060	150.801	151.020	1977	0	20
2021.09.29	00:00:00	151.017	151.187	150.799	150.924	5168	0	20
2021.09.29	04:00:00	150.922	151.113	150.452	150.452	8201	0	20
2021.09.29	08:00:00	150.449	150.606	150.091	150.271	7691	0	20
2021.09.29	12:00:00	150.268	150.428	149.905	150.259	11556	0	20
2021.09.29	16:00:00	150.262	150.518	150.081	150.198	4623	0	20
2021.09.29	20:00:00	150.199	150.376	150.199	150.291	1479	0	20
2021.09.30	00:00:00	150.292	150.570	150.245	150.569	3973	0	20
2021.09.30	04:00:00	150.572	150.644	150.249	150.382	5939	0	20
2021.09.30	08:00:00	150.385	150.688	150.253	150.611	6347	0	20
2021.09.30	12:00:00	150.608	150.942	150.073	150.186	13222	0	20
2021.09.30	16:00:00	150.183	150.232	149.800	149.929	6286	0	20
2021.09.30	20:00:00	149.927	150.137	149.832	150.123	2146	0	20
2021.10.01	00:00:00	150.121	150.167	149.536	149.548	5841	0	20
2021.10.01	04:00:00	149.551	149.870	149.224	149.757	8877	0	20
2021.10.01	08:00:00	149.754	150.637	149.482	150.509	9815	0	20
2021.10.01	12:00:00	150.505	150.733	150.153	150.601	13515	0	20
2021.10.01	16:00:00	150.602	150.660	150.411	150.447	4055	0	20
2021.10.01	20:00:00	150.449	150.476	150.402	150.428	643	0	20
2021.10.03	20:00:00	150.315	150.627	150.166	150.547	1552	0	0
2021.10.04	00:00:00	150.549	150.627	150.209	150.314	4847	0	20
2021.10.04	04:00:00	150.313	150.776	150.240	150.756	7171	0	20
2021.10.04	08:00:00	150.758	151.259	150.607	151.120	8472	0	20
2021.10.04	12:00:00	151.123	151.516	150.687	150.882	11572	0	20
2021.10.04	16:00:00	150.880	151.077	150.787	150.986	5311	0	20
2021.10.04	20:00:00	150.989	151.039	150.863	150.987	1777	0	20
2021.10.05	00:00:00	150.984	151.182	150.725	151.136	5784	0	20
2021.10.05	04:00:00	151.132	151.395	150.970	151.169	7395	0	20
2021.10.05	08:00:00	151.172	151.768	151.127	151.468	6766	0	20
2021.10.05	12:00:00	151.466	152.041	151.399	151.926	9320	0	20
2021.10.05	16:00:00	151.924	152.040	151.843	151.853	3078	0	20
2021.10.05	20:00:00	151.855	151.955	151.799	151.907	1566	0	20
2021.10.06	00:00:00	151.910	152.144	151.824	151.969	4818	0	20
2021.10.06	04:00:00	151.970	152.111	151.424	151.460	7755	0	20
2021.10.06	08:00:00	151.457	151.472	151.007	151.138	10289	0	20
2021.10.06	12:00:00	151.135	151.348	150.809	151.040	12472	0	20
2021.10.06	16:00:00	151.042	151.455	150.928	151.356	5191	0	20
2021.10.06	20:00:00	151.353	151.447	151.233	151.421	2153	0	20
2021.10.07	00:00:00	151.418	151.490	151.252	151.350	3953	0	20
2021.10.07	04:00:00	151.349	151.552	151.122	151.148	5772	0	20
2021.10.07	08:00:00	151.145	151.689	151.025	151.506	7515	0	20
2021.10.07	12:00:00	151.509	152.010	151.408	151.990	8132	0	20
2021.10.07	16:00:00	151.988	152.081	151.922	151.947	3069	0	20
2021.10.07	20:00:00	151.948	152.073	151.883	152.068	1282	0	20
2021.10.08	00:00:00	152.065	152.350	151.999	152.200	3716	0	20
2021.10.08	04:00:00	152.198	152.316	152.037	152.170	5227	0	20
2021.10.08	08:00:00	152.167	152.544	152.117	152.232	5755	0	20
2021.10.08	12:00:00	152.231	152.930	152.087	152.854	14131	0	20
2021.10.08	16:00:00	152.850	152.885	152.677	152.822	3028	0	20
2021.10.08	20:00:00	152.825	152.869	152.776	152.815	703	0	20
2021.10.10	20:00:00	152.694	152.928	152.686	152.864	1876	0	0
2021.10.11	00:00:00	152.860	153.747	152.852	153.669	4249	0	20
2021.10.11	04:00:00	153.667	154.186	153.557	153.926	6446	0	20
2021.10.11	08:00:00	153.929	154.165	153.727	153.913	7063	0	20
2021.10.11	12:00:00	153.911	154.502	153.889	154.451	7465	0	20
2021.10.11	16:00:00	154.452	154.482	154.015	154.020	3342	0	20
2021.10.11	20:00:00	154.017	154.125	153.931	154.101	1996	0	20
2021.10.12	00:00:00	154.098	154.204	153.928	154.023	4920	0	20
2021.10.12	04:00:00	154.021	154.213	153.678	153.898	6038	0	20
2021.10.12	08:00:00	153.901	154.513	153.703	154.497	7340	0	20
2021.10.12	12:00:00	154.494	154.819	154.101	154.644	12844	0	20
2021.10.12	16:00:00	154.647	154.684	154.296	154.402	3560	0	20
2021.10.12	20:00:00	154.405	154.454	154.119	154.143	1553	0	20
2021.10.13	00:00:00	154.141	154.523	154.105	154.459	4175	0	20
2021.10.13	04:00:00	154.462	154.754	154.286	154.689	4956	0	20
2021.10.13	08:00:00	154.686	154.947	154.593	154.650	6404	0	20
2021.10.13	12:00:00	154.646	154.850	154.408	154.837	12523	0	20
2021.10.13	16:00:00	154.839	154.905	154.599	154.722	4588	0	20
2021.10.13	20:00:00	154.725	154.868	154.604	154.868	1338	0	20
2021.10.14	00:00:00	154.864	155.278	154.825	155.206	2790	0	20
2021.10.14	04:00:00	155.209	155.411	155.042	155.278	4206	0	20
2021.10.14	08:00:00	155.276	155.631	155.220	155.563	6411	0	20
2021.10.14	12:00:00	155.560	155.734	155.343	155.419	8681	0	20
2021.10.14	16:00:00	155.421	155.558	155.332	155.360	2857	0	20
2021.10.14	20:00:00	155.363	155.660	155.358	155.582	1740	0	20
2021.10.15	00:00:00	155.585	155.939	155.569	155.911	3423	0	20
2021.10.15	04:00:00	155.913	156.684	155.907	156.538	5867	0	20
2021.10.15	08:00:00	156.540	157.295	156.517	157.205	7165	0	20
2021.10.15	12:00:00	157.206	157.409	156.973	157.229	9835	0	20
2021.10.15	16:00:00	157.232	157.300	156.948	156.948	3156	0	20
2021.10.15	20:00:00	156.951	157.065	156.945	157.045	650	0	20
2021.10.17	20:00:00	157.002	157.354	156.990	157.323	2848	0	0
2021.10.18	00:00:00	157.324	157.325	156.602	157.050	5105	0	20
2021.10.18	04:00:00	157.053	157.272	156.741	157.114	6314	0	20
2021.10.18	08:00:00	157.116	157.155	156.803	157.075	7242	0	20
2021.10.18	12:00:00	157.072	157.084	156.659	156.785	9412	0	20
2021.10.18	16:00:00	156.783	156.970	156.765	156.970	2537	0	20
2021.10.18	20:00:00	156.971	156.983	156.826	156.974	1224	0	20
2021.10.19	00:00:00	156.975	157.174	156.873	157.122	4046	0	20
2021.10.19	04:00:00	157.118	157.271	156.926	157.124	6094	0	20
2021.10.19	08:00:00	157.121	157.966	157.047	157.874	6778	0	20
2021.10.19	12:00:00	157.878	158.052	157.569	157.765	7881	0	20
2021.10.19	16:00:00	157.764	157.855	157.609	157.682	2426	0	20
2021.10.19	20:00:00	157.685	158.019	157.661	157.978	1524	0	20
2021.10.20	00:00:00	157.979	158.207	157.947	158.116	4449	0	20
2021.10.20	04:00:00	158.114	158.211	157.394	157.486	6322	0	20
2021.10.20	08:00:00	157.487	157.717	157.200	157.211	5262	0	20
2021.10.20	12:00:00	157.208	157.992	157.010	157.884	8707	0	20
2021.10.20	16:00:00	157.882	158.058	157.754	157.973	3317	0	20
2021.10.20	20:00:00	157.976	158.166	157.886	158.099	1588	0	20
2021.10.21	00:00:00	158.097	158.162	157.938	157.971	3355	0	20
2021.10.21	04:00:00	157.969	157.969	157.167	157.667	8141	0	20
2021.10.21	08:00:00	157.666	157.714	157.169	157.682	5755	0	20
2021.10.21	12:00:00	157.680	157.690	156.915	157.077	10463	0	20
2021.10.21	16:00:00	157.078	157.213	156.773	157.200	3989	0	20
2021.10.21	20:00:00	157.198	157.274	156.960	157.005	1792	0	20
2021.10.22	00:00:00	157.002	157.655	156.985	157.363	5288	0	20
2021.10.22	04:00:00	157.362	157.413	156.857	156.904	6660	0	20
2021.10.22	08:00:00	156.905	157.453	156.831	156.954	7201	0	20
2021.10.22	12:00:00	156.953	157.042	156.028	156.057	10982	0	20
2021.10.22	16:00:00	156.055	156.186	155.922	156.107	5472	0	20
2021.10.22	20:00:00	156.106	156.175	156.048	156.146	726	0	20
2021.10.24	20:00:00	156.083	156.434	155.990	156.421	1287	0	20
2021.10.25	00:00:00	156.424	156.740	156.307	156.589	5792	0	20
2021.10.25	04:00:00	156.587	156.805	156.343	156.664	5615	0	20
2021.10.25	08:00:00	156.668	156.744	156.153	156.374	6506	0	20
2021.10.25	12:00:00	156.371	156.654	156.199	156.594	9543	0	20
2021.10.25	16:00:00	156.591	156.597	156.417	156.519	2693	0	20
2021.10.25	20:00:00	156.520	156.610	156.445	156.575	1152	0	20
2021.10.26	00:00:00	156.577	156.845	156.506	156.798	3928	0	20
2021.10.26	04:00:00	156.797	157.148	156.711	157.039	5197	0	20
2021.10.26	08:00:00	157.040	157.658	156.936	157.317	7025	0	20
2021.10.26	12:00:00	157.314	157.764	157.204	157.245	9161	0	20
2021.10.26	16:00:00	157.248	157.258	157.013	157.058	3372	0	20
2021.10.26	20:00:00	157.061	157.217	157.041	157.174	1465	0	20
2021.10.27	00:00:00	157.175	157.260	156.926	156.953	4534	0	20
2021.10.27	04:00:00	156.949	157.137	156.288	156.343	5104	0	20
2021.10.27	08:00:00	156.345	156.490	155.782	156.076	9308	0	20
2021.10.27	12:00:00	156.073	156.430	155.696	156.267	12940	0	20
2021.10.27	16:00:00	156.271	156.562	156.179	156.361	4910	0	20
2021.10.27	20:00:00	156.359	156.435	156.187	156.225	1677	0	20
2021.10.28	00:00:00	156.226	156.323	156.000	156.177	5403	0	20
2021.10.28	04:00:00	156.179	156.504	155.911	156.300	6389	0	20
2021.10.28	08:00:00	156.303	156.395	156.046	156.203	8235	0	20
2021.10.28	12:00:00	156.207	156.581	155.949	156.505	13544	0	20
2021.10.28	16:00:00	156.506	156.647	156.402	156.587	4637	0	20
2021.10.28	20:00:00	156.584	156.769	156.582	156.768	1497	0	20
2021.10.29	00:00:00	156.770	156.947	156.355	156.708	5620	0	20
2021.10.29	04:00:00	156.706	156.855	156.477	156.650	6053	0	20
2021.10.29	08:00:00	156.653	157.093	156.528	157.008	7236	0	20
2021.10.29	12:00:00	157.011	157.073	156.034	156.069	13242	0	20
2021.10.29	16:00:00	156.072	156.141	155.779	155.971	4750	0	20
2021.10.29	20:00:00	155.968	156.108	155.910	156.103	997	0	20
2021.10.31	20:00:00	156.046	156.321	156.007	156.299	1556	0	20
2021.11.01	00:00:00	156.301	156.327	155.919	156.214	4919	0	20
2021.11.01	04:00:00	156.212	156.436	156.085	156.185	4671	0	20
2021.11.01	08:00:00	156.183	156.488	155.800	156.227	7379	0	20
2021.11.01	12:00:00	156.230	156.382	155.932	156.194	8986	0	20
2021.11.01	16:00:00	156.198	156.198	155.602	155.773	4259	0	20
2021.11.01	20:00:00	155.776	155.869	155.690	155.780	2143	0	20
2021.11.02	00:00:00	155.776	155.832	155.414	155.547	4420	0	20
2021.11.02	04:00:00	155.545	155.548	154.996	155.238	6309	0	20
2021.11.02	08:00:00	155.236	155.277	154.656	155.166	7859	0	20
2021.11.02	12:00:00	155.169	155.514	154.834	154.883	9070	0	20
2021.11.02	16:00:00	154.881	155.261	154.855	155.149	3549	0	20
2021.11.02	20:00:00	155.151	155.206	155.017	155.172	1578	0	20
2021.11.03	00:00:00	155.171	155.235	155.027	155.137	2317	0	20
2021.11.03	04:00:00	155.133	155.261	155.078	155.142	2800	0	20
2021.11.03	08:00:00	155.139	155.347	154.958	155.335	6002	0	20
2021.11.03	12:00:00	155.334	155.895	155.263	155.792	8501	0	20
2021.11.03	16:00:00	155.790	155.987	155.567	155.966	10161	0	20
2021.11.03	20:00:00	155.968	156.240	155.934	156.201	2083	0	20
2021.11.04	00:00:00	156.199	156.213	155.995	156.024	3401	0	20
2021.11.04	04:00:00	156.022	156.180	155.804	155.986	3605	0	20
2021.11.04	08:00:00	155.989	156.012	155.014	155.251	7946	0	20
2021.11.04	12:00:00	155.248	155.248	153.115	153.307	17897	0	20
2021.11.04	16:00:00	153.310	153.706	153.266	153.527	5013	0	20
2021.11.04	20:00:00	153.525	153.773	153.349	153.759	1530	0	20
2021.11.05	00:00:00	153.755	153.755	153.123	153.483	5021	0	20
2021.11.05	04:00:00	153.485	153.667	153.285	153.626	3674	0	20
2021.11.05	08:00:00	153.628	153.634	152.804	153.007	9756	0	20
2021.11.05	12:00:00	153.011	153.365	152.834	153.045	14242	0	20
2021.11.05	16:00:00	153.043	153.109	152.811	152.911	4532	0	20
2021.11.05	20:00:00	152.908	153.033	152.890	153.008	731	0	20
2021.11.07	20:00:00	152.836	153.108	152.807	153.050	1171	0	76
2021.11.08	00:00:00	153.078	153.257	152.970	153.184	4173	0	20
2021.11.08	04:00:00	153.183	153.289	153.022	153.088	3756	0	20
2021.11.08	08:00:00	153.090	153.373	152.701	153.361	6796	0	20
2021.11.08	12:00:00	153.358	153.645	153.184	153.499	9000	0	20
2021.11.08	16:00:00	153.498	153.554	153.382	153.480	4054	0	20
2021.11.08	20:00:00	153.482	153.643	153.419	153.579	2020	0	20
2021.11.09	00:00:00	153.608	153.627	152.907	152.976	4640	0	20
2021.11.09	04:00:00	152.972	153.237	152.953	153.088	4701	0	20
2021.11.09	08:00:00	153.087	153.553	153.044	153.284	6933	0	20
2021.11.09	12:00:00	153.287	153.408	152.768	152.999	10340	0	20
2021.11.09	16:00:00	153.003	153.142	152.733	153.015	5825	0	20
2021.11.09	20:00:00	153.013	153.103	152.932	153.072	2015	0	20
2021.11.10	00:00:00	153.100	153.150	152.861	152.987	4048	0	20
2021.11.10	04:00:00	152.986	153.343	152.892	153.283	3796	0	20
2021.11.10	08:00:00	153.286	153.364	152.779	152.967	7815	0	20
2021.11.10	12:00:00	152.966	153.732	152.774	153.465	12956	0	20
2021.11.10	16:00:00	153.463	153.700	152.653	152.662	8919	0	20
2021.11.10	20:00:00	152.663	152.778	152.571	152.733	3300	0	20
2021.11.11	00:00:00	152.763	153.003	152.727	152.834	5821	0	20
2021.11.11	04:00:00	152.836	153.004	152.666	152.763	4138	0	20
2021.11.11	08:00:00	152.760	152.893	152.429	152.675	7994	0	20
2021.11.11	12:00:00	152.672	152.822	152.490	152.619	8447	0	20
2021.11.11	16:00:00	152.616	152.700	152.399	152.468	4120	0	20
2021.11.11	20:00:00	152.466	152.494	152.346	152.383	1912	0	20
2021.11.12	00:00:00	152.411	152.704	152.406	152.641	3564	0	20
2021.11.12	04:00:00	152.644	152.902	152.579	152.686	3456	0	20
2021.11.12	08:00:00	152.683	152.915	152.575	152.743	6825	0	20
2021.11.12	12:00:00	152.740	152.821	152.450	152.606	9965	0	20
2021.11.12	16:00:00	152.604	152.929	152.599	152.857	4158	0	20
2021.11.12	20:00:00	152.860	152.885	152.733	152.759	1310	0	20
2021.11.14	20:00:00	152.826	152.981	152.760	152.885	999	0	76
2021.11.15	00:00:00	152.913	153.001	152.796	152.875	3831	0	20
2021.11.15	04:00:00	152.877	153.126	152.859	152.985	3256	0	20
2021.11.15	08:00:00	152.983	152.992	152.623	152.973	7120	0	20
2021.11.15	12:00:00	152.972	153.272	152.859	153.063	7880	0	20
2021.11.15	16:00:00	153.067	153.247	152.975	153.181	4798	0	20
2021.11.15	20:00:00	153.178	153.233	152.994	153.017	2214	0	20
2021.11.16	00:00:00	153.045	153.467	153.039	153.373	4481	0	20
2021.11.16	04:00:00	153.376	153.838	153.119	153.835	4765	0	20
2021.11.16	08:00:00	153.832	153.877	153.485	153.600	7283	0	20
2021.11.16	12:00:00	153.598	154.017	153.575	153.764	10141	0	20
2021.11.16	16:00:00	153.767	154.096	153.706	154.014	4680	0	20
2021.11.16	20:00:00	154.016	154.283	153.944	154.227	2877	0	20
2021.11.17	00:00:00	154.254	154.287	153.914	154.102	4892	0	20
2021.11.17	04:00:00	154.103	154.738	154.067	154.482	6171	0	20
2021.11.17	08:00:00	154.485	154.518	154.036	154.366	8076	0	20
2021.11.17	12:00:00	154.363	154.649	154.039	154.194	9516	0	20
2021.11.17	16:00:00	154.197	154.286	153.736	153.898	6661	0	20
2021.11.17	20:00:00	153.899	154.091	153.802	153.990	3158	0	20
2021.11.18	00:00:00	154.017	154.106	153.705	153.946	4915	0	20
2021.11.18	04:00:00	153.943	154.167	153.868	154.034	4699	0	20
2021.11.18	08:00:00	154.036	154.259	153.967	153.995	7842	0	20
2021.11.18	12:00:00	153.998	154.182	153.844	154.005	10362	0	20
2021.11.18	16:00:00	154.008	154.270	153.926	154.210	4594	0	20
2021.11.18	20:00:00	154.207	154.276	154.097	154.237	1713	0	20
2021.11.19	00:00:00	154.265	154.336	154.142	154.227	3754	0	20
2021.11.19	04:00:00	154.224	154.443	154.164	154.278	3086	0	20
2021.11.19	08:00:00	154.282	154.402	152.636	153.108	15647	0	20
2021.11.19	12:00:00	153.111	153.539	152.516	153.256	15509	0	20
2021.11.19	16:00:00	153.255	153.435	153.141	153.199	6265	0	20
2021.11.19	20:00:00	153.202	153.354	153.202	153.292	1705	0	20
2021.11.21	20:00:00	153.238	153.355	153.116	153.294	1166	0	76
2021.11.22	00:00:00	153.321	153.504	153.217	153.309	4649	0	20
2021.11.22	04:00:00	153.312	153.625	153.312	153.377	4000	0	20
2021.11.22	08:00:00	153.374	153.589	153.118	153.389	8767	0	20
2021.11.22	12:00:00	153.391	153.890	153.272	153.741	11984	0	20
2021.11.22	16:00:00	153.739	154.052	153.706	153.848	6067	0	20
2021.11.22	20:00:00	153.851	153.954	153.739	153.753	2819	0	20
2021.11.23	00:00:00	153.781	154.210	153.762	154.163	3679	0	20
2021.11.23	04:00:00	154.166	154.203	153.486	153.670	6309	0	20
2021.11.23	08:00:00	153.667	153.680	153.276	153.551	12419	0	20
2021.11.23	12:00:00	153.554	153.918	153.459	153.703	12632	0	20
2021.11.23	16:00:00	153.700	153.979	153.559	153.970	6391	0	20
2021.11.23	20:00:00	153.972	154.113	153.875	153.966	2538	0	20
2021.11.24	00:00:00	153.971	154.144	153.843	153.843	4706	0	20
2021.11.24	04:00:00	153.842	153.880	153.597	153.622	5497	0	20
2021.11.24	08:00:00	153.625	153.928	153.366	153.759	9552	0	20
2021.11.24	12:00:00	153.760	153.944	153.623	153.877	12941	0	20
2021.11.24	16:00:00	153.874	153.923	153.679	153.809	5636	0	20
2021.11.24	20:00:00	153.806	153.856	153.737	153.802	1786	0	20
2021.11.25	00:00:00	153.830	154.039	153.817	153.991	3087	0	20
2021.11.25	04:00:00	153.989	154.054	153.890	154.015	2107	0	20
2021.11.25	08:00:00	154.017	154.055	153.588	153.663	5113	0	20
2021.11.25	12:00:00	153.660	153.704	153.408	153.645	4513	0	20
2021.11.25	16:00:00	153.642	153.759	153.608	153.656	6221	0	20
2021.11.25	20:00:00	153.652	153.684	153.105	153.158	3933	0	76
2021.11.26	00:00:00	153.187	153.239	152.466	152.549	10537	0	20
2021.11.26	04:00:00	152.552	152.710	151.752	151.859	8937	0	20
2021.11.26	08:00:00	151.862	152.297	151.083	151.827	20955	0	20
2021.11.26	12:00:00	151.824	152.380	150.785	150.923	15944	0	20
2021.11.26	16:00:00	150.927	151.180	150.677	150.886	9618	0	20
2021.11.26	20:00:00	150.887	151.445	150.806	151.050	2595	0	137
2021.11.28	20:00:00	151.446	151.883	151.086	151.669	2552	0	76
2021.11.29	00:00:00	151.703	151.863	151.296	151.571	10345	0	20
2021.11.29	04:00:00	151.575	151.676	150.687	151.386	10043	0	20
2021.11.29	08:00:00	151.382	151.657	151.018	151.346	11700	0	20
2021.11.29	12:00:00	151.343	151.681	151.000	151.042	12209	0	20
2021.11.29	16:00:00	151.045	151.353	151.029	151.130	5819	0	20
2021.11.29	20:00:00	151.133	151.589	151.104	151.487	3157	0	20
2021.11.30	00:00:00	151.516	151.622	151.386	151.403	5227	0	20
2021.11.30	04:00:00	151.399	151.399	150.424	150.846	14007	0	20
2021.11.30	08:00:00	150.849	150.935	150.434	150.845	14879	0	20
2021.11.30	12:00:00	150.846	151.010	150.117	150.226	18989	0	20
2021.11.30	16:00:00	150.229	150.355	149.723	150.242	15819	0	20
2021.11.30	20:00:00	150.245	150.773	150.200	150.602	4209	0	20
2021.12.01	00:00:00	150.630	150.999	150.401	150.998	8139	0	20
2021.12.01	04:00:00	151.000	151.432	150.930	151.054	6841	0	20
2021.12.01	08:00:00	151.050	151.224	150.651	151.045	10759	0	20
2021.12.01	12:00:00	151.044	151.118	150.212	150.398	12966	0	20
2021.12.01	16:00:00	150.401	150.614	149.670	149.757	10018	0	20
2021.12.01	20:00:00	149.760	149.941	149.581	149.845	4349	0	20
2021.12.02	00:00:00	149.872	150.431	149.783	150.330	6242	0	20
2021.12.02	04:00:00	150.327	150.587	150.161	150.460	5471	0	20
2021.12.02	08:00:00	150.461	150.788	150.287	150.519	10782	0	20
2021.12.02	12:00:00	150.516	150.582	150.039	150.315	15499	0	20
2021.12.02	16:00:00	150.312	150.708	150.256	150.481	8805	0	20
2021.12.02	20:00:00	150.478	150.575	150.257	150.277	3129	0	20
2021.12.03	00:00:00	150.306	150.450	150.157	150.368	5422	0	20
2021.12.03	04:00:00	150.365	150.591	150.343	150.529	4570	0	20
2021.12.03	08:00:00	150.532	150.693	150.140	150.422	8955	0	20
2021.12.03	12:00:00	150.423	150.750	149.556	149.663	17149	0	20
2021.12.03	16:00:00	149.662	149.774	148.980	148.980	10100	0	20
2021.12.03	20:00:00	148.983	149.338	148.969	149.299	2894	0	20
2021.12.05	20:00:00	149.401	149.652	149.383	149.578	1466	0	76
2021.12.06	00:00:00	149.609	149.671	149.349	149.554	5219	0	20
2021.12.06	04:00:00	149.557	149.785	149.495	149.712	3988	0	20
2021.12.06	08:00:00	149.709	150.375	149.694	150.311	8901	0	20
2021.12.06	12:00:00	150.314	150.339	149.770	150.154	11187	0	20
2021.12.06	16:00:00	150.157	150.598	150.124	150.452	5163	0	20
2021.12.06	20:00:00	150.450	150.550	150.352	150.448	2740	0	20
2021.12.07	00:00:00	150.476	150.855	150.356	150.840	4598	0	20
2021.12.07	04:00:00	150.843	151.123	150.806	150.938	4691	0	20
2021.12.07	08:00:00	150.936	151.085	150.388	150.478	7058	0	20
2021.12.07	12:00:00	150.475	150.556	150.141	150.412	10068	0	20
2021.12.07	16:00:00	150.415	150.541	150.117	150.409	4517	0	20
2021.12.07	20:00:00	150.406	150.444	150.172	150.333	2613	0	20
2021.12.08	00:00:00	150.361	150.520	150.185	150.462	5324	0	20
2021.12.08	04:00:00	150.465	150.520	149.974	150.171	3817	0	20
2021.12.08	08:00:00	150.174	150.454	149.363	150.229	12571	0	20
2021.12.08	12:00:00	150.233	150.527	149.908	150.492	13389	0	20
2021.12.08	16:00:00	150.496	150.694	150.347	150.425	5584	0	20
2021.12.08	20:00:00	150.423	150.434	149.975	150.130	2829	0	20
2021.12.09	00:00:00	150.157	150.309	150.019	150.109	3277	0	20
2021.12.09	04:00:00	150.107	150.176	149.808	149.808	3740	0	20
2021.12.09	08:00:00	149.805	150.004	149.549	149.659	7761	0	20
2021.12.09	12:00:00	149.657	149.953	149.482	149.804	9155	0	20
2021.12.09	16:00:00	149.801	150.159	149.689	149.864	4925	0	20
2021.12.09	20:00:00	149.861	150.023	149.836	149.982	2362	0	20
2021.12.10	00:00:00	150.010	150.263	149.762	150.183	4282	0	20
2021.12.10	04:00:00	150.182	150.207	149.958	150.089	4338	0	20
2021.12.10	08:00:00	150.090	150.201	149.955	150.150	7229	0	20
2021.12.10	12:00:00	150.148	150.367	149.667	150.026	10801	0	20
2021.12.10	16:00:00	150.023	150.491	149.750	150.363	4735	0	20
2021.12.10	20:00:00	150.366	150.504	150.354	150.392	1092	0	20
2021.12.12	20:00:00	150.275	150.451	150.221	150.451	1090	0	76
2021.12.13	00:00:00	150.479	150.560	150.418	150.454	2620	0	20
2021.12.13	04:00:00	150.458	150.508	150.077	150.246	2984	0	20
2021.12.13	08:00:00	150.248	150.726	150.220	150.678	6813	0	20
2021.12.13	12:00:00	150.674	150.749	150.218	150.254	9238	0	20
2021.12.13	16:00:00	150.251	150.274	149.866	150.056	4607	0	20
2021.12.13	20:00:00	150.054	150.131	150.000	150.036	2284	0	20
2021.12.14	00:00:00	150.064	150.087	149.726	149.854	3431	0	20
2021.12.14	04:00:00	149.856	150.202	149.808	150.108	3330	0	20
2021.12.14	08:00:00	150.111	150.476	150.041	150.442	7977	0	20
2021.12.14	12:00:00	150.443	150.580	150.172	150.475	9147	0	20
2021.12.14	16:00:00	150.478	150.558	150.261	150.365	4212	0	20
2021.12.14	20:00:00	150.363	150.488	150.339	150.436	1748	0	20
2021.12.15	00:00:00	150.464	150.589	150.414	150.519	2713	0	20
2021.12.15	04:00:00	150.523	150.766	150.476	150.688	3613	0	20
2021.12.15	08:00:00	150.690	151.004	150.638	150.910	6457	0	20
2021.12.15	12:00:00	150.907	150.980	150.347	150.438	8740	0	20
2021.12.15	16:00:00	150.434	151.010	150.272	150.940	10963	0	20
2021.12.15	20:00:00	150.937	151.442	150.930	151.346	5286	0	20
2021.12.16	00:00:00	151.374	151.441	151.094	151.247	4784	0	20
2021.12.16	04:00:00	151.248	151.428	151.106	151.361	4199	0	20
2021.12.16	08:00:00	151.358	151.806	151.339	151.598	7919	0	20
2021.12.16	12:00:00	151.607	152.624	151.368	151.625	18533	0	20
2021.12.16	16:00:00	151.622	151.652	151.130	151.188	5402	0	20
2021.12.16	20:00:00	151.185	151.528	151.089	151.399	3546	0	20
2021.12.17	00:00:00	151.427	151.708	151.145	151.211	4565	0	20
2021.12.17	04:00:00	151.213	151.509	151.106	151.272	5815	0	20
2021.12.17	08:00:00	151.269	151.442	150.708	150.774	8841	0	20
2021.12.17	12:00:00	150.772	150.846	150.424	150.703	11331	0	20
2021.12.17	16:00:00	150.706	150.780	150.576	150.649	6247	0	20
2021.12.17	20:00:00	150.652	150.684	150.445	150.501	2041	0	20
2021.12.19	20:00:00	150.417	150.510	150.135	150.137	1225	0	76
2021.12.20	00:00:00	150.164	150.368	150.059	150.125	5195	0	20
2021.12.20	04:00:00	150.123	150.179	149.650	149.907	5305	0	20
2021.12.20	08:00:00	149.905	150.105	149.522	150.093	9407	0	20
2021.12.20	12:00:00	150.092	150.400	149.780	149.927	10148	0	20
2021.12.20	16:00:00	149.928	150.224	149.762	150.114	5061	0	20
2021.12.20	20:00:00	150.111	150.182	149.961	150.109	2151	0	20
2021.12.21	00:00:00	150.138	150.213	149.888	150.166	3923	0	20
2021.12.21	04:00:00	150.163	150.434	150.101	150.264	3434	0	20
2021.12.21	08:00:00	150.262	150.773	150.212	150.578	7464	0	20
2021.12.21	12:00:00	150.582	150.999	150.562	150.958	7259	0	20
2021.12.21	16:00:00	150.955	151.407	150.940	151.344	4054	0	20
2021.12.21	20:00:00	151.346	151.406	151.176	151.213	2061	0	20
2021.12.22	00:00:00	151.242	151.448	151.180	151.264	3147	0	20
2021.12.22	04:00:00	151.261	151.523	151.098	151.509	3146	0	20
2021.12.22	08:00:00	151.510	152.193	151.472	152.062	6362	0	20
2021.12.22	12:00:00	152.065	152.572	151.932	152.529	7526	0	20
2021.12.22	16:00:00	152.533	152.566	152.367	152.519	3773	0	20
2021.12.22	20:00:00	152.518	152.524	152.170	152.329	2223	0	20
2021.12.23	00:00:00	152.358	152.566	152.299	152.334	2461	0	20
2021.12.23	04:00:00	152.335	152.748	152.323	152.744	2124	0	20
2021.12.23	08:00:00	152.746	153.522	152.743	153.522	4974	0	20
2021.12.23	12:00:00	153.523	153.702	153.097	153.399	7243	0	20
2021.12.23	16:00:00	153.397	153.585	153.243	153.569	2891	0	20
2021.12.23	20:00:00	153.565	153.575	153.187	153.413	2469	0	20
2021.12.24	00:00:00	153.415	153.540	153.247	153.251	2827	0	40
2021.12.24	04:00:00	153.253	153.370	153.140	153.311	12980	0	63
2021.12.24	08:00:00	153.308	153.406	153.181	153.386	5051	0	64
2021.12.24	12:00:00	153.388	153.486	153.169	153.177	7715	0	63
2021.12.24	16:00:00	153.176	153.259	152.955	153.163	6336	0	131
2021.12.26	20:00:00	153.095	153.302	153.071	153.211	664	0	71
2021.12.27	00:00:00	153.239	153.491	153.160	153.484	2411	0	20
2021.12.27	04:00:00	153.482	153.518	153.298	153.497	2033	0	20
2021.12.27	08:00:00	153.500	153.759	153.425	153.677	3908	0	20
2021.12.27	12:00:00	153.678	154.243	153.639	154.124	4191	0	20
2021.12.27	16:00:00	154.121	154.452	154.108	154.449	2354	0	20
2021.12.27	20:00:00	154.446	154.456	154.258	154.261	1200	0	20
2021.12.28	00:00:00	154.289	154.460	154.171	154.311	2720	0	20
2021.12.28	04:00:00	154.313	154.399	154.228	154.260	1933	0	20
2021.12.28	08:00:00	154.262	154.547	154.207	154.527	2991	0	20
2021.12.28	12:00:00	154.525	154.575	153.999	154.067	5286	0	20
2021.12.28	16:00:00	154.064	154.226	154.024	154.136	2851	0	20
2021.12.28	20:00:00	154.133	154.268	154.095	154.156	1486	0	20
2021.12.29	00:00:00	154.185	154.319	154.051	154.260	2465	0	20
2021.12.29	04:00:00	154.259	154.317	154.138	154.252	1918	0	20
2021.12.29	08:00:00	154.250	154.439	154.205	154.391	4186	0	20
2021.12.29	12:00:00	154.394	155.014	154.298	155.000	7946	0	20
2021.12.29	16:00:00	155.004	155.105	154.839	155.074	3473	0	20
2021.12.29	20:00:00	155.072	155.128	154.897	155.109	1668	0	20
2021.12.30	00:00:00	155.137	155.348	155.088	155.159	2379	0	20
2021.12.30	04:00:00	155.160	155.225	155.012	155.086	2680	0	20
2021.12.30	08:00:00	155.090	155.313	154.913	155.235	4142	0	20
2021.12.30	12:00:00	155.238	155.660	155.215	155.428	7045	0	20
2021.12.30	16:00:00	155.425	155.516	155.242	155.433	3213	0	20
2021.12.30	20:00:00	155.434	155.460	155.188	155.271	1777	0	20
2021.12.31	00:00:00	155.300	155.394	155.257	155.327	1402	0	20
2021.12.31	04:00:00	155.328	155.525	155.323	155.518	1702	0	20
2021.12.31	08:00:00	155.517	155.612	155.118	155.140	4883	0	20
2021.12.31	12:00:00	155.143	156.009	154.992	155.947	7962	0	20
2021.12.31	16:00:00	155.950	155.982	155.618	155.746	3786	0	20
2022.01.02	20:00:00	155.662	155.770	155.621	155.656	672	0	76
2022.01.03	00:00:00	155.684	155.915	155.568	155.609	2702	0	20
2022.01.03	04:00:00	155.610	155.774	155.563	155.703	2355	0	20
2022.01.03	08:00:00	155.700	155.865	155.377	155.454	5275	0	20
2022.01.03	12:00:00	155.456	155.503	154.882	155.029	8852	0	20
2022.01.03	16:00:00	155.026	155.518	154.940	155.513	4644	0	20
2022.01.03	20:00:00	155.515	155.515	155.190	155.457	2026	0	20
2022.01.04	00:00:00	155.485	155.924	155.373	155.788	4264	0	20
2022.01.04	04:00:00	155.792	156.117	155.753	156.111	3624	0	20
2022.01.04	08:00:00	156.108	156.756	156.090	156.741	7116	0	20
2022.01.04	12:00:00	156.740	157.420	156.611	157.398	9514	0	20
2022.01.04	16:00:00	157.395	157.395	157.024	157.149	5129	0	20
2022.01.04	20:00:00	157.150	157.226	156.979	157.152	2364	0	20
2022.01.05	00:00:00	157.179	157.290	156.806	156.986	3870	0	20
2022.01.05	04:00:00	156.985	157.080	156.853	157.055	3009	0	20
2022.01.05	08:00:00	157.056	157.154	156.583	156.631	6585	0	20
2022.01.05	12:00:00	156.629	157.110	156.570	157.060	8859	0	20
2022.01.05	16:00:00	157.063	157.763	156.985	157.511	7339	0	20
2022.01.05	20:00:00	157.508	157.508	157.235	157.374	2897	0	20
2022.01.06	00:00:00	157.401	157.462	156.786	156.847	4508	0	20
2022.01.06	04:00:00	156.845	156.876	156.360	156.405	4382	0	20
2022.01.06	08:00:00	156.408	156.864	156.083	156.748	8266	0	20
2022.01.06	12:00:00	156.745	157.002	156.370	156.566	11422	0	20
2022.01.06	16:00:00	156.569	156.829	156.483	156.813	5519	0	20
2022.01.06	20:00:00	156.810	156.865	156.687	156.767	2187	0	20
2022.01.07	00:00:00	156.793	157.099	156.788	156.974	3409	0	20
2022.01.07	04:00:00	156.972	157.047	156.765	156.878	2747	0	20
2022.01.07	08:00:00	156.879	157.033	156.746	156.911	5032	0	20
2022.01.07	12:00:00	156.914	157.057	156.735	156.939	11866	0	20
2022.01.07	16:00:00	156.936	157.140	156.823	157.101	4275	0	20
2022.01.07	20:00:00	157.098	157.179	157.000	157.025	1391	0	20
2022.01.09	20:00:00	156.958	157.131	156.921	157.110	880	0	76
2022.01.10	00:00:00	157.139	157.370	157.059	157.289	2792	0	20
2022.01.10	04:00:00	157.292	157.364	157.224	157.308	2471	0	20
2022.01.10	08:00:00	157.305	157.328	156.608	156.612	7754	0	20
2022.01.10	12:00:00	156.616	156.661	156.043	156.090	10265	0	20
2022.01.10	16:00:00	156.087	156.406	155.945	156.345	5698	0	20
2022.01.10	20:00:00	156.349	156.551	156.205	156.509	2730	0	20
2022.01.11	00:00:00	156.538	156.877	156.413	156.815	4306	0	20
2022.01.11	04:00:00	156.814	156.814	156.426	156.710	3910	0	20
2022.01.11	08:00:00	156.714	157.130	156.696	156.772	7778	0	20
2022.01.11	12:00:00	156.769	157.105	156.742	157.079	9678	0	20
2022.01.11	16:00:00	157.082	157.303	157.053	157.181	5188	0	20
2022.01.11	20:00:00	157.183	157.243	157.081	157.194	1987	0	20
2022.01.12	00:00:00	157.222	157.415	157.049	157.413	3186	0	20
2022.01.12	04:00:00	157.414	157.418	157.170	157.277	2567	0	20
2022.01.12	08:00:00	157.278	157.429	157.107	157.323	5155	0	20
2022.01.12	12:00:00	157.324	157.698	157.129	157.187	10991	0	20
2022.01.12	16:00:00	157.184	157.248	156.754	156.834	6153	0	20
2022.01.12	20:00:00	156.838	157.196	156.820	157.134	2717	0	20
2022.01.13	00:00:00	157.162	157.258	156.985	157.040	4060	0	20
2022.01.13	04:00:00	157.039	157.236	157.015	157.098	3322	0	20
2022.01.13	08:00:00	157.099	157.453	157.082	157.190	6337	0	20
2022.01.13	12:00:00	157.191	157.205	156.586	156.731	10112	0	20
2022.01.13	16:00:00	156.728	156.779	156.306	156.493	5074	0	20
2022.01.13	20:00:00	156.496	156.584	156.323	156.455	2632	0	20
2022.01.14	00:00:00	156.483	156.521	155.998	156.096	6800	0	20
2022.01.14	04:00:00	156.097	156.257	155.993	156.179	4580	0	20
2022.01.14	08:00:00	156.182	156.514	156.126	156.235	7145	0	20
2022.01.14	12:00:00	156.231	156.286	155.452	155.688	14010	0	20
2022.01.14	16:00:00	155.691	156.117	155.526	156.103	6054	0	20
2022.01.14	20:00:00	156.099	156.294	156.074	156.195	1825	0	20
2022.01.16	20:00:00	156.117	156.285	156.066	156.258	1322	0	76
2022.01.17	00:00:00	156.286	156.549	156.196	156.505	4719	0	20
2022.01.17	04:00:00	156.508	156.637	156.469	156.538	3098	0	20
2022.01.17	08:00:00	156.540	156.711	156.371	156.387	5862	0	20
2022.01.17	12:00:00	156.385	156.502	156.235	156.421	5899	0	20
2022.01.17	16:00:00	156.420	156.477	156.305	156.316	1822	0	20
2022.01.17	20:00:00	156.319	156.399	156.291	156.341	1038	0	37
2022.01.18	00:00:00	156.356	156.874	156.265	156.692	5817	0	20
2022.01.18	04:00:00	156.696	156.794	156.469	156.735	6740	0	20
2022.01.18	08:00:00	156.731	156.795	155.988	156.001	9255	0	20
2022.01.18	12:00:00	156.004	156.004	155.472	155.572	10683	0	20
2022.01.18	16:00:00	155.575	155.890	155.515	155.846	6077	0	20
2022.01.18	20:00:00	155.847	155.869	155.705	155.762	3104	0	20
2022.01.19	00:00:00	155.784	156.054	155.664	155.770	5554	0	20
2022.01.19	04:00:00	155.774	155.795	155.384	155.489	6246	0	20
2022.01.19	08:00:00	155.493	156.223	155.452	156.061	7662	0	20
2022.01.19	12:00:00	156.063	156.195	155.739	155.826	9576	0	20
2022.01.19	16:00:00	155.823	155.854	155.631	155.652	5293	0	20
2022.01.19	20:00:00	155.654	155.703	155.537	155.581	2473	0	20
2022.01.20	00:00:00	155.609	155.935	155.435	155.870	6125	0	20
2022.01.20	04:00:00	155.873	156.056	155.824	155.875	4699	0	20
2022.01.20	08:00:00	155.878	155.931	155.496	155.496	7400	0	20
2022.01.20	12:00:00	155.499	155.781	155.400	155.645	8657	0	20
2022.01.20	16:00:00	155.648	155.736	155.408	155.414	5000	0	20
2022.01.20	20:00:00	155.418	155.439	154.823	154.958	4016	0	20
2022.01.21	00:00:00	154.986	155.012	154.429	154.637	8280	0	20
2022.01.21	04:00:00	154.635	154.781	154.506	154.570	5536	0	20
2022.01.21	08:00:00	154.567	154.728	154.264	154.334	7646	0	20
2022.01.21	12:00:00	154.338	154.471	153.902	154.064	11861	0	20
2022.01.21	16:00:00	154.066	154.305	154.009	154.057	6920	0	20
2022.01.21	20:00:00	154.059	154.134	153.956	154.066	2517	0	20
2022.01.23	20:00:00	154.028	154.210	153.970	154.204	1047	0	35
2022.01.24	00:00:00	154.233	154.482	154.101	154.336	4492	0	20
2022.01.24	04:00:00	154.337	154.453	153.862	154.044	4304	0	20
2022.01.24	08:00:00	154.047	154.135	153.310	153.506	10342	0	20
2022.01.24	12:00:00	153.508	153.656	153.011	153.401	13616	0	20
2022.01.24	16:00:00	153.398	153.406	152.898	153.403	10344	0	20
2022.01.24	20:00:00	153.406	153.844	153.389	153.751	3720	0	20
2022.01.25	00:00:00	153.779	153.796	153.204	153.320	6524	0	20
2022.01.25	04:00:00	153.321	153.573	153.124	153.544	5856	0	20
2022.01.25	08:00:00	153.541	153.897	153.258	153.288	9304	0	20
2022.01.25	12:00:00	153.291	153.754	153.112	153.644	12614	0	20
2022.01.25	16:00:00	153.641	154.005	153.496	153.991	6860	0	20
2022.01.25	20:00:00	153.989	153.989	153.684	153.833	3641	0	20
2022.01.26	00:00:00	153.860	153.973	153.653	153.816	3909	0	20
2022.01.26	04:00:00	153.817	153.939	153.777	153.894	3005	0	20
2022.01.26	08:00:00	153.897	154.365	153.872	154.299	6123	0	20
2022.01.26	12:00:00	154.301	154.475	154.219	154.436	8692	0	20
2022.01.26	16:00:00	154.434	154.735	154.204	154.227	10898	0	20
2022.01.26	20:00:00	154.224	154.466	153.884	154.459	7437	0	20
2022.01.27	00:00:00	154.487	154.536	153.876	154.050	7673	0	20
2022.01.27	04:00:00	154.048	154.116	153.899	153.930	6065	0	20
2022.01.27	08:00:00	153.926	154.676	153.817	154.208	10201	0	20
2022.01.27	12:00:00	154.210	154.616	154.136	154.567	13323	0	20
2022.01.27	16:00:00	154.566	154.711	154.029	154.201	8858	0	20
2022.01.27	20:00:00	154.198	154.447	154.185	154.389	3505	0	20
2022.01.28	00:00:00	154.417	154.712	154.374	154.567	5049	0	20
2022.01.28	04:00:00	154.569	154.945	154.560	154.810	5729	0	20
2022.01.28	08:00:00	154.813	154.839	154.340	154.836	9127	0	20
2022.01.28	12:00:00	154.833	154.951	154.403	154.508	13162	0	20
2022.01.28	16:00:00	154.512	154.684	154.089	154.218	6971	0	20
2022.01.28	20:00:00	154.214	154.418	154.173	154.374	2200	0	20
2022.01.30	20:00:00	154.388	154.517	154.355	154.446	1071	0	35
2022.01.31	00:00:00	154.473	155.014	154.375	154.931	4510	0	20
2022.01.31	04:00:00	154.928	155.084	154.833	155.075	3753	0	20
2022.01.31	08:00:00	155.072	155.326	154.825	154.830	6791	0	20
2022.01.31	12:00:00	154.827	155.229	154.504	154.620	10657	0	20
2022.01.31	16:00:00	154.622	154.882	154.438	154.746	6893	0	20
2022.01.31	20:00:00	154.749	154.848	154.665	154.741	3122	0	20
2022.02.01	00:00:00	154.768	154.814	154.510	154.538	3800	0	20
2022.02.01	04:00:00	154.539	154.945	154.483	154.913	4022	0	20
2022.02.01	08:00:00	154.916	155.024	154.669	154.670	7684	0	20
2022.02.01	12:00:00	154.669	155.186	154.530	155.027	9543	0	20
2022.02.01	16:00:00	155.031	155.091	154.749	155.032	5440	0	20
2022.02.01	20:00:00	155.033	155.200	154.962	155.137	2528	0	20
2022.02.02	00:00:00	155.166	155.215	155.040	155.158	3046	0	20
2022.02.02	04:00:00	155.159	155.206	155.034	155.143	2843	0	20
2022.02.02	08:00:00	155.146	155.198	154.803	155.074	7072	0	20
2022.02.02	12:00:00	155.078	155.293	154.841	155.150	10157	0	20
2022.02.02	16:00:00	155.147	155.430	155.015	155.367	4850	0	20
2022.02.02	20:00:00	155.369	155.407	155.090	155.114	2410	0	20
2022.02.03	00:00:00	155.143	155.244	155.043	155.201	3495	0	20
2022.02.03	04:00:00	155.199	155.344	155.147	155.341	3316	0	20
2022.02.03	08:00:00	155.344	155.799	155.319	155.765	6319	0	20
2022.02.03	12:00:00	155.771	156.484	155.539	156.352	20131	0	20
2022.02.03	16:00:00	156.349	156.496	156.063	156.177	6756	0	20
2022.02.03	20:00:00	156.174	156.387	156.147	156.285	2747	0	20
2022.02.04	00:00:00	156.312	156.496	156.179	156.377	3979	0	20
2022.02.04	04:00:00	156.374	156.388	156.152	156.322	4331	0	20
2022.02.04	08:00:00	156.324	156.442	155.717	155.899	10001	0	20
2022.02.04	12:00:00	155.897	156.129	155.558	155.955	14471	0	20
2022.02.04	16:00:00	155.958	156.150	155.875	155.924	5699	0	20
2022.02.04	20:00:00	155.927	155.956	155.782	155.837	1645	0	20
2022.02.06	20:00:00	155.973	156.083	155.876	155.897	1455	0	76
2022.02.07	00:00:00	155.926	156.083	155.787	155.923	3802	0	20
2022.02.07	04:00:00	155.920	156.110	155.880	156.088	3815	0	20
2022.02.07	08:00:00	156.091	156.160	155.129	155.295	8632	0	20
2022.02.07	12:00:00	155.297	155.687	155.274	155.667	9023	0	20
2022.02.07	16:00:00	155.664	155.779	155.592	155.773	4336	0	20
2022.02.07	20:00:00	155.771	155.781	155.536	155.724	1893	0	20
2022.02.08	00:00:00	155.752	156.116	155.724	156.107	2211	0	20
2022.02.08	04:00:00	156.108	156.245	155.977	156.163	4100	0	20
2022.02.08	08:00:00	156.162	156.423	156.043	156.197	7329	0	20
2022.02.08	12:00:00	156.201	156.684	155.990	156.657	7750	0	20
2022.02.08	16:00:00	156.654	156.711	156.434	156.465	3568	0	20
2022.02.08	20:00:00	156.463	156.662	156.398	156.548	2276	0	20
2022.02.09	00:00:00	156.386	156.542	156.352	156.463	486	0	20
2022.02.09	04:00:00	156.467	156.610	156.261	156.395	2945	0	20
2022.02.09	08:00:00	156.393	156.850	156.283	156.707	6359	0	20
2022.02.09	12:00:00	156.708	156.822	156.383	156.395	6714	0	20
2022.02.09	16:00:00	156.391	156.452	156.191	156.290	4265	0	20
2022.02.09	20:00:00	156.293	156.410	156.276	156.403	1892	0	20
2022.02.10	00:00:00	156.430	156.487	156.264	156.348	2023	0	20
2022.02.10	04:00:00	156.349	156.595	156.329	156.586	2936	0	20
2022.02.10	08:00:00	156.583	157.226	156.567	157.140	6629	0	20
2022.02.10	12:00:00	157.142	157.884	157.034	157.859	13052	0	20
2022.02.10	16:00:00	157.862	158.059	157.292	157.324	10361	0	20
2022.02.10	20:00:00	157.327	157.451	157.191	157.207	4258	0	20
2022.02.11	00:00:00	157.235	157.248	157.110	157.225	2770	0	20
2022.02.11	04:00:00	157.222	157.222	156.882	157.010	4676	0	20
2022.02.11	08:00:00	157.013	157.438	156.703	157.320	7769	0	20
2022.02.11	12:00:00	157.322	157.677	157.203	157.622	9670	0	20
2022.02.11	16:00:00	157.620	157.714	155.861	156.149	15702	0	20
2022.02.11	20:00:00	156.145	156.620	155.988	156.590	5737	0	20
2022.02.13	20:00:00	156.329	156.827	156.288	156.803	1938	0	76
2022.02.14	00:00:00	156.831	156.846	156.236	156.332	6507	0	20
2022.02.14	04:00:00	156.329	156.471	156.023	156.242	4913	0	20
2022.02.14	08:00:00	156.241	156.244	155.300	155.645	10820	0	20
2022.02.14	12:00:00	155.648	156.446	155.455	156.182	14937	0	20
2022.02.14	16:00:00	156.179	156.542	155.995	156.364	10389	0	20
2022.02.14	20:00:00	156.361	156.383	156.224	156.313	3241	0	20
2022.02.15	00:00:00	156.341	156.420	156.126	156.243	4549	0	20
2022.02.15	04:00:00	156.245	156.258	155.962	156.072	4676	0	20
2022.02.15	08:00:00	156.076	156.818	156.004	156.578	10695	0	20
2022.02.15	12:00:00	156.580	156.711	156.182	156.488	10245	0	20
2022.02.15	16:00:00	156.491	156.620	156.416	156.503	4970	0	20
2022.02.15	20:00:00	156.500	156.585	156.379	156.546	2556	0	20
2022.02.16	00:00:00	156.575	156.749	156.552	156.642	2942	0	20
2022.02.16	04:00:00	156.643	156.896	156.613	156.784	3045	0	20
2022.02.16	08:00:00	156.787	157.107	156.749	156.828	7495	0	20
2022.02.16	12:00:00	156.826	156.934	156.344	156.748	9997	0	20
2022.02.16	16:00:00	156.747	156.980	156.675	156.936	6924	0	20
2022.02.16	20:00:00	156.933	156.981	156.613	156.686	3232	0	20
2022.02.17	00:00:00	156.711	156.986	156.182	156.187	5256	0	20
2022.02.17	04:00:00	156.184	156.821	156.097	156.750	11420	0	20
2022.02.17	08:00:00	156.752	156.820	156.053	156.575	11847	0	20
2022.02.17	12:00:00	156.576	156.884	156.376	156.579	14375	0	20
2022.02.17	16:00:00	156.577	156.797	156.476	156.490	5171	0	20
2022.02.17	20:00:00	156.487	156.577	156.260	156.346	3370	0	20
2022.02.18	00:00:00	156.374	156.857	156.215	156.716	6622	0	20
2022.02.18	04:00:00	156.713	156.852	156.695	156.830	3603	0	20
2022.02.18	08:00:00	156.828	157.281	156.754	156.805	7706	0	20
2022.02.18	12:00:00	156.803	156.868	156.304	156.401	9647	0	20
2022.02.18	16:00:00	156.402	156.548	156.212	156.521	6231	0	20
2022.02.18	20:00:00	156.517	156.564	156.299	156.327	2192	0	20
2022.02.20	20:00:00	156.326	156.326	156.046	156.215	1134	0	76
2022.02.21	00:00:00	156.243	156.629	156.121	156.546	5861	0	20
2022.02.21	04:00:00	156.547	156.740	156.498	156.623	3054	0	20
2022.02.21	08:00:00	156.619	156.731	156.280	156.437	7296	0	20
2022.02.21	12:00:00	156.435	156.569	156.119	156.262	8464	0	20
2022.02.21	16:00:00	156.259	156.346	156.006	156.092	3393	0	20
2022.02.21	20:00:00	156.096	156.176	155.489	155.783	2599	0	42
2022.02.22	00:00:00	155.799	156.056	155.643	155.712	7731	0	21
2022.02.22	04:00:00	155.714	156.041	155.601	155.653	5983	0	21
2022.02.22	08:00:00	155.650	156.116	155.569	155.973	11765	0	20
2022.02.22	12:00:00	155.969	156.503	155.851	156.357	10418	0	20
2022.02.22	16:00:00	156.354	156.463	156.075	156.391	7709	0	20
2022.02.22	20:00:00	156.393	156.469	156.180	156.364	3275	0	20
2022.02.23	00:00:00	156.392	156.501	156.288	156.353	3343	0	20
2022.02.23	04:00:00	156.349	156.607	156.280	156.576	3345	0	20
2022.02.23	08:00:00	156.573	156.768	156.334	156.357	7913	0	20
2022.02.23	12:00:00	156.356	156.535	155.946	155.976	8136	0	20
2022.02.23	16:00:00	155.978	156.084	155.624	155.635	5647	0	20
2022.02.23	20:00:00	155.632	155.801	155.570	155.595	2884	0	20
2022.02.24	00:00:00	155.623	155.879	154.928	154.993	13351	0	20
2022.02.24	04:00:00	154.996	155.045	154.165	154.482	17272	0	20
2022.02.24	08:00:00	154.485	154.768	153.451	153.766	18941	0	20
2022.02.24	12:00:00	153.765	153.925	153.363	153.451	18026	0	20
2022.02.24	16:00:00	153.454	154.970	153.448	154.804	15128	0	20
2022.02.24	20:00:00	154.801	154.942	154.412	154.474	5476	0	20
2022.02.25	00:00:00	154.500	154.741	154.394	154.683	9548	0	20
2022.02.25	04:00:00	154.681	154.788	154.552	154.690	7360	0	20
2022.02.25	08:00:00	154.693	154.704	154.149	154.556	11241	0	20
2022.02.25	12:00:00	154.559	155.124	154.462	155.049	14773	0	20
2022.02.25	16:00:00	155.053	155.171	154.880	155.016	6022	0	20
2022.02.25	20:00:00	155.020	155.047	154.857	154.889	2221	0	20
2022.02.27	20:00:00	154.025	154.576	153.922	154.523	2793	0	95
2022.02.28	00:00:00	154.560	154.677	154.071	154.184	10989	0	20
2022.02.28	04:00:00	154.187	154.637	154.179	154.454	7815	0	20
2022.02.28	08:00:00	154.457	154.986	154.289	154.744	11026	0	20
2022.02.28	12:00:00	154.746	154.891	154.416	154.540	12576	0	20
2022.02.28	16:00:00	154.537	154.663	153.948	154.056	9027	0	20
2022.02.28	20:00:00	154.053	154.434	154.017	154.431	3678	0	20
2022.03.01	00:00:00	154.460	154.683	154.312	154.367	4286	0	20
2022.03.01	04:00:00	154.365	154.549	154.281	154.410	5626	0	20
2022.03.01	08:00:00	154.407	154.407	153.696	153.911	10400	0	20
2022.03.01	12:00:00	153.914	154.086	153.242	153.278	12397	0	20
2022.03.01	16:00:00	153.275	153.446	152.655	152.896	9793	0	20
2022.03.01	20:00:00	152.899	153.121	152.833	153.111	4152	0	20
2022.03.02	00:00:00	153.139	153.434	152.975	153.212	4883	0	20
2022.03.02	04:00:00	153.210	153.225	152.812	153.043	6452	0	20
2022.03.02	08:00:00	153.047	153.682	152.871	153.611	13523	0	20
2022.03.02	12:00:00	153.614	154.115	153.511	153.848	13775	0	20
2022.03.02	16:00:00	153.851	154.699	153.840	154.580	9408	0	20
2022.03.02	20:00:00	154.577	154.908	154.508	154.713	3260	0	20
2022.03.03	00:00:00	154.741	154.963	154.634	154.850	4418	0	20
2022.03.03	04:00:00	154.853	155.216	154.853	154.969	3833	0	20
2022.03.03	08:00:00	154.967	155.126	154.645	154.771	8605	0	20
2022.03.03	12:00:00	154.767	154.939	154.182	154.253	11097	0	20
2022.03.03	16:00:00	154.250	154.333	153.903	153.904	9076	0	20
2022.03.03	20:00:00	153.902	154.139	153.860	154.139	2672	0	20
2022.03.04	00:00:00	154.166	154.215	153.555	153.832	12387	0	20
2022.03.04	04:00:00	153.829	154.140	153.729	153.813	5723	0	20
2022.03.04	08:00:00	153.810	153.843	153.246	153.293	8734	0	20
2022.03.04	12:00:00	153.295	153.321	151.658	151.776	13173	0	20
2022.03.04	16:00:00	151.773	152.008	151.462	151.685	8751	0	20
2022.03.04	20:00:00	151.688	152.138	151.688	152.014	3312	0	20
2022.03.06	20:00:00	151.958	152.055	151.550	151.836	2399	0	76
2022.03.07	00:00:00	151.864	151.970	151.472	151.744	10160	0	20
2022.03.07	04:00:00	151.746	152.216	151.689	151.831	7261	0	20
2022.03.07	08:00:00	151.834	151.949	151.175	151.545	13406	0	20
2022.03.07	12:00:00	151.549	152.195	151.284	151.555	18664	0	20
2022.03.07	16:00:00	151.552	151.631	151.029	151.090	10973	0	20
2022.03.07	20:00:00	151.092	151.260	151.040	151.251	3535	0	20
2022.03.08	00:00:00	151.278	151.583	151.186	151.514	5987	0	20
2022.03.08	04:00:00	151.518	151.571	150.959	151.127	7858	0	20
2022.03.08	08:00:00	151.130	151.809	151.053	151.684	13965	0	20
2022.03.08	12:00:00	151.681	151.893	151.423	151.541	14111	0	20
2022.03.08	16:00:00	151.544	152.001	151.402	151.700	14546	0	20
2022.03.08	20:00:00	151.699	151.762	151.400	151.545	3804	0	20
2022.03.09	00:00:00	151.575	152.024	151.575	151.822	5184	0	20
2022.03.09	04:00:00	151.823	151.991	151.791	151.924	5396	0	20
2022.03.09	08:00:00	151.927	152.720	151.830	152.434	10008	0	20
2022.03.09	12:00:00	152.436	152.515	152.122	152.371	13134	0	20
2022.03.09	16:00:00	152.372	152.737	152.298	152.697	7703	0	20
2022.03.09	20:00:00	152.700	152.822	152.590	152.789	2895	0	20
2022.03.10	00:00:00	152.817	152.960	152.531	152.951	5120	0	20
2022.03.10	04:00:00	152.950	152.991	152.780	152.938	4232	0	20
2022.03.10	08:00:00	152.941	152.953	152.294	152.562	12687	0	20
2022.03.10	12:00:00	152.559	152.971	152.155	152.261	14420	0	20
2022.03.10	16:00:00	152.257	152.291	152.015	152.057	5595	0	20
2022.03.10	20:00:00	152.058	152.230	151.874	152.193	2425	0	20
2022.03.11	00:00:00	152.221	152.466	152.007	152.436	5135	0	20
2022.03.11	04:00:00	152.439	152.960	152.387	152.566	6529	0	20
2022.03.11	08:00:00	152.569	153.315	152.538	153.216	12127	0	20
2022.03.11	12:00:00	153.213	153.391	152.802	153.085	12148	0	20
2022.03.11	16:00:00	153.087	153.133	152.820	152.999	6910	0	20
2022.03.11	20:00:00	153.002	153.002	152.793	152.915	2310	0	20
2022.03.13	20:00:00	153.017	153.450	152.850	153.369	2177	0	20
2022.03.14	00:00:00	153.366	153.445	153.190	153.322	6488	0	20
2022.03.14	04:00:00	153.319	153.544	153.184	153.496	4949	0	20
2022.03.14	08:00:00	153.493	153.957	153.481	153.602	9198	0	20
2022.03.14	12:00:00	153.605	154.181	153.605	153.953	10803	0	20
2022.03.14	16:00:00	153.951	154.121	153.582	153.659	5780	0	20
2022.03.14	20:00:00	153.662	153.865	153.616	153.792	2103	0	20
2022.03.15	00:00:00	153.795	154.381	153.729	154.371	6728	0	20
2022.03.15	04:00:00	154.368	154.486	153.534	153.749	7953	0	20
2022.03.15	08:00:00	153.752	154.127	153.225	153.860	10031	0	20
2022.03.15	12:00:00	153.861	154.682	153.816	154.435	10547	0	20
2022.03.15	16:00:00	154.438	154.511	154.110	154.338	6596	0	20
2022.03.15	20:00:00	154.341	154.348	154.178	154.320	1706	0	20
2022.03.16	00:00:00	154.323	154.440	154.267	154.310	4769	0	20
2022.03.16	04:00:00	154.311	154.468	154.243	154.338	5105	0	20
2022.03.16	08:00:00	154.336	154.902	154.291	154.810	8864	0	20
2022.03.16	12:00:00	154.811	155.352	154.637	155.166	11576	0	20
2022.03.16	16:00:00	155.163	156.062	155.122	156.003	15092	0	20
2022.03.16	20:00:00	156.005	156.259	155.910	156.189	3342	0	20
2022.03.17	00:00:00	156.187	156.563	155.974	156.141	8385	0	20
2022.03.17	04:00:00	156.142	156.604	156.102	156.404	6169	0	20
2022.03.17	08:00:00	156.401	156.701	155.986	156.611	8970	0	20
2022.03.17	12:00:00	156.604	156.604	155.457	155.825	13617	0	20
2022.03.17	16:00:00	155.828	156.054	155.730	156.054	5163	0	20
2022.03.17	20:00:00	156.057	156.087	155.839	155.906	2186	0	20
2022.03.18	00:00:00	155.909	156.317	155.888	156.294	4953	0	20
2022.03.18	04:00:00	156.291	156.538	156.217	156.362	4871	0	20
2022.03.18	08:00:00	156.366	156.455	156.026	156.283	7518	0	20
2022.03.18	12:00:00	156.284	157.012	156.278	156.961	9624	0	20
2022.03.18	16:00:00	156.963	157.219	156.897	157.025	5136	0	20
2022.03.18	20:00:00	157.023	157.073	156.974	157.005	585	0	20
2022.03.20	20:00:00	156.925	157.092	156.866	156.942	1566	0	20
2022.03.21	00:00:00	156.939	156.988	156.776	156.829	3127	0	20
2022.03.21	04:00:00	156.826	156.961	156.732	156.790	3575	0	20
2022.03.21	08:00:00	156.793	156.985	156.372	156.604	7120	0	20
2022.03.21	12:00:00	156.602	157.395	156.586	157.282	8282	0	20
2022.03.21	16:00:00	157.284	157.502	157.145	157.279	7021	0	20
2022.03.21	20:00:00	157.282	157.509	157.169	157.487	1773	0	20
2022.03.22	00:00:00	157.483	157.786	157.462	157.689	6944	0	20
2022.03.22	04:00:00	157.691	158.307	157.691	158.286	8265	0	20
2022.03.22	08:00:00	158.289	159.807	158.194	159.675	12354	0	20
2022.03.22	12:00:00	159.678	160.169	159.357	159.983	12591	0	20
2022.03.22	16:00:00	159.980	160.147	159.723	160.123	5755	0	20
2022.03.22	20:00:00	160.120	161.014	160.100	160.960	3180	0	20
2022.03.23	00:00:00	160.962	161.095	160.389	160.849	8893	0	20
2022.03.23	04:00:00	160.846	160.929	160.443	160.527	5835	0	20
2022.03.23	08:00:00	160.530	160.577	159.493	159.537	9873	0	20
2022.03.23	12:00:00	159.540	159.949	159.031	159.896	12518	0	20
2022.03.23	16:00:00	159.898	160.034	159.749	159.987	4998	0	20
2022.03.23	20:00:00	159.990	160.023	159.739	159.938	2097	0	20
2022.03.24	00:00:00	159.941	160.122	159.580	159.920	6425	0	20
2022.03.24	04:00:00	159.918	160.678	159.819	160.329	7911	0	20
2022.03.24	08:00:00	160.332	160.715	159.986	160.510	11259	0	20
2022.03.24	12:00:00	160.508	161.015	160.417	160.905	12009	0	20
2022.03.24	16:00:00	160.906	161.347	160.860	161.337	6672	0	20
2022.03.24	20:00:00	161.340	161.487	161.235	161.428	2691	0	20
2022.03.25	00:00:00	161.427	161.430	160.478	160.580	11665	0	20
2022.03.25	04:00:00	160.583	161.108	160.140	160.567	9258	0	20
2022.03.25	08:00:00	160.563	160.639	159.849	160.557	10021	0	20
2022.03.25	12:00:00	160.559	161.269	160.494	160.915	13251	0	20
2022.03.25	16:00:00	160.918	161.144	160.775	161.107	7097	0	20
2022.03.25	20:00:00	161.111	161.130	160.894	160.933	810	0	20
2022.03.27	20:00:00	160.842	161.181	160.773	161.060	2278	0	20
2022.03.28	00:00:00	161.057	161.996	160.766	161.894	13036	0	20
2022.03.28	04:00:00	161.895	162.994	161.573	162.907	11522	0	20
2022.03.28	08:00:00	162.910	164.632	162.535	162.682	28608	0	20
2022.03.28	12:00:00	162.680	162.752	161.270	161.376	23134	0	20
2022.03.28	16:00:00	161.378	162.153	161.203	162.137	8208	0	20
2022.03.28	20:00:00	162.139	162.680	161.874	161.906	4804	0	20
2022.03.29	00:00:00	161.909	162.568	161.206	161.311	17881	0	20
2022.03.29	04:00:00	161.309	162.297	161.303	161.771	13314	0	20
2022.03.29	08:00:00	161.770	162.611	161.486	162.240	18555	0	20
2022.03.29	12:00:00	162.243	162.355	160.278	160.953	29928	0	20
2022.03.29	16:00:00	160.954	161.046	160.253	160.943	7526	0	20
2022.03.29	20:00:00	160.940	161.363	160.749	161.204	3385	0	20
2022.03.30	00:00:00	161.201	161.201	159.036	159.457	23367	0	20
2022.03.30	04:00:00	159.459	160.103	159.309	159.978	15352	0	20
2022.03.30	08:00:00	159.981	160.493	159.582	160.180	15369	0	20
2022.03.30	12:00:00	160.177	160.846	160.098	160.358	16985	0	20
2022.03.30	16:00:00	160.356	160.412	159.923	159.992	5223	0	20
2022.03.30	20:00:00	159.993	160.440	159.973	160.294	3135	0	20
2022.03.31	00:00:00	160.296	160.878	160.147	160.451	15103	0	20
2022.03.31	04:00:00	160.454	160.458	159.441	159.770	13035	0	20
2022.03.31	08:00:00	159.767	160.319	159.516	159.641	15019	0	20
2022.03.31	12:00:00	159.638	159.962	159.436	159.666	18535	0	20
2022.03.31	16:00:00	159.669	159.938	159.607	159.903	6565	0	20
2022.03.31	20:00:00	159.900	160.200	159.809	160.034	3342	0	20
2022.04.01	00:00:00	160.033	161.179	160.008	161.057	10050	0	20
2022.04.01	04:00:00	161.060	161.061	160.470	160.925	10523	0	20
2022.04.01	08:00:00	160.923	161.040	160.622	160.783	10424	0	20
2022.04.01	12:00:00	160.786	161.123	160.672	160.750	14725	0	20
2022.04.01	16:00:00	160.753	160.802	160.381	160.685	5525	0	20
2022.04.01	20:00:00	160.688	160.737	160.576	160.717	884	0	20
2022.04.03	20:00:00	160.621	160.828	160.551	160.699	2506	0	20
2022.04.04	00:00:00	160.701	161.010	160.277	160.961	7344	0	20
2022.04.04	04:00:00	160.963	161.160	160.763	161.005	7781	0	20
2022.04.04	08:00:00	161.006	161.006	160.741	160.793	9016	0	20
2022.04.04	12:00:00	160.796	161.301	160.713	160.949	11090	0	20
2022.04.04	16:00:00	160.948	161.084	160.738	160.997	4589	0	20
2022.04.04	20:00:00	160.996	161.046	160.901	161.016	1642	0	20
2022.04.05	00:00:00	161.013	161.081	160.495	160.665	7314	0	20
2022.04.05	04:00:00	160.664	161.495	160.600	161.321	8612	0	20
2022.04.05	08:00:00	161.317	161.460	161.084	161.450	8901	0	20
2022.04.05	12:00:00	161.448	161.961	161.218	161.757	13723	0	20
2022.04.05	16:00:00	161.759	161.856	161.532	161.647	5920	0	20
2022.04.05	20:00:00	161.644	161.773	161.496	161.697	2963	0	20
2022.04.06	00:00:00	161.694	162.126	161.604	161.773	9011	0	20
2022.04.06	04:00:00	161.770	162.018	161.648	161.860	8660	0	20
2022.04.06	08:00:00	161.862	162.235	161.824	162.082	9537	0	20
2022.04.06	12:00:00	162.085	162.270	161.705	161.823	11919	0	20
2022.04.06	16:00:00	161.826	162.004	161.630	161.832	10380	0	20
2022.04.06	20:00:00	161.829	161.959	161.654	161.693	2424	0	20
2022.04.07	00:00:00	161.692	161.850	161.397	161.781	6782	0	20
2022.04.07	04:00:00	161.782	162.259	161.653	162.002	6946	0	20
2022.04.07	08:00:00	161.999	162.230	161.606	162.132	9422	0	20
2022.04.07	12:00:00	162.129	162.223	161.633	161.669	11540	0	20
2022.04.07	16:00:00	161.671	162.110	161.656	162.041	5229	0	20
2022.04.07	20:00:00	162.039	162.321	161.999	162.174	2515	0	20
2022.04.08	00:00:00	162.172	162.237	161.646	161.989	7705	0	20
2022.04.08	04:00:00	161.986	162.120	161.639	161.765	6949	0	20
2022.04.08	08:00:00	161.761	161.965	161.715	161.806	7380	0	20
2022.04.08	12:00:00	161.804	162.118	161.717	161.982	12504	0	20
2022.04.08	16:00:00	161.981	162.160	161.917	162.067	4195	0	20
2022.04.08	20:00:00	162.064	162.096	161.972	162.002	594	0	20
2022.04.10	20:00:00	161.649	162.164	161.647	162.087	2065	0	20
2022.04.11	00:00:00	162.083	162.679	161.925	162.497	8787	0	20
2022.04.11	04:00:00	162.500	163.157	162.469	163.157	11377	0	20
2022.04.11	08:00:00	163.160	163.778	163.046	163.778	10767	0	20
2022.04.11	12:00:00	163.775	163.840	163.316	163.609	12377	0	20
2022.04.11	16:00:00	163.608	163.611	163.297	163.309	4257	0	20
2022.04.11	20:00:00	163.307	163.541	163.256	163.409	2461	0	20
2022.04.12	00:00:00	163.406	163.523	163.096	163.337	8345	0	20
2022.04.12	04:00:00	163.335	163.621	163.105	163.354	9587	0	20
2022.04.12	08:00:00	163.351	163.544	163.272	163.387	8012	0	20
2022.04.12	12:00:00	163.389	163.424	162.790	163.186	17980	0	20
2022.04.12	16:00:00	163.189	163.286	162.849	162.957	6613	0	20
2022.04.12	20:00:00	162.953	163.132	162.895	163.064	1943	0	20
2022.04.13	00:00:00	163.066	163.427	162.991	163.305	6652	0	20
2022.04.13	04:00:00	163.309	164.009	163.232	163.832	12427	0	20
2022.04.13	08:00:00	163.835	164.070	163.474	163.562	10913	0	20
2022.04.13	12:00:00	163.559	164.213	163.402	164.070	12832	0	20
2022.04.13	16:00:00	164.071	164.769	163.978	164.742	5972	0	20
2022.04.13	20:00:00	164.745	164.833	164.440	164.449	2951	0	20
2022.04.14	00:00:00	164.453	164.732	164.347	164.471	8564	0	20
2022.04.14	04:00:00	164.469	164.783	164.256	164.571	7570	0	20
2022.04.14	08:00:00	164.570	164.769	164.351	164.403	8913	0	20
2022.04.14	12:00:00	164.406	164.577	164.026	164.329	15639	0	20
2022.04.14	16:00:00	164.333	164.768	164.318	164.668	4436	0	20
2022.04.14	20:00:00	164.667	164.930	164.395	164.817	5289	0	22
2022.04.15	00:00:00	164.813	165.194	164.641	165.037	8298	0	70
2022.04.15	04:00:00	165.039	165.386	164.933	165.266	14385	0	94
2022.04.15	08:00:00	165.268	165.294	165.025	165.166	7464	0	139
2022.04.15	12:00:00	165.168	165.280	164.889	164.923	6948	0	139
2022.04.15	16:00:00	164.910	165.109	164.872	164.983	5801	0	185
2022.04.15	20:00:00	164.980	165.140	164.911	165.001	921	0	193
2022.04.17	20:00:00	164.980	165.388	164.896	165.311	3025	0	20
2022.04.18	00:00:00	165.315	165.407	164.744	165.004	7951	0	20
2022.04.18	04:00:00	165.002	165.048	164.637	164.742	4916	0	20
2022.04.18	08:00:00	164.744	165.038	164.714	164.995	4539	0	20
2022.04.18	12:00:00	164.999	165.080	164.817	165.034	8075	0	20
2022.04.18	16:00:00	165.035	165.240	164.976	165.133	4357	0	20
2022.04.18	20:00:00	165.135	165.418	165.135	165.375	2574	0	20
2022.04.19	00:00:00	165.373	166.396	165.268	166.352	10272	0	20
2022.04.19	04:00:00	166.348	166.871	166.138	166.669	14041	0	20
2022.04.19	08:00:00	166.666	167.401	166.645	166.861	12304	0	20
2022.04.19	12:00:00	166.863	167.449	166.736	167.230	14915	0	20
2022.04.19	16:00:00	167.232	167.606	167.200	167.548	6037	0	20
2022.04.19	20:00:00	167.551	168.331	167.475	168.308	4699	0	20
2022.04.20	00:00:00	168.305	168.415	167.047	167.380	21834	0	20
2022.04.20	04:00:00	167.383	167.780	167.170	167.277	13498	0	20
2022.04.20	08:00:00	167.280	167.498	166.515	166.901	14140	0	20
2022.04.20	12:00:00	166.904	167.253	166.425	166.779	15738	0	20
2022.04.20	16:00:00	166.776	166.945	166.649	166.830	6672	0	20
2022.04.20	20:00:00	166.833	167.419	166.822	167.250	4050	0	20
2022.04.21	00:00:00	167.247	167.803	167.213	167.380	10182	0	20
2022.04.21	04:00:00	167.377	167.601	167.074	167.377	11569	0	20
2022.04.21	08:00:00	167.375	167.515	167.032	167.115	9885	0	20
2022.04.21	12:00:00	167.112	167.904	166.969	167.731	13737	0	20
2022.04.21	16:00:00	167.728	167.776	167.008	167.139	9437	0	20
2022.04.21	20:00:00	167.142	167.400	167.062	167.279	3653	0	20
2022.04.22	00:00:00	167.283	167.582	167.063	167.252	9869	0	20
2022.04.22	04:00:00	167.255	167.322	165.182	165.293	16194	0	20
2022.04.22	08:00:00	165.296	165.825	165.204	165.496	11721	0	20
2022.04.22	12:00:00	165.493	165.806	164.798	165.444	19828	0	20
2022.04.22	16:00:00	165.448	165.508	164.822	164.882	8402	0	20
2022.04.22	20:00:00	164.879	165.059	164.844	165.028	1100	0	20
2022.04.24	20:00:00	164.913	165.285	164.835	164.977	2998	0	20
2022.04.25	00:00:00	164.975	165.174	164.096	164.368	11641	0	20
2022.04.25	04:00:00	164.370	164.671	162.998	163.439	15412	0	20
2022.04.25	08:00:00	163.435	163.774	162.850	163.408	16250	0	20
2022.04.25	12:00:00	163.405	163.421	162.051	162.150	21517	0	20
2022.04.25	16:00:00	162.147	163.188	162.085	163.092	11190	0	20
2022.04.25	20:00:00	163.089	163.359	162.721	162.749	4080	0	20
2022.04.26	00:00:00	162.752	163.497	162.246	163.433	15425	0	20
2022.04.26	04:00:00	163.436	163.591	162.426	162.574	12856	0	20
2022.04.26	08:00:00	162.577	162.966	161.736	161.794	12831	0	20
2022.04.26	12:00:00	161.791	161.891	160.436	160.667	18836	0	20
2022.04.26	16:00:00	160.670	160.893	160.382	160.415	8384	0	20
2022.04.26	20:00:00	160.418	160.422	159.572	160.098	4548	0	20
2022.04.27	00:00:00	160.102	160.780	160.077	160.652	10662	0	20
2022.04.27	04:00:00	160.649	161.163	160.195	160.883	12454	0	20
2022.04.27	08:00:00	160.886	161.238	160.314	160.894	13849	0	20
2022.04.27	12:00:00	160.892	161.233	160.309	161.099	17900	0	20
2022.04.27	16:00:00	161.102	161.383	160.800	160.944	9039	0	20
2022.04.27	20:00:00	160.947	161.161	160.846	161.056	3340	0	20
2022.04.28	00:00:00	161.058	162.513	160.887	162.266	17602	0	20
2022.04.28	04:00:00	162.263	164.095	162.115	163.969	22686	0	20
2022.04.28	08:00:00	163.966	164.246	162.478	162.666	21463	0	20
2022.04.28	12:00:00	162.669	163.240	162.234	162.864	23350	0	20
2022.04.28	16:00:00	162.859	163.440	162.826	163.163	8801	0	20
2022.04.28	20:00:00	163.160	163.174	162.883	163.016	2952	0	20
2022.04.29	00:00:00	163.018	163.245	162.893	163.071	8562	0	20
2022.04.29	04:00:00	163.068	163.553	163.001	163.280	11810	0	20
2022.04.29	08:00:00	163.283	163.982	162.910	163.233	16727	0	20
2022.04.29	12:00:00	163.230	163.575	162.387	163.106	24013	0	20
2022.04.29	16:00:00	163.110	163.356	162.946	163.180	10519	0	20
2022.04.29	20:00:00	163.177	163.403	163.155	163.258	1680	0	20
2022.05.01	20:00:00	163.253	163.861	163.253	163.407	4405	0	20
2022.05.02	00:00:00	163.409	163.681	163.213	163.608	11780	0	20
2022.05.02	04:00:00	163.605	163.827	163.480	163.588	9678	0	20
2022.05.02	08:00:00	163.585	163.740	163.064	163.153	11218	0	20
2022.05.02	12:00:00	163.152	163.269	162.722	163.018	15484	0	20
2022.05.02	16:00:00	163.016	163.048	162.280	162.619	8061	0	20
2022.05.02	20:00:00	162.622	162.685	162.428	162.617	2488	0	20
2022.05.03	00:00:00	162.614	162.931	162.491	162.885	5886	0	20
2022.05.03	04:00:00	162.882	163.326	162.702	163.220	10108	0	20
2022.05.03	08:00:00	163.223	163.408	162.504	162.797	10149	0	20
2022.05.03	12:00:00	162.800	163.202	162.488	162.712	14432	0	20
2022.05.03	16:00:00	162.716	162.795	162.349	162.606	7512	0	20
2022.05.03	20:00:00	162.602	162.654	162.427	162.632	2201	0	20
2022.05.04	00:00:00	162.629	162.716	162.416	162.448	3789	0	20
2022.05.04	04:00:00	162.444	162.809	162.249	162.782	6200	0	20
2022.05.04	08:00:00	162.784	162.865	162.462	162.556	6769	0	20
2022.05.04	12:00:00	162.553	162.803	162.177	162.304	11786	0	20
2022.05.04	16:00:00	162.306	163.144	161.772	162.920	44718	0	20
2022.05.04	20:00:00	162.923	163.542	162.914	163.043	5536	0	20
2022.05.05	00:00:00	163.046	163.077	162.394	162.397	9533	0	20
2022.05.05	04:00:00	162.399	162.700	162.099	162.654	12230	0	20
2022.05.05	08:00:00	162.658	163.165	160.892	161.117	18902	0	20
2022.05.05	12:00:00	161.113	161.491	160.461	160.764	22339	0	20
2022.05.05	16:00:00	160.761	161.176	160.642	160.759	13230	0	20
2022.05.05	20:00:00	160.756	161.150	160.749	161.104	4002	0	20
2022.05.06	00:00:00	161.107	161.579	160.955	161.545	12107	0	20
2022.05.06	04:00:00	161.541	161.602	160.313	160.708	13517	0	20
2022.05.06	08:00:00	160.707	161.293	160.636	160.881	15603	0	20
2022.05.06	12:00:00	160.885	161.210	160.386	160.917	25513	0	20
2022.05.06	16:00:00	160.920	161.240	160.859	161.118	10742	0	20
2022.05.06	20:00:00	161.120	161.120	161.012	161.030	1145	0	20
2022.05.08	20:00:00	161.053	161.269	160.957	161.137	2944	0	20
2022.05.09	00:00:00	161.134	161.407	160.770	160.957	9663	0	20
2022.05.09	04:00:00	160.955	161.336	160.722	161.213	10944	0	20
2022.05.09	08:00:00	161.211	162.073	160.908	162.016	12513	0	20
2022.05.09	12:00:00	162.019	162.177	160.157	160.819	19385	0	20
2022.05.09	16:00:00	160.821	161.254	160.553	160.561	12299	0	20
2022.05.09	20:00:00	160.563	160.951	160.551	160.831	3967	0	20
2022.05.10	00:00:00	160.827	161.275	160.073	161.076	15431	0	20
2022.05.10	04:00:00	161.073	161.512	160.445	160.555	12348	0	20
2022.05.10	08:00:00	160.558	160.789	160.143	160.481	12651	0	20
2022.05.10	12:00:00	160.479	160.594	160.034	160.326	19437	0	20
2022.05.10	16:00:00	160.328	160.727	160.079	160.590	13114	0	20
2022.05.10	20:00:00	160.594	160.697	160.373	160.440	2468	0	20
2022.05.11	00:00:00	160.437	160.871	160.380	160.780	7199	0	20
2022.05.11	04:00:00	160.779	160.862	160.205	160.449	8238	0	20
2022.05.11	08:00:00	160.447	160.694	159.909	160.398	12520	0	20
2022.05.11	12:00:00	160.400	161.303	160.200	160.334	29565	0	20
2022.05.11	16:00:00	160.335	160.456	158.836	159.085	15136	0	20
2022.05.11	20:00:00	159.083	159.263	158.785	158.843	3292	0	20
2022.05.12	00:00:00	158.845	159.046	158.354	158.744	11866	0	20
2022.05.12	04:00:00	158.747	158.807	156.776	157.183	21604	0	20
2022.05.12	08:00:00	157.186	157.363	156.410	156.741	22933	0	20
2022.05.12	12:00:00	156.737	157.197	155.596	156.224	29829	0	20
2022.05.12	16:00:00	156.226	156.734	155.923	156.605	15008	0	20
2022.05.12	20:00:00	156.603	157.000	156.402	156.947	3717	0	20
2022.05.13	00:00:00	156.944	157.929	156.669	157.705	12813	0	20
2022.05.13	04:00:00	157.704	157.739	156.798	157.355	14230	0	20
2022.05.13	08:00:00	157.359	157.634	156.830	157.333	12734	0	20
2022.05.13	12:00:00	157.334	158.262	156.929	158.216	18412	0	20
2022.05.13	16:00:00	158.218	158.459	157.991	158.317	8447	0	20
2022.05.13	20:00:00	158.314	158.479	158.288	158.475	1038	0	20
2022.05.15	20:00:00	158.382	158.751	158.209	158.617	3332	0	20
2022.05.16	00:00:00	158.621	159.224	157.464	157.728	13782	0	20
2022.05.16	04:00:00	157.731	158.390	157.392	158.063	12411	0	20
2022.05.16	08:00:00	158.066	158.750	158.013	158.734	11523	0	20
2022.05.16	12:00:00	158.737	158.852	157.902	158.441	16875	0	20
2022.05.16	16:00:00	158.444	159.273	158.349	159.025	8071	0	20
2022.05.16	20:00:00	159.024	159.100	158.789	158.935	2331	0	20
2022.05.17	00:00:00	158.934	159.665	158.861	159.542	9513	0	20
2022.05.17	04:00:00	159.543	160.851	159.497	160.751	10046	0	20
2022.05.17	08:00:00	160.750	161.593	160.708	161.433	15740	0	20
2022.05.17	12:00:00	161.430	161.844	160.807	161.239	15779	0	20
2022.05.17	16:00:00	161.241	161.564	161.047	161.507	11255	0	20
2022.05.17	20:00:00	161.510	161.767	161.446	161.608	2246	0	20
2022.05.18	00:00:00	161.605	161.733	160.878	160.997	9017	0	20
2022.05.18	04:00:00	160.998	161.429	160.268	160.294	10988	0	20
2022.05.18	08:00:00	160.297	160.466	159.856	160.333	10299	0	20
2022.05.18	12:00:00	160.330	160.521	158.886	158.886	16426	0	20
2022.05.18	16:00:00	158.889	158.977	158.091	158.265	10340	0	20
2022.05.18	20:00:00	158.269	158.648	157.892	157.911	4980	0	20
2022.05.19	00:00:00	157.914	159.527	157.892	159.433	12741	0	20
2022.05.19	04:00:00	159.432	159.800	158.172	158.786	15730	0	20
2022.05.19	08:00:00	158.789	159.068	158.050	159.041	19639	0	20
2022.05.19	12:00:00	159.044	159.909	157.877	159.573	30002	0	20
2022.05.19	16:00:00	159.570	159.807	159.280	159.579	14698	0	20
2022.05.19	20:00:00	159.576	159.580	159.098	159.337	4065	0	20
2022.05.20	00:00:00	159.340	159.807	158.728	158.850	13557	0	20
2022.05.20	04:00:00	158.847	159.975	158.767	159.585	15686	0	20
2022.05.20	08:00:00	159.588	160.192	159.340	159.656	12701	0	20
2022.05.20	12:00:00	159.653	160.056	159.228	159.708	19031	0	20
2022.05.20	16:00:00	159.706	159.742	159.085	159.670	12951	0	20
2022.05.20	20:00:00	159.673	159.856	159.570	159.786	1491	0	20
2022.05.22	20:00:00	159.573	160.088	159.529	159.903	2542	0	20
2022.05.23	00:00:00	159.900	160.297	159.405	159.763	12274	0	20
2022.05.23	04:00:00	159.761	160.766	159.675	160.123	12991	0	20
2022.05.23	08:00:00	160.121	160.709	160.030	160.465	14089	0	20
2022.05.23	12:00:00	160.468	160.791	160.175	160.652	15447	0	20
2022.05.23	16:00:00	160.655	160.922	160.455	160.868	7020	0	20
2022.05.23	20:00:00	160.871	161.005	160.586	160.627	2753	0	20
2022.05.24	00:00:00	160.625	160.846	160.304	160.559	9706	0	20
2022.05.24	04:00:00	160.556	160.721	160.056	160.150	12288	0	20
2022.05.24	08:00:00	160.147	160.329	158.734	159.212	17053	0	20
2022.05.24	12:00:00	159.214	159.235	157.986	158.726	23563	0	20
2022.05.24	16:00:00	158.724	159.049	158.535	159.019	11636	0	20
2022.05.24	20:00:00	159.015	159.200	158.882	158.942	2537	0	20
2022.05.25	00:00:00	158.939	159.378	158.781	159.293	12659	0	20
2022.05.25	04:00:00	159.292	159.700	158.971	159.401	12342	0	20
2022.05.25	08:00:00	159.400	159.552	158.384	158.594	14623	0	20
2022.05.25	12:00:00	158.596	159.826	158.409	159.635	17496	0	20
2022.05.25	16:00:00	159.638	160.295	159.595	160.104	12326	0	20
2022.05.25	20:00:00	160.107	160.226	159.967	160.029	2521	0	20
2022.05.26	00:00:00	160.026	160.820	160.016	160.348	10828	0	20
2022.05.26	04:00:00	160.349	160.386	159.155	159.325	14751	0	20
2022.05.26	08:00:00	159.342	160.307	159.013	159.992	15061	0	20
2022.05.26	12:00:00	159.995	160.325	159.512	160.047	15490	0	20
2022.05.26	16:00:00	160.048	160.277	159.950	160.125	6510	0	20
2022.05.26	20:00:00	160.124	160.361	159.960	160.360	2406	0	20
2022.05.27	00:00:00	160.363	160.624	160.081	160.399	12848	0	20
2022.05.27	04:00:00	160.396	160.648	160.140	160.448	9357	0	20
2022.05.27	08:00:00	160.447	160.474	159.817	160.119	11015	0	20
2022.05.27	12:00:00	160.116	160.564	160.064	160.345	14484	0	20
2022.05.27	16:00:00	160.349	160.559	160.192	160.550	4491	0	20
2022.05.27	20:00:00	160.547	160.579	160.484	160.554	706	0	20
2022.05.29	20:00:00	160.367	160.795	160.268	160.661	1657	0	40
2022.05.30	00:00:00	160.669	160.770	160.333	160.571	7473	0	20
2022.05.30	04:00:00	160.569	160.871	160.475	160.734	8944	0	20
2022.05.30	08:00:00	160.737	161.184	160.616	161.054	8269	0	20
2022.05.30	12:00:00	161.051	161.513	161.039	161.433	8778	0	20
2022.05.30	16:00:00	161.432	161.478	161.331	161.384	1703	0	20
2022.05.30	20:00:00	161.383	161.664	161.255	161.568	2385	0	20
2022.05.31	00:00:00	161.570	161.949	161.490	161.577	12348	0	20
2022.05.31	04:00:00	161.575	161.589	160.936	161.029	11922	0	20
2022.05.31	08:00:00	161.027	161.452	160.991	161.343	12278	0	20
2022.05.31	12:00:00	161.340	162.328	161.208	162.264	19551	0	20
2022.05.31	16:00:00	162.263	162.352	162.000	162.180	8227	0	20
2022.05.31	20:00:00	162.183	162.344	162.086	162.304	2410	0	20
2022.06.01	00:00:00	162.307	162.749	162.307	162.607	9544	0	20
2022.06.01	04:00:00	162.606	163.307	162.380	162.956	10928	0	20
2022.06.01	08:00:00	162.958	163.078	162.681	162.855	10552	0	20
2022.06.01	12:00:00	162.859	163.057	161.965	162.212	18439	0	20
2022.06.01	16:00:00	162.210	162.676	162.034	162.466	8681	0	20
2022.06.01	20:00:00	162.464	162.640	162.369	162.433	2681	0	20
2022.06.02	00:00:00	162.434	162.494	162.123	162.314	9233	0	20
2022.06.02	04:00:00	162.313	162.850	162.107	162.728	8067	0	20
2022.06.02	08:00:00	162.731	162.951	162.629	162.813	7896	0	20
2022.06.02	12:00:00	162.815	163.161	162.584	163.019	15445	0	20
2022.06.02	16:00:00	163.022	163.411	162.965	163.268	5688	0	20
2022.06.02	20:00:00	163.266	163.458	163.217	163.433	1908	0	20
2022.06.03	00:00:00	163.435	163.497	163.058	163.227	7149	0	20
2022.06.03	04:00:00	163.225	163.420	163.150	163.318	6144	0	20
2022.06.03	08:00:00	163.317	163.666	163.283	163.442	6548	0	20
2022.06.03	12:00:00	163.439	164.093	163.311	163.582	16267	0	20
2022.06.03	16:00:00	163.585	163.735	163.453	163.541	5827	0	20
2022.06.03	20:00:00	163.544	163.547	163.318	163.363	799	0	20
2022.06.05	20:00:00	163.445	163.559	163.268	163.268	2307	0	20
2022.06.06	00:00:00	163.265	163.430	162.903	163.048	7827	0	20
2022.06.06	04:00:00	163.046	164.086	162.948	164.067	9767	0	20
2022.06.06	08:00:00	164.070	164.447	163.904	164.219	10367	0	20
2022.06.06	12:00:00	164.221	165.037	164.046	165.016	12565	0	20
2022.06.06	16:00:00	165.013	165.460	164.868	165.272	6821	0	20
2022.06.06	20:00:00	165.271	165.663	165.187	165.522	3764	0	20
2022.06.07	00:00:00	165.525	166.039	165.400	165.846	12980	0	20
2022.06.07	04:00:00	165.843	166.133	165.281	165.700	17156	0	20
2022.06.07	08:00:00	165.704	166.255	165.704	165.962	12651	0	20
2022.06.07	12:00:00	165.966	166.924	165.657	166.909	14495	0	20
2022.06.07	16:00:00	166.907	167.099	166.647	167.087	5777	0	20
2022.06.07	20:00:00	167.084	167.251	166.796	167.185	2291	0	20
2022.06.08	00:00:00	167.182	167.434	166.976	167.211	10302	0	20
2022.06.08	04:00:00	167.209	167.714	167.143	167.608	12218	0	20
2022.06.08	08:00:00	167.610	168.301	167.413	168.146	14481	0	20
2022.06.08	12:00:00	168.143	168.526	167.687	168.377	18853	0	20
2022.06.08	16:00:00	168.374	168.480	167.950	168.331	8055	0	20
2022.06.08	20:00:00	168.334	168.690	168.095	168.606	3476	0	20
2022.06.09	00:00:00	168.603	168.718	167.913	167.979	11342	0	20
2022.06.09	04:00:00	167.978	168.136	166.761	166.802	14512	0	20
2022.06.09	08:00:00	166.799	167.807	166.686	167.671	16697	0	20
2022.06.09	12:00:00	167.675	168.603	167.514	167.749	25149	0	20
2022.06.09	16:00:00	167.745	168.067	167.632	167.901	8022	0	20
2022.06.09	20:00:00	167.904	168.006	167.761	167.885	2669	0	20
2022.06.10	00:00:00	167.882	167.882	167.334	167.551	11407	0	20
2022.06.10	04:00:00	167.552	167.709	166.545	166.606	16438	0	20
2022.06.10	08:00:00	166.603	167.143	166.286	166.601	13360	0	20
2022.06.10	12:00:00	166.599	166.834	165.164	165.446	27047	0	20
2022.06.10	16:00:00	165.443	165.532	165.217	165.423	9056	0	20
2022.06.10	20:00:00	165.425	165.562	165.379	165.491	1665	0	20
2022.06.12	20:00:00	165.473	165.806	165.323	165.473	4134	0	20
2022.06.13	00:00:00	165.469	165.805	165.329	165.795	12224	0	20
2022.06.13	04:00:00	165.799	166.119	164.676	164.728	20013	0	20
2022.06.13	08:00:00	164.730	164.792	163.546	163.570	17521	0	20
2022.06.13	12:00:00	163.573	163.729	162.246	163.209	24336	0	20
2022.06.13	16:00:00	163.207	163.665	162.831	162.919	18582	0	20
2022.06.13	20:00:00	162.922	163.213	162.864	162.993	5075	0	20
2022.06.14	00:00:00	162.989	163.938	162.704	163.859	18070	0	20
2022.06.14	04:00:00	163.860	164.308	163.582	163.723	17735	0	20
2022.06.14	08:00:00	163.720	163.740	162.216	162.328	20029	0	20
2022.06.14	12:00:00	162.332	162.657	161.335	162.076	25342	0	20
2022.06.14	16:00:00	162.073	162.145	161.528	161.997	16057	0	20
2022.06.14	20:00:00	162.000	162.629	161.957	162.471	4648	0	20
2022.06.15	00:00:00	162.468	162.822	162.019	162.394	13545	0	20
2022.06.15	04:00:00	162.396	162.405	161.722	162.072	19277	0	20
2022.06.15	08:00:00	162.069	163.033	162.026	162.936	20542	0	20
2022.06.15	12:00:00	162.938	163.092	162.102	162.168	21059	0	20
2022.06.15	16:00:00	162.171	163.154	162.041	162.986	45481	0	20
2022.06.15	20:00:00	162.983	163.310	162.738	163.196	6744	0	20
2022.06.16	00:00:00	163.193	163.785	163.166	163.274	11868	0	20
2022.06.16	04:00:00	163.270	163.324	161.949	162.285	15502	0	20
2022.06.16	08:00:00	162.283	162.495	159.997	161.155	57994	0	20
2022.06.16	12:00:00	161.158	162.975	161.119	162.508	33251	0	20
2022.06.16	16:00:00	162.512	163.781	162.431	163.186	23008	0	20
2022.06.16	20:00:00	163.183	163.843	163.096	163.530	6329	0	20
2022.06.17	00:00:00	163.533	165.732	162.989	164.926	45333	0	20
2022.06.17	04:00:00	164.923	165.561	164.105	165.169	26997	0	20
2022.06.17	08:00:00	165.166	166.217	165.041	165.166	27707	0	20
2022.06.17	12:00:00	165.169	165.284	164.476	164.896	25988	0	20
2022.06.17	16:00:00	164.900	165.012	164.578	164.842	12889	0	20
2022.06.17	20:00:00	164.845	165.034	164.786	164.908	1478	0	20
2022.06.19	20:00:00	164.899	165.560	164.840	165.433	4286	0	20
2022.06.20	00:00:00	165.435	165.530	164.471	165.173	17732	0	20
2022.06.20	04:00:00	165.175	165.324	164.477	164.626	15829	0	20
2022.06.20	08:00:00	164.629	165.653	164.614	165.466	14278	0	20
2022.06.20	12:00:00	165.468	165.588	165.070	165.378	12539	0	20
2022.06.20	16:00:00	165.376	165.529	165.230	165.477	2520	0	20
2022.06.20	20:00:00	165.463	165.621	165.308	165.464	3250	0	20
2022.06.21	00:00:00	165.461	165.865	165.339	165.752	11420	0	20
2022.06.21	04:00:00	165.751	166.347	165.396	166.286	10812	0	20
2022.06.21	08:00:00	166.282	167.071	166.160	167.068	16663	0	20
2022.06.21	12:00:00	167.065	167.414	166.831	167.254	18755	0	20
2022.06.21	16:00:00	167.250	167.700	167.006	167.668	8291	0	20
2022.06.21	20:00:00	167.665	167.815	167.120	167.174	4353	0	20
2022.06.22	00:00:00	167.171	167.267	166.489	166.761	13280	0	20
2022.06.22	04:00:00	166.759	167.036	165.765	166.149	15923	0	20
2022.06.22	08:00:00	166.152	167.044	165.949	166.475	18901	0	20
2022.06.22	12:00:00	166.474	167.319	166.255	167.052	23262	0	20
2022.06.22	16:00:00	167.049	167.439	166.922	167.079	9028	0	20
2022.06.22	20:00:00	167.081	167.133	166.441	166.610	3869	0	20
2022.06.23	00:00:00	166.608	166.889	165.639	165.895	17254	0	20
2022.06.23	04:00:00	165.891	166.377	164.799	164.815	16596	0	20
2022.06.23	08:00:00	164.812	165.819	164.812	165.748	18759	0	20
2022.06.23	12:00:00	165.749	165.751	164.742	164.878	28867	0	20
2022.06.23	16:00:00	164.881	165.596	164.651	165.496	10896	0	20
2022.06.23	20:00:00	165.493	165.541	165.197	165.282	3078	0	20
2022.06.24	00:00:00	165.278	165.685	165.105	165.316	11758	0	20
2022.06.24	04:00:00	165.313	165.556	164.802	165.027	12412	0	20
2022.06.24	08:00:00	165.030	166.298	164.865	165.905	15491	0	20
2022.06.24	12:00:00	165.903	166.288	165.642	165.911	22248	0	20
2022.06.24	16:00:00	165.914	166.130	165.725	166.095	7380	0	20
2022.06.24	20:00:00	166.098	166.115	165.863	165.956	968	0	20
2022.06.26	20:00:00	165.691	166.236	165.658	165.879	3400	0	20
2022.06.27	00:00:00	165.875	165.930	165.128	165.504	13821	0	20
2022.06.27	04:00:00	165.502	166.526	165.384	166.424	11795	0	20
2022.06.27	08:00:00	166.425	166.451	165.869	166.056	12212	0	20
2022.06.27	12:00:00	166.057	166.459	165.772	166.452	18138	0	20
2022.06.27	16:00:00	166.455	166.479	166.075	166.116	7181	0	20
2022.06.27	20:00:00	166.115	166.198	165.956	166.127	2800	0	20
2022.06.28	00:00:00	166.125	166.394	165.718	166.089	10686	0	20
2022.06.28	04:00:00	166.087	166.845	165.971	166.582	12519	0	20
2022.06.28	08:00:00	166.579	166.928	166.268	166.564	14482	0	20
2022.06.28	12:00:00	166.563	166.650	166.015	166.144	19360	0	20
2022.06.28	16:00:00	166.147	166.272	165.879	165.979	9538	0	20
2022.06.28	20:00:00	165.982	166.042	165.706	165.806	3016	0	20
2022.06.29	00:00:00	165.803	166.281	165.736	166.184	10303	0	20
2022.06.29	04:00:00	166.186	166.281	165.432	165.882	16059	0	20
2022.06.29	08:00:00	165.886	166.204	165.666	165.892	16329	0	20
2022.06.29	12:00:00	165.895	166.333	165.597	165.886	23033	0	20
2022.06.29	16:00:00	165.883	165.923	165.399	165.501	8772	0	20
2022.06.29	20:00:00	165.498	165.704	165.439	165.703	3509	0	20
2022.06.30	00:00:00	165.700	165.819	165.431	165.664	10480	0	20
2022.06.30	04:00:00	165.661	165.750	165.057	165.229	14652	0	20
2022.06.30	08:00:00	165.232	165.800	164.856	165.070	14552	0	20
2022.06.30	12:00:00	165.067	165.651	164.806	165.058	24219	0	20
2022.06.30	16:00:00	165.055	165.282	164.925	165.171	10500	0	20
2022.06.30	20:00:00	165.168	165.324	165.069	165.130	2840	0	20
2022.07.01	00:00:00	165.128	165.307	163.616	163.806	13526	0	20
2022.07.01	04:00:00	163.803	163.932	163.259	163.849	16790	0	20
2022.07.01	08:00:00	163.846	164.346	162.662	162.890	18583	0	20
2022.07.01	12:00:00	162.892	162.916	161.570	162.731	25572	0	20
2022.07.01	16:00:00	162.728	163.709	162.689	163.649	9597	0	20
2022.07.01	20:00:00	163.651	163.696	163.489	163.599	967	0	20
2022.07.03	20:00:00	163.641	163.967	163.339	163.347	3146	0	20
2022.07.04	00:00:00	163.343	163.529	163.002	163.386	10742	0	20
2022.07.04	04:00:00	163.383	164.271	163.308	164.214	10947	0	20
2022.07.04	08:00:00	164.211	164.577	163.782	164.467	11096	0	20
2022.07.04	12:00:00	164.465	164.738	164.209	164.253	9310	0	20
2022.07.04	16:00:00	164.257	164.368	164.111	164.194	2156	0	20
2022.07.04	20:00:00	164.197	164.734	163.993	164.576	3118	0	20
2022.07.05	00:00:00	164.574	165.271	164.430	164.884	10579	0	20
2022.07.05	04:00:00	164.882	165.214	164.220	164.393	14005	0	20
2022.07.05	08:00:00	164.390	164.453	163.123	163.176	19729	0	20
2022.07.05	12:00:00	163.173	163.173	161.582	161.935	25802	0	20
2022.07.05	16:00:00	161.937	162.346	161.691	162.336	11249	0	20
2022.07.05	20:00:00	162.340	162.533	161.833	161.978	4844	0	20
2022.07.06	00:00:00	161.981	162.408	161.610	161.848	13159	0	20
2022.07.06	04:00:00	161.844	162.573	160.886	162.065	17396	0	20
2022.07.06	08:00:00	162.064	162.294	160.749	160.929	20724	0	20
2022.07.06	12:00:00	160.926	161.955	160.391	161.507	29871	0	20
2022.07.06	16:00:00	161.510	162.239	161.307	162.019	15166	0	20
2022.07.06	20:00:00	162.020	162.266	161.872	162.080	3589	0	20
2022.07.07	00:00:00	162.079	162.298	161.580	162.160	12186	0	20
2022.07.07	04:00:00	162.159	162.693	161.958	162.509	13441	0	20
2022.07.07	08:00:00	162.506	163.425	162.422	162.481	20247	0	20
2022.07.07	12:00:00	162.478	163.210	162.246	163.110	19809	0	20
2022.07.07	16:00:00	163.108	163.618	163.057	163.532	7152	0	20
2022.07.07	20:00:00	163.535	163.626	163.397	163.490	2231	0	20
2022.07.08	00:00:00	163.493	163.928	162.757	163.026	18378	0	20
2022.07.08	04:00:00	163.028	163.144	161.989	162.218	17193	0	20
2022.07.08	08:00:00	162.222	163.120	161.817	162.964	17485	0	20
2022.07.08	12:00:00	162.965	163.910	162.957	163.891	29175	0	20
2022.07.08	16:00:00	163.893	163.898	163.552	163.688	6642	0	20
2022.07.08	20:00:00	163.691	163.828	163.630	163.716	1158	0	20
2022.07.10	20:00:00	163.524	163.952	163.522	163.786	2471	0	20
2022.07.11	00:00:00	163.789	164.465	163.670	164.225	14439	0	20
2022.07.11	04:00:00	164.228	164.339	163.489	163.601	13005	0	20
2022.07.11	08:00:00	163.603	164.132	163.542	163.914	13306	0	20
2022.07.11	12:00:00	163.916	164.154	163.025	163.427	21748	0	20
2022.07.11	16:00:00	163.429	163.538	163.239	163.402	7853	0	20
2022.07.11	20:00:00	163.405	163.539	163.295	163.507	3213	0	20
2022.07.12	00:00:00	163.504	163.544	162.720	163.008	13689	0	20
2022.07.12	04:00:00	163.005	163.193	162.407	162.602	15240	0	20
2022.07.12	08:00:00	162.599	162.615	161.850	161.850	18808	0	20
2022.07.12	12:00:00	161.853	162.785	161.828	162.719	19130	0	20
2022.07.12	16:00:00	162.717	162.883	162.513	162.641	6752	0	20
2022.07.12	20:00:00	162.638	162.719	162.351	162.400	2895	0	20
2022.07.13	00:00:00	162.397	163.395	162.397	163.249	12013	0	20
2022.07.13	04:00:00	163.252	163.688	162.938	163.136	13267	0	20
2022.07.13	08:00:00	163.133	163.586	162.872	163.550	12995	0	20
2022.07.13	12:00:00	163.552	164.110	162.855	163.659	36149	0	20
2022.07.13	16:00:00	163.656	163.808	163.262	163.297	10852	0	20
2022.07.13	20:00:00	163.300	163.427	163.080	163.278	3813	0	20
2022.07.14	00:00:00	163.280	163.997	163.151	163.843	13700	0	20
2022.07.14	04:00:00	163.845	165.141	163.789	165.024	14945	0	20
2022.07.14	08:00:00	165.027	165.183	164.013	164.198	21321	0	20
2022.07.14	12:00:00	164.201	164.668	163.732	164.291	26775	0	20
2022.07.14	16:00:00	164.295	164.349	163.565	164.228	13621	0	20
2022.07.14	20:00:00	164.225	164.576	164.129	164.554	3252	0	20
2022.07.15	00:00:00	164.551	164.697	164.094	164.430	12228	0	20
2022.07.15	04:00:00	164.433	164.489	163.643	164.350	12866	0	20
2022.07.15	08:00:00	164.353	164.409	164.019	164.123	14190	0	20
2022.07.15	12:00:00	164.126	164.538	163.994	164.320	24001	0	20
2022.07.15	16:00:00	164.318	164.402	164.140	164.389	6524	0	20
2022.07.15	20:00:00	164.386	164.421	164.307	164.346	1251	0	20
2022.07.17	20:00:00	164.376	164.537	164.207	164.427	2738	0	20
2022.07.18	00:00:00	164.428	164.727	164.167	164.584	7833	0	20
2022.07.18	04:00:00	164.580	165.008	164.235	164.992	11323	0	20
2022.07.18	08:00:00	164.989	165.787	164.725	165.500	13601	0	20
2022.07.18	12:00:00	165.503	166.086	165.331	165.727	15109	0	20
2022.07.18	16:00:00	165.725	165.762	164.920	165.039	7012	0	20
2022.07.18	20:00:00	165.042	165.267	164.970	165.195	3495	0	20
2022.07.19	00:00:00	165.198	165.305	164.735	164.784	8752	0	20
2022.07.19	04:00:00	164.787	165.561	164.716	165.405	13289	0	20
2022.07.19	08:00:00	165.408	165.599	165.122	165.236	16965	0	20
2022.07.19	12:00:00	165.239	165.972	165.191	165.811	18134	0	20
2022.07.19	16:00:00	165.813	165.873	165.653	165.846	6884	0	20
2022.07.19	20:00:00	165.843	165.926	165.741	165.854	3494	0	20
2022.07.20	00:00:00	165.851	166.241	165.661	166.060	7959	0	20
2022.07.20	04:00:00	166.061	166.173	165.608	165.624	12097	0	20
2022.07.20	08:00:00	165.621	166.183	165.342	165.398	14765	0	20
2022.07.20	12:00:00	165.400	165.879	165.131	165.629	17421	0	20
2022.07.20	16:00:00	165.631	165.661	165.275	165.513	8375	0	20
2022.07.20	20:00:00	165.517	165.744	165.493	165.647	2992	0	20
2022.07.21	00:00:00	165.649	165.978	165.407	165.657	10470	0	20
2022.07.21	04:00:00	165.660	165.922	165.422	165.495	13128	0	20
2022.07.21	08:00:00	165.498	165.948	165.107	165.418	15814	0	20
2022.07.21	12:00:00	165.415	165.931	164.538	165.125	32045	0	20
2022.07.21	16:00:00	165.123	165.123	164.533	164.757	8355	0	20
2022.07.21	20:00:00	164.754	164.951	164.404	164.424	5318	0	20
2022.07.22	00:00:00	164.427	164.856	164.354	164.685	10632	0	20
2022.07.22	04:00:00	164.684	165.143	164.060	164.103	13112	0	20
2022.07.22	08:00:00	164.104	164.666	163.571	163.624	18517	0	20
2022.07.22	12:00:00	163.628	163.887	163.380	163.628	26239	0	20
2022.07.22	16:00:00	163.624	163.629	162.996	163.153	9812	0	20
2022.07.22	20:00:00	163.155	163.381	163.120	163.363	1398	0	20
2022.07.24	20:00:00	163.360	163.581	163.246	163.404	3167	0	20
2022.07.25	00:00:00	163.403	163.692	162.989	163.323	11843	0	20
2022.07.25	04:00:00	163.320	163.647	163.110	163.590	11239	0	20
2022.07.25	08:00:00	163.586	164.821	163.417	164.738	15036	0	20
2022.07.25	12:00:00	164.742	165.081	164.287	164.620	16306	0	20
2022.07.25	16:00:00	164.617	164.816	164.451	164.694	5775	0	20
2022.07.25	20:00:00	164.691	164.733	164.285	164.421	2557	0	20
2022.07.26	00:00:00	164.424	164.955	164.368	164.756	7940	0	20
2022.07.26	04:00:00	164.758	164.961	164.414	164.589	8656	0	20
2022.07.26	08:00:00	164.592	164.597	163.588	163.727	13284	0	20
2022.07.26	12:00:00	163.730	164.621	163.470	164.423	18098	0	20
2022.07.26	16:00:00	164.421	164.553	164.231	164.474	6623	0	20
2022.07.26	20:00:00	164.478	164.891	164.471	164.839	3180	0	20
2022.07.27	00:00:00	164.838	165.151	164.812	165.021	7860	0	20
2022.07.27	04:00:00	165.019	165.276	164.875	165.079	8611	0	20
2022.07.27	08:00:00	165.075	165.180	164.737	165.007	10635	0	20
2022.07.27	12:00:00	165.010	165.280	164.794	165.154	14031	0	20
2022.07.27	16:00:00	165.151	166.325	165.095	166.074	20975	0	20
2022.07.27	20:00:00	166.071	166.108	165.475	165.519	4283	0	20
2022.07.28	00:00:00	165.515	165.696	164.526	164.660	15904	0	20
2022.07.28	04:00:00	164.663	165.208	164.576	165.176	13665	0	20
2022.07.28	08:00:00	165.179	165.278	164.186	164.485	14313	0	20
2022.07.28	12:00:00	164.482	164.542	162.858	163.031	24097	0	20
2022.07.28	16:00:00	163.033	163.406	162.935	163.374	7107	0	20
2022.07.28	20:00:00	163.370	163.717	163.314	163.599	5341	0	20
2022.07.29	00:00:00	163.596	163.892	162.131	162.330	16686	0	20
2022.07.29	04:00:00	162.327	162.644	161.922	162.164	20943	0	20
2022.07.29	08:00:00	162.160	162.476	161.533	162.186	16498	0	20
2022.07.29	12:00:00	162.185	162.685	161.885	162.282	26155	0	20
2022.07.29	16:00:00	162.281	162.424	162.022	162.386	7863	0	20
2022.07.29	20:00:00	162.383	162.411	162.222	162.234	1108	0	20
2022.07.31	20:00:00	162.107	162.493	162.022	162.279	3243	0	20
2022.08.01	00:00:00	162.276	162.318	161.038	161.511	16084	0	20
2022.08.01	04:00:00	161.509	161.687	161.067	161.666	12139	0	20
2022.08.01	08:00:00	161.664	162.081	161.558	161.891	16429	0	20
2022.08.01	12:00:00	161.894	162.222	161.470	161.808	21653	0	20
2022.08.01	16:00:00	161.805	161.918	161.295	161.340	7932	0	20
2022.08.01	20:00:00	161.337	161.429	161.018	161.057	4526	0	20
2022.08.02	00:00:00	161.054	161.227	159.998	160.374	18896	0	20
2022.08.02	04:00:00	160.376	160.385	159.414	159.626	15656	0	20
2022.08.02	08:00:00	159.628	160.145	159.521	160.028	14756	0	20
2022.08.02	12:00:00	160.026	161.784	159.513	161.665	24686	0	20
2022.08.02	16:00:00	161.668	161.967	161.430	161.906	12032	0	20
2022.08.02	20:00:00	161.909	162.338	161.660	161.922	6829	0	20
2022.08.03	00:00:00	161.919	162.674	161.563	161.598	16553	0	20
2022.08.03	04:00:00	161.597	162.595	161.205	162.393	18454	0	20
2022.08.03	08:00:00	162.390	162.716	161.924	162.692	15688	0	20
2022.08.03	12:00:00	162.689	163.055	162.238	162.801	20807	0	20
2022.08.03	16:00:00	162.799	163.003	162.413	162.689	8783	0	20
2022.08.03	20:00:00	162.691	162.833	162.478	162.559	3521	0	20
2022.08.04	00:00:00	162.556	162.765	162.258	162.555	11080	0	20
2022.08.04	04:00:00	162.553	163.324	162.465	163.212	11106	0	20
2022.08.04	08:00:00	163.209	163.938	161.448	161.691	19538	0	20
2022.08.04	12:00:00	161.688	162.032	161.118	161.798	22616	0	20
2022.08.04	16:00:00	161.801	162.017	161.588	161.686	8273	0	20
2022.08.04	20:00:00	161.689	161.834	161.108	161.237	5014	0	20
2022.08.05	00:00:00	161.240	161.841	161.181	161.776	10995	0	20
2022.08.05	04:00:00	161.778	162.169	161.707	162.023	9286	0	20
2022.08.05	08:00:00	162.026	162.045	161.282	161.625	12277	0	20
2022.08.05	12:00:00	161.628	163.315	161.576	163.178	27736	0	20
2022.08.05	16:00:00	163.180	163.358	162.801	162.982	9676	0	20
2022.08.05	20:00:00	162.985	163.036	162.861	162.971	1543	0	20
2022.08.07	20:00:00	162.944	163.159	162.799	162.894	2990	0	20
2022.08.08	00:00:00	162.897	163.460	162.897	163.206	10266	0	20
2022.08.08	04:00:00	163.203	163.841	163.155	163.566	8405	0	20
2022.08.08	08:00:00	163.563	163.563	162.904	163.320	10244	0	20
2022.08.08	12:00:00	163.323	163.508	162.830	162.962	14375	0	20
2022.08.08	16:00:00	162.961	163.168	162.559	163.159	6917	0	20
2022.08.08	20:00:00	163.158	163.184	162.919	162.950	4146	0	20
2022.08.09	00:00:00	162.954	163.204	162.619	163.034	8116	0	20
2022.08.09	04:00:00	163.037	163.289	162.695	163.046	8147	0	20
2022.08.09	08:00:00	163.045	163.657	163.033	163.410	11421	0	20
2022.08.09	12:00:00	163.413	163.664	163.019	163.120	13443	0	20
2022.08.09	16:00:00	163.122	163.243	163.000	163.127	5001	0	20
2022.08.09	20:00:00	163.130	163.217	163.058	163.199	2397	0	20
2022.08.10	00:00:00	163.202	163.338	163.010	163.045	6447	0	20
2022.08.10	04:00:00	163.042	163.229	162.958	163.114	6565	0	20
2022.08.10	08:00:00	163.117	163.495	163.020	163.452	9227	0	20
2022.08.10	12:00:00	163.449	163.606	161.679	162.319	56054	0	20
2022.08.10	16:00:00	162.322	162.751	162.065	162.399	10097	0	20
2022.08.10	20:00:00	162.402	162.452	162.119	162.165	3898	0	20
2022.08.11	00:00:00	162.161	162.450	161.991	162.352	8109	0	20
2022.08.11	04:00:00	162.354	162.398	161.891	161.900	10088	0	20
2022.08.11	08:00:00	161.897	162.288	161.514	161.616	12416	0	20
2022.08.11	12:00:00	161.619	162.326	161.260	162.236	21640	0	20
2022.08.11	16:00:00	162.233	162.376	162.021	162.266	7755	0	20
2022.08.11	20:00:00	162.263	162.299	162.078	162.199	3313	0	20
2022.08.12	00:00:00	162.202	162.601	162.132	162.457	8694	0	20
2022.08.12	04:00:00	162.459	162.789	162.211	162.319	10292	0	20
2022.08.12	08:00:00	162.322	162.448	161.796	162.322	13408	0	20
2022.08.12	12:00:00	162.325	162.376	161.811	162.034	18239	0	20
2022.08.12	16:00:00	162.031	162.111	161.914	162.001	4889	0	20
2022.08.12	20:00:00	162.004	162.037	161.904	161.985	1282	0	20
2022.08.14	20:00:00	161.854	162.049	161.598	161.662	2625	0	20
2022.08.15	00:00:00	161.665	161.810	161.338	161.445	8721	0	20
2022.08.15	04:00:00	161.448	161.644	161.175	161.609	8121	0	20
2022.08.15	08:00:00	161.607	161.619	160.623	160.927	11768	0	20
2022.08.15	12:00:00	160.924	161.024	160.345	160.935	15458	0	20
2022.08.15	16:00:00	160.938	160.970	160.579	160.678	4884	0	20
2022.08.15	20:00:00	160.681	160.736	160.391	160.507	3473	0	20
2022.08.16	00:00:00	160.505	160.859	160.085	160.654	8591	0	20
2022.08.16	04:00:00	160.658	161.157	160.571	161.140	9685	0	20
2022.08.16	08:00:00	161.136	161.627	161.001	161.551	13540	0	20
2022.08.16	12:00:00	161.547	162.736	161.526	162.456	15224	0	20
2022.08.16	16:00:00	162.454	162.517	162.144	162.295	5221	0	20
2022.08.16	20:00:00	162.298	162.523	162.212	162.401	3136	0	20
2022.08.17	00:00:00	162.405	162.649	162.171	162.395	8819	0	20
2022.08.17	04:00:00	162.398	163.084	162.310	163.066	11519	0	20
2022.08.17	08:00:00	163.069	163.380	162.878	163.257	12355	0	20
2022.08.17	12:00:00	163.254	163.558	162.783	162.886	16098	0	20
2022.08.17	16:00:00	162.889	163.212	162.615	162.710	10610	0	20
2022.08.17	20:00:00	162.708	162.831	162.498	162.550	3055	0	20
2022.08.18	00:00:00	162.552	162.683	162.361	162.552	8125	0	20
2022.08.18	04:00:00	162.549	162.787	162.252	162.705	11206	0	20
2022.08.18	08:00:00	162.708	163.236	162.589	162.614	12529	0	20
2022.08.18	12:00:00	162.616	162.746	161.881	161.928	15909	0	20
2022.08.18	16:00:00	161.926	162.267	161.679	162.197	8340	0	20
2022.08.18	20:00:00	162.199	162.216	161.951	162.020	3510	0	20
2022.08.19	00:00:00	162.022	162.455	162.022	162.416	9710	0	20
2022.08.19	04:00:00	162.419	162.829	162.072	162.787	10852	0	20
2022.08.19	08:00:00	162.785	162.818	161.853	162.141	14018	0	20
2022.08.19	12:00:00	162.138	162.286	161.630	161.780	14372	0	20
2022.08.19	16:00:00	161.779	161.910	161.641	161.820	6665	0	20
2022.08.19	20:00:00	161.823	161.936	161.806	161.923	1058	0	20
2022.08.21	20:00:00	161.811	161.997	161.682	161.944	3043	0	20
2022.08.22	00:00:00	161.947	162.523	161.819	162.351	8496	0	20
2022.08.22	04:00:00	162.348	162.391	161.261	161.391	10634	0	20
2022.08.22	08:00:00	161.394	161.868	161.157	161.696	14092	0	20
2022.08.22	12:00:00	161.698	162.177	161.583	161.635	15063	0	20
2022.08.22	16:00:00	161.638	161.910	161.547	161.689	6331	0	20
2022.08.22	20:00:00	161.692	161.895	161.605	161.857	2714	0	20
2022.08.23	00:00:00	161.860	162.051	161.372	161.500	8842	0	20
2022.08.23	04:00:00	161.504	161.643	160.799	161.498	12055	0	20
2022.08.23	08:00:00	161.501	161.795	161.124	161.649	12880	0	20
2022.08.23	12:00:00	161.646	162.300	161.201	161.507	25397	0	20
2022.08.23	16:00:00	161.510	161.863	161.392	161.812	7689	0	20
2022.08.23	20:00:00	161.816	161.902	161.669	161.760	4101	0	20
2022.08.24	00:00:00	161.762	161.887	161.492	161.544	8360	0	20
2022.08.24	04:00:00	161.541	161.805	161.158	161.493	10044	0	20
2022.08.24	08:00:00	161.497	161.522	160.830	160.999	12337	0	20
2022.08.24	12:00:00	160.998	161.762	160.927	161.575	16887	0	20
2022.08.24	16:00:00	161.578	161.798	161.489	161.762	5790	0	20
2022.08.24	20:00:00	161.765	161.797	161.519	161.631	2763	0	20
2022.08.25	00:00:00	161.634	161.777	161.478	161.669	8579	0	20
2022.08.25	04:00:00	161.666	161.984	161.558	161.605	11050	0	20
2022.08.25	08:00:00	161.606	161.833	161.315	161.414	11282	0	20
2022.08.25	12:00:00	161.416	161.906	161.332	161.473	14951	0	20
2022.08.25	16:00:00	161.471	161.604	161.320	161.556	6547	0	20
2022.08.25	20:00:00	161.559	161.587	161.419	161.436	2610	0	20
2022.08.26	00:00:00	161.432	161.710	161.322	161.595	6029	0	20
2022.08.26	04:00:00	161.592	161.680	161.387	161.582	8187	0	20
2022.08.26	08:00:00	161.579	162.129	161.273	161.862	9886	0	20
2022.08.26	12:00:00	161.858	162.676	161.348	161.395	30706	0	20
2022.08.26	16:00:00	161.392	161.518	161.216	161.300	8632	0	20
2022.08.26	20:00:00	161.302	161.446	161.256	161.408	1708	0	20
2022.08.28	20:00:00	161.434	161.582	161.347	161.488	4176	0	20
2022.08.29	00:00:00	161.490	161.769	161.453	161.688	10694	0	20
2022.08.29	04:00:00	161.687	162.182	161.657	161.899	11230	0	20
2022.08.29	08:00:00	161.896	162.166	161.591	162.118	11557	0	20
2022.08.29	12:00:00	162.117	162.570	162.041	162.525	14796	0	20
2022.08.29	16:00:00	162.523	162.641	162.326	162.338	6948	0	20
2022.08.29	20:00:00	162.335	162.517	162.202	162.505	3112	0	20
2022.08.30	00:00:00	162.507	162.549	161.957	162.150	8111	0	20
2022.08.30	04:00:00	162.149	162.579	161.956	162.477	11724	0	20
2022.08.30	08:00:00	162.474	162.567	161.805	161.914	12509	0	20
2022.08.30	12:00:00	161.916	162.224	161.494	161.624	18450	0	20
2022.08.30	16:00:00	161.621	161.867	161.566	161.680	9138	0	20
2022.08.30	20:00:00	161.683	161.824	161.621	161.769	2379	0	20
2022.08.31	00:00:00	161.772	161.855	161.547	161.837	8002	0	20
2022.08.31	04:00:00	161.834	161.897	161.337	161.345	9741	0	20
2022.08.31	08:00:00	161.342	161.601	161.106	161.264	14099	0	20
2022.08.31	12:00:00	161.261	161.559	160.893	161.483	19593	0	20
2022.08.31	16:00:00	161.484	161.512	161.080	161.345	8987	0	20
2022.08.31	20:00:00	161.341	161.650	161.327	161.566	4468	0	20
2022.09.01	00:00:00	161.563	161.698	161.321	161.536	7596	0	40
2022.09.01	04:00:00	161.532	161.682	161.266	161.607	8390	0	40
2022.09.01	08:00:00	161.613	161.662	160.959	161.030	10371	0	20
2022.09.01	12:00:00	161.033	161.501	161.002	161.443	20052	0	20
2022.09.01	16:00:00	161.445	161.822	161.390	161.804	8384	0	20
2022.09.01	20:00:00	161.801	161.844	161.640	161.751	2976	0	20
2022.09.02	00:00:00	161.754	161.885	161.619	161.858	7243	0	20
2022.09.02	04:00:00	161.856	162.214	161.825	162.081	9366	0	20
2022.09.02	08:00:00	162.079	162.486	162.028	162.334	9301	0	20
2022.09.02	12:00:00	162.330	162.450	161.481	162.180	23151	0	20
2022.09.02	16:00:00	162.181	162.202	161.150	161.398	11336	0	20
2022.09.02	20:00:00	161.394	161.484	161.316	161.402	1337	0	20
2022.09.04	20:00:00	160.909	161.276	160.717	161.231	3784	0	20
2022.09.05	00:00:00	161.233	161.366	160.790	161.005	9080	0	20
2022.09.05	04:00:00	161.006	161.347	160.658	161.340	12039	0	20
2022.09.05	08:00:00	161.339	161.782	161.213	161.661	10830	0	20
2022.09.05	12:00:00	161.663	161.916	161.424	161.800	8160	0	20
2022.09.05	16:00:00	161.801	161.891	161.770	161.842	1427	0	20
2022.09.05	20:00:00	161.830	162.472	161.781	162.398	3785	0	20
2022.09.06	00:00:00	162.401	162.839	162.249	162.597	8366	0	20
2022.09.06	04:00:00	162.599	164.293	162.517	163.954	13256	0	20
2022.09.06	08:00:00	163.957	164.527	163.634	164.236	13609	0	20
2022.09.06	12:00:00	164.234	165.080	164.133	165.068	19825	0	20
2022.09.06	16:00:00	165.069	165.086	164.389	164.458	8881	0	20
2022.09.06	20:00:00	164.455	165.173	164.335	164.778	5139	0	20
2022.09.07	00:00:00	164.775	165.113	164.187	165.102	15767	0	20
2022.09.07	04:00:00	165.099	165.726	165.035	165.683	15189	0	20
2022.09.07	08:00:00	165.686	166.003	165.220	165.603	16339	0	20
2022.09.07	12:00:00	165.600	165.822	165.196	165.592	18118	0	20
2022.09.07	16:00:00	165.594	166.003	165.594	165.716	9109	0	20
2022.09.07	20:00:00	165.713	166.282	165.673	166.020	4179	0	20
2022.09.08	00:00:00	166.017	166.251	165.546	165.594	10492	0	20
2022.09.08	04:00:00	165.593	165.810	164.982	165.204	13342	0	20
2022.09.08	08:00:00	165.205	165.929	164.883	165.776	14876	0	20
2022.09.08	12:00:00	165.780	165.887	165.260	165.425	24613	0	20
2022.09.08	16:00:00	165.426	165.770	165.252	165.637	9477	0	20
2022.09.08	20:00:00	165.640	165.836	165.559	165.745	3632	0	20
2022.09.09	00:00:00	165.741	166.233	165.657	165.835	11675	0	20
2022.09.09	04:00:00	165.833	165.838	165.157	165.579	16542	0	20
2022.09.09	08:00:00	165.576	165.650	164.302	164.756	18393	0	20
2022.09.09	12:00:00	164.759	165.251	164.610	165.222	18468	0	20
2022.09.09	16:00:00	165.219	165.446	165.158	165.389	6200	0	20
2022.09.09	20:00:00	165.386	165.404	165.144	165.175	2177	0	20
2022.09.11	20:00:00	165.260	165.797	165.176	165.650	3453	0	20
2022.09.12	00:00:00	165.654	166.108	165.383	165.970	8846	0	20
2022.09.12	04:00:00	165.968	167.007	165.914	166.825	13315	0	20
2022.09.12	08:00:00	166.828	167.030	166.451	166.641	13371	0	20
2022.09.12	12:00:00	166.638	166.958	166.369	166.610	14618	0	20
2022.09.12	16:00:00	166.612	166.817	166.416	166.762	6563	0	20
2022.09.12	20:00:00	166.760	166.884	166.479	166.661	2817	0	20
2022.09.13	00:00:00	166.657	167.003	166.414	166.559	8929	0	20
2022.09.13	04:00:00	166.555	166.925	166.349	166.798	10046	0	20
2022.09.13	08:00:00	166.801	166.913	166.393	166.638	10738	0	20
2022.09.13	12:00:00	166.641	167.647	166.109	166.318	50783	0	20
2022.09.13	16:00:00	166.316	166.581	166.002	166.133	9473	0	20
2022.09.13	20:00:00	166.136	166.482	165.979	166.154	7052	0	20
2022.09.14	00:00:00	166.152	166.429	165.808	166.157	12997	0	20
2022.09.14	04:00:00	166.155	166.162	164.819	165.174	17666	0	20
2022.09.14	08:00:00	165.171	165.851	165.000	165.532	18373	0	20
2022.09.14	12:00:00	165.535	165.588	164.754	165.260	18476	0	20
2022.09.14	16:00:00	165.263	165.517	165.044	165.241	7583	0	20
2022.09.14	20:00:00	165.238	165.271	164.848	164.987	3469	0	20
2022.09.15	00:00:00	164.985	165.446	164.793	165.370	8982	0	20
2022.09.15	04:00:00	165.366	165.726	165.231	165.588	9459	0	20
2022.09.15	08:00:00	165.591	165.683	164.793	164.957	13111	0	20
2022.09.15	12:00:00	164.956	165.137	164.634	164.679	16842	0	20
2022.09.15	16:00:00	164.677	164.877	164.468	164.536	7270	0	20
2022.09.15	20:00:00	164.533	164.570	164.111	164.140	2820	0	20
2022.09.16	00:00:00	164.142	164.490	163.935	164.332	8944	0	20
2022.09.16	04:00:00	164.335	164.440	162.857	163.142	11534	0	20
2022.09.16	08:00:00	163.139	163.441	162.735	163.084	12567	0	20
2022.09.16	12:00:00	163.080	163.601	162.846	163.299	17930	0	20
2022.09.16	16:00:00	163.302	163.308	162.805	163.259	7361	0	20
2022.09.16	20:00:00	163.256	163.336	163.159	163.220	1777	0	20
2022.09.18	20:00:00	163.175	163.406	163.101	163.225	3318	0	20
2022.09.19	00:00:00	163.226	163.397	163.115	163.237	6625	0	20
2022.09.19	04:00:00	163.235	163.446	163.134	163.295	7395	0	20
2022.09.19	08:00:00	163.298	163.436	162.938	163.329	9343	0	20
2022.09.19	12:00:00	163.332	163.652	162.988	163.425	11320	0	20
2022.09.19	16:00:00	163.426	163.800	163.386	163.730	4990	0	20
2022.09.19	20:00:00	163.727	163.943	163.608	163.861	3334	0	20
2022.09.20	00:00:00	163.858	163.897	163.373	163.712	8224	0	20
2022.09.20	04:00:00	163.715	164.397	163.677	164.386	8937	0	20
2022.09.20	08:00:00	164.389	164.430	163.989	164.140	10556	0	20
2022.09.20	12:00:00	164.143	164.188	163.715	163.784	14101	0	20
2022.09.20	16:00:00	163.788	163.839	163.132	163.577	8176	0	20
2022.09.20	20:00:00	163.574	163.620	163.313	163.412	3931	0	20
2022.09.21	00:00:00	163.414	163.663	163.270	163.655	8256	0	20
2022.09.21	04:00:00	163.656	163.938	162.308	162.952	15467	0	20
2022.09.21	08:00:00	162.955	163.508	162.786	163.333	11474	0	20
2022.09.21	12:00:00	163.336	163.463	163.055	163.310	13496	0	20
2022.09.21	16:00:00	163.313	163.492	162.300	162.327	33186	0	20
2022.09.21	20:00:00	162.324	162.691	162.193	162.375	6179	0	20
2022.09.22	00:00:00	162.379	163.214	161.475	162.694	31315	0	20
2022.09.22	04:00:00	162.691	164.376	162.614	164.321	19193	0	20
2022.09.22	08:00:00	164.324	164.428	159.590	159.814	122666	0	20
2022.09.22	12:00:00	159.818	160.332	159.116	160.189	39001	0	20
2022.09.22	16:00:00	160.185	160.517	160.112	160.243	10564	0	20
2022.09.22	20:00:00	160.239	160.423	160.124	160.228	4952	0	20
2022.09.23	00:00:00	160.224	160.378	159.427	159.720	9933	0	20
2022.09.23	04:00:00	159.719	159.894	158.851	159.115	13242	0	20
2022.09.23	08:00:00	159.112	160.103	157.454	157.863	34732	0	20
2022.09.23	12:00:00	157.866	158.426	155.991	156.349	27221	0	20
2022.09.23	16:00:00	156.350	156.400	155.465	155.712	13611	0	20
2022.09.23	20:00:00	155.709	155.787	155.411	155.533	2474	0	20
2022.09.25	20:00:00	155.176	155.615	154.659	154.908	8107	0	20
2022.09.26	00:00:00	154.904	155.175	148.992	151.131	79229	0	20
2022.09.26	04:00:00	151.128	154.538	150.785	153.544	42612	0	20
2022.09.26	08:00:00	153.541	156.236	153.448	155.416	41057	0	20
2022.09.26	12:00:00	155.420	157.206	153.681	154.570	61332	0	20
2022.09.26	16:00:00	154.573	154.920	153.704	154.650	27661	0	20
2022.09.26	20:00:00	154.653	155.727	154.081	155.535	8892	0	20
2022.09.27	00:00:00	155.538	155.844	155.179	155.618	15142	0	20
2022.09.27	04:00:00	155.620	156.359	155.421	155.868	22224	0	20
2022.09.27	08:00:00	155.866	156.344	155.632	155.843	24454	0	20
2022.09.27	12:00:00	155.840	156.190	155.377	155.571	33449	0	20
2022.09.27	16:00:00	155.573	155.581	154.342	155.233	15612	0	20
2022.09.27	20:00:00	155.230	155.450	155.026	155.215	4841	0	20
2022.09.28	00:00:00	155.211	155.328	153.790	154.215	18562	0	20
2022.09.28	04:00:00	154.213	154.835	153.816	154.698	25103	0	20
2022.09.28	08:00:00	154.701	156.584	152.550	153.130	50049	0	20
2022.09.28	12:00:00	153.127	156.488	153.018	156.113	46888	0	20
2022.09.28	16:00:00	156.115	157.081	155.781	156.820	19771	0	20
2022.09.28	20:00:00	156.819	157.004	156.372	156.408	6559	0	20
2022.09.29	00:00:00	156.405	156.423	155.607	155.823	12434	0	20
2022.09.29	04:00:00	155.821	156.498	155.646	155.974	26178	0	20
2022.09.29	08:00:00	155.977	157.640	155.826	157.265	31985	0	20
2022.09.29	12:00:00	157.267	160.027	156.836	159.552	38253	0	20
2022.09.29	16:00:00	159.549	160.239	159.506	159.999	15985	0	20
2022.09.29	20:00:00	159.996	161.736	159.884	161.338	11634	0	20
2022.09.30	00:00:00	161.337	161.716	160.229	160.385	18472	0	20
2022.09.30	04:00:00	160.381	161.445	160.325	161.312	21594	0	20
2022.09.30	08:00:00	161.315	162.168	159.428	159.696	28807	0	20
2022.09.30	12:00:00	159.699	161.691	159.477	161.101	42304	0	20
2022.09.30	16:00:00	161.098	161.823	160.676	161.610	13630	0	20
2022.09.30	20:00:00	161.613	161.642	161.338	161.570	3074	0	20
2022.10.02	20:00:00	161.610	161.893	161.103	161.234	5745	0	20
2022.10.03	00:00:00	161.237	161.599	160.779	161.035	12924	0	20
2022.10.03	04:00:00	161.037	163.249	160.572	162.525	36969	0	20
2022.10.03	08:00:00	162.521	163.052	162.094	162.491	17807	0	20
2022.10.03	12:00:00	162.488	163.484	162.318	162.851	28598	0	20
2022.10.03	16:00:00	162.854	163.841	162.767	163.795	11401	0	20
2022.10.03	20:00:00	163.798	163.884	163.528	163.861	5155	0	20
2022.10.04	00:00:00	163.857	164.017	163.423	163.805	14124	0	20
2022.10.04	04:00:00	163.802	165.173	163.641	164.788	23665	0	20
2022.10.04	08:00:00	164.786	164.869	163.651	164.096	26108	0	20
2022.10.04	12:00:00	164.099	165.289	164.047	165.167	26809	0	20
2022.10.04	16:00:00	165.168	165.531	164.848	165.293	13709	0	20
2022.10.04	20:00:00	165.296	165.545	164.623	164.717	5013	0	20
2022.10.05	00:00:00	164.714	165.007	164.313	164.710	19877	0	20
2022.10.05	04:00:00	164.708	165.688	164.632	164.751	20933	0	20
2022.10.05	08:00:00	164.748	165.003	163.573	163.747	21426	0	20
2022.10.05	12:00:00	163.750	163.948	162.600	163.165	28888	0	20
2022.10.05	16:00:00	163.168	164.027	163.005	163.725	12539	0	20
2022.10.05	20:00:00	163.728	164.026	163.319	164.020	8241	0	20
2022.10.06	00:00:00	164.023	164.441	163.935	164.304	12624	0	20
2022.10.06	04:00:00	164.305	164.305	163.545	163.775	19613	0	20
2022.10.06	08:00:00	163.778	163.856	162.685	162.894	22019	0	20
2022.10.06	12:00:00	162.893	163.242	161.344	161.347	26225	0	20
2022.10.06	16:00:00	161.344	162.251	161.085	161.899	14184	0	20
2022.10.06	20:00:00	161.897	162.067	161.677	161.886	6372	0	20
2022.10.07	00:00:00	161.883	162.184	161.461	161.939	12026	0	20
2022.10.07	04:00:00	161.937	162.147	161.245	161.835	16237	0	20
2022.10.07	08:00:00	161.838	162.592	161.710	162.237	18451	0	20
2022.10.07	12:00:00	162.240	162.495	161.036	161.376	41591	0	20
2022.10.07	16:00:00	161.374	161.622	160.768	161.059	10925	0	20
2022.10.07	20:00:00	161.056	161.293	161.049	161.255	3257	0	20
2022.10.09	20:00:00	161.131	161.202	160.796	161.060	4387	0	20
2022.10.10	00:00:00	161.065	161.554	160.959	161.128	9909	0	20
2022.10.10	04:00:00	161.125	161.410	160.742	161.027	15092	0	20
2022.10.10	08:00:00	161.024	161.427	160.462	161.050	17445	0	20
2022.10.10	12:00:00	161.048	161.199	160.687	160.872	22919	0	20
2022.10.10	16:00:00	160.873	161.400	160.652	161.105	10494	0	20
2022.10.10	20:00:00	161.107	161.378	161.045	161.378	3300	0	20
2022.10.11	00:00:00	161.382	161.643	160.638	160.843	12980	0	20
2022.10.11	04:00:00	160.845	161.146	160.300	160.460	19823	0	20
2022.10.11	08:00:00	160.457	161.578	160.429	161.418	20226	0	20
2022.10.11	12:00:00	161.422	162.658	160.995	162.514	26662	0	20
2022.10.11	16:00:00	162.517	162.593	159.970	160.215	24287	0	20
2022.10.11	20:00:00	160.212	160.227	159.726	159.947	6191	0	20
2022.10.12	00:00:00	159.945	160.396	159.808	160.037	16610	0	20
2022.10.12	04:00:00	160.038	161.413	160.031	160.391	37545	0	20
2022.10.12	08:00:00	160.388	162.436	160.360	162.020	33260	0	20
2022.10.12	12:00:00	162.018	163.061	161.748	162.931	30616	0	20
2022.10.12	16:00:00	162.930	163.311	162.469	162.896	14957	0	20
2022.10.12	20:00:00	162.899	163.061	162.752	162.924	4171	0	20
2022.10.13	00:00:00	162.926	163.168	162.646	162.653	8641	0	20
2022.10.13	04:00:00	162.654	162.865	162.315	162.811	11297	0	20
2022.10.13	08:00:00	162.814	165.649	162.586	165.208	30370	0	20
2022.10.13	12:00:00	165.211	167.054	164.136	166.905	65599	0	20
2022.10.13	16:00:00	166.907	167.276	166.377	166.648	23114	0	20
2022.10.13	20:00:00	166.645	166.921	166.425	166.477	4641	0	20
2022.10.14	00:00:00	166.473	167.211	166.363	166.932	14370	0	20
2022.10.14	04:00:00	166.929	167.050	166.055	166.743	19931	0	20
2022.10.14	08:00:00	166.740	166.927	165.022	165.451	36766	0	20
2022.10.14	12:00:00	165.448	167.111	165.251	166.368	40858	0	20
2022.10.14	16:00:00	166.364	166.566	165.873	166.220	15329	0	20
2022.10.14	20:00:00	166.223	166.324	166.017	166.289	1591	0	20
2022.10.16	20:00:00	166.702	167.153	166.434	167.086	4859	0	20
2022.10.17	00:00:00	167.088	167.149	166.624	166.992	10392	0	20
2022.10.17	04:00:00	166.989	168.033	166.804	167.344	20271	0	20
2022.10.17	08:00:00	167.347	168.401	166.958	168.115	22149	0	20
2022.10.17	12:00:00	168.111	170.086	168.053	169.897	24156	0	20
2022.10.17	16:00:00	169.900	169.976	168.962	169.185	12311	0	20
2022.10.17	20:00:00	169.188	169.355	169.020	169.104	7624	0	20
2022.10.18	00:00:00	169.103	169.373	168.638	169.332	10733	0	20
2022.10.18	04:00:00	169.334	169.804	168.418	169.148	21441	0	20
2022.10.18	08:00:00	169.145	169.170	167.611	168.619	27874	0	20
2022.10.18	12:00:00	168.622	168.981	168.316	168.706	25323	0	20
2022.10.18	16:00:00	168.703	169.000	168.379	168.974	14762	0	20
2022.10.18	20:00:00	168.973	169.373	168.866	169.239	6217	0	20
2022.10.19	00:00:00	169.236	169.303	169.022	169.109	10319	0	20
2022.10.19	04:00:00	169.105	169.143	168.305	168.425	17584	0	20
2022.10.19	08:00:00	168.429	168.651	167.976	168.271	21687	0	20
2022.10.19	12:00:00	168.268	168.788	168.042	168.199	23112	0	20
2022.10.19	16:00:00	168.203	168.282	167.627	168.235	12496	0	20
2022.10.19	20:00:00	168.231	168.248	167.786	167.905	5015	0	20
2022.10.20	00:00:00	167.900	168.152	167.776	167.914	10998	0	20
2022.10.20	04:00:00	167.910	168.471	167.875	168.106	22051	0	20
2022.10.20	08:00:00	168.109	168.719	167.417	168.566	23914	0	20
2022.10.20	12:00:00	168.565	169.721	168.428	169.088	32182	0	20
2022.10.20	16:00:00	169.085	169.097	168.339	168.520	16416	0	20
2022.10.20	20:00:00	168.522	168.714	168.412	168.512	4718	0	20
2022.10.21	00:00:00	168.514	168.571	168.153	168.397	11038	0	20
2022.10.21	04:00:00	168.394	168.742	168.074	168.218	17364	0	20
2022.10.21	08:00:00	168.215	168.786	167.708	168.324	25394	0	20
2022.10.21	12:00:00	168.327	169.568	164.883	165.157	115193	0	20
2022.10.21	16:00:00	165.161	167.180	165.111	166.862	86684	0	20
2022.10.21	20:00:00	166.864	167.018	166.351	166.796	4568	0	20
2022.10.23	20:00:00	168.079	169.734	165.473	167.346	112304	0	20
2022.10.24	00:00:00	167.341	168.819	167.270	168.307	38734	0	20
2022.10.24	04:00:00	168.310	169.491	168.310	169.047	22655	0	20
2022.10.24	08:00:00	169.050	169.453	167.797	168.504	28960	0	20
2022.10.24	12:00:00	168.507	168.850	167.821	167.985	30338	0	20
2022.10.24	16:00:00	167.984	168.194	167.590	168.030	10918	0	20
2022.10.24	20:00:00	168.029	168.395	167.916	168.327	5601	0	20
2022.10.25	00:00:00	168.330	168.690	167.991	168.213	14586	0	20
2022.10.25	04:00:00	168.214	168.356	167.833	168.187	13857	0	20
2022.10.25	08:00:00	168.189	168.912	168.140	168.455	16581	0	20
2022.10.25	12:00:00	168.452	169.933	168.338	169.549	27202	0	20
2022.10.25	16:00:00	169.546	169.903	169.462	169.682	11923	0	20
2022.10.25	20:00:00	169.684	169.931	169.532	169.562	5820	0	20
2022.10.26	00:00:00	169.559	169.972	169.383	169.850	11613	0	20
2022.10.26	04:00:00	169.853	170.397	169.317	170.163	19013	0	20
2022.10.26	08:00:00	170.159	170.593	169.943	170.090	24452	0	20
2022.10.26	12:00:00	170.087	170.309	169.564	170.139	26266	0	20
2022.10.26	16:00:00	170.136	170.302	169.823	170.142	12442	0	20
2022.10.26	20:00:00	170.138	170.253	169.900	170.022	6798	0	20
2022.10.27	00:00:00	170.024	170.064	169.614	169.656	12946	0	20
2022.10.27	04:00:00	169.657	169.728	168.711	168.918	16678	0	20
2022.10.27	08:00:00	168.921	169.892	168.894	169.871	19139	0	20
2022.10.27	12:00:00	169.874	170.017	168.784	168.971	35154	0	20
2022.10.27	16:00:00	168.974	169.353	168.902	169.236	11377	0	20
2022.10.27	20:00:00	169.234	169.284	168.904	169.165	6318	0	20
2022.10.28	00:00:00	169.168	169.930	168.983	169.200	19383	0	20
2022.10.28	04:00:00	169.198	169.438	168.859	169.359	17615	0	20
2022.10.28	08:00:00	169.362	170.463	169.330	170.364	19155	0	20
2022.10.28	12:00:00	170.361	171.054	170.081	170.884	26949	0	20
2022.10.28	16:00:00	170.887	171.343	170.711	171.263	8519	0	20
2022.10.28	20:00:00	171.260	171.361	171.185	171.258	1342	0	20
2022.10.30	20:00:00	171.095	171.385	170.989	171.384	4058	0	20
2022.10.31	00:00:00	171.382	172.117	171.369	171.626	8530	0	20
2022.10.31	04:00:00	171.627	171.642	171.253	171.360	9423	0	20
2022.10.31	08:00:00	171.358	171.730	171.142	171.576	15566	0	20
2022.10.31	12:00:00	171.572	171.601	170.712	171.132	19622	0	20
2022.10.31	16:00:00	171.129	171.179	170.328	170.505	11577	0	20
2022.10.31	20:00:00	170.507	170.663	170.410	170.559	4991	0	20
2022.11.01	00:00:00	170.555	170.814	170.326	170.690	10681	0	20
2022.11.01	04:00:00	170.693	170.943	170.087	170.376	13970	0	20
2022.11.01	08:00:00	170.379	170.588	169.660	170.025	17724	0	20
2022.11.01	12:00:00	170.028	170.481	169.570	169.725	23203	0	20
2022.11.01	16:00:00	169.721	170.245	169.478	170.134	11944	0	20
2022.11.01	20:00:00	170.130	170.298	169.803	169.943	5368	0	20
2022.11.02	00:00:00	169.944	170.070	169.329	169.832	12553	0	20
2022.11.02	04:00:00	169.834	169.980	169.183	169.358	9622	0	20
2022.11.02	08:00:00	169.361	169.533	168.952	169.175	15300	0	20
2022.11.02	12:00:00	169.172	169.374	168.518	168.688	16374	0	20
2022.11.02	16:00:00	168.692	168.985	168.330	168.367	71875	0	20
2022.11.02	20:00:00	168.363	168.543	168.230	168.347	6209	0	20
2022.11.03	00:00:00	168.343	168.343	167.871	168.111	9778	0	20
2022.11.03	04:00:00	168.109	168.215	167.594	167.787	10883	0	20
2022.11.03	08:00:00	167.785	167.785	166.486	166.763	22550	0	20
2022.11.03	12:00:00	166.765	167.124	165.088	165.678	33230	0	20
2022.11.03	16:00:00	165.681	166.035	165.395	165.476	12115	0	20
2022.11.03	20:00:00	165.477	165.760	165.113	165.753	5002	0	20
2022.11.04	00:00:00	165.750	166.046	165.482	166.001	9986	0	20
2022.11.04	04:00:00	165.999	166.257	165.514	165.643	13221	0	20
2022.11.04	08:00:00	165.645	166.119	165.403	165.521	19348	0	20
2022.11.04	12:00:00	165.524	166.375	165.119	166.023	36409	0	20
2022.11.04	16:00:00	166.020	166.969	165.922	166.829	15725	0	20
2022.11.04	20:00:00	166.826	166.893	166.696	166.796	2003	0	20
2022.11.06	20:00:00	166.279	166.540	166.020	166.358	2837	0	79
2022.11.07	00:00:00	166.388	166.812	166.351	166.795	9965	0	20
2022.11.07	04:00:00	166.792	166.905	166.574	166.734	11088	0	20
2022.11.07	08:00:00	166.732	168.250	166.697	167.801	23564	0	20
2022.11.07	12:00:00	167.798	167.974	167.552	167.915	21229	0	20
2022.11.07	16:00:00	167.912	169.086	167.818	169.029	10107	0	20
2022.11.07	20:00:00	169.032	169.070	168.662	168.779	4481	0	20
2022.11.08	00:00:00	168.806	169.071	168.671	168.808	8394	0	20
2022.11.08	04:00:00	168.806	168.807	168.284	168.298	9261	0	20
2022.11.08	08:00:00	168.301	168.369	167.533	167.771	16897	0	20
2022.11.08	12:00:00	167.767	168.312	167.301	168.249	20401	0	20
2022.11.08	16:00:00	168.246	168.650	167.742	167.889	13389	0	20
2022.11.08	20:00:00	167.892	168.216	167.622	167.807	5626	0	20
2022.11.09	00:00:00	167.835	168.100	167.682	168.042	11258	0	20
2022.11.09	04:00:00	168.045	168.312	167.613	167.679	10642	0	20
2022.11.09	08:00:00	167.682	168.064	166.506	167.003	24382	0	20
2022.11.09	12:00:00	167.006	167.334	166.271	166.424	24500	0	20
2022.11.09	16:00:00	166.421	166.766	165.962	166.344	14715	0	20
2022.11.09	20:00:00	166.347	166.469	166.133	166.169	5218	0	20
2022.11.10	00:00:00	166.197	166.696	166.181	166.613	10140	0	20
2022.11.10	04:00:00	166.616	166.764	166.356	166.528	9434	0	20
2022.11.10	08:00:00	166.530	167.274	166.347	166.651	19608	0	20
2022.11.10	12:00:00	166.654	167.418	165.204	165.348	51793	0	20
2022.11.10	16:00:00	165.351	165.866	165.234	165.866	18666	0	20
2022.11.10	20:00:00	165.869	165.943	164.369	165.680	14871	0	20
2022.11.11	00:00:00	165.736	166.091	165.388	165.659	18371	0	20
2022.11.11	04:00:00	165.657	165.944	165.396	165.830	17828	0	20
2022.11.11	08:00:00	165.827	165.832	163.052	164.051	32929	0	20
2022.11.11	12:00:00	164.048	164.485	163.474	163.753	24562	0	20
2022.11.11	16:00:00	163.750	164.222	163.623	164.137	14601	0	20
2022.11.11	20:00:00	164.139	164.309	163.917	164.204	5460	0	20
2022.11.13	20:00:00	164.384	164.908	163.970	164.665	3356	0	76
2022.11.14	00:00:00	164.694	164.747	163.760	163.807	17274	0	20
2022.11.14	04:00:00	163.810	164.460	163.687	164.460	12528	0	20
2022.11.14	08:00:00	164.456	165.705	164.294	165.428	21421	0	20
2022.11.14	12:00:00	165.424	165.608	164.561	164.692	21647	0	20
2022.11.14	16:00:00	164.691	165.133	164.533	164.799	11999	0	20
2022.11.14	20:00:00	164.796	164.821	164.151	164.606	5711	0	20
2022.11.15	00:00:00	164.633	165.333	164.585	165.184	10664	0	20
2022.11.15	04:00:00	165.185	165.551	164.523	164.836	13649	0	20
2022.11.15	08:00:00	164.839	165.326	164.564	165.220	21614	0	20
2022.11.15	12:00:00	165.217	166.200	165.068	165.620	37533	0	20
2022.11.15	16:00:00	165.617	165.759	164.423	165.133	24563	0	20
2022.11.15	20:00:00	165.130	165.376	164.677	165.049	8076	0	20
2022.11.16	00:00:00	165.077	166.244	164.977	166.083	15849	0	20
2022.11.16	04:00:00	166.085	166.212	165.522	165.754	14986	0	20
2022.11.16	08:00:00	165.751	166.329	165.446	165.949	18192	0	20
2022.11.16	12:00:00	165.945	166.393	165.042	165.702	22878	0	20
2022.11.16	16:00:00	165.705	166.067	165.536	165.930	12295	0	20
2022.11.16	20:00:00	165.927	166.301	165.913	165.955	5643	0	20
2022.11.17	00:00:00	165.989	166.149	165.690	165.808	9100	0	20
2022.11.17	04:00:00	165.809	166.271	165.747	166.267	9113	0	20
2022.11.17	08:00:00	166.264	166.316	165.324	165.778	20482	0	20
2022.11.17	12:00:00	165.776	165.981	165.188	165.575	24058	0	20
2022.11.17	16:00:00	165.578	166.306	165.495	166.175	10911	0	20
2022.11.17	20:00:00	166.178	166.515	166.086	166.499	5275	0	20
2022.11.18	00:00:00	166.522	166.833	166.339	166.526	11750	0	20
2022.11.18	04:00:00	166.530	166.662	166.256	166.642	10052	0	20
2022.11.18	08:00:00	166.639	167.312	166.388	166.574	17107	0	20
2022.11.18	12:00:00	166.570	166.958	166.125	166.859	16401	0	20
2022.11.18	16:00:00	166.856	166.925	166.505	166.916	9179	0	20
2022.11.18	20:00:00	166.915	166.983	166.751	166.823	3745	0	20
2022.11.20	20:00:00	166.912	166.932	166.599	166.681	1829	0	76
2022.11.21	00:00:00	166.710	166.750	166.192	166.380	9326	0	20
2022.11.21	04:00:00	166.379	166.607	166.099	166.471	10048	0	20
2022.11.21	08:00:00	166.475	167.650	166.471	167.537	16495	0	20
2022.11.21	12:00:00	167.540	167.657	167.005	167.270	16915	0	20
2022.11.21	16:00:00	167.273	167.992	167.256	167.967	9572	0	20
2022.11.21	20:00:00	167.968	168.066	167.773	168.007	4374	0	20
2022.11.22	00:00:00	168.034	168.294	167.951	168.106	9169	0	20
2022.11.22	04:00:00	168.108	168.108	167.864	168.004	8106	0	20
2022.11.22	08:00:00	168.007	168.093	167.342	167.648	17129	0	20
2022.11.22	12:00:00	167.651	168.184	167.602	167.912	15203	0	20
2022.11.22	16:00:00	167.915	167.993	167.675	167.788	7447	0	20
2022.11.22	20:00:00	167.786	167.937	167.716	167.855	3292	0	20
2022.11.23	00:00:00	167.884	167.998	167.755	167.958	5835	0	20
2022.11.23	04:00:00	167.960	168.172	167.919	168.035	5958	0	20
2022.11.23	08:00:00	168.038	168.986	167.767	168.838	12851	0	20
2022.11.23	12:00:00	168.842	169.002	168.183	168.602	20943	0	20
2022.11.23	16:00:00	168.603	168.638	167.908	168.187	14330	0	20
2022.11.23	20:00:00	168.190	168.355	168.045	168.135	5599	0	20
2022.11.24	00:00:00	168.134	168.283	167.713	167.805	11971	0	20
2022.11.24	04:00:00	167.803	168.070	167.506	167.906	9294	0	20
2022.11.24	08:00:00	167.909	168.102	167.156	167.725	18841	0	20
2022.11.24	12:00:00	167.722	168.021	167.350	167.968	13890	0	20
2022.11.24	16:00:00	167.965	168.011	167.624	167.797	4327	0	20
2022.11.24	20:00:00	167.780	168.047	167.695	167.829	2681	0	69
2022.11.25	00:00:00	167.872	168.302	167.732	167.930	9233	0	20
2022.11.25	04:00:00	167.929	167.937	167.634	167.809	9132	0	20
2022.11.25	08:00:00	167.814	168.790	167.713	168.696	15123	0	20
2022.11.25	12:00:00	168.692	168.732	168.085	168.383	14344	0	20
2022.11.25	16:00:00	168.380	168.517	167.850	168.099	15483	0	20
2022.11.25	20:00:00	168.104	168.312	168.031	168.089	9238	0	54
2022.11.27	20:00:00	168.111	168.132	167.892	167.972	1604	0	80
2022.11.28	00:00:00	167.998	168.065	166.589	167.033	12018	0	20
2022.11.28	04:00:00	167.030	167.125	166.348	166.875	11604	0	20
2022.11.28	08:00:00	166.878	167.084	166.278	167.084	20533	0	20
2022.11.28	12:00:00	167.081	167.439	166.786	167.052	18426	0	20
2022.11.28	16:00:00	167.049	167.097	165.966	165.969	11233	0	20
2022.11.28	20:00:00	165.973	166.165	165.837	165.879	4652	0	20
2022.11.29	00:00:00	165.873	166.603	165.817	166.368	11811	0	20
2022.11.29	04:00:00	166.370	166.614	165.879	166.420	13021	0	20
2022.11.29	08:00:00	166.417	166.664	165.523	165.880	17392	0	20
2022.11.29	12:00:00	165.876	166.344	165.713	165.971	17825	0	20
2022.11.29	16:00:00	165.974	166.017	165.589	165.709	9181	0	20
2022.11.29	20:00:00	165.705	165.863	165.626	165.723	4068	0	20
2022.11.30	00:00:00	165.750	166.261	165.713	166.212	10026	0	20
2022.11.30	04:00:00	166.210	166.218	165.463	165.768	9586	0	20
2022.11.30	08:00:00	165.771	166.944	165.771	166.645	14791	0	20
2022.11.30	12:00:00	166.648	167.398	166.112	166.151	21340	0	20
2022.11.30	16:00:00	166.155	166.636	165.981	166.344	22248	0	20
2022.11.30	20:00:00	166.346	166.564	165.812	165.831	9987	0	20
2022.12.01	00:00:00	165.862	166.076	165.044	165.315	17020	0	20
2022.12.01	04:00:00	165.316	165.484	164.510	164.866	14750	0	20
2022.12.01	08:00:00	164.869	165.779	164.866	165.715	16461	0	20
2022.12.01	12:00:00	165.712	167.216	165.696	166.739	26400	0	20
2022.12.01	16:00:00	166.736	166.772	165.687	165.816	14532	0	20
2022.12.01	20:00:00	165.813	165.891	165.561	165.641	6303	0	20
2022.12.02	00:00:00	165.671	165.852	165.254	165.571	11114	0	20
2022.12.02	04:00:00	165.570	165.616	164.734	165.085	10701	0	20
2022.12.02	08:00:00	165.089	165.164	164.037	164.515	18369	0	20
2022.12.02	12:00:00	164.518	165.486	164.404	165.486	28674	0	20
2022.12.02	16:00:00	165.482	165.980	165.031	165.194	12345	0	20
2022.12.02	20:00:00	165.197	165.282	164.870	165.089	4955	0	20
2022.12.04	20:00:00	165.074	165.331	164.883	165.330	2133	0	76
2022.12.05	00:00:00	165.349	165.825	165.287	165.688	9874	0	20
2022.12.05	04:00:00	165.685	166.337	165.649	166.142	9417	0	20
2022.12.05	08:00:00	166.139	166.295	165.576	166.067	14579	0	20
2022.12.05	12:00:00	166.070	166.569	166.034	166.506	19505	0	20
2022.12.05	16:00:00	166.503	166.567	166.098	166.375	10441	0	20
2022.12.05	20:00:00	166.373	166.801	166.312	166.455	5619	0	20
2022.12.06	00:00:00	166.512	167.273	166.396	167.005	11452	0	20
2022.12.06	04:00:00	167.003	167.487	166.805	167.098	10452	0	20
2022.12.06	08:00:00	167.097	167.192	166.155	166.483	15774	0	20
2022.12.06	12:00:00	166.485	167.012	166.137	167.000	17718	0	20
2022.12.06	16:00:00	167.001	167.250	166.170	166.252	12861	0	20
2022.12.06	20:00:00	166.255	166.312	165.959	166.046	3729	0	20
2022.12.07	00:00:00	166.074	166.522	165.957	166.461	9611	0	20
2022.12.07	04:00:00	166.462	166.974	166.413	166.715	11517	0	20
2022.12.07	08:00:00	166.719	167.418	166.664	167.219	14617	0	20
2022.12.07	12:00:00	167.221	167.377	166.363	166.694	22643	0	20
2022.12.07	16:00:00	166.697	166.840	166.312	166.463	10391	0	20
2022.12.07	20:00:00	166.466	166.797	166.338	166.489	4481	0	20
2022.12.08	00:00:00	166.516	166.986	166.404	166.863	10148	0	20
2022.12.08	04:00:00	166.866	167.174	166.721	166.804	8939	0	20
2022.12.08	08:00:00	166.801	167.014	166.280	166.532	12108	0	20
2022.12.08	12:00:00	166.534	167.035	166.421	166.775	15093	0	20
2022.12.08	16:00:00	166.778	167.335	166.608	167.317	8431	0	20
2022.12.08	20:00:00	167.314	167.331	167.002	167.132	3857	0	20
2022.12.09	00:00:00	167.159	167.397	166.621	166.759	13612	0	20
2022.12.09	04:00:00	166.762	167.196	166.690	167.104	9018	0	20
2022.12.09	08:00:00	167.107	167.172	166.491	166.605	11905	0	20
2022.12.09	12:00:00	166.610	168.050	166.358	167.935	21203	0	20
2022.12.09	16:00:00	167.934	167.981	167.380	167.481	8822	0	20
2022.12.09	20:00:00	167.480	167.553	167.387	167.503	3188	0	20
2022.12.11	20:00:00	167.382	167.479	167.243	167.258	1766	0	76
2022.12.12	00:00:00	167.286	167.472	167.118	167.332	8941	0	20
2022.12.12	04:00:00	167.328	167.639	167.120	167.540	8017	0	20
2022.12.12	08:00:00	167.537	168.109	167.389	167.954	11932	0	20
2022.12.12	12:00:00	167.956	168.664	167.898	168.362	12949	0	20
2022.12.12	16:00:00	168.358	169.008	168.249	168.865	9851	0	20
2022.12.12	20:00:00	168.868	169.016	168.619	168.686	5171	0	20
2022.12.13	00:00:00	168.714	169.177	168.660	168.827	8575	0	20
2022.12.13	04:00:00	168.830	169.271	168.781	168.799	8719	0	20
2022.12.13	08:00:00	168.801	169.209	168.490	169.065	12954	0	20
2022.12.13	12:00:00	169.062	169.075	167.407	167.543	35673	0	20
2022.12.13	16:00:00	167.546	167.675	167.091	167.622	14960	0	20
2022.12.13	20:00:00	167.625	167.737	167.436	167.469	6173	0	20
2022.12.14	00:00:00	167.495	167.563	167.129	167.388	9739	0	20
2022.12.14	04:00:00	167.386	167.588	167.209	167.495	8285	0	20
2022.12.14	08:00:00	167.497	167.653	166.855	166.969	21102	0	20
2022.12.14	12:00:00	166.966	167.333	166.721	167.254	15333	0	20
2022.12.14	16:00:00	167.258	168.136	167.223	167.961	26509	0	20
2022.12.14	20:00:00	167.957	168.376	167.745	168.065	12724	0	20
2022.12.15	00:00:00	168.092	168.245	167.837	167.904	8521	0	20
2022.12.15	04:00:00	167.900	168.234	167.829	168.198	7800	0	20
2022.12.15	08:00:00	168.199	168.832	167.981	168.350	17896	0	20
2022.12.15	12:00:00	168.354	168.481	167.782	168.098	28083	0	20
2022.12.15	16:00:00	168.099	168.450	167.676	167.927	14463	0	20
2022.12.15	20:00:00	167.924	167.958	167.617	167.898	5205	0	20
2022.12.16	00:00:00	167.921	167.994	167.380	167.586	11225	0	20
2022.12.16	04:00:00	167.585	167.726	167.062	167.096	9624	0	20
2022.12.16	08:00:00	167.098	167.358	166.121	167.044	17064	0	20
2022.12.16	12:00:00	167.041	167.436	165.987	166.059	19615	0	20
2022.12.16	16:00:00	166.056	166.509	165.983	166.137	10747	0	20
2022.12.16	20:00:00	166.138	166.317	165.908	165.968	4449	0	20
2022.12.18	20:00:00	165.225	166.052	165.225	166.025	2345	0	86
2022.12.19	00:00:00	166.059	166.122	165.470	165.991	13580	0	20
2022.12.19	04:00:00	165.993	165.993	165.480	165.600	9881	0	20
2022.12.19	08:00:00	165.597	166.438	165.575	166.119	15859	0	20
2022.12.19	12:00:00	166.122	166.556	165.940	166.151	15599	0	20
2022.12.19	16:00:00	166.149	166.893	166.149	166.316	9801	0	20
2022.12.19	20:00:00	166.317	166.480	166.082	166.448	3901	0	20
2022.12.20	00:00:00	166.476	167.013	161.637	162.000	56731	0	20
2022.12.20	04:00:00	161.998	162.256	160.725	161.031	40708	0	20
2022.12.20	08:00:00	161.034	161.543	160.286	161.073	28969	0	20
2022.12.20	12:00:00	161.070	161.469	159.455	159.480	25207	0	20
2022.12.20	16:00:00	159.477	160.048	158.592	160.039	18223	0	20
2022.12.20	20:00:00	160.038	160.832	159.991	160.706	6055	0	20
2022.12.21	00:00:00	160.733	160.986	160.216	160.709	15836	0	20
2022.12.21	04:00:00	160.707	161.028	160.380	160.514	9555	0	20
2022.12.21	08:00:00	160.517	160.525	159.480	159.500	16537	0	20
2022.12.21	12:00:00	159.503	160.861	159.469	159.804	18934	0	20
2022.12.21	16:00:00	159.801	160.009	159.541	159.673	10833	0	20
2022.12.21	20:00:00	159.670	160.027	159.670	159.831	4711	0	20
2022.12.22	00:00:00	159.858	159.981	159.433	159.835	10814	0	20
2022.12.22	04:00:00	159.833	160.066	159.634	160.041	7138	0	20
2022.12.22	08:00:00	160.038	160.236	159.059	159.094	13529	0	20
2022.12.22	12:00:00	159.096	159.340	158.793	159.054	19042	0	20
2022.12.22	16:00:00	159.051	159.357	158.955	159.265	9113	0	20
2022.12.22	20:00:00	159.263	159.492	159.014	159.278	6180	0	20
2022.12.23	00:00:00	159.309	159.879	159.160	159.811	12262	0	20
2022.12.23	04:00:00	159.815	159.920	159.534	159.830	7461	0	20
2022.12.23	08:00:00	159.831	160.348	159.679	160.127	11868	0	20
2022.12.23	12:00:00	160.125	160.518	159.818	160.170	17430	0	20
2022.12.23	16:00:00	160.167	160.217	159.777	159.920	7709	0	20
2022.12.23	20:00:00	159.917	160.102	159.827	160.006	4272	0	20
2022.12.25	20:00:00	160.056	160.191	159.929	160.054	731	0	286
2022.12.26	00:00:00	160.157	160.197	159.535	159.753	21909	0	68
2022.12.26	04:00:00	159.765	160.106	159.739	160.078	11318	0	55
2022.12.26	08:00:00	160.083	160.801	160.019	160.664	17310	0	48
2022.12.26	12:00:00	160.679	160.772	160.271	160.271	8562	0	58
2022.12.26	16:00:00	160.277	160.372	160.139	160.280	4222	0	92
2022.12.26	20:00:00	160.288	160.388	160.041	160.239	4673	0	119
2022.12.27	00:00:00	160.349	160.848	160.202	160.582	8101	0	20
2022.12.27	04:00:00	160.580	160.926	160.487	160.663	6755	0	20
2022.12.27	08:00:00	160.660	160.940	160.299	160.411	11745	0	20
2022.12.27	12:00:00	160.409	160.596	160.187	160.279	12706	0	20
2022.12.27	16:00:00	160.275	160.582	160.213	160.566	7369	0	20
2022.12.27	20:00:00	160.569	160.670	160.385	160.508	3209	0	20
2022.12.28	00:00:00	160.535	161.381	160.518	161.164	10905	0	20
2022.12.28	04:00:00	161.161	161.339	160.973	161.286	9005	0	20
2022.12.28	08:00:00	161.282	161.798	161.154	161.621	12981	0	20
2022.12.28	12:00:00	161.624	162.330	161.290	161.542	15694	0	20
2022.12.28	16:00:00	161.540	161.676	161.337	161.607	9151	0	20
2022.12.28	20:00:00	161.604	161.689	161.126	161.183	3976	0	20
2022.12.29	00:00:00	161.211	161.474	160.753	161.123	10061	0	20
2022.12.29	04:00:00	161.121	161.133	160.700	161.000	6860	0	20
2022.12.29	08:00:00	160.997	161.166	160.756	160.902	10604	0	20
2022.12.29	12:00:00	160.900	160.962	160.052	160.596	16469	0	20
2022.12.29	16:00:00	160.590	160.839	160.360	160.411	7771	0	20
2022.12.29	20:00:00	160.414	160.519	160.130	160.202	4688	0	20
2022.12.30	00:00:00	160.238	160.287	159.691	159.798	8676	0	20
2022.12.30	04:00:00	159.802	159.854	159.111	159.450	7819	0	20
2022.12.30	08:00:00	159.453	159.556	158.444	158.605	16083	0	20
2022.12.30	12:00:00	158.602	159.438	158.544	158.701	20949	0	20
2022.12.30	16:00:00	158.700	159.207	157.831	158.006	15332	0	20
2022.12.30	20:00:00	158.003	158.714	158.003	158.572	5562	0	20
2023.01.01	20:00:00	157.784	158.169	157.587	158.148	640	0	500
2023.01.02	00:00:00	158.285	158.456	157.928	157.952	1786	0	176
2023.01.02	04:00:00	157.950	158.080	157.826	157.910	3534	0	138
2023.01.02	08:00:00	157.914	158.086	157.424	157.478	5607	0	136
2023.01.02	12:00:00	157.484	157.535	157.295	157.380	5454	0	268
2023.01.02	16:00:00	157.385	157.469	157.232	157.354	6943	0	276
2023.01.02	20:00:00	157.349	158.133	157.166	157.527	3513	0	274
2023.01.03	00:00:00	157.636	157.770	156.381	156.693	14345	0	20
2023.01.03	04:00:00	156.691	156.930	156.427	156.498	13163	0	20
2023.01.03	08:00:00	156.494	156.604	155.352	156.147	22434	0	20
2023.01.03	12:00:00	156.143	157.318	156.120	157.001	19796	0	20
2023.01.03	16:00:00	157.004	157.065	156.371	156.719	10496	0	20
2023.01.03	20:00:00	156.717	157.203	156.651	157.077	5207	0	20
2023.01.04	00:00:00	157.109	157.242	156.589	156.632	11489	0	20
2023.01.04	04:00:00	156.629	156.968	156.502	156.633	10881	0	20
2023.01.04	08:00:00	156.636	157.664	156.608	157.345	18239	0	20
2023.01.04	12:00:00	157.348	159.118	157.345	159.000	21747	0	20
2023.01.04	16:00:00	158.998	160.168	158.804	159.914	14506	0	20
2023.01.04	20:00:00	159.912	160.011	159.233	159.421	5421	0	20
2023.01.05	00:00:00	159.442	159.476	158.954	159.299	14361	0	20
2023.01.05	04:00:00	159.298	159.588	159.016	159.085	10888	0	20
2023.01.05	08:00:00	159.088	159.666	158.988	159.240	14342	0	20
2023.01.05	12:00:00	159.237	160.034	158.947	159.048	24872	0	20
2023.01.05	16:00:00	159.045	159.117	158.507	158.728	13378	0	20
2023.01.05	20:00:00	158.725	159.032	158.681	158.737	4944	0	20
2023.01.06	00:00:00	158.766	159.788	158.752	159.627	10091	0	20
2023.01.06	04:00:00	159.625	159.911	159.310	159.601	13214	0	20
2023.01.06	08:00:00	159.603	160.015	159.162	159.376	15177	0	20
2023.01.06	12:00:00	159.380	159.883	158.897	159.532	34795	0	20
2023.01.06	16:00:00	159.529	159.772	159.398	159.716	12668	0	20
2023.01.06	20:00:00	159.719	159.838	159.674	159.746	3134	0	20
2023.01.08	20:00:00	159.429	159.954	159.421	159.715	2254	0	76
2023.01.09	00:00:00	159.743	159.833	159.302	159.564	10684	0	20
2023.01.09	04:00:00	159.563	160.610	159.509	160.526	11026	0	20
2023.01.09	08:00:00	160.523	161.226	160.433	160.915	16248	0	20
2023.01.09	12:00:00	160.911	161.087	160.310	160.853	18006	0	20
2023.01.09	16:00:00	160.852	160.875	160.466	160.555	10208	0	20
2023.01.09	20:00:00	160.554	160.721	160.336	160.467	5008	0	20
2023.01.10	00:00:00	160.495	160.929	160.042	160.405	13735	0	20
2023.01.10	04:00:00	160.407	160.789	160.299	160.636	9818	0	20
2023.01.10	08:00:00	160.639	160.791	160.243	160.490	14028	0	20
2023.01.10	12:00:00	160.487	160.783	160.283	160.554	19287	0	20
2023.01.10	16:00:00	160.555	160.903	160.547	160.838	9111	0	20
2023.01.10	20:00:00	160.836	160.836	160.360	160.522	4055	0	20
2023.01.11	00:00:00	160.548	161.072	160.543	160.979	8473	0	20
2023.01.11	04:00:00	160.978	161.085	160.809	160.979	6258	0	20
2023.01.11	08:00:00	160.982	161.203	160.539	160.815	13142	0	20
2023.01.11	12:00:00	160.817	161.110	160.519	160.777	14287	0	20
2023.01.11	16:00:00	160.780	160.959	160.559	160.940	8998	0	20
2023.01.11	20:00:00	160.939	160.997	160.195	160.337	5518	0	20
2023.01.12	00:00:00	160.367	160.506	159.915	160.204	13267	0	20
2023.01.12	04:00:00	160.205	160.307	159.829	159.864	8488	0	20
2023.01.12	08:00:00	159.866	160.018	159.080	159.152	15653	0	20
2023.01.12	12:00:00	159.154	159.208	157.720	157.815	40089	0	20
2023.01.12	16:00:00	157.818	158.237	157.728	158.035	15512	0	20
2023.01.12	20:00:00	158.032	158.091	157.623	157.775	5641	0	20
2023.01.13	00:00:00	157.802	157.929	157.352	157.507	17203	0	20
2023.01.13	04:00:00	157.504	157.600	156.599	156.775	13049	0	20
2023.01.13	08:00:00	156.777	157.413	156.600	156.722	18045	0	20
2023.01.13	12:00:00	156.725	156.858	155.640	155.750	19711	0	20
2023.01.13	16:00:00	155.749	156.450	155.647	156.432	9310	0	20
2023.01.13	20:00:00	156.429	156.521	156.341	156.374	2837	0	20
2023.01.15	20:00:00	156.062	156.630	156.060	156.488	2002	0	76
2023.01.16	00:00:00	156.519	156.924	156.183	156.306	14258	0	20
2023.01.16	04:00:00	156.302	156.796	156.247	156.513	10620	0	20
2023.01.16	08:00:00	156.510	157.070	156.381	156.580	17582	0	20
2023.01.16	12:00:00	156.577	156.914	156.444	156.867	10815	0	20
2023.01.16	16:00:00	156.870	157.030	156.618	156.752	4549	0	20
2023.01.16	20:00:00	156.756	156.792	156.167	156.451	4241	0	65
2023.01.17	00:00:00	156.627	157.235	156.533	156.980	11008	0	20
2023.01.17	04:00:00	156.977	157.322	156.816	157.242	10386	0	20
2023.01.17	08:00:00	157.239	157.836	156.869	157.714	15672	0	20
2023.01.17	12:00:00	157.716	158.020	157.228	157.339	22684	0	20
2023.01.17	16:00:00	157.342	157.547	157.067	157.522	10724	0	20
2023.01.17	20:00:00	157.519	157.584	157.328	157.541	4313	0	20
2023.01.18	00:00:00	157.569	161.005	157.484	160.875	49728	0	20
2023.01.18	04:00:00	160.878	161.524	160.361	160.406	29019	0	20
2023.01.18	08:00:00	160.409	160.514	159.319	159.587	27479	0	20
2023.01.18	12:00:00	159.584	159.757	158.595	159.094	27740	0	20
2023.01.18	16:00:00	159.090	159.152	158.700	158.810	12100	0	20
2023.01.18	20:00:00	158.813	159.136	158.551	158.690	5134	0	20
2023.01.19	00:00:00	158.718	158.718	158.118	158.230	12133	0	20
2023.01.19	04:00:00	158.232	158.232	157.556	158.086	11908	0	20
2023.01.19	08:00:00	158.089	158.900	158.011	158.869	14240	0	20
2023.01.19	12:00:00	158.866	158.890	158.406	158.755	16866	0	20
2023.01.19	16:00:00	158.752	159.175	158.706	159.159	8578	0	20
2023.01.19	20:00:00	159.158	159.214	159.018	159.048	3930	0	20
2023.01.20	00:00:00	159.076	159.657	159.038	159.481	8115	0	20
2023.01.20	04:00:00	159.483	159.967	159.189	159.345	9257	0	20
2023.01.20	08:00:00	159.349	160.571	159.231	160.473	15924	0	20
2023.01.20	12:00:00	160.470	161.283	160.463	160.710	16939	0	20
2023.01.20	16:00:00	160.715	160.812	160.429	160.597	8794	0	20
2023.01.20	20:00:00	160.598	160.699	160.533	160.635	2506	0	20
2023.01.22	20:00:00	160.524	160.845	160.426	160.486	1780	0	76
2023.01.23	00:00:00	160.515	160.806	160.357	160.766	8274	0	20
2023.01.23	04:00:00	160.770	161.629	160.760	161.573	11569	0	20
2023.01.23	08:00:00	161.577	161.591	160.751	160.992	13167	0	20
2023.01.23	12:00:00	160.989	161.612	160.922	161.565	15879	0	20
2023.01.23	16:00:00	161.562	161.797	161.500	161.573	8101	0	20
2023.01.23	20:00:00	161.575	161.783	161.466	161.624	3896	0	20
2023.01.24	00:00:00	161.655	161.765	161.236	161.419	6696	0	20
2023.01.24	04:00:00	161.418	161.467	160.935	161.075	7977	0	20
2023.01.24	08:00:00	161.072	161.423	160.157	160.316	14277	0	20
2023.01.24	12:00:00	160.319	160.896	159.986	160.202	17444	0	20
2023.01.24	16:00:00	160.199	160.451	160.122	160.431	8211	0	20
2023.01.24	20:00:00	160.435	160.656	160.355	160.535	3764	0	20
2023.01.25	00:00:00	160.564	160.918	160.395	160.859	8386	0	20
2023.01.25	04:00:00	160.861	160.922	160.458	160.650	7390	0	20
2023.01.25	08:00:00	160.652	160.802	159.498	159.595	13182	0	20
2023.01.25	12:00:00	159.597	160.384	159.564	160.140	16149	0	20
2023.01.25	16:00:00	160.137	160.723	160.120	160.606	8010	0	20
2023.01.25	20:00:00	160.607	160.716	160.354	160.383	3801	0	20
2023.01.26	00:00:00	160.410	160.602	160.125	160.276	8147	0	20
2023.01.26	04:00:00	160.272	160.705	160.004	160.667	8398	0	20
2023.01.26	08:00:00	160.663	161.199	160.615	160.862	13119	0	20
2023.01.26	12:00:00	160.858	161.457	160.669	161.164	18602	0	20
2023.01.26	16:00:00	161.162	161.577	161.049	161.573	8886	0	20
2023.01.26	20:00:00	161.576	161.726	160.943	161.110	5594	0	20
2023.01.27	00:00:00	161.141	161.269	160.729	160.860	9403	0	20
2023.01.27	04:00:00	160.858	161.185	160.704	160.837	7680	0	20
2023.01.27	08:00:00	160.834	160.889	160.484	160.687	10283	0	20
2023.01.27	12:00:00	160.689	160.939	160.407	160.622	14063	0	20
2023.01.27	16:00:00	160.625	161.038	160.579	160.983	6682	0	20
2023.01.27	20:00:00	160.986	161.035	160.854	160.924	2665	0	20
2023.01.29	20:00:00	160.655	160.990	160.629	160.972	1690	0	76
2023.01.30	00:00:00	161.000	161.400	160.960	160.963	8428	0	20
2023.01.30	04:00:00	160.962	160.972	160.203	160.409	17122	0	20
2023.01.30	08:00:00	160.412	161.351	160.412	161.205	13173	0	20
2023.01.30	12:00:00	161.207	161.412	160.953	161.327	12513	0	20
2023.01.30	16:00:00	161.330	161.389	161.016	161.177	6853	0	20
2023.01.30	20:00:00	161.174	161.207	160.961	161.112	3181	0	20
2023.01.31	00:00:00	161.140	161.165	160.722	160.757	8091	0	20
2023.01.31	04:00:00	160.759	160.913	160.609	160.716	6817	0	20
2023.01.31	08:00:00	160.715	160.779	160.407	160.757	10907	0	20
2023.01.31	12:00:00	160.760	160.856	159.759	160.001	17165	0	20
2023.01.31	16:00:00	159.998	160.579	159.989	160.413	7858	0	20
2023.01.31	20:00:00	160.410	160.478	160.070	160.113	3611	0	20
2023.02.01	00:00:00	160.139	160.249	159.848	160.085	6012	0	20
2023.02.01	04:00:00	160.081	160.664	160.068	160.363	6509	0	20
2023.02.01	08:00:00	160.366	160.428	159.903	160.005	11167	0	20
2023.02.01	12:00:00	160.004	160.058	159.227	159.300	15185	0	20
2023.02.01	16:00:00	159.304	159.590	158.905	159.263	19446	0	20
2023.02.01	20:00:00	159.260	159.657	159.193	159.275	10481	0	20
2023.02.02	00:00:00	159.303	159.355	158.882	159.274	10231	0	20
2023.02.02	04:00:00	159.277	159.538	159.115	159.186	7577	0	20
2023.02.02	08:00:00	159.184	159.608	158.643	158.725	14457	0	20
2023.02.02	12:00:00	158.729	159.356	157.546	157.850	28975	0	20
2023.02.02	16:00:00	157.852	157.884	157.177	157.337	9936	0	20
2023.02.02	20:00:00	157.340	157.568	157.217	157.330	5365	0	20
2023.02.03	00:00:00	157.359	157.381	156.820	156.999	7887	0	20
2023.02.03	04:00:00	157.001	157.168	156.733	156.879	7393	0	20
2023.02.03	08:00:00	156.876	157.576	156.724	157.400	10754	0	20
2023.02.03	12:00:00	157.398	158.743	157.124	158.644	28344	0	20
2023.02.03	16:00:00	158.648	158.692	157.987	157.996	11528	0	0
2023.02.03	20:00:00	157.998	158.157	157.971	158.126	2475	0	0
2023.02.05	20:00:00	159.133	159.134	158.509	159.009	2861	0	76
2023.02.06	00:00:00	159.039	159.424	158.866	158.971	13034	0	20
2023.02.06	04:00:00	158.968	159.116	158.716	158.837	8535	0	20
2023.02.06	08:00:00	158.834	159.227	158.736	159.161	14591	0	20
2023.02.06	12:00:00	159.159	159.942	159.098	159.581	14883	0	20
2023.02.06	16:00:00	159.578	159.705	159.319	159.327	8457	0	20
2023.02.06	20:00:00	159.326	159.545	159.302	159.456	3674	0	20
2023.02.07	00:00:00	159.492	159.565	159.262	159.330	7262	0	20
2023.02.07	04:00:00	159.332	159.409	158.783	158.894	7741	0	20
2023.02.07	08:00:00	158.891	158.976	158.118	158.380	14961	0	20
2023.02.07	12:00:00	158.382	158.401	157.585	157.624	14426	0	20
2023.02.07	16:00:00	157.626	158.012	157.426	157.744	19547	0	20
2023.02.07	20:00:00	157.748	157.977	157.745	157.940	5138	0	20
2023.02.08	00:00:00	157.968	158.242	157.607	158.063	7888	0	20
2023.02.08	04:00:00	158.065	158.402	157.929	158.363	7375	0	20
2023.02.08	08:00:00	158.359	158.421	158.036	158.221	13312	0	20
2023.02.08	12:00:00	158.224	158.827	158.200	158.768	13022	0	20
2023.02.08	16:00:00	158.771	158.771	158.504	158.563	8056	0	20
2023.02.08	20:00:00	158.564	158.673	158.395	158.560	3778	0	20
2023.02.09	00:00:00	158.589	159.004	158.419	158.745	7783	0	20
2023.02.09	04:00:00	158.746	159.146	158.117	158.614	11177	0	20
2023.02.09	08:00:00	158.616	159.092	158.463	159.024	12673	0	20
2023.02.09	12:00:00	159.021	159.323	158.837	159.314	13859	0	20
2023.02.09	16:00:00	159.311	159.496	159.114	159.438	9842	0	20
2023.02.09	20:00:00	159.435	159.500	159.186	159.306	4142	0	20
2023.02.10	00:00:00	159.334	159.624	159.169	159.318	7848	0	20
2023.02.10	04:00:00	159.322	159.416	158.016	158.103	17050	0	20
2023.02.10	08:00:00	158.106	159.166	157.529	158.417	27187	0	20
2023.02.10	12:00:00	158.420	158.947	158.156	158.582	15831	0	20
2023.02.10	16:00:00	158.578	158.826	158.366	158.451	7797	0	20
2023.02.10	20:00:00	158.453	158.471	158.372	158.432	2294	0	20
2023.02.12	20:00:00	158.451	158.608	158.353	158.507	1589	0	76
2023.02.13	00:00:00	158.535	159.118	158.413	158.972	8109	0	20
2023.02.13	04:00:00	158.973	159.443	158.973	159.388	7996	0	20
2023.02.13	08:00:00	159.392	160.006	159.366	159.981	11533	0	20
2023.02.13	12:00:00	159.984	161.172	159.975	161.166	13756	0	20
2023.02.13	16:00:00	161.167	161.186	160.682	160.696	6955	0	20
2023.02.13	20:00:00	160.698	160.781	160.518	160.772	3576	0	20
2023.02.14	00:00:00	160.790	160.800	160.206	160.368	8111	0	20
2023.02.14	04:00:00	160.365	160.566	160.103	160.332	8551	0	20
2023.02.14	08:00:00	160.329	161.459	160.300	161.339	12060	0	20
2023.02.14	12:00:00	161.343	161.983	161.099	161.456	26854	0	20
2023.02.14	16:00:00	161.453	162.170	161.417	161.974	11585	0	20
2023.02.14	20:00:00	161.970	162.059	161.837	161.863	3828	0	20
2023.02.15	00:00:00	161.892	161.969	161.319	161.602	7553	0	20
2023.02.15	04:00:00	161.603	161.862	161.100	161.108	9987	0	20
2023.02.15	08:00:00	161.105	161.507	160.881	160.881	12919	0	20
2023.02.15	12:00:00	160.884	161.232	160.779	161.156	18141	0	20
2023.02.15	16:00:00	161.153	161.486	161.063	161.284	8309	0	20
2023.02.15	20:00:00	161.280	161.453	161.074	161.145	3825	0	20
2023.02.16	00:00:00	161.174	161.305	160.929	161.144	9676	0	20
2023.02.16	04:00:00	161.143	161.375	160.988	161.148	6847	0	20
2023.02.16	08:00:00	161.147	161.507	161.041	161.268	10153	0	20
2023.02.16	12:00:00	161.265	161.374	160.819	161.199	15880	0	20
2023.02.16	16:00:00	161.202	161.204	160.675	160.760	8243	0	20
2023.02.16	20:00:00	160.757	160.774	160.462	160.511	7192	0	20
2023.02.17	00:00:00	160.538	161.006	160.490	160.980	6664	0	20
2023.02.17	04:00:00	160.979	161.054	160.773	160.913	6686	0	20
2023.02.17	08:00:00	160.917	161.247	160.739	161.155	11430	0	20
2023.02.17	12:00:00	161.157	161.485	160.872	161.171	14974	0	20
2023.02.17	16:00:00	161.174	161.585	161.061	161.579	8100	0	20
2023.02.17	20:00:00	161.576	161.639	161.452	161.534	2315	0	20
2023.02.19	20:00:00	161.439	161.571	161.433	161.531	1816	0	76
2023.02.20	00:00:00	161.557	161.718	161.423	161.423	5953	0	20
2023.02.20	04:00:00	161.421	161.587	161.241	161.546	6587	0	20
2023.02.20	08:00:00	161.547	161.708	161.165	161.219	8592	0	20
2023.02.20	12:00:00	161.223	161.439	161.162	161.232	6410	0	22
2023.02.20	16:00:00	161.228	161.618	161.215	161.618	1798	0	22
2023.02.20	20:00:00	161.608	161.688	161.378	161.688	2051	0	66
2023.02.21	00:00:00	161.715	161.733	161.428	161.617	6896	0	20
2023.02.21	04:00:00	161.619	161.794	161.501	161.702	5891	0	20
2023.02.21	08:00:00	161.705	163.041	161.478	162.991	16784	0	20
2023.02.21	12:00:00	162.994	163.747	162.852	163.593	17174	0	20
2023.02.21	16:00:00	163.590	163.590	163.170	163.414	9383	0	20
2023.02.21	20:00:00	163.418	163.531	163.225	163.435	3568	0	20
2023.02.22	00:00:00	163.465	163.554	163.183	163.508	8054	0	20
2023.02.22	04:00:00	163.505	163.507	163.112	163.218	5548	0	20
2023.02.22	08:00:00	163.216	163.216	162.748	162.840	12262	0	20
2023.02.22	12:00:00	162.843	163.005	162.385	162.425	14303	0	20
2023.02.22	16:00:00	162.429	162.750	162.408	162.418	10593	0	20
2023.02.22	20:00:00	162.415	162.590	162.350	162.522	3570	0	20
2023.02.23	00:00:00	162.551	162.628	162.472	162.577	4163	0	20
2023.02.23	04:00:00	162.576	162.742	162.512	162.620	4318	0	20
2023.02.23	08:00:00	162.623	162.655	162.056	162.321	9752	0	20
2023.02.23	12:00:00	162.324	162.846	162.087	162.137	15731	0	20
2023.02.23	16:00:00	162.134	162.144	161.664	161.795	8285	0	20
2023.02.23	20:00:00	161.798	161.905	161.391	161.740	3903	0	20
2023.02.24	00:00:00	161.742	162.050	161.204	161.968	16611	0	20
2023.02.24	04:00:00	161.970	162.174	161.722	162.164	6209	0	20
2023.02.24	08:00:00	162.162	162.633	161.922	162.300	12569	0	20
2023.02.24	12:00:00	162.303	162.997	162.196	162.861	19824	0	20
2023.02.24	16:00:00	162.864	163.112	162.729	162.944	8052	0	20
2023.02.24	20:00:00	162.943	163.039	162.887	162.958	1909	0	20
2023.02.26	20:00:00	163.054	163.094	162.801	162.995	1386	0	76
2023.02.27	00:00:00	163.022	163.113	162.637	162.870	7853	0	20
2023.02.27	04:00:00	162.868	162.932	162.598	162.809	6808	0	20
2023.02.27	08:00:00	162.806	163.381	162.735	163.289	11663	0	20
2023.02.27	12:00:00	163.293	163.983	163.165	163.633	13370	0	20
2023.02.27	16:00:00	163.630	164.293	163.619	164.278	7122	0	20
2023.02.27	20:00:00	164.275	164.425	164.143	164.401	2854	0	20
2023.02.28	00:00:00	164.427	164.507	164.120	164.171	5852	0	20
2023.02.28	04:00:00	164.173	164.635	164.087	164.593	6014	0	20
2023.02.28	08:00:00	164.590	165.527	164.516	165.429	12455	0	20
2023.02.28	12:00:00	165.427	166.004	164.830	164.910	14224	0	20
2023.02.28	16:00:00	164.907	165.004	163.876	164.065	9983	0	20
2023.02.28	20:00:00	164.062	164.094	163.486	164.027	5246	0	20
2023.03.01	00:00:00	164.054	164.189	163.805	164.176	6751	0	20
2023.03.01	04:00:00	164.173	164.501	164.078	164.171	7277	0	20
2023.03.01	08:00:00	164.168	164.365	162.861	163.073	15189	0	20
2023.03.01	12:00:00	163.072	163.661	162.989	163.418	17552	0	20
2023.03.01	16:00:00	163.421	163.664	163.266	163.620	9209	0	20
2023.03.01	20:00:00	163.622	163.834	163.549	163.759	3043	0	20
2023.03.02	00:00:00	163.786	163.879	163.611	163.715	6668	0	20
2023.03.02	04:00:00	163.712	163.926	163.689	163.835	7119	0	20
2023.03.02	08:00:00	163.831	163.831	163.280	163.672	15647	0	20
2023.03.02	12:00:00	163.675	163.683	163.059	163.383	15752	0	20
2023.03.02	16:00:00	163.386	163.486	163.258	163.319	7928	0	20
2023.03.02	20:00:00	163.321	163.430	163.133	163.340	4011	0	20
2023.03.03	00:00:00	163.368	163.621	163.270	163.525	6616	0	20
2023.03.03	04:00:00	163.523	163.629	163.318	163.318	5621	0	20
2023.03.03	08:00:00	163.321	163.524	163.142	163.225	11059	0	20
2023.03.03	12:00:00	163.222	163.452	163.092	163.258	13218	0	20
2023.03.03	16:00:00	163.255	163.636	163.123	163.607	7154	0	20
2023.03.03	20:00:00	163.604	163.632	163.511	163.546	2612	0	20
2023.03.05	20:00:00	163.475	163.604	163.436	163.567	2076	0	76
2023.03.06	00:00:00	163.595	163.678	163.027	163.134	6913	0	20
2023.03.06	04:00:00	163.130	163.430	163.112	163.312	6081	0	20
2023.03.06	08:00:00	163.315	163.736	163.242	163.369	11502	0	20
2023.03.06	12:00:00	163.372	163.517	162.977	163.504	11739	0	20
2023.03.06	16:00:00	163.505	163.781	163.442	163.482	6086	0	20
2023.03.06	20:00:00	163.484	163.557	163.349	163.500	2674	0	20
2023.03.07	00:00:00	163.531	163.810	163.446	163.764	5903	0	20
2023.03.07	04:00:00	163.760	163.853	163.462	163.555	5979	0	20
2023.03.07	08:00:00	163.558	163.558	162.988	163.100	12163	0	20
2023.03.07	12:00:00	163.101	163.377	162.347	162.417	18133	0	20
2023.03.07	16:00:00	162.420	162.464	162.042	162.178	11482	0	20
2023.03.07	20:00:00	162.181	162.508	162.018	162.457	3710	0	20
2023.03.08	00:00:00	162.485	162.729	162.357	162.715	6915	0	20
2023.03.08	04:00:00	162.716	162.974	162.522	162.582	7192	0	20
2023.03.08	08:00:00	162.580	162.958	162.402	162.454	10668	0	20
2023.03.08	12:00:00	162.456	162.593	161.706	162.010	16241	0	20
2023.03.08	16:00:00	162.013	162.551	161.949	162.499	8232	0	20
2023.03.08	20:00:00	162.501	162.778	162.378	162.568	3119	0	20
2023.03.09	00:00:00	162.598	162.619	162.085	162.226	5395	0	20
2023.03.09	04:00:00	162.224	162.293	161.926	162.144	5117	0	20
2023.03.09	08:00:00	162.147	162.147	161.607	162.014	11863	0	20
2023.03.09	12:00:00	162.015	162.542	161.750	162.361	12651	0	20
2023.03.09	16:00:00	162.364	162.614	162.162	162.162	8257	0	20
2023.03.09	20:00:00	162.166	162.598	162.067	162.561	4537	0	20
2023.03.10	00:00:00	162.588	163.182	161.945	162.769	20766	0	20
2023.03.10	04:00:00	162.770	163.354	162.739	163.070	10648	0	20
2023.03.10	08:00:00	163.073	164.229	162.490	164.015	15545	0	20
2023.03.10	12:00:00	164.012	164.148	162.360	162.469	30633	0	20
2023.03.10	16:00:00	162.472	163.065	161.995	162.167	15545	0	20
2023.03.10	20:00:00	162.164	162.595	162.033	162.484	4117	0	20
2023.03.12	20:00:00	162.222	163.065	161.403	162.976	31019	0	20
2023.03.13	00:00:00	162.980	162.991	162.110	162.585	19713	0	20
2023.03.13	04:00:00	162.582	163.041	162.309	162.781	12823	0	20
2023.03.13	08:00:00	162.778	162.963	160.483	160.794	29620	0	20
2023.03.13	12:00:00	160.798	161.973	160.041	161.868	31351	0	20
2023.03.13	16:00:00	161.871	162.789	161.693	162.472	15070	0	20
2023.03.13	20:00:00	162.473	162.533	161.926	161.927	6393	0	20
2023.03.14	00:00:00	161.923	162.714	161.860	162.598	13407	0	20
2023.03.14	04:00:00	162.600	162.820	162.140	162.320	14073	0	20
2023.03.14	08:00:00	162.323	163.274	162.301	163.225	18668	0	20
2023.03.14	12:00:00	163.222	164.075	162.970	163.137	25485	0	20
2023.03.14	16:00:00	163.135	163.592	163.122	163.386	11699	0	20
2023.03.14	20:00:00	163.388	163.397	163.007	163.349	5131	0	20
2023.03.15	00:00:00	163.344	163.603	163.197	163.417	10075	0	20
2023.03.15	04:00:00	163.419	164.034	163.404	163.961	9664	0	20
2023.03.15	08:00:00	163.958	164.134	160.959	161.126	31226	0	20
2023.03.15	12:00:00	161.123	161.158	159.763	159.784	40202	0	20
2023.03.15	16:00:00	159.786	161.529	159.203	160.626	24326	0	20
2023.03.15	20:00:00	160.629	160.904	160.245	160.367	6698	0	20
2023.03.16	00:00:00	160.370	161.228	160.020	160.274	17205	0	20
2023.03.16	04:00:00	160.272	161.039	160.098	161.006	13067	0	20
2023.03.16	08:00:00	161.003	161.241	159.761	159.767	22208	0	20
2023.03.16	12:00:00	159.763	161.122	158.555	161.084	38115	0	20
2023.03.16	16:00:00	161.081	162.065	160.855	161.726	16324	0	20
2023.03.16	20:00:00	161.727	162.103	161.476	161.502	5808	0	20
2023.03.17	00:00:00	161.499	161.740	161.463	161.718	10549	0	20
2023.03.17	04:00:00	161.715	161.965	161.498	161.788	10592	0	20
2023.03.17	08:00:00	161.785	162.181	160.577	160.903	19267	0	20
2023.03.17	12:00:00	160.900	161.044	160.112	160.266	27711	0	20
2023.03.17	16:00:00	160.270	161.062	160.233	160.627	14818	0	20
2023.03.17	20:00:00	160.630	160.701	160.426	160.576	2652	0	20
2023.03.19	20:00:00	160.884	161.303	160.544	161.206	5590	0	20
2023.03.20	00:00:00	161.209	161.727	160.597	160.717	12460	0	20
2023.03.20	04:00:00	160.720	160.852	159.358	159.739	17737	0	20
2023.03.20	08:00:00	159.742	160.545	158.958	160.293	28967	0	20
2023.03.20	12:00:00	160.290	161.540	160.104	161.270	26934	0	20
2023.03.20	16:00:00	161.273	161.688	160.995	161.348	12839	0	20
2023.03.20	20:00:00	161.345	161.405	160.983	161.271	3863	0	20
2023.03.21	00:00:00	161.273	161.592	160.791	160.855	8066	0	20
2023.03.21	04:00:00	160.853	161.438	160.756	161.360	8600	0	20
2023.03.21	08:00:00	161.364	162.254	161.314	162.033	15113	0	20
2023.03.21	12:00:00	162.029	162.252	161.007	161.294	17973	0	20
2023.03.21	16:00:00	161.291	161.923	161.165	161.816	8932	0	20
2023.03.21	20:00:00	161.813	161.955	161.636	161.855	3244	0	20
2023.03.22	00:00:00	161.854	162.207	161.703	161.908	9553	0	20
2023.03.22	04:00:00	161.909	162.586	161.682	162.549	9525	0	20
2023.03.22	08:00:00	162.552	163.329	162.453	163.047	12723	0	20
2023.03.22	12:00:00	163.046	163.281	162.039	162.251	12955	0	20
2023.03.22	16:00:00	162.254	162.432	160.950	161.003	26292	0	20
2023.03.22	20:00:00	161.007	161.315	160.787	161.061	6999	0	20
2023.03.23	00:00:00	161.058	161.249	160.687	160.864	12421	0	20
2023.03.23	04:00:00	160.866	161.394	160.842	161.176	11187	0	20
2023.03.23	08:00:00	161.180	161.746	161.130	161.523	15033	0	20
2023.03.23	12:00:00	161.520	161.852	161.299	161.394	19332	0	20
2023.03.23	16:00:00	161.391	161.433	159.933	160.456	20948	0	20
2023.03.23	20:00:00	160.457	160.816	160.417	160.701	4911	0	20
2023.03.24	00:00:00	160.705	160.732	159.745	160.078	11898	0	20
2023.03.24	04:00:00	160.080	160.191	159.765	159.832	9628	0	20
2023.03.24	08:00:00	159.831	159.870	158.258	158.846	26734	0	20
2023.03.24	12:00:00	158.843	159.763	158.509	159.675	25516	0	20
2023.03.24	16:00:00	159.679	160.021	159.628	159.850	11467	0	20
2023.03.24	20:00:00	159.849	159.949	159.820	159.868	1004	0	20
2023.03.26	20:00:00	159.591	160.304	159.546	160.219	3614	0	20
2023.03.27	00:00:00	160.222	160.300	159.756	159.893	9249	0	20
2023.03.27	04:00:00	159.895	160.980	159.800	160.176	11883	0	20
2023.03.27	08:00:00	160.173	161.420	160.162	161.225	12644	0	20
2023.03.27	12:00:00	161.227	161.711	161.092	161.444	13885	0	20
2023.03.27	16:00:00	161.441	161.839	161.338	161.696	6872	0	20
2023.03.27	20:00:00	161.699	161.717	161.323	161.373	3560	0	20
2023.03.28	00:00:00	161.370	161.372	160.769	160.850	9472	0	20
2023.03.28	04:00:00	160.849	161.773	160.727	161.446	11231	0	20
2023.03.28	08:00:00	161.442	161.556	160.775	161.164	12060	0	20
2023.03.28	12:00:00	161.161	161.698	160.736	161.617	14957	0	20
2023.03.28	16:00:00	161.620	161.694	161.122	161.427	6093	0	20
2023.03.28	20:00:00	161.428	161.627	161.320	161.575	3071	0	20
2023.03.29	00:00:00	161.574	162.413	161.538	162.288	9187	0	20
2023.03.29	04:00:00	162.287	162.756	162.196	162.585	9782	0	20
2023.03.29	08:00:00	162.589	163.364	162.318	163.102	12719	0	20
2023.03.29	12:00:00	163.105	163.473	162.887	163.355	16354	0	20
2023.03.29	16:00:00	163.358	163.601	163.186	163.537	6714	0	20
2023.03.29	20:00:00	163.535	163.677	163.169	163.169	3043	0	20
2023.03.30	00:00:00	163.165	163.343	162.972	163.230	7999	0	20
2023.03.30	04:00:00	163.232	163.559	163.005	163.519	10574	0	20
2023.03.30	08:00:00	163.522	164.055	163.240	163.562	12542	0	20
2023.03.30	12:00:00	163.566	164.447	163.565	164.123	14272	0	20
2023.03.30	16:00:00	164.120	164.296	163.776	164.296	5876	0	20
2023.03.30	20:00:00	164.299	165.062	164.167	164.982	4278	0	20
2023.03.31	00:00:00	164.978	165.463	164.587	164.590	10910	0	20
2023.03.31	04:00:00	164.589	165.112	164.484	164.638	10188	0	20
2023.03.31	08:00:00	164.641	165.243	164.214	164.792	14362	0	20
2023.03.31	12:00:00	164.796	165.006	164.169	164.179	17459	0	20
2023.03.31	16:00:00	164.180	164.237	163.620	163.770	6904	0	20
2023.03.31	20:00:00	163.774	163.790	163.662	163.739	1180	0	20
2023.04.02	20:00:00	164.210	164.293	163.708	163.838	4569	0	20
2023.04.03	00:00:00	163.833	163.885	163.421	163.818	10469	0	20
2023.04.03	04:00:00	163.821	164.579	163.756	164.548	9718	0	20
2023.04.03	08:00:00	164.550	164.854	164.319	164.548	11386	0	20
2023.04.03	12:00:00	164.550	164.894	163.770	164.142	15728	0	20
2023.04.03	16:00:00	164.145	164.538	163.990	164.527	5941	0	20
2023.04.03	20:00:00	164.524	164.524	164.173	164.339	3508	0	20
2023.04.04	00:00:00	164.341	164.820	164.180	164.792	7667	0	20
2023.04.04	04:00:00	164.795	165.423	164.628	165.352	10630	0	20
2023.04.04	08:00:00	165.354	166.393	165.348	166.033	13082	0	20
2023.04.04	12:00:00	166.035	166.086	164.336	164.473	18495	0	20
2023.04.04	16:00:00	164.470	164.622	164.257	164.538	6240	0	20
2023.04.04	20:00:00	164.536	164.725	164.180	164.186	3216	0	20
2023.04.05	00:00:00	164.183	164.666	163.950	164.374	8452	0	20
2023.04.05	04:00:00	164.375	164.555	163.937	163.988	9614	0	20
2023.04.05	08:00:00	163.990	164.390	163.692	163.884	12812	0	20
2023.04.05	12:00:00	163.887	163.993	162.770	163.371	19631	0	20
2023.04.05	16:00:00	163.374	163.548	163.171	163.498	6294	0	20
2023.04.05	20:00:00	163.500	163.630	163.019	163.132	3618	0	20
2023.04.06	00:00:00	163.129	163.345	162.893	163.233	6299	0	20
2023.04.06	04:00:00	163.231	163.966	163.166	163.744	7435	0	20
2023.04.06	08:00:00	163.742	164.103	163.340	164.018	10948	0	20
2023.04.06	12:00:00	164.015	164.065	163.383	163.937	14533	0	20
2023.04.06	16:00:00	163.940	164.065	163.846	163.930	4190	0	20
2023.04.06	20:00:00	163.927	163.973	163.539	163.664	2832	0	20
2023.04.07	00:00:00	163.644	163.947	163.567	163.814	3201	0	240
2023.04.07	04:00:00	163.812	164.166	163.742	163.932	3110	0	120
2023.04.07	08:00:00	163.935	163.937	163.577	163.709	3140	0	40
2023.04.07	12:00:00	163.706	164.158	163.587	164.055	26267	0	40
2023.04.07	16:00:00	164.047	164.271	164.023	164.231	69311	0	50
2023.04.07	20:00:00	164.245	164.300	163.985	163.996	1344	0	75
2023.04.09	20:00:00	163.922	164.281	163.683	164.207	2217	0	20
2023.04.10	00:00:00	164.203	164.752	164.197	164.662	7193	0	20
2023.04.10	04:00:00	164.664	164.721	163.984	164.108	6544	0	20
2023.04.10	08:00:00	164.105	165.025	164.020	164.906	10527	0	20
2023.04.10	12:00:00	164.909	165.489	164.545	165.280	15294	0	20
2023.04.10	16:00:00	165.277	165.467	165.239	165.407	4754	0	20
2023.04.10	20:00:00	165.404	165.509	165.249	165.382	2327	0	20
2023.04.11	00:00:00	165.380	165.654	165.186	165.505	7106	0	20
2023.04.11	04:00:00	165.508	165.794	165.323	165.415	8558	0	20
2023.04.11	08:00:00	165.418	165.694	165.294	165.613	10937	0	20
2023.04.11	12:00:00	165.611	166.102	165.379	165.811	10599	0	20
2023.04.11	16:00:00	165.814	166.160	165.813	166.098	4462	0	20
2023.04.11	20:00:00	166.101	166.184	165.989	166.049	2167	0	20
2023.04.12	00:00:00	166.050	166.570	165.960	166.397	6006	0	20
2023.04.12	04:00:00	166.398	166.576	166.018	166.276	6894	0	20
2023.04.12	08:00:00	166.277	166.299	165.765	165.891	7941	0	20
2023.04.12	12:00:00	165.893	166.211	165.382	166.141	19253	0	20
2023.04.12	16:00:00	166.143	166.592	166.062	166.264	7924	0	20
2023.04.12	20:00:00	166.267	166.345	165.960	166.243	2897	0	20
2023.04.13	00:00:00	166.246	166.498	166.096	166.399	6403	0	20
2023.04.13	04:00:00	166.398	166.511	166.184	166.214	7483	0	20
2023.04.13	08:00:00	166.216	166.840	166.216	166.706	9412	0	20
2023.04.13	12:00:00	166.709	166.756	165.399	165.860	16260	0	20
2023.04.13	16:00:00	165.863	166.315	165.841	166.230	5374	0	20
2023.04.13	20:00:00	166.233	166.268	165.841	165.928	2464	0	20
2023.04.14	00:00:00	165.931	166.153	165.827	166.046	7200	0	20
2023.04.14	04:00:00	166.049	166.176	165.613	165.629	6894	0	20
2023.04.14	08:00:00	165.626	165.941	165.406	165.654	8710	0	20
2023.04.14	12:00:00	165.656	166.222	165.527	166.057	18197	0	20
2023.04.14	16:00:00	166.058	166.114	165.819	166.073	5520	0	20
2023.04.14	20:00:00	166.075	166.117	166.000	166.044	769	0	20
2023.04.16	20:00:00	166.018	166.164	165.908	166.157	1980	0	20
2023.04.17	00:00:00	166.156	166.204	165.818	166.179	6068	0	20
2023.04.17	04:00:00	166.176	166.551	166.125	166.397	7574	0	20
2023.04.17	08:00:00	166.396	166.462	165.688	166.202	9992	0	20
2023.04.17	12:00:00	166.199	166.624	166.111	166.205	13928	0	20
2023.04.17	16:00:00	166.204	166.394	166.098	166.390	3943	0	20
2023.04.17	20:00:00	166.386	166.445	166.274	166.363	2196	0	20
2023.04.18	00:00:00	166.360	166.719	166.162	166.471	6511	0	20
2023.04.18	04:00:00	166.469	166.966	166.403	166.839	7840	0	20
2023.04.18	08:00:00	166.836	167.002	166.468	166.567	9861	0	20
2023.04.18	12:00:00	166.571	166.891	166.411	166.560	12518	0	20
2023.04.18	16:00:00	166.557	166.679	166.538	166.598	4102	0	20
2023.04.18	20:00:00	166.601	166.660	166.476	166.536	2417	0	20
2023.04.19	00:00:00	166.533	166.845	166.483	166.780	5319	0	20
2023.04.19	04:00:00	166.782	167.898	166.751	167.864	9035	0	20
2023.04.19	08:00:00	167.867	167.964	167.010	167.056	12761	0	20
2023.04.19	12:00:00	167.060	167.721	166.996	167.667	11635	0	20
2023.04.19	16:00:00	167.670	167.749	167.550	167.669	4386	0	20
2023.04.19	20:00:00	167.671	167.682	167.308	167.416	3104	0	20
2023.04.20	00:00:00	167.413	167.698	167.357	167.455	6241	0	20
2023.04.20	04:00:00	167.457	167.559	167.113	167.197	7690	0	20
2023.04.20	08:00:00	167.200	167.599	167.116	167.365	9856	0	20
2023.04.20	12:00:00	167.367	167.396	166.838	166.908	12981	0	20
2023.04.20	16:00:00	166.910	167.251	166.870	167.001	4552	0	20
2023.04.20	20:00:00	167.004	167.060	166.647	166.693	2810	0	20
2023.04.21	00:00:00	166.689	167.003	166.460	166.471	5988	0	20
2023.04.21	04:00:00	166.474	166.476	165.894	166.051	8129	0	20
2023.04.21	08:00:00	166.048	166.302	165.507	165.794	9957	0	20
2023.04.21	12:00:00	165.793	166.795	165.777	166.742	14199	0	20
2023.04.21	16:00:00	166.741	166.873	166.634	166.838	4957	0	20
2023.04.21	20:00:00	166.839	166.918	166.827	166.873	658	0	20
2023.04.23	20:00:00	166.642	166.880	166.599	166.749	1972	0	20
2023.04.24	00:00:00	166.746	167.220	166.594	167.073	6404	0	20
2023.04.24	04:00:00	167.076	167.175	166.538	166.933	8293	0	20
2023.04.24	08:00:00	166.930	167.559	166.915	167.429	9584	0	20
2023.04.24	12:00:00	167.431	167.680	167.285	167.417	10176	0	20
2023.04.24	16:00:00	167.419	167.715	167.403	167.633	3678	0	20
2023.04.24	20:00:00	167.632	167.690	167.269	167.584	3119	0	20
2023.04.25	00:00:00	167.583	167.952	167.483	167.738	7168	0	20
2023.04.25	04:00:00	167.735	167.772	167.041	167.174	9795	0	20
2023.04.25	08:00:00	167.177	167.314	166.707	166.764	10143	0	20
2023.04.25	12:00:00	166.766	166.915	165.856	166.057	13598	0	20
2023.04.25	16:00:00	166.054	166.146	165.419	165.564	7757	0	20
2023.04.25	20:00:00	165.561	166.137	165.561	165.982	3391	0	20
2023.04.26	00:00:00	165.981	165.987	165.644	165.756	7764	0	20
2023.04.26	04:00:00	165.758	166.434	165.725	166.263	9612	0	20
2023.04.26	08:00:00	166.265	166.984	166.124	166.798	14864	0	20
2023.04.26	12:00:00	166.801	166.985	166.017	166.939	18198	0	20
2023.04.26	16:00:00	166.936	167.005	166.260	166.543	7461	0	20
2023.04.26	20:00:00	166.541	166.696	166.348	166.411	2538	0	20
2023.04.27	00:00:00	166.408	166.719	166.338	166.671	6950	0	20
2023.04.27	04:00:00	166.670	166.979	166.575	166.701	8995	0	20
2023.04.27	08:00:00	166.698	167.021	166.309	166.528	10399	0	20
2023.04.27	12:00:00	166.527	167.352	166.375	167.124	18415	0	20
2023.04.27	16:00:00	167.126	167.370	166.928	167.226	5738	0	20
2023.04.27	20:00:00	167.225	167.495	166.929	167.061	4474	0	20
2023.04.28	00:00:00	167.058	167.613	166.457	167.029	16282	0	20
2023.04.28	04:00:00	167.028	169.426	166.533	169.380	26624	0	20
2023.04.28	08:00:00	169.384	169.719	168.713	169.607	14781	0	20
2023.04.28	12:00:00	169.604	171.122	169.480	170.923	19858	0	20
2023.04.28	16:00:00	170.926	171.151	170.809	171.056	7065	0	20
2023.04.28	20:00:00	171.052	171.160	170.985	171.119	1316	0	20
2023.04.30	20:00:00	171.008	171.385	171.003	171.291	2890	0	20
2023.05.01	00:00:00	171.288	172.086	171.133	172.033	7653	0	20
2023.05.01	04:00:00	172.036	172.051	171.350	171.375	6786	0	20
2023.05.01	08:00:00	171.378	171.500	170.987	171.332	7981	0	20
2023.05.01	12:00:00	171.328	171.973	171.325	171.593	12900	0	20
2023.05.01	16:00:00	171.592	171.779	171.507	171.748	5602	0	20
2023.05.01	20:00:00	171.751	171.803	171.603	171.707	3477	0	20
2023.05.02	00:00:00	171.707	171.876	171.513	171.850	6671	0	20
2023.05.02	04:00:00	171.853	172.310	171.826	171.885	11005	0	20
2023.05.02	08:00:00	171.884	171.884	171.122	171.419	13920	0	20
2023.05.02	12:00:00	171.416	171.595	169.946	170.237	20467	0	20
2023.05.02	16:00:00	170.234	170.540	170.137	170.305	8034	0	20
2023.05.02	20:00:00	170.309	170.332	170.094	170.281	3337	0	20
2023.05.03	00:00:00	170.284	170.361	169.751	169.983	5716	0	20
2023.05.03	04:00:00	169.981	170.279	169.728	169.905	8450	0	20
2023.05.03	08:00:00	169.908	170.059	169.395	169.411	11966	0	20
2023.05.03	12:00:00	169.408	169.825	169.138	169.759	17019	0	20
2023.05.03	16:00:00	169.762	170.373	169.412	169.483	20014	0	20
2023.05.03	20:00:00	169.479	169.867	168.878	169.110	7419	0	20
2023.05.04	00:00:00	169.114	169.431	168.988	169.260	6994	0	20
2023.05.04	04:00:00	169.262	169.427	168.644	169.271	11601	0	20
2023.05.04	08:00:00	169.274	169.350	168.967	169.159	14507	0	20
2023.05.04	12:00:00	169.162	169.529	168.126	168.237	32238	0	20
2023.05.04	16:00:00	168.233	168.867	168.054	168.670	12265	0	20
2023.05.04	20:00:00	168.668	168.940	168.585	168.785	4117	0	20
2023.05.05	00:00:00	168.781	169.029	168.668	168.995	5605	0	20
2023.05.05	04:00:00	168.996	169.383	168.734	169.015	9461	0	20
2023.05.05	08:00:00	169.016	169.347	168.808	169.183	9644	0	20
2023.05.05	12:00:00	169.185	170.611	169.084	170.536	20890	0	20
2023.05.05	16:00:00	170.532	170.542	170.168	170.361	5425	0	20
2023.05.05	20:00:00	170.364	170.393	170.253	170.282	754	0	20
2023.05.07	20:00:00	170.294	170.864	170.255	170.741	2468	0	20
2023.05.08	00:00:00	170.738	170.738	170.322	170.540	6416	0	20
2023.05.08	04:00:00	170.537	170.711	170.317	170.626	6713	0	20
2023.05.08	08:00:00	170.628	171.062	170.484	171.002	8340	0	20
2023.05.08	12:00:00	170.999	171.040	170.210	170.298	11309	0	20
2023.05.08	16:00:00	170.296	170.552	170.174	170.460	5296	0	20
2023.05.08	20:00:00	170.458	170.515	170.276	170.373	3670	0	20
2023.05.09	00:00:00	170.370	170.606	170.126	170.246	5767	0	20
2023.05.09	04:00:00	170.248	170.398	169.853	169.863	8893	0	20
2023.05.09	08:00:00	169.866	170.441	169.866	170.018	10273	0	20
2023.05.09	12:00:00	170.022	170.568	170.001	170.522	12012	0	20
2023.05.09	16:00:00	170.519	170.701	170.433	170.653	5411	0	20
2023.05.09	20:00:00	170.650	170.850	170.458	170.790	4202	0	20
2023.05.10	00:00:00	170.788	170.876	170.600	170.693	4804	0	20
2023.05.10	04:00:00	170.696	171.169	170.636	170.701	7652	0	20
2023.05.10	08:00:00	170.699	170.854	170.446	170.593	8949	0	20
2023.05.10	12:00:00	170.592	170.712	169.505	169.657	20539	0	20
2023.05.10	16:00:00	169.658	169.717	169.098	169.622	7344	0	20
2023.05.10	20:00:00	169.618	169.658	169.233	169.300	3177	0	20
2023.05.11	00:00:00	169.304	169.511	169.130	169.307	6160	0	20
2023.05.11	04:00:00	169.311	169.509	169.034	169.069	9561	0	20
2023.05.11	08:00:00	169.072	169.743	168.703	168.838	14111	0	20
2023.05.11	12:00:00	168.835	169.496	167.835	168.068	21068	0	20
2023.05.11	16:00:00	168.072	168.401	167.998	168.329	6048	0	20
2023.05.11	20:00:00	168.327	168.375	168.156	168.210	2843	0	20
2023.05.12	00:00:00	168.207	168.511	168.185	168.468	5421	0	20
2023.05.12	04:00:00	168.466	169.126	168.435	168.810	8143	0	20
2023.05.12	08:00:00	168.807	168.963	168.612	168.916	8707	0	20
2023.05.12	12:00:00	168.919	169.059	168.442	169.022	14754	0	20
2023.05.12	16:00:00	169.025	169.118	168.843	168.930	5071	0	20
2023.05.12	20:00:00	168.937	168.952	168.891	168.924	570	0	58
2023.05.14	20:00:00	168.868	169.140	168.759	169.111	1887	0	20
2023.05.15	00:00:00	169.107	169.617	169.035	169.585	5961	0	20
2023.05.15	04:00:00	169.582	169.873	169.439	169.696	7521	0	20
2023.05.15	08:00:00	169.693	170.331	169.666	170.315	8731	0	20
2023.05.15	12:00:00	170.311	170.424	169.804	170.421	12414	0	20
2023.05.15	16:00:00	170.420	170.613	170.279	170.477	4287	0	20
2023.05.15	20:00:00	170.476	170.496	170.280	170.370	1851	0	20
2023.05.16	00:00:00	170.373	170.478	170.150	170.324	4349	0	20
2023.05.16	04:00:00	170.325	170.377	169.396	169.926	8441	0	20
2023.05.16	08:00:00	169.929	170.399	169.849	170.061	8416	0	20
2023.05.16	12:00:00	170.065	170.827	169.900	170.661	14790	0	20
2023.05.16	16:00:00	170.659	170.710	170.067	170.111	5450	0	20
2023.05.16	20:00:00	170.102	170.343	170.077	170.313	2349	0	20
2023.05.17	00:00:00	170.311	170.521	170.216	170.327	4844	0	20
2023.05.17	04:00:00	170.325	170.594	170.106	170.154	8641	0	20
2023.05.17	08:00:00	170.155	170.871	170.150	170.710	9624	0	20
2023.05.17	12:00:00	170.713	171.683	170.622	171.540	13373	0	20
2023.05.17	16:00:00	171.539	172.001	171.539	171.889	5817	0	20
2023.05.17	20:00:00	171.882	171.922	171.660	171.755	2691	0	20
2023.05.18	00:00:00	171.753	171.877	171.419	171.706	6259	0	20
2023.05.18	04:00:00	171.703	171.761	171.198	171.575	8397	0	20
2023.05.18	08:00:00	171.577	171.671	171.183	171.480	9633	0	20
2023.05.18	12:00:00	171.483	172.154	171.378	172.030	14446	0	20
2023.05.18	16:00:00	172.027	172.109	171.675	172.074	6499	0	20
2023.05.18	20:00:00	172.071	172.126	171.895	172.052	2867	0	20
2023.05.19	00:00:00	172.050	172.112	171.631	171.680	7700	0	20
2023.05.19	04:00:00	171.678	171.681	171.247	171.338	9232	0	20
2023.05.19	08:00:00	171.340	172.245	171.241	172.217	10529	0	20
2023.05.19	12:00:00	172.214	172.495	171.337	171.567	18682	0	20
2023.05.19	16:00:00	171.563	171.933	171.490	171.733	7844	0	20
2023.05.19	20:00:00	171.724	171.791	171.621	171.651	775	0	59
2023.05.21	20:00:00	171.610	171.749	171.396	171.574	1910	0	20
2023.05.22	00:00:00	171.577	171.713	171.370	171.537	6523	0	20
2023.05.22	04:00:00	171.536	171.746	171.175	171.368	8048	0	20
2023.05.22	08:00:00	171.364	172.318	171.273	172.277	9440	0	20
2023.05.22	12:00:00	172.279	172.573	171.626	172.237	15776	0	20
2023.05.22	16:00:00	172.236	172.410	171.831	172.255	6564	0	20
2023.05.22	20:00:00	172.259	172.548	172.205	172.407	3149	0	20
2023.05.23	00:00:00	172.404	172.616	172.169	172.386	7002	0	20
2023.05.23	04:00:00	172.388	172.391	171.641	171.681	10142	0	20
2023.05.23	08:00:00	171.677	171.745	171.283	171.397	11538	0	20
2023.05.23	12:00:00	171.400	172.386	171.400	172.319	15628	0	20
2023.05.23	16:00:00	172.322	172.329	171.805	171.955	7441	0	20
2023.05.23	20:00:00	171.947	172.107	171.921	172.097	2549	0	20
2023.05.24	00:00:00	172.096	172.193	171.888	172.003	5087	0	20
2023.05.24	04:00:00	172.004	172.758	171.826	172.049	10898	0	20
2023.05.24	08:00:00	172.054	172.276	171.225	171.551	13303	0	20
2023.05.24	12:00:00	171.554	172.154	171.536	172.045	15978	0	20
2023.05.24	16:00:00	172.048	172.412	171.945	172.184	8740	0	20
2023.05.24	20:00:00	172.187	172.436	171.595	172.301	4571	0	20
2023.05.25	00:00:00	172.305	172.447	172.211	172.333	7402	0	20
2023.05.25	04:00:00	172.331	172.514	171.984	172.196	9709	0	20
2023.05.25	08:00:00	172.200	172.764	172.173	172.548	9813	0	20
2023.05.25	12:00:00	172.544	172.578	172.069	172.293	19008	0	20
2023.05.25	16:00:00	172.296	172.680	172.153	172.637	6493	0	20
2023.05.25	20:00:00	172.633	172.655	172.350	172.427	3287	0	20
2023.05.26	00:00:00	172.429	172.490	172.200	172.398	6088	0	20
2023.05.26	04:00:00	172.395	172.603	172.230	172.291	8391	0	20
2023.05.26	08:00:00	172.293	173.194	172.268	173.088	8567	0	20
2023.05.26	12:00:00	173.092	173.426	172.887	173.381	14727	0	20
2023.05.26	16:00:00	173.378	173.726	173.349	173.575	4599	0	20
2023.05.26	20:00:00	173.573	173.661	173.512	173.551	767	0	60
2023.05.28	20:00:00	173.416	173.947	173.323	173.918	2670	0	20
2023.05.29	00:00:00	173.913	173.927	173.443	173.584	5041	0	20
2023.05.29	04:00:00	173.588	173.634	173.256	173.330	5383	0	20
2023.05.29	08:00:00	173.327	173.454	173.008	173.113	5218	0	20
2023.05.29	12:00:00	173.110	173.410	172.941	173.409	3712	0	20
2023.05.29	16:00:00	173.412	173.516	173.372	173.515	1014	0	20
2023.05.29	20:00:00	173.505	173.605	173.327	173.440	2389	0	20
2023.05.30	00:00:00	173.436	173.599	173.079	173.180	6788	0	20
2023.05.30	04:00:00	173.184	173.817	172.985	173.283	11217	0	20
2023.05.30	08:00:00	173.287	174.265	173.220	173.653	13151	0	20
2023.05.30	12:00:00	173.650	174.074	173.272	173.405	12411	0	20
2023.05.30	16:00:00	173.411	173.515	173.057	173.393	6189	0	20
2023.05.30	20:00:00	173.395	173.524	173.315	173.509	2792	0	25
2023.05.31	00:00:00	173.508	173.641	173.149	173.162	6500	0	20
2023.05.31	04:00:00	173.160	173.284	172.499	172.736	10641	0	20
2023.05.31	08:00:00	172.733	173.154	172.521	172.679	9774	0	20
2023.05.31	12:00:00	172.676	173.612	172.547	173.224	15802	0	20
2023.05.31	16:00:00	173.227	173.290	172.951	173.274	8678	0	20
2023.05.31	20:00:00	173.275	173.362	172.958	173.151	3803	0	20
2023.06.01	00:00:00	173.154	173.573	173.018	173.426	7130	0	20
2023.06.01	04:00:00	173.428	173.835	173.315	173.599	7623	0	20
2023.06.01	08:00:00	173.595	174.100	173.425	173.878	9085	0	20
2023.06.01	12:00:00	173.875	174.157	173.257	173.884	16061	0	20
2023.06.01	16:00:00	173.880	174.069	173.769	173.891	4890	0	20
2023.06.01	20:00:00	173.887	173.910	173.625	173.785	2105	0	20
2023.06.02	00:00:00	173.781	174.157	173.742	173.947	5420	0	20
2023.06.02	04:00:00	173.944	174.186	173.916	174.112	6854	0	20
2023.06.02	08:00:00	174.108	174.229	173.848	173.959	6753	0	20
2023.06.02	12:00:00	173.960	174.668	173.839	174.219	14426	0	20
2023.06.02	16:00:00	174.223	174.337	174.128	174.243	5166	0	20
2023.06.02	20:00:00	174.241	174.283	174.161	174.217	502	0	60
2023.06.04	20:00:00	174.178	174.293	174.104	174.278	2200	0	25
2023.06.05	00:00:00	174.280	174.326	174.067	174.194	5475	0	20
2023.06.05	04:00:00	174.196	174.243	173.933	174.079	7164	0	20
2023.06.05	08:00:00	174.082	174.167	173.649	173.688	6956	0	20
2023.06.05	12:00:00	173.689	173.770	172.846	173.686	11841	0	20
2023.06.05	16:00:00	173.681	173.824	173.407	173.453	5497	0	20
2023.06.05	20:00:00	173.455	173.541	173.181	173.314	2729	0	20
2023.06.06	00:00:00	173.318	173.713	173.280	173.605	4729	0	20
2023.06.06	04:00:00	173.609	173.766	172.889	173.193	8555	0	20
2023.06.06	08:00:00	173.197	173.258	172.671	173.097	8794	0	20
2023.06.06	12:00:00	173.096	173.658	173.088	173.410	9611	0	20
2023.06.06	16:00:00	173.413	173.618	173.358	173.539	4539	0	20
2023.06.06	20:00:00	173.532	173.537	173.315	173.409	1854	0	20
2023.06.07	00:00:00	173.408	173.528	172.900	173.080	5836	0	20
2023.06.07	04:00:00	173.078	173.110	172.661	173.042	6539	0	20
2023.06.07	08:00:00	173.045	173.803	173.024	173.803	7268	0	20
2023.06.07	12:00:00	173.805	174.353	173.674	174.236	12083	0	20
2023.06.07	16:00:00	174.239	174.423	174.146	174.293	5629	0	24
2023.06.07	20:00:00	174.297	174.348	173.981	174.107	2715	0	25
2023.06.08	00:00:00	174.104	174.366	174.031	174.035	5143	0	20
2023.06.08	04:00:00	174.037	174.224	173.898	174.039	6723	0	20
2023.06.08	08:00:00	174.043	174.398	174.039	174.138	6938	0	25
2023.06.08	12:00:00	174.140	174.475	173.921	174.162	13078	0	25
2023.06.08	16:00:00	174.165	174.506	174.135	174.410	4966	0	20
2023.06.08	20:00:00	174.409	174.469	174.281	174.402	1824	0	25
2023.06.09	00:00:00	174.406	174.851	174.389	174.744	5340	0	25
2023.06.09	04:00:00	174.747	175.224	174.678	175.143	6741	0	25
2023.06.09	08:00:00	175.147	175.232	174.993	175.127	7561	0	25
2023.06.09	12:00:00	175.131	175.532	174.724	175.271	11294	0	25
2023.06.09	16:00:00	175.268	175.393	175.146	175.353	4222	0	24
2023.06.09	20:00:00	175.349	175.384	175.257	175.264	574	0	60
2023.06.11	20:00:00	175.112	175.344	175.091	175.319	2997	0	25
2023.06.12	00:00:00	175.317	175.456	175.135	175.275	5860	0	25
2023.06.12	04:00:00	175.275	175.735	175.200	175.620	7922	0	25
2023.06.12	08:00:00	175.620	175.659	174.883	175.097	10529	0	25
2023.06.12	12:00:00	175.101	175.171	174.344	174.482	13402	0	25
2023.06.12	16:00:00	174.484	174.649	174.462	174.592	7008	0	24
2023.06.12	20:00:00	174.590	174.676	174.485	174.520	2978	0	25
2023.06.13	00:00:00	174.519	174.839	174.448	174.702	6817	0	25
2023.06.13	04:00:00	174.702	175.456	174.675	175.268	10317	0	20
2023.06.13	08:00:00	175.265	175.497	175.191	175.391	9677	0	25
2023.06.13	12:00:00	175.392	176.639	175.095	176.532	18715	0	25
2023.06.13	16:00:00	176.532	176.805	176.414	176.752	8085	0	24
2023.06.13	20:00:00	176.754	176.837	176.642	176.673	3137	0	25
2023.06.14	00:00:00	176.672	176.720	176.492	176.580	6416	0	25
2023.06.14	04:00:00	176.579	176.809	176.435	176.639	8310	0	25
2023.06.14	08:00:00	176.642	177.132	176.536	177.032	8821	0	25
2023.06.14	12:00:00	177.031	177.128	176.795	176.870	12411	0	25
2023.06.14	16:00:00	176.869	177.227	176.782	177.117	15353	0	24
2023.06.14	20:00:00	177.116	177.414	177.096	177.337	4176	0	25
2023.06.15	00:00:00	177.339	178.370	177.330	178.353	10307	0	25
2023.06.15	04:00:00	178.353	178.983	178.347	178.770	11663	0	25
2023.06.15	08:00:00	178.774	179.032	178.386	178.583	11201	0	25
2023.06.15	12:00:00	178.582	179.358	178.121	179.257	18366	0	25
2023.06.15	16:00:00	179.258	179.388	179.099	179.286	7711	0	25
2023.06.15	20:00:00	179.288	179.341	179.136	179.320	3174	0	25
2023.06.16	00:00:00	179.319	179.740	178.819	179.529	12288	0	20
2023.06.16	04:00:00	179.525	180.846	179.478	180.472	12563	0	25
2023.06.16	08:00:00	180.476	180.796	180.092	180.782	12214	0	25
2023.06.16	12:00:00	180.782	181.733	180.755	181.729	16877	0	25
2023.06.16	16:00:00	181.729	182.032	181.674	181.819	8630	0	25
2023.06.16	20:00:00	181.829	181.952	181.808	181.856	1073	0	63
2023.06.18	20:00:00	181.658	182.118	181.636	182.017	3380	0	25
2023.06.19	00:00:00	182.017	182.086	181.324	181.388	7912	0	25
2023.06.19	04:00:00	181.388	182.021	181.201	181.749	9454	0	25
2023.06.19	08:00:00	181.746	181.957	181.590	181.710	9599	0	25
2023.06.19	12:00:00	181.707	181.752	181.216	181.531	7875	0	25
2023.06.19	16:00:00	181.532	181.648	181.237	181.416	3048	0	25
2023.06.19	20:00:00	181.416	181.669	181.346	181.525	3900	0	25
2023.06.20	00:00:00	181.529	182.083	181.152	181.277	11273	0	25
2023.06.20	04:00:00	181.273	181.733	180.946	181.485	11720	0	25
2023.06.20	08:00:00	181.489	181.514	180.274	180.291	11525	0	25
2023.06.20	12:00:00	180.292	180.428	179.916	180.075	14145	0	25
2023.06.20	16:00:00	180.074	180.551	179.965	180.511	7606	0	25
2023.06.20	20:00:00	180.515	180.565	180.289	180.416	3821	0	25
2023.06.21	00:00:00	180.413	180.786	180.410	180.719	9050	0	25
2023.06.21	04:00:00	180.723	181.566	180.680	180.959	13508	0	25
2023.06.21	08:00:00	180.963	181.101	179.913	180.503	13437	0	25
2023.06.21	12:00:00	180.503	181.231	180.358	180.944	15622	0	25
2023.06.21	16:00:00	180.941	181.210	180.874	181.115	9161	0	25
2023.06.21	20:00:00	181.116	181.154	180.832	180.931	4051	0	25
2023.06.22	00:00:00	180.931	181.163	180.763	180.975	7271	0	25
2023.06.22	04:00:00	180.973	181.085	180.701	180.983	10813	0	25
2023.06.22	08:00:00	180.987	182.457	180.731	181.549	15759	0	25
2023.06.22	12:00:00	181.537	182.151	181.077	182.139	16836	0	25
2023.06.22	16:00:00	182.143	182.548	181.940	182.436	8185	0	25
2023.06.22	20:00:00	182.432	182.503	182.147	182.307	4560	0	25
2023.06.23	00:00:00	182.303	182.443	181.728	181.853	10474	0	25
2023.06.23	04:00:00	181.854	182.443	181.263	181.588	13820	0	25
2023.06.23	08:00:00	181.592	182.465	181.249	182.237	14011	0	25
2023.06.23	12:00:00	182.234	182.802	181.484	182.575	15932	0	25
2023.06.23	16:00:00	182.573	182.850	182.504	182.850	7993	0	25
2023.06.23	20:00:00	182.858	182.917	182.704	182.741	1091	0	63
2023.06.25	20:00:00	182.381	182.726	182.351	182.701	4019	0	25
2023.06.26	00:00:00	182.702	182.974	182.335	182.606	10428	0	25
2023.06.26	04:00:00	182.606	182.677	181.996	182.445	11717	0	25
2023.06.26	08:00:00	182.443	182.461	181.681	182.068	13131	0	25
2023.06.26	12:00:00	182.064	182.654	181.789	182.615	13844	0	25
2023.06.26	16:00:00	182.615	182.681	182.334	182.369	7624	0	25
2023.06.26	20:00:00	182.372	182.439	182.219	182.342	3143	0	25
2023.06.27	00:00:00	182.342	182.560	182.230	182.547	8914	0	25
2023.06.27	04:00:00	182.547	182.998	182.537	182.762	10397	0	25
2023.06.27	08:00:00	182.758	183.105	182.583	182.706	11867	0	25
2023.06.27	12:00:00	182.702	183.684	182.567	183.589	15404	0	25
2023.06.27	16:00:00	183.592	183.754	183.414	183.629	7679	0	25
2023.06.27	20:00:00	183.629	183.661	183.270	183.370	4295	0	25
2023.06.28	00:00:00	183.367	183.401	183.060	183.307	9689	0	25
2023.06.28	04:00:00	183.307	183.588	183.112	183.409	9859	0	25
2023.06.28	08:00:00	183.408	183.467	182.566	182.597	12929	0	25
2023.06.28	12:00:00	182.597	182.653	182.140	182.232	16269	0	25
2023.06.28	16:00:00	182.228	182.601	182.191	182.538	7655	0	25
2023.06.28	20:00:00	182.547	182.596	182.348	182.526	4100	0	25
2023.06.29	00:00:00	182.527	182.546	182.210	182.342	8889	0	25
2023.06.29	04:00:00	182.343	182.853	182.207	182.533	10865	0	25
2023.06.29	08:00:00	182.530	182.619	182.371	182.604	10946	0	25
2023.06.29	12:00:00	182.608	182.712	182.314	182.560	16451	0	25
2023.06.29	16:00:00	182.564	182.872	182.564	182.659	6982	0	25
2023.06.29	20:00:00	182.669	182.669	182.427	182.625	3282	0	25
2023.06.30	00:00:00	182.624	182.951	182.571	182.678	9837	0	25
2023.06.30	04:00:00	182.678	183.125	182.175	183.076	10125	0	25
2023.06.30	08:00:00	183.080	183.128	182.400	183.036	11666	0	25
2023.06.30	12:00:00	183.037	183.866	183.000	183.599	16386	0	25
2023.06.30	16:00:00	183.603	183.703	183.116	183.187	7782	0	25
2023.06.30	20:00:00	183.185	183.249	183.147	183.200	1162	0	63
2023.07.02	20:00:00	183.253	183.334	183.070	183.284	2830	0	25
2023.07.03	00:00:00	183.284	183.750	183.092	183.653	8277	0	25
2023.07.03	04:00:00	183.653	183.715	183.218	183.423	10402	0	25
2023.07.03	08:00:00	183.425	183.654	183.100	183.599	11085	0	25
2023.07.03	12:00:00	183.595	183.609	183.091	183.416	13978	0	25
2023.07.03	16:00:00	183.416	183.727	183.406	183.640	4953	0	25
2023.07.03	20:00:00	183.637	183.677	183.455	183.515	2347	0	25
2023.07.04	00:00:00	183.518	183.572	183.373	183.534	6348	0	25
2023.07.04	04:00:00	183.538	183.600	183.346	183.452	8273	0	25
2023.07.04	08:00:00	183.451	183.713	183.224	183.630	8233	0	25
2023.07.04	12:00:00	183.631	183.900	183.512	183.840	7629	0	25
2023.07.04	16:00:00	183.841	183.885	183.627	183.682	3236	0	25
2023.07.04	20:00:00	183.682	183.707	183.499	183.637	2854	0	25
2023.07.05	00:00:00	183.641	183.888	183.589	183.625	6062	0	25
2023.07.05	04:00:00	183.628	183.980	183.559	183.594	8700	0	25
2023.07.05	08:00:00	183.590	183.590	183.146	183.482	11199	0	25
2023.07.05	12:00:00	183.481	183.838	183.311	183.690	12832	0	25
2023.07.05	16:00:00	183.690	183.872	183.594	183.706	6746	0	25
2023.07.05	20:00:00	183.707	183.779	183.417	183.563	3702	0	25
2023.07.06	00:00:00	183.567	183.585	183.047	183.090	8044	0	25
2023.07.06	04:00:00	183.086	183.126	182.485	183.101	13115	0	25
2023.07.06	08:00:00	183.103	183.796	182.820	183.527	12954	0	25
2023.07.06	12:00:00	183.527	183.999	182.816	183.258	18898	0	25
2023.07.06	16:00:00	183.254	183.704	183.182	183.584	7442	0	25
2023.07.06	20:00:00	183.588	183.594	183.306	183.443	3163	0	25
2023.07.07	00:00:00	183.443	183.543	183.172	183.282	7606	0	25
2023.07.07	04:00:00	183.281	183.330	182.354	182.354	10849	0	25
2023.07.07	08:00:00	182.352	183.051	182.011	182.787	12827	0	25
2023.07.07	12:00:00	182.787	183.106	182.078	182.567	19761	0	25
2023.07.07	16:00:00	182.567	182.667	182.314	182.330	7299	0	25
2023.07.07	20:00:00	182.335	182.461	182.320	182.413	1027	0	63
2023.07.09	20:00:00	182.332	182.598	182.325	182.558	3583	0	25
2023.07.10	00:00:00	182.554	183.134	182.430	182.908	10253	0	25
2023.07.10	04:00:00	182.910	183.211	182.104	182.320	11240	0	25
2023.07.10	08:00:00	182.321	182.636	181.603	181.608	10264	0	25
2023.07.10	12:00:00	181.606	181.837	181.091	181.691	14129	0	25
2023.07.10	16:00:00	181.690	181.821	181.565	181.709	6383	0	25
2023.07.10	20:00:00	181.701	181.799	181.569	181.769	3595	0	25
2023.07.11	00:00:00	181.773	181.982	180.997	181.307	9934	0	25
2023.07.11	04:00:00	181.307	181.764	180.753	180.906	12743	0	25
2023.07.11	08:00:00	180.905	181.506	180.850	181.302	12600	0	25
2023.07.11	12:00:00	181.300	181.840	181.061	181.256	12474	0	25
2023.07.11	16:00:00	181.252	181.601	181.146	181.499	6399	0	25
2023.07.11	20:00:00	181.507	181.515	181.196	181.222	3681	0	25
2023.07.12	00:00:00	181.218	181.265	180.658	180.972	11983	0	25
2023.07.12	04:00:00	180.973	181.037	180.452	180.599	10902	0	25
2023.07.12	08:00:00	180.595	180.800	180.036	180.123	10391	0	25
2023.07.12	12:00:00	180.123	180.750	179.464	179.537	19110	0	25
2023.07.12	16:00:00	179.535	179.934	179.492	179.866	8352	0	25
2023.07.12	20:00:00	179.863	179.937	179.649	179.756	4688	0	25
2023.07.13	00:00:00	179.752	180.277	179.487	180.216	10582	0	25
2023.07.13	04:00:00	180.216	180.465	179.855	180.242	11734	0	25
2023.07.13	08:00:00	180.242	181.180	180.196	180.903	12284	0	20
2023.07.13	12:00:00	180.899	181.454	180.661	180.897	15366	0	25
2023.07.13	16:00:00	180.900	181.335	180.848	181.241	7835	0	25
2023.07.13	20:00:00	181.231	181.330	181.054	181.252	4561	0	25
2023.07.14	00:00:00	181.248	181.308	180.177	180.560	12203	0	25
2023.07.14	04:00:00	180.559	181.487	180.467	181.287	11713	0	25
2023.07.14	08:00:00	181.286	182.014	181.237	181.663	12323	0	25
2023.07.14	12:00:00	181.663	182.285	181.390	181.898	15688	0	25
2023.07.14	16:00:00	181.899	181.921	181.668	181.836	7167	0	25
2023.07.14	20:00:00	181.834	181.834	181.643	181.684	1011	0	63
2023.07.16	20:00:00	181.625	181.730	181.492	181.524	3171	0	25
2023.07.17	00:00:00	181.523	181.587	181.168	181.464	6945	0	25
2023.07.17	04:00:00	181.463	181.736	180.931	181.681	8481	0	25
2023.07.17	08:00:00	181.677	181.683	180.568	181.032	11277	0	25
2023.07.17	12:00:00	181.028	182.137	180.904	181.644	13896	0	25
2023.07.17	16:00:00	181.644	181.776	181.295	181.304	6144	0	25
2023.07.17	20:00:00	181.308	181.420	181.144	181.326	3492	0	25
2023.07.18	00:00:00	181.322	181.646	181.276	181.463	8780	0	25
2023.07.18	04:00:00	181.463	181.495	180.884	180.922	10525	0	25
2023.07.18	08:00:00	180.925	181.465	180.706	181.214	11975	0	25
2023.07.18	12:00:00	181.218	181.835	180.357	181.328	19873	0	25
2023.07.18	16:00:00	181.332	181.356	181.020	181.152	6922	0	25
2023.07.18	20:00:00	181.142	181.404	180.836	181.189	4216	0	25
2023.07.19	00:00:00	181.185	181.387	181.011	181.373	9581	0	25
2023.07.19	04:00:00	181.373	181.629	180.272	180.612	14363	0	25
2023.07.19	08:00:00	180.616	181.169	180.294	180.296	12706	0	25
2023.07.19	12:00:00	180.296	180.414	179.815	180.227	15556	0	25
2023.07.19	16:00:00	180.231	180.699	180.096	180.696	7252	0	25
2023.07.19	20:00:00	180.691	180.785	180.466	180.604	4172	0	25
2023.07.20	00:00:00	180.605	180.706	180.249	180.270	9777	0	25
2023.07.20	04:00:00	180.269	180.411	179.989	180.250	10154	0	25
2023.07.20	08:00:00	180.251	180.392	179.758	179.869	11728	0	25
2023.07.20	12:00:00	179.871	180.474	179.734	180.367	14121	0	25
2023.07.20	16:00:00	180.363	180.558	180.131	180.203	6752	0	25
2023.07.20	20:00:00	180.202	180.237	179.925	180.019	3597	0	25
2023.07.21	00:00:00	180.015	180.687	179.908	180.487	8390	0	25
2023.07.21	04:00:00	180.487	181.951	180.321	181.932	13469	0	25
2023.07.21	08:00:00	181.931	182.518	181.789	181.808	17454	0	25
2023.07.21	12:00:00	181.811	182.184	181.110	182.159	15008	0	25
2023.07.21	16:00:00	182.161	182.364	182.008	182.229	5912	0	25
2023.07.21	20:00:00	182.223	182.289	182.204	182.256	899	0	62
2023.07.23	20:00:00	182.023	182.195	181.969	182.178	2799	0	25
2023.07.24	00:00:00	182.174	182.332	181.737	181.878	8818	0	25
2023.07.24	04:00:00	181.874	182.280	181.516	181.698	10863	0	25
2023.07.24	08:00:00	181.702	181.924	181.006	181.203	14871	0	25
2023.07.24	12:00:00	181.207	181.285	180.756	181.086	14109	0	25
2023.07.24	16:00:00	181.084	181.541	181.073	181.361	6305	0	25
2023.07.24	20:00:00	181.360	181.456	181.211	181.334	3705	0	25
2023.07.25	00:00:00	181.334	181.543	181.191	181.391	8741	0	25
2023.07.25	04:00:00	181.392	182.003	181.343	181.755	9471	0	25
2023.07.25	08:00:00	181.756	181.867	181.358	181.387	11436	0	25
2023.07.25	12:00:00	181.384	181.530	181.145	181.405	13244	0	25
2023.07.25	16:00:00	181.401	181.910	181.303	181.810	6279	0	25
2023.07.25	20:00:00	181.809	181.858	181.618	181.676	3969	0	25
2023.07.26	00:00:00	181.674	181.856	181.633	181.716	7678	0	25
2023.07.26	04:00:00	181.716	181.934	181.264	181.501	10030	0	25
2023.07.26	08:00:00	181.498	181.574	180.906	181.219	11817	0	25
2023.07.26	12:00:00	181.222	181.623	180.949	181.538	12476	0	25
2023.07.26	16:00:00	181.537	181.629	181.208	181.509	12147	0	25
2023.07.26	20:00:00	181.508	181.698	181.301	181.448	4466	0	25
2023.07.27	00:00:00	181.448	181.711	180.809	181.230	10301	0	25
2023.07.27	04:00:00	181.230	181.732	181.226	181.726	11722	0	25
2023.07.27	08:00:00	181.725	181.916	181.445	181.663	11759	0	25
2023.07.27	12:00:00	181.659	181.753	180.836	181.470	19253	0	25
2023.07.27	16:00:00	181.466	181.500	177.409	177.747	21023	0	24
2023.07.27	20:00:00	177.753	178.538	177.498	177.652	7702	0	25
2023.07.28	00:00:00	177.655	180.522	177.294	178.714	43144	0	25
2023.07.28	04:00:00	178.715	178.894	176.294	178.566	40218	0	25
2023.07.28	08:00:00	178.570	179.273	178.468	179.237	16803	0	25
2023.07.28	12:00:00	179.232	181.130	179.150	181.049	19883	0	25
2023.07.28	16:00:00	181.049	181.482	181.005	181.365	8626	0	25
2023.07.28	20:00:00	181.366	181.414	181.308	181.376	1254	0	62
2023.07.30	20:00:00	181.109	181.259	180.868	180.911	4596	0	25
2023.07.31	00:00:00	180.908	182.296	180.868	182.134	14612	0	25
2023.07.31	04:00:00	182.133	182.903	182.043	182.772	13012	0	25
2023.07.31	08:00:00	182.776	183.182	182.496	182.875	12136	0	25
2023.07.31	12:00:00	182.871	183.109	182.571	182.772	15524	0	25
2023.07.31	16:00:00	182.768	182.860	182.527	182.560	7173	0	25
2023.07.31	20:00:00	182.561	182.773	182.476	182.619	3672	0	25
2023.08.01	00:00:00	182.618	183.082	182.588	182.925	11273	0	25
2023.08.01	04:00:00	182.926	183.194	182.866	182.926	11554	0	25
2023.08.01	08:00:00	182.924	183.170	182.593	182.778	11254	0	25
2023.08.01	12:00:00	182.782	183.244	182.577	182.713	16012	0	25
2023.08.01	16:00:00	182.717	183.193	182.610	183.141	6611	0	25
2023.08.01	20:00:00	183.134	183.176	182.487	182.906	6239	0	25
2023.08.02	00:00:00	182.910	183.125	182.717	182.857	11273	0	25
2023.08.02	04:00:00	182.858	182.931	182.090	182.460	13962	0	25
2023.08.02	08:00:00	182.464	182.597	181.924	182.260	12915	0	25
2023.08.02	12:00:00	182.258	182.515	181.748	182.023	16916	0	25
2023.08.02	16:00:00	182.026	182.347	181.970	182.265	8125	0	25
2023.08.02	20:00:00	182.261	182.344	182.013	182.328	3947	0	25
2023.08.03	00:00:00	182.327	182.391	182.075	182.185	10479	0	25
2023.08.03	04:00:00	182.182	182.756	181.298	181.315	17344	0	25
2023.08.03	08:00:00	181.311	181.684	180.419	180.760	18235	0	25
2023.08.03	12:00:00	180.760	181.113	180.525	180.967	20132	0	25
2023.08.03	16:00:00	180.971	181.402	180.877	181.067	7726	0	25
2023.08.03	20:00:00	181.066	181.378	181.003	181.323	4317	0	25
2023.08.04	00:00:00	181.323	181.733	181.221	181.489	11554	0	25
2023.08.04	04:00:00	181.493	181.509	181.019	181.243	10871	0	25
2023.08.04	08:00:00	181.239	181.425	181.052	181.152	9918	0	25
2023.08.04	12:00:00	181.152	181.431	180.731	181.112	18600	0	25
2023.08.04	16:00:00	181.111	181.439	180.671	180.693	8344	0	25
2023.08.04	20:00:00	180.704	180.746	180.629	180.698	1227	0	62
2023.08.06	20:00:00	180.582	180.967	180.545	180.857	3909	0	25
2023.08.07	00:00:00	180.855	181.130	180.574	181.093	9321	0	25
2023.08.07	04:00:00	181.094	181.217	180.753	181.096	10240	0	25
2023.08.07	08:00:00	181.097	181.344	180.929	181.190	9732	0	25
2023.08.07	12:00:00	181.186	181.902	181.179	181.850	11332	0	25
2023.08.07	16:00:00	181.851	182.180	181.845	182.137	6438	0	25
2023.08.07	20:00:00	182.137	182.203	181.949	182.166	3299	0	25
2023.08.08	00:00:00	182.173	182.918	182.173	182.813	9547	0	25
2023.08.08	04:00:00	182.813	182.947	182.183	182.509	10868	0	25
2023.08.08	08:00:00	182.509	182.609	181.567	181.720	12111	0	25
2023.08.08	12:00:00	181.719	182.339	181.377	182.204	13686	0	25
2023.08.08	16:00:00	182.206	182.894	182.204	182.790	6612	0	25
2023.08.08	20:00:00	182.782	182.810	182.451	182.558	4463	0	25
2023.08.09	00:00:00	182.554	182.813	182.425	182.640	7933	0	25
2023.08.09	04:00:00	182.640	182.926	182.523	182.926	8468	0	25
2023.08.09	08:00:00	182.926	182.994	182.371	182.652	9220	0	25
2023.08.09	12:00:00	182.656	183.007	182.362	182.547	12457	0	25
2023.08.09	16:00:00	182.547	182.929	182.494	182.778	6748	0	25
2023.08.09	20:00:00	182.779	182.835	182.612	182.798	3365	0	25
2023.08.10	00:00:00	182.792	182.957	182.691	182.909	7385	0	25
2023.08.10	04:00:00	182.909	183.494	182.899	183.275	8936	0	25
2023.08.10	08:00:00	183.272	183.743	183.217	183.508	9320	0	25
2023.08.10	12:00:00	183.506	184.234	183.377	183.731	18967	0	25
2023.08.10	16:00:00	183.730	183.779	183.289	183.500	10907	0	25
2023.08.10	20:00:00	183.505	183.563	183.293	183.521	3829	0	25
2023.08.11	00:00:00	183.521	183.673	183.497	183.520	6146	0	25
2023.08.11	04:00:00	183.520	184.109	183.439	183.737	9112	0	25
2023.08.11	08:00:00	183.737	184.026	183.549	183.958	9860	0	25
2023.08.11	12:00:00	183.958	184.233	183.625	183.970	15375	0	25
2023.08.11	16:00:00	183.966	184.067	183.866	184.039	6932	0	25
2023.08.11	20:00:00	184.046	184.061	184.005	184.013	961	0	63
2023.08.13	20:00:00	183.926	184.076	183.793	183.868	3123	0	25
2023.08.14	00:00:00	183.868	184.191	183.456	183.603	10256	0	25
2023.08.14	04:00:00	183.600	183.846	183.456	183.791	9518	0	25
2023.08.14	08:00:00	183.789	184.319	183.733	184.129	10406	0	25
2023.08.14	12:00:00	184.128	184.445	183.628	184.369	14034	0	25
2023.08.14	16:00:00	184.369	184.530	184.273	184.414	6740	0	25
2023.08.14	20:00:00	184.404	184.727	184.378	184.486	3384	0	25
2023.08.15	00:00:00	184.485	184.651	184.338	184.605	8008	0	25
2023.08.15	04:00:00	184.605	185.258	184.375	185.042	10833	0	25
2023.08.15	08:00:00	185.045	185.296	184.792	184.909	11858	0	25
2023.08.15	12:00:00	184.911	185.284	184.831	185.262	15275	0	25
2023.08.15	16:00:00	185.266	185.318	184.810	184.859	7105	0	25
2023.08.15	20:00:00	184.858	184.971	184.738	184.930	3643	0	25
2023.08.16	00:00:00	184.934	184.957	184.699	184.740	7918	0	25
2023.08.16	04:00:00	184.743	185.357	184.688	185.207	9102	0	25
2023.08.16	08:00:00	185.211	185.792	185.182	185.699	9724	0	25
2023.08.16	12:00:00	185.700	186.014	185.479	185.863	12343	0	25
2023.08.16	16:00:00	185.863	186.303	185.692	186.144	9482	0	25
2023.08.16	20:00:00	186.147	186.319	185.983	186.243	3859	0	25
2023.08.17	00:00:00	186.240	186.398	186.108	186.150	8072	0	25
2023.08.17	04:00:00	186.150	186.459	186.094	186.203	8462	0	25
2023.08.17	08:00:00	186.203	186.282	185.765	186.094	11723	0	25
2023.08.17	12:00:00	186.098	186.369	185.923	186.354	13738	0	25
2023.08.17	16:00:00	186.357	186.459	185.560	185.700	8453	0	25
2023.08.17	20:00:00	185.690	185.906	185.582	185.733	3737	0	25
2023.08.18	00:00:00	185.728	185.880	185.275	185.353	8936	0	25
2023.08.18	04:00:00	185.354	185.428	184.539	184.718	10413	0	25
2023.08.18	08:00:00	184.722	185.355	184.640	184.667	11462	0	25
2023.08.18	12:00:00	184.664	185.292	184.658	184.866	14456	0	25
2023.08.18	16:00:00	184.864	185.215	184.803	185.095	7865	0	25
2023.08.18	20:00:00	185.090	185.153	184.969	185.112	1234	0	64
2023.08.20	20:00:00	184.963	185.164	184.943	185.157	2855	0	25
2023.08.21	00:00:00	185.155	185.459	184.882	185.205	7941	0	25
2023.08.21	04:00:00	185.205	185.310	184.996	185.145	8504	0	25
2023.08.21	08:00:00	185.141	186.139	185.002	186.072	10017	0	25
2023.08.21	12:00:00	186.072	186.385	186.010	186.260	12775	0	25
2023.08.21	16:00:00	186.261	186.650	186.224	186.542	6255	0	25
2023.08.21	20:00:00	186.532	186.615	186.344	186.597	3161	0	25
2023.08.22	00:00:00	186.602	186.750	186.323	186.504	8170	0	25
2023.08.22	04:00:00	186.506	186.689	186.377	186.513	8728	0	25
2023.08.22	08:00:00	186.509	186.531	185.912	186.094	10063	0	25
2023.08.22	12:00:00	186.098	186.157	185.577	185.602	12757	0	25
2023.08.22	16:00:00	185.598	185.848	185.521	185.683	5986	0	25
2023.08.22	20:00:00	185.681	185.787	185.501	185.590	3179	0	25
2023.08.23	00:00:00	185.584	185.673	185.392	185.662	7087	0	25
2023.08.23	04:00:00	185.662	185.934	184.783	184.932	9711	0	25
2023.08.23	08:00:00	184.934	185.154	183.494	183.662	14862	0	25
2023.08.23	12:00:00	183.662	183.890	183.366	183.856	16242	0	25
2023.08.23	16:00:00	183.857	184.353	183.831	184.217	7245	0	25
2023.08.23	20:00:00	184.217	184.365	183.907	184.002	5315	0	25
2023.08.24	00:00:00	184.002	184.453	183.986	184.337	8173	0	25
2023.08.24	04:00:00	184.337	184.759	184.169	184.567	9286	0	25
2023.08.24	08:00:00	184.570	184.670	184.178	184.337	9531	0	25
2023.08.24	12:00:00	184.339	184.501	183.959	184.076	13309	0	25
2023.08.24	16:00:00	184.080	184.234	183.616	183.617	7328	0	25
2023.08.24	20:00:00	183.614	183.906	183.576	183.880	4460	0	25
2023.08.25	00:00:00	183.879	183.986	183.328	183.539	7980	0	25
2023.08.25	04:00:00	183.541	183.813	183.374	183.635	9065	0	25
2023.08.25	08:00:00	183.635	184.238	183.540	184.150	9200	0	25
2023.08.25	12:00:00	184.146	184.375	183.702	183.951	15999	0	25
2023.08.25	16:00:00	183.947	184.396	183.936	184.206	8441	0	25
2023.08.25	20:00:00	184.204	184.228	184.112	184.136	1378	0	64
2023.08.27	20:00:00	184.151	184.511	184.082	184.481	3186	0	25
2023.08.28	00:00:00	184.480	184.633	184.432	184.528	7349	0	25
2023.08.28	04:00:00	184.528	184.588	184.228	184.268	7272	0	25
2023.08.28	08:00:00	184.269	184.499	184.171	184.449	7614	0	25
2023.08.28	12:00:00	184.453	184.586	184.243	184.317	10693	0	25
2023.08.28	16:00:00	184.320	184.697	184.295	184.636	6171	0	25
2023.08.28	20:00:00	184.630	184.722	184.460	184.694	3403	0	25
2023.08.29	00:00:00	184.692	184.892	184.568	184.867	6505	0	25
2023.08.29	04:00:00	184.867	184.978	184.609	184.695	7333	0	25
2023.08.29	08:00:00	184.696	185.233	184.602	185.199	10263	0	25
2023.08.29	12:00:00	185.202	185.254	184.090	184.134	16491	0	25
2023.08.29	16:00:00	184.130	184.460	184.061	184.435	8501	0	25
2023.08.29	20:00:00	184.429	184.501	184.246	184.451	4004	0	25
2023.08.30	00:00:00	184.451	184.691	184.390	184.600	7136	0	25
2023.08.30	04:00:00	184.600	185.210	184.435	185.067	8900	0	25
2023.08.30	08:00:00	185.063	185.369	184.933	185.217	10648	0	25
2023.08.30	12:00:00	185.214	185.720	185.128	185.687	15705	0	25
2023.08.30	16:00:00	185.683	186.012	185.652	185.988	7436	0	25
2023.08.30	20:00:00	185.987	186.055	185.663	185.684	4024	0	25
2023.08.31	00:00:00	185.680	185.802	185.411	185.638	6837	0	25
2023.08.31	04:00:00	185.642	185.755	185.164	185.427	8353	0	25
2023.08.31	08:00:00	185.431	185.451	184.709	184.897	11076	0	25
2023.08.31	12:00:00	184.896	185.307	184.346	184.508	16178	0	25
2023.08.31	16:00:00	184.505	184.509	184.072	184.236	7164	0	25
2023.08.31	20:00:00	184.233	184.442	184.223	184.339	3968	0	25
2023.09.01	00:00:00	184.338	184.473	184.085	184.138	7275	0	25
2023.09.01	04:00:00	184.138	184.542	184.015	184.444	7977	0	25
2023.09.01	08:00:00	184.445	184.506	183.972	184.002	8102	0	25
2023.09.01	12:00:00	184.004	184.357	183.532	184.083	17522	0	25
2023.09.01	16:00:00	184.083	184.178	183.877	183.970	6418	0	25
2023.09.01	20:00:00	183.974	184.129	183.937	184.055	1048	0	63
2023.09.03	20:00:00	183.973	184.046	183.836	183.905	2413	0	25
2023.09.04	00:00:00	183.905	184.228	183.868	184.195	6002	0	25
2023.09.04	04:00:00	184.195	184.901	184.189	184.770	6702	0	25
2023.09.04	08:00:00	184.768	185.000	184.719	184.852	7614	0	25
2023.09.04	12:00:00	184.855	185.073	184.726	184.883	6596	0	25
2023.09.04	16:00:00	184.883	185.046	184.867	184.966	1938	0	25
2023.09.04	20:00:00	184.966	185.053	184.744	184.962	2234	0	25
2023.09.05	00:00:00	184.962	185.161	184.954	185.147	6038	0	25
2023.09.05	04:00:00	185.147	185.290	184.525	184.553	8870	0	25
2023.09.05	08:00:00	184.556	185.022	184.065	184.897	10630	0	25
2023.09.05	12:00:00	184.898	185.728	184.843	185.720	14164	0	25
2023.09.05	16:00:00	185.724	185.771	185.535	185.543	5833	0	25
2023.09.05	20:00:00	185.543	185.615	185.266	185.345	3667	0	25
2023.09.06	00:00:00	185.345	185.594	185.243	185.494	7118	0	25
2023.09.06	04:00:00	185.494	185.494	184.920	185.007	9666	0	25
2023.09.06	08:00:00	185.009	185.278	184.860	185.162	9834	0	25
2023.09.06	12:00:00	185.162	185.162	184.196	184.517	14447	0	25
2023.09.06	16:00:00	184.525	184.774	184.455	184.647	6343	0	25
2023.09.06	20:00:00	184.645	184.695	184.432	184.610	3745	0	25
2023.09.07	00:00:00	184.612	184.760	184.386	184.514	6758	0	25
2023.09.07	04:00:00	184.510	184.544	183.756	183.889	9180	0	25
2023.09.07	08:00:00	183.888	184.154	183.495	183.514	9692	0	25
2023.09.07	12:00:00	183.514	183.834	183.367	183.673	13419	0	25
2023.09.07	16:00:00	183.676	183.747	183.421	183.572	6039	0	25
2023.09.07	20:00:00	183.573	183.825	183.561	183.795	2836	0	25
2023.09.08	00:00:00	183.791	184.105	183.018	183.972	10107	0	25
2023.09.08	04:00:00	183.974	184.169	183.730	184.138	8286	0	25
2023.09.08	08:00:00	184.138	184.247	183.735	184.051	10072	0	25
2023.09.08	12:00:00	184.050	184.454	183.883	184.234	12247	0	25
2023.09.08	16:00:00	184.235	184.265	184.008	184.120	6010	0	25
2023.09.08	20:00:00	184.123	184.217	184.109	184.212	1172	0	63
2023.09.10	20:00:00	183.372	183.777	182.980	183.729	4780	0	25
2023.09.11	00:00:00	183.729	183.766	182.928	183.089	10845	0	25
2023.09.11	04:00:00	183.090	183.374	182.667	183.042	13734	0	25
2023.09.11	08:00:00	183.044	183.897	182.950	183.670	10900	0	25
2023.09.11	12:00:00	183.666	183.757	183.204	183.464	12819	0	25
2023.09.11	16:00:00	183.468	183.570	183.232	183.316	6807	0	25
2023.09.11	20:00:00	183.313	183.477	183.171	183.446	3329	0	25
2023.09.12	00:00:00	183.448	183.626	183.227	183.583	8296	0	25
2023.09.12	04:00:00	183.583	183.895	183.186	183.286	9847	0	25
2023.09.12	08:00:00	183.288	183.288	182.939	183.177	9319	0	25
2023.09.12	12:00:00	183.176	183.631	183.160	183.535	11331	0	25
2023.09.12	16:00:00	183.539	183.795	183.538	183.769	5669	0	25
2023.09.12	20:00:00	183.766	183.820	183.599	183.811	3389	0	25
2023.09.13	00:00:00	183.809	184.230	183.809	184.012	7862	0	25
2023.09.13	04:00:00	184.012	184.178	183.180	183.610	9737	0	25
2023.09.13	08:00:00	183.609	183.930	183.564	183.836	10159	0	25
2023.09.13	12:00:00	183.834	184.379	183.575	184.128	15640	0	25
2023.09.13	16:00:00	184.132	184.204	183.996	184.101	7465	0	25
2023.09.13	20:00:00	184.106	184.192	183.886	184.000	4362	0	25
2023.09.14	00:00:00	184.005	184.052	183.689	183.808	7402	0	25
2023.09.14	04:00:00	183.808	183.981	183.695	183.886	7217	0	25
2023.09.14	08:00:00	183.883	184.059	183.546	183.808	8877	0	25
2023.09.14	12:00:00	183.810	183.901	182.548	182.598	17025	0	25
2023.09.14	16:00:00	182.601	182.961	182.507	182.893	6947	0	25
2023.09.14	20:00:00	182.902	183.004	182.856	182.858	3338	0	25
2023.09.15	00:00:00	182.856	183.176	182.765	183.176	7294	0	25
2023.09.15	04:00:00	183.177	183.730	183.069	183.730	9499	0	25
2023.09.15	08:00:00	183.730	183.901	183.307	183.345	8562	0	25
2023.09.15	12:00:00	183.348	183.514	183.089	183.141	12654	0	25
2023.09.15	16:00:00	183.142	183.366	183.016	183.081	6287	0	25
2023.09.15	20:00:00	183.081	183.104	183.024	183.044	1063	0	63
2023.09.17	20:00:00	182.928	183.313	182.866	183.299	2401	0	25
2023.09.18	00:00:00	183.301	183.334	183.000	183.002	5606	0	25
2023.09.18	04:00:00	183.001	183.098	182.733	182.858	6718	0	25
2023.09.18	08:00:00	182.857	183.222	182.711	182.789	7481	0	25
2023.09.18	12:00:00	182.793	183.100	182.746	183.067	10245	0	25
2023.09.18	16:00:00	183.065	183.094	182.723	182.740	5152	0	25
2023.09.18	20:00:00	182.741	182.828	182.640	182.782	3089	0	25
2023.09.19	00:00:00	182.782	182.941	182.720	182.891	5784	0	25
2023.09.19	04:00:00	182.891	183.092	182.829	182.917	6997	0	25
2023.09.19	08:00:00	182.913	183.303	182.711	183.302	8242	0	25
2023.09.19	12:00:00	183.306	183.478	182.959	183.123	10484	0	25
2023.09.19	16:00:00	183.124	183.290	183.062	183.237	5118	0	25
2023.09.19	20:00:00	183.232	183.234	182.994	183.110	3349	0	25
2023.09.20	00:00:00	183.109	183.170	182.995	183.078	5693	0	25
2023.09.20	04:00:00	183.077	183.290	182.423	183.099	9800	0	25
2023.09.20	08:00:00	183.101	183.205	182.730	182.887	8893	0	25
2023.09.20	12:00:00	182.890	183.337	182.853	182.994	10344	0	25
2023.09.20	16:00:00	182.997	183.238	182.774	182.822	12879	0	25
2023.09.20	20:00:00	182.825	183.120	182.765	182.825	4926	0	25
2023.09.21	00:00:00	182.823	182.938	182.372	182.705	7847	0	25
2023.09.21	04:00:00	182.706	182.855	182.359	182.545	8605	0	25
2023.09.21	08:00:00	182.537	182.648	180.796	181.515	13625	0	25
2023.09.21	12:00:00	181.513	181.641	181.102	181.276	14264	0	25
2023.09.21	16:00:00	181.272	181.527	181.212	181.373	6815	0	25
2023.09.21	20:00:00	181.370	181.514	181.266	181.492	3830	0	25
2023.09.22	00:00:00	181.496	181.947	181.199	181.848	11082	0	25
2023.09.22	04:00:00	181.852	182.296	181.670	181.851	11743	0	25
2023.09.22	08:00:00	181.852	181.951	181.309	181.676	10412	0	25
2023.09.22	12:00:00	181.677	182.046	181.539	181.654	11921	0	25
2023.09.22	16:00:00	181.654	181.765	181.470	181.582	6273	0	25
2023.09.22	20:00:00	181.585	181.635	181.519	181.562	862	0	62
2023.09.24	20:00:00	181.590	181.721	181.399	181.692	3784	0	25
2023.09.25	00:00:00	181.691	181.811	181.545	181.579	5973	0	25
2023.09.25	04:00:00	181.578	181.812	181.481	181.705	6615	0	25
2023.09.25	08:00:00	181.709	181.947	181.401	181.681	9017	0	25
2023.09.25	12:00:00	181.683	181.792	181.504	181.692	11507	0	25
2023.09.25	16:00:00	181.693	181.837	181.617	181.708	5443	0	25
2023.09.25	20:00:00	181.702	181.795	181.604	181.744	3280	0	25
2023.09.26	00:00:00	181.744	181.802	181.519	181.577	6782	0	25
2023.09.26	04:00:00	181.577	181.722	181.123	181.218	8506	0	25
2023.09.26	08:00:00	181.217	181.543	181.113	181.295	9791	0	25
2023.09.26	12:00:00	181.299	181.533	181.038	181.136	11212	0	25
2023.09.26	16:00:00	181.140	181.305	181.044	181.130	5832	0	25
2023.09.26	20:00:00	181.139	181.226	180.962	181.030	3461	0	25
2023.09.27	00:00:00	181.036	181.088	180.878	180.924	6641	0	25
2023.09.27	04:00:00	180.924	181.213	180.922	181.033	7437	0	25
2023.09.27	08:00:00	181.032	181.311	180.972	181.078	8795	0	25
2023.09.27	12:00:00	181.078	181.535	181.036	181.325	12202	0	25
2023.09.27	16:00:00	181.325	181.667	181.155	181.564	9612	0	25
2023.09.27	20:00:00	181.554	181.581	181.242	181.407	3898	0	25
2023.09.28	00:00:00	181.410	181.566	181.232	181.348	6429	0	25
2023.09.28	04:00:00	181.348	181.579	181.049	181.450	8163	0	25
2023.09.28	08:00:00	181.453	182.351	181.404	182.282	9617	0	25
2023.09.28	12:00:00	182.281	182.414	181.879	182.306	13561	0	25
2023.09.28	16:00:00	182.310	182.368	181.937	182.021	7667	0	25
2023.09.28	20:00:00	182.029	182.286	182.013	182.246	3432	0	25
2023.09.29	00:00:00	182.241	182.653	182.197	182.528	6156	0	25
2023.09.29	04:00:00	182.528	182.653	181.896	182.129	10073	0	25
2023.09.29	08:00:00	182.129	183.012	182.087	182.881	11269	0	25
2023.09.29	12:00:00	182.878	182.941	181.882	182.476	15063	0	25
2023.09.29	16:00:00	182.476	182.569	182.100	182.277	9405	0	25
2023.09.29	20:00:00	182.286	182.339	182.203	182.213	1222	0	62
2023.10.01	20:00:00	182.243	182.392	181.976	182.312	3922	0	25
2023.10.02	00:00:00	182.312	182.621	182.191	182.576	5737	0	25
2023.10.02	04:00:00	182.578	182.807	182.187	182.594	7632	0	25
2023.10.02	08:00:00	182.597	182.631	181.864	181.958	9302	0	25
2023.10.02	12:00:00	181.958	182.217	181.519	181.671	12535	0	25
2023.10.02	16:00:00	181.669	181.682	181.108	181.110	7582	0	25
2023.10.02	20:00:00	181.113	181.199	180.943	181.176	3049	0	25
2023.10.03	00:00:00	181.179	181.182	180.892	180.986	6497	0	25
2023.10.03	04:00:00	180.986	181.035	180.581	180.991	8401	0	25
2023.10.03	08:00:00	180.987	181.193	180.663	180.945	9676	0	25
2023.10.03	12:00:00	180.944	181.363	178.056	179.976	35762	0	25
2023.10.03	16:00:00	179.976	180.181	179.621	179.652	9903	0	25
2023.10.03	20:00:00	179.653	180.192	179.640	180.163	5276	0	25
2023.10.04	00:00:00	180.163	180.273	179.932	180.061	7908	0	25
2023.10.04	04:00:00	180.059	180.311	179.557	179.849	9204	0	25
2023.10.04	08:00:00	179.848	181.005	179.843	180.576	11183	0	25
2023.10.04	12:00:00	180.572	181.248	180.405	180.889	15324	0	25
2023.10.04	16:00:00	180.888	181.127	180.798	181.082	8726	0	25
2023.10.04	20:00:00	181.073	181.078	180.648	180.793	3850	0	26
2023.10.05	00:00:00	180.796	180.808	180.283	180.579	9365	0	25
2023.10.05	04:00:00	180.578	180.923	180.467	180.812	8304	0	25
2023.10.05	08:00:00	180.811	180.926	180.436	180.800	9844	0	25
2023.10.05	12:00:00	180.797	180.939	180.464	180.686	14826	0	25
2023.10.05	16:00:00	180.687	181.017	180.584	180.989	8478	0	25
2023.10.05	20:00:00	180.994	181.058	180.831	180.937	2939	0	25
2023.10.06	00:00:00	180.937	181.157	180.835	181.107	7483	0	25
2023.10.06	04:00:00	181.107	181.723	181.077	181.692	7631	0	25
2023.10.06	08:00:00	181.690	182.068	181.563	182.013	9576	0	25
2023.10.06	12:00:00	182.014	182.750	180.950	182.668	19986	0	25
2023.10.06	16:00:00	182.664	182.969	182.528	182.787	9505	0	25
2023.10.06	20:00:00	182.788	182.789	182.586	182.654	1095	0	63
2023.10.08	20:00:00	181.832	182.292	181.726	182.246	4568	0	25
2023.10.09	00:00:00	182.243	182.305	181.932	181.934	6471	0	25
2023.10.09	04:00:00	181.933	182.192	181.509	181.536	8885	0	25
2023.10.09	08:00:00	181.534	181.762	181.428	181.497	8637	0	25
2023.10.09	12:00:00	181.494	181.902	181.247	181.465	11657	0	25
2023.10.09	16:00:00	181.464	181.845	181.379	181.703	7232	0	25
2023.10.09	20:00:00	181.702	181.793	181.518	181.690	4044	0	25
2023.10.10	00:00:00	181.691	182.028	181.536	181.851	9179	0	25
2023.10.10	04:00:00	181.851	182.248	181.551	182.180	10780	0	25
2023.10.10	08:00:00	182.182	182.777	182.135	182.442	11929	0	25
2023.10.10	12:00:00	182.446	182.681	182.340	182.596	12861	0	25
2023.10.10	16:00:00	182.598	182.681	182.318	182.626	8737	0	25
2023.10.10	20:00:00	182.622	182.723	182.485	182.644	3033	0	25
2023.10.11	00:00:00	182.644	182.968	182.588	182.926	6926	0	25
2023.10.11	04:00:00	182.924	183.111	182.515	182.616	8287	0	25
2023.10.11	08:00:00	182.612	182.932	182.478	182.905	10349	0	25
2023.10.11	12:00:00	182.904	183.737	182.873	183.290	14180	0	25
2023.10.11	16:00:00	183.292	183.696	183.173	183.620	8528	0	25
2023.10.11	20:00:00	183.619	183.709	183.398	183.532	3303	0	25
2023.10.12	00:00:00	183.531	183.807	183.509	183.687	6614	0	25
2023.10.12	04:00:00	183.684	183.772	183.366	183.409	7804	0	25
2023.10.12	08:00:00	183.408	183.636	183.263	183.634	8610	0	25
2023.10.12	12:00:00	183.634	183.637	182.698	182.820	15510	0	25
2023.10.12	16:00:00	182.821	182.983	182.323	182.376	8634	0	25
2023.10.12	20:00:00	182.376	182.484	182.244	182.470	3161	0	25
2023.10.13	00:00:00	182.470	182.816	182.442	182.750	5780	0	25
2023.10.13	04:00:00	182.750	182.935	182.410	182.736	7946	0	25
2023.10.13	08:00:00	182.735	182.902	181.909	182.286	10698	0	25
2023.10.13	12:00:00	182.284	182.357	181.502	181.570	13335	0	25
2023.10.13	16:00:00	181.573	181.677	181.261	181.476	8317	0	25
2023.10.13	20:00:00	181.476	181.606	181.434	181.582	1026	0	62
2023.10.15	20:00:00	181.243	181.808	181.243	181.776	3748	0	25
2023.10.16	00:00:00	181.776	181.788	181.538	181.693	5973	0	25
2023.10.16	04:00:00	181.693	182.159	181.657	182.100	7807	0	25
2023.10.16	08:00:00	182.092	182.135	181.521	182.071	9399	0	25
2023.10.16	12:00:00	182.074	182.484	181.822	182.415	11660	0	25
2023.10.16	16:00:00	182.411	182.728	182.329	182.647	5624	0	25
2023.10.16	20:00:00	182.645	182.691	182.446	182.653	3246	0	25
2023.10.17	00:00:00	182.651	182.721	182.356	182.477	5578	0	25
2023.10.17	04:00:00	182.477	182.480	182.024	182.147	7073	0	25
2023.10.17	08:00:00	182.143	182.183	181.024	182.100	13599	0	25
2023.10.17	12:00:00	182.100	182.700	181.688	182.697	14125	0	25
2023.10.17	16:00:00	182.697	182.793	182.321	182.472	7291	0	25
2023.10.17	20:00:00	182.463	182.515	182.291	182.375	3282	0	25
2023.10.18	00:00:00	182.373	182.386	182.061	182.220	6096	0	25
2023.10.18	04:00:00	182.220	182.729	182.215	182.526	8149	0	25
2023.10.18	08:00:00	182.526	182.800	182.259	182.435	9791	0	25
2023.10.18	12:00:00	182.435	182.648	181.843	182.049	12528	0	25
2023.10.18	16:00:00	182.053	182.319	181.883	181.924	8795	0	25
2023.10.18	20:00:00	181.927	182.005	181.748	181.828	3427	0	25
2023.10.19	00:00:00	181.832	181.898	181.646	181.670	6451	0	25
2023.10.19	04:00:00	181.671	181.882	181.383	181.511	7579	0	25
2023.10.19	08:00:00	181.512	181.660	181.165	181.634	9344	0	25
2023.10.19	12:00:00	181.632	182.144	181.594	182.039	11892	0	25
2023.10.19	16:00:00	182.036	182.510	181.832	181.962	15021	0	25
2023.10.19	20:00:00	181.960	181.969	181.713	181.784	3548	0	25
2023.10.20	00:00:00	181.784	181.952	181.621	181.868	6380	0	25
2023.10.20	04:00:00	181.872	181.905	181.289	181.505	8064	0	25
2023.10.20	08:00:00	181.506	182.107	181.299	182.030	10195	0	25
2023.10.20	12:00:00	182.030	182.295	181.774	182.058	12651	0	25
2023.10.20	16:00:00	182.062	182.361	181.861	182.220	8215	0	25
2023.10.20	20:00:00	182.216	182.289	182.173	182.269	855	0	62
2023.10.22	20:00:00	182.149	182.313	182.043	182.300	2219	0	25
2023.10.23	00:00:00	182.296	182.296	182.112	182.136	4569	0	25
2023.10.23	04:00:00	182.132	182.461	182.076	182.392	6591	0	25
2023.10.23	08:00:00	182.392	182.616	182.091	182.454	9406	0	25
2023.10.23	12:00:00	182.452	183.269	182.180	183.219	11994	0	25
2023.10.23	16:00:00	183.217	183.413	183.011	183.208	8103	0	25
2023.10.23	20:00:00	183.206	183.462	183.120	183.453	3116	0	25
2023.10.24	00:00:00	183.450	183.543	183.257	183.498	6509	0	25
2023.10.24	04:00:00	183.498	183.742	183.188	183.301	8340	0	25
2023.10.24	08:00:00	183.297	183.403	182.895	182.981	10331	0	25
2023.10.24	12:00:00	182.982	183.037	182.239	182.321	12420	0	25
2023.10.24	16:00:00	182.320	182.367	182.042	182.283	6730	0	25
2023.10.24	20:00:00	182.277	182.322	182.096	182.248	2964	0	25
2023.10.25	00:00:00	182.249	182.400	182.241	182.372	5059	0	25
2023.10.25	04:00:00	182.372	182.442	181.937	181.992	6031	0	25
2023.10.25	08:00:00	181.992	182.103	181.622	181.676	7846	0	25
2023.10.25	12:00:00	181.679	182.211	181.655	181.981	11538	0	25
2023.10.25	16:00:00	181.979	182.022	181.631	181.725	8370	0	25
2023.10.25	20:00:00	181.728	181.975	181.533	181.641	4036	0	25
2023.10.26	00:00:00	181.644	181.813	181.496	181.705	6369	0	25
2023.10.26	04:00:00	181.705	182.099	181.167	181.904	10089	0	25
2023.10.26	08:00:00	181.905	181.950	181.403	181.797	8655	0	25
2023.10.26	12:00:00	181.793	182.344	181.704	182.199	14354	0	25
2023.10.26	16:00:00	182.196	182.571	181.919	182.275	8403	0	25
2023.10.26	20:00:00	182.284	182.494	182.227	182.479	2930	0	25
2023.10.27	00:00:00	182.475	182.494	182.184	182.265	5579	0	25
2023.10.27	04:00:00	182.263	182.342	181.896	181.966	7164	0	25
2023.10.27	08:00:00	181.964	182.164	181.681	181.726	7724	0	25
2023.10.27	12:00:00	181.725	182.016	181.517	181.765	13397	0	25
2023.10.27	16:00:00	181.765	181.838	181.034	181.231	8703	0	25
2023.10.27	20:00:00	181.235	181.423	181.212	181.365	1201	0	62
2023.10.29	20:00:00	181.161	181.403	181.133	181.364	2627	0	25
2023.10.30	00:00:00	181.364	181.417	181.202	181.289	5073	0	25
2023.10.30	04:00:00	181.288	181.358	180.781	180.882	5685	0	25
2023.10.30	08:00:00	180.881	181.787	180.758	181.574	9140	0	25
2023.10.30	12:00:00	181.575	181.867	180.924	181.122	14863	0	25
2023.10.30	16:00:00	181.119	181.474	180.947	181.433	7197	0	25
2023.10.30	20:00:00	181.432	181.455	181.209	181.348	3156	0	25
2023.10.31	00:00:00	181.348	182.215	181.320	182.032	11411	0	25
2023.10.31	04:00:00	182.029	182.720	181.998	182.677	8260	0	25
2023.10.31	08:00:00	182.677	183.826	182.608	183.582	12209	0	25
2023.10.31	12:00:00	183.582	183.788	183.153	183.756	13682	0	25
2023.10.31	16:00:00	183.758	184.216	183.472	184.177	10923	0	25
2023.10.31	20:00:00	184.185	184.358	183.692	183.853	5292	0	25
2023.11.01	00:00:00	183.853	183.889	183.515	183.680	6626	0	25
2023.11.01	04:00:00	183.679	183.972	183.565	183.950	6224	0	25
2023.11.01	08:00:00	183.955	183.994	183.315	183.373	8269	0	25
2023.11.01	12:00:00	183.373	183.610	183.004	183.055	14467	0	25
2023.11.01	16:00:00	183.051	183.273	182.935	183.253	14080	0	25
2023.11.01	20:00:00	183.262	183.491	183.046	183.410	4274	0	25
2023.11.02	00:00:00	183.414	183.445	183.044	183.303	7494	0	25
2023.11.02	04:00:00	183.300	183.325	182.728	183.010	6990	0	25
2023.11.02	08:00:00	183.009	183.416	182.790	183.358	9773	0	25
2023.11.02	12:00:00	183.366	183.694	183.007	183.179	14548	0	25
2023.11.02	16:00:00	183.177	183.702	183.157	183.659	7569	0	25
2023.11.02	20:00:00	183.658	183.695	183.419	183.434	2939	0	25
2023.11.03	00:00:00	183.434	183.496	183.220	183.413	5153	0	25
2023.11.03	04:00:00	183.412	183.518	183.319	183.396	4652	0	25
2023.11.03	08:00:00	183.400	183.649	183.253	183.608	7993	0	25
2023.11.03	12:00:00	183.609	184.795	183.603	184.778	16738	0	25
2023.11.03	16:00:00	184.774	185.007	184.678	184.915	8163	0	25
2023.11.03	20:00:00	184.917	184.947	184.869	184.909	875	0	63
2023.11.05	20:00:00	184.702	184.939	184.633	184.846	1522	0	85
2023.11.06	00:00:00	184.896	185.191	184.860	185.095	6315	0	25
2023.11.06	04:00:00	185.096	185.429	184.969	185.389	5888	0	25
2023.11.06	08:00:00	185.391	185.903	185.180	185.876	8693	0	25
2023.11.06	12:00:00	185.878	185.952	185.311	185.503	9842	0	25
2023.11.06	16:00:00	185.503	185.642	185.215	185.234	6572	0	25
2023.11.06	20:00:00	185.231	185.235	185.015	185.079	4093	0	25
2023.11.07	00:00:00	185.130	185.296	185.089	185.245	5628	0	25
2023.11.07	04:00:00	185.246	185.400	185.199	185.311	5462	0	25
2023.11.07	08:00:00	185.308	185.451	184.639	184.820	9408	0	25
2023.11.07	12:00:00	184.823	185.303	184.802	185.082	10317	0	25
2023.11.07	16:00:00	185.081	185.223	184.668	184.970	8209	0	25
2023.11.07	20:00:00	184.970	185.014	184.741	184.792	4178	0	25
2023.11.08	00:00:00	184.843	185.033	184.771	184.804	5985	0	25
2023.11.08	04:00:00	184.808	185.000	184.774	184.911	6051	0	25
2023.11.08	08:00:00	184.914	184.945	184.539	184.916	8541	0	25
2023.11.08	12:00:00	184.917	185.349	184.849	185.329	10474	0	25
2023.11.08	16:00:00	185.329	185.662	185.238	185.519	8458	0	25
2023.11.08	20:00:00	185.518	185.558	185.069	185.270	4788	0	25
2023.11.09	00:00:00	185.318	185.497	185.257	185.379	5898	0	25
2023.11.09	04:00:00	185.379	185.503	185.239	185.346	6473	0	25
2023.11.09	08:00:00	185.346	185.882	185.210	185.305	9975	0	25
2023.11.09	12:00:00	185.305	185.499	185.116	185.454	11321	0	25
2023.11.09	16:00:00	185.455	185.490	184.843	184.915	11399	0	25
2023.11.09	20:00:00	184.911	185.005	184.714	184.838	5190	0	25
2023.11.10	00:00:00	184.881	184.967	184.814	184.936	5852	0	25
2023.11.10	04:00:00	184.936	185.214	184.911	185.085	6614	0	25
2023.11.10	08:00:00	185.081	185.162	184.825	184.904	8835	0	25
2023.11.10	12:00:00	184.902	185.059	184.629	184.735	10942	0	25
2023.11.10	16:00:00	184.735	185.334	184.730	185.193	7930	0	25
2023.11.10	20:00:00	185.192	185.292	185.152	185.235	2493	0	25
2023.11.12	20:00:00	185.082	185.229	184.915	185.142	1866	0	128
2023.11.13	00:00:00	185.218	185.535	185.202	185.437	5203	0	25
2023.11.13	04:00:00	185.437	185.740	185.436	185.681	5287	0	25
2023.11.13	08:00:00	185.678	185.934	185.615	185.858	8178	0	25
2023.11.13	12:00:00	185.854	185.956	185.259	185.841	11640	0	25
2023.11.13	16:00:00	185.844	186.150	185.736	186.121	6729	0	25
2023.11.13	20:00:00	186.121	186.292	186.000	186.137	4029	0	25
2023.11.14	00:00:00	186.210	186.313	186.130	186.140	4824	0	25
2023.11.14	04:00:00	186.137	186.503	186.079	186.419	5466	0	25
2023.11.14	08:00:00	186.422	186.686	186.239	186.329	8697	0	25
2023.11.14	12:00:00	186.331	188.117	186.331	187.868	16071	0	25
2023.11.14	16:00:00	187.865	188.272	187.840	187.922	9238	0	25
2023.11.14	20:00:00	187.923	187.975	187.744	187.940	4969	0	25
2023.11.15	00:00:00	187.996	188.173	187.876	188.126	7553	0	25
2023.11.15	04:00:00	188.127	188.228	187.805	187.903	7161	0	25
2023.11.15	08:00:00	187.904	187.961	187.358	187.415	10270	0	25
2023.11.15	12:00:00	187.416	187.857	187.182	187.746	13329	0	25
2023.11.15	16:00:00	187.744	187.993	187.685	187.974	8454	0	25
2023.11.15	20:00:00	187.971	187.976	187.448	187.754	4219	0	25
2023.11.16	00:00:00	187.816	187.904	187.295	187.370	6312	0	25
2023.11.16	04:00:00	187.370	187.638	187.332	187.399	5746	0	25
2023.11.16	08:00:00	187.395	187.705	187.361	187.563	9351	0	25
2023.11.16	12:00:00	187.563	187.596	187.063	187.099	12843	0	25
2023.11.16	16:00:00	187.102	187.184	186.822	187.014	8660	0	25
2023.11.16	20:00:00	187.017	187.115	186.816	187.027	3758	0	25
2023.11.17	00:00:00	187.079	187.138	186.618	186.786	6442	0	25
2023.11.17	04:00:00	186.789	187.047	186.235	186.313	6317	0	25
2023.11.17	08:00:00	186.310	186.310	185.313	185.812	13218	0	25
2023.11.17	12:00:00	185.813	185.994	185.520	185.950	12621	0	25
2023.11.17	16:00:00	185.950	186.392	185.925	186.284	7682	0	25
2023.11.17	20:00:00	186.286	186.530	186.281	186.441	2378	0	25
2023.11.19	20:00:00	186.196	186.705	186.167	186.659	2398	0	90
2023.11.20	00:00:00	186.737	186.776	185.827	185.898	10622	0	25
2023.11.20	04:00:00	185.898	186.161	185.695	185.752	9168	0	25
2023.11.20	08:00:00	185.750	185.994	184.618	184.820	12126	0	25
2023.11.20	12:00:00	184.820	185.490	184.791	185.347	10772	0	25
2023.11.20	16:00:00	185.349	185.609	185.278	185.541	8092	0	25
2023.11.20	20:00:00	185.538	185.605	185.257	185.543	4597	0	25
2023.11.21	00:00:00	185.595	185.631	184.712	184.781	11777	0	24
2023.11.21	04:00:00	184.784	185.160	184.576	184.740	10349	0	24
2023.11.21	08:00:00	184.737	185.227	184.448	185.069	11670	0	25
2023.11.21	12:00:00	185.065	185.302	184.928	185.273	12111	0	24
2023.11.21	16:00:00	185.273	186.083	185.234	185.989	10240	0	25
2023.11.21	20:00:00	185.985	186.049	185.571	185.767	5275	0	25
2023.11.22	00:00:00	185.823	185.997	185.731	185.838	9300	0	24
2023.11.22	04:00:00	185.838	186.629	185.782	186.588	8936	0	25
2023.11.22	08:00:00	186.583	187.012	186.313	186.471	11169	0	25
2023.11.22	12:00:00	186.471	186.787	186.201	186.477	13994	0	25
2023.11.22	16:00:00	186.477	186.933	186.400	186.818	8302	0	25
2023.11.22	20:00:00	186.821	186.921	186.583	186.607	4121	0	25
2023.11.23	00:00:00	186.656	186.656	186.279	186.477	6864	0	25
2023.11.23	04:00:00	186.476	186.701	186.334	186.682	6818	0	25
2023.11.23	08:00:00	186.683	187.601	186.576	187.387	10958	0	24
2023.11.23	12:00:00	187.385	187.576	187.293	187.448	8539	0	25
2023.11.23	16:00:00	187.445	187.547	187.411	187.458	3468	0	25
2023.11.23	20:00:00	187.458	187.495	186.973	187.428	4037	0	26
2023.11.24	00:00:00	187.520	187.632	187.280	187.400	6983	0	24
2023.11.24	04:00:00	187.400	187.400	187.091	187.260	6759	0	25
2023.11.24	08:00:00	187.260	188.015	187.207	187.967	8758	0	24
2023.11.24	12:00:00	187.967	188.581	187.901	188.543	9768	0	25
2023.11.24	16:00:00	188.546	188.651	188.300	188.431	6144	0	25
2023.11.24	20:00:00	188.428	188.457	188.213	188.233	2791	0	160
2023.11.26	20:00:00	188.257	188.413	188.086	188.378	1736	0	76
2023.11.27	00:00:00	188.449	188.513	187.598	187.789	9775	0	24
2023.11.27	04:00:00	187.788	188.134	187.649	188.015	9352	0	25
2023.11.27	08:00:00	188.020	188.305	187.886	188.280	10433	0	25
2023.11.27	12:00:00	188.278	188.339	187.649	187.711	12672	0	25
2023.11.27	16:00:00	187.709	187.868	187.622	187.712	9068	0	25
2023.11.27	20:00:00	187.713	187.745	187.329	187.471	5081	0	25
2023.11.28	00:00:00	187.515	187.518	187.042	187.213	9881	0	24
2023.11.28	04:00:00	187.208	187.380	187.098	187.289	8313	0	25
2023.11.28	08:00:00	187.292	187.872	187.292	187.507	10462	0	25
2023.11.28	12:00:00	187.511	187.713	187.276	187.533	14502	0	25
2023.11.28	16:00:00	187.528	187.544	187.113	187.206	11750	0	24
2023.11.28	20:00:00	187.203	187.257	186.767	186.918	5623	0	25
2023.11.29	00:00:00	186.953	187.259	186.623	187.159	11982	0	24
2023.11.29	04:00:00	187.159	187.179	186.783	187.087	11083	0	25
2023.11.29	08:00:00	187.081	187.490	186.860	187.299	12978	0	24
2023.11.29	12:00:00	187.304	187.532	186.896	187.135	15905	0	24
2023.11.29	16:00:00	187.129	187.230	186.680	187.103	10672	0	25
2023.11.29	20:00:00	187.103	187.138	186.384	186.649	5912	0	25
2023.11.30	00:00:00	186.686	186.871	186.492	186.779	10650	0	25
2023.11.30	04:00:00	186.780	186.858	186.575	186.673	9496	0	25
2023.11.30	08:00:00	186.677	186.912	186.221	186.684	14119	0	25
2023.11.30	12:00:00	186.682	187.555	186.486	187.103	17532	0	25
2023.11.30	16:00:00	187.097	187.186	186.766	187.078	11793	0	25
2023.11.30	20:00:00	187.078	187.153	186.711	186.887	6450	0	25
2023.12.01	00:00:00	186.934	187.217	186.673	187.136	10725	0	24
2023.12.01	04:00:00	187.136	187.355	187.060	187.341	8820	0	25
2023.12.01	08:00:00	187.340	187.507	187.035	187.317	11465	0	24
2023.12.01	12:00:00	187.323	187.484	186.181	186.492	13954	0	24
2023.12.01	16:00:00	186.493	186.681	186.293	186.489	14633	0	24
2023.12.01	20:00:00	186.491	186.643	186.472	186.577	3271	0	25
2023.12.03	20:00:00	186.369	186.496	185.958	185.981	3431	0	113
2023.12.04	00:00:00	186.041	186.088	185.511	186.012	13317	0	25
2023.12.04	04:00:00	186.013	186.148	185.837	186.111	9359	0	25
2023.12.04	08:00:00	186.105	186.323	185.513	185.854	11921	0	24
2023.12.04	12:00:00	185.858	185.922	185.068	185.488	13714	0	25
2023.12.04	16:00:00	185.488	185.942	185.439	185.908	9462	0	24
2023.12.04	20:00:00	185.907	186.056	185.692	186.011	5476	0	25
2023.12.05	00:00:00	186.082	186.177	185.814	185.907	9556	0	24
2023.12.05	04:00:00	185.908	185.976	185.054	185.146	9150	0	25
2023.12.05	08:00:00	185.150	185.942	185.107	185.572	11968	0	24
2023.12.05	12:00:00	185.572	185.771	185.302	185.534	14654	0	24
2023.12.05	16:00:00	185.539	185.563	185.251	185.277	9827	0	25
2023.12.05	20:00:00	185.278	185.393	185.068	185.325	5132	0	25
2023.12.06	00:00:00	185.363	185.787	185.293	185.709	8491	0	24
2023.12.06	04:00:00	185.709	185.783	185.152	185.284	8070	0	24
2023.12.06	08:00:00	185.279	185.801	185.126	185.529	11085	0	25
2023.12.06	12:00:00	185.528	185.584	185.199	185.377	13144	0	25
2023.12.06	16:00:00	185.373	185.485	185.020	185.078	8887	0	25
2023.12.06	20:00:00	185.078	185.099	184.568	184.786	5103	0	25
2023.12.07	00:00:00	184.822	184.822	184.178	184.286	11001	0	25
2023.12.07	04:00:00	184.292	184.368	183.092	183.317	16569	0	25
2023.12.07	08:00:00	183.317	183.322	181.873	182.304	19601	0	24
2023.12.07	12:00:00	182.305	182.555	180.974	181.098	17223	0	24
2023.12.07	16:00:00	181.099	181.423	178.578	180.637	36112	0	25
2023.12.07	20:00:00	180.632	181.596	180.586	181.474	7204	0	25
2023.12.08	00:00:00	181.548	181.618	179.543	181.030	25666	0	24
2023.12.08	04:00:00	181.029	181.573	180.791	181.042	16320	0	25
2023.12.08	08:00:00	181.047	182.027	180.637	181.702	15441	0	24
2023.12.08	12:00:00	181.703	181.748	180.472	181.281	21846	0	24
2023.12.08	16:00:00	181.275	181.937	181.111	181.920	11014	0	25
2023.12.08	20:00:00	181.918	181.939	181.807	181.882	2997	0	25
2023.12.10	20:00:00	181.684	181.977	181.565	181.947	2829	0	150
2023.12.11	00:00:00	182.012	182.695	181.921	182.366	12682	0	24
2023.12.11	04:00:00	182.366	183.601	182.318	183.550	12032	0	25
2023.12.11	08:00:00	183.555	184.029	183.293	184.001	13873	0	25
2023.12.11	12:00:00	183.996	184.321	183.594	183.752	13669	0	24
2023.12.11	16:00:00	183.752	183.881	183.472	183.486	9839	0	25
2023.12.11	20:00:00	183.488	183.637	183.276	183.283	4485	0	25
2023.12.12	00:00:00	183.335	183.439	182.901	183.085	12002	0	25
2023.12.12	04:00:00	183.087	183.157	182.574	182.719	10037	0	24
2023.12.12	08:00:00	182.716	182.962	182.266	182.487	11973	0	24
2023.12.12	12:00:00	182.482	183.010	182.328	182.924	16807	0	24
2023.12.12	16:00:00	182.919	183.014	182.500	182.909	9664	0	25
2023.12.12	20:00:00	182.908	182.972	182.427	182.563	5574	0	25
2023.12.13	00:00:00	182.616	182.861	182.507	182.777	9753	0	24
2023.12.13	04:00:00	182.774	183.139	182.519	182.566	9740	0	24
2023.12.13	08:00:00	182.565	182.850	182.239	182.420	11239	0	25
2023.12.13	12:00:00	182.425	182.603	181.697	181.809	13581	0	25
2023.12.13	16:00:00	181.806	181.957	180.444	180.740	20964	0	24
2023.12.13	20:00:00	180.735	180.778	179.453	180.171	12463	0	24
2023.12.14	00:00:00	180.214	180.399	178.334	178.806	21588	0	24
2023.12.14	04:00:00	178.803	179.388	178.622	179.214	18901	0	24
2023.12.14	08:00:00	179.213	179.549	178.707	179.085	17630	0	24
2023.12.14	12:00:00	179.090	180.920	179.090	180.765	23125	0	25
2023.12.14	16:00:00	180.770	181.208	180.605	181.045	14094	0	25
2023.12.14	20:00:00	181.047	181.664	180.924	181.597	7270	0	25
2023.12.15	00:00:00	181.685	181.721	181.013	181.143	13839	0	25
2023.12.15	04:00:00	181.147	181.350	180.747	181.264	12352	0	24
2023.12.15	08:00:00	181.264	181.334	180.453	181.012	14447	0	24
2023.12.15	12:00:00	181.014	181.087	179.803	179.993	18208	0	24
2023.12.15	16:00:00	179.998	180.549	179.833	180.417	12470	0	24
2023.12.15	20:00:00	180.412	180.454	180.145	180.235	4038	0	25
2023.12.17	20:00:00	180.076	180.295	179.894	180.293	2417	0	132
2023.12.18	00:00:00	180.344	180.632	180.173	180.473	10372	0	25
2023.12.18	04:00:00	180.473	180.836	180.392	180.692	9055	0	25
2023.12.18	08:00:00	180.688	180.888	180.370	180.622	13225	0	24
2023.12.18	12:00:00	180.626	181.166	180.569	180.946	13137	0	24
2023.12.18	16:00:00	180.943	181.016	180.583	180.601	10027	0	25
2023.12.18	20:00:00	180.606	180.758	180.328	180.466	5676	0	25
2023.12.19	00:00:00	180.533	181.949	180.032	181.684	26375	0	24
2023.12.19	04:00:00	181.679	182.628	180.429	182.614	28758	0	24
2023.12.19	08:00:00	182.618	184.172	182.595	183.911	14942	0	25
2023.12.19	12:00:00	183.912	184.060	183.102	183.178	15894	0	24
2023.12.19	16:00:00	183.177	183.309	183.026	183.085	9477	0	25
2023.12.19	20:00:00	183.080	183.243	182.972	183.146	5260	0	25
2023.12.20	00:00:00	183.203	183.332	182.693	182.761	11605	0	24
2023.12.20	04:00:00	182.761	182.824	181.268	181.760	14609	0	25
2023.12.20	08:00:00	181.765	181.876	181.345	181.372	12813	0	24
2023.12.20	12:00:00	181.371	182.052	181.270	182.006	13525	0	24
2023.12.20	16:00:00	182.010	182.355	181.784	181.784	9632	0	24
2023.12.20	20:00:00	181.779	181.831	180.919	181.351	7800	0	24
2023.12.21	00:00:00	181.390	181.405	180.431	180.522	15279	0	24
2023.12.21	04:00:00	180.520	181.095	180.495	180.993	9520	0	24
2023.12.21	08:00:00	180.995	181.104	180.509	180.750	11725	0	25
2023.12.21	12:00:00	180.744	180.922	179.839	179.885	16189	0	24
2023.12.21	16:00:00	179.885	180.457	179.775	180.387	11984	0	25
2023.12.21	20:00:00	180.386	180.485	179.980	180.086	5789	0	24
2023.12.22	00:00:00	180.123	180.772	179.940	180.720	12269	0	25
2023.12.22	04:00:00	180.720	180.911	180.345	180.495	11015	0	24
2023.12.22	08:00:00	180.489	181.050	180.237	180.753	11678	0	25
2023.12.22	12:00:00	180.754	181.142	180.538	180.968	14876	0	25
2023.12.22	16:00:00	180.963	181.320	180.804	180.943	10730	0	25
2023.12.22	20:00:00	180.945	180.980	180.770	180.777	3251	0	25
2023.12.25	20:00:00	179.398	181.790	178.858	180.393	2132	0	500
2023.12.26	00:00:00	180.590	180.761	180.396	180.720	5931	0	100
2023.12.26	04:00:00	180.718	180.761	180.488	180.637	5538	0	149
2023.12.26	08:00:00	180.637	180.835	180.564	180.697	7724	0	128
2023.12.26	12:00:00	180.697	181.140	180.600	181.140	8562	0	75
2023.12.26	16:00:00	181.150	181.251	180.930	181.232	6797	0	75
2023.12.26	20:00:00	181.226	181.275	180.825	181.200	4330	0	75
2023.12.27	00:00:00	181.311	181.632	181.225	181.383	8049	0	75
2023.12.27	04:00:00	181.383	181.830	181.379	181.675	7066	0	75
2023.12.27	08:00:00	181.665	181.705	181.082	181.501	8596	0	75
2023.12.27	12:00:00	181.494	182.152	181.430	181.818	9324	0	75
2023.12.27	16:00:00	181.820	181.931	181.173	181.525	10814	0	24
2023.12.27	20:00:00	181.526	181.579	180.881	180.973	6170	0	25
2023.12.28	00:00:00	181.038	181.392	180.716	181.051	12230	0	24
2023.12.28	04:00:00	181.050	181.051	180.394	180.505	10931	0	24
2023.12.28	08:00:00	180.500	180.686	179.919	180.121	11858	0	24
2023.12.28	12:00:00	180.120	180.121	178.991	179.902	14152	0	24
2023.12.28	16:00:00	179.906	180.350	179.685	180.021	12302	0	24
2023.12.28	20:00:00	180.017	180.069	179.583	180.041	6142	0	25
2023.12.29	00:00:00	180.110	180.453	180.021	180.210	10512	0	25
2023.12.29	04:00:00	180.210	180.463	180.068	180.248	9090	0	25
2023.12.29	08:00:00	180.242	180.524	180.076	180.400	11270	0	25
2023.12.29	12:00:00	180.399	180.472	179.560	179.724	15268	0	25
2023.12.29	16:00:00	179.730	179.868	179.298	179.742	13562	0	24
2023.12.29	20:00:00	179.748	179.857	179.494	179.519	3353	0	25
2024.01.01	20:00:00	179.084	179.388	179.032	179.378	2044	0	500
2024.01.02	00:00:00	179.505	180.118	179.485	179.943	7694	0	65
2024.01.02	04:00:00	179.945	180.260	179.871	180.190	7830	0	64
2024.01.02	08:00:00	180.185	180.637	179.475	179.575	13151	0	24
2024.01.02	12:00:00	179.581	179.938	178.727	179.178	16162	0	24
2024.01.02	16:00:00	179.173	179.374	178.928	179.132	10672	0	24
2024.01.02	20:00:00	179.131	179.403	178.957	179.403	5647	0	25
2024.01.03	00:00:00	179.457	179.463	179.166	179.347	8834	0	24
2024.01.03	04:00:00	179.346	180.114	179.310	180.060	8936	0	25
2024.01.03	08:00:00	180.058	180.540	179.984	180.476	12623	0	25
2024.01.03	12:00:00	180.472	181.454	180.347	181.333	15867	0	25
2024.01.03	16:00:00	181.328	181.743	181.262	181.387	14074	0	24
2024.01.03	20:00:00	181.392	181.478	181.086	181.161	6758	0	25
2024.01.04	00:00:00	181.218	181.670	181.004	181.657	10261	0	24
2024.01.04	04:00:00	181.657	182.252	181.642	181.979	11898	0	24
2024.01.04	08:00:00	181.974	183.340	181.831	183.057	14242	0	25
2024.01.04	12:00:00	183.052	183.771	182.831	183.703	14397	0	25
2024.01.04	16:00:00	183.697	183.700	183.215	183.362	10049	0	25
2024.01.04	20:00:00	183.357	183.554	183.212	183.525	4779	0	25
2024.01.05	00:00:00	183.583	183.879	183.497	183.776	10003	0	25
2024.01.05	04:00:00	183.775	184.123	183.391	183.929	10532	0	25
2024.01.05	08:00:00	183.924	183.942	183.638	183.808	11460	0	25
2024.01.05	12:00:00	183.810	184.298	183.547	183.784	21988	0	24
2024.01.05	16:00:00	183.782	184.297	183.728	184.050	13181	0	25
2024.01.05	20:00:00	184.045	184.128	183.882	183.926	3877	0	25
2024.01.07	20:00:00	183.737	184.150	183.682	183.978	2383	0	98
2024.01.08	00:00:00	184.036	184.135	183.437	183.522	8863	0	25
2024.01.08	04:00:00	183.516	183.633	183.233	183.520	9488	0	25
2024.01.08	08:00:00	183.518	183.675	183.011	183.580	12315	0	25
2024.01.08	12:00:00	183.580	183.997	183.302	183.507	13580	0	25
2024.01.08	16:00:00	183.506	183.877	183.280	183.854	10370	0	25
2024.01.08	20:00:00	183.854	183.913	183.573	183.687	5658	0	25
2024.01.09	00:00:00	183.752	183.822	183.029	183.202	11769	0	25
2024.01.09	04:00:00	183.201	183.770	183.008	183.628	9596	0	24
2024.01.09	08:00:00	183.628	183.754	183.060	183.152	11947	0	24
2024.01.09	12:00:00	183.151	183.469	182.748	183.314	13499	0	25
2024.01.09	16:00:00	183.319	183.651	183.182	183.560	10550	0	24
2024.01.09	20:00:00	183.559	183.627	183.328	183.524	5363	0	25
2024.01.10	00:00:00	183.580	184.135	183.565	183.942	9147	0	25
2024.01.10	04:00:00	183.937	184.194	183.776	184.030	8939	0	25
2024.01.10	08:00:00	184.026	184.609	184.012	184.504	11002	0	24
2024.01.10	12:00:00	184.504	185.491	184.504	185.450	12335	0	25
2024.01.10	16:00:00	185.450	185.646	185.243	185.632	9631	0	24
2024.01.10	20:00:00	185.633	185.749	185.323	185.661	6144	0	25
2024.01.11	00:00:00	185.710	185.801	185.421	185.504	10331	0	24
2024.01.11	04:00:00	185.504	185.842	185.432	185.599	8387	0	25
2024.01.11	08:00:00	185.595	185.737	185.246	185.597	10886	0	24
2024.01.11	12:00:00	185.596	186.154	185.293	185.553	22174	0	24
2024.01.11	16:00:00	185.552	185.930	185.443	185.668	13633	0	25
2024.01.11	20:00:00	185.665	185.686	184.989	185.358	7244	0	25
2024.01.12	00:00:00	185.411	185.650	185.042	185.139	11501	0	25
2024.01.12	04:00:00	185.138	185.548	185.101	185.144	9915	0	25
2024.01.12	08:00:00	185.139	185.284	184.797	184.809	11522	0	25
2024.01.12	12:00:00	184.808	185.355	184.483	184.662	18080	0	25
2024.01.12	16:00:00	184.663	184.808	184.467	184.667	11480	0	25
2024.01.12	20:00:00	184.665	184.803	184.604	184.774	3567	0	25
2024.01.14	20:00:00	184.627	184.824	184.559	184.790	1754	0	132
2024.01.15	00:00:00	184.849	185.202	184.692	185.160	9595	0	24
2024.01.15	04:00:00	185.162	185.478	185.065	185.344	7670	0	25
2024.01.15	08:00:00	185.339	185.552	185.219	185.449	10648	0	25
2024.01.15	12:00:00	185.454	185.745	185.360	185.592	10106	0	25
2024.01.15	16:00:00	185.594	185.716	185.466	185.538	4283	0	24
2024.01.15	20:00:00	185.537	185.562	185.292	185.324	2695	0	25
2024.01.16	00:00:00	185.376	185.497	185.042	185.272	12016	0	25
2024.01.16	04:00:00	185.268	185.444	184.976	185.216	9694	0	25
2024.01.16	08:00:00	185.219	185.493	184.996	185.388	13468	0	25
2024.01.16	12:00:00	185.388	185.805	185.258	185.796	14277	0	25
2024.01.16	16:00:00	185.797	186.176	185.766	185.993	12953	0	24
2024.01.16	20:00:00	185.992	186.075	185.752	186.025	5350	0	25
2024.01.17	00:00:00	186.080	186.344	185.872	185.911	10744	0	25
2024.01.17	04:00:00	185.908	187.184	185.866	187.143	12427	0	24
2024.01.17	08:00:00	187.141	187.520	186.849	187.399	13748	0	24
2024.01.17	12:00:00	187.401	187.935	187.025	187.885	14335	0	24
2024.01.17	16:00:00	187.884	188.116	187.789	187.969	11433	0	25
2024.01.17	20:00:00	187.969	188.022	187.553	187.721	5826	0	25
2024.01.18	00:00:00	187.787	187.924	187.600	187.715	11104	0	24
2024.01.18	04:00:00	187.713	187.792	187.535	187.650	10223	0	24
2024.01.18	08:00:00	187.649	187.770	187.343	187.499	11950	0	25
2024.01.18	12:00:00	187.501	187.858	187.310	187.771	14857	0	24
2024.01.18	16:00:00	187.778	188.138	187.747	188.031	10901	0	25
2024.01.18	20:00:00	188.036	188.246	188.013	188.213	5255	0	25
2024.01.19	00:00:00	188.271	188.614	188.050	188.426	9846	0	25
2024.01.19	04:00:00	188.426	188.918	188.016	188.088	10145	0	25
2024.01.19	08:00:00	188.083	188.083	187.400	187.645	12435	0	24
2024.01.19	12:00:00	187.645	188.100	187.602	187.783	13031	0	24
2024.01.19	16:00:00	187.788	188.173	187.653	188.147	9685	0	25
2024.01.19	20:00:00	188.146	188.214	188.064	188.199	3083	0	25
2024.01.21	20:00:00	188.070	188.285	187.953	188.026	2590	0	131
2024.01.22	00:00:00	188.098	188.240	187.755	188.035	10793	0	25
2024.01.22	04:00:00	188.037	188.384	187.958	188.050	9221	0	25
2024.01.22	08:00:00	188.054	188.258	187.926	188.016	10502	0	25
2024.01.22	12:00:00	188.016	188.173	187.864	188.051	11968	0	25
2024.01.22	16:00:00	188.056	188.371	187.986	188.065	8433	0	24
2024.01.22	20:00:00	188.069	188.230	187.912	188.143	5010	0	25
2024.01.23	00:00:00	188.225	188.915	188.171	188.188	13095	0	25
2024.01.23	04:00:00	188.193	188.704	187.339	188.046	18512	0	24
2024.01.23	08:00:00	188.045	188.217	187.478	188.074	12774	0	24
2024.01.23	12:00:00	188.075	188.235	187.869	188.050	13650	0	25
2024.01.23	16:00:00	188.053	188.187	187.928	188.140	9473	0	25
2024.01.23	20:00:00	188.138	188.277	187.957	188.070	5042	0	25
2024.01.24	00:00:00	188.133	188.152	187.640	187.651	10204	0	25
2024.01.24	04:00:00	187.649	187.946	187.623	187.752	9197	0	24
2024.01.24	08:00:00	187.746	188.463	187.457	187.937	12752	0	25
2024.01.24	12:00:00	187.933	187.943	187.116	187.384	15801	0	24
2024.01.24	16:00:00	187.380	187.852	187.334	187.767	11078	0	24
2024.01.24	20:00:00	187.766	187.807	187.424	187.633	5580	0	25
2024.01.25	00:00:00	187.692	187.840	187.592	187.699	9859	0	24
2024.01.25	04:00:00	187.699	188.014	187.646	187.999	8288	0	25
2024.01.25	08:00:00	187.999	188.185	187.684	187.815	10387	0	25
2024.01.25	12:00:00	187.820	188.045	187.150	187.409	16640	0	24
2024.01.25	16:00:00	187.413	187.759	187.332	187.759	10245	0	25
2024.01.25	20:00:00	187.757	187.757	187.355	187.639	5385	0	25
2024.01.26	00:00:00	187.685	187.833	187.415	187.679	8945	0	25
2024.01.26	04:00:00	187.679	187.781	187.327	187.401	8084	0	24
2024.01.26	08:00:00	187.399	188.323	187.398	188.210	11150	0	24
2024.01.26	12:00:00	188.211	188.553	188.012	188.380	13113	0	24
2024.01.26	16:00:00	188.382	188.394	188.011	188.150	8008	0	25
2024.01.26	20:00:00	188.150	188.192	188.026	188.143	2604	0	25
2024.01.28	20:00:00	187.946	188.076	187.817	188.071	2590	0	109
2024.01.29	00:00:00	188.135	188.282	188.043	188.161	8003	0	24
2024.01.29	04:00:00	188.156	188.167	187.820	187.864	7755	0	25
2024.01.29	08:00:00	187.859	188.003	187.583	187.718	10238	0	25
2024.01.29	12:00:00	187.717	188.013	187.104	187.204	10729	0	25
2024.01.29	16:00:00	187.198	187.394	187.130	187.383	8200	0	24
2024.01.29	20:00:00	187.388	187.482	187.215	187.438	6428	0	25
2024.01.30	00:00:00	187.483	187.499	187.166	187.296	8200	0	25
2024.01.30	04:00:00	187.298	187.309	186.761	186.904	7669	0	25
2024.01.30	08:00:00	186.910	187.208	186.623	186.837	10712	0	25
2024.01.30	12:00:00	186.835	187.256	186.509	187.242	12863	0	25
2024.01.30	16:00:00	187.243	187.478	187.182	187.387	8715	0	25
2024.01.30	20:00:00	187.387	187.443	186.969	186.970	4991	0	25
2024.01.31	00:00:00	187.033	187.279	186.907	187.260	9165	0	24
2024.01.31	04:00:00	187.262	187.414	187.022	187.145	7685	0	25
2024.01.31	08:00:00	187.150	187.545	186.905	187.517	11461	0	25
2024.01.31	12:00:00	187.516	187.605	186.094	186.122	16893	0	24
2024.01.31	16:00:00	186.124	186.426	185.950	186.069	17726	0	24
2024.01.31	20:00:00	186.073	186.681	185.962	186.320	11707	0	24
2024.02.01	00:00:00	186.389	186.462	185.932	186.086	10648	0	24
2024.02.01	04:00:00	186.086	186.164	185.708	185.767	9570	0	24
2024.02.01	08:00:00	185.767	185.881	185.280	185.622	12989	0	24
2024.02.01	12:00:00	185.619	186.585	185.225	185.549	19328	0	25
2024.02.01	16:00:00	185.545	186.574	185.436	186.445	14026	0	24
2024.02.01	20:00:00	186.443	186.664	186.365	186.610	5896	0	25
2024.02.02	00:00:00	186.671	186.713	186.432	186.598	8413	0	25
2024.02.02	04:00:00	186.598	186.972	186.538	186.942	8434	0	25
2024.02.02	08:00:00	186.948	187.324	186.860	186.956	10310	0	25
2024.02.02	12:00:00	186.951	187.722	186.877	187.656	18152	0	24
2024.02.02	16:00:00	187.659	187.708	187.188	187.453	10944	0	25
2024.02.02	20:00:00	187.453	187.503	187.362	187.420	3461	0	25
2024.02.04	20:00:00	187.369	187.526	187.220	187.348	2894	0	115
2024.02.05	00:00:00	187.435	187.593	187.032	187.147	10943	0	25
2024.02.05	04:00:00	187.146	187.340	186.959	187.313	8553	0	25
2024.02.05	08:00:00	187.318	187.516	186.573	186.638	10906	0	25
2024.02.05	12:00:00	186.636	186.719	186.165	186.379	12235	0	25
2024.02.05	16:00:00	186.381	186.468	186.200	186.369	7926	0	25
2024.02.05	20:00:00	186.369	186.411	186.159	186.270	4644	0	25
2024.02.06	00:00:00	186.328	186.511	186.245	186.400	7543	0	25
2024.02.06	04:00:00	186.400	186.552	186.181	186.447	9039	0	25
2024.02.06	08:00:00	186.447	186.743	186.428	186.651	9998	0	24
2024.02.06	12:00:00	186.650	186.774	186.190	186.246	12625	0	25
2024.02.06	16:00:00	186.250	186.500	186.171	186.336	10875	0	25
2024.02.06	20:00:00	186.334	186.375	186.118	186.227	5756	0	25
2024.02.07	00:00:00	186.294	186.552	186.255	186.366	7905	0	25
2024.02.07	04:00:00	186.372	186.679	186.318	186.657	7741	0	24
2024.02.07	08:00:00	186.657	187.105	186.633	187.041	10107	0	25
2024.02.07	12:00:00	187.038	187.255	186.541	186.863	13009	0	25
2024.02.07	16:00:00	186.864	187.101	186.722	187.053	9538	0	24
2024.02.07	20:00:00	187.055	187.104	186.796	186.910	5210	0	24
2024.02.08	00:00:00	186.975	187.488	186.862	187.397	9086	0	25
2024.02.08	04:00:00	187.397	187.928	187.365	187.809	8304	0	25
2024.02.08	08:00:00	187.803	188.219	187.677	188.021	11060	0	24
2024.02.08	12:00:00	188.021	188.355	187.772	188.347	12826	0	25
2024.02.08	16:00:00	188.344	188.475	188.292	188.452	9576	0	24
2024.02.08	20:00:00	188.449	188.464	188.167	188.303	4805	0	25
2024.02.09	00:00:00	188.368	188.566	188.322	188.507	7327	0	25
2024.02.09	04:00:00	188.502	188.746	188.389	188.716	6470	0	25
2024.02.09	08:00:00	188.713	188.850	188.252	188.353	10619	0	25
2024.02.09	12:00:00	188.352	188.802	188.223	188.651	13496	0	24
2024.02.09	16:00:00	188.648	188.743	188.529	188.605	7711	0	25
2024.02.09	20:00:00	188.606	188.617	188.479	188.513	2656	0	25
2024.02.11	20:00:00	188.372	188.492	188.229	188.434	2632	0	76
2024.02.12	00:00:00	188.502	188.584	188.392	188.470	5814	0	25
2024.02.12	04:00:00	188.470	188.632	188.389	188.548	6044	0	25
2024.02.12	08:00:00	188.544	188.572	187.941	187.994	10307	0	24
2024.02.12	12:00:00	187.994	188.585	187.849	188.532	10172	0	25
2024.02.12	16:00:00	188.536	188.711	188.521	188.608	8675	0	24
2024.02.12	20:00:00	188.608	188.625	188.379	188.584	5544	0	25
2024.02.13	00:00:00	188.644	188.665	188.434	188.558	6735	0	24
2024.02.13	04:00:00	188.558	189.274	188.548	189.249	7770	0	24
2024.02.13	08:00:00	189.248	189.464	189.047	189.223	10199	0	25
2024.02.13	12:00:00	189.219	189.768	188.900	189.752	16118	0	24
2024.02.13	16:00:00	189.748	190.073	189.675	189.704	9527	0	25
2024.02.13	20:00:00	189.704	189.890	189.505	189.696	6218	0	25
2024.02.14	00:00:00	189.754	189.791	189.497	189.636	9194	0	24
2024.02.14	04:00:00	189.636	189.823	188.913	189.018	9277	0	25
2024.02.14	08:00:00	189.023	189.085	188.743	189.005	11133	0	24
2024.02.14	12:00:00	189.005	189.297	188.855	189.003	11883	0	24
2024.02.14	16:00:00	189.002	189.151	188.872	189.107	9811	0	25
2024.02.14	20:00:00	189.104	189.221	188.890	189.152	5522	0	25
2024.02.15	00:00:00	189.204	189.204	188.620	188.798	8335	0	24
2024.02.15	04:00:00	188.798	188.798	188.317	188.429	8208	0	25
2024.02.15	08:00:00	188.429	188.484	188.203	188.326	9780	0	25
2024.02.15	12:00:00	188.322	188.914	187.987	188.814	13244	0	24
2024.02.15	16:00:00	188.809	188.989	188.765	188.874	9474	0	24
2024.02.15	20:00:00	188.878	188.959	188.660	188.843	4945	0	25
2024.02.16	00:00:00	188.915	189.145	188.853	189.099	8348	0	25
2024.02.16	04:00:00	189.100	189.340	188.945	189.134	8421	0	24
2024.02.16	08:00:00	189.131	189.244	188.904	189.203	9456	0	25
2024.02.16	12:00:00	189.201	189.233	188.873	189.057	12761	0	25
2024.02.16	16:00:00	189.055	189.504	189.031	189.378	9442	0	25
2024.02.16	20:00:00	189.380	189.380	189.202	189.246	3264	0	25
2024.02.18	20:00:00	189.207	189.260	189.028	189.249	2772	0	85
2024.02.19	00:00:00	189.337	189.344	189.087	189.091	7905	0	25
2024.02.19	04:00:00	189.092	189.367	189.083	189.258	6576	0	24
2024.02.19	08:00:00	189.257	189.379	188.993	189.142	8867	0	25
2024.02.19	12:00:00	189.143	189.180	188.897	189.001	8495	0	25
2024.02.19	16:00:00	189.004	189.183	188.958	189.128	3413	0	25
2024.02.19	20:00:00	189.133	189.166	188.911	189.073	3287	0	25
2024.02.20	00:00:00	189.146	189.231	189.066	189.164	8092	0	25
2024.02.20	04:00:00	189.165	189.376	189.145	189.294	6560	0	24
2024.02.20	08:00:00	189.294	189.495	189.084	189.132	10589	0	24
2024.02.20	12:00:00	189.135	189.714	189.072	189.650	12308	0	24
2024.02.20	16:00:00	189.650	189.673	189.194	189.303	8944	0	25
2024.02.20	20:00:00	189.302	189.390	189.147	189.308	5436	0	24
2024.02.21	00:00:00	189.324	189.466	189.271	189.394	7324	0	24
2024.02.21	04:00:00	189.394	189.642	189.349	189.626	7228	0	25
2024.02.21	08:00:00	189.629	189.651	189.142	189.316	9077	0	24
2024.02.21	12:00:00	189.313	189.567	189.158	189.490	10645	0	24
2024.02.21	16:00:00	189.489	189.806	189.431	189.722	9870	0	25
2024.02.21	20:00:00	189.719	189.987	189.633	189.923	6097	0	25
2024.02.22	00:00:00	189.996	190.227	189.909	190.086	7291	0	25
2024.02.22	04:00:00	190.086	190.299	189.896	190.268	7679	0	25
2024.02.22	08:00:00	190.267	190.822	190.247	190.473	11966	0	24
2024.02.22	12:00:00	190.467	190.591	189.843	189.941	12755	0	24
2024.02.22	16:00:00	189.944	190.645	189.937	190.570	9337	0	25
2024.02.22	20:00:00	190.566	190.592	190.389	190.447	5256	0	25
2024.02.23	00:00:00	190.515	190.571	190.396	190.569	6531	0	25
2024.02.23	04:00:00	190.567	190.748	190.539	190.740	5569	0	25
2024.02.23	08:00:00	190.743	191.133	190.665	191.028	9381	0	24
2024.02.23	12:00:00	191.026	191.092	190.688	190.822	11260	0	25
2024.02.23	16:00:00	190.817	190.838	190.496	190.694	8548	0	25
2024.02.23	20:00:00	190.694	190.742	190.609	190.724	2958	0	25
2024.02.25	20:00:00	190.608	190.691	190.492	190.637	2521	0	84
2024.02.26	00:00:00	190.678	190.678	190.331	190.471	6843	0	25
2024.02.26	04:00:00	190.469	190.714	190.435	190.711	6710	0	24
2024.02.26	08:00:00	190.712	191.295	190.538	191.273	9018	0	24
2024.02.26	12:00:00	191.279	191.309	191.017	191.188	10526	0	25
2024.02.26	16:00:00	191.187	191.266	191.039	191.124	8072	0	25
2024.02.26	20:00:00	191.124	191.191	190.831	190.922	5105	0	25
2024.02.27	00:00:00	190.981	190.981	190.716	190.728	6597	0	25
2024.02.27	04:00:00	190.727	190.941	190.720	190.801	6622	0	25
2024.02.27	08:00:00	190.802	190.802	190.397	190.693	9198	0	25
2024.02.27	12:00:00	190.696	190.837	190.365	190.785	11162	0	25
2024.02.27	16:00:00	190.790	190.980	190.722	190.863	8663	0	24
2024.02.27	20:00:00	190.863	190.943	190.749	190.765	4436	0	25
2024.02.28	00:00:00	190.844	190.869	190.558	190.686	7365	0	25
2024.02.28	04:00:00	190.689	190.832	190.585	190.820	6910	0	24
2024.02.28	08:00:00	190.821	190.871	190.255	190.582	9584	0	24
2024.02.28	12:00:00	190.578	190.814	190.328	190.810	11248	0	25
2024.02.28	16:00:00	190.807	190.926	190.620	190.672	8237	0	24
2024.02.28	20:00:00	190.677	190.816	190.493	190.658	5294	0	25
2024.02.29	00:00:00	190.746	190.746	189.646	189.773	10014	0	25
2024.02.29	04:00:00	189.773	190.060	189.374	189.378	9742	0	25
2024.02.29	08:00:00	189.384	190.026	189.352	189.727	11616	0	24
2024.02.29	12:00:00	189.723	189.776	189.032	189.285	13799	0	25
2024.02.29	16:00:00	189.281	189.398	189.113	189.150	9871	0	25
2024.02.29	20:00:00	189.152	189.485	189.115	189.439	6025	0	25
2024.03.01	00:00:00	189.478	190.022	189.465	189.877	7767	0	25
2024.03.01	04:00:00	189.877	190.124	189.821	190.085	6401	0	25
2024.03.01	08:00:00	190.085	190.389	189.706	190.127	11000	0	25
2024.03.01	12:00:00	190.121	190.280	189.599	189.929	13336	0	25
2024.03.01	16:00:00	189.934	190.088	189.794	190.075	9118	0	25
2024.03.01	20:00:00	190.073	190.073	189.886	189.923	2874	0	25
2024.03.03	20:00:00	189.834	190.039	189.711	189.997	2358	0	108
2024.03.04	00:00:00	190.055	190.211	189.772	190.166	6982	0	25
2024.03.04	04:00:00	190.166	190.582	190.157	190.554	5811	0	25
2024.03.04	08:00:00	190.551	190.751	190.230	190.685	9269	0	25
2024.03.04	12:00:00	190.685	191.103	190.584	191.071	9933	0	25
2024.03.04	16:00:00	191.072	191.181	190.992	191.046	6969	0	25
2024.03.04	20:00:00	191.048	191.076	190.771	190.865	4946	0	25
2024.03.05	00:00:00	190.907	191.021	190.815	190.970	6138	0	24
2024.03.05	04:00:00	190.967	190.991	190.547	190.675	6339	0	25
2024.03.05	08:00:00	190.673	190.857	190.528	190.691	8875	0	25
2024.03.05	12:00:00	190.690	191.002	190.399	190.948	12276	0	24
2024.03.05	16:00:00	190.948	191.029	190.433	190.444	8784	0	25
2024.03.05	20:00:00	190.443	190.645	190.284	190.526	5569	0	25
2024.03.06	00:00:00	190.617	190.617	190.303	190.454	6411	0	25
2024.03.06	04:00:00	190.454	190.510	189.847	190.053	7268	0	24
2024.03.06	08:00:00	190.048	190.679	190.048	190.474	9856	0	24
2024.03.06	12:00:00	190.474	190.593	189.949	190.316	12718	0	25
2024.03.06	16:00:00	190.320	190.448	190.137	190.266	10490	0	24
2024.03.06	20:00:00	190.269	190.339	189.888	190.022	5601	0	25
2024.03.07	00:00:00	190.096	190.096	189.135	189.302	11261	0	25
2024.03.07	04:00:00	189.303	189.316	188.394	188.407	10369	0	24
2024.03.07	08:00:00	188.401	188.780	188.236	188.558	11362	0	25
2024.03.07	12:00:00	188.554	189.510	188.226	189.445	14183	0	24
2024.03.07	16:00:00	189.441	189.678	189.252	189.513	9921	0	25
2024.03.07	20:00:00	189.516	189.712	189.269	189.382	5296	0	25
2024.03.08	00:00:00	189.451	189.711	189.108	189.301	9443	0	25
2024.03.08	04:00:00	189.301	189.590	189.225	189.334	8575	0	25
2024.03.08	08:00:00	189.335	189.612	188.381	188.712	14238	0	24
2024.03.08	12:00:00	188.713	189.489	188.641	189.371	18685	0	24
2024.03.08	16:00:00	189.375	189.419	188.769	189.039	10780	0	25
2024.03.08	20:00:00	189.042	189.098	188.947	189.087	2893	0	25
2024.03.10	20:00:00	188.968	189.113	188.584	188.713	4376	0	25
2024.03.11	00:00:00	188.709	188.980	188.452	188.814	9729	0	25
2024.03.11	04:00:00	188.811	188.965	188.491	188.496	7953	0	25
2024.03.11	08:00:00	188.495	188.592	188.132	188.436	10357	0	25
2024.03.11	12:00:00	188.441	188.593	187.949	188.049	11858	0	24
2024.03.11	16:00:00	188.049	188.291	187.976	188.231	8266	0	25
2024.03.11	20:00:00	188.219	188.284	188.001	188.095	4730	0	24
2024.03.12	00:00:00	188.078	189.019	187.973	188.924	9167	0	25
2024.03.12	04:00:00	188.925	189.196	188.368	188.436	9892	0	25
2024.03.12	08:00:00	188.440	188.709	188.219	188.589	9811	0	24
2024.03.12	12:00:00	188.592	189.074	188.328	188.807	17511	0	24
2024.03.12	16:00:00	188.804	188.934	188.669	188.914	8030	0	25
2024.03.12	20:00:00	188.912	188.918	188.676	188.902	4364	0	25
2024.03.13	00:00:00	188.863	188.894	188.407	188.560	8109	0	25
2024.03.13	04:00:00	188.558	189.039	188.532	188.809	8343	0	25
2024.03.13	08:00:00	188.808	189.520	188.774	189.510	10433	0	24
2024.03.13	12:00:00	189.515	189.540	188.955	189.050	11156	0	24
2024.03.13	16:00:00	189.053	189.170	188.803	189.162	8760	0	25
2024.03.13	20:00:00	189.156	189.169	188.795	188.981	4363	0	25
2024.03.14	00:00:00	188.922	189.232	188.810	189.096	7323	0	25
2024.03.14	04:00:00	189.097	189.410	189.050	189.305	6804	0	24
2024.03.14	08:00:00	189.311	189.504	189.166	189.192	8371	0	24
2024.03.14	12:00:00	189.187	189.293	188.590	188.894	16744	0	25
2024.03.14	16:00:00	188.893	189.168	188.821	189.060	8350	0	25
2024.03.14	20:00:00	189.066	189.143	188.940	188.996	4312	0	25
2024.03.15	00:00:00	189.001	189.265	188.889	188.974	8291	0	25
2024.03.15	04:00:00	188.974	189.247	188.580	189.199	8526	0	24
2024.03.15	08:00:00	189.203	189.741	189.203	189.586	9432	0	24
2024.03.15	12:00:00	189.586	189.982	189.517	189.977	10704	0	24
2024.03.15	16:00:00	189.980	190.017	189.645	189.866	7186	0	25
2024.03.15	20:00:00	189.861	189.869	189.771	189.786	1094	0	65
2024.03.17	20:00:00	189.698	189.842	189.569	189.631	3110	0	25
2024.03.18	00:00:00	189.623	190.104	189.606	189.735	7168	0	24
2024.03.18	04:00:00	189.732	190.145	189.729	189.989	6207	0	25
2024.03.18	08:00:00	189.986	190.110	189.828	189.893	8013	0	25
2024.03.18	12:00:00	189.894	190.049	189.804	189.879	9132	0	24
2024.03.18	16:00:00	189.879	189.933	189.522	189.827	7392	0	24
2024.03.18	20:00:00	189.838	189.855	189.609	189.819	4220	0	25
2024.03.19	00:00:00	189.806	190.699	189.625	190.449	12356	0	25
2024.03.19	04:00:00	190.450	191.190	190.420	190.808	16495	0	24
2024.03.19	08:00:00	190.812	191.002	190.612	190.864	11417	0	24
2024.03.19	12:00:00	190.869	191.668	190.823	191.581	10284	0	24
2024.03.19	16:00:00	191.587	192.156	191.584	191.921	6903	0	24
2024.03.19	20:00:00	191.925	192.129	191.694	192.090	4017	0	25
2024.03.20	00:00:00	192.053	192.518	192.031	192.518	7219	0	24
2024.03.20	04:00:00	192.521	192.846	192.367	192.597	8020	0	25
2024.03.20	08:00:00	192.596	192.649	192.291	192.557	9120	0	25
2024.03.20	12:00:00	192.552	192.772	192.419	192.755	8720	0	24
2024.03.20	16:00:00	192.754	193.270	192.432	193.248	16401	0	25
2024.03.20	20:00:00	193.260	193.507	192.834	192.913	7364	0	24
2024.03.21	00:00:00	192.907	192.979	192.341	192.566	11430	0	24
2024.03.21	04:00:00	192.566	193.335	192.509	193.321	9601	0	25
2024.03.21	08:00:00	193.318	193.495	192.618	192.622	12749	0	24
2024.03.21	12:00:00	192.627	192.677	191.863	192.023	13876	0	25
2024.03.21	16:00:00	192.023	192.222	191.874	191.888	7403	0	25
2024.03.21	20:00:00	191.888	192.032	191.698	191.975	3854	0	25
2024.03.22	00:00:00	191.963	192.224	191.445	191.616	9266	0	25
2024.03.22	04:00:00	191.616	191.668	190.709	190.885	8513	0	25
2024.03.22	08:00:00	190.890	190.959	190.495	190.593	9447	0	24
2024.03.22	12:00:00	190.588	190.867	190.381	190.703	12344	0	25
2024.03.22	16:00:00	190.698	190.796	190.547	190.687	6767	0	25
2024.03.22	20:00:00	190.697	190.802	190.632	190.777	1046	0	65
2024.03.24	20:00:00	190.602	190.746	190.332	190.619	3617	0	25
2024.03.25	00:00:00	190.605	190.788	190.433	190.644	8755	0	24
2024.03.25	04:00:00	190.641	190.845	190.585	190.693	6229	0	25
2024.03.25	08:00:00	190.694	191.253	190.598	191.170	8190	0	24
2024.03.25	12:00:00	191.176	191.494	191.018	191.449	7927	0	24
2024.03.25	16:00:00	191.452	191.553	191.347	191.367	4975	0	25
2024.03.25	20:00:00	191.366	191.404	191.219	191.289	2988	0	25
2024.03.26	00:00:00	191.279	191.373	191.199	191.325	6135	0	25
2024.03.26	04:00:00	191.322	191.533	191.259	191.425	5223	0	25
2024.03.26	08:00:00	191.426	191.670	191.170	191.541	7936	0	24
2024.03.26	12:00:00	191.544	191.565	191.088	191.411	8809	0	25
2024.03.26	16:00:00	191.410	191.437	191.240	191.309	5684	0	25
2024.03.26	20:00:00	191.309	191.370	191.084	191.221	3812	0	25
2024.03.27	00:00:00	191.204	191.521	191.041	191.219	8197	0	25
2024.03.27	04:00:00	191.219	191.499	191.139	191.462	6553	0	25
2024.03.27	08:00:00	191.467	191.510	190.593	190.652	12465	0	24
2024.03.27	12:00:00	190.651	191.042	190.494	190.995	9213	0	25
2024.03.27	16:00:00	190.995	191.116	190.928	191.074	5526	0	24
2024.03.27	20:00:00	191.074	191.158	190.770	190.822	4949	0	25
2024.03.28	00:00:00	190.822	191.242	190.762	191.065	6501	0	25
2024.03.28	04:00:00	191.064	191.159	190.873	190.985	5367	0	25
2024.03.28	08:00:00	190.991	191.036	190.558	190.844	7427	0	25
2024.03.28	12:00:00	190.844	191.317	190.830	191.093	10919	0	25
2024.03.28	16:00:00	191.097	191.231	190.915	190.967	6923	0	24
2024.03.28	20:00:00	190.967	191.195	190.941	191.117	4823	0	26
2024.03.29	00:00:00	191.110	191.198	190.784	190.929	6729	0	25
2024.03.29	04:00:00	190.929	191.145	190.846	190.930	5053	0	26
2024.03.29	08:00:00	190.930	191.070	190.710	190.789	4301	0	26
2024.03.29	12:00:00	190.789	191.077	190.636	190.832	5314	0	241
2024.03.29	16:00:00	190.838	190.850	190.582	190.583	3533	0	367
2024.03.29	20:00:00	190.583	190.892	190.532	190.845	1244	0	500
2024.03.31	20:00:00	191.033	191.342	190.880	191.329	4087	0	25
2024.04.01	00:00:00	191.325	191.332	190.988	191.204	6403	0	25
2024.04.01	04:00:00	191.204	191.238	190.972	190.991	5286	0	25
2024.04.01	08:00:00	190.991	191.100	190.844	190.963	4802	0	25
2024.04.01	12:00:00	190.961	191.039	190.265	190.288	9062	0	24
2024.04.01	16:00:00	190.288	190.342	190.170	190.242	4566	0	24
2024.04.01	20:00:00	190.238	190.335	190.151	190.170	3177	0	25
2024.04.02	00:00:00	190.182	190.408	190.032	190.315	6084	0	25
2024.04.02	04:00:00	190.320	190.497	190.229	190.404	6192	0	25
2024.04.02	08:00:00	190.399	190.704	190.291	190.672	7034	0	24
2024.04.02	12:00:00	190.671	190.709	190.327	190.546	9747	0	24
2024.04.02	16:00:00	190.546	190.620	190.490	190.603	4345	0	25
2024.04.02	20:00:00	190.607	190.648	190.462	190.584	2811	0	25
2024.04.03	00:00:00	190.571	190.668	190.410	190.639	5398	0	24
2024.04.03	04:00:00	190.634	190.740	190.568	190.591	5740	0	24
2024.04.03	08:00:00	190.586	190.981	190.573	190.885	6823	0	25
2024.04.03	12:00:00	190.880	191.678	190.829	191.599	11131	0	25
2024.04.03	16:00:00	191.602	191.919	191.560	191.840	6197	0	24
2024.04.03	20:00:00	191.845	191.904	191.636	191.761	3371	0	25
2024.04.04	00:00:00	191.755	191.935	191.717	191.895	5020	0	24
2024.04.04	04:00:00	191.895	192.176	191.828	192.063	5664	0	25
2024.04.04	08:00:00	192.065	192.219	191.914	191.955	6573	0	24
2024.04.04	12:00:00	191.958	192.241	191.937	192.090	8304	0	25
2024.04.04	16:00:00	192.094	192.161	191.011	191.099	8429	0	24
2024.04.04	20:00:00	191.111	191.333	191.081	191.217	4414	0	25
2024.04.05	00:00:00	191.210	191.260	190.666	190.970	8959	0	25
2024.04.05	04:00:00	190.970	191.109	190.753	191.085	6922	0	25
2024.04.05	08:00:00	191.079	191.398	191.021	191.213	6856	0	25
2024.04.05	12:00:00	191.209	191.544	190.776	191.455	13077	0	25
2024.04.05	16:00:00	191.460	191.609	191.408	191.562	6208	0	25
2024.04.05	20:00:00	191.562	191.598	191.523	191.596	637	0	66
2024.04.07	20:00:00	191.380	191.529	191.311	191.487	3734	0	25
2024.04.08	00:00:00	191.471	191.821	191.365	191.680	7579	0	24
2024.04.08	04:00:00	191.680	191.800	191.593	191.756	6871	0	25
2024.04.08	08:00:00	191.758	191.852	191.631	191.702	7067	0	25
2024.04.08	12:00:00	191.702	192.129	191.617	192.047	9169	0	25
2024.04.08	16:00:00	192.047	192.177	191.951	192.105	5557	0	25
2024.04.08	20:00:00	192.105	192.215	191.972	192.172	3064	0	25
2024.04.09	00:00:00	192.172	192.267	192.101	192.154	5539	0	25
2024.04.09	04:00:00	192.154	192.337	192.124	192.202	5464	0	25
2024.04.09	08:00:00	192.206	192.659	192.137	192.516	7135	0	25
2024.04.09	12:00:00	192.519	192.847	192.141	192.265	10077	0	24
2024.04.09	16:00:00	192.265	192.342	192.077	192.292	5645	0	25
2024.04.09	20:00:00	192.292	192.406	192.182	192.401	3281	0	25
2024.04.10	00:00:00	192.397	192.411	192.246	192.358	6005	0	25
2024.04.10	04:00:00	192.361	192.658	192.314	192.653	5369	0	25
2024.04.10	08:00:00	192.652	192.886	192.574	192.736	5579	0	24
2024.04.10	12:00:00	192.737	192.930	191.530	191.766	20540	0	24
2024.04.10	16:00:00	191.766	191.849	191.461	191.810	10903	0	24
2024.04.10	20:00:00	191.811	192.100	191.589	191.757	5411	0	25
2024.04.11	00:00:00	191.740	191.871	191.552	191.868	7791	0	24
2024.04.11	04:00:00	191.873	192.371	191.780	192.338	7572	0	25
2024.04.11	08:00:00	192.332	192.572	191.811	191.945	9277	0	25
2024.04.11	12:00:00	191.945	192.340	191.763	192.005	14314	0	25
2024.04.11	16:00:00	192.011	192.406	191.999	192.377	7746	0	25
2024.04.11	20:00:00	192.368	192.404	192.226	192.334	3458	0	25
2024.04.12	00:00:00	192.322	192.392	192.046	192.190	6854	0	25
2024.04.12	04:00:00	192.190	192.212	191.706	191.850	7851	0	25
2024.04.12	08:00:00	191.852	191.886	190.976	191.002	9092	0	25
2024.04.12	12:00:00	191.006	191.054	189.984	190.714	15089	0	25
2024.04.12	16:00:00	190.711	190.860	190.480	190.687	9052	0	24
2024.04.12	20:00:00	190.686	190.848	190.678	190.755	1048	0	65
2024.04.14	20:00:00	190.484	191.051	190.320	191.011	4604	0	25
2024.04.15	00:00:00	191.004	191.571	190.886	191.475	8657	0	24
2024.04.15	04:00:00	191.474	191.996	191.465	191.994	8954	0	25
2024.04.15	08:00:00	191.994	192.330	191.869	192.050	9626	0	25
2024.04.15	12:00:00	192.048	192.707	191.739	192.254	15532	0	25
2024.04.15	16:00:00	192.251	192.337	191.738	191.960	9807	0	24
2024.04.15	20:00:00	191.950	191.992	191.743	191.942	4321	0	25
2024.04.16	00:00:00	191.930	191.999	191.677	191.825	8456	0	25
2024.04.16	04:00:00	191.826	192.230	191.633	192.029	9064	0	25
2024.04.16	08:00:00	192.026	192.652	191.968	192.615	9287	0	25
2024.04.16	12:00:00	192.615	192.806	191.872	192.204	15765	0	24
2024.04.16	16:00:00	192.202	192.490	192.006	192.198	11385	0	25
2024.04.16	20:00:00	192.210	192.326	192.117	192.289	4120	0	25
2024.04.17	00:00:00	192.291	192.379	192.149	192.224	6814	0	24
2024.04.17	04:00:00	192.223	192.740	191.996	192.557	8931	0	25
2024.04.17	08:00:00	192.557	192.812	192.544	192.619	8415	0	25
2024.04.17	12:00:00	192.618	192.833	192.320	192.358	11238	0	25
2024.04.17	16:00:00	192.356	192.380	191.673	192.146	12634	0	24
2024.04.17	20:00:00	192.152	192.272	192.005	192.206	4320	0	25
2024.04.18	00:00:00	192.183	192.357	191.894	192.315	8491	0	25
2024.04.18	04:00:00	192.315	192.502	192.254	192.397	7538	0	25
2024.04.18	08:00:00	192.393	192.766	192.332	192.523	8050	0	24
2024.04.18	12:00:00	192.529	192.743	192.222	192.680	11907	0	25
2024.04.18	16:00:00	192.680	192.721	192.222	192.284	8037	0	25
2024.04.18	20:00:00	192.284	192.352	192.115	192.254	3432	0	25
2024.04.19	00:00:00	192.253	192.263	190.293	191.595	18495	0	24
2024.04.19	04:00:00	191.600	192.354	191.271	192.298	12508	0	25
2024.04.19	08:00:00	192.299	192.423	191.982	192.310	9623	0	25
2024.04.19	12:00:00	192.312	192.716	191.564	191.584	12231	0	24
2024.04.19	16:00:00	191.584	191.670	191.158	191.256	8893	0	25
2024.04.19	20:00:00	191.257	191.323	191.234	191.265	1025	0	66
2024.04.21	20:00:00	191.167	191.391	190.991	191.361	4059	0	25
2024.04.22	00:00:00	191.357	191.650	191.301	191.522	7471	0	24
2024.04.22	04:00:00	191.521	191.691	190.954	191.268	7284	0	25
2024.04.22	08:00:00	191.271	191.350	190.462	190.582	8627	0	25
2024.04.22	12:00:00	190.583	190.998	190.312	190.960	9289	0	25
2024.04.22	16:00:00	190.960	191.357	190.955	191.223	5625	0	25
2024.04.22	20:00:00	191.226	191.246	191.031	191.177	2868	0	25
2024.04.23	00:00:00	191.182	191.272	191.037	191.156	6364	0	25
2024.04.23	04:00:00	191.155	191.567	190.825	191.425	7653	0	24
2024.04.23	08:00:00	191.419	191.966	191.080	191.954	9156	0	25
2024.04.23	12:00:00	191.952	192.753	191.722	192.446	13371	0	25
2024.04.23	16:00:00	192.450	192.836	192.406	192.708	7034	0	24
2024.04.23	20:00:00	192.704	192.758	192.516	192.719	3230	0	25
2024.04.24	00:00:00	192.721	192.950	192.676	192.868	5510	0	25
2024.04.24	04:00:00	192.868	192.932	192.452	192.533	6535	0	25
2024.04.24	08:00:00	192.534	192.764	192.402	192.646	6338	0	25
2024.04.24	12:00:00	192.646	192.949	192.449	192.828	13580	0	25
2024.04.24	16:00:00	192.827	193.578	192.803	193.535	7090	0	24
2024.04.24	20:00:00	193.532	193.614	193.264	193.440	3703	0	25
2024.04.25	00:00:00	193.441	193.789	193.441	193.747	6516	0	24
2024.04.25	04:00:00	193.747	194.683	193.729	194.616	8068	0	25
2024.04.25	08:00:00	194.622	194.941	194.449	194.629	8036	0	25
2024.04.25	12:00:00	194.630	194.700	193.598	194.266	16685	0	25
2024.04.25	16:00:00	194.266	194.805	194.232	194.707	8565	0	24
2024.04.25	20:00:00	194.707	194.749	194.478	194.628	3878	0	25
2024.04.26	00:00:00	194.628	195.148	194.344	194.915	9896	0	24
2024.04.26	04:00:00	194.916	196.085	194.912	195.952	10538	0	24
2024.04.26	08:00:00	195.947	196.407	193.958	196.178	25061	0	24
2024.04.26	12:00:00	196.180	196.617	195.863	196.564	15789	0	25
2024.04.26	16:00:00	196.567	197.317	196.546	197.304	7968	0	25
2024.04.26	20:00:00	197.302	197.884	197.223	197.812	2069	0	68
2024.04.28	20:00:00	197.032	197.922	197.008	197.888	4592	0	25
2024.04.29	00:00:00	197.890	200.572	197.693	199.598	24163	0	25
2024.04.29	04:00:00	199.597	199.839	193.601	194.919	116730	0	24
2024.04.29	08:00:00	194.913	195.984	194.427	195.749	19356	0	24
2024.04.29	12:00:00	195.743	196.706	195.668	196.656	10979	0	62
2024.04.29	16:00:00	196.657	196.759	194.875	195.881	12287	0	62
2024.04.29	20:00:00	195.882	196.398	195.743	196.293	4760	0	100
2024.04.30	00:00:00	196.283	196.994	196.051	196.578	8065	0	99
2024.04.30	04:00:00	196.579	196.697	196.101	196.695	8228	0	99
2024.04.30	08:00:00	196.700	196.999	196.449	196.806	8878	0	42
2024.04.30	12:00:00	196.805	197.360	196.562	197.090	13904	0	42
2024.04.30	16:00:00	197.089	197.205	196.867	196.910	7344	0	42
2024.04.30	20:00:00	196.900	197.097	196.625	196.974	4864	0	100
2024.05.01	00:00:00	196.972	197.074	196.856	196.944	5395	0	99
2024.05.01	04:00:00	196.942	197.199	196.832	197.098	5816	0	42
2024.05.01	08:00:00	197.099	197.413	196.980	197.094	6614	0	42
2024.05.01	12:00:00	197.091	197.164	196.526	196.839	10505	0	42
2024.05.01	16:00:00	196.842	197.202	196.637	196.689	12714	0	42
2024.05.01	20:00:00	196.688	196.886	191.520	195.209	15892	0	42
2024.05.02	00:00:00	195.205	195.739	195.092	195.385	10933	0	42
2024.05.02	04:00:00	195.386	195.615	194.369	194.805	12049	0	42
2024.05.02	08:00:00	194.795	194.888	193.510	193.637	11141	0	42
2024.05.02	12:00:00	193.639	193.774	191.861	192.318	15025	0	42
2024.05.02	16:00:00	192.314	192.558	191.838	192.004	11128	0	42
2024.05.02	20:00:00	192.001	192.707	191.678	192.000	6894	0	74
2024.05.03	00:00:00	192.003	192.350	191.730	192.035	8620	0	74
2024.05.03	04:00:00	192.035	192.331	191.750	192.330	8400	0	74
2024.05.03	08:00:00	192.324	192.515	192.085	192.301	9470	0	74
2024.05.03	12:00:00	192.291	192.472	191.338	191.755	14689	0	74
2024.05.03	16:00:00	191.753	191.959	191.573	191.736	7301	0	74
2024.05.03	20:00:00	191.728	191.836	191.669	191.819	998	0	198
2024.05.05	20:00:00	191.734	192.712	191.518	192.657	3649	0	75
2024.05.06	00:00:00	192.657	193.148	192.415	193.091	7621	0	74
2024.05.06	04:00:00	193.091	193.314	192.922	193.272	7773	0	74
2024.05.06	08:00:00	193.269	193.492	193.217	193.340	7750	0	42
2024.05.06	12:00:00	193.340	193.644	193.149	193.431	9560	0	42
2024.05.06	16:00:00	193.430	193.473	193.256	193.284	6658	0	42
2024.05.06	20:00:00	193.283	193.761	193.204	193.704	3868	0	25
2024.05.07	00:00:00	193.706	194.086	193.393	194.068	9481	0	25
2024.05.07	04:00:00	194.068	194.122	193.127	193.215	9871	0	24
2024.05.07	08:00:00	193.210	193.891	192.980	193.831	10168	0	25
2024.05.07	12:00:00	193.828	194.023	193.641	193.725	10857	0	25
2024.05.07	16:00:00	193.730	193.736	193.361	193.414	7762	0	24
2024.05.07	20:00:00	193.412	193.561	193.212	193.484	3541	0	25
2024.05.08	00:00:00	193.485	193.851	193.351	193.743	8663	0	25
2024.05.08	04:00:00	193.742	193.982	193.627	193.726	8658	0	24
2024.05.08	08:00:00	193.721	194.263	193.633	194.104	10543	0	25
2024.05.08	12:00:00	194.106	194.402	194.053	194.304	10961	0	25
2024.05.08	16:00:00	194.304	194.502	194.256	194.453	6115	0	25
2024.05.08	20:00:00	194.450	194.450	194.080	194.108	3527	0	25
2024.05.09	00:00:00	194.111	194.454	193.830	194.379	8128	0	25
2024.05.09	04:00:00	194.379	194.474	194.277	194.428	7152	0	24
2024.05.09	08:00:00	194.427	194.849	194.061	194.362	11469	0	25
2024.05.09	12:00:00	194.369	194.783	194.286	194.647	13468	0	25
2024.05.09	16:00:00	194.652	194.810	194.584	194.602	6970	0	24
2024.05.09	20:00:00	194.601	194.721	194.472	194.615	3509	0	25
2024.05.10	00:00:00	194.617	194.982	194.592	194.921	7105	0	24
2024.05.10	04:00:00	194.922	195.304	194.738	195.075	8390	0	25
2024.05.10	08:00:00	195.072	195.219	194.959	195.108	8770	0	25
2024.05.10	12:00:00	195.103	195.221	194.818	195.209	10835	0	24
2024.05.10	16:00:00	195.211	195.333	195.105	195.117	5991	0	25
2024.05.10	20:00:00	195.130	195.172	195.025	195.084	816	0	67
2024.05.12	20:00:00	194.867	195.156	194.793	195.122	2631	0	25
2024.05.13	00:00:00	195.121	195.257	194.733	195.111	8025	0	24
2024.05.13	04:00:00	195.110	195.341	195.045	195.205	6894	0	25
2024.05.13	08:00:00	195.208	195.656	195.099	195.555	7458	0	24
2024.05.13	12:00:00	195.554	196.161	195.442	196.153	9942	0	25
2024.05.13	16:00:00	196.153	196.268	196.051	196.095	5403	0	25
2024.05.13	20:00:00	196.095	196.242	195.965	196.213	2997	0	25
2024.05.14	00:00:00	196.214	196.479	196.185	196.433	6029	0	25
2024.05.14	04:00:00	196.439	196.616	196.248	196.386	6761	0	24
2024.05.14	08:00:00	196.391	196.467	195.713	196.367	8316	0	24
2024.05.14	12:00:00	196.362	197.048	196.220	196.996	13080	0	24
2024.05.14	16:00:00	196.997	197.012	196.856	196.946	5125	0	25
2024.05.14	20:00:00	196.948	197.013	196.774	196.957	2636	0	25
2024.05.15	00:00:00	196.954	197.083	196.761	197.014	5696	0	25
2024.05.15	04:00:00	197.014	197.014	196.470	196.586	7667	0	25
2024.05.15	08:00:00	196.581	196.746	196.129	196.352	9934	0	24
2024.05.15	12:00:00	196.353	196.595	195.860	196.185	17976	0	24
2024.05.15	16:00:00	196.184	196.527	196.099	196.511	8087	0	24
2024.05.15	20:00:00	196.514	196.519	195.667	195.774	5623	0	24
2024.05.16	00:00:00	195.770	196.046	195.039	195.405	13758	0	24
2024.05.16	04:00:00	195.403	195.837	195.147	195.789	10400	0	24
2024.05.16	08:00:00	195.786	196.196	195.673	196.002	9484	0	25
2024.05.16	12:00:00	196.007	196.866	195.798	196.847	12666	0	25
2024.05.16	16:00:00	196.846	196.900	196.660	196.877	6248	0	25
2024.05.16	20:00:00	196.876	196.945	196.720	196.904	3009	0	25
2024.05.17	00:00:00	196.904	197.322	196.782	197.193	8033	0	25
2024.05.17	04:00:00	197.193	197.323	197.025	197.204	7561	0	25
2024.05.17	08:00:00	197.204	197.289	197.080	197.205	7113	0	25
2024.05.17	12:00:00	197.205	197.599	197.125	197.599	10610	0	24
2024.05.17	16:00:00	197.593	197.848	197.523	197.769	5801	0	24
2024.05.17	20:00:00	197.772	197.815	197.633	197.659	847	0	68
2024.05.19	20:00:00	197.486	197.981	197.388	197.902	2700	0	25
2024.05.20	00:00:00	197.906	198.088	197.740	197.833	6881	0	25
2024.05.20	04:00:00	197.834	197.971	197.381	197.680	7735	0	25
2024.05.20	08:00:00	197.675	197.855	197.642	197.714	7057	0	24
2024.05.20	12:00:00	197.714	198.442	197.694	198.300	10580	0	25
2024.05.20	16:00:00	198.301	198.635	198.281	198.582	4763	0	25
2024.05.20	20:00:00	198.582	198.779	198.276	198.771	2928	0	25
2024.05.21	00:00:00	198.771	198.882	198.646	198.808	6185	0	25
2024.05.21	04:00:00	198.807	198.902	198.418	198.600	8191	0	25
2024.05.21	08:00:00	198.600	198.828	198.399	198.712	7984	0	24
2024.05.21	12:00:00	198.717	198.832	198.259	198.347	12062	0	25
2024.05.21	16:00:00	198.345	198.599	198.316	198.510	5610	0	25
2024.05.21	20:00:00	198.511	198.649	198.271	198.603	2919	0	25
2024.05.22	00:00:00	198.607	198.781	198.519	198.700	6540	0	25
2024.05.22	04:00:00	198.702	199.529	198.627	199.358	8105	0	24
2024.05.22	08:00:00	199.358	199.372	198.866	199.004	8729	0	24
2024.05.22	12:00:00	199.008	199.397	198.991	199.290	10663	0	24
2024.05.22	16:00:00	199.285	199.487	199.018	199.239	7969	0	25
2024.05.22	20:00:00	199.244	199.394	199.134	199.366	3670	0	25
2024.05.23	00:00:00	199.366	199.582	199.306	199.523	6631	0	25
2024.05.23	04:00:00	199.523	199.577	199.084	199.457	8223	0	25
2024.05.23	08:00:00	199.449	199.711	199.124	199.484	8961	0	25
2024.05.23	12:00:00	199.489	199.885	199.204	199.709	15821	0	25
2024.05.23	16:00:00	199.708	199.752	199.011	199.104	8707	0	25
2024.05.23	20:00:00	199.116	199.295	199.062	199.234	3588	0	25
2024.05.24	00:00:00	199.228	199.431	199.115	199.235	6408	0	25
2024.05.24	04:00:00	199.235	199.474	199.042	199.399	6935	0	25
2024.05.24	08:00:00	199.401	199.707	199.333	199.665	7328	0	25
2024.05.24	12:00:00	199.667	200.052	199.653	199.925	10621	0	25
2024.05.24	16:00:00	199.924	199.976	199.745	199.855	5907	0	25
2024.05.24	20:00:00	199.856	199.926	199.784	199.900	636	0	69
2024.05.26	20:00:00	199.805	199.910	199.667	199.750	3029	0	25
2024.05.27	00:00:00	199.749	199.848	199.603	199.663	5920	0	24
2024.05.27	04:00:00	199.662	199.994	199.612	199.908	5418	0	25
2024.05.27	08:00:00	199.909	200.138	199.809	200.037	5347	0	25
2024.05.27	12:00:00	200.037	200.383	199.885	200.339	7127	0	25
2024.05.27	16:00:00	200.342	200.425	200.256	200.331	2366	0	25
2024.05.27	20:00:00	200.331	200.420	200.191	200.306	2363	0	25
2024.05.28	00:00:00	200.307	200.411	200.182	200.216	6456	0	24
2024.05.28	04:00:00	200.217	200.458	200.140	200.388	6984	0	25
2024.05.28	08:00:00	200.387	200.518	200.241	200.467	7428	0	25
2024.05.28	12:00:00	200.466	200.617	200.341	200.582	10484	0	25
2024.05.28	16:00:00	200.577	200.642	200.385	200.539	6966	0	24
2024.05.28	20:00:00	200.540	200.671	200.428	200.634	3095	0	25
2024.05.29	00:00:00	200.633	200.738	200.503	200.573	6611	0	24
2024.05.29	04:00:00	200.572	200.604	200.115	200.580	8235	0	24
2024.05.29	08:00:00	200.574	200.600	200.285	200.487	9265	0	25
2024.05.29	12:00:00	200.486	200.580	200.036	200.365	11511	0	24
2024.05.29	16:00:00	200.363	200.514	200.219	200.265	6609	0	25
2024.05.29	20:00:00	200.278	200.290	199.968	200.146	2907	0	25
2024.05.30	00:00:00	200.147	200.147	199.639	199.782	7882	0	25
2024.05.30	04:00:00	199.783	199.797	198.741	199.468	11145	0	25
2024.05.30	08:00:00	199.468	199.663	199.152	199.192	9941	0	25
2024.05.30	12:00:00	199.193	199.721	198.992	199.505	12942	0	25
2024.05.30	16:00:00	199.505	199.758	199.503	199.654	6086	0	24
2024.05.30	20:00:00	199.662	199.835	199.463	199.820	3628	0	25
2024.05.31	00:00:00	199.818	199.878	199.233	199.487	9297	0	24
2024.05.31	04:00:00	199.488	199.674	199.273	199.655	9005	0	24
2024.05.31	08:00:00	199.660	200.257	199.626	199.820	9568	0	25
2024.05.31	12:00:00	199.820	200.235	199.631	200.165	14816	0	24
2024.05.31	16:00:00	200.162	200.480	200.011	200.386	7334	0	25
2024.05.31	20:00:00	200.372	200.480	200.303	200.364	1083	0	69
2024.06.02	20:00:00	200.200	200.445	200.090	200.308	3231	0	25
2024.06.03	00:00:00	200.309	200.586	200.149	200.535	7025	0	25
2024.06.03	04:00:00	200.531	200.636	199.742	199.784	7657	0	24
2024.06.03	08:00:00	199.779	199.791	199.209	199.648	10564	0	25
2024.06.03	12:00:00	199.643	199.901	199.349	199.609	13518	0	24
2024.06.03	16:00:00	199.609	200.000	199.396	199.954	8279	0	25
2024.06.03	20:00:00	199.954	200.140	199.701	199.940	3683	0	25
2024.06.04	00:00:00	199.939	200.407	199.849	200.314	7684	0	25
2024.06.04	04:00:00	200.313	200.358	198.700	198.749	10156	0	24
2024.06.04	08:00:00	198.752	198.791	197.192	197.618	16362	0	24
2024.06.04	12:00:00	197.620	198.142	197.398	197.956	15857	0	25
2024.06.04	16:00:00	197.960	198.029	197.623	197.627	8811	0	24
2024.06.04	20:00:00	197.636	198.171	197.575	198.111	3269	0	25
2024.06.05	00:00:00	198.105	198.776	198.086	198.568	8905	0	24
2024.06.05	04:00:00	198.573	199.516	198.511	199.416	9456	0	25
2024.06.05	08:00:00	199.421	199.617	199.202	199.520	9132	0	24
2024.06.05	12:00:00	199.521	199.742	199.158	199.465	14467	0	25
2024.06.05	16:00:00	199.463	199.735	199.357	199.634	6857	0	24
2024.06.05	20:00:00	199.634	199.684	199.219	199.459	3846	0	25
2024.06.06	00:00:00	199.461	199.479	198.971	199.094	8962	0	24
2024.06.06	04:00:00	199.094	199.915	199.094	199.898	9675	0	25
2024.06.06	08:00:00	199.896	199.930	199.296	199.452	8774	0	25
2024.06.06	12:00:00	199.452	199.797	199.224	199.392	13923	0	25
2024.06.06	16:00:00	199.391	199.450	198.820	198.983	7726	0	24
2024.06.06	20:00:00	198.988	199.170	198.850	199.141	3165	0	25
2024.06.07	00:00:00	199.140	199.367	198.986	199.176	7413	0	25
2024.06.07	04:00:00	199.177	199.178	198.385	198.928	9648	0	25
2024.06.07	08:00:00	198.929	199.276	198.564	199.258	9592	0	25
2024.06.07	12:00:00	199.257	199.804	199.000	199.257	17953	0	24
2024.06.07	16:00:00	199.251	199.415	199.121	199.374	8444	0	25
2024.06.07	20:00:00	199.375	199.430	199.303	199.362	1018	0	68
2024.06.09	20:00:00	199.368	199.703	199.196	199.602	3981	0	25
2024.06.10	00:00:00	199.598	199.911	199.472	199.793	7347	0	25
2024.06.10	04:00:00	199.795	199.830	199.470	199.740	9375	0	24
2024.06.10	08:00:00	199.742	199.802	198.926	199.454	10382	0	25
2024.06.10	12:00:00	199.460	199.797	199.303	199.780	10499	0	24
2024.06.10	16:00:00	199.779	200.040	199.776	199.861	6365	0	25
2024.06.10	20:00:00	199.860	199.937	199.721	199.839	3210	0	25
2024.06.11	00:00:00	199.839	200.301	199.839	200.222	6008	0	25
2024.06.11	04:00:00	200.222	200.390	199.948	200.168	7492	0	24
2024.06.11	08:00:00	200.168	200.387	199.945	200.115	10738	0	25
2024.06.11	12:00:00	200.111	200.227	199.674	200.134	12322	0	24
2024.06.11	16:00:00	200.134	200.329	200.002	200.125	6518	0	25
2024.06.11	20:00:00	200.124	200.206	199.989	200.149	2408	0	25
2024.06.12	00:00:00	200.144	200.329	200.054	200.282	6269	0	25
2024.06.12	04:00:00	200.283	200.559	200.210	200.511	6279	0	25
2024.06.12	08:00:00	200.512	200.902	200.496	200.750	7535	0	25
2024.06.12	12:00:00	200.751	200.937	199.932	200.145	17579	0	24
2024.06.12	16:00:00	200.147	200.725	200.032	200.670	15741	0	25
2024.06.12	20:00:00	200.669	200.758	200.280	200.635	4272	0	25
2024.06.13	00:00:00	200.632	200.801	200.494	200.718	7807	0	25
2024.06.13	04:00:00	200.718	201.185	200.658	201.119	7620	0	25
2024.06.13	08:00:00	201.115	201.301	200.645	200.664	8696	0	24
2024.06.13	12:00:00	200.664	201.014	200.008	200.072	14798	0	24
2024.06.13	16:00:00	200.072	200.490	199.679	200.450	8453	0	25
2024.06.13	20:00:00	200.451	200.505	200.205	200.378	3462	0	25
2024.06.14	00:00:00	200.378	201.449	200.095	201.248	11394	0	24
2024.06.14	04:00:00	201.248	201.607	200.670	200.712	15264	0	24
2024.06.14	08:00:00	200.711	200.866	199.227	199.525	19152	0	25
2024.06.14	12:00:00	199.526	199.722	198.913	199.477	16587	0	24
2024.06.14	16:00:00	199.476	199.658	199.367	199.578	6839	0	25
2024.06.14	20:00:00	199.578	199.699	199.527	199.654	985	0	69
2024.06.16	20:00:00	199.576	199.910	199.425	199.831	3845	0	25
2024.06.17	00:00:00	199.830	199.833	199.476	199.568	7458	0	25
2024.06.17	04:00:00	199.569	199.750	199.056	199.582	9725	0	25
2024.06.17	08:00:00	199.582	199.980	199.490	199.871	9418	0	25
2024.06.17	12:00:00	199.867	200.339	199.845	200.205	9553	0	25
2024.06.17	16:00:00	200.205	200.445	200.162	200.326	5660	0	25
2024.06.17	20:00:00	200.327	200.492	200.201	200.481	2720	0	25
2024.06.18	00:00:00	200.479	200.484	200.029	200.146	6670	0	25
2024.06.18	04:00:00	200.146	200.758	200.062	200.487	8177	0	25
2024.06.18	08:00:00	200.492	200.664	200.235	200.351	9205	0	25
2024.06.18	12:00:00	200.354	200.832	200.010	200.347	12920	0	25
2024.06.18	16:00:00	200.346	200.593	200.259	200.593	6581	0	25
2024.06.18	20:00:00	200.596	200.625	200.448	200.581	2871	0	25
2024.06.19	00:00:00	200.585	200.656	200.457	200.594	4825	0	25
2024.06.19	04:00:00	200.594	200.846	200.403	200.755	7818	0	24
2024.06.19	08:00:00	200.757	201.091	200.720	201.045	7825	0	24
2024.06.19	12:00:00	201.052	201.108	200.747	200.940	6457	0	25
2024.06.19	16:00:00	200.940	200.997	200.807	200.924	1613	0	25
2024.06.19	20:00:00	200.925	201.098	200.787	200.908	3174	0	25
2024.06.20	00:00:00	200.909	201.040	200.884	200.986	5018	0	25
2024.06.20	04:00:00	200.986	201.168	200.828	201.102	6941	0	25
2024.06.20	08:00:00	201.101	201.348	200.851	200.899	9785	0	25
2024.06.20	12:00:00	200.899	201.384	200.805	201.121	10749	0	25
2024.06.20	16:00:00	201.121	201.365	201.005	201.207	6617	0	25
2024.06.20	20:00:00	201.208	201.263	201.025	201.200	3554	0	25
2024.06.21	00:00:00	201.199	201.385	201.127	201.148	5609	0	25
2024.06.21	04:00:00	201.148	201.496	200.518	200.730	7451	0	25
2024.06.21	08:00:00	200.729	201.119	200.457	200.889	9908	0	24
2024.06.21	12:00:00	200.887	201.577	200.839	201.574	11902	0	24
2024.06.21	16:00:00	201.574	201.851	201.455	201.851	5969	0	25
2024.06.21	20:00:00	201.849	202.053	201.783	202.016	1120	0	69
2024.06.23	20:00:00	201.874	202.088	201.654	202.068	3302	0	25
2024.06.24	00:00:00	202.069	202.145	201.720	201.876	6602	0	25
2024.06.24	04:00:00	201.876	202.102	201.876	202.059	7166	0	24
2024.06.24	08:00:00	202.061	202.330	201.119	201.917	13481	0	25
2024.06.24	12:00:00	201.916	202.691	201.827	202.536	10966	0	25
2024.06.24	16:00:00	202.531	202.694	202.380	202.498	5482	0	25
2024.06.24	20:00:00	202.512	202.530	202.304	202.518	3609	0	25
2024.06.25	00:00:00	202.518	202.547	201.954	202.469	7898	0	24
2024.06.25	04:00:00	202.469	202.499	202.211	202.358	7542	0	25
2024.06.25	08:00:00	202.357	202.602	202.120	202.225	8550	0	24
2024.06.25	12:00:00	202.223	202.566	202.183	202.381	9696	0	25
2024.06.25	16:00:00	202.383	202.716	202.374	202.534	5163	0	25
2024.06.25	20:00:00	202.533	202.596	202.349	202.552	2874	0	25
2024.06.26	00:00:00	202.553	202.865	202.478	202.769	5725	0	24
2024.06.26	04:00:00	202.770	202.777	202.525	202.596	6715	0	25
2024.06.26	08:00:00	202.592	202.974	202.490	202.925	10985	0	25
2024.06.26	12:00:00	202.927	203.143	202.418	202.826	14298	0	25
2024.06.26	16:00:00	202.827	203.004	202.748	202.955	7176	0	25
2024.06.26	20:00:00	202.959	202.983	202.671	202.717	3466	0	25
2024.06.27	00:00:00	202.722	202.738	202.499	202.613	7048	0	25
2024.06.27	04:00:00	202.615	202.951	202.499	202.821	7840	0	25
2024.06.27	08:00:00	202.816	203.048	202.734	202.944	8273	0	25
2024.06.27	12:00:00	202.944	203.364	202.856	203.292	11847	0	25
2024.06.27	16:00:00	203.291	203.378	203.157	203.232	5608	0	25
2024.06.27	20:00:00	203.227	203.252	203.015	203.186	3283	0	25
2024.06.28	00:00:00	203.186	203.583	203.113	203.310	10214	0	24
2024.06.28	04:00:00	203.310	203.577	203.200	203.458	7725	0	24
2024.06.28	08:00:00	203.458	203.470	202.972	203.076	9660	0	25
2024.06.28	12:00:00	203.077	203.430	202.559	203.296	14805	0	24
2024.06.28	16:00:00	203.297	203.444	203.144	203.302	7330	0	25
2024.06.28	20:00:00	203.309	203.444	203.309	203.426	1091	0	70
2024.06.30	20:00:00	203.363	203.547	203.184	203.538	3364	0	25
2024.07.01	00:00:00	203.538	203.921	203.369	203.810	8154	0	25
2024.07.01	04:00:00	203.810	204.249	203.750	203.892	8597	0	25
2024.07.01	08:00:00	203.898	204.253	203.898	204.223	8309	0	25
2024.07.01	12:00:00	204.223	204.729	204.139	204.309	12226	0	25
2024.07.01	16:00:00	204.309	204.394	204.064	204.123	5822	0	25
2024.07.01	20:00:00	204.138	204.259	204.023	204.221	2920	0	25
2024.07.02	00:00:00	204.221	204.334	204.079	204.229	6098	0	25
2024.07.02	04:00:00	204.230	204.376	203.874	204.076	7540	0	25
2024.07.02	08:00:00	204.081	204.507	204.013	204.500	7761	0	25
2024.07.02	12:00:00	204.495	204.827	204.396	204.738	11520	0	24
2024.07.02	16:00:00	204.737	204.837	204.631	204.821	4539	0	25
2024.07.02	20:00:00	204.831	204.942	204.611	204.878	3036	0	25
2024.07.03	00:00:00	204.881	205.082	204.838	205.038	4657	0	24
2024.07.03	04:00:00	205.036	205.535	205.022	205.336	6956	0	25
2024.07.03	08:00:00	205.337	205.744	205.262	205.729	7174	0	25
2024.07.03	12:00:00	205.728	206.158	205.337	206.098	13996	0	25
2024.07.03	16:00:00	206.098	206.102	205.712	205.968	5466	0	25
2024.07.03	20:00:00	205.969	206.050	205.727	205.974	2712	0	25
2024.07.04	00:00:00	205.974	206.001	205.498	205.814	6891	0	24
2024.07.04	04:00:00	205.815	205.884	205.600	205.683	6300	0	25
2024.07.04	08:00:00	205.682	205.780	205.283	205.314	8025	0	24
2024.07.04	12:00:00	205.315	205.715	205.279	205.615	7585	0	24
2024.07.04	16:00:00	205.615	205.778	205.577	205.710	1914	0	25
2024.07.04	20:00:00	205.712	205.838	205.522	205.800	3350	0	25
2024.07.05	00:00:00	205.806	205.843	204.980	205.120	10036	0	25
2024.07.05	04:00:00	205.120	205.507	205.025	205.459	7473	0	25
2024.07.05	08:00:00	205.453	205.718	205.247	205.592	7169	0	25
2024.07.05	12:00:00	205.593	206.433	205.295	205.839	16523	0	24
2024.07.05	16:00:00	205.838	206.047	205.785	206.005	5544	0	25
2024.07.05	20:00:00	206.018	206.086	205.965	206.033	787	0	71
2024.07.07	20:00:00	205.637	205.940	205.579	205.710	3483	0	25
2024.07.08	00:00:00	205.709	205.795	205.287	205.643	8808	0	25
2024.07.08	04:00:00	205.642	206.219	205.596	206.161	8514	0	24
2024.07.08	08:00:00	206.162	206.621	206.157	206.604	8953	0	25
2024.07.08	12:00:00	206.604	206.653	206.032	206.195	10742	0	24
2024.07.08	16:00:00	206.193	206.193	205.887	205.935	4279	0	25
2024.07.08	20:00:00	205.946	206.151	205.779	206.132	2560	0	25
2024.07.09	00:00:00	206.134	206.289	205.984	206.213	5948	0	24
2024.07.09	04:00:00	206.213	206.254	205.853	205.948	7197	0	25
2024.07.09	08:00:00	205.943	206.442	205.881	206.217	8023	0	25
2024.07.09	12:00:00	206.215	206.577	206.150	206.332	11920	0	24
2024.07.09	16:00:00	206.332	206.336	206.167	206.259	5519	0	25
2024.07.09	20:00:00	206.262	206.349	206.049	206.302	2545	0	25
2024.07.10	00:00:00	206.302	206.605	206.285	206.504	5169	0	25
2024.07.10	04:00:00	206.504	206.641	206.448	206.582	5976	0	25
2024.07.10	08:00:00	206.581	206.986	206.521	206.791	7590	0	25
2024.07.10	12:00:00	206.791	207.784	206.717	207.683	9837	0	24
2024.07.10	16:00:00	207.683	207.811	207.598	207.745	4852	0	25
2024.07.10	20:00:00	207.738	207.753	207.443	207.701	2385	0	25
2024.07.11	00:00:00	207.696	207.942	207.572	207.863	5198	0	24
2024.07.11	04:00:00	207.863	208.090	207.825	207.951	6150	0	24
2024.07.11	08:00:00	207.951	208.091	207.897	207.998	6848	0	25
2024.07.11	12:00:00	207.998	208.105	203.831	204.822	66364	0	24
2024.07.11	16:00:00	204.823	205.073	204.637	205.051	9706	0	24
2024.07.11	20:00:00	205.041	205.918	203.831	204.565	27747	0	25
2024.07.12	00:00:00	204.559	205.661	204.170	205.524	20637	0	24
2024.07.12	04:00:00	205.522	205.979	205.179	205.825	11195	0	24
2024.07.12	08:00:00	205.826	206.326	205.772	206.028	9997	0	24
2024.07.12	12:00:00	206.024	206.069	204.159	205.020	32380	0	24
2024.07.12	16:00:00	205.015	205.216	204.854	204.924	7222	0	24
2024.07.12	20:00:00	204.938	205.111	204.887	205.063	994	0	71
2024.07.14	20:00:00	204.947	205.393	204.751	205.251	5048	0	25
2024.07.15	00:00:00	205.247	205.304	204.789	204.946	8584	0	25
2024.07.15	04:00:00	204.948	205.197	204.773	205.011	8069	0	24
2024.07.15	08:00:00	205.006	205.228	204.884	205.121	8809	0	25
2024.07.15	12:00:00	205.125	205.289	204.888	204.971	10419	0	25
2024.07.15	16:00:00	204.970	204.970	204.140	204.776	10514	0	24
2024.07.15	20:00:00	204.774	205.202	204.696	205.099	4178	0	25
2024.07.16	00:00:00	205.094	205.762	205.017	205.637	7553	0	25
2024.07.16	04:00:00	205.637	205.782	205.202	205.545	7937	0	24
2024.07.16	08:00:00	205.545	205.665	205.292	205.343	9115	0	24
2024.07.16	12:00:00	205.342	205.618	205.204	205.430	11596	0	24
2024.07.16	16:00:00	205.435	205.490	205.293	205.468	6384	0	24
2024.07.16	20:00:00	205.472	205.508	205.212	205.507	3865	0	25
2024.07.17	00:00:00	205.507	205.676	205.373	205.493	6762	0	24
2024.07.17	04:00:00	205.493	205.513	204.169	204.317	13261	0	25
2024.07.17	08:00:00	204.319	204.350	203.380	203.974	18495	0	24
2024.07.17	12:00:00	203.974	204.144	203.506	203.614	15505	0	24
2024.07.17	16:00:00	203.615	203.650	203.009	203.131	9497	0	24
2024.07.17	20:00:00	203.125	203.398	202.095	202.492	9984	0	25
2024.07.18	00:00:00	202.487	203.577	202.221	203.387	12650	0	25
2024.07.18	04:00:00	203.386	203.499	202.674	203.112	13590	0	24
2024.07.18	08:00:00	203.110	203.330	202.974	203.140	10499	0	25
2024.07.18	12:00:00	203.139	203.669	202.800	203.627	14299	0	25
2024.07.18	16:00:00	203.627	203.855	203.510	203.674	8754	0	25
2024.07.18	20:00:00	203.676	203.736	203.438	203.522	4691	0	25
2024.07.19	00:00:00	203.516	203.817	203.336	203.645	9212	0	24
2024.07.19	04:00:00	203.640	204.215	203.080	203.382	12248	0	24
2024.07.19	08:00:00	203.387	203.559	202.939	203.559	10516	0	24
2024.07.19	12:00:00	203.560	203.746	203.136	203.349	12241	0	24
2024.07.19	16:00:00	203.348	203.412	203.167	203.301	6075	0	25
2024.07.19	20:00:00	203.302	203.383	203.233	203.303	965	0	70
2024.07.21	20:00:00	203.194	203.587	203.129	203.581	4168	0	25
2024.07.22	00:00:00	203.577	203.601	203.367	203.498	7402	0	25
2024.07.22	04:00:00	203.497	203.501	201.875	202.646	14537	0	24
2024.07.22	08:00:00	202.645	203.073	202.379	202.722	11662	0	24
2024.07.22	12:00:00	202.725	203.014	202.404	202.760	11630	0	24
2024.07.22	16:00:00	202.761	203.111	202.737	203.052	4996	0	25
2024.07.22	20:00:00	203.050	203.148	202.758	202.879	3381	0	25
2024.07.23	00:00:00	202.879	202.910	201.952	202.073	10653	0	24
2024.07.23	04:00:00	202.073	202.370	201.427	201.545	11121	0	25
2024.07.23	08:00:00	201.539	201.694	201.138	201.619	11825	0	24
2024.07.23	12:00:00	201.618	201.829	201.287	201.480	11050	0	24
2024.07.23	16:00:00	201.479	201.519	200.736	200.803	6557	0	24
2024.07.23	20:00:00	200.801	201.035	200.650	200.935	3537	0	25
2024.07.24	00:00:00	200.941	201.167	199.829	199.847	12661	0	24
2024.07.24	04:00:00	199.848	199.860	198.953	199.217	16243	0	24
2024.07.24	08:00:00	199.213	199.814	198.932	199.185	13458	0	25
2024.07.24	12:00:00	199.186	199.241	197.759	198.206	18821	0	24
2024.07.24	16:00:00	198.211	198.800	198.178	198.678	8826	0	24
2024.07.24	20:00:00	198.685	198.705	198.077	198.513	5669	0	25
2024.07.25	00:00:00	198.509	198.574	196.257	196.371	19889	0	24
2024.07.25	04:00:00	196.370	197.138	195.926	196.218	16165	0	24
2024.07.25	08:00:00	196.215	196.820	195.857	196.576	15464	0	24
2024.07.25	12:00:00	196.571	198.492	196.362	198.331	26591	0	24
2024.07.25	16:00:00	198.333	198.796	197.659	197.780	12594	0	25
2024.07.25	20:00:00	197.776	197.946	197.173	197.577	7097	0	24
2024.07.26	00:00:00	197.571	198.170	197.209	197.786	13495	0	24
2024.07.26	04:00:00	197.786	198.376	197.445	197.988	11716	0	24
2024.07.26	08:00:00	197.991	199.128	197.924	199.001	12378	0	24
2024.07.26	12:00:00	199.001	199.017	196.878	197.904	21764	0	24
2024.07.26	16:00:00	197.898	198.078	197.773	197.917	7829	0	24
2024.07.26	20:00:00	197.918	197.955	197.788	197.831	757	0	69
2024.07.28	20:00:00	197.659	198.447	197.645	198.322	4866	0	25
2024.07.29	00:00:00	198.323	198.601	197.190	197.726	15245	0	24
2024.07.29	04:00:00	197.731	197.814	196.966	197.140	13458	0	24
2024.07.29	08:00:00	197.136	197.593	196.772	197.305	12680	0	24
2024.07.29	12:00:00	197.310	198.045	197.167	197.838	14018	0	24
2024.07.29	16:00:00	197.835	198.155	197.825	198.080	6828	0	25
2024.07.29	20:00:00	198.067	198.154	197.768	197.817	4796	0	25
2024.07.30	00:00:00	197.813	198.198	197.481	198.055	10017	0	25
2024.07.30	04:00:00	198.055	199.461	198.051	199.050	13054	0	25
2024.07.30	08:00:00	199.054	199.256	198.784	198.941	10219	0	24
2024.07.30	12:00:00	198.941	199.034	197.102	197.196	20959	0	24
2024.07.30	16:00:00	197.193	197.386	196.345	196.643	13851	0	24
2024.07.30	20:00:00	196.647	196.662	195.559	195.970	9202	0	24
2024.07.31	00:00:00	195.968	197.529	194.762	197.200	23872	0	24
2024.07.31	04:00:00	197.196	197.599	193.475	193.774	32157	0	24
2024.07.31	08:00:00	193.772	193.834	192.504	192.752	26270	0	24
2024.07.31	12:00:00	192.757	193.449	192.157	193.073	24456	0	24
2024.07.31	16:00:00	193.072	193.965	192.392	192.511	19665	0	24
2024.07.31	20:00:00	192.515	193.244	192.378	192.509	7794	0	25
2024.08.01	00:00:00	192.514	192.646	190.961	192.229	24034	0	24
2024.08.01	04:00:00	192.229	192.736	191.582	191.700	21004	0	25
2024.08.01	08:00:00	191.702	192.638	190.978	192.557	19981	0	24
2024.08.01	12:00:00	192.561	193.244	191.494	191.580	23938	0	24
2024.08.01	16:00:00	191.583	191.764	190.299	190.799	13781	0	25
2024.08.01	20:00:00	190.813	190.814	189.573	189.905	9054	0	25
2024.08.02	00:00:00	189.900	190.504	189.506	190.149	16990	0	24
2024.08.02	04:00:00	190.146	190.311	188.983	189.685	17865	0	25
2024.08.02	08:00:00	189.686	190.006	189.384	189.848	15676	0	24
2024.08.02	12:00:00	189.848	190.053	187.370	188.080	39636	0	24
2024.08.02	16:00:00	188.079	188.572	187.497	187.721	16900	0	24
2024.08.02	20:00:00	187.716	187.768	187.521	187.582	1457	0	66
2024.08.04	20:00:00	187.517	187.586	185.735	186.174	11611	0	25
2024.08.05	00:00:00	186.168	186.534	184.503	184.783	34441	0	24
2024.08.05	04:00:00	184.782	184.871	180.086	183.570	63824	0	24
2024.08.05	08:00:00	183.567	183.666	180.689	181.666	32227	0	24
2024.08.05	12:00:00	181.662	183.869	180.940	183.737	45263	0	24
2024.08.05	16:00:00	183.739	185.171	182.916	183.589	24860	0	24
2024.08.05	20:00:00	183.578	186.464	183.467	186.438	16254	0	25
2024.08.06	00:00:00	186.437	187.094	184.457	185.740	36112	0	24
2024.08.06	04:00:00	185.739	186.699	184.913	185.102	33660	0	24
2024.08.06	08:00:00	185.097	185.185	183.462	184.226	30595	0	24
2024.08.06	12:00:00	184.220	184.431	182.794	184.193	33399	0	24
2024.08.06	16:00:00	184.195	184.774	183.677	183.677	16183	0	24
2024.08.06	20:00:00	183.667	183.769	182.946	183.580	8941	0	25
2024.08.07	00:00:00	183.585	187.322	183.380	187.058	37006	0	24
2024.08.07	04:00:00	187.059	188.078	185.374	186.257	34144	0	25
2024.08.07	08:00:00	186.261	187.708	186.148	187.333	21853	0	24
2024.08.07	12:00:00	187.337	187.878	186.380	187.446	22339	0	24
2024.08.07	16:00:00	187.446	187.497	186.194	186.325	19510	0	24
2024.08.07	20:00:00	186.326	186.431	184.581	185.514	11667	0	25
2024.08.08	00:00:00	185.520	186.367	184.474	185.884	28882	0	24
2024.08.08	04:00:00	185.890	185.945	184.806	185.252	25261	0	25
2024.08.08	08:00:00	185.257	185.964	184.937	185.552	21488	0	24
2024.08.08	12:00:00	185.558	187.546	185.283	187.395	28015	0	24
2024.08.08	16:00:00	187.391	187.876	187.319	187.516	12680	0	24
2024.08.08	20:00:00	187.516	188.418	187.461	188.237	8077	0	25
2024.08.09	00:00:00	188.231	188.292	187.407	187.833	17318	0	24
2024.08.09	04:00:00	187.835	188.001	187.034	187.873	17096	0	25
2024.08.09	08:00:00	187.872	188.036	187.004	187.299	15568	0	24
2024.08.09	12:00:00	187.299	187.376	186.471	186.979	18290	0	24
2024.08.09	16:00:00	186.982	187.311	186.935	187.090	9364	0	25
2024.08.09	20:00:00	187.090	187.124	186.974	187.011	1047	0	64
2024.08.11	20:00:00	187.006	187.598	186.963	187.496	5144	0	25
2024.08.12	00:00:00	187.496	187.808	187.142	187.792	8972	0	24
2024.08.12	04:00:00	187.792	188.187	187.624	187.971	10368	0	25
2024.08.12	08:00:00	187.966	188.488	187.786	188.436	10240	0	24
2024.08.12	12:00:00	188.434	189.325	188.143	188.435	17566	0	24
2024.08.12	16:00:00	188.435	188.460	187.709	187.913	11911	0	24
2024.08.12	20:00:00	187.912	188.009	187.571	187.746	5588	0	25
2024.08.13	00:00:00	187.751	188.440	187.647	188.378	10764	0	25
2024.08.13	04:00:00	188.378	189.511	188.362	189.378	11961	0	25
2024.08.13	08:00:00	189.380	189.380	188.401	188.484	12289	0	24
2024.08.13	12:00:00	188.481	188.901	187.973	188.516	20557	0	24
2024.08.13	16:00:00	188.514	188.946	188.319	188.889	9287	0	25
2024.08.13	20:00:00	188.884	189.134	188.702	189.042	3739	0	25
2024.08.14	00:00:00	189.044	189.315	187.861	188.693	13409	0	24
2024.08.14	04:00:00	188.687	189.264	188.437	189.239	12083	0	24
2024.08.14	08:00:00	189.234	189.360	188.564	188.725	8815	0	24
2024.08.14	12:00:00	188.729	189.426	188.331	188.685	20598	0	24
2024.08.14	16:00:00	188.682	189.067	188.480	188.962	6288	0	25
2024.08.14	20:00:00	188.960	189.115	188.679	188.865	2978	0	25
2024.08.15	00:00:00	188.870	189.335	188.746	189.162	8066	0	25
2024.08.15	04:00:00	189.163	189.317	188.881	189.174	7086	0	25
2024.08.15	08:00:00	189.175	189.500	189.080	189.338	6670	0	25
2024.08.15	12:00:00	189.343	191.662	189.296	191.528	20777	0	24
2024.08.15	16:00:00	191.522	191.701	191.426	191.571	4824	0	25
2024.08.15	20:00:00	191.575	191.999	191.524	191.888	3552	0	25
2024.08.16	00:00:00	191.892	191.922	191.479	191.629	8889	0	24
2024.08.16	04:00:00	191.624	191.998	191.539	191.917	7023	0	25
2024.08.16	08:00:00	191.918	191.990	190.929	191.094	10187	0	24
2024.08.16	12:00:00	191.098	191.286	190.368	191.157	15213	0	25
2024.08.16	16:00:00	191.160	191.326	190.971	191.169	5850	0	25
2024.08.16	20:00:00	191.174	191.174	190.966	191.042	588	0	66
2024.08.18	20:00:00	190.885	191.600	190.828	191.545	2857	0	24
2024.08.19	00:00:00	191.552	191.616	189.533	189.721	12619	0	24
2024.08.19	04:00:00	189.715	189.946	188.233	189.415	18987	0	24
2024.08.19	08:00:00	189.410	189.910	189.167	189.213	12133	0	24
2024.08.19	12:00:00	189.216	190.376	189.020	190.042	14863	0	25
2024.08.19	16:00:00	190.045	190.566	189.971	190.452	5417	0	25
2024.08.19	20:00:00	190.455	190.760	190.272	190.563	3032	0	25
2024.08.20	00:00:00	190.566	190.993	189.468	190.867	14351	0	25
2024.08.20	04:00:00	190.862	191.264	190.165	190.558	12381	0	25
2024.08.20	08:00:00	190.563	190.668	190.221	190.386	12036	0	24
2024.08.20	12:00:00	190.389	190.633	189.562	189.780	15571	0	24
2024.08.20	16:00:00	189.785	189.829	189.217	189.374	6598	0	25
2024.08.20	20:00:00	189.376	189.446	188.852	189.405	5877	0	25
2024.08.21	00:00:00	189.401	189.729	188.955	189.503	12224	0	25
2024.08.21	04:00:00	189.498	190.293	189.387	190.198	10669	0	25
2024.08.21	08:00:00	190.201	190.699	189.926	190.333	8960	0	24
2024.08.21	12:00:00	190.327	192.298	189.634	189.850	26804	0	25
2024.08.21	16:00:00	189.855	190.097	189.441	189.791	11178	0	24
2024.08.21	20:00:00	189.803	190.178	189.615	189.972	4593	0	25
2024.08.22	00:00:00	189.968	190.542	189.779	190.069	9387	0	25
2024.08.22	04:00:00	190.071	190.558	189.677	190.197	10358	0	25
2024.08.22	08:00:00	190.202	191.548	190.202	191.380	10961	0	24
2024.08.22	12:00:00	191.375	191.937	190.849	191.100	16947	0	25
2024.08.22	16:00:00	191.104	191.687	191.081	191.363	8593	0	24
2024.08.22	20:00:00	191.361	191.509	191.179	191.450	3301	0	25
2024.08.23	00:00:00	191.452	191.563	190.367	190.836	13238	0	25
2024.08.23	04:00:00	190.841	191.405	190.638	191.250	9452	0	24
2024.08.23	08:00:00	191.256	191.865	191.183	191.578	8469	0	24
2024.08.23	12:00:00	191.576	192.021	191.034	191.109	22254	0	24
2024.08.23	16:00:00	191.103	191.222	190.265	190.466	10098	0	24
2024.08.23	20:00:00	190.458	190.803	190.447	190.770	1052	0	67
2024.08.25	20:00:00	190.459	190.616	189.603	190.171	7138	0	22
2024.08.26	00:00:00	190.175	190.326	189.605	190.072	15065	0	22
2024.08.26	04:00:00	190.078	190.344	189.492	189.847	11306	0	22
2024.08.26	08:00:00	189.852	190.212	189.708	190.092	9081	0	22
2024.08.26	12:00:00	190.087	190.710	189.850	190.531	14190	0	22
2024.08.26	16:00:00	190.526	190.782	190.482	190.614	6050	0	22
2024.08.26	20:00:00	190.615	190.642	190.233	190.623	3451	0	22
2024.08.27	00:00:00	190.625	191.182	190.539	191.042	7842	0	22
2024.08.27	04:00:00	191.037	191.673	190.803	191.390	9739	0	22
2024.08.27	08:00:00	191.385	191.911	191.056	191.076	11578	0	22
2024.08.27	12:00:00	191.071	191.245	190.617	190.920	13940	0	22
2024.08.27	16:00:00	190.918	191.004	190.614	190.922	6242	0	22
2024.08.27	20:00:00	190.912	190.992	190.418	190.816	4059	0	22
2024.08.28	00:00:00	190.817	191.387	190.755	191.305	8970	0	22
2024.08.28	04:00:00	191.308	191.426	190.971	191.271	7062	0	22
2024.08.28	08:00:00	191.273	191.309	190.532	190.639	9904	0	22
2024.08.28	12:00:00	190.644	191.444	190.548	190.700	13998	0	22
2024.08.28	16:00:00	190.695	190.909	190.345	190.757	7490	0	22
2024.08.28	20:00:00	190.760	190.857	190.240	190.546	5241	0	22
2024.08.29	00:00:00	190.548	191.020	190.353	190.868	7734	0	22
2024.08.29	04:00:00	190.867	191.485	190.798	191.330	8989	0	22
2024.08.29	08:00:00	191.324	191.324	190.313	190.633	12218	0	22
2024.08.29	12:00:00	190.629	191.538	190.445	191.159	16874	0	22
2024.08.29	16:00:00	191.154	191.191	190.538	190.777	9525	0	22
2024.08.29	20:00:00	190.779	190.973	190.631	190.744	5304	0	22
2024.08.30	00:00:00	190.745	190.825	190.483	190.599	9320	0	22
2024.08.30	04:00:00	190.599	191.281	190.537	191.163	8628	0	22
2024.08.30	08:00:00	191.162	191.708	191.069	191.645	9860	0	22
2024.08.30	12:00:00	191.638	191.804	191.055	191.640	18214	0	22
2024.08.30	16:00:00	191.641	191.995	191.496	191.933	9270	0	22
2024.08.30	20:00:00	191.931	191.964	191.827	191.875	1238	0	59
2024.09.01	20:00:00	191.732	192.495	191.602	192.219	4275	0	22
2024.09.02	00:00:00	192.219	192.360	191.458	191.589	10879	0	22
2024.09.02	04:00:00	191.593	192.379	191.322	192.374	9498	0	22
2024.09.02	08:00:00	192.375	193.056	192.375	192.978	9679	0	22
2024.09.02	12:00:00	192.978	193.476	192.928	193.158	8197	0	22
2024.09.02	16:00:00	193.159	193.200	192.924	193.076	2466	0	22
2024.09.02	20:00:00	193.076	193.153	192.766	192.825	3152	0	22
2024.09.03	00:00:00	192.828	193.354	192.281	192.391	12810	0	22
2024.09.03	04:00:00	192.392	192.413	191.449	191.509	14292	0	22
2024.09.03	08:00:00	191.505	191.891	191.062	191.803	13495	0	22
2024.09.03	12:00:00	191.808	192.037	190.309	191.058	19779	0	22
2024.09.03	16:00:00	191.058	191.182	190.712	190.873	9155	0	22
2024.09.03	20:00:00	190.880	190.954	190.257	190.604	6852	0	22
2024.09.04	00:00:00	190.609	190.845	189.939	190.519	15564	0	22
2024.09.04	04:00:00	190.514	190.808	189.701	190.149	14597	0	22
2024.09.04	08:00:00	190.155	190.631	189.974	190.080	11789	0	22
2024.09.04	12:00:00	190.085	190.537	189.526	189.633	20309	0	22
2024.09.04	16:00:00	189.638	189.707	188.983	189.026	11348	0	22
2024.09.04	20:00:00	189.024	189.123	188.231	188.393	7641	0	22
2024.09.05	00:00:00	188.386	189.256	188.346	189.001	13002	0	22
2024.09.05	04:00:00	189.001	189.090	188.056	188.804	13994	0	22
2024.09.05	08:00:00	188.803	189.179	188.724	188.762	11969	0	22
2024.09.05	12:00:00	188.766	189.771	188.110	188.817	22970	0	22
2024.09.05	16:00:00	188.812	189.071	188.544	188.932	11415	0	22
2024.09.05	20:00:00	188.918	189.080	188.767	188.924	4628	0	22
2024.09.06	00:00:00	188.918	188.962	188.414	188.467	10189	0	22
2024.09.06	04:00:00	188.467	188.485	187.245	187.857	15704	0	22
2024.09.06	08:00:00	187.862	188.550	187.671	188.498	12966	0	22
2024.09.06	12:00:00	188.498	189.485	186.509	186.656	44878	0	22
2024.09.06	16:00:00	186.650	187.189	186.540	187.011	16471	0	22
2024.09.06	20:00:00	187.011	187.037	186.776	186.833	1725	0	58
2024.09.08	20:00:00	186.700	187.160	186.326	187.105	6454	0	22
2024.09.09	00:00:00	187.101	187.802	187.083	187.437	13613	0	22
2024.09.09	04:00:00	187.437	187.806	187.167	187.609	14301	0	22
2024.09.09	08:00:00	187.611	188.117	187.417	187.938	12701	0	22
2024.09.09	12:00:00	187.934	188.055	186.540	186.969	16470	0	22
2024.09.09	16:00:00	186.967	187.190	186.720	186.876	9785	0	22
2024.09.09	20:00:00	186.863	187.326	186.756	187.142	5175	0	22
2024.09.10	00:00:00	187.141	187.542	186.971	187.239	11412	0	22
2024.09.10	04:00:00	187.238	188.039	187.017	187.958	11022	0	22
2024.09.10	08:00:00	187.961	188.093	187.220	187.337	13200	0	22
2024.09.10	12:00:00	187.336	187.427	185.864	185.890	17136	0	22
2024.09.10	16:00:00	185.885	186.329	185.717	186.185	10537	0	22
2024.09.10	20:00:00	186.190	186.369	186.008	186.022	5159	0	22
2024.09.11	00:00:00	186.026	186.191	184.986	185.138	17426	0	22
2024.09.11	04:00:00	185.137	185.264	184.466	184.961	17347	0	22
2024.09.11	08:00:00	184.955	185.610	184.847	185.484	12902	0	22
2024.09.11	12:00:00	185.489	186.142	183.709	184.576	25115	0	22
2024.09.11	16:00:00	184.570	185.754	184.557	185.671	14176	0	22
2024.09.11	20:00:00	185.670	186.012	185.444	185.964	5383	0	22
2024.09.12	00:00:00	185.968	186.356	185.419	185.974	13701	0	22
2024.09.12	04:00:00	185.975	186.635	185.915	186.152	13363	0	22
2024.09.12	08:00:00	186.147	186.401	185.778	185.877	13221	0	22
2024.09.12	12:00:00	185.871	186.583	185.281	186.050	22988	0	22
2024.09.12	16:00:00	186.043	186.731	185.914	186.107	13812	0	22
2024.09.12	20:00:00	186.109	186.167	185.710	185.834	6005	0	22
2024.09.13	00:00:00	185.839	185.937	185.049	185.365	15437	0	22
2024.09.13	04:00:00	185.369	185.634	184.938	185.239	14835	0	22
2024.09.13	08:00:00	185.236	185.302	184.358	184.798	15709	0	22
2024.09.13	12:00:00	184.797	185.162	184.395	184.818	19772	0	22
2024.09.13	16:00:00	184.813	185.031	184.629	184.932	10355	0	22
2024.09.13	20:00:00	184.914	184.974	184.781	184.781	1376	0	57
2024.09.15	20:00:00	184.673	185.021	184.297	185.002	4354	0	22
2024.09.16	00:00:00	184.998	185.002	184.261	184.395	11030	0	22
2024.09.16	04:00:00	184.394	184.532	183.767	184.221	14751	0	22
2024.09.16	08:00:00	184.218	185.081	184.134	184.646	13259	0	22
2024.09.16	12:00:00	184.646	185.901	184.487	185.857	18459	0	22
2024.09.16	16:00:00	185.856	186.033	185.642	185.874	8916	0	22
2024.09.16	20:00:00	185.870	186.514	185.694	185.988	6441	0	22
2024.09.17	00:00:00	185.982	186.057	185.313	185.619	13003	0	22
2024.09.17	04:00:00	185.618	185.895	185.281	185.825	12436	0	22
2024.09.17	08:00:00	185.821	186.036	185.640	185.881	11372	0	22
2024.09.17	12:00:00	185.879	187.162	185.831	186.613	22343	0	22
2024.09.17	16:00:00	186.617	187.193	186.361	187.189	13603	0	22
2024.09.17	20:00:00	187.177	187.431	186.836	186.980	5893	0	22
2024.09.18	00:00:00	186.974	187.009	186.027	186.137	12267	0	22
2024.09.18	04:00:00	186.139	187.293	185.819	187.239	12083	0	22
2024.09.18	08:00:00	187.244	187.507	187.033	187.375	13066	0	22
2024.09.18	12:00:00	187.380	187.976	187.298	187.321	16415	0	22
2024.09.18	16:00:00	187.321	188.043	186.695	187.822	35680	0	22
2024.09.18	20:00:00	187.818	188.473	187.361	188.403	10109	0	22
2024.09.19	00:00:00	188.401	189.404	188.385	189.130	22437	0	22
2024.09.19	04:00:00	189.134	189.202	188.168	188.771	19860	0	22
2024.09.19	08:00:00	188.767	190.365	188.715	189.864	20083	0	22
2024.09.19	12:00:00	189.869	190.385	189.051	189.731	25191	0	22
2024.09.19	16:00:00	189.728	190.162	189.261	189.425	12095	0	22
2024.09.19	20:00:00	189.425	189.777	189.204	189.731	5541	0	22
2024.09.20	00:00:00	189.726	189.780	188.690	189.151	18486	0	22
2024.09.20	04:00:00	189.153	191.210	188.929	191.191	24267	0	22
2024.09.20	08:00:00	191.194	191.954	190.761	191.793	18567	0	22
2024.09.20	12:00:00	191.790	191.987	190.906	191.448	23058	0	22
2024.09.20	16:00:00	191.453	191.922	191.288	191.614	13435	0	22
2024.09.20	20:00:00	191.602	191.809	191.582	191.657	1947	0	58
2024.09.22	20:00:00	191.538	191.825	191.272	191.796	5014	0	22
2024.09.23	00:00:00	191.800	192.294	191.704	192.070	11586	0	22
2024.09.23	04:00:00	192.070	192.187	190.482	190.539	14994	0	22
2024.09.23	08:00:00	190.536	191.246	190.123	191.177	18042	0	22
2024.09.23	12:00:00	191.182	192.432	190.982	191.703	21115	0	22
2024.09.23	16:00:00	191.697	191.697	191.142	191.498	12511	0	22
2024.09.23	20:00:00	191.500	191.848	191.442	191.724	5428	0	22
2024.09.24	00:00:00	191.717	192.097	191.326	191.969	14421	0	22
2024.09.24	04:00:00	191.969	193.266	191.960	192.824	15913	0	22
2024.09.24	08:00:00	192.822	193.317	192.168	192.484	15877	0	22
2024.09.24	12:00:00	192.486	193.006	192.060	192.292	20117	0	22
2024.09.24	16:00:00	192.292	192.431	191.968	192.134	10460	0	22
2024.09.24	20:00:00	192.141	192.158	191.615	191.928	5694	0	22
2024.09.25	00:00:00	191.934	192.526	191.883	192.344	13058	0	22
2024.09.25	04:00:00	192.344	192.685	191.962	192.636	13337	0	22
2024.09.25	08:00:00	192.636	193.108	192.519	193.011	13874	0	22
2024.09.25	12:00:00	193.007	193.257	192.532	192.601	17675	0	22
2024.09.25	16:00:00	192.600	192.823	192.465	192.729	11023	0	22
2024.09.25	20:00:00	192.718	192.868	192.508	192.664	5734	0	22
2024.09.26	00:00:00	192.660	193.410	192.497	193.305	11091	0	22
2024.09.26	04:00:00	193.305	193.749	192.861	193.520	13808	0	22
2024.09.26	08:00:00	193.516	193.695	192.793	192.805	16989	0	22
2024.09.26	12:00:00	192.802	194.335	192.679	194.269	22240	0	22
2024.09.26	16:00:00	194.265	194.351	193.872	194.039	13550	0	22
2024.09.26	20:00:00	194.039	194.584	194.031	194.557	6570	0	22
2024.09.27	00:00:00	194.549	194.968	194.166	194.523	14706	0	22
2024.09.27	04:00:00	194.525	195.961	190.982	191.397	40999	0	22
2024.09.27	08:00:00	191.393	192.221	191.154	191.583	22071	0	22
2024.09.27	12:00:00	191.580	191.813	190.825	190.990	25746	0	22
2024.09.27	16:00:00	190.987	191.031	189.995	190.117	14369	0	22
2024.09.27	20:00:00	190.129	190.248	190.012	190.105	2081	0	58
2024.09.29	20:00:00	190.099	191.282	190.052	191.090	5222	0	22
2024.09.30	00:00:00	191.085	191.175	190.313	190.656	15604	0	22
2024.09.30	04:00:00	190.657	190.802	189.557	190.741	16815	0	22
2024.09.30	08:00:00	190.741	191.360	190.657	191.060	15477	0	22
2024.09.30	12:00:00	191.056	192.163	190.991	191.925	20163	0	22
2024.09.30	16:00:00	191.920	192.306	191.559	192.158	17137	0	22
2024.09.30	20:00:00	192.146	192.249	191.851	192.240	6650	0	22
2024.10.01	00:00:00	192.243	193.036	192.196	192.902	13632	0	22
2024.10.01	04:00:00	192.901	193.352	191.996	192.299	17433	0	22
2024.10.01	08:00:00	192.295	192.343	191.229	191.475	17154	0	22
2024.10.01	12:00:00	191.480	191.974	190.244	190.776	32167	0	22
2024.10.01	16:00:00	190.774	191.071	189.845	190.636	18886	0	22
2024.10.01	20:00:00	190.647	190.825	190.400	190.781	6000	0	22
2024.10.02	00:00:00	190.777	191.552	190.703	191.480	11906	0	22
2024.10.02	04:00:00	191.481	191.681	190.405	191.430	17531	0	22
2024.10.02	08:00:00	191.426	192.528	191.305	192.344	16339	0	22
2024.10.02	12:00:00	192.340	194.020	192.327	193.801	21120	0	22
2024.10.02	16:00:00	193.801	194.419	193.678	194.306	11731	0	22
2024.10.02	20:00:00	194.313	194.765	194.014	194.393	7687	0	22
2024.10.03	00:00:00	194.387	195.164	194.253	194.580	14587	0	22
2024.10.03	04:00:00	194.578	194.665	192.421	192.644	18728	0	22
2024.10.03	08:00:00	192.649	192.884	192.129	192.319	17076	0	22
2024.10.03	12:00:00	192.318	192.833	192.120	192.509	26073	0	22
2024.10.03	16:00:00	192.513	192.843	192.365	192.687	11876	0	22
2024.10.03	20:00:00	192.673	192.855	192.554	192.774	4872	0	22
2024.10.04	00:00:00	192.769	192.881	192.117	192.156	11296	0	22
2024.10.04	04:00:00	192.154	192.678	191.724	192.511	14803	0	22
2024.10.04	08:00:00	192.515	193.069	192.311	193.049	13047	0	22
2024.10.04	12:00:00	193.053	194.962	192.817	194.871	30465	0	22
2024.10.04	16:00:00	194.875	195.522	194.861	195.267	12563	0	22
2024.10.04	20:00:00	195.264	195.300	194.997	195.146	2257	0	59
2024.10.06	20:00:00	194.950	195.612	194.901	195.261	5658	0	22
2024.10.07	00:00:00	195.255	195.255	194.596	194.841	14256	0	22
2024.10.07	04:00:00	194.846	194.913	194.082	194.416	14737	0	22
2024.10.07	08:00:00	194.415	194.533	193.719	193.961	16372	0	22
2024.10.07	12:00:00	193.956	193.978	193.337	193.726	19979	0	22
2024.10.07	16:00:00	193.731	193.903	193.486	193.682	11226	0	22
2024.10.07	20:00:00	193.689	193.865	193.017	193.810	6982	0	22
2024.10.08	00:00:00	193.815	193.923	193.060	193.652	16112	0	22
2024.10.08	04:00:00	193.655	193.974	192.879	193.363	16378	0	22
2024.10.08	08:00:00	193.366	193.858	193.124	193.755	14353	0	22
2024.10.08	12:00:00	193.753	194.369	193.753	194.052	16482	0	22
2024.10.08	16:00:00	194.052	194.311	193.811	194.213	9318	0	22
2024.10.08	20:00:00	194.214	194.343	193.948	193.955	4704	0	22
2024.10.09	00:00:00	193.960	194.367	193.870	194.077	11731	0	22
2024.10.09	04:00:00	194.076	194.586	193.585	194.332	13917	0	22
2024.10.09	08:00:00	194.327	194.659	194.236	194.580	12163	0	22
2024.10.09	12:00:00	194.581	195.242	194.559	195.129	13506	0	22
2024.10.09	16:00:00	195.124	195.201	194.894	195.053	8906	0	22
2024.10.09	20:00:00	195.052	195.081	194.776	194.899	5006	0	22
2024.10.10	00:00:00	194.899	195.129	194.723	195.107	9813	0	22
2024.10.10	04:00:00	195.110	195.492	194.825	194.955	11993	0	22
2024.10.10	08:00:00	194.959	195.078	194.511	194.627	12936	0	22
2024.10.10	12:00:00	194.630	194.997	193.571	193.906	28137	0	22
2024.10.10	16:00:00	193.912	194.281	193.736	193.936	13880	0	22
2024.10.10	20:00:00	193.940	194.260	193.793	194.222	5151	0	22
2024.10.11	00:00:00	194.222	194.299	193.854	194.134	10208	0	22
2024.10.11	04:00:00	194.130	194.545	193.900	194.512	9768	0	22
2024.10.11	08:00:00	194.508	194.823	194.370	194.600	10076	0	22
2024.10.11	12:00:00	194.600	195.228	194.524	194.889	16055	0	22
2024.10.11	16:00:00	194.885	194.956	194.703	194.805	6812	0	22
2024.10.11	20:00:00	194.804	194.948	194.765	194.879	1281	0	60
2024.10.13	20:00:00	194.687	195.000	194.599	194.810	3757	0	22
2024.10.14	00:00:00	194.812	195.073	194.626	194.999	8340	0	22
2024.10.14	04:00:00	194.997	195.118	194.854	195.079	7642	0	22
2024.10.14	08:00:00	195.077	195.348	195.002	195.104	10302	0	22
2024.10.14	12:00:00	195.104	195.706	195.015	195.505	12086	0	22
2024.10.14	16:00:00	195.504	195.705	195.449	195.501	6987	0	22
2024.10.14	20:00:00	195.497	195.725	195.378	195.628	4191	0	22
2024.10.15	00:00:00	195.632	195.657	195.249	195.432	9044	0	22
2024.10.15	04:00:00	195.428	195.447	194.662	195.087	12210	0	22
2024.10.15	08:00:00	195.092	195.572	194.636	195.283	12838	0	22
2024.10.15	12:00:00	195.287	195.510	194.852	195.209	16436	0	22
2024.10.15	16:00:00	195.210	195.452	194.923	194.991	10253	0	22
2024.10.15	20:00:00	194.989	195.131	194.748	194.769	5033	0	22
2024.10.16	00:00:00	194.773	195.080	194.550	194.976	11192	0	22
2024.10.16	04:00:00	194.974	195.290	193.696	194.284	13905	0	22
2024.10.16	08:00:00	194.280	194.533	194.011	194.380	12369	0	22
2024.10.16	12:00:00	194.379	194.777	194.324	194.620	13434	0	22
2024.10.16	16:00:00	194.620	194.762	194.345	194.357	7299	0	22
2024.10.16	20:00:00	194.345	194.393	194.112	194.293	4432	0	22
2024.10.17	00:00:00	194.289	194.400	193.823	194.212	10918	0	22
2024.10.17	04:00:00	194.217	194.533	193.918	194.465	10095	0	22
2024.10.17	08:00:00	194.461	194.690	194.303	194.610	9559	0	22
2024.10.17	12:00:00	194.609	195.311	194.331	195.265	20455	0	22
2024.10.17	16:00:00	195.263	195.596	195.258	195.443	8577	0	22
2024.10.17	20:00:00	195.446	195.502	195.247	195.348	3880	0	22
2024.10.18	00:00:00	195.345	195.403	195.079	195.168	10778	0	22
2024.10.18	04:00:00	195.168	196.047	195.030	195.901	11594	0	22
2024.10.18	08:00:00	195.902	195.937	195.020	195.670	12549	0	22
2024.10.18	12:00:00	195.674	195.786	194.753	194.774	13312	0	22
2024.10.18	16:00:00	194.771	195.156	194.756	194.983	8227	0	22
2024.10.18	20:00:00	194.980	195.170	194.919	195.170	1474	0	59
2024.10.20	20:00:00	194.913	195.267	194.856	195.259	3854	0	22
2024.10.21	00:00:00	195.259	195.268	194.567	194.727	11951	0	22
2024.10.21	04:00:00	194.727	195.188	194.559	195.103	11680	0	22
2024.10.21	08:00:00	195.106	195.400	195.068	195.171	11029	0	22
2024.10.21	12:00:00	195.171	195.546	195.088	195.297	14459	0	22
2024.10.21	16:00:00	195.292	195.832	195.285	195.725	8789	0	22
2024.10.21	20:00:00	195.737	195.864	195.482	195.537	5040	0	22
2024.10.22	00:00:00	195.539	196.149	195.417	196.115	10005	0	22
2024.10.22	04:00:00	196.116	196.516	195.962	196.436	12450	0	22
2024.10.22	08:00:00	196.435	196.468	195.603	195.798	11903	0	22
2024.10.22	12:00:00	195.796	196.104	195.088	195.948	14639	0	22
2024.10.22	16:00:00	195.949	196.198	195.845	196.184	8150	0	22
2024.10.22	20:00:00	196.173	196.211	195.966	196.201	4233	0	22
2024.10.23	00:00:00	196.201	197.220	196.172	197.043	11139	0	22
2024.10.23	04:00:00	197.043	197.866	197.018	197.529	14519	0	22
2024.10.23	08:00:00	197.526	198.347	197.466	198.213	13778	0	22
2024.10.23	12:00:00	198.217	198.432	197.658	197.804	16907	0	22
2024.10.23	16:00:00	197.801	197.891	196.878	197.325	11320	0	22
2024.10.23	20:00:00	197.316	197.418	197.036	197.309	5143	0	22
2024.10.24	00:00:00	197.304	197.399	196.914	196.971	12411	0	22
2024.10.24	04:00:00	196.967	197.448	196.644	197.187	14946	0	22
2024.10.24	08:00:00	197.183	197.489	196.761	197.243	14796	0	22
2024.10.24	12:00:00	197.244	197.621	196.660	196.864	19503	0	22
2024.10.24	16:00:00	196.860	197.085	196.423	196.974	9507	0	22
2024.10.24	20:00:00	196.987	197.028	196.629	196.889	4987	0	22
2024.10.25	00:00:00	196.894	197.210	196.759	196.839	11186	0	22
2024.10.25	04:00:00	196.839	197.180	196.383	197.072	13582	0	22
2024.10.25	08:00:00	197.074	197.410	197.039	197.124	12291	0	22
2024.10.25	12:00:00	197.124	197.783	197.124	197.356	16150	0	22
2024.10.25	16:00:00	197.355	197.594	197.136	197.285	10280	0	22
2024.10.25	20:00:00	197.273	197.430	197.229	197.390	1633	0	60
2024.10.27	20:00:00	198.212	198.424	197.695	198.181	6122	0	22
2024.10.28	00:00:00	198.185	199.354	197.994	198.842	15969	0	22
2024.10.28	04:00:00	198.841	199.006	198.477	198.867	11629	0	22
2024.10.28	08:00:00	198.871	199.034	197.795	198.408	15476	0	22
2024.10.28	12:00:00	198.404	198.963	198.046	198.863	15384	0	22
2024.10.28	16:00:00	198.862	199.001	198.690	198.754	9870	0	22
2024.10.28	20:00:00	198.756	198.844	198.569	198.686	4047	0	22
2024.10.29	00:00:00	198.688	198.783	198.282	198.336	12506	0	22
2024.10.29	04:00:00	198.338	198.786	198.033	198.661	11264	0	22
2024.10.29	08:00:00	198.666	199.554	198.666	199.554	14380	0	22
2024.10.29	12:00:00	199.558	199.679	198.903	199.594	19371	0	22
2024.10.29	16:00:00	199.596	199.710	199.359	199.525	11786	0	22
2024.10.29	20:00:00	199.516	199.621	199.289	199.406	5229	0	22
2024.10.30	00:00:00	199.411	199.572	199.189	199.321	10966	0	22
2024.10.30	04:00:00	199.321	199.557	199.115	199.453	10527	0	22
2024.10.30	08:00:00	199.448	199.538	198.193	198.495	17100	0	22
2024.10.30	12:00:00	198.490	199.802	198.318	199.279	23661	0	22
2024.10.30	16:00:00	199.274	199.341	198.764	198.806	12024	0	22
2024.10.30	20:00:00	198.803	198.895	198.470	198.564	5221	0	22
2024.10.31	00:00:00	198.563	198.903	198.055	198.187	12256	0	22
2024.10.31	04:00:00	198.191	198.225	197.203	197.849	17868	0	22
2024.10.31	08:00:00	197.855	198.397	197.171	198.196	18164	0	22
2024.10.31	12:00:00	198.197	198.620	195.364	195.849	29853	0	22
2024.10.31	16:00:00	195.844	196.362	195.560	195.851	17445	0	22
2024.10.31	20:00:00	195.861	196.213	195.766	195.996	7080	0	22
2024.11.01	00:00:00	196.000	196.599	195.864	196.585	13347	0	22
2024.11.01	04:00:00	196.585	196.794	196.295	196.747	12353	0	22
2024.11.01	08:00:00	196.743	197.352	196.700	197.246	15507	0	22
2024.11.01	12:00:00	197.241	198.374	196.746	198.189	26332	0	22
2024.11.01	16:00:00	198.195	198.253	197.575	197.625	12059	0	22
2024.11.01	20:00:00	197.622	197.743	197.577	197.597	1660	0	60
2024.11.03	20:00:00	197.511	197.673	197.136	197.211	3683	0	67
2024.11.04	00:00:00	197.241	197.273	196.874	197.154	13594	0	22
2024.11.04	04:00:00	197.156	197.719	197.082	197.365	11828	0	22
2024.11.04	08:00:00	197.370	197.491	196.490	196.665	16325	0	22
2024.11.04	12:00:00	196.661	197.476	196.568	197.285	17249	0	22
2024.11.04	16:00:00	197.285	197.314	196.618	197.085	13160	0	22
2024.11.04	20:00:00	197.081	197.227	196.949	197.227	5540	0	22
2024.11.05	00:00:00	197.248	197.453	197.006	197.377	11497	0	22
2024.11.05	04:00:00	197.380	197.696	197.319	197.589	11339	0	22
2024.11.05	08:00:00	197.593	197.750	197.390	197.660	12282	0	22
2024.11.05	12:00:00	197.665	197.840	197.270	197.674	15961	0	22
2024.11.05	16:00:00	197.671	197.871	197.095	197.201	13254	0	22
2024.11.05	20:00:00	197.196	197.794	197.143	197.499	7563	0	22
2024.11.06	00:00:00	197.510	199.050	197.327	198.398	51861	0	22
2024.11.06	04:00:00	198.395	198.537	197.855	198.053	43030	0	22
2024.11.06	08:00:00	198.047	198.893	198.023	198.266	27530	0	22
2024.11.06	12:00:00	198.271	198.947	198.147	198.946	28478	0	22
2024.11.06	16:00:00	198.941	199.512	198.718	199.078	17740	0	22
2024.11.06	20:00:00	199.081	199.257	198.591	198.775	6723	0	22
2024.11.07	00:00:00	198.781	199.556	198.752	199.411	15872	0	22
2024.11.07	04:00:00	199.415	199.466	198.890	199.115	15766	0	22
2024.11.07	08:00:00	199.118	199.230	198.567	198.812	16739	0	22
2024.11.07	12:00:00	198.808	199.368	198.606	198.785	22846	0	22
2024.11.07	16:00:00	198.789	198.938	198.341	198.472	17661	0	22
2024.11.07	20:00:00	198.476	198.824	198.319	198.824	8591	0	22
2024.11.08	00:00:00	198.856	198.913	198.079	198.112	14148	0	22
2024.11.08	04:00:00	198.107	198.326	197.821	197.887	13770	0	22
2024.11.08	08:00:00	197.882	197.938	197.106	197.651	18286	0	22
2024.11.08	12:00:00	197.648	197.818	197.032	197.204	18724	0	22
2024.11.08	16:00:00	197.202	197.359	196.731	197.136	14104	0	22
2024.11.08	20:00:00	197.137	197.227	196.977	197.147	3750	0	22
2024.11.10	20:00:00	196.898	197.459	196.861	197.457	2848	0	70
2024.11.11	00:00:00	197.477	198.191	197.428	198.156	11155	0	22
2024.11.11	04:00:00	198.156	198.410	197.836	198.111	11375	0	22
2024.11.11	08:00:00	198.107	198.460	197.919	198.113	14482	0	22
2024.11.11	12:00:00	198.113	198.236	197.720	197.993	13944	0	22
2024.11.11	16:00:00	197.997	198.075	197.703	197.763	9472	0	22
2024.11.11	20:00:00	197.763	197.848	197.489	197.617	5094	0	22
2024.11.12	00:00:00	197.640	198.054	197.303	197.309	12368	0	22
2024.11.12	04:00:00	197.305	197.364	196.917	197.097	14024	0	22
2024.11.12	08:00:00	197.101	197.641	196.870	197.525	15935	0	22
2024.11.12	12:00:00	197.524	197.820	197.008	197.202	17038	0	22
2024.11.12	16:00:00	197.200	197.247	196.924	197.085	14361	0	22
2024.11.12	20:00:00	197.088	197.177	196.786	196.965	6813	0	22
2024.11.13	00:00:00	196.978	197.435	196.969	197.277	11829	0	22
2024.11.13	04:00:00	197.277	197.620	197.180	197.535	11796	0	22
2024.11.13	08:00:00	197.532	197.712	197.311	197.458	13476	0	22
2024.11.13	12:00:00	197.455	197.568	196.646	197.191	21605	0	22
2024.11.13	16:00:00	197.194	197.807	197.150	197.612	13388	0	22
2024.11.13	20:00:00	197.607	197.708	197.243	197.463	6834	0	22
2024.11.14	00:00:00	197.489	197.983	197.483	197.790	12172	0	22
2024.11.14	04:00:00	197.787	197.985	197.616	197.702	11813	0	22
2024.11.14	08:00:00	197.698	197.792	197.067	197.372	15818	0	22
2024.11.14	12:00:00	197.370	198.234	197.220	198.167	19422	0	22
2024.11.14	16:00:00	198.172	198.219	197.723	197.814	12831	0	22
2024.11.14	20:00:00	197.820	198.195	197.688	198.187	9924	0	22
2024.11.15	00:00:00	198.198	198.436	198.014	198.365	13171	0	22
2024.11.15	04:00:00	198.365	198.408	197.312	197.313	12795	0	22
2024.11.15	08:00:00	197.316	197.365	196.453	197.307	16767	0	22
2024.11.15	12:00:00	197.310	197.340	195.441	195.667	22214	0	22
2024.11.15	16:00:00	195.671	195.753	194.287	194.491	18316	0	22
2024.11.15	20:00:00	194.495	194.841	194.385	194.771	5180	0	22
2024.11.17	20:00:00	194.761	195.161	194.547	195.127	3195	0	69
2024.11.18	00:00:00	195.138	195.972	194.359	195.242	21364	0	22
2024.11.18	04:00:00	195.246	195.484	194.991	195.156	14340	0	22
2024.11.18	08:00:00	195.159	195.799	195.073	195.647	17464	0	22
2024.11.18	12:00:00	195.644	196.137	195.326	195.893	17087	0	22
2024.11.18	16:00:00	195.893	196.146	195.835	196.065	12237	0	22
2024.11.18	20:00:00	196.062	196.102	195.676	195.987	5759	0	22
2024.11.19	00:00:00	196.017	196.022	195.208	195.570	12927	0	22
2024.11.19	04:00:00	195.566	195.993	195.502	195.830	11525	0	22
2024.11.19	08:00:00	195.826	195.873	193.558	194.671	32323	0	22
2024.11.19	12:00:00	194.677	195.165	193.832	194.977	25665	0	22
2024.11.19	16:00:00	194.973	196.108	194.917	196.083	14169	0	22
2024.11.19	20:00:00	196.084	196.367	195.837	196.367	6158	0	22
2024.11.20	00:00:00	196.392	196.626	196.229	196.503	11390	0	22
2024.11.20	04:00:00	196.502	197.777	196.483	197.598	12230	0	22
2024.11.20	08:00:00	197.604	197.691	197.065	197.323	14350	0	22
2024.11.20	12:00:00	197.327	197.485	196.201	196.784	19662	0	22
2024.11.20	16:00:00	196.782	196.934	196.111	196.499	14648	0	22
2024.11.20	20:00:00	196.494	196.689	196.327	196.492	6582	0	22
2024.11.21	00:00:00	196.503	196.547	195.962	196.111	12433	0	22
2024.11.21	04:00:00	196.110	196.414	195.429	195.921	16284	0	22
2024.11.21	08:00:00	195.927	196.100	194.528	195.290	22782	0	22
2024.11.21	12:00:00	195.284	195.533	194.358	194.708	24235	0	22
2024.11.21	16:00:00	194.703	194.943	194.421	194.703	16478	0	22
2024.11.21	20:00:00	194.700	194.744	193.897	193.977	7082	0	22
2024.11.22	00:00:00	193.998	194.483	193.778	194.122	13719	0	22
2024.11.22	04:00:00	194.126	194.799	194.126	194.521	13934	0	22
2024.11.22	08:00:00	194.525	194.794	192.837	193.081	27013	0	22
2024.11.22	12:00:00	193.076	194.102	193.014	194.026	21513	0	22
2024.11.22	16:00:00	194.029	194.071	193.611	193.884	13431	0	22
2024.11.22	20:00:00	193.888	194.027	193.845	193.909	4284	0	22
2024.11.24	20:00:00	194.035	194.255	193.742	194.104	4090	0	68
2024.11.25	00:00:00	194.114	194.296	193.483	193.858	15010	0	22
2024.11.25	04:00:00	193.862	194.617	193.850	194.271	14296	0	22
2024.11.25	08:00:00	194.276	194.449	193.955	194.127	17148	0	22
2024.11.25	12:00:00	194.131	194.192	193.264	193.735	20679	0	22
2024.11.25	16:00:00	193.733	194.003	193.571	193.806	14077	0	22
2024.11.25	20:00:00	193.810	193.868	193.162	193.448	7407	0	22
2024.11.26	00:00:00	193.476	193.500	192.522	192.918	20175	0	22
2024.11.26	04:00:00	192.912	193.550	192.673	193.208	14130	0	22
2024.11.26	08:00:00	193.205	193.717	192.907	193.504	16568	0	22
2024.11.26	12:00:00	193.500	193.500	192.775	192.791	21469	0	22
2024.11.26	16:00:00	192.787	192.953	192.065	192.078	15168	0	22
2024.11.26	20:00:00	192.079	192.553	192.029	192.269	8093	0	22
2024.11.27	00:00:00	192.283	192.402	191.575	191.654	14031	0	22
2024.11.27	04:00:00	191.654	191.674	191.175	191.331	13723	0	22
2024.11.27	08:00:00	191.335	191.339	190.679	191.016	19899	0	22
2024.11.27	12:00:00	191.020	191.848	190.828	191.548	21970	0	22
2024.11.27	16:00:00	191.545	191.875	190.881	191.377	16118	0	22
2024.11.27	20:00:00	191.376	191.832	191.257	191.821	6970	0	22
2024.11.28	00:00:00	191.851	192.243	191.726	191.995	12959	0	22
2024.11.28	04:00:00	191.999	192.132	191.593	191.987	11363	0	22
2024.11.28	08:00:00	191.982	192.464	191.890	192.311	14450	0	22
2024.11.28	12:00:00	192.316	192.318	191.810	192.151	12708	0	22
2024.11.28	16:00:00	192.147	192.264	192.055	192.207	5263	0	22
2024.11.28	20:00:00	192.206	192.268	191.548	191.923	3721	0	66
2024.11.29	00:00:00	191.936	191.958	190.328	190.820	20823	0	22
2024.11.29	04:00:00	190.822	190.953	190.442	190.816	16265	0	22
2024.11.29	08:00:00	190.821	190.971	190.150	190.506	16853	0	22
2024.11.29	12:00:00	190.511	190.961	190.142	190.843	16460	0	22
2024.11.29	16:00:00	190.839	191.246	190.261	190.553	15343	0	22
2024.11.29	20:00:00	190.558	190.652	190.492	190.499	4955	0	70
2024.12.01	20:00:00	190.413	190.530	190.107	190.313	3677	0	74
2024.12.02	00:00:00	190.319	191.221	190.310	191.000	14350	0	22
2024.12.02	04:00:00	190.998	191.284	190.272	190.547	14273	0	22
2024.12.02	08:00:00	190.549	191.097	190.436	190.842	15851	0	22
2024.12.02	12:00:00	190.843	190.859	189.150	189.250	20609	0	22
2024.12.02	16:00:00	189.253	189.381	188.469	189.141	15325	0	22
2024.12.02	20:00:00	189.142	189.524	189.018	189.251	8146	0	22
2024.12.03	00:00:00	189.258	189.876	189.241	189.801	12841	0	22
2024.12.03	04:00:00	189.801	190.011	189.651	189.942	11235	0	22
2024.12.03	08:00:00	189.942	190.369	189.546	189.591	15418	0	22
2024.12.03	12:00:00	189.588	189.613	188.078	188.846	21554	0	22
2024.12.03	16:00:00	188.849	189.426	188.803	189.389	15705	0	22
2024.12.03	20:00:00	189.384	189.611	189.298	189.554	6052	0	22
2024.12.04	00:00:00	189.607	190.002	189.349	189.738	13788	0	22
2024.12.04	04:00:00	189.740	190.770	189.740	190.695	14478	0	22
2024.12.04	08:00:00	190.695	191.431	190.065	191.311	19691	0	22
2024.12.04	12:00:00	191.308	191.527	190.899	191.113	19824	0	22
2024.12.04	16:00:00	191.117	191.167	190.681	191.050	14540	0	22
2024.12.04	20:00:00	191.054	191.458	191.003	191.182	6954	0	22
2024.12.05	00:00:00	191.205	191.316	190.690	190.998	13471	0	22
2024.12.05	04:00:00	190.999	191.130	190.340	190.665	13869	0	22
2024.12.05	08:00:00	190.669	191.291	190.621	191.167	13643	0	22
2024.12.05	12:00:00	191.172	192.203	191.122	191.665	17929	0	22
2024.12.05	16:00:00	191.664	191.689	191.153	191.375	11932	0	22
2024.12.05	20:00:00	191.373	191.637	191.265	191.537	6239	0	22
2024.12.06	00:00:00	191.555	191.676	190.914	191.105	12093	0	22
2024.12.06	04:00:00	191.110	191.594	190.911	191.563	10314	0	22
2024.12.06	08:00:00	191.567	192.282	191.555	192.199	12647	0	22
2024.12.06	12:00:00	192.194	192.367	190.712	190.983	23516	0	22
2024.12.06	16:00:00	190.983	191.155	190.757	190.985	12969	0	22
2024.12.06	20:00:00	190.980	191.197	190.969	191.183	3489	0	23
2024.12.08	20:00:00	190.903	191.222	190.894	191.055	2878	0	67
2024.12.09	00:00:00	191.078	191.154	190.706	190.818	11419	0	22
2024.12.09	04:00:00	190.822	191.872	190.595	191.865	11132	0	22
2024.12.09	08:00:00	191.870	192.336	191.739	192.096	13393	0	22
2024.12.09	12:00:00	192.100	193.398	192.039	193.221	14736	0	22
2024.12.09	16:00:00	193.224	193.363	192.827	192.880	10074	0	22
2024.12.09	20:00:00	192.879	193.000	192.550	192.974	5947	0	22
2024.12.10	00:00:00	192.994	193.141	192.506	192.569	12392	0	22
2024.12.10	04:00:00	192.567	193.143	192.444	193.084	11480	0	22
2024.12.10	08:00:00	193.089	193.598	192.948	193.555	14275	0	22
2024.12.10	12:00:00	193.556	193.802	193.171	193.771	15641	0	22
2024.12.10	16:00:00	193.767	194.092	193.672	194.061	11483	0	22
2024.12.10	20:00:00	194.062	194.090	193.852	194.004	5897	0	22
2024.12.11	00:00:00	194.040	194.056	193.490	193.568	10351	0	22
2024.12.11	04:00:00	193.568	193.835	192.927	193.113	10853	0	22
2024.12.11	08:00:00	193.220	194.499	192.509	194.280	20575	0	22
2024.12.11	12:00:00	194.278	194.811	193.853	194.277	20508	0	22
2024.12.11	16:00:00	194.281	194.543	194.242	194.543	12537	0	22
2024.12.11	20:00:00	194.538	194.548	194.112	194.328	5642	0	22
2024.12.12	00:00:00	194.351	194.562	194.014	194.484	11568	0	22
2024.12.12	04:00:00	194.485	194.988	194.261	194.712	12013	0	22
2024.12.12	08:00:00	194.707	194.828	193.874	193.877	14689	0	22
2024.12.12	12:00:00	193.876	193.962	192.922	193.234	21730	0	22
2024.12.12	16:00:00	193.230	193.571	193.141	193.261	11986	0	22
2024.12.12	20:00:00	193.262	193.464	193.194	193.397	6187	0	22
2024.12.13	00:00:00	193.427	193.854	193.306	193.587	11462	0	22
2024.12.13	04:00:00	193.585	193.774	192.844	192.920	10898	0	22
2024.12.13	08:00:00	192.916	194.316	192.916	194.242	13003	0	22
2024.12.13	12:00:00	194.240	194.453	193.637	193.825	15165	0	22
2024.12.13	16:00:00	193.828	194.212	193.790	193.897	11495	0	22
2024.12.13	20:00:00	193.901	193.966	193.825	193.889	3450	0	22
2024.12.15	20:00:00	193.724	193.838	193.631	193.731	2877	0	67
2024.12.16	00:00:00	193.757	194.559	193.648	194.305	10002	0	22
2024.12.16	04:00:00	194.304	194.427	193.905	193.942	9370	0	22
2024.12.16	08:00:00	193.937	194.741	193.828	194.526	13241	0	22
2024.12.16	12:00:00	194.522	195.876	194.515	195.725	14343	0	22
2024.12.16	16:00:00	195.726	195.802	195.376	195.476	11222	0	22
2024.12.16	20:00:00	195.481	195.665	195.318	195.485	5294	0	22
2024.12.17	00:00:00	195.537	195.896	195.200	195.362	10997	0	22
2024.12.17	04:00:00	195.362	195.788	195.128	195.635	11626	0	22
2024.12.17	08:00:00	195.638	195.790	194.827	195.445	14875	0	22
2024.12.17	12:00:00	195.441	195.572	194.644	195.104	16258	0	22
2024.12.17	16:00:00	195.096	195.249	194.822	194.899	12128	0	22
2024.12.17	20:00:00	194.898	195.225	194.866	195.160	5751	0	22
2024.12.18	00:00:00	195.185	195.467	195.035	195.043	9460	0	22
2024.12.18	04:00:00	195.039	195.340	194.694	194.904	9976	0	22
2024.12.18	08:00:00	194.907	195.432	194.712	195.246	12373	0	22
2024.12.18	12:00:00	195.246	195.759	195.024	195.481	14418	0	22
2024.12.18	16:00:00	195.485	195.729	194.662	194.766	17699	0	22
2024.12.18	20:00:00	194.761	194.767	193.986	194.349	12739	0	22
2024.12.19	00:00:00	194.365	195.705	194.313	195.424	16376	0	22
2024.12.19	04:00:00	195.418	197.622	195.115	197.361	20622	0	22
2024.12.19	08:00:00	197.356	198.945	197.324	197.899	21739	0	22
2024.12.19	12:00:00	197.916	198.090	197.203	197.919	24898	0	22
2024.12.19	16:00:00	197.912	198.096	196.803	196.838	16578	0	22
2024.12.19	20:00:00	196.834	197.003	196.583	196.995	7453	0	22
2024.12.20	00:00:00	197.014	197.293	195.781	196.023	16887	0	22
2024.12.20	04:00:00	196.027	196.429	195.815	196.079	14274	0	22
2024.12.20	08:00:00	196.083	196.422	195.741	196.054	16400	0	22
2024.12.20	12:00:00	196.058	196.769	195.957	196.258	20095	0	22
2024.12.20	16:00:00	196.261	196.786	196.218	196.535	14818	0	22
2024.12.20	20:00:00	196.533	196.658	196.463	196.539	4363	0	22
2024.12.22	20:00:00	196.360	196.755	196.294	196.755	2810	0	67
2024.12.23	00:00:00	196.782	197.072	196.655	196.841	10122	0	22
2024.12.23	04:00:00	196.842	197.061	196.784	196.884	8932	0	22
2024.12.23	08:00:00	196.889	197.061	196.490	196.546	13524	0	22
2024.12.23	12:00:00	196.549	197.028	196.434	196.669	15252	0	22
2024.12.23	16:00:00	196.664	196.970	196.608	196.898	10655	0	22
2024.12.23	20:00:00	196.897	197.006	196.725	196.868	5912	0	22
2024.12.24	00:00:00	196.893	197.056	196.700	196.748	8588	0	22
2024.12.24	04:00:00	196.743	196.848	196.601	196.828	8854	0	22
2024.12.24	08:00:00	196.830	196.922	196.628	196.861	9446	0	22
2024.12.24	12:00:00	196.860	197.623	196.776	197.196	10669	0	22
2024.12.24	16:00:00	197.197	197.260	196.786	196.954	7255	0	22
2024.12.24	20:00:00	196.954	197.051	196.698	196.848	2077	0	151
2024.12.25	20:00:00	196.938	197.262	196.929	197.060	1979	0	68
2024.12.26	00:00:00	197.080	197.512	197.021	197.431	7045	0	22
2024.12.26	04:00:00	197.426	197.556	197.076	197.191	6427	0	22
2024.12.26	08:00:00	197.186	197.467	197.018	197.459	6649	0	22
2024.12.26	12:00:00	197.459	197.839	197.276	197.746	10060	0	22
2024.12.26	16:00:00	197.751	198.007	197.663	197.869	9269	0	22
2024.12.26	20:00:00	197.874	197.931	197.465	197.620	5613	0	22
2024.12.27	00:00:00	197.636	197.864	197.202	197.451	10191	0	22
2024.12.27	04:00:00	197.451	197.796	197.295	197.722	8202	0	22
2024.12.27	08:00:00	197.727	197.916	197.339	197.872	11048	0	22
2024.12.27	12:00:00	197.876	198.496	197.817	198.161	14079	0	22
2024.12.27	16:00:00	198.165	198.700	198.010	198.698	11975	0	22
2024.12.27	20:00:00	198.699	198.705	198.472	198.524	3114	0	22
2024.12.29	20:00:00	198.324	198.590	198.185	198.549	2133	0	68
2024.12.30	00:00:00	198.591	198.715	198.351	198.511	7160	0	22
2024.12.30	04:00:00	198.511	198.944	198.390	198.612	8350	0	22
2024.12.30	08:00:00	198.606	198.753	198.289	198.580	11344	0	22
2024.12.30	12:00:00	198.576	198.657	196.322	196.647	18840	0	22
2024.12.30	16:00:00	196.644	197.278	196.454	197.041	13438	0	22
2024.12.30	20:00:00	197.040	197.062	196.639	196.984	5903	0	22
2024.12.31	00:00:00	197.001	197.032	196.304	196.350	8804	0	22
2024.12.31	04:00:00	196.350	196.350	195.876	196.208	8132	0	22
2024.12.31	08:00:00	196.211	196.843	195.733	196.598	13613	0	22
2024.12.31	12:00:00	196.598	196.875	196.306	196.869	17466	0	22
2024.12.31	16:00:00	196.872	197.187	196.681	196.781	13709	0	22
2024.12.31	20:00:00	196.779	197.120	196.657	196.666	3312	0	22
2025.01.01	20:00:00	196.596	197.472	196.530	197.362	2391	0	90
2025.01.02	00:00:00	197.419	197.471	196.922	197.009	10350	0	22
2025.01.02	04:00:00	197.009	197.018	195.981	196.167	9800	0	22
2025.01.02	08:00:00	196.171	196.337	195.463	195.764	16890	0	22
2025.01.02	12:00:00	195.766	195.807	194.186	194.460	21402	0	22
2025.01.02	16:00:00	194.465	195.318	194.378	194.955	16972	0	22
2025.01.02	20:00:00	194.950	195.170	194.721	194.763	6037	0	22
2025.01.03	00:00:00	194.792	195.144	194.676	194.963	8649	0	22
2025.01.03	04:00:00	194.961	195.057	194.633	194.831	8818	0	22
2025.01.03	08:00:00	194.834	195.250	194.721	195.169	11976	0	22
2025.01.03	12:00:00	195.016	195.299	194.826	195.233	12385	0	22
2025.01.03	16:00:00	195.229	195.370	194.931	195.362	11125	0	22
2025.01.03	20:00:00	195.358	195.505	195.308	195.375	3302	0	22
2025.01.05	20:00:00	195.277	195.736	195.119	195.658	2811	0	68
2025.01.06	00:00:00	195.687	196.247	195.680	196.120	11098	0	22
2025.01.06	04:00:00	196.119	196.405	196.023	196.323	8929	0	22
2025.01.06	08:00:00	196.322	197.403	196.322	197.179	18449	0	22
2025.01.06	12:00:00	197.183	197.234	195.826	197.029	27213	0	22
2025.01.06	16:00:00	197.029	197.388	196.927	197.124	11973	0	22
2025.01.06	20:00:00	197.120	197.398	197.089	197.296	5504	0	22
2025.01.07	00:00:00	197.319	198.248	197.319	198.165	11888	0	22
2025.01.07	04:00:00	198.168	198.200	197.642	197.686	11352	0	22
2025.01.07	08:00:00	197.690	198.192	197.325	197.761	14310	0	22
2025.01.07	12:00:00	197.760	197.969	197.195	197.379	18037	0	22
2025.01.07	16:00:00	197.383	197.450	196.983	197.061	15210	0	22
2025.01.07	20:00:00	197.064	197.382	196.866	197.368	6065	0	22
2025.01.08	00:00:00	197.393	197.525	197.041	197.398	9937	0	22
2025.01.08	04:00:00	197.398	197.544	196.942	197.137	9362	0	22
2025.01.08	08:00:00	197.132	197.225	195.395	195.939	19664	0	22
2025.01.08	12:00:00	195.936	195.955	195.113	195.464	22921	0	22
2025.01.08	16:00:00	195.469	196.001	195.389	195.813	13096	0	22
2025.01.08	20:00:00	195.808	195.858	195.405	195.466	5953	0	22
2025.01.09	00:00:00	195.486	195.603	194.961	194.997	9628	0	22
2025.01.09	04:00:00	194.994	195.079	193.734	193.917	14378	0	22
2025.01.09	08:00:00	193.922	194.489	193.621	194.040	19315	0	22
2025.01.09	12:00:00	194.042	194.406	193.474	194.343	15330	0	22
2025.01.09	16:00:00	194.338	194.669	194.078	194.608	8468	0	22
2025.01.09	20:00:00	194.608	194.699	194.232	194.334	4331	0	22
2025.01.10	00:00:00	194.357	194.769	194.226	194.636	10754	0	22
2025.01.10	04:00:00	194.631	194.769	194.212	194.665	10119	0	22
2025.01.10	08:00:00	194.660	194.732	193.689	194.358	16833	0	22
2025.01.10	12:00:00	194.362	194.688	192.671	192.677	28985	0	22
2025.01.10	16:00:00	192.678	192.898	192.199	192.753	14972	0	22
2025.01.10	20:00:00	192.754	192.789	192.492	192.521	4326	0	22
2025.01.12	20:00:00	192.328	192.691	192.328	192.691	2687	0	67
2025.01.13	00:00:00	192.708	192.750	191.108	191.143	12217	0	22
2025.01.13	04:00:00	191.148	191.520	190.792	191.129	13223	0	22
2025.01.13	08:00:00	191.124	191.724	190.071	190.507	20699	0	22
2025.01.13	12:00:00	190.501	191.536	190.287	191.397	20778	0	22
2025.01.13	16:00:00	191.397	192.007	191.296	192.002	13824	0	22
2025.01.13	20:00:00	191.996	192.499	191.831	192.348	7864	0	22
2025.01.14	00:00:00	192.400	192.910	191.810	192.348	17452	0	22
2025.01.14	04:00:00	192.344	192.519	192.069	192.336	13388	0	22
2025.01.14	08:00:00	192.332	192.785	192.175	192.307	16825	0	22
2025.01.14	12:00:00	192.303	192.819	191.477	192.706	22065	0	22
2025.01.14	16:00:00	192.711	192.974	192.278	192.673	14063	0	22
2025.01.14	20:00:00	192.675	192.980	192.551	192.974	6940	0	22
2025.01.15	00:00:00	192.987	192.992	192.545	192.672	9802	0	22
2025.01.15	04:00:00	192.671	192.708	191.280	191.924	15954	0	22
2025.01.15	08:00:00	191.927	192.004	191.340	191.927	15634	0	22
2025.01.15	12:00:00	191.930	192.386	191.431	191.574	23882	0	22
2025.01.15	16:00:00	191.572	191.747	191.085	191.353	14011	0	22
2025.01.15	20:00:00	191.354	191.592	191.182	191.227	6151	0	22
2025.01.16	00:00:00	191.251	191.532	189.821	190.446	17167	0	22
2025.01.16	04:00:00	190.445	190.924	190.299	190.830	12807	0	22
2025.01.16	08:00:00	190.832	190.908	189.769	190.202	15096	0	22
2025.01.16	12:00:00	190.200	190.527	189.980	190.141	20220	0	22
2025.01.16	16:00:00	190.145	190.489	189.837	189.999	15125	0	22
2025.01.16	20:00:00	189.997	190.069	189.728	190.046	6181	0	22
2025.01.17	00:00:00	190.076	190.219	189.605	190.153	12108	0	22
2025.01.17	04:00:00	190.152	190.211	189.324	189.443	12735	0	22
2025.01.17	08:00:00	189.446	190.169	189.323	189.887	15175	0	22
2025.01.17	12:00:00	189.882	190.595	189.424	190.402	18966	0	22
2025.01.17	16:00:00	190.398	190.584	189.987	189.995	11923	0	22
2025.01.17	20:00:00	189.998	190.191	189.961	190.173	3764	0	22
2025.01.19	20:00:00	190.056	190.397	190.056	190.286	2961	0	67
2025.01.20	00:00:00	190.303	190.438	189.878	190.069	10742	0	22
2025.01.20	04:00:00	190.068	190.869	190.043	190.549	9605	0	22
2025.01.20	08:00:00	190.554	190.900	190.125	190.819	14070	0	22
2025.01.20	12:00:00	190.822	191.650	190.561	191.373	28943	0	22
2025.01.20	16:00:00	191.377	191.983	191.153	191.975	14203	0	22
2025.01.20	20:00:00	191.980	192.008	191.315	191.462	8424	0	22
2025.01.21	00:00:00	191.479	191.603	190.467	190.793	31821	0	22
2025.01.21	04:00:00	190.792	191.132	190.565	190.961	14091	0	22
2025.01.21	08:00:00	190.957	191.095	190.671	190.764	16282	0	22
2025.01.21	12:00:00	190.765	191.276	190.638	191.042	18804	0	22
2025.01.21	16:00:00	191.037	191.892	191.004	191.748	12534	0	22
2025.01.21	20:00:00	191.751	192.215	191.740	192.120	7400	0	22
2025.01.22	00:00:00	192.147	192.329	191.866	192.280	12536	0	22
2025.01.22	04:00:00	192.279	192.416	191.887	192.221	12156	0	22
2025.01.22	08:00:00	192.219	192.743	191.695	192.593	15966	0	22
2025.01.22	12:00:00	192.592	192.753	192.258	192.649	16550	0	22
2025.01.22	16:00:00	192.645	193.001	192.549	192.911	12023	0	22
2025.01.22	20:00:00	192.913	192.926	192.458	192.592	5890	0	22
2025.01.23	00:00:00	192.620	192.758	192.511	192.724	10943	0	22
2025.01.23	04:00:00	192.724	192.998	192.552	192.699	11389	0	22
2025.01.23	08:00:00	192.699	192.879	192.387	192.679	12671	0	22
2025.01.23	12:00:00	192.674	192.747	192.374	192.447	15122	0	22
2025.01.23	16:00:00	192.448	192.926	192.275	192.561	15973	0	22
2025.01.23	20:00:00	192.556	192.885	192.519	192.871	6228	0	22
2025.01.24	00:00:00	192.883	193.706	192.533	192.688	17276	0	22
2025.01.24	04:00:00	192.683	193.294	192.064	192.467	24203	0	22
2025.01.24	08:00:00	192.463	193.964	192.077	193.795	19459	0	22
2025.01.24	12:00:00	193.791	194.501	193.748	194.389	19462	0	22
2025.01.24	16:00:00	194.384	194.739	194.331	194.500	12683	0	22
2025.01.24	20:00:00	194.494	194.738	194.458	194.685	3685	0	22
2025.01.26	20:00:00	194.151	194.222	193.733	193.981	2864	0	74
2025.01.27	00:00:00	193.998	194.092	193.454	194.039	12749	0	22
2025.01.27	04:00:00	194.043	194.637	193.734	193.741	12748	0	22
2025.01.27	08:00:00	193.737	193.774	192.147	192.403	27141	0	22
2025.01.27	12:00:00	192.400	193.135	192.351	192.516	23235	0	22
2025.01.27	16:00:00	192.511	193.155	192.160	193.024	16169	0	22
2025.01.27	20:00:00	193.019	193.265	192.615	192.850	8371	0	22
2025.01.28	00:00:00	192.885	193.842	192.829	193.735	16743	0	22
2025.01.28	04:00:00	193.736	193.959	193.585	193.834	12367	0	22
2025.01.28	08:00:00	193.839	194.022	192.985	193.138	16217	0	22
2025.01.28	12:00:00	193.142	193.613	192.765	193.579	16907	0	22
2025.01.28	16:00:00	193.577	193.768	193.296	193.530	12270	0	22
2025.01.28	20:00:00	193.529	193.579	193.336	193.494	5181	0	22
2025.01.29	00:00:00	193.525	193.756	193.357	193.460	9960	0	22
2025.01.29	04:00:00	193.462	193.510	193.036	193.306	13009	0	22
2025.01.29	08:00:00	193.311	193.456	192.817	193.022	13723	0	22
2025.01.29	12:00:00	193.018	193.089	192.481	192.731	15777	0	22
2025.01.29	16:00:00	192.727	193.346	192.681	193.188	17211	0	22
2025.01.29	20:00:00	193.184	193.319	192.956	193.245	9954	0	22
2025.01.30	00:00:00	193.267	193.287	192.120	192.405	15285	0	22
2025.01.30	04:00:00	192.407	192.521	191.991	192.367	11876	0	22
2025.01.30	08:00:00	192.371	192.586	191.920	192.115	15274	0	22
2025.01.30	12:00:00	192.112	192.235	191.447	192.148	21321	0	22
2025.01.30	16:00:00	192.152	192.420	191.938	192.005	12483	0	22
2025.01.30	20:00:00	192.004	192.043	191.300	191.396	11150	0	22
2025.01.31	00:00:00	191.402	191.742	191.179	191.656	13068	0	22
2025.01.31	04:00:00	191.656	192.432	191.613	192.299	12312	0	22
2025.01.31	08:00:00	192.304	192.463	191.610	192.143	15107	0	22
2025.01.31	12:00:00	192.143	192.550	191.585	192.352	17944	0	22
2025.01.31	16:00:00	192.358	193.022	192.055	192.374	20295	0	22
2025.01.31	20:00:00	192.377	192.529	192.057	192.280	6169	0	22
2025.02.02	20:00:00	190.870	191.198	190.474	190.870	3996	0	176
2025.02.03	00:00:00	190.922	191.657	190.602	190.861	23864	0	22
2025.02.03	04:00:00	190.862	191.416	190.685	191.167	17234	0	22
2025.02.03	08:00:00	191.162	191.564	190.235	190.457	18477	0	22
2025.02.03	12:00:00	190.461	192.253	190.022	192.035	33359	0	22
2025.02.03	16:00:00	192.031	192.300	191.352	191.981	23140	0	22
2025.02.03	20:00:00	191.986	193.101	191.764	193.013	9646	0	22
2025.02.04	00:00:00	193.042	193.096	192.579	192.677	12336	0	22
2025.02.04	04:00:00	192.677	192.879	191.772	192.828	15775	0	22
2025.02.04	08:00:00	192.831	193.166	192.469	192.649	16998	0	22
2025.02.04	12:00:00	192.653	193.100	192.545	192.968	17335	0	22
2025.02.04	16:00:00	192.969	193.095	192.441	192.571	13444	0	22
2025.02.04	20:00:00	192.575	192.705	192.172	192.246	6384	0	22
2025.02.05	00:00:00	192.281	192.564	191.032	191.133	15345	0	22
2025.02.05	04:00:00	191.132	191.653	190.984	191.637	12744	0	22
2025.02.05	08:00:00	191.633	191.727	191.067	191.564	16793	0	22
2025.02.05	12:00:00	191.566	191.831	190.277	190.439	18748	0	22
2025.02.05	16:00:00	190.435	190.755	190.379	190.735	11491	0	22
2025.02.05	20:00:00	190.730	190.962	190.538	190.800	6058	0	22
2025.02.06	00:00:00	190.825	190.899	189.894	190.202	13369	0	22
2025.02.06	04:00:00	190.202	190.592	190.062	190.318	11624	0	22
2025.02.06	08:00:00	190.322	190.331	189.215	189.357	15695	0	22
2025.02.06	12:00:00	189.358	189.471	188.237	188.298	22612	0	22
2025.02.06	16:00:00	188.302	189.096	188.059	188.254	14194	0	22
2025.02.06	20:00:00	188.254	188.486	187.838	187.943	6210	0	22
2025.02.07	00:00:00	187.958	188.678	187.644	188.385	14138	0	22
2025.02.07	04:00:00	188.383	188.939	188.301	188.878	11193	0	22
2025.02.07	08:00:00	188.877	189.572	188.779	189.475	13514	0	22
2025.02.07	12:00:00	189.471	189.550	187.721	188.083	25589	0	22
2025.02.07	16:00:00	188.086	188.298	187.042	187.912	24785	0	22
2025.02.07	20:00:00	187.906	187.922	187.654	187.729	4633	0	22
2025.02.09	20:00:00	187.206	188.112	187.187	188.112	3792	0	74
2025.02.10	00:00:00	188.153	188.453	187.976	188.323	13624	0	22
2025.02.10	04:00:00	188.323	188.780	188.229	188.744	10935	0	22
2025.02.10	08:00:00	188.741	189.143	188.605	188.653	14177	0	22
2025.02.10	12:00:00	188.648	188.677	187.611	187.822	14951	0	22
2025.02.10	16:00:00	187.821	188.084	187.759	187.931	10410	0	22
2025.02.10	20:00:00	187.934	188.022	187.486	187.582	6111	0	22
2025.02.11	00:00:00	187.601	187.910	187.411	187.749	9790	0	22
2025.02.11	04:00:00	187.750	187.908	187.477	187.497	8490	0	22
2025.02.11	08:00:00	187.501	188.437	187.240	188.376	13542	0	22
2025.02.11	12:00:00	188.381	189.450	188.187	189.162	16182	0	22
2025.02.11	16:00:00	189.159	189.718	189.072	189.665	11569	0	22
2025.02.11	20:00:00	189.661	190.179	189.515	190.179	6587	0	22
2025.02.12	00:00:00	190.208	191.339	190.139	191.276	11604	0	22
2025.02.12	04:00:00	191.275	191.453	190.910	191.437	10766	0	22
2025.02.12	08:00:00	191.442	191.729	190.837	191.262	13883	0	22
2025.02.12	12:00:00	191.261	192.292	190.771	192.026	22061	0	22
2025.02.12	16:00:00	192.021	192.673	191.788	192.193	15555	0	22
2025.02.12	20:00:00	192.197	192.241	191.864	191.964	6443	0	22
2025.02.13	00:00:00	192.018	192.452	191.920	192.443	12110	0	22
2025.02.13	04:00:00	192.443	193.050	192.353	192.984	13332	0	22
2025.02.13	08:00:00	192.980	193.009	191.722	191.917	15642	0	22
2025.02.13	12:00:00	191.913	192.243	191.164	191.771	20901	0	22
2025.02.13	16:00:00	191.776	191.998	191.259	191.720	17609	0	22
2025.02.13	20:00:00	191.723	192.292	191.678	192.183	7497	0	22
2025.02.14	00:00:00	192.211	192.277	191.525	191.933	12824	0	22
2025.02.14	04:00:00	191.933	192.039	191.468	191.866	10495	0	22
2025.02.14	08:00:00	191.873	192.391	191.746	192.114	13525	0	22
2025.02.14	12:00:00	192.110	192.501	191.689	191.956	17081	0	22
2025.02.14	16:00:00	191.952	192.085	191.630	191.706	9826	0	22
2025.02.14	20:00:00	191.708	191.784	191.595	191.670	2968	0	22
2025.02.16	20:00:00	191.561	191.695	191.158	191.257	3010	0	68
2025.02.17	00:00:00	191.280	191.400	190.789	190.908	11670	0	22
2025.02.17	04:00:00	190.908	191.301	190.701	191.266	12053	0	22
2025.02.17	08:00:00	191.271	191.365	190.819	190.923	12702	0	22
2025.02.17	12:00:00	190.923	190.995	190.625	190.808	10631	0	22
2025.02.17	16:00:00	190.812	191.277	190.762	191.176	5427	0	22
2025.02.17	20:00:00	191.175	191.297	190.716	191.088	4120	0	22
2025.02.18	00:00:00	191.118	191.679	191.093	191.657	11741	0	22
2025.02.18	04:00:00	191.660	191.808	191.330	191.805	11360	0	22
2025.02.18	08:00:00	191.804	191.941	191.061	191.247	12853	0	22
2025.02.18	12:00:00	191.251	191.413	190.916	191.313	13725	0	22
2025.02.18	16:00:00	191.309	191.515	191.277	191.378	9177	0	22
2025.02.18	20:00:00	191.379	192.024	191.353	191.765	5882	0	22
2025.02.19	00:00:00	191.788	192.106	191.337	191.624	12302	0	22
2025.02.19	04:00:00	191.624	191.661	191.214	191.367	11545	0	22
2025.02.19	08:00:00	191.371	191.723	190.928	191.087	13147	0	22
2025.02.19	12:00:00	191.083	191.277	190.439	190.622	14865	0	22
2025.02.19	16:00:00	190.626	190.824	190.507	190.675	11348	0	22
2025.02.19	20:00:00	190.671	190.709	190.043	190.263	5858	0	22
2025.02.20	00:00:00	190.277	190.318	189.365	189.427	15094	0	22
2025.02.20	04:00:00	189.426	189.470	188.789	189.137	12640	0	22
2025.02.20	08:00:00	189.132	189.733	189.118	189.406	13295	0	22
2025.02.20	12:00:00	189.405	189.449	188.673	188.983	18852	0	22
2025.02.20	16:00:00	188.987	189.777	188.926	189.751	12492	0	22
2025.02.20	20:00:00	189.751	189.781	189.122	189.363	6662	0	22
2025.02.21	00:00:00	189.376	190.913	189.354	190.438	16270	0	22
2025.02.21	04:00:00	190.438	190.933	190.185	190.726	12724	0	22
2025.02.21	08:00:00	190.725	190.779	189.940	190.009	14935	0	22
2025.02.21	12:00:00	190.011	190.363	188.897	189.001	16254	0	22
2025.02.21	16:00:00	189.000	189.198	188.132	188.287	14972	0	22
2025.02.21	20:00:00	188.281	188.607	188.239	188.588	4346	0	22
2025.02.23	20:00:00	188.473	188.958	188.429	188.949	3377	0	68
2025.02.24	00:00:00	188.972	189.573	188.604	189.150	14782	0	22
2025.02.24	04:00:00	189.153	189.440	188.722	188.965	12271	0	22
2025.02.24	08:00:00	188.971	189.341	188.457	189.252	16841	0	22
2025.02.24	12:00:00	189.247	189.509	188.213	188.410	18528	0	22
2025.02.24	16:00:00	188.415	189.314	188.404	189.072	14267	0	22
2025.02.24	20:00:00	189.075	189.200	188.856	189.123	7392	0	22
2025.02.25	00:00:00	189.137	189.658	189.007	189.059	11090	0	22
2025.02.25	04:00:00	189.059	189.289	188.241	188.278	12595	0	20
2025.02.25	08:00:00	188.279	189.574	188.158	189.546	17576	0	22
2025.02.25	12:00:00	189.541	189.739	188.269	188.628	21526	0	22
2025.02.25	16:00:00	188.624	189.112	188.152	188.870	16485	0	22
2025.02.25	20:00:00	188.865	188.971	188.588	188.848	7425	0	22
2025.02.26	00:00:00	188.866	189.219	188.390	188.976	14552	0	22
2025.02.26	04:00:00	188.971	189.237	188.816	189.118	12711	0	22
2025.02.26	08:00:00	189.114	189.246	188.713	189.143	14975	0	22
2025.02.26	12:00:00	189.145	189.853	188.986	189.759	17880	0	22
2025.02.26	16:00:00	189.764	189.825	188.615	188.774	17822	0	22
2025.02.26	20:00:00	188.777	189.098	188.569	188.764	7675	0	22
2025.02.27	00:00:00	188.783	189.197	188.568	188.855	13338	0	22
2025.02.27	04:00:00	188.850	189.121	188.619	189.069	12249	0	22
2025.02.27	08:00:00	189.063	190.103	188.915	189.816	15239	0	22
2025.02.27	12:00:00	189.817	189.925	188.862	189.339	30149	0	22
2025.02.27	16:00:00	189.343	189.596	188.824	188.938	17603	0	22
2025.02.27	20:00:00	188.934	189.011	188.421	189.011	8766	0	22
2025.02.28	00:00:00	189.052	189.123	187.674	188.264	16634	0	22
2025.02.28	04:00:00	188.265	189.504	188.122	189.359	14591	0	22
2025.02.28	08:00:00	189.359	189.875	189.158	189.413	14812	0	22
2025.02.28	12:00:00	189.411	190.305	189.398	189.736	24643	0	22
2025.02.28	16:00:00	189.739	189.864	188.791	189.246	22307	0	22
2025.02.28	20:00:00	189.251	189.460	189.091	189.433	5553	0	22
2025.03.02	20:00:00	189.465	190.209	189.402	190.014	3400	0	70
2025.03.03	00:00:00	190.043	190.183	189.292	189.602	16265	0	22
2025.03.03	04:00:00	189.600	189.746	189.202	189.230	12456	0	22
2025.03.03	08:00:00	189.226	191.469	188.811	191.427	19259	0	22
2025.03.03	12:00:00	191.422	191.972	190.535	190.770	25906	0	22
2025.03.03	16:00:00	190.775	191.132	190.525	190.672	21669	0	22
2025.03.03	20:00:00	190.677	190.685	189.086	189.620	15191	0	22
2025.03.04	00:00:00	189.642	189.946	188.791	189.245	20692	0	22
2025.03.04	04:00:00	189.245	189.935	188.956	189.725	19257	0	22
2025.03.04	08:00:00	189.720	190.114	188.736	189.014	25692	0	22
2025.03.04	12:00:00	189.008	189.174	188.239	188.642	33876	0	22
2025.03.04	16:00:00	188.638	190.993	188.432	190.933	27063	0	22
2025.03.04	20:00:00	190.929	191.857	190.509	191.693	12068	0	22
2025.03.05	00:00:00	191.704	192.089	191.177	191.750	21929	0	22
2025.03.05	04:00:00	191.751	191.871	191.290	191.592	16848	0	22
2025.03.05	08:00:00	191.589	192.319	191.371	191.566	22863	0	22
2025.03.05	12:00:00	191.570	191.872	190.869	191.599	36338	0	22
2025.03.05	16:00:00	191.600	192.224	190.910	191.883	29360	0	22
2025.03.05	20:00:00	191.878	192.089	191.665	191.871	8713	0	22
2025.03.06	00:00:00	191.900	192.547	191.859	192.305	13955	0	22
2025.03.06	04:00:00	192.303	192.509	191.415	191.530	15989	0	22
2025.03.06	08:00:00	191.525	191.565	190.133	190.392	26672	0	22
2025.03.06	12:00:00	190.387	191.191	189.874	191.072	34752	0	22
2025.03.06	16:00:00	191.077	191.501	190.151	190.425	26565	0	22
2025.03.06	20:00:00	190.421	190.829	190.291	190.829	9266	0	22
2025.03.07	00:00:00	190.857	190.871	190.002	190.224	15403	0	22
2025.03.07	04:00:00	190.224	190.664	189.914	190.523	15191	0	22
2025.03.07	08:00:00	190.526	190.873	190.203	190.807	20528	0	22
2025.03.07	12:00:00	190.802	191.035	189.792	190.636	39861	0	22
2025.03.07	16:00:00	190.630	191.420	189.654	191.258	28700	0	22
2025.03.07	20:00:00	191.258	191.419	191.072	191.285	6185	0	22
2025.03.09	20:00:00	191.040	191.097	190.611	190.854	7155	0	22
2025.03.10	00:00:00	190.849	190.951	190.288	190.622	15445	0	22
2025.03.10	04:00:00	190.623	190.908	190.205	190.290	13704	0	22
2025.03.10	08:00:00	190.296	190.383	189.456	190.117	24219	0	22
2025.03.10	12:00:00	190.121	190.416	189.295	189.892	32054	0	22
2025.03.10	16:00:00	189.891	190.009	189.177	189.642	19896	0	22
2025.03.10	20:00:00	189.652	189.736	188.994	189.354	7981	0	22
2025.03.11	00:00:00	189.359	189.744	188.788	189.626	19825	0	22
2025.03.11	04:00:00	189.621	190.084	189.384	189.679	17090	0	22
2025.03.11	08:00:00	189.674	191.050	189.596	190.766	20494	0	22
2025.03.11	12:00:00	190.762	191.581	190.306	190.939	40573	0	22
2025.03.11	16:00:00	190.934	191.677	190.223	191.368	25082	0	22
2025.03.11	20:00:00	191.363	191.682	191.126	191.621	6515	0	22
2025.03.12	00:00:00	191.624	191.745	191.245	191.339	12351	0	22
2025.03.12	04:00:00	191.341	192.142	191.284	192.099	12920	0	22
2025.03.12	08:00:00	192.094	192.709	191.640	192.515	18958	0	22
2025.03.12	12:00:00	192.515	193.102	191.821	192.339	30625	0	22
2025.03.12	16:00:00	192.335	192.669	192.056	192.352	16319	0	22
2025.03.12	20:00:00	192.344	192.371	191.959	192.246	5152	0	22
2025.03.13	00:00:00	192.250	192.334	191.803	191.826	10720	0	22
2025.03.13	04:00:00	191.821	191.899	191.161	191.414	13992	0	22
2025.03.13	08:00:00	191.419	192.076	191.161	191.374	18824	0	22
2025.03.13	12:00:00	191.370	191.924	190.992	191.178	26135	0	22
2025.03.13	16:00:00	191.178	191.407	190.731	191.149	16834	0	22
2025.03.13	20:00:00	191.152	191.704	191.152	191.674	5594	0	22
2025.03.14	00:00:00	191.678	192.120	191.548	191.995	12507	0	22
2025.03.14	04:00:00	191.995	192.666	191.981	192.260	14037	0	22
2025.03.14	08:00:00	192.255	192.748	192.093	192.436	19556	0	22
2025.03.14	12:00:00	192.436	192.679	191.671	191.802	23173	0	22
2025.03.14	16:00:00	191.804	192.283	191.450	192.239	12262	0	22
2025.03.14	20:00:00	192.241	192.315	192.129	192.279	1320	0	58
2025.03.16	20:00:00	192.258	192.383	191.960	192.096	4948	0	22
2025.03.17	00:00:00	192.095	192.511	191.974	192.381	10733	0	22
2025.03.17	04:00:00	192.383	192.846	192.383	192.534	12196	0	22
2025.03.17	08:00:00	192.539	192.808	192.357	192.554	15550	0	22
2025.03.17	12:00:00	192.555	193.481	192.380	192.887	21210	0	22
2025.03.17	16:00:00	192.887	193.962	192.837	193.759	11736	0	22
2025.03.17	20:00:00	193.756	194.014	193.577	193.966	5398	0	22
2025.03.18	00:00:00	193.962	194.265	193.811	194.193	9790	0	22
2025.03.18	04:00:00	194.192	194.608	194.028	194.569	8886	0	22
2025.03.18	08:00:00	194.575	194.893	194.132	194.137	13521	0	22
2025.03.18	12:00:00	194.138	194.441	193.801	194.097	20348	0	22
2025.03.18	16:00:00	194.092	194.400	193.848	194.123	13973	0	22
2025.03.18	20:00:00	194.135	194.309	193.880	194.268	4716	0	22
2025.03.19	00:00:00	194.263	194.489	193.940	194.030	9605	0	22
2025.03.19	04:00:00	194.030	194.684	193.257	193.617	15298	0	22
2025.03.19	08:00:00	193.621	194.498	193.611	194.419	14524	0	22
2025.03.19	12:00:00	194.418	194.702	194.092	194.527	14797	0	22
2025.03.19	16:00:00	194.523	194.582	193.299	193.440	18955	0	22
2025.03.19	20:00:00	193.437	193.529	193.036	193.144	6301	0	22
2025.03.20	00:00:00	193.145	193.154	192.745	192.985	9981	0	22
2025.03.20	04:00:00	192.984	193.009	192.502	192.730	9669	0	22
2025.03.20	08:00:00	192.728	192.923	192.054	192.318	16643	0	22
2025.03.20	12:00:00	192.306	193.163	192.171	193.092	20419	0	22
2025.03.20	16:00:00	193.093	193.214	192.705	192.885	12408	0	22
2025.03.20	20:00:00	192.884	192.936	192.663	192.678	4713	0	22
2025.03.21	00:00:00	192.682	193.398	192.655	193.159	10638	0	22
2025.03.21	04:00:00	193.159	193.583	193.047	193.129	11257	0	22
2025.03.21	08:00:00	193.128	193.491	192.667	192.734	14903	0	22
2025.03.21	12:00:00	192.739	192.870	192.031	192.086	19451	0	22
2025.03.21	16:00:00	192.085	193.002	192.012	192.891	13535	0	22
2025.03.21	20:00:00	192.879	192.918	192.755	192.826	1422	0	59
2025.03.23	20:00:00	192.459	193.470	192.459	193.438	4541	0	22
2025.03.24	00:00:00	193.440	193.783	193.256	193.452	9991	0	22
2025.03.24	04:00:00	193.452	193.976	193.348	193.750	10225	0	22
2025.03.24	08:00:00	193.745	194.021	193.547	193.831	13891	0	22
2025.03.24	12:00:00	193.836	194.676	193.657	194.614	16692	0	22
2025.03.24	16:00:00	194.609	194.724	194.159	194.636	12303	0	22
2025.03.24	20:00:00	194.626	194.917	194.581	194.840	4975	0	22
2025.03.25	00:00:00	194.840	194.999	194.541	194.665	9772	0	22
2025.03.25	04:00:00	194.669	194.726	194.295	194.512	9397	0	22
2025.03.25	08:00:00	194.517	194.655	194.304	194.365	14027	0	22
2025.03.25	12:00:00	194.362	194.442	193.619	193.897	15683	0	22
2025.03.25	16:00:00	193.897	194.225	193.878	193.992	10067	0	22
2025.03.25	20:00:00	193.980	194.140	193.831	194.096	4405	0	22
2025.03.26	00:00:00	194.095	194.644	193.946	194.589	9784	0	22
2025.03.26	04:00:00	194.593	194.785	194.098	194.171	10769	0	22
2025.03.26	08:00:00	194.176	194.191	193.461	193.709	13846	0	22
2025.03.26	12:00:00	193.710	194.366	193.574	194.157	18655	0	22
2025.03.26	16:00:00	194.162	194.338	193.635	194.046	14694	0	22
2025.03.26	20:00:00	194.034	194.065	193.457	193.761	6971	0	22
2025.03.27	00:00:00	193.755	194.021	193.548	193.860	10614	0	22
2025.03.27	04:00:00	193.860	194.491	193.844	194.367	11434	0	22
2025.03.27	08:00:00	194.371	195.314	194.189	195.279	14939	0	22
2025.03.27	12:00:00	195.284	195.917	194.817	195.691	20464	0	22
2025.03.27	16:00:00	195.688	195.963	195.535	195.567	12482	0	22
2025.03.27	20:00:00	195.563	195.606	195.243	195.367	5068	0	22
2025.03.28	00:00:00	195.369	195.707	195.124	195.226	10602	0	22
2025.03.28	04:00:00	195.222	195.378	194.727	194.767	9879	0	22
2025.03.28	08:00:00	194.762	195.185	194.629	194.976	12885	0	22
2025.03.28	12:00:00	194.977	195.305	194.230	194.455	22315	0	22
2025.03.28	16:00:00	194.452	194.566	193.808	193.832	12571	0	22
2025.03.28	20:00:00	193.827	193.994	193.705	193.884	1519	0	59
2025.03.30	20:00:00	193.767	193.817	193.066	193.565	6144	0	22
2025.03.31	00:00:00	193.559	193.687	192.729	192.958	16080	0	22
2025.03.31	04:00:00	192.957	193.400	192.750	193.229	17297	0	22
2025.03.31	08:00:00	193.225	193.553	192.763	193.471	17134	0	22
2025.03.31	12:00:00	193.470	193.668	192.904	193.239	22603	0	22
2025.03.31	16:00:00	193.243	193.993	193.170	193.711	13498	0	22
2025.03.31	20:00:00	193.703	193.924	193.491	193.719	6180	0	22
2025.04.01	00:00:00	193.719	193.833	193.377	193.555	12046	0	22
2025.04.01	04:00:00	193.552	193.904	193.050	193.131	13528	0	22
2025.04.01	08:00:00	193.126	193.668	192.290	192.326	17037	0	22
2025.04.01	12:00:00	192.321	193.208	192.202	193.035	22150	0	22
2025.04.01	16:00:00	193.030	193.473	192.776	193.302	14204	0	22
2025.04.01	20:00:00	193.297	193.730	193.111	193.499	5861	0	22
2025.04.02	00:00:00	193.494	193.749	193.347	193.491	11570	0	22
2025.04.02	04:00:00	193.491	193.732	193.086	193.262	11702	0	22
2025.04.02	08:00:00	193.266	193.643	193.059	193.200	15370	0	22
2025.04.02	12:00:00	193.196	194.616	192.981	194.572	20838	0	22
2025.04.02	16:00:00	194.567	194.919	194.522	194.734	14791	0	22
2025.04.02	20:00:00	194.722	195.743	192.221	192.920	19187	0	22
2025.04.03	00:00:00	192.915	193.264	192.333	192.492	28155	0	22
2025.04.03	04:00:00	192.493	193.455	192.316	193.440	27229	0	22
2025.04.03	08:00:00	193.435	193.664	192.384	192.399	29249	0	22
2025.04.03	12:00:00	192.393	192.747	191.139	191.470	41869	0	22
2025.04.03	16:00:00	191.470	191.968	191.141	191.295	25390	0	22
2025.04.03	20:00:00	191.296	191.446	190.608	191.426	10015	0	22
2025.04.04	00:00:00	191.430	191.748	190.800	190.882	21693	0	22
2025.04.04	04:00:00	190.881	191.150	190.130	190.266	26777	0	22
2025.04.04	08:00:00	190.269	190.414	187.990	189.308	55856	0	22
2025.04.04	12:00:00	189.305	189.722	187.523	188.622	79608	0	22
2025.04.04	16:00:00	188.625	190.290	188.427	188.992	48186	0	22
2025.04.04	20:00:00	189.006	189.585	188.832	189.576	3144	0	58
2025.04.06	20:00:00	186.739	187.898	186.018	187.735	16215	0	22
2025.04.07	00:00:00	187.739	188.775	187.343	188.506	41842	0	22
2025.04.07	04:00:00	188.506	188.830	187.118	187.979	40735	0	22
2025.04.07	08:00:00	187.983	188.497	187.207	187.722	42623	0	22
2025.04.07	12:00:00	187.725	190.085	187.504	188.277	92793	0	22
2025.04.07	16:00:00	188.280	189.077	187.949	188.098	38048	0	22
2025.04.07	20:00:00	188.112	188.529	187.857	188.177	11138	0	22
2025.04.08	00:00:00	188.173	188.618	188.011	188.574	25654	0	22
2025.04.08	04:00:00	188.569	188.942	187.547	187.922	24498	0	22
2025.04.08	08:00:00	187.927	188.080	187.225	187.721	28659	0	22
2025.04.08	12:00:00	187.715	188.741	187.295	187.708	37069	0	22
2025.04.08	16:00:00	187.703	187.871	186.538	186.823	35974	0	22
2025.04.08	20:00:00	186.814	187.017	186.127	186.484	12736	0	22
2025.04.09	00:00:00	186.480	187.147	185.712	186.278	34006	0	22
2025.04.09	04:00:00	186.275	186.717	185.565	186.270	48270	0	22
2025.04.09	08:00:00	186.273	186.664	184.759	184.775	44072	0	22
2025.04.09	12:00:00	184.773	185.483	184.372	185.273	44195	0	22
2025.04.09	16:00:00	185.278	189.812	184.475	189.394	59790	0	22
2025.04.09	20:00:00	189.407	189.521	188.755	189.033	12107	0	22
2025.04.10	00:00:00	189.029	189.154	188.214	188.628	25284	0	22
2025.04.10	04:00:00	188.628	189.408	188.293	188.346	26105	0	22
2025.04.10	08:00:00	188.351	188.557	187.846	188.178	28587	0	22
2025.04.10	12:00:00	188.184	188.208	186.639	186.754	40710	0	22
2025.04.10	16:00:00	186.749	187.929	186.352	187.599	34885	0	22
2025.04.10	20:00:00	187.589	187.713	186.626	186.750	15171	0	22
2025.04.11	00:00:00	186.755	187.058	186.064	186.636	39977	0	22
2025.04.11	04:00:00	186.642	187.483	186.011	186.646	33240	0	22
2025.04.11	08:00:00	186.639	187.174	186.164	186.638	46068	0	22
2025.04.11	12:00:00	186.632	187.693	186.625	187.325	51408	0	22
2025.04.11	16:00:00	187.321	188.197	187.265	187.731	23051	0	22
2025.04.11	20:00:00	187.730	187.868	187.559	187.747	2433	0	57
2025.04.13	20:00:00	188.153	188.344	187.667	188.010	8431	0	22
2025.04.14	00:00:00	188.006	188.084	186.577	187.447	23627	0	22
2025.04.14	04:00:00	187.447	188.383	187.134	188.361	22397	0	22
2025.04.14	08:00:00	188.367	188.994	188.180	188.726	19632	0	22
2025.04.14	12:00:00	188.726	189.193	188.323	188.346	23425	0	22
2025.04.14	16:00:00	188.340	188.778	188.135	188.641	19033	0	22
2025.04.14	20:00:00	188.645	188.802	188.421	188.644	8420	0	22
2025.04.15	00:00:00	188.639	189.121	188.615	188.885	14438	0	22
2025.04.15	04:00:00	188.886	189.549	188.547	189.493	16593	0	22
2025.04.15	08:00:00	189.492	189.518	188.854	189.071	18349	0	22
2025.04.15	12:00:00	189.077	189.347	188.637	189.177	24451	0	22
2025.04.15	16:00:00	189.182	189.411	189.010	189.358	13115	0	22
2025.04.15	20:00:00	189.354	189.577	189.035	189.322	8475	0	22
2025.04.16	00:00:00	189.316	189.358	188.831	188.938	14251	0	22
2025.04.16	04:00:00	188.943	189.132	188.540	188.677	17530	0	22
2025.04.16	08:00:00	188.681	189.676	188.642	189.249	22854	0	22
2025.04.16	12:00:00	189.244	189.305	188.598	188.750	21230	0	22
2025.04.16	16:00:00	188.746	188.767	187.559	188.013	19056	0	22
2025.04.16	20:00:00	188.006	188.057	187.440	187.757	9403	0	22
2025.04.17	00:00:00	187.765	188.640	187.667	188.392	18704	0	22
2025.04.17	04:00:00	188.390	189.189	188.304	189.174	14521	0	22
2025.04.17	08:00:00	189.178	189.356	188.440	188.574	15928	0	22
2025.04.17	12:00:00	188.570	188.739	188.064	188.648	22581	0	22
2025.04.17	16:00:00	188.653	189.160	188.552	188.824	15480	0	22
2025.04.17	20:00:00	188.824	188.980	188.531	188.795	7750	0	25
2025.04.18	00:00:00	188.814	189.098	188.674	188.778	13023	0	141
2025.04.18	04:00:00	188.787	188.950	188.695	188.797	12565	0	140
2025.04.18	08:00:00	188.792	188.981	188.685	188.862	11808	0	140
2025.04.18	12:00:00	188.861	188.959	188.679	188.737	11349	0	142
2025.04.18	16:00:00	188.732	188.887	188.617	188.669	10059	0	233
2025.04.18	20:00:00	188.669	188.810	188.624	188.757	2119	0	500
2025.04.20	20:00:00	188.628	188.668	188.262	188.511	7292	0	22
2025.04.21	00:00:00	188.507	188.736	187.996	188.348	16593	0	22
2025.04.21	04:00:00	188.355	188.598	188.223	188.497	13166	0	22
2025.04.21	08:00:00	188.493	188.837	188.427	188.599	13464	0	22
2025.04.21	12:00:00	188.595	188.802	188.397	188.420	17079	0	22
2025.04.21	16:00:00	188.421	188.575	188.018	188.368	12023	0	22
2025.04.21	20:00:00	188.366	188.580	188.224	188.480	7401	0	22
2025.04.22	00:00:00	188.474	188.763	187.803	187.931	16025	0	22
2025.04.22	04:00:00	187.925	188.151	187.580	187.653	18070	0	22
2025.04.22	08:00:00	187.648	188.177	187.452	187.612	16503	0	22
2025.04.22	12:00:00	187.606	188.501	187.487	188.397	18389	0	22
2025.04.22	16:00:00	188.402	188.824	188.246	188.772	18011	0	22
2025.04.22	20:00:00	188.779	189.897	188.502	189.388	13169	0	22
2025.04.23	00:00:00	189.384	189.511	188.628	189.003	19189	0	22
2025.04.23	04:00:00	188.998	189.053	188.515	188.749	16983	0	22
2025.04.23	08:00:00	188.761	189.126	188.236	188.384	17476	0	22
2025.04.23	12:00:00	188.383	189.644	188.347	189.070	31178	0	22
2025.04.23	16:00:00	189.074	190.301	188.997	190.188	18769	0	22
2025.04.23	20:00:00	190.199	190.288	189.535	189.938	8688	0	22
2025.04.24	00:00:00	189.933	190.112	189.410	189.578	15213	0	22
2025.04.24	04:00:00	189.584	189.708	189.292	189.541	14273	0	22
2025.04.24	08:00:00	189.545	189.837	189.480	189.764	15413	0	22
2025.04.24	12:00:00	189.758	189.874	189.305	189.791	18148	0	22
2025.04.24	16:00:00	189.793	190.334	189.744	190.281	11890	0	22
2025.04.24	20:00:00	190.281	190.502	190.009	190.376	6677	0	22
2025.04.25	00:00:00	190.381	190.877	190.051	190.851	14099	0	22
2025.04.25	04:00:00	190.851	191.237	190.555	190.688	16780	0	22
2025.04.25	08:00:00	190.693	191.115	190.477	190.778	16221	0	22
2025.04.25	12:00:00	190.772	191.717	190.723	191.592	18090	0	22
2025.04.25	16:00:00	191.595	191.669	191.148	191.298	11767	0	22
2025.04.25	20:00:00	191.293	191.418	191.198	191.209	1742	0	59
2025.04.27	20:00:00	191.024	191.279	190.873	191.165	5234	0	22
2025.04.28	00:00:00	191.167	191.195	190.657	190.894	13194	0	22
2025.04.28	04:00:00	190.894	191.322	190.764	191.102	13645	0	22
2025.04.28	08:00:00	191.098	191.544	191.079	191.229	14249	0	22
2025.04.28	12:00:00	191.235	191.454	190.990	191.123	17442	0	22
2025.04.28	16:00:00	191.120	191.165	190.744	190.889	12000	0	22
2025.04.28	20:00:00	190.883	191.163	190.716	191.013	6412	0	22
2025.04.29	00:00:00	191.010	191.180	190.806	191.024	12494	0	22
2025.04.29	04:00:00	191.026	191.151	190.808	191.100	12673	0	22
2025.04.29	08:00:00	191.107	191.336	190.881	191.028	12951	0	22
2025.04.29	12:00:00	191.021	191.077	190.420	190.613	18139	0	22
2025.04.29	16:00:00	190.616	190.751	190.393	190.718	11910	0	22
2025.04.29	20:00:00	190.723	190.922	190.470	190.783	5990	0	22
2025.04.30	00:00:00	190.779	190.970	190.621	190.737	11893	0	22
2025.04.30	04:00:00	190.744	191.218	190.694	191.137	11475	0	22
2025.04.30	08:00:00	191.143	191.257	190.961	191.021	12869	0	22
2025.04.30	12:00:00	191.021	191.031	189.974	190.284	22285	0	22
2025.04.30	16:00:00	190.281	190.833	190.222	190.453	14103	0	22
2025.04.30	20:00:00	190.470	190.841	190.355	190.513	6901	0	22
2025.05.01	00:00:00	190.507	191.181	190.331	191.109	11843	0	22
2025.05.01	04:00:00	191.114	192.185	191.114	192.084	16028	0	22
2025.05.01	08:00:00	192.084	192.629	191.981	192.503	13278	0	22
2025.05.01	12:00:00	192.502	193.366	192.258	193.083	21282	0	20
2025.05.01	16:00:00	193.087	193.449	192.912	193.240	13541	0	22
2025.05.01	20:00:00	193.224	193.372	192.816	193.174	6485	0	22
2025.05.02	00:00:00	193.179	193.745	193.127	193.287	14308	0	22
2025.05.02	04:00:00	193.285	193.518	192.958	193.000	15101	0	22
2025.05.02	08:00:00	193.007	193.013	192.010	192.172	15268	0	22
2025.05.02	12:00:00	192.178	192.341	191.472	191.932	24179	0	22
2025.05.02	16:00:00	191.933	192.622	191.933	192.467	13922	0	22
2025.05.02	20:00:00	192.478	192.561	192.180	192.382	1605	0	59
2025.05.04	20:00:00	191.876	192.178	191.819	191.947	4963	0	22
2025.05.05	00:00:00	191.946	192.049	191.540	191.738	12086	0	22
2025.05.05	04:00:00	191.738	191.816	191.552	191.716	11994	0	22
2025.05.05	08:00:00	191.719	191.727	191.225	191.554	13022	0	22
2025.05.05	12:00:00	191.560	191.676	191.039	191.224	16227	0	22
2025.05.05	16:00:00	191.229	191.444	191.035	191.096	10467	0	22
2025.05.05	20:00:00	191.086	191.125	190.848	190.990	5437	0	22
2025.05.06	00:00:00	190.988	191.346	190.919	191.160	12499	0	22
2025.05.06	04:00:00	191.158	191.333	190.793	190.898	11520	0	22
2025.05.06	08:00:00	190.904	191.187	190.446	190.881	14677	0	22
2025.05.06	12:00:00	190.875	191.157	190.570	190.836	17447	0	22
2025.05.06	16:00:00	190.835	191.013	190.432	190.492	12488	0	22
2025.05.06	20:00:00	190.493	191.257	190.281	191.047	9466	0	22
2025.05.07	00:00:00	191.041	191.167	190.717	190.989	16297	0	22
2025.05.07	04:00:00	190.988	191.333	190.866	191.161	12264	0	22
2025.05.07	08:00:00	191.166	191.495	191.025	191.391	12464	0	22
2025.05.07	12:00:00	191.389	191.658	191.228	191.425	14767	0	22
2025.05.07	16:00:00	191.424	191.505	190.657	191.193	18600	0	22
2025.05.07	20:00:00	191.190	191.248	190.825	191.190	6328	0	22
2025.05.08	00:00:00	191.190	191.785	190.990	191.620	14728	0	22
2025.05.08	04:00:00	191.618	191.893	191.531	191.803	14330	0	22
2025.05.08	08:00:00	191.809	192.880	191.716	192.746	16768	0	22
2025.05.08	12:00:00	192.751	193.271	192.613	193.226	21470	0	22
2025.05.08	16:00:00	193.221	193.497	193.140	193.225	13617	0	22
2025.05.08	20:00:00	193.213	193.346	193.005	193.221	6815	0	22
2025.05.09	00:00:00	193.228	193.264	192.608	192.720	14416	0	22
2025.05.09	04:00:00	192.720	192.739	192.340	192.525	12845	0	22
2025.05.09	08:00:00	192.528	192.899	192.417	192.674	13377	0	22
2025.05.09	12:00:00	192.680	193.268	192.649	193.263	14966	0	22
2025.05.09	16:00:00	193.263	193.461	193.205	193.389	10212	0	22
2025.05.09	20:00:00	193.381	193.416	193.254	193.403	1335	0	59
2025.05.11	20:00:00	193.694	193.916	193.568	193.739	6211	0	22
2025.05.12	00:00:00	193.740	194.206	193.627	193.686	14121	0	22
2025.05.12	04:00:00	193.680	194.861	193.676	194.776	19016	0	22
2025.05.12	08:00:00	194.782	195.507	194.660	194.849	21484	0	22
2025.05.12	12:00:00	194.853	195.792	194.844	195.350	19613	0	22
2025.05.12	16:00:00	195.357	195.790	195.310	195.522	12089	0	22
2025.05.12	20:00:00	195.524	195.655	195.281	195.363	6587	0	22
2025.05.13	00:00:00	195.357	195.357	194.778	195.000	13270	0	22
2025.05.13	04:00:00	194.995	195.453	194.909	195.320	13419	0	22
2025.05.13	08:00:00	195.328	195.722	195.204	195.701	12412	0	22
2025.05.13	12:00:00	195.709	196.327	195.452	196.163	18708	0	22
2025.05.13	16:00:00	196.167	196.377	195.898	196.136	11374	0	22
2025.05.13	20:00:00	196.144	196.320	195.960	196.249	5698	0	22
2025.05.14	00:00:00	196.253	196.408	195.617	195.749	13712	0	22
2025.05.14	04:00:00	195.753	195.903	195.379	195.891	13105	0	22
2025.05.14	08:00:00	195.893	195.916	194.436	194.894	19398	0	22
2025.05.14	12:00:00	194.897	194.981	194.227	194.908	18620	0	22
2025.05.14	16:00:00	194.903	195.263	194.537	194.664	14327	0	22
2025.05.14	20:00:00	194.652	194.756	194.271	194.487	6477	0	22
2025.05.15	00:00:00	194.491	194.594	193.880	194.016	12935	0	22
2025.05.15	04:00:00	194.015	194.042	193.518	193.549	13651	0	22
2025.05.15	08:00:00	193.555	194.029	193.532	193.851	12819	0	22
2025.05.15	12:00:00	193.850	194.230	193.425	193.506	18973	0	22
2025.05.15	16:00:00	193.502	193.757	193.444	193.736	10561	0	22
2025.05.15	20:00:00	193.720	193.848	193.512	193.660	5958	0	22
2025.05.16	00:00:00	193.654	193.696	193.029	193.368	12639	0	22
2025.05.16	04:00:00	193.372	193.655	193.138	193.370	11553	0	22
2025.05.16	08:00:00	193.377	193.578	193.220	193.447	11530	0	22
2025.05.16	12:00:00	193.448	193.745	193.208	193.564	14625	0	22
2025.05.16	16:00:00	193.562	193.792	193.476	193.739	8903	0	22
2025.05.16	20:00:00	193.726	193.754	193.362	193.418	1984	0	59
2025.05.18	20:00:00	192.874	193.365	192.723	193.226	5227	0	22
2025.05.19	00:00:00	193.233	193.323	192.769	193.122	14108	0	22
2025.05.19	04:00:00	193.126	193.625	193.003	193.619	12489	0	22
2025.05.19	08:00:00	193.625	194.066	193.482	193.898	13765	0	22
2025.05.19	12:00:00	193.899	194.024	193.560	193.621	14977	0	22
2025.05.19	16:00:00	193.621	193.716	193.424	193.496	9303	0	22
2025.05.19	20:00:00	193.484	193.701	193.323	193.669	5241	0	22
2025.05.20	00:00:00	193.675	194.202	193.479	193.565	13756	0	22
2025.05.20	04:00:00	193.564	193.601	192.907	193.006	13500	0	22
2025.05.20	08:00:00	193.012	193.370	193.002	193.196	11647	0	22
2025.05.20	12:00:00	193.193	193.570	193.017	193.470	14311	0	22
2025.05.20	16:00:00	193.474	193.701	193.319	193.476	9946	0	22
2025.05.20	20:00:00	193.474	193.535	192.999	193.337	6213	0	22
2025.05.21	00:00:00	193.329	193.470	193.047	193.111	13740	0	22
2025.05.21	04:00:00	193.117	193.293	192.821	193.012	14316	0	22
2025.05.21	08:00:00	193.005	193.259	192.572	192.822	14463	0	22
2025.05.21	12:00:00	192.817	193.227	192.670	193.172	15583	0	22
2025.05.21	16:00:00	193.172	193.297	192.600	192.755	13453	0	22
2025.05.21	20:00:00	192.743	193.512	192.521	192.837	7517	0	22
2025.05.22	00:00:00	192.837	192.894	192.272	192.395	14727	0	22
2025.05.22	04:00:00	192.395	192.567	192.030	192.144	12340	0	22
2025.05.22	08:00:00	192.143	192.732	191.887	192.386	14166	0	22
2025.05.22	12:00:00	192.383	193.227	192.309	193.168	17710	0	22
2025.05.22	16:00:00	193.168	193.583	193.138	193.204	10920	0	22
2025.05.22	20:00:00	193.205	193.280	192.935	193.026	5706	0	22
2025.05.23	00:00:00	193.031	193.316	192.825	192.859	12332	0	22
2025.05.23	04:00:00	192.856	193.187	192.810	193.150	11272	0	22
2025.05.23	08:00:00	193.153	193.550	192.082	192.350	16313	0	22
2025.05.23	12:00:00	192.356	192.859	192.064	192.622	22366	0	22
2025.05.23	16:00:00	192.624	192.993	192.620	192.829	11288	0	22
2025.05.23	20:00:00	192.823	192.992	192.803	192.962	1543	0	59
2025.05.25	20:00:00	192.648	193.459	192.595	193.351	5803	0	22
2025.05.26	00:00:00	193.345	193.575	193.250	193.439	12862	0	22
2025.05.26	04:00:00	193.438	194.029	193.435	193.856	11632	0	22
2025.05.26	08:00:00	193.855	193.928	193.655	193.801	8641	0	22
2025.05.26	12:00:00	193.807	193.832	193.555	193.741	7819	0	22
2025.05.26	16:00:00	193.744	193.773	193.537	193.645	3102	0	22
2025.05.26	20:00:00	193.644	193.724	193.431	193.474	4745	0	22
2025.05.27	00:00:00	193.471	193.471	193.050	193.276	11150	0	22
2025.05.27	04:00:00	193.280	194.586	193.274	194.402	15090	0	22
2025.05.27	08:00:00	194.406	195.325	194.372	195.222	13081	0	22
2025.05.27	12:00:00	195.220	195.617	194.893	194.942	15256	0	22
2025.05.27	16:00:00	194.948	195.092	194.839	194.895	7986	0	22
2025.05.27	20:00:00	194.885	194.995	194.726	194.781	5112	0	22
2025.05.28	00:00:00	194.775	195.401	194.488	194.632	15859	0	22
2025.05.28	04:00:00	194.626	194.876	194.374	194.578	13848	0	22
2025.05.28	08:00:00	194.583	194.891	194.443	194.667	11695	0	22
2025.05.28	12:00:00	194.666	195.260	194.472	195.217	14744	0	22
2025.05.28	16:00:00	195.216	195.350	194.973	195.076	9155	0	22
2025.05.28	20:00:00	195.068	195.916	194.795	195.669	9540	0	22
2025.05.29	00:00:00	195.674	196.309	195.653	195.817	18215	0	22
2025.05.29	04:00:00	195.809	196.170	195.516	195.591	12481	0	22
2025.05.29	08:00:00	195.584	195.665	195.131	195.287	12583	0	22
2025.05.29	12:00:00	195.281	195.312	194.287	194.358	17230	0	22
2025.05.29	16:00:00	194.351	194.601	194.325	194.490	10576	0	22
2025.05.29	20:00:00	194.474	194.571	194.042	194.042	6379	0	22
2025.05.30	00:00:00	194.049	194.316	193.748	193.784	14423	0	22
2025.05.30	04:00:00	193.779	194.206	193.620	194.117	12433	0	22
2025.05.30	08:00:00	194.122	194.207	193.789	193.843	11627	0	22
2025.05.30	12:00:00	193.838	194.652	193.388	194.167	18619	0	22
2025.05.30	16:00:00	194.173	194.173	193.626	193.828	11271	0	22
2025.05.30	20:00:00	193.833	193.891	193.733	193.780	1631	0	59
2025.06.01	20:00:00	193.565	193.724	193.344	193.660	4691	0	22
2025.06.02	00:00:00	193.667	193.800	193.485	193.497	11664	0	22
2025.06.02	04:00:00	193.496	193.892	193.447	193.604	11259	0	22
2025.06.02	08:00:00	193.598	193.697	193.094	193.228	12295	0	22
2025.06.02	12:00:00	193.234	193.543	192.997	193.418	15187	0	22
2025.06.02	16:00:00	193.412	193.468	193.224	193.292	9074	0	22
2025.06.02	20:00:00	193.289	193.359	192.976	193.087	5609	0	22
2025.06.03	00:00:00	193.091	193.808	193.069	193.528	11653	0	22
2025.06.03	04:00:00	193.527	193.570	192.873	193.094	11471	0	22
2025.06.03	08:00:00	193.093	193.313	192.719	193.199	11302	0	22
2025.06.03	12:00:00	193.205	194.718	193.161	194.594	14238	0	22
2025.06.03	16:00:00	194.595	194.777	194.519	194.700	8259	0	22
2025.06.03	20:00:00	194.698	194.779	194.381	194.592	5127	0	22
2025.06.04	00:00:00	194.591	195.031	194.522	194.707	11788	0	22
2025.06.04	04:00:00	194.710	194.963	194.526	194.919	11212	0	22
2025.06.04	08:00:00	194.922	195.224	194.753	194.958	11627	0	22
2025.06.04	12:00:00	194.961	194.980	193.799	193.905	17124	0	22
2025.06.04	16:00:00	193.901	193.913	193.467	193.515	8922	0	22
2025.06.04	20:00:00	193.518	193.548	193.219	193.405	5214	0	22
2025.06.05	00:00:00	193.399	193.722	193.320	193.673	12220	0	22
2025.06.05	04:00:00	193.672	194.445	193.618	194.371	10306	0	22
2025.06.05	08:00:00	194.377	194.514	194.174	194.417	10131	0	22
2025.06.05	12:00:00	194.417	195.455	194.042	195.386	22512	0	22
2025.06.05	16:00:00	195.389	195.493	194.775	195.016	11637	0	22
2025.06.05	20:00:00	195.015	195.108	194.607	194.931	5647	0	22
2025.06.06	00:00:00	194.926	195.233	194.924	195.103	9369	0	22
2025.06.06	04:00:00	195.097	195.302	194.805	194.927	9595	0	22
2025.06.06	08:00:00	194.932	195.399	194.802	195.339	10235	0	22
2025.06.06	12:00:00	195.339	196.183	195.304	196.019	18277	0	22
2025.06.06	16:00:00	196.020	196.079	195.837	195.904	8990	0	22
2025.06.06	20:00:00	195.907	195.952	195.866	195.896	1066	0	60
2025.06.08	20:00:00	195.840	195.899	195.695	195.866	3665	0	22
2025.06.09	00:00:00	195.868	196.142	195.731	195.803	9580	0	22
2025.06.09	04:00:00	195.803	195.824	195.467	195.523	8919	0	22
2025.06.09	08:00:00	195.516	195.991	195.436	195.939	10027	0	22
2025.06.09	12:00:00	195.945	195.953	195.653	195.790	11936	0	22
2025.06.09	16:00:00	195.792	196.056	195.725	195.971	7031	0	22
2025.06.09	20:00:00	195.981	196.006	195.738	195.934	4820	0	22
2025.06.10	00:00:00	195.939	196.440	195.823	196.136	11367	0	22
2025.06.10	04:00:00	196.131	196.226	194.771	194.993	12978	0	22
2025.06.10	08:00:00	194.996	195.325	194.826	195.264	11072	0	22
2025.06.10	12:00:00	195.258	195.861	195.139	195.729	12852	0	22
2025.06.10	16:00:00	195.726	195.816	195.528	195.640	8167	0	22
2025.06.10	20:00:00	195.630	195.922	195.345	195.639	7152	0	22
2025.06.11	00:00:00	195.633	195.726	195.289	195.493	10937	0	22
2025.06.11	04:00:00	195.493	195.750	195.389	195.660	9597	0	22
2025.06.11	08:00:00	195.664	196.069	195.569	196.050	10052	0	22
2025.06.11	12:00:00	196.055	196.233	195.530	195.842	17279	0	22
2025.06.11	16:00:00	195.838	196.076	195.614	195.775	10731	0	22
2025.06.11	20:00:00	195.774	195.902	195.553	195.614	6645	0	22
2025.06.12	00:00:00	195.610	195.771	195.355	195.452	12195	0	22
2025.06.12	04:00:00	195.455	195.640	194.798	194.848	11501	0	22
2025.06.12	08:00:00	194.851	195.265	194.709	195.203	13194	0	22
2025.06.12	12:00:00	195.205	195.513	194.878	195.155	16153	0	22
2025.06.12	16:00:00	195.161	195.323	195.038	195.276	9425	0	22
2025.06.12	20:00:00	195.274	195.431	194.978	195.013	5788	0	22
2025.06.13	00:00:00	195.018	195.146	193.759	194.469	21085	0	22
2025.06.13	04:00:00	194.469	195.028	194.134	194.964	15066	0	22
2025.06.13	08:00:00	194.957	195.424	194.831	195.129	14916	0	22
2025.06.13	12:00:00	195.125	195.968	194.984	195.784	16028	0	22
2025.06.13	16:00:00	195.782	195.862	195.063	195.296	11693	0	22
2025.06.13	20:00:00	195.293	195.598	195.266	195.553	2007	0	60
2025.06.15	20:00:00	195.243	196.052	195.061	195.868	7168	0	22
2025.06.16	00:00:00	195.861	195.873	195.415	195.568	11169	0	22
2025.06.16	04:00:00	195.567	196.165	195.397	195.855	11311	0	22
2025.06.16	08:00:00	195.861	196.036	195.549	195.672	11765	0	22
2025.06.16	12:00:00	195.669	196.000	195.573	195.974	14977	0	22
2025.06.16	16:00:00	195.979	196.674	195.967	196.603	8971	0	22
2025.06.16	20:00:00	196.608	196.643	196.190	196.308	6887	0	22
2025.06.17	00:00:00	196.313	196.839	196.261	196.364	13074	0	22
2025.06.17	04:00:00	196.358	196.618	195.971	196.051	13226	0	22
2025.06.17	08:00:00	196.056	196.478	195.949	196.118	12951	0	22
2025.06.17	12:00:00	196.117	196.373	195.806	195.998	15785	0	22
2025.06.17	16:00:00	196.003	196.010	194.923	194.949	12617	0	22
2025.06.17	20:00:00	194.944	195.259	194.791	195.225	6267	0	22
2025.06.18	00:00:00	195.231	195.341	194.936	194.946	10937	0	22
2025.06.18	04:00:00	194.945	195.258	194.770	195.089	10988	0	22
2025.06.18	08:00:00	195.084	195.326	194.606	194.829	10945	0	22
2025.06.18	12:00:00	194.833	195.072	194.526	194.729	14204	0	22
2025.06.18	16:00:00	194.734	194.802	194.330	194.561	14670	0	22
2025.06.18	20:00:00	194.559	194.741	194.405	194.439	6764	0	22
2025.06.19	00:00:00	194.446	194.555	194.010	194.503	11034	0	22
2025.06.19	04:00:00	194.503	194.983	194.335	194.843	10249	0	22
2025.06.19	08:00:00	194.849	195.896	194.733	195.877	12761	0	22
2025.06.19	12:00:00	195.875	195.946	195.198	195.583	11710	0	22
2025.06.19	16:00:00	195.577	195.854	195.532	195.852	5939	0	22
2025.06.19	20:00:00	195.862	195.965	195.579	195.715	6346	0	22
2025.06.20	00:00:00	195.709	196.107	195.671	196.075	10268	0	22
2025.06.20	04:00:00	196.074	196.325	195.690	195.958	10756	0	22
2025.06.20	08:00:00	195.952	196.524	195.809	196.506	10577	0	22
2025.06.20	12:00:00	196.501	196.696	196.241	196.469	15160	0	22
2025.06.20	16:00:00	196.471	196.643	196.389	196.526	9372	0	22
2025.06.20	20:00:00	196.523	196.578	196.364	196.468	1521	0	60
2025.06.22	20:00:00	196.551	196.682	196.066	196.432	6414	0	22
2025.06.23	00:00:00	196.429	196.927	196.306	196.819	11803	0	22
2025.06.23	04:00:00	196.818	198.031	196.818	198.002	13504	0	22
2025.06.23	08:00:00	197.995	198.195	197.438	197.674	14637	0	22
2025.06.23	12:00:00	197.679	197.833	197.242	197.570	17274	0	22
2025.06.23	16:00:00	197.566	197.848	197.309	197.665	13295	0	22
2025.06.23	20:00:00	197.665	197.683	197.316	197.649	8280	0	22
2025.06.24	00:00:00	197.648	197.648	197.017	197.228	12604	0	22
2025.06.24	04:00:00	197.234	197.381	196.933	197.334	12800	0	22
2025.06.24	08:00:00	197.328	197.579	197.060	197.338	13358	0	22
2025.06.24	12:00:00	197.347	197.421	196.959	197.261	16040	0	22
2025.06.24	16:00:00	197.259	197.361	197.087	197.150	8919	0	22
2025.06.24	20:00:00	197.147	197.359	197.036	197.317	5486	0	22
2025.06.25	00:00:00	197.323	197.483	197.040	197.331	11534	0	22
2025.06.25	04:00:00	197.333	198.064	197.210	197.825	10859	0	22
2025.06.25	08:00:00	197.831	198.398	197.760	198.307	11388	0	22
2025.06.25	12:00:00	198.313	198.571	198.120	198.355	13362	0	22
2025.06.25	16:00:00	198.357	198.473	198.259	198.459	8864	0	22
2025.06.25	20:00:00	198.459	198.559	198.142	198.380	6202	0	22
2025.06.26	00:00:00	198.373	198.522	198.005	198.505	11381	0	22
2025.06.26	04:00:00	198.504	198.592	197.741	197.891	12884	0	22
2025.06.26	08:00:00	197.885	198.110	197.698	197.911	12936	0	22
2025.06.26	12:00:00	197.911	198.523	197.754	198.481	16113	0	22
2025.06.26	16:00:00	198.479	198.507	198.162	198.245	9436	0	22
2025.06.26	20:00:00	198.239	198.618	197.998	198.569	6287	0	22
2025.06.27	00:00:00	198.563	198.799	198.134	198.416	12052	0	22
2025.06.27	04:00:00	198.414	198.588	198.102	198.502	11064	0	22
2025.06.27	08:00:00	198.497	198.619	198.286	198.491	10836	0	22
2025.06.27	12:00:00	198.485	198.740	198.330	198.534	14920	0	22
2025.06.27	16:00:00	198.538	198.550	198.006	198.378	11206	0	22
2025.06.27	20:00:00	198.365	198.468	198.303	198.409	1695	0	67
2025.06.29	20:00:00	197.918	198.333	197.918	198.230	4563	0	22
2025.06.30	00:00:00	198.230	198.449	197.734	197.758	10621	0	22
2025.06.30	04:00:00	197.758	197.772	197.207	197.482	11765	0	22
2025.06.30	08:00:00	197.475	197.867	197.288	197.801	11070	0	22
2025.06.30	12:00:00	197.805	197.999	197.435	197.781	14820	0	22
2025.06.30	16:00:00	197.777	197.869	197.633	197.671	10129	0	22
2025.06.30	20:00:00	197.661	197.797	197.418	197.451	5638	0	22
2025.07.01	00:00:00	197.456	197.655	197.175	197.649	10694	0	22
2025.07.01	04:00:00	197.651	197.749	196.914	196.958	11273	0	22
2025.07.01	08:00:00	196.961	197.051	196.313	196.320	14061	0	22
2025.07.01	12:00:00	196.315	197.062	196.271	197.039	16816	0	22
2025.07.01	16:00:00	197.038	197.540	197.033	197.524	9902	0	22
2025.07.01	20:00:00	197.523	197.523	196.984	197.065	5338	0	22
2025.07.02	00:00:00	197.060	197.459	197.011	197.279	10648	0	22
2025.07.02	04:00:00	197.275	197.547	197.188	197.214	10454	0	22
2025.07.02	08:00:00	197.212	197.519	196.885	196.985	11818	0	22
2025.07.02	12:00:00	196.991	197.000	195.350	195.810	22465	0	22
2025.07.02	16:00:00	195.812	196.014	195.657	195.796	9631	0	22
2025.07.02	20:00:00	195.796	196.106	195.628	195.882	5190	0	22
2025.07.03	00:00:00	195.882	196.101	195.753	196.024	9636	0	22
2025.07.03	04:00:00	196.021	196.583	195.895	196.428	9993	0	22
2025.07.03	08:00:00	196.434	196.714	196.232	196.468	10892	0	22
2025.07.03	12:00:00	196.465	198.052	196.342	197.913	19594	0	22
2025.07.03	16:00:00	197.912	198.101	197.802	197.901	6108	0	22
2025.07.03	20:00:00	197.913	197.944	197.706	197.748	4549	0	22
2025.07.04	00:00:00	197.752	197.868	197.322	197.385	8625	0	22
2025.07.04	04:00:00	197.386	197.523	197.188	197.230	9831	0	22
2025.07.04	08:00:00	197.231	197.305	196.924	197.061	9740	0	22
2025.07.04	12:00:00	197.056	197.236	196.895	197.199	8785	0	22
2025.07.04	16:00:00	197.203	197.349	197.152	197.310	12041	0	22
2025.07.04	20:00:00	197.309	197.364	197.102	197.156	3876	0	67
2025.07.06	20:00:00	197.135	197.356	197.075	197.233	4026	0	22
2025.07.07	00:00:00	197.238	197.405	196.779	197.371	10403	0	22
2025.07.07	04:00:00	197.377	197.597	197.275	197.520	11192	0	22
2025.07.07	08:00:00	197.517	198.143	197.179	198.082	11751	0	22
2025.07.07	12:00:00	198.088	198.983	198.080	198.897	12315	0	22
2025.07.07	16:00:00	198.901	198.998	198.511	198.756	12999	0	22
2025.07.07	20:00:00	198.757	198.896	198.458	198.733	6121	0	22
2025.07.08	00:00:00	198.731	199.466	198.694	199.134	11624	0	22
2025.07.08	04:00:00	199.136	199.428	198.888	199.199	11699	0	22
2025.07.08	08:00:00	199.193	199.271	198.683	198.967	11298	0	22
2025.07.08	12:00:00	198.965	199.307	198.663	199.254	14203	0	22
2025.07.08	16:00:00	199.256	199.431	199.099	199.230	9836	0	22
2025.07.08	20:00:00	199.222	199.540	198.989	199.506	5903	0	22
2025.07.09	00:00:00	199.505	199.660	199.325	199.591	10672	0	22
2025.07.09	04:00:00	199.591	199.826	199.363	199.493	10016	0	22
2025.07.09	08:00:00	199.490	199.546	199.131	199.262	10651	0	22
2025.07.09	12:00:00	199.267	199.445	198.891	199.030	13463	0	22
2025.07.09	16:00:00	199.029	199.046	198.728	198.897	8302	0	22
2025.07.09	20:00:00	198.898	199.048	198.541	198.666	5025	0	22
2025.07.10	00:00:00	198.669	198.971	198.372	198.960	10346	0	22
2025.07.10	04:00:00	198.961	199.250	198.840	199.114	9892	0	22
2025.07.10	08:00:00	199.119	199.214	198.559	198.611	9838	0	22
2025.07.10	12:00:00	198.616	198.817	198.394	198.709	13739	0	22
2025.07.10	16:00:00	198.702	198.742	198.454	198.506	8010	0	22
2025.07.10	20:00:00	198.506	198.649	198.331	198.643	4941	0	22
2025.07.11	00:00:00	198.636	199.356	198.223	199.329	12230	0	22
2025.07.11	04:00:00	199.327	199.440	198.680	198.853	11269	0	22
2025.07.11	08:00:00	198.858	199.228	198.422	198.524	12645	0	22
2025.07.11	12:00:00	198.523	199.157	198.239	198.867	14591	0	22
2025.07.11	16:00:00	198.862	199.234	198.826	198.896	8863	0	22
2025.07.11	20:00:00	198.895	198.927	198.762	198.861	1491	0	67
2025.07.13	20:00:00	198.505	198.979	198.366	198.770	5329	0	22
2025.07.14	00:00:00	198.771	198.814	198.261	198.587	10817	0	22
2025.07.14	04:00:00	198.591	198.723	198.092	198.701	11184	0	22
2025.07.14	08:00:00	198.700	198.782	198.395	198.744	10977	0	22
2025.07.14	12:00:00	198.747	198.789	198.243	198.391	13467	0	22
2025.07.14	16:00:00	198.391	198.575	198.287	198.320	8191	0	22
2025.07.14	20:00:00	198.328	198.496	198.165	198.432	5143	0	22
2025.07.15	00:00:00	198.426	198.578	198.202	198.302	9124	0	22
2025.07.15	04:00:00	198.303	198.748	198.264	198.739	8751	0	22
2025.07.15	08:00:00	198.742	198.922	198.477	198.836	9576	0	22
2025.07.15	12:00:00	198.831	199.516	198.754	199.261	16733	0	22
2025.07.15	16:00:00	199.263	199.452	199.191	199.209	9283	0	22
2025.07.15	20:00:00	199.217	199.340	199.097	199.253	4996	0	22
2025.07.16	00:00:00	199.253	199.577	199.138	199.526	9196	0	22
2025.07.16	04:00:00	199.526	199.729	199.237	199.399	11125	0	22
2025.07.16	08:00:00	199.393	199.444	199.070	199.346	10161	0	22
2025.07.16	12:00:00	199.345	199.368	197.921	198.827	31614	0	22
2025.07.16	16:00:00	198.831	199.007	198.103	198.338	13856	0	22
2025.07.16	20:00:00	198.338	198.543	198.157	198.456	5968	0	22
2025.07.17	00:00:00	198.463	199.026	198.446	198.926	9837	0	22
2025.07.17	04:00:00	198.933	199.106	198.701	199.025	10862	0	22
2025.07.17	08:00:00	199.024	199.382	198.997	199.223	10818	0	22
2025.07.17	12:00:00	199.225	199.547	198.973	199.242	14981	0	22
2025.07.17	16:00:00	199.239	199.475	199.130	199.364	8445	0	22
2025.07.17	20:00:00	199.368	199.402	199.129	199.366	4912	0	22
2025.07.18	00:00:00	199.362	199.697	199.243	199.639	9640	0	22
2025.07.18	04:00:00	199.643	199.964	199.488	199.812	9329	0	22
2025.07.18	08:00:00	199.814	199.900	199.568	199.830	10095	0	22
2025.07.18	12:00:00	199.831	199.866	199.474	199.612	12917	0	22
2025.07.18	16:00:00	199.607	199.624	199.454	199.482	8461	0	22
2025.07.18	20:00:00	199.480	199.566	199.430	199.539	1407	0	67
2025.07.20	20:00:00	198.576	199.357	198.576	199.150	4958	0	22
2025.07.21	00:00:00	199.143	199.233	198.805	199.163	8571	0	22
2025.07.21	04:00:00	199.165	199.233	198.558	199.116	10200	0	22
2025.07.21	08:00:00	199.111	199.164	198.737	198.859	11073	0	22
2025.07.21	12:00:00	198.854	198.979	198.572	198.746	12435	0	22
2025.07.21	16:00:00	198.740	198.780	198.514	198.656	8348	0	22
2025.07.21	20:00:00	198.649	198.921	198.493	198.823	4793	0	22
2025.07.22	00:00:00	198.829	199.119	198.724	198.904	9711	0	22
2025.07.22	04:00:00	198.903	199.285	198.858	198.908	9334	0	22
2025.07.22	08:00:00	198.916	199.288	198.397	198.500	11172	0	22
2025.07.22	12:00:00	198.504	198.549	197.425	197.872	16179	0	22
2025.07.22	16:00:00	197.877	198.326	197.877	198.270	8693	0	22
2025.07.22	20:00:00	198.286	198.662	197.924	198.433	8456	0	22
2025.07.23	00:00:00	198.438	198.998	197.743	198.742	18598	0	22
2025.07.23	04:00:00	198.743	199.079	198.378	198.745	13783	0	22
2025.07.23	08:00:00	198.737	198.923	197.863	197.958	11987	0	22
2025.07.23	12:00:00	197.950	198.916	197.891	198.804	14670	0	22
2025.07.23	16:00:00	198.796	199.007	198.593	198.970	10692	0	22
2025.07.23	20:00:00	198.972	198.998	198.670	198.714	5430	0	22
2025.07.24	00:00:00	198.712	198.849	198.122	198.250	12149	0	22
2025.07.24	04:00:00	198.255	198.620	198.179	198.539	11620	0	22
2025.07.24	08:00:00	198.531	198.620	198.294	198.499	11078	0	22
2025.07.24	12:00:00	198.502	198.842	198.403	198.690	14970	0	22
2025.07.24	16:00:00	198.684	198.710	198.275	198.441	8836	0	22
2025.07.24	20:00:00	198.439	198.753	198.386	198.574	6011	0	22
2025.07.25	00:00:00	198.569	199.046	198.559	198.656	10563	0	22
2025.07.25	04:00:00	198.658	198.727	198.123	198.496	12008	0	22
2025.07.25	08:00:00	198.501	199.079	198.488	198.634	12198	0	22
2025.07.25	12:00:00	198.629	198.676	198.205	198.420	15995	0	22
2025.07.25	16:00:00	198.415	198.438	198.204	198.325	7548	0	22
2025.07.25	20:00:00	198.326	198.454	198.261	198.378	1351	0	67
2025.07.27	20:00:00	198.256	198.727	198.256	198.585	4449	0	22
2025.07.28	00:00:00	198.586	198.827	198.404	198.564	10901	0	22
2025.07.28	04:00:00	198.566	198.916	198.409	198.840	11456	0	22
2025.07.28	08:00:00	198.844	199.208	198.812	198.906	12084	0	22
2025.07.28	12:00:00	198.901	199.011	198.758	198.799	13855	0	22
2025.07.28	16:00:00	198.801	198.833	198.312	198.361	7873	0	22
2025.07.28	20:00:00	198.358	198.513	198.173	198.327	4635	0	22
2025.07.29	00:00:00	198.325	198.456	197.883	197.918	10268	0	22
2025.07.29	04:00:00	197.917	198.124	197.724	198.088	11469	0	22
2025.07.29	08:00:00	198.083	198.455	197.954	198.381	11454	0	22
2025.07.29	12:00:00	198.381	198.443	197.752	198.163	14536	0	22
2025.07.29	16:00:00	198.159	198.344	198.017	198.307	9361	0	22
2025.07.29	20:00:00	198.309	198.348	198.049	198.191	4262	0	22
2025.07.30	00:00:00	198.186	198.235	197.585	197.676	10491	0	22
2025.07.30	04:00:00	197.675	197.857	197.436	197.841	11164	0	22
2025.07.30	08:00:00	197.845	198.341	197.692	198.325	11593	0	22
2025.07.30	12:00:00	198.322	198.417	197.793	197.859	15371	0	22
2025.07.30	16:00:00	197.861	197.909	197.608	197.872	14444	0	22
2025.07.30	20:00:00	197.866	197.983	197.642	197.804	6565	0	22
2025.07.31	00:00:00	197.806	197.923	196.959	197.221	12105	0	22
2025.07.31	04:00:00	197.223	198.364	197.216	198.083	13789	0	22
2025.07.31	08:00:00	198.080	198.535	197.958	198.413	13796	0	22
2025.07.31	12:00:00	198.415	199.237	198.213	199.080	16636	0	22
2025.07.31	16:00:00	199.085	199.509	198.829	199.122	11116	0	22
2025.07.31	20:00:00	199.110	199.197	198.846	199.178	6881	0	22
2025.08.01	00:00:00	199.173	199.293	198.770	198.774	11392	0	22
2025.08.01	04:00:00	198.777	198.977	198.522	198.621	10824	0	22
2025.08.01	08:00:00	198.615	198.633	197.776	198.049	12030	0	22
2025.08.01	12:00:00	198.048	198.201	195.997	196.284	30663	0	22
2025.08.01	16:00:00	196.288	196.361	195.326	195.493	13694	0	22
2025.08.01	20:00:00	195.496	195.791	195.438	195.676	2192	0	67
2025.08.03	20:00:00	195.478	195.841	195.218	195.828	5237	0	22
2025.08.04	00:00:00	195.820	196.346	195.635	196.169	12518	0	22
2025.08.04	04:00:00	196.169	196.458	195.987	196.336	11745	0	22
2025.08.04	08:00:00	196.330	196.522	195.887	195.887	12184	0	22
2025.08.04	12:00:00	195.882	196.091	195.446	195.449	15922	0	22
2025.08.04	16:00:00	195.447	195.530	195.018	195.170	8746	0	22
2025.08.04	20:00:00	195.180	195.421	195.065	195.197	5719	0	22
2025.08.05	00:00:00	195.191	195.550	195.023	195.452	10636	0	22
2025.08.05	04:00:00	195.459	195.781	195.256	195.619	10290	0	22
2025.08.05	08:00:00	195.620	196.350	195.501	196.060	11542	0	22
2025.08.05	12:00:00	196.060	196.289	195.693	196.265	15848	0	22
2025.08.05	16:00:00	196.265	196.454	196.182	196.218	9052	0	22
2025.08.05	20:00:00	196.223	196.336	196.026	196.182	4879	0	22
2025.08.06	00:00:00	196.178	196.468	196.086	196.169	9341	0	22
2025.08.06	04:00:00	196.174	196.340	196.089	196.292	8927	0	22
2025.08.06	08:00:00	196.286	196.642	196.206	196.480	10978	0	22
2025.08.06	12:00:00	196.486	196.905	196.160	196.704	13547	0	22
2025.08.06	16:00:00	196.703	196.859	196.447	196.547	9307	0	22
2025.08.06	20:00:00	196.557	197.063	196.509	196.615	5943	0	22
2025.08.07	00:00:00	196.618	197.182	196.585	197.068	9718	0	22
2025.08.07	04:00:00	197.069	197.091	196.231	196.337	10703	0	22
2025.08.07	08:00:00	196.336	197.917	196.296	197.581	14281	0	22
2025.08.07	12:00:00	197.580	197.975	197.427	197.919	16390	0	22
2025.08.07	16:00:00	197.915	198.015	197.438	197.686	10414	0	22
2025.08.07	20:00:00	197.673	197.806	197.383	197.463	6605	0	22
2025.08.08	00:00:00	197.459	197.997	197.376	197.800	9571	0	22
2025.08.08	04:00:00	197.800	198.141	197.673	198.023	9740	0	22
2025.08.08	08:00:00	198.018	198.819	197.876	198.661	11954	0	22
2025.08.08	12:00:00	198.661	198.736	198.355	198.541	13665	0	22
2025.08.08	16:00:00	198.542	198.781	198.517	198.706	8655	0	22
2025.08.08	20:00:00	198.713	198.798	198.618	198.683	1651	0	67
2025.08.10	20:00:00	198.387	198.625	198.296	198.494	3440	0	22
2025.08.11	00:00:00	198.489	198.605	198.396	198.581	7426	0	22
2025.08.11	04:00:00	198.580	198.803	198.175	198.286	7787	0	22
2025.08.11	08:00:00	198.282	198.776	198.214	198.573	10065	0	22
2025.08.11	12:00:00	198.573	198.651	198.336	198.523	11731	0	22
2025.08.11	16:00:00	198.525	199.059	198.485	199.010	7666	0	22
2025.08.11	20:00:00	199.014	199.101	198.753	199.019	4495	0	22
2025.08.12	00:00:00	199.019	199.384	199.006	199.349	8074	0	22
2025.08.12	04:00:00	199.352	199.544	198.989	199.534	10624	0	22
2025.08.12	08:00:00	199.535	199.977	199.442	199.754	9872	0	22
2025.08.12	12:00:00	199.747	200.077	199.505	199.630	19262	0	22
2025.08.12	16:00:00	199.628	199.697	199.306	199.391	9062	0	22
2025.08.12	20:00:00	199.385	199.592	199.327	199.547	4749	0	22
2025.08.13	00:00:00	199.542	199.974	199.420	199.836	8977	0	22
2025.08.13	04:00:00	199.836	199.967	199.608	199.814	9676	0	22
2025.08.13	08:00:00	199.811	200.275	199.545	199.954	10865	0	22
2025.08.13	12:00:00	199.959	199.989	199.536	199.821	12721	0	22
2025.08.13	16:00:00	199.824	200.141	199.814	200.100	6940	0	22
2025.08.13	20:00:00	200.105	200.126	199.824	199.862	4515	0	22
2025.08.14	00:00:00	199.861	199.861	198.889	198.913	11976	0	22
2025.08.14	04:00:00	198.914	199.037	198.587	198.910	12038	0	22
2025.08.14	08:00:00	198.915	199.180	198.793	198.839	11164	0	22
2025.08.14	12:00:00	198.846	200.109	198.813	199.821	15912	0	22
2025.08.14	16:00:00	199.817	200.159	199.809	200.006	8096	0	22
2025.08.14	20:00:00	200.004	200.011	199.778	199.802	4719	0	22
2025.08.15	00:00:00	199.807	199.852	199.296	199.449	8780	0	22
2025.08.15	04:00:00	199.450	199.503	199.194	199.266	8854	0	22
2025.08.15	08:00:00	199.265	199.378	198.899	199.297	9696	0	22
2025.08.15	12:00:00	199.292	199.498	199.099	199.365	14313	0	22
2025.08.15	16:00:00	199.370	199.683	199.342	199.538	7051	0	22
2025.08.15	20:00:00	199.541	199.583	199.379	199.422	1445	0	68
2025.08.17	20:00:00	199.392	199.765	199.355	199.578	3508	0	22
2025.08.18	00:00:00	199.574	199.993	199.570	199.795	8302	0	22
2025.08.18	04:00:00	199.794	199.975	199.373	199.627	9575	0	22
2025.08.18	08:00:00	199.625	199.760	199.477	199.747	10440	0	22
2025.08.18	12:00:00	199.749	200.258	199.702	199.751	11416	0	22
2025.08.18	16:00:00	199.753	199.801	199.544	199.622	6835	0	22
2025.08.18	20:00:00	199.618	199.825	199.454	199.798	4657	0	22
2025.08.19	00:00:00	199.798	199.859	199.266	199.575	9962	0	22
2025.08.19	04:00:00	199.575	199.706	199.242	199.702	9086	0	22
2025.08.19	08:00:00	199.702	199.798	199.571	199.718	8883	0	22
2025.08.19	12:00:00	199.715	199.851	199.283	199.323	11424	0	22
2025.08.19	16:00:00	199.319	199.319	198.812	199.051	7928	0	22
2025.08.19	20:00:00	199.054	199.250	198.924	199.208	4723	0	22
2025.08.20	00:00:00	199.216	199.233	198.618	198.746	10395	0	22
2025.08.20	04:00:00	198.747	199.419	198.652	199.413	10803	0	22
2025.08.20	08:00:00	199.418	199.435	198.733	198.758	10318	0	22
2025.08.20	12:00:00	198.757	198.841	197.850	197.958	14377	0	22
2025.08.20	16:00:00	197.963	198.230	197.926	198.194	8422	0	22
2025.08.20	20:00:00	198.194	198.433	197.975	198.325	4597	0	22
2025.08.21	00:00:00	198.326	198.440	198.113	198.302	9575	0	22
2025.08.21	04:00:00	198.304	198.563	198.185	198.561	9384	0	22
2025.08.21	08:00:00	198.563	199.218	198.461	198.989	10956	0	22
2025.08.21	12:00:00	198.984	199.069	198.402	198.983	15258	0	22
2025.08.21	16:00:00	198.983	199.101	198.825	198.964	7880	0	22
2025.08.21	20:00:00	198.965	199.134	198.715	199.071	4429	0	22
2025.08.22	00:00:00	199.067	199.316	198.912	199.216	9043	0	22
2025.08.22	04:00:00	199.217	199.299	198.847	199.188	8777	0	22
2025.08.22	08:00:00	199.187	199.495	199.158	199.465	8941	0	22
2025.08.22	12:00:00	199.465	199.531	198.343	198.566	18768	0	22
2025.08.22	16:00:00	198.568	198.667	198.316	198.622	9258	0	22
2025.08.22	20:00:00	198.612	198.770	198.591	198.694	1387	0	68
2025.08.24	20:00:00	198.473	199.005	198.392	198.926	4651	0	22
2025.08.25	00:00:00	198.927	199.150	198.761	199.065	9087	0	22
2025.08.25	04:00:00	199.062	199.104	198.814	198.950	7856	0	22
2025.08.25	08:00:00	198.955	199.167	198.740	199.162	7529	0	22
2025.08.25	12:00:00	199.166	199.287	198.934	199.109	11190	0	22
2025.08.25	16:00:00	199.110	199.134	198.804	198.850	8713	0	22
2025.08.25	20:00:00	198.841	198.902	198.601	198.865	4795	0	22
2025.08.26	00:00:00	198.866	198.886	198.272	198.796	15481	0	22
2025.08.26	04:00:00	198.792	198.984	198.551	198.722	11218	0	22
2025.08.26	08:00:00	198.728	199.006	198.601	198.883	10486	0	22
2025.08.26	12:00:00	198.887	199.049	198.546	198.604	12407	0	22
2025.08.26	16:00:00	198.602	198.743	198.369	198.701	7586	0	22
2025.08.26	20:00:00	198.694	198.797	198.447	198.736	4653	0	22
2025.08.27	00:00:00	198.744	198.992	198.644	198.932	8727	0	22
2025.08.27	04:00:00	198.934	199.015	198.732	198.775	8947	0	22
2025.08.27	08:00:00	198.777	198.995	198.665	198.951	10327	0	22
2025.08.27	12:00:00	198.951	199.185	198.894	198.948	12419	0	22
2025.08.27	16:00:00	198.948	199.097	198.806	199.016	8148	0	22
2025.08.27	20:00:00	199.006	199.060	198.652	198.949	5708	0	22
2025.08.28	00:00:00	198.948	199.136	198.672	198.697	9747	0	22
2025.08.28	04:00:00	198.695	198.963	198.550	198.662	9469	0	22
2025.08.28	08:00:00	198.662	198.803	198.461	198.561	10423	0	22
2025.08.28	12:00:00	198.556	198.809	198.467	198.648	13771	0	22
2025.08.28	16:00:00	198.650	198.700	198.390	198.496	7474	0	22
2025.08.28	20:00:00	198.496	198.595	198.303	198.340	5075	0	22
2025.08.29	00:00:00	198.335	198.531	198.260	198.404	9655	0	22
2025.08.29	04:00:00	198.408	198.599	198.266	198.325	8711	0	22
2025.08.29	08:00:00	198.331	198.335	197.945	198.095	10458	0	22
2025.08.29	12:00:00	198.095	198.513	197.983	198.421	14189	0	22
2025.08.29	16:00:00	198.416	198.648	198.341	198.578	7213	0	22
2025.08.29	20:00:00	198.582	198.641	198.508	198.553	1427	0	68
2025.08.31	20:00:00	198.304	198.732	198.304	198.653	3291	0	22
2025.09.01	00:00:00	198.658	199.067	198.611	198.639	9655	0	22
2025.09.01	04:00:00	198.639	199.040	198.616	198.977	9446	0	22
2025.09.01	08:00:00	198.978	199.109	198.860	199.005	9216	0	22
2025.09.01	12:00:00	199.006	199.555	199.006	199.421	8891	0	22
2025.09.01	16:00:00	199.423	199.445	199.333	199.398	3600	0	22
2025.09.01	20:00:00	199.393	199.403	199.177	199.245	3937	0	22
2025.09.02	00:00:00	199.248	199.821	199.245	199.766	10705	0	22
2025.09.02	04:00:00	199.766	200.259	199.105	199.229	14388	0	22
2025.09.02	08:00:00	199.233	199.297	198.628	198.903	17067	0	22
2025.09.02	12:00:00	198.903	199.000	198.315	198.463	17884	0	22
2025.09.02	16:00:00	198.464	198.707	198.428	198.621	8571	0	22
2025.09.02	20:00:00	198.607	198.868	198.453	198.817	4802	0	22
2025.09.03	00:00:00	198.810	199.053	198.669	198.957	8775	0	22
2025.09.03	04:00:00	198.957	198.994	198.476	198.796	11801	0	22
2025.09.03	08:00:00	198.800	199.367	198.790	199.310	11977	0	22
2025.09.03	12:00:00	199.311	199.715	198.960	198.970	14582	0	22
2025.09.03	16:00:00	198.973	199.073	198.866	199.032	8245	0	22
2025.09.03	20:00:00	199.030	199.129	198.819	198.879	4856	0	22
2025.09.04	00:00:00	198.886	199.122	198.764	199.052	11206	0	22
2025.09.04	04:00:00	199.051	199.254	198.919	199.202	9594	0	22
2025.09.04	08:00:00	199.207	199.484	199.168	199.273	10664	0	22
2025.09.04	12:00:00	199.277	199.815	199.157	199.731	14944	0	22
2025.09.04	16:00:00	199.725	199.739	199.390	199.474	6999	0	22
2025.09.04	20:00:00	199.471	199.535	199.195	199.526	4750	0	22
2025.09.05	00:00:00	199.531	199.552	199.213	199.346	9022	0	22
2025.09.05	04:00:00	199.346	199.689	199.293	199.550	8408	0	22
2025.09.05	08:00:00	199.544	199.784	199.457	199.502	9269	0	22
2025.09.05	12:00:00	199.496	199.635	198.668	198.833	21730	0	22
2025.09.05	16:00:00	198.837	199.176	198.762	199.088	9801	0	22
2025.09.05	20:00:00	199.090	199.161	198.975	199.048	1625	0	68
2025.09.07	20:00:00	199.810	200.265	199.562	200.110	5848	0	22
2025.09.08	00:00:00	200.105	200.338	199.836	199.996	11394	0	22
2025.09.08	04:00:00	199.995	200.002	199.397	199.397	10392	0	22
2025.09.08	08:00:00	199.398	200.046	199.353	199.928	10968	0	22
2025.09.08	12:00:00	199.925	200.140	199.834	199.921	12663	0	22
2025.09.08	16:00:00	199.920	199.991	199.636	199.740	7729	0	22
2025.09.08	20:00:00	199.739	199.829	199.573	199.720	5163	0	22
2025.09.09	00:00:00	199.724	199.866	199.557	199.809	8774	0	22
2025.09.09	04:00:00	199.809	199.828	199.388	199.678	10093	0	22
2025.09.09	08:00:00	199.679	199.772	198.787	198.934	14543	0	22
2025.09.09	12:00:00	198.928	199.324	198.871	199.219	15305	0	22
2025.09.09	16:00:00	199.219	199.455	199.150	199.318	7576	0	22
2025.09.09	20:00:00	199.316	199.411	199.131	199.276	4769	0	22
2025.09.10	00:00:00	199.271	199.465	199.235	199.453	8456	0	22
2025.09.10	04:00:00	199.454	199.658	199.392	199.599	9440	0	22
2025.09.10	08:00:00	199.601	199.700	199.438	199.634	9608	0	22
2025.09.10	12:00:00	199.629	199.798	199.438	199.624	13662	0	22
2025.09.10	16:00:00	199.626	199.683	199.301	199.415	7647	0	22
2025.09.10	20:00:00	199.427	199.485	199.207	199.404	4340	0	22
2025.09.11	00:00:00	199.409	199.515	199.323	199.448	6985	0	22
2025.09.11	04:00:00	199.448	199.776	199.348	199.721	8438	0	22
2025.09.11	08:00:00	199.722	200.048	199.680	199.866	9577	0	22
2025.09.11	12:00:00	199.866	200.138	199.371	199.639	17179	0	22
2025.09.11	16:00:00	199.640	199.956	199.558	199.789	8158	0	22
2025.09.11	20:00:00	199.790	199.897	199.656	199.843	4442	0	22
2025.09.12	00:00:00	199.841	199.957	199.710	199.866	7867	0	22
2025.09.12	04:00:00	199.861	200.039	199.649	200.000	9223	0	22
2025.09.12	08:00:00	200.002	200.482	199.953	200.292	11764	0	22
2025.09.12	12:00:00	200.298	200.358	200.069	200.269	12372	0	22
2025.09.12	16:00:00	200.268	200.336	200.051	200.135	6540	0	22
2025.09.12	20:00:00	200.118	200.236	200.099	200.170	1384	0	68
2025.09.14	20:00:00	199.980	200.253	199.920	200.129	3457	0	22
2025.09.15	00:00:00	200.130	200.148	199.971	199.974	5664	0	22
2025.09.15	04:00:00	199.974	200.364	199.914	200.278	7865	0	22
2025.09.15	08:00:00	200.283	200.737	200.153	200.695	10261	0	22
2025.09.15	12:00:00	200.699	200.731	200.218	200.388	11247	0	22
2025.09.15	16:00:00	200.389	200.588	200.303	200.546	7043	0	22
2025.09.15	20:00:00	200.545	200.567	200.214	200.470	4045	0	22
2025.09.16	00:00:00	200.471	200.644	200.241	200.307	8824	0	22
2025.09.16	04:00:00	200.305	200.318	200.065	200.174	10339	0	22
2025.09.16	08:00:00	200.180	200.564	200.157	200.481	10898	0	22
2025.09.16	12:00:00	200.479	200.706	199.931	200.089	14073	0	22
2025.09.16	16:00:00	200.090	200.090	199.782	199.938	8074	0	22
2025.09.16	20:00:00	199.941	199.984	199.708	199.884	5015	0	22
2025.09.17	00:00:00	199.879	199.977	199.695	199.910	8764	0	22
2025.09.17	04:00:00	199.910	200.056	199.732	199.967	8549	0	22
2025.09.17	08:00:00	199.968	199.992	199.472	199.694	10166	0	22
2025.09.17	12:00:00	199.694	199.985	199.667	199.905	11058	0	22
2025.09.17	16:00:00	199.903	200.256	199.585	200.132	17731	0	22
2025.09.17	20:00:00	200.132	200.326	200.015	200.187	6814	0	22
2025.09.18	00:00:00	200.181	200.317	200.129	200.279	9799	0	22
2025.09.18	04:00:00	200.284	200.607	200.240	200.550	11026	0	22
2025.09.18	08:00:00	200.552	201.259	200.526	200.759	12659	0	22
2025.09.18	12:00:00	200.759	201.047	200.420	200.530	15963	0	22
2025.09.18	16:00:00	200.529	200.559	200.309	200.433	8341	0	22
2025.09.18	20:00:00	200.430	200.601	200.358	200.558	4709	0	22
2025.09.19	00:00:00	200.558	200.593	199.797	200.038	11503	0	22
2025.09.19	04:00:00	200.041	200.046	199.355	199.568	17754	0	22
2025.09.19	08:00:00	199.573	199.831	199.455	199.683	11346	0	22
2025.09.19	12:00:00	199.683	199.683	199.236	199.313	13495	0	22
2025.09.19	16:00:00	199.312	199.413	199.201	199.272	6752	0	22
2025.09.19	20:00:00	199.273	199.362	199.253	199.276	1541	0	68
2025.09.21	20:00:00	199.130	199.433	199.067	199.381	3272	0	22
2025.09.22	00:00:00	199.379	199.750	199.378	199.683	8516	0	22
2025.09.22	04:00:00	199.677	199.758	199.365	199.628	9264	0	22
2025.09.22	08:00:00	199.621	199.709	199.428	199.548	10195	0	22
2025.09.22	12:00:00	199.553	199.788	199.388	199.610	11835	0	22
2025.09.22	16:00:00	199.609	199.752	199.520	199.640	6914	0	22
2025.09.22	20:00:00	199.639	199.701	199.410	199.634	3855	0	22
2025.09.23	00:00:00	199.640	199.710	199.550	199.703	7016	0	22
2025.09.23	04:00:00	199.703	199.772	199.532	199.727	8619	0	22
2025.09.23	08:00:00	199.723	199.807	199.143	199.685	11423	0	22
2025.09.23	12:00:00	199.680	199.959	199.534	199.819	12331	0	22
2025.09.23	16:00:00	199.817	199.857	199.350	199.634	9652	0	22
2025.09.23	20:00:00	199.628	199.700	199.402	199.607	4792	0	22
2025.09.24	00:00:00	199.609	199.781	199.450	199.725	8462	0	22
2025.09.24	04:00:00	199.726	199.884	199.603	199.626	8922	0	22
2025.09.24	08:00:00	199.625	199.985	199.547	199.833	10289	0	22
2025.09.24	12:00:00	199.832	200.137	199.698	199.971	13075	0	22
2025.09.24	16:00:00	199.978	200.222	199.904	200.125	7550	0	22
2025.09.24	20:00:00	200.125	200.213	199.948	200.098	4518	0	22
2025.09.25	00:00:00	200.092	200.209	199.869	200.124	8162	0	22
2025.09.25	04:00:00	200.124	200.333	199.928	199.974	8623	0	22
2025.09.25	08:00:00	199.973	200.157	199.715	199.757	9801	0	22
2025.09.25	12:00:00	199.756	200.014	199.603	199.938	15805	0	22
2025.09.25	16:00:00	199.936	200.018	199.633	199.717	9788	0	22
2025.09.25	20:00:00	199.731	199.925	199.643	199.849	5770	0	22
2025.09.26	00:00:00	199.846	199.947	199.690	199.900	8203	0	22
2025.09.26	04:00:00	199.900	200.200	199.802	200.071	8648	0	22
2025.09.26	08:00:00	200.072	200.156	199.931	199.963	9479	0	22
2025.09.26	12:00:00	199.964	200.501	199.935	200.372	13814	0	22
2025.09.26	16:00:00	200.371	200.492	200.347	200.433	7251	0	22
2025.09.26	20:00:00	200.433	200.441	200.288	200.324	1220	0	68
2025.09.28	20:00:00	200.184	200.366	200.097	200.316	3208	0	22
2025.09.29	00:00:00	200.315	200.329	199.975	200.047	8490	0	22
2025.09.29	04:00:00	200.044	200.200	199.724	199.774	9463	0	22
2025.09.29	08:00:00	199.775	199.857	199.490	199.854	9612	0	22
2025.09.29	12:00:00	199.858	199.987	199.335	199.546	11810	0	22
2025.09.29	16:00:00	199.547	199.733	199.440	199.658	6657	0	22
2025.09.29	20:00:00	199.658	199.723	199.375	199.661	4172	0	22
2025.09.30	00:00:00	199.665	199.768	199.526	199.529	8958	0	22
2025.09.30	04:00:00	199.529	199.578	198.842	199.068	11148	0	22
2025.09.30	08:00:00	199.075	199.131	198.744	198.826	11087	0	22
2025.09.30	12:00:00	198.825	199.046	198.575	198.900	14440	0	22
2025.09.30	16:00:00	198.901	198.913	198.730	198.827	8418	0	22
2025.09.30	20:00:00	198.826	198.981	198.642	198.971	4766	0	22
2025.10.01	00:00:00	198.966	199.208	198.738	198.815	8301	0	22
2025.10.01	04:00:00	198.815	198.914	198.027	198.131	12033	0	22
2025.10.01	08:00:00	198.125	198.317	198.011	198.184	12092	0	22
2025.10.01	12:00:00	198.178	198.522	197.917	198.232	17782	0	22
2025.10.01	16:00:00	198.230	198.389	198.194	198.258	8072	0	22
2025.10.01	20:00:00	198.260	198.291	197.963	198.273	3743	0	22
2025.10.02	00:00:00	198.278	198.439	198.137	198.237	8456	0	22
2025.10.02	04:00:00	198.238	198.604	198.084	198.466	10628	0	22
2025.10.02	08:00:00	198.471	198.492	197.593	197.817	11252	0	22
2025.10.02	12:00:00	197.817	198.252	197.477	197.757	13871	0	22
2025.10.02	16:00:00	197.751	197.955	197.709	197.910	7098	0	22
2025.10.02	20:00:00	197.912	197.972	197.692	197.863	3952	0	22
2025.10.03	00:00:00	197.863	198.546	197.857	198.470	9288	0	22
2025.10.03	04:00:00	198.471	198.538	198.252	198.414	9151	0	22
2025.10.03	08:00:00	198.414	198.465	198.004	198.070	9080	0	22
2025.10.03	12:00:00	198.062	198.675	198.002	198.592	12919	0	22
2025.10.03	16:00:00	198.590	198.860	198.581	198.783	7462	0	22
2025.10.03	20:00:00	198.783	198.804	198.695	198.742	1273	0	68
2025.10.05	20:00:00	200.624	201.000	200.095	200.905	7051	0	22
2025.10.06	00:00:00	200.901	201.915	200.769	201.848	13107	0	22
2025.10.06	04:00:00	201.850	202.239	201.513	201.682	14815	0	22
2025.10.06	08:00:00	201.682	202.113	201.548	201.860	13180	0	22
2025.10.06	12:00:00	201.865	202.248	201.237	202.144	17137	0	22
2025.10.06	16:00:00	202.139	202.689	202.057	202.635	7250	0	22
2025.10.06	20:00:00	202.637	202.789	202.419	202.741	5026	0	22
2025.10.07	00:00:00	202.739	203.053	202.615	202.618	8556	0	22
2025.10.07	04:00:00	202.618	202.698	202.271	202.383	9739	0	22
2025.10.07	08:00:00	202.379	202.684	202.108	202.216	9843	0	22
2025.10.07	12:00:00	202.219	203.289	202.139	203.169	13550	0	22
2025.10.07	16:00:00	203.171	204.059	203.135	203.836	10190	0	22
2025.10.07	20:00:00	203.835	204.146	203.745	204.053	6163	0	22
2025.10.08	00:00:00	204.057	204.477	204.057	204.214	11486	0	22
2025.10.08	04:00:00	204.215	204.663	203.898	204.663	11391	0	22
2025.10.08	08:00:00	204.667	205.314	204.454	204.710	12962	0	22
2025.10.08	12:00:00	204.711	205.089	204.466	204.466	13154	0	22
2025.10.08	16:00:00	204.471	204.615	204.304	204.583	8283	0	22
2025.10.08	20:00:00	204.585	204.650	204.362	204.625	6608	0	22
2025.10.09	00:00:00	204.631	204.868	204.380	204.581	10455	0	22
2025.10.09	04:00:00	204.581	204.845	204.340	204.378	11050	0	22
2025.10.09	08:00:00	204.378	204.481	203.899	204.353	13134	0	22
2025.10.09	12:00:00	204.349	204.564	203.569	203.691	20744	0	22
2025.10.09	16:00:00	203.695	203.737	203.303	203.491	11066	0	22
2025.10.09	20:00:00	203.491	203.744	203.390	203.561	5620	0	22
2025.10.10	00:00:00	203.567	203.699	203.185	203.218	9813	0	22
2025.10.10	04:00:00	203.217	203.499	202.655	203.325	14105	0	22
2025.10.10	08:00:00	203.327	203.443	202.489	202.569	12410	0	22
2025.10.10	12:00:00	202.572	203.062	202.206	202.713	20306	0	22
2025.10.10	16:00:00	202.709	203.110	202.300	202.357	15205	0	22
2025.10.10	20:00:00	202.345	202.463	201.827	201.943	2453	0	68
2025.10.12	20:00:00	202.485	203.062	202.345	202.787	7589	0	22
2025.10.13	00:00:00	202.781	202.960	202.627	202.871	11160	0	22
2025.10.13	04:00:00	202.871	203.236	202.613	203.085	11268	0	22
2025.10.13	08:00:00	203.091	203.150	202.727	202.766	11987	0	22
2025.10.13	12:00:00	202.761	203.131	202.721	202.931	12859	0	22
2025.10.13	16:00:00	202.932	203.123	202.902	203.022	6720	0	22
2025.10.13	20:00:00	203.019	203.257	202.830	203.255	5011	0	22
2025.10.14	00:00:00	203.255	203.507	202.957	203.040	10841	0	22
2025.10.14	04:00:00	203.044	203.047	201.324	201.443	17523	0	22
2025.10.14	08:00:00	201.444	202.008	201.413	201.801	13769	0	22
2025.10.14	12:00:00	201.802	202.189	201.324	202.128	17552	0	22
2025.10.14	16:00:00	202.133	202.325	201.993	202.087	11806	0	22
2025.10.14	20:00:00	202.088	202.285	201.967	202.085	5759	0	22
2025.10.15	00:00:00	202.092	202.294	201.588	201.782	11727	0	22
2025.10.15	04:00:00	201.787	202.004	201.664	201.904	11326	0	22
2025.10.15	08:00:00	201.905	202.313	201.742	202.267	12122	0	22
2025.10.15	12:00:00	202.267	202.586	202.040	202.527	15365	0	22
2025.10.15	16:00:00	202.532	202.635	202.184	202.538	10702	0	22
2025.10.15	20:00:00	202.541	202.683	202.117	202.362	6617	0	22
2025.10.16	00:00:00	202.367	202.569	201.975	202.486	12563	0	22
2025.10.16	04:00:00	202.485	203.110	202.451	203.053	12795	0	22
2025.10.16	08:00:00	203.058	203.427	202.963	203.266	12148	0	22
2025.10.16	12:00:00	203.265	203.360	202.266	202.351	16711	0	22
2025.10.16	16:00:00	202.344	202.494	201.708	202.020	17343	0	22
2025.10.16	20:00:00	202.013	202.138	201.703	201.849	6547	0	22
2025.10.17	00:00:00	201.845	202.126	201.591	201.732	11966	0	22
2025.10.17	04:00:00	201.739	201.917	200.672	201.072	16370	0	22
2025.10.17	08:00:00	201.078	201.975	200.820	201.831	18370	0	22
2025.10.17	12:00:00	201.828	202.101	201.296	201.774	18252	0	22
2025.10.17	16:00:00	201.780	202.232	201.706	202.176	11349	0	22
2025.10.17	20:00:00	202.183	202.237	202.071	202.210	1584	0	68
2025.10.19	20:00:00	201.979	202.675	201.780	202.600	5127	0	22
2025.10.20	00:00:00	202.600	203.103	202.418	202.563	10925	0	22
2025.10.20	04:00:00	202.565	202.626	202.086	202.231	11201	0	22
2025.10.20	08:00:00	202.226	202.503	201.824	202.110	12944	0	22
2025.10.20	12:00:00	202.115	202.327	201.883	202.085	13751	0	22
2025.10.20	16:00:00	202.089	202.195	201.944	201.990	7030	0	22
2025.10.20	20:00:00	201.990	202.158	201.886	202.157	4474	0	22
2025.10.21	00:00:00	202.151	202.417	201.813	202.285	11308	0	22
2025.10.21	04:00:00	202.285	202.816	202.053	202.430	15778	0	22
2025.10.21	08:00:00	202.435	203.432	202.219	203.358	14622	0	22
2025.10.21	12:00:00	203.365	203.516	202.569	203.130	17391	0	22
2025.10.21	16:00:00	203.134	203.289	202.966	203.119	9205	0	22
2025.10.21	20:00:00	203.118	203.131	202.906	202.980	4013	0	22
2025.10.22	00:00:00	202.973	203.039	202.628	203.003	9970	0	22
2025.10.22	04:00:00	203.002	203.258	202.079	202.262	12451	0	22
2025.10.22	08:00:00	202.260	202.361	201.910	202.291	12684	0	22
2025.10.22	12:00:00	202.297	203.044	202.196	202.943	15956	0	22
2025.10.22	16:00:00	202.936	203.020	202.523	202.956	13227	0	22
2025.10.22	20:00:00	202.955	203.018	202.715	202.902	4822	0	22
2025.10.23	00:00:00	202.907	203.387	202.866	203.279	8370	0	22
2025.10.23	04:00:00	203.279	203.766	203.191	203.592	9423	0	22
2025.10.23	08:00:00	203.596	203.787	203.535	203.597	9621	0	22
2025.10.23	12:00:00	203.591	203.667	203.204	203.436	13577	0	22
2025.10.23	16:00:00	203.430	203.539	203.172	203.232	7386	0	22
2025.10.23	20:00:00	203.227	203.419	203.198	203.367	4181	0	22
2025.10.24	00:00:00	203.373	203.717	203.262	203.565	8591	0	22
2025.10.24	04:00:00	203.570	203.932	203.485	203.500	10013	0	22
2025.10.24	08:00:00	203.491	203.819	203.411	203.489	10213	0	22
2025.10.24	12:00:00	203.493	203.976	203.083	203.188	16383	0	22
2025.10.24	16:00:00	203.189	203.408	203.109	203.401	6507	0	22
2025.10.24	20:00:00	203.401	203.504	203.349	203.482	1379	0	68
2025.10.26	20:00:00	203.506	204.049	203.485	203.906	5037	0	22
2025.10.27	00:00:00	203.912	203.959	203.567	203.872	9042	0	22
2025.10.27	04:00:00	203.875	204.076	203.548	203.739	9021	0	22
2025.10.27	08:00:00	203.737	203.940	203.525	203.731	11211	0	22
2025.10.27	12:00:00	203.730	204.239	203.642	204.045	11912	0	22
2025.10.27	16:00:00	204.045	204.158	203.735	203.881	7408	0	22
2025.10.27	20:00:00	203.878	203.935	203.658	203.700	4243	0	22
2025.10.28	00:00:00	203.695	203.704	203.246	203.369	9810	0	22
2025.10.28	04:00:00	203.370	203.485	202.841	202.891	12397	0	22
2025.10.28	08:00:00	202.894	202.894	202.043	202.317	13178	0	22
2025.10.28	12:00:00	202.323	202.439	201.661	201.993	14392	0	22
2025.10.28	16:00:00	201.991	202.253	201.751	201.802	9502	0	22
2025.10.28	20:00:00	201.804	201.968	201.459	201.478	4772	0	22
2025.10.29	00:00:00	201.484	201.711	201.126	201.504	12442	0	22
2025.10.29	04:00:00	201.503	201.950	200.978	201.141	10698	0	22
2025.10.29	08:00:00	201.146	201.424	201.099	201.224	11470	0	22
2025.10.29	12:00:00	201.218	201.338	200.558	201.147	13937	0	22
2025.10.29	16:00:00	201.145	201.587	200.985	201.587	21090	0	22
2025.10.29	20:00:00	201.570	201.631	201.223	201.506	6339	0	22
2025.10.30	00:00:00	201.506	202.093	200.980	201.943	14589	0	22
2025.10.30	04:00:00	201.940	202.644	201.548	202.447	17565	0	22
2025.10.30	08:00:00	202.453	203.190	202.453	203.092	13421	0	22
2025.10.30	12:00:00	203.089	203.255	202.516	202.671	16595	0	22
2025.10.30	16:00:00	202.671	202.825	202.412	202.503	9877	0	22
2025.10.30	20:00:00	202.491	202.742	202.446	202.519	4741	0	22
2025.10.31	00:00:00	202.520	202.687	202.180	202.575	9658	0	22
2025.10.31	04:00:00	202.570	202.868	202.306	202.836	10198	0	22
2025.10.31	08:00:00	202.844	202.916	202.178	202.304	10556	0	22
2025.10.31	12:00:00	202.306	202.414	201.836	202.369	14960	0	22
2025.10.31	16:00:00	202.375	202.541	202.278	202.400	9846	0	22
2025.10.31	20:00:00	202.396	202.555	202.396	202.505	1496	0	68
2025.11.02	20:00:00	202.320	202.627	202.266	202.514	3754	0	22
2025.11.03	00:00:00	202.513	202.550	202.367	202.420	5955	0	22
2025.11.03	04:00:00	202.419	202.783	202.400	202.467	6203	0	22
2025.11.03	08:00:00	202.466	202.529	202.101	202.355	9177	0	22
2025.11.03	12:00:00	202.361	202.654	201.925	202.570	11546	0	22
2025.11.03	16:00:00	202.572	202.794	202.502	202.534	8396	0	22
2025.11.03	20:00:00	202.541	202.700	202.494	202.544	4160	0	22
2025.11.04	00:00:00	202.545	202.673	202.211	202.273	8906	0	22
2025.11.04	04:00:00	202.273	202.281	201.287	201.508	10958	0	22
2025.11.04	08:00:00	201.513	201.528	200.308	200.539	13921	0	22
2025.11.04	12:00:00	200.536	200.658	200.001	200.099	13323	0	22
2025.11.04	16:00:00	200.102	200.333	199.838	199.926	9553	0	22
2025.11.04	20:00:00	199.929	200.179	199.888	199.936	4983	0	22
2025.11.05	00:00:00	199.929	200.175	199.062	199.861	13611	0	22
2025.11.05	04:00:00	199.855	200.271	199.744	200.032	9959	0	22
2025.11.05	08:00:00	200.033	200.456	199.977	200.237	12003	0	22
2025.11.05	12:00:00	200.241	201.227	200.188	201.222	13532	0	22
2025.11.05	16:00:00	201.221	201.238	200.818	201.018	8420	0	22
2025.11.05	20:00:00	201.033	201.126	200.890	201.113	3834	0	22
2025.11.06	00:00:00	201.112	201.168	200.822	200.996	8272	0	22
2025.11.06	04:00:00	201.002	201.193	200.882	200.989	7567	0	22
2025.11.06	08:00:00	200.987	201.200	200.764	201.151	10274	0	22
2025.11.06	12:00:00	201.153	201.375	200.397	200.506	16032	0	22
2025.11.06	16:00:00	200.506	201.194	200.295	201.099	12762	0	22
2025.11.06	20:00:00	201.099	201.177	200.811	200.972	6149	0	22
2025.11.07	00:00:00	200.977	201.246	200.712	200.781	10591	0	22
2025.11.07	04:00:00	200.783	201.370	200.703	201.316	8401	0	22
2025.11.07	08:00:00	201.316	201.382	200.708	200.904	11713	0	22
2025.11.07	12:00:00	200.902	201.790	200.648	201.384	16327	0	22
2025.11.07	16:00:00	201.390	202.069	201.375	202.037	12315	0	22
2025.11.07	20:00:00	202.040	202.085	201.794	201.956	4304	0	22
2025.11.09	20:00:00	202.071	202.319	201.923	202.133	3225	0	27
2025.11.10	00:00:00	202.135	202.447	201.779	202.365	10986	0	22
2025.11.10	04:00:00	202.366	202.739	202.267	202.667	9174	0	22
2025.11.10	08:00:00	202.672	203.196	202.566	203.072	11155	0	22
2025.11.10	12:00:00	203.071	203.236	202.502	202.512	11710	0	22
2025.11.10	16:00:00	202.510	203.065	202.462	203.029	9504	0	22
2025.11.10	20:00:00	203.034	203.100	202.836	203.042	5131	0	22
2025.11.11	00:00:00	203.036	203.276	202.993	203.131	9071	0	22
2025.11.11	04:00:00	203.130	203.225	202.316	202.379	10025	0	22
2025.11.11	08:00:00	202.382	202.845	202.373	202.808	10275	0	22
2025.11.11	12:00:00	202.807	203.034	202.447	202.824	12528	0	22
2025.11.11	16:00:00	202.819	203.054	202.737	202.915	8540	0	22
2025.11.11	20:00:00	202.915	202.980	202.503	202.646	4804	0	22
2025.11.12	00:00:00	202.642	202.922	202.594	202.803	8034	0	22
2025.11.12	04:00:00	202.801	203.295	202.777	203.245	9287	0	22
2025.11.12	08:00:00	203.250	203.563	202.938	203.361	11769	0	22
2025.11.12	12:00:00	203.355	203.400	202.765	203.164	13293	0	22
2025.11.12	16:00:00	203.171	203.264	202.931	203.132	9603	0	22
2025.11.12	20:00:00	203.125	203.267	203.012	203.089	5297	0	22
2025.11.13	00:00:00	203.094	203.318	202.955	203.102	9922	0	22
2025.11.13	04:00:00	203.102	203.450	202.961	203.304	9179	0	22
2025.11.13	08:00:00	203.309	203.585	203.021	203.437	12999	0	22
2025.11.13	12:00:00	203.437	203.820	203.362	203.506	14237	0	22
2025.11.13	16:00:00	203.509	204.061	203.434	203.742	14247	0	22
2025.11.13	20:00:00	203.741	203.851	203.108	203.372	6790	0	22
2025.11.14	00:00:00	203.378	203.538	202.990	203.145	10622	0	22
2025.11.14	04:00:00	203.144	203.419	202.862	203.347	11163	0	22
2025.11.14	08:00:00	203.339	203.958	202.626	203.180	18820	0	22
2025.11.14	12:00:00	203.185	203.202	202.334	202.901	21014	0	22
2025.11.14	16:00:00	202.904	203.601	202.807	203.462	13383	0	22
2025.11.14	20:00:00	203.464	203.594	203.381	203.563	3211	0	22
2025.11.16	20:00:00	203.357	203.521	203.280	203.423	2737	0	27
2025.11.17	00:00:00	203.420	203.527	203.129	203.361	9332	0	22
2025.11.17	04:00:00	203.361	203.851	203.275	203.809	7899	0	22
2025.11.17	08:00:00	203.813	204.024	203.570	204.013	12463	0	22
2025.11.17	12:00:00	204.012	204.507	203.953	204.493	13770	0	22
2025.11.17	16:00:00	204.491	204.518	204.014	204.079	11669	0	22
2025.11.17	20:00:00	204.075	204.267	204.033	204.259	6064	0	22
2025.11.18	00:00:00	204.266	204.287	204.009	204.036	9852	0	22
2025.11.18	04:00:00	204.037	204.156	203.697	203.820	13696	0	22
2025.11.18	08:00:00	203.817	204.357	203.800	204.233	14205	0	22
2025.11.18	12:00:00	204.227	204.472	203.887	204.082	17329	0	22
2025.11.18	16:00:00	204.085	204.734	204.041	204.583	13577	0	22
2025.11.18	20:00:00	204.582	204.583	204.271	204.469	5515	0	22
2025.11.19	00:00:00	204.473	204.499	203.982	204.047	11331	0	22
2025.11.19	04:00:00	204.053	204.504	204.049	204.383	10883	0	22
2025.11.19	08:00:00	204.387	204.947	204.181	204.915	14871	0	22
2025.11.19	12:00:00	204.907	205.358	204.649	204.699	14547	0	22
2025.11.19	16:00:00	204.694	205.055	204.584	204.844	14097	0	22
2025.11.19	20:00:00	204.846	205.239	204.778	205.029	7205	0	22
2025.11.20	00:00:00	205.033	205.428	204.803	205.362	12182	0	22
2025.11.20	04:00:00	205.364	206.037	205.244	205.778	11219	0	22
2025.11.20	08:00:00	205.779	205.870	205.294	205.771	12608	0	22
2025.11.20	12:00:00	205.777	206.848	205.677	206.473	18077	0	22
2025.11.20	16:00:00	206.468	206.477	205.640	206.162	18950	0	22
2025.11.20	20:00:00	206.161	206.210	205.560	205.902	7963	0	22
2025.11.21	00:00:00	205.900	206.043	205.727	205.856	11979	0	22
2025.11.21	04:00:00	205.851	205.950	204.864	205.011	13264	0	22
2025.11.21	08:00:00	205.018	205.609	204.371	204.615	18314	0	22
2025.11.21	12:00:00	204.609	205.317	204.281	204.811	22800	0	22
2025.11.21	16:00:00	204.814	205.226	204.607	204.827	16284	0	22
2025.11.21	20:00:00	204.834	205.006	204.784	204.789	4329	0	22
2025.11.23	20:00:00	204.825	205.206	204.824	205.185	2693	0	27
2025.11.24	00:00:00	205.187	205.228	205.037	205.160	8085	0	22
2025.11.24	04:00:00	205.159	205.392	205.055	205.300	8214	0	22
2025.11.24	08:00:00	205.295	205.505	205.107	205.302	13171	0	22
2025.11.24	12:00:00	205.297	205.900	205.209	205.366	14537	0	22
2025.11.24	16:00:00	205.371	205.668	205.360	205.464	9844	0	22
2025.11.24	20:00:00	205.464	205.701	205.464	205.633	4864	0	22
2025.11.25	00:00:00	205.630	205.684	205.290	205.366	9717	0	22
2025.11.25	04:00:00	205.363	205.556	205.233	205.501	8514	0	22
2025.11.25	08:00:00	205.504	205.609	204.994	205.126	13167	0	22
2025.11.25	12:00:00	205.119	205.881	205.024	205.737	18524	0	22
2025.11.25	16:00:00	205.739	205.985	205.625	205.868	11192	0	22
2025.11.25	20:00:00	205.867	205.948	205.263	205.523	6482	0	22
2025.11.26	00:00:00	205.524	205.968	205.334	205.698	12980	0	22
2025.11.26	04:00:00	205.699	206.120	205.696	206.090	10023	0	22
2025.11.26	08:00:00	206.087	206.443	205.792	206.117	15253	0	22
2025.11.26	12:00:00	206.110	207.059	205.501	206.868	22129	0	22
2025.11.26	16:00:00	206.874	207.102	206.764	207.049	9529	0	22
2025.11.26	20:00:00	207.049	207.139	206.900	206.902	4837	0	22
2025.11.27	00:00:00	206.902	207.051	206.425	206.885	9854	0	22
2025.11.27	04:00:00	206.884	206.993	206.645	206.671	9562	0	22
2025.11.27	08:00:00	206.666	206.824	206.490	206.784	10027	0	22
2025.11.27	12:00:00	206.790	207.142	206.717	207.113	8692	0	22
2025.11.27	16:00:00	207.110	207.188	206.867	206.932	3855	0	22
2025.11.27	20:00:00	206.932	206.946	206.727	206.926	3009	0	22
2025.11.28	00:00:00	206.925	207.190	206.611	206.868	15143	0	22
2025.11.28	04:00:00	206.865	206.969	206.468	206.517	18173	0	22
2025.11.28	08:00:00	206.525	206.674	206.147	206.201	23273	0	22
2025.11.28	12:00:00	206.211	206.792	206.179	206.724	14378	0	44
2025.11.28	16:00:00	206.716	206.848	206.575	206.749	8901	0	67
2025.11.28	20:00:00	206.754	206.754	206.339	206.406	3133	0	89
2025.11.30	20:00:00	206.424	206.719	206.354	206.407	3337	0	27
2025.12.01	00:00:00	206.411	206.422	205.566	205.675	13105	0	22
2025.12.01	04:00:00	205.679	205.831	205.336	205.388	10623	0	22
2025.12.01	08:00:00	205.394	205.592	205.198	205.256	14379	0	22
2025.12.01	12:00:00	205.260	205.559	205.193	205.520	16254	0	22
2025.12.01	16:00:00	205.523	205.628	205.317	205.419	10414	0	22
2025.12.01	20:00:00	205.414	205.489	205.271	205.463	4352	0	22
2025.12.02	00:00:00	205.468	205.763	205.384	205.696	7694	0	22
2025.12.02	04:00:00	205.696	205.948	205.638	205.832	7613	0	22
2025.12.02	08:00:00	205.835	206.248	205.675	205.790	12224	0	22
2025.12.02	12:00:00	205.784	206.187	205.751	205.762	13272	0	22
2025.12.02	16:00:00	205.763	205.938	205.470	205.927	10680	0	22
2025.12.02	20:00:00	205.927	206.002	205.642	205.904	4631	0	22
2025.12.03	00:00:00	205.909	206.061	205.778	205.907	7418	0	22
2025.12.03	04:00:00	205.904	206.204	205.895	206.161	7865	0	22
2025.12.03	08:00:00	206.166	206.733	206.085	206.639	11494	0	22
2025.12.03	12:00:00	206.635	207.064	206.453	206.911	15167	0	22
2025.12.03	16:00:00	206.917	207.140	206.728	207.128	10133	0	22
2025.12.03	20:00:00	207.122	207.305	206.965	207.030	4723	0	22
2025.12.04	00:00:00	207.029	207.323	206.879	207.162	8965	0	22
2025.12.04	04:00:00	207.162	207.349	206.945	207.032	9006	0	22
2025.12.04	08:00:00	207.041	207.055	206.342	206.455	13433	0	22
2025.12.04	12:00:00	206.452	207.009	206.361	206.784	14520	0	22
2025.12.04	16:00:00	206.779	206.863	206.616	206.786	9520	0	22
2025.12.04	20:00:00	206.783	206.792	206.407	206.664	5138	0	22
2025.12.05	00:00:00	206.664	206.800	206.523	206.718	7814	0	22
2025.12.05	04:00:00	206.721	206.754	206.183	206.461	10673	0	22
2025.12.05	08:00:00	206.467	206.964	206.388	206.950	10909	0	22
2025.12.05	12:00:00	206.956	207.289	206.934	207.140	12375	0	22
2025.12.05	16:00:00	207.134	207.159	206.836	207.052	9224	0	22
2025.12.05	20:00:00	207.051	207.126	206.943	207.122	2520	0	22
2025.12.07	20:00:00	206.745	207.030	206.667	206.952	3100	0	27
2025.12.08	00:00:00	206.959	206.966	206.587	206.849	8435	0	22
2025.12.08	04:00:00	206.850	207.091	206.818	206.995	7943	0	22
2025.12.08	08:00:00	207.000	207.220	206.937	207.187	10007	0	22
2025.12.08	12:00:00	207.189	207.694	207.129	207.469	12435	0	22
2025.12.08	16:00:00	207.471	207.780	207.402	207.771	9104	0	22
2025.12.08	20:00:00	207.772	207.787	207.542	207.684	4716	0	22
2025.12.09	00:00:00	207.689	207.843	207.583	207.676	7544	0	22
2025.12.09	04:00:00	207.676	208.221	207.660	208.166	8836	0	22
2025.12.09	08:00:00	208.162	208.714	208.019	208.168	11751	0	22
2025.12.09	12:00:00	208.174	208.616	208.108	208.571	13197	0	22
2025.12.09	16:00:00	208.567	208.940	208.548	208.607	8664	0	22
2025.12.09	20:00:00	208.607	208.749	208.406	208.593	4358	0	22
2025.12.10	00:00:00	208.596	208.711	208.231	208.306	7787	0	22
2025.12.10	04:00:00	208.306	208.776	208.306	208.708	6418	0	22
2025.12.10	08:00:00	208.705	208.863	208.495	208.578	10341	0	22
2025.12.10	12:00:00	208.577	208.768	208.341	208.433	11195	0	22
2025.12.10	16:00:00	208.429	208.880	208.328	208.834	14273	0	22
2025.12.10	20:00:00	208.829	208.860	208.348	208.516	8276	0	22
2025.12.11	00:00:00	208.516	208.552	208.023	208.111	10627	0	22
2025.12.11	04:00:00	208.114	208.648	208.024	208.603	9128	0	22
2025.12.11	08:00:00	208.602	208.627	208.203	208.494	11395	0	22
2025.12.11	12:00:00	208.489	208.518	207.896	208.448	13881	0	22
2025.12.11	16:00:00	208.442	208.484	208.204	208.340	10053	0	22
2025.12.11	20:00:00	208.340	208.396	208.155	208.263	5500	0	22
2025.12.12	00:00:00	208.261	208.588	208.218	208.496	8299	0	22
2025.12.12	04:00:00	208.496	208.712	208.217	208.315	7276	0	22
2025.12.12	08:00:00	208.318	208.667	208.244	208.524	9835	0	22
2025.12.12	12:00:00	208.519	208.734	208.142	208.174	12306	0	22
2025.12.12	16:00:00	208.169	208.399	207.875	208.364	11183	0	22
2025.12.12	20:00:00	208.368	208.427	208.229	208.336	3247	0	22
2025.12.14	20:00:00	208.398	208.435	208.188	208.335	2951	0	27
2025.12.15	00:00:00	208.342	208.435	207.559	207.584	8851	0	22
2025.12.15	04:00:00	207.588	207.588	207.080	207.481	8524	0	22
2025.12.15	08:00:00	207.475	207.566	207.295	207.331	10111	0	22
2025.12.15	12:00:00	207.334	207.817	207.312	207.817	12209	0	22
2025.12.15	16:00:00	207.810	207.873	207.536	207.599	9403	0	22
2025.12.15	20:00:00	207.591	207.639	207.370	207.418	4985	0	22
2025.12.16	00:00:00	207.420	207.428	206.843	207.011	10964	0	22
2025.12.16	04:00:00	207.011	207.196	206.768	207.157	8382	0	22
2025.12.16	08:00:00	207.152	207.934	207.140	207.921	11627	0	22
2025.12.16	12:00:00	207.916	207.996	207.189	207.632	16711	0	22
2025.12.16	16:00:00	207.626	207.951	207.521	207.644	11951	0	22
2025.12.16	20:00:00	207.640	207.841	207.543	207.783	5663	0	22
2025.12.17	00:00:00	207.783	207.874	207.403	207.693	9875	0	22
2025.12.17	04:00:00	207.694	207.990	207.082	207.165	11362	0	22
2025.12.17	08:00:00	207.170	207.340	207.046	207.296	10892	0	22
2025.12.17	12:00:00	207.297	208.253	207.257	208.216	13768	0	22
2025.12.17	16:00:00	208.212	208.373	208.133	208.191	11095	0	22
2025.12.17	20:00:00	208.196	208.375	207.909	207.942	4956	0	22
2025.12.18	00:00:00	207.942	208.267	207.861	208.164	9083	0	22
2025.12.18	04:00:00	208.164	208.549	208.086	208.396	7863	0	22
2025.12.18	08:00:00	208.403	208.446	207.969	208.034	9924	0	22
2025.12.18	12:00:00	208.025	209.006	207.959	208.313	17971	0	22
2025.12.18	16:00:00	208.308	208.439	208.094	208.173	10518	0	22
2025.12.18	20:00:00	208.175	208.291	207.892	208.198	5121	0	22
2025.12.19	00:00:00	208.208	208.838	208.193	208.529	10615	0	22
2025.12.19	04:00:00	208.525	209.479	208.362	209.462	12724	0	22
2025.12.19	08:00:00	209.460	210.589	209.448	210.357	13322	0	22
2025.12.19	12:00:00	210.362	210.569	210.029	210.400	14381	0	22
2025.12.19	16:00:00	210.401	210.966	210.342	210.929	9273	0	22
2025.12.19	20:00:00	210.923	211.035	210.835	210.926	3036	0	22
2025.12.21	20:00:00	210.945	210.987	210.566	210.872	3731	0	27
2025.12.22	00:00:00	210.872	211.018	210.618	210.712	10185	0	22
2025.12.22	04:00:00	210.718	211.354	210.678	211.243	7917	0	22
2025.12.22	08:00:00	211.249	211.548	211.100	211.530	10161	0	22
2025.12.22	12:00:00	211.527	211.581	210.857	211.184	13813	0	22
2025.12.22	16:00:00	211.178	211.336	211.019	211.158	9198	0	22
2025.12.22	20:00:00	211.161	211.390	211.117	211.275	5292	0	22
2025.12.23	00:00:00	211.275	211.298	210.616	210.616	9127	0	22
2025.12.23	04:00:00	210.617	210.681	210.281	210.658	9940	0	22
2025.12.23	08:00:00	210.654	210.798	210.301	210.559	11919	0	22
2025.12.23	12:00:00	210.553	211.150	210.485	210.802	13078	0	22
2025.12.23	16:00:00	210.802	210.804	210.506	210.755	7666	0	22
2025.12.23	20:00:00	210.750	211.184	210.723	210.950	4824	0	22
2025.12.24	00:00:00	210.952	211.031	210.429	210.739	10647	0	22
2025.12.24	04:00:00	210.739	210.787	210.394	210.455	8497	0	22
2025.12.24	08:00:00	210.450	210.738	210.384	210.639	9700	0	22
2025.12.24	12:00:00	210.633	210.691	210.045	210.367	11279	0	22
2025.12.24	16:00:00	210.369	210.552	210.107	210.274	8152	0	22
2025.12.24	20:00:00	210.283	210.372	210.077	210.169	2133	0	160
2025.12.25	20:00:00	210.464	210.892	210.324	210.852	4900	0	27
2025.12.26	00:00:00	210.857	211.408	210.744	210.754	9875	0	22
2025.12.26	04:00:00	210.752	210.913	210.621	210.832	8737	0	22
2025.12.26	08:00:00	210.831	211.065	210.750	211.048	7921	0	22
2025.12.26	12:00:00	211.053	211.496	211.027	211.280	10002	0	22
2025.12.26	16:00:00	211.273	211.331	211.152	211.276	8227	0	22
2025.12.26	20:00:00	211.272	211.395	211.229	211.366	2977	0	22
2025.12.28	20:00:00	211.324	211.324	210.992	211.199	3999	0	27
2025.12.29	00:00:00	211.201	211.337	210.707	211.208	10184	0	22
2025.12.29	04:00:00	211.207	211.254	210.462	210.479	8948	0	22
2025.12.29	08:00:00	210.472	211.175	210.431	210.971	11639	0	22
2025.12.29	12:00:00	210.968	210.986	210.474	210.515	13480	0	22
2025.12.29	16:00:00	210.508	210.834	210.452	210.749	9514	0	22
2025.12.29	20:00:00	210.749	210.883	210.562	210.724	5190	0	22
2025.12.30	00:00:00	210.719	211.084	210.635	211.030	8243	0	22
2025.12.30	04:00:00	211.030	211.076	210.564	210.658	8141	0	22
2025.12.30	08:00:00	210.655	210.778	210.494	210.520	9793	0	22
2025.12.30	12:00:00	210.520	210.767	210.418	210.619	12025	0	22
2025.12.30	16:00:00	210.619	210.744	210.456	210.726	8216	0	22
2025.12.30	20:00:00	210.720	210.733	210.304	210.602	3525	0	22
2025.12.31	00:00:00	210.604	210.694	210.490	210.690	5888	0	22
2025.12.31	04:00:00	210.690	210.824	210.676	210.679	5316	0	22
2025.12.31	08:00:00	210.685	210.821	210.253	210.706	9174	0	22
2025.12.31	12:00:00	210.711	211.091	210.340	210.822	12519	0	22
2025.12.31	16:00:00	210.816	211.080	210.699	210.965	9544	0	22
2025.12.31	20:00:00	210.964	211.185	210.905	210.905	3051	0	27
2026.01.01	20:00:00	211.013	211.317	210.650	211.155	3649	0	27
2026.01.02	00:00:00	211.157	211.374	211.017	211.345	5783	0	22
2026.01.02	04:00:00	211.345	211.433	211.062	211.193	6214	0	22
2026.01.02	08:00:00	211.192	211.386	210.747	210.903	10198	0	22
2026.01.02	12:00:00	210.903	211.431	210.872	211.338	11992	0	22
2026.01.02	16:00:00	211.333	211.395	210.996	211.038	10031	0	22
2026.01.02	20:00:00	211.041	211.143	211.009	211.079	2867	0	22
2026.01.04	20:00:00	210.835	211.004	210.768	210.954	3033	0	27
2026.01.05	00:00:00	210.962	211.323	210.860	210.936	10685	0	22
2026.01.05	04:00:00	210.936	211.161	210.714	210.722	8543	0	22
2026.01.05	08:00:00	210.722	210.983	210.508	210.797	12312	0	22
2026.01.05	12:00:00	210.796	211.496	210.701	211.411	13771	0	22
2026.01.05	16:00:00	211.417	211.592	211.313	211.574	10103	0	22
2026.01.05	20:00:00	211.570	211.976	211.528	211.919	4772	0	22
2026.01.06	00:00:00	211.921	212.141	211.807	211.991	9358	0	22
2026.01.06	04:00:00	211.991	212.079	211.775	211.834	8112	0	22
2026.01.06	08:00:00	211.828	211.965	211.479	211.527	11511	0	22
2026.01.06	12:00:00	211.528	211.623	211.305	211.488	12547	0	22
2026.01.06	16:00:00	211.487	211.733	211.412	211.447	8595	0	22
2026.01.06	20:00:00	211.448	211.554	211.257	211.486	4251	0	22
2026.01.07	00:00:00	211.489	211.748	211.386	211.577	8262	0	22
2026.01.07	04:00:00	211.572	211.576	211.050	211.132	8502	0	22
2026.01.07	08:00:00	211.126	211.414	211.010	211.296	9370	0	22
2026.01.07	12:00:00	211.290	211.339	210.963	211.201	12506	0	22
2026.01.07	16:00:00	211.199	211.271	210.926	211.030	8299	0	22
2026.01.07	20:00:00	211.023	211.090	210.720	210.886	4043	0	22
2026.01.08	00:00:00	210.884	211.148	210.855	210.988	7468	0	22
2026.01.08	04:00:00	210.988	210.997	210.379	210.379	8407	0	22
2026.01.08	08:00:00	210.373	210.818	210.295	210.743	9858	0	22
2026.01.08	12:00:00	210.743	211.036	210.504	210.837	11980	0	22
2026.01.08	16:00:00	210.834	210.886	210.544	210.810	8402	0	22
2026.01.08	20:00:00	210.805	210.907	210.558	210.756	4572	0	22
2026.01.09	00:00:00	210.759	211.265	210.758	211.259	7798	0	22
2026.01.09	04:00:00	211.264	211.495	211.195	211.471	7719	0	22
2026.01.09	08:00:00	211.471	211.599	211.286	211.353	10036	0	22
2026.01.09	12:00:00	211.357	212.022	211.296	211.818	17128	0	22
2026.01.09	16:00:00	211.820	212.051	211.628	211.665	9667	0	22
2026.01.09	20:00:00	211.666	211.722	211.569	211.624	2528	0	22
2026.01.11	20:00:00	211.749	211.858	211.607	211.795	2306	0	27
2026.01.12	00:00:00	211.794	212.236	211.639	212.191	10279	0	22
2026.01.12	04:00:00	212.191	212.386	212.089	212.201	7125	0	22
2026.01.12	08:00:00	212.196	212.671	212.123	212.514	9748	0	22
2026.01.12	12:00:00	212.508	212.881	212.495	212.866	10920	0	22
2026.01.12	16:00:00	212.868	213.003	212.730	212.934	7466	0	22
2026.01.12	20:00:00	212.933	212.989	212.659	212.723	5227	0	22
2026.01.13	00:00:00	212.722	213.934	212.706	213.911	8431	0	22
2026.01.13	04:00:00	213.912	214.077	213.731	214.037	9315	0	22
2026.01.13	08:00:00	214.031	214.283	213.895	214.016	9588	0	22
2026.01.13	12:00:00	214.017	214.132	213.524	213.620	12983	0	22
2026.01.13	16:00:00	213.626	213.817	213.491	213.757	8862	0	22
2026.01.13	20:00:00	213.755	213.773	213.480	213.730	4286	0	22
2026.01.14	00:00:00	213.733	214.005	213.573	213.981	8343	0	22
2026.01.14	04:00:00	213.981	214.099	213.840	213.916	7279	0	22
2026.01.14	08:00:00	213.917	213.943	213.280	213.442	12173	0	22
2026.01.14	12:00:00	213.443	213.451	212.722	212.768	16173	0	22
2026.01.14	16:00:00	212.766	212.882	212.545	212.876	8801	0	22
2026.01.14	20:00:00	212.877	213.053	212.607	212.909	6262	0	22
2026.01.15	00:00:00	212.915	213.032	212.565	212.831	9364	0	22
2026.01.15	04:00:00	212.833	213.186	212.683	213.041	8824	0	22
2026.01.15	08:00:00	213.031	213.301	212.588	212.759	11183	0	22
2026.01.15	12:00:00	212.763	212.791	211.990	212.208	12257	0	22
2026.01.15	16:00:00	212.205	212.271	212.087	212.193	7922	0	22
2026.01.15	20:00:00	212.189	212.297	212.107	212.201	4098	0	22
2026.01.16	00:00:00	212.198	212.253	211.472	211.717	9838	0	22
2026.01.16	04:00:00	211.715	211.988	211.692	211.798	7701	0	22
2026.01.16	08:00:00	211.791	212.068	211.638	211.957	9986	0	22
2026.01.16	12:00:00	211.957	212.061	211.372	211.446	13040	0	22
2026.01.16	16:00:00	211.447	211.700	211.391	211.591	8753	0	22
2026.01.16	20:00:00	211.585	211.601	211.419	211.471	2477	0	22
2026.01.18	20:00:00	210.655	211.249	210.631	211.142	5070	0	22
2026.01.19	00:00:00	211.142	211.428	210.893	211.367	11180	0	22
2026.01.19	04:00:00	211.368	211.661	211.323	211.634	8825	0	22
2026.01.19	08:00:00	211.639	212.045	211.563	211.894	11786	0	22
2026.01.19	12:00:00	211.900	212.189	211.743	212.139	9075	0	22
2026.01.19	16:00:00	212.145	212.386	212.101	212.239	4536	0	22
2026.01.19	20:00:00	212.237	212.324	212.065	212.233	2654	0	22
2026.01.20	00:00:00	212.240	212.335	211.844	212.229	9455	0	22
2026.01.20	04:00:00	212.230	213.495	212.191	213.395	10458	0	22
2026.01.20	08:00:00	213.398	213.432	212.324	212.379	15041	0	22
2026.01.20	12:00:00	212.373	212.839	212.088	212.512	16407	0	22
2026.01.20	16:00:00	212.509	212.743	212.415	212.542	10339	0	22
2026.01.20	20:00:00	212.538	212.625	212.365	212.551	5745	0	22
2026.01.21	00:00:00	212.557	212.642	212.283	212.471	9836	0	22
2026.01.21	04:00:00	212.465	212.622	212.214	212.279	8916	0	22
2026.01.21	08:00:00	212.278	212.324	211.735	211.750	11140	0	22
2026.01.21	12:00:00	211.747	212.759	211.577	212.433	14702	0	22
2026.01.21	16:00:00	212.438	212.645	212.211	212.622	12342	0	22
2026.01.21	20:00:00	212.624	212.651	212.321	212.602	6142	0	22
2026.01.22	00:00:00	212.607	212.993	212.376	212.970	8773	0	22
2026.01.22	04:00:00	212.971	213.420	212.959	213.254	8760	0	22
2026.01.22	08:00:00	213.253	213.415	212.683	212.842	12787	0	22
2026.01.22	12:00:00	212.836	213.627	212.774	213.474	14089	0	22
2026.01.22	16:00:00	213.479	213.770	213.414	213.697	8970	0	22
2026.01.22	20:00:00	213.691	213.999	213.581	213.931	5127	0	22
2026.01.23	00:00:00	213.933	214.157	213.848	213.996	8905	0	22
2026.01.23	04:00:00	213.996	214.842	212.512	213.687	17902	0	22
2026.01.23	08:00:00	213.695	214.158	213.201	213.763	15832	0	22
2026.01.23	12:00:00	213.770	214.547	213.747	214.457	10682	0	22
2026.01.23	16:00:00	214.454	214.609	212.069	212.362	22906	0	22
2026.01.23	20:00:00	212.368	212.557	212.280	212.432	5515	0	22
2026.01.25	20:00:00	211.572	212.049	211.036	211.990	5763	0	27
2026.01.26	00:00:00	211.989	212.071	210.432	210.637	18486	0	22
2026.01.26	04:00:00	210.636	210.902	210.098	210.492	14246	0	22
2026.01.26	08:00:00	210.497	210.683	209.596	210.094	19533	0	22
2026.01.26	12:00:00	210.088	210.832	210.088	210.832	16033	0	22
2026.01.26	16:00:00	210.834	211.069	210.708	210.757	12051	0	22
2026.01.26	20:00:00	210.755	211.159	210.547	211.121	7070	0	22
2026.01.27	00:00:00	211.124	211.405	210.763	211.276	11131	0	22
2026.01.27	04:00:00	211.275	211.748	211.243	211.582	10230	0	22
2026.01.27	08:00:00	211.576	211.662	209.776	210.757	22015	0	22
2026.01.27	12:00:00	210.753	211.142	210.247	210.728	20784	0	22
2026.01.27	16:00:00	210.732	210.990	210.252	210.480	14047	0	22
2026.01.27	20:00:00	210.479	210.968	210.057	210.841	13172	0	22
2026.01.28	00:00:00	210.841	211.211	210.605	210.744	13707	0	22
2026.01.28	04:00:00	210.742	210.860	210.394	210.672	12447	0	22
2026.01.28	08:00:00	210.666	210.686	210.107	210.129	15329	0	22
2026.01.28	12:00:00	210.128	211.672	210.061	211.609	20739	0	22
2026.01.28	16:00:00	211.606	212.020	211.573	211.695	15733	0	22
2026.01.28	20:00:00	211.703	211.854	211.454	211.662	9196	0	22
2026.01.29	00:00:00	211.670	211.715	211.324	211.531	14248	0	22
2026.01.29	04:00:00	211.531	212.120	211.515	212.046	11231	0	22
2026.01.29	08:00:00	212.053	212.150	211.410	211.684	13443	0	22
2026.01.29	12:00:00	211.679	211.905	210.042	210.313	18309	0	22
2026.01.29	16:00:00	210.314	211.274	210.287	211.130	15358	0	22
2026.01.29	20:00:00	211.128	211.500	211.102	211.448	6874	0	22
2026.01.30	00:00:00	211.454	211.787	211.298	211.726	16657	0	22
2026.01.30	04:00:00	211.724	211.903	211.496	211.775	13617	0	22
2026.01.30	08:00:00	211.769	212.112	211.596	211.992	16572	0	22
2026.01.30	12:00:00	211.996	212.458	211.585	211.585	17700	0	22
2026.01.30	16:00:00	211.581	211.883	211.488	211.678	16966	0	22
2026.01.30	20:00:00	211.673	211.836	211.619	211.788	5136	0	22
2026.02.01	20:00:00	211.861	212.638	211.819	212.273	4346	0	31
2026.02.02	00:00:00	212.274	212.675	212.007	212.062	16409	0	22
2026.02.02	04:00:00	212.068	212.068	211.281	211.891	15414	0	22
2026.02.02	08:00:00	211.886	212.336	211.817	212.012	14409	0	22
2026.02.02	12:00:00	212.011	212.480	211.788	212.138	15742	0	22
2026.02.02	16:00:00	212.140	212.651	212.035	212.560	11735	0	22
2026.02.02	20:00:00	212.557	212.686	212.485	212.568	6198	0	22
2026.02.03	00:00:00	212.566	212.855	212.536	212.751	11295	0	22
2026.02.03	04:00:00	212.753	212.975	212.641	212.853	10853	0	22
2026.02.03	08:00:00	212.847	213.123	212.739	212.881	12319	0	22
2026.02.03	12:00:00	212.883	213.432	212.873	213.364	13597	0	22
2026.02.03	16:00:00	213.360	213.450	212.849	213.207	12215	0	22
2026.02.03	20:00:00	213.212	213.458	213.175	213.396	5989	0	22
2026.02.04	00:00:00	213.402	214.248	213.351	214.208	10002	0	22
2026.02.04	04:00:00	214.209	214.584	214.170	214.528	8421	0	22
2026.02.04	08:00:00	214.535	214.984	214.470	214.966	11096	0	22
2026.02.04	12:00:00	214.974	214.995	213.987	214.047	14540	0	22
2026.02.04	16:00:00	214.051	214.251	213.670	214.249	13400	0	22
2026.02.04	20:00:00	214.251	214.314	213.847	214.109	6370	0	22
2026.02.05	00:00:00	214.101	214.232	213.474	213.626	11028	0	22
2026.02.05	04:00:00	213.628	214.166	213.519	213.969	10213	0	22
2026.02.05	08:00:00	213.975	214.190	213.188	213.899	13604	0	22
2026.02.05	12:00:00	213.910	213.915	211.777	212.159	23072	0	22
2026.02.05	16:00:00	212.154	212.703	212.009	212.576	13254	0	22
2026.02.05	20:00:00	212.571	212.695	211.907	212.012	6768	0	22
2026.02.06	00:00:00	212.011	212.429	211.593	212.316	12758	0	22
2026.02.06	04:00:00	212.314	213.002	212.274	212.837	10318	0	22
2026.02.06	08:00:00	212.829	213.477	212.680	213.325	12055	0	22
2026.02.06	12:00:00	213.320	213.669	213.112	213.512	13368	0	22
2026.02.06	16:00:00	213.517	213.975	213.495	213.901	9179	0	22
2026.02.06	20:00:00	213.902	214.019	213.842	213.977	3041	0	22
2026.02.08	20:00:00	213.742	214.400	213.581	214.005	4581	0	27
2026.02.09	00:00:00	214.005	214.037	212.592	213.321	15961	0	22
2026.02.09	04:00:00	213.323	213.391	212.553	213.023	12117	0	22
2026.02.09	08:00:00	213.024	213.443	212.812	213.367	15383	0	22
2026.02.09	12:00:00	213.372	213.709	212.113	213.159	18914	0	22
2026.02.09	16:00:00	213.166	213.457	213.158	213.267	9967	0	22
2026.02.09	20:00:00	213.272	213.649	213.228	213.603	5902	0	22
2026.02.10	00:00:00	213.610	213.713	212.392	212.567	11328	0	22
2026.02.10	04:00:00	212.561	212.727	212.160	212.679	9721	0	22
2026.02.10	08:00:00	212.674	212.778	211.885	212.143	11536	0	22
2026.02.10	12:00:00	212.138	212.501	210.612	210.861	17331	0	22
2026.02.10	16:00:00	210.855	210.883	210.540	210.740	11310	0	22
2026.02.10	20:00:00	210.735	210.756	210.419	210.624	4721	0	22
2026.02.11	00:00:00	210.624	210.644	209.780	209.836	10654	0	22
2026.02.11	04:00:00	209.837	209.871	208.973	209.351	11400	0	22
2026.02.11	08:00:00	209.355	210.229	209.290	210.144	12787	0	22
2026.02.11	12:00:00	210.149	210.509	208.631	209.430	30238	0	22
2026.02.11	16:00:00	209.433	209.479	208.172	208.496	14878	0	22
2026.02.11	20:00:00	208.500	208.874	208.483	208.785	6307	0	22
2026.02.12	00:00:00	208.791	209.001	207.634	207.957	14154	0	22
2026.02.12	04:00:00	207.958	208.950	207.779	208.617	15663	0	22
2026.02.12	08:00:00	208.613	209.297	208.379	209.248	13349	0	22
2026.02.12	12:00:00	209.247	209.549	208.332	208.419	16347	0	22
2026.02.12	16:00:00	208.414	208.496	207.553	208.302	17864	0	22
2026.02.12	20:00:00	208.308	208.329	207.844	208.070	6693	0	22
2026.02.13	00:00:00	208.074	208.782	207.991	208.234	12464	0	22
2026.02.13	04:00:00	208.229	208.961	208.098	208.845	12392	0	22
2026.02.13	08:00:00	208.841	209.322	208.488	208.610	13854	0	22
2026.02.13	12:00:00	208.603	208.964	208.035	208.444	20934	0	22
2026.02.13	16:00:00	208.450	208.697	208.248	208.437	13036	0	22
2026.02.13	20:00:00	208.439	208.592	208.331	208.455	3981	0	22
2026.02.15	20:00:00	208.216	208.576	208.166	208.521	2978	0	27
2026.02.16	00:00:00	208.521	208.891	208.479	208.801	9177	0	22
2026.02.16	04:00:00	208.798	209.290	208.708	209.214	7120	0	22
2026.02.16	08:00:00	209.219	209.677	209.124	209.260	10525	0	22
2026.02.16	12:00:00	209.255	209.337	208.958	209.203	9049	0	22
2026.02.16	16:00:00	209.206	209.264	209.102	209.219	4680	0	22
2026.02.16	20:00:00	209.219	209.481	209.081	209.248	3339	0	22
2026.02.17	00:00:00	209.251	209.294	208.250	208.510	12131	0	22
2026.02.17	04:00:00	208.511	208.520	207.340	207.616	12135	0	22
2026.02.17	08:00:00	207.611	208.216	207.477	207.721	13512	0	22
2026.02.17	12:00:00	207.718	207.870	207.227	207.665	17453	0	22
2026.02.17	16:00:00	207.660	208.000	207.660	207.822	12044	0	22
2026.02.17	20:00:00	207.825	207.996	207.600	207.676	5549	0	22
2026.02.18	00:00:00	207.675	208.306	207.615	208.172	9753	0	22
2026.02.18	04:00:00	208.178	208.449	207.977	208.391	8327	0	22
2026.02.18	08:00:00	208.396	208.827	208.277	208.631	10022	0	22
2026.02.18	12:00:00	208.635	209.208	208.478	208.976	14699	0	22
2026.02.18	16:00:00	208.981	209.188	208.568	208.862	12735	0	22
2026.02.18	20:00:00	208.866	209.026	208.629	208.736	5577	0	22
2026.02.19	00:00:00	208.744	209.449	208.632	209.289	10493	0	22
2026.02.19	04:00:00	209.283	209.530	209.135	209.362	9427	0	22
2026.02.19	08:00:00	209.357	209.458	208.198	208.221	12890	0	22
2026.02.19	12:00:00	208.217	208.881	208.078	208.529	15924	0	22
2026.02.19	16:00:00	208.527	208.637	208.259	208.602	11304	0	22
2026.02.19	20:00:00	208.606	208.937	208.419	208.886	5618	0	22
2026.02.20	00:00:00	208.891	208.912	208.373	208.541	10063	0	22
2026.02.20	04:00:00	208.543	209.085	208.503	209.063	9254	0	22
2026.02.20	08:00:00	209.067	209.486	208.849	209.074	11984	0	22
2026.02.20	12:00:00	209.081	209.660	209.011	209.057	18323	0	22
2026.02.20	16:00:00	209.061	209.268	208.960	209.194	14275	0	22
2026.02.20	20:00:00	209.196	209.208	208.950	208.972	3330	0	22
2026.02.22	20:00:00	208.806	209.077	208.741	208.856	3974	0	27
2026.02.23	00:00:00	208.862	208.869	208.209	208.506	10866	0	22
2026.02.23	04:00:00	208.506	209.133	208.443	208.941	8061	0	22
2026.02.23	08:00:00	208.934	209.218	208.908	208.998	10336	0	22
2026.02.23	12:00:00	209.004	209.105	208.311	208.388	13207	0	22
2026.02.23	16:00:00	208.394	208.729	208.127	208.562	10361	0	22
2026.02.23	20:00:00	208.556	208.830	208.453	208.721	6017	0	22
2026.02.24	00:00:00	208.722	209.237	208.688	209.215	10085	0	22
2026.02.24	04:00:00	209.211	210.455	208.976	210.385	11900	0	22
2026.02.24	08:00:00	210.384	210.714	209.982	210.216	12533	0	22
2026.02.24	12:00:00	210.216	210.839	210.116	210.697	13937	0	22
2026.02.24	16:00:00	210.703	210.763	210.320	210.326	8489	0	22
2026.02.24	20:00:00	210.326	210.420	210.189	210.394	4965	0	22
2026.02.25	00:00:00	210.392	210.792	210.002	210.553	12573	0	22
2026.02.25	04:00:00	210.554	210.923	210.303	210.892	9923	0	22
2026.02.25	08:00:00	210.893	211.842	210.846	211.744	12839	0	22
2026.02.25	12:00:00	211.745	212.021	211.462	211.616	12477	0	22
2026.02.25	16:00:00	211.614	212.112	211.598	211.980	8007	0	22
2026.02.25	20:00:00	211.976	212.063	211.652	211.713	5923	0	22
2026.02.26	00:00:00	211.717	211.787	211.328	211.389	10006	0	22
2026.02.26	04:00:00	211.383	211.619	211.166	211.387	9269	0	22
2026.02.26	08:00:00	211.382	211.391	210.823	211.155	10095	0	22
2026.02.26	12:00:00	211.158	211.557	210.627	210.872	14616	0	22
2026.02.26	16:00:00	210.877	211.088	210.256	210.569	11972	0	22
2026.02.26	20:00:00	210.564	210.649	210.208	210.267	5474	0	22
2026.02.27	00:00:00	210.267	210.378	209.974	210.154	10848	0	22
2026.02.27	04:00:00	210.155	210.565	209.918	210.514	9892	0	22
2026.02.27	08:00:00	210.508	210.825	209.939	209.949	11022	0	22
2026.02.27	12:00:00	209.949	210.217	209.798	209.812	15379	0	22
2026.02.27	16:00:00	209.807	210.316	209.786	210.313	10875	0	22
2026.02.27	20:00:00	210.312	210.505	210.238	210.453	3659	0	22
2026.03.01	20:00:00	209.624	210.043	209.366	209.964	3721	0	31
2026.03.02	00:00:00	209.946	210.458	209.775	210.210	15275	0	22
2026.03.02	04:00:00	210.207	210.532	209.499	209.753	14819	0	22
2026.03.02	08:00:00	209.754	210.615	209.341	210.510	17506	0	22
2026.03.02	12:00:00	210.505	211.374	210.501	210.911	19234	0	22
2026.03.02	16:00:00	210.905	211.147	210.503	211.017	12925	0	22
2026.03.02	20:00:00	211.021	211.027	210.689	210.865	7739	0	22
2026.03.03	00:00:00	210.864	211.349	210.656	210.740	12772	0	22
2026.03.03	04:00:00	210.732	210.767	209.757	209.913	13290	0	22
2026.03.03	08:00:00	209.917	210.035	209.410	209.598	20993	0	22
2026.03.03	12:00:00	209.600	210.164	209.217	209.957	23350	0	22
2026.03.03	16:00:00	209.953	210.615	209.898	210.561	19081	0	22
2026.03.03	20:00:00	210.557	210.708	210.249	210.623	8381	0	22
2026.03.04	00:00:00	210.634	210.673	209.785	209.949	16057	0	22
2026.03.04	04:00:00	209.944	210.447	209.483	210.350	14633	0	22
2026.03.04	08:00:00	210.344	210.560	209.839	210.323	18743	0	22
2026.03.04	12:00:00	210.328	210.472	209.955	209.978	18116	0	22
2026.03.04	16:00:00	209.978	210.047	209.479	209.972	11610	0	22
2026.03.04	20:00:00	209.971	210.151	209.724	209.858	6167	0	22
2026.03.05	00:00:00	209.857	209.864	209.328	209.435	13263	0	22
2026.03.05	04:00:00	209.428	209.804	209.174	209.804	13616	0	22
2026.03.05	08:00:00	209.796	210.253	209.354	210.192	17546	0	22
2026.03.05	12:00:00	210.196	210.612	209.884	209.987	16735	0	22
2026.03.05	16:00:00	209.980	210.465	209.781	210.202	15857	0	22
2026.03.05	20:00:00	210.201	210.491	210.122	210.434	8892	0	22
2026.03.06	00:00:00	210.435	210.594	210.251	210.584	11309	0	22
2026.03.06	04:00:00	210.582	210.983	210.570	210.615	10627	0	22
2026.03.06	08:00:00	210.610	210.775	210.257	210.362	15531	0	22
2026.03.06	12:00:00	210.368	210.894	210.276	210.518	23289	0	22
2026.03.06	16:00:00	210.522	211.396	210.522	211.326	16453	0	22
2026.03.06	20:00:00	211.333	211.623	211.297	211.590	5139	0	22
2026.03.08	20:00:00	210.954	211.129	210.591	210.753	9200	0	22
2026.03.09	00:00:00	210.748	211.295	210.648	211.199	15631	0	22
2026.03.09	04:00:00	211.196	211.487	210.987	211.442	15994	0	22
2026.03.09	08:00:00	211.448	211.568	211.028	211.497	17611	0	22
2026.03.09	12:00:00	211.499	212.035	211.444	211.709	17620	0	22
2026.03.09	16:00:00	211.703	212.166	211.703	211.958	14343	0	22
2026.03.09	20:00:00	211.966	212.061	211.758	211.918	8477	0	22
2026.03.10	00:00:00	211.920	212.011	211.586	211.822	13088	0	22
2026.03.10	04:00:00	211.823	212.083	211.670	211.984	11458	0	22
2026.03.10	08:00:00	211.980	212.337	211.953	212.134	13926	0	22
2026.03.10	12:00:00	212.140	212.408	212.055	212.091	14866	0	22
2026.03.10	16:00:00	212.091	212.222	211.973	212.029	14159	0	22
2026.03.10	20:00:00	212.030	212.202	211.913	212.158	5994	0	22
2026.03.11	00:00:00	212.153	212.879	212.120	212.799	9905	0	22
2026.03.11	04:00:00	212.800	212.889	212.359	212.563	9762	0	22
2026.03.11	08:00:00	212.569	212.962	212.390	212.818	13852	0	22
2026.03.11	12:00:00	212.818	213.065	212.446	212.793	15813	0	22
2026.03.11	16:00:00	212.789	213.289	212.753	213.257	10812	0	22
2026.03.11	20:00:00	213.256	213.256	212.808	212.888	5994	0	22
2026.03.12	00:00:00	212.885	213.022	212.561	212.639	9933	0	22
2026.03.12	04:00:00	212.637	212.765	212.545	212.659	9399	0	22
2026.03.12	08:00:00	212.663	212.680	212.455	212.604	11318	0	22
2026.03.12	12:00:00	212.599	212.736	212.403	212.507	14575	0	22
2026.03.12	16:00:00	212.501	212.855	212.440	212.698	11489	0	22
2026.03.12	20:00:00	212.701	212.731	212.385	212.605	6111	0	22
2026.03.13	00:00:00	212.610	212.813	212.418	212.677	9717	0	22
2026.03.13	04:00:00	212.675	212.867	211.638	211.723	10866	0	22
2026.03.13	08:00:00	211.718	211.718	211.128	211.129	14073	0	22
2026.03.13	12:00:00	211.129	211.519	211.088	211.204	14724	0	22
2026.03.13	16:00:00	211.202	211.504	211.154	211.182	10936	0	22
2026.03.13	20:00:00	211.183	211.221	211.036	211.172	1681	0	68
2026.03.15	20:00:00	211.249	211.383	210.902	211.350	6057	0	22
2026.03.16	00:00:00	211.349	211.572	211.163	211.505	8772	0	22
2026.03.16	04:00:00	211.505	211.584	210.796	210.954	8745	0	22
2026.03.16	08:00:00	210.947	211.354	210.897	211.308	11592	0	22
2026.03.16	12:00:00	211.312	211.921	211.199	211.880	12388	0	22
2026.03.16	16:00:00	211.881	212.089	211.714	212.056	10507	0	22
2026.03.16	20:00:00	212.051	212.071	211.691	211.840	4675	0	22
2026.03.17	00:00:00	211.843	212.134	211.792	211.966	7984	0	22
2026.03.17	04:00:00	211.962	212.033	211.630	211.856	8619	0	22
2026.03.17	08:00:00	211.852	212.260	211.640	211.875	10893	0	22
2026.03.17	12:00:00	211.881	212.263	211.832	212.179	12848	0	22
2026.03.17	16:00:00	212.178	212.482	212.018	212.357	8284	0	22
2026.03.17	20:00:00	212.362	212.415	212.138	212.263	5300	0	22
2026.03.18	00:00:00	212.264	212.486	212.123	212.300	8191	0	22
2026.03.18	04:00:00	212.305	212.328	211.942	212.016	7917	0	22
2026.03.18	08:00:00	212.021	212.486	211.992	212.380	9790	0	22
2026.03.18	12:00:00	212.382	212.629	212.184	212.456	14918	0	22
2026.03.18	16:00:00	212.457	212.721	212.093	212.181	12600	0	22
2026.03.18	20:00:00	212.181	212.202	211.664	211.968	5825	0	22
2026.03.19	00:00:00	211.974	212.333	211.956	212.009	9547	0	22
2026.03.19	04:00:00	212.003	212.003	211.155	211.200	11130	0	22
2026.03.19	08:00:00	211.197	211.519	210.839	211.430	16268	0	22
2026.03.19	12:00:00	211.421	211.896	210.788	211.326	22822	0	22
2026.03.19	16:00:00	211.325	212.147	211.167	211.706	15206	0	22
2026.03.19	20:00:00	211.701	212.061	211.550	212.001	5868	0	22
2026.03.20	00:00:00	212.000	212.355	211.799	212.290	8423	0	22
2026.03.20	04:00:00	212.290	212.681	212.247	212.530	7545	0	22
2026.03.20	08:00:00	212.529	212.771	212.224	212.397	12885	0	22
2026.03.20	12:00:00	212.404	212.609	211.749	211.830	16858	0	22
2026.03.20	16:00:00	211.831	212.596	211.818	212.366	13324	0	22
2026.03.20	20:00:00	212.374	212.476	212.349	212.377	1730	0	68
2026.03.22	20:00:00	212.053	212.293	211.795	212.211	6062	0	22
2026.03.23	00:00:00	212.218	212.734	212.011	212.305	12502	0	22
2026.03.23	04:00:00	212.311	212.422	211.849	212.075	11710	0	22
2026.03.23	08:00:00	212.083	213.011	211.568	212.265	34145	0	22
2026.03.23	12:00:00	212.272	213.298	212.166	212.413	22888	0	22
2026.03.23	16:00:00	212.408	212.795	212.370	212.752	15051	0	22
2026.03.23	20:00:00	212.742	212.805	212.543	212.761	5903	0	22
2026.03.24	00:00:00	212.759	212.808	212.280	212.666	12606	0	22
2026.03.24	04:00:00	212.659	212.975	212.463	212.863	11879	0	22
2026.03.24	08:00:00	212.856	212.866	212.242	212.690	13904	0	22
2026.03.24	12:00:00	212.694	212.865	212.402	212.618	16307	0	22
2026.03.24	16:00:00	212.612	212.826	212.484	212.724	12722	0	22
2026.03.24	20:00:00	212.730	212.981	212.459	212.893	8109	0	22
2026.03.25	00:00:00	212.885	213.183	212.749	212.775	10388	0	22
2026.03.25	04:00:00	212.773	213.116	212.632	213.082	9178	0	22
2026.03.25	08:00:00	213.077	213.197	212.764	213.087	11756	0	22
2026.03.25	12:00:00	213.089	213.205	212.640	212.873	14314	0	22
2026.03.25	16:00:00	212.871	213.191	212.746	213.112	10137	0	22
2026.03.25	20:00:00	213.114	213.131	212.825	212.984	4996	0	22
2026.03.26	00:00:00	212.984	213.115	212.904	213.098	8215	0	22
2026.03.26	04:00:00	213.098	213.105	212.727	212.915	8505	0	22
2026.03.26	08:00:00	212.920	213.083	212.689	212.760	11439	0	22
2026.03.26	12:00:00	212.760	213.301	212.709	213.136	13423	0	22
2026.03.26	16:00:00	213.137	213.173	212.744	212.764	9420	0	22
2026.03.26	20:00:00	212.761	213.053	212.665	212.980	6792	0	22
2026.03.27	00:00:00	212.972	212.986	212.589	212.925	8526	0	22
2026.03.27	04:00:00	212.924	213.086	212.839	212.942	8069	0	22
2026.03.27	08:00:00	212.936	212.970	212.328	212.337	11185	0	22
2026.03.27	12:00:00	212.336	212.960	212.225	212.849	13504	0	22
2026.03.27	16:00:00	212.846	212.998	212.513	212.525	10072	0	22
2026.03.27	20:00:00	212.536	212.683	212.500	212.559	1609	0	68
2026.03.29	20:00:00	212.441	212.592	212.081	212.106	5321	0	22
2026.03.30	00:00:00	212.114	212.128	211.749	212.053	10577	0	22
2026.03.30	04:00:00	212.048	212.106	211.442	211.628	9444	0	22
2026.03.30	08:00:00	211.621	211.646	211.043	211.047	11256	0	22
2026.03.30	12:00:00	211.045	211.073	210.239	210.350	13699	0	22
2026.03.30	16:00:00	210.346	210.535	210.197	210.516	8877	0	22
2026.03.30	20:00:00	210.514	210.618	210.297	210.542	4995	0	22
2026.03.31	00:00:00	210.538	211.205	210.416	210.827	11441	0	22
2026.03.31	04:00:00	210.830	210.950	210.406	210.811	10699	0	22
2026.03.31	08:00:00	210.804	211.019	210.713	210.976	11597	0	22
2026.03.31	12:00:00	210.970	211.189	209.620	209.736	17273	0	22
2026.03.31	16:00:00	209.729	210.410	209.697	210.049	14720	0	22
2026.03.31	20:00:00	210.050	210.079	209.713	209.949	6088	0	22
2026.04.01	00:00:00	209.950	210.324	209.865	210.146	9914	0	22
2026.04.01	04:00:00	210.152	210.557	210.137	210.546	12225	0	22
2026.04.01	08:00:00	210.552	211.140	210.493	210.861	12324	0	22
2026.04.01	12:00:00	210.866	211.394	210.692	211.360	15246	0	22
2026.04.01	16:00:00	211.357	211.432	211.039	211.230	9914	0	22
2026.04.01	20:00:00	211.236	211.264	210.871	211.084	5706	0	22
2026.04.02	00:00:00	211.079	211.272	210.836	210.886	13715	0	22
2026.04.02	04:00:00	210.885	211.061	210.342	210.867	11545	0	22
2026.04.02	08:00:00	210.871	210.943	210.467	210.785	10403	0	22
2026.04.02	12:00:00	210.790	211.037	210.579	210.903	15402	0	22
2026.04.02	16:00:00	210.905	211.199	210.763	211.055	9333	0	22
2026.04.02	20:00:00	211.052	211.062	210.755	210.912	3357	0	31
2026.04.03	00:00:00	210.907	211.140	210.827	210.996	4221	0	160
2026.04.03	04:00:00	210.996	211.220	210.933	211.188	3847	0	160
2026.04.03	08:00:00	211.188	211.214	211.044	211.080	3971	0	160
2026.04.03	12:00:00	211.080	211.174	210.615	210.722	7660	0	22
2026.04.03	16:00:00	210.722	210.727	210.514	210.544	3399	0	22
2026.04.03	20:00:00	210.548	210.727	210.393	210.663	1819	0	135
2026.04.05	20:00:00	210.536	210.744	210.329	210.675	5658	0	22
2026.04.06	00:00:00	210.679	210.878	210.596	210.810	7769	0	22
2026.04.06	04:00:00	210.810	211.382	210.752	211.223	7423	0	22
2026.04.06	08:00:00	211.219	211.310	211.126	211.193	8311	0	22
2026.04.06	12:00:00	211.199	211.538	211.102	211.343	10877	0	22
2026.04.06	16:00:00	211.344	211.405	211.198	211.323	7022	0	22
2026.04.06	20:00:00	211.325	211.367	211.187	211.324	4621	0	22
2026.04.07	00:00:00	211.323	211.509	211.224	211.371	7415	0	22
2026.04.07	04:00:00	211.371	211.679	211.234	211.555	8815	0	22
2026.04.07	08:00:00	211.551	211.869	211.467	211.704	12581	0	22
2026.04.07	12:00:00	211.710	211.980	211.561	211.693	13035	0	22
2026.04.07	16:00:00	211.689	212.106	211.676	212.019	9898	0	22
2026.04.07	20:00:00	212.017	212.780	211.916	212.696	13651	0	22
2026.04.08	00:00:00	212.690	212.698	212.142	212.287	13057	0	22
2026.04.08	04:00:00	212.282	212.759	212.262	212.385	12982	0	22
2026.04.08	08:00:00	212.381	213.142	212.269	213.094	11989	0	22
2026.04.08	12:00:00	213.089	213.117	212.665	212.845	14801	0	22
2026.04.08	16:00:00	212.843	212.853	212.425	212.528	10185	0	22
2026.04.08	20:00:00	212.529	212.559	212.164	212.469	5030	0	22
2026.04.09	00:00:00	212.474	212.756	212.420	212.645	7828	0	22
2026.04.09	04:00:00	212.646	212.905	212.598	212.900	8882	0	22
2026.04.09	08:00:00	212.901	213.390	212.807	213.371	9887	0	22
2026.04.09	12:00:00	213.372	213.782	213.236	213.545	12410	0	22
2026.04.09	16:00:00	213.540	213.837	213.378	213.721	8988	0	22
2026.04.09	20:00:00	213.720	213.747	213.437	213.627	4584	0	22
2026.04.10	00:00:00	213.633	213.731	213.532	213.632	6649	0	22
2026.04.10	04:00:00	213.632	213.839	213.604	213.704	7368	0	22
2026.04.10	08:00:00	213.708	214.067	213.682	213.991	8903	0	22
2026.04.10	12:00:00	213.996	214.455	213.976	214.277	11683	0	22
2026.04.10	16:00:00	214.276	214.555	214.242	214.537	7593	0	22
2026.04.10	20:00:00	214.533	214.553	214.347	214.406	1060	0	68
2026.04.12	20:00:00	213.677	214.102	213.580	213.865	5585	0	22
2026.04.13	00:00:00	213.870	214.158	213.806	214.038	7032	0	22
2026.04.13	04:00:00	214.039	214.415	213.993	214.370	7437	0	22
2026.04.13	08:00:00	214.370	214.686	214.303	214.484	8202	0	22
2026.04.13	12:00:00	214.488	214.971	214.437	214.971	11247	0	22
2026.04.13	16:00:00	214.968	215.231	214.875	215.203	8365	0	22
2026.04.13	20:00:00	215.215	215.344	215.008	215.182	4251	0	27
2026.04.14	00:00:00	215.183	215.244	214.906	215.034	6396	0	22
2026.04.14	04:00:00	215.034	215.311	214.909	215.234	8184	0	22
2026.04.14	08:00:00	215.227	215.533	215.085	215.470	10479	0	22
2026.04.14	12:00:00	215.476	215.777	215.436	215.495	11417	0	22
2026.04.14	16:00:00	215.495	215.531	215.332	215.444	6108	0	22
2026.04.14	20:00:00	215.445	215.629	215.309	215.564	4367	0	22
2026.04.15	00:00:00	215.562	215.737	215.461	215.663	7376	0	22
2026.04.15	04:00:00	215.659	215.780	215.458	215.498	7960	0	22
2026.04.15	08:00:00	215.497	215.561	215.182	215.535	9862	0	22
2026.04.15	12:00:00	215.537	215.813	215.518	215.735	10416	0	22
2026.04.15	16:00:00	215.736	215.890	215.476	215.706	7202	0	22
2026.04.15	20:00:00	215.709	215.714	215.347	215.554	4561	0	22
2026.04.16	00:00:00	215.548	215.568	215.118	215.486	7980	0	22
2026.04.16	04:00:00	215.492	215.726	215.354	215.397	8844	0	22
2026.04.16	08:00:00	215.392	215.555	215.235	215.329	9490	0	22
2026.04.16	12:00:00	215.323	215.637	215.157	215.347	11309	0	22
2026.04.16	16:00:00	215.345	215.456	215.240	215.319	7214	0	22
2026.04.16	20:00:00	215.322	215.351	215.111	215.325	3704	0	22
2026.04.17	00:00:00	215.330	215.587	215.241	215.572	5983	0	22
2026.04.17	04:00:00	215.572	215.686	215.228	215.413	7638	0	22
2026.04.17	08:00:00	215.406	215.440	215.136	215.345	8668	0	22
2026.04.17	12:00:00	215.352	215.376	213.998	214.287	16982	0	22
2026.04.17	16:00:00	214.286	214.478	214.093	214.335	9285	0	22
2026.04.17	20:00:00	214.332	214.447	214.309	214.405	1495	0	68
2026.04.19	20:00:00	214.164	214.612	214.063	214.567	4790	0	22
2026.04.20	00:00:00	214.574	214.706	214.399	214.574	7768	0	22
2026.04.20	04:00:00	214.573	214.750	214.315	214.642	9046	0	22
2026.04.20	08:00:00	214.648	214.860	214.504	214.727	9815	0	22
2026.04.20	12:00:00	214.725	214.843	214.527	214.822	11462	0	22
2026.04.20	16:00:00	214.821	215.056	214.744	214.929	7308	0	22
2026.04.20	20:00:00	214.935	215.082	214.717	214.927	4250	0	22
2026.04.21	00:00:00	214.930	215.021	214.850	214.904	5495	0	22
2026.04.21	04:00:00	214.905	214.995	214.696	214.777	7738	0	22
2026.04.21	08:00:00	214.776	215.221	214.594	215.005	10330	0	22
2026.04.21	12:00:00	215.004	215.411	214.977	215.339	11337	0	22
2026.04.21	16:00:00	215.342	215.391	215.026	215.158	9937	0	22
2026.04.21	20:00:00	215.154	215.356	214.974	215.294	5150	0	22
2026.04.22	00:00:00	215.294	215.360	215.111	215.280	6961	0	22
2026.04.22	04:00:00	215.278	215.405	215.078	215.361	8103	0	22
2026.04.22	08:00:00	215.366	215.649	214.976	215.023	8933	0	22
2026.04.22	12:00:00	215.023	215.378	214.911	215.360	11007	0	22
2026.04.22	16:00:00	215.363	215.527	215.249	215.414	6297	0	22
2026.04.22	20:00:00	215.410	215.435	215.124	215.291	3616	0	22
2026.04.23	00:00:00	215.298	215.352	215.061	215.149	9148	0	22
2026.04.23	04:00:00	215.148	215.497	215.113	215.272	7668	0	22
2026.04.23	08:00:00	215.272	215.720	215.248	215.482	10220	0	22
2026.04.23	12:00:00	215.477	215.528	215.081	215.135	11327	0	22
2026.04.23	16:00:00	215.135	215.152	214.935	215.053	9632	0	22
2026.04.23	20:00:00	215.052	215.164	214.821	215.114	4088	0	27
2026.04.24	00:00:00	215.117	215.242	215.020	215.072	6694	0	22
2026.04.24	04:00:00	215.071	215.211	214.930	215.174	7421	0	22
2026.04.24	08:00:00	215.181	215.469	215.096	215.142	10038	0	22
2026.04.24	12:00:00	215.135	215.447	215.077	215.368	11746	0	22
2026.04.24	16:00:00	215.365	215.719	215.309	215.709	6589	0	22
2026.04.24	20:00:00	215.699	215.729	215.592	215.620	1048	0	68
