<DATE>	<OPEN>	<HIGH>	<LOW>	<CLOSE>	<TICKVOL>	<VOL>	<SPREAD>
2018.07.03	145.705	146.370	145.273	145.671	64555	0	0
2018.07.04	145.669	146.346	145.558	146.157	60911	0	0
2018.07.05	146.156	146.857	145.829	146.168	66062	0	0
2018.07.06	146.167	146.762	146.116	146.717	56659	0	0
2018.07.08	147.025	147.072	146.710	146.815	5818	0	0
2018.07.09	146.814	147.600	146.099	147.038	72533	0	0
2018.07.10	147.041	147.775	146.879	146.962	74108	0	0
2018.07.11	146.960	148.118	146.792	147.873	84085	0	0
2018.07.12	147.874	148.880	147.857	148.462	74245	0	0
2018.07.13	148.465	148.714	147.639	148.635	66142	0	0
2018.07.15	148.399	148.761	148.399	148.656	5126	0	0
2018.07.16	148.657	149.298	148.508	148.741	61148	0	0
2018.07.17	148.739	149.076	147.576	148.103	72300	0	0
2018.07.18	148.104	148.218	146.857	147.502	69389	0	0
2018.07.19	147.502	147.533	146.152	146.315	74676	0	0
2018.07.20	146.315	146.648	145.966	146.254	70761	0	0
2018.07.22	146.160	146.413	145.980	145.985	6909	0	0
2018.07.23	145.985	146.161	145.665	146.037	68477	0	0
2018.07.24	146.036	146.315	145.447	146.313	65937	0	0
2018.07.25	146.309	146.503	145.759	146.312	71853	0	0
2018.07.26	146.311	146.391	145.661	145.695	64621	0	0
2018.07.27	145.698	145.707	145.260	145.364	56304	0	0
2018.07.29	145.339	145.501	145.325	145.433	5796	0	0
2018.07.30	145.434	145.911	145.403	145.796	57709	0	0
2018.07.31	145.795	146.993	145.355	146.696	72997	0	0
2018.08.01	146.696	147.135	146.304	146.515	61106	0	0
2018.08.02	146.512	146.580	145.000	145.383	65849	0	0
2018.08.03	145.383	145.532	144.502	144.643	55345	0	0
2018.08.05	144.632	144.659	144.484	144.614	2819	0	0
2018.08.06	144.611	144.723	144.033	144.095	55751	0	0
2018.08.07	144.094	144.423	143.800	144.134	53786	0	0
2018.08.08	144.133	144.259	142.721	142.813	58253	0	0
2018.08.09	142.811	143.478	142.331	142.484	60835	0	0
2018.08.10	142.490	142.502	140.939	141.615	70710	0	0
2018.08.12	140.711	141.340	140.711	141.149	6466	0	0
2018.08.13	141.149	141.823	140.231	141.139	74670	0	0
2018.08.14	141.136	142.459	140.997	141.480	68460	0	0
2018.08.15	141.479	141.755	139.889	140.338	71571	0	0
2018.08.16	140.338	141.301	140.198	141.111	72221	0	0
2018.08.17	141.110	141.155	140.219	140.836	57780	0	0
2018.08.19	140.893	140.903	140.776	140.812	5326	0	0
2018.08.20	140.810	141.202	140.578	140.769	58322	0	0
2018.08.21	140.768	142.668	140.657	142.096	66163	0	0
2018.08.22	142.095	142.796	141.990	142.699	61715	0	0
2018.08.23	142.697	142.995	142.415	142.633	60185	0	0
2018.08.24	142.632	143.221	142.509	142.851	49134	0	0
2018.08.26	142.876	143.136	142.799	143.086	5552	0	0
2018.08.27	143.087	143.333	142.517	143.320	55420	0	0
2018.08.28	143.319	143.651	142.950	143.029	60476	0	0
2018.08.29	143.027	145.593	142.813	145.582	65533	0	0
2018.08.30	145.578	145.672	144.233	144.422	66562	0	0
2018.08.31	144.422	144.678	143.493	143.836	62363	0	0
2018.09.02	143.694	143.694	143.412	143.602	6303	0	0
2018.09.03	143.601	143.620	142.822	142.937	57780	0	0
2018.09.04	142.936	143.369	142.582	143.309	66231	0	0
2018.09.05	143.308	144.952	142.642	143.912	68016	0	0
2018.09.06	143.915	144.219	142.749	142.791	67746	0	0
2018.09.07	142.790	144.415	142.600	143.413	65602	0	0
2018.09.09	143.444	143.571	143.304	143.400	4881	0	0
2018.09.10	143.396	145.016	143.061	144.774	58546	0	0
2018.09.11	144.774	145.896	144.343	145.288	63720	0	0
2018.09.12	145.287	145.599	144.668	145.065	63155	0	0
2018.09.13	145.063	146.876	145.005	146.860	61403	0	0
2018.09.14	146.865	147.000	146.247	146.419	59566	0	0
2018.09.16	146.381	146.451	146.301	146.337	4934	0	0
2018.09.17	146.337	147.447	146.302	146.809	63933	0	0
2018.09.18	146.807	147.975	146.774	147.826	71209	0	0
2018.09.19	147.825	148.510	147.164	147.603	72200	0	0
2018.09.20	147.602	149.299	147.337	149.269	67930	0	0
2018.09.21	149.270	149.702	146.991	147.188	63572	0	0
2018.09.23	147.124	147.230	146.960	147.173	5552	0	0
2018.09.24	147.173	148.285	146.936	147.913	64056	0	0
2018.09.25	147.911	149.006	147.801	148.894	63069	0	0
2018.09.26	148.893	149.081	148.272	148.427	65641	0	0
2018.09.27	148.428	148.715	147.585	148.262	69535	0	0
2018.09.28	148.260	148.613	147.533	148.134	61737	0	0
2018.09.30	148.170	148.427	148.097	148.361	3215	0	0
2018.10.01	148.360	149.377	148.258	148.618	64387	0	0
2018.10.02	148.618	148.681	147.185	147.386	66570	0	0
2018.10.03	147.386	148.571	147.255	148.159	73948	0	0
2018.10.04	148.159	148.621	147.692	148.305	75002	0	0
2018.10.05	148.307	149.245	148.068	149.134	70266	0	0
2018.10.07	149.201	149.321	149.148	149.243	5181	0	0
2018.10.08	149.242	149.498	147.486	148.093	69981	0	0
2018.10.09	148.090	148.732	147.340	148.683	76580	0	0
2018.10.10	148.681	149.286	147.917	147.991	80322	0	0
2018.10.11	147.989	148.764	147.809	148.322	91062	0	0
2018.10.12	148.318	148.993	147.154	147.577	74470	0	0
2018.10.14	147.346	147.346	146.730	147.011	7002	0	0
2018.10.15	147.012	147.411	146.499	147.102	77565	0	0
2018.10.16	147.102	148.391	147.079	148.140	76146	0	0
2018.10.17	148.141	148.239	147.047	147.539	77798	0	0
2018.10.18	147.538	147.732	145.800	146.050	78807	0	0
2018.10.19	146.049	147.291	146.049	147.023	73561	0	0
2018.10.21	147.083	147.102	146.855	146.934	5257	0	0
2018.10.22	146.933	147.567	146.042	146.180	74448	0	0
2018.10.23	146.179	146.382	145.284	145.943	79381	0	0
2018.10.24	145.944	146.290	144.262	144.281	83984	0	0
2018.10.25	144.284	145.020	143.979	144.023	81007	0	0
2018.10.26	144.023	144.119	142.762	143.536	80464	0	0
2018.10.28	143.461	143.619	143.425	143.591	5151	0	0
2018.10.29	143.589	144.386	143.333	143.786	81712	0	0
2018.10.30	143.784	144.368	143.202	143.664	80145	0	0
2018.10.31	143.664	145.119	143.614	144.076	78381	0	0
2018.11.01	144.075	146.836	144.015	146.569	82803	0	0
2018.11.02	146.570	147.245	146.327	146.771	75115	0	0
2018.11.04	147.048	147.285	147.048	147.129	5458	0	0
2018.11.05	147.128	147.928	146.846	147.880	76512	0	0
2018.11.06	147.880	148.689	147.292	148.620	76422	0	0
2018.11.07	148.619	149.216	148.275	149.071	89133	0	0
2018.11.08	149.072	149.473	148.600	148.882	79907	0	0
2018.11.09	148.881	148.954	147.486	147.644	76381	0	0
2018.11.11	146.909	147.286	146.863	147.283	7328	0	0
2018.11.12	147.284	147.564	146.060	146.137	81617	0	0
2018.11.13	146.136	148.707	145.967	148.088	88465	0	0
2018.11.14	148.087	148.370	146.308	147.436	94508	0	0
2018.11.15	147.437	147.906	144.252	144.963	94657	0	0
2018.11.16	144.963	145.429	144.593	144.722	80180	0	0
2018.11.18	144.768	144.939	144.527	144.666	6614	0	0
2018.11.19	144.665	145.295	144.296	144.586	81411	0	0
2018.11.20	144.587	144.893	144.008	144.131	83674	0	0
2018.11.21	144.131	144.878	144.059	144.406	75420	0	0
2018.11.22	144.406	145.924	144.250	145.476	67338	0	0
2018.11.23	145.473	145.504	144.342	144.625	67956	0	0
2018.11.25	144.743	144.824	144.636	144.671	7489	0	0
2018.11.26	144.671	145.725	144.644	145.429	75862	0	0
2018.11.27	145.428	145.498	144.586	144.955	77848	0	0
2018.11.28	144.956	145.823	144.849	145.602	76891	0	0
2018.11.29	145.606	145.661	144.509	144.977	76304	0	0
2018.11.30	144.979	145.276	144.615	144.671	70597	0	0
2018.12.02	145.294	145.390	144.702	145.050	6747	0	0
2018.12.03	145.051	145.502	144.170	144.535	74601	0	0
2018.12.04	144.536	144.743	142.839	143.312	84272	0	0
2018.12.05	143.315	144.521	143.255	143.830	74394	0	0
2018.12.06	143.833	144.158	143.239	143.998	87845	0	0
2018.12.07	144.019	144.199	143.223	143.467	76554	0	0
2018.12.09	142.920	143.237	142.916	143.096	6821	0	0
2018.12.10	143.100	143.681	141.163	142.150	87075	0	0
2018.12.11	142.157	142.910	141.437	141.622	84244	0	0
2018.12.12	141.624	143.430	141.531	142.994	85934	0	0
2018.12.13	142.997	143.923	142.993	143.693	78108	0	0
2018.12.14	143.697	143.724	142.374	142.679	72228	0	0
2018.12.16	142.731	142.786	142.489	142.685	6795	0	0
2018.12.17	142.692	143.220	142.148	142.326	78907	0	0
2018.12.18	142.328	142.645	141.923	142.380	81726	0	0
2018.12.19	142.379	142.519	141.574	141.923	86201	0	0
2018.12.20	141.922	142.089	140.576	140.822	90610	0	0
2018.12.21	140.825	141.154	140.231	140.443	83160	0	0
2018.12.23	140.011	140.533	139.993	140.451	6852	0	0
2018.12.24	140.461	140.833	140.294	140.317	64924	0	0
2018.12.26	140.049	140.850	139.736	140.714	77011	0	0
2018.12.27	140.710	140.777	139.712	140.184	101839	0	0
2018.12.28	140.185	140.342	139.485	140.059	78159	0	0
2018.12.30	140.099	140.233	139.937	140.008	6684	0	0
2018.12.31	140.012	140.861	139.517	139.736	64397	0	0
2019.01.02	139.871	139.871	133.783	134.418	84860	0	0
2019.01.03	134.427	136.768	133.869	136.179	95868	0	0
2019.01.04	136.180	138.283	135.812	138.059	85236	0	0
2019.01.06	138.101	138.275	137.858	138.193	6565	0	0
2019.01.07	138.196	138.957	137.608	138.872	79802	0	0
2019.01.08	138.875	139.417	137.963	138.537	82897	0	0
2019.01.09	138.540	139.090	137.751	138.462	85287	0	0
2019.01.10	138.460	138.505	137.437	138.096	81978	0	0
2019.01.11	138.093	139.464	137.630	139.353	73813	0	0
2019.01.13	139.410	139.557	139.323	139.325	4786	0	0
2019.01.14	139.328	140.038	138.591	139.345	73303	0	0
2019.01.15	139.345	140.418	137.361	139.838	85585	0	0
2019.01.16	139.840	140.684	138.975	140.490	80613	0	0
2019.01.17	140.503	142.197	139.507	141.694	80861	0	0
2019.01.18	141.695	142.070	141.077	141.311	73261	0	0
2019.01.20	141.072	141.273	140.849	140.934	6113	0	0
2019.01.21	140.942	141.512	140.673	141.369	69998	0	0
2019.01.22	141.367	141.909	140.613	141.683	76327	0	0
2019.01.23	141.682	143.545	141.678	143.229	77381	0	0
2019.01.24	143.231	143.753	142.705	143.746	80029	0	0
2019.01.25	143.758	144.830	143.391	144.572	75132	0	0
2019.01.27	144.240	144.705	144.236	144.504	5346	0	0
2019.01.28	144.503	144.521	143.592	143.776	73196	0	0
2019.01.29	143.772	144.463	142.696	143.085	77135	0	0
2019.01.30	143.106	143.584	142.723	142.927	75658	0	0
2019.01.31	142.927	143.194	142.234	142.680	74495	0	0
2019.02.01	142.677	143.480	142.068	143.240	66453	0	0
2019.02.03	143.086	143.186	142.971	143.113	6370	0	0
2019.02.04	143.112	144.157	143.110	143.256	67557	0	0
2019.02.05	143.257	143.538	142.027	142.438	64228	0	0
2019.02.06	142.440	142.503	141.747	142.238	68499	0	0
2019.02.07	142.244	142.611	141.118	142.105	71547	0	0
2019.02.08	142.110	142.507	141.837	142.050	61760	0	0
2019.02.10	141.916	142.109	141.770	142.056	4643	0	0
2019.02.11	142.057	142.540	141.789	141.995	67697	0	0
2019.02.12	142.001	142.620	141.859	142.458	68006	0	0
2019.02.13	142.463	143.312	142.432	142.597	66101	0	0
2019.02.14	142.596	143.013	141.273	141.454	71703	0	0
2019.02.15	141.456	142.387	141.000	142.354	65858	0	0
2019.02.17	142.479	142.669	142.439	142.665	5230	0	0
2019.02.18	142.667	143.008	142.526	142.914	68074	0	0
2019.02.19	142.912	144.687	142.466	144.388	68317	0	0
2019.02.20	144.391	145.027	144.113	144.456	69797	0	0
2019.02.21	144.460	144.905	144.072	144.358	73092	0	0
2019.02.22	144.357	144.713	143.771	144.479	63673	0	0
2019.02.24	144.418	144.728	144.399	144.717	6904	0	0
2019.02.25	144.716	145.770	144.445	145.749	70088	0	0
2019.02.26	145.752	147.040	145.394	146.573	72484	0	0
2019.02.27	146.575	148.026	146.151	147.636	73919	0	0
2019.02.28	147.637	148.246	146.972	147.701	70257	0	0
2019.03.01	147.700	148.554	147.506	147.811	66707	0	0
2019.03.03	148.196	148.324	147.799	148.165	6704	0	0
2019.03.04	148.164	148.293	147.094	147.296	68943	0	0
2019.03.05	147.294	147.768	146.598	147.166	69344	0	0
2019.03.06	147.164	147.293	146.680	147.120	67476	0	0
2019.03.07	147.119	147.269	145.774	146.140	69952	0	0
2019.03.08	146.140	146.143	144.308	144.682	68102	0	0
2019.03.10	143.880	144.404	143.880	144.225	5106	0	0
2019.03.11	144.223	147.568	143.704	147.449	69269	0	0
2019.03.12	147.445	147.445	144.557	145.407	68973	0	0
2019.03.13	145.407	148.701	145.385	147.748	68123	0	0
2019.03.14	147.751	148.861	147.366	148.146	71883	0	0
2019.03.15	148.144	148.364	147.414	148.204	60813	0	0
2019.03.17	148.182	148.359	148.148	148.307	3235	0	0
2019.03.18	148.306	148.374	146.993	147.732	62734	0	0
2019.03.19	147.733	148.031	147.531	147.853	61988	0	0
2019.03.20	147.852	148.072	145.843	146.114	68491	0	0
2019.03.21	146.114	146.384	144.127	145.481	70755	0	0
2019.03.22	145.480	145.736	144.522	145.217	67321	0	0
2019.03.24	145.167	145.498	145.053	145.374	4396	0	0
2019.03.25	145.374	145.785	144.626	145.398	74563	0	0
2019.03.26	145.395	146.438	145.003	146.047	72513	0	0
2019.03.27	146.045	146.488	145.118	145.313	77082	0	0
2019.03.28	145.313	145.546	144.184	144.401	73675	0	0
2019.03.29	144.401	145.467	143.807	144.443	68007	0	0
2019.03.31	144.576	144.695	144.382	144.506	5414	0	0
2019.04.01	144.505	146.333	144.411	145.621	68916	0	0
2019.04.02	145.619	146.427	144.923	146.097	69527	0	0
2019.04.03	146.097	147.171	146.014	146.762	70120	0	0
2019.04.04	146.761	146.941	145.669	145.961	66158	0	0
2019.04.05	145.958	146.529	145.105	145.612	58704	0	0
2019.04.07	145.509	145.638	145.407	145.638	4125	0	0
2019.04.08	145.637	145.764	145.093	145.551	64276	0	0
2019.04.09	145.552	146.034	144.772	145.017	63521	0	0
2019.04.10	145.015	145.691	144.947	145.351	65520	0	0
2019.04.11	145.350	145.936	145.119	145.736	63209	0	0
2019.04.12	145.737	146.997	145.703	146.389	58271	0	0
2019.04.14	146.344	146.569	146.265	146.565	3798	0	0
2019.04.15	146.563	146.984	146.342	146.638	59571	0	0
2019.04.16	146.635	146.737	145.944	146.024	61920	0	0
2019.04.17	146.026	146.290	145.827	146.037	60679	0	0
2019.04.18	146.036	146.052	145.230	145.482	63958	0	0
2019.04.19	145.482	145.538	145.265	145.302	49797	0	0
2019.04.21	145.275	145.446	145.210	145.379	3797	0	0
2019.04.22	145.381	145.491	145.202	145.285	25966	0	0
2019.04.23	145.285	145.603	144.576	144.734	37801	0	0
2019.04.24	144.734	145.007	144.393	144.721	39035	0	0
2019.04.25	144.720	144.865	143.761	143.874	41045	0	0
2019.04.26	143.876	144.439	143.765	144.120	36476	0	0
2019.04.28	144.163	144.255	144.099	144.217	3268	0	0
2019.04.29	144.219	144.708	144.184	144.456	34426	0	0
2019.04.30	144.457	145.364	144.038	145.286	39003	0	0
2019.05.01	145.285	145.679	145.237	145.471	35426	0	0
2019.05.02	145.470	145.861	145.084	145.288	39017	0	0
2019.05.03	145.289	146.488	144.800	146.358	35076	0	0
2019.05.05	145.413	145.931	145.408	145.473	5866	0	0
2019.05.06	145.476	145.533	144.801	145.107	41632	0	0
2019.05.07	145.109	145.352	143.856	144.076	43238	0	0
2019.05.08	144.075	144.075	143.032	143.115	44475	0	0
2019.05.09	143.114	143.200	142.229	142.866	45925	0	0
2019.05.10	142.862	143.225	142.504	142.956	45187	0	0
2019.05.12	142.678	142.798	142.606	142.614	4481	0	0
2019.05.13	142.613	142.855	141.197	141.489	44363	0	0
2019.05.14	141.491	142.163	141.387	141.540	41834	0	0
2019.05.15	141.540	141.632	140.201	140.621	41718	0	0
2019.05.16	140.622	140.779	140.194	140.599	39134	0	0
2019.05.17	140.598	140.663	139.544	139.948	41083	0	0
2019.05.19	140.083	140.272	139.985	140.237	3848	0	0
2019.05.20	140.243	140.515	139.695	140.100	40032	0	0
2019.05.21	140.099	141.709	139.639	140.483	41575	0	0
2019.05.22	140.482	140.689	139.305	139.561	41015	0	0
2019.05.23	139.562	139.585	138.520	138.705	45158	0	0
2019.05.24	138.708	139.473	138.499	138.914	38086	0	0
2019.05.26	139.100	139.244	138.980	139.178	3575	0	0
2019.05.27	139.175	139.629	138.674	138.858	35986	0	0
2019.05.28	138.859	138.997	138.279	138.417	42119	0	0
2019.05.29	138.418	138.569	137.861	138.350	46186	0	0
2019.05.30	138.352	138.721	137.818	137.821	42696	0	0
2019.05.31	137.822	137.949	136.621	136.736	46535	0	0
2019.06.02	136.756	136.870	136.676	136.771	4604	0	0
2019.06.03	136.768	137.108	136.608	136.798	47203	0	0
2019.06.04	136.797	137.508	136.551	137.507	45374	0	0
2019.06.05	137.507	137.767	137.192	137.424	45535	0	0
2019.06.06	137.425	137.793	136.975	137.665	44408	0	0
2019.06.07	137.668	138.151	137.477	137.798	39039	0	0
2019.06.09	137.942	138.119	137.897	137.960	4284	0	0
2019.06.10	137.957	138.242	137.471	137.500	40742	0	0
2019.06.11	137.503	138.309	137.501	138.014	41934	0	0
2019.06.12	138.017	138.228	137.551	137.692	42412	0	0
2019.06.13	137.692	137.768	137.111	137.334	42449	0	0
2019.06.14	137.333	137.396	136.504	136.646	37801	0	0
2019.06.16	136.475	136.739	136.411	136.726	3545	0	0
2019.06.17	136.723	136.920	135.992	136.117	34596	0	0
2019.06.18	136.115	136.471	135.368	136.430	42890	0	0
2019.06.19	136.431	136.988	135.781	136.787	41463	0	0
2019.06.20	136.786	137.165	136.195	136.336	49680	0	0
2019.06.21	136.336	136.828	135.936	136.754	42638	0	0
2019.06.23	136.643	136.878	136.599	136.816	3934	0	0
2019.06.24	136.817	137.116	136.484	136.717	41094	0	0
2019.06.25	136.718	136.824	135.801	135.988	47822	0	0
2019.06.26	135.990	136.880	135.990	136.770	45462	0	0
2019.06.27	136.771	137.316	136.412	136.548	39528	0	0
2019.06.28	136.551	137.183	136.263	137.005	32135	0	0
2019.06.30	137.362	137.761	137.316	137.558	3525	0	0
2019.07.01	137.557	137.557	136.729	137.024	35067	0	0
2019.07.02	137.023	137.124	135.798	135.831	32999	0	0
2019.07.03	135.832	135.835	135.164	135.593	31453	0	0
2019.07.04	135.592	135.703	135.434	135.648	22326	0	0
2019.07.05	135.651	136.032	135.479	135.876	27515	0	0
2019.07.07	135.817	135.989	135.793	135.863	1824	0	0
2019.07.08	135.864	136.132	135.536	136.059	26810	0	0
2019.07.09	136.060	136.268	135.385	135.695	28859	0	0
2019.07.10	135.694	136.040	135.466	135.480	31029	0	0
2019.07.11	135.481	136.040	135.074	135.961	32691	0	0
2019.07.12	135.962	136.006	135.494	135.703	28266	0	0
2019.07.14	135.645	135.680	135.499	135.540	2246	0	0
2019.07.15	135.542	135.830	134.944	135.049	27155	0	0
2019.07.16	135.048	135.249	133.956	134.256	32042	0	0
2019.07.17	134.258	134.608	133.962	134.189	30695	0	0
2019.07.18	134.191	134.813	133.840	134.703	35956	0	0
2019.07.19	134.705	134.993	134.552	134.697	29652	0	0
2019.07.21	134.601	134.895	134.545	134.892	2626	0	0
2019.07.22	134.891	135.075	134.400	134.569	29512	0	0
2019.07.23	134.570	134.965	134.305	134.601	32084	0	0
2019.07.24	134.602	135.262	134.242	135.065	30500	0	0
2019.07.25	135.067	135.653	134.701	135.314	31772	0	0
2019.07.26	135.316	135.381	134.534	134.563	26197	0	0
2019.07.28	134.471	134.542	134.395	134.430	1665	0	0
2019.07.29	134.431	134.442	132.860	132.974	29493	0	0
2019.07.30	132.973	133.053	131.607	131.976	37379	0	0
2019.07.31	131.977	132.979	131.838	132.238	36781	0	0
2019.08.01	132.240	132.542	129.965	130.247	45155	0	0
2019.08.02	130.248	130.405	129.073	129.639	43933	0	0
2019.08.04	129.446	129.579	129.423	129.477	2970	0	0
2019.08.05	129.475	129.556	128.111	128.369	52295	0	0
2019.08.06	128.365	130.050	128.362	129.388	48124	0	0
2019.08.07	129.387	129.510	128.220	128.811	49781	0	0
2019.08.08	128.812	129.320	128.272	128.568	44590	0	0
2019.08.09	128.567	128.729	126.962	127.068	37519	0	0
2019.08.11	127.233	127.238	126.542	126.659	3401	0	0
2019.08.12	126.661	127.503	126.649	127.263	38756	0	0
2019.08.13	127.265	129.206	126.794	128.582	44496	0	0
2019.08.14	128.583	128.638	127.470	127.720	45468	0	0
2019.08.15	127.723	128.965	127.556	128.262	48929	0	0
2019.08.16	128.263	129.558	128.144	129.163	36846	0	0
2019.08.18	129.155	129.413	129.151	129.394	2503	0	0
2019.08.19	129.391	129.520	128.961	129.231	34020	0	0
2019.08.20	129.233	129.606	128.260	129.235	37429	0	0
2019.08.21	129.236	129.658	128.878	129.305	33981	0	0
2019.08.22	129.302	130.678	128.751	130.429	38047	0	0
2019.08.23	130.426	130.539	128.990	129.500	38897	0	0
2019.08.25	128.804	128.816	128.262	128.543	4881	0	0
2019.08.26	128.541	130.059	128.541	129.500	46973	0	0
2019.08.27	129.499	130.364	128.999	129.852	40512	0	0
2019.08.28	129.853	130.055	128.478	129.590	42196	0	0
2019.08.29	129.592	130.019	128.966	129.682	37687	0	0
2019.08.30	129.686	129.798	129.073	129.254	35456	0	0
2019.09.01	129.036	129.094	128.687	129.032	3016	0	0
2019.09.02	129.033	129.304	127.864	128.107	31354	0	0
2019.09.03	128.108	128.238	126.668	127.971	43507	0	0
2019.09.04	127.972	130.390	127.931	130.214	42104	0	0
2019.09.05	130.213	132.147	129.913	131.953	43207	0	0
2019.09.06	131.953	132.115	131.260	131.363	36631	0	0
2019.09.08	131.097	131.401	131.070	131.364	2001	0	0
2019.09.09	131.363	132.539	130.801	132.504	37409	0	0
2019.09.10	132.506	132.975	132.008	132.955	37545	0	0
2019.09.11	132.953	133.351	132.664	133.226	36639	0	0
2019.09.12	133.225	133.628	132.166	133.374	41365	0	0
2019.09.13	133.376	135.187	133.305	135.119	36094	0	0
2019.09.15	134.340	134.810	134.327	134.648	3643	0	0
2019.09.16	134.647	134.672	133.871	134.375	38679	0	0
2019.09.17	134.371	135.403	133.981	135.122	35238	0	0
2019.09.18	135.123	135.643	134.590	135.196	35736	0	0
2019.09.19	135.198	135.505	134.259	135.321	41460	0	0
2019.09.20	135.323	135.709	134.072	134.130	36563	0	0
2019.09.22	134.248	134.355	134.178	134.233	2429	0	0
2019.09.23	134.231	134.534	133.342	133.768	34722	0	0
2019.09.24	133.771	134.555	133.545	133.787	39598	0	0
2019.09.25	133.789	133.979	132.832	133.094	39739	0	0
2019.09.26	133.095	133.273	132.375	132.829	35714	0	0
2019.09.27	132.828	133.263	132.327	132.618	35230	0	0
2019.09.29	132.691	132.740	132.574	132.683	2070	0	0
2019.09.30	132.682	133.321	132.465	132.787	35274	0	0
2019.10.01	132.788	133.336	131.778	132.429	41205	0	0
2019.10.02	132.431	132.542	131.573	131.847	40215	0	0
2019.10.03	131.845	132.527	131.481	131.834	41092	0	0
2019.10.04	131.831	131.978	131.273	131.858	33083	0	0
2019.10.06	131.372	131.762	131.353	131.673	2183	0	0
2019.10.07	131.676	132.226	131.307	131.774	32557	0	0
2019.10.08	131.775	132.099	130.421	130.670	39727	0	0
2019.10.09	130.671	131.805	130.646	130.932	37720	0	0
2019.10.10	130.931	134.533	130.847	134.080	49507	0	0
2019.10.11	134.082	137.869	134.025	137.111	49887	0	0
2019.10.13	136.862	137.141	136.816	136.847	3148	0	0
2019.10.14	136.849	137.011	135.516	136.669	42444	0	0
2019.10.15	136.666	139.297	136.445	138.814	53590	0	0
2019.10.16	138.813	140.059	137.526	139.314	54790	0	0
2019.10.17	139.313	141.439	138.624	139.690	52464	0	0
2019.10.18	139.694	140.648	139.340	140.529	42294	0	0
2019.10.20	140.197	140.197	139.495	139.872	3934	0	0
2019.10.21	139.875	141.334	139.782	140.867	40207	0	0
2019.10.22	140.866	141.108	139.516	139.764	46941	0	0
2019.10.23	139.763	140.417	139.081	140.360	43982	0	0
2019.10.24	140.358	140.728	138.863	139.437	41703	0	0
2019.10.25	139.436	139.779	139.023	139.349	32887	0	0
2019.10.27	139.327	139.507	139.323	139.480	2592	0	0
2019.10.28	139.479	140.245	139.338	140.102	34083	0	0
2019.10.29	140.100	140.524	139.463	140.062	36827	0	0
2019.10.30	140.063	140.496	139.954	140.353	36526	0	0
2019.10.31	140.358	140.674	139.600	139.734	41098	0	0
2019.11.01	139.737	140.147	139.687	139.960	33209	0	0
2019.11.03	139.927	140.032	139.888	139.994	1477	0	0
2019.11.04	139.994	140.228	139.827	140.102	30442	0	0
2019.11.05	140.100	140.740	139.995	140.575	36025	0	0
2019.11.06	140.574	140.581	139.869	140.009	31814	0	0
2019.11.07	140.009	140.524	139.488	140.076	41459	0	0
2019.11.08	140.078	140.202	139.415	139.602	31961	0	0
2019.11.10	139.682	139.773	139.656	139.717	1203	0	0
2019.11.11	139.717	140.483	139.362	140.157	30983	0	0
2019.11.12	140.155	140.580	139.939	140.066	34685	0	0
2019.11.13	140.065	140.246	139.436	139.836	34959	0	0
2019.11.14	139.837	139.847	139.394	139.752	35993	0	0
2019.11.15	139.754	140.454	139.671	140.415	28352	0	0
2019.11.17	140.500	140.508	140.342	140.427	1854	0	0
2019.11.18	140.428	141.560	140.398	140.712	33124	0	0
2019.11.19	140.712	140.928	140.102	140.226	33802	0	0
2019.11.20	140.228	140.480	139.682	140.201	37997	0	0
2019.11.21	140.201	140.925	139.970	140.267	38899	0	0
2019.11.22	140.266	140.495	139.317	139.439	31935	0	0
2019.11.24	139.650	139.717	139.573	139.714	1588	0	0
2019.11.25	139.715	140.614	139.641	140.561	31702	0	0
2019.11.26	140.562	140.884	139.986	140.293	34650	0	0
2019.11.27	140.293	141.818	140.046	141.405	34361	0	0
2019.11.28	141.406	141.754	141.249	141.398	30965	0	0
2019.11.29	141.400	141.676	141.111	141.560	29194	0	0
2019.12.01	141.416	141.448	141.357	141.426	1741	0	0
2019.12.02	141.424	141.809	140.937	141.066	33751	0	0
2019.12.03	141.064	141.705	140.917	141.220	36001	0	0
2019.12.04	141.221	142.772	140.822	142.652	38002	0	0
2019.12.05	142.652	143.243	142.608	143.061	35341	0	0
2019.12.06	143.060	143.138	142.369	142.659	30790	0	0
2019.12.08	142.669	142.769	142.590	142.732	1985	0	0
2019.12.09	142.735	143.083	142.560	142.732	32598	0	0
2019.12.10	142.735	143.652	142.576	142.798	34884	0	0
2019.12.11	142.799	143.368	142.548	143.277	36727	0	0
2019.12.12	143.279	147.844	142.476	147.399	53144	0	0
2019.12.13	147.400	147.948	145.454	145.884	54805	0	0
2019.12.15	145.782	146.126	145.782	146.058	1974	0	0
2019.12.16	146.057	146.799	145.162	145.381	39632	0	0
2019.12.17	145.383	145.719	143.479	143.703	44098	0	0
2019.12.18	143.704	143.717	143.061	143.335	41427	0	0
2019.12.19	143.334	143.852	141.970	142.381	41239	0	0
2019.12.20	142.383	143.044	142.171	142.360	32049	0	0
2019.12.22	142.286	142.520	142.115	142.397	2019	0	0
2019.12.23	142.398	142.508	141.164	141.549	35273	0	0
2019.12.24	141.555	141.849	141.320	141.814	25051	0	0
2019.12.26	142.281	142.717	141.985	142.477	15587	0	0
2019.12.27	142.483	143.637	142.037	143.123	33438	0	0
2019.12.29	143.092	143.345	143.065	143.274	1480	0	0
2019.12.30	143.273	143.421	142.588	142.757	37159	0	0
2019.12.31	142.756	144.355	142.428	144.024	28001	0	0
2020.01.02	144.102	144.185	142.271	142.698	37694	0	0
2020.01.03	142.699	142.745	141.000	141.314	44146	0	0
2020.01.05	141.199	141.201	140.845	141.185	2196	0	0
2020.01.06	141.186	142.820	141.114	142.775	41339	0	0
2020.01.07	142.779	143.283	141.357	141.617	44263	0	0
2020.01.08	141.618	143.099	141.120	142.896	55119	0	0
2020.01.09	142.898	143.449	142.423	143.104	40574	0	0
2020.01.10	143.106	143.482	142.888	142.968	34934	0	0
2020.01.12	142.804	142.926	142.755	142.894	1832	0	0
2020.01.13	142.893	142.960	142.362	142.849	33859	0	0
2020.01.14	142.853	143.426	142.448	143.032	38421	0	0
2020.01.15	143.034	143.411	142.663	143.276	35398	0	0
2020.01.16	143.277	144.145	143.234	144.077	33295	0	0
2020.01.17	144.074	144.516	143.294	143.361	32003	0	0
2020.01.19	143.113	143.307	143.108	143.301	1592	0	0
2020.01.20	143.299	143.346	142.798	143.258	24534	0	0
2020.01.21	143.261	143.964	142.862	143.378	37237	0	0
2020.01.22	143.380	144.600	143.329	144.225	36662	0	0
2020.01.23	144.227	144.301	143.207	143.724	35595	0	0
2020.01.24	143.728	144.388	142.715	142.888	35444	0	0
2020.01.26	142.457	142.505	142.064	142.107	2398	0	0
2020.01.27	142.104	142.737	142.084	142.248	35435	0	0
2020.01.28	142.250	142.448	141.478	142.128	32554	0	0
2020.01.29	142.128	142.224	141.707	141.903	28714	0	0
2020.01.30	141.905	142.699	141.256	142.474	41176	0	0
2020.01.31	142.476	143.278	142.476	143.073	34764	0	0
2020.02.02	142.878	142.888	142.724	142.846	1739	0	0
2020.02.03	142.852	143.098	141.068	141.163	38094	0	0
2020.02.04	141.165	142.829	140.923	142.605	36638	0	0
2020.02.05	142.604	143.367	142.224	142.698	36134	0	0
2020.02.06	142.701	142.812	142.085	142.180	31543	0	0
2020.02.07	142.182	142.364	141.401	141.429	32304	0	0
2020.02.09	141.373	141.470	141.225	141.302	1862	0	0
2020.02.10	141.299	142.079	141.276	141.768	31756	0	0
2020.02.11	141.767	142.452	141.691	142.302	29755	0	0
2020.02.12	142.304	142.877	142.218	142.352	28821	0	0
2020.02.13	142.355	143.469	142.144	143.183	35249	0	0
2020.02.14	143.186	143.399	142.759	143.187	27694	0	0
2020.02.16	143.174	143.339	143.105	143.293	1486	0	0
2020.02.17	143.291	143.341	142.771	142.844	23028	0	0
2020.02.18	142.845	143.222	142.315	142.880	32395	0	0
2020.02.19	142.881	144.159	142.819	143.730	33873	0	0
2020.02.20	143.730	144.594	143.599	144.222	42329	0	0
2020.02.21	144.223	144.946	143.721	144.538	37164	0	0
2020.02.23	144.193	144.495	144.193	144.465	2693	0	0
2020.02.24	144.467	144.617	142.631	143.259	44749	0	0
2020.02.25	143.262	143.636	142.960	143.388	49673	0	0
2020.02.26	143.393	143.711	142.237	142.437	52365	0	0
2020.02.27	142.443	142.541	140.897	141.262	58538	0	0
2020.02.28	141.264	141.342	137.530	138.725	67367	0	0
2020.03.01	138.038	138.040	137.463	137.851	2778	0	0
2020.03.02	137.855	139.172	137.149	138.492	67675	0	0
2020.03.03	138.514	138.536	136.938	137.213	69448	0	0
2020.03.04	137.229	138.605	137.205	138.596	56082	0	0
2020.03.05	138.610	138.634	137.376	137.589	52022	0	0
2020.03.06	137.592	137.730	136.437	137.462	67119	0	0
2020.03.08	136.367	136.782	135.734	136.111	8921	0	0
2020.03.09	136.113	136.325	132.579	134.751	118549	0	0
2020.03.10	134.754	137.200	134.050	135.551	102643	0	0
2020.03.11	135.553	136.548	133.776	133.986	85739	0	0
2020.03.12	133.983	134.235	131.330	131.589	115594	0	0
2020.03.13	131.588	134.306	131.226	132.330	100986	0	0
2020.03.15	131.780	132.951	131.101	132.037	13206	0	0
2020.03.16	132.034	132.575	128.901	130.278	117860	0	0
2020.03.17	130.282	131.218	128.596	130.126	108863	0	0
2020.03.18	130.129	130.326	124.074	125.784	109355	0	0
2020.03.19	125.787	129.565	124.762	127.907	127442	0	0
2020.03.20	127.905	132.034	127.472	128.950	114758	0	0
2020.03.22	129.157	129.358	127.933	128.262	11652	0	0
2020.03.23	128.264	129.112	127.332	128.490	105841	0	0
2020.03.24	128.491	131.423	128.016	131.004	92882	0	0
2020.03.25	131.002	133.389	129.862	131.329	95574	0	0
2020.03.26	131.324	133.814	130.620	133.058	97266	0	0
2020.03.27	133.060	134.753	132.125	134.390	93630	0	0
2020.03.29	133.987	134.150	133.442	133.788	5681	0	0
2020.03.30	133.792	134.405	132.756	133.667	76952	0	0
2020.03.31	133.670	134.609	133.059	133.376	86528	0	0
2020.04.01	133.378	133.588	132.488	132.828	69900	0	0
2020.04.02	132.826	134.090	132.545	133.867	66178	0	0
2020.04.03	133.864	133.928	132.549	133.069	57677	0	0
2020.04.05	132.538	133.076	132.532	132.818	4583	0	0
2020.04.06	132.817	134.516	132.774	133.471	63109	0	0
2020.04.07	133.472	134.968	133.118	134.058	63941	0	0
2020.04.08	134.057	135.018	133.699	134.967	55976	0	0
2020.04.09	134.968	135.740	134.640	135.160	57847	0	0
2020.04.10	135.163	135.359	134.913	135.124	30396	0	0
2020.04.12	135.116	135.194	134.853	134.982	3416	0	0
2020.04.13	134.982	135.139	134.509	134.752	42015	0	0
2020.04.14	134.751	135.486	134.572	135.217	48606	0	0
2020.04.15	135.218	135.269	133.638	134.717	51216	0	0
2020.04.16	134.718	134.938	133.711	134.780	72245	0	0
2020.04.17	134.779	134.842	133.896	134.320	61309	0	0
2020.04.19	134.407	134.473	134.255	134.455	2392	0	0
2020.04.20	134.454	134.713	133.765	133.944	54248	0	0
2020.04.21	133.946	134.034	131.905	132.505	70377	0	0
2020.04.22	132.506	133.289	132.042	132.864	59491	0	0
2020.04.23	132.862	133.673	132.391	132.967	72971	0	0
2020.04.24	132.970	133.144	132.390	132.898	54458	0	0
2020.04.26	132.962	132.980	132.814	132.949	2185	0	0
2020.04.27	132.952	133.551	132.894	133.269	53136	0	0
2020.04.28	133.270	133.549	132.685	132.740	52053	0	0
2020.04.29	132.742	133.023	131.934	132.939	51209	0	0
2020.04.30	132.941	135.443	132.661	134.965	70006	0	0
2020.05.01	134.963	135.069	133.361	133.559	53829	0	0
2020.05.03	133.345	133.415	132.848	132.928	3428	0	0
2020.05.04	132.929	133.233	132.512	132.770	51475	0	0
2020.05.05	132.769	133.174	132.395	132.456	51786	0	0
2020.05.06	132.458	132.463	130.602	130.893	49735	0	0
2020.05.07	130.895	131.998	130.772	131.610	60663	0	0
2020.05.08	131.612	132.675	131.551	132.331	44585	0	0
2020.05.10	132.229	132.762	132.181	132.755	3307	0	0
2020.05.11	132.757	133.182	131.874	132.670	57916	0	0
2020.05.12	132.672	132.851	131.258	131.296	58509	0	0
2020.05.13	131.298	131.928	130.645	130.865	64519	0	0
2020.05.14	130.863	131.341	130.139	131.327	60185	0	0
2020.05.15	131.325	131.411	129.537	129.621	56873	0	0
2020.05.17	129.407	129.747	129.190	129.562	3597	0	0
2020.05.18	129.564	131.274	129.541	130.997	54794	0	0
2020.05.19	130.999	132.498	130.778	132.134	62336	0	0
2020.05.20	132.136	132.415	131.432	131.649	52092	0	0
2020.05.21	131.651	131.943	131.214	131.555	50795	0	0
2020.05.22	131.557	131.772	130.650	130.858	44896	0	0
2020.05.24	130.954	131.319	130.881	131.292	2507	0	0
2020.05.25	131.293	131.401	130.987	131.393	31378	0	0
2020.05.26	131.392	133.030	131.371	132.554	51449	0	0
2020.05.27	132.553	132.997	131.626	132.198	67219	0	0
2020.05.28	132.200	132.873	131.822	132.594	59378	0	0
2020.05.29	132.596	133.453	131.774	132.998	74825	0	0
2020.05.31	132.795	133.134	132.741	132.964	3616	0	0
2020.06.01	132.966	134.526	132.923	134.297	60968	0	0
2020.06.02	134.295	136.936	134.258	136.911	71056	0	0
2020.06.03	136.909	137.383	136.249	137.049	74360	0	0
2020.06.04	137.050	137.803	135.952	137.582	79239	0	0
2020.06.05	137.580	139.731	137.267	138.823	79985	0	0
2020.06.07	138.972	139.572	138.897	139.421	4050	0	0
2020.06.08	139.420	139.422	137.418	138.059	65131	0	0
2020.06.09	138.058	138.170	136.229	136.996	78612	0	0
2020.06.10	136.999	137.410	135.943	136.006	87348	0	0
2020.06.11	136.008	136.417	134.095	134.279	101560	0	0
2020.06.12	134.281	136.036	133.777	134.652	95473	0	0
2020.06.14	134.320	134.549	134.112	134.238	4975	0	0
2020.06.15	134.240	135.827	133.475	135.822	92748	0	0
2020.06.16	135.824	136.341	134.723	135.123	94283	0	0
2020.06.17	135.122	135.132	134.040	134.122	76184	0	0
2020.06.18	134.124	134.335	132.359	132.938	83033	0	0
2020.06.19	132.940	133.227	131.875	131.938	58947	0	0
2020.06.21	131.840	131.967	131.774	131.889	3438	0	0
2020.06.22	131.892	133.700	131.761	133.619	60292	0	0
2020.06.23	133.621	133.979	132.596	133.282	80386	0	0
2020.06.24	133.283	133.614	132.675	132.836	73758	0	0
2020.06.25	132.838	133.605	132.785	133.132	65270	0	0
2020.06.26	133.130	133.253	132.034	132.237	50500	0	0
2020.06.28	132.214	132.330	132.040	132.320	2322	0	0
2020.06.29	132.319	132.678	131.950	132.438	53516	0	0
2020.06.30	132.440	133.880	132.000	133.773	55879	0	0
2020.07.01	133.771	134.215	132.939	133.827	55351	0	0
2020.07.02	133.826	134.695	133.788	134.000	53303	0	0
2020.07.03	133.998	134.219	133.685	134.159	40909	0	0
2020.07.05	134.011	134.233	133.985	134.197	1821	0	0
2020.07.06	134.198	134.665	134.008	134.138	47739	0	0
2020.07.07	134.136	135.403	134.103	134.902	51789	0	0
2020.07.08	134.900	135.416	134.572	135.309	50887	0	0
2020.07.09	135.310	135.912	135.044	135.167	53562	0	0
2020.07.10	135.169	135.192	134.248	134.946	46866	0	0
2020.07.12	135.070	135.083	134.941	134.985	2337	0	0
2020.07.13	134.987	135.477	134.583	134.648	51117	0	0
2020.07.14	134.650	134.864	133.974	134.788	59477	0	0
2020.07.15	134.790	135.078	134.462	134.588	53690	0	0
2020.07.16	134.587	135.164	134.047	134.725	53976	0	0
2020.07.17	134.727	134.900	134.117	134.494	38951	0	0
2020.07.19	134.389	134.629	134.345	134.629	2498	0	0
2020.07.20	134.627	135.902	134.339	135.711	48506	0	0
2020.07.21	135.712	136.432	135.704	136.012	50985	0	0
2020.07.22	136.010	136.618	135.278	136.394	57561	0	0
2020.07.23	136.396	136.617	135.836	136.002	57007	0	0
2020.07.24	136.000	136.034	134.993	135.776	62220	0	0
2020.07.26	135.590	135.738	135.402	135.600	3873	0	0
2020.07.27	135.598	135.885	135.138	135.674	62614	0	0
2020.07.28	135.676	136.121	135.315	135.840	61393	0	0
2020.07.29	135.839	136.460	135.671	136.336	62543	0	0
2020.07.30	136.334	137.376	136.058	137.296	68250	0	0
2020.07.31	137.294	139.192	136.783	138.499	83867	0	0
2020.08.02	138.315	138.697	138.258	138.677	4436	0	0
2020.08.03	138.675	139.020	137.741	138.662	75588	0	0
2020.08.04	138.660	138.874	137.798	138.204	59015	0	0
2020.08.05	138.206	138.996	138.036	138.541	59835	0	0
2020.08.06	138.543	139.225	138.431	138.701	70884	0	0
2020.08.07	138.702	138.742	137.841	138.202	59521	0	0
2020.08.09	138.243	138.310	138.081	138.141	3794	0	0
2020.08.10	138.143	138.640	138.096	138.597	44810	0	0
2020.08.11	138.596	139.494	138.573	138.978	61100	0	0
2020.08.12	138.980	139.614	138.869	139.378	62079	0	0
2020.08.13	139.380	140.200	139.272	139.813	55258	0	0
2020.08.14	139.815	140.010	139.336	139.472	44172	0	0
2020.08.16	139.529	139.674	139.495	139.639	2528	0	0
2020.08.17	139.640	139.679	138.729	138.927	47363	0	0
2020.08.18	138.925	139.633	138.592	139.454	54114	0	0
2020.08.19	139.455	139.945	138.788	139.067	61802	0	0
2020.08.20	139.065	139.863	138.560	139.681	62509	0	0
2020.08.21	139.682	139.938	138.246	138.446	58809	0	0
2020.08.23	138.364	138.688	138.334	138.609	2453	0	0
2020.08.24	138.612	138.996	138.283	138.542	45856	0	0
2020.08.25	138.540	140.023	138.437	139.901	52309	0	0
2020.08.26	139.902	140.293	139.630	139.944	51760	0	0
2020.08.27	139.942	140.852	139.690	140.777	66659	0	0
2020.08.28	140.775	141.607	140.011	140.624	66516	0	0
2020.08.30	140.584	141.114	140.557	140.937	3620	0	0
2020.08.31	140.934	142.032	140.497	141.643	53469	0	0
2020.09.01	141.645	142.706	141.326	141.898	69039	0	0
2020.09.02	141.897	141.960	141.011	141.760	58832	0	0
2020.09.03	141.758	141.774	140.472	140.705	65297	0	0
2020.09.04	140.704	141.429	140.112	141.081	64660	0	0
2020.09.06	140.848	140.912	140.596	140.823	2825	0	0
2020.09.07	140.825	140.985	139.590	139.899	40072	0	0
2020.09.08	139.897	139.911	137.016	137.381	65460	0	0
2020.09.09	137.379	138.352	136.731	138.080	65259	0	0
2020.09.10	138.078	138.349	135.566	135.937	60424	0	0
2020.09.11	135.936	136.582	135.566	135.829	47102	0	0
2020.09.13	135.490	135.940	135.458	135.940	2170	0	0
2020.09.14	135.938	136.579	135.694	135.838	41742	0	0
2020.09.15	135.837	136.428	135.414	135.782	41852	0	0
2020.09.16	135.781	136.461	135.551	136.161	51796	0	0
2020.09.17	136.159	136.159	134.566	135.839	57432	0	0
2020.09.18	135.837	136.155	134.946	135.054	42297	0	0
2020.09.20	135.005	135.218	135.005	135.178	2083	0	0
2020.09.21	135.181	135.324	133.531	134.186	53323	0	0
2020.09.22	134.187	134.380	133.020	133.858	55253	0	0
2020.09.23	133.856	134.609	133.134	133.881	54187	0	0
2020.09.24	133.884	134.658	133.601	134.491	57370	0	0
2020.09.25	134.488	134.818	133.825	134.543	44138	0	0
2020.09.27	134.562	134.833	134.539	134.757	1834	0	0
2020.09.28	134.754	136.221	134.356	135.737	46865	0	0
2020.09.29	135.734	136.248	135.430	135.943	47970	0	0
2020.09.30	135.942	136.535	135.176	136.194	56695	0	0
2020.10.01	136.198	137.004	135.354	136.003	62426	0	0
2020.10.02	136.000	136.384	135.049	136.149	66557	0	0
2020.10.04	136.061	136.513	135.974	136.413	3222	0	0
2020.10.05	136.416	137.401	136.220	137.337	39192	0	0
2020.10.06	137.338	137.436	135.843	136.097	53659	0	0
2020.10.07	136.099	136.987	135.954	136.864	46436	0	0
2020.10.08	136.865	137.398	136.678	137.187	40261	0	0
2020.10.09	137.184	137.833	136.785	137.716	40408	0	0
2020.10.11	137.746	137.784	137.610	137.625	2217	0	0
2020.10.12	137.624	137.711	137.215	137.612	36532	0	0
2020.10.13	137.613	137.768	136.346	136.410	45013	0	0
2020.10.14	136.413	137.320	135.658	136.801	46731	0	0
2020.10.15	136.804	137.166	135.760	135.937	48431	0	0
2020.10.16	135.940	136.409	135.368	136.082	49003	0	0
2020.10.18	135.917	136.330	135.917	136.271	2251	0	0
2020.10.19	136.270	137.243	136.232	136.536	42726	0	0
2020.10.20	136.535	137.025	136.325	136.650	39513	0	0
2020.10.21	136.651	137.658	136.549	137.432	47273	0	0
2020.10.22	137.431	137.583	136.960	137.186	39946	0	0
2020.10.23	137.183	137.318	136.360	136.546	38169	0	0
2020.10.25	136.620	136.670	136.501	136.650	2633	0	0
2020.10.26	136.654	137.060	136.292	136.436	40299	0	0
2020.10.27	136.433	136.584	136.090	136.221	35856	0	0
2020.10.28	136.224	136.232	134.878	135.494	50209	0	0
2020.10.29	135.491	135.942	134.640	135.197	49886	0	0
2020.10.30	135.198	135.794	134.398	135.514	49616	0	0
2020.11.01	135.117	135.399	135.093	135.140	2100	0	0
2020.11.02	135.173	135.426	134.868	135.289	40072	0	0
2020.11.03	135.316	137.349	135.153	137.118	42121	0	0
2020.11.04	137.153	137.323	135.115	135.380	96109	0	0
2020.11.05	135.409	136.297	135.076	136.094	66325	0	0
2020.11.06	136.116	136.191	135.462	135.895	56472	0	0
2020.11.08	135.941	136.123	135.722	136.047	3041	0	0
2020.11.09	136.080	138.904	136.023	138.426	68480	0	0
2020.11.10	138.445	139.764	138.159	139.552	61780	0	0
2020.11.11	139.578	140.305	139.199	139.356	49085	0	0
2020.11.12	139.389	139.405	137.740	137.866	46688	0	0
2020.11.13	137.894	138.503	137.537	138.067	36519	0	0
2020.11.15	137.986	138.392	137.844	138.346	2338	0	0
2020.11.16	138.373	138.863	137.659	138.173	45003	0	0
2020.11.17	138.201	138.348	137.809	138.065	40170	0	0
2020.11.18	138.093	138.170	137.589	137.641	36757	0	0
2020.11.19	137.670	137.995	137.187	137.493	42203	0	0
2020.11.20	137.514	138.052	137.485	137.976	33368	0	0
2020.11.22	137.946	138.107	137.844	138.081	2540	0	0
2020.11.23	138.109	139.333	138.077	139.267	39826	0	0
2020.11.24	139.293	139.832	139.113	139.610	41999	0	0
2020.11.25	139.635	139.848	138.996	139.691	40975	0	0
2020.11.26	139.719	139.781	138.920	139.180	27898	0	0
2020.11.27	139.209	139.217	138.260	138.563	34834	0	0
2020.11.29	138.671	138.810	138.473	138.710	1828	0	0
2020.11.30	138.755	139.460	138.407	139.061	45545	0	0
2020.12.01	139.088	140.299	138.956	139.952	48119	0	0
2020.12.02	139.980	140.439	138.886	139.596	49478	0	0
2020.12.03	139.624	140.278	139.519	139.632	44895	0	0
2020.12.04	139.667	140.697	139.439	139.953	51096	0	0
2020.12.06	139.637	139.827	139.571	139.762	2985	0	0
2020.12.07	139.790	139.818	137.899	138.874	58641	0	0
2020.12.08	138.897	139.368	138.401	139.147	53450	0	0
2020.12.09	139.174	140.323	138.952	139.349	44650	0	0
2020.12.10	139.375	139.655	138.383	138.544	51688	0	0
2020.12.11	138.570	138.621	136.784	137.546	49832	0	0
2020.12.13	138.650	138.654	138.303	138.386	3688	0	0
2020.12.14	138.433	139.427	138.263	138.562	46986	0	0
2020.12.15	138.591	139.564	138.274	139.340	49915	0	0
2020.12.16	139.369	140.057	139.142	139.679	49200	0	0
2020.12.17	139.706	140.439	139.587	139.923	45689	0	0
2020.12.18	139.951	140.315	139.310	139.615	41846	0	0
2020.12.20	138.839	138.990	138.432	138.627	3313	0	0
2020.12.21	138.666	139.517	136.963	138.926	67108	0	0
2020.12.22	138.954	139.119	137.992	138.692	57085	0	0
2020.12.23	138.717	140.308	138.535	139.863	59237	0	0
2020.12.24	139.891	141.209	139.850	140.395	40550	0	0
2020.12.27	140.286	140.480	140.232	140.454	1493	0	0
2020.12.28	140.482	140.565	139.471	139.622	41038	0	0
2020.12.29	139.650	140.165	139.614	139.738	45095	0	0
2020.12.30	139.766	140.660	139.707	140.516	43661	0	0
2020.12.31	140.544	141.219	140.358	141.143	39108	0	0
2021.01.03	140.851	141.273	140.849	141.211	1885	0	0
2021.01.04	141.239	141.273	139.685	139.926	52858	0	0
2021.01.05	139.954	140.145	139.508	139.897	49313	0	0
2021.01.06	139.925	140.570	139.767	140.323	62478	0	0
2021.01.07	140.350	140.987	140.101	140.806	52740	0	0
2021.01.08	140.838	141.367	140.733	140.984	53819	0	0
2021.01.10	140.956	140.957	140.587	140.671	2415	0	0
2021.01.11	140.699	140.922	140.334	140.794	44378	0	0
2021.01.12	140.822	142.018	140.745	141.759	43185	0	0
2021.01.13	141.786	142.251	141.521	141.664	40322	0	0
2021.01.14	141.692	142.232	141.622	142.046	43498	0	0
2021.01.15	142.074	142.106	140.948	141.099	37879	0	0
2021.01.17	141.088	141.166	140.971	140.987	1619	0	0
2021.01.18	141.014	141.082	140.353	140.825	32457	0	0
2021.01.19	140.854	141.743	140.828	141.726	34906	0	0
2021.01.20	141.754	142.325	141.074	141.491	37396	0	0
2021.01.21	141.521	142.209	141.423	142.069	36242	0	0
2021.01.22	142.097	142.198	141.506	141.961	31526	0	0
2021.01.24	141.976	142.053	141.896	142.006	1973	0	0
2021.01.25	142.035	142.316	141.647	141.878	34640	0	0
2021.01.26	141.906	142.446	141.276	142.324	31923	0	0
2021.01.27	142.353	142.854	142.194	142.333	40849	0	0
2021.01.28	142.361	143.261	142.183	143.117	42347	0	0
2021.01.29	143.145	143.947	142.987	143.456	46279	0	0
2021.01.31	143.553	143.593	143.345	143.402	2388	0	0
2021.02.01	143.430	144.092	143.243	143.400	37622	0	0
2021.02.02	143.428	143.767	143.126	143.426	35081	0	0
2021.02.03	143.454	143.681	143.106	143.281	31281	0	0
2021.02.04	143.310	144.355	142.832	144.305	37008	0	0
2021.02.05	144.339	144.884	144.248	144.686	32174	0	0
2021.02.07	144.517	144.776	144.517	144.759	2764	0	0
2021.02.08	144.786	144.922	144.401	144.587	28955	0	0
2021.02.09	144.615	144.663	144.029	144.452	31602	0	0
2021.02.10	144.480	145.060	144.367	144.658	32421	0	0
2021.02.11	144.686	144.897	144.568	144.639	25644	0	0
2021.02.12	144.667	145.470	144.492	145.345	25664	0	0
2021.02.14	145.347	145.710	145.342	145.683	2394	0	0
2021.02.15	145.711	146.625	145.641	146.578	25865	0	0
2021.02.16	146.606	147.530	146.513	147.311	37308	0	0
2021.02.17	147.339	147.359	146.411	146.740	36141	0	0
2021.02.18	146.768	147.782	146.544	147.534	33326	0	0
2021.02.19	147.562	148.150	147.279	147.654	32003	0	0
2021.02.21	147.727	148.018	147.692	148.005	2525	0	0
2021.02.22	148.033	148.286	147.536	147.687	37420	0	0
2021.02.23	147.715	148.636	147.656	148.633	34485	0	0
2021.02.24	148.662	150.114	148.637	149.852	46095	0	0
2021.02.25	149.880	150.432	148.473	148.950	56708	0	0
2021.02.26	148.978	149.071	147.397	148.284	69793	0	0
2021.02.28	148.355	148.845	148.354	148.759	3740	0	0
2021.03.01	148.788	149.288	148.331	148.789	44440	0	0
2021.03.02	148.815	149.186	148.107	148.938	43983	0	0
2021.03.03	148.966	149.687	148.880	149.022	45998	0	0
2021.03.04	149.047	150.722	149.042	149.945	53566	0	0
2021.03.05	149.973	150.361	149.354	149.938	59699	0	0
2021.03.07	149.578	150.314	149.576	150.106	3040	0	0
2021.03.08	150.141	150.690	149.679	150.519	47145	0	0
2021.03.09	150.547	151.270	150.487	150.750	50158	0	0
2021.03.10	150.778	151.180	150.640	151.039	43149	0	0
2021.03.11	151.066	151.844	150.966	151.834	38866	0	0
2021.03.12	151.862	152.228	151.224	151.732	40028	0	0
2021.03.14	151.699	152.019	151.641	151.988	2242	0	0
2021.03.15	151.989	152.107	151.193	151.662	35369	0	0
2021.03.16	151.664	151.744	150.781	151.568	35851	0	0
2021.03.17	151.565	152.185	151.336	152.182	39972	0	0
2021.03.18	152.179	152.544	151.453	151.659	46919	0	0
2021.03.19	151.656	151.793	150.559	150.912	39383	0	0
2021.03.21	150.324	150.766	150.224	150.604	2866	0	0
2021.03.22	150.605	150.914	150.325	150.748	32359	0	0
2021.03.23	150.751	150.770	148.911	149.009	38056	0	0
2021.03.24	149.005	149.437	148.522	148.910	36012	0	0
2021.03.25	148.909	150.128	148.904	150.073	36182	0	0
2021.03.26	150.077	151.537	150.030	151.272	31491	0	0
2021.03.28	151.245	151.422	151.136	151.397	1968	0	0
2021.03.29	151.400	151.798	150.576	151.284	35879	0	0
2021.03.30	151.285	151.935	151.146	151.610	35599	0	0
2021.03.31	151.612	152.773	151.549	152.677	40179	0	0
2021.04.01	152.674	153.062	152.286	152.982	34130	0	0
2021.04.02	152.981	153.167	152.692	153.032	23228	0	0
2021.04.04	152.910	153.070	152.839	153.064	2322	0	0
2021.04.05	153.063	153.358	152.879	153.297	24499	0	0
2021.04.06	153.299	153.400	151.628	151.842	36853	0	0
2021.04.07	151.840	152.064	150.653	150.949	38763	0	0
2021.04.08	150.950	151.080	149.878	150.140	35548	0	0
2021.04.09	150.144	150.926	149.585	150.276	32766	0	0
2021.04.11	150.363	150.450	150.178	150.392	1727	0	0
2021.04.12	150.394	150.578	149.752	150.431	32060	0	0
2021.04.13	150.430	150.821	149.665	149.860	37718	0	0
2021.04.14	149.859	150.451	149.580	150.023	33676	0	0
2021.04.15	150.024	150.192	149.679	149.807	33834	0	0
2021.04.16	149.804	150.595	149.376	150.574	32341	0	0
2021.04.18	150.424	150.483	150.217	150.218	2230	0	0
2021.04.19	150.219	151.314	149.882	151.250	41027	0	0
2021.04.20	151.249	151.969	150.555	150.709	37193	0	0
2021.04.21	150.707	150.961	150.038	150.509	33684	0	0
2021.04.22	150.507	150.642	149.318	149.433	37188	0	0
2021.04.23	149.434	149.943	149.054	149.723	33499	0	0
2021.04.25	149.681	149.796	149.568	149.571	1580	0	0
2021.04.26	149.573	150.372	149.531	150.333	35391	0	0
2021.04.27	150.330	151.257	150.141	151.188	32898	0	0
2021.04.28	151.189	151.562	151.006	151.407	38086	0	0
2021.04.29	151.406	152.400	151.327	151.917	35977	0	0
2021.04.30	151.919	152.107	150.865	151.026	38355	0	0
2021.05.02	150.916	151.087	150.895	151.010	1162	0	0
2021.05.03	151.013	151.925	151.013	151.657	31893	0	0
2021.05.04	151.658	152.048	150.991	151.825	38769	0	0
2021.05.05	151.826	152.223	151.728	151.903	31020	0	0
2021.05.06	151.901	152.116	151.241	151.525	42580	0	0
2021.05.07	151.523	152.108	151.257	151.882	39044	0	0
2021.05.09	151.980	152.450	151.925	152.435	2556	0	0
2021.05.10	152.433	154.019	152.390	153.799	41498	0	0
2021.05.11	153.800	153.954	153.138	153.668	41882	0	0
2021.05.12	153.667	154.424	153.517	154.203	46593	0	0
2021.05.13	154.206	154.330	153.462	153.822	43618	0	0
2021.05.14	153.819	154.276	153.606	154.148	32877	0	0
2021.05.16	154.099	154.287	153.952	154.282	1562	0	0
2021.05.17	154.279	154.544	153.725	154.542	32738	0	0
2021.05.18	154.545	154.823	154.415	154.445	33899	0	0
2021.05.19	154.446	154.803	153.535	154.133	47066	0	0
2021.05.20	154.131	154.442	153.617	154.409	36429	0	0
2021.05.21	154.412	154.671	154.004	154.155	34083	0	0
2021.05.23	154.171	154.190	154.001	154.001	1393	0	0
2021.05.24	154.003	154.149	153.763	154.073	29988	0	0
2021.05.25	154.070	154.442	153.768	153.852	36494	0	0
2021.05.26	153.855	154.338	153.768	154.085	33964	0	0
2021.05.27	154.087	156.065	153.835	155.952	38584	0	0
2021.05.28	155.953	156.050	155.582	155.855	36196	0	0
2021.05.30	155.747	155.902	155.695	155.839	1214	0	0
2021.05.31	155.837	155.862	155.293	155.767	27707	0	0
2021.06.01	155.764	155.927	154.811	154.987	36517	0	0
2021.06.02	154.988	155.494	154.957	155.298	33058	0	0
2021.06.03	155.300	155.805	155.291	155.589	35734	0	0
2021.06.04	155.590	155.747	155.004	155.067	33736	0	0
2021.06.06	155.020	155.266	154.884	155.259	1970	0	0
2021.06.07	155.256	155.274	154.543	154.894	29858	0	0
2021.06.08	154.895	155.081	154.550	154.883	28897	0	0
2021.06.09	154.886	155.306	154.476	154.669	26431	0	0
2021.06.10	154.668	155.204	154.120	155.009	35179	0	0
2021.06.11	155.012	155.203	154.633	154.779	27538	0	0
2021.06.13	154.598	154.902	154.574	154.884	1634	0	0
2021.06.14	154.887	155.339	154.311	155.258	26139	0	0
2021.06.15	155.257	155.476	154.528	154.997	28248	0	0
2021.06.16	154.996	155.367	154.668	154.950	34748	0	0
2021.06.17	154.952	155.006	153.137	153.761	43324	0	0
2021.06.18	153.758	153.763	151.986	152.054	41098	0	0
2021.06.20	152.223	152.317	151.996	152.254	2288	0	0
2021.06.21	152.252	153.765	151.311	153.670	42121	0	0
2021.06.22	153.673	154.459	153.089	154.347	33772	0	0
2021.06.23	154.344	155.146	154.227	155.037	34579	0	0
2021.06.24	155.039	155.137	153.822	154.352	36874	0	0
2021.06.25	154.353	154.525	153.593	153.750	28819	0	0
2021.06.27	153.851	153.997	153.734	153.977	1736	0	0
2021.06.28	153.974	154.220	153.382	153.497	30418	0	0
2021.06.29	153.496	153.514	152.609	152.974	31649	0	0
2021.06.30	152.973	153.743	152.659	153.670	35126	0	0
2021.07.01	153.673	153.964	153.348	153.504	33862	0	0
2021.07.02	153.503	153.728	153.076	153.582	43065	0	0
2021.07.04	153.446	153.742	153.425	153.714	3850	0	0
2021.07.05	153.714	153.718	153.455	153.648	27403	0	20
2021.07.06	153.649	154.064	152.349	152.668	39320	0	20
2021.07.07	152.667	153.161	152.283	152.664	40870	0	20
2021.07.08	152.665	152.683	150.662	151.404	52712	0	20
2021.07.09	151.407	153.075	151.168	153.065	42955	0	20
2021.07.11	153.035	153.233	152.925	153.180	4176	0	0
2021.07.12	153.180	153.336	152.405	153.197	35041	0	20
2021.07.13	153.200	153.476	152.414	152.677	36981	0	20
2021.07.14	152.677	153.285	152.333	152.408	39243	0	20
2021.07.15	152.407	152.795	151.602	151.798	44348	0	20
2021.07.16	151.795	152.603	151.424	151.522	36284	0	20
2021.07.18	151.544	151.555	151.144	151.220	3977	0	0
2021.07.19	151.220	151.301	149.312	149.706	53718	0	20
2021.07.20	149.705	149.967	148.455	149.862	51191	0	20
2021.07.21	149.861	151.335	149.284	151.166	40104	0	20
2021.07.22	151.164	151.904	150.734	151.688	41418	0	20
2021.07.23	151.688	152.153	151.532	151.925	32004	0	20
2021.07.25	151.958	152.125	151.909	152.075	2511	0	0
2021.07.26	152.072	152.599	151.400	152.506	28815	0	20
2021.07.27	152.510	152.535	151.571	152.425	34132	0	20
2021.07.28	152.424	152.985	152.176	152.803	34448	0	20
2021.07.29	152.802	153.437	152.494	152.771	28337	0	20
2021.07.30	152.770	153.206	152.437	152.515	26327	0	20
2021.08.01	152.463	152.554	152.298	152.448	2113	0	0
2021.08.02	152.447	152.851	151.531	151.775	25488	0	20
2021.08.03	151.778	152.192	151.160	151.677	26013	0	20
2021.08.04	151.676	152.504	151.510	152.132	27451	0	20
2021.08.05	152.130	153.020	152.115	152.848	29427	0	20
2021.08.06	152.851	153.240	152.649	152.915	23482	0	20
2021.08.08	152.946	153.013	152.818	152.889	4228	0	0
2021.08.09	152.892	153.058	152.573	152.751	22505	0	20
2021.08.10	152.748	153.306	152.616	153.011	21250	0	20
2021.08.11	153.010	153.286	152.863	153.046	22995	0	20
2021.08.12	153.045	153.194	152.323	152.467	18890	0	20
2021.08.13	152.471	152.546	151.923	151.993	16849	0	20
2021.08.15	151.890	152.171	151.845	151.979	3598	0	0
2021.08.16	151.977	151.982	150.919	151.272	23291	0	20
2021.08.17	151.271	151.290	150.347	150.499	26760	0	20
2021.08.18	150.497	151.403	150.436	150.951	23870	0	20
2021.08.19	150.947	151.207	149.562	149.612	33825	0	20
2021.08.20	149.610	149.873	149.169	149.564	25737	0	20
2021.08.22	149.478	149.700	149.344	149.647	1298	0	0
2021.08.23	149.646	150.750	149.642	150.504	22828	0	20
2021.08.24	150.507	151.006	150.053	150.595	21363	0	20
2021.08.25	150.592	151.450	150.438	151.368	20250	0	20
2021.08.26	151.371	151.588	150.605	150.762	23496	0	20
2021.08.27	150.763	151.513	150.452	151.135	23995	0	20
2021.08.29	151.135	151.230	151.035	151.194	919	0	0
2021.08.30	151.191	151.312	150.943	151.263	14455	0	20
2021.08.31	151.264	151.583	151.057	151.346	26731	0	20
2021.09.01	151.345	151.937	151.323	151.606	23156	0	20
2021.09.02	151.608	152.191	151.344	152.117	16944	0	20
2021.09.03	152.118	152.286	151.778	151.997	23994	0	20
2021.09.05	152.111	152.166	152.012	152.125	1339	0	0
2021.09.06	152.123	152.248	151.776	151.973	14531	0	0
2021.09.07	151.969	152.212	151.493	151.970	22722	0	20
2021.09.08	151.971	152.084	151.456	151.728	23894	0	20
2021.09.09	151.731	152.161	151.397	151.900	24197	0	20
2021.09.10	151.899	152.629	151.777	152.001	20423	0	20
2021.09.12	151.980	152.116	151.927	152.105	1372	0	0
2021.09.13	152.108	152.320	151.903	152.197	20303	0	0
2021.09.14	152.199	152.842	151.318	151.487	23501	0	20
2021.09.15	151.490	151.548	150.823	151.468	24539	0	20
2021.09.16	151.469	151.563	150.867	151.353	23341	0	20
2021.09.17	151.352	151.923	150.964	150.981	22339	0	20
2021.09.19	151.063	151.106	150.851	150.978	1253	0	0
2021.09.20	150.977	151.038	149.175	149.507	31844	0	20
2021.09.21	149.504	150.129	148.946	149.070	31384	0	20
2021.09.22	149.068	149.953	148.995	149.534	35914	0	20
2021.09.23	149.531	151.475	149.523	151.374	30401	0	20
2021.09.24	151.372	151.727	150.998	151.404	25508	0	20
2021.09.26	151.203	151.441	151.181	151.397	1285	0	0
2021.09.27	151.394	152.189	151.116	152.022	28692	0	20
2021.09.28	152.020	152.563	150.533	151.020	41084	0	20
2021.09.29	151.017	151.187	149.905	150.291	38718	0	20
2021.09.30	150.292	150.942	149.800	150.123	37913	0	20
2021.10.01	150.121	150.733	149.224	150.428	42746	0	20
2021.10.03	150.315	150.627	150.166	150.547	1552	0	0
2021.10.04	150.549	151.516	150.209	150.987	39150	0	20
2021.10.05	150.984	152.041	150.725	151.907	33909	0	20
2021.10.06	151.910	152.144	150.809	151.421	42678	0	20
2021.10.07	151.418	152.081	151.025	152.068	29723	0	20
2021.10.08	152.065	152.930	151.999	152.815	32560	0	20
2021.10.10	152.694	152.928	152.686	152.864	1876	0	0
2021.10.11	152.860	154.502	152.852	154.101	30561	0	20
2021.10.12	154.098	154.819	153.678	154.143	36255	0	20
2021.10.13	154.141	154.947	154.105	154.868	33984	0	20
2021.10.14	154.864	155.734	154.825	155.582	26685	0	20
2021.10.15	155.585	157.409	155.569	157.045	30096	0	20
2021.10.17	157.002	157.354	156.990	157.323	2848	0	0
2021.10.18	157.324	157.325	156.602	156.974	31834	0	20
2021.10.19	156.975	158.052	156.873	157.978	28749	0	20
2021.10.20	157.979	158.211	157.010	158.099	29645	0	20
2021.10.21	158.097	158.162	156.773	157.005	33495	0	20
2021.10.22	157.002	157.655	155.922	156.146	36329	0	20
2021.10.24	156.083	156.434	155.990	156.421	1287	0	20
2021.10.25	156.424	156.805	156.153	156.575	31301	0	20
2021.10.26	156.577	157.764	156.506	157.174	30148	0	20
2021.10.27	157.175	157.260	155.696	156.225	38473	0	20
2021.10.28	156.226	156.769	155.911	156.768	39705	0	20
2021.10.29	156.770	157.093	155.779	156.103	37898	0	20
2021.10.31	156.046	156.321	156.007	156.299	1556	0	20
2021.11.01	156.301	156.488	155.602	155.780	32357	0	20
2021.11.02	155.776	155.832	154.656	155.172	32785	0	20
2021.11.03	155.171	156.240	154.958	156.201	31864	0	20
2021.11.04	156.199	156.213	153.115	153.759	39392	0	20
2021.11.05	153.755	153.755	152.804	153.008	37956	0	20
2021.11.07	152.836	153.108	152.807	153.050	1171	0	76
2021.11.08	153.078	153.645	152.701	153.579	29799	0	20
2021.11.09	153.608	153.627	152.733	153.072	34454	0	20
2021.11.10	153.100	153.732	152.571	152.733	40834	0	20
2021.11.11	152.763	153.004	152.346	152.383	32432	0	20
2021.11.12	152.411	152.929	152.406	152.759	29278	0	20
2021.11.14	152.826	152.981	152.760	152.885	999	0	76
2021.11.15	152.913	153.272	152.623	153.017	29099	0	20
2021.11.16	153.045	154.283	153.039	154.227	34227	0	20
2021.11.17	154.254	154.738	153.736	153.990	38474	0	20
2021.11.18	154.017	154.276	153.705	154.237	34125	0	20
2021.11.19	154.265	154.443	152.516	153.292	45966	0	20
2021.11.21	153.238	153.355	153.116	153.294	1166	0	76
2021.11.22	153.321	154.052	153.118	153.753	38286	0	20
2021.11.23	153.781	154.210	153.276	153.966	43968	0	20
2021.11.24	153.971	154.144	153.366	153.802	40118	0	20
2021.11.25	153.830	154.055	153.105	153.158	24974	0	20
2021.11.26	153.187	153.239	150.677	151.050	68586	0	20
2021.11.28	151.446	151.883	151.086	151.669	2552	0	76
2021.11.29	151.703	151.863	150.687	151.487	53273	0	20
2021.11.30	151.516	151.622	149.723	150.602	73130	0	20
2021.12.01	150.630	151.432	149.581	149.845	53072	0	20
2021.12.02	149.872	150.788	149.783	150.277	49928	0	20
2021.12.03	150.306	150.750	148.969	149.299	49090	0	20
2021.12.05	149.401	149.652	149.383	149.578	1466	0	76
2021.12.06	149.609	150.598	149.349	150.448	37198	0	20
2021.12.07	150.476	151.123	150.117	150.333	33545	0	20
2021.12.08	150.361	150.694	149.363	150.130	43514	0	20
2021.12.09	150.157	150.309	149.482	149.982	31220	0	20
2021.12.10	150.010	150.504	149.667	150.392	32477	0	20
2021.12.12	150.275	150.451	150.221	150.451	1090	0	76
2021.12.13	150.479	150.749	149.866	150.036	28546	0	20
2021.12.14	150.064	150.580	149.726	150.436	29845	0	20
2021.12.15	150.464	151.442	150.272	151.346	37772	0	20
2021.12.16	151.374	152.624	151.089	151.399	44383	0	20
2021.12.17	151.427	151.708	150.424	150.501	38840	0	20
2021.12.19	150.417	150.510	150.135	150.137	1225	0	76
2021.12.20	150.164	150.400	149.522	150.109	37267	0	20
2021.12.21	150.138	151.407	149.888	151.213	28195	0	20
2021.12.22	151.242	152.572	151.098	152.329	26177	0	20
2021.12.23	152.358	153.702	152.299	153.413	22162	0	20
2021.12.24	153.415	153.540	152.955	153.163	34909	0	40
2021.12.26	153.095	153.302	153.071	153.211	664	0	71
2021.12.27	153.239	154.456	153.160	154.261	16097	0	20
2021.12.28	154.289	154.575	153.999	154.156	17267	0	20
2021.12.29	154.185	155.128	154.051	155.109	21656	0	20
2021.12.30	155.137	155.660	154.913	155.271	21236	0	20
2021.12.31	155.300	156.009	154.992	155.746	19735	0	20
2022.01.02	155.662	155.770	155.621	155.656	672	0	76
2022.01.03	155.684	155.915	154.882	155.457	25854	0	20
2022.01.04	155.485	157.420	155.373	157.152	32011	0	20
2022.01.05	157.179	157.763	156.570	157.374	32559	0	20
2022.01.06	157.401	157.462	156.083	156.767	36284	0	20
2022.01.07	156.793	157.179	156.735	157.025	28720	0	20
2022.01.09	156.958	157.131	156.921	157.110	880	0	76
2022.01.10	157.139	157.370	155.945	156.509	31710	0	20
2022.01.11	156.538	157.303	156.413	157.194	32847	0	20
2022.01.12	157.222	157.698	156.754	157.134	30769	0	20
2022.01.13	157.162	157.453	156.306	156.455	31537	0	20
2022.01.14	156.483	156.521	155.452	156.195	40414	0	20
2022.01.16	156.117	156.285	156.066	156.258	1322	0	76
2022.01.17	156.286	156.711	156.196	156.341	22438	0	20
2022.01.18	156.356	156.874	155.472	155.762	41676	0	20
2022.01.19	155.784	156.223	155.384	155.581	36804	0	20
2022.01.20	155.609	156.056	154.823	154.958	35897	0	20
2022.01.21	154.986	155.012	153.902	154.066	42760	0	20
2022.01.23	154.028	154.210	153.970	154.204	1047	0	35
2022.01.24	154.233	154.482	152.898	153.751	46818	0	20
2022.01.25	153.779	154.005	153.112	153.833	44799	0	20
2022.01.26	153.860	154.735	153.653	154.459	40064	0	20
2022.01.27	154.487	154.711	153.817	154.389	49625	0	20
2022.01.28	154.417	154.951	154.089	154.374	42238	0	20
2022.01.30	154.388	154.517	154.355	154.446	1071	0	35
2022.01.31	154.473	155.326	154.375	154.741	35726	0	20
2022.02.01	154.768	155.200	154.483	155.137	33017	0	20
2022.02.02	155.166	155.430	154.803	155.114	30378	0	20
2022.02.03	155.143	156.496	155.043	156.285	42764	0	20
2022.02.04	156.312	156.496	155.558	155.837	40126	0	20
2022.02.06	155.973	156.083	155.876	155.897	1455	0	76
2022.02.07	155.926	156.160	155.129	155.724	31501	0	20
2022.02.08	155.752	156.711	155.724	156.548	27234	0	20
2022.02.09	156.386	156.850	156.191	156.403	22661	0	20
2022.02.10	156.430	158.059	156.264	157.207	39259	0	20
2022.02.11	157.235	157.714	155.861	156.590	46324	0	20
2022.02.13	156.329	156.827	156.288	156.803	1938	0	76
2022.02.14	156.831	156.846	155.300	156.313	50807	0	20
2022.02.15	156.341	156.818	155.962	156.546	37691	0	20
2022.02.16	156.575	157.107	156.344	156.686	33635	0	20
2022.02.17	156.711	156.986	156.053	156.346	51439	0	20
2022.02.18	156.374	157.281	156.212	156.327	36001	0	20
2022.02.20	156.326	156.326	156.046	156.215	1134	0	76
2022.02.21	156.243	156.740	155.489	155.783	30667	0	20
2022.02.22	155.799	156.503	155.569	156.364	46881	0	20
2022.02.23	156.392	156.768	155.570	155.595	31268	0	20
2022.02.24	155.623	155.879	153.363	154.474	88194	0	20
2022.02.25	154.500	155.171	154.149	154.889	51165	0	20
2022.02.27	154.025	154.576	153.922	154.523	2793	0	95
2022.02.28	154.560	154.986	153.948	154.431	55111	0	20
2022.03.01	154.460	154.683	152.655	153.111	46654	0	20
2022.03.02	153.139	154.908	152.812	154.713	51301	0	20
2022.03.03	154.741	155.216	153.860	154.139	39701	0	20
2022.03.04	154.166	154.215	151.462	152.014	52080	0	20
2022.03.06	151.958	152.055	151.550	151.836	2399	0	76
2022.03.07	151.864	152.216	151.029	151.251	63999	0	20
2022.03.08	151.278	152.001	150.959	151.545	60271	0	20
2022.03.09	151.575	152.822	151.575	152.789	44320	0	20
2022.03.10	152.817	152.991	151.874	152.193	44479	0	20
2022.03.11	152.221	153.391	152.007	152.915	45159	0	20
2022.03.13	153.017	153.450	152.850	153.369	2177	0	20
2022.03.14	153.366	154.181	153.184	153.792	39321	0	20
2022.03.15	153.795	154.682	153.225	154.320	43561	0	20
2022.03.16	154.323	156.259	154.243	156.189	48748	0	20
2022.03.17	156.187	156.701	155.457	155.906	44490	0	20
2022.03.18	155.909	157.219	155.888	157.005	32687	0	20
2022.03.20	156.925	157.092	156.866	156.942	1566	0	20
2022.03.21	156.939	157.509	156.372	157.487	30898	0	20
2022.03.22	157.483	161.014	157.462	160.960	49089	0	20
2022.03.23	160.962	161.095	159.031	159.938	44214	0	20
2022.03.24	159.941	161.487	159.580	161.428	46967	0	20
2022.03.25	161.427	161.430	159.849	160.933	52102	0	20
2022.03.27	160.842	161.181	160.773	161.060	2278	0	20
2022.03.28	161.057	164.632	160.766	161.906	89312	0	20
2022.03.29	161.909	162.611	160.253	161.204	90589	0	20
2022.03.30	161.201	161.201	159.036	160.294	79431	0	20
2022.03.31	160.296	160.878	159.436	160.034	71599	0	20
2022.04.01	160.033	161.179	160.008	160.717	52131	0	20
2022.04.03	160.621	160.828	160.551	160.699	2506	0	20
2022.04.04	160.701	161.301	160.277	161.016	41462	0	20
2022.04.05	161.013	161.961	160.495	161.697	47433	0	20
2022.04.06	161.694	162.270	161.604	161.693	51931	0	20
2022.04.07	161.692	162.321	161.397	162.174	42434	0	20
2022.04.08	162.172	162.237	161.639	162.002	39327	0	20
2022.04.10	161.649	162.164	161.647	162.087	2065	0	20
2022.04.11	162.083	163.840	161.925	163.409	50026	0	20
2022.04.12	163.406	163.621	162.790	163.064	52480	0	20
2022.04.13	163.066	164.833	162.991	164.449	51747	0	20
2022.04.14	164.453	164.930	164.026	164.817	50411	0	20
2022.04.15	164.813	165.386	164.641	165.001	43817	0	70
2022.04.17	164.980	165.388	164.896	165.311	3025	0	20
2022.04.18	165.315	165.418	164.637	165.375	32412	0	20
2022.04.19	165.373	168.331	165.268	168.308	62268	0	20
2022.04.20	168.305	168.415	166.425	167.250	75932	0	20
2022.04.21	167.247	167.904	166.969	167.279	58463	0	20
2022.04.22	167.283	167.582	164.798	165.028	67114	0	20
2022.04.24	164.913	165.285	164.835	164.977	2998	0	20
2022.04.25	164.975	165.174	162.051	162.749	80090	0	20
2022.04.26	162.752	163.591	159.572	160.098	72880	0	20
2022.04.27	160.102	161.383	160.077	161.056	67244	0	20
2022.04.28	161.058	164.246	160.887	163.016	96854	0	20
2022.04.29	163.018	163.982	162.387	163.258	73311	0	20
2022.05.01	163.253	163.861	163.253	163.407	4405	0	20
2022.05.02	163.409	163.827	162.280	162.617	58709	0	20
2022.05.03	162.614	163.408	162.349	162.632	50288	0	20
2022.05.04	162.629	163.542	161.772	163.043	78798	0	20
2022.05.05	163.046	163.165	160.461	161.104	80236	0	20
2022.05.06	161.107	161.602	160.313	161.030	78627	0	20
2022.05.08	161.053	161.269	160.957	161.137	2944	0	20
2022.05.09	161.134	162.177	160.157	160.831	68771	0	20
2022.05.10	160.827	161.512	160.034	160.440	75449	0	20
2022.05.11	160.437	161.303	158.785	158.843	75950	0	20
2022.05.12	158.845	159.046	155.596	156.947	104957	0	20
2022.05.13	156.944	158.479	156.669	158.475	67674	0	20
2022.05.15	158.382	158.751	158.209	158.617	3332	0	20
2022.05.16	158.621	159.273	157.392	158.935	64993	0	20
2022.05.17	158.934	161.844	158.861	161.608	64579	0	20
2022.05.18	161.605	161.733	157.892	157.911	62050	0	20
2022.05.19	157.914	159.909	157.877	159.337	96875	0	20
2022.05.20	159.340	160.192	158.728	159.786	75417	0	20
2022.05.22	159.573	160.088	159.529	159.903	2542	0	20
2022.05.23	159.900	161.005	159.405	160.627	64574	0	20
2022.05.24	160.625	160.846	157.986	158.942	76783	0	20
2022.05.25	158.939	160.295	158.384	160.029	71967	0	20
2022.05.26	160.026	160.820	159.013	160.360	65046	0	20
2022.05.27	160.363	160.648	159.817	160.554	52901	0	20
2022.05.29	160.367	160.795	160.268	160.661	1657	0	40
2022.05.30	160.669	161.664	160.333	161.568	37552	0	20
2022.05.31	161.570	162.352	160.936	162.304	66736	0	20
2022.06.01	162.307	163.307	161.965	162.433	60825	0	20
2022.06.02	162.434	163.458	162.107	163.433	48237	0	20
2022.06.03	163.435	164.093	163.058	163.363	42734	0	20
2022.06.05	163.445	163.559	163.268	163.268	2307	0	20
2022.06.06	163.265	165.663	162.903	165.522	51111	0	20
2022.06.07	165.525	167.251	165.281	167.185	65350	0	20
2022.06.08	167.182	168.690	166.976	168.606	67385	0	20
2022.06.09	168.603	168.718	166.686	167.885	78391	0	20
2022.06.10	167.882	167.882	165.164	165.491	78973	0	20
2022.06.12	165.473	165.806	165.323	165.473	4134	0	20
2022.06.13	165.469	166.119	162.246	162.993	97751	0	20
2022.06.14	162.989	164.308	161.335	162.471	101881	0	20
2022.06.15	162.468	163.310	161.722	163.196	126648	0	20
2022.06.16	163.193	163.843	159.997	163.530	147952	0	20
2022.06.17	163.533	166.217	162.989	164.908	140392	0	20
2022.06.19	164.899	165.560	164.840	165.433	4286	0	20
2022.06.20	165.435	165.653	164.471	165.464	66148	0	20
2022.06.21	165.461	167.815	165.339	167.174	70294	0	20
2022.06.22	167.171	167.439	165.765	166.610	84263	0	20
2022.06.23	166.608	166.889	164.651	165.282	95450	0	20
2022.06.24	165.278	166.298	164.802	165.956	70257	0	20
2022.06.26	165.691	166.236	165.658	165.879	3400	0	20
2022.06.27	165.875	166.526	165.128	166.127	65947	0	20
2022.06.28	166.125	166.928	165.706	165.806	69601	0	20
2022.06.29	165.803	166.333	165.399	165.703	78005	0	20
2022.06.30	165.700	165.819	164.806	165.130	77243	0	20
2022.07.01	165.128	165.307	161.570	163.599	85035	0	20
2022.07.03	163.641	163.967	163.339	163.347	3146	0	20
2022.07.04	163.343	164.738	163.002	164.576	47369	0	20
2022.07.05	164.574	165.271	161.582	161.978	86208	0	20
2022.07.06	161.981	162.573	160.391	162.080	99905	0	20
2022.07.07	162.079	163.626	161.580	163.490	75066	0	20
2022.07.08	163.493	163.928	161.817	163.716	90031	0	20
2022.07.10	163.524	163.952	163.522	163.786	2471	0	20
2022.07.11	163.789	164.465	163.025	163.507	73564	0	20
2022.07.12	163.504	163.544	161.828	162.400	76514	0	20
2022.07.13	162.397	164.110	162.397	163.278	89089	0	20
2022.07.14	163.280	165.183	163.151	164.554	93614	0	20
2022.07.15	164.551	164.697	163.643	164.346	71060	0	20
2022.07.17	164.376	164.537	164.207	164.427	2738	0	20
2022.07.18	164.428	166.086	164.167	165.195	58373	0	20
2022.07.19	165.198	165.972	164.716	165.854	67518	0	20
2022.07.20	165.851	166.241	165.131	165.647	63609	0	20
2022.07.21	165.649	165.978	164.404	164.424	85130	0	20
2022.07.22	164.427	165.143	162.996	163.363	79710	0	20
2022.07.24	163.360	163.581	163.246	163.404	3167	0	20
2022.07.25	163.403	165.081	162.989	164.421	62756	0	20
2022.07.26	164.424	164.961	163.470	164.839	57781	0	20
2022.07.27	164.838	166.325	164.737	165.519	66395	0	20
2022.07.28	165.515	165.696	162.858	163.599	80427	0	20
2022.07.29	163.596	163.892	161.533	162.234	89253	0	20
2022.07.31	162.107	162.493	162.022	162.279	3243	0	20
2022.08.01	162.276	162.318	161.018	161.057	78763	0	20
2022.08.02	161.054	162.338	159.414	161.922	92855	0	20
2022.08.03	161.919	163.055	161.205	162.559	83806	0	20
2022.08.04	162.556	163.938	161.108	161.237	77627	0	20
2022.08.05	161.240	163.358	161.181	162.971	71513	0	20
2022.08.07	162.944	163.159	162.799	162.894	2990	0	20
2022.08.08	162.897	163.841	162.559	162.950	54353	0	20
2022.08.09	162.954	163.664	162.619	163.199	48525	0	20
2022.08.10	163.202	163.606	161.679	162.165	92288	0	20
2022.08.11	162.161	162.450	161.260	162.199	63321	0	20
2022.08.12	162.202	162.789	161.796	161.985	56804	0	20
2022.08.14	161.854	162.049	161.598	161.662	2625	0	20
2022.08.15	161.665	161.810	160.345	160.507	52425	0	20
2022.08.16	160.505	162.736	160.085	162.401	55397	0	20
2022.08.17	162.405	163.558	162.171	162.550	62456	0	20
2022.08.18	162.552	163.236	161.679	162.020	59619	0	20
2022.08.19	162.022	162.829	161.630	161.923	56675	0	20
2022.08.21	161.811	161.997	161.682	161.944	3043	0	20
2022.08.22	161.947	162.523	161.157	161.857	57330	0	20
2022.08.23	161.860	162.300	160.799	161.760	70964	0	20
2022.08.24	161.762	161.887	160.830	161.631	56181	0	20
2022.08.25	161.634	161.984	161.315	161.436	55019	0	20
2022.08.26	161.432	162.676	161.216	161.408	65148	0	20
2022.08.28	161.434	161.582	161.347	161.488	4176	0	20
2022.08.29	161.490	162.641	161.453	162.505	58337	0	20
2022.08.30	162.507	162.579	161.494	161.769	62311	0	20
2022.08.31	161.772	161.897	160.893	161.566	64890	0	20
2022.09.01	161.563	161.844	160.959	161.751	57769	0	20
2022.09.02	161.754	162.486	161.150	161.402	61734	0	20
2022.09.04	160.909	161.276	160.717	161.231	3784	0	20
2022.09.05	161.233	162.472	160.658	162.398	45321	0	20
2022.09.06	162.401	165.173	162.249	164.778	69076	0	20
2022.09.07	164.775	166.282	164.187	166.020	78701	0	20
2022.09.08	166.017	166.251	164.883	165.745	76432	0	20
2022.09.09	165.741	166.233	164.302	165.175	73455	0	20
2022.09.11	165.260	165.797	165.176	165.650	3453	0	20
2022.09.12	165.654	167.030	165.383	166.661	59530	0	20
2022.09.13	166.657	167.647	165.979	166.154	97021	0	20
2022.09.14	166.152	166.429	164.754	164.987	78564	0	20
2022.09.15	164.985	165.726	164.111	164.140	58484	0	20
2022.09.16	164.142	164.490	162.735	163.220	60113	0	20
2022.09.18	163.175	163.406	163.101	163.225	3318	0	20
2022.09.19	163.226	163.943	162.938	163.861	43007	0	20
2022.09.20	163.858	164.430	163.132	163.412	53925	0	20
2022.09.21	163.414	163.938	162.193	162.375	88058	0	20
2022.09.22	162.379	164.428	159.116	160.228	227691	0	20
2022.09.23	160.224	160.378	155.411	155.533	101213	0	20
2022.09.25	155.176	155.615	154.659	154.908	8107	0	20
2022.09.26	154.904	157.206	148.992	155.535	260783	0	20
2022.09.27	155.538	156.359	154.342	155.215	115722	0	20
2022.09.28	155.211	157.081	152.550	156.408	166932	0	20
2022.09.29	156.405	161.736	155.607	161.338	136469	0	20
2022.09.30	161.337	162.168	159.428	161.570	127881	0	20
2022.10.02	161.610	161.893	161.103	161.234	5745	0	20
2022.10.03	161.237	163.884	160.572	163.861	112854	0	20
2022.10.04	163.857	165.545	163.423	164.717	109428	0	20
2022.10.05	164.714	165.688	162.600	164.020	111904	0	20
2022.10.06	164.023	164.441	161.085	161.886	101037	0	20
2022.10.07	161.883	162.592	160.768	161.255	102487	0	20
2022.10.09	161.131	161.202	160.796	161.060	4387	0	20
2022.10.10	161.065	161.554	160.462	161.378	79159	0	20
2022.10.11	161.382	162.658	159.726	159.947	110169	0	20
2022.10.12	159.945	163.311	159.808	162.924	137159	0	20
2022.10.13	162.926	167.276	162.315	166.477	143662	0	20
2022.10.14	166.473	167.211	165.022	166.289	128845	0	20
2022.10.16	166.702	167.153	166.434	167.086	4859	0	20
2022.10.17	167.088	170.086	166.624	169.104	96903	0	20
2022.10.18	169.103	169.804	167.611	169.239	106350	0	20
2022.10.19	169.236	169.303	167.627	167.905	90213	0	20
2022.10.20	167.900	169.721	167.417	168.512	110279	0	20
2022.10.21	168.514	169.568	164.883	166.796	260241	0	20
2022.10.23	168.079	169.734	165.473	167.346	112304	0	20
2022.10.24	167.341	169.491	167.270	168.327	137206	0	20
2022.10.25	168.330	169.933	167.833	169.562	89969	0	20
2022.10.26	169.559	170.593	169.317	170.022	100584	0	20
2022.10.27	170.024	170.064	168.711	169.165	101612	0	20
2022.10.28	169.168	171.361	168.859	171.258	92963	0	20
2022.10.30	171.095	171.385	170.989	171.384	4058	0	20
2022.10.31	171.382	172.117	170.328	170.559	69709	0	20
2022.11.01	170.555	170.943	169.478	169.943	82890	0	20
2022.11.02	169.944	170.070	168.230	168.347	131933	0	20
2022.11.03	168.343	168.343	165.088	165.753	93558	0	20
2022.11.04	165.750	166.969	165.119	166.796	96692	0	20
2022.11.06	166.279	166.540	166.020	166.358	2837	0	79
2022.11.07	166.388	169.086	166.351	168.779	80434	0	20
2022.11.08	168.806	169.071	167.301	167.807	73968	0	20
2022.11.09	167.835	168.312	165.962	166.169	90715	0	20
2022.11.10	166.197	167.418	164.369	165.680	124512	0	20
2022.11.11	165.736	166.091	163.052	164.204	113751	0	20
2022.11.13	164.384	164.908	163.970	164.665	3356	0	76
2022.11.14	164.694	165.705	163.687	164.606	90580	0	20
2022.11.15	164.633	166.200	164.423	165.049	116099	0	20
2022.11.16	165.077	166.393	164.977	165.955	89843	0	20
2022.11.17	165.989	166.515	165.188	166.499	78939	0	20
2022.11.18	166.522	167.312	166.125	166.823	68234	0	20
2022.11.20	166.912	166.932	166.599	166.681	1829	0	76
2022.11.21	166.710	168.066	166.099	168.007	66730	0	20
2022.11.22	168.034	168.294	167.342	167.855	60346	0	20
2022.11.23	167.884	169.002	167.755	168.135	65516	0	20
2022.11.24	168.134	168.283	167.156	167.829	61004	0	20
2022.11.25	167.872	168.790	167.634	168.089	72553	0	20
2022.11.27	168.111	168.132	167.892	167.972	1604	0	80
2022.11.28	167.998	168.065	165.837	165.879	78466	0	20
2022.11.29	165.873	166.664	165.523	165.723	73298	0	20
2022.11.30	165.750	167.398	165.463	165.831	87978	0	20
2022.12.01	165.862	167.216	164.510	165.641	95466	0	20
2022.12.02	165.671	165.980	164.037	165.089	86158	0	20
2022.12.04	165.074	165.331	164.883	165.330	2133	0	76
2022.12.05	165.349	166.801	165.287	166.455	69435	0	20
2022.12.06	166.512	167.487	165.959	166.046	71986	0	20
2022.12.07	166.074	167.418	165.957	166.489	73260	0	20
2022.12.08	166.516	167.335	166.280	167.132	58576	0	20
2022.12.09	167.159	168.050	166.358	167.503	67748	0	20
2022.12.11	167.382	167.479	167.243	167.258	1766	0	76
2022.12.12	167.286	169.016	167.118	168.686	56861	0	20
2022.12.13	168.714	169.271	167.091	167.469	87054	0	20
2022.12.14	167.495	168.376	166.721	168.065	93692	0	20
2022.12.15	168.092	168.832	167.617	167.898	81968	0	20
2022.12.16	167.921	167.994	165.908	165.968	72724	0	20
2022.12.18	165.225	166.052	165.225	166.025	2345	0	86
2022.12.19	166.059	166.893	165.470	166.448	68621	0	20
2022.12.20	166.476	167.013	158.592	160.706	175893	0	20
2022.12.21	160.733	161.028	159.469	159.831	76406	0	20
2022.12.22	159.858	160.236	158.793	159.278	65816	0	20
2022.12.23	159.309	160.518	159.160	160.006	61002	0	20
2022.12.25	160.056	160.191	159.929	160.054	731	0	286
2022.12.26	160.157	160.801	159.535	160.239	67994	0	48
2022.12.27	160.349	160.940	160.187	160.508	49885	0	20
2022.12.28	160.535	162.330	160.518	161.183	61712	0	20
2022.12.29	161.211	161.474	160.052	160.202	56453	0	20
2022.12.30	160.238	160.287	157.831	158.572	74421	0	20
2023.01.01	157.784	158.169	157.587	158.148	640	0	500
2023.01.02	158.285	158.456	157.166	157.527	26837	0	136
2023.01.03	157.636	157.770	155.352	157.077	85441	0	20
2023.01.04	157.109	160.168	156.502	159.421	82283	0	20
2023.01.05	159.442	160.034	158.507	158.737	82785	0	20
2023.01.06	158.766	160.015	158.752	159.746	89079	0	20
2023.01.08	159.429	159.954	159.421	159.715	2254	0	76
2023.01.09	159.743	161.226	159.302	160.467	71180	0	20
2023.01.10	160.495	160.929	160.042	160.522	70034	0	20
2023.01.11	160.548	161.203	160.195	160.337	56676	0	20
2023.01.12	160.367	160.506	157.623	157.775	98650	0	20
2023.01.13	157.802	157.929	155.640	156.374	80155	0	20
2023.01.15	156.062	156.630	156.060	156.488	2002	0	76
2023.01.16	156.519	157.070	156.167	156.451	62065	0	20
2023.01.17	156.627	158.020	156.533	157.541	74787	0	20
2023.01.18	157.569	161.524	157.484	158.690	151200	0	20
2023.01.19	158.718	159.214	157.556	159.048	67655	0	20
2023.01.20	159.076	161.283	159.038	160.635	61535	0	20
2023.01.22	160.524	160.845	160.426	160.486	1780	0	76
2023.01.23	160.515	161.797	160.357	161.624	60886	0	20
2023.01.24	161.655	161.765	159.986	160.535	58369	0	20
2023.01.25	160.564	160.922	159.498	160.383	56918	0	20
2023.01.26	160.410	161.726	160.004	161.110	62746	0	20
2023.01.27	161.141	161.269	160.407	160.924	50776	0	20
2023.01.29	160.655	160.990	160.629	160.972	1690	0	76
2023.01.30	161.000	161.412	160.203	161.112	61270	0	20
2023.01.31	161.140	161.165	159.759	160.113	54449	0	20
2023.02.01	160.139	160.664	158.905	159.275	68800	0	20
2023.02.02	159.303	159.608	157.177	157.330	76541	0	20
2023.02.03	157.359	158.743	156.724	158.126	68381	0	0
2023.02.05	159.133	159.134	158.509	159.009	2861	0	76
2023.02.06	159.039	159.942	158.716	159.456	63174	0	20
2023.02.07	159.492	159.565	157.426	157.940	69075	0	20
2023.02.08	157.968	158.827	157.607	158.560	53431	0	20
2023.02.09	158.589	159.500	158.117	159.306	59476	0	20
2023.02.10	159.334	159.624	157.529	158.432	78007	0	20
2023.02.12	158.451	158.608	158.353	158.507	1589	0	76
2023.02.13	158.535	161.186	158.413	160.772	51925	0	20
2023.02.14	160.790	162.170	160.103	161.863	70989	0	20
2023.02.15	161.892	161.969	160.779	161.145	60734	0	20
2023.02.16	161.174	161.507	160.462	160.511	57991	0	20
2023.02.17	160.538	161.639	160.490	161.534	50169	0	20
2023.02.19	161.439	161.571	161.433	161.531	1816	0	76
2023.02.20	161.557	161.718	161.162	161.688	31391	0	20
2023.02.21	161.715	163.747	161.428	163.435	59696	0	20
2023.02.22	163.465	163.554	162.350	162.522	54330	0	20
2023.02.23	162.551	162.846	161.391	161.740	46152	0	20
2023.02.24	161.742	163.112	161.204	162.958	65174	0	20
2023.02.26	163.054	163.094	162.801	162.995	1386	0	76
2023.02.27	163.022	164.425	162.598	164.401	49670	0	20
2023.02.28	164.427	166.004	163.486	164.027	53774	0	20
2023.03.01	164.054	164.501	162.861	163.759	59021	0	20
2023.03.02	163.786	163.926	163.059	163.340	57125	0	20
2023.03.03	163.368	163.636	163.092	163.546	46280	0	20
2023.03.05	163.475	163.604	163.436	163.567	2076	0	76
2023.03.06	163.595	163.781	162.977	163.500	44995	0	20
2023.03.07	163.531	163.853	162.018	162.457	57370	0	20
2023.03.08	162.485	162.974	161.706	162.568	52367	0	20
2023.03.09	162.598	162.619	161.607	162.561	47820	0	20
2023.03.10	162.588	164.229	161.945	162.484	97254	0	20
2023.03.12	162.222	163.065	161.403	162.976	31019	0	20
2023.03.13	162.980	163.041	160.041	161.927	114970	0	20
2023.03.14	161.923	164.075	161.860	163.349	88463	0	20
2023.03.15	163.344	164.134	159.203	160.367	122191	0	20
2023.03.16	160.370	162.103	158.555	161.502	112727	0	20
2023.03.17	161.499	162.181	160.112	160.576	85589	0	20
2023.03.19	160.884	161.303	160.544	161.206	5590	0	20
2023.03.20	161.209	161.727	158.958	161.271	102800	0	20
2023.03.21	161.273	162.254	160.756	161.855	61928	0	20
2023.03.22	161.854	163.329	160.787	161.061	78047	0	20
2023.03.23	161.058	161.852	159.933	160.701	83832	0	20
2023.03.24	160.705	160.732	158.258	159.868	86247	0	20
2023.03.26	159.591	160.304	159.546	160.219	3614	0	20
2023.03.27	160.222	161.839	159.756	161.373	58093	0	20
2023.03.28	161.370	161.773	160.727	161.575	56884	0	20
2023.03.29	161.574	163.677	161.538	163.169	57799	0	20
2023.03.30	163.165	165.062	162.972	164.982	55541	0	20
2023.03.31	164.978	165.463	163.620	163.739	61003	0	20
2023.04.02	164.210	164.293	163.708	163.838	4569	0	20
2023.04.03	163.833	164.894	163.421	164.339	56750	0	20
2023.04.04	164.341	166.393	164.180	164.186	59330	0	20
2023.04.05	164.183	164.666	162.770	163.132	60421	0	20
2023.04.06	163.129	164.103	162.893	163.664	46237	0	20
2023.04.07	163.644	164.300	163.567	163.996	106373	0	40
2023.04.09	163.922	164.281	163.683	164.207	2217	0	20
2023.04.10	164.203	165.509	163.984	165.382	46639	0	20
2023.04.11	165.380	166.184	165.186	166.049	43829	0	20
2023.04.12	166.050	166.592	165.382	166.243	50915	0	20
2023.04.13	166.246	166.840	165.399	165.928	47396	0	20
2023.04.14	165.931	166.222	165.406	166.044	47290	0	20
2023.04.16	166.018	166.164	165.908	166.157	1980	0	20
2023.04.17	166.156	166.624	165.688	166.363	43701	0	20
2023.04.18	166.360	167.002	166.162	166.536	43249	0	20
2023.04.19	166.533	167.964	166.483	167.416	46240	0	20
2023.04.20	167.413	167.698	166.647	166.693	44130	0	20
2023.04.21	166.689	167.003	165.507	166.873	43888	0	20
2023.04.23	166.642	166.880	166.599	166.749	1972	0	20
2023.04.24	166.746	167.715	166.538	167.584	41254	0	20
2023.04.25	167.583	167.952	165.419	165.982	51852	0	20
2023.04.26	165.981	167.005	165.644	166.411	60437	0	20
2023.04.27	166.408	167.495	166.309	167.061	54971	0	20
2023.04.28	167.058	171.160	166.457	171.119	85926	0	20
2023.04.30	171.008	171.385	171.003	171.291	2890	0	20
2023.05.01	171.288	172.086	170.987	171.707	44399	0	20
2023.05.02	171.707	172.310	169.946	170.281	63434	0	20
2023.05.03	170.284	170.373	168.878	169.110	70584	0	20
2023.05.04	169.114	169.529	168.054	168.785	81722	0	20
2023.05.05	168.781	170.611	168.668	170.282	51779	0	20
2023.05.07	170.294	170.864	170.255	170.741	2468	0	20
2023.05.08	170.738	171.062	170.174	170.373	41744	0	20
2023.05.09	170.370	170.850	169.853	170.790	46558	0	20
2023.05.10	170.788	171.169	169.098	169.300	52465	0	20
2023.05.11	169.304	169.743	167.835	168.210	59791	0	20
2023.05.12	168.207	169.126	168.185	168.924	42666	0	20
2023.05.14	168.868	169.140	168.759	169.111	1887	0	20
2023.05.15	169.107	170.613	169.035	170.370	40765	0	20
2023.05.16	170.373	170.827	169.396	170.313	43795	0	20
2023.05.17	170.311	172.001	170.106	171.755	44990	0	20
2023.05.18	171.753	172.154	171.183	172.052	48101	0	20
2023.05.19	172.050	172.495	171.241	171.651	54762	0	20
2023.05.21	171.610	171.749	171.396	171.574	1910	0	20
2023.05.22	171.577	172.573	171.175	172.407	49500	0	20
2023.05.23	172.404	172.616	171.283	172.097	54300	0	20
2023.05.24	172.096	172.758	171.225	172.301	58577	0	20
2023.05.25	172.305	172.764	171.984	172.427	55712	0	20
2023.05.26	172.429	173.726	172.200	173.551	43139	0	20
2023.05.28	173.416	173.947	173.323	173.918	2670	0	20
2023.05.29	173.913	173.927	172.941	173.440	22757	0	20
2023.05.30	173.436	174.265	172.985	173.509	52548	0	20
2023.05.31	173.508	173.641	172.499	173.151	55198	0	20
2023.06.01	173.154	174.157	173.018	173.785	46894	0	20
2023.06.02	173.781	174.668	173.742	174.217	39121	0	20
2023.06.04	174.178	174.293	174.104	174.278	2200	0	25
2023.06.05	174.280	174.326	172.846	173.314	39662	0	20
2023.06.06	173.318	173.766	172.671	173.409	38082	0	20
2023.06.07	173.408	174.423	172.661	174.107	40070	0	20
2023.06.08	174.104	174.506	173.898	174.402	38672	0	20
2023.06.09	174.406	175.532	174.389	175.264	35732	0	24
2023.06.11	175.112	175.344	175.091	175.319	2997	0	25
2023.06.12	175.317	175.735	174.344	174.520	47699	0	24
2023.06.13	174.519	176.837	174.448	176.673	56748	0	20
2023.06.14	176.672	177.414	176.435	177.337	55487	0	24
2023.06.15	177.339	179.388	177.330	179.320	62422	0	25
2023.06.16	179.319	182.032	178.819	181.856	63645	0	20
2023.06.18	181.658	182.118	181.636	182.017	3380	0	25
2023.06.19	182.017	182.086	181.201	181.525	41788	0	25
2023.06.20	181.529	182.083	179.916	180.416	60090	0	25
2023.06.21	180.413	181.566	179.913	180.931	64829	0	25
2023.06.22	180.931	182.548	180.701	182.307	63424	0	25
2023.06.23	182.303	182.917	181.249	182.741	63321	0	25
2023.06.25	182.381	182.726	182.351	182.701	4019	0	25
2023.06.26	182.702	182.974	181.681	182.342	59887	0	25
2023.06.27	182.342	183.754	182.230	183.370	58556	0	25
2023.06.28	183.367	183.588	182.140	182.526	60501	0	25
2023.06.29	182.527	182.872	182.207	182.625	57415	0	25
2023.06.30	182.624	183.866	182.175	183.200	56958	0	25
2023.07.02	183.253	183.334	183.070	183.284	2830	0	25
2023.07.03	183.284	183.750	183.091	183.515	51042	0	25
2023.07.04	183.518	183.900	183.224	183.637	36573	0	25
2023.07.05	183.641	183.980	183.146	183.563	49241	0	25
2023.07.06	183.567	183.999	182.485	183.443	63616	0	25
2023.07.07	183.443	183.543	182.011	182.413	59369	0	25
2023.07.09	182.332	182.598	182.325	182.558	3583	0	25
2023.07.10	182.554	183.211	181.091	181.769	55864	0	25
2023.07.11	181.773	181.982	180.753	181.222	57831	0	25
2023.07.12	181.218	181.265	179.464	179.756	65426	0	25
2023.07.13	179.752	181.454	179.487	181.252	62362	0	20
2023.07.14	181.248	182.285	180.177	181.684	60105	0	25
2023.07.16	181.625	181.730	181.492	181.524	3171	0	25
2023.07.17	181.523	182.137	180.568	181.326	50235	0	25
2023.07.18	181.322	181.835	180.357	181.189	62291	0	25
2023.07.19	181.185	181.629	179.815	180.604	63630	0	25
2023.07.20	180.605	180.706	179.734	180.019	56129	0	25
2023.07.21	180.015	182.518	179.908	182.256	61132	0	25
2023.07.23	182.023	182.195	181.969	182.178	2799	0	25
2023.07.24	182.174	182.332	180.756	181.334	58671	0	25
2023.07.25	181.334	182.003	181.145	181.676	53140	0	25
2023.07.26	181.674	181.934	180.906	181.448	58614	0	25
2023.07.27	181.448	181.916	177.409	177.652	81760	0	24
2023.07.28	177.655	181.482	176.294	181.376	129928	0	25
2023.07.30	181.109	181.259	180.868	180.911	4596	0	25
2023.07.31	180.908	183.182	180.868	182.619	66129	0	25
2023.08.01	182.618	183.244	182.487	182.906	62943	0	25
2023.08.02	182.910	183.125	181.748	182.328	67138	0	25
2023.08.03	182.327	182.756	180.419	181.323	78233	0	25
2023.08.04	181.323	181.733	180.629	180.698	60514	0	25
2023.08.06	180.582	180.967	180.545	180.857	3909	0	25
2023.08.07	180.855	182.203	180.574	182.166	50362	0	25
2023.08.08	182.173	182.947	181.377	182.558	57287	0	25
2023.08.09	182.554	183.007	182.362	182.798	48191	0	25
2023.08.10	182.792	184.234	182.691	183.521	59344	0	25
2023.08.11	183.521	184.233	183.439	184.013	48386	0	25
2023.08.13	183.926	184.076	183.793	183.868	3123	0	25
2023.08.14	183.868	184.727	183.456	184.486	54338	0	25
2023.08.15	184.485	185.318	184.338	184.930	56722	0	25
2023.08.16	184.934	186.319	184.688	186.243	52428	0	25
2023.08.17	186.240	186.459	185.560	185.733	54185	0	25
2023.08.18	185.728	185.880	184.539	185.112	54366	0	25
2023.08.20	184.963	185.164	184.943	185.157	2855	0	25
2023.08.21	185.155	186.650	184.882	186.597	48653	0	25
2023.08.22	186.602	186.750	185.501	185.590	48883	0	25
2023.08.23	185.584	185.934	183.366	184.002	60462	0	25
2023.08.24	184.002	184.759	183.576	183.880	52087	0	25
2023.08.25	183.879	184.396	183.328	184.136	52063	0	25
2023.08.27	184.151	184.511	184.082	184.481	3186	0	25
2023.08.28	184.480	184.722	184.171	184.694	42502	0	25
2023.08.29	184.692	185.254	184.061	184.451	53097	0	25
2023.08.30	184.451	186.055	184.390	185.684	53849	0	25
2023.08.31	185.680	185.802	184.072	184.339	53576	0	25
2023.09.01	184.338	184.542	183.532	184.055	48342	0	25
2023.09.03	183.973	184.046	183.836	183.905	2413	0	25
2023.09.04	183.905	185.073	183.868	184.962	31086	0	25
2023.09.05	184.962	185.771	184.065	185.345	49202	0	25
2023.09.06	185.345	185.594	184.196	184.610	51153	0	25
2023.09.07	184.612	184.760	183.367	183.795	47924	0	25
2023.09.08	183.791	184.454	183.018	184.212	47894	0	25
2023.09.10	183.372	183.777	182.980	183.729	4780	0	25
2023.09.11	183.729	183.897	182.667	183.446	58434	0	25
2023.09.12	183.448	183.895	182.939	183.811	47851	0	25
2023.09.13	183.809	184.379	183.180	184.000	55225	0	25
2023.09.14	184.005	184.059	182.507	182.858	50806	0	25
2023.09.15	182.856	183.901	182.765	183.044	45359	0	25
2023.09.17	182.928	183.313	182.866	183.299	2401	0	25
2023.09.18	183.301	183.334	182.640	182.782	38291	0	25
2023.09.19	182.782	183.478	182.711	183.110	39974	0	25
2023.09.20	183.109	183.337	182.423	182.825	52535	0	25
2023.09.21	182.823	182.938	180.796	181.492	54986	0	25
2023.09.22	181.496	182.296	181.199	181.562	52293	0	25
2023.09.24	181.590	181.721	181.399	181.692	3784	0	25
2023.09.25	181.691	181.947	181.401	181.744	41835	0	25
2023.09.26	181.744	181.802	180.962	181.030	45584	0	25
2023.09.27	181.036	181.667	180.878	181.407	48585	0	25
2023.09.28	181.410	182.414	181.049	182.246	48869	0	25
2023.09.29	182.241	183.012	181.882	182.213	53188	0	25
2023.10.01	182.243	182.392	181.976	182.312	3922	0	25
2023.10.02	182.312	182.807	180.943	181.176	45837	0	25
2023.10.03	181.179	181.363	178.056	180.163	75515	0	25
2023.10.04	180.163	181.248	179.557	180.793	56195	0	25
2023.10.05	180.796	181.058	180.283	180.937	53756	0	25
2023.10.06	180.937	182.969	180.835	182.654	55276	0	25
2023.10.08	181.832	182.292	181.726	182.246	4568	0	25
2023.10.09	182.243	182.305	181.247	181.690	46926	0	25
2023.10.10	181.691	182.777	181.536	182.644	56519	0	25
2023.10.11	182.644	183.737	182.478	183.532	51573	0	25
2023.10.12	183.531	183.807	182.244	182.470	50333	0	25
2023.10.13	182.470	182.935	181.261	181.582	47102	0	25
2023.10.15	181.243	181.808	181.243	181.776	3748	0	25
2023.10.16	181.776	182.728	181.521	182.653	43709	0	25
2023.10.17	182.651	182.793	181.024	182.375	50948	0	25
2023.10.18	182.373	182.800	181.748	181.828	48786	0	25
2023.10.19	181.832	182.510	181.165	181.784	53835	0	25
2023.10.20	181.784	182.361	181.289	182.269	46360	0	25
2023.10.22	182.149	182.313	182.043	182.300	2219	0	25
2023.10.23	182.296	183.462	182.076	183.453	43779	0	25
2023.10.24	183.450	183.742	182.042	182.248	47294	0	25
2023.10.25	182.249	182.442	181.533	181.641	42880	0	25
2023.10.26	181.644	182.571	181.167	182.479	50800	0	25
2023.10.27	182.475	182.494	181.034	181.365	43768	0	25
2023.10.29	181.161	181.403	181.133	181.364	2627	0	25
2023.10.30	181.364	181.867	180.758	181.348	45114	0	25
2023.10.31	181.348	184.358	181.320	183.853	61777	0	25
2023.11.01	183.853	183.994	182.935	183.410	53940	0	25
2023.11.02	183.414	183.702	182.728	183.434	49313	0	25
2023.11.03	183.434	185.007	183.220	184.909	43574	0	25
2023.11.05	184.702	184.939	184.633	184.846	1522	0	85
2023.11.06	184.896	185.952	184.860	185.079	41403	0	25
2023.11.07	185.130	185.451	184.639	184.792	43202	0	25
2023.11.08	184.843	185.662	184.539	185.270	44297	0	25
2023.11.09	185.318	185.882	184.714	184.838	50256	0	25
2023.11.10	184.881	185.334	184.629	185.235	42666	0	25
2023.11.12	185.082	185.229	184.915	185.142	1866	0	128
2023.11.13	185.218	186.292	185.202	186.137	41066	0	25
2023.11.14	186.210	188.272	186.079	187.940	49265	0	25
2023.11.15	187.996	188.228	187.182	187.754	50986	0	25
2023.11.16	187.816	187.904	186.816	187.027	46670	0	25
2023.11.17	187.079	187.138	185.313	186.441	48658	0	25
2023.11.19	186.196	186.705	186.167	186.659	2398	0	90
2023.11.20	186.737	186.776	184.618	185.543	55377	0	25
2023.11.21	185.595	186.083	184.448	185.767	61422	0	24
2023.11.22	185.823	187.012	185.731	186.607	55822	0	24
2023.11.23	186.656	187.601	186.279	187.428	40684	0	24
2023.11.24	187.520	188.651	187.091	188.233	41203	0	24
2023.11.26	188.257	188.413	188.086	188.378	1736	0	76
2023.11.27	188.449	188.513	187.329	187.471	56381	0	24
2023.11.28	187.515	187.872	186.767	186.918	60531	0	24
2023.11.29	186.953	187.532	186.384	186.649	68532	0	24
2023.11.30	186.686	187.555	186.221	186.887	70040	0	25
2023.12.01	186.934	187.507	186.181	186.577	62868	0	24
2023.12.03	186.369	186.496	185.958	185.981	3431	0	113
2023.12.04	186.041	186.323	185.068	186.011	63249	0	24
2023.12.05	186.082	186.177	185.054	185.325	60287	0	24
2023.12.06	185.363	185.801	184.568	184.786	54780	0	24
2023.12.07	184.822	184.822	178.578	181.474	107710	0	24
2023.12.08	181.548	182.027	179.543	181.882	93284	0	24
2023.12.10	181.684	181.977	181.565	181.947	2829	0	150
2023.12.11	182.012	184.321	181.921	183.283	66580	0	24
2023.12.12	183.335	183.439	182.266	182.563	66057	0	24
2023.12.13	182.616	183.139	179.453	180.171	77740	0	24
2023.12.14	180.214	181.664	178.334	181.597	102608	0	24
2023.12.15	181.685	181.721	179.803	180.235	75354	0	24
2023.12.17	180.076	180.295	179.894	180.293	2417	0	132
2023.12.18	180.344	181.166	180.173	180.466	61492	0	24
2023.12.19	180.533	184.172	180.032	183.146	100706	0	24
2023.12.20	183.203	183.332	180.919	181.351	69984	0	24
2023.12.21	181.390	181.405	179.775	180.086	70486	0	24
2023.12.22	180.123	181.320	179.940	180.777	63819	0	24
2023.12.25	179.398	181.790	178.858	180.393	2132	0	500
2023.12.26	180.590	181.275	180.396	181.200	38882	0	75
2023.12.27	181.311	182.152	180.881	180.973	50019	0	24
2023.12.28	181.038	181.392	178.991	180.041	67615	0	24
2023.12.29	180.110	180.524	179.298	179.519	63055	0	24
2024.01.01	179.084	179.388	179.032	179.378	2044	0	500
2024.01.02	179.505	180.637	178.727	179.403	61156	0	24
2024.01.03	179.457	181.743	179.166	181.161	67092	0	24
2024.01.04	181.218	183.771	181.004	183.525	65626	0	24
2024.01.05	183.583	184.298	183.391	183.926	71041	0	24
2024.01.07	183.737	184.150	183.682	183.978	2383	0	98
2024.01.08	184.036	184.135	183.011	183.687	60274	0	25
2024.01.09	183.752	183.822	182.748	183.524	62724	0	24
2024.01.10	183.580	185.749	183.565	185.661	57198	0	24
2024.01.11	185.710	186.154	184.989	185.358	72655	0	24
2024.01.12	185.411	185.650	184.467	184.774	66065	0	25
2024.01.14	184.627	184.824	184.559	184.790	1754	0	132
2024.01.15	184.849	185.745	184.692	185.324	44997	0	24
2024.01.16	185.376	186.176	184.976	186.025	67758	0	24
2024.01.17	186.080	188.116	185.866	187.721	68513	0	24
2024.01.18	187.787	188.246	187.310	188.213	64290	0	24
2024.01.19	188.271	188.918	187.400	188.199	58225	0	24
2024.01.21	188.070	188.285	187.953	188.026	2590	0	131
2024.01.22	188.098	188.384	187.755	188.143	55927	0	24
2024.01.23	188.225	188.915	187.339	188.070	72546	0	24
2024.01.24	188.133	188.463	187.116	187.633	64612	0	24
2024.01.25	187.692	188.185	187.150	187.639	60804	0	24
2024.01.26	187.685	188.553	187.327	188.143	51904	0	24
2024.01.28	187.946	188.076	187.817	188.071	2590	0	109
2024.01.29	188.135	188.282	187.104	187.438	51353	0	24
2024.01.30	187.483	187.499	186.509	186.970	53150	0	25
2024.01.31	187.033	187.605	185.950	186.320	74637	0	24
2024.02.01	186.389	186.664	185.225	186.610	72457	0	24
2024.02.02	186.671	187.722	186.432	187.420	59714	0	24
2024.02.04	187.369	187.526	187.220	187.348	2894	0	115
2024.02.05	187.435	187.593	186.159	186.270	55207	0	25
2024.02.06	186.328	186.774	186.118	186.227	55836	0	24
2024.02.07	186.294	187.255	186.255	186.910	53510	0	24
2024.02.08	186.975	188.475	186.862	188.303	55657	0	24
2024.02.09	188.368	188.850	188.223	188.513	48279	0	24
2024.02.11	188.372	188.492	188.229	188.434	2632	0	76
2024.02.12	188.502	188.711	187.849	188.584	46556	0	24
2024.02.13	188.644	190.073	188.434	189.696	56567	0	24
2024.02.14	189.754	189.823	188.743	189.152	56820	0	24
2024.02.15	189.204	189.204	187.987	188.843	53986	0	24
2024.02.16	188.915	189.504	188.853	189.246	51692	0	24
2024.02.18	189.207	189.260	189.028	189.249	2772	0	85
2024.02.19	189.337	189.379	188.897	189.073	38543	0	24
2024.02.20	189.146	189.714	189.066	189.308	51929	0	24
2024.02.21	189.324	189.987	189.142	189.923	50241	0	24
2024.02.22	189.996	190.822	189.843	190.447	54284	0	24
2024.02.23	190.515	191.133	190.396	190.724	44247	0	24
2024.02.25	190.608	190.691	190.492	190.637	2521	0	84
2024.02.26	190.678	191.309	190.331	190.922	46274	0	24
2024.02.27	190.981	190.981	190.365	190.765	46678	0	24
2024.02.28	190.844	190.926	190.255	190.658	48638	0	24
2024.02.29	190.746	190.746	189.032	189.439	61067	0	24
2024.03.01	189.478	190.389	189.465	189.923	50496	0	25
2024.03.03	189.834	190.039	189.711	189.997	2358	0	108
2024.03.04	190.055	191.181	189.772	190.865	43910	0	25
2024.03.05	190.907	191.029	190.284	190.526	47981	0	24
2024.03.06	190.617	190.679	189.847	190.022	52344	0	24
2024.03.07	190.096	190.096	188.226	189.382	62392	0	24
2024.03.08	189.451	189.711	188.381	189.087	64614	0	24
2024.03.10	188.968	189.113	188.584	188.713	4376	0	25
2024.03.11	188.709	188.980	187.949	188.095	52893	0	24
2024.03.12	188.078	189.196	187.973	188.902	58775	0	24
2024.03.13	188.863	189.540	188.407	188.981	51164	0	24
2024.03.14	188.922	189.504	188.590	188.996	51904	0	24
2024.03.15	189.001	190.017	188.580	189.786	45233	0	24
2024.03.17	189.698	189.842	189.569	189.631	3110	0	25
2024.03.18	189.623	190.145	189.522	189.819	42132	0	24
2024.03.19	189.806	192.156	189.625	192.090	61472	0	24
2024.03.20	192.053	193.507	192.031	192.913	56844	0	24
2024.03.21	192.907	193.495	191.698	191.975	58913	0	24
2024.03.22	191.963	192.224	190.381	190.777	47383	0	24
2024.03.24	190.602	190.746	190.332	190.619	3617	0	25
2024.03.25	190.605	191.553	190.433	191.289	39064	0	24
2024.03.26	191.279	191.670	191.084	191.221	37599	0	24
2024.03.27	191.204	191.521	190.494	190.822	46903	0	24
2024.03.28	190.822	191.317	190.558	191.117	41960	0	24
2024.03.29	191.110	191.198	190.532	190.845	26174	0	25
2024.03.31	191.033	191.342	190.880	191.329	4087	0	25
2024.04.01	191.325	191.332	190.151	190.170	33296	0	24
2024.04.02	190.182	190.709	190.032	190.584	36213	0	24
2024.04.03	190.571	191.919	190.410	191.761	38660	0	24
2024.04.04	191.755	192.241	191.011	191.217	38404	0	24
2024.04.05	191.210	191.609	190.666	191.596	42659	0	25
2024.04.07	191.380	191.529	191.311	191.487	3734	0	25
2024.04.08	191.471	192.215	191.365	192.172	39307	0	24
2024.04.09	192.172	192.847	192.077	192.401	37141	0	24
2024.04.10	192.397	192.930	191.461	191.757	53807	0	24
2024.04.11	191.740	192.572	191.552	192.334	50158	0	24
2024.04.12	192.322	192.392	189.984	190.755	48986	0	24
2024.04.14	190.484	191.051	190.320	191.011	4604	0	25
2024.04.15	191.004	192.707	190.886	191.942	56897	0	24
2024.04.16	191.930	192.806	191.633	192.289	58077	0	24
2024.04.17	192.291	192.833	191.673	192.206	52352	0	24
2024.04.18	192.183	192.766	191.894	192.254	47455	0	24
2024.04.19	192.253	192.716	190.293	191.265	62775	0	24
2024.04.21	191.167	191.391	190.991	191.361	4059	0	25
2024.04.22	191.357	191.691	190.312	191.177	41164	0	24
2024.04.23	191.182	192.836	190.825	192.719	46808	0	24
2024.04.24	192.721	193.614	192.402	193.440	42756	0	24
2024.04.25	193.441	194.941	193.441	194.628	51748	0	24
2024.04.26	194.628	197.884	193.958	197.812	71321	0	24
2024.04.28	197.032	197.922	197.008	197.888	4592	0	25
2024.04.29	197.890	200.572	193.601	196.293	188275	0	24
2024.04.30	196.283	197.360	196.051	196.974	51283	0	42
2024.05.01	196.972	197.413	191.520	195.209	56936	0	42
2024.05.02	195.205	195.739	191.678	192.000	67170	0	42
2024.05.03	192.003	192.515	191.338	191.819	49478	0	74
2024.05.05	191.734	192.712	191.518	192.657	3649	0	75
2024.05.06	192.657	193.761	192.415	193.704	43230	0	25
2024.05.07	193.706	194.122	192.980	193.484	51680	0	24
2024.05.08	193.485	194.502	193.351	194.108	48467	0	24
2024.05.09	194.111	194.849	193.830	194.615	50696	0	24
2024.05.10	194.617	195.333	194.592	195.084	41907	0	24
2024.05.12	194.867	195.156	194.793	195.122	2631	0	25
2024.05.13	195.121	196.268	194.733	196.213	40719	0	24
2024.05.14	196.214	197.048	195.713	196.957	41947	0	24
2024.05.15	196.954	197.083	195.667	195.774	54983	0	24
2024.05.16	195.770	196.945	195.039	196.904	55565	0	24
2024.05.17	196.904	197.848	196.782	197.659	39965	0	24
2024.05.19	197.486	197.981	197.388	197.902	2700	0	25
2024.05.20	197.906	198.779	197.381	198.771	39944	0	24
2024.05.21	198.771	198.902	198.259	198.603	42951	0	24
2024.05.22	198.607	199.529	198.519	199.366	45676	0	24
2024.05.23	199.366	199.885	199.011	199.234	51931	0	25
2024.05.24	199.228	200.052	199.042	199.900	37835	0	25
2024.05.26	199.805	199.910	199.667	199.750	3029	0	25
2024.05.27	199.749	200.425	199.603	200.306	28541	0	24
2024.05.28	200.307	200.671	200.140	200.634	41413	0	24
2024.05.29	200.633	200.738	199.968	200.146	45138	0	24
2024.05.30	200.147	200.147	198.741	199.820	51624	0	24
2024.05.31	199.818	200.480	199.233	200.364	51103	0	24
2024.06.02	200.200	200.445	200.090	200.308	3231	0	25
2024.06.03	200.309	200.636	199.209	199.940	50726	0	24
2024.06.04	199.939	200.407	197.192	198.111	62139	0	24
2024.06.05	198.105	199.742	198.086	199.459	52663	0	24
2024.06.06	199.461	199.930	198.820	199.141	52225	0	24
2024.06.07	199.140	199.804	198.385	199.362	54068	0	24
2024.06.09	199.368	199.703	199.196	199.602	3981	0	25
2024.06.10	199.598	200.040	198.926	199.839	47178	0	24
2024.06.11	199.839	200.390	199.674	200.149	45486	0	24
2024.06.12	200.144	200.937	199.932	200.635	57675	0	24
2024.06.13	200.632	201.301	199.679	200.378	50836	0	24
2024.06.14	200.378	201.607	198.913	199.654	70221	0	24
2024.06.16	199.576	199.910	199.425	199.831	3845	0	25
2024.06.17	199.830	200.492	199.056	200.481	44534	0	25
2024.06.18	200.479	200.832	200.010	200.581	46424	0	25
2024.06.19	200.585	201.108	200.403	200.908	31712	0	24
2024.06.20	200.909	201.384	200.805	201.200	42664	0	25
2024.06.21	201.199	202.053	200.457	202.016	41959	0	24
2024.06.23	201.874	202.088	201.654	202.068	3302	0	25
2024.06.24	202.069	202.694	201.119	202.518	47306	0	24
2024.06.25	202.518	202.716	201.954	202.552	41723	0	24
2024.06.26	202.553	203.143	202.418	202.717	48365	0	24
2024.06.27	202.722	203.378	202.499	203.186	43899	0	25
2024.06.28	203.186	203.583	202.559	203.426	50825	0	24
2024.06.30	203.363	203.547	203.184	203.538	3364	0	25
2024.07.01	203.538	204.729	203.369	204.221	46028	0	25
2024.07.02	204.221	204.942	203.874	204.878	40494	0	24
2024.07.03	204.881	206.158	204.838	205.974	40961	0	24
2024.07.04	205.974	206.001	205.279	205.800	34065	0	24
2024.07.05	205.806	206.433	204.980	206.033	47532	0	24
2024.07.07	205.637	205.940	205.579	205.710	3483	0	25
2024.07.08	205.709	206.653	205.287	206.132	43856	0	24
2024.07.09	206.134	206.577	205.853	206.302	41152	0	24
2024.07.10	206.302	207.811	206.285	207.701	35809	0	24
2024.07.11	207.696	208.105	203.831	204.565	122013	0	24
2024.07.12	204.559	206.326	204.159	205.063	82425	0	24
2024.07.14	204.947	205.393	204.751	205.251	5048	0	25
2024.07.15	205.247	205.304	204.140	205.099	50573	0	24
2024.07.16	205.094	205.782	205.017	205.507	46450	0	24
2024.07.17	205.507	205.676	202.095	202.492	73504	0	24
2024.07.18	202.487	203.855	202.221	203.522	64483	0	24
2024.07.19	203.516	204.215	202.939	203.303	51257	0	24
2024.07.21	203.194	203.587	203.129	203.581	4168	0	25
2024.07.22	203.577	203.601	201.875	202.879	53608	0	24
2024.07.23	202.879	202.910	200.650	200.935	54743	0	24
2024.07.24	200.941	201.167	197.759	198.513	75678	0	24
2024.07.25	198.509	198.796	195.857	197.577	97800	0	24
2024.07.26	197.571	199.128	196.878	197.831	67939	0	24
2024.07.28	197.659	198.447	197.645	198.322	4866	0	25
2024.07.29	198.323	198.601	196.772	197.817	67025	0	24
2024.07.30	197.813	199.461	195.559	195.970	77302	0	24
2024.07.31	195.968	197.599	192.157	192.509	134214	0	24
2024.08.01	192.514	193.244	189.573	189.905	111792	0	24
2024.08.02	189.900	190.504	187.370	187.582	108524	0	24
2024.08.04	187.517	187.586	185.735	186.174	11611	0	25
2024.08.05	186.168	186.534	180.086	186.438	216869	0	24
2024.08.06	186.437	187.094	182.794	183.580	158890	0	24
2024.08.07	183.585	188.078	183.380	185.514	146519	0	24
2024.08.08	185.520	188.418	184.474	188.237	124403	0	24
2024.08.09	188.231	188.292	186.471	187.011	78683	0	24
2024.08.11	187.006	187.598	186.963	187.496	5144	0	25
2024.08.12	187.496	189.325	187.142	187.746	64645	0	24
2024.08.13	187.751	189.511	187.647	189.042	68597	0	24
2024.08.14	189.044	189.426	187.861	188.865	64171	0	24
2024.08.15	188.870	191.999	188.746	191.888	50975	0	24
2024.08.16	191.892	191.998	190.368	191.042	47750	0	24
2024.08.18	190.885	191.600	190.828	191.545	2857	0	24
2024.08.19	191.552	191.616	188.233	190.563	67051	0	24
2024.08.20	190.566	191.264	188.852	189.405	66814	0	24
2024.08.21	189.401	192.298	188.955	189.972	74428	0	24
2024.08.22	189.968	191.937	189.677	191.450	59547	0	24
2024.08.23	191.452	192.021	190.265	190.770	64563	0	24
2024.08.25	190.459	190.616	189.603	190.171	7138	0	22
2024.08.26	190.175	190.782	189.492	190.623	59143	0	22
2024.08.27	190.625	191.911	190.418	190.816	53400	0	22
2024.08.28	190.817	191.444	190.240	190.546	52665	0	22
2024.08.29	190.548	191.538	190.313	190.744	60644	0	22
2024.08.30	190.745	191.995	190.483	191.875	56530	0	22
2024.09.01	191.732	192.495	191.602	192.219	4275	0	22
2024.09.02	192.219	193.476	191.322	192.825	43871	0	22
2024.09.03	192.828	193.354	190.257	190.604	76383	0	22
2024.09.04	190.609	190.845	188.231	188.393	81248	0	22
2024.09.05	188.386	189.771	188.056	188.924	77978	0	22
2024.09.06	188.918	189.485	186.509	186.833	101933	0	22
2024.09.08	186.700	187.160	186.326	187.105	6454	0	22
2024.09.09	187.101	188.117	186.540	187.142	72045	0	22
2024.09.10	187.141	188.093	185.717	186.022	68466	0	22
2024.09.11	186.026	186.191	183.709	185.964	92349	0	22
2024.09.12	185.968	186.731	185.281	185.834	83090	0	22
2024.09.13	185.839	185.937	184.358	184.781	77484	0	22
2024.09.15	184.673	185.021	184.297	185.002	4354	0	22
2024.09.16	184.998	186.514	183.767	185.988	72856	0	22
2024.09.17	185.982	187.431	185.281	186.980	78650	0	22
2024.09.18	186.974	188.473	185.819	188.403	99620	0	22
2024.09.19	188.401	190.385	188.168	189.731	105207	0	22
2024.09.20	189.726	191.987	188.690	191.657	99760	0	22
2024.09.22	191.538	191.825	191.272	191.796	5014	0	22
2024.09.23	191.800	192.432	190.123	191.724	83676	0	22
2024.09.24	191.717	193.317	191.326	191.928	82482	0	22
2024.09.25	191.934	193.257	191.883	192.664	74701	0	22
2024.09.26	192.660	194.584	192.497	194.557	84248	0	22
2024.09.27	194.549	195.961	189.995	190.105	119972	0	22
2024.09.29	190.099	191.282	190.052	191.090	5222	0	22
2024.09.30	191.085	192.306	189.557	192.240	91846	0	22
2024.10.01	192.243	193.352	189.845	190.781	105272	0	22
2024.10.02	190.777	194.765	190.405	194.393	86314	0	22
2024.10.03	194.387	195.164	192.120	192.774	93212	0	22
2024.10.04	192.769	195.522	191.724	195.146	84431	0	22
2024.10.06	194.950	195.612	194.901	195.261	5658	0	22
2024.10.07	195.255	195.255	193.017	193.810	83552	0	22
2024.10.08	193.815	194.369	192.879	193.955	77347	0	22
2024.10.09	193.960	195.242	193.585	194.899	65229	0	22
2024.10.10	194.899	195.492	193.571	194.222	81910	0	22
2024.10.11	194.222	195.228	193.854	194.879	54200	0	22
2024.10.13	194.687	195.000	194.599	194.810	3757	0	22
2024.10.14	194.812	195.725	194.626	195.628	49548	0	22
2024.10.15	195.632	195.657	194.636	194.769	65814	0	22
2024.10.16	194.773	195.290	193.696	194.293	62631	0	22
2024.10.17	194.289	195.596	193.823	195.348	63484	0	22
2024.10.18	195.345	196.047	194.753	195.170	57934	0	22
2024.10.20	194.913	195.267	194.856	195.259	3854	0	22
2024.10.21	195.259	195.864	194.559	195.537	62948	0	22
2024.10.22	195.539	196.516	195.088	196.201	61380	0	22
2024.10.23	196.201	198.432	196.172	197.309	72806	0	22
2024.10.24	197.304	197.621	196.423	196.889	76150	0	22
2024.10.25	196.894	197.783	196.383	197.390	65122	0	22
2024.10.27	198.212	198.424	197.695	198.181	6122	0	22
2024.10.28	198.185	199.354	197.795	198.686	72375	0	22
2024.10.29	198.688	199.710	198.033	199.406	74536	0	22
2024.10.30	199.411	199.802	198.193	198.564	79499	0	22
2024.10.31	198.563	198.903	195.364	195.996	102666	0	22
2024.11.01	196.000	198.374	195.864	197.597	81258	0	22
2024.11.03	197.511	197.673	197.136	197.211	3683	0	67
2024.11.04	197.241	197.719	196.490	197.227	77696	0	22
2024.11.05	197.248	197.871	197.006	197.499	71896	0	22
2024.11.06	197.510	199.512	197.327	198.775	175362	0	22
2024.11.07	198.781	199.556	198.319	198.824	97475	0	22
2024.11.08	198.856	198.913	196.731	197.147	82782	0	22
2024.11.10	196.898	197.459	196.861	197.457	2848	0	70
2024.11.11	197.477	198.460	197.428	197.617	65522	0	22
2024.11.12	197.640	198.054	196.786	196.965	80539	0	22
2024.11.13	196.978	197.807	196.646	197.463	78928	0	22
2024.11.14	197.489	198.234	197.067	198.187	81980	0	22
2024.11.15	198.198	198.436	194.287	194.771	88443	0	22
2024.11.17	194.761	195.161	194.547	195.127	3195	0	69
2024.11.18	195.138	196.146	194.359	195.987	88251	0	22
2024.11.19	196.017	196.367	193.558	196.367	102767	0	22
2024.11.20	196.392	197.777	196.111	196.492	78862	0	22
2024.11.21	196.503	196.547	193.897	193.977	99294	0	22
2024.11.22	193.998	194.799	192.837	193.909	93894	0	22
2024.11.24	194.035	194.255	193.742	194.104	4090	0	68
2024.11.25	194.114	194.617	193.162	193.448	88617	0	22
2024.11.26	193.476	193.717	192.029	192.269	95603	0	22
2024.11.27	192.283	192.402	190.679	191.821	92711	0	22
2024.11.28	191.851	192.464	191.548	191.923	60464	0	22
2024.11.29	191.936	191.958	190.142	190.499	90699	0	22
2024.12.01	190.413	190.530	190.107	190.313	3677	0	74
2024.12.02	190.319	191.284	188.469	189.251	88554	0	22
2024.12.03	189.258	190.369	188.078	189.554	82805	0	22
2024.12.04	189.607	191.527	189.349	191.182	89275	0	22
2024.12.05	191.205	192.203	190.340	191.537	77083	0	22
2024.12.06	191.555	192.367	190.712	191.183	75028	0	22
2024.12.08	190.903	191.222	190.894	191.055	2878	0	67
2024.12.09	191.078	193.398	190.595	192.974	66701	0	22
2024.12.10	192.994	194.092	192.444	194.004	71168	0	22
2024.12.11	194.040	194.811	192.509	194.328	80466	0	22
2024.12.12	194.351	194.988	192.922	193.397	78173	0	22
2024.12.13	193.427	194.453	192.844	193.889	65473	0	22
2024.12.15	193.724	193.838	193.631	193.731	2877	0	67
2024.12.16	193.757	195.876	193.648	195.485	63472	0	22
2024.12.17	195.537	195.896	194.644	195.160	71635	0	22
2024.12.18	195.185	195.759	193.986	194.349	76665	0	22
2024.12.19	194.365	198.945	194.313	196.995	107666	0	22
2024.12.20	197.014	197.293	195.741	196.539	86837	0	22
2024.12.22	196.360	196.755	196.294	196.755	2810	0	67
2024.12.23	196.782	197.072	196.434	196.868	64397	0	22
2024.12.24	196.893	197.623	196.601	196.848	46889	0	22
2024.12.25	196.938	197.262	196.929	197.060	1979	0	68
2024.12.26	197.080	198.007	197.018	197.620	45063	0	22
2024.12.27	197.636	198.705	197.202	198.524	58609	0	22
2024.12.29	198.324	198.590	198.185	198.549	2133	0	68
2024.12.30	198.591	198.944	196.322	196.984	65035	0	22
2024.12.31	197.001	197.187	195.733	196.666	65036	0	22
2025.01.01	196.596	197.472	196.530	197.362	2391	0	90
2025.01.02	197.419	197.471	194.186	194.763	81451	0	22
2025.01.03	194.792	195.505	194.633	195.375	56255	0	22
2025.01.05	195.277	195.736	195.119	195.658	2811	0	68
2025.01.06	195.687	197.403	195.680	197.296	83166	0	22
2025.01.07	197.319	198.248	196.866	197.368	76862	0	22
2025.01.08	197.393	197.544	195.113	195.466	80933	0	22
2025.01.09	195.486	195.603	193.474	194.334	71450	0	22
2025.01.10	194.357	194.769	192.199	192.521	85989	0	22
2025.01.12	192.328	192.691	192.328	192.691	2687	0	67
2025.01.13	192.708	192.750	190.071	192.348	88605	0	22
2025.01.14	192.400	192.980	191.477	192.974	90733	0	22
2025.01.15	192.987	192.992	191.085	191.227	85434	0	22
2025.01.16	191.251	191.532	189.728	190.046	86596	0	22
2025.01.17	190.076	190.595	189.323	190.173	74671	0	22
2025.01.19	190.056	190.397	190.056	190.286	2961	0	67
2025.01.20	190.303	192.008	189.878	191.462	85987	0	22
2025.01.21	191.479	192.215	190.467	192.120	100932	0	22
2025.01.22	192.147	193.001	191.695	192.592	75121	0	22
2025.01.23	192.620	192.998	192.275	192.871	72326	0	22
2025.01.24	192.883	194.739	192.064	194.685	96768	0	22
2025.01.26	194.151	194.222	193.733	193.981	2864	0	74
2025.01.27	193.998	194.637	192.147	192.850	100413	0	22
2025.01.28	192.885	194.022	192.765	193.494	79685	0	22
2025.01.29	193.525	193.756	192.481	193.245	79634	0	22
2025.01.30	193.267	193.287	191.300	191.396	87389	0	22
2025.01.31	191.402	193.022	191.179	192.280	84895	0	22
2025.02.02	190.870	191.198	190.474	190.870	3996	0	176
2025.02.03	190.922	193.101	190.022	193.013	125720	0	22
2025.02.04	193.042	193.166	191.772	192.246	82272	0	22
2025.02.05	192.281	192.564	190.277	190.800	81179	0	22
2025.02.06	190.825	190.899	187.838	187.943	83704	0	22
2025.02.07	187.958	189.572	187.042	187.729	93852	0	22
2025.02.09	187.206	188.112	187.187	188.112	3792	0	74
2025.02.10	188.153	189.143	187.486	187.582	70208	0	22
2025.02.11	187.601	190.179	187.240	190.179	66160	0	22
2025.02.12	190.208	192.673	190.139	191.964	80312	0	22
2025.02.13	192.018	193.050	191.164	192.183	87091	0	22
2025.02.14	192.211	192.501	191.468	191.670	66719	0	22
2025.02.16	191.561	191.695	191.158	191.257	3010	0	68
2025.02.17	191.280	191.400	190.625	191.088	56603	0	22
2025.02.18	191.118	192.024	190.916	191.765	64738	0	22
2025.02.19	191.788	192.106	190.043	190.263	69065	0	22
2025.02.20	190.277	190.318	188.673	189.363	79035	0	22
2025.02.21	189.376	190.933	188.132	188.588	79501	0	22
2025.02.23	188.473	188.958	188.429	188.949	3377	0	68
2025.02.24	188.972	189.573	188.213	189.123	84081	0	22
2025.02.25	189.137	189.739	188.152	188.848	86697	0	20
2025.02.26	188.866	189.853	188.390	188.764	85615	0	22
2025.02.27	188.783	190.103	188.421	189.011	97344	0	22
2025.02.28	189.052	190.305	187.674	189.433	98540	0	22
2025.03.02	189.465	190.209	189.402	190.014	3400	0	70
2025.03.03	190.043	191.972	188.811	189.620	110746	0	22
2025.03.04	189.642	191.857	188.239	191.693	138648	0	22
2025.03.05	191.704	192.319	190.869	191.871	136051	0	22
2025.03.06	191.900	192.547	189.874	190.829	127199	0	22
2025.03.07	190.857	191.420	189.654	191.285	125868	0	22
2025.03.09	191.040	191.097	190.611	190.854	7155	0	22
2025.03.10	190.849	190.951	188.994	189.354	113299	0	22
2025.03.11	189.359	191.682	188.788	191.621	129579	0	22
2025.03.12	191.624	193.102	191.245	192.246	96325	0	22
2025.03.13	192.250	192.334	190.731	191.674	92099	0	22
2025.03.14	191.678	192.748	191.450	192.279	82855	0	22
2025.03.16	192.258	192.383	191.960	192.096	4948	0	22
2025.03.17	192.095	194.014	191.974	193.966	76823	0	22
2025.03.18	193.962	194.893	193.801	194.268	71234	0	22
2025.03.19	194.263	194.702	193.036	193.144	79480	0	22
2025.03.20	193.145	193.214	192.054	192.678	73833	0	22
2025.03.21	192.682	193.583	192.012	192.826	71206	0	22
2025.03.23	192.459	193.470	192.459	193.438	4541	0	22
2025.03.24	193.440	194.917	193.256	194.840	68077	0	22
2025.03.25	194.840	194.999	193.619	194.096	63351	0	22
2025.03.26	194.095	194.785	193.457	193.761	74719	0	22
2025.03.27	193.755	195.963	193.548	195.367	75001	0	22
2025.03.28	195.369	195.707	193.705	193.884	69771	0	22
2025.03.30	193.767	193.817	193.066	193.565	6144	0	22
2025.03.31	193.559	193.993	192.729	193.719	92792	0	22
2025.04.01	193.719	193.904	192.202	193.499	84826	0	22
2025.04.02	193.494	195.743	192.221	192.920	93458	0	22
2025.04.03	192.915	193.664	190.608	191.426	161907	0	22
2025.04.04	191.430	191.748	187.523	189.576	235264	0	22
2025.04.06	186.739	187.898	186.018	187.735	16215	0	22
2025.04.07	187.739	190.085	187.118	188.177	267179	0	22
2025.04.08	188.173	188.942	186.127	186.484	164590	0	22
2025.04.09	186.480	189.812	184.372	189.033	242440	0	22
2025.04.10	189.029	189.408	186.352	186.750	170742	0	22
2025.04.11	186.755	188.197	186.011	187.747	196177	0	22
2025.04.13	188.153	188.344	187.667	188.010	8431	0	22
2025.04.14	188.006	189.193	186.577	188.644	116534	0	22
2025.04.15	188.639	189.577	188.547	189.322	95421	0	22
2025.04.16	189.316	189.676	187.440	187.757	104324	0	22
2025.04.17	187.765	189.356	187.667	188.795	94964	0	22
2025.04.18	188.814	189.098	188.617	188.757	60923	0	140
2025.04.20	188.628	188.668	188.262	188.511	7292	0	22
2025.04.21	188.507	188.837	187.996	188.480	79726	0	22
2025.04.22	188.474	189.897	187.452	189.388	100167	0	22
2025.04.23	189.384	190.301	188.236	189.938	112283	0	22
2025.04.24	189.933	190.502	189.292	190.376	81614	0	22
2025.04.25	190.381	191.717	190.051	191.209	78699	0	22
2025.04.27	191.024	191.279	190.873	191.165	5234	0	22
2025.04.28	191.167	191.544	190.657	191.013	76942	0	22
2025.04.29	191.010	191.336	190.393	190.783	74157	0	22
2025.04.30	190.779	191.257	189.974	190.513	79526	0	22
2025.05.01	190.507	193.449	190.331	193.174	82457	0	20
2025.05.02	193.179	193.745	191.472	192.382	84383	0	22
2025.05.04	191.876	192.178	191.819	191.947	4963	0	22
2025.05.05	191.946	192.049	190.848	190.990	69233	0	22
2025.05.06	190.988	191.346	190.281	191.047	78097	0	22
2025.05.07	191.041	191.658	190.657	191.190	80720	0	22
2025.05.08	191.190	193.497	190.990	193.221	87728	0	22
2025.05.09	193.228	193.461	192.340	193.403	67151	0	22
2025.05.11	193.694	193.916	193.568	193.739	6211	0	22
2025.05.12	193.740	195.792	193.627	195.363	92910	0	22
2025.05.13	195.357	196.377	194.778	196.249	74881	0	22
2025.05.14	196.253	196.408	194.227	194.487	85639	0	22
2025.05.15	194.491	194.594	193.425	193.660	74897	0	22
2025.05.16	193.654	193.792	193.029	193.418	61234	0	22
2025.05.18	192.874	193.365	192.723	193.226	5227	0	22
2025.05.19	193.233	194.066	192.769	193.669	69883	0	22
2025.05.20	193.675	194.202	192.907	193.337	69373	0	22
2025.05.21	193.329	193.512	192.521	192.837	79072	0	22
2025.05.22	192.837	193.583	191.887	193.026	75569	0	22
2025.05.23	193.031	193.550	192.064	192.962	75114	0	22
2025.05.25	192.648	193.459	192.595	193.351	5803	0	22
2025.05.26	193.345	194.029	193.250	193.474	48801	0	22
2025.05.27	193.471	195.617	193.050	194.781	67675	0	22
2025.05.28	194.775	195.916	194.374	195.669	74841	0	22
2025.05.29	195.674	196.309	194.042	194.042	77464	0	22
2025.05.30	194.049	194.652	193.388	193.780	70004	0	22
2025.06.01	193.565	193.724	193.344	193.660	4691	0	22
2025.06.02	193.667	193.892	192.976	193.087	65088	0	22
2025.06.03	193.091	194.779	192.719	194.592	62050	0	22
2025.06.04	194.591	195.224	193.219	193.405	65887	0	22
2025.06.05	193.399	195.493	193.320	194.931	72453	0	22
2025.06.06	194.926	196.183	194.802	195.896	57532	0	22
2025.06.08	195.840	195.899	195.695	195.866	3665	0	22
2025.06.09	195.868	196.142	195.436	195.934	52313	0	22
2025.06.10	195.939	196.440	194.771	195.639	63588	0	22
2025.06.11	195.633	196.233	195.289	195.614	65241	0	22
2025.06.12	195.610	195.771	194.709	195.013	68256	0	22
2025.06.13	195.018	195.968	193.759	195.553	80795	0	22
2025.06.15	195.243	196.052	195.061	195.868	7168	0	22
2025.06.16	195.861	196.674	195.397	196.308	65080	0	22
2025.06.17	196.313	196.839	194.791	195.225	73920	0	22
2025.06.18	195.231	195.341	194.330	194.439	68508	0	22
2025.06.19	194.446	195.965	194.010	195.715	58039	0	22
2025.06.20	195.709	196.696	195.671	196.468	57654	0	22
2025.06.22	196.551	196.682	196.066	196.432	6414	0	22
2025.06.23	196.429	198.195	196.306	197.649	78793	0	22
2025.06.24	197.648	197.648	196.933	197.317	69207	0	22
2025.06.25	197.323	198.571	197.040	198.380	62209	0	22
2025.06.26	198.373	198.618	197.698	198.569	69037	0	22
2025.06.27	198.563	198.799	198.006	198.409	61773	0	22
2025.06.29	197.918	198.333	197.918	198.230	4563	0	22
2025.06.30	198.230	198.449	197.207	197.451	64043	0	22
2025.07.01	197.456	197.749	196.271	197.065	68084	0	22
2025.07.02	197.060	197.547	195.350	195.882	70206	0	22
2025.07.03	195.882	198.101	195.753	197.748	60772	0	22
2025.07.04	197.752	197.868	196.895	197.156	52898	0	22
2025.07.06	197.135	197.356	197.075	197.233	4026	0	22
2025.07.07	197.238	198.998	196.779	198.733	64781	0	22
2025.07.08	198.731	199.540	198.663	199.506	64563	0	22
2025.07.09	199.505	199.826	198.541	198.666	58129	0	22
2025.07.10	198.669	199.250	198.331	198.643	56766	0	22
2025.07.11	198.636	199.440	198.223	198.861	61089	0	22
2025.07.13	198.505	198.979	198.366	198.770	5329	0	22
2025.07.14	198.771	198.814	198.092	198.432	59779	0	22
2025.07.15	198.426	199.516	198.202	199.253	58463	0	22
2025.07.16	199.253	199.729	197.921	198.456	81920	0	22
2025.07.17	198.463	199.547	198.446	199.366	59855	0	22
2025.07.18	199.362	199.964	199.243	199.539	51849	0	22
2025.07.20	198.576	199.357	198.576	199.150	4958	0	22
2025.07.21	199.143	199.233	198.493	198.823	55420	0	22
2025.07.22	198.829	199.288	197.425	198.433	63545	0	22
2025.07.23	198.438	199.079	197.743	198.714	75160	0	22
2025.07.24	198.712	198.849	198.122	198.574	64664	0	22
2025.07.25	198.569	199.079	198.123	198.378	59663	0	22
2025.07.27	198.256	198.727	198.256	198.585	4449	0	22
2025.07.28	198.586	199.208	198.173	198.327	60804	0	22
2025.07.29	198.325	198.456	197.724	198.191	61350	0	22
2025.07.30	198.186	198.417	197.436	197.804	69628	0	22
2025.07.31	197.806	199.509	196.959	199.178	74323	0	22
2025.08.01	199.173	199.293	195.326	195.676	80795	0	22
2025.08.03	195.478	195.841	195.218	195.828	5237	0	22
2025.08.04	195.820	196.522	195.018	195.197	66834	0	22
2025.08.05	195.191	196.454	195.023	196.182	62247	0	22
2025.08.06	196.178	197.063	196.086	196.615	58043	0	22
2025.08.07	196.618	198.015	196.231	197.463	68111	0	22
2025.08.08	197.459	198.819	197.376	198.683	55236	0	22
2025.08.10	198.387	198.625	198.296	198.494	3440	0	22
2025.08.11	198.489	199.101	198.175	199.019	49170	0	22
2025.08.12	199.019	200.077	198.989	199.547	61643	0	22
2025.08.13	199.542	200.275	199.420	199.862	53694	0	22
2025.08.14	199.861	200.159	198.587	199.802	63905	0	22
2025.08.15	199.807	199.852	198.899	199.422	50139	0	22
2025.08.17	199.392	199.765	199.355	199.578	3508	0	22
2025.08.18	199.574	200.258	199.373	199.798	51225	0	22
2025.08.19	199.798	199.859	198.812	199.208	52006	0	22
2025.08.20	199.216	199.435	197.850	198.325	58912	0	22
2025.08.21	198.326	199.218	198.113	199.071	57482	0	22
2025.08.22	199.067	199.531	198.316	198.694	56174	0	22
2025.08.24	198.473	199.005	198.392	198.926	4651	0	22
2025.08.25	198.927	199.287	198.601	198.865	49170	0	22
2025.08.26	198.866	199.049	198.272	198.736	61831	0	22
2025.08.27	198.744	199.185	198.644	198.949	54276	0	22
2025.08.28	198.948	199.136	198.303	198.340	55959	0	22
2025.08.29	198.335	198.648	197.945	198.553	51653	0	22
2025.08.31	198.304	198.732	198.304	198.653	3291	0	22
2025.09.01	198.658	199.555	198.611	199.245	44745	0	22
2025.09.02	199.248	200.259	198.315	198.817	73417	0	22
2025.09.03	198.810	199.715	198.476	198.879	60236	0	22
2025.09.04	198.886	199.815	198.764	199.526	58157	0	22
2025.09.05	199.531	199.784	198.668	199.048	59855	0	22
2025.09.07	199.810	200.265	199.562	200.110	5848	0	22
2025.09.08	200.105	200.338	199.353	199.720	58309	0	22
2025.09.09	199.724	199.866	198.787	199.276	61060	0	22
2025.09.10	199.271	199.798	199.207	199.404	53153	0	22
2025.09.11	199.409	200.138	199.323	199.843	54779	0	22
2025.09.12	199.841	200.482	199.649	200.170	49150	0	22
2025.09.14	199.980	200.253	199.920	200.129	3457	0	22
2025.09.15	200.130	200.737	199.914	200.470	46125	0	22
2025.09.16	200.471	200.706	199.708	199.884	57223	0	22
2025.09.17	199.879	200.326	199.472	200.187	63082	0	22
2025.09.18	200.181	201.259	200.129	200.558	62497	0	22
2025.09.19	200.558	200.593	199.201	199.276	62391	0	22
2025.09.21	199.130	199.433	199.067	199.381	3272	0	22
2025.09.22	199.379	199.788	199.365	199.634	50579	0	22
2025.09.23	199.640	199.959	199.143	199.607	53833	0	22
2025.09.24	199.609	200.222	199.450	200.098	52816	0	22
2025.09.25	200.092	200.333	199.603	199.849	57949	0	22
2025.09.26	199.846	200.501	199.690	200.324	48615	0	22
2025.09.28	200.184	200.366	200.097	200.316	3208	0	22
2025.09.29	200.315	200.329	199.335	199.661	50204	0	22
2025.09.30	199.665	199.768	198.575	198.971	58817	0	22
2025.10.01	198.966	199.208	197.917	198.273	62023	0	22
2025.10.02	198.278	198.604	197.477	197.863	55257	0	22
2025.10.03	197.863	198.860	197.857	198.742	49173	0	22
2025.10.05	200.624	201.000	200.095	200.905	7051	0	22
2025.10.06	200.901	202.789	200.769	202.741	70515	0	22
2025.10.07	202.739	204.146	202.108	204.053	58041	0	22
2025.10.08	204.057	205.314	203.898	204.625	63884	0	22
2025.10.09	204.631	204.868	203.303	203.561	72069	0	22
2025.10.10	203.567	203.699	201.827	201.943	74292	0	22
2025.10.12	202.485	203.062	202.345	202.787	7589	0	22
2025.10.13	202.781	203.257	202.613	203.255	59005	0	22
2025.10.14	203.255	203.507	201.324	202.085	77250	0	22
2025.10.15	202.092	202.683	201.588	202.362	67859	0	22
2025.10.16	202.367	203.427	201.703	201.849	78107	0	22
2025.10.17	201.845	202.237	200.672	202.210	77891	0	22
2025.10.19	201.979	202.675	201.780	202.600	5127	0	22
2025.10.20	202.600	203.103	201.824	202.157	60325	0	22
2025.10.21	202.151	203.516	201.813	202.980	72317	0	22
2025.10.22	202.973	203.258	201.910	202.902	69110	0	22
2025.10.23	202.907	203.787	202.866	203.367	52558	0	22
2025.10.24	203.373	203.976	203.083	203.482	53086	0	22
2025.10.26	203.506	204.049	203.485	203.906	5037	0	22
2025.10.27	203.912	204.239	203.525	203.700	52837	0	22
2025.10.28	203.695	203.704	201.459	201.478	64051	0	22
2025.10.29	201.484	201.950	200.558	201.506	75976	0	22
2025.10.30	201.506	203.255	200.980	202.519	76788	0	22
2025.10.31	202.520	202.916	201.836	202.505	56714	0	22
2025.11.02	202.320	202.627	202.266	202.514	3754	0	22
2025.11.03	202.513	202.794	201.925	202.544	45437	0	22
2025.11.04	202.545	202.673	199.838	199.936	61644	0	22
2025.11.05	199.929	201.238	199.062	201.113	61359	0	22
2025.11.06	201.112	201.375	200.295	200.972	61056	0	22
2025.11.07	200.977	202.085	200.648	201.956	63651	0	22
2025.11.09	202.071	202.319	201.923	202.133	3225	0	27
2025.11.10	202.135	203.236	201.779	203.042	57660	0	22
2025.11.11	203.036	203.276	202.316	202.646	55243	0	22
2025.11.12	202.642	203.563	202.594	203.089	57283	0	22
2025.11.13	203.094	204.061	202.955	203.372	67374	0	22
2025.11.14	203.378	203.958	202.334	203.563	78213	0	22
2025.11.16	203.357	203.521	203.280	203.423	2737	0	27
2025.11.17	203.420	204.518	203.129	204.259	61197	0	22
2025.11.18	204.266	204.734	203.697	204.469	74174	0	22
2025.11.19	204.473	205.358	203.982	205.029	72934	0	22
2025.11.20	205.033	206.848	204.803	205.902	80999	0	22
2025.11.21	205.900	206.043	204.281	204.789	86970	0	22
2025.11.23	204.825	205.206	204.824	205.185	2693	0	27
2025.11.24	205.187	205.900	205.037	205.633	58715	0	22
2025.11.25	205.630	205.985	204.994	205.523	67596	0	22
2025.11.26	205.524	207.139	205.334	206.902	74751	0	22
2025.11.27	206.902	207.188	206.425	206.926	44999	0	22
2025.11.28	206.925	207.190	206.147	206.406	83001	0	22
2025.11.30	206.424	206.719	206.354	206.407	3337	0	27
2025.12.01	206.411	206.422	205.193	205.463	69127	0	22
2025.12.02	205.468	206.248	205.384	205.904	56114	0	22
2025.12.03	205.909	207.305	205.778	207.030	56800	0	22
2025.12.04	207.029	207.349	206.342	206.664	60582	0	22
2025.12.05	206.664	207.289	206.183	207.122	53515	0	22
2025.12.07	206.745	207.030	206.667	206.952	3100	0	27
2025.12.08	206.959	207.787	206.587	207.684	52640	0	22
2025.12.09	207.689	208.940	207.583	208.593	54350	0	22
2025.12.10	208.596	208.880	208.231	208.516	58290	0	22
2025.12.11	208.516	208.648	207.896	208.263	60584	0	22
2025.12.12	208.261	208.734	207.875	208.336	52146	0	22
2025.12.14	208.398	208.435	208.188	208.335	2951	0	27
2025.12.15	208.342	208.435	207.080	207.418	54083	0	22
2025.12.16	207.420	207.996	206.768	207.783	65298	0	22
2025.12.17	207.783	208.375	207.046	207.942	61948	0	22
2025.12.18	207.942	209.006	207.861	208.198	60480	0	22
2025.12.19	208.208	211.035	208.193	210.926	63351	0	22
2025.12.21	210.945	210.987	210.566	210.872	3731	0	27
2025.12.22	210.872	211.581	210.618	211.275	56566	0	22
2025.12.23	211.275	211.298	210.281	210.950	56554	0	22
2025.12.24	210.952	211.031	210.045	210.169	50408	0	22
2025.12.25	210.464	210.892	210.324	210.852	4900	0	27
2025.12.26	210.857	211.496	210.621	211.366	47739	0	22
2025.12.28	211.324	211.324	210.992	211.199	3999	0	27
2025.12.29	211.201	211.337	210.431	210.724	58955	0	22
2025.12.30	210.719	211.084	210.304	210.602	49943	0	22
2025.12.31	210.604	211.185	210.253	210.905	45492	0	22
2026.01.01	211.013	211.317	210.650	211.155	3649	0	27
2026.01.02	211.157	211.433	210.747	211.079	47085	0	22
2026.01.04	210.835	211.004	210.768	210.954	3033	0	27
2026.01.05	210.962	211.976	210.508	211.919	60186	0	22
2026.01.06	211.921	212.141	211.257	211.486	54374	0	22
2026.01.07	211.489	211.748	210.720	210.886	50982	0	22
2026.01.08	210.884	211.148	210.295	210.756	50687	0	22
2026.01.09	210.759	212.051	210.758	211.624	54876	0	22
2026.01.11	211.749	211.858	211.607	211.795	2306	0	27
2026.01.12	211.794	213.003	211.639	212.723	50765	0	22
2026.01.13	212.722	214.283	212.706	213.730	53465	0	22
2026.01.14	213.733	214.099	212.545	212.909	59031	0	22
2026.01.15	212.915	213.301	211.990	212.201	53648	0	22
2026.01.16	212.198	212.253	211.372	211.471	51795	0	22
2026.01.18	210.655	211.249	210.631	211.142	5070	0	22
2026.01.19	211.142	212.386	210.893	212.233	48056	0	22
2026.01.20	212.240	213.495	211.844	212.551	67445	0	22
2026.01.21	212.557	212.759	211.577	212.602	63078	0	22
2026.01.22	212.607	213.999	212.376	213.931	58506	0	22
2026.01.23	213.933	214.842	212.069	212.432	81742	0	22
2026.01.25	211.572	212.049	211.036	211.990	5763	0	27
2026.01.26	211.989	212.071	209.596	211.121	87419	0	22
2026.01.27	211.124	211.748	209.776	210.841	91379	0	22
2026.01.28	210.841	212.020	210.061	211.662	87151	0	22
2026.01.29	211.670	212.150	210.042	211.448	79463	0	22
2026.01.30	211.454	212.458	211.298	211.788	86648	0	22
2026.02.01	211.861	212.638	211.819	212.273	4346	0	31
2026.02.02	212.274	212.686	211.281	212.568	79907	0	22
2026.02.03	212.566	213.458	212.536	213.396	66268	0	22
2026.02.04	213.402	214.995	213.351	214.109	63829	0	22
2026.02.05	214.101	214.232	211.777	212.012	77939	0	22
2026.02.06	212.011	214.019	211.593	213.977	60719	0	22
2026.02.08	213.742	214.400	213.581	214.005	4581	0	27
2026.02.09	214.005	214.037	212.113	213.603	78244	0	22
2026.02.10	213.610	213.713	210.419	210.624	65947	0	22
2026.02.11	210.624	210.644	208.172	208.785	86264	0	22
2026.02.12	208.791	209.549	207.553	208.070	84070	0	22
2026.02.13	208.074	209.322	207.991	208.455	76661	0	22
2026.02.15	208.216	208.576	208.166	208.521	2978	0	27
2026.02.16	208.521	209.677	208.479	209.248	43890	0	22
2026.02.17	209.251	209.294	207.227	207.676	72824	0	22
2026.02.18	207.675	209.208	207.615	208.736	61113	0	22
2026.02.19	208.744	209.530	208.078	208.886	65656	0	22
2026.02.20	208.891	209.660	208.373	208.972	67229	0	22
2026.02.22	208.806	209.077	208.741	208.856	3974	0	27
2026.02.23	208.862	209.218	208.127	208.721	58848	0	22
2026.02.24	208.722	210.839	208.688	210.394	61909	0	22
2026.02.25	210.392	212.112	210.002	211.713	61742	0	22
2026.02.26	211.717	211.787	210.208	210.267	61432	0	22
2026.02.27	210.267	210.825	209.786	210.453	61675	0	22
2026.03.01	209.624	210.043	209.366	209.964	3721	0	31
2026.03.02	209.946	211.374	209.341	210.865	87498	0	22
2026.03.03	210.864	211.349	209.217	210.623	97867	0	22
2026.03.04	210.634	210.673	209.479	209.858	85326	0	22
2026.03.05	209.857	210.612	209.174	210.434	85909	0	22
2026.03.06	210.435	211.623	210.251	211.590	82348	0	22
2026.03.08	210.954	211.129	210.591	210.753	9200	0	22
2026.03.09	210.748	212.166	210.648	211.918	89676	0	22
2026.03.10	211.920	212.408	211.586	212.158	73491	0	22
2026.03.11	212.153	213.289	212.120	212.888	66138	0	22
2026.03.12	212.885	213.022	212.385	212.605	62825	0	22
2026.03.13	212.610	212.867	211.036	211.172	61997	0	22
2026.03.15	211.249	211.383	210.902	211.350	6057	0	22
2026.03.16	211.349	212.089	210.796	211.840	56679	0	22
2026.03.17	211.843	212.482	211.630	212.263	53928	0	22
2026.03.18	212.264	212.721	211.664	211.968	59241	0	22
2026.03.19	211.974	212.333	210.788	212.001	80841	0	22
2026.03.20	212.000	212.771	211.749	212.377	60765	0	22
2026.03.22	212.053	212.293	211.795	212.211	6062	0	22
2026.03.23	212.218	213.298	211.568	212.761	102199	0	22
2026.03.24	212.759	212.981	212.242	212.893	75527	0	22
2026.03.25	212.885	213.205	212.632	212.984	60769	0	22
2026.03.26	212.984	213.301	212.665	212.980	57794	0	22
2026.03.27	212.972	213.086	212.225	212.559	52965	0	22
2026.03.29	212.441	212.592	212.081	212.106	5321	0	22
2026.03.30	212.114	212.128	210.197	210.542	58848	0	22
2026.03.31	210.538	211.205	209.620	209.949	71818	0	22
2026.04.01	209.950	211.432	209.865	211.084	65329	0	22
2026.04.02	211.079	211.272	210.342	210.912	63755	0	22
2026.04.03	210.907	211.220	210.393	210.663	24917	0	22
2026.04.05	210.536	210.744	210.329	210.675	5658	0	22
2026.04.06	210.679	211.538	210.596	211.324	46023	0	22
2026.04.07	211.323	212.780	211.224	212.696	65395	0	22
2026.04.08	212.690	213.142	212.142	212.469	68044	0	22
2026.04.09	212.474	213.837	212.420	213.627	52579	0	22
2026.04.10	213.633	214.555	213.532	214.406	43256	0	22
2026.04.12	213.677	214.102	213.580	213.865	5585	0	22
2026.04.13	213.870	215.344	213.806	215.182	46534	0	22
2026.04.14	215.183	215.777	214.906	215.564	46951	0	22
2026.04.15	215.562	215.890	215.182	215.554	47377	0	22
2026.04.16	215.548	215.726	215.111	215.325	48541	0	22
2026.04.17	215.330	215.686	213.998	214.405	50051	0	22
2026.04.19	214.164	214.612	214.063	214.567	4790	0	22
2026.04.20	214.574	215.082	214.315	214.927	49649	0	22
2026.04.21	214.930	215.411	214.594	215.294	49987	0	22
2026.04.22	215.294	215.649	214.911	215.291	44917	0	22
2026.04.23	215.298	215.720	214.821	215.114	52083	0	22
2026.04.24	215.117	215.729	214.930	215.620	43536	0	22
