<DATE>	<OPEN>	<HIGH>	<LOW>	<CLOSE>	<TICKVOL>	<VOL>	<SPREAD>
2018.06.28	16.076	16.114	15.905	15.996	22343	0	0
2018.06.29	15.995	16.144	15.945	16.061	23444	0	0
2018.07.01	16.087	16.107	16.080	16.095	478	0	0
2018.07.02	16.095	16.101	15.752	15.840	20862	0	0
2018.07.03	15.839	16.025	15.767	16.015	19501	0	0
2018.07.04	16.014	16.131	15.976	16.067	15526	0	0
2018.07.05	16.066	16.081	15.911	16.034	17842	0	0
2018.07.06	16.033	16.061	15.931	15.989	15682	0	0
2018.07.08	16.019	16.045	15.938	16.042	167	0	0
2018.07.09	16.042	16.196	16.025	16.098	14958	0	0
2018.07.10	16.096	16.141	15.884	15.998	18880	0	0
2018.07.11	15.996	16.003	15.761	15.790	21325	0	0
2018.07.12	15.789	15.973	15.741	15.922	16474	0	0
2018.07.13	15.920	15.967	15.655	15.773	18396	0	0
2018.07.15	15.806	15.810	15.793	15.796	181	0	0
2018.07.16	15.793	15.859	15.726	15.778	14105	0	0
2018.07.17	15.778	15.844	15.531	15.551	17365	0	0
2018.07.18	15.554	15.593	15.377	15.542	20461	0	0
2018.07.19	15.542	15.553	15.158	15.305	25293	0	0
2018.07.20	15.306	15.523	15.223	15.472	23173	0	0
2018.07.22	15.499	15.517	15.415	15.510	481	0	0
2018.07.23	15.510	15.538	15.335	15.365	20760	0	0
2018.07.24	15.365	15.578	15.309	15.468	21716	0	0
2018.07.25	15.469	15.612	15.427	15.604	20021	0	0
2018.07.26	15.602	15.647	15.355	15.393	18513	0	0
2018.07.27	15.392	15.518	15.308	15.445	18491	0	0
2018.07.29	15.478	15.482	15.462	15.469	223	0	0
2018.07.30	15.472	15.525	15.380	15.486	13494	0	0
2018.07.31	15.485	15.591	15.345	15.498	19086	0	0
2018.08.01	15.499	15.511	15.358	15.384	17462	0	0
2018.08.02	15.383	15.456	15.271	15.298	20856	0	0
2018.08.03	15.298	15.533	15.227	15.364	22129	0	0
2018.08.05	15.399	15.423	15.393	15.417	328	0	0
2018.08.06	15.416	15.471	15.259	15.299	18372	0	0
2018.08.07	15.300	15.469	15.285	15.376	19384	0	0
2018.08.08	15.378	15.445	15.266	15.400	19680	0	0
2018.08.09	15.400	15.491	15.348	15.412	20170	0	0
2018.08.10	15.413	15.425	15.259	15.259	26480	0	0
2018.08.12	15.305	15.322	15.289	15.302	481	0	0
2018.08.13	15.302	15.304	14.958	14.977	29177	0	0
2018.08.14	14.976	15.092	14.965	15.025	22518	0	0
2018.08.15	15.025	15.032	14.349	14.417	32198	0	0
2018.08.16	14.416	14.814	14.316	14.649	32911	0	0
2018.08.17	14.650	14.797	14.574	14.763	25967	0	0
2018.08.19	14.760	14.771	14.747	14.764	429	0	0
2018.08.20	14.764	14.830	14.628	14.753	22557	0	0
2018.08.21	14.751	14.828	14.701	14.761	20188	0	0
2018.08.22	14.763	14.859	14.672	14.712	22034	0	0
2018.08.23	14.709	14.717	14.464	14.487	24371	0	0
2018.08.24	14.486	14.857	14.467	14.771	22745	0	0
2018.08.26	14.821	14.849	14.800	14.844	555	0	0
2018.08.27	14.843	14.899	14.731	14.878	18491	0	0
2018.08.28	14.877	14.979	14.655	14.735	23186	0	0
2018.08.29	14.733	14.772	14.645	14.746	20822	0	0
2018.08.30	14.745	14.745	14.489	14.537	23416	0	0
2018.08.31	14.538	14.695	14.471	14.486	22612	0	0
2018.09.02	14.500	14.511	14.495	14.504	332	0	0
2018.09.03	14.504	14.532	14.378	14.470	14844	0	0
2018.09.04	14.470	14.495	13.990	14.148	26266	0	0
2018.09.05	14.149	14.215	14.072	14.179	21892	0	0
2018.09.06	14.179	14.286	14.096	14.159	23095	0	0
2018.09.07	14.158	14.235	14.058	14.131	26276	0	0
2018.09.09	14.118	14.151	14.118	14.142	478	0	0
2018.09.10	14.143	14.232	14.058	14.134	21407	0	0
2018.09.11	14.134	14.211	13.922	14.108	23645	0	0
2018.09.12	14.107	14.262	14.054	14.228	24278	0	0
2018.09.13	14.227	14.333	14.142	14.168	23660	0	0
2018.09.14	14.168	14.264	13.991	13.994	22953	0	0
2018.09.16	14.047	14.052	14.020	14.037	558	0	0
2018.09.17	14.037	14.230	14.028	14.080	22905	0	0
2018.09.18	14.083	14.214	14.054	14.152	25530	0	0
2018.09.19	14.152	14.319	14.127	14.227	23106	0	0
2018.09.20	14.227	14.332	14.158	14.311	25595	0	0
2018.09.21	14.310	14.414	14.129	14.250	26510	0	0
2018.09.23	14.247	14.262	14.237	14.251	385	0	0
2018.09.24	14.252	14.374	14.173	14.249	21453	0	0
2018.09.25	14.249	14.538	14.201	14.451	23692	0	0
2018.09.26	14.450	14.493	14.294	14.361	24056	0	0
2018.09.27	14.362	14.442	14.162	14.244	28470	0	0
2018.09.28	14.241	14.697	14.215	14.611	25653	0	0
2018.09.30	14.650	14.660	14.631	14.636	425	0	0
2018.10.01	14.635	14.637	14.352	14.477	23672	0	0
2018.10.02	14.477	14.892	14.424	14.722	27918	0	0
2018.10.03	14.722	14.805	14.593	14.607	27005	0	0
2018.10.04	14.610	14.749	14.515	14.568	27562	0	0
2018.10.05	14.567	14.698	14.497	14.591	23861	0	0
2018.10.07	14.631	14.636	14.621	14.629	448	0	0
2018.10.08	14.628	14.643	14.248	14.378	25129	0	0
2018.10.09	14.379	14.420	14.248	14.380	23621	0	0
2018.10.10	14.381	14.411	14.224	14.307	24419	0	0
2018.10.11	14.307	14.604	14.239	14.559	32911	0	0
2018.10.12	14.559	14.690	14.502	14.585	16477	0	0
2018.10.14	14.607	14.632	14.607	14.615	252	0	0
2018.10.15	14.614	14.761	14.589	14.685	13720	0	0
2018.10.16	14.685	14.831	14.605	14.641	13588	0	0
2018.10.17	14.640	14.710	14.569	14.598	14549	0	0
2018.10.18	14.598	14.642	14.442	14.565	15248	0	0
2018.10.19	14.566	14.703	14.550	14.619	14778	0	0
2018.10.21	14.644	14.645	14.621	14.633	588	0	0
2018.10.22	14.632	14.677	14.507	14.550	14144	0	0
2018.10.23	14.548	14.794	14.505	14.743	15831	0	0
2018.10.24	14.742	14.789	14.637	14.678	15032	0	0
2018.10.25	14.679	14.764	14.588	14.622	15570	0	0
2018.10.26	14.620	14.760	14.567	14.688	16585	0	0
2018.10.28	14.677	14.693	14.612	14.676	541	0	0
2018.10.29	14.677	14.748	14.404	14.476	20001	0	0
2018.10.30	14.475	14.517	14.364	14.451	14149	0	0
2018.10.31	14.452	14.456	14.230	14.268	14902	0	0
2018.11.01	14.267	14.807	14.265	14.732	17557	0	0
2018.11.02	14.732	14.896	14.635	14.727	19590	0	0
2018.11.04	14.729	14.747	14.729	14.739	282	0	0
2018.11.05	14.741	14.754	14.591	14.629	14507	0	0
2018.11.06	14.629	14.700	14.475	14.532	15310	0	0
2018.11.07	14.530	14.709	14.469	14.553	18242	0	0
2018.11.08	14.553	14.578	14.374	14.420	15868	0	0
2018.11.09	14.421	14.423	14.096	14.145	17115	0	0
2018.11.11	14.153	14.174	14.152	14.174	311	0	0
2018.11.12	14.174	14.197	13.972	14.013	14118	0	0
2018.11.13	14.012	14.113	13.945	14.010	17449	0	0
2018.11.14	14.011	14.180	13.883	14.127	18958	0	0
2018.11.15	14.127	14.336	14.087	14.276	19326	0	0
2018.11.16	14.277	14.409	14.230	14.397	17025	0	0
2018.11.18	14.400	14.404	14.388	14.400	279	0	0
2018.11.19	14.399	14.428	14.339	14.411	14336	0	0
2018.11.20	14.412	14.475	14.221	14.309	18037	0	0
2018.11.21	14.308	14.541	14.268	14.473	15829	0	0
2018.11.22	14.475	14.528	14.436	14.480	9097	0	0
2018.11.23	14.480	14.492	14.179	14.265	13796	0	0
2018.11.25	14.298	14.299	14.275	14.291	281	0	0
2018.11.26	14.292	14.425	14.207	14.234	14196	0	0
2018.11.27	14.235	14.294	14.085	14.142	16016	0	0
2018.11.28	14.142	14.383	14.109	14.311	15985	0	0
2018.11.29	14.311	14.378	14.258	14.299	17904	0	0
2018.11.30	14.298	14.326	14.042	14.164	15429	0	0
2018.12.02	14.233	14.243	14.202	14.221	480	0	0
2018.12.03	14.222	14.551	14.195	14.389	18723	0	0
2018.12.04	14.389	14.648	14.377	14.520	17879	0	0
2018.12.05	14.519	14.527	14.410	14.485	11926	0	0
2018.12.06	14.484	14.495	14.331	14.454	19118	0	0
2018.12.07	14.453	14.631	14.427	14.612	17920	0	0
2018.12.09	14.628	14.628	14.595	14.595	325	0	0
2018.12.10	14.595	14.618	14.467	14.520	17275	0	0
2018.12.11	14.519	14.702	14.499	14.557	17071	0	0
2018.12.12	14.556	14.783	14.529	14.726	16684	0	0
2018.12.13	14.726	14.792	14.671	14.729	15469	0	0
2018.12.14	14.728	14.734	14.482	14.555	15516	0	0
2018.12.16	14.548	14.560	14.543	14.549	181	0	0
2018.12.17	14.548	14.689	14.538	14.651	13145	0	0
2018.12.18	14.653	14.708	14.600	14.622	14129	0	0
2018.12.19	14.621	14.808	14.537	14.608	17521	0	0
2018.12.20	14.608	14.830	14.543	14.768	20412	0	0
2018.12.21	14.770	14.782	14.593	14.615	16145	0	0
2018.12.23	14.652	14.652	14.636	14.650	211	0	0
2018.12.24	14.650	14.790	14.647	14.763	12187	0	0
2018.12.26	14.811	15.154	14.800	15.026	16309	0	0
2018.12.27	15.026	15.255	14.926	15.217	19929	0	0
2018.12.28	15.218	15.379	15.209	15.368	17446	0	0
2018.12.30	15.372	15.372	15.344	15.359	215	0	0
2018.12.31	15.360	15.492	15.311	15.473	13553	0	0
2019.01.02	15.441	15.597	15.307	15.476	19829	0	0
2019.01.03	15.480	15.737	15.474	15.731	21287	0	0
2019.01.04	15.731	15.856	15.572	15.677	20505	0	0
2019.01.06	15.699	15.704	15.679	15.685	273	0	0
2019.01.07	15.685	15.800	15.607	15.645	17318	0	0
2019.01.08	15.646	15.672	15.490	15.656	16050	0	0
2019.01.09	15.655	15.760	15.569	15.728	17742	0	0
2019.01.10	15.727	15.770	15.537	15.567	17581	0	0
2019.01.11	15.568	15.723	15.543	15.580	16483	0	0
2019.01.13	15.594	15.597	15.584	15.587	252	0	0
2019.01.14	15.586	15.647	15.532	15.636	15270	0	0
2019.01.15	15.635	15.683	15.529	15.575	15650	0	0
2019.01.16	15.575	15.631	15.478	15.575	13628	0	0
2019.01.17	15.576	15.601	15.443	15.523	14231	0	0
2019.01.18	15.523	15.565	15.314	15.321	14174	0	0
2019.01.20	15.328	15.339	15.325	15.328	251	0	0
2019.01.21	15.327	15.348	15.178	15.251	9462	0	0
2019.01.22	15.251	15.336	15.168	15.320	12862	0	0
2019.01.23	15.321	15.419	15.257	15.355	13885	0	0
2019.01.24	15.354	15.380	15.229	15.303	14266	0	0
2019.01.25	15.303	15.738	15.279	15.734	14218	0	0
2019.01.27	15.719	15.726	15.708	15.712	291	0	0
2019.01.28	15.711	15.802	15.593	15.736	13478	0	0
2019.01.29	15.737	15.900	15.705	15.815	14360	0	0
2019.01.30	15.816	16.088	15.808	16.039	16751	0	0
2019.01.31	16.040	16.171	15.981	16.033	15889	0	0
2019.02.01	16.034	16.063	15.878	15.886	14884	0	0
2019.02.03	15.892	15.898	15.882	15.890	219	0	0
2019.02.04	15.888	15.907	15.678	15.840	12728	0	0
2019.02.05	15.841	15.914	15.800	15.835	12883	0	0
2019.02.06	15.834	15.851	15.632	15.648	12299	0	0
2019.02.07	15.649	15.741	15.631	15.732	13682	0	0
2019.02.08	15.733	15.851	15.645	15.816	12785	0	0
2019.02.10	15.800	15.813	15.800	15.811	164	0	0
2019.02.11	15.808	15.826	15.655	15.689	12086	0	0
2019.02.12	15.689	15.814	15.656	15.692	12137	0	0
2019.02.13	15.693	15.800	15.530	15.582	13128	0	0
2019.02.14	15.582	15.674	15.474	15.603	14662	0	0
2019.02.15	15.602	15.788	15.548	15.768	13087	0	0
2019.02.17	15.764	15.770	15.759	15.769	279	0	0
2019.02.18	15.768	15.842	15.748	15.801	8407	0	0
2019.02.19	15.801	15.990	15.731	15.955	13918	0	0
2019.02.20	15.954	16.198	15.946	16.064	16103	0	0
2019.02.21	16.065	16.088	15.781	15.831	17604	0	0
2019.02.22	15.832	15.962	15.797	15.903	14486	0	0
2019.02.24	15.895	15.916	15.895	15.907	268	0	0
2019.02.25	15.907	15.990	15.835	15.882	15398	0	0
2019.02.26	15.881	15.923	15.779	15.915	13929	0	0
2019.02.27	15.917	16.173	15.686	15.739	12622	0	0
2019.02.28	15.739	15.809	15.563	15.608	14391	0	0
2019.03.01	15.607	15.622	15.131	15.192	15837	0	0
2019.03.03	15.220	15.238	15.216	15.217	349	0	0
2019.03.04	15.218	15.262	15.048	15.073	15430	0	0
2019.03.05	15.072	15.153	15.033	15.128	14919	0	0
2019.03.06	15.128	15.144	15.034	15.070	13006	0	0
2019.03.07	15.069	15.107	14.967	15.028	13604	0	0
2019.03.08	15.027	15.355	14.992	15.319	15293	0	0
2019.03.10	15.302	15.314	15.292	15.307	254	0	0
2019.03.11	15.308	15.340	15.200	15.293	12607	0	0
2019.03.12	15.294	15.460	15.288	15.430	12633	0	0
2019.03.13	15.428	15.521	15.410	15.431	11421	0	0
2019.03.14	15.431	15.439	15.125	15.170	13560	0	0
2019.03.15	15.171	15.376	15.158	15.275	12810	0	0
2019.03.17	15.285	15.286	15.252	15.255	434	0	0
2019.03.18	15.254	15.408	15.211	15.325	11887	0	0
2019.03.19	15.326	15.431	15.305	15.357	10869	0	0
2019.03.20	15.356	15.541	15.259	15.498	13930	0	0
2019.03.21	15.498	15.621	15.367	15.444	14807	0	0
2019.03.22	15.443	15.533	15.349	15.422	14833	0	0
2019.03.24	15.423	15.425	15.389	15.395	408	0	0
2019.03.25	15.392	15.568	15.375	15.518	12583	0	0
2019.03.26	15.517	15.542	15.380	15.423	12943	0	0
2019.03.27	15.422	15.465	15.250	15.266	15014	0	0
2019.03.28	15.264	15.320	14.965	15.024	15671	0	0
2019.03.29	15.024	15.189	14.972	15.122	13975	0	0
2019.03.31	15.124	15.145	15.123	15.125	484	0	0
2019.04.01	15.126	15.200	15.045	15.085	14035	0	0
2019.04.02	15.084	15.108	14.928	15.099	11942	0	0
2019.04.03	15.098	15.180	15.028	15.137	12891	0	0
2019.04.04	15.136	15.163	14.888	15.138	12624	0	0
2019.04.05	15.139	15.195	15.056	15.094	12931	0	0
2019.04.07	15.110	15.130	15.102	15.109	471	0	0
2019.04.08	15.107	15.286	15.105	15.230	11801	0	0
2019.04.09	15.228	15.325	15.200	15.212	11658	0	0
2019.04.10	15.211	15.280	15.136	15.217	13510	0	0
2019.04.11	15.217	15.240	14.885	14.958	12760	0	0
2019.04.12	14.955	15.100	14.942	14.956	12176	0	0
2019.04.14	14.974	14.986	14.949	14.955	461	0	0
2019.04.15	14.954	15.023	14.840	15.001	13772	0	0
2019.04.16	15.002	15.002	14.867	14.992	13791	0	0
2019.04.17	14.992	15.084	14.913	14.973	13001	0	0
2019.04.18	14.973	15.017	14.919	14.991	12027	0	0
2019.04.22	15.015	15.067	14.979	14.994	9407	0	0
2019.04.23	14.996	15.023	14.737	14.811	11867	0	0
2019.04.24	14.811	14.974	14.776	14.914	13342	0	0
2019.04.25	14.913	14.997	14.849	14.941	13313	0	0
2019.04.26	14.940	15.067	14.891	15.062	13405	0	0
2019.04.28	15.051	15.059	15.042	15.042	482	0	0
2019.04.29	15.044	15.049	14.869	14.912	11754	0	0
2019.04.30	14.913	14.997	14.806	14.933	13552	0	0
2019.05.01	14.933	14.945	14.591	14.678	14449	0	0
2019.05.02	14.676	14.711	14.552	14.611	13935	0	0
2019.05.03	14.610	14.963	14.582	14.913	12976	0	0
2019.05.05	14.917	14.956	14.896	14.908	1350	0	0
2019.05.06	14.907	14.918	14.746	14.910	14217	0	0
2019.05.07	14.909	14.928	14.786	14.898	13890	0	0
2019.05.08	14.899	14.956	14.812	14.831	12715	0	0
2019.05.09	14.831	14.851	14.686	14.752	14207	0	0
2019.05.10	14.753	14.830	14.723	14.764	13835	0	0
2019.05.12	14.761	14.770	14.739	14.740	614	0	0
2019.05.13	14.740	14.794	14.606	14.776	11815	0	0
2019.05.14	14.777	14.841	14.725	14.788	12749	0	0
2019.05.15	14.788	14.841	14.748	14.774	11976	0	0
2019.05.16	14.775	14.807	14.513	14.528	10929	0	0
2019.05.17	14.529	14.537	14.385	14.397	10207	0	0
2019.05.19	14.415	14.432	14.415	14.430	480	0	0
2019.05.20	14.431	14.467	14.373	14.455	10274	0	0
2019.05.21	14.456	14.460	14.366	14.444	9366	0	0
2019.05.22	14.444	14.485	14.385	14.439	8833	0	0
2019.05.23	14.438	14.632	14.408	14.591	11681	0	0
2019.05.24	14.591	14.599	14.524	14.549	9672	0	0
2019.05.26	14.561	14.568	14.555	14.560	398	0	0
2019.05.27	14.559	14.614	14.545	14.578	4983	0	0
2019.05.28	14.578	14.592	14.284	14.349	10350	0	0
2019.05.29	14.349	14.467	14.338	14.399	10938	0	0
2019.05.30	14.399	14.560	14.355	14.516	10660	0	0
2019.05.31	14.517	14.671	14.469	14.564	13874	0	0
2019.06.02	14.570	14.613	14.570	14.612	599	0	0
2019.06.03	14.610	14.819	14.568	14.764	14369	0	0
2019.06.04	14.763	14.843	14.649	14.805	14616	0	0
2019.06.05	14.806	15.028	14.758	14.796	17170	0	0
2019.06.06	14.795	14.983	14.735	14.860	14413	0	0
2019.06.07	14.859	15.137	14.844	14.998	12962	0	0
2019.06.09	14.959	14.975	14.948	14.967	584	0	0
2019.06.10	14.966	14.992	14.632	14.702	13442	0	0
2019.06.11	14.701	14.786	14.640	14.742	11908	0	0
2019.06.12	14.741	14.864	14.715	14.764	14644	0	0
2019.06.13	14.764	14.923	14.730	14.917	12986	0	0
2019.06.14	14.916	15.105	14.784	14.853	15605	0	0
2019.06.16	14.862	14.865	14.810	14.815	402	0	0
2019.06.17	14.814	14.892	14.766	14.820	13299	0	0
2019.06.18	14.822	15.070	14.804	14.991	16644	0	0
2019.06.19	14.991	15.162	14.906	15.114	16866	0	0
2019.06.20	15.115	15.500	15.112	15.444	23890	0	0
2019.06.21	15.445	15.540	15.149	15.326	24370	0	0
2019.06.23	15.340	15.418	15.338	15.396	1550	0	0
2019.06.24	15.397	15.474	15.281	15.457	19397	0	0
2019.06.25	15.456	15.496	15.264	15.299	26867	0	0
2019.06.26	15.300	15.341	15.166	15.277	21637	0	0
2019.06.27	15.277	15.283	15.150	15.258	17514	0	0
2019.06.28	15.260	15.327	15.197	15.300	18567	0	0
2019.06.30	15.147	15.227	15.142	15.181	1891	0	0
2019.07.01	15.180	15.288	15.110	15.134	19617	0	0
2019.07.02	15.135	15.371	15.034	15.367	19117	0	0
2019.07.03	15.371	15.448	15.189	15.291	19891	0	0
2019.07.04	15.292	15.319	15.207	15.303	10599	0	0
2019.07.05	15.304	15.308	14.883	14.989	17699	0	0
2019.07.07	14.987	14.991	14.948	14.962	1042	0	0
2019.07.08	14.962	15.110	14.954	15.000	15665	0	0
2019.07.09	14.999	15.119	14.933	15.077	14999	0	0
2019.07.10	15.078	15.271	15.031	15.264	17214	0	0
2019.07.11	15.266	15.299	15.089	15.105	16890	0	0
2019.07.12	15.104	15.236	15.040	15.205	14789	0	0
2019.07.14	15.227	15.245	15.193	15.216	782	0	0
2019.07.15	15.216	15.409	15.151	15.379	14416	0	0
2019.07.16	15.381	15.680	15.299	15.538	17441	0	0
2019.07.17	15.537	15.974	15.506	15.923	17036	0	0
2019.07.18	15.924	16.390	15.908	16.310	22880	0	0
2019.07.19	16.311	16.571	16.047	16.192	22574	0	0
2019.07.21	16.217	16.231	16.172	16.190	898	0	0
2019.07.22	16.190	16.414	16.158	16.320	18319	0	0
2019.07.23	16.317	16.522	16.164	16.342	19734	0	0
2019.07.24	16.343	16.632	16.340	16.596	15308	0	0
2019.07.25	16.594	16.633	16.311	16.413	18418	0	0
2019.07.26	16.414	16.503	16.320	16.370	14036	0	0
2019.07.28	16.405	16.405	16.360	16.362	540	0	0
2019.07.29	16.363	16.458	16.321	16.422	12541	0	0
2019.07.30	16.422	16.588	16.384	16.540	11113	0	0
2019.07.31	16.543	16.555	16.185	16.245	14142	0	0
2019.08.01	16.246	16.365	15.909	16.287	19912	0	0
2019.08.02	16.292	16.335	16.029	16.187	20852	0	0
2019.08.04	16.195	16.203	16.168	16.170	612	0	0
2019.08.05	16.169	16.554	16.105	16.479	21489	0	0
2019.08.06	16.479	16.491	16.343	16.464	17232	0	0
2019.08.07	16.465	17.226	16.460	17.084	23020	0	0
2019.08.08	17.083	17.193	16.792	17.003	20934	0	0
2019.08.09	17.001	17.122	16.850	16.949	16878	0	0
2019.08.11	16.951	16.997	16.941	16.992	615	0	0
2019.08.12	16.991	17.143	16.798	17.062	16105	0	0
2019.08.13	17.059	17.492	16.520	16.961	23206	0	0
2019.08.14	16.960	17.308	16.858	17.225	23355	0	0
2019.08.15	17.226	17.373	17.087	17.275	20497	0	0
2019.08.16	17.276	17.316	17.037	17.083	16522	0	0
2019.08.18	17.089	17.118	17.075	17.076	547	0	0
2019.08.19	17.080	17.119	16.837	16.868	15931	0	0
2019.08.20	16.866	17.175	16.842	17.110	13783	0	0
2019.08.21	17.111	17.185	16.981	17.112	13794	0	0
2019.08.22	17.111	17.131	16.928	17.010	13625	0	0
2019.08.23	17.009	17.463	16.966	17.406	16056	0	0
2019.08.25	17.627	17.723	17.570	17.670	1831	0	0
2019.08.26	17.669	17.758	17.513	17.650	21599	0	0
2019.08.27	17.645	18.192	17.622	18.173	18309	0	0
2019.08.28	18.172	18.490	18.049	18.323	17639	0	0
2019.08.29	18.322	18.635	18.032	18.267	22849	0	0
2019.08.30	18.266	18.457	18.053	18.343	22894	0	0
2019.09.01	18.415	18.547	18.408	18.449	899	0	0
2019.09.02	18.446	18.535	18.251	18.377	14330	0	0
2019.09.03	18.376	19.353	18.319	19.341	23007	0	0
2019.09.04	19.342	19.631	19.171	19.549	25562	0	0
2019.09.05	19.548	19.557	18.469	18.655	26851	0	0
2019.09.06	18.657	18.780	17.954	18.146	29711	0	0
2019.09.08	18.071	18.179	18.046	18.164	1055	0	0
2019.09.09	18.165	18.292	17.910	17.940	24457	0	0
2019.09.10	17.941	18.156	17.763	17.998	23223	0	0
2019.09.11	17.997	18.228	17.867	18.074	17249	0	0
2019.09.12	18.072	18.450	17.992	18.046	20978	0	0
2019.09.13	18.046	18.174	17.385	17.427	18170	0	0
2019.09.15	17.635	17.759	17.598	17.738	1728	0	0
2019.09.16	17.737	17.984	17.697	17.808	22474	0	0
2019.09.17	17.808	18.074	17.735	17.987	22173	0	0
2019.09.18	17.988	18.027	17.507	17.663	23266	0	0
2019.09.19	17.662	17.924	17.583	17.786	23578	0	0
2019.09.20	17.787	17.966	17.736	17.950	19565	0	0
2019.09.22	17.942	17.975	17.934	17.973	1010	0	0
2019.09.23	17.970	18.688	17.943	18.606	25485	0	0
2019.09.24	18.606	18.719	18.238	18.617	26606	0	0
2019.09.25	18.616	18.667	17.802	17.971	26425	0	0
2019.09.26	17.972	18.034	17.722	17.857	26315	0	0
2019.09.27	17.858	17.884	17.280	17.511	27044	0	0
2019.09.29	17.529	17.586	17.511	17.512	1005	0	0
2019.09.30	17.513	17.553	16.915	17.022	27488	0	0
2019.10.01	17.021	17.318	16.884	17.302	26849	0	0
2019.10.02	17.303	17.657	17.178	17.568	25547	0	0
2019.10.03	17.568	17.779	17.454	17.607	24792	0	0
2019.10.04	17.606	17.661	17.282	17.533	21123	0	0
2019.10.06	17.573	17.575	17.509	17.544	485	0	0
2019.10.07	17.542	17.596	17.374	17.397	19179	0	0
2019.10.08	17.398	17.792	17.257	17.761	26325	0	0
2019.10.09	17.759	17.939	17.654	17.823	24580	0	0
2019.10.10	17.820	17.850	17.408	17.502	26088	0	0
2019.10.11	17.498	17.735	17.329	17.526	26201	0	0
2019.10.13	17.509	17.517	17.451	17.468	920	0	0
2019.10.14	17.467	17.682	17.411	17.631	20093	0	0
2019.10.15	17.631	17.717	17.335	17.414	20153	0	0
2019.10.16	17.413	17.454	17.149	17.384	20535	0	0
2019.10.17	17.385	17.624	17.298	17.538	19244	0	0
2019.10.18	17.537	17.584	17.393	17.536	16121	0	0
2019.10.20	17.558	17.560	17.531	17.558	577	0	0
2019.10.21	17.557	17.857	17.495	17.546	18433	0	0
2019.10.22	17.545	17.650	17.417	17.533	17846	0	0
2019.10.23	17.534	17.603	17.490	17.540	15488	0	0
2019.10.24	17.541	17.826	17.463	17.786	16876	0	0
2019.10.25	17.787	18.314	17.775	18.021	21466	0	0
2019.10.27	17.984	18.013	17.981	18.010	796	0	0
2019.10.28	18.009	18.119	17.771	17.800	20501	0	0
2019.10.29	17.800	17.881	17.594	17.771	20829	0	0
2019.10.30	17.771	17.945	17.575	17.833	21041	0	0
2019.10.31	17.834	18.156	17.779	18.072	23041	0	0
2019.11.01	18.073	18.133	17.923	18.101	18638	0	0
2019.11.03	18.097	18.114	18.091	18.107	394	0	0
2019.11.04	18.108	18.203	17.951	18.003	18566	0	0
2019.11.05	18.002	18.072	17.521	17.576	22395	0	0
2019.11.06	17.577	17.633	17.370	17.600	20296	0	0
2019.11.07	17.599	17.650	16.945	17.101	23582	0	0
2019.11.08	17.099	17.107	16.680	16.790	23581	0	0
2019.11.10	16.799	16.825	16.786	16.821	411	0	0
2019.11.11	16.819	16.923	16.652	16.821	18764	0	0
2019.11.12	16.820	16.885	16.632	16.798	22228	0	0
2019.11.13	16.799	17.012	16.759	16.947	21604	0	0
2019.11.14	16.946	17.088	16.866	16.979	20144	0	0
2019.11.15	16.980	17.018	16.808	16.933	17948	0	0
2019.11.17	16.954	16.982	16.946	16.975	294	0	0
2019.11.18	16.976	17.043	16.727	17.028	18798	0	0
2019.11.19	17.027	17.170	16.956	17.153	20186	0	0
2019.11.20	17.155	17.192	17.017	17.162	21288	0	0
2019.11.21	17.164	17.168	17.027	17.098	20159	0	0
2019.11.22	17.097	17.220	16.981	16.988	13619	0	0
2019.11.24	16.935	16.936	16.883	16.909	364	0	0
2019.11.25	16.908	16.981	16.838	16.841	12746	0	0
2019.11.26	16.840	17.100	16.803	17.065	12273	0	0
2019.11.27	17.064	17.078	16.918	16.975	11357	0	0
2019.11.28	16.976	17.001	16.903	16.934	7097	0	0
2019.11.29	16.935	17.029	16.845	17.004	10028	0	0
2019.12.01	16.986	16.986	16.960	16.964	262	0	0
2019.12.02	16.963	16.981	16.811	16.899	11634	0	0
2019.12.03	16.901	17.189	16.860	17.146	14121	0	0
2019.12.04	17.145	17.285	16.789	16.854	16894	0	0
2019.12.05	16.853	17.001	16.807	16.948	13001	0	0
2019.12.06	16.947	17.023	16.517	16.568	12660	0	0
2019.12.08	16.544	16.578	16.542	16.575	328	0	0
2019.12.09	16.576	16.670	16.514	16.587	10142	0	0
2019.12.10	16.585	16.702	16.567	16.643	11190	0	0
2019.12.11	16.641	16.948	16.590	16.853	13814	0	0
2019.12.12	16.853	17.106	16.758	16.873	17621	0	0
2019.12.13	16.877	17.016	16.831	16.932	15528	0	0
2019.12.15	16.934	16.936	16.912	16.917	249	0	0
2019.12.16	16.916	17.071	16.890	17.017	10495	0	0
2019.12.17	17.018	17.098	16.950	16.985	10073	0	0
2019.12.18	16.984	17.053	16.871	17.009	9275	0	0
2019.12.19	17.008	17.110	16.887	17.042	9275	0	0
2019.12.20	17.041	17.243	17.017	17.158	9672	0	0
2019.12.22	17.174	17.187	17.169	17.183	222	0	0
2019.12.23	17.185	17.441	17.167	17.423	10882	0	0
2019.12.24	17.424	17.768	17.359	17.737	10505	0	0
2019.12.26	17.954	18.036	17.746	17.902	11568	0	0
2019.12.27	17.903	17.958	17.732	17.737	13463	0	0
2019.12.29	17.768	17.810	17.767	17.803	287	0	0
2019.12.30	17.805	17.947	17.771	17.903	11115	0	0
2019.12.31	17.904	18.129	17.809	17.929	11767	0	0
2020.01.02	17.882	18.080	17.777	18.015	13377	0	0
2020.01.03	18.014	18.256	17.984	18.012	18663	0	0
2020.01.05	18.200	18.287	18.153	18.162	1367	0	0
2020.01.06	18.159	18.490	18.002	18.105	19907	0	0
2020.01.07	18.104	18.589	17.937	18.569	20556	0	0
2020.01.08	18.568	18.840	18.045	18.114	27909	0	0
2020.01.09	18.118	18.190	17.788	17.898	19426	0	0
2020.01.10	17.899	18.137	17.832	18.065	14323	0	0
2020.01.12	18.059	18.077	18.019	18.042	385	0	0
2020.01.13	18.044	18.064	17.908	17.914	12589	0	0
2020.01.14	17.915	17.926	17.670	17.820	15700	0	0
2020.01.15	17.819	18.024	17.738	18.002	14809	0	0
2020.01.16	18.003	18.035	17.856	17.937	12955	0	0
2020.01.17	17.935	18.157	17.891	18.004	13032	0	0
2020.01.19	18.043	18.043	18.011	18.025	349	0	0
2020.01.20	18.026	18.115	17.986	18.059	7586	0	0
2020.01.21	18.058	18.139	17.622	17.742	16687	0	0
2020.01.22	17.741	17.915	17.674	17.864	13176	0	0
2020.01.23	17.863	17.882	17.592	17.757	15048	0	0
2020.01.24	17.759	18.133	17.735	18.096	13426	0	0
2020.01.26	18.241	18.333	18.183	18.193	1158	0	0
2020.01.27	18.195	18.322	18.032	18.073	16692	0	0
2020.01.28	18.072	18.105	17.427	17.465	14926	0	0
2020.01.29	17.464	17.577	17.346	17.561	11847	0	0
2020.01.30	17.560	18.025	17.551	17.823	16555	0	0
2020.01.31	17.819	18.079	17.781	18.013	14372	0	0
2020.02.02	18.032	18.084	18.027	18.065	825	0	0
2020.02.03	18.064	18.068	17.588	17.684	16978	0	0
2020.02.04	17.685	17.769	17.516	17.597	15244	0	0
2020.02.05	17.595	17.711	17.474	17.611	16076	0	0
2020.02.06	17.609	17.869	17.600	17.800	14177	0	0
2020.02.07	17.798	17.849	17.612	17.677	14646	0	0
2020.02.09	17.676	17.765	17.675	17.732	706	0	0
2020.02.10	17.731	17.826	17.669	17.750	12248	0	0
2020.02.11	17.749	17.795	17.561	17.619	11771	0	0
2020.02.12	17.620	17.657	17.454	17.513	12083	0	0
2020.02.13	17.512	17.720	17.501	17.652	12816	0	0
2020.02.14	17.649	17.795	17.608	17.722	10604	0	0
2020.02.16	17.696	17.727	17.682	17.727	299	0	0
2020.02.17	17.726	17.876	17.708	17.797	6877	0	0
2020.02.18	17.796	18.219	17.794	18.151	13669	0	0
2020.02.19	18.150	18.451	18.138	18.387	15711	0	0
2020.02.20	18.384	18.424	18.214	18.403	18424	0	0
2020.02.21	18.405	18.615	18.343	18.474	18328	0	0
2020.02.23	18.633	18.793	18.610	18.662	1273	0	0
2020.02.24	18.661	18.931	18.529	18.596	26286	0	0
2020.02.25	18.598	18.631	17.842	18.046	27763	0	0
2020.02.26	18.045	18.196	17.780	17.908	24718	0	0
2020.02.27	17.906	18.123	17.609	17.781	23846	0	0
2020.02.28	17.783	17.853	16.380	16.670	31837	0	0
2020.03.01	16.479	16.547	16.427	16.546	1105	0	0
2020.03.02	16.545	17.043	16.519	16.805	26631	0	0
2020.03.03	16.804	17.453	16.740	17.248	25370	0	0
2020.03.04	17.247	17.321	17.071	17.165	21938	0	0
2020.03.05	17.163	17.480	17.136	17.477	19409	0	0
2020.03.06	17.478	17.559	17.036	17.340	27842	0	0
2020.03.08	17.502	17.580	17.417	17.490	2269	0	0
2020.03.09	17.488	17.501	16.551	16.908	33052	0	0
2020.03.10	16.904	17.179	16.800	16.963	24724	0	0
2020.03.11	16.964	17.094	16.663	16.794	21340	0	0
2020.03.12	16.795	16.908	15.511	15.702	31758	0	0
2020.03.13	15.699	15.851	14.434	14.742	31311	0	0
2020.03.15	14.913	15.106	14.745	14.782	3282	0	0
2020.03.16	14.781	14.801	11.274	13.001	39655	0	0
2020.03.17	13.003	13.236	12.113	12.752	34461	0	0
2020.03.18	12.753	12.863	11.628	12.252	38006	0	0
2020.03.19	12.253	12.292	11.765	12.101	30404	0	0
2020.03.20	12.099	13.010	12.097	12.622	29032	0	0
2020.03.22	12.572	12.581	12.274	12.414	2109	0	0
2020.03.23	12.413	13.795	12.371	13.767	29288	0	0
2020.03.24	13.765	14.645	13.159	14.637	32264	0	0
2020.03.25	14.636	14.698	13.993	14.367	28185	0	0
2020.03.26	14.368	14.664	14.134	14.394	25635	0	0
2020.03.27	14.388	14.617	14.158	14.461	21647	0	0
2020.03.29	14.502	14.526	14.293	14.364	1604	0	0
2020.03.30	14.362	14.402	13.807	13.985	23081	0	0
2020.03.31	13.986	14.235	13.850	13.951	20592	0	0
2020.04.01	13.952	14.129	13.805	13.975	18508	0	0
2020.04.02	13.974	14.535	13.893	14.453	19355	0	0
2020.04.03	14.451	14.530	14.263	14.391	17075	0	0
2020.04.05	14.366	14.389	14.230	14.380	1157	0	0
2020.04.06	14.379	15.491	14.320	15.190	21685	0	0
2020.04.07	15.193	15.363	14.871	14.956	24842	0	0
2020.04.08	14.957	15.125	14.845	14.971	17573	0	0
2020.04.09	14.970	15.538	14.959	15.383	23593	0	0
2020.04.12	15.307	15.401	15.297	15.340	811	0	0
2020.04.13	15.337	15.481	15.128	15.417	24683	0	0
2020.04.14	15.414	15.829	15.330	15.651	27147	0	0
2020.04.15	15.649	15.773	15.273	15.387	24509	0	0
2020.04.16	15.388	15.583	15.203	15.468	25229	0	0
2020.04.17	15.470	15.525	15.011	15.188	25081	0	0
2020.04.19	15.162	15.188	15.069	15.072	1015	0	0
2020.04.20	15.071	15.422	15.048	15.233	22856	0	0
2020.04.21	15.235	15.317	14.530	14.872	35081	0	0
2020.04.22	14.873	15.141	14.671	15.039	26690	0	0
2020.04.23	15.030	15.433	14.952	15.229	27804	0	0
2020.04.24	15.228	15.379	15.018	15.216	20812	0	0
2020.04.26	15.199	15.231	15.146	15.230	1130	0	0
2020.04.27	15.229	15.315	15.012	15.135	18095	0	0
2020.04.28	15.133	15.226	14.900	15.125	21199	0	0
2020.04.29	15.127	15.377	15.077	15.267	21642	0	0
2020.04.30	15.266	15.481	14.656	14.949	28204	0	0
2020.05.01	14.952	15.039	14.735	14.943	19507	0	0
2020.05.03	14.936	14.958	14.694	14.877	1623	0	0
2020.05.04	14.879	15.054	14.715	14.828	19324	0	0
2020.05.05	14.827	15.019	14.710	14.932	17980	0	0
2020.05.06	14.931	15.138	14.766	14.894	21480	0	0
2020.05.07	14.893	15.422	14.884	15.243	22433	0	0
2020.05.08	15.241	15.620	15.201	15.445	23230	0	0
2020.05.10	15.464	15.558	15.460	15.553	1319	0	0
2020.05.11	15.555	15.604	15.265	15.443	20388	0	0
2020.05.12	15.446	15.620	15.315	15.428	18927	0	0
2020.05.13	15.427	15.641	15.290	15.576	18188	0	0
2020.05.14	15.574	15.902	15.433	15.865	19111	0	0
2020.05.15	15.866	16.714	15.762	16.601	25464	0	0
2020.05.17	16.746	16.929	16.647	16.890	2297	0	0
2020.05.18	16.888	17.551	16.802	17.075	29283	0	0
2020.05.19	17.078	17.476	16.960	17.384	24986	0	0
2020.05.20	17.381	17.616	17.242	17.479	23953	0	0
2020.05.21	17.478	17.478	16.864	17.057	25750	0	0
2020.05.22	17.058	17.235	16.717	17.187	24044	0	0
2020.05.24	17.138	17.167	17.113	17.141	897	0	0
2020.05.25	17.142	17.188	16.884	17.081	15158	0	0
2020.05.26	17.080	17.435	17.012	17.133	25369	0	0
2020.05.27	17.135	17.335	16.836	17.227	23886	0	0
2020.05.28	17.228	17.501	17.162	17.401	23574	0	0
2020.05.29	17.395	17.896	17.253	17.838	22487	0	0
2020.05.31	18.001	18.077	17.945	18.036	1367	0	0
2020.06.01	18.035	18.366	17.975	18.297	22334	0	0
2020.06.02	18.299	18.341	17.768	18.034	20792	0	0
2020.06.03	18.033	18.043	17.443	17.640	25623	0	0
2020.06.04	17.638	17.841	17.446	17.666	20387	0	0
2020.06.05	17.665	17.756	17.209	17.411	20033	0	0
2020.06.07	17.301	17.422	17.299	17.412	992	0	0
2020.06.08	17.411	17.771	17.405	17.691	20438	0	0
2020.06.09	17.688	17.756	17.443	17.543	19773	0	0
2020.06.10	17.546	18.163	17.530	17.944	21314	0	0
2020.06.11	17.950	18.081	17.460	17.606	23849	0	0
2020.06.12	17.602	17.738	17.374	17.466	20955	0	0
2020.06.14	17.439	17.515	17.408	17.500	1154	0	0
2020.06.15	17.497	17.539	16.940	17.366	25021	0	0
2020.06.16	17.363	17.552	17.274	17.459	22740	0	0
2020.06.17	17.458	17.595	17.324	17.469	18412	0	0
2020.06.18	17.464	17.655	17.297	17.394	18153	0	0
2020.06.19	17.388	17.788	17.349	17.592	17072	0	0
2020.06.21	17.668	17.758	17.634	17.747	1146	0	0
2020.06.22	17.746	18.017	17.649	17.779	22139	0	0
2020.06.23	17.784	18.001	17.653	17.957	21394	0	0
2020.06.24	17.956	18.053	17.344	17.492	23698	0	0
2020.06.25	17.494	17.800	17.435	17.749	19714	0	0
2020.06.26	17.750	17.932	17.479	17.755	18697	0	0
2020.06.28	17.806	17.910	17.775	17.799	1340	0	0
2020.06.29	17.800	17.934	17.677	17.850	18433	0	0
2020.06.30	17.849	18.227	17.755	18.184	19821	0	0
2020.07.01	18.183	18.424	17.824	18.002	24032	0	0
2020.07.02	18.001	18.101	17.751	17.925	19064	0	0
2020.07.03	17.922	18.055	17.919	18.021	10219	0	0
2020.07.05	18.013	18.035	17.999	18.019	607	0	0
2020.07.06	18.020	18.384	17.934	18.283	18115	0	0
2020.07.07	18.285	18.349	17.973	18.249	18839	0	0
2020.07.08	18.248	18.754	18.227	18.676	20917	0	0
2020.07.09	18.675	19.014	18.465	18.650	23514	0	0
2020.07.10	18.654	18.784	18.470	18.704	17699	0	0
2020.07.12	18.741	18.804	18.716	18.764	1068	0	0
2020.07.13	18.768	19.363	18.736	19.098	21675	0	0
2020.07.14	19.099	19.296	18.849	19.266	23842	0	0
2020.07.15	19.265	19.452	19.110	19.428	23079	0	0
2020.07.16	19.431	19.431	19.076	19.134	22615	0	0
2020.07.17	19.135	19.370	18.908	19.309	19587	0	0
2020.07.19	19.301	19.344	19.278	19.320	1009	0	0
2020.07.20	19.321	19.894	19.229	19.891	23009	0	0
2020.07.21	19.890	22.467	19.827	22.369	32265	0	0
2020.07.22	22.367	23.230	21.351	22.788	43689	0	0
2020.07.23	22.789	23.100	22.229	22.553	40895	0	0
2020.07.24	22.554	22.892	22.375	22.746	31875	0	0
2020.07.26	22.819	23.085	22.810	23.038	2799	0	0
2020.07.27	23.037	25.560	22.890	25.560	41562	0	0
2020.07.28	25.561	26.169	22.281	24.231	53860	0	0
2020.07.29	24.232	24.924	23.285	24.212	38402	0	0
2020.07.30	24.211	24.350	22.884	23.458	40335	0	0
2020.07.31	23.457	24.449	23.259	24.316	38590	0	0
2020.08.02	24.745	24.777	24.046	24.531	3439	0	0
2020.08.03	24.530	24.612	23.993	24.216	32457	0	0
2020.08.04	24.209	26.282	24.100	26.218	39030	0	0
2020.08.05	26.209	27.107	25.350	26.857	47628	0	0
2020.08.06	26.850	29.824	26.770	29.744	49564	0	0
2020.08.07	29.746	29.796	27.356	28.271	52657	0	0
2020.08.09	28.245	28.245	27.797	28.109	2978	0	0
2020.08.10	28.110	29.379	27.822	29.027	44326	0	0
2020.08.11	29.029	29.133	24.364	24.890	64284	0	0
2020.08.12	24.893	26.246	23.410	25.617	58547	0	0
2020.08.13	25.613	27.700	25.532	27.433	50685	0	0
2020.08.14	27.432	27.522	25.715	26.403	50590	0	0
2020.08.16	26.548	26.818	26.076	26.125	2769	0	0
2020.08.17	26.121	27.541	25.797	27.308	46815	0	0
2020.08.18	27.307	28.432	27.071	27.905	47039	0	0
2020.08.19	27.909	27.997	26.458	26.659	52346	0	0
2020.08.20	26.652	27.494	26.576	27.423	48254	0	0
2020.08.21	27.416	27.507	26.015	26.737	40254	0	0
2020.08.23	26.730	26.742	26.374	26.542	2779	0	0
2020.08.24	26.541	27.209	26.236	26.598	37113	0	0
2020.08.25	26.597	26.772	26.032	26.478	35184	0	0
2020.08.26	26.474	27.458	26.066	27.399	35734	0	0
2020.08.27	27.395	27.891	26.481	26.919	37497	0	0
2020.08.28	26.918	27.679	26.805	27.471	35840	0	0
2020.08.30	27.608	28.130	27.604	27.913	2864	0	0
2020.08.31	27.904	28.327	27.551	28.103	34049	0	0
2020.09.01	28.102	28.870	27.542	28.260	36853	0	0
2020.09.02	28.256	28.280	27.041	27.516	36901	0	0
2020.09.03	27.515	27.682	26.353	26.438	38820	0	0
2020.09.04	26.437	27.002	26.276	26.881	35018	0	0
2020.09.06	26.841	26.988	26.803	26.819	1198	0	0
2020.09.07	26.820	27.138	26.596	26.834	20047	0	0
2020.09.08	26.833	27.066	25.816	26.593	33923	0	0
2020.09.09	26.594	27.089	26.382	26.952	27968	0	0
2020.09.10	26.953	27.451	26.662	26.800	30782	0	0
2020.09.11	26.799	26.999	26.541	26.703	26566	0	0
2020.09.13	26.653	26.783	26.645	26.761	1050	0	0
2020.09.14	26.763	27.267	26.660	27.137	21983	0	0
2020.09.15	27.136	27.593	26.975	27.094	26273	0	0
2020.09.16	27.092	27.411	26.846	27.138	27780	0	0
2020.09.17	27.139	27.171	26.266	27.015	31523	0	0
2020.09.18	27.011	27.181	26.662	26.749	26072	0	0
2020.09.20	26.736	26.754	26.550	26.705	1475	0	0
2020.09.21	26.698	26.929	23.670	25.004	36355	0	0
2020.09.22	25.003	25.201	23.801	24.411	36906	0	0
2020.09.23	24.407	24.443	21.673	21.882	42767	0	0
2020.09.24	21.893	23.322	21.639	23.196	42582	0	0
2020.09.25	23.184	23.269	22.408	22.866	35607	0	0
2020.09.27	22.977	23.056	22.961	22.968	1385	0	0
2020.09.28	22.965	23.795	22.495	23.741	34735	0	0
2020.09.29	23.734	24.380	23.353	24.233	33085	0	0
2020.09.30	24.232	24.246	23.110	23.331	35354	0	0
2020.10.01	23.330	24.140	23.202	23.780	31397	0	0
2020.10.02	23.772	24.176	23.456	23.666	32000	0	0
2020.10.04	23.818	23.902	23.668	23.870	1209	0	0
2020.10.05	23.872	24.480	23.660	24.327	25876	0	0
2020.10.06	24.324	24.472	22.848	23.269	30982	0	0
2020.10.07	23.270	23.953	23.166	23.761	28746	0	0
2020.10.08	23.759	24.188	23.634	23.848	24050	0	0
2020.10.09	23.847	25.148	23.835	25.114	26854	0	0
2020.10.11	25.061	25.274	25.054	25.180	1624	0	0
2020.10.12	25.181	25.528	24.759	25.148	29509	0	0
2020.10.13	25.145	25.146	23.913	24.146	33421	0	0
2020.10.14	24.138	24.608	23.851	24.156	30517	0	0
2020.10.15	24.153	24.297	23.548	24.221	31942	0	0
2020.10.16	24.224	24.495	24.031	24.110	26537	0	0
2020.10.18	24.180	24.203	24.114	24.183	1225	0	0
2020.10.19	24.181	24.941	24.094	24.395	30490	0	0
2020.10.20	24.393	24.897	24.297	24.741	29216	0	0
2020.10.21	24.736	25.256	24.710	24.943	31180	0	0
2020.10.22	24.938	25.006	24.342	24.669	26658	0	0
2020.10.23	24.663	24.828	24.389	24.572	22602	0	0
2020.10.25	24.561	24.567	24.163	24.436	1684	0	0
2020.10.26	24.431	24.540	24.073	24.261	26932	0	0
2020.10.27	24.257	24.585	24.174	24.294	24405	0	0
2020.10.28	24.289	24.542	23.003	23.422	31750	0	0
2020.10.29	23.418	23.556	22.563	23.284	33503	0	0
2020.10.30	23.280	23.790	23.155	23.626	31228	0	0
2020.11.01	23.599	23.599	23.364	23.419	918	0	0
2020.11.02	23.421	24.135	23.370	24.046	30507	0	0
2020.11.03	24.045	24.432	23.886	24.377	27254	0	0
2020.11.04	24.376	24.469	23.199	23.927	38879	0	0
2020.11.05	23.928	25.439	23.879	25.128	33716	0	0
2020.11.06	25.130	25.810	24.865	25.595	32341	0	0
2020.11.08	25.751	25.972	25.730	25.900	1001	0	0
2020.11.09	25.904	25.936	23.550	24.204	37655	0	0
2020.11.10	24.207	24.470	23.879	24.151	31116	0	0
2020.11.11	24.158	24.407	23.752	24.218	26072	0	0
2020.11.12	24.212	24.375	24.017	24.242	22554	0	0
2020.11.13	24.237	24.785	24.134	24.639	19332	0	0
2020.11.15	24.630	24.716	24.612	24.662	479	0	0
2020.11.16	24.668	25.046	24.191	24.737	24071	0	0
2020.11.17	24.735	24.784	24.334	24.467	21354	0	0
2020.11.18	24.462	24.671	24.173	24.255	20760	0	0
2020.11.19	24.246	24.330	23.615	23.935	22692	0	0
2020.11.20	23.941	24.496	23.926	24.138	18115	0	0
2020.11.22	24.132	24.181	24.120	24.179	339	0	0
2020.11.23	24.177	24.372	23.400	23.504	20522	0	0
2020.11.24	23.508	23.590	22.906	23.260	24646	0	0
2020.11.25	23.258	23.498	23.074	23.334	18936	0	0
2020.11.26	23.333	23.455	23.160	23.185	10957	0	0
2020.11.27	23.184	23.303	22.314	22.637	16205	0	0
2020.11.29	22.676	22.682	22.601	22.609	469	0	0
2020.11.30	22.609	22.658	21.872	22.634	25964	0	0
2020.12.01	22.636	24.026	22.589	23.800	21635	0	0
2020.12.02	23.799	24.292	23.521	24.012	22412	0	0
2020.12.03	24.013	24.256	23.716	24.005	22471	0	0
2020.12.04	24.008	24.375	23.910	24.156	19859	0	0
2020.12.06	24.150	24.191	24.051	24.090	426	0	0
2020.12.07	24.093	24.754	23.495	24.502	23780	0	0
2020.12.08	24.498	24.841	24.407	24.526	21846	0	0
2020.12.09	24.530	24.546	23.562	23.860	29255	0	0
2020.12.10	23.859	24.260	23.689	23.951	26031	0	0
2020.12.11	23.956	24.092	23.569	23.905	23198	0	0
2020.12.13	23.931	23.942	23.889	23.928	737	0	0
2020.12.14	23.927	24.211	23.643	23.826	24133	0	0
2020.12.15	23.824	24.535	23.813	24.459	24612	0	0
2020.12.16	24.460	25.465	24.419	25.324	31668	0	0
2020.12.17	25.325	26.069	25.133	25.869	29701	0	0
2020.12.18	25.872	26.093	25.629	25.775	28376	0	0
2020.12.20	25.808	25.874	25.796	25.818	523	0	0
2020.12.21	25.810	27.372	24.916	26.224	44088	0	0
2020.12.22	26.221	26.548	25.048	25.373	39618	0	0
2020.12.23	25.371	25.759	25.027	25.528	32451	0	0
2020.12.24	25.530	25.874	25.391	25.739	23167	0	0
2020.12.27	25.943	26.108	25.875	26.090	742	0	0
2020.12.28	26.096	26.746	26.072	26.373	32367	0	0
2020.12.29	26.370	26.573	25.923	26.142	30361	0	0
2020.12.30	26.144	26.644	26.112	26.626	27876	0	0
2020.12.31	26.629	26.675	26.234	26.324	22317	0	0
2021.01.03	26.623	26.887	26.603	26.822	941	0	0
2021.01.04	26.821	27.535	26.690	27.144	35990	0	0
2021.01.05	27.145	27.659	26.961	27.556	33145	0	0
2021.01.06	27.563	27.891	26.562	27.269	41500	0	0
2021.01.07	27.259	27.324	26.890	27.149	34579	0	0
2021.01.08	27.146	27.179	24.445	25.404	41546	0	0
2021.01.10	25.468	25.473	24.804	25.002	1372	0	0
2021.01.11	25.012	25.285	24.308	25.023	41956	0	0
2021.01.12	25.018	25.633	24.957	25.625	34808	0	0
2021.01.13	25.627	25.653	25.098	25.285	32183	0	0
2021.01.14	25.284	25.860	25.020	25.534	33487	0	0
2021.01.15	25.533	25.758	24.559	24.723	35251	0	0
2021.01.17	24.760	24.795	24.104	24.201	1475	0	0
2021.01.18	24.198	25.125	24.194	24.970	27524	0	0
2021.01.19	24.971	25.379	24.939	25.211	31732	0	0
2021.01.20	25.208	25.870	25.007	25.810	32085	0	0
2021.01.21	25.813	26.015	25.610	25.894	32031	0	0
2021.01.22	25.895	25.928	24.998	25.452	34630	0	0
2021.01.24	25.509	25.588	25.491	25.507	701	0	0
2021.01.25	25.514	25.735	25.136	25.313	34142	0	0
2021.01.26	25.312	25.620	25.163	25.424	29156	0	0
2021.01.27	25.425	25.444	24.675	25.129	35389	0	0
2021.01.28	25.135	26.940	24.832	26.458	42964	0	0
2021.01.29	26.460	27.622	26.017	26.955	46737	0	0
2021.01.31	28.425	28.976	28.345	28.569	3166	0	0
2021.02.01	28.571	30.018	27.932	28.504	53769	0	0
2021.02.02	28.506	28.859	26.254	26.780	43330	0	0
2021.02.03	26.784	27.158	26.456	26.808	34924	0	0
2021.02.04	26.810	26.819	25.871	26.297	35531	0	0
2021.02.05	26.296	27.012	26.169	26.885	30694	0	0
2021.02.07	27.175	27.273	27.100	27.228	929	0	0
2021.02.08	27.227	27.542	26.818	27.235	29876	0	0
2021.02.09	27.236	27.776	27.037	27.191	30051	0	0
2021.02.10	27.192	27.497	26.798	26.980	29776	0	0
2021.02.11	26.979	27.254	26.678	26.957	27240	0	0
2021.02.12	26.960	27.401	26.828	27.320	25724	0	0
2021.02.14	27.467	27.511	27.356	27.397	599	0	0
2021.02.15	27.395	27.672	27.333	27.550	17441	0	0
2021.02.16	27.555	27.922	26.805	27.037	30610	0	0
2021.02.17	27.044	27.418	26.828	27.375	27088	0	0
2021.02.18	27.374	27.492	26.134	26.541	26238	0	0
2021.02.19	26.536	27.578	26.479	27.243	28691	0	0
2021.02.21	27.502	27.520	27.300	27.368	871	0	0
2021.02.22	27.366	28.249	27.247	28.181	30908	0	0
2021.02.23	28.178	28.296	27.216	27.634	31789	0	0
2021.02.24	27.631	27.997	27.292	27.895	30278	0	0
2021.02.25	27.896	28.175	27.246	27.453	38860	0	0
2021.02.26	27.452	27.562	26.109	26.643	41003	0	0
2021.02.28	26.708	26.775	26.669	26.768	1043	0	0
2021.03.01	26.770	27.044	26.408	26.504	29858	0	0
2021.03.02	26.501	26.870	25.818	26.691	33709	0	0
2021.03.03	26.687	26.794	25.804	25.973	30550	0	0
2021.03.04	25.968	26.274	25.027	25.306	39858	0	0
2021.03.05	25.305	25.430	24.807	25.210	35521	0	0
2021.03.07	25.446	25.539	25.373	25.411	1127	0	0
2021.03.08	25.414	25.893	24.921	25.139	34286	0	0
2021.03.09	25.146	26.102	25.009	25.909	32600	0	0
2021.03.10	25.906	26.191	25.520	26.149	29401	0	0
2021.03.11	26.152	26.424	25.808	26.054	28740	0	0
2021.03.12	26.053	26.137	25.360	25.892	28840	0	0
2021.03.14	25.954	26.050	25.902	25.960	1373	0	0
2021.03.15	25.962	26.267	25.770	26.198	25740	0	0
2021.03.16	26.194	26.278	25.805	25.900	23074	0	0
2021.03.17	25.898	26.484	25.730	26.338	26153	0	0
2021.03.18	26.334	26.603	25.802	26.004	30734	0	0
2021.03.19	26.002	26.287	25.846	26.207	24582	0	0
2021.03.21	26.123	26.136	25.803	25.849	1813	0	0
2021.03.22	25.848	25.926	25.385	25.772	25973	0	0
2021.03.23	25.769	25.793	24.982	25.030	24741	0	0
2021.03.24	25.032	25.334	24.951	25.050	23760	0	0
2021.03.25	25.049	25.150	24.383	25.067	28208	0	0
2021.03.26	25.068	25.222	24.844	25.025	20166	0	0
2021.03.28	25.026	25.057	24.969	25.005	943	0	0
2021.03.29	25.008	25.014	24.425	24.645	24585	0	0
2021.03.30	24.647	24.708	23.824	23.991	26790	0	0
2021.03.31	23.992	24.501	23.751	24.405	25266	0	0
2021.04.01	24.404	24.947	24.225	24.929	22631	0	0
2021.04.04	24.926	24.996	24.896	24.986	987	0	0
2021.04.05	24.985	25.054	24.587	24.791	17123	0	0
2021.04.06	24.792	25.270	24.745	25.134	22045	0	0
2021.04.07	25.132	25.249	24.833	25.131	21328	0	0
2021.04.08	25.129	25.588	24.941	25.381	20449	0	0
2021.04.09	25.376	25.473	24.959	25.227	20325	0	0
2021.04.11	25.180	25.241	25.174	25.226	679	0	0
2021.04.12	25.225	25.249	24.681	24.784	21816	0	0
2021.04.13	24.783	25.457	24.659	25.332	21821	0	0
2021.04.14	25.331	25.506	25.172	25.394	21673	0	0
2021.04.15	25.395	25.962	25.297	25.818	24106	0	0
2021.04.16	25.819	26.277	25.725	25.935	21562	0	0
2021.04.18	25.896	25.975	25.880	25.901	967	0	0
2021.04.19	25.900	26.203	25.608	25.823	26079	0	0
2021.04.20	25.824	26.065	25.667	25.753	26996	0	0
2021.04.21	25.752	26.618	25.740	26.488	24659	0	0
2021.04.22	26.489	26.560	25.954	26.090	26462	0	0
2021.04.23	26.088	26.380	25.825	25.978	21631	0	0
2021.04.25	25.949	25.969	25.897	25.934	636	0	0
2021.04.26	25.935	26.209	25.827	26.185	19020	0	0
2021.04.27	26.183	26.431	26.025	26.206	18689	0	0
2021.04.28	26.205	26.295	25.808	26.289	23054	0	0
2021.04.29	26.286	26.450	25.680	26.080	21338	0	0
2021.04.30	26.079	26.167	25.776	25.881	20688	0	0
2021.05.02	25.842	25.868	25.803	25.841	534	0	0
2021.05.03	25.839	26.969	25.780	26.848	17362	0	0
2021.05.04	26.854	27.090	26.062	26.453	21556	0	0
2021.05.05	26.451	26.600	26.080	26.423	17858	0	0
2021.05.06	26.425	27.426	26.144	27.254	22954	0	0
2021.05.07	27.250	27.640	27.105	27.417	24567	0	0
2021.05.09	27.482	27.634	27.446	27.623	913	0	0
2021.05.10	27.622	27.848	27.202	27.299	25300	0	0
2021.05.11	27.297	27.635	27.074	27.541	25071	0	0
2021.05.12	27.545	27.665	26.920	27.087	28890	0	0
2021.05.13	27.083	27.210	26.693	27.020	28437	0	0
2021.05.14	27.021	27.451	26.789	27.393	22904	0	0
2021.05.16	27.387	27.475	27.387	27.455	713	0	0
2021.05.17	27.453	28.256	27.316	28.224	23554	0	0
2021.05.18	28.220	28.715	27.975	28.126	25240	0	0
2021.05.19	28.127	28.204	27.339	27.580	31807	0	0
2021.05.20	27.583	27.969	27.366	27.674	25555	0	0
2021.05.21	27.678	28.036	27.168	27.526	24835	0	0
2021.05.23	27.498	27.560	27.487	27.536	769	0	0
2021.05.24	27.539	27.873	27.431	27.652	22423	0	0
2021.05.25	27.651	28.003	27.432	27.955	23562	0	0
2021.05.26	27.958	28.200	27.570	27.651	23892	0	0
2021.05.27	27.653	27.874	27.467	27.853	22358	0	0
2021.05.28	27.852	27.941	27.367	27.896	22147	0	0
2021.05.30	27.895	27.935	27.893	27.906	580	0	0
2021.05.31	27.907	28.103	27.845	28.051	13982	0	0
2021.06.01	28.054	28.522	27.788	27.816	22766	0	0
2021.06.02	27.815	28.158	27.658	28.121	19478	0	0
2021.06.03	28.122	28.203	27.004	27.405	23131	0	0
2021.06.04	27.406	27.817	27.199	27.762	21003	0	0
2021.06.06	27.733	27.748	27.708	27.721	500	0	0
2021.06.07	27.722	27.919	27.449	27.863	18428	0	0
2021.06.08	27.860	27.945	27.481	27.593	21052	0	0
2021.06.09	27.589	27.970	27.487	27.790	18929	0	0
2021.06.10	27.788	27.999	27.437	27.935	21624	0	0
2021.06.11	27.940	28.254	27.864	27.890	20908	0	0
2021.06.13	27.928	27.966	27.791	27.801	898	0	0
2021.06.14	27.799	27.990	27.439	27.839	19228	0	0
2021.06.15	27.838	27.855	27.363	27.652	20518	0	0
2021.06.16	27.656	27.798	26.585	27.131	23107	0	0
2021.06.17	27.138	27.191	25.747	25.993	31661	0	0
2021.06.18	25.991	26.470	25.724	25.777	27652	0	0
2021.06.20	25.849	25.909	25.823	25.871	1102	0	0
2021.06.21	25.872	26.055	25.528	25.918	28069	0	0
2021.06.22	25.915	26.016	25.659	25.748	22858	0	0
2021.06.23	25.747	26.267	25.731	25.838	21543	0	0
2021.06.24	25.839	26.143	25.791	25.911	19324	0	0
2021.06.25	25.910	26.273	25.890	26.077	19289	0	0
2021.06.27	26.075	26.120	26.072	26.102	568	0	0
2021.06.28	26.101	26.201	25.766	26.082	19958	0	0
2021.06.29	26.081	26.094	25.500	25.779	19968	0	0
2021.06.30	25.775	26.121	25.678	26.068	18530	0	0
2021.07.01	26.069	26.376	25.922	25.978	20047	0	0
2021.07.02	25.977	26.540	25.956	26.439	24587	0	0
2021.07.04	26.427	26.440	26.396	26.415	1031	0	0
2021.07.05	26.415	26.591	26.354	26.394	13143	0	54
2021.07.06	26.394	26.750	25.984	26.081	22882	0	54
2021.07.07	26.077	26.412	25.961	26.114	21227	0	54
2021.07.08	26.114	26.189	25.782	25.896	24841	0	54
2021.07.09	25.896	26.183	25.740	26.076	20097	0	54
2021.07.11	26.078	26.092	26.058	26.071	1139	0	0
2021.07.12	26.071	26.257	25.846	26.232	20547	0	54
2021.07.13	26.232	26.324	25.912	25.945	21005	0	54
2021.07.14	25.945	26.439	25.917	26.194	20751	0	54
2021.07.15	26.194	26.371	26.133	26.299	21473	0	54
2021.07.16	26.297	26.425	25.575	25.642	22156	0	54
2021.07.18	25.624	25.680	25.595	25.678	1942	0	0
2021.07.19	25.678	25.734	24.973	25.144	27318	0	54
2021.07.20	25.145	25.249	24.793	24.939	24631	0	54
2021.07.21	24.940	25.281	24.730	25.250	22292	0	54
2021.07.22	25.249	25.434	24.988	25.394	21070	0	54
2021.07.23	25.394	25.449	24.977	25.157	20156	0	54
2021.07.25	25.168	25.181	25.140	25.153	588	0	0
2021.07.26	25.150	25.411	25.095	25.142	11871	0	54
2021.07.27	25.140	25.239	24.471	24.709	13224	0	54
2021.07.28	24.715	25.024	24.586	25.024	13370	0	54
2021.07.29	25.022	25.773	24.990	25.500	12412	0	54
2021.07.30	25.501	25.609	25.320	25.462	11696	0	54
2021.08.01	25.481	25.490	25.455	25.480	654	0	0
2021.08.02	25.478	25.609	25.275	25.370	13226	0	54
2021.08.03	25.369	25.577	25.220	25.538	9653	0	54
2021.08.04	25.537	25.978	25.302	25.345	11272	0	54
2021.08.05	25.344	25.483	25.058	25.114	20772	0	0
2021.08.06	25.113	25.178	24.173	24.318	11783	0	54
2021.08.08	24.280	24.287	22.197	23.531	7438	0	0
2021.08.09	23.539	24.022	23.210	23.437	20201	0	54
2021.08.10	23.440	23.647	23.210	23.299	12378	0	54
2021.08.11	23.300	23.563	23.185	23.507	12728	0	54
2021.08.12	23.506	23.514	22.982	23.181	11607	0	54
2021.08.13	23.180	23.807	23.143	23.718	10466	0	54
2021.08.15	23.737	23.745	23.657	23.664	644	0	0
2021.08.16	23.663	23.872	23.407	23.869	10075	0	0
2021.08.17	23.870	23.931	23.546	23.637	12121	0	0
2021.08.18	23.634	23.801	23.267	23.475	12250	0	0
2021.08.19	23.472	23.490	23.069	23.193	14691	0	0
2021.08.20	23.194	23.300	22.852	23.006	12097	0	54
2021.08.22	23.046	23.062	22.964	22.977	689	0	0
2021.08.23	22.975	23.667	22.951	23.578	12293	0	0
2021.08.24	23.580	23.926	23.513	23.800	10312	0	0
2021.08.25	23.804	23.864	23.555	23.836	11593	0	0
2021.08.26	23.837	23.846	23.411	23.563	11924	0	0
2021.08.27	23.558	24.090	23.320	23.993	13114	0	54
2021.08.29	24.017	24.072	24.012	24.058	724	0	0
2021.08.30	24.057	24.190	23.889	24.006	10831	0	0
2021.08.31	24.005	24.181	23.781	23.880	13013	0	0
2021.09.01	23.879	24.241	23.730	24.128	11785	0	0
2021.09.02	24.133	24.192	23.766	23.866	10496	0	0
2021.09.03	23.865	24.844	23.855	24.694	11897	0	0
2021.09.05	24.729	24.774	24.699	24.720	710	0	0
2021.09.06	24.722	24.794	24.615	24.653	6466	0	0
2021.09.07	24.652	24.801	24.140	24.302	13413	0	0
2021.09.08	24.300	24.387	23.884	23.958	13779	0	0
2021.09.09	23.956	24.265	23.820	24.022	14078	0	0
2021.09.10	24.025	24.274	23.704	23.714	12681	0	54
2021.09.12	23.752	23.786	23.746	23.754	518	0	0
2021.09.13	23.753	23.831	23.354	23.715	13492	0	0
2021.09.14	23.713	23.934	23.408	23.826	13918	0	0
2021.09.15	23.827	23.883	23.640	23.871	12609	0	0
2021.09.16	23.866	23.941	22.578	22.909	16828	0	0
2021.09.17	22.910	23.110	22.310	22.379	14579	0	54
2021.09.19	22.388	22.392	22.130	22.351	1435	0	0
2021.09.20	22.349	22.488	22.011	22.268	15069	0	0
2021.09.21	22.264	22.696	22.216	22.478	13502	0	0
2021.09.22	22.475	23.117	22.441	22.660	16783	0	0
2021.09.23	22.662	22.855	22.446	22.540	14439	0	0
2021.09.24	22.537	22.774	22.083	22.404	12011	0	54
2021.09.26	22.411	22.425	22.374	22.392	507	0	0
2021.09.27	22.394	22.823	22.392	22.605	13761	0	0
2021.09.28	22.603	22.643	22.077	22.467	17414	0	0
2021.09.29	22.471	22.524	21.397	21.539	16548	0	0
2021.09.30	21.542	22.210	21.447	22.073	16455	0	0
2021.10.01	22.077	22.558	21.968	22.510	14967	0	52
2021.10.03	22.513	22.753	22.513	22.634	910	0	0
2021.10.04	22.633	22.678	22.258	22.590	14574	0	0
2021.10.05	22.592	22.632	22.346	22.599	12997	0	0
2021.10.06	22.597	22.655	22.186	22.636	16421	0	0
2021.10.07	22.637	22.782	22.361	22.564	13037	0	0
2021.10.08	22.562	23.164	22.408	22.637	15445	0	54
2021.10.10	22.678	22.681	22.543	22.580	1208	0	0
2021.10.11	22.581	22.797	22.470	22.533	12668	0	0
2021.10.12	22.528	22.743	22.319	22.514	13710	0	0
2021.10.13	22.512	23.220	22.444	23.038	13967	0	0
2021.10.14	23.036	23.556	22.873	23.481	12356	0	0
2021.10.15	23.479	23.565	23.045	23.284	12847	0	54
2021.10.17	23.314	23.359	23.277	23.320	1101	0	0
2021.10.18	23.321	23.429	22.987	23.169	14114	0	0
2021.10.19	23.165	24.095	23.165	23.614	14933	0	54
2021.10.20	23.613	24.394	23.547	24.262	13915	0	54
2021.10.21	24.263	24.459	23.982	24.127	15564	0	0
2021.10.22	24.129	24.800	24.097	24.299	16154	0	54
2021.10.24	24.307	24.378	24.300	24.362	514	0	54
2021.10.25	24.371	24.594	24.279	24.529	13240	0	54
2021.10.26	24.527	24.531	23.852	24.120	13902	0	54
2021.10.27	24.122	24.228	23.810	24.014	14232	0	54
2021.10.28	24.013	24.220	23.936	24.039	15524	0	54
2021.10.29	24.037	24.054	23.633	23.862	15256	0	54
2021.10.31	23.829	23.832	23.721	23.750	414	0	54
2021.11.01	23.752	24.071	23.724	23.996	11777	0	54
2021.11.02	23.998	24.040	23.364	23.499	11802	0	54
2021.11.03	23.501	23.696	22.996	23.695	15655	0	54
2021.11.04	23.696	24.016	23.416	23.750	13617	0	54
2021.11.05	23.747	24.140	23.598	24.130	14359	0	54
2021.11.07	24.123	24.152	24.103	24.103	327	0	54
2021.11.08	24.105	24.487	24.031	24.422	12438	0	54
2021.11.09	24.421	24.450	24.001	24.282	12642	0	54
2021.11.10	24.280	25.102	24.034	24.621	16267	0	54
2021.11.11	24.620	25.239	24.565	25.219	14167	0	54
2021.11.12	25.216	25.357	24.826	25.279	13237	0	54
2021.11.14	25.282	25.356	25.276	25.312	306	0	54
2021.11.15	25.313	25.334	24.884	25.040	12189	0	54
2021.11.16	25.038	25.377	24.743	24.808	15001	0	54
2021.11.17	24.810	25.180	24.788	25.035	12583	0	54
2021.11.18	25.036	25.132	24.655	24.800	13714	0	54
2021.11.19	24.798	24.955	24.531	24.604	15144	0	54
2021.11.21	24.577	24.629	24.557	24.587	517	0	54
2021.11.22	24.591	24.859	24.078	24.216	15416	0	54
2021.11.23	24.215	24.297	23.251	23.635	17501	0	54
2021.11.24	23.638	23.662	23.374	23.541	14365	0	54
2021.11.25	23.544	23.700	23.534	23.553	6860	0	54
2021.11.26	23.546	23.702	22.894	23.014	16533	0	54
2021.11.28	23.129	23.300	23.046	23.297	798	0	54
2021.11.29	23.299	23.416	22.731	22.916	14692	0	54
2021.11.30	22.913	23.285	22.669	22.777	18136	0	54
2021.12.01	22.779	23.006	22.162	22.355	17948	0	54
2021.12.02	22.356	22.480	22.191	22.361	14725	0	54
2021.12.03	22.359	22.561	22.013	22.521	14597	0	54
2021.12.05	22.507	22.566	22.468	22.560	324	0	54
2021.12.06	22.559	22.576	22.101	22.368	11524	0	54
2021.12.07	22.367	22.573	22.208	22.489	10008	0	54
2021.12.08	22.491	22.538	22.282	22.426	10102	0	54
2021.12.09	22.423	22.450	21.840	21.964	11115	0	52
2021.12.10	21.962	22.204	21.804	22.167	9007	0	52
2021.12.12	22.193	22.227	22.193	22.198	205	0	54
2021.12.13	22.197	22.393	22.122	22.279	8782	0	54
2021.12.14	22.281	22.312	21.668	21.942	10321	0	52
2021.12.15	21.944	22.106	21.403	22.059	14117	0	32
2021.12.16	22.061	22.510	21.890	22.432	11795	0	52
2021.12.17	22.436	22.652	22.333	22.337	10468	0	54
2021.12.19	22.376	22.383	22.327	22.332	290	0	54
2021.12.20	22.336	22.421	22.169	22.230	9079	0	52
2021.12.21	22.232	22.763	22.155	22.475	9636	0	54
2021.12.22	22.476	22.807	22.417	22.751	8325	0	54
2021.12.23	22.750	22.907	22.631	22.853	7972	0	54
2021.12.26	22.773	22.837	22.765	22.823	200	0	45
2021.12.27	22.826	23.088	22.624	23.024	7955	0	54
2021.12.28	23.028	23.409	22.940	22.985	8085	0	54
2021.12.29	22.982	23.132	22.567	22.798	9325	0	54
2021.12.30	22.801	23.088	22.576	23.047	8260	0	54
2021.12.31	23.049	23.313	23.015	23.248	8397	0	54
2022.01.02	23.317	23.380	23.259	23.264	274	0	54
2022.01.03	23.265	23.277	22.650	22.893	10984	0	54
2022.01.04	22.891	23.076	22.617	23.031	11864	0	54
2022.01.05	23.032	23.230	22.702	22.754	11439	0	54
2022.01.06	22.752	22.806	21.980	22.166	15251	0	52
2022.01.07	22.168	22.413	21.931	22.347	12059	0	52
2022.01.09	22.334	22.374	22.311	22.339	283	0	54
2022.01.10	22.337	22.494	22.168	22.465	12701	0	52
2022.01.11	22.464	22.781	22.438	22.727	11148	0	54
2022.01.12	22.725	23.196	22.622	23.100	11062	0	54
2022.01.13	23.103	23.245	22.973	23.032	10936	0	54
2022.01.14	23.031	23.285	22.801	22.934	11504	0	54
2022.01.16	22.897	22.923	22.889	22.921	252	0	54
2022.01.17	22.922	23.089	22.808	22.999	5491	0	45
2022.01.18	23.000	23.612	22.781	23.446	12931	0	44
2022.01.19	23.447	24.184	23.364	24.067	12728	0	54
2022.01.20	24.074	24.676	24.052	24.359	13514	0	54
2022.01.21	24.357	24.553	24.143	24.270	15873	0	54
2022.01.23	24.188	24.286	24.184	24.262	404	0	54
2022.01.24	24.264	24.264	23.538	23.925	17232	0	54
2022.01.25	23.924	23.945	23.575	23.869	14925	0	54
2022.01.26	23.865	23.950	23.410	23.566	16301	0	54
2022.01.27	23.564	23.564	22.553	22.718	19573	0	54
2022.01.28	22.716	22.795	22.124	22.448	17295	0	52
2022.01.30	22.377	22.412	22.354	22.385	374	0	37
2022.01.31	22.387	22.626	22.234	22.464	13209	0	37
2022.02.01	22.463	23.027	22.389	22.607	13383	0	37
2022.02.02	22.605	22.847	22.451	22.602	11740	0	37
2022.02.03	22.605	22.640	21.988	22.408	13086	0	37
2022.02.04	22.407	22.651	22.098	22.500	13858	0	37
2022.02.06	22.535	22.594	22.528	22.580	330	0	37
2022.02.07	22.581	23.085	22.581	23.023	12932	0	37
2022.02.08	23.024	23.239	22.759	23.164	9495	0	37
2022.02.09	23.192	23.336	23.076	23.275	8868	0	37
2022.02.10	23.273	23.695	23.118	23.164	14868	0	37
2022.02.11	23.163	23.671	22.845	23.551	17837	0	37
2022.02.13	23.514	23.623	23.512	23.611	572	0	37
2022.02.14	23.613	23.923	23.536	23.861	17741	0	37
2022.02.15	23.862	23.972	23.064	23.360	15924	0	37
2022.02.16	23.359	23.650	23.264	23.571	13037	0	37
2022.02.17	23.567	23.901	23.408	23.821	17253	0	37
2022.02.18	23.824	24.068	23.667	23.902	14296	0	37
2022.02.20	23.977	24.018	23.946	23.981	479	0	37
2022.02.21	23.984	24.147	23.679	23.988	11772	0	35
2022.02.22	23.987	24.345	23.891	24.121	19010	0	35
2022.02.23	24.123	24.568	24.013	24.525	13457	0	37
2022.02.24	24.532	25.595	23.822	24.172	31596	0	37
2022.02.25	24.175	24.480	23.860	24.249	19863	0	37
2022.02.27	24.613	24.616	24.355	24.440	1207	0	37
2022.02.28	24.442	24.565	24.073	24.397	18259	0	37
2022.03.01	24.395	25.522	24.265	25.347	17748	0	37
2022.03.02	25.348	25.360	24.839	25.225	22416	0	37
2022.03.03	25.227	25.456	24.948	25.080	18372	0	37
2022.03.04	25.079	25.717	25.024	25.679	19220	0	37
2022.03.06	25.958	26.061	25.883	26.025	1114	0	47
2022.03.07	26.026	26.122	25.272	25.673	26544	0	38
2022.03.08	25.680	26.926	25.335	26.442	32563	0	38
2022.03.09	26.444	26.753	25.383	25.622	27655	0	47
2022.03.10	25.623	26.042	25.296	25.869	21609	0	47
2022.03.11	25.865	25.976	25.393	25.836	18373	0	47
2022.03.13	25.776	25.834	25.509	25.558	1152	0	47
2022.03.14	25.552	25.739	24.913	25.058	17508	0	37
2022.03.15	25.056	25.057	24.513	24.923	19202	0	37
2022.03.16	24.914	25.173	24.450	25.124	18283	0	37
2022.03.17	25.122	25.518	25.039	25.378	15474	0	37
2022.03.18	25.371	25.423	24.816	24.945	14000	0	37
2022.03.20	25.037	25.124	24.885	24.890	735	0	47
2022.03.21	24.888	25.285	24.866	25.216	13320	0	37
2022.03.22	25.213	25.361	24.554	24.743	15188	0	37
2022.03.23	24.746	25.180	24.655	25.153	12330	0	37
2022.03.24	25.148	25.826	24.948	25.561	14645	0	37
2022.03.25	25.560	25.703	25.236	25.502	13277	0	37
2022.03.27	25.522	25.561	25.416	25.430	683	0	47
2022.03.28	25.423	25.449	24.773	24.917	16514	0	37
2022.03.29	24.911	24.990	23.952	24.722	16259	0	37
2022.03.30	24.721	25.043	24.680	24.878	14026	0	37
2022.03.31	24.877	25.066	24.548	24.778	13674	0	37
2022.04.01	24.779	24.840	24.406	24.608	14053	0	37
2022.04.03	24.618	24.618	24.559	24.594	346	0	47
2022.04.04	24.591	24.825	24.262	24.510	12082	0	37
2022.04.05	24.509	24.925	24.209	24.262	13910	0	37
2022.04.06	24.264	24.549	24.104	24.395	15116	0	37
2022.04.07	24.398	24.645	24.221	24.618	12666	0	37
2022.04.08	24.620	24.790	24.357	24.758	11261	0	37
2022.04.10	24.788	24.820	24.741	24.752	601	0	47
2022.04.11	24.753	25.351	24.654	25.075	14410	0	37
2022.04.12	25.072	25.590	24.846	25.375	13129	0	37
2022.04.13	25.380	25.809	25.330	25.646	11995	0	47
2022.04.14	25.639	25.849	25.274	25.630	12748	0	37
2022.04.17	25.625	25.834	25.606	25.834	787	0	47
2022.04.18	25.839	26.197	25.724	25.839	13973	0	47
2022.04.19	25.832	25.976	25.035	25.081	15387	0	37
2022.04.20	25.082	25.269	24.871	25.146	13999	0	37
2022.04.21	25.144	25.163	24.399	24.606	15923	0	37
2022.04.22	24.605	24.630	24.034	24.140	18170	0	37
2022.04.24	24.140	24.157	24.033	24.097	583	0	37
2022.04.25	24.095	24.128	23.384	23.669	20482	0	37
2022.04.26	23.666	23.909	23.383	23.582	18601	0	37
2022.04.27	23.583	23.676	23.227	23.312	17839	0	37
2022.04.28	23.309	23.337	22.868	23.160	16440	0	37
2022.04.29	23.162	23.545	22.666	22.744	17597	0	37
2022.05.01	22.835	22.841	22.683	22.755	926	0	37
2022.05.02	22.756	22.795	22.103	22.618	16611	0	37
2022.05.03	22.625	22.822	22.404	22.578	16338	0	37
2022.05.04	22.577	23.076	22.197	22.991	16683	0	37
2022.05.05	22.989	23.265	22.304	22.437	20923	0	37
2022.05.06	22.434	22.623	22.085	22.341	18693	0	37
2022.05.08	22.324	22.351	22.258	22.259	672	0	37
2022.05.09	22.261	22.307	21.674	21.801	19900	0	37
2022.05.10	21.799	22.083	21.166	21.250	21762	0	37
2022.05.11	21.251	21.946	21.226	21.524	19941	0	37
2022.05.12	21.526	21.642	20.599	20.792	21630	0	37
2022.05.13	20.796	21.101	20.439	21.091	16324	0	37
2022.05.15	21.149	21.207	21.112	21.205	689	0	37
2022.05.16	21.203	21.667	20.828	21.583	16574	0	37
2022.05.17	21.584	21.898	21.494	21.615	14998	0	37
2022.05.18	21.612	21.736	21.278	21.322	14291	0	37
2022.05.19	21.316	21.977	21.266	21.885	17387	0	37
2022.05.20	21.887	22.061	21.591	21.740	14318	0	37
2022.05.22	21.814	21.846	21.763	21.790	596	0	37
2022.05.23	21.788	22.171	21.659	21.740	12985	0	37
2022.05.24	21.744	22.187	21.652	22.113	11719	0	37
2022.05.25	22.115	22.128	21.723	21.967	11247	0	37
2022.05.26	21.965	22.055	21.707	22.002	10368	0	37
2022.05.27	21.997	22.425	21.921	22.083	11075	0	37
2022.05.29	22.058	22.082	21.997	22.023	276	0	37
2022.05.30	22.026	22.265	21.895	21.907	7692	0	37
2022.05.31	21.908	21.963	21.468	21.529	13771	0	37
2022.06.01	21.533	21.956	21.418	21.771	12819	0	37
2022.06.02	21.774	22.368	21.747	22.366	11541	0	37
2022.06.03	22.370	22.466	21.830	21.905	12682	0	37
2022.06.05	21.922	21.937	21.879	21.897	402	0	37
2022.06.06	21.891	22.496	21.887	22.017	12640	0	37
2022.06.07	22.018	22.266	21.845	22.224	12877	0	37
2022.06.08	22.227	22.229	21.792	22.034	11551	0	37
2022.06.09	22.033	22.128	21.537	21.634	13403	0	37
2022.06.10	21.640	21.976	21.277	21.878	16062	0	37
2022.06.12	21.975	21.986	21.858	21.890	772	0	37
2022.06.13	21.893	21.897	20.947	21.109	19132	0	37
2022.06.14	21.112	21.362	20.880	21.080	18108	0	37
2022.06.15	21.078	21.828	21.028	21.696	21019	0	37
2022.06.16	21.694	21.949	21.331	21.853	17364	0	37
2022.06.17	21.859	21.931	21.561	21.664	15697	0	37
2022.06.19	21.537	21.640	21.530	21.627	569	0	37
2022.06.20	21.629	21.744	21.454	21.584	10827	0	37
2022.06.21	21.582	21.922	21.330	21.601	14054	0	37
2022.06.22	21.598	21.601	21.220	21.374	16081	0	37
2022.06.23	21.375	21.489	20.905	20.997	16409	0	37
2022.06.24	20.995	21.205	20.594	21.123	15544	0	37
2022.06.26	21.205	21.212	21.124	21.131	775	0	37
2022.06.27	21.129	21.521	21.077	21.145	13690	0	37
2022.06.28	21.146	21.346	20.779	20.802	11091	0	37
2022.06.29	20.804	21.043	20.615	20.734	13639	0	37
2022.06.30	20.739	20.803	20.154	20.244	15161	0	37
2022.07.01	20.246	20.276	19.368	19.844	19035	0	36
2022.07.03	19.868	19.957	19.824	19.824	582	0	37
2022.07.04	19.823	20.032	19.752	19.974	9254	0	36
2022.07.05	19.969	20.186	19.082	19.223	17857	0	22
2022.07.06	19.226	19.378	18.907	19.164	19529	0	22
2022.07.07	19.160	19.470	19.083	19.231	14439	0	22
2022.07.08	19.233	19.435	19.003	19.294	15247	0	22
2022.07.10	19.245	19.348	19.245	19.321	557	0	37
2022.07.11	19.326	19.354	19.054	19.083	14334	0	22
2022.07.12	19.087	19.183	18.728	18.878	17213	0	22
2022.07.13	18.883	19.392	18.845	19.117	18147	0	22
2022.07.14	19.119	19.182	18.134	18.442	21866	0	22
2022.07.15	18.434	18.763	18.181	18.693	17824	0	22
2022.07.17	18.695	18.754	18.685	18.734	587	0	22
2022.07.18	18.731	19.002	18.623	18.706	15368	0	22
2022.07.19	18.709	18.897	18.568	18.753	12630	0	22
2022.07.20	18.755	19.079	18.604	18.664	13029	0	22
2022.07.21	18.658	18.864	18.229	18.799	15225	0	22
2022.07.22	18.801	18.937	18.499	18.586	15163	0	22
2022.07.24	18.572	18.574	18.513	18.513	424	0	22
2022.07.25	18.515	18.778	18.307	18.385	12462	0	22
2022.07.26	18.387	18.710	18.378	18.665	11630	0	22
2022.07.27	18.666	19.169	18.442	19.134	13875	0	22
2022.07.28	19.129	20.004	19.048	19.934	16555	0	22
2022.07.29	19.929	20.350	19.831	20.340	14915	0	37
2022.07.31	20.221	20.251	20.177	20.200	559	0	37
2022.08.01	20.204	20.489	20.070	20.313	15731	0	37
2022.08.02	20.308	20.491	19.831	19.847	18331	0	36
2022.08.03	19.852	20.152	19.766	19.975	14576	0	36
2022.08.04	19.973	20.371	19.948	20.186	13732	0	37
2022.08.05	20.188	20.298	19.535	19.886	14108	0	36
2022.08.07	19.841	19.846	19.793	19.812	477	0	37
2022.08.08	19.810	20.725	19.782	20.690	10682	0	37
2022.08.09	20.689	20.722	20.397	20.499	10906	0	37
2022.08.10	20.501	20.825	20.332	20.574	12584	0	37
2022.08.11	20.575	20.616	20.230	20.258	12342	0	37
2022.08.12	20.254	20.818	20.224	20.796	11482	0	37
2022.08.14	20.773	20.786	20.740	20.755	466	0	37
2022.08.15	20.750	20.856	20.071	20.231	13288	0	37
2022.08.16	20.233	20.248	19.896	20.113	12009	0	37
2022.08.17	20.109	20.257	19.679	19.805	13975	0	36
2022.08.18	19.804	19.920	19.468	19.495	13013	0	36
2022.08.19	19.494	19.497	19.008	19.037	12914	0	22
2022.08.21	19.006	19.054	18.956	18.980	500	0	36
2022.08.22	18.982	19.139	18.702	18.940	15256	0	22
2022.08.23	18.947	19.262	18.780	19.070	14256	0	22
2022.08.24	19.075	19.212	18.938	19.103	12960	0	22
2022.08.25	19.098	19.383	19.087	19.181	12770	0	22
2022.08.26	19.180	19.410	18.805	18.887	15055	0	22
2022.08.28	18.775	18.848	18.713	18.716	782	0	36
2022.08.29	18.721	18.899	18.494	18.776	12311	0	22
2022.08.30	18.783	18.832	18.338	18.393	14460	0	22
2022.08.31	18.399	18.533	17.895	17.911	15521	0	22
2022.09.01	17.908	17.908	17.550	17.824	17244	0	22
2022.09.02	17.820	18.277	17.775	18.043	15306	0	22
2022.09.04	17.962	17.977	17.932	17.939	616	0	22
2022.09.05	17.938	18.239	17.938	18.206	8201	0	22
2022.09.06	18.203	18.564	17.933	17.975	16098	0	22
2022.09.07	17.972	18.466	17.838	18.435	14983	0	22
2022.09.08	18.439	18.729	18.312	18.558	16104	0	22
2022.09.09	18.555	18.934	18.543	18.829	14328	0	22
2022.09.11	18.936	18.990	18.888	18.917	475	0	36
2022.09.12	18.918	19.995	18.826	19.828	15524	0	22
2022.09.13	19.821	19.927	19.277	19.332	17010	0	22
2022.09.14	19.337	19.678	19.221	19.631	16177	0	22
2022.09.15	19.629	19.641	18.888	18.949	15043	0	22
2022.09.16	18.952	19.605	18.766	19.558	15840	0	22
2022.09.18	19.528	19.639	19.507	19.598	575	0	37
2022.09.19	19.596	19.623	19.203	19.520	13413	0	22
2022.09.20	19.518	19.561	19.046	19.276	13855	0	22
2022.09.21	19.275	19.904	19.229	19.445	18021	0	22
2022.09.22	19.449	19.839	19.231	19.656	19339	0	22
2022.09.23	19.652	19.692	18.764	18.853	18203	0	22
2022.09.25	18.774	18.826	18.703	18.770	862	0	36
2022.09.26	18.768	19.015	18.312	18.424	23635	0	22
2022.09.27	18.427	18.773	18.311	18.377	18448	0	22
2022.09.28	18.378	18.963	17.955	18.827	23241	0	22
2022.09.29	18.822	18.893	18.480	18.887	21040	0	22
2022.09.30	18.890	19.274	18.760	19.018	19205	0	22
2022.10.02	19.072	19.139	19.067	19.095	704	0	37
2022.10.03	19.090	20.827	19.036	20.757	19002	0	22
2022.10.04	20.764	21.223	20.591	21.004	18867	0	37
2022.10.05	21.006	21.018	19.924	20.665	18943	0	37
2022.10.06	20.662	20.851	20.343	20.579	18056	0	37
2022.10.07	20.581	20.811	19.982	20.121	18602	0	37
2022.10.09	20.093	20.171	20.079	20.114	769	0	37
2022.10.10	20.113	20.135	19.500	19.619	17466	0	36
2022.10.11	19.616	19.704	19.046	19.110	20294	0	22
2022.10.12	19.113	19.296	18.848	19.047	20015	0	22
2022.10.13	19.043	19.294	18.438	18.850	22836	0	22
2022.10.14	18.844	19.054	18.081	18.257	21138	0	22
2022.10.16	18.298	18.391	18.280	18.385	620	0	22
2022.10.17	18.387	18.932	18.329	18.647	15977	0	22
2022.10.18	18.651	18.915	18.534	18.761	17496	0	22
2022.10.19	18.752	18.785	18.355	18.397	16462	0	22
2022.10.20	18.398	18.984	18.221	18.595	18168	0	22
2022.10.21	18.593	19.404	18.274	19.399	23300	0	22
2022.10.23	19.448	19.663	19.367	19.451	2066	0	37
2022.10.24	19.447	19.488	18.999	19.284	19842	0	22
2022.10.25	19.282	19.414	18.773	19.308	17772	0	22
2022.10.26	19.305	19.760	19.198	19.598	17245	0	22
2022.10.27	19.600	19.652	19.276	19.533	18975	0	22
2022.10.28	19.534	19.620	18.980	19.247	16725	0	22
2022.10.30	19.168	19.229	19.159	19.203	526	0	36
2022.10.31	19.209	19.240	18.887	19.146	13230	0	22
2022.11.01	19.148	20.010	19.135	19.613	17322	0	22
2022.11.02	19.614	20.061	19.096	19.138	17469	0	36
2022.11.03	19.136	19.526	18.816	19.436	17486	0	22
2022.11.04	19.439	20.888	19.398	20.824	20449	0	36
2022.11.06	20.513	20.582	20.450	20.506	784	0	37
2022.11.07	20.508	20.990	20.366	20.747	18467	0	37
2022.11.08	20.743	21.608	20.475	21.367	17820	0	37
2022.11.09	21.363	21.588	20.976	21.025	21041	0	37
2022.11.10	21.022	21.812	20.940	21.588	22430	0	37
2022.11.11	21.590	22.041	21.258	21.690	21392	0	37
2022.11.13	21.539	21.600	21.527	21.572	492	0	37
2022.11.14	21.575	22.067	21.278	21.912	18818	0	37
2022.11.15	21.915	22.228	21.369	21.572	23760	0	37
2022.11.16	21.571	22.031	21.378	21.409	20718	0	37
2022.11.17	21.410	21.452	20.740	20.945	18629	0	37
2022.11.18	20.947	21.276	20.824	20.926	15256	0	37
2022.11.20	20.962	20.987	20.947	20.983	245	0	37
2022.11.21	20.985	20.986	20.565	20.845	16130	0	37
2022.11.22	20.848	21.317	20.831	21.069	15131	0	37
2022.11.23	21.072	21.581	20.892	21.564	15958	0	37
2022.11.24	21.565	21.658	21.423	21.460	9963	0	37
2022.11.25	21.474	21.534	21.142	21.425	12147	0	37
2022.11.27	21.289	21.299	21.230	21.245	307	0	67
2022.11.28	21.265	21.599	20.852	20.902	15461	0	37
2022.11.29	20.903	21.431	20.882	21.201	15848	0	37
2022.11.30	21.202	22.390	21.183	22.332	18773	0	37
2022.12.01	22.333	22.766	22.027	22.683	19366	0	37
2022.12.02	22.681	23.217	22.261	23.131	19890	0	37
2022.12.04	23.085	23.249	23.049	23.235	507	0	37
2022.12.05	23.232	23.493	22.149	22.230	20053	0	37
2022.12.06	22.235	22.588	22.011	22.163	17609	0	37
2022.12.07	22.158	22.799	22.074	22.702	19717	0	37
2022.12.08	22.704	23.201	22.531	23.081	16415	0	37
2022.12.09	23.079	23.666	22.939	23.453	17856	0	37
2022.12.11	23.369	23.408	23.334	23.349	393	0	37
2022.12.12	23.345	23.513	23.091	23.330	16676	0	37
2022.12.13	23.327	24.108	23.284	23.676	21431	0	37
2022.12.14	23.669	24.028	23.360	23.859	20120	0	37
2022.12.15	23.857	23.871	22.947	23.042	22229	0	37
2022.12.16	23.044	23.234	22.539	23.208	19751	0	37
2022.12.18	23.173	23.192	23.126	23.126	244	0	37
2022.12.19	23.130	23.392	22.821	22.967	15720	0	37
2022.12.20	22.963	24.229	22.864	24.115	22427	0	37
2022.12.21	24.117	24.276	23.811	23.940	16685	0	37
2022.12.22	23.936	24.067	23.362	23.570	16666	0	37
2022.12.23	23.572	23.878	23.499	23.723	14345	0	37
2022.12.26	23.715	23.845	23.700	23.739	426	0	224
2022.12.27	23.738	24.260	23.709	24.007	14875	0	37
2022.12.28	24.009	24.053	23.447	23.522	14992	0	37
2022.12.29	23.526	24.044	23.503	23.852	13813	0	37
2022.12.30	23.854	24.125	23.507	23.939	14917	0	37
2023.01.02	23.970	24.081	23.914	24.057	726	0	96
2023.01.03	24.056	24.525	23.837	23.958	21379	0	37
2023.01.04	23.956	24.436	23.569	23.785	20727	0	37
2023.01.05	23.780	23.894	23.100	23.203	19805	0	37
2023.01.06	23.204	23.894	23.185	23.820	17578	0	37
2023.01.08	23.867	24.018	23.853	23.987	571	0	37
2023.01.09	23.988	24.084	23.564	23.637	17461	0	37
2023.01.10	23.635	23.751	23.410	23.599	16965	0	37
2023.01.11	23.597	24.022	23.199	23.412	16809	0	37
2023.01.12	23.414	24.159	23.388	23.789	18971	0	37
2023.01.13	23.791	24.274	23.480	24.242	17914	0	37
2023.01.15	24.220	24.288	24.215	24.261	351	0	38
2023.01.16	24.258	24.486	23.912	24.275	11689	0	37
2023.01.17	24.279	24.345	23.806	23.934	17729	0	37
2023.01.18	23.931	24.323	23.407	23.477	20806	0	37
2023.01.19	23.476	23.922	23.149	23.845	19953	0	37
2023.01.20	23.844	24.054	23.690	23.898	16966	0	37
2023.01.22	23.928	23.994	23.928	23.992	362	0	37
2023.01.23	23.997	24.141	22.741	23.386	17172	0	37
2023.01.24	23.388	23.720	23.196	23.611	15294	0	37
2023.01.25	23.616	23.954	23.314	23.947	16096	0	37
2023.01.26	23.949	24.268	23.582	23.899	17515	0	37
2023.01.27	23.898	23.989	23.284	23.583	15040	0	37
2023.01.29	23.558	23.626	23.558	23.624	327	0	37
2023.01.30	23.623	23.788	23.525	23.563	14970	0	37
2023.01.31	23.558	23.748	22.955	23.661	15911	0	37
2023.02.01	23.657	24.062	23.348	24.031	18218	0	37
2023.02.02	24.033	24.613	23.404	23.456	21876	0	37
2023.02.03	23.458	23.587	22.272	22.354	21070	0	0
2023.02.05	22.286	22.385	22.227	22.259	566	0	37
2023.02.06	22.256	22.596	22.132	22.269	17588	0	37
2023.02.07	22.268	22.441	22.030	22.202	19604	0	37
2023.02.08	22.199	22.519	22.195	22.270	15974	0	37
2023.02.09	22.272	22.573	21.896	21.921	16249	0	37
2023.02.10	21.922	22.289	21.815	21.999	19006	0	37
2023.02.12	21.965	21.995	21.904	21.904	322	0	37
2023.02.13	21.905	22.064	21.775	21.991	14006	0	37
2023.02.14	21.990	22.022	21.589	21.845	18746	0	37
2023.02.15	21.846	21.861	21.411	21.620	16192	0	37
2023.02.16	21.622	21.795	21.415	21.509	17076	0	37
2023.02.17	21.507	21.789	21.162	21.712	16074	0	37
2023.02.19	21.688	21.691	21.567	21.577	320	0	37
2023.02.20	21.576	21.892	21.535	21.771	9928	0	33
2023.02.21	21.788	21.957	21.630	21.844	15764	0	33
2023.02.22	21.841	21.963	21.428	21.495	15918	0	37
2023.02.23	21.496	21.661	21.248	21.307	14754	0	37
2023.02.24	21.302	21.381	20.721	20.741	13392	0	37
2023.02.26	20.761	20.826	20.743	20.759	323	0	37
2023.02.27	20.756	20.817	20.540	20.610	14033	0	37
2023.02.28	20.612	20.988	20.404	20.865	13074	0	37
2023.03.01	20.863	21.158	20.815	20.959	15080	0	37
2023.03.02	20.957	20.998	20.658	20.937	14568	0	37
2023.03.03	20.936	21.253	20.826	21.239	13193	0	37
2023.03.05	21.184	21.194	21.159	21.167	260	0	37
2023.03.06	21.170	21.287	20.963	21.027	13494	0	37
2023.03.07	21.023	21.123	20.011	20.080	14961	0	37
2023.03.08	20.081	20.208	19.897	20.023	15192	0	37
2023.03.09	20.021	20.272	19.960	20.071	12928	0	37
2023.03.10	20.070	20.775	19.883	20.513	20046	0	37
2023.03.12	20.808	20.872	20.618	20.649	2675	0	37
2023.03.13	20.645	21.910	20.573	21.773	27356	0	37
2023.03.14	21.772	21.957	21.493	21.664	21651	0	37
2023.03.15	21.660	22.364	21.520	21.788	24703	0	37
2023.03.16	21.789	22.074	21.454	21.717	21670	0	37
2023.03.17	21.719	22.588	21.644	22.570	18803	0	37
2023.03.19	22.610	22.623	22.350	22.370	1369	0	37
2023.03.20	22.373	22.698	22.205	22.495	23685	0	37
2023.03.21	22.497	22.633	22.139	22.416	17136	0	37
2023.03.22	22.414	23.052	22.253	22.965	19388	0	37
2023.03.23	22.968	23.204	22.743	23.028	20328	0	37
2023.03.24	23.027	23.508	22.949	23.209	20601	0	37
2023.03.26	23.150	23.193	23.070	23.193	762	0	37
2023.03.27	23.191	23.222	22.831	23.105	15264	0	37
2023.03.28	23.100	23.359	22.810	23.328	14517	0	37
2023.03.29	23.330	23.400	23.030	23.293	12939	0	37
2023.03.30	23.294	23.909	23.219	23.856	15130	0	37
2023.03.31	23.861	24.144	23.672	24.081	15234	0	37
2023.04.02	24.043	24.044	23.806	23.809	1123	0	37
2023.04.03	23.810	24.175	23.553	23.940	16710	0	37
2023.04.04	23.941	25.002	23.808	24.963	17397	0	37
2023.04.05	24.964	25.114	24.620	24.910	16113	0	37
2023.04.06	24.909	24.985	24.542	24.946	14904	0	37
2023.04.09	24.803	24.981	24.803	24.919	923	0	47
2023.04.10	24.918	25.054	24.698	24.867	12334	0	37
2023.04.11	24.872	25.113	24.813	25.037	12460	0	37
2023.04.12	25.039	25.647	25.022	25.516	16464	0	37
2023.04.13	25.513	25.946	25.368	25.779	15494	0	47
2023.04.14	25.775	26.064	25.131	25.359	17985	0	47
2023.04.16	25.317	25.368	25.267	25.303	633	0	47
2023.04.17	25.309	25.582	24.787	24.988	16292	0	37
2023.04.18	24.989	25.298	24.908	25.193	12991	0	37
2023.04.19	25.191	25.348	24.620	25.234	16787	0	37
2023.04.20	25.236	25.472	25.034	25.235	16615	0	47
2023.04.21	25.233	25.360	24.883	25.064	16204	0	37
2023.04.23	25.043	25.117	25.030	25.102	377	0	47
2023.04.24	25.100	25.212	24.768	25.169	14283	0	37
2023.04.25	25.170	25.338	24.467	25.063	18544	0	37
2023.04.26	25.064	25.206	24.706	24.900	16287	0	37
2023.04.27	24.899	25.112	24.491	24.885	15919	0	37
2023.04.28	24.886	25.047	24.709	25.031	17086	0	37
2023.04.30	25.061	25.088	24.962	24.968	620	0	47
2023.05.01	24.969	25.891	24.862	24.942	15791	0	37
2023.05.02	24.943	25.463	24.558	25.349	17699	0	37
2023.05.03	25.353	25.783	25.068	25.645	19991	0	37
2023.05.04	25.647	26.046	25.418	26.041	22190	0	47
2023.05.05	26.038	26.112	25.147	25.642	16123	0	47
2023.05.07	25.655	25.660	25.590	25.613	549	0	47
2023.05.08	25.612	25.713	25.485	25.528	13751	0	47
2023.05.09	25.531	25.651	25.304	25.616	13217	0	47
2023.05.10	25.620	25.897	25.201	25.365	16555	0	47
2023.05.11	25.363	25.452	24.121	24.140	18904	0	37
2023.05.12	24.141	24.183	23.722	23.950	17591	0	37
2023.05.14	23.931	23.986	23.927	23.982	314	0	37
2023.05.15	23.985	24.193	23.860	24.061	13304	0	37
2023.05.16	24.063	24.087	23.616	23.738	15967	0	37
2023.05.17	23.743	23.861	23.523	23.740	14102	0	37
2023.05.18	23.741	23.763	23.309	23.490	13868	0	37
2023.05.19	23.491	23.998	23.378	23.826	16327	0	37
2023.05.21	23.828	23.862	23.808	23.830	397	0	37
2023.05.22	23.828	23.901	23.577	23.579	14762	0	37
2023.05.23	23.581	23.636	23.091	23.447	15463	0	37
2023.05.24	23.449	23.516	23.009	23.057	15910	0	37
2023.05.25	23.056	23.131	22.681	22.695	15293	0	37
2023.05.26	22.697	23.317	22.662	23.293	13752	0	37
2023.05.28	23.255	23.301	23.248	23.268	512	0	37
2023.05.29	23.263	23.359	23.107	23.130	8654	0	37
2023.05.30	23.126	23.324	22.909	23.176	15577	0	37
2023.05.31	23.178	23.599	23.081	23.527	16697	0	37
2023.06.01	23.525	23.905	23.262	23.857	15797	0	37
2023.06.02	23.859	24.002	23.564	23.601	14869	0	37
2023.06.04	23.574	23.596	23.545	23.557	348	0	37
2023.06.05	23.559	23.670	23.232	23.541	13407	0	37
2023.06.06	23.542	23.757	23.321	23.591	13111	0	37
2023.06.07	23.590	24.037	23.386	23.435	13665	0	37
2023.06.08	23.438	24.333	23.426	24.245	12768	0	37
2023.06.09	24.247	24.508	24.174	24.265	12215	0	37
2023.06.11	24.235	24.239	24.195	24.229	552	0	37
2023.06.12	24.229	24.285	23.861	24.070	20379	0	37
2023.06.13	24.070	24.384	23.582	23.663	22486	0	37
2023.06.14	23.664	24.061	23.635	23.905	21939	0	37
2023.06.15	23.905	23.915	23.205	23.861	25339	0	37
2023.06.16	23.861	24.189	23.812	24.173	22044	0	37
2023.06.18	24.160	24.161	24.072	24.097	602	0	37
2023.06.19	24.098	24.159	23.869	23.983	14946	0	37
2023.06.20	23.983	24.008	23.039	23.142	22317	0	37
2023.06.21	23.142	23.154	22.479	22.693	24854	0	37
2023.06.22	22.693	22.696	22.157	22.216	21473	0	37
2023.06.23	22.216	22.666	22.093	22.415	22165	0	37
2023.06.25	22.413	22.506	22.408	22.503	788	0	37
2023.06.26	22.503	22.873	22.495	22.745	21219	0	37
2023.06.27	22.746	23.077	22.736	22.844	22310	0	37
2023.06.28	22.844	22.944	22.542	22.711	18773	0	37
2023.06.29	22.711	22.861	22.263	22.568	21627	0	37
2023.06.30	22.568	22.825	22.327	22.755	19861	0	37
2023.07.02	22.752	22.761	22.731	22.737	429	0	37
2023.07.03	22.737	23.053	22.533	22.876	16940	0	37
2023.07.04	22.876	23.039	22.861	22.951	10771	0	37
2023.07.05	22.951	23.289	22.751	23.112	18300	0	37
2023.07.06	23.112	23.236	22.508	22.707	19713	0	37
2023.07.07	22.707	23.134	22.597	23.063	17143	0	37
2023.07.09	23.051	23.096	23.022	23.051	549	0	37
2023.07.10	23.052	23.136	22.731	23.115	15596	0	37
2023.07.11	23.119	23.369	23.001	23.114	16546	0	37
2023.07.12	23.114	24.133	23.105	24.119	17778	0	37
2023.07.13	24.119	24.875	24.082	24.852	19171	0	37
2023.07.14	24.852	25.000	24.657	24.920	19964	0	37
2023.07.16	24.874	24.874	24.808	24.866	552	0	47
2023.07.17	24.866	24.919	24.580	24.814	17027	0	37
2023.07.18	24.814	25.150	24.745	25.029	20252	0	37
2023.07.19	25.029	25.214	24.920	25.096	16564	0	47
2023.07.20	25.096	25.244	24.689	24.783	19073	0	37
2023.07.21	24.783	24.897	24.568	24.589	16559	0	37
2023.07.23	24.588	24.603	24.566	24.591	446	0	47
2023.07.24	24.592	24.704	24.241	24.283	17778	0	37
2023.07.25	24.283	24.703	24.273	24.642	17072	0	37
2023.07.26	24.641	25.012	24.496	24.895	19558	0	37
2023.07.27	24.895	25.123	24.021	24.146	21129	0	37
2023.07.28	24.146	24.389	24.089	24.318	17961	0	37
2023.07.30	24.325	24.358	24.313	24.324	596	0	47
2023.07.31	24.324	24.819	24.174	24.717	15611	0	37
2023.08.01	24.715	24.735	24.110	24.382	16889	0	37
2023.08.02	24.382	24.467	23.626	23.705	18132	0	37
2023.08.03	23.705	23.824	23.386	23.587	18883	0	37
2023.08.04	23.586	23.773	23.207	23.610	17410	0	37
2023.08.06	23.619	23.660	23.572	23.605	584	0	37
2023.08.07	23.606	23.629	23.053	23.104	12684	0	37
2023.08.08	23.104	23.170	22.648	22.745	16023	0	37
2023.08.09	22.745	22.923	22.603	22.677	14379	0	37
2023.08.10	22.677	22.984	22.611	22.667	17106	0	37
2023.08.11	22.667	22.825	22.558	22.672	14242	0	37
2023.08.13	22.669	22.695	22.647	22.669	472	0	37
2023.08.14	22.669	22.746	22.350	22.587	16195	0	37
2023.08.15	22.587	22.691	22.207	22.538	19891	0	37
2023.08.16	22.533	22.765	22.375	22.399	17355	0	37
2023.08.17	22.399	22.994	22.334	22.699	19894	0	37
2023.08.18	22.699	22.867	22.617	22.731	15339	0	37
2023.08.20	22.739	22.783	22.739	22.781	497	0	37
2023.08.21	22.782	23.322	22.651	23.292	18704	0	37
2023.08.22	23.288	23.436	23.192	23.411	17180	0	37
2023.08.23	23.411	24.338	23.405	24.299	17855	0	37
2023.08.24	24.299	24.329	24.034	24.111	16926	0	37
2023.08.25	24.111	24.360	23.902	24.199	17614	0	37
2023.08.27	24.210	24.237	24.201	24.221	519	0	37
2023.08.28	24.221	24.336	24.030	24.196	13731	0	37
2023.08.29	24.196	24.777	24.151	24.695	16295	0	37
2023.08.30	24.695	24.990	24.514	24.596	16621	0	37
2023.08.31	24.598	24.660	24.354	24.410	15090	0	37
2023.09.01	24.410	24.800	24.138	24.161	18171	0	37
2023.09.03	24.160	24.165	24.096	24.150	423	0	37
2023.09.04	24.150	24.275	23.945	23.946	11322	0	37
2023.09.05	23.939	23.945	23.461	23.543	18455	0	37
2023.09.06	23.544	23.578	22.988	23.113	16779	0	37
2023.09.07	23.112	23.147	22.818	22.938	14657	0	37
2023.09.08	22.938	23.156	22.838	22.914	14295	0	37
2023.09.10	22.901	22.943	22.888	22.932	659	0	37
2023.09.11	22.932	23.204	22.918	23.059	14660	0	37
2023.09.12	23.059	23.165	22.818	23.041	14449	0	37
2023.09.13	23.041	23.076	22.727	22.820	16628	0	37
2023.09.14	22.820	22.958	22.282	22.611	20064	0	37
2023.09.15	22.611	23.271	22.610	23.015	19618	0	37
2023.09.17	23.027	23.053	23.021	23.042	374	0	37
2023.09.18	23.044	23.274	22.944	23.266	16201	0	37
2023.09.19	23.266	23.404	23.079	23.188	13835	0	37
2023.09.20	23.189	23.574	23.035	23.125	18555	0	37
2023.09.21	23.125	23.453	22.789	23.420	19394	0	37
2023.09.22	23.418	23.751	23.397	23.535	16354	0	37
2023.09.24	23.541	23.568	23.515	23.528	460	0	37
2023.09.25	23.527	23.630	23.024	23.103	15353	0	37
2023.09.26	23.103	23.114	22.818	22.832	15502	0	37
2023.09.27	22.832	22.858	22.390	22.539	17792	0	37
2023.09.28	22.539	22.717	22.379	22.655	19234	0	37
2023.09.29	22.655	23.540	22.097	22.168	19722	0	37
2023.10.01	22.124	22.170	22.024	22.095	991	0	37
2023.10.02	22.093	22.097	20.679	20.873	23943	0	37
2023.10.03	20.872	21.374	20.669	21.192	24464	0	37
2023.10.04	21.192	21.382	20.674	21.034	23071	0	37
2023.10.05	21.034	21.280	20.694	20.968	18880	0	37
2023.10.06	20.968	21.600	20.787	21.572	22570	0	37
2023.10.08	21.891	21.900	21.682	21.840	2043	0	37
2023.10.09	21.844	21.996	21.556	21.887	19003	0	37
2023.10.10	21.887	21.941	21.616	21.786	18990	0	37
2023.10.11	21.786	22.104	21.779	22.031	18431	0	37
2023.10.12	22.031	22.221	21.737	21.825	18510	0	37
2023.10.13	21.824	22.795	21.824	22.685	21355	0	37
2023.10.15	22.666	22.666	22.588	22.648	1000	0	37
2023.10.16	22.648	22.709	22.459	22.546	18361	0	37
2023.10.17	22.547	22.987	22.355	22.802	16903	0	37
2023.10.18	22.804	23.303	22.666	22.876	19693	0	37
2023.10.19	22.874	23.089	22.624	23.044	23128	0	37
2023.10.20	23.044	23.680	22.858	23.335	21719	0	37
2023.10.22	23.114	23.246	23.093	23.119	1101	0	47
2023.10.23	23.118	23.316	22.900	22.954	19414	0	37
2023.10.24	22.953	23.190	22.643	22.928	19330	0	37
2023.10.25	22.928	23.003	22.531	22.825	18658	0	37
2023.10.26	22.825	23.122	22.428	22.823	19482	0	37
2023.10.27	22.823	23.104	22.639	23.083	18380	0	37
2023.10.29	23.078	23.135	23.001	23.034	1421	0	37
2023.10.30	23.034	23.588	23.026	23.260	16969	0	37
2023.10.31	23.260	23.297	22.719	22.816	18885	0	37
2023.11.01	22.816	23.033	22.524	23.031	20152	0	37
2023.11.02	23.031	23.106	22.642	22.695	15740	0	37
2023.11.03	22.695	23.285	22.572	23.188	18009	0	37
2023.11.05	23.148	23.149	23.104	23.113	431	0	37
2023.11.06	23.117	23.238	22.919	22.936	16396	0	37
2023.11.07	22.934	22.961	22.412	22.606	18214	0	37
2023.11.08	22.605	22.827	22.285	22.528	17098	0	37
2023.11.09	22.528	22.975	22.346	22.615	20339	0	37
2023.11.10	22.615	22.722	22.177	22.235	18204	0	37
2023.11.12	22.287	22.295	22.225	22.292	402	0	37
2023.11.13	22.292	22.343	21.864	22.315	17063	0	37
2023.11.14	22.316	23.166	22.279	23.046	17868	0	37
2023.11.15	23.045	23.603	23.015	23.428	19837	0	37
2023.11.16	23.428	24.061	23.263	23.756	19889	0	37
2023.11.17	23.756	24.125	23.645	23.701	19343	0	37
2023.11.19	23.625	23.678	23.587	23.588	360	0	47
2023.11.20	23.589	23.790	23.226	23.584	22333	0	37
2023.11.21	23.583	23.994	23.460	23.774	23155	0	37
2023.11.22	23.775	23.923	23.523	23.587	22084	0	37
2023.11.23	23.587	23.769	23.575	23.681	12259	0	37
2023.11.24	23.677	24.312	23.543	24.297	13781	0	36
2023.11.26	24.306	24.417	24.287	24.320	595	0	37
2023.11.27	24.312	24.855	24.246	24.640	21346	0	37
2023.11.28	24.640	25.066	24.523	25.061	19333	0	37
2023.11.29	25.061	25.237	24.830	24.940	22874	0	37
2023.11.30	24.940	25.346	24.910	25.341	20326	0	37
2023.12.01	25.342	25.503	25.068	25.449	21125	0	37
2023.12.03	25.459	25.901	25.429	25.714	2679	0	40
2023.12.04	25.717	25.748	24.396	24.516	27773	0	37
2023.12.05	24.518	24.611	23.946	24.163	24406	0	37
2023.12.06	24.163	24.336	23.848	23.903	19937	0	37
2023.12.07	23.904	24.005	23.566	23.751	20545	0	35
2023.12.08	23.750	23.877	22.924	22.985	22771	0	37
2023.12.10	23.011	23.049	22.999	23.049	367	0	37
2023.12.11	23.049	23.084	22.704	22.797	18641	0	37
2023.12.12	22.797	23.136	22.670	22.796	16754	0	37
2023.12.13	22.796	23.822	22.493	23.812	20707	0	37
2023.12.14	23.819	24.200	23.784	24.112	27567	0	37
2023.12.15	24.115	24.269	23.738	23.851	22687	0	37
2023.12.17	23.820	23.835	23.697	23.709	495	0	38
2023.12.18	23.709	24.037	23.644	23.792	18553	0	37
2023.12.19	23.792	24.153	23.752	24.023	18496	0	37
2023.12.20	24.024	24.417	23.936	24.149	18795	0	37
2023.12.21	24.149	24.481	24.121	24.436	18931	0	37
2023.12.22	24.436	24.583	24.073	24.173	21143	0	37
2023.12.25	24.207	24.237	24.185	24.217	309	0	38
2023.12.26	24.217	24.400	24.043	24.179	13219	0	36
2023.12.27	24.174	24.437	23.934	24.283	18231	0	37
2023.12.28	24.285	24.468	23.906	23.915	19564	0	37
2023.12.29	23.916	23.964	23.520	23.773	17771	0	37
2024.01.01	23.818	23.838	23.785	23.796	324	0	37
2024.01.02	23.799	24.077	23.611	23.615	21421	0	36
2024.01.03	23.614	23.710	22.820	23.004	22671	0	37
2024.01.04	23.001	23.054	22.671	23.019	17568	0	37
2024.01.05	23.019	23.498	22.760	23.176	23991	0	37
2024.01.07	23.106	23.129	23.083	23.097	409	0	37
2024.01.08	23.096	23.193	22.820	23.105	20284	0	37
2024.01.09	23.102	23.357	22.878	22.966	18515	0	37
2024.01.10	22.966	23.089	22.751	22.894	17228	0	37
2024.01.11	22.894	23.169	22.457	22.868	22536	0	37
2024.01.12	22.868	23.514	22.766	23.169	20338	0	37
2024.01.14	23.148	23.158	23.128	23.133	331	0	37
2024.01.15	23.133	23.316	23.093	23.149	11945	0	37
2024.01.16	23.149	23.197	22.842	22.888	21783	0	37
2024.01.17	22.888	22.929	22.494	22.577	20185	0	37
2024.01.18	22.577	22.752	22.406	22.747	18485	0	37
2024.01.19	22.747	22.825	22.447	22.591	16852	0	37
2024.01.21	22.569	22.569	22.496	22.506	298	0	37
2024.01.22	22.502	22.641	21.910	22.058	19257	0	37
2024.01.23	22.058	22.446	22.038	22.445	16618	0	37
2024.01.24	22.445	22.943	22.325	22.656	20150	0	37
2024.01.25	22.656	23.005	22.632	22.889	19669	0	37
2024.01.26	22.894	22.964	22.684	22.780	13559	0	37
2024.01.28	22.935	22.960	22.870	22.879	658	0	47
2024.01.29	22.879	23.203	22.753	23.180	15121	0	37
2024.01.30	23.178	23.284	22.921	23.140	14221	0	37
2024.01.31	23.140	23.307	22.763	22.889	20654	0	37
2024.02.01	22.891	23.236	22.495	23.136	21932	0	37
2024.02.02	23.136	23.232	22.387	22.670	20052	0	37
2024.02.04	22.690	22.691	22.637	22.680	436	0	37
2024.02.05	22.680	22.701	22.227	22.291	19121	0	37
2024.02.06	22.289	22.469	22.242	22.391	15612	0	37
2024.02.07	22.391	22.430	22.153	22.163	14883	0	37
2024.02.08	22.169	22.617	22.125	22.563	15620	0	37
2024.02.09	22.567	22.705	22.345	22.590	13362	0	37
2024.02.11	22.616	22.646	22.596	22.640	258	0	37
2024.02.12	22.641	23.056	22.499	22.667	13441	0	37
2024.02.13	22.668	22.920	21.970	22.058	15452	0	37
2024.02.14	22.061	22.440	21.918	22.353	15079	0	37
2024.02.15	22.350	23.017	22.333	22.946	15712	0	37
2024.02.16	22.944	23.482	22.773	23.398	16252	0	37
2024.02.18	23.380	23.393	23.372	23.373	146	0	47
2024.02.19	23.373	23.453	22.920	22.941	13164	0	37
2024.02.20	22.937	23.173	22.899	22.992	14482	0	37
2024.02.21	22.987	23.165	22.738	22.893	16447	0	37
2024.02.22	22.888	23.144	22.711	22.734	16320	0	37
2024.02.23	22.735	22.982	22.544	22.929	16438	0	37
2024.02.25	22.836	22.873	22.836	22.849	336	0	37
2024.02.26	22.843	22.869	22.430	22.490	15523	0	37
2024.02.27	22.489	22.695	22.400	22.425	13812	0	37
2024.02.28	22.423	22.498	22.258	22.442	11995	0	37
2024.02.29	22.437	22.770	22.293	22.647	13958	0	37
2024.03.01	22.647	23.249	22.490	23.119	15370	0	37
2024.03.03	23.104	23.151	23.084	23.092	456	0	37
2024.03.04	23.094	23.934	23.003	23.930	16643	0	37
2024.03.05	23.925	24.208	23.604	23.697	20283	0	37
2024.03.06	23.692	24.286	23.549	24.149	19739	0	37
2024.03.07	24.151	24.485	23.986	24.358	20411	0	37
2024.03.08	24.370	24.610	24.154	24.297	20839	0	37
2024.03.10	24.369	24.434	24.297	24.375	832	0	47
2024.03.11	24.375	24.504	24.217	24.475	17685	0	37
2024.03.12	24.474	24.658	23.989	24.119	20035	0	37
2024.03.13	24.118	25.026	24.052	25.021	18699	0	37
2024.03.14	25.026	25.136	24.717	24.822	18532	0	37
2024.03.15	24.822	25.422	24.797	25.161	19159	0	37
2024.03.17	25.077	25.114	25.065	25.113	661	0	47
2024.03.18	25.108	25.305	24.923	25.044	17210	0	37
2024.03.19	25.051	25.131	24.708	24.856	17725	0	37
2024.03.20	24.856	25.709	24.728	25.675	20944	0	37
2024.03.21	25.685	25.755	24.620	24.736	23393	0	37
2024.03.22	24.736	24.925	24.382	24.650	20149	0	37
2024.03.24	24.667	24.694	24.609	24.676	843	0	47
2024.03.25	24.676	24.869	24.534	24.642	17668	0	36
2024.03.26	24.643	24.868	24.351	24.416	20113	0	37
2024.03.27	24.422	24.638	24.305	24.542	18253	0	37
2024.03.28	24.537	24.985	24.371	24.917	21421	0	37
2024.03.31	25.032	25.172	24.972	25.133	1737	0	47
2024.04.01	25.148	25.363	24.722	25.063	20436	0	47
2024.04.02	25.068	26.215	25.059	26.138	24169	0	47
2024.04.03	26.122	27.270	26.089	27.065	29084	0	47
2024.04.04	27.075	27.311	26.657	26.798	24445	0	47
2024.04.05	26.801	27.471	26.261	27.447	28807	0	47
2024.04.07	27.492	27.507	27.066	27.150	2291	0	47
2024.04.08	27.154	28.065	26.841	27.856	32733	0	47
2024.04.09	27.853	28.302	27.599	28.152	31094	0	47
2024.04.10	28.151	28.500	27.511	27.884	32388	0	47
2024.04.11	27.879	28.500	27.730	28.454	28017	0	47
2024.04.12	28.454	29.773	27.902	27.911	38529	0	47
2024.04.14	28.158	28.341	27.568	28.176	3348	0	47
2024.04.15	28.221	28.958	27.966	28.863	38535	0	47
2024.04.16	28.869	28.997	27.929	28.153	36608	0	47
2024.04.17	28.157	28.780	28.047	28.206	32854	0	47
2024.04.18	28.204	28.632	28.115	28.215	29735	0	47
2024.04.19	28.212	28.921	28.047	28.650	35218	0	47
2024.04.21	28.558	28.634	28.486	28.547	1431	0	47
2024.04.22	28.548	28.555	27.091	27.289	31146	0	47
2024.04.23	27.289	27.358	26.645	27.257	31891	0	47
2024.04.24	27.257	27.465	27.015	27.173	26853	0	47
2024.04.25	27.173	27.551	26.960	27.332	27147	0	47
2024.04.26	27.332	27.710	27.063	27.183	24737	0	47
2024.04.28	27.122	27.212	27.115	27.187	919	0	47
2024.04.29	27.186	27.414	26.923	27.060	26740	0	47
2024.04.30	27.060	27.117	26.223	26.328	27266	0	47
2024.05.01	26.328	26.948	26.264	26.749	28283	0	47
2024.05.02	26.746	26.797	25.993	26.661	25114	0	47
2024.05.03	26.664	26.853	26.102	26.534	23962	0	47
2024.05.05	26.549	26.612	26.437	26.444	1131	0	47
2024.05.06	26.442	27.462	26.412	27.431	24472	0	47
2024.05.07	27.431	27.502	27.133	27.227	22137	0	47
2024.05.08	27.227	27.458	26.988	27.298	22837	0	47
2024.05.09	27.296	28.367	27.265	28.318	23382	0	47
2024.05.10	28.318	28.744	28.019	28.152	27601	0	47
2024.05.12	28.162	28.192	28.096	28.151	708	0	47
2024.05.13	28.152	28.363	27.946	28.254	24783	0	47
2024.05.14	28.257	28.723	28.069	28.589	26939	0	47
2024.05.15	28.589	29.789	28.415	29.711	31374	0	47
2024.05.16	29.711	29.825	29.308	29.652	30183	0	47
2024.05.17	29.656	31.574	29.442	31.432	32315	0	47
2024.05.19	31.560	31.560	31.264	31.409	2436	0	47
2024.05.20	31.408	32.490	30.927	31.744	43671	0	47
2024.05.21	31.749	32.479	31.053	32.009	38852	0	47
2024.05.22	32.008	32.179	30.697	30.890	39161	0	47
2024.05.23	30.887	30.961	30.044	30.135	39915	0	47
2024.05.24	30.137	30.601	30.023	30.334	29714	0	47
2024.05.26	30.398	30.572	30.364	30.499	1219	0	47
2024.05.27	30.499	31.828	30.402	31.611	22486	0	47
2024.05.28	31.611	32.223	31.222	32.031	35259	0	47
2024.05.29	32.031	32.280	31.584	32.003	34894	0	47
2024.05.30	32.004	32.070	30.986	31.162	37869	0	47
2024.05.31	31.160	31.745	30.171	30.385	37576	0	47
2024.06.02	30.433	30.488	30.326	30.378	1287	0	47
2024.06.03	30.378	30.782	29.759	30.716	36667	0	47
2024.06.04	30.709	30.863	29.358	29.552	37557	0	47
2024.06.05	29.552	30.039	29.369	29.991	30812	0	47
2024.06.06	29.991	31.360	29.949	31.317	32107	0	47
2024.06.07	31.317	31.522	29.095	29.151	39042	0	47
2024.06.09	29.123	29.320	29.113	29.302	1208	0	47
2024.06.10	29.303	29.798	29.221	29.694	26662	0	47
2024.06.11	29.694	29.701	29.013	29.278	30897	0	47
2024.06.12	29.281	30.233	29.163	29.519	33663	0	47
2024.06.13	29.519	29.637	28.635	28.892	33503	0	47
2024.06.14	28.892	29.557	28.810	29.537	30357	0	47
2024.06.16	29.513	29.532	29.458	29.481	812	0	47
2024.06.17	29.480	29.537	29.004	29.477	27438	0	47
2024.06.18	29.475	29.661	28.904	29.506	28471	0	47
2024.06.19	29.506	29.772	29.324	29.746	19193	0	47
2024.06.20	29.747	30.775	29.731	30.746	31146	0	47
2024.06.21	30.743	30.829	29.446	29.519	30361	0	47
2024.06.23	29.495	29.500	29.325	29.373	873	0	47
2024.06.24	29.372	29.702	29.325	29.520	25134	0	47
2024.06.25	29.520	29.640	28.821	28.850	27114	0	47
2024.06.26	28.850	29.051	28.550	28.693	27292	0	47
2024.06.27	28.693	29.229	28.668	28.988	24983	0	47
2024.06.28	28.987	29.602	28.753	29.118	26462	0	47
2024.06.30	29.088	29.130	29.058	29.072	759	0	47
2024.07.01	29.075	29.459	28.937	29.440	25342	0	47
2024.07.02	29.443	29.799	29.179	29.564	24135	0	47
2024.07.03	29.564	30.649	29.455	30.507	25746	0	47
2024.07.04	30.507	30.564	30.180	30.348	16578	0	47
2024.07.05	30.349	31.467	30.124	31.195	29831	0	47
2024.07.07	31.209	31.247	31.063	31.090	1041	0	47
2024.07.08	31.090	31.349	30.412	30.834	27478	0	47
2024.07.09	30.837	31.127	30.491	30.781	27905	0	47
2024.07.10	30.775	31.142	30.628	30.837	26022	0	47
2024.07.11	30.837	31.730	30.798	31.379	28144	0	47
2024.07.12	31.376	31.381	30.366	30.771	29320	0	47
2024.07.14	30.753	30.777	30.544	30.604	1417	0	47
2024.07.15	30.605	31.072	30.505	30.599	28291	0	47
2024.07.16	30.595	31.380	30.465	31.246	28336	0	47
2024.07.17	31.246	31.408	30.027	30.368	34368	0	47
2024.07.18	30.368	30.573	29.713	29.713	29767	0	47
2024.07.19	29.709	29.713	28.852	29.194	32130	0	47
2024.07.21	29.251	29.408	29.220	29.398	1079	0	47
2024.07.22	29.397	29.399	28.724	29.052	27983	0	47
2024.07.23	29.054	29.280	28.644	29.176	28111	0	47
2024.07.24	29.177	29.428	28.786	28.869	29876	0	47
2024.07.25	28.871	28.888	27.396	27.816	38661	0	47
2024.07.26	27.819	28.050	27.566	27.903	27988	0	47
2024.07.28	27.964	28.118	27.963	28.099	1427	0	47
2024.07.29	28.104	28.172	27.286	27.800	29778	0	47
2024.07.30	27.803	28.392	27.608	28.331	30253	0	47
2024.07.31	28.331	29.074	28.221	29.025	32184	0	47
2024.08.01	29.025	29.138	28.198	28.482	34849	0	47
2024.08.02	28.482	29.201	27.923	28.534	38257	0	47
2024.08.04	28.467	28.611	28.431	28.487	1939	0	47
2024.08.05	28.487	28.651	26.483	27.237	48932	0	47
2024.08.06	27.236	27.546	26.578	26.809	38272	0	47
2024.08.07	26.808	27.245	26.422	26.628	34412	0	47
2024.08.08	26.630	27.581	26.591	27.522	33209	0	47
2024.08.09	27.522	27.736	27.237	27.437	28482	0	47
2024.08.11	27.401	27.430	27.272	27.314	997	0	47
2024.08.12	27.313	28.018	27.203	27.991	27984	0	47
2024.08.13	27.991	28.027	27.432	27.816	24279	0	47
2024.08.14	27.820	28.048	27.156	27.563	20695	0	47
2024.08.15	27.567	28.498	27.464	28.338	20643	0	47
2024.08.16	28.335	28.986	28.023	28.980	20316	0	47
2024.08.18	28.998	29.007	28.865	28.979	742	0	47
2024.08.19	28.982	29.476	28.706	29.387	20651	0	47
2024.08.20	29.392	29.948	29.183	29.422	21196	0	47
2024.08.21	29.424	29.714	29.197	29.583	20182	0	47
2024.08.22	29.587	29.657	28.765	29.022	21660	0	47
2024.08.23	29.019	29.864	28.993	29.808	20411	0	47
2024.08.25	29.865	29.910	29.784	29.892	832	0	41
2024.08.26	29.891	30.169	29.636	29.851	19381	0	41
2024.08.27	29.847	30.083	29.686	29.997	18882	0	41
2024.08.28	29.999	30.027	29.060	29.168	17848	0	41
2024.08.29	29.167	29.664	29.167	29.363	21045	0	41
2024.08.30	29.363	29.569	28.671	28.840	28841	0	41
2024.09.01	28.781	28.856	28.780	28.852	787	0	41
2024.09.02	28.851	28.951	28.306	28.503	19717	0	41
2024.09.03	28.503	28.549	27.693	28.042	29769	0	41
2024.09.04	28.041	28.338	27.751	28.250	28919	0	41
2024.09.05	28.250	29.158	28.191	28.817	28947	0	41
2024.09.06	28.817	29.094	27.665	27.916	33210	0	41
2024.09.08	27.954	28.010	27.922	27.962	815	0	41
2024.09.09	27.962	28.346	27.684	28.330	27310	0	41
2024.09.10	28.330	28.534	28.009	28.422	27394	0	41
2024.09.11	28.422	28.851	28.051	28.658	31509	0	41
2024.09.12	28.655	29.929	28.514	29.902	31770	0	41
2024.09.13	29.903	30.904	29.832	30.701	30624	0	41
2024.09.15	30.744	30.982	30.696	30.845	1180	0	41
2024.09.16	30.846	31.075	30.576	30.734	25149	0	41
2024.09.17	30.730	30.970	30.495	30.712	26251	0	41
2024.09.18	30.712	31.217	29.686	30.162	35243	0	41
2024.09.19	30.162	31.281	29.890	30.760	37855	0	41
2024.09.20	30.759	31.411	30.712	31.149	33351	0	41
2024.09.22	31.142	31.151	31.035	31.080	737	0	41
2024.09.23	31.080	31.164	30.337	30.661	31146	0	41
2024.09.24	30.661	32.248	30.632	32.134	36318	0	41
2024.09.25	32.133	32.262	31.549	31.809	35430	0	41
2024.09.26	31.809	32.694	31.725	31.961	38101	0	41
2024.09.27	31.961	32.277	31.343	31.615	37073	0	41
2024.09.29	31.723	31.823	31.665	31.731	1385	0	41
2024.09.30	31.733	31.835	30.864	31.222	35607	0	41
2024.10.01	31.223	31.830	31.178	31.345	31295	0	41
2024.10.02	31.351	32.285	30.981	31.830	30769	0	41
2024.10.03	31.830	32.192	31.392	32.026	30651	0	41
2024.10.04	32.026	32.941	31.484	32.176	32523	0	41
2024.10.06	32.259	32.325	32.165	32.198	1031	0	41
2024.10.07	32.197	32.280	31.395	31.626	29962	0	41
2024.10.08	31.626	31.755	30.102	30.650	40692	0	41
2024.10.09	30.650	30.760	30.201	30.480	32747	0	41
2024.10.10	30.481	31.166	30.341	31.132	32835	0	41
2024.10.11	31.132	31.613	31.043	31.519	27738	0	41
2024.10.13	31.089	31.225	30.915	31.163	1205	0	41
2024.10.14	31.163	31.529	30.885	31.208	27915	0	41
2024.10.15	31.204	31.669	30.744	31.449	31709	0	41
2024.10.16	31.449	32.159	31.395	31.727	29791	0	41
2024.10.17	31.724	32.001	31.295	31.770	33385	0	41
2024.10.18	31.764	33.738	31.695	33.693	35491	0	41
2024.10.20	33.882	33.924	33.690	33.778	1584	0	41
2024.10.21	33.775	34.249	33.443	33.828	38269	0	41
2024.10.22	33.823	34.847	33.776	34.709	34996	0	41
2024.10.23	34.709	34.820	33.409	33.801	35797	0	41
2024.10.24	33.795	34.279	33.222	33.650	33695	0	41
2024.10.25	33.650	33.999	33.066	33.679	33259	0	41
2024.10.27	33.418	33.675	33.320	33.585	1920	0	41
2024.10.28	33.582	33.969	33.210	33.692	32030	0	41
2024.10.29	33.690	34.525	33.632	34.457	34393	0	41
2024.10.30	34.457	34.506	33.391	33.722	34090	0	41
2024.10.31	33.722	33.879	32.485	32.645	34762	0	41
2024.11.01	32.645	33.102	32.313	32.432	31301	0	41
2024.11.03	32.281	32.530	32.273	32.480	843	0	41
2024.11.04	32.480	32.856	32.276	32.385	31854	0	41
2024.11.05	32.385	32.902	32.230	32.689	30456	0	41
2024.11.06	32.689	32.689	30.813	31.163	48798	0	41
2024.11.07	31.163	32.137	30.855	31.995	37422	0	41
2024.11.08	31.995	32.013	31.172	31.267	35743	0	41
2024.11.10	31.282	31.399	31.273	31.399	542	0	41
2024.11.11	31.399	31.541	30.403	30.705	32783	0	41
2024.11.12	30.703	30.800	30.169	30.676	35310	0	41
2024.11.13	30.677	31.128	30.208	30.248	34970	0	41
2024.11.14	30.249	30.634	29.655	30.351	37904	0	41
2024.11.15	30.351	30.794	30.160	30.232	34868	0	41
2024.11.17	30.290	30.390	30.285	30.377	789	0	41
2024.11.18	30.378	31.251	30.348	31.149	31671	0	41
2024.11.19	31.149	31.516	31.027	31.273	33212	0	41
2024.11.20	31.270	31.314	30.755	30.903	30717	0	41
2024.11.21	30.902	31.289	30.624	30.729	32316	0	41
2024.11.22	30.729	31.387	30.727	31.318	33844	0	41
2024.11.24	31.327	31.460	31.300	31.383	1068	0	41
2024.11.25	31.383	31.394	29.965	30.089	37060	0	41
2024.11.26	30.094	30.675	30.027	30.402	31447	0	41
2024.11.27	30.398	30.685	29.955	30.096	27582	0	41
2024.11.28	30.097	30.275	29.623	30.226	20940	0	41
2024.11.29	30.221	30.878	30.177	30.591	24815	0	41
2024.12.01	30.496	30.496	30.399	30.455	784	0	41
2024.12.02	30.453	30.659	30.037	30.579	29722	0	41
2024.12.03	30.579	31.066	30.443	30.972	28471	0	41
2024.12.04	30.972	31.452	30.449	31.307	30732	0	41
2024.12.05	31.306	31.403	30.994	31.337	28283	0	41
2024.12.06	31.337	31.417	30.808	30.948	30203	0	41
2024.12.08	30.992	31.092	30.984	31.061	897	0	41
2024.12.09	31.060	32.262	30.847	31.888	32311	0	41
2024.12.10	31.886	32.074	31.687	31.887	29837	0	41
2024.12.11	31.887	32.167	31.488	31.926	35715	0	41
2024.12.12	31.925	32.305	30.867	30.892	37130	0	41
2024.12.13	30.892	31.084	30.272	30.533	29517	0	41
2024.12.15	30.538	30.605	30.538	30.575	557	0	41
2024.12.16	30.575	30.737	30.449	30.505	20919	0	41
2024.12.17	30.504	30.588	30.133	30.496	23547	0	41
2024.12.18	30.496	30.557	29.232	29.302	26117	0	41
2024.12.19	29.300	29.693	28.727	29.013	28291	0	41
2024.12.20	29.008	29.676	28.789	29.499	24847	0	41
2024.12.22	29.629	29.702	29.594	29.677	706	0	41
2024.12.23	29.678	29.853	29.402	29.684	21897	0	41
2024.12.24	29.681	29.770	29.456	29.652	14017	0	41
2024.12.25	29.649	29.688	29.644	29.663	406	0	41
2024.12.26	29.663	29.851	29.483	29.779	19321	0	41
2024.12.27	29.779	29.870	29.305	29.374	19689	0	41
2024.12.29	29.417	29.461	29.405	29.433	483	0	41
2024.12.30	29.431	29.507	28.779	28.924	20751	0	41
2024.12.31	28.932	29.011	28.762	28.891	18559	0	41
2025.01.01	28.936	28.976	28.922	28.968	468	0	41
2025.01.02	28.970	29.578	28.947	29.524	24067	0	41
2025.01.03	29.524	29.881	29.477	29.601	20493	0	41
2025.01.05	29.646	29.662	29.613	29.617	416	0	41
2025.01.06	29.621	30.326	29.389	29.918	28898	0	41
2025.01.07	29.918	30.365	29.863	30.075	24029	0	41
2025.01.08	30.073	30.331	29.786	30.116	25369	0	41
2025.01.09	30.118	30.460	29.981	30.073	20179	0	41
2025.01.10	30.072	30.641	29.921	30.390	30060	0	41
2025.01.12	30.416	30.447	30.363	30.441	724	0	41
2025.01.13	30.441	30.494	29.488	29.656	30801	0	41
2025.01.14	29.656	29.955	29.497	29.827	24464	0	41
2025.01.15	29.826	30.734	29.721	30.652	25051	0	41
2025.01.16	30.654	30.953	30.504	30.738	28035	0	41
2025.01.17	30.740	30.820	30.112	30.336	24527	0	41
2025.01.19	30.265	30.330	30.224	30.302	805	0	41
2025.01.20	30.304	30.628	29.970	30.553	23268	0	41
2025.01.21	30.555	30.837	30.173	30.728	27651	0	41
2025.01.22	30.727	30.933	30.543	30.752	23663	0	41
2025.01.23	30.746	30.842	30.074	30.449	25337	0	41
2025.01.24	30.447	31.002	30.419	30.593	25331	0	41
2025.01.26	30.511	30.607	30.495	30.511	1182	0	41
2025.01.27	30.510	30.594	29.682	30.166	29749	0	41
2025.01.28	30.164	30.466	29.868	30.385	22820	0	41
2025.01.29	30.387	30.966	30.263	30.855	26407	0	41
2025.01.30	30.855	31.718	30.787	31.625	28595	0	41
2025.01.31	31.623	31.695	31.108	31.289	33051	0	41
2025.02.02	31.306	31.413	30.701	31.017	5023	0	49
2025.02.03	31.007	31.660	30.665	31.490	42824	0	41
2025.02.04	31.491	32.357	31.343	32.057	28957	0	41
2025.02.05	32.058	32.532	31.916	32.301	29129	0	41
2025.02.06	32.300	32.404	31.730	32.203	24940	0	41
2025.02.07	32.203	32.631	31.767	31.770	27439	0	41
2025.02.09	31.699	31.809	31.699	31.769	838	0	41
2025.02.10	31.769	32.317	31.769	32.051	22714	0	41
2025.02.11	32.051	32.226	31.230	31.820	26563	0	41
2025.02.12	31.820	32.344	31.497	32.258	26409	0	41
2025.02.13	32.258	32.404	31.980	32.345	27449	0	41
2025.02.14	32.345	33.377	32.055	32.114	35321	0	41
2025.02.16	32.146	32.185	31.940	32.013	1151	0	41
2025.02.17	32.015	32.474	31.893	32.360	20227	0	41
2025.02.18	32.360	32.893	32.059	32.887	27868	0	41
2025.02.19	32.887	33.054	32.429	32.688	29377	0	41
2025.02.20	32.689	33.184	32.605	32.936	27814	0	41
2025.02.21	32.938	33.058	32.454	32.466	31927	0	41
2025.02.23	32.643	32.684	32.550	32.561	677	0	41
2025.02.24	32.559	32.739	32.078	32.251	32597	0	41
2025.02.25	32.251	32.464	31.271	31.761	37148	0	41
2025.02.26	31.764	31.937	31.479	31.871	28541	0	41
2025.02.27	31.869	31.918	31.159	31.205	31469	0	41
2025.02.28	31.205	31.376	30.798	31.133	29551	0	41
2025.03.02	31.157	31.301	31.122	31.241	1104	0	41
2025.03.03	31.241	31.821	31.104	31.638	30570	0	41
2025.03.04	31.637	31.995	31.449	31.911	32533	0	41
2025.03.05	31.906	32.694	31.756	32.604	37218	0	41
2025.03.06	32.604	32.746	32.245	32.610	34008	0	41
2025.03.07	32.610	32.654	32.086	32.521	33270	0	41
2025.03.09	32.495	32.624	32.442	32.557	1770	0	41
2025.03.10	32.557	32.644	31.917	31.995	36332	0	41
2025.03.11	31.994	32.969	31.791	32.835	33448	0	41
2025.03.12	32.835	33.299	32.687	33.262	29911	0	41
2025.03.13	33.257	33.934	32.918	33.839	30909	0	41
2025.03.14	33.839	34.058	33.508	33.763	30302	0	41
2025.03.16	33.819	33.838	33.747	33.768	1334	0	41
2025.03.17	33.768	33.878	33.414	33.730	25612	0	41
2025.03.18	33.727	34.209	33.727	33.943	28591	0	41
2025.03.19	33.943	34.074	33.442	33.886	28132	0	41
2025.03.20	33.886	33.926	33.077	33.520	27793	0	41
2025.03.21	33.519	33.530	32.642	33.014	27124	0	41
2025.03.23	33.017	33.080	32.986	33.045	962	0	41
2025.03.24	33.044	33.285	32.869	32.916	23280	0	41
2025.03.25	32.916	33.781	32.907	33.660	22412	0	41
2025.03.26	33.657	33.909	33.486	33.631	25050	0	41
2025.03.27	33.632	34.452	33.586	34.392	29583	0	41
2025.03.28	34.389	34.565	33.909	34.092	33789	0	41
2025.03.30	34.094	34.225	34.087	34.195	1592	0	41
2025.03.31	34.200	34.448	33.487	34.024	35986	0	41
2025.04.01	34.025	34.191	33.450	33.653	31948	0	41
2025.04.02	33.651	34.122	33.051	33.775	37004	0	41
2025.04.03	33.775	33.937	31.699	31.892	47463	0	41
2025.04.04	31.892	31.963	29.177	29.575	50371	0	41
2025.04.06	29.002	29.045	28.291	28.652	5015	0	41
2025.04.07	28.645	30.797	28.434	30.000	67604	0	41
2025.04.08	29.993	30.515	29.360	29.571	46341	0	41
2025.04.09	29.577	31.058	29.313	30.902	54127	0	41
2025.04.10	30.908	31.294	30.556	31.151	48064	0	41
2025.04.11	31.151	32.277	30.900	32.268	44863	0	41
2025.04.13	32.135	32.182	31.965	32.063	2654	0	41
2025.04.14	32.061	32.378	31.719	32.281	34378	0	41
2025.04.15	32.281	32.393	32.072	32.380	28331	0	41
2025.04.16	32.379	33.091	32.265	32.810	36810	0	41
2025.04.17	32.814	32.919	32.067	32.540	33315	0	41
2025.04.20	32.474	32.580	32.405	32.539	1950	0	41
2025.04.21	32.540	33.036	32.468	32.722	31367	0	41
2025.04.22	32.719	33.127	32.075	32.492	42223	0	41
2025.04.23	32.492	33.655	32.489	33.608	37564	0	41
2025.04.24	33.600	33.672	33.150	33.598	32048	0	41
2025.04.25	33.599	33.661	32.756	33.074	29800	0	41
2025.04.27	33.040	33.090	32.872	32.881	1761	0	41
2025.04.28	32.880	33.177	32.637	33.095	29901	0	41
2025.04.29	33.095	33.515	32.785	32.915	27521	0	41
2025.04.30	32.915	33.093	32.165	32.603	30977	0	41
2025.05.01	32.603	32.657	31.653	32.425	29758	0	42
2025.05.02	32.423	32.696	31.916	32.001	28238	0	42
2025.05.04	32.002	32.076	31.998	32.043	1354	0	42
2025.05.05	32.043	32.648	31.978	32.494	26835	0	42
2025.05.06	32.495	33.236	32.466	33.139	33080	0	42
2025.05.07	33.132	33.138	32.230	32.440	32687	0	42
2025.05.08	32.442	32.923	32.204	32.423	31769	0	42
2025.05.09	32.424	32.847	32.204	32.724	25961	0	42
2025.05.11	32.563	32.658	32.527	32.645	2162	0	42
2025.05.12	32.645	32.972	31.866	32.559	35129	0	42
2025.05.13	32.562	33.210	32.500	32.932	29084	0	42
2025.05.14	32.933	32.939	32.067	32.197	29525	0	42
2025.05.15	32.198	32.673	31.631	32.613	29268	0	42
2025.05.16	32.615	32.649	31.847	32.261	25913	0	42
2025.05.18	32.281	32.501	32.270	32.447	1934	0	42
2025.05.19	32.446	32.605	32.216	32.342	23299	0	42
2025.05.20	32.344	33.127	32.106	33.078	25451	0	42
2025.05.21	33.078	33.550	32.907	33.433	27933	0	42
2025.05.22	33.433	33.681	32.593	33.026	29602	0	42
2025.05.23	33.027	33.522	32.882	33.462	25948	0	42
2025.05.25	33.409	33.530	33.393	33.421	1596	0	42
2025.05.26	33.421	33.546	33.223	33.396	16152	0	42
2025.05.27	33.395	33.509	32.750	33.257	24453	0	42
2025.05.28	33.258	33.413	32.677	32.853	22277	0	42
2025.05.29	32.858	33.479	32.801	33.244	24860	0	42
2025.05.30	33.244	33.288	32.750	32.962	24543	0	42
2025.06.01	33.043	33.119	32.992	33.054	1380	0	42
2025.06.02	33.053	34.769	32.937	34.708	29554	0	42
2025.06.03	34.707	34.730	33.937	34.578	26871	0	29
2025.06.04	34.578	34.636	34.174	34.495	23874	0	29
2025.06.05	34.495	36.053	34.420	35.708	35828	0	29
2025.06.06	35.702	36.317	35.688	35.968	31683	0	29
2025.06.08	36.037	36.079	35.948	36.038	1608	0	29
2025.06.09	36.037	36.870	35.902	36.787	30133	0	29
2025.06.10	36.787	36.790	36.292	36.574	31487	0	29
2025.06.11	36.575	36.626	36.007	36.343	32542	0	29
2025.06.12	36.345	36.438	35.444	36.380	33109	0	29
2025.06.13	36.378	36.622	35.961	36.302	37980	0	29
2025.06.15	36.356	36.382	36.056	36.285	2688	0	30
2025.06.16	36.285	36.523	36.082	36.313	31647	0	29
2025.06.17	36.315	37.238	36.109	37.112	33523	0	29
2025.06.18	37.109	37.299	36.516	36.733	31318	0	29
2025.06.19	36.738	36.768	36.195	36.382	23410	0	29
2025.06.20	36.383	36.399	35.495	35.994	28802	0	29
2025.06.22	35.957	36.106	35.878	36.068	2268	0	29
2025.06.23	36.066	36.349	35.587	35.884	31666	0	29
2025.06.24	35.882	36.187	35.269	35.933	30263	0	29
2025.06.25	35.933	36.345	35.660	36.327	23957	0	29
2025.06.26	36.327	36.815	36.227	36.619	28533	0	29
2025.06.27	36.619	36.710	35.778	35.979	32517	0	29
2025.06.29	36.010	36.015	35.400	35.753	2730	0	29
2025.06.30	35.746	36.217	35.744	36.141	24307	0	29
2025.07.01	36.141	36.602	35.791	36.077	27465	0	29
2025.07.02	36.077	36.574	35.861	36.400	23955	0	29
2025.07.03	36.399	37.058	36.328	36.782	24858	0	29
2025.07.04	36.781	36.942	36.609	36.924	16445	0	29
2025.07.06	37.145	37.210	36.965	36.981	1673	0	30
2025.07.07	36.981	36.990	36.141	36.781	28902	0	29
2025.07.08	36.777	36.863	36.278	36.534	26488	0	29
2025.07.09	36.535	36.712	36.260	36.399	24817	0	29
2025.07.10	36.400	37.124	36.340	37.096	28886	0	29
2025.07.11	37.096	38.518	36.899	38.385	33426	0	29
2025.07.13	38.474	38.574	38.407	38.493	2434	0	36
2025.07.14	38.493	39.111	38.064	38.255	34078	0	33
2025.07.15	38.252	38.364	37.573	37.784	28938	0	29
2025.07.16	37.784	38.069	37.483	37.880	27901	0	33
2025.07.17	37.882	38.173	37.523	38.100	25142	0	30
2025.07.18	38.103	38.424	38.039	38.196	24264	0	33
2025.07.20	38.125	38.195	38.084	38.194	960	0	36
2025.07.21	38.195	39.038	38.140	38.954	24573	0	33
2025.07.22	38.952	39.326	38.702	39.225	26706	0	36
2025.07.23	39.225	39.511	39.033	39.274	30741	0	36
2025.07.24	39.274	39.299	38.679	39.088	27252	0	36
2025.07.25	39.088	39.180	37.940	38.156	26346	0	33
2025.07.27	38.118	38.189	38.038	38.166	1512	0	36
2025.07.28	38.166	38.321	37.888	38.170	23498	0	33
2025.07.29	38.170	38.273	37.895	38.191	23796	0	33
2025.07.30	38.191	38.234	36.770	37.133	30786	0	30
2025.07.31	37.125	37.257	36.198	36.667	29780	0	29
2025.08.01	36.667	37.167	36.344	37.011	28096	0	29
2025.08.03	37.016	37.022	36.948	37.019	1309	0	30
2025.08.04	37.019	37.464	36.661	37.427	22029	0	30
2025.08.05	37.424	37.864	37.294	37.798	21169	0	29
2025.08.06	37.800	37.930	37.602	37.869	20520	0	30
2025.08.07	37.865	38.490	37.808	38.309	30896	0	33
2025.08.08	38.309	38.465	37.975	38.322	32369	0	33
2025.08.10	38.334	38.338	38.161	38.165	955	0	36
2025.08.11	38.165	38.231	37.486	37.671	26141	0	34
2025.08.12	37.671	38.007	37.553	37.901	22057	0	31
2025.08.13	37.901	38.629	37.833	38.516	18418	0	34
2025.08.14	38.516	38.720	37.823	37.993	24660	0	34
2025.08.15	37.993	38.087	37.670	37.983	19742	0	34
2025.08.17	37.946	37.954	37.802	37.852	1108	0	34
2025.08.18	37.852	38.252	37.848	38.050	19621	0	34
2025.08.19	38.050	38.132	37.264	37.353	21106	0	31
2025.08.20	37.353	37.944	36.948	37.892	21843	0	29
2025.08.21	37.892	38.191	37.519	38.083	20155	0	34
2025.08.22	38.083	39.047	37.681	38.863	22190	0	34
2025.08.24	38.857	38.941	38.851	38.901	1127	0	36
2025.08.25	38.901	38.984	38.355	38.395	18257	0	34
2025.08.26	38.395	38.835	38.324	38.650	24802	0	34
2025.08.27	38.648	38.661	38.071	38.600	21976	0	34
2025.08.28	38.600	39.105	38.579	38.974	23098	0	36
2025.08.29	38.972	39.950	38.711	39.724	25804	0	34
2025.08.31	39.677	39.819	39.514	39.775	1586	0	36
2025.09.01	39.775	40.739	39.737	40.643	28015	0	36
2025.09.02	40.639	40.913	40.124	40.856	34264	0	36
2025.09.03	40.856	41.445	40.611	41.060	35612	0	36
2025.09.04	41.060	41.208	40.384	40.716	34079	0	36
2025.09.05	40.716	41.399	40.555	40.989	34352	0	29
2025.09.07	40.888	40.932	40.728	40.851	1930	0	39
2025.09.08	40.850	41.648	40.513	41.310	34224	0	36
2025.09.09	41.311	41.464	40.745	40.867	33908	0	36
2025.09.10	40.868	41.269	40.700	41.184	28087	0	36
2025.09.11	41.185	41.745	40.881	41.507	32845	0	29
2025.09.12	41.499	42.444	41.380	42.152	31579	0	39
2025.09.14	42.177	42.198	42.056	42.090	1184	0	28
2025.09.15	42.090	42.729	41.995	42.606	29377	0	28
2025.09.16	42.605	42.955	42.240	42.612	31637	0	28
2025.09.17	42.618	42.620	41.121	41.805	41954	0	28
2025.09.18	41.805	41.959	41.185	41.708	33665	0	28
2025.09.19	41.708	43.084	41.641	43.074	31774	0	28
2025.09.21	43.120	43.126	43.010	43.098	2166	0	28
2025.09.22	43.098	44.103	43.075	44.001	33227	0	28
2025.09.23	44.003	44.449	43.625	43.931	36326	0	28
2025.09.24	43.929	44.307	43.657	43.923	35248	0	10
2025.09.25	43.923	45.224	43.771	44.889	38083	0	20
2025.09.26	44.890	46.621	44.592	46.044	37184	0	20
2025.09.28	46.193	46.354	46.152	46.254	2144	0	20
2025.09.29	46.252	47.168	45.942	46.808	45087	0	20
2025.09.30	46.809	47.161	45.801	46.704	43766	0	20
2025.10.01	46.704	47.818	46.648	47.217	43635	0	20
2025.10.02	47.227	48.038	45.908	46.967	39526	0	20
2025.10.03	46.967	48.363	46.645	47.989	37158	0	20
2025.10.05	48.036	48.272	47.952	48.226	3099	0	20
2025.10.06	48.226	48.759	47.972	48.488	40602	0	20
2025.10.07	48.485	48.644	47.329	47.921	42234	0	20
2025.10.08	47.922	49.542	47.737	48.767	46548	0	20
2025.10.09	48.769	51.348	48.423	49.078	61230	0	20
2025.10.10	49.067	51.086	48.869	49.918	65608	0	60
2025.10.12	50.002	50.908	49.657	50.255	3848	0	150
2025.10.13	50.260	52.215	49.949	52.067	38527	0	30
2025.10.14	52.060	53.404	49.922	51.910	55904	0	30
2025.10.15	51.911	53.297	51.509	53.014	51435	0	40
2025.10.16	53.015	54.353	52.435	54.272	54348	0	20
2025.10.17	54.271	54.456	50.624	51.819	55103	0	20
2025.10.19	51.876	52.131	51.083	51.785	3074	0	50
2025.10.20	51.785	52.761	51.259	52.525	52273	0	20
2025.10.21	52.514	52.519	47.885	48.199	60759	0	20
2025.10.22	48.202	49.297	47.527	48.167	57220	0	20
2025.10.23	48.155	49.439	47.892	48.793	49532	0	20
2025.10.24	48.793	48.990	47.825	48.585	43500	0	30
2025.10.26	48.448	48.680	48.067	48.149	3806	0	30
2025.10.27	48.147	48.539	46.087	46.950	48433	0	20
2025.10.28	46.944	47.254	45.541	47.136	49441	0	20
2025.10.29	47.128	48.447	47.082	47.787	50875	0	20
2025.10.30	47.797	49.149	47.252	49.070	48084	0	20
2025.10.31	49.067	49.355	48.369	48.660	44163	0	20
2025.11.02	48.617	48.723	48.503	48.555	1490	0	35
2025.11.03	48.536	49.096	47.743	47.932	43931	0	30
2025.11.04	47.929	48.203	46.861	47.081	46175	0	30
2025.11.05	47.082	48.268	46.874	48.009	40639	0	20
2025.11.06	48.009	48.776	47.652	48.214	39268	0	20
2025.11.07	48.214	48.870	47.980	48.314	39714	0	20
2025.11.09	48.470	48.590	48.381	48.576	1372	0	30
2025.11.10	48.576	50.599	48.481	50.485	44372	0	30
2025.11.11	50.490	51.323	50.270	51.252	41333	0	30
2025.11.12	51.253	53.655	50.858	53.227	47650	0	20
2025.11.13	53.227	54.382	52.055	52.509	55597	0	20
2025.11.14	52.512	53.544	50.057	50.536	54748	0	20
2025.11.16	50.326	51.012	50.313	50.825	1697	0	30
2025.11.17	50.823	51.298	49.486	49.887	51340	0	20
2025.11.18	49.890	51.170	49.354	50.861	50405	0	20
2025.11.19	50.861	52.452	50.367	51.713	51533	0	20
2025.11.20	51.712	51.853	50.219	50.764	55637	0	20
2025.11.21	50.751	50.816	48.636	50.015	56314	0	20
2025.11.23	50.212	50.374	50.054	50.112	1516	0	20
2025.11.24	50.112	51.416	49.707	51.367	44640	0	20
2025.11.25	51.367	51.742	50.688	51.335	44617	0	20
2025.11.26	51.338	53.447	51.325	53.411	44446	0	20
2025.11.27	53.413	53.903	52.687	53.467	31189	0	20
2025.11.28	53.460	56.510	53.447	56.388	30663	0	30
2025.11.30	56.781	57.281	56.173	57.007	2424	0	30
2025.12.01	56.994	58.834	56.438	57.596	56193	0	30
2025.12.02	57.599	58.745	56.577	58.637	51127	0	30
2025.12.03	58.637	58.965	57.534	58.505	49168	0	30
2025.12.04	58.507	58.742	56.464	57.021	49522	0	30
2025.12.05	57.022	59.318	56.866	58.333	47754	0	30
2025.12.07	58.476	58.650	58.213	58.416	624	0	40
2025.12.08	58.415	58.580	57.514	58.103	44811	0	45
2025.12.09	58.103	60.902	57.592	60.837	47258	0	45
2025.12.10	60.837	61.953	60.086	61.901	52019	0	45
2025.12.11	61.903	64.288	61.424	63.048	54699	0	45
2025.12.12	63.041	64.635	60.795	61.965	70945	0	45
2025.12.14	61.999	62.114	61.808	61.947	1804	0	45
2025.12.15	61.953	64.152	61.726	63.902	63303	0	30
2025.12.16	63.902	64.075	62.157	63.792	112411	0	20
2025.12.17	63.792	66.885	63.786	66.311	166940	0	20
2025.12.18	66.307	66.618	64.625	65.558	146012	0	20
2025.12.19	65.558	67.452	64.480	67.202	118575	0	20
2025.12.21	67.441	67.489	67.340	67.427	2267	0	20
2025.12.22	67.431	69.454	67.371	69.131	113051	0	20
2025.12.23	69.131	71.848	68.819	71.816	128330	0	20
2025.12.24	71.815	72.697	70.183	71.788	132585	0	20
2025.12.25	73.008	73.321	72.874	73.115	2800	0	20
2025.12.26	73.114	79.301	73.106	79.249	192489	0	20
2025.12.28	83.116	83.926	81.685	81.824	4311	0	40
2025.12.29	81.829	81.870	70.525	72.542	282716	0	20
2025.12.30	72.543	78.062	72.044	75.221	196607	0	20
2025.12.31	75.222	75.795	70.046	71.637	220194	0	20
2026.01.01	72.021	73.040	72.021	72.662	4601	0	20
2026.01.02	72.662	74.548	71.407	72.744	158338	0	20
2026.01.04	73.098	74.140	72.905	74.011	3162	0	40
2026.01.05	74.009	77.876	73.934	76.193	160843	0	20
2026.01.06	76.197	82.755	75.899	82.514	176774	0	20
2026.01.07	82.519	82.704	76.360	78.750	214853	0	20
2026.01.08	78.746	79.023	73.842	76.683	194507	0	20
2026.01.09	76.688	80.517	75.469	79.938	158694	0	20
2026.01.11	80.535	81.803	80.245	81.623	5120	0	30
2026.01.12	81.619	86.251	81.510	84.351	186949	0	20
2026.01.13	84.356	89.124	83.610	87.822	155845	0	20
2026.01.14	87.817	93.496	87.710	92.229	215128	0	20
2026.01.15	92.232	93.039	86.107	91.443	251370	0	20
2026.01.16	91.438	92.068	86.862	90.122	190491	0	20
2026.01.18	92.521	94.122	92.452	93.346	10913	0	30
2026.01.19	93.339	94.669	92.398	93.785	117690	0	20
2026.01.20	93.786	95.871	92.591	94.870	168426	0	20
2026.01.21	94.868	95.564	90.331	90.978	226642	0	20
2026.01.22	90.983	96.974	90.804	96.958	201672	0	20
2026.01.23	96.956	103.393	96.691	103.281	194880	0	20
2026.01.25	104.072	105.155	103.846	105.013	10080	0	30
2026.01.26	105.017	117.738	101.551	106.760	472991	0	20
2026.01.27	106.765	113.488	104.353	112.784	540068	0	20
2026.01.28	112.783	119.413	110.524	117.774	414413	0	20
2026.01.29	117.779	121.651	106.552	117.597	679730	0	20
2026.01.30	117.602	118.469	73.676	85.011	1107598	0	20
2026.02.01	81.903	82.612	76.868	81.588	17917	0	60
2026.02.02	81.619	87.939	71.331	82.865	640251	0	20
2026.02.03	82.870	89.168	81.023	84.517	329216	0	50
2026.02.04	84.518	92.188	83.645	89.637	212352	0	50
2026.02.05	89.633	90.399	66.915	67.158	412875	0	50
2026.02.06	67.157	78.145	64.045	78.098	221583	0	50
2026.02.08	79.409	80.160	78.466	79.835	6016	0	50
2026.02.09	79.837	83.992	78.704	81.776	153721	0	50
2026.02.10	81.775	83.016	79.949	81.399	130775	0	50
2026.02.11	81.405	86.288	81.059	82.731	132546	0	50
2026.02.12	82.730	84.240	73.943	75.125	182099	0	50
2026.02.13	75.126	79.333	74.688	77.516	140828	0	50
2026.02.15	74.897	77.102	74.857	76.352	3408	0	50
2026.02.16	76.353	77.496	74.729	76.443	61726	0	50
2026.02.17	76.443	76.547	71.927	72.417	139850	0	50
2026.02.18	72.417	78.339	72.321	77.182	107614	0	40
2026.02.19	77.181	79.467	76.466	77.963	106640	0	40
2026.02.20	77.967	84.685	77.416	84.599	127927	0	40
2026.02.22	85.420	87.263	85.417	87.006	4327	0	40
2026.02.23	87.003	89.041	85.159	88.141	113239	0	40
2026.02.24	88.140	88.891	84.936	87.219	152471	0	40
2026.02.25	87.218	91.287	86.754	87.556	142022	0	40
2026.02.26	87.564	90.340	85.223	88.167	187135	0	40
2026.02.27	88.167	94.134	87.809	93.771	166931	0	40
2026.03.01	95.540	96.404	94.718	95.757	7987	0	40
2026.03.02	95.758	96.174	86.512	90.065	253564	0	20
2026.03.03	90.073	91.332	77.951	82.992	373432	0	42
2026.03.04	82.990	86.823	81.881	84.000	200939	0	42
2026.03.05	84.004	85.545	80.468	82.754	201119	0	42
2026.03.06	82.748	84.934	81.647	84.484	172112	0	42
2026.03.08	83.952	84.651	80.959	81.940	21436	0	42
2026.03.09	81.938	88.008	79.602	87.327	178828	0	42
2026.03.10	87.320	90.014	86.561	88.437	145304	0	42
2026.03.11	88.428	89.405	84.393	84.605	125369	0	42
2026.03.12	84.612	87.436	83.001	84.031	126377	0	42
2026.03.13	84.031	85.438	79.404	80.606	138225	0	42
2026.03.15	80.001	80.596	79.258	80.080	10011	0	42
2026.03.16	80.083	81.632	77.046	81.112	148849	0	42
2026.03.17	81.114	82.546	78.231	79.190	109211	0	42
2026.03.18	79.193	80.180	74.980	75.876	142682	0	42
2026.03.19	75.875	76.686	65.468	72.515	222944	0	42
2026.03.20	72.516	74.523	67.652	67.896	181071	0	42
2026.03.22	67.341	69.590	67.318	68.063	12641	0	42
2026.03.23	68.069	70.773	60.987	69.743	342391	0	42
2026.03.24	69.742	73.050	65.973	72.885	222654	0	42
2026.03.25	72.886	74.532	70.364	70.642	159155	0	42
2026.03.26	70.643	72.192	66.678	68.661	172249	0	42
2026.03.27	68.663	71.633	67.359	69.762	134559	0	42
2026.03.29	68.786	69.284	67.681	68.127	9973	0	42
2026.03.30	68.133	71.756	67.753	69.923	134166	0	42
2026.03.31	69.924	75.551	69.007	74.884	150266	0	42
2026.04.01	74.883	76.117	73.759	75.333	124617	0	30
2026.04.02	75.330	75.858	69.548	73.024	222394	0	30
2026.04.05	71.856	72.257	71.175	71.660	11102	0	30
2026.04.06	71.662	73.568	71.594	72.879	131830	0	30
2026.04.07	72.879	76.915	69.786	76.559	189092	0	30
2026.04.08	76.561	77.642	73.473	73.754	155753	0	30
2026.04.09	73.759	76.624	72.872	75.414	120725	0	30
2026.04.10	75.412	76.822	74.820	75.890	100077	0	30
2026.04.12	73.789	73.897	72.572	73.753	9589	0	30
2026.04.13	73.759	75.941	73.551	75.694	112812	0	30
2026.04.14	75.693	79.727	75.366	79.500	103281	0	30
2026.04.15	79.496	81.001	78.208	79.456	116160	0	30
2026.04.16	79.458	80.857	78.048	78.677	104367	0	30
2026.04.17	78.673	83.030	77.746	80.910	116429	0	30
2026.04.19	79.357	79.797	78.620	78.962	9503	0	30
2026.04.20	78.964	80.665	78.634	79.850	115830	0	30
2026.04.21	79.849	80.044	75.384	77.305	137967	0	30
2026.04.22	77.309	78.657	77.309	77.532	99683	0	30
2026.04.23	77.532	78.390	74.215	75.541	154092	0	30
2026.04.24	75.546	76.672	73.944	75.660	122654	0	30
