<DATE>	<TIME>	<OPEN>	<HIGH>	<LOW>	<CLOSE>	<TICKVOL>	<VOL>	<SPREAD>
2018.06.28	00:00:00	16.076	16.114	15.905	15.996	22343	0	0
2018.06.29	00:00:00	15.995	16.144	15.945	16.061	23444	0	0
2018.07.01	00:00:00	16.087	16.107	16.080	16.095	478	0	0
2018.07.02	00:00:00	16.095	16.101	15.752	15.840	20862	0	0
2018.07.03	00:00:00	15.839	16.025	15.767	16.015	19501	0	0
2018.07.04	00:00:00	16.014	16.131	15.976	16.067	15526	0	0
2018.07.05	00:00:00	16.066	16.081	15.911	16.034	17842	0	0
2018.07.06	00:00:00	16.033	16.061	15.931	15.989	15682	0	0
2018.07.08	00:00:00	16.019	16.045	15.938	16.042	167	0	0
2018.07.09	00:00:00	16.042	16.196	16.025	16.098	14958	0	0
2018.07.10	00:00:00	16.096	16.141	15.884	15.998	18880	0	0
2018.07.11	00:00:00	15.996	16.003	15.761	15.790	21325	0	0
2018.07.12	00:00:00	15.789	15.973	15.741	15.922	16474	0	0
2018.07.13	00:00:00	15.920	15.967	15.655	15.773	18396	0	0
2018.07.15	00:00:00	15.806	15.810	15.793	15.796	181	0	0
2018.07.16	00:00:00	15.793	15.859	15.726	15.778	14105	0	0
2018.07.17	00:00:00	15.778	15.844	15.531	15.551	17365	0	0
2018.07.18	00:00:00	15.554	15.593	15.377	15.542	20461	0	0
2018.07.19	00:00:00	15.542	15.553	15.158	15.305	25293	0	0
2018.07.20	00:00:00	15.306	15.523	15.223	15.472	23173	0	0
2018.07.22	00:00:00	15.499	15.517	15.415	15.510	481	0	0
2018.07.23	00:00:00	15.510	15.538	15.335	15.365	20760	0	0
2018.07.24	00:00:00	15.365	15.578	15.309	15.468	21716	0	0
2018.07.25	00:00:00	15.469	15.612	15.427	15.604	20021	0	0
2018.07.26	00:00:00	15.602	15.647	15.355	15.393	18513	0	0
2018.07.27	00:00:00	15.392	15.518	15.308	15.445	18491	0	0
2018.07.29	00:00:00	15.478	15.482	15.462	15.469	223	0	0
2018.07.30	00:00:00	15.472	15.525	15.380	15.486	13494	0	0
2018.07.31	00:00:00	15.485	15.591	15.345	15.498	19086	0	0
2018.08.01	00:00:00	15.499	15.511	15.358	15.384	17462	0	0
2018.08.02	00:00:00	15.383	15.456	15.271	15.298	20856	0	0
2018.08.03	00:00:00	15.298	15.533	15.227	15.364	22129	0	0
2018.08.05	00:00:00	15.399	15.423	15.393	15.417	328	0	0
2018.08.06	00:00:00	15.416	15.471	15.259	15.299	18372	0	0
2018.08.07	00:00:00	15.300	15.469	15.285	15.376	19384	0	0
2018.08.08	00:00:00	15.378	15.445	15.266	15.400	19680	0	0
2018.08.09	00:00:00	15.400	15.491	15.348	15.412	20170	0	0
2018.08.10	00:00:00	15.413	15.425	15.259	15.259	26480	0	0
2018.08.12	00:00:00	15.305	15.322	15.289	15.302	481	0	0
2018.08.13	00:00:00	15.302	15.304	14.958	14.977	29177	0	0
2018.08.14	00:00:00	14.976	15.092	14.965	15.025	22518	0	0
2018.08.15	00:00:00	15.025	15.032	14.349	14.417	32198	0	0
2018.08.16	00:00:00	14.416	14.814	14.316	14.649	32911	0	0
2018.08.17	00:00:00	14.650	14.797	14.574	14.763	25967	0	0
2018.08.19	00:00:00	14.760	14.771	14.747	14.764	429	0	0
2018.08.20	00:00:00	14.764	14.830	14.628	14.753	22557	0	0
2018.08.21	00:00:00	14.751	14.828	14.701	14.761	20188	0	0
2018.08.22	00:00:00	14.763	14.859	14.672	14.712	22034	0	0
2018.08.23	00:00:00	14.709	14.717	14.464	14.487	24371	0	0
2018.08.24	00:00:00	14.486	14.857	14.467	14.771	22745	0	0
2018.08.26	00:00:00	14.821	14.849	14.800	14.844	555	0	0
2018.08.27	00:00:00	14.843	14.899	14.731	14.878	18491	0	0
2018.08.28	00:00:00	14.877	14.979	14.655	14.735	23186	0	0
2018.08.29	00:00:00	14.733	14.772	14.645	14.746	20822	0	0
2018.08.30	00:00:00	14.745	14.745	14.489	14.537	23416	0	0
2018.08.31	00:00:00	14.538	14.695	14.471	14.486	22612	0	0
2018.09.02	00:00:00	14.500	14.511	14.495	14.504	332	0	0
2018.09.03	00:00:00	14.504	14.532	14.378	14.470	14844	0	0
2018.09.04	00:00:00	14.470	14.495	13.990	14.148	26266	0	0
2018.09.05	00:00:00	14.149	14.215	14.072	14.179	21892	0	0
2018.09.06	00:00:00	14.179	14.286	14.096	14.159	23095	0	0
2018.09.07	00:00:00	14.158	14.235	14.058	14.131	26276	0	0
2018.09.09	00:00:00	14.118	14.151	14.118	14.142	478	0	0
2018.09.10	00:00:00	14.143	14.232	14.058	14.134	21407	0	0
2018.09.11	00:00:00	14.134	14.211	13.922	14.108	23645	0	0
2018.09.12	00:00:00	14.107	14.262	14.054	14.228	24278	0	0
2018.09.13	00:00:00	14.227	14.333	14.142	14.168	23660	0	0
2018.09.14	00:00:00	14.168	14.264	13.991	13.994	22953	0	0
2018.09.16	00:00:00	14.047	14.052	14.020	14.037	558	0	0
2018.09.17	00:00:00	14.037	14.230	14.028	14.080	22905	0	0
2018.09.18	00:00:00	14.083	14.214	14.054	14.152	25530	0	0
2018.09.19	00:00:00	14.152	14.319	14.127	14.227	23106	0	0
2018.09.20	00:00:00	14.227	14.332	14.158	14.311	25595	0	0
2018.09.21	00:00:00	14.310	14.414	14.129	14.250	26510	0	0
2018.09.23	00:00:00	14.247	14.262	14.237	14.251	385	0	0
2018.09.24	00:00:00	14.252	14.374	14.173	14.249	21453	0	0
2018.09.25	00:00:00	14.249	14.538	14.201	14.451	23692	0	0
2018.09.26	00:00:00	14.450	14.493	14.294	14.361	24056	0	0
2018.09.27	00:00:00	14.362	14.442	14.162	14.244	28470	0	0
2018.09.28	00:00:00	14.241	14.697	14.215	14.611	25653	0	0
2018.09.30	00:00:00	14.650	14.660	14.631	14.636	425	0	0
2018.10.01	00:00:00	14.635	14.637	14.352	14.477	23672	0	0
2018.10.02	00:00:00	14.477	14.892	14.424	14.722	27918	0	0
2018.10.03	00:00:00	14.722	14.805	14.593	14.607	27005	0	0
2018.10.04	00:00:00	14.610	14.749	14.515	14.568	27562	0	0
2018.10.05	00:00:00	14.567	14.698	14.497	14.591	23861	0	0
2018.10.07	00:00:00	14.631	14.636	14.621	14.629	448	0	0
2018.10.08	00:00:00	14.628	14.643	14.248	14.378	25129	0	0
2018.10.09	00:00:00	14.379	14.420	14.248	14.380	23621	0	0
2018.10.10	00:00:00	14.381	14.411	14.224	14.307	24419	0	0
2018.10.11	00:00:00	14.307	14.604	14.239	14.559	32911	0	0
2018.10.12	00:00:00	14.559	14.690	14.502	14.585	16477	0	0
2018.10.14	00:00:00	14.607	14.632	14.607	14.615	252	0	0
2018.10.15	00:00:00	14.614	14.761	14.589	14.685	13720	0	0
2018.10.16	00:00:00	14.685	14.831	14.605	14.641	13588	0	0
2018.10.17	00:00:00	14.640	14.710	14.569	14.598	14549	0	0
2018.10.18	00:00:00	14.598	14.642	14.442	14.565	15248	0	0
2018.10.19	00:00:00	14.566	14.703	14.550	14.619	14778	0	0
2018.10.21	00:00:00	14.644	14.645	14.621	14.633	588	0	0
2018.10.22	00:00:00	14.632	14.677	14.507	14.550	14144	0	0
2018.10.23	00:00:00	14.548	14.794	14.505	14.743	15831	0	0
2018.10.24	00:00:00	14.742	14.789	14.637	14.678	15032	0	0
2018.10.25	00:00:00	14.679	14.764	14.588	14.622	15570	0	0
2018.10.26	00:00:00	14.620	14.760	14.567	14.688	16585	0	0
2018.10.28	00:00:00	14.677	14.693	14.612	14.676	541	0	0
2018.10.29	00:00:00	14.677	14.748	14.404	14.476	20001	0	0
2018.10.30	00:00:00	14.475	14.517	14.364	14.451	14149	0	0
2018.10.31	00:00:00	14.452	14.456	14.230	14.268	14902	0	0
2018.11.01	00:00:00	14.267	14.807	14.265	14.732	17557	0	0
2018.11.02	00:00:00	14.732	14.896	14.635	14.727	19590	0	0
2018.11.04	00:00:00	14.729	14.747	14.729	14.739	282	0	0
2018.11.05	00:00:00	14.741	14.754	14.591	14.629	14507	0	0
2018.11.06	00:00:00	14.629	14.700	14.475	14.532	15310	0	0
2018.11.07	00:00:00	14.530	14.709	14.469	14.553	18242	0	0
2018.11.08	00:00:00	14.553	14.578	14.374	14.420	15868	0	0
2018.11.09	00:00:00	14.421	14.423	14.096	14.145	17115	0	0
2018.11.11	00:00:00	14.153	14.174	14.152	14.174	311	0	0
2018.11.12	00:00:00	14.174	14.197	13.972	14.013	14118	0	0
2018.11.13	00:00:00	14.012	14.113	13.945	14.010	17449	0	0
2018.11.14	00:00:00	14.011	14.180	13.883	14.127	18958	0	0
2018.11.15	00:00:00	14.127	14.336	14.087	14.276	19326	0	0
2018.11.16	00:00:00	14.277	14.409	14.230	14.397	17025	0	0
2018.11.18	00:00:00	14.400	14.404	14.388	14.400	279	0	0
2018.11.19	00:00:00	14.399	14.428	14.339	14.411	14336	0	0
2018.11.20	00:00:00	14.412	14.475	14.221	14.309	18037	0	0
2018.11.21	00:00:00	14.308	14.541	14.268	14.473	15829	0	0
2018.11.22	00:00:00	14.475	14.528	14.436	14.480	9097	0	0
2018.11.23	00:00:00	14.480	14.492	14.179	14.265	13796	0	0
2018.11.25	00:00:00	14.298	14.299	14.275	14.291	281	0	0
2018.11.26	00:00:00	14.292	14.425	14.207	14.234	14196	0	0
2018.11.27	00:00:00	14.235	14.294	14.085	14.142	16016	0	0
2018.11.28	00:00:00	14.142	14.383	14.109	14.311	15985	0	0
2018.11.29	00:00:00	14.311	14.378	14.258	14.299	17904	0	0
2018.11.30	00:00:00	14.298	14.326	14.042	14.164	15429	0	0
2018.12.02	00:00:00	14.233	14.243	14.202	14.221	480	0	0
2018.12.03	00:00:00	14.222	14.551	14.195	14.389	18723	0	0
2018.12.04	00:00:00	14.389	14.648	14.377	14.520	17879	0	0
2018.12.05	00:00:00	14.519	14.527	14.410	14.485	11926	0	0
2018.12.06	00:00:00	14.484	14.495	14.331	14.454	19118	0	0
2018.12.07	00:00:00	14.453	14.631	14.427	14.612	17920	0	0
2018.12.09	00:00:00	14.628	14.628	14.595	14.595	325	0	0
2018.12.10	00:00:00	14.595	14.618	14.467	14.520	17275	0	0
2018.12.11	00:00:00	14.519	14.702	14.499	14.557	17071	0	0
2018.12.12	00:00:00	14.556	14.783	14.529	14.726	16684	0	0
2018.12.13	00:00:00	14.726	14.792	14.671	14.729	15469	0	0
2018.12.14	00:00:00	14.728	14.734	14.482	14.555	15516	0	0
2018.12.16	00:00:00	14.548	14.560	14.543	14.549	181	0	0
2018.12.17	00:00:00	14.548	14.689	14.538	14.651	13145	0	0
2018.12.18	00:00:00	14.653	14.708	14.600	14.622	14129	0	0
2018.12.19	00:00:00	14.621	14.808	14.537	14.608	17521	0	0
2018.12.20	00:00:00	14.608	14.830	14.543	14.768	20412	0	0
2018.12.21	00:00:00	14.770	14.782	14.593	14.615	16145	0	0
2018.12.23	00:00:00	14.652	14.652	14.636	14.650	211	0	0
2018.12.24	00:00:00	14.650	14.790	14.647	14.763	12187	0	0
2018.12.26	00:00:00	14.811	15.154	14.800	15.026	16309	0	0
2018.12.27	00:00:00	15.026	15.255	14.926	15.217	19929	0	0
2018.12.28	00:00:00	15.218	15.379	15.209	15.368	17446	0	0
2018.12.30	00:00:00	15.372	15.372	15.344	15.359	215	0	0
2018.12.31	00:00:00	15.360	15.492	15.311	15.473	13553	0	0
2019.01.02	00:00:00	15.441	15.597	15.307	15.476	19829	0	0
2019.01.03	00:00:00	15.480	15.737	15.474	15.731	21287	0	0
2019.01.04	00:00:00	15.731	15.856	15.572	15.677	20505	0	0
2019.01.06	00:00:00	15.699	15.704	15.679	15.685	273	0	0
2019.01.07	00:00:00	15.685	15.800	15.607	15.645	17318	0	0
2019.01.08	00:00:00	15.646	15.672	15.490	15.656	16050	0	0
2019.01.09	00:00:00	15.655	15.760	15.569	15.728	17742	0	0
2019.01.10	00:00:00	15.727	15.770	15.537	15.567	17581	0	0
2019.01.11	00:00:00	15.568	15.723	15.543	15.580	16483	0	0
2019.01.13	00:00:00	15.594	15.597	15.584	15.587	252	0	0
2019.01.14	00:00:00	15.586	15.647	15.532	15.636	15270	0	0
2019.01.15	00:00:00	15.635	15.683	15.529	15.575	15650	0	0
2019.01.16	00:00:00	15.575	15.631	15.478	15.575	13628	0	0
2019.01.17	00:00:00	15.576	15.601	15.443	15.523	14231	0	0
2019.01.18	00:00:00	15.523	15.565	15.314	15.321	14174	0	0
2019.01.20	00:00:00	15.328	15.339	15.325	15.328	251	0	0
2019.01.21	00:00:00	15.327	15.348	15.178	15.251	9462	0	0
2019.01.22	00:00:00	15.251	15.336	15.168	15.320	12862	0	0
2019.01.23	00:00:00	15.321	15.419	15.257	15.355	13885	0	0
2019.01.24	00:00:00	15.354	15.380	15.229	15.303	14266	0	0
2019.01.25	00:00:00	15.303	15.738	15.279	15.734	14218	0	0
2019.01.27	00:00:00	15.719	15.726	15.708	15.712	291	0	0
2019.01.28	00:00:00	15.711	15.802	15.593	15.736	13478	0	0
2019.01.29	00:00:00	15.737	15.900	15.705	15.815	14360	0	0
2019.01.30	00:00:00	15.816	16.088	15.808	16.039	16751	0	0
2019.01.31	00:00:00	16.040	16.171	15.981	16.033	15889	0	0
2019.02.01	00:00:00	16.034	16.063	15.878	15.886	14884	0	0
2019.02.03	00:00:00	15.892	15.898	15.882	15.890	219	0	0
2019.02.04	00:00:00	15.888	15.907	15.678	15.840	12728	0	0
2019.02.05	00:00:00	15.841	15.914	15.800	15.835	12883	0	0
2019.02.06	00:00:00	15.834	15.851	15.632	15.648	12299	0	0
2019.02.07	00:00:00	15.649	15.741	15.631	15.732	13682	0	0
2019.02.08	00:00:00	15.733	15.851	15.645	15.816	12785	0	0
2019.02.10	00:00:00	15.800	15.813	15.800	15.811	164	0	0
2019.02.11	00:00:00	15.808	15.826	15.655	15.689	12086	0	0
2019.02.12	00:00:00	15.689	15.814	15.656	15.692	12137	0	0
2019.02.13	00:00:00	15.693	15.800	15.530	15.582	13128	0	0
2019.02.14	00:00:00	15.582	15.674	15.474	15.603	14662	0	0
2019.02.15	00:00:00	15.602	15.788	15.548	15.768	13087	0	0
2019.02.17	00:00:00	15.764	15.770	15.759	15.769	279	0	0
2019.02.18	00:00:00	15.768	15.842	15.748	15.801	8407	0	0
2019.02.19	00:00:00	15.801	15.990	15.731	15.955	13918	0	0
2019.02.20	00:00:00	15.954	16.198	15.946	16.064	16103	0	0
2019.02.21	00:00:00	16.065	16.088	15.781	15.831	17604	0	0
2019.02.22	00:00:00	15.832	15.962	15.797	15.903	14486	0	0
2019.02.24	00:00:00	15.895	15.916	15.895	15.907	268	0	0
2019.02.25	00:00:00	15.907	15.990	15.835	15.882	15398	0	0
2019.02.26	00:00:00	15.881	15.923	15.779	15.915	13929	0	0
2019.02.27	00:00:00	15.917	16.173	15.686	15.739	12622	0	0
2019.02.28	00:00:00	15.739	15.809	15.563	15.608	14391	0	0
2019.03.01	00:00:00	15.607	15.622	15.131	15.192	15837	0	0
2019.03.03	00:00:00	15.220	15.238	15.216	15.217	349	0	0
2019.03.04	00:00:00	15.218	15.262	15.048	15.073	15430	0	0
2019.03.05	00:00:00	15.072	15.153	15.033	15.128	14919	0	0
2019.03.06	00:00:00	15.128	15.144	15.034	15.070	13006	0	0
2019.03.07	00:00:00	15.069	15.107	14.967	15.028	13604	0	0
2019.03.08	00:00:00	15.027	15.355	14.992	15.319	15293	0	0
2019.03.10	00:00:00	15.302	15.314	15.292	15.307	254	0	0
2019.03.11	00:00:00	15.308	15.340	15.200	15.293	12607	0	0
2019.03.12	00:00:00	15.294	15.460	15.288	15.430	12633	0	0
2019.03.13	00:00:00	15.428	15.521	15.410	15.431	11421	0	0
2019.03.14	00:00:00	15.431	15.439	15.125	15.170	13560	0	0
2019.03.15	00:00:00	15.171	15.376	15.158	15.275	12810	0	0
2019.03.17	00:00:00	15.285	15.286	15.252	15.255	434	0	0
2019.03.18	00:00:00	15.254	15.408	15.211	15.325	11887	0	0
2019.03.19	00:00:00	15.326	15.431	15.305	15.357	10869	0	0
2019.03.20	00:00:00	15.356	15.541	15.259	15.498	13930	0	0
2019.03.21	00:00:00	15.498	15.621	15.367	15.444	14807	0	0
2019.03.22	00:00:00	15.443	15.533	15.349	15.422	14833	0	0
2019.03.24	00:00:00	15.423	15.425	15.389	15.395	408	0	0
2019.03.25	00:00:00	15.392	15.568	15.375	15.518	12583	0	0
2019.03.26	00:00:00	15.517	15.542	15.380	15.423	12943	0	0
2019.03.27	00:00:00	15.422	15.465	15.250	15.266	15014	0	0
2019.03.28	00:00:00	15.264	15.320	14.965	15.024	15671	0	0
2019.03.29	00:00:00	15.024	15.189	14.972	15.122	13975	0	0
2019.03.31	00:00:00	15.124	15.145	15.123	15.125	484	0	0
2019.04.01	00:00:00	15.126	15.200	15.045	15.085	14035	0	0
2019.04.02	00:00:00	15.084	15.108	14.928	15.099	11942	0	0
2019.04.03	00:00:00	15.098	15.180	15.028	15.137	12891	0	0
2019.04.04	00:00:00	15.136	15.163	14.888	15.138	12624	0	0
2019.04.05	00:00:00	15.139	15.195	15.056	15.094	12931	0	0
2019.04.07	00:00:00	15.110	15.130	15.102	15.109	471	0	0
2019.04.08	00:00:00	15.107	15.286	15.105	15.230	11801	0	0
2019.04.09	00:00:00	15.228	15.325	15.200	15.212	11658	0	0
2019.04.10	00:00:00	15.211	15.280	15.136	15.217	13510	0	0
2019.04.11	00:00:00	15.217	15.240	14.885	14.958	12760	0	0
2019.04.12	00:00:00	14.955	15.100	14.942	14.956	12176	0	0
2019.04.14	00:00:00	14.974	14.986	14.949	14.955	461	0	0
2019.04.15	00:00:00	14.954	15.023	14.840	15.001	13772	0	0
2019.04.16	00:00:00	15.002	15.002	14.867	14.992	13791	0	0
2019.04.17	00:00:00	14.992	15.084	14.913	14.973	13001	0	0
2019.04.18	00:00:00	14.973	15.017	14.919	14.991	12027	0	0
2019.04.22	00:00:00	15.015	15.067	14.979	14.994	9407	0	0
2019.04.23	00:00:00	14.996	15.023	14.737	14.811	11867	0	0
2019.04.24	00:00:00	14.811	14.974	14.776	14.914	13342	0	0
2019.04.25	00:00:00	14.913	14.997	14.849	14.941	13313	0	0
2019.04.26	00:00:00	14.940	15.067	14.891	15.062	13405	0	0
2019.04.28	00:00:00	15.051	15.059	15.042	15.042	482	0	0
2019.04.29	00:00:00	15.044	15.049	14.869	14.912	11754	0	0
2019.04.30	00:00:00	14.913	14.997	14.806	14.933	13552	0	0
2019.05.01	00:00:00	14.933	14.945	14.591	14.678	14449	0	0
2019.05.02	00:00:00	14.676	14.711	14.552	14.611	13935	0	0
2019.05.03	00:00:00	14.610	14.963	14.582	14.913	12976	0	0
2019.05.05	00:00:00	14.917	14.956	14.896	14.908	1350	0	0
2019.05.06	00:00:00	14.907	14.918	14.746	14.910	14217	0	0
2019.05.07	00:00:00	14.909	14.928	14.786	14.898	13890	0	0
2019.05.08	00:00:00	14.899	14.956	14.812	14.831	12715	0	0
2019.05.09	00:00:00	14.831	14.851	14.686	14.752	14207	0	0
2019.05.10	00:00:00	14.753	14.830	14.723	14.764	13835	0	0
2019.05.12	00:00:00	14.761	14.770	14.739	14.740	614	0	0
2019.05.13	00:00:00	14.740	14.794	14.606	14.776	11815	0	0
2019.05.14	00:00:00	14.777	14.841	14.725	14.788	12749	0	0
2019.05.15	00:00:00	14.788	14.841	14.748	14.774	11976	0	0
2019.05.16	00:00:00	14.775	14.807	14.513	14.528	10929	0	0
2019.05.17	00:00:00	14.529	14.537	14.385	14.397	10207	0	0
2019.05.19	00:00:00	14.415	14.432	14.415	14.430	480	0	0
2019.05.20	00:00:00	14.431	14.467	14.373	14.455	10274	0	0
2019.05.21	00:00:00	14.456	14.460	14.366	14.444	9366	0	0
2019.05.22	00:00:00	14.444	14.485	14.385	14.439	8833	0	0
2019.05.23	00:00:00	14.438	14.632	14.408	14.591	11681	0	0
2019.05.24	00:00:00	14.591	14.599	14.524	14.549	9672	0	0
2019.05.26	00:00:00	14.561	14.568	14.555	14.560	398	0	0
2019.05.27	00:00:00	14.559	14.614	14.545	14.578	4983	0	0
2019.05.28	00:00:00	14.578	14.592	14.284	14.349	10350	0	0
2019.05.29	00:00:00	14.349	14.467	14.338	14.399	10938	0	0
2019.05.30	00:00:00	14.399	14.560	14.355	14.516	10660	0	0
2019.05.31	00:00:00	14.517	14.671	14.469	14.564	13874	0	0
2019.06.02	00:00:00	14.570	14.613	14.570	14.612	599	0	0
2019.06.03	00:00:00	14.610	14.819	14.568	14.764	14369	0	0
2019.06.04	00:00:00	14.763	14.843	14.649	14.805	14616	0	0
2019.06.05	00:00:00	14.806	15.028	14.758	14.796	17170	0	0
2019.06.06	00:00:00	14.795	14.983	14.735	14.860	14413	0	0
2019.06.07	00:00:00	14.859	15.137	14.844	14.998	12962	0	0
2019.06.09	00:00:00	14.959	14.975	14.948	14.967	584	0	0
2019.06.10	00:00:00	14.966	14.992	14.632	14.702	13442	0	0
2019.06.11	00:00:00	14.701	14.786	14.640	14.742	11908	0	0
2019.06.12	00:00:00	14.741	14.864	14.715	14.764	14644	0	0
2019.06.13	00:00:00	14.764	14.923	14.730	14.917	12986	0	0
2019.06.14	00:00:00	14.916	15.105	14.784	14.853	15605	0	0
2019.06.16	00:00:00	14.862	14.865	14.810	14.815	402	0	0
2019.06.17	00:00:00	14.814	14.892	14.766	14.820	13299	0	0
2019.06.18	00:00:00	14.822	15.070	14.804	14.991	16644	0	0
2019.06.19	00:00:00	14.991	15.162	14.906	15.114	16866	0	0
2019.06.20	00:00:00	15.115	15.500	15.112	15.444	23890	0	0
2019.06.21	00:00:00	15.445	15.540	15.149	15.326	24370	0	0
2019.06.23	00:00:00	15.340	15.418	15.338	15.396	1550	0	0
2019.06.24	00:00:00	15.397	15.474	15.281	15.457	19397	0	0
2019.06.25	00:00:00	15.456	15.496	15.264	15.299	26867	0	0
2019.06.26	00:00:00	15.300	15.341	15.166	15.277	21637	0	0
2019.06.27	00:00:00	15.277	15.283	15.150	15.258	17514	0	0
2019.06.28	00:00:00	15.260	15.327	15.197	15.300	18567	0	0
2019.06.30	00:00:00	15.147	15.227	15.142	15.181	1891	0	0
2019.07.01	00:00:00	15.180	15.288	15.110	15.134	19617	0	0
2019.07.02	00:00:00	15.135	15.371	15.034	15.367	19117	0	0
2019.07.03	00:00:00	15.371	15.448	15.189	15.291	19891	0	0
2019.07.04	00:00:00	15.292	15.319	15.207	15.303	10599	0	0
2019.07.05	00:00:00	15.304	15.308	14.883	14.989	17699	0	0
2019.07.07	00:00:00	14.987	14.991	14.948	14.962	1042	0	0
2019.07.08	00:00:00	14.962	15.110	14.954	15.000	15665	0	0
2019.07.09	00:00:00	14.999	15.119	14.933	15.077	14999	0	0
2019.07.10	00:00:00	15.078	15.271	15.031	15.264	17214	0	0
2019.07.11	00:00:00	15.266	15.299	15.089	15.105	16890	0	0
2019.07.12	00:00:00	15.104	15.236	15.040	15.205	14789	0	0
2019.07.14	00:00:00	15.227	15.245	15.193	15.216	782	0	0
2019.07.15	00:00:00	15.216	15.409	15.151	15.379	14416	0	0
2019.07.16	00:00:00	15.381	15.680	15.299	15.538	17441	0	0
2019.07.17	00:00:00	15.537	15.974	15.506	15.923	17036	0	0
2019.07.18	00:00:00	15.924	16.390	15.908	16.310	22880	0	0
2019.07.19	00:00:00	16.311	16.571	16.047	16.192	22574	0	0
2019.07.21	00:00:00	16.217	16.231	16.172	16.190	898	0	0
2019.07.22	00:00:00	16.190	16.414	16.158	16.320	18319	0	0
2019.07.23	00:00:00	16.317	16.522	16.164	16.342	19734	0	0
2019.07.24	00:00:00	16.343	16.632	16.340	16.596	15308	0	0
2019.07.25	00:00:00	16.594	16.633	16.311	16.413	18418	0	0
2019.07.26	00:00:00	16.414	16.503	16.320	16.370	14036	0	0
2019.07.28	00:00:00	16.405	16.405	16.360	16.362	540	0	0
2019.07.29	00:00:00	16.363	16.458	16.321	16.422	12541	0	0
2019.07.30	00:00:00	16.422	16.588	16.384	16.540	11113	0	0
2019.07.31	00:00:00	16.543	16.555	16.185	16.245	14142	0	0
2019.08.01	00:00:00	16.246	16.365	15.909	16.287	19912	0	0
2019.08.02	00:00:00	16.292	16.335	16.029	16.187	20852	0	0
2019.08.04	00:00:00	16.195	16.203	16.168	16.170	612	0	0
2019.08.05	00:00:00	16.169	16.554	16.105	16.479	21489	0	0
2019.08.06	00:00:00	16.479	16.491	16.343	16.464	17232	0	0
2019.08.07	00:00:00	16.465	17.226	16.460	17.084	23020	0	0
2019.08.08	00:00:00	17.083	17.193	16.792	17.003	20934	0	0
2019.08.09	00:00:00	17.001	17.122	16.850	16.949	16878	0	0
2019.08.11	00:00:00	16.951	16.997	16.941	16.992	615	0	0
2019.08.12	00:00:00	16.991	17.143	16.798	17.062	16105	0	0
2019.08.13	00:00:00	17.059	17.492	16.520	16.961	23206	0	0
2019.08.14	00:00:00	16.960	17.308	16.858	17.225	23355	0	0
2019.08.15	00:00:00	17.226	17.373	17.087	17.275	20497	0	0
2019.08.16	00:00:00	17.276	17.316	17.037	17.083	16522	0	0
2019.08.18	00:00:00	17.089	17.118	17.075	17.076	547	0	0
2019.08.19	00:00:00	17.080	17.119	16.837	16.868	15931	0	0
2019.08.20	00:00:00	16.866	17.175	16.842	17.110	13783	0	0
2019.08.21	00:00:00	17.111	17.185	16.981	17.112	13794	0	0
2019.08.22	00:00:00	17.111	17.131	16.928	17.010	13625	0	0
2019.08.23	00:00:00	17.009	17.463	16.966	17.406	16056	0	0
2019.08.25	00:00:00	17.627	17.723	17.570	17.670	1831	0	0
2019.08.26	00:00:00	17.669	17.758	17.513	17.650	21599	0	0
2019.08.27	00:00:00	17.645	18.192	17.622	18.173	18309	0	0
2019.08.28	00:00:00	18.172	18.490	18.049	18.323	17639	0	0
2019.08.29	00:00:00	18.322	18.635	18.032	18.267	22849	0	0
2019.08.30	00:00:00	18.266	18.457	18.053	18.343	22894	0	0
2019.09.01	00:00:00	18.415	18.547	18.408	18.449	899	0	0
2019.09.02	00:00:00	18.446	18.535	18.251	18.377	14330	0	0
2019.09.03	00:00:00	18.376	19.353	18.319	19.341	23007	0	0
2019.09.04	00:00:00	19.342	19.631	19.171	19.549	25562	0	0
2019.09.05	00:00:00	19.548	19.557	18.469	18.655	26851	0	0
2019.09.06	00:00:00	18.657	18.780	17.954	18.146	29711	0	0
2019.09.08	00:00:00	18.071	18.179	18.046	18.164	1055	0	0
2019.09.09	00:00:00	18.165	18.292	17.910	17.940	24457	0	0
2019.09.10	00:00:00	17.941	18.156	17.763	17.998	23223	0	0
2019.09.11	00:00:00	17.997	18.228	17.867	18.074	17249	0	0
2019.09.12	00:00:00	18.072	18.450	17.992	18.046	20978	0	0
2019.09.13	00:00:00	18.046	18.174	17.385	17.427	18170	0	0
2019.09.15	00:00:00	17.635	17.759	17.598	17.738	1728	0	0
2019.09.16	00:00:00	17.737	17.984	17.697	17.808	22474	0	0
2019.09.17	00:00:00	17.808	18.074	17.735	17.987	22173	0	0
2019.09.18	00:00:00	17.988	18.027	17.507	17.663	23266	0	0
2019.09.19	00:00:00	17.662	17.924	17.583	17.786	23578	0	0
2019.09.20	00:00:00	17.787	17.966	17.736	17.950	19565	0	0
2019.09.22	00:00:00	17.942	17.975	17.934	17.973	1010	0	0
2019.09.23	00:00:00	17.970	18.688	17.943	18.606	25485	0	0
2019.09.24	00:00:00	18.606	18.719	18.238	18.617	26606	0	0
2019.09.25	00:00:00	18.616	18.667	17.802	17.971	26425	0	0
2019.09.26	00:00:00	17.972	18.034	17.722	17.857	26315	0	0
2019.09.27	00:00:00	17.858	17.884	17.280	17.511	27044	0	0
2019.09.29	00:00:00	17.529	17.586	17.511	17.512	1005	0	0
2019.09.30	00:00:00	17.513	17.553	16.915	17.022	27488	0	0
2019.10.01	00:00:00	17.021	17.318	16.884	17.302	26849	0	0
2019.10.02	00:00:00	17.303	17.657	17.178	17.568	25547	0	0
2019.10.03	00:00:00	17.568	17.779	17.454	17.607	24792	0	0
2019.10.04	00:00:00	17.606	17.661	17.282	17.533	21123	0	0
2019.10.06	00:00:00	17.573	17.575	17.509	17.544	485	0	0
2019.10.07	00:00:00	17.542	17.596	17.374	17.397	19179	0	0
2019.10.08	00:00:00	17.398	17.792	17.257	17.761	26325	0	0
2019.10.09	00:00:00	17.759	17.939	17.654	17.823	24580	0	0
2019.10.10	00:00:00	17.820	17.850	17.408	17.502	26088	0	0
2019.10.11	00:00:00	17.498	17.735	17.329	17.526	26201	0	0
2019.10.13	00:00:00	17.509	17.517	17.451	17.468	920	0	0
2019.10.14	00:00:00	17.467	17.682	17.411	17.631	20093	0	0
2019.10.15	00:00:00	17.631	17.717	17.335	17.414	20153	0	0
2019.10.16	00:00:00	17.413	17.454	17.149	17.384	20535	0	0
2019.10.17	00:00:00	17.385	17.624	17.298	17.538	19244	0	0
2019.10.18	00:00:00	17.537	17.584	17.393	17.536	16121	0	0
2019.10.20	00:00:00	17.558	17.560	17.531	17.558	577	0	0
2019.10.21	00:00:00	17.557	17.857	17.495	17.546	18433	0	0
2019.10.22	00:00:00	17.545	17.650	17.417	17.533	17846	0	0
2019.10.23	00:00:00	17.534	17.603	17.490	17.540	15488	0	0
2019.10.24	00:00:00	17.541	17.826	17.463	17.786	16876	0	0
2019.10.25	00:00:00	17.787	18.314	17.775	18.021	21466	0	0
2019.10.27	00:00:00	17.984	18.013	17.981	18.010	796	0	0
2019.10.28	00:00:00	18.009	18.119	17.771	17.800	20501	0	0
2019.10.29	00:00:00	17.800	17.881	17.594	17.771	20829	0	0
2019.10.30	00:00:00	17.771	17.945	17.575	17.833	21041	0	0
2019.10.31	00:00:00	17.834	18.156	17.779	18.072	23041	0	0
2019.11.01	00:00:00	18.073	18.133	17.923	18.101	18638	0	0
2019.11.03	00:00:00	18.097	18.114	18.091	18.107	394	0	0
2019.11.04	00:00:00	18.108	18.203	17.951	18.003	18566	0	0
2019.11.05	00:00:00	18.002	18.072	17.521	17.576	22395	0	0
2019.11.06	00:00:00	17.577	17.633	17.370	17.600	20296	0	0
2019.11.07	00:00:00	17.599	17.650	16.945	17.101	23582	0	0
2019.11.08	00:00:00	17.099	17.107	16.680	16.790	23581	0	0
2019.11.10	00:00:00	16.799	16.825	16.786	16.821	411	0	0
2019.11.11	00:00:00	16.819	16.923	16.652	16.821	18764	0	0
2019.11.12	00:00:00	16.820	16.885	16.632	16.798	22228	0	0
2019.11.13	00:00:00	16.799	17.012	16.759	16.947	21604	0	0
2019.11.14	00:00:00	16.946	17.088	16.866	16.979	20144	0	0
2019.11.15	00:00:00	16.980	17.018	16.808	16.933	17948	0	0
2019.11.17	00:00:00	16.954	16.982	16.946	16.975	294	0	0
2019.11.18	00:00:00	16.976	17.043	16.727	17.028	18798	0	0
2019.11.19	00:00:00	17.027	17.170	16.956	17.153	20186	0	0
2019.11.20	00:00:00	17.155	17.192	17.017	17.162	21288	0	0
2019.11.21	00:00:00	17.164	17.168	17.027	17.098	20159	0	0
2019.11.22	00:00:00	17.097	17.220	16.981	16.988	13619	0	0
2019.11.24	00:00:00	16.935	16.936	16.883	16.909	364	0	0
2019.11.25	00:00:00	16.908	16.981	16.838	16.841	12746	0	0
2019.11.26	00:00:00	16.840	17.100	16.803	17.065	12273	0	0
2019.11.27	00:00:00	17.064	17.078	16.918	16.975	11357	0	0
2019.11.28	00:00:00	16.976	17.001	16.903	16.934	7097	0	0
2019.11.29	00:00:00	16.935	17.029	16.845	17.004	10028	0	0
2019.12.01	00:00:00	16.986	16.986	16.960	16.964	262	0	0
2019.12.02	00:00:00	16.963	16.981	16.811	16.899	11634	0	0
2019.12.03	00:00:00	16.901	17.189	16.860	17.146	14121	0	0
2019.12.04	00:00:00	17.145	17.285	16.789	16.854	16894	0	0
2019.12.05	00:00:00	16.853	17.001	16.807	16.948	13001	0	0
2019.12.06	00:00:00	16.947	17.023	16.517	16.568	12660	0	0
2019.12.08	00:00:00	16.544	16.578	16.542	16.575	328	0	0
2019.12.09	00:00:00	16.576	16.670	16.514	16.587	10142	0	0
2019.12.10	00:00:00	16.585	16.702	16.567	16.643	11190	0	0
2019.12.11	00:00:00	16.641	16.948	16.590	16.853	13814	0	0
2019.12.12	00:00:00	16.853	17.106	16.758	16.873	17621	0	0
2019.12.13	00:00:00	16.877	17.016	16.831	16.932	15528	0	0
2019.12.15	00:00:00	16.934	16.936	16.912	16.917	249	0	0
2019.12.16	00:00:00	16.916	17.071	16.890	17.017	10495	0	0
2019.12.17	00:00:00	17.018	17.098	16.950	16.985	10073	0	0
2019.12.18	00:00:00	16.984	17.053	16.871	17.009	9275	0	0
2019.12.19	00:00:00	17.008	17.110	16.887	17.042	9275	0	0
2019.12.20	00:00:00	17.041	17.243	17.017	17.158	9672	0	0
2019.12.22	00:00:00	17.174	17.187	17.169	17.183	222	0	0
2019.12.23	00:00:00	17.185	17.441	17.167	17.423	10882	0	0
2019.12.24	00:00:00	17.424	17.768	17.359	17.737	10505	0	0
2019.12.26	00:00:00	17.954	18.036	17.746	17.902	11568	0	0
2019.12.27	00:00:00	17.903	17.958	17.732	17.737	13463	0	0
2019.12.29	00:00:00	17.768	17.810	17.767	17.803	287	0	0
2019.12.30	00:00:00	17.805	17.947	17.771	17.903	11115	0	0
2019.12.31	00:00:00	17.904	18.129	17.809	17.929	11767	0	0
2020.01.02	00:00:00	17.882	18.080	17.777	18.015	13377	0	0
2020.01.03	00:00:00	18.014	18.256	17.984	18.012	18663	0	0
2020.01.05	00:00:00	18.200	18.287	18.153	18.162	1367	0	0
2020.01.06	00:00:00	18.159	18.490	18.002	18.105	19907	0	0
2020.01.07	00:00:00	18.104	18.589	17.937	18.569	20556	0	0
2020.01.08	00:00:00	18.568	18.840	18.045	18.114	27909	0	0
2020.01.09	00:00:00	18.118	18.190	17.788	17.898	19426	0	0
2020.01.10	00:00:00	17.899	18.137	17.832	18.065	14323	0	0
2020.01.12	00:00:00	18.059	18.077	18.019	18.042	385	0	0
2020.01.13	00:00:00	18.044	18.064	17.908	17.914	12589	0	0
2020.01.14	00:00:00	17.915	17.926	17.670	17.820	15700	0	0
2020.01.15	00:00:00	17.819	18.024	17.738	18.002	14809	0	0
2020.01.16	00:00:00	18.003	18.035	17.856	17.937	12955	0	0
2020.01.17	00:00:00	17.935	18.157	17.891	18.004	13032	0	0
2020.01.19	00:00:00	18.043	18.043	18.011	18.025	349	0	0
2020.01.20	00:00:00	18.026	18.115	17.986	18.059	7586	0	0
2020.01.21	00:00:00	18.058	18.139	17.622	17.742	16687	0	0
2020.01.22	00:00:00	17.741	17.915	17.674	17.864	13176	0	0
2020.01.23	00:00:00	17.863	17.882	17.592	17.757	15048	0	0
2020.01.24	00:00:00	17.759	18.133	17.735	18.096	13426	0	0
2020.01.26	00:00:00	18.241	18.333	18.183	18.193	1158	0	0
2020.01.27	00:00:00	18.195	18.322	18.032	18.073	16692	0	0
2020.01.28	00:00:00	18.072	18.105	17.427	17.465	14926	0	0
2020.01.29	00:00:00	17.464	17.577	17.346	17.561	11847	0	0
2020.01.30	00:00:00	17.560	18.025	17.551	17.823	16555	0	0
2020.01.31	00:00:00	17.819	18.079	17.781	18.013	14372	0	0
2020.02.02	00:00:00	18.032	18.084	18.027	18.065	825	0	0
2020.02.03	00:00:00	18.064	18.068	17.588	17.684	16978	0	0
2020.02.04	00:00:00	17.685	17.769	17.516	17.597	15244	0	0
2020.02.05	00:00:00	17.595	17.711	17.474	17.611	16076	0	0
2020.02.06	00:00:00	17.609	17.869	17.600	17.800	14177	0	0
2020.02.07	00:00:00	17.798	17.849	17.612	17.677	14646	0	0
2020.02.09	00:00:00	17.676	17.765	17.675	17.732	706	0	0
2020.02.10	00:00:00	17.731	17.826	17.669	17.750	12248	0	0
2020.02.11	00:00:00	17.749	17.795	17.561	17.619	11771	0	0
2020.02.12	00:00:00	17.620	17.657	17.454	17.513	12083	0	0
2020.02.13	00:00:00	17.512	17.720	17.501	17.652	12816	0	0
2020.02.14	00:00:00	17.649	17.795	17.608	17.722	10604	0	0
2020.02.16	00:00:00	17.696	17.727	17.682	17.727	299	0	0
2020.02.17	00:00:00	17.726	17.876	17.708	17.797	6877	0	0
2020.02.18	00:00:00	17.796	18.219	17.794	18.151	13669	0	0
2020.02.19	00:00:00	18.150	18.451	18.138	18.387	15711	0	0
2020.02.20	00:00:00	18.384	18.424	18.214	18.403	18424	0	0
2020.02.21	00:00:00	18.405	18.615	18.343	18.474	18328	0	0
2020.02.23	00:00:00	18.633	18.793	18.610	18.662	1273	0	0
2020.02.24	00:00:00	18.661	18.931	18.529	18.596	26286	0	0
2020.02.25	00:00:00	18.598	18.631	17.842	18.046	27763	0	0
2020.02.26	00:00:00	18.045	18.196	17.780	17.908	24718	0	0
2020.02.27	00:00:00	17.906	18.123	17.609	17.781	23846	0	0
2020.02.28	00:00:00	17.783	17.853	16.380	16.670	31837	0	0
2020.03.01	00:00:00	16.479	16.547	16.427	16.546	1105	0	0
2020.03.02	00:00:00	16.545	17.043	16.519	16.805	26631	0	0
2020.03.03	00:00:00	16.804	17.453	16.740	17.248	25370	0	0
2020.03.04	00:00:00	17.247	17.321	17.071	17.165	21938	0	0
2020.03.05	00:00:00	17.163	17.480	17.136	17.477	19409	0	0
2020.03.06	00:00:00	17.478	17.559	17.036	17.340	27842	0	0
2020.03.08	00:00:00	17.502	17.580	17.417	17.490	2269	0	0
2020.03.09	00:00:00	17.488	17.501	16.551	16.908	33052	0	0
2020.03.10	00:00:00	16.904	17.179	16.800	16.963	24724	0	0
2020.03.11	00:00:00	16.964	17.094	16.663	16.794	21340	0	0
2020.03.12	00:00:00	16.795	16.908	15.511	15.702	31758	0	0
2020.03.13	00:00:00	15.699	15.851	14.434	14.742	31311	0	0
2020.03.15	00:00:00	14.913	15.106	14.745	14.782	3282	0	0
2020.03.16	00:00:00	14.781	14.801	11.274	13.001	39655	0	0
2020.03.17	00:00:00	13.003	13.236	12.113	12.752	34461	0	0
2020.03.18	00:00:00	12.753	12.863	11.628	12.252	38006	0	0
2020.03.19	00:00:00	12.253	12.292	11.765	12.101	30404	0	0
2020.03.20	00:00:00	12.099	13.010	12.097	12.622	29032	0	0
2020.03.22	00:00:00	12.572	12.581	12.274	12.414	2109	0	0
2020.03.23	00:00:00	12.413	13.795	12.371	13.767	29288	0	0
2020.03.24	00:00:00	13.765	14.645	13.159	14.637	32264	0	0
2020.03.25	00:00:00	14.636	14.698	13.993	14.367	28185	0	0
2020.03.26	00:00:00	14.368	14.664	14.134	14.394	25635	0	0
2020.03.27	00:00:00	14.388	14.617	14.158	14.461	21647	0	0
2020.03.29	00:00:00	14.502	14.526	14.293	14.364	1604	0	0
2020.03.30	00:00:00	14.362	14.402	13.807	13.985	23081	0	0
2020.03.31	00:00:00	13.986	14.235	13.850	13.951	20592	0	0
2020.04.01	00:00:00	13.952	14.129	13.805	13.975	18508	0	0
2020.04.02	00:00:00	13.974	14.535	13.893	14.453	19355	0	0
2020.04.03	00:00:00	14.451	14.530	14.263	14.391	17075	0	0
2020.04.05	00:00:00	14.366	14.389	14.230	14.380	1157	0	0
2020.04.06	00:00:00	14.379	15.491	14.320	15.190	21685	0	0
2020.04.07	00:00:00	15.193	15.363	14.871	14.956	24842	0	0
2020.04.08	00:00:00	14.957	15.125	14.845	14.971	17573	0	0
2020.04.09	00:00:00	14.970	15.538	14.959	15.383	23593	0	0
2020.04.12	00:00:00	15.307	15.401	15.297	15.340	811	0	0
2020.04.13	00:00:00	15.337	15.481	15.128	15.417	24683	0	0
2020.04.14	00:00:00	15.414	15.829	15.330	15.651	27147	0	0
2020.04.15	00:00:00	15.649	15.773	15.273	15.387	24509	0	0
2020.04.16	00:00:00	15.388	15.583	15.203	15.468	25229	0	0
2020.04.17	00:00:00	15.470	15.525	15.011	15.188	25081	0	0
2020.04.19	00:00:00	15.162	15.188	15.069	15.072	1015	0	0
2020.04.20	00:00:00	15.071	15.422	15.048	15.233	22856	0	0
2020.04.21	00:00:00	15.235	15.317	14.530	14.872	35081	0	0
2020.04.22	00:00:00	14.873	15.141	14.671	15.039	26690	0	0
2020.04.23	00:00:00	15.030	15.433	14.952	15.229	27804	0	0
2020.04.24	00:00:00	15.228	15.379	15.018	15.216	20812	0	0
2020.04.26	00:00:00	15.199	15.231	15.146	15.230	1130	0	0
2020.04.27	00:00:00	15.229	15.315	15.012	15.135	18095	0	0
2020.04.28	00:00:00	15.133	15.226	14.900	15.125	21199	0	0
2020.04.29	00:00:00	15.127	15.377	15.077	15.267	21642	0	0
2020.04.30	00:00:00	15.266	15.481	14.656	14.949	28204	0	0
2020.05.01	00:00:00	14.952	15.039	14.735	14.943	19507	0	0
2020.05.03	00:00:00	14.936	14.958	14.694	14.877	1623	0	0
2020.05.04	00:00:00	14.879	15.054	14.715	14.828	19324	0	0
2020.05.05	00:00:00	14.827	15.019	14.710	14.932	17980	0	0
2020.05.06	00:00:00	14.931	15.138	14.766	14.894	21480	0	0
2020.05.07	00:00:00	14.893	15.422	14.884	15.243	22433	0	0
2020.05.08	00:00:00	15.241	15.620	15.201	15.445	23230	0	0
2020.05.10	00:00:00	15.464	15.558	15.460	15.553	1319	0	0
2020.05.11	00:00:00	15.555	15.604	15.265	15.443	20388	0	0
2020.05.12	00:00:00	15.446	15.620	15.315	15.428	18927	0	0
2020.05.13	00:00:00	15.427	15.641	15.290	15.576	18188	0	0
2020.05.14	00:00:00	15.574	15.902	15.433	15.865	19111	0	0
2020.05.15	00:00:00	15.866	16.714	15.762	16.601	25464	0	0
2020.05.17	00:00:00	16.746	16.929	16.647	16.890	2297	0	0
2020.05.18	00:00:00	16.888	17.551	16.802	17.075	29283	0	0
2020.05.19	00:00:00	17.078	17.476	16.960	17.384	24986	0	0
2020.05.20	00:00:00	17.381	17.616	17.242	17.479	23953	0	0
2020.05.21	00:00:00	17.478	17.478	16.864	17.057	25750	0	0
2020.05.22	00:00:00	17.058	17.235	16.717	17.187	24044	0	0
2020.05.24	00:00:00	17.138	17.167	17.113	17.141	897	0	0
2020.05.25	00:00:00	17.142	17.188	16.884	17.081	15158	0	0
2020.05.26	00:00:00	17.080	17.435	17.012	17.133	25369	0	0
2020.05.27	00:00:00	17.135	17.335	16.836	17.227	23886	0	0
2020.05.28	00:00:00	17.228	17.501	17.162	17.401	23574	0	0
2020.05.29	00:00:00	17.395	17.896	17.253	17.838	22487	0	0
2020.05.31	00:00:00	18.001	18.077	17.945	18.036	1367	0	0
2020.06.01	00:00:00	18.035	18.366	17.975	18.297	22334	0	0
2020.06.02	00:00:00	18.299	18.341	17.768	18.034	20792	0	0
2020.06.03	00:00:00	18.033	18.043	17.443	17.640	25623	0	0
2020.06.04	00:00:00	17.638	17.841	17.446	17.666	20387	0	0
2020.06.05	00:00:00	17.665	17.756	17.209	17.411	20033	0	0
2020.06.07	00:00:00	17.301	17.422	17.299	17.412	992	0	0
2020.06.08	00:00:00	17.411	17.771	17.405	17.691	20438	0	0
2020.06.09	00:00:00	17.688	17.756	17.443	17.543	19773	0	0
2020.06.10	00:00:00	17.546	18.163	17.530	17.944	21314	0	0
2020.06.11	00:00:00	17.950	18.081	17.460	17.606	23849	0	0
2020.06.12	00:00:00	17.602	17.738	17.374	17.466	20955	0	0
2020.06.14	00:00:00	17.439	17.515	17.408	17.500	1154	0	0
2020.06.15	00:00:00	17.497	17.539	16.940	17.366	25021	0	0
2020.06.16	00:00:00	17.363	17.552	17.274	17.459	22740	0	0
2020.06.17	00:00:00	17.458	17.595	17.324	17.469	18412	0	0
2020.06.18	00:00:00	17.464	17.655	17.297	17.394	18153	0	0
2020.06.19	00:00:00	17.388	17.788	17.349	17.592	17072	0	0
2020.06.21	00:00:00	17.668	17.758	17.634	17.747	1146	0	0
2020.06.22	00:00:00	17.746	18.017	17.649	17.779	22139	0	0
2020.06.23	00:00:00	17.784	18.001	17.653	17.957	21394	0	0
2020.06.24	00:00:00	17.956	18.053	17.344	17.492	23698	0	0
2020.06.25	00:00:00	17.494	17.800	17.435	17.749	19714	0	0
2020.06.26	00:00:00	17.750	17.932	17.479	17.755	18697	0	0
2020.06.28	00:00:00	17.806	17.910	17.775	17.799	1340	0	0
2020.06.29	00:00:00	17.800	17.934	17.677	17.850	18433	0	0
2020.06.30	00:00:00	17.849	18.227	17.755	18.184	19821	0	0
2020.07.01	00:00:00	18.183	18.424	17.824	18.002	24032	0	0
2020.07.02	00:00:00	18.001	18.101	17.751	17.925	19064	0	0
2020.07.03	00:00:00	17.922	18.055	17.919	18.021	10219	0	0
2020.07.05	00:00:00	18.013	18.035	17.999	18.019	607	0	0
2020.07.06	00:00:00	18.020	18.384	17.934	18.283	18115	0	0
2020.07.07	00:00:00	18.285	18.349	17.973	18.249	18839	0	0
2020.07.08	00:00:00	18.248	18.754	18.227	18.676	20917	0	0
2020.07.09	00:00:00	18.675	19.014	18.465	18.650	23514	0	0
2020.07.10	00:00:00	18.654	18.784	18.470	18.704	17699	0	0
2020.07.12	00:00:00	18.741	18.804	18.716	18.764	1068	0	0
2020.07.13	00:00:00	18.768	19.363	18.736	19.098	21675	0	0
2020.07.14	00:00:00	19.099	19.296	18.849	19.266	23842	0	0
2020.07.15	00:00:00	19.265	19.452	19.110	19.428	23079	0	0
2020.07.16	00:00:00	19.431	19.431	19.076	19.134	22615	0	0
2020.07.17	00:00:00	19.135	19.370	18.908	19.309	19587	0	0
2020.07.19	00:00:00	19.301	19.344	19.278	19.320	1009	0	0
2020.07.20	00:00:00	19.321	19.894	19.229	19.891	23009	0	0
2020.07.21	00:00:00	19.890	22.467	19.827	22.369	32265	0	0
2020.07.22	00:00:00	22.367	23.230	21.351	22.788	43689	0	0
2020.07.23	00:00:00	22.789	23.100	22.229	22.553	40895	0	0
2020.07.24	00:00:00	22.554	22.892	22.375	22.746	31875	0	0
2020.07.26	00:00:00	22.819	23.085	22.810	23.038	2799	0	0
2020.07.27	00:00:00	23.037	25.560	22.890	25.560	41562	0	0
2020.07.28	00:00:00	25.561	26.169	22.281	24.231	53860	0	0
2020.07.29	00:00:00	24.232	24.924	23.285	24.212	38402	0	0
2020.07.30	00:00:00	24.211	24.350	22.884	23.458	40335	0	0
2020.07.31	00:00:00	23.457	24.449	23.259	24.316	38590	0	0
2020.08.02	00:00:00	24.745	24.777	24.046	24.531	3439	0	0
2020.08.03	00:00:00	24.530	24.612	23.993	24.216	32457	0	0
2020.08.04	00:00:00	24.209	26.282	24.100	26.218	39030	0	0
2020.08.05	00:00:00	26.209	27.107	25.350	26.857	47628	0	0
2020.08.06	00:00:00	26.850	29.824	26.770	29.744	49564	0	0
2020.08.07	00:00:00	29.746	29.796	27.356	28.271	52657	0	0
2020.08.09	00:00:00	28.245	28.245	27.797	28.109	2978	0	0
2020.08.10	00:00:00	28.110	29.379	27.822	29.027	44326	0	0
2020.08.11	00:00:00	29.029	29.133	24.364	24.890	64284	0	0
2020.08.12	00:00:00	24.893	26.246	23.410	25.617	58547	0	0
2020.08.13	00:00:00	25.613	27.700	25.532	27.433	50685	0	0
2020.08.14	00:00:00	27.432	27.522	25.715	26.403	50590	0	0
2020.08.16	00:00:00	26.548	26.818	26.076	26.125	2769	0	0
2020.08.17	00:00:00	26.121	27.541	25.797	27.308	46815	0	0
2020.08.18	00:00:00	27.307	28.432	27.071	27.905	47039	0	0
2020.08.19	00:00:00	27.909	27.997	26.458	26.659	52346	0	0
2020.08.20	00:00:00	26.652	27.494	26.576	27.423	48254	0	0
2020.08.21	00:00:00	27.416	27.507	26.015	26.737	40254	0	0
2020.08.23	00:00:00	26.730	26.742	26.374	26.542	2779	0	0
2020.08.24	00:00:00	26.541	27.209	26.236	26.598	37113	0	0
2020.08.25	00:00:00	26.597	26.772	26.032	26.478	35184	0	0
2020.08.26	00:00:00	26.474	27.458	26.066	27.399	35734	0	0
2020.08.27	00:00:00	27.395	27.891	26.481	26.919	37497	0	0
2020.08.28	00:00:00	26.918	27.679	26.805	27.471	35840	0	0
2020.08.30	00:00:00	27.608	28.130	27.604	27.913	2864	0	0
2020.08.31	00:00:00	27.904	28.327	27.551	28.103	34049	0	0
2020.09.01	00:00:00	28.102	28.870	27.542	28.260	36853	0	0
2020.09.02	00:00:00	28.256	28.280	27.041	27.516	36901	0	0
2020.09.03	00:00:00	27.515	27.682	26.353	26.438	38820	0	0
2020.09.04	00:00:00	26.437	27.002	26.276	26.881	35018	0	0
2020.09.06	00:00:00	26.841	26.988	26.803	26.819	1198	0	0
2020.09.07	00:00:00	26.820	27.138	26.596	26.834	20047	0	0
2020.09.08	00:00:00	26.833	27.066	25.816	26.593	33923	0	0
2020.09.09	00:00:00	26.594	27.089	26.382	26.952	27968	0	0
2020.09.10	00:00:00	26.953	27.451	26.662	26.800	30782	0	0
2020.09.11	00:00:00	26.799	26.999	26.541	26.703	26566	0	0
2020.09.13	00:00:00	26.653	26.783	26.645	26.761	1050	0	0
2020.09.14	00:00:00	26.763	27.267	26.660	27.137	21983	0	0
2020.09.15	00:00:00	27.136	27.593	26.975	27.094	26273	0	0
2020.09.16	00:00:00	27.092	27.411	26.846	27.138	27780	0	0
2020.09.17	00:00:00	27.139	27.171	26.266	27.015	31523	0	0
2020.09.18	00:00:00	27.011	27.181	26.662	26.749	26072	0	0
2020.09.20	00:00:00	26.736	26.754	26.550	26.705	1475	0	0
2020.09.21	00:00:00	26.698	26.929	23.670	25.004	36355	0	0
2020.09.22	00:00:00	25.003	25.201	23.801	24.411	36906	0	0
2020.09.23	00:00:00	24.407	24.443	21.673	21.882	42767	0	0
2020.09.24	00:00:00	21.893	23.322	21.639	23.196	42582	0	0
2020.09.25	00:00:00	23.184	23.269	22.408	22.866	35607	0	0
2020.09.27	00:00:00	22.977	23.056	22.961	22.968	1385	0	0
2020.09.28	00:00:00	22.965	23.795	22.495	23.741	34735	0	0
2020.09.29	00:00:00	23.734	24.380	23.353	24.233	33085	0	0
2020.09.30	00:00:00	24.232	24.246	23.110	23.331	35354	0	0
2020.10.01	00:00:00	23.330	24.140	23.202	23.780	31397	0	0
2020.10.02	00:00:00	23.772	24.176	23.456	23.666	32000	0	0
2020.10.04	00:00:00	23.818	23.902	23.668	23.870	1209	0	0
2020.10.05	00:00:00	23.872	24.480	23.660	24.327	25876	0	0
2020.10.06	00:00:00	24.324	24.472	22.848	23.269	30982	0	0
2020.10.07	00:00:00	23.270	23.953	23.166	23.761	28746	0	0
2020.10.08	00:00:00	23.759	24.188	23.634	23.848	24050	0	0
2020.10.09	00:00:00	23.847	25.148	23.835	25.114	26854	0	0
2020.10.11	00:00:00	25.061	25.274	25.054	25.180	1624	0	0
2020.10.12	00:00:00	25.181	25.528	24.759	25.148	29509	0	0
2020.10.13	00:00:00	25.145	25.146	23.913	24.146	33421	0	0
2020.10.14	00:00:00	24.138	24.608	23.851	24.156	30517	0	0
2020.10.15	00:00:00	24.153	24.297	23.548	24.221	31942	0	0
2020.10.16	00:00:00	24.224	24.495	24.031	24.110	26537	0	0
2020.10.18	00:00:00	24.180	24.203	24.114	24.183	1225	0	0
2020.10.19	00:00:00	24.181	24.941	24.094	24.395	30490	0	0
2020.10.20	00:00:00	24.393	24.897	24.297	24.741	29216	0	0
2020.10.21	00:00:00	24.736	25.256	24.710	24.943	31180	0	0
2020.10.22	00:00:00	24.938	25.006	24.342	24.669	26658	0	0
2020.10.23	00:00:00	24.663	24.828	24.389	24.572	22602	0	0
2020.10.25	00:00:00	24.561	24.567	24.163	24.436	1684	0	0
2020.10.26	00:00:00	24.431	24.540	24.073	24.261	26932	0	0
2020.10.27	00:00:00	24.257	24.585	24.174	24.294	24405	0	0
2020.10.28	00:00:00	24.289	24.542	23.003	23.422	31750	0	0
2020.10.29	00:00:00	23.418	23.556	22.563	23.284	33503	0	0
2020.10.30	00:00:00	23.280	23.790	23.155	23.626	31228	0	0
2020.11.01	00:00:00	23.599	23.599	23.364	23.419	918	0	0
2020.11.02	00:00:00	23.421	24.135	23.370	24.046	30507	0	0
2020.11.03	00:00:00	24.045	24.432	23.886	24.377	27254	0	0
2020.11.04	00:00:00	24.376	24.469	23.199	23.927	38879	0	0
2020.11.05	00:00:00	23.928	25.439	23.879	25.128	33716	0	0
2020.11.06	00:00:00	25.130	25.810	24.865	25.595	32341	0	0
2020.11.08	00:00:00	25.751	25.972	25.730	25.900	1001	0	0
2020.11.09	00:00:00	25.904	25.936	23.550	24.204	37655	0	0
2020.11.10	00:00:00	24.207	24.470	23.879	24.151	31116	0	0
2020.11.11	00:00:00	24.158	24.407	23.752	24.218	26072	0	0
2020.11.12	00:00:00	24.212	24.375	24.017	24.242	22554	0	0
2020.11.13	00:00:00	24.237	24.785	24.134	24.639	19332	0	0
2020.11.15	00:00:00	24.630	24.716	24.612	24.662	479	0	0
2020.11.16	00:00:00	24.668	25.046	24.191	24.737	24071	0	0
2020.11.17	00:00:00	24.735	24.784	24.334	24.467	21354	0	0
2020.11.18	00:00:00	24.462	24.671	24.173	24.255	20760	0	0
2020.11.19	00:00:00	24.246	24.330	23.615	23.935	22692	0	0
2020.11.20	00:00:00	23.941	24.496	23.926	24.138	18115	0	0
2020.11.22	00:00:00	24.132	24.181	24.120	24.179	339	0	0
2020.11.23	00:00:00	24.177	24.372	23.400	23.504	20522	0	0
2020.11.24	00:00:00	23.508	23.590	22.906	23.260	24646	0	0
2020.11.25	00:00:00	23.258	23.498	23.074	23.334	18936	0	0
2020.11.26	00:00:00	23.333	23.455	23.160	23.185	10957	0	0
2020.11.27	00:00:00	23.184	23.303	22.314	22.637	16205	0	0
2020.11.29	00:00:00	22.676	22.682	22.601	22.609	469	0	0
2020.11.30	00:00:00	22.609	22.658	21.872	22.634	25964	0	0
2020.12.01	00:00:00	22.636	24.026	22.589	23.800	21635	0	0
2020.12.02	00:00:00	23.799	24.292	23.521	24.012	22412	0	0
2020.12.03	00:00:00	24.013	24.256	23.716	24.005	22471	0	0
2020.12.04	00:00:00	24.008	24.375	23.910	24.156	19859	0	0
2020.12.06	00:00:00	24.150	24.191	24.051	24.090	426	0	0
2020.12.07	00:00:00	24.093	24.754	23.495	24.502	23780	0	0
2020.12.08	00:00:00	24.498	24.841	24.407	24.526	21846	0	0
2020.12.09	00:00:00	24.530	24.546	23.562	23.860	29255	0	0
2020.12.10	00:00:00	23.859	24.260	23.689	23.951	26031	0	0
2020.12.11	00:00:00	23.956	24.092	23.569	23.905	23198	0	0
2020.12.13	00:00:00	23.931	23.942	23.889	23.928	737	0	0
2020.12.14	00:00:00	23.927	24.211	23.643	23.826	24133	0	0
2020.12.15	00:00:00	23.824	24.535	23.813	24.459	24612	0	0
2020.12.16	00:00:00	24.460	25.465	24.419	25.324	31668	0	0
2020.12.17	00:00:00	25.325	26.069	25.133	25.869	29701	0	0
2020.12.18	00:00:00	25.872	26.093	25.629	25.775	28376	0	0
2020.12.20	00:00:00	25.808	25.874	25.796	25.818	523	0	0
2020.12.21	00:00:00	25.810	27.372	24.916	26.224	44088	0	0
2020.12.22	00:00:00	26.221	26.548	25.048	25.373	39618	0	0
2020.12.23	00:00:00	25.371	25.759	25.027	25.528	32451	0	0
2020.12.24	00:00:00	25.530	25.874	25.391	25.739	23167	0	0
2020.12.27	00:00:00	25.943	26.108	25.875	26.090	742	0	0
2020.12.28	00:00:00	26.096	26.746	26.072	26.373	32367	0	0
2020.12.29	00:00:00	26.370	26.573	25.923	26.142	30361	0	0
2020.12.30	00:00:00	26.144	26.644	26.112	26.626	27876	0	0
2020.12.31	00:00:00	26.629	26.675	26.234	26.324	22317	0	0
2021.01.03	00:00:00	26.623	26.887	26.603	26.822	941	0	0
2021.01.04	00:00:00	26.821	27.535	26.690	27.144	35990	0	0
2021.01.05	00:00:00	27.145	27.659	26.961	27.556	33145	0	0
2021.01.06	00:00:00	27.563	27.891	26.562	27.269	41500	0	0
2021.01.07	00:00:00	27.259	27.324	26.890	27.149	34579	0	0
2021.01.08	00:00:00	27.146	27.179	24.445	25.404	41546	0	0
2021.01.10	00:00:00	25.468	25.473	24.804	25.002	1372	0	0
2021.01.11	00:00:00	25.012	25.285	24.308	25.023	41956	0	0
2021.01.12	00:00:00	25.018	25.633	24.957	25.625	34808	0	0
2021.01.13	00:00:00	25.627	25.653	25.098	25.285	32183	0	0
2021.01.14	00:00:00	25.284	25.860	25.020	25.534	33487	0	0
2021.01.15	00:00:00	25.533	25.758	24.559	24.723	35251	0	0
2021.01.17	00:00:00	24.760	24.795	24.104	24.201	1475	0	0
2021.01.18	00:00:00	24.198	25.125	24.194	24.970	27524	0	0
2021.01.19	00:00:00	24.971	25.379	24.939	25.211	31732	0	0
2021.01.20	00:00:00	25.208	25.870	25.007	25.810	32085	0	0
2021.01.21	00:00:00	25.813	26.015	25.610	25.894	32031	0	0
2021.01.22	00:00:00	25.895	25.928	24.998	25.452	34630	0	0
2021.01.24	00:00:00	25.509	25.588	25.491	25.507	701	0	0
2021.01.25	00:00:00	25.514	25.735	25.136	25.313	34142	0	0
2021.01.26	00:00:00	25.312	25.620	25.163	25.424	29156	0	0
2021.01.27	00:00:00	25.425	25.444	24.675	25.129	35389	0	0
2021.01.28	00:00:00	25.135	26.940	24.832	26.458	42964	0	0
2021.01.29	00:00:00	26.460	27.622	26.017	26.955	46737	0	0
2021.01.31	00:00:00	28.425	28.976	28.345	28.569	3166	0	0
2021.02.01	00:00:00	28.571	30.018	27.932	28.504	53769	0	0
2021.02.02	00:00:00	28.506	28.859	26.254	26.780	43330	0	0
2021.02.03	00:00:00	26.784	27.158	26.456	26.808	34924	0	0
2021.02.04	00:00:00	26.810	26.819	25.871	26.297	35531	0	0
2021.02.05	00:00:00	26.296	27.012	26.169	26.885	30694	0	0
2021.02.07	00:00:00	27.175	27.273	27.100	27.228	929	0	0
2021.02.08	00:00:00	27.227	27.542	26.818	27.235	29876	0	0
2021.02.09	00:00:00	27.236	27.776	27.037	27.191	30051	0	0
2021.02.10	00:00:00	27.192	27.497	26.798	26.980	29776	0	0
2021.02.11	00:00:00	26.979	27.254	26.678	26.957	27240	0	0
2021.02.12	00:00:00	26.960	27.401	26.828	27.320	25724	0	0
2021.02.14	00:00:00	27.467	27.511	27.356	27.397	599	0	0
2021.02.15	00:00:00	27.395	27.672	27.333	27.550	17441	0	0
2021.02.16	00:00:00	27.555	27.922	26.805	27.037	30610	0	0
2021.02.17	00:00:00	27.044	27.418	26.828	27.375	27088	0	0
2021.02.18	00:00:00	27.374	27.492	26.134	26.541	26238	0	0
2021.02.19	00:00:00	26.536	27.578	26.479	27.243	28691	0	0
2021.02.21	00:00:00	27.502	27.520	27.300	27.368	871	0	0
2021.02.22	00:00:00	27.366	28.249	27.247	28.181	30908	0	0
2021.02.23	00:00:00	28.178	28.296	27.216	27.634	31789	0	0
2021.02.24	00:00:00	27.631	27.997	27.292	27.895	30278	0	0
2021.02.25	00:00:00	27.896	28.175	27.246	27.453	38860	0	0
2021.02.26	00:00:00	27.452	27.562	26.109	26.643	41003	0	0
2021.02.28	00:00:00	26.708	26.775	26.669	26.768	1043	0	0
2021.03.01	00:00:00	26.770	27.044	26.408	26.504	29858	0	0
2021.03.02	00:00:00	26.501	26.870	25.818	26.691	33709	0	0
2021.03.03	00:00:00	26.687	26.794	25.804	25.973	30550	0	0
2021.03.04	00:00:00	25.968	26.274	25.027	25.306	39858	0	0
2021.03.05	00:00:00	25.305	25.430	24.807	25.210	35521	0	0
2021.03.07	00:00:00	25.446	25.539	25.373	25.411	1127	0	0
2021.03.08	00:00:00	25.414	25.893	24.921	25.139	34286	0	0
2021.03.09	00:00:00	25.146	26.102	25.009	25.909	32600	0	0
2021.03.10	00:00:00	25.906	26.191	25.520	26.149	29401	0	0
2021.03.11	00:00:00	26.152	26.424	25.808	26.054	28740	0	0
2021.03.12	00:00:00	26.053	26.137	25.360	25.892	28840	0	0
2021.03.14	00:00:00	25.954	26.050	25.902	25.960	1373	0	0
2021.03.15	00:00:00	25.962	26.267	25.770	26.198	25740	0	0
2021.03.16	00:00:00	26.194	26.278	25.805	25.900	23074	0	0
2021.03.17	00:00:00	25.898	26.484	25.730	26.338	26153	0	0
2021.03.18	00:00:00	26.334	26.603	25.802	26.004	30734	0	0
2021.03.19	00:00:00	26.002	26.287	25.846	26.207	24582	0	0
2021.03.21	00:00:00	26.123	26.136	25.803	25.849	1813	0	0
2021.03.22	00:00:00	25.848	25.926	25.385	25.772	25973	0	0
2021.03.23	00:00:00	25.769	25.793	24.982	25.030	24741	0	0
2021.03.24	00:00:00	25.032	25.334	24.951	25.050	23760	0	0
2021.03.25	00:00:00	25.049	25.150	24.383	25.067	28208	0	0
2021.03.26	00:00:00	25.068	25.222	24.844	25.025	20166	0	0
2021.03.28	00:00:00	25.026	25.057	24.969	25.005	943	0	0
2021.03.29	00:00:00	25.008	25.014	24.425	24.645	24585	0	0
2021.03.30	00:00:00	24.647	24.708	23.824	23.991	26790	0	0
2021.03.31	00:00:00	23.992	24.501	23.751	24.405	25266	0	0
2021.04.01	00:00:00	24.404	24.947	24.225	24.929	22631	0	0
2021.04.04	00:00:00	24.926	24.996	24.896	24.986	987	0	0
2021.04.05	00:00:00	24.985	25.054	24.587	24.791	17123	0	0
2021.04.06	00:00:00	24.792	25.270	24.745	25.134	22045	0	0
2021.04.07	00:00:00	25.132	25.249	24.833	25.131	21328	0	0
2021.04.08	00:00:00	25.129	25.588	24.941	25.381	20449	0	0
2021.04.09	00:00:00	25.376	25.473	24.959	25.227	20325	0	0
2021.04.11	00:00:00	25.180	25.241	25.174	25.226	679	0	0
2021.04.12	00:00:00	25.225	25.249	24.681	24.784	21816	0	0
2021.04.13	00:00:00	24.783	25.457	24.659	25.332	21821	0	0
2021.04.14	00:00:00	25.331	25.506	25.172	25.394	21673	0	0
2021.04.15	00:00:00	25.395	25.962	25.297	25.818	24106	0	0
2021.04.16	00:00:00	25.819	26.277	25.725	25.935	21562	0	0
2021.04.18	00:00:00	25.896	25.975	25.880	25.901	967	0	0
2021.04.19	00:00:00	25.900	26.203	25.608	25.823	26079	0	0
2021.04.20	00:00:00	25.824	26.065	25.667	25.753	26996	0	0
2021.04.21	00:00:00	25.752	26.618	25.740	26.488	24659	0	0
2021.04.22	00:00:00	26.489	26.560	25.954	26.090	26462	0	0
2021.04.23	00:00:00	26.088	26.380	25.825	25.978	21631	0	0
2021.04.25	00:00:00	25.949	25.969	25.897	25.934	636	0	0
2021.04.26	00:00:00	25.935	26.209	25.827	26.185	19020	0	0
2021.04.27	00:00:00	26.183	26.431	26.025	26.206	18689	0	0
2021.04.28	00:00:00	26.205	26.295	25.808	26.289	23054	0	0
2021.04.29	00:00:00	26.286	26.450	25.680	26.080	21338	0	0
2021.04.30	00:00:00	26.079	26.167	25.776	25.881	20688	0	0
2021.05.02	00:00:00	25.842	25.868	25.803	25.841	534	0	0
2021.05.03	00:00:00	25.839	26.969	25.780	26.848	17362	0	0
2021.05.04	00:00:00	26.854	27.090	26.062	26.453	21556	0	0
2021.05.05	00:00:00	26.451	26.600	26.080	26.423	17858	0	0
2021.05.06	00:00:00	26.425	27.426	26.144	27.254	22954	0	0
2021.05.07	00:00:00	27.250	27.640	27.105	27.417	24567	0	0
2021.05.09	00:00:00	27.482	27.634	27.446	27.623	913	0	0
2021.05.10	00:00:00	27.622	27.848	27.202	27.299	25300	0	0
2021.05.11	00:00:00	27.297	27.635	27.074	27.541	25071	0	0
2021.05.12	00:00:00	27.545	27.665	26.920	27.087	28890	0	0
2021.05.13	00:00:00	27.083	27.210	26.693	27.020	28437	0	0
2021.05.14	00:00:00	27.021	27.451	26.789	27.393	22904	0	0
2021.05.16	00:00:00	27.387	27.475	27.387	27.455	713	0	0
2021.05.17	00:00:00	27.453	28.256	27.316	28.224	23554	0	0
2021.05.18	00:00:00	28.220	28.715	27.975	28.126	25240	0	0
2021.05.19	00:00:00	28.127	28.204	27.339	27.580	31807	0	0
2021.05.20	00:00:00	27.583	27.969	27.366	27.674	25555	0	0
2021.05.21	00:00:00	27.678	28.036	27.168	27.526	24835	0	0
2021.05.23	00:00:00	27.498	27.560	27.487	27.536	769	0	0
2021.05.24	00:00:00	27.539	27.873	27.431	27.652	22423	0	0
2021.05.25	00:00:00	27.651	28.003	27.432	27.955	23562	0	0
2021.05.26	00:00:00	27.958	28.200	27.570	27.651	23892	0	0
2021.05.27	00:00:00	27.653	27.874	27.467	27.853	22358	0	0
2021.05.28	00:00:00	27.852	27.941	27.367	27.896	22147	0	0
2021.05.30	00:00:00	27.895	27.935	27.893	27.906	580	0	0
2021.05.31	00:00:00	27.907	28.103	27.845	28.051	13982	0	0
2021.06.01	00:00:00	28.054	28.522	27.788	27.816	22766	0	0
2021.06.02	00:00:00	27.815	28.158	27.658	28.121	19478	0	0
2021.06.03	00:00:00	28.122	28.203	27.004	27.405	23131	0	0
2021.06.04	00:00:00	27.406	27.817	27.199	27.762	21003	0	0
2021.06.06	00:00:00	27.733	27.748	27.708	27.721	500	0	0
2021.06.07	00:00:00	27.722	27.919	27.449	27.863	18428	0	0
2021.06.08	00:00:00	27.860	27.945	27.481	27.593	21052	0	0
2021.06.09	00:00:00	27.589	27.970	27.487	27.790	18929	0	0
2021.06.10	00:00:00	27.788	27.999	27.437	27.935	21624	0	0
2021.06.11	00:00:00	27.940	28.254	27.864	27.890	20908	0	0
2021.06.13	00:00:00	27.928	27.966	27.791	27.801	898	0	0
2021.06.14	00:00:00	27.799	27.990	27.439	27.839	19228	0	0
2021.06.15	00:00:00	27.838	27.855	27.363	27.652	20518	0	0
2021.06.16	00:00:00	27.656	27.798	26.585	27.131	23107	0	0
2021.06.17	00:00:00	27.138	27.191	25.747	25.993	31661	0	0
2021.06.18	00:00:00	25.991	26.470	25.724	25.777	27652	0	0
2021.06.20	00:00:00	25.849	25.909	25.823	25.871	1102	0	0
2021.06.21	00:00:00	25.872	26.055	25.528	25.918	28069	0	0
2021.06.22	00:00:00	25.915	26.016	25.659	25.748	22858	0	0
2021.06.23	00:00:00	25.747	26.267	25.731	25.838	21543	0	0
2021.06.24	00:00:00	25.839	26.143	25.791	25.911	19324	0	0
2021.06.25	00:00:00	25.910	26.273	25.890	26.077	19289	0	0
2021.06.27	00:00:00	26.075	26.120	26.072	26.102	568	0	0
2021.06.28	00:00:00	26.101	26.201	25.766	26.082	19958	0	0
2021.06.29	00:00:00	26.081	26.094	25.500	25.779	19968	0	0
2021.06.30	00:00:00	25.775	26.121	25.678	26.068	18530	0	0
2021.07.01	00:00:00	26.069	26.376	25.922	25.978	20047	0	0
2021.07.02	00:00:00	25.977	26.540	25.956	26.439	18308	0	0
2021.07.02	12:00:00	26.423	26.423	26.192	26.378	3687	0	54
2021.07.02	16:00:00	26.378	26.540	26.314	26.455	2393	0	54
2021.07.02	20:00:00	26.448	26.452	26.399	26.439	199	0	54
2021.07.04	00:00:00	26.427	26.440	26.396	26.415	478	0	0
2021.07.04	20:00:00	26.427	26.440	26.396	26.415	553	0	54
2021.07.05	00:00:00	26.415	26.561	26.354	26.496	2985	0	54
2021.07.05	04:00:00	26.499	26.581	26.453	26.572	3018	0	54
2021.07.05	08:00:00	26.572	26.591	26.405	26.430	2915	0	54
2021.07.05	12:00:00	26.430	26.500	26.356	26.430	3247	0	54
2021.07.05	16:00:00	26.430	26.447	26.416	26.447	399	0	54
2021.07.05	20:00:00	26.428	26.463	26.392	26.394	579	0	67
2021.07.06	00:00:00	26.394	26.593	26.387	26.537	3379	0	54
2021.07.06	04:00:00	26.537	26.680	26.521	26.629	3687	0	54
2021.07.06	08:00:00	26.629	26.658	26.515	26.658	3584	0	54
2021.07.06	12:00:00	26.657	26.750	26.089	26.120	7971	0	54
2021.07.06	16:00:00	26.115	26.166	25.984	26.117	3415	0	54
2021.07.06	20:00:00	26.118	26.139	26.065	26.081	846	0	54
2021.07.07	00:00:00	26.077	26.163	26.048	26.153	3017	0	54
2021.07.07	04:00:00	26.153	26.360	26.125	26.322	3407	0	54
2021.07.07	08:00:00	26.320	26.412	26.267	26.369	3263	0	54
2021.07.07	12:00:00	26.370	26.412	25.961	26.035	7177	0	54
2021.07.07	16:00:00	26.038	26.194	25.993	26.124	3456	0	54
2021.07.07	20:00:00	26.122	26.160	26.096	26.114	907	0	54
2021.07.08	00:00:00	26.114	26.122	25.843	25.896	3101	0	54
2021.07.08	04:00:00	25.896	26.082	25.843	26.023	4256	0	54
2021.07.08	08:00:00	26.022	26.189	25.964	26.083	5894	0	54
2021.07.08	12:00:00	26.083	26.140	25.782	25.888	7769	0	54
2021.07.08	16:00:00	25.887	25.948	25.786	25.902	2984	0	54
2021.07.08	20:00:00	25.900	25.936	25.883	25.896	837	0	54
2021.07.09	00:00:00	25.896	25.953	25.828	25.871	3229	0	54
2021.07.09	04:00:00	25.871	25.934	25.740	25.905	4150	0	54
2021.07.09	08:00:00	25.908	26.050	25.863	25.967	4196	0	54
2021.07.09	12:00:00	25.967	26.183	25.811	26.093	5999	0	54
2021.07.09	16:00:00	26.094	26.172	26.064	26.081	2276	0	54
2021.07.09	20:00:00	26.082	26.098	26.057	26.076	247	0	54
2021.07.11	00:00:00	26.078	26.092	26.058	26.071	536	0	0
2021.07.11	20:00:00	26.078	26.092	26.058	26.071	603	0	54
2021.07.12	00:00:00	26.071	26.257	26.011	26.025	3426	0	54
2021.07.12	04:00:00	26.026	26.029	25.920	25.990	3559	0	54
2021.07.12	08:00:00	25.989	26.004	25.846	25.916	3682	0	54
2021.07.12	12:00:00	25.917	26.233	25.883	26.153	6310	0	54
2021.07.12	16:00:00	26.152	26.220	26.098	26.188	2886	0	54
2021.07.12	20:00:00	26.179	26.232	26.167	26.232	684	0	54
2021.07.13	00:00:00	26.232	26.324	26.202	26.221	2418	0	54
2021.07.13	04:00:00	26.221	26.309	26.171	26.235	3087	0	54
2021.07.13	08:00:00	26.237	26.237	26.027	26.142	3320	0	54
2021.07.13	12:00:00	26.142	26.234	25.912	26.131	7725	0	54
2021.07.13	16:00:00	26.132	26.149	25.919	25.958	3640	0	54
2021.07.13	20:00:00	25.960	25.987	25.931	25.945	815	0	54
2021.07.14	00:00:00	25.945	26.048	25.917	26.045	2439	0	54
2021.07.14	04:00:00	26.045	26.106	26.015	26.016	2420	0	54
2021.07.14	08:00:00	26.016	26.181	25.995	26.154	3646	0	54
2021.07.14	12:00:00	26.155	26.439	26.034	26.092	7855	0	54
2021.07.14	16:00:00	26.092	26.258	26.058	26.217	3372	0	54
2021.07.14	20:00:00	26.221	26.236	26.179	26.194	1019	0	54
2021.07.15	00:00:00	26.194	26.306	26.133	26.250	3065	0	54
2021.07.15	04:00:00	26.250	26.371	26.247	26.310	3277	0	54
2021.07.15	08:00:00	26.310	26.353	26.147	26.232	4097	0	54
2021.07.15	12:00:00	26.230	26.333	26.163	26.243	6727	0	54
2021.07.15	16:00:00	26.240	26.331	26.190	26.292	3430	0	54
2021.07.15	20:00:00	26.293	26.351	26.293	26.299	877	0	54
2021.07.16	00:00:00	26.297	26.425	26.290	26.342	2764	0	54
2021.07.16	04:00:00	26.342	26.353	26.089	26.148	3072	0	54
2021.07.16	08:00:00	26.140	26.191	25.982	26.063	3935	0	54
2021.07.16	12:00:00	26.063	26.140	25.575	25.667	8118	0	54
2021.07.16	16:00:00	25.664	25.745	25.587	25.614	3887	0	54
2021.07.16	20:00:00	25.617	25.643	25.601	25.642	380	0	54
2021.07.18	00:00:00	25.624	25.680	25.595	25.678	941	0	0
2021.07.18	20:00:00	25.624	25.680	25.595	25.678	1001	0	54
2021.07.19	00:00:00	25.678	25.734	25.406	25.507	3738	0	54
2021.07.19	04:00:00	25.507	25.516	25.283	25.380	4158	0	54
2021.07.19	08:00:00	25.379	25.408	25.064	25.153	5357	0	54
2021.07.19	12:00:00	25.154	25.354	24.973	25.162	8833	0	54
2021.07.19	16:00:00	25.159	25.159	24.989	25.107	4254	0	54
2021.07.19	20:00:00	25.107	25.169	25.097	25.144	978	0	54
2021.07.20	00:00:00	25.145	25.249	25.118	25.158	3962	0	54
2021.07.20	04:00:00	25.158	25.203	25.057	25.077	3740	0	54
2021.07.20	08:00:00	25.075	25.179	25.021	25.158	4822	0	54
2021.07.20	12:00:00	25.158	25.189	24.793	24.856	7924	0	54
2021.07.20	16:00:00	24.858	25.001	24.848	24.924	3295	0	54
2021.07.20	20:00:00	24.920	24.940	24.897	24.939	888	0	54
2021.07.21	00:00:00	24.940	24.951	24.730	24.881	3334	0	54
2021.07.21	04:00:00	24.881	25.166	24.842	25.075	4138	0	54
2021.07.21	08:00:00	25.076	25.196	25.006	25.034	4701	0	54
2021.07.21	12:00:00	25.031	25.221	24.907	25.181	7012	0	54
2021.07.21	16:00:00	25.180	25.281	25.138	25.250	2350	0	54
2021.07.21	20:00:00	25.250	25.272	25.239	25.250	757	0	54
2021.07.22	00:00:00	25.249	25.287	25.162	25.189	2416	0	54
2021.07.22	04:00:00	25.188	25.254	25.106	25.148	3051	0	54
2021.07.22	08:00:00	25.148	25.148	25.011	25.059	4373	0	54
2021.07.22	12:00:00	25.059	25.360	24.988	25.305	7220	0	54
2021.07.22	16:00:00	25.305	25.434	25.270	25.403	3013	0	54
2021.07.22	20:00:00	25.405	25.426	25.367	25.394	997	0	54
2021.07.23	00:00:00	25.394	25.449	25.299	25.326	2949	0	54
2021.07.23	04:00:00	25.326	25.395	25.217	25.372	3382	0	54
2021.07.23	08:00:00	25.372	25.385	25.018	25.144	4367	0	54
2021.07.23	12:00:00	25.142	25.268	24.977	25.178	6502	0	54
2021.07.23	16:00:00	25.179	25.232	25.135	25.158	2737	0	54
2021.07.23	20:00:00	25.159	25.180	25.138	25.157	219	0	54
2021.07.25	00:00:00	25.168	25.181	25.140	25.153	294	0	0
2021.07.25	20:00:00	25.168	25.181	25.140	25.153	294	0	54
2021.07.26	00:00:00	25.150	25.286	25.095	25.240	2049	0	54
2021.07.26	04:00:00	25.239	25.365	25.162	25.300	2112	0	54
2021.07.26	08:00:00	25.301	25.411	25.265	25.361	1939	0	54
2021.07.26	12:00:00	25.368	25.374	25.137	25.191	4388	0	54
2021.07.26	16:00:00	25.189	25.249	25.141	25.173	1071	0	54
2021.07.26	20:00:00	25.178	25.191	25.134	25.142	312	0	54
2021.07.27	00:00:00	25.140	25.190	25.073	25.169	1691	0	54
2021.07.27	04:00:00	25.168	25.238	25.085	25.148	2395	0	54
2021.07.27	08:00:00	25.153	25.164	25.044	25.149	1868	0	54
2021.07.27	12:00:00	25.151	25.239	24.485	24.485	5309	0	54
2021.07.27	16:00:00	24.480	24.745	24.471	24.739	1568	0	54
2021.07.27	20:00:00	24.737	24.744	24.658	24.709	393	0	54
2021.07.28	00:00:00	24.715	24.832	24.632	24.792	2238	0	54
2021.07.28	04:00:00	24.796	24.835	24.734	24.740	1757	0	54
2021.07.28	08:00:00	24.739	24.826	24.703	24.713	1823	0	54
2021.07.28	12:00:00	24.710	24.891	24.638	24.852	3416	0	54
2021.07.28	16:00:00	24.853	24.988	24.586	24.964	3640	0	54
2021.07.28	20:00:00	24.968	25.024	24.922	25.024	496	0	54
2021.07.29	00:00:00	25.022	25.227	24.990	25.182	2391	0	54
2021.07.29	04:00:00	25.183	25.407	25.173	25.350	1969	0	54
2021.07.29	08:00:00	25.347	25.567	25.335	25.533	2086	0	54
2021.07.29	12:00:00	25.540	25.773	25.451	25.737	4231	0	54
2021.07.29	16:00:00	25.735	25.746	25.509	25.555	1355	0	54
2021.07.29	20:00:00	25.552	25.555	25.474	25.500	380	0	54
2021.07.30	00:00:00	25.501	25.604	25.442	25.570	1856	0	54
2021.07.30	04:00:00	25.572	25.591	25.477	25.557	2050	0	54
2021.07.30	08:00:00	25.554	25.609	25.440	25.482	1759	0	54
2021.07.30	12:00:00	25.477	25.581	25.357	25.522	4142	0	54
2021.07.30	16:00:00	25.521	25.521	25.320	25.456	1719	0	54
2021.07.30	20:00:00	25.462	25.473	25.437	25.462	170	0	54
2021.08.01	00:00:00	25.481	25.490	25.455	25.480	327	0	0
2021.08.01	20:00:00	25.481	25.490	25.455	25.480	327	0	54
2021.08.02	00:00:00	25.478	25.544	25.299	25.468	2731	0	54
2021.08.02	04:00:00	25.470	25.609	25.420	25.449	2433	0	54
2021.08.02	08:00:00	25.448	25.494	25.355	25.482	1693	0	54
2021.08.02	12:00:00	25.486	25.494	25.275	25.388	4383	0	54
2021.08.02	16:00:00	25.391	25.512	25.368	25.373	1695	0	54
2021.08.02	20:00:00	25.375	25.400	25.363	25.370	291	0	54
2021.08.03	00:00:00	25.369	25.398	25.250	25.291	1622	0	54
2021.08.03	04:00:00	25.286	25.347	25.220	25.282	1652	0	54
2021.08.03	08:00:00	25.281	25.469	25.270	25.422	1300	0	54
2021.08.03	12:00:00	25.417	25.577	25.320	25.468	3862	0	54
2021.08.03	16:00:00	25.474	25.558	25.466	25.523	965	0	54
2021.08.03	20:00:00	25.524	25.541	25.483	25.538	252	0	54
2021.08.04	00:00:00	25.537	25.656	25.480	25.617	1467	0	54
2021.08.04	04:00:00	25.619	25.700	25.549	25.694	1365	0	54
2021.08.04	08:00:00	25.691	25.760	25.609	25.741	1253	0	54
2021.08.04	12:00:00	25.740	25.978	25.302	25.401	5720	0	54
2021.08.04	16:00:00	25.400	25.429	25.366	25.374	1127	0	54
2021.08.04	20:00:00	25.381	25.381	25.343	25.345	340	0	54
2021.08.05	00:00:00	25.344	25.483	25.058	25.370	11978	0	0
2021.08.05	04:00:00	25.371	25.409	25.309	25.406	1468	0	54
2021.08.05	08:00:00	25.404	25.483	25.290	25.459	1733	0	54
2021.08.05	12:00:00	25.460	25.471	25.058	25.196	4370	0	54
2021.08.05	16:00:00	25.198	25.258	25.104	25.127	939	0	54
2021.08.05	20:00:00	25.131	25.157	25.112	25.114	284	0	54
2021.08.06	00:00:00	25.113	25.134	25.043	25.109	1269	0	54
2021.08.06	04:00:00	25.107	25.178	25.072	25.132	1424	0	54
2021.08.06	08:00:00	25.128	25.129	24.928	25.035	1412	0	54
2021.08.06	12:00:00	25.043	25.085	24.173	24.288	6069	0	54
2021.08.06	16:00:00	24.289	24.364	24.211	24.282	1382	0	54
2021.08.06	20:00:00	24.279	24.318	24.265	24.318	227	0	54
2021.08.08	00:00:00	24.280	24.287	22.197	23.531	3720	0	0
2021.08.08	20:00:00	24.280	24.287	22.197	23.531	3718	0	54
2021.08.09	00:00:00	23.539	23.988	23.318	23.854	4800	0	54
2021.08.09	04:00:00	23.853	23.975	23.826	23.915	2935	0	54
2021.08.09	08:00:00	23.911	24.022	23.729	23.943	3108	0	54
2021.08.09	12:00:00	23.935	23.978	23.382	23.392	6242	0	54
2021.08.09	16:00:00	23.391	23.453	23.210	23.443	2524	0	54
2021.08.09	20:00:00	23.440	23.467	23.399	23.437	592	0	54
2021.08.10	00:00:00	23.440	23.627	23.400	23.621	1704	0	54
2021.08.10	04:00:00	23.619	23.647	23.515	23.547	2308	0	54
2021.08.10	08:00:00	23.549	23.549	23.323	23.431	2242	0	54
2021.08.10	12:00:00	23.435	23.451	23.210	23.392	4583	0	54
2021.08.10	16:00:00	23.396	23.409	23.297	23.313	1214	0	54
2021.08.10	20:00:00	23.316	23.333	23.299	23.299	327	0	54
2021.08.11	00:00:00	23.300	23.431	23.185	23.400	1831	0	54
2021.08.11	04:00:00	23.395	23.407	23.292	23.348	1838	0	54
2021.08.11	08:00:00	23.345	23.448	23.299	23.424	1605	0	54
2021.08.11	12:00:00	23.426	23.547	23.294	23.515	5272	0	54
2021.08.11	16:00:00	23.513	23.563	23.421	23.549	1737	0	54
2021.08.11	20:00:00	23.546	23.546	23.484	23.507	445	0	54
2021.08.12	00:00:00	23.506	23.514	23.389	23.425	1556	0	54
2021.08.12	04:00:00	23.424	23.483	23.357	23.453	1809	0	54
2021.08.12	08:00:00	23.455	23.466	23.341	23.341	1556	0	54
2021.08.12	12:00:00	23.336	23.380	22.982	23.194	4924	0	54
2021.08.12	16:00:00	23.195	23.242	23.104	23.182	1443	0	54
2021.08.12	20:00:00	23.173	23.201	23.156	23.181	319	0	54
2021.08.13	00:00:00	23.180	23.288	23.143	23.224	1571	0	54
2021.08.13	04:00:00	23.227	23.396	23.195	23.329	1742	0	54
2021.08.13	08:00:00	23.333	23.409	23.266	23.378	1609	0	54
2021.08.13	12:00:00	23.384	23.804	23.334	23.785	4212	0	54
2021.08.13	16:00:00	23.786	23.807	23.650	23.696	1178	0	54
2021.08.13	20:00:00	23.691	23.718	23.659	23.718	154	0	54
2021.08.15	00:00:00	23.737	23.745	23.657	23.664	322	0	0
2021.08.15	20:00:00	23.737	23.745	23.657	23.664	322	0	54
2021.08.16	00:00:00	23.663	23.747	23.640	23.644	1817	0	54
2021.08.16	04:00:00	23.649	23.649	23.475	23.482	1836	0	54
2021.08.16	08:00:00	23.479	23.564	23.407	23.445	1767	0	54
2021.08.16	12:00:00	23.451	23.788	23.446	23.776	3450	0	54
2021.08.16	16:00:00	23.770	23.872	23.732	23.843	803	0	54
2021.08.16	20:00:00	23.839	23.869	23.816	23.869	402	0	0
2021.08.17	00:00:00	23.870	23.896	23.771	23.845	1923	0	54
2021.08.17	04:00:00	23.846	23.931	23.826	23.850	2180	0	54
2021.08.17	08:00:00	23.853	23.897	23.814	23.814	1612	0	54
2021.08.17	12:00:00	23.810	23.897	23.546	23.627	4421	0	54
2021.08.17	16:00:00	23.623	23.666	23.565	23.622	1464	0	54
2021.08.17	20:00:00	23.623	23.648	23.610	23.637	521	0	0
2021.08.18	00:00:00	23.634	23.788	23.618	23.748	1772	0	54
2021.08.18	04:00:00	23.744	23.801	23.697	23.734	1554	0	54
2021.08.18	08:00:00	23.733	23.737	23.628	23.711	1529	0	54
2021.08.18	12:00:00	23.716	23.732	23.267	23.435	4216	0	54
2021.08.18	16:00:00	23.438	23.584	23.341	23.459	2564	0	54
2021.08.18	20:00:00	23.463	23.513	23.436	23.475	615	0	0
2021.08.19	00:00:00	23.472	23.485	23.069	23.201	2686	0	54
2021.08.19	04:00:00	23.200	23.305	23.141	23.250	2510	0	54
2021.08.19	08:00:00	23.249	23.360	23.180	23.313	2410	0	54
2021.08.19	12:00:00	23.318	23.490	23.214	23.260	4624	0	54
2021.08.19	16:00:00	23.263	23.268	23.112	23.206	1751	0	54
2021.08.19	20:00:00	23.207	23.244	23.183	23.193	710	0	0
2021.08.20	00:00:00	23.194	23.284	23.187	23.234	2022	0	54
2021.08.20	04:00:00	23.235	23.300	23.134	23.198	2326	0	54
2021.08.20	08:00:00	23.199	23.231	23.066	23.207	1763	0	54
2021.08.20	12:00:00	23.213	23.247	22.852	23.152	4440	0	54
2021.08.20	16:00:00	23.150	23.226	23.013	23.028	1408	0	54
2021.08.20	20:00:00	23.026	23.026	22.990	23.006	138	0	54
2021.08.22	20:00:00	23.046	23.062	22.964	22.977	689	0	0
2021.08.23	00:00:00	22.975	23.253	22.951	23.184	2756	0	54
2021.08.23	04:00:00	23.188	23.281	23.142	23.236	1827	0	54
2021.08.23	08:00:00	23.232	23.494	23.227	23.429	2086	0	54
2021.08.23	12:00:00	23.434	23.652	23.382	23.632	4217	0	54
2021.08.23	16:00:00	23.635	23.667	23.573	23.584	1068	0	0
2021.08.23	20:00:00	23.586	23.622	23.572	23.578	339	0	0
2021.08.24	00:00:00	23.580	23.621	23.513	23.549	1420	0	54
2021.08.24	04:00:00	23.550	23.628	23.546	23.588	1641	0	54
2021.08.24	08:00:00	23.589	23.732	23.565	23.698	1379	0	54
2021.08.24	12:00:00	23.695	23.926	23.619	23.827	4459	0	54
2021.08.24	16:00:00	23.828	23.923	23.800	23.828	1001	0	54
2021.08.24	20:00:00	23.822	23.860	23.787	23.800	412	0	0
2021.08.25	00:00:00	23.804	23.828	23.648	23.661	1714	0	54
2021.08.25	04:00:00	23.665	23.751	23.628	23.718	1644	0	0
2021.08.25	08:00:00	23.715	23.805	23.667	23.736	1738	0	54
2021.08.25	12:00:00	23.735	23.838	23.555	23.744	4833	0	54
2021.08.25	16:00:00	23.740	23.864	23.731	23.829	1223	0	54
2021.08.25	20:00:00	23.825	23.838	23.806	23.836	441	0	0
2021.08.26	00:00:00	23.837	23.846	23.731	23.745	1359	0	54
2021.08.26	04:00:00	23.742	23.751	23.590	23.686	1789	0	0
2021.08.26	08:00:00	23.688	23.708	23.620	23.690	1617	0	54
2021.08.26	12:00:00	23.689	23.709	23.429	23.538	5205	0	54
2021.08.26	16:00:00	23.534	23.571	23.411	23.552	1498	0	54
2021.08.26	20:00:00	23.555	23.569	23.507	23.563	456	0	0
2021.08.27	00:00:00	23.558	23.641	23.519	23.594	1694	0	54
2021.08.27	04:00:00	23.593	23.757	23.573	23.684	1811	0	54
2021.08.27	08:00:00	23.682	23.691	23.548	23.638	1564	0	54
2021.08.27	12:00:00	23.635	23.976	23.320	23.949	5931	0	54
2021.08.27	16:00:00	23.950	24.090	23.928	24.070	1961	0	54
2021.08.27	20:00:00	24.061	24.061	23.984	23.993	153	0	54
2021.08.29	20:00:00	24.017	24.072	24.012	24.058	724	0	0
2021.08.30	00:00:00	24.057	24.190	24.014	24.051	2641	0	54
2021.08.30	04:00:00	24.050	24.089	23.925	24.004	1558	0	54
2021.08.30	08:00:00	23.995	24.167	23.955	24.141	1191	0	54
2021.08.30	12:00:00	24.140	24.174	23.889	23.925	4005	0	54
2021.08.30	16:00:00	23.927	24.027	23.910	24.013	1018	0	54
2021.08.30	20:00:00	24.007	24.021	23.990	24.006	418	0	0
2021.08.31	00:00:00	24.005	24.070	23.942	24.049	1635	0	54
2021.08.31	04:00:00	24.051	24.181	24.037	24.116	1908	0	54
2021.08.31	08:00:00	24.115	24.169	24.018	24.049	2147	0	54
2021.08.31	12:00:00	24.045	24.128	23.781	23.859	5229	0	54
2021.08.31	16:00:00	23.860	23.965	23.841	23.879	1620	0	54
2021.08.31	20:00:00	23.876	23.894	23.853	23.880	474	0	0
2021.09.01	00:00:00	23.879	23.890	23.807	23.871	1777	0	54
2021.09.01	04:00:00	23.869	23.885	23.730	23.785	2067	0	54
2021.09.01	08:00:00	23.778	23.957	23.762	23.932	1449	0	54
2021.09.01	12:00:00	23.941	24.241	23.926	24.190	5154	0	54
2021.09.01	16:00:00	24.187	24.222	24.085	24.131	1014	0	54
2021.09.01	20:00:00	24.129	24.140	24.112	24.128	324	0	0
2021.09.02	00:00:00	24.133	24.192	24.083	24.085	1807	0	54
2021.09.02	04:00:00	24.087	24.167	24.082	24.160	1295	0	54
2021.09.02	08:00:00	24.158	24.192	24.083	24.150	1403	0	54
2021.09.02	12:00:00	24.148	24.168	23.766	23.830	4392	0	54
2021.09.02	16:00:00	23.828	23.898	23.820	23.871	1158	0	54
2021.09.02	20:00:00	23.875	23.881	23.855	23.866	441	0	0
2021.09.03	00:00:00	23.865	23.932	23.855	23.905	1576	0	54
2021.09.03	04:00:00	23.907	23.979	23.871	23.930	1271	0	54
2021.09.03	08:00:00	23.934	24.081	23.928	24.062	1604	0	0
2021.09.03	12:00:00	24.064	24.844	24.009	24.686	6208	0	54
2021.09.03	16:00:00	24.682	24.733	24.645	24.682	1067	0	54
2021.09.03	20:00:00	24.686	24.705	24.668	24.694	171	0	54
2021.09.05	20:00:00	24.729	24.774	24.699	24.720	710	0	0
2021.09.06	00:00:00	24.722	24.778	24.641	24.702	1949	0	54
2021.09.06	04:00:00	24.706	24.793	24.702	24.768	1272	0	54
2021.09.06	08:00:00	24.765	24.794	24.669	24.704	1088	0	54
2021.09.06	12:00:00	24.706	24.715	24.615	24.636	1565	0	54
2021.09.06	16:00:00	24.635	24.672	24.630	24.662	162	0	54
2021.09.06	20:00:00	24.660	24.665	24.625	24.653	430	0	0
2021.09.07	00:00:00	24.652	24.801	24.622	24.633	1755	0	54
2021.09.07	04:00:00	24.635	24.645	24.487	24.544	2028	0	54
2021.09.07	08:00:00	24.540	24.541	24.196	24.269	2803	0	54
2021.09.07	12:00:00	24.262	24.530	24.140	24.303	4986	0	54
2021.09.07	16:00:00	24.304	24.356	24.290	24.292	1293	0	54
2021.09.07	20:00:00	24.295	24.314	24.276	24.302	548	0	0
2021.09.08	00:00:00	24.300	24.387	24.275	24.293	1752	0	54
2021.09.08	04:00:00	24.294	24.376	24.244	24.361	1911	0	54
2021.09.08	08:00:00	24.356	24.363	24.272	24.280	2012	0	54
2021.09.08	12:00:00	24.282	24.379	23.884	23.958	5513	0	54
2021.09.08	16:00:00	23.960	24.029	23.924	23.924	1828	0	54
2021.09.08	20:00:00	23.922	23.958	23.906	23.958	763	0	0
2021.09.09	00:00:00	23.956	23.975	23.861	23.910	2031	0	54
2021.09.09	04:00:00	23.912	24.022	23.820	24.009	2192	0	54
2021.09.09	08:00:00	24.007	24.264	24.007	24.248	1896	0	54
2021.09.09	12:00:00	24.257	24.265	23.912	24.034	5010	0	54
2021.09.09	16:00:00	24.035	24.126	23.970	24.037	1959	0	54
2021.09.09	20:00:00	24.038	24.041	23.998	24.022	990	0	0
2021.09.10	00:00:00	24.025	24.175	23.932	24.150	2199	0	54
2021.09.10	04:00:00	24.152	24.274	24.126	24.239	2181	0	54
2021.09.10	08:00:00	24.241	24.258	23.994	24.082	1846	0	54
2021.09.10	12:00:00	24.081	24.129	23.845	23.876	4494	0	54
2021.09.10	16:00:00	23.874	23.888	23.727	23.729	1757	0	54
2021.09.10	20:00:00	23.735	23.755	23.704	23.714	204	0	54
2021.09.12	20:00:00	23.752	23.786	23.746	23.754	518	0	0
2021.09.13	00:00:00	23.753	23.784	23.655	23.737	2347	0	54
2021.09.13	04:00:00	23.738	23.772	23.582	23.652	2450	0	54
2021.09.13	08:00:00	23.653	23.692	23.565	23.618	1636	0	54
2021.09.13	12:00:00	23.613	23.831	23.354	23.753	5359	0	54
2021.09.13	16:00:00	23.756	23.765	23.680	23.722	1316	0	54
2021.09.13	20:00:00	23.721	23.733	23.710	23.715	384	0	0
2021.09.14	00:00:00	23.713	23.723	23.621	23.645	1874	0	54
2021.09.14	04:00:00	23.643	23.730	23.621	23.689	2023	0	54
2021.09.14	08:00:00	23.688	23.703	23.433	23.504	1957	0	54
2021.09.14	12:00:00	23.500	23.852	23.408	23.811	5894	0	54
2021.09.14	16:00:00	23.819	23.934	23.785	23.846	1601	0	54
2021.09.14	20:00:00	23.844	23.847	23.792	23.826	569	0	0
2021.09.15	00:00:00	23.827	23.831	23.735	23.749	1561	0	54
2021.09.15	04:00:00	23.748	23.768	23.640	23.764	2634	0	0
2021.09.15	08:00:00	23.766	23.828	23.698	23.770	1746	0	54
2021.09.15	12:00:00	23.767	23.883	23.643	23.740	4745	0	54
2021.09.15	16:00:00	23.738	23.812	23.700	23.810	1120	0	54
2021.09.15	20:00:00	23.812	23.871	23.796	23.871	803	0	0
2021.09.16	00:00:00	23.866	23.941	23.807	23.817	2070	0	54
2021.09.16	04:00:00	23.816	23.844	23.512	23.569	2541	0	54
2021.09.16	08:00:00	23.572	23.595	23.311	23.319	3001	0	54
2021.09.16	12:00:00	23.314	23.372	22.578	22.781	6718	0	54
2021.09.16	16:00:00	22.779	22.920	22.711	22.914	1744	0	54
2021.09.16	20:00:00	22.917	22.920	22.856	22.909	754	0	0
2021.09.17	00:00:00	22.910	22.931	22.792	22.913	2129	0	54
2021.09.17	04:00:00	22.911	22.975	22.903	22.946	1972	0	54
2021.09.17	08:00:00	22.947	23.110	22.908	22.953	2268	0	54
2021.09.17	12:00:00	22.949	22.959	22.318	22.453	6289	0	54
2021.09.17	16:00:00	22.450	22.491	22.310	22.365	1720	0	54
2021.09.17	20:00:00	22.369	22.385	22.351	22.379	201	0	54
2021.09.19	20:00:00	22.388	22.392	22.130	22.351	1435	0	0
2021.09.20	00:00:00	22.349	22.378	22.011	22.099	2080	0	54
2021.09.20	04:00:00	22.101	22.473	22.062	22.433	2567	0	54
2021.09.20	08:00:00	22.434	22.485	22.230	22.299	2422	0	54
2021.09.20	12:00:00	22.301	22.488	22.137	22.263	5528	0	54
2021.09.20	16:00:00	22.262	22.273	22.136	22.215	1788	0	52
2021.09.20	20:00:00	22.206	22.278	22.206	22.268	684	0	0
2021.09.21	00:00:00	22.264	22.317	22.220	22.262	1368	0	54
2021.09.21	04:00:00	22.257	22.366	22.216	22.366	1860	0	54
2021.09.21	08:00:00	22.367	22.632	22.348	22.561	2284	0	54
2021.09.21	12:00:00	22.566	22.696	22.357	22.603	5451	0	54
2021.09.21	16:00:00	22.607	22.643	22.480	22.485	1985	0	54
2021.09.21	20:00:00	22.490	22.493	22.450	22.478	554	0	0
2021.09.22	00:00:00	22.475	22.873	22.441	22.774	2642	0	54
2021.09.22	04:00:00	22.777	22.847	22.706	22.712	2156	0	54
2021.09.22	08:00:00	22.714	22.741	22.641	22.667	1530	0	54
2021.09.22	12:00:00	22.669	22.947	22.612	22.923	4485	0	54
2021.09.22	16:00:00	22.927	23.117	22.575	22.646	5215	0	54
2021.09.22	20:00:00	22.647	22.715	22.623	22.660	755	0	0
2021.09.23	00:00:00	22.662	22.682	22.473	22.591	2312	0	54
2021.09.23	04:00:00	22.590	22.732	22.537	22.724	2016	0	54
2021.09.23	08:00:00	22.726	22.855	22.633	22.647	2347	0	54
2021.09.23	12:00:00	22.649	22.728	22.521	22.675	5762	0	54
2021.09.23	16:00:00	22.678	22.707	22.531	22.546	1229	0	54
2021.09.23	20:00:00	22.547	22.562	22.446	22.540	773	0	0
2021.09.24	00:00:00	22.537	22.667	22.531	22.660	1556	0	54
2021.09.24	04:00:00	22.658	22.774	22.590	22.644	1965	0	54
2021.09.24	08:00:00	22.647	22.682	22.502	22.508	1649	0	54
2021.09.24	12:00:00	22.509	22.532	22.083	22.451	5541	0	54
2021.09.24	16:00:00	22.449	22.456	22.304	22.343	1166	0	54
2021.09.24	20:00:00	22.346	22.409	22.340	22.404	134	0	54
2021.09.26	20:00:00	22.411	22.425	22.374	22.392	507	0	0
2021.09.27	00:00:00	22.394	22.714	22.392	22.612	2498	0	54
2021.09.27	04:00:00	22.615	22.669	22.531	22.536	2203	0	54
2021.09.27	08:00:00	22.529	22.599	22.421	22.527	2216	0	54
2021.09.27	12:00:00	22.531	22.823	22.530	22.624	5260	0	54
2021.09.27	16:00:00	22.625	22.698	22.590	22.598	1117	0	54
2021.09.27	20:00:00	22.599	22.616	22.584	22.605	467	0	0
2021.09.28	00:00:00	22.603	22.643	22.453	22.573	2009	0	54
2021.09.28	04:00:00	22.576	22.627	22.253	22.378	2802	0	54
2021.09.28	08:00:00	22.375	22.392	22.142	22.216	3041	0	54
2021.09.28	12:00:00	22.211	22.531	22.077	22.405	6893	0	54
2021.09.28	16:00:00	22.404	22.471	22.354	22.439	2144	0	54
2021.09.28	20:00:00	22.430	22.467	22.405	22.467	525	0	0
2021.09.29	00:00:00	22.471	22.524	22.389	22.478	2037	0	54
2021.09.29	04:00:00	22.479	22.483	22.199	22.240	2905	0	54
2021.09.29	08:00:00	22.241	22.348	22.212	22.296	2262	0	54
2021.09.29	12:00:00	22.290	22.299	21.397	21.504	6512	0	32
2021.09.29	16:00:00	21.501	21.551	21.422	21.512	2287	0	32
2021.09.29	20:00:00	21.507	21.546	21.488	21.539	545	0	0
2021.09.30	00:00:00	21.542	21.587	21.483	21.559	2016	0	52
2021.09.30	04:00:00	21.560	21.615	21.497	21.594	2541	0	52
2021.09.30	08:00:00	21.592	21.681	21.447	21.533	2251	0	32
2021.09.30	12:00:00	21.539	22.184	21.539	22.029	6362	0	52
2021.09.30	16:00:00	22.027	22.210	21.928	22.121	2504	0	52
2021.09.30	20:00:00	22.129	22.173	22.062	22.073	781	0	0
2021.10.01	00:00:00	22.077	22.109	21.996	22.060	1830	0	54
2021.10.01	04:00:00	22.063	22.208	21.968	22.147	2518	0	52
2021.10.01	08:00:00	22.148	22.374	22.072	22.359	2693	0	52
2021.10.01	12:00:00	22.356	22.554	22.243	22.516	6146	0	54
2021.10.01	16:00:00	22.524	22.558	22.471	22.475	1676	0	54
2021.10.01	20:00:00	22.477	22.511	22.476	22.510	104	0	54
2021.10.03	20:00:00	22.513	22.753	22.513	22.634	910	0	0
2021.10.04	00:00:00	22.633	22.671	22.491	22.513	1471	0	54
2021.10.04	04:00:00	22.512	22.639	22.413	22.427	2233	0	54
2021.10.04	08:00:00	22.428	22.487	22.258	22.376	2413	0	54
2021.10.04	12:00:00	22.380	22.662	22.298	22.614	5684	0	54
2021.10.04	16:00:00	22.612	22.678	22.537	22.638	2146	0	54
2021.10.04	20:00:00	22.640	22.656	22.583	22.590	627	0	0
2021.10.05	00:00:00	22.592	22.593	22.394	22.407	1667	0	54
2021.10.05	04:00:00	22.405	22.595	22.379	22.555	2196	0	54
2021.10.05	08:00:00	22.556	22.580	22.447	22.499	2056	0	54
2021.10.05	12:00:00	22.501	22.598	22.346	22.548	5219	0	54
2021.10.05	16:00:00	22.544	22.632	22.502	22.581	1472	0	54
2021.10.05	20:00:00	22.579	22.608	22.575	22.599	387	0	0
2021.10.06	00:00:00	22.597	22.597	22.443	22.472	1729	0	54
2021.10.06	04:00:00	22.470	22.472	22.325	22.358	2655	0	54
2021.10.06	08:00:00	22.357	22.363	22.186	22.318	3142	0	54
2021.10.06	12:00:00	22.320	22.550	22.283	22.497	5915	0	54
2021.10.06	16:00:00	22.499	22.655	22.457	22.626	2333	0	54
2021.10.06	20:00:00	22.622	22.655	22.589	22.636	647	0	0
2021.10.07	00:00:00	22.637	22.647	22.520	22.560	1281	0	54
2021.10.07	04:00:00	22.559	22.746	22.464	22.726	2187	0	54
2021.10.07	08:00:00	22.725	22.782	22.606	22.716	1887	0	54
2021.10.07	12:00:00	22.721	22.765	22.361	22.617	5358	0	54
2021.10.07	16:00:00	22.619	22.633	22.541	22.564	1788	0	54
2021.10.07	20:00:00	22.565	22.604	22.537	22.564	536	0	0
2021.10.08	00:00:00	22.562	22.617	22.410	22.458	3058	0	54
2021.10.08	04:00:00	22.459	22.507	22.408	22.484	2034	0	54
2021.10.08	08:00:00	22.481	22.573	22.441	22.515	1822	0	54
2021.10.08	12:00:00	22.512	23.164	22.495	22.744	6724	0	54
2021.10.08	16:00:00	22.742	22.742	22.602	22.617	1640	0	54
2021.10.08	20:00:00	22.619	22.638	22.588	22.637	167	0	54
2021.10.10	20:00:00	22.678	22.681	22.543	22.580	1208	0	0
2021.10.11	00:00:00	22.581	22.797	22.579	22.689	2413	0	54
2021.10.11	04:00:00	22.685	22.751	22.523	22.580	2994	0	0
2021.10.11	08:00:00	22.578	22.600	22.470	22.541	1945	0	54
2021.10.11	12:00:00	22.539	22.788	22.508	22.658	3559	0	54
2021.10.11	16:00:00	22.654	22.661	22.547	22.547	1183	0	54
2021.10.11	20:00:00	22.548	22.568	22.525	22.533	574	0	0
2021.10.12	00:00:00	22.528	22.623	22.446	22.581	2255	0	54
2021.10.12	04:00:00	22.585	22.696	22.535	22.535	2329	0	54
2021.10.12	08:00:00	22.534	22.643	22.505	22.580	2010	0	54
2021.10.12	12:00:00	22.572	22.743	22.319	22.539	5218	0	54
2021.10.12	16:00:00	22.542	22.577	22.468	22.577	1413	0	54
2021.10.12	20:00:00	22.578	22.578	22.509	22.514	485	0	0
2021.10.13	00:00:00	22.512	22.688	22.444	22.627	1845	0	54
2021.10.13	04:00:00	22.628	22.744	22.626	22.734	1858	0	54
2021.10.13	08:00:00	22.733	22.900	22.733	22.870	1755	0	54
2021.10.13	12:00:00	22.878	23.220	22.599	23.152	6077	0	54
2021.10.13	16:00:00	23.153	23.162	23.003	23.008	1976	0	54
2021.10.13	20:00:00	23.014	23.072	23.014	23.038	456	0	0
2021.10.14	00:00:00	23.036	23.089	22.873	22.936	1818	0	54
2021.10.14	04:00:00	22.934	23.198	22.931	23.168	1943	0	54
2021.10.14	08:00:00	23.169	23.360	23.168	23.232	2062	0	54
2021.10.14	12:00:00	23.237	23.476	23.177	23.404	4725	0	54
2021.10.14	16:00:00	23.402	23.556	23.396	23.520	1343	0	54
2021.10.14	20:00:00	23.524	23.532	23.473	23.481	465	0	0
2021.10.15	00:00:00	23.479	23.565	23.423	23.483	1927	0	54
2021.10.15	04:00:00	23.485	23.498	23.300	23.333	1930	0	54
2021.10.15	08:00:00	23.335	23.386	23.147	23.189	2357	0	54
2021.10.15	12:00:00	23.192	23.411	23.045	23.291	5369	0	54
2021.10.15	16:00:00	23.288	23.329	23.264	23.296	1132	0	54
2021.10.15	20:00:00	23.297	23.303	23.283	23.284	132	0	54
2021.10.17	20:00:00	23.314	23.359	23.277	23.320	1101	0	0
2021.10.18	00:00:00	23.321	23.429	23.266	23.307	2415	0	54
2021.10.18	04:00:00	23.305	23.341	23.145	23.314	2762	0	54
2021.10.18	08:00:00	23.313	23.380	23.175	23.202	2389	0	54
2021.10.18	12:00:00	23.204	23.342	22.987	23.212	5287	0	54
2021.10.18	16:00:00	23.214	23.238	23.164	23.167	932	0	54
2021.10.18	20:00:00	23.175	23.186	23.161	23.169	329	0	0
2021.10.19	00:00:00	23.165	23.492	23.165	23.440	2221	0	54
2021.10.19	04:00:00	23.441	23.753	23.426	23.706	2570	0	54
2021.10.19	08:00:00	23.698	23.778	23.634	23.772	2416	0	54
2021.10.19	12:00:00	23.770	24.095	23.768	23.831	5766	0	54
2021.10.19	16:00:00	23.833	23.845	23.586	23.633	1459	0	54
2021.10.19	20:00:00	23.631	23.664	23.606	23.614	501	0	54
2021.10.20	00:00:00	23.613	23.767	23.547	23.756	2332	0	54
2021.10.20	04:00:00	23.759	23.907	23.726	23.837	2200	0	54
2021.10.20	08:00:00	23.832	23.955	23.823	23.862	1675	0	54
2021.10.20	12:00:00	23.864	24.330	23.864	24.280	5064	0	54
2021.10.20	16:00:00	24.279	24.394	24.275	24.313	2053	0	54
2021.10.20	20:00:00	24.317	24.324	24.255	24.262	591	0	54
2021.10.21	00:00:00	24.263	24.428	24.263	24.387	2590	0	0
2021.10.21	04:00:00	24.388	24.459	24.078	24.190	3178	0	54
2021.10.21	08:00:00	24.191	24.287	24.036	24.079	2369	0	54
2021.10.21	12:00:00	24.074	24.282	24.036	24.133	5578	0	54
2021.10.21	16:00:00	24.135	24.144	23.982	24.138	1375	0	54
2021.10.21	20:00:00	24.139	24.165	24.110	24.127	474	0	54
2021.10.22	00:00:00	24.129	24.214	24.097	24.162	2275	0	54
2021.10.22	04:00:00	24.159	24.327	24.103	24.322	2416	0	54
2021.10.22	08:00:00	24.321	24.352	24.266	24.272	1948	0	54
2021.10.22	12:00:00	24.276	24.800	24.168	24.224	6620	0	54
2021.10.22	16:00:00	24.226	24.429	24.168	24.306	2759	0	54
2021.10.22	20:00:00	24.307	24.309	24.273	24.299	136	0	54
2021.10.24	20:00:00	24.307	24.378	24.300	24.362	514	0	54
2021.10.25	00:00:00	24.371	24.469	24.279	24.464	2786	0	54
2021.10.25	04:00:00	24.462	24.524	24.356	24.434	2463	0	54
2021.10.25	08:00:00	24.437	24.493	24.336	24.397	2154	0	54
2021.10.25	12:00:00	24.396	24.594	24.333	24.503	4610	0	54
2021.10.25	16:00:00	24.505	24.556	24.475	24.533	906	0	54
2021.10.25	20:00:00	24.529	24.548	24.494	24.529	321	0	54
2021.10.26	00:00:00	24.527	24.531	24.365	24.382	2038	0	54
2021.10.26	04:00:00	24.384	24.457	24.237	24.240	2288	0	54
2021.10.26	08:00:00	24.235	24.386	24.215	24.351	1818	0	54
2021.10.26	12:00:00	24.355	24.417	23.852	23.991	5817	0	54
2021.10.26	16:00:00	23.994	24.154	23.985	24.133	1508	0	54
2021.10.26	20:00:00	24.136	24.145	24.104	24.120	433	0	54
2021.10.27	00:00:00	24.122	24.172	23.940	24.010	2410	0	54
2021.10.27	04:00:00	24.009	24.067	23.874	23.944	2217	0	54
2021.10.27	08:00:00	23.943	23.989	23.810	23.964	2040	0	54
2021.10.27	12:00:00	23.966	24.228	23.925	24.072	5304	0	54
2021.10.27	16:00:00	24.076	24.157	24.014	24.060	1829	0	54
2021.10.27	20:00:00	24.061	24.061	24.006	24.014	432	0	54
2021.10.28	00:00:00	24.013	24.079	23.950	23.997	2629	0	54
2021.10.28	04:00:00	23.995	24.128	23.989	24.097	2454	0	54
2021.10.28	08:00:00	24.098	24.143	23.994	24.077	2043	0	54
2021.10.28	12:00:00	24.074	24.220	23.936	24.061	6359	0	54
2021.10.28	16:00:00	24.063	24.088	24.001	24.031	1413	0	54
2021.10.28	20:00:00	24.033	24.063	24.022	24.039	626	0	54
2021.10.29	00:00:00	24.037	24.054	23.899	23.933	2456	0	54
2021.10.29	04:00:00	23.931	23.962	23.754	23.879	2518	0	54
2021.10.29	08:00:00	23.880	24.038	23.827	23.907	1993	0	54
2021.10.29	12:00:00	23.909	23.921	23.633	23.882	6418	0	54
2021.10.29	16:00:00	23.884	23.903	23.825	23.859	1747	0	54
2021.10.29	20:00:00	23.856	23.886	23.847	23.862	124	0	54
2021.10.31	20:00:00	23.829	23.832	23.721	23.750	414	0	54
2021.11.01	00:00:00	23.752	23.857	23.751	23.794	2003	0	54
2021.11.01	04:00:00	23.795	23.909	23.759	23.759	1866	0	54
2021.11.01	08:00:00	23.757	23.868	23.724	23.836	2030	0	54
2021.11.01	12:00:00	23.835	24.071	23.821	23.966	4399	0	54
2021.11.01	16:00:00	23.965	24.035	23.914	23.985	1151	0	54
2021.11.01	20:00:00	23.987	24.022	23.978	23.996	328	0	54
2021.11.02	00:00:00	23.998	24.018	23.890	23.909	1648	0	54
2021.11.02	04:00:00	23.906	24.040	23.902	23.983	1719	0	54
2021.11.02	08:00:00	23.981	23.993	23.818	23.826	2119	0	54
2021.11.02	12:00:00	23.830	23.894	23.365	23.414	4956	0	54
2021.11.02	16:00:00	23.412	23.528	23.364	23.528	1109	0	54
2021.11.02	20:00:00	23.525	23.529	23.484	23.499	251	0	54
2021.11.03	00:00:00	23.501	23.539	23.372	23.434	2071	0	54
2021.11.03	04:00:00	23.432	23.488	23.361	23.456	1806	0	54
2021.11.03	08:00:00	23.458	23.596	23.446	23.541	1629	0	54
2021.11.03	12:00:00	23.533	23.594	22.996	23.212	5295	0	54
2021.11.03	16:00:00	23.208	23.561	23.107	23.534	4085	0	54
2021.11.03	20:00:00	23.535	23.696	23.486	23.695	769	0	54
2021.11.04	00:00:00	23.696	23.697	23.481	23.539	1867	0	54
2021.11.04	04:00:00	23.537	23.554	23.416	23.541	1658	0	54
2021.11.04	08:00:00	23.540	23.773	23.479	23.710	2520	0	54
2021.11.04	12:00:00	23.718	24.016	23.675	23.813	5581	0	54
2021.11.04	16:00:00	23.815	23.877	23.720	23.757	1562	0	54
2021.11.04	20:00:00	23.753	23.773	23.734	23.750	429	0	54
2021.11.05	00:00:00	23.747	23.854	23.738	23.806	1847	0	54
2021.11.05	04:00:00	23.807	23.877	23.794	23.811	1890	0	54
2021.11.05	08:00:00	23.819	23.917	23.710	23.792	2304	0	54
2021.11.05	12:00:00	23.790	24.101	23.598	23.999	6377	0	54
2021.11.05	16:00:00	24.002	24.128	23.972	24.109	1820	0	54
2021.11.05	20:00:00	24.107	24.140	24.096	24.130	121	0	54
2021.11.07	20:00:00	24.123	24.152	24.103	24.103	327	0	54
2021.11.08	00:00:00	24.105	24.276	24.031	24.214	2538	0	54
2021.11.08	04:00:00	24.213	24.288	24.132	24.173	1921	0	54
2021.11.08	08:00:00	24.176	24.232	24.100	24.189	1824	0	54
2021.11.08	12:00:00	24.187	24.414	24.187	24.329	4395	0	54
2021.11.08	16:00:00	24.326	24.487	24.283	24.475	1273	0	54
2021.11.08	20:00:00	24.476	24.482	24.415	24.422	487	0	54
2021.11.09	00:00:00	24.421	24.450	24.333	24.351	1888	0	54
2021.11.09	04:00:00	24.350	24.423	24.254	24.271	1458	0	54
2021.11.09	08:00:00	24.272	24.428	24.267	24.336	1904	0	54
2021.11.09	12:00:00	24.340	24.428	24.001	24.141	4961	0	54
2021.11.09	16:00:00	24.142	24.290	24.061	24.283	1867	0	54
2021.11.09	20:00:00	24.284	24.310	24.257	24.282	564	0	54
2021.11.10	00:00:00	24.280	24.336	24.208	24.321	1577	0	54
2021.11.10	04:00:00	24.320	24.322	24.229	24.256	1596	0	54
2021.11.10	08:00:00	24.251	24.314	24.102	24.109	1790	0	54
2021.11.10	12:00:00	24.108	25.102	24.034	24.939	6238	0	54
2021.11.10	16:00:00	24.948	25.090	24.517	24.525	3955	0	54
2021.11.10	20:00:00	24.528	24.676	24.495	24.621	1111	0	54
2021.11.11	00:00:00	24.620	24.792	24.565	24.709	2646	0	54
2021.11.11	04:00:00	24.708	24.936	24.683	24.932	2620	0	54
2021.11.11	08:00:00	24.933	25.070	24.835	25.014	2178	0	54
2021.11.11	12:00:00	25.012	25.183	24.813	25.168	4880	0	54
2021.11.11	16:00:00	25.167	25.230	25.111	25.201	1332	0	54
2021.11.11	20:00:00	25.197	25.239	25.172	25.219	511	0	54
2021.11.12	00:00:00	25.216	25.254	25.043	25.077	1745	0	54
2021.11.12	04:00:00	25.079	25.254	25.079	25.164	1705	0	54
2021.11.12	08:00:00	25.163	25.186	24.826	24.928	2668	0	54
2021.11.12	12:00:00	24.919	25.357	24.919	25.189	4927	0	54
2021.11.12	16:00:00	25.188	25.338	25.167	25.245	1863	0	54
2021.11.12	20:00:00	25.248	25.281	25.227	25.279	329	0	54
2021.11.14	20:00:00	25.282	25.356	25.276	25.312	306	0	54
2021.11.15	00:00:00	25.313	25.334	24.889	24.921	2812	0	54
2021.11.15	04:00:00	24.924	25.187	24.919	25.149	1470	0	54
2021.11.15	08:00:00	25.153	25.214	25.132	25.211	1438	0	54
2021.11.15	12:00:00	25.203	25.228	24.884	25.012	4085	0	54
2021.11.15	16:00:00	25.011	25.154	24.962	25.136	1601	0	54
2021.11.15	20:00:00	25.137	25.141	25.022	25.040	783	0	54
2021.11.16	00:00:00	25.038	25.180	25.018	25.149	2041	0	54
2021.11.16	04:00:00	25.148	25.150	24.993	25.047	2097	0	54
2021.11.16	08:00:00	25.048	25.209	25.044	25.189	2400	0	54
2021.11.16	12:00:00	25.181	25.377	24.897	25.011	5473	0	54
2021.11.16	16:00:00	25.012	25.018	24.743	24.803	2287	0	54
2021.11.16	20:00:00	24.801	24.819	24.770	24.808	703	0	54
2021.11.17	00:00:00	24.810	24.974	24.788	24.908	2205	0	54
2021.11.17	04:00:00	24.910	25.032	24.879	25.008	1588	0	54
2021.11.17	08:00:00	25.007	25.085	25.000	25.061	1948	0	54
2021.11.17	12:00:00	25.060	25.180	25.009	25.058	3986	0	54
2021.11.17	16:00:00	25.060	25.095	24.933	24.954	2258	0	54
2021.11.17	20:00:00	24.951	25.063	24.935	25.035	598	0	54
2021.11.18	00:00:00	25.036	25.132	24.884	24.970	2579	0	54
2021.11.18	04:00:00	24.968	25.132	24.935	25.121	2083	0	54
2021.11.18	08:00:00	25.116	25.125	24.914	24.937	2136	0	54
2021.11.18	12:00:00	24.939	25.050	24.655	24.822	4771	0	54
2021.11.18	16:00:00	24.817	24.942	24.790	24.807	1605	0	54
2021.11.18	20:00:00	24.806	24.807	24.756	24.800	540	0	54
2021.11.19	00:00:00	24.798	24.908	24.743	24.899	1649	0	54
2021.11.19	04:00:00	24.895	24.909	24.765	24.771	1252	0	54
2021.11.19	08:00:00	24.772	24.860	24.696	24.725	3260	0	54
2021.11.19	12:00:00	24.734	24.955	24.626	24.877	5411	0	54
2021.11.19	16:00:00	24.875	24.886	24.531	24.633	3067	0	54
2021.11.19	20:00:00	24.628	24.632	24.555	24.604	505	0	54
2021.11.21	20:00:00	24.577	24.629	24.557	24.587	517	0	54
2021.11.22	00:00:00	24.591	24.693	24.575	24.684	1991	0	54
2021.11.22	04:00:00	24.685	24.815	24.664	24.788	1406	0	54
2021.11.22	08:00:00	24.785	24.859	24.648	24.663	2193	0	54
2021.11.22	12:00:00	24.665	24.802	24.279	24.534	5447	0	54
2021.11.22	16:00:00	24.536	24.583	24.078	24.122	3292	0	54
2021.11.22	20:00:00	24.121	24.229	24.107	24.216	1087	0	54
2021.11.23	00:00:00	24.215	24.297	24.211	24.272	1821	0	54
2021.11.23	04:00:00	24.271	24.285	23.952	24.043	2395	0	54
2021.11.23	08:00:00	24.038	24.062	23.721	23.753	3472	0	54
2021.11.23	12:00:00	23.754	23.832	23.307	23.344	6086	0	54
2021.11.23	16:00:00	23.341	23.582	23.251	23.551	2769	0	54
2021.11.23	20:00:00	23.550	23.669	23.545	23.635	958	0	54
2021.11.24	00:00:00	23.638	23.653	23.454	23.515	1940	0	54
2021.11.24	04:00:00	23.516	23.618	23.507	23.602	1757	0	54
2021.11.24	08:00:00	23.598	23.662	23.449	23.458	2418	0	54
2021.11.24	12:00:00	23.456	23.578	23.374	23.469	5183	0	54
2021.11.24	16:00:00	23.470	23.529	23.401	23.445	2176	0	54
2021.11.24	20:00:00	23.442	23.563	23.442	23.541	891	0	54
2021.11.25	00:00:00	23.544	23.700	23.538	23.606	1693	0	54
2021.11.25	04:00:00	23.608	23.668	23.565	23.613	1105	0	54
2021.11.25	08:00:00	23.604	23.662	23.552	23.600	1384	0	54
2021.11.25	12:00:00	23.601	23.656	23.534	23.567	1824	0	54
2021.11.25	16:00:00	23.571	23.638	23.558	23.563	564	0	54
2021.11.25	20:00:00	23.607	23.607	23.540	23.553	290	0	54
2021.11.26	00:00:00	23.546	23.620	23.493	23.561	2172	0	54
2021.11.26	04:00:00	23.565	23.702	23.501	23.699	2024	0	54
2021.11.26	08:00:00	23.694	23.695	23.271	23.580	4638	0	54
2021.11.26	12:00:00	23.579	23.647	23.192	23.220	5208	0	54
2021.11.26	16:00:00	23.222	23.224	22.894	23.014	2491	0	54
2021.11.28	20:00:00	23.129	23.300	23.046	23.297	798	0	54
2021.11.29	00:00:00	23.299	23.416	23.177	23.395	2267	0	54
2021.11.29	04:00:00	23.393	23.395	23.310	23.343	1820	0	54
2021.11.29	08:00:00	23.335	23.359	23.199	23.201	2483	0	54
2021.11.29	12:00:00	23.206	23.251	22.900	22.912	4628	0	54
2021.11.29	16:00:00	22.915	22.937	22.731	22.768	2560	0	54
2021.11.29	20:00:00	22.769	22.923	22.769	22.916	934	0	54
2021.11.30	00:00:00	22.913	22.963	22.798	22.908	1443	0	54
2021.11.30	04:00:00	22.906	22.946	22.742	22.880	2446	0	54
2021.11.30	08:00:00	22.879	22.942	22.753	22.784	2930	0	54
2021.11.30	12:00:00	22.789	23.285	22.734	22.806	5396	0	54
2021.11.30	16:00:00	22.811	22.876	22.669	22.823	4593	0	54
2021.11.30	20:00:00	22.828	22.848	22.745	22.777	1328	0	54
2021.12.01	00:00:00	22.779	22.873	22.610	22.815	2305	0	54
2021.12.01	04:00:00	22.816	23.006	22.804	22.918	2374	0	54
2021.12.01	08:00:00	22.916	22.916	22.713	22.833	2584	0	54
2021.12.01	12:00:00	22.828	22.921	22.587	22.615	5059	0	54
2021.12.01	16:00:00	22.619	22.640	22.248	22.295	4051	0	54
2021.12.01	20:00:00	22.301	22.364	22.162	22.355	1575	0	54
2021.12.02	00:00:00	22.356	22.465	22.316	22.377	2093	0	54
2021.12.02	04:00:00	22.376	22.443	22.313	22.331	1707	0	54
2021.12.02	08:00:00	22.333	22.384	22.246	22.367	2287	0	54
2021.12.02	12:00:00	22.371	22.480	22.191	22.308	5049	0	54
2021.12.02	16:00:00	22.306	22.378	22.265	22.356	2676	0	54
2021.12.02	20:00:00	22.357	22.426	22.348	22.361	913	0	54
2021.12.03	00:00:00	22.359	22.398	22.306	22.379	1765	0	54
2021.12.03	04:00:00	22.378	22.495	22.319	22.350	1617	0	54
2021.12.03	08:00:00	22.347	22.353	22.260	22.306	1919	0	54
2021.12.03	12:00:00	22.308	22.561	22.013	22.124	5595	0	54
2021.12.03	16:00:00	22.120	22.529	22.100	22.485	2992	0	54
2021.12.03	20:00:00	22.482	22.532	22.472	22.521	709	0	54
2021.12.05	20:00:00	22.507	22.566	22.468	22.560	324	0	54
2021.12.06	00:00:00	22.559	22.576	22.466	22.493	1970	0	54
2021.12.06	04:00:00	22.492	22.493	22.354	22.360	1618	0	54
2021.12.06	08:00:00	22.353	22.377	22.274	22.324	2252	0	54
2021.12.06	12:00:00	22.329	22.361	22.101	22.217	3707	0	54
2021.12.06	16:00:00	22.219	22.332	22.202	22.280	1360	0	54
2021.12.06	20:00:00	22.279	22.402	22.275	22.368	617	0	54
2021.12.07	00:00:00	22.367	22.372	22.250	22.260	1377	0	54
2021.12.07	04:00:00	22.259	22.450	22.258	22.403	1441	0	54
2021.12.07	08:00:00	22.406	22.421	22.312	22.394	1674	0	54
2021.12.07	12:00:00	22.392	22.445	22.208	22.408	3549	0	54
2021.12.07	16:00:00	22.407	22.573	22.404	22.495	1460	0	54
2021.12.07	20:00:00	22.492	22.518	22.466	22.489	507	0	54
2021.12.08	00:00:00	22.491	22.538	22.445	22.477	1531	0	54
2021.12.08	04:00:00	22.475	22.524	22.390	22.463	1094	0	54
2021.12.08	08:00:00	22.454	22.462	22.313	22.398	2102	0	54
2021.12.08	12:00:00	22.397	22.441	22.282	22.371	3593	0	54
2021.12.08	16:00:00	22.374	22.455	22.346	22.439	1286	0	54
2021.12.08	20:00:00	22.441	22.458	22.387	22.426	496	0	54
2021.12.09	00:00:00	22.423	22.439	22.311	22.386	1266	0	54
2021.12.09	04:00:00	22.387	22.450	22.275	22.323	1267	0	54
2021.12.09	08:00:00	22.324	22.334	22.221	22.221	1967	0	54
2021.12.09	12:00:00	22.212	22.234	21.840	22.004	4565	0	52
2021.12.09	16:00:00	22.010	22.067	21.942	21.955	1601	0	54
2021.12.09	20:00:00	21.957	21.968	21.923	21.964	449	0	54
2021.12.10	00:00:00	21.962	22.013	21.927	21.991	1228	0	54
2021.12.10	04:00:00	21.988	21.992	21.804	21.829	1463	0	54
2021.12.10	08:00:00	21.832	21.893	21.805	21.877	1133	0	52
2021.12.10	12:00:00	21.872	22.204	21.836	22.116	3875	0	52
2021.12.10	16:00:00	22.119	22.171	22.105	22.151	1125	0	52
2021.12.10	20:00:00	22.150	22.167	22.136	22.167	183	0	52
2021.12.12	20:00:00	22.193	22.227	22.193	22.198	205	0	54
2021.12.13	00:00:00	22.197	22.304	22.163	22.229	1567	0	54
2021.12.13	04:00:00	22.232	22.257	22.181	22.215	1015	0	54
2021.12.13	08:00:00	22.224	22.250	22.122	22.196	1382	0	54
2021.12.13	12:00:00	22.202	22.393	22.185	22.269	3238	0	54
2021.12.13	16:00:00	22.267	22.317	22.241	22.309	1153	0	54
2021.12.13	20:00:00	22.311	22.320	22.273	22.279	427	0	54
2021.12.14	00:00:00	22.281	22.312	22.173	22.208	1326	0	54
2021.12.14	04:00:00	22.207	22.281	22.187	22.214	1199	0	54
2021.12.14	08:00:00	22.206	22.256	22.115	22.144	1496	0	52
2021.12.14	12:00:00	22.146	22.164	21.668	21.933	4526	0	52
2021.12.14	16:00:00	21.933	21.957	21.849	21.935	1331	0	52
2021.12.14	20:00:00	21.937	21.946	21.907	21.942	443	0	52
2021.12.15	00:00:00	21.944	22.040	21.864	21.874	1575	0	54
2021.12.15	04:00:00	21.876	21.935	21.820	21.886	1453	0	52
2021.12.15	08:00:00	21.888	21.921	21.723	21.777	1656	0	52
2021.12.15	12:00:00	21.768	21.902	21.462	21.475	3823	0	32
2021.12.15	16:00:00	21.468	21.872	21.403	21.844	3524	0	32
2021.12.15	20:00:00	21.843	22.106	21.812	22.059	2086	0	54
2021.12.16	00:00:00	22.061	22.156	21.890	22.101	2411	0	52
2021.12.16	04:00:00	22.102	22.195	22.099	22.142	1203	0	52
2021.12.16	08:00:00	22.146	22.232	22.111	22.229	1288	0	52
2021.12.16	12:00:00	22.228	22.503	22.105	22.492	4579	0	52
2021.12.16	16:00:00	22.491	22.510	22.354	22.379	1593	0	54
2021.12.16	20:00:00	22.377	22.460	22.375	22.432	721	0	54
2021.12.17	00:00:00	22.436	22.526	22.395	22.414	1773	0	54
2021.12.17	04:00:00	22.412	22.599	22.390	22.595	1478	0	54
2021.12.17	08:00:00	22.603	22.648	22.532	22.628	1561	0	54
2021.12.17	12:00:00	22.630	22.652	22.417	22.506	3545	0	54
2021.12.17	16:00:00	22.508	22.523	22.446	22.449	1580	0	54
2021.12.17	20:00:00	22.448	22.452	22.333	22.337	531	0	54
2021.12.19	20:00:00	22.376	22.383	22.327	22.332	290	0	54
2021.12.20	00:00:00	22.336	22.421	22.317	22.357	1627	0	54
2021.12.20	04:00:00	22.356	22.386	22.285	22.297	1268	0	54
2021.12.20	08:00:00	22.300	22.362	22.253	22.282	1392	0	52
2021.12.20	12:00:00	22.279	22.302	22.169	22.214	2920	0	52
2021.12.20	16:00:00	22.216	22.309	22.211	22.233	1271	0	52
2021.12.20	20:00:00	22.231	22.267	22.212	22.230	601	0	54
2021.12.21	00:00:00	22.232	22.252	22.155	22.239	1037	0	54
2021.12.21	04:00:00	22.242	22.429	22.222	22.417	1375	0	54
2021.12.21	08:00:00	22.418	22.738	22.403	22.707	1793	0	54
2021.12.21	12:00:00	22.703	22.763	22.403	22.415	3483	0	54
2021.12.21	16:00:00	22.411	22.509	22.411	22.484	1459	0	54
2021.12.21	20:00:00	22.483	22.520	22.440	22.475	489	0	54
2021.12.22	00:00:00	22.476	22.543	22.438	22.492	1212	0	54
2021.12.22	04:00:00	22.490	22.524	22.417	22.437	1202	0	54
2021.12.22	08:00:00	22.442	22.639	22.430	22.629	1437	0	54
2021.12.22	12:00:00	22.632	22.685	22.530	22.681	2543	0	54
2021.12.22	16:00:00	22.682	22.801	22.682	22.788	1459	0	54
2021.12.22	20:00:00	22.787	22.807	22.750	22.751	472	0	54
2021.12.23	00:00:00	22.750	22.837	22.721	22.805	1391	0	54
2021.12.23	04:00:00	22.803	22.875	22.773	22.837	1183	0	54
2021.12.23	08:00:00	22.843	22.861	22.790	22.847	1257	0	54
2021.12.23	12:00:00	22.849	22.906	22.631	22.862	3012	0	54
2021.12.23	16:00:00	22.860	22.907	22.846	22.866	867	0	54
2021.12.23	20:00:00	22.867	22.884	22.847	22.853	262	0	54
2021.12.26	20:00:00	22.773	22.837	22.765	22.823	200	0	45
2021.12.27	00:00:00	22.826	22.966	22.753	22.805	1695	0	54
2021.12.27	04:00:00	22.800	22.802	22.656	22.704	1027	0	54
2021.12.27	08:00:00	22.702	22.757	22.655	22.698	800	0	54
2021.12.27	12:00:00	22.694	23.064	22.624	23.059	2902	0	54
2021.12.27	16:00:00	23.060	23.088	22.909	23.021	1186	0	54
2021.12.27	20:00:00	23.019	23.051	22.997	23.024	345	0	54
2021.12.28	00:00:00	23.028	23.028	22.940	22.961	1074	0	54
2021.12.28	04:00:00	22.959	23.105	22.957	23.027	1105	0	54
2021.12.28	08:00:00	23.023	23.186	22.996	23.179	894	0	54
2021.12.28	12:00:00	23.178	23.409	23.030	23.034	3216	0	54
2021.12.28	16:00:00	23.030	23.114	22.967	23.000	1359	0	54
2021.12.28	20:00:00	22.998	23.006	22.974	22.985	437	0	54
2021.12.29	00:00:00	22.982	23.021	22.931	23.019	1206	0	54
2021.12.29	04:00:00	23.021	23.106	23.011	23.099	862	0	54
2021.12.29	08:00:00	23.108	23.132	22.800	22.830	1754	0	54
2021.12.29	12:00:00	22.829	22.840	22.567	22.774	3901	0	54
2021.12.29	16:00:00	22.776	22.843	22.756	22.820	1282	0	54
2021.12.29	20:00:00	22.816	22.821	22.790	22.798	320	0	54
2021.12.30	00:00:00	22.801	22.820	22.690	22.692	1106	0	54
2021.12.30	04:00:00	22.691	22.697	22.576	22.597	1204	0	54
2021.12.30	08:00:00	22.603	22.767	22.582	22.762	1182	0	54
2021.12.30	12:00:00	22.763	23.088	22.720	22.957	3105	0	54
2021.12.30	16:00:00	22.958	23.059	22.953	23.044	1216	0	54
2021.12.30	20:00:00	23.037	23.085	23.003	23.047	447	0	54
2021.12.31	00:00:00	23.049	23.131	23.015	23.066	1381	0	54
2021.12.31	04:00:00	23.067	23.139	23.053	23.116	1010	0	54
2021.12.31	08:00:00	23.119	23.182	23.087	23.150	1178	0	54
2021.12.31	12:00:00	23.149	23.305	23.027	23.160	3149	0	54
2021.12.31	16:00:00	23.163	23.313	23.140	23.248	1679	0	54
2022.01.02	20:00:00	23.317	23.380	23.259	23.264	274	0	54
2022.01.03	00:00:00	23.265	23.273	23.109	23.167	1263	0	54
2022.01.03	04:00:00	23.166	23.177	23.051	23.130	955	0	54
2022.01.03	08:00:00	23.121	23.277	23.087	23.208	1408	0	54
2022.01.03	12:00:00	23.211	23.211	22.650	22.830	4911	0	54
2022.01.03	16:00:00	22.833	22.881	22.722	22.868	1920	0	54
2022.01.03	20:00:00	22.866	22.906	22.836	22.893	527	0	54
2022.01.04	00:00:00	22.891	23.000	22.681	22.733	2346	0	54
2022.01.04	04:00:00	22.735	22.855	22.715	22.821	1405	0	54
2022.01.04	08:00:00	22.826	22.855	22.745	22.771	1712	0	54
2022.01.04	12:00:00	22.767	23.076	22.617	23.017	4532	0	54
2022.01.04	16:00:00	23.021	23.037	22.923	23.025	1504	0	54
2022.01.04	20:00:00	23.027	23.049	23.012	23.031	365	0	54
2022.01.05	00:00:00	23.032	23.046	22.936	22.950	1099	0	54
2022.01.05	04:00:00	22.946	22.961	22.834	22.858	1228	0	54
2022.01.05	08:00:00	22.864	23.077	22.858	23.028	1617	0	54
2022.01.05	12:00:00	23.024	23.230	22.977	23.076	3895	0	54
2022.01.05	16:00:00	23.078	23.132	22.790	22.808	2482	0	54
2022.01.05	20:00:00	22.810	22.823	22.702	22.754	1118	0	54
2022.01.06	00:00:00	22.752	22.806	22.631	22.642	1760	0	54
2022.01.06	04:00:00	22.643	22.674	22.417	22.451	1937	0	54
2022.01.06	08:00:00	22.442	22.461	22.117	22.218	3180	0	52
2022.01.06	12:00:00	22.210	22.277	21.980	22.049	5561	0	52
2022.01.06	16:00:00	22.048	22.213	22.016	22.162	2223	0	52
2022.01.06	20:00:00	22.161	22.184	22.124	22.166	590	0	52
2022.01.07	00:00:00	22.168	22.193	22.083	22.133	1468	0	54
2022.01.07	04:00:00	22.135	22.140	21.986	22.073	1281	0	52
2022.01.07	08:00:00	22.070	22.203	22.049	22.183	1318	0	52
2022.01.07	12:00:00	22.178	22.242	21.931	22.066	5186	0	52
2022.01.07	16:00:00	22.068	22.413	22.068	22.330	2353	0	52
2022.01.07	20:00:00	22.332	22.361	22.275	22.347	453	0	54
2022.01.09	20:00:00	22.334	22.374	22.311	22.339	283	0	54
2022.01.10	00:00:00	22.337	22.392	22.207	22.214	2012	0	54
2022.01.10	04:00:00	22.213	22.332	22.168	22.258	1222	0	54
2022.01.10	08:00:00	22.261	22.477	22.238	22.428	2127	0	54
2022.01.10	12:00:00	22.422	22.440	22.221	22.356	4345	0	54
2022.01.10	16:00:00	22.351	22.494	22.327	22.436	2175	0	52
2022.01.10	20:00:00	22.434	22.469	22.383	22.465	820	0	54
2022.01.11	00:00:00	22.464	22.550	22.453	22.521	1325	0	54
2022.01.11	04:00:00	22.523	22.630	22.478	22.625	1812	0	54
2022.01.11	08:00:00	22.628	22.654	22.484	22.567	1538	0	54
2022.01.11	12:00:00	22.562	22.646	22.438	22.588	3789	0	54
2022.01.11	16:00:00	22.587	22.763	22.571	22.740	2090	0	54
2022.01.11	20:00:00	22.744	22.781	22.726	22.727	594	0	54
2022.01.12	00:00:00	22.725	22.769	22.680	22.726	1469	0	54
2022.01.12	04:00:00	22.725	22.825	22.666	22.693	1220	0	54
2022.01.12	08:00:00	22.695	22.769	22.622	22.723	1387	0	54
2022.01.12	12:00:00	22.718	23.070	22.684	23.053	4629	0	54
2022.01.12	16:00:00	23.047	23.196	22.984	23.188	1843	0	54
2022.01.12	20:00:00	23.189	23.190	23.093	23.100	514	0	54
2022.01.13	00:00:00	23.103	23.192	23.087	23.136	1299	0	54
2022.01.13	04:00:00	23.134	23.197	23.040	23.116	1299	0	54
2022.01.13	08:00:00	23.120	23.219	23.044	23.202	1437	0	54
2022.01.13	12:00:00	23.196	23.245	22.973	23.015	4124	0	54
2022.01.13	16:00:00	23.011	23.149	22.975	23.078	2246	0	54
2022.01.13	20:00:00	23.074	23.083	23.028	23.032	531	0	54
2022.01.14	00:00:00	23.031	23.125	23.009	23.124	1655	0	54
2022.01.14	04:00:00	23.122	23.206	23.118	23.192	1139	0	54
2022.01.14	08:00:00	23.186	23.285	23.043	23.084	1562	0	54
2022.01.14	12:00:00	23.079	23.109	22.841	22.932	4576	0	54
2022.01.14	16:00:00	22.937	22.948	22.801	22.902	2158	0	54
2022.01.14	20:00:00	22.905	22.963	22.878	22.934	414	0	54
2022.01.16	20:00:00	22.897	22.923	22.889	22.921	252	0	54
2022.01.17	00:00:00	22.922	22.960	22.808	22.956	1518	0	54
2022.01.17	04:00:00	22.957	23.047	22.940	23.044	957	0	54
2022.01.17	08:00:00	23.048	23.089	23.000	23.039	946	0	54
2022.01.17	12:00:00	23.032	23.034	22.909	22.974	1578	0	54
2022.01.17	16:00:00	22.971	22.996	22.930	22.948	365	0	51
2022.01.17	20:00:00	22.987	23.000	22.962	22.999	127	0	45
2022.01.18	00:00:00	23.000	23.083	22.841	22.856	1408	0	44
2022.01.18	04:00:00	22.859	22.980	22.847	22.962	1502	0	54
2022.01.18	08:00:00	22.964	22.992	22.781	22.887	1500	0	54
2022.01.18	12:00:00	22.891	23.559	22.811	23.551	5289	0	54
2022.01.18	16:00:00	23.553	23.612	23.329	23.528	2481	0	54
2022.01.18	20:00:00	23.527	23.556	23.432	23.446	751	0	54
2022.01.19	00:00:00	23.447	23.462	23.384	23.404	1371	0	54
2022.01.19	04:00:00	23.400	23.611	23.364	23.529	1430	0	54
2022.01.19	08:00:00	23.527	23.802	23.525	23.749	1876	0	54
2022.01.19	12:00:00	23.740	23.977	23.666	23.970	4533	0	54
2022.01.19	16:00:00	23.971	24.184	23.946	24.165	2771	0	54
2022.01.19	20:00:00	24.167	24.173	24.061	24.067	747	0	54
2022.01.20	00:00:00	24.074	24.161	24.052	24.151	2002	0	54
2022.01.20	04:00:00	24.154	24.235	24.057	24.080	1670	0	54
2022.01.20	08:00:00	24.089	24.232	24.071	24.192	1711	0	54
2022.01.20	12:00:00	24.194	24.608	24.098	24.605	4657	0	54
2022.01.20	16:00:00	24.602	24.676	24.425	24.533	2274	0	54
2022.01.20	20:00:00	24.537	24.551	24.297	24.359	1200	0	54
2022.01.21	00:00:00	24.357	24.437	24.250	24.412	2541	0	54
2022.01.21	04:00:00	24.410	24.535	24.383	24.461	1664	0	54
2022.01.21	08:00:00	24.459	24.483	24.261	24.306	2323	0	54
2022.01.21	12:00:00	24.303	24.553	24.274	24.347	5128	0	54
2022.01.21	16:00:00	24.352	24.376	24.205	24.277	3248	0	54
2022.01.21	20:00:00	24.275	24.277	24.143	24.270	969	0	54
2022.01.23	20:00:00	24.188	24.286	24.184	24.262	404	0	54
2022.01.24	00:00:00	24.264	24.264	24.109	24.152	1976	0	54
2022.01.24	04:00:00	24.150	24.194	24.067	24.094	1441	0	54
2022.01.24	08:00:00	24.096	24.241	23.976	24.027	2383	0	54
2022.01.24	12:00:00	24.033	24.083	23.538	23.656	5658	0	54
2022.01.24	16:00:00	23.658	23.884	23.598	23.800	4412	0	54
2022.01.24	20:00:00	23.796	23.991	23.782	23.925	1362	0	54
2022.01.25	00:00:00	23.924	23.927	23.716	23.807	1912	0	54
2022.01.25	04:00:00	23.808	23.828	23.723	23.751	1579	0	54
2022.01.25	08:00:00	23.756	23.797	23.610	23.636	2398	0	54
2022.01.25	12:00:00	23.635	23.925	23.575	23.726	4765	0	54
2022.01.25	16:00:00	23.728	23.945	23.684	23.913	3158	0	54
2022.01.25	20:00:00	23.914	23.919	23.777	23.869	1113	0	54
2022.01.26	00:00:00	23.865	23.865	23.688	23.710	1178	0	54
2022.01.26	04:00:00	23.708	23.746	23.650	23.661	1014	0	54
2022.01.26	08:00:00	23.663	23.914	23.659	23.834	1853	0	54
2022.01.26	12:00:00	23.833	23.950	23.558	23.742	4983	0	54
2022.01.26	16:00:00	23.748	23.901	23.498	23.609	4666	0	54
2022.01.26	20:00:00	23.605	23.605	23.410	23.566	2607	0	54
2022.01.27	00:00:00	23.564	23.564	23.239	23.289	2552	0	54
2022.01.27	04:00:00	23.290	23.332	23.067	23.087	2524	0	54
2022.01.27	08:00:00	23.083	23.332	23.064	23.150	2868	0	54
2022.01.27	12:00:00	23.153	23.211	22.554	22.558	6260	0	54
2022.01.27	16:00:00	22.555	22.725	22.553	22.611	4064	0	54
2022.01.27	20:00:00	22.617	22.780	22.604	22.718	1305	0	54
2022.01.28	00:00:00	22.716	22.766	22.641	22.734	1833	0	54
2022.01.28	04:00:00	22.736	22.795	22.605	22.623	1810	0	54
2022.01.28	08:00:00	22.619	22.631	22.381	22.480	2706	0	54
2022.01.28	12:00:00	22.472	22.655	22.275	22.306	6340	0	54
2022.01.28	16:00:00	22.311	22.431	22.124	22.325	3758	0	52
2022.01.28	20:00:00	22.324	22.450	22.320	22.448	848	0	54
2022.01.30	20:00:00	22.377	22.412	22.354	22.385	374	0	37
2022.01.31	00:00:00	22.387	22.403	22.269	22.274	1346	0	37
2022.01.31	04:00:00	22.272	22.424	22.234	22.424	1326	0	37
2022.01.31	08:00:00	22.422	22.584	22.366	22.511	2159	0	37
2022.01.31	12:00:00	22.510	22.626	22.399	22.490	5128	0	37
2022.01.31	16:00:00	22.496	22.540	22.340	22.497	2419	0	37
2022.01.31	20:00:00	22.499	22.507	22.409	22.464	831	0	37
2022.02.01	00:00:00	22.463	22.481	22.392	22.400	942	0	37
2022.02.01	04:00:00	22.399	22.592	22.389	22.589	1302	0	37
2022.02.01	08:00:00	22.586	22.868	22.551	22.825	2228	0	37
2022.02.01	12:00:00	22.826	23.027	22.633	22.761	5931	0	37
2022.02.01	16:00:00	22.757	22.815	22.504	22.543	2335	0	37
2022.02.01	20:00:00	22.544	22.648	22.526	22.607	645	0	37
2022.02.02	00:00:00	22.605	22.672	22.594	22.610	576	0	37
2022.02.02	04:00:00	22.609	22.711	22.599	22.647	1073	0	37
2022.02.02	08:00:00	22.651	22.804	22.646	22.764	1910	0	37
2022.02.02	12:00:00	22.765	22.847	22.451	22.704	5390	0	37
2022.02.02	16:00:00	22.709	22.796	22.632	22.670	2184	0	37
2022.02.02	20:00:00	22.667	22.682	22.597	22.602	607	0	37
2022.02.03	00:00:00	22.605	22.638	22.556	22.636	627	0	37
2022.02.03	04:00:00	22.640	22.640	22.481	22.542	817	0	37
2022.02.03	08:00:00	22.539	22.547	22.369	22.409	1685	0	37
2022.02.03	12:00:00	22.404	22.451	21.988	22.370	6530	0	37
2022.02.03	16:00:00	22.367	22.508	22.310	22.366	2741	0	37
2022.02.03	20:00:00	22.367	22.431	22.358	22.408	686	0	37
2022.02.04	00:00:00	22.407	22.502	22.393	22.494	914	0	37
2022.02.04	04:00:00	22.492	22.547	22.466	22.488	1248	0	37
2022.02.04	08:00:00	22.492	22.623	22.449	22.493	2231	0	37
2022.02.04	12:00:00	22.499	22.651	22.098	22.374	6501	0	37
2022.02.04	16:00:00	22.373	22.506	22.361	22.466	2430	0	37
2022.02.04	20:00:00	22.471	22.517	22.446	22.500	534	0	37
2022.02.06	20:00:00	22.535	22.594	22.528	22.580	330	0	37
2022.02.07	00:00:00	22.581	22.851	22.581	22.759	2511	0	37
2022.02.07	04:00:00	22.757	22.831	22.690	22.831	1466	0	37
2022.02.07	08:00:00	22.836	22.856	22.684	22.843	2501	0	37
2022.02.07	12:00:00	22.846	22.942	22.803	22.919	4025	0	37
2022.02.07	16:00:00	22.923	23.085	22.887	23.055	1823	0	37
2022.02.07	20:00:00	23.056	23.061	22.986	23.023	606	0	37
2022.02.08	00:00:00	23.024	23.024	22.922	22.927	670	0	37
2022.02.08	04:00:00	22.929	22.934	22.759	22.780	1569	0	37
2022.02.08	08:00:00	22.779	22.932	22.779	22.849	1707	0	37
2022.02.08	12:00:00	22.846	23.209	22.784	23.130	3708	0	37
2022.02.08	16:00:00	23.126	23.239	23.124	23.163	1426	0	37
2022.02.08	20:00:00	23.161	23.202	23.151	23.164	415	0	37
2022.02.09	00:00:00	23.192	23.284	23.180	23.275	921	0	37
2022.02.09	04:00:00	23.277	23.302	23.142	23.180	1000	0	37
2022.02.09	08:00:00	23.179	23.240	23.132	23.225	1291	0	37
2022.02.09	12:00:00	23.226	23.319	23.076	23.152	3688	0	37
2022.02.09	16:00:00	23.154	23.336	23.154	23.273	1536	0	37
2022.02.09	20:00:00	23.276	23.300	23.231	23.275	432	0	37
2022.02.10	00:00:00	23.273	23.273	23.176	23.256	880	0	37
2022.02.10	04:00:00	23.255	23.385	23.225	23.337	1149	0	37
2022.02.10	08:00:00	23.336	23.372	23.247	23.337	1327	0	37
2022.02.10	12:00:00	23.338	23.550	23.118	23.445	5577	0	37
2022.02.10	16:00:00	23.443	23.695	23.249	23.255	4468	0	37
2022.02.10	20:00:00	23.260	23.278	23.152	23.164	1467	0	37
2022.02.11	00:00:00	23.163	23.165	23.048	23.096	1258	0	37
2022.02.11	04:00:00	23.095	23.096	22.845	22.948	2155	0	37
2022.02.11	08:00:00	22.946	23.035	22.902	22.939	2163	0	37
2022.02.11	12:00:00	22.933	23.279	22.863	23.251	4942	0	37
2022.02.11	16:00:00	23.250	23.615	23.162	23.574	5553	0	37
2022.02.11	20:00:00	23.572	23.671	23.539	23.551	1766	0	37
2022.02.13	20:00:00	23.514	23.623	23.512	23.611	572	0	37
2022.02.14	00:00:00	23.613	23.760	23.536	23.582	2726	0	37
2022.02.14	04:00:00	23.580	23.711	23.553	23.697	1877	0	37
2022.02.14	08:00:00	23.695	23.758	23.577	23.672	2794	0	37
2022.02.14	12:00:00	23.670	23.923	23.619	23.848	5724	0	37
2022.02.14	16:00:00	23.850	23.872	23.705	23.782	3659	0	37
2022.02.14	20:00:00	23.787	23.878	23.787	23.861	961	0	37
2022.02.15	00:00:00	23.862	23.972	23.821	23.898	1643	0	37
2022.02.15	04:00:00	23.901	23.917	23.725	23.746	1807	0	37
2022.02.15	08:00:00	23.745	23.759	23.214	23.291	4023	0	37
2022.02.15	12:00:00	23.296	23.347	23.064	23.190	5507	0	37
2022.02.15	16:00:00	23.195	23.386	23.168	23.365	2051	0	37
2022.02.15	20:00:00	23.364	23.407	23.336	23.360	893	0	37
2022.02.16	00:00:00	23.359	23.361	23.264	23.324	1391	0	37
2022.02.16	04:00:00	23.323	23.471	23.315	23.460	1382	0	37
2022.02.16	08:00:00	23.462	23.552	23.425	23.484	1950	0	37
2022.02.16	12:00:00	23.483	23.566	23.297	23.460	4050	0	37
2022.02.16	16:00:00	23.459	23.650	23.429	23.604	3064	0	37
2022.02.16	20:00:00	23.608	23.638	23.533	23.571	1200	0	37
2022.02.17	00:00:00	23.567	23.614	23.408	23.476	2001	0	37
2022.02.17	04:00:00	23.482	23.554	23.457	23.550	3059	0	37
2022.02.17	08:00:00	23.556	23.834	23.546	23.606	3221	0	37
2022.02.17	12:00:00	23.601	23.845	23.566	23.781	5404	0	37
2022.02.17	16:00:00	23.779	23.901	23.746	23.842	2697	0	37
2022.02.17	20:00:00	23.843	23.848	23.762	23.821	871	0	37
2022.02.18	00:00:00	23.824	23.866	23.746	23.799	2137	0	37
2022.02.18	04:00:00	23.801	23.966	23.744	23.857	2037	0	37
2022.02.18	08:00:00	23.863	23.965	23.667	23.752	2474	0	37
2022.02.18	12:00:00	23.750	24.068	23.740	23.897	4540	0	37
2022.02.18	16:00:00	23.895	23.986	23.875	23.936	2281	0	37
2022.02.18	20:00:00	23.938	23.973	23.859	23.902	827	0	37
2022.02.20	20:00:00	23.977	24.018	23.946	23.981	479	0	37
2022.02.21	00:00:00	23.984	23.990	23.725	23.814	2601	0	37
2022.02.21	04:00:00	23.812	23.816	23.679	23.775	1904	0	37
2022.02.21	08:00:00	23.770	23.832	23.734	23.749	2165	0	37
2022.02.21	12:00:00	23.746	23.910	23.692	23.884	2997	0	37
2022.02.21	16:00:00	23.882	23.925	23.786	23.898	1149	0	35
2022.02.21	20:00:00	23.982	24.147	23.974	23.988	956	0	36
2022.02.22	00:00:00	23.987	24.205	23.891	24.114	3226	0	35
2022.02.22	04:00:00	24.116	24.290	24.102	24.127	2480	0	35
2022.02.22	08:00:00	24.125	24.237	23.954	23.976	4242	0	35
2022.02.22	12:00:00	23.980	24.345	23.922	24.172	4925	0	37
2022.02.22	16:00:00	24.174	24.275	24.151	24.208	3060	0	37
2022.02.22	20:00:00	24.206	24.209	24.078	24.121	1077	0	37
2022.02.23	00:00:00	24.123	24.225	24.112	24.200	1591	0	37
2022.02.23	04:00:00	24.197	24.200	24.013	24.080	1777	0	37
2022.02.23	08:00:00	24.081	24.148	24.020	24.083	2303	0	37
2022.02.23	12:00:00	24.082	24.470	24.082	24.441	3926	0	37
2022.02.23	16:00:00	24.437	24.541	24.408	24.499	2642	0	37
2022.02.23	20:00:00	24.498	24.568	24.467	24.525	1218	0	37
2022.02.24	00:00:00	24.532	24.918	24.502	24.842	4193	0	37
2022.02.24	04:00:00	24.844	25.128	24.840	25.119	5805	0	37
2022.02.24	08:00:00	25.117	25.595	25.010	25.217	5717	0	37
2022.02.24	12:00:00	25.221	25.400	24.616	24.777	7790	0	37
2022.02.24	16:00:00	24.784	24.829	23.822	23.998	5781	0	37
2022.02.24	20:00:00	24.004	24.304	23.915	24.172	2310	0	37
2022.02.25	00:00:00	24.175	24.431	24.132	24.344	3457	0	37
2022.02.25	04:00:00	24.343	24.480	24.256	24.334	2533	0	37
2022.02.25	08:00:00	24.331	24.359	24.105	24.185	3697	0	37
2022.02.25	12:00:00	24.182	24.291	23.863	24.005	6640	0	37
2022.02.25	16:00:00	24.004	24.187	23.860	24.181	2815	0	37
2022.02.25	20:00:00	24.178	24.262	24.159	24.249	721	0	37
2022.02.27	20:00:00	24.613	24.616	24.355	24.440	1207	0	37
2022.02.28	00:00:00	24.442	24.535	24.224	24.263	3654	0	37
2022.02.28	04:00:00	24.260	24.380	24.073	24.174	2494	0	37
2022.02.28	08:00:00	24.169	24.431	24.146	24.361	2931	0	37
2022.02.28	12:00:00	24.363	24.565	24.299	24.384	4855	0	37
2022.02.28	16:00:00	24.382	24.436	24.189	24.436	3345	0	37
2022.02.28	20:00:00	24.440	24.466	24.397	24.397	980	0	37
2022.03.01	00:00:00	24.395	24.420	24.265	24.338	1609	0	37
2022.03.01	04:00:00	24.339	24.474	24.291	24.439	1633	0	37
2022.03.01	08:00:00	24.440	24.660	24.421	24.617	3195	0	37
2022.03.01	12:00:00	24.620	25.032	24.489	24.997	5351	0	37
2022.03.01	16:00:00	24.998	25.522	24.973	25.334	4362	0	37
2022.03.01	20:00:00	25.337	25.498	25.244	25.347	1598	0	47
2022.03.02	00:00:00	25.348	25.352	24.999	25.083	3256	0	37
2022.03.02	04:00:00	25.081	25.253	24.942	25.226	3325	0	37
2022.03.02	08:00:00	25.223	25.234	24.839	25.052	4255	0	37
2022.03.02	12:00:00	25.042	25.193	24.930	25.071	6211	0	37
2022.03.02	16:00:00	25.073	25.303	24.914	25.286	4119	0	37
2022.03.02	20:00:00	25.289	25.360	25.219	25.225	1250	0	37
2022.03.03	00:00:00	25.227	25.277	25.080	25.175	2122	0	37
2022.03.03	04:00:00	25.171	25.414	25.121	25.376	2298	0	37
2022.03.03	08:00:00	25.371	25.412	25.159	25.289	3159	0	37
2022.03.03	12:00:00	25.295	25.456	24.992	25.021	6065	0	37
2022.03.03	16:00:00	25.022	25.176	24.948	25.096	3626	0	37
2022.03.03	20:00:00	25.101	25.224	25.080	25.080	1102	0	37
2022.03.04	00:00:00	25.079	25.333	25.042	25.131	3797	0	37
2022.03.04	04:00:00	25.128	25.207	25.044	25.069	2159	0	37
2022.03.04	08:00:00	25.068	25.272	25.024	25.164	2973	0	37
2022.03.04	12:00:00	25.156	25.671	25.082	25.440	5788	0	37
2022.03.04	16:00:00	25.442	25.717	25.401	25.614	3479	0	38
2022.03.04	20:00:00	25.608	25.713	25.565	25.679	1024	0	47
2022.03.06	20:00:00	25.958	26.061	25.883	26.025	1114	0	47
2022.03.07	00:00:00	26.026	26.122	25.682	25.826	4969	0	47
2022.03.07	04:00:00	25.831	25.893	25.624	25.848	3432	0	47
2022.03.07	08:00:00	25.847	26.012	25.744	25.801	4202	0	47
2022.03.07	12:00:00	25.793	25.795	25.272	25.540	7917	0	47
2022.03.07	16:00:00	25.543	25.646	25.346	25.604	4503	0	38
2022.03.07	20:00:00	25.606	25.695	25.504	25.673	1521	0	47
2022.03.08	00:00:00	25.680	25.711	25.335	25.428	2765	0	47
2022.03.08	04:00:00	25.430	26.295	25.409	26.023	4432	0	38
2022.03.08	08:00:00	26.016	26.208	25.812	26.099	4831	0	47
2022.03.08	12:00:00	26.091	26.926	25.771	26.513	8845	0	47
2022.03.08	16:00:00	26.520	26.893	25.969	26.277	9511	0	47
2022.03.08	20:00:00	26.273	26.523	26.202	26.442	2179	0	47
2022.03.09	00:00:00	26.444	26.746	26.272	26.713	3611	0	47
2022.03.09	04:00:00	26.708	26.753	26.433	26.485	3391	0	47
2022.03.09	08:00:00	26.476	26.511	25.969	26.153	5480	0	47
2022.03.09	12:00:00	26.151	26.290	25.676	26.029	7743	0	47
2022.03.09	16:00:00	26.027	26.139	25.383	25.651	5651	0	47
2022.03.09	20:00:00	25.649	25.818	25.607	25.622	1779	0	47
2022.03.10	00:00:00	25.623	25.623	25.296	25.462	2998	0	47
2022.03.10	04:00:00	25.464	25.597	25.325	25.409	2512	0	47
2022.03.10	08:00:00	25.408	25.975	25.371	25.912	4550	0	47
2022.03.10	12:00:00	25.903	26.042	25.651	25.899	6860	0	47
2022.03.10	16:00:00	25.902	26.030	25.745	25.850	3652	0	47
2022.03.10	20:00:00	25.851	25.973	25.848	25.869	1037	0	47
2022.03.11	00:00:00	25.865	25.877	25.663	25.663	2068	0	47
2022.03.11	04:00:00	25.668	25.852	25.560	25.828	2739	0	47
2022.03.11	08:00:00	25.829	25.901	25.451	25.625	3349	0	47
2022.03.11	12:00:00	25.623	25.850	25.393	25.836	6208	0	47
2022.03.11	16:00:00	25.838	25.976	25.758	25.802	3271	0	47
2022.03.11	20:00:00	25.800	25.855	25.756	25.836	738	0	47
2022.03.13	20:00:00	25.776	25.834	25.509	25.558	1152	0	47
2022.03.14	00:00:00	25.552	25.726	25.506	25.726	2350	0	47
2022.03.14	04:00:00	25.723	25.739	25.519	25.625	2186	0	47
2022.03.14	08:00:00	25.618	25.628	25.074	25.271	4160	0	47
2022.03.14	12:00:00	25.265	25.427	24.913	25.180	5493	0	37
2022.03.14	16:00:00	25.180	25.203	24.946	25.030	2601	0	37
2022.03.14	20:00:00	25.036	25.096	24.984	25.058	718	0	47
2022.03.15	00:00:00	25.056	25.057	24.823	24.856	2400	0	37
2022.03.15	04:00:00	24.858	24.877	24.580	24.708	2776	0	37
2022.03.15	08:00:00	24.709	24.816	24.513	24.580	4051	0	37
2022.03.15	12:00:00	24.583	24.934	24.552	24.899	6353	0	37
2022.03.15	16:00:00	24.902	25.032	24.815	24.862	3002	0	37
2022.03.15	20:00:00	24.865	24.927	24.785	24.923	620	0	47
2022.03.16	00:00:00	24.914	24.962	24.800	24.802	1827	0	37
2022.03.16	04:00:00	24.800	24.864	24.752	24.847	1884	0	37
2022.03.16	08:00:00	24.840	24.926	24.651	24.878	3117	0	37
2022.03.16	12:00:00	24.871	24.980	24.450	24.685	5622	0	37
2022.03.16	16:00:00	24.679	25.015	24.471	24.993	4648	0	37
2022.03.16	20:00:00	25.000	25.173	24.990	25.124	1185	0	47
2022.03.17	00:00:00	25.122	25.305	25.039	25.263	2467	0	47
2022.03.17	04:00:00	25.264	25.314	25.103	25.217	1904	0	47
2022.03.17	08:00:00	25.209	25.402	25.177	25.325	2899	0	38
2022.03.17	12:00:00	25.319	25.518	25.163	25.497	5222	0	47
2022.03.17	16:00:00	25.501	25.501	25.226	25.245	2337	0	37
2022.03.17	20:00:00	25.243	25.379	25.236	25.378	645	0	47
2022.03.18	00:00:00	25.371	25.423	25.141	25.218	1910	0	47
2022.03.18	04:00:00	25.215	25.346	25.147	25.334	1603	0	47
2022.03.18	08:00:00	25.328	25.355	25.170	25.253	2629	0	37
2022.03.18	12:00:00	25.246	25.269	24.901	25.029	5190	0	37
2022.03.18	16:00:00	25.027	25.028	24.816	24.895	2429	0	37
2022.03.18	20:00:00	24.897	24.947	24.867	24.945	239	0	38
2022.03.20	20:00:00	25.037	25.124	24.885	24.890	735	0	47
2022.03.21	00:00:00	24.888	25.120	24.886	25.019	2019	0	38
2022.03.21	04:00:00	25.018	25.083	24.924	24.976	1741	0	47
2022.03.21	08:00:00	24.983	25.067	24.934	24.972	1990	0	37
2022.03.21	12:00:00	24.979	25.259	24.866	25.195	4066	0	37
2022.03.21	16:00:00	25.198	25.285	25.052	25.187	2963	0	37
2022.03.21	20:00:00	25.184	25.230	25.157	25.216	541	0	47
2022.03.22	00:00:00	25.213	25.350	25.095	25.314	2045	0	38
2022.03.22	04:00:00	25.311	25.361	25.203	25.230	1967	0	47
2022.03.22	08:00:00	25.224	25.226	24.997	25.061	3209	0	37
2022.03.22	12:00:00	25.060	25.065	24.554	24.758	5159	0	37
2022.03.22	16:00:00	24.756	24.845	24.717	24.762	2179	0	37
2022.03.22	20:00:00	24.756	24.791	24.730	24.743	629	0	37
2022.03.23	00:00:00	24.746	24.848	24.655	24.803	1785	0	37
2022.03.23	04:00:00	24.804	24.973	24.747	24.965	1376	0	37
2022.03.23	08:00:00	24.966	25.097	24.922	24.987	2547	0	37
2022.03.23	12:00:00	24.985	25.124	24.826	24.884	4100	0	37
2022.03.23	16:00:00	24.887	25.180	24.856	25.134	1904	0	37
2022.03.23	20:00:00	25.132	25.168	25.087	25.153	618	0	47
2022.03.24	00:00:00	25.148	25.210	24.982	24.984	1897	0	47
2022.03.24	04:00:00	24.981	25.098	24.948	25.072	1734	0	37
2022.03.24	08:00:00	25.075	25.252	24.962	25.231	2681	0	37
2022.03.24	12:00:00	25.224	25.826	25.116	25.617	5721	0	47
2022.03.24	16:00:00	25.618	25.694	25.517	25.530	2083	0	47
2022.03.24	20:00:00	25.534	25.589	25.499	25.561	529	0	47
2022.03.25	00:00:00	25.560	25.703	25.520	25.626	1857	0	47
2022.03.25	04:00:00	25.625	25.655	25.477	25.506	1787	0	47
2022.03.25	08:00:00	25.513	25.672	25.497	25.605	2474	0	47
2022.03.25	12:00:00	25.599	25.691	25.236	25.394	4977	0	37
2022.03.25	16:00:00	25.393	25.452	25.334	25.379	2018	0	38
2022.03.25	20:00:00	25.382	25.505	25.382	25.502	164	0	47
2022.03.27	20:00:00	25.522	25.561	25.416	25.430	683	0	47
2022.03.28	00:00:00	25.423	25.449	25.141	25.150	2719	0	47
2022.03.28	04:00:00	25.149	25.167	24.971	25.085	2809	0	37
2022.03.28	08:00:00	25.084	25.110	24.890	24.971	3302	0	37
2022.03.28	12:00:00	24.973	25.162	24.857	25.028	5106	0	37
2022.03.28	16:00:00	25.029	25.080	24.773	24.810	1895	0	37
2022.03.28	20:00:00	24.808	24.917	24.805	24.917	683	0	47
2022.03.29	00:00:00	24.911	24.990	24.847	24.925	1871	0	37
2022.03.29	04:00:00	24.926	24.926	24.784	24.795	1752	0	37
2022.03.29	08:00:00	24.797	24.818	24.355	24.426	3225	0	37
2022.03.29	12:00:00	24.428	24.614	23.952	24.614	6948	0	37
2022.03.29	16:00:00	24.618	24.801	24.563	24.769	1916	0	37
2022.03.29	20:00:00	24.767	24.800	24.712	24.722	547	0	38
2022.03.30	00:00:00	24.721	24.810	24.680	24.776	2352	0	37
2022.03.30	04:00:00	24.779	24.915	24.751	24.798	2463	0	37
2022.03.30	08:00:00	24.796	24.872	24.721	24.836	2638	0	37
2022.03.30	12:00:00	24.838	25.043	24.767	24.967	4555	0	37
2022.03.30	16:00:00	24.970	24.983	24.774	24.826	1635	0	37
2022.03.30	20:00:00	24.828	24.880	24.824	24.878	383	0	37
2022.03.31	00:00:00	24.877	24.879	24.614	24.641	2322	0	37
2022.03.31	04:00:00	24.639	24.831	24.548	24.800	2459	0	37
2022.03.31	08:00:00	24.800	24.852	24.673	24.830	2314	0	37
2022.03.31	12:00:00	24.829	25.066	24.778	24.948	4108	0	37
2022.03.31	16:00:00	24.952	24.952	24.739	24.751	1863	0	37
2022.03.31	20:00:00	24.752	24.797	24.727	24.778	608	0	37
2022.04.01	00:00:00	24.779	24.818	24.713	24.815	1610	0	37
2022.04.01	04:00:00	24.821	24.840	24.641	24.648	1867	0	37
2022.04.01	08:00:00	24.644	24.794	24.546	24.664	2957	0	37
2022.04.01	12:00:00	24.657	24.778	24.406	24.716	5168	0	37
2022.04.01	16:00:00	24.719	24.746	24.471	24.579	2279	0	37
2022.04.01	20:00:00	24.575	24.622	24.575	24.608	172	0	47
2022.04.03	20:00:00	24.618	24.618	24.559	24.594	346	0	47
2022.04.04	00:00:00	24.591	24.676	24.524	24.550	1165	0	47
2022.04.04	04:00:00	24.549	24.825	24.527	24.803	1852	0	38
2022.04.04	08:00:00	24.807	24.820	24.609	24.720	1635	0	37
2022.04.04	12:00:00	24.726	24.793	24.262	24.506	5249	0	37
2022.04.04	16:00:00	24.504	24.537	24.425	24.500	1737	0	37
2022.04.04	20:00:00	24.495	24.537	24.484	24.510	444	0	37
2022.04.05	00:00:00	24.509	24.533	24.423	24.475	1256	0	37
2022.04.05	04:00:00	24.471	24.704	24.421	24.636	1692	0	37
2022.04.05	08:00:00	24.637	24.696	24.563	24.660	2160	0	37
2022.04.05	12:00:00	24.660	24.925	24.301	24.320	5348	0	37
2022.04.05	16:00:00	24.324	24.462	24.215	24.215	2769	0	37
2022.04.05	20:00:00	24.209	24.378	24.209	24.262	685	0	37
2022.04.06	00:00:00	24.264	24.352	24.202	24.342	2125	0	37
2022.04.06	04:00:00	24.343	24.347	24.184	24.266	1962	0	37
2022.04.06	08:00:00	24.268	24.394	24.150	24.183	2456	0	37
2022.04.06	12:00:00	24.179	24.549	24.104	24.448	4221	0	37
2022.04.06	16:00:00	24.447	24.504	24.222	24.432	3689	0	37
2022.04.06	20:00:00	24.436	24.451	24.380	24.395	663	0	37
2022.04.07	00:00:00	24.398	24.482	24.305	24.319	1744	0	37
2022.04.07	04:00:00	24.318	24.361	24.244	24.302	1818	0	37
2022.04.07	08:00:00	24.301	24.500	24.257	24.463	2156	0	37
2022.04.07	12:00:00	24.464	24.550	24.221	24.477	4598	0	37
2022.04.07	16:00:00	24.476	24.645	24.447	24.576	1704	0	37
2022.04.07	20:00:00	24.575	24.641	24.557	24.618	646	0	37
2022.04.08	00:00:00	24.620	24.664	24.521	24.574	1678	0	37
2022.04.08	04:00:00	24.579	24.675	24.531	24.656	1730	0	37
2022.04.08	08:00:00	24.654	24.693	24.545	24.611	1608	0	37
2022.04.08	12:00:00	24.616	24.726	24.357	24.636	4816	0	37
2022.04.08	16:00:00	24.634	24.790	24.629	24.706	1260	0	37
2022.04.08	20:00:00	24.701	24.758	24.695	24.758	169	0	37
2022.04.10	20:00:00	24.788	24.820	24.741	24.752	601	0	47
2022.04.11	00:00:00	24.753	24.865	24.670	24.710	1989	0	37
2022.04.11	04:00:00	24.709	24.824	24.654	24.803	1766	0	37
2022.04.11	08:00:00	24.804	25.204	24.799	25.183	2725	0	37
2022.04.11	12:00:00	25.191	25.351	24.864	24.912	5117	0	37
2022.04.11	16:00:00	24.911	25.049	24.786	25.045	2146	0	37
2022.04.11	20:00:00	25.048	25.110	25.025	25.075	667	0	47
2022.04.12	00:00:00	25.072	25.191	24.962	25.182	1764	0	37
2022.04.12	04:00:00	25.184	25.242	25.032	25.040	1912	0	37
2022.04.12	08:00:00	25.037	25.086	24.846	24.969	2008	0	37
2022.04.12	12:00:00	24.971	25.590	24.955	25.494	5034	0	37
2022.04.12	16:00:00	25.497	25.572	25.320	25.405	1896	0	47
2022.04.12	20:00:00	25.401	25.407	25.336	25.375	515	0	47
2022.04.13	00:00:00	25.380	25.531	25.330	25.484	1897	0	47
2022.04.13	04:00:00	25.481	25.579	25.379	25.550	1685	0	47
2022.04.13	08:00:00	25.547	25.694	25.518	25.657	1924	0	47
2022.04.13	12:00:00	25.663	25.780	25.509	25.754	4280	0	47
2022.04.13	16:00:00	25.756	25.809	25.651	25.709	1741	0	47
2022.04.13	20:00:00	25.707	25.725	25.644	25.646	468	0	47
2022.04.14	00:00:00	25.639	25.849	25.599	25.726	1983	0	47
2022.04.14	04:00:00	25.724	25.769	25.635	25.697	1897	0	47
2022.04.14	08:00:00	25.699	25.699	25.487	25.559	2394	0	47
2022.04.14	12:00:00	25.560	25.619	25.274	25.364	4788	0	37
2022.04.14	16:00:00	25.362	25.612	25.355	25.582	1515	0	38
2022.04.14	20:00:00	25.580	25.640	25.568	25.630	171	0	39
2022.04.17	20:00:00	25.625	25.834	25.606	25.834	787	0	47
2022.04.18	00:00:00	25.839	25.935	25.764	25.833	2750	0	47
2022.04.18	04:00:00	25.835	25.888	25.724	25.842	2100	0	47
2022.04.18	08:00:00	25.841	26.005	25.829	25.990	1531	0	47
2022.04.18	12:00:00	25.997	26.197	25.891	26.034	4812	0	47
2022.04.18	16:00:00	26.038	26.063	25.775	25.832	2279	0	47
2022.04.18	20:00:00	25.828	25.857	25.804	25.839	501	0	47
2022.04.19	00:00:00	25.832	25.868	25.773	25.855	1851	0	47
2022.04.19	04:00:00	25.859	25.903	25.713	25.853	2062	0	47
2022.04.19	08:00:00	25.850	25.953	25.781	25.926	2430	0	47
2022.04.19	12:00:00	25.927	25.976	25.084	25.190	6192	0	37
2022.04.19	16:00:00	25.188	25.278	25.035	25.145	2073	0	37
2022.04.19	20:00:00	25.142	25.167	25.063	25.081	779	0	47
2022.04.20	00:00:00	25.082	25.109	24.958	25.060	2275	0	37
2022.04.20	04:00:00	25.061	25.093	24.897	24.962	2194	0	37
2022.04.20	08:00:00	24.963	25.269	24.871	25.211	2570	0	37
2022.04.20	12:00:00	25.208	25.220	24.982	25.071	4568	0	37
2022.04.20	16:00:00	25.071	25.203	25.039	25.202	1786	0	37
2022.04.20	20:00:00	25.197	25.197	25.113	25.146	606	0	47
2022.04.21	00:00:00	25.144	25.163	25.015	25.027	1887	0	37
2022.04.21	04:00:00	25.020	25.108	24.955	25.041	2022	0	37
2022.04.21	08:00:00	25.035	25.037	24.558	24.648	3081	0	37
2022.04.21	12:00:00	24.650	24.852	24.420	24.496	5318	0	37
2022.04.21	16:00:00	24.490	24.731	24.399	24.660	3038	0	37
2022.04.21	20:00:00	24.661	24.674	24.604	24.606	577	0	37
2022.04.22	00:00:00	24.605	24.630	24.403	24.501	2602	0	37
2022.04.22	04:00:00	24.505	24.582	24.427	24.427	3111	0	37
2022.04.22	08:00:00	24.425	24.425	24.034	24.288	3719	0	37
2022.04.22	12:00:00	24.286	24.371	24.081	24.265	6041	0	37
2022.04.22	16:00:00	24.261	24.296	24.150	24.151	2384	0	37
2022.04.22	20:00:00	24.153	24.188	24.124	24.140	313	0	37
2022.04.24	20:00:00	24.140	24.157	24.033	24.097	583	0	37
2022.04.25	00:00:00	24.095	24.128	23.851	23.867	2714	0	37
2022.04.25	04:00:00	23.864	23.886	23.627	23.734	3581	0	37
2022.04.25	08:00:00	23.731	23.830	23.466	23.586	3585	0	37
2022.04.25	12:00:00	23.580	23.723	23.384	23.574	6563	0	37
2022.04.25	16:00:00	23.575	23.724	23.550	23.630	3371	0	37
2022.04.25	20:00:00	23.632	23.699	23.575	23.669	668	0	37
2022.04.26	00:00:00	23.666	23.909	23.660	23.794	3011	0	37
2022.04.26	04:00:00	23.795	23.838	23.537	23.565	3184	0	37
2022.04.26	08:00:00	23.566	23.801	23.562	23.651	2575	0	37
2022.04.26	12:00:00	23.657	23.745	23.467	23.482	6139	0	37
2022.04.26	16:00:00	23.484	23.532	23.383	23.440	2752	0	37
2022.04.26	20:00:00	23.442	23.590	23.442	23.582	940	0	37
2022.04.27	00:00:00	23.583	23.604	23.488	23.526	2427	0	37
2022.04.27	04:00:00	23.528	23.585	23.448	23.492	2668	0	37
2022.04.27	08:00:00	23.495	23.633	23.237	23.600	3515	0	37
2022.04.27	12:00:00	23.595	23.676	23.286	23.339	5772	0	37
2022.04.27	16:00:00	23.344	23.443	23.231	23.258	2683	0	37
2022.04.27	20:00:00	23.257	23.382	23.227	23.312	774	0	37
2022.04.28	00:00:00	23.309	23.337	23.112	23.155	2031	0	37
2022.04.28	04:00:00	23.156	23.297	22.983	23.259	2969	0	37
2022.04.28	08:00:00	23.258	23.306	23.028	23.038	2873	0	37
2022.04.28	12:00:00	23.035	23.236	22.868	22.950	5675	0	37
2022.04.28	16:00:00	22.956	23.212	22.938	23.191	2344	0	37
2022.04.28	20:00:00	23.188	23.191	23.107	23.160	548	0	37
2022.04.29	00:00:00	23.162	23.307	23.148	23.255	2261	0	37
2022.04.29	04:00:00	23.253	23.545	23.237	23.531	2842	0	37
2022.04.29	08:00:00	23.530	23.539	23.410	23.467	2525	0	37
2022.04.29	12:00:00	23.469	23.474	22.916	23.062	6378	0	37
2022.04.29	16:00:00	23.061	23.061	22.717	22.754	3196	0	37
2022.04.29	20:00:00	22.753	22.758	22.666	22.744	395	0	37
2022.05.01	20:00:00	22.835	22.841	22.683	22.755	926	0	37
2022.05.02	00:00:00	22.756	22.758	22.550	22.605	2059	0	37
2022.05.02	04:00:00	22.602	22.795	22.570	22.706	2243	0	37
2022.05.02	08:00:00	22.705	22.736	22.578	22.626	2189	0	37
2022.05.02	12:00:00	22.624	22.749	22.103	22.621	6728	0	37
2022.05.02	16:00:00	22.624	22.630	22.444	22.608	2932	0	37
2022.05.02	20:00:00	22.610	22.637	22.582	22.618	460	0	37
2022.05.03	00:00:00	22.625	22.729	22.606	22.621	1690	0	37
2022.05.03	04:00:00	22.619	22.694	22.477	22.550	3085	0	37
2022.05.03	08:00:00	22.547	22.728	22.445	22.726	2629	0	37
2022.05.03	12:00:00	22.725	22.822	22.404	22.654	5565	0	37
2022.05.03	16:00:00	22.647	22.670	22.477	22.539	2850	0	37
2022.05.03	20:00:00	22.540	22.594	22.526	22.578	519	0	37
2022.05.04	00:00:00	22.577	22.589	22.515	22.565	1177	0	37
2022.05.04	04:00:00	22.561	22.652	22.460	22.632	1689	0	37
2022.05.04	08:00:00	22.635	22.672	22.512	22.586	1927	0	37
2022.05.04	12:00:00	22.585	22.585	22.197	22.373	5025	0	37
2022.05.04	16:00:00	22.375	23.054	22.253	23.031	5756	0	37
2022.05.04	20:00:00	23.025	23.076	22.901	22.991	1109	0	37
2022.05.05	00:00:00	22.989	23.265	22.927	23.129	2996	0	37
2022.05.05	04:00:00	23.127	23.189	22.937	23.020	2664	0	37
2022.05.05	08:00:00	23.017	23.034	22.871	23.010	3215	0	37
2022.05.05	12:00:00	23.016	23.226	22.386	22.391	6959	0	37
2022.05.05	16:00:00	22.386	22.535	22.304	22.508	4300	0	37
2022.05.05	20:00:00	22.506	22.509	22.428	22.437	789	0	37
2022.05.06	00:00:00	22.434	22.492	22.085	22.397	3310	0	37
2022.05.06	04:00:00	22.392	22.429	22.256	22.340	2726	0	37
2022.05.06	08:00:00	22.341	22.475	22.289	22.365	2836	0	37
2022.05.06	12:00:00	22.363	22.623	22.259	22.424	6102	0	37
2022.05.06	16:00:00	22.426	22.480	22.289	22.357	3408	0	37
2022.05.06	20:00:00	22.354	22.361	22.300	22.341	311	0	37
2022.05.08	20:00:00	22.324	22.351	22.258	22.259	672	0	37
2022.05.09	00:00:00	22.261	22.307	22.187	22.222	2364	0	37
2022.05.09	04:00:00	22.220	22.287	22.085	22.174	2472	0	37
2022.05.09	08:00:00	22.171	22.252	21.681	21.765	3730	0	37
2022.05.09	12:00:00	21.770	22.125	21.731	21.895	6450	0	37
2022.05.09	16:00:00	21.894	22.037	21.674	21.705	4012	0	37
2022.05.09	20:00:00	21.702	21.833	21.700	21.801	872	0	37
2022.05.10	00:00:00	21.799	22.052	21.707	22.042	3102	0	37
2022.05.10	04:00:00	22.039	22.083	21.919	21.924	3176	0	37
2022.05.10	08:00:00	21.921	21.959	21.751	21.872	3127	0	37
2022.05.10	12:00:00	21.869	22.002	21.528	21.614	6139	0	37
2022.05.10	16:00:00	21.617	21.652	21.166	21.172	5087	0	37
2022.05.10	20:00:00	21.179	21.354	21.179	21.250	1131	0	37
2022.05.11	00:00:00	21.251	21.478	21.226	21.422	2542	0	37
2022.05.11	04:00:00	21.418	21.684	21.407	21.632	2581	0	37
2022.05.11	08:00:00	21.634	21.830	21.621	21.737	2479	0	37
2022.05.11	12:00:00	21.734	21.946	21.335	21.717	7591	0	37
2022.05.11	16:00:00	21.721	21.731	21.488	21.529	4230	0	37
2022.05.11	20:00:00	21.526	21.582	21.514	21.524	518	0	37
2022.05.12	00:00:00	21.526	21.642	21.407	21.460	2624	0	37
2022.05.12	04:00:00	21.462	21.476	21.245	21.341	3326	0	37
2022.05.12	08:00:00	21.346	21.350	20.730	20.872	4036	0	37
2022.05.12	12:00:00	20.865	21.201	20.853	20.893	6410	0	37
2022.05.12	16:00:00	20.895	20.973	20.599	20.714	3961	0	37
2022.05.12	20:00:00	20.711	20.806	20.629	20.792	1273	0	37
2022.05.13	00:00:00	20.796	20.859	20.758	20.774	2639	0	37
2022.05.13	04:00:00	20.772	20.972	20.766	20.858	2588	0	37
2022.05.13	08:00:00	20.854	20.898	20.694	20.727	2868	0	37
2022.05.13	12:00:00	20.723	21.016	20.439	20.958	5714	0	37
2022.05.13	16:00:00	20.961	21.073	20.923	21.025	2318	0	37
2022.05.13	20:00:00	21.024	21.101	21.011	21.091	197	0	37
2022.05.15	20:00:00	21.149	21.207	21.112	21.205	689	0	37
2022.05.16	00:00:00	21.203	21.279	20.998	21.033	2815	0	37
2022.05.16	04:00:00	21.028	21.119	20.828	20.875	2586	0	37
2022.05.16	08:00:00	20.880	21.189	20.880	21.096	2872	0	37
2022.05.16	12:00:00	21.100	21.494	21.055	21.450	5085	0	37
2022.05.16	16:00:00	21.452	21.667	21.392	21.589	2570	0	37
2022.05.16	20:00:00	21.595	21.615	21.509	21.583	646	0	37
2022.05.17	00:00:00	21.584	21.631	21.524	21.536	2114	0	37
2022.05.17	04:00:00	21.537	21.674	21.532	21.586	1946	0	37
2022.05.17	08:00:00	21.584	21.898	21.578	21.794	2752	0	37
2022.05.17	12:00:00	21.796	21.800	21.621	21.672	4618	0	37
2022.05.17	16:00:00	21.667	21.753	21.494	21.578	3068	0	37
2022.05.17	20:00:00	21.577	21.631	21.561	21.615	500	0	37
2022.05.18	00:00:00	21.612	21.674	21.446	21.503	2018	0	37
2022.05.18	04:00:00	21.502	21.656	21.483	21.638	2077	0	37
2022.05.18	08:00:00	21.636	21.736	21.552	21.567	2013	0	37
2022.05.18	12:00:00	21.561	21.660	21.365	21.552	4627	0	37
2022.05.18	16:00:00	21.550	21.611	21.355	21.371	2956	0	37
2022.05.18	20:00:00	21.377	21.417	21.278	21.322	600	0	37
2022.05.19	00:00:00	21.316	21.479	21.291	21.456	2151	0	37
2022.05.19	04:00:00	21.460	21.480	21.308	21.384	2342	0	37
2022.05.19	08:00:00	21.386	21.791	21.266	21.707	3448	0	37
2022.05.19	12:00:00	21.708	21.977	21.631	21.851	6105	0	37
2022.05.19	16:00:00	21.853	21.950	21.791	21.946	2836	0	37
2022.05.19	20:00:00	21.944	21.945	21.884	21.885	505	0	37
2022.05.20	00:00:00	21.887	21.902	21.792	21.848	1885	0	37
2022.05.20	04:00:00	21.846	22.057	21.841	21.939	2578	0	37
2022.05.20	08:00:00	21.937	22.061	21.900	21.915	2217	0	37
2022.05.20	12:00:00	21.913	21.978	21.641	21.729	4541	0	37
2022.05.20	16:00:00	21.728	21.744	21.591	21.743	2931	0	37
2022.05.20	20:00:00	21.744	21.749	21.730	21.740	166	0	37
2022.05.22	20:00:00	21.814	21.846	21.763	21.790	596	0	37
2022.05.23	00:00:00	21.788	21.925	21.779	21.874	2118	0	37
2022.05.23	04:00:00	21.875	22.013	21.851	21.957	2174	0	37
2022.05.23	08:00:00	21.959	22.167	21.959	22.093	2330	0	37
2022.05.23	12:00:00	22.097	22.171	21.659	21.754	4181	0	37
2022.05.23	16:00:00	21.752	21.858	21.695	21.762	1774	0	37
2022.05.23	20:00:00	21.764	21.784	21.723	21.740	408	0	37
2022.05.24	00:00:00	21.744	21.785	21.652	21.783	1394	0	37
2022.05.24	04:00:00	21.782	21.882	21.674	21.881	1711	0	37
2022.05.24	08:00:00	21.886	21.949	21.779	21.894	1599	0	37
2022.05.24	12:00:00	21.896	22.187	21.792	22.110	4483	0	37
2022.05.24	16:00:00	22.113	22.127	21.981	22.085	2075	0	37
2022.05.24	20:00:00	22.081	22.123	22.074	22.113	457	0	37
2022.05.25	00:00:00	22.115	22.128	21.955	22.046	1741	0	37
2022.05.25	04:00:00	22.048	22.052	21.887	21.914	1531	0	37
2022.05.25	08:00:00	21.916	21.933	21.723	21.777	1905	0	37
2022.05.25	12:00:00	21.779	21.956	21.725	21.855	3351	0	37
2022.05.25	16:00:00	21.856	22.035	21.796	22.004	2363	0	37
2022.05.25	20:00:00	22.007	22.007	21.956	21.967	356	0	37
2022.05.26	00:00:00	21.965	21.981	21.808	21.835	1762	0	37
2022.05.26	04:00:00	21.837	21.870	21.707	21.849	2075	0	37
2022.05.26	08:00:00	21.848	21.921	21.729	21.898	1964	0	37
2022.05.26	12:00:00	21.895	22.055	21.763	21.902	3211	0	37
2022.05.26	16:00:00	21.907	22.012	21.888	21.996	1037	0	37
2022.05.26	20:00:00	21.995	22.017	21.979	22.002	319	0	37
2022.05.27	00:00:00	21.997	22.108	21.921	22.080	2075	0	37
2022.05.27	04:00:00	22.082	22.180	22.033	22.177	1787	0	37
2022.05.27	08:00:00	22.179	22.365	22.157	22.270	2021	0	37
2022.05.27	12:00:00	22.276	22.425	22.008	22.041	4089	0	37
2022.05.27	16:00:00	22.042	22.092	22.021	22.062	994	0	37
2022.05.27	20:00:00	22.060	22.097	22.059	22.083	109	0	37
2022.05.29	20:00:00	22.058	22.082	21.997	22.023	276	0	37
2022.05.30	00:00:00	22.026	22.210	21.965	22.173	2019	0	37
2022.05.30	04:00:00	22.174	22.265	22.107	22.111	1873	0	37
2022.05.30	08:00:00	22.113	22.129	22.022	22.054	1348	0	37
2022.05.30	12:00:00	22.049	22.095	21.895	21.956	1899	0	37
2022.05.30	16:00:00	21.952	21.977	21.940	21.961	228	0	37
2022.05.30	20:00:00	21.974	21.984	21.900	21.907	325	0	37
2022.05.31	00:00:00	21.908	21.910	21.730	21.800	2284	0	37
2022.05.31	04:00:00	21.795	21.932	21.763	21.874	1869	0	37
2022.05.31	08:00:00	21.876	21.963	21.468	21.583	2045	0	37
2022.05.31	12:00:00	21.577	21.951	21.491	21.727	4866	0	37
2022.05.31	16:00:00	21.725	21.758	21.484	21.498	2084	0	37
2022.05.31	20:00:00	21.501	21.555	21.487	21.529	623	0	37
2022.06.01	00:00:00	21.533	21.576	21.483	21.519	1916	0	37
2022.06.01	04:00:00	21.514	21.638	21.418	21.557	2355	0	37
2022.06.01	08:00:00	21.560	21.620	21.445	21.548	2177	0	37
2022.06.01	12:00:00	21.546	21.956	21.532	21.813	3993	0	37
2022.06.01	16:00:00	21.814	21.930	21.802	21.808	2007	0	37
2022.06.01	20:00:00	21.814	21.826	21.769	21.771	371	0	37
2022.06.02	00:00:00	21.774	21.826	21.748	21.763	1654	0	37
2022.06.02	04:00:00	21.764	21.986	21.747	21.958	1708	0	37
2022.06.02	08:00:00	21.965	22.124	21.949	22.104	1447	0	37
2022.06.02	12:00:00	22.103	22.267	21.995	22.220	4968	0	37
2022.06.02	16:00:00	22.222	22.307	22.200	22.284	1387	0	37
2022.06.02	20:00:00	22.282	22.368	22.277	22.366	377	0	37
2022.06.03	00:00:00	22.370	22.440	22.329	22.371	1534	0	37
2022.06.03	04:00:00	22.374	22.389	22.235	22.285	1475	0	37
2022.06.03	08:00:00	22.283	22.466	22.272	22.342	1766	0	37
2022.06.03	12:00:00	22.345	22.437	21.838	21.871	5520	0	37
2022.06.03	16:00:00	21.870	21.937	21.830	21.907	2229	0	37
2022.06.03	20:00:00	21.908	21.934	21.900	21.905	158	0	37
2022.06.05	20:00:00	21.922	21.937	21.879	21.897	402	0	37
2022.06.06	00:00:00	21.891	22.274	21.887	22.227	2401	0	37
2022.06.06	04:00:00	22.228	22.276	22.164	22.271	1861	0	37
2022.06.06	08:00:00	22.275	22.360	22.221	22.316	1756	0	37
2022.06.06	12:00:00	22.321	22.496	22.010	22.078	4276	0	37
2022.06.06	16:00:00	22.082	22.141	22.037	22.068	1893	0	37
2022.06.06	20:00:00	22.071	22.076	21.995	22.017	453	0	37
2022.06.07	00:00:00	22.018	22.051	21.940	21.960	1933	0	37
2022.06.07	04:00:00	21.959	22.069	21.845	21.924	2529	0	37
2022.06.07	08:00:00	21.926	22.103	21.925	22.023	2199	0	37
2022.06.07	12:00:00	22.018	22.188	21.880	22.131	4090	0	37
2022.06.07	16:00:00	22.135	22.266	22.114	22.235	1699	0	37
2022.06.07	20:00:00	22.230	22.248	22.202	22.224	427	0	37
2022.06.08	00:00:00	22.227	22.229	22.058	22.060	1925	0	37
2022.06.08	04:00:00	22.056	22.191	22.017	22.090	1904	0	37
2022.06.08	08:00:00	22.086	22.088	21.885	21.991	1939	0	37
2022.06.08	12:00:00	21.986	22.198	21.792	22.166	3816	0	37
2022.06.08	16:00:00	22.169	22.183	22.005	22.036	1600	0	37
2022.06.08	20:00:00	22.035	22.051	22.008	22.034	367	0	37
2022.06.09	00:00:00	22.033	22.113	21.987	22.097	1598	0	37
2022.06.09	04:00:00	22.095	22.128	21.927	21.953	2222	0	37
2022.06.09	08:00:00	21.958	22.017	21.868	21.900	2197	0	37
2022.06.09	12:00:00	21.905	22.029	21.537	21.690	5351	0	37
2022.06.09	16:00:00	21.693	21.805	21.639	21.639	1649	0	37
2022.06.09	20:00:00	21.643	21.695	21.625	21.634	386	0	37
2022.06.10	00:00:00	21.640	21.687	21.586	21.637	1679	0	37
2022.06.10	04:00:00	21.640	21.734	21.608	21.662	1881	0	37
2022.06.10	08:00:00	21.657	21.715	21.324	21.357	2236	0	37
2022.06.10	12:00:00	21.351	21.889	21.277	21.875	7196	0	37
2022.06.10	16:00:00	21.879	21.976	21.843	21.859	2880	0	37
2022.06.10	20:00:00	21.861	21.892	21.852	21.878	190	0	37
2022.06.12	20:00:00	21.975	21.986	21.858	21.890	772	0	37
2022.06.13	00:00:00	21.893	21.897	21.605	21.662	2554	0	37
2022.06.13	04:00:00	21.659	21.713	21.488	21.531	2537	0	37
2022.06.13	08:00:00	21.528	21.595	21.402	21.593	2623	0	37
2022.06.13	12:00:00	21.595	21.676	20.947	21.205	6475	0	37
2022.06.13	16:00:00	21.209	21.339	21.075	21.124	3762	0	37
2022.06.13	20:00:00	21.128	21.144	21.034	21.109	1181	0	37
2022.06.14	00:00:00	21.112	21.194	21.074	21.150	2782	0	37
2022.06.14	04:00:00	21.154	21.362	21.142	21.248	2895	0	37
2022.06.14	08:00:00	21.249	21.272	21.048	21.059	3338	0	37
2022.06.14	12:00:00	21.056	21.308	20.880	20.908	5557	0	37
2022.06.14	16:00:00	20.903	21.051	20.882	20.988	2859	0	37
2022.06.14	20:00:00	20.984	21.084	20.959	21.080	677	0	37
2022.06.15	00:00:00	21.078	21.232	21.028	21.141	2473	0	37
2022.06.15	04:00:00	21.144	21.389	21.097	21.334	2703	0	37
2022.06.15	08:00:00	21.332	21.566	21.292	21.462	3405	0	37
2022.06.15	12:00:00	21.463	21.658	21.437	21.487	5630	0	37
2022.06.15	16:00:00	21.492	21.828	21.335	21.624	5970	0	37
2022.06.15	20:00:00	21.626	21.711	21.605	21.696	838	0	37
2022.06.16	00:00:00	21.694	21.738	21.617	21.667	1843	0	37
2022.06.16	04:00:00	21.668	21.681	21.474	21.557	2524	0	37
2022.06.16	08:00:00	21.562	21.650	21.331	21.358	3285	0	37
2022.06.16	12:00:00	21.361	21.816	21.357	21.799	5406	0	37
2022.06.16	16:00:00	21.805	21.942	21.796	21.907	3493	0	37
2022.06.16	20:00:00	21.909	21.949	21.829	21.853	813	0	37
2022.06.17	00:00:00	21.859	21.859	21.707	21.768	2193	0	37
2022.06.17	04:00:00	21.767	21.925	21.767	21.882	2298	0	37
2022.06.17	08:00:00	21.881	21.931	21.812	21.846	2678	0	37
2022.06.17	12:00:00	21.853	21.921	21.562	21.631	5978	0	37
2022.06.17	16:00:00	21.629	21.660	21.561	21.639	2383	0	37
2022.06.17	20:00:00	21.638	21.672	21.609	21.664	167	0	37
2022.06.19	20:00:00	21.537	21.640	21.530	21.627	569	0	37
2022.06.20	00:00:00	21.629	21.739	21.454	21.711	3100	0	37
2022.06.20	04:00:00	21.710	21.744	21.555	21.579	2299	0	37
2022.06.20	08:00:00	21.574	21.680	21.564	21.584	2149	0	37
2022.06.20	12:00:00	21.585	21.684	21.526	21.585	2557	0	37
2022.06.20	16:00:00	21.584	21.584	21.510	21.524	358	0	37
2022.06.20	20:00:00	21.563	21.596	21.556	21.584	364	0	37
2022.06.21	00:00:00	21.582	21.711	21.571	21.681	2083	0	37
2022.06.21	04:00:00	21.680	21.695	21.477	21.666	2405	0	37
2022.06.21	08:00:00	21.664	21.738	21.600	21.665	2217	0	37
2022.06.21	12:00:00	21.667	21.922	21.625	21.748	4379	0	37
2022.06.21	16:00:00	21.751	21.758	21.625	21.634	1911	0	37
2022.06.21	20:00:00	21.632	21.686	21.330	21.601	1059	0	37
2022.06.22	00:00:00	21.598	21.601	21.383	21.404	2595	0	37
2022.06.22	04:00:00	21.407	21.423	21.220	21.296	2812	0	37
2022.06.22	08:00:00	21.298	21.505	21.243	21.426	2605	0	37
2022.06.22	12:00:00	21.431	21.577	21.339	21.454	5578	0	37
2022.06.22	16:00:00	21.451	21.513	21.385	21.391	2141	0	37
2022.06.22	20:00:00	21.393	21.414	21.355	21.374	350	0	37
2022.06.23	00:00:00	21.375	21.419	21.254	21.258	2192	0	37
2022.06.23	04:00:00	21.256	21.389	21.251	21.359	2430	0	37
2022.06.23	08:00:00	21.357	21.360	21.085	21.156	2864	0	37
2022.06.23	12:00:00	21.152	21.489	21.083	21.205	5074	0	37
2022.06.23	16:00:00	21.203	21.234	20.905	20.988	3174	0	37
2022.06.23	20:00:00	20.983	21.046	20.929	20.997	675	0	37
2022.06.24	00:00:00	20.995	21.047	20.779	20.994	3025	0	37
2022.06.24	04:00:00	20.990	21.127	20.849	21.016	2677	0	37
2022.06.24	08:00:00	21.014	21.016	20.792	20.865	2447	0	37
2022.06.24	12:00:00	20.870	21.201	20.594	21.161	5819	0	37
2022.06.24	16:00:00	21.160	21.205	21.111	21.126	1461	0	37
2022.06.24	20:00:00	21.131	21.142	21.109	21.123	115	0	37
2022.06.26	20:00:00	21.205	21.212	21.124	21.131	775	0	37
2022.06.27	00:00:00	21.129	21.408	21.077	21.344	2808	0	37
2022.06.27	04:00:00	21.346	21.467	21.327	21.435	2036	0	37
2022.06.27	08:00:00	21.437	21.521	21.404	21.412	2061	0	37
2022.06.27	12:00:00	21.417	21.427	21.217	21.276	4285	0	37
2022.06.27	16:00:00	21.275	21.290	21.098	21.116	2092	0	37
2022.06.27	20:00:00	21.119	21.172	21.118	21.145	408	0	37
2022.06.28	00:00:00	21.146	21.188	21.025	21.169	1713	0	37
2022.06.28	04:00:00	21.171	21.346	21.153	21.250	1898	0	37
2022.06.28	08:00:00	21.252	21.307	21.164	21.222	1690	0	37
2022.06.28	12:00:00	21.218	21.269	20.856	20.885	3696	0	37
2022.06.28	16:00:00	20.886	20.916	20.780	20.794	1633	0	37
2022.06.28	20:00:00	20.796	20.843	20.779	20.802	461	0	37
2022.06.29	00:00:00	20.804	20.903	20.775	20.810	1813	0	37
2022.06.29	04:00:00	20.809	20.875	20.742	20.778	2412	0	37
2022.06.29	08:00:00	20.775	20.967	20.686	20.921	2552	0	37
2022.06.29	12:00:00	20.918	21.043	20.615	20.746	5068	0	37
2022.06.29	16:00:00	20.747	20.817	20.722	20.750	1402	0	37
2022.06.29	20:00:00	20.745	20.756	20.700	20.734	392	0	37
2022.06.30	00:00:00	20.739	20.799	20.691	20.695	1525	0	37
2022.06.30	04:00:00	20.694	20.803	20.686	20.756	1971	0	37
2022.06.30	08:00:00	20.753	20.762	20.280	20.419	2770	0	37
2022.06.30	12:00:00	20.416	20.704	20.196	20.446	5784	0	37
2022.06.30	16:00:00	20.450	20.479	20.208	20.208	2391	0	37
2022.06.30	20:00:00	20.215	20.272	20.154	20.244	720	0	37
2022.07.01	00:00:00	20.246	20.276	20.024	20.045	2731	0	37
2022.07.01	04:00:00	20.041	20.105	19.752	19.789	3445	0	37
2022.07.01	08:00:00	19.794	19.903	19.565	19.634	3858	0	36
2022.07.01	12:00:00	19.632	19.905	19.368	19.815	6497	0	36
2022.07.01	16:00:00	19.817	19.861	19.619	19.843	2318	0	36
2022.07.01	20:00:00	19.840	19.860	19.831	19.844	186	0	37
2022.07.03	20:00:00	19.868	19.957	19.824	19.824	582	0	37
2022.07.04	00:00:00	19.823	19.882	19.752	19.847	2681	0	37
2022.07.04	04:00:00	19.845	19.912	19.801	19.850	2088	0	36
2022.07.04	08:00:00	19.849	19.876	19.759	19.834	1605	0	36
2022.07.04	12:00:00	19.837	19.971	19.784	19.886	2233	0	36
2022.07.04	16:00:00	19.888	19.920	19.875	19.908	240	0	37
2022.07.04	20:00:00	19.928	20.032	19.912	19.974	407	0	37
2022.07.05	00:00:00	19.969	20.186	19.945	20.064	2321	0	37
2022.07.05	04:00:00	20.066	20.171	19.955	19.992	2772	0	37
2022.07.05	08:00:00	19.989	19.989	19.684	19.719	2973	0	37
2022.07.05	12:00:00	19.721	19.900	19.082	19.187	6586	0	22
2022.07.05	16:00:00	19.181	19.269	19.095	19.220	2660	0	22
2022.07.05	20:00:00	19.225	19.261	19.180	19.223	545	0	36
2022.07.06	00:00:00	19.226	19.325	19.155	19.163	3137	0	36
2022.07.06	04:00:00	19.165	19.301	18.907	19.272	3566	0	36
2022.07.06	08:00:00	19.270	19.378	19.108	19.241	3122	0	22
2022.07.06	12:00:00	19.238	19.336	18.940	19.115	6211	0	22
2022.07.06	16:00:00	19.117	19.284	19.074	19.179	2987	0	22
2022.07.06	20:00:00	19.185	19.219	19.159	19.164	506	0	36
2022.07.07	00:00:00	19.160	19.414	19.083	19.373	2962	0	36
2022.07.07	04:00:00	19.371	19.417	19.276	19.349	2699	0	36
2022.07.07	08:00:00	19.347	19.445	19.253	19.405	2736	0	22
2022.07.07	12:00:00	19.408	19.470	19.217	19.224	4235	0	22
2022.07.07	16:00:00	19.226	19.284	19.170	19.222	1453	0	22
2022.07.07	20:00:00	19.223	19.239	19.188	19.231	354	0	22
2022.07.08	00:00:00	19.233	19.314	19.128	19.181	2456	0	36
2022.07.08	04:00:00	19.175	19.244	19.003	19.093	2418	0	22
2022.07.08	08:00:00	19.091	19.194	19.074	19.150	2578	0	22
2022.07.08	12:00:00	19.148	19.435	19.035	19.273	6000	0	22
2022.07.08	16:00:00	19.274	19.320	19.208	19.278	1635	0	22
2022.07.08	20:00:00	19.280	19.309	19.269	19.294	160	0	36
2022.07.10	20:00:00	19.245	19.348	19.245	19.321	557	0	37
2022.07.11	00:00:00	19.326	19.332	19.179	19.310	3037	0	36
2022.07.11	04:00:00	19.309	19.322	19.129	19.145	2511	0	36
2022.07.11	08:00:00	19.147	19.354	19.144	19.190	2412	0	22
2022.07.11	12:00:00	19.193	19.309	19.119	19.178	4575	0	22
2022.07.11	16:00:00	19.181	19.208	19.054	19.064	1368	0	22
2022.07.11	20:00:00	19.062	19.109	19.062	19.083	431	0	22
2022.07.12	00:00:00	19.087	19.183	18.856	19.070	3585	0	22
2022.07.12	04:00:00	19.069	19.074	18.887	18.931	3103	0	22
2022.07.12	08:00:00	18.929	19.020	18.728	18.855	3182	0	22
2022.07.12	12:00:00	18.857	19.115	18.837	19.083	5061	0	22
2022.07.12	16:00:00	19.085	19.105	18.882	18.914	1742	0	22
2022.07.12	20:00:00	18.915	18.922	18.875	18.878	540	0	22
2022.07.13	00:00:00	18.883	18.988	18.865	18.954	2579	0	22
2022.07.13	04:00:00	18.956	19.019	18.885	18.971	2839	0	22
2022.07.13	08:00:00	18.968	19.013	18.922	19.003	2113	0	22
2022.07.13	12:00:00	19.004	19.392	18.845	19.224	6939	0	22
2022.07.13	16:00:00	19.225	19.324	19.157	19.163	2953	0	22
2022.07.13	20:00:00	19.167	19.213	19.102	19.117	724	0	36
2022.07.14	00:00:00	19.119	19.182	19.041	19.156	2503	0	22
2022.07.14	04:00:00	19.157	19.161	18.940	18.990	3359	0	22
2022.07.14	08:00:00	18.989	19.005	18.680	18.701	3714	0	22
2022.07.14	12:00:00	18.697	18.710	18.134	18.406	8643	0	22
2022.07.14	16:00:00	18.407	18.480	18.234	18.408	3153	0	22
2022.07.14	20:00:00	18.412	18.446	18.403	18.442	494	0	22
2022.07.15	00:00:00	18.434	18.448	18.308	18.316	2929	0	22
2022.07.15	04:00:00	18.315	18.363	18.181	18.237	3446	0	22
2022.07.15	08:00:00	18.239	18.467	18.217	18.419	3068	0	22
2022.07.15	12:00:00	18.423	18.763	18.373	18.645	6904	0	22
2022.07.15	16:00:00	18.648	18.685	18.612	18.652	1335	0	22
2022.07.15	20:00:00	18.651	18.694	18.642	18.693	142	0	22
2022.07.17	20:00:00	18.695	18.754	18.685	18.734	587	0	22
2022.07.18	00:00:00	18.731	18.853	18.633	18.829	2702	0	22
2022.07.18	04:00:00	18.826	18.958	18.783	18.927	2952	0	22
2022.07.18	08:00:00	18.926	18.970	18.804	18.827	2764	0	22
2022.07.18	12:00:00	18.824	19.002	18.761	18.875	4843	0	22
2022.07.18	16:00:00	18.874	18.914	18.623	18.655	1737	0	22
2022.07.18	20:00:00	18.658	18.722	18.641	18.706	370	0	22
2022.07.19	00:00:00	18.709	18.715	18.568	18.673	2157	0	22
2022.07.19	04:00:00	18.675	18.797	18.666	18.773	2397	0	22
2022.07.19	08:00:00	18.770	18.897	18.761	18.814	2650	0	22
2022.07.19	12:00:00	18.818	18.846	18.733	18.832	3781	0	22
2022.07.19	16:00:00	18.835	18.842	18.723	18.739	1237	0	22
2022.07.19	20:00:00	18.738	18.792	18.722	18.753	408	0	22
2022.07.20	00:00:00	18.755	18.817	18.733	18.798	1563	0	22
2022.07.20	04:00:00	18.800	18.832	18.727	18.783	1910	0	22
2022.07.20	08:00:00	18.780	18.902	18.727	18.771	2062	0	22
2022.07.20	12:00:00	18.774	19.079	18.766	18.851	4497	0	22
2022.07.20	16:00:00	18.851	18.851	18.633	18.640	2265	0	22
2022.07.20	20:00:00	18.641	18.718	18.604	18.664	732	0	36
2022.07.21	00:00:00	18.658	18.669	18.522	18.545	1999	0	36
2022.07.21	04:00:00	18.547	18.640	18.390	18.417	2208	0	22
2022.07.21	08:00:00	18.418	18.421	18.229	18.350	2541	0	22
2022.07.21	12:00:00	18.346	18.804	18.245	18.772	6402	0	22
2022.07.21	16:00:00	18.769	18.854	18.726	18.846	1668	0	22
2022.07.21	20:00:00	18.845	18.864	18.783	18.799	407	0	36
2022.07.22	00:00:00	18.801	18.863	18.731	18.743	1568	0	36
2022.07.22	04:00:00	18.742	18.820	18.715	18.740	2424	0	22
2022.07.22	08:00:00	18.737	18.914	18.713	18.872	2687	0	22
2022.07.22	12:00:00	18.875	18.937	18.723	18.762	5655	0	22
2022.07.22	16:00:00	18.765	18.773	18.499	18.568	2615	0	22
2022.07.22	20:00:00	18.570	18.615	18.546	18.586	214	0	22
2022.07.24	20:00:00	18.572	18.574	18.513	18.513	424	0	22
2022.07.25	00:00:00	18.515	18.631	18.409	18.604	2508	0	22
2022.07.25	04:00:00	18.605	18.638	18.517	18.569	2267	0	22
2022.07.25	08:00:00	18.571	18.778	18.560	18.613	2377	0	22
2022.07.25	12:00:00	18.617	18.640	18.307	18.419	3862	0	22
2022.07.25	16:00:00	18.417	18.463	18.395	18.417	1100	0	22
2022.07.25	20:00:00	18.420	18.440	18.378	18.385	348	0	22
2022.07.26	00:00:00	18.387	18.597	18.378	18.517	1831	0	22
2022.07.26	04:00:00	18.524	18.679	18.474	18.619	1725	0	22
2022.07.26	08:00:00	18.620	18.666	18.424	18.465	2120	0	22
2022.07.26	12:00:00	18.462	18.710	18.409	18.570	4370	0	22
2022.07.26	16:00:00	18.572	18.653	18.568	18.592	1162	0	22
2022.07.26	20:00:00	18.596	18.673	18.593	18.665	422	0	22
2022.07.27	00:00:00	18.666	18.710	18.572	18.580	1446	0	22
2022.07.27	04:00:00	18.577	18.670	18.551	18.656	1739	0	22
2022.07.27	08:00:00	18.661	18.844	18.652	18.754	1823	0	22
2022.07.27	12:00:00	18.756	18.842	18.442	18.639	3887	0	22
2022.07.27	16:00:00	18.645	19.116	18.616	19.058	4043	0	22
2022.07.27	20:00:00	19.056	19.169	19.022	19.134	937	0	36
2022.07.28	00:00:00	19.129	19.293	19.048	19.252	2476	0	22
2022.07.28	04:00:00	19.254	19.367	19.229	19.360	2253	0	22
2022.07.28	08:00:00	19.362	19.509	19.272	19.377	2858	0	22
2022.07.28	12:00:00	19.383	19.858	19.316	19.777	6424	0	36
2022.07.28	16:00:00	19.773	19.976	19.743	19.967	1958	0	36
2022.07.28	20:00:00	19.970	20.004	19.891	19.934	586	0	37
2022.07.29	00:00:00	19.929	20.090	19.890	20.077	2187	0	37
2022.07.29	04:00:00	20.075	20.207	20.041	20.126	2342	0	37
2022.07.29	08:00:00	20.128	20.131	19.923	19.984	2796	0	37
2022.07.29	12:00:00	19.981	20.271	19.831	20.236	5687	0	37
2022.07.29	16:00:00	20.237	20.292	20.170	20.250	1688	0	37
2022.07.29	20:00:00	20.254	20.350	20.253	20.340	215	0	37
2022.07.31	20:00:00	20.221	20.251	20.177	20.200	559	0	37
2022.08.01	00:00:00	20.204	20.238	20.070	20.111	2732	0	37
2022.08.01	04:00:00	20.107	20.230	20.078	20.201	2298	0	37
2022.08.01	08:00:00	20.200	20.450	20.168	20.399	2590	0	37
2022.08.01	12:00:00	20.402	20.489	20.218	20.325	5623	0	37
2022.08.01	16:00:00	20.319	20.402	20.227	20.349	2070	0	37
2022.08.01	20:00:00	20.351	20.357	20.311	20.313	418	0	37
2022.08.02	00:00:00	20.308	20.380	20.216	20.229	2475	0	37
2022.08.02	04:00:00	20.231	20.288	20.109	20.237	2575	0	37
2022.08.02	08:00:00	20.234	20.421	20.224	20.414	2642	0	37
2022.08.02	12:00:00	20.416	20.491	20.075	20.242	6444	0	37
2022.08.02	16:00:00	20.236	20.247	19.946	19.948	3305	0	36
2022.08.02	20:00:00	19.953	19.996	19.831	19.847	890	0	37
2022.08.03	00:00:00	19.852	19.991	19.766	19.983	2372	0	37
2022.08.03	04:00:00	19.986	20.049	19.839	19.885	2486	0	36
2022.08.03	08:00:00	19.886	20.044	19.843	20.025	2465	0	37
2022.08.03	12:00:00	20.021	20.152	19.834	19.911	5202	0	36
2022.08.03	16:00:00	19.905	20.076	19.892	20.051	1655	0	37
2022.08.03	20:00:00	20.053	20.057	19.975	19.975	396	0	37
2022.08.04	00:00:00	19.973	20.065	19.948	19.964	1689	0	37
2022.08.04	04:00:00	19.966	20.137	19.964	20.054	2113	0	37
2022.08.04	08:00:00	20.052	20.347	20.023	20.314	2594	0	37
2022.08.04	12:00:00	20.313	20.371	19.948	20.111	5145	0	37
2022.08.04	16:00:00	20.110	20.247	20.093	20.189	1738	0	37
2022.08.04	20:00:00	20.193	20.201	20.149	20.186	453	0	37
2022.08.05	00:00:00	20.188	20.284	20.165	20.275	1892	0	37
2022.08.05	04:00:00	20.272	20.298	20.138	20.168	1759	0	37
2022.08.05	08:00:00	20.163	20.173	19.989	20.107	1828	0	37
2022.08.05	12:00:00	20.105	20.165	19.535	19.841	6486	0	36
2022.08.05	16:00:00	19.843	19.907	19.807	19.863	2026	0	37
2022.08.05	20:00:00	19.864	19.888	19.864	19.886	117	0	37
2022.08.07	20:00:00	19.841	19.846	19.793	19.812	477	0	37
2022.08.08	00:00:00	19.810	19.910	19.782	19.890	1636	0	37
2022.08.08	04:00:00	19.893	20.090	19.861	20.063	1342	0	37
2022.08.08	08:00:00	20.066	20.265	19.992	20.237	1578	0	37
2022.08.08	12:00:00	20.243	20.725	20.224	20.629	4112	0	37
2022.08.08	16:00:00	20.631	20.654	20.574	20.627	1535	0	37
2022.08.08	20:00:00	20.625	20.711	20.614	20.690	479	0	37
2022.08.09	00:00:00	20.689	20.694	20.577	20.666	1695	0	37
2022.08.09	04:00:00	20.670	20.722	20.537	20.541	1738	0	37
2022.08.09	08:00:00	20.540	20.646	20.502	20.591	1919	0	37
2022.08.09	12:00:00	20.592	20.689	20.397	20.468	3888	0	37
2022.08.09	16:00:00	20.467	20.525	20.441	20.519	1376	0	37
2022.08.09	20:00:00	20.524	20.527	20.490	20.499	290	0	37
2022.08.10	00:00:00	20.501	20.519	20.424	20.427	1286	0	37
2022.08.10	04:00:00	20.429	20.434	20.347	20.368	1587	0	37
2022.08.10	08:00:00	20.370	20.493	20.332	20.469	1667	0	37
2022.08.10	12:00:00	20.467	20.825	20.396	20.714	5599	0	37
2022.08.10	16:00:00	20.715	20.767	20.517	20.550	1992	0	37
2022.08.10	20:00:00	20.545	20.595	20.544	20.574	453	0	37
2022.08.11	00:00:00	20.575	20.589	20.429	20.435	1455	0	37
2022.08.11	04:00:00	20.432	20.552	20.419	20.483	1901	0	37
2022.08.11	08:00:00	20.484	20.588	20.372	20.587	1998	0	37
2022.08.11	12:00:00	20.588	20.616	20.230	20.344	4730	0	37
2022.08.11	16:00:00	20.349	20.391	20.241	20.248	1783	0	37
2022.08.11	20:00:00	20.252	20.300	20.241	20.258	475	0	37
2022.08.12	00:00:00	20.254	20.371	20.224	20.366	1517	0	37
2022.08.12	04:00:00	20.364	20.430	20.345	20.371	1768	0	37
2022.08.12	08:00:00	20.370	20.374	20.239	20.283	1911	0	37
2022.08.12	12:00:00	20.285	20.555	20.268	20.515	4417	0	37
2022.08.12	16:00:00	20.513	20.813	20.505	20.789	1710	0	37
2022.08.12	20:00:00	20.790	20.818	20.776	20.796	159	0	37
2022.08.14	20:00:00	20.773	20.786	20.740	20.755	466	0	37
2022.08.15	00:00:00	20.750	20.856	20.606	20.630	2091	0	37
2022.08.15	04:00:00	20.628	20.634	20.515	20.522	1701	0	37
2022.08.15	08:00:00	20.525	20.530	20.179	20.218	2640	0	37
2022.08.15	12:00:00	20.213	20.338	20.071	20.302	4905	0	37
2022.08.15	16:00:00	20.299	20.371	20.200	20.252	1477	0	37
2022.08.15	20:00:00	20.250	20.289	20.205	20.231	474	0	37
2022.08.16	00:00:00	20.233	20.248	20.121	20.206	1608	0	37
2022.08.16	04:00:00	20.208	20.232	20.082	20.142	1702	0	37
2022.08.16	08:00:00	20.140	20.145	20.018	20.094	2247	0	37
2022.08.16	12:00:00	20.095	20.200	19.896	20.126	4566	0	37
2022.08.16	16:00:00	20.130	20.174	20.081	20.124	1545	0	37
2022.08.16	20:00:00	20.126	20.142	20.107	20.113	341	0	37
2022.08.17	00:00:00	20.109	20.141	20.042	20.063	1515	0	37
2022.08.17	04:00:00	20.061	20.257	19.986	19.992	1919	0	37
2022.08.17	08:00:00	19.985	20.012	19.784	19.832	2157	0	37
2022.08.17	12:00:00	19.835	19.970	19.686	19.704	4877	0	36
2022.08.17	16:00:00	19.705	19.959	19.679	19.808	3023	0	37
2022.08.17	20:00:00	19.802	19.816	19.769	19.805	484	0	37
2022.08.18	00:00:00	19.804	19.835	19.616	19.626	1605	0	36
2022.08.18	04:00:00	19.624	19.707	19.593	19.648	2001	0	36
2022.08.18	08:00:00	19.651	19.895	19.647	19.890	2406	0	36
2022.08.18	12:00:00	19.894	19.920	19.568	19.625	4524	0	36
2022.08.18	16:00:00	19.626	19.629	19.468	19.548	2093	0	36
2022.08.18	20:00:00	19.549	19.556	19.480	19.495	384	0	36
2022.08.19	00:00:00	19.494	19.497	19.373	19.382	1956	0	36
2022.08.19	04:00:00	19.383	19.396	19.252	19.256	2208	0	22
2022.08.19	08:00:00	19.258	19.278	19.183	19.268	2249	0	22
2022.08.19	12:00:00	19.261	19.308	19.008	19.114	4660	0	22
2022.08.19	16:00:00	19.112	19.168	19.024	19.034	1711	0	22
2022.08.19	20:00:00	19.032	19.055	19.030	19.037	130	0	22
2022.08.21	20:00:00	19.006	19.054	18.956	18.980	500	0	36
2022.08.22	00:00:00	18.982	19.139	18.959	19.079	2162	0	22
2022.08.22	04:00:00	19.078	19.079	18.902	18.921	2379	0	22
2022.08.22	08:00:00	18.919	18.986	18.845	18.900	3042	0	22
2022.08.22	12:00:00	18.897	19.078	18.702	19.033	5442	0	22
2022.08.22	16:00:00	19.037	19.038	18.939	18.970	1865	0	22
2022.08.22	20:00:00	18.969	18.990	18.921	18.940	366	0	22
2022.08.23	00:00:00	18.947	19.069	18.921	18.951	2044	0	22
2022.08.23	04:00:00	18.953	19.020	18.853	19.002	2342	0	22
2022.08.23	08:00:00	19.005	19.097	18.921	18.986	2349	0	22
2022.08.23	12:00:00	18.988	19.262	18.780	19.148	5267	0	22
2022.08.23	16:00:00	19.149	19.167	19.059	19.101	1913	0	22
2022.08.23	20:00:00	19.108	19.127	19.070	19.070	341	0	22
2022.08.24	00:00:00	19.075	19.098	19.005	19.043	1913	0	36
2022.08.24	04:00:00	19.046	19.121	19.016	19.079	1907	0	22
2022.08.24	08:00:00	19.077	19.173	18.966	19.005	2379	0	22
2022.08.24	12:00:00	19.008	19.212	18.938	19.098	4797	0	22
2022.08.24	16:00:00	19.097	19.128	19.003	19.104	1744	0	22
2022.08.24	20:00:00	19.106	19.122	19.087	19.103	220	0	36
2022.08.25	00:00:00	19.098	19.265	19.089	19.230	1680	0	36
2022.08.25	04:00:00	19.232	19.380	19.212	19.354	2208	0	22
2022.08.25	08:00:00	19.353	19.383	19.269	19.272	2221	0	22
2022.08.25	12:00:00	19.276	19.289	19.087	19.146	4464	0	22
2022.08.25	16:00:00	19.148	19.257	19.135	19.206	1818	0	22
2022.08.25	20:00:00	19.209	19.245	19.176	19.181	379	0	36
2022.08.26	00:00:00	19.180	19.254	19.140	19.254	1284	0	22
2022.08.26	04:00:00	19.249	19.270	19.166	19.240	1800	0	22
2022.08.26	08:00:00	19.239	19.245	19.151	19.181	2101	0	22
2022.08.26	12:00:00	19.179	19.410	18.918	19.008	6919	0	22
2022.08.26	16:00:00	19.005	19.009	18.805	18.838	2805	0	22
2022.08.26	20:00:00	18.837	18.891	18.837	18.887	146	0	36
2022.08.28	20:00:00	18.775	18.848	18.713	18.716	782	0	36
2022.08.29	00:00:00	18.721	18.750	18.577	18.624	2211	0	22
2022.08.29	04:00:00	18.622	18.645	18.494	18.585	1925	0	22
2022.08.29	08:00:00	18.587	18.699	18.525	18.672	1980	0	22
2022.08.29	12:00:00	18.674	18.899	18.590	18.852	4107	0	22
2022.08.29	16:00:00	18.855	18.874	18.729	18.760	1577	0	22
2022.08.29	20:00:00	18.757	18.791	18.719	18.776	511	0	22
2022.08.30	00:00:00	18.783	18.785	18.630	18.681	2004	0	22
2022.08.30	04:00:00	18.680	18.781	18.657	18.709	2359	0	22
2022.08.30	08:00:00	18.707	18.832	18.642	18.675	2556	0	22
2022.08.30	12:00:00	18.674	18.695	18.338	18.424	5189	0	22
2022.08.30	16:00:00	18.423	18.468	18.370	18.405	2017	0	22
2022.08.30	20:00:00	18.404	18.435	18.371	18.393	335	0	22
2022.08.31	00:00:00	18.399	18.498	18.365	18.487	1384	0	22
2022.08.31	04:00:00	18.488	18.533	18.347	18.351	1807	0	22
2022.08.31	08:00:00	18.350	18.377	17.927	18.014	3656	0	22
2022.08.31	12:00:00	18.011	18.229	17.980	18.098	6167	0	22
2022.08.31	16:00:00	18.101	18.108	17.978	17.984	1867	0	22
2022.08.31	20:00:00	17.986	17.989	17.895	17.911	640	0	22
2022.09.01	00:00:00	17.908	17.908	17.642	17.678	2488	0	22
2022.09.01	04:00:00	17.675	17.827	17.662	17.763	2237	0	22
2022.09.01	08:00:00	17.765	17.841	17.655	17.725	2781	0	22
2022.09.01	12:00:00	17.729	17.853	17.550	17.771	6646	0	22
2022.09.01	16:00:00	17.768	17.860	17.737	17.765	2718	0	22
2022.09.01	20:00:00	17.767	17.827	17.759	17.824	374	0	22
2022.09.02	00:00:00	17.820	17.895	17.775	17.872	1770	0	22
2022.09.02	04:00:00	17.874	17.965	17.823	17.944	1895	0	22
2022.09.02	08:00:00	17.945	17.979	17.863	17.925	1881	0	22
2022.09.02	12:00:00	17.922	18.277	17.870	18.213	6895	0	22
2022.09.02	16:00:00	18.214	18.218	17.941	17.973	2717	0	22
2022.09.02	20:00:00	17.974	18.049	17.974	18.043	148	0	22
2022.09.04	20:00:00	17.962	17.977	17.932	17.939	616	0	22
2022.09.05	00:00:00	17.938	18.062	17.938	18.033	1981	0	22
2022.09.05	04:00:00	18.035	18.133	18.011	18.128	1860	0	22
2022.09.05	08:00:00	18.127	18.239	18.093	18.214	2033	0	22
2022.09.05	12:00:00	18.213	18.214	18.063	18.125	1813	0	22
2022.09.05	16:00:00	18.128	18.147	18.120	18.125	169	0	22
2022.09.05	20:00:00	18.099	18.217	18.099	18.206	345	0	22
2022.09.06	00:00:00	18.203	18.391	18.190	18.278	2044	0	22
2022.09.06	04:00:00	18.279	18.451	18.245	18.436	2217	0	22
2022.09.06	08:00:00	18.434	18.564	18.251	18.475	2781	0	22
2022.09.06	12:00:00	18.478	18.484	17.994	18.068	6393	0	22
2022.09.06	16:00:00	18.066	18.098	17.933	17.949	2239	0	22
2022.09.06	20:00:00	17.945	17.998	17.945	17.975	424	0	22
2022.09.07	00:00:00	17.972	17.980	17.838	17.858	2348	0	22
2022.09.07	04:00:00	17.855	18.176	17.838	18.163	2596	0	22
2022.09.07	08:00:00	18.164	18.239	18.072	18.092	2837	0	22
2022.09.07	12:00:00	18.094	18.335	18.023	18.244	4833	0	22
2022.09.07	16:00:00	18.239	18.460	18.229	18.451	1952	0	22
2022.09.07	20:00:00	18.449	18.466	18.419	18.435	417	0	22
2022.09.08	00:00:00	18.439	18.477	18.387	18.448	1861	0	22
2022.09.08	04:00:00	18.450	18.607	18.409	18.520	1899	0	22
2022.09.08	08:00:00	18.521	18.729	18.486	18.625	2429	0	22
2022.09.08	12:00:00	18.627	18.712	18.312	18.437	7323	0	22
2022.09.08	16:00:00	18.440	18.552	18.371	18.493	2274	0	22
2022.09.08	20:00:00	18.496	18.569	18.493	18.558	318	0	22
2022.09.09	00:00:00	18.555	18.841	18.543	18.788	1726	0	22
2022.09.09	04:00:00	18.790	18.880	18.755	18.866	2730	0	22
2022.09.09	08:00:00	18.864	18.934	18.629	18.644	2957	0	22
2022.09.09	12:00:00	18.649	18.793	18.564	18.759	5195	0	22
2022.09.09	16:00:00	18.754	18.863	18.721	18.787	1617	0	22
2022.09.09	20:00:00	18.777	18.829	18.777	18.829	103	0	36
2022.09.11	20:00:00	18.936	18.990	18.888	18.917	475	0	36
2022.09.12	00:00:00	18.918	18.951	18.828	18.848	1281	0	36
2022.09.12	04:00:00	18.849	19.174	18.826	19.158	2356	0	22
2022.09.12	08:00:00	19.164	19.475	19.123	19.452	3189	0	22
2022.09.12	12:00:00	19.457	19.963	19.405	19.938	5764	0	36
2022.09.12	16:00:00	19.937	19.995	19.715	19.718	2495	0	36
2022.09.12	20:00:00	19.720	19.875	19.720	19.828	439	0	37
2022.09.13	00:00:00	19.821	19.856	19.510	19.607	2230	0	37
2022.09.13	04:00:00	19.605	19.797	19.600	19.795	2091	0	37
2022.09.13	08:00:00	19.796	19.906	19.730	19.869	2750	0	36
2022.09.13	12:00:00	19.866	19.927	19.351	19.425	7125	0	36
2022.09.13	16:00:00	19.423	19.544	19.323	19.343	2217	0	22
2022.09.13	20:00:00	19.342	19.369	19.277	19.332	597	0	36
2022.09.14	00:00:00	19.337	19.367	19.221	19.281	2347	0	36
2022.09.14	04:00:00	19.276	19.444	19.247	19.407	3153	0	22
2022.09.14	08:00:00	19.412	19.581	19.395	19.433	3134	0	22
2022.09.14	12:00:00	19.435	19.678	19.405	19.618	5057	0	36
2022.09.14	16:00:00	19.624	19.652	19.439	19.525	1936	0	36
2022.09.14	20:00:00	19.523	19.646	19.518	19.631	550	0	37
2022.09.15	00:00:00	19.629	19.641	19.458	19.483	1563	0	36
2022.09.15	04:00:00	19.484	19.504	19.325	19.494	2018	0	36
2022.09.15	08:00:00	19.492	19.499	19.311	19.378	2675	0	22
2022.09.15	12:00:00	19.377	19.575	19.095	19.170	5769	0	22
2022.09.15	16:00:00	19.167	19.297	19.114	19.136	2325	0	22
2022.09.15	20:00:00	19.137	19.177	18.888	18.949	693	0	22
2022.09.16	00:00:00	18.952	19.150	18.952	19.150	1885	0	22
2022.09.16	04:00:00	19.151	19.187	18.831	18.898	2501	0	22
2022.09.16	08:00:00	18.897	19.067	18.766	19.038	3165	0	22
2022.09.16	12:00:00	19.039	19.512	18.921	19.343	6142	0	22
2022.09.16	16:00:00	19.338	19.605	19.308	19.516	1975	0	22
2022.09.16	20:00:00	19.522	19.585	19.516	19.558	172	0	37
2022.09.18	20:00:00	19.528	19.639	19.507	19.598	575	0	37
2022.09.19	00:00:00	19.596	19.623	19.342	19.382	1954	0	37
2022.09.19	04:00:00	19.380	19.428	19.212	19.298	1873	0	22
2022.09.19	08:00:00	19.295	19.366	19.257	19.316	2542	0	22
2022.09.19	12:00:00	19.318	19.484	19.203	19.331	4731	0	22
2022.09.19	16:00:00	19.335	19.511	19.303	19.500	1893	0	22
2022.09.19	20:00:00	19.499	19.556	19.484	19.520	420	0	37
2022.09.20	00:00:00	19.518	19.561	19.418	19.520	1711	0	36
2022.09.20	04:00:00	19.524	19.524	19.324	19.336	2174	0	36
2022.09.20	08:00:00	19.335	19.350	19.222	19.278	2591	0	22
2022.09.20	12:00:00	19.284	19.312	19.046	19.210	4739	0	22
2022.09.20	16:00:00	19.212	19.273	19.131	19.238	2220	0	22
2022.09.20	20:00:00	19.232	19.276	19.223	19.276	420	0	36
2022.09.21	00:00:00	19.275	19.335	19.235	19.274	1496	0	36
2022.09.21	04:00:00	19.273	19.435	19.229	19.345	2705	0	23
2022.09.21	08:00:00	19.350	19.571	19.316	19.545	2351	0	22
2022.09.21	12:00:00	19.542	19.728	19.337	19.427	4250	0	36
2022.09.21	16:00:00	19.422	19.904	19.323	19.596	6235	0	36
2022.09.21	20:00:00	19.594	19.607	19.392	19.445	984	0	36
2022.09.22	00:00:00	19.449	19.481	19.231	19.348	2786	0	36
2022.09.22	04:00:00	19.344	19.456	19.284	19.422	2774	0	22
2022.09.22	08:00:00	19.425	19.699	19.406	19.604	4975	0	36
2022.09.22	12:00:00	19.603	19.839	19.414	19.516	6011	0	36
2022.09.22	16:00:00	19.513	19.663	19.504	19.609	2392	0	36
2022.09.22	20:00:00	19.612	19.659	19.594	19.656	401	0	37
2022.09.23	00:00:00	19.652	19.692	19.555	19.570	1541	0	36
2022.09.23	04:00:00	19.567	19.686	19.496	19.534	2355	0	36
2022.09.23	08:00:00	19.532	19.553	18.986	19.066	4564	0	22
2022.09.23	12:00:00	19.060	19.195	18.764	18.811	6380	0	22
2022.09.23	16:00:00	18.809	18.938	18.768	18.846	3181	0	22
2022.09.23	20:00:00	18.844	18.891	18.844	18.853	182	0	22
2022.09.25	20:00:00	18.774	18.826	18.703	18.770	862	0	36
2022.09.26	00:00:00	18.768	18.838	18.475	18.549	4030	0	22
2022.09.26	04:00:00	18.548	18.772	18.467	18.654	4082	0	22
2022.09.26	08:00:00	18.657	18.758	18.566	18.684	4244	0	22
2022.09.26	12:00:00	18.683	19.015	18.683	18.699	5931	0	22
2022.09.26	16:00:00	18.702	18.719	18.330	18.373	4347	0	22
2022.09.26	20:00:00	18.371	18.432	18.312	18.424	1001	0	22
2022.09.27	00:00:00	18.427	18.544	18.418	18.485	2485	0	22
2022.09.27	04:00:00	18.486	18.747	18.478	18.686	2694	0	22
2022.09.27	08:00:00	18.682	18.763	18.549	18.669	3300	0	22
2022.09.27	12:00:00	18.670	18.773	18.534	18.543	6028	0	22
2022.09.27	16:00:00	18.541	18.545	18.311	18.338	3280	0	22
2022.09.27	20:00:00	18.341	18.390	18.324	18.377	661	0	22
2022.09.28	00:00:00	18.378	18.421	18.160	18.194	2576	0	22
2022.09.28	04:00:00	18.195	18.234	17.958	18.141	3156	0	22
2022.09.28	08:00:00	18.143	18.324	17.955	18.120	6037	0	22
2022.09.28	12:00:00	18.117	18.779	18.108	18.773	7621	0	22
2022.09.28	16:00:00	18.776	18.963	18.728	18.914	3287	0	22
2022.09.28	20:00:00	18.917	18.917	18.823	18.827	564	0	22
2022.09.29	00:00:00	18.822	18.893	18.672	18.759	2246	0	36
2022.09.29	04:00:00	18.761	18.776	18.523	18.584	2893	0	22
2022.09.29	08:00:00	18.581	18.734	18.526	18.718	4329	0	22
2022.09.29	12:00:00	18.723	18.824	18.480	18.754	7625	0	22
2022.09.29	16:00:00	18.751	18.848	18.656	18.819	3255	0	22
2022.09.29	20:00:00	18.817	18.888	18.791	18.887	692	0	22
2022.09.30	00:00:00	18.890	18.903	18.760	18.823	2596	0	22
2022.09.30	04:00:00	18.825	19.176	18.801	19.133	3096	0	22
2022.09.30	08:00:00	19.138	19.183	18.947	18.958	4124	0	22
2022.09.30	12:00:00	18.965	19.274	18.855	19.187	6390	0	22
2022.09.30	16:00:00	19.185	19.205	18.978	19.003	2782	0	22
2022.09.30	20:00:00	18.997	19.027	18.994	19.018	217	0	36
2022.10.02	20:00:00	19.072	19.139	19.067	19.095	704	0	37
2022.10.03	00:00:00	19.090	19.253	19.036	19.196	1903	0	36
2022.10.03	04:00:00	19.195	19.502	19.164	19.303	3112	0	22
2022.10.03	08:00:00	19.308	19.422	19.260	19.421	3155	0	36
2022.10.03	12:00:00	19.426	20.504	19.370	20.463	6982	0	36
2022.10.03	16:00:00	20.462	20.695	20.384	20.695	2876	0	37
2022.10.03	20:00:00	20.697	20.827	20.641	20.757	974	0	37
2022.10.04	00:00:00	20.764	20.889	20.591	20.880	2204	0	37
2022.10.04	04:00:00	20.881	21.023	20.761	20.923	3395	0	37
2022.10.04	08:00:00	20.924	20.980	20.706	20.770	3748	0	37
2022.10.04	12:00:00	20.775	21.210	20.689	21.122	5905	0	37
2022.10.04	16:00:00	21.124	21.223	20.954	20.993	2994	0	37
2022.10.04	20:00:00	20.995	21.059	20.978	21.004	621	0	37
2022.10.05	00:00:00	21.006	21.018	20.774	20.775	2308	0	37
2022.10.05	04:00:00	20.779	20.976	20.696	20.711	2735	0	37
2022.10.05	08:00:00	20.716	20.727	20.217	20.250	3798	0	37
2022.10.05	12:00:00	20.251	20.387	19.924	20.378	6165	0	37
2022.10.05	16:00:00	20.377	20.724	20.321	20.612	3242	0	37
2022.10.05	20:00:00	20.613	20.668	20.509	20.665	695	0	37
2022.10.06	00:00:00	20.662	20.841	20.627	20.774	2495	0	37
2022.10.06	04:00:00	20.778	20.851	20.606	20.675	2759	0	37
2022.10.06	08:00:00	20.673	20.681	20.450	20.578	3464	0	37
2022.10.06	12:00:00	20.576	20.707	20.343	20.414	5736	0	37
2022.10.06	16:00:00	20.408	20.668	20.393	20.650	3071	0	37
2022.10.06	20:00:00	20.652	20.655	20.565	20.579	531	0	37
2022.10.07	00:00:00	20.581	20.750	20.523	20.709	2116	0	37
2022.10.07	04:00:00	20.711	20.795	20.602	20.717	2940	0	37
2022.10.07	08:00:00	20.718	20.811	20.579	20.624	2650	0	37
2022.10.07	12:00:00	20.621	20.680	20.077	20.223	7561	0	37
2022.10.07	16:00:00	20.220	20.330	19.982	20.079	3070	0	37
2022.10.07	20:00:00	20.073	20.141	20.061	20.121	265	0	37
2022.10.09	20:00:00	20.093	20.171	20.079	20.114	769	0	37
2022.10.10	00:00:00	20.113	20.135	19.691	19.724	3226	0	37
2022.10.10	04:00:00	19.723	19.837	19.664	19.726	2758	0	36
2022.10.10	08:00:00	19.729	19.878	19.596	19.784	3340	0	36
2022.10.10	12:00:00	19.781	19.927	19.510	19.601	5124	0	36
2022.10.10	16:00:00	19.605	19.655	19.500	19.622	2579	0	36
2022.10.10	20:00:00	19.625	19.630	19.574	19.619	439	0	37
2022.10.11	00:00:00	19.616	19.704	19.445	19.452	2923	0	37
2022.10.11	04:00:00	19.456	19.473	19.311	19.339	3362	0	36
2022.10.11	08:00:00	19.337	19.457	19.200	19.383	3841	0	22
2022.10.11	12:00:00	19.382	19.567	19.259	19.563	5603	0	22
2022.10.11	16:00:00	19.564	19.610	19.046	19.164	3952	0	22
2022.10.11	20:00:00	19.161	19.170	19.093	19.110	613	0	22
2022.10.12	00:00:00	19.113	19.162	18.996	19.089	2899	0	22
2022.10.12	04:00:00	19.091	19.296	19.076	19.144	4059	0	22
2022.10.12	08:00:00	19.145	19.280	19.120	19.156	3488	0	22
2022.10.12	12:00:00	19.158	19.194	18.914	18.958	5783	0	22
2022.10.12	16:00:00	18.956	19.105	18.848	19.070	3433	0	22
2022.10.12	20:00:00	19.069	19.074	18.994	19.047	353	0	22
2022.10.13	00:00:00	19.043	19.081	18.933	18.947	1627	0	22
2022.10.13	04:00:00	18.944	19.019	18.909	19.014	2210	0	22
2022.10.13	08:00:00	19.017	19.294	18.978	19.221	3025	0	22
2022.10.13	12:00:00	19.223	19.223	18.438	18.864	10714	0	22
2022.10.13	16:00:00	18.868	18.995	18.773	18.864	4631	0	22
2022.10.13	20:00:00	18.856	18.889	18.831	18.850	629	0	22
2022.10.14	00:00:00	18.844	19.022	18.792	18.987	2767	0	22
2022.10.14	04:00:00	18.990	19.054	18.885	18.951	3209	0	22
2022.10.14	08:00:00	18.952	18.956	18.622	18.642	4212	0	22
2022.10.14	12:00:00	18.640	18.815	18.221	18.221	7192	0	22
2022.10.14	16:00:00	18.219	18.277	18.081	18.246	3516	0	22
2022.10.14	20:00:00	18.248	18.276	18.223	18.257	242	0	22
2022.10.16	20:00:00	18.298	18.391	18.280	18.385	620	0	22
2022.10.17	00:00:00	18.387	18.444	18.329	18.419	2349	0	22
2022.10.17	04:00:00	18.421	18.577	18.370	18.545	2881	0	22
2022.10.17	08:00:00	18.543	18.656	18.446	18.588	3002	0	22
2022.10.17	12:00:00	18.589	18.932	18.555	18.736	5166	0	22
2022.10.17	16:00:00	18.738	18.795	18.570	18.586	2134	0	22
2022.10.17	20:00:00	18.589	18.669	18.586	18.647	445	0	22
2022.10.18	00:00:00	18.651	18.767	18.610	18.752	1921	0	22
2022.10.18	04:00:00	18.755	18.915	18.723	18.878	3261	0	22
2022.10.18	08:00:00	18.882	18.896	18.621	18.776	3654	0	22
2022.10.18	12:00:00	18.773	18.887	18.534	18.624	5116	0	22
2022.10.18	16:00:00	18.619	18.712	18.595	18.702	2987	0	22
2022.10.18	20:00:00	18.705	18.794	18.678	18.761	557	0	22
2022.10.19	00:00:00	18.752	18.785	18.653	18.654	2356	0	22
2022.10.19	04:00:00	18.657	18.691	18.529	18.638	2774	0	22
2022.10.19	08:00:00	18.640	18.640	18.365	18.472	3458	0	22
2022.10.19	12:00:00	18.471	18.529	18.355	18.431	5110	0	22
2022.10.19	16:00:00	18.434	18.476	18.376	18.471	2264	0	22
2022.10.19	20:00:00	18.467	18.472	18.388	18.397	500	0	22
2022.10.20	00:00:00	18.398	18.451	18.221	18.293	1933	0	22
2022.10.20	04:00:00	18.289	18.552	18.289	18.482	3488	0	22
2022.10.20	08:00:00	18.485	18.777	18.403	18.686	3019	0	22
2022.10.20	12:00:00	18.682	18.984	18.468	18.879	5975	0	22
2022.10.20	16:00:00	18.884	18.884	18.581	18.621	3120	0	22
2022.10.20	20:00:00	18.620	18.658	18.576	18.595	633	0	22
2022.10.21	00:00:00	18.593	18.652	18.501	18.513	2221	0	22
2022.10.21	04:00:00	18.508	18.558	18.413	18.456	2934	0	22
2022.10.21	08:00:00	18.453	18.454	18.322	18.346	3563	0	22
2022.10.21	12:00:00	18.348	19.080	18.274	19.077	10205	0	22
2022.10.21	16:00:00	19.082	19.288	18.983	19.262	4182	0	22
2022.10.21	20:00:00	19.263	19.404	19.262	19.399	195	0	37
2022.10.23	20:00:00	19.448	19.663	19.367	19.451	2066	0	37
2022.10.24	00:00:00	19.447	19.488	19.196	19.241	3235	0	37
2022.10.24	04:00:00	19.238	19.397	19.103	19.154	3314	0	22
2022.10.24	08:00:00	19.153	19.255	19.039	19.221	4162	0	22
2022.10.24	12:00:00	19.220	19.275	18.999	19.203	6489	0	22
2022.10.24	16:00:00	19.202	19.277	19.187	19.205	2059	0	22
2022.10.24	20:00:00	19.200	19.312	19.196	19.284	583	0	36
2022.10.25	00:00:00	19.282	19.367	19.173	19.263	2956	0	36
2022.10.25	04:00:00	19.261	19.284	19.038	19.050	2642	0	22
2022.10.25	08:00:00	19.055	19.106	18.773	18.908	3339	0	22
2022.10.25	12:00:00	18.906	19.403	18.793	19.266	5768	0	22
2022.10.25	16:00:00	19.268	19.414	19.253	19.378	2370	0	22
2022.10.25	20:00:00	19.373	19.373	19.267	19.308	697	0	23
2022.10.26	00:00:00	19.305	19.481	19.198	19.470	2329	0	22
2022.10.26	04:00:00	19.471	19.685	19.440	19.681	2936	0	36
2022.10.26	08:00:00	19.684	19.760	19.540	19.572	3457	0	36
2022.10.26	12:00:00	19.574	19.653	19.399	19.514	5400	0	36
2022.10.26	16:00:00	19.518	19.578	19.469	19.504	2518	0	22
2022.10.26	20:00:00	19.507	19.599	19.492	19.598	605	0	36
2022.10.27	00:00:00	19.600	19.652	19.432	19.521	2525	0	36
2022.10.27	04:00:00	19.519	19.647	19.300	19.348	2984	0	36
2022.10.27	08:00:00	19.346	19.469	19.276	19.382	3012	0	22
2022.10.27	12:00:00	19.385	19.635	19.325	19.486	6989	0	36
2022.10.27	16:00:00	19.484	19.523	19.417	19.509	2288	0	22
2022.10.27	20:00:00	19.512	19.592	19.480	19.533	1177	0	37
2022.10.28	00:00:00	19.534	19.620	19.481	19.584	2474	0	37
2022.10.28	04:00:00	19.585	19.587	19.251	19.266	2867	0	36
2022.10.28	08:00:00	19.268	19.340	19.135	19.296	3173	0	22
2022.10.28	12:00:00	19.297	19.385	18.980	19.083	6275	0	22
2022.10.28	16:00:00	19.081	19.259	19.066	19.259	1773	0	22
2022.10.28	20:00:00	19.249	19.261	19.210	19.247	163	0	36
2022.10.30	20:00:00	19.168	19.229	19.159	19.203	526	0	36
2022.10.31	00:00:00	19.209	19.240	19.117	19.169	1975	0	22
2022.10.31	04:00:00	19.173	19.199	19.017	19.049	1631	0	22
2022.10.31	08:00:00	19.056	19.192	18.958	19.149	2483	0	22
2022.10.31	12:00:00	19.143	19.217	18.887	19.156	4473	0	22
2022.10.31	16:00:00	19.161	19.196	19.091	19.125	2176	0	22
2022.10.31	20:00:00	19.135	19.156	19.110	19.146	492	0	22
2022.11.01	00:00:00	19.148	19.412	19.135	19.347	2217	0	22
2022.11.01	04:00:00	19.345	19.737	19.324	19.686	2755	0	36
2022.11.01	08:00:00	19.691	19.947	19.638	19.906	2945	0	36
2022.11.01	12:00:00	19.912	20.010	19.468	19.637	6045	0	36
2022.11.01	16:00:00	19.639	19.797	19.591	19.601	2924	0	36
2022.11.01	20:00:00	19.594	19.633	19.585	19.613	436	0	36
2022.11.02	00:00:00	19.614	19.727	19.604	19.672	2167	0	37
2022.11.02	04:00:00	19.674	19.696	19.593	19.676	2071	0	36
2022.11.02	08:00:00	19.672	19.766	19.632	19.756	2492	0	36
2022.11.02	12:00:00	19.751	19.853	19.544	19.550	3930	0	36
2022.11.02	16:00:00	19.552	20.061	19.240	19.252	5910	0	36
2022.11.02	20:00:00	19.254	19.263	19.096	19.138	899	0	36
2022.11.03	00:00:00	19.136	19.435	19.109	19.340	2307	0	36
2022.11.03	04:00:00	19.338	19.368	19.124	19.166	2143	0	22
2022.11.03	08:00:00	19.165	19.171	18.855	18.890	3512	0	22
2022.11.03	12:00:00	18.885	19.444	18.816	19.298	6640	0	36
2022.11.03	16:00:00	19.300	19.526	19.288	19.474	2510	0	36
2022.11.03	20:00:00	19.475	19.479	19.423	19.436	374	0	36
2022.11.04	00:00:00	19.439	19.608	19.398	19.602	2055	0	36
2022.11.04	04:00:00	19.597	19.779	19.585	19.718	3322	0	37
2022.11.04	08:00:00	19.717	19.943	19.714	19.943	3313	0	37
2022.11.04	12:00:00	19.937	20.629	19.743	20.586	7736	0	37
2022.11.04	16:00:00	20.589	20.888	20.488	20.885	3797	0	37
2022.11.04	20:00:00	20.884	20.884	20.812	20.824	226	0	37
2022.11.06	20:00:00	20.513	20.582	20.450	20.506	784	0	37
2022.11.07	00:00:00	20.508	20.580	20.401	20.562	3464	0	37
2022.11.07	04:00:00	20.557	20.636	20.388	20.420	2908	0	37
2022.11.07	08:00:00	20.418	20.789	20.366	20.653	3418	0	37
2022.11.07	12:00:00	20.656	20.990	20.571	20.816	5196	0	37
2022.11.07	16:00:00	20.822	20.901	20.772	20.779	2680	0	37
2022.11.07	20:00:00	20.780	20.827	20.744	20.747	801	0	37
2022.11.08	00:00:00	20.743	20.852	20.619	20.619	1846	0	37
2022.11.08	04:00:00	20.618	20.676	20.475	20.667	2100	0	37
2022.11.08	08:00:00	20.670	20.758	20.501	20.737	2876	0	37
2022.11.08	12:00:00	20.738	21.522	20.664	21.474	5216	0	37
2022.11.08	16:00:00	21.478	21.608	21.203	21.324	4478	0	37
2022.11.08	20:00:00	21.325	21.390	21.306	21.367	1304	0	37
2022.11.09	00:00:00	21.363	21.454	21.285	21.304	2727	0	37
2022.11.09	04:00:00	21.305	21.439	21.225	21.404	3040	0	37
2022.11.09	08:00:00	21.407	21.551	21.191	21.299	3900	0	37
2022.11.09	12:00:00	21.296	21.588	21.097	21.256	6056	0	37
2022.11.09	16:00:00	21.259	21.346	20.997	21.044	3925	0	37
2022.11.09	20:00:00	21.042	21.098	20.976	21.025	1393	0	37
2022.11.10	00:00:00	21.022	21.164	20.978	21.093	2715	0	37
2022.11.10	04:00:00	21.096	21.192	20.940	20.950	2842	0	37
2022.11.10	08:00:00	20.956	21.137	20.956	21.074	3599	0	37
2022.11.10	12:00:00	21.075	21.812	21.060	21.722	7719	0	37
2022.11.10	16:00:00	21.725	21.726	21.453	21.673	4206	0	37
2022.11.10	20:00:00	21.672	21.708	21.584	21.588	1349	0	37
2022.11.11	00:00:00	21.590	21.671	21.483	21.607	2657	0	37
2022.11.11	04:00:00	21.604	22.041	21.559	21.874	3796	0	37
2022.11.11	08:00:00	21.877	21.877	21.258	21.458	5001	0	37
2022.11.11	12:00:00	21.452	21.619	21.345	21.498	5891	0	37
2022.11.11	16:00:00	21.497	21.627	21.361	21.624	3216	0	37
2022.11.11	20:00:00	21.626	21.695	21.566	21.690	831	0	37
2022.11.13	20:00:00	21.539	21.600	21.527	21.572	492	0	37
2022.11.14	00:00:00	21.575	21.641	21.474	21.547	3096	0	37
2022.11.14	04:00:00	21.550	21.598	21.278	21.592	3184	0	37
2022.11.14	08:00:00	21.595	21.767	21.392	21.472	3577	0	37
2022.11.14	12:00:00	21.466	21.953	21.413	21.903	5029	0	37
2022.11.14	16:00:00	21.904	22.067	21.760	22.019	2987	0	37
2022.11.14	20:00:00	22.018	22.044	21.907	21.912	945	0	37
2022.11.15	00:00:00	21.915	22.028	21.857	21.996	2601	0	37
2022.11.15	04:00:00	21.999	22.228	21.957	22.173	2885	0	37
2022.11.15	08:00:00	22.176	22.176	21.843	21.919	3730	0	37
2022.11.15	12:00:00	21.918	22.116	21.578	21.584	6721	0	37
2022.11.15	16:00:00	21.587	21.771	21.369	21.580	6116	0	37
2022.11.15	20:00:00	21.586	21.623	21.499	21.572	1707	0	37
2022.11.16	00:00:00	21.571	21.608	21.417	21.421	3565	0	37
2022.11.16	04:00:00	21.419	21.673	21.387	21.649	3472	0	37
2022.11.16	08:00:00	21.648	22.031	21.607	21.985	3830	0	37
2022.11.16	12:00:00	21.979	21.979	21.418	21.578	6097	0	37
2022.11.16	16:00:00	21.577	21.614	21.378	21.468	2863	0	37
2022.11.16	20:00:00	21.465	21.485	21.396	21.409	891	0	37
2022.11.17	00:00:00	21.410	21.452	21.200	21.209	2393	0	37
2022.11.17	04:00:00	21.211	21.357	21.076	21.264	2775	0	37
2022.11.17	08:00:00	21.268	21.369	20.890	21.054	3952	0	37
2022.11.17	12:00:00	21.057	21.119	20.740	20.833	5950	0	37
2022.11.17	16:00:00	20.832	20.968	20.793	20.952	2707	0	37
2022.11.17	20:00:00	20.954	20.976	20.901	20.945	852	0	37
2022.11.18	00:00:00	20.947	21.168	20.936	21.135	2020	0	37
2022.11.18	04:00:00	21.133	21.231	21.047	21.196	2393	0	37
2022.11.18	08:00:00	21.191	21.276	21.069	21.106	2987	0	37
2022.11.18	12:00:00	21.105	21.176	20.838	21.083	4832	0	37
2022.11.18	16:00:00	21.086	21.100	20.824	20.849	2488	0	37
2022.11.18	20:00:00	20.847	20.927	20.847	20.926	536	0	37
2022.11.20	20:00:00	20.962	20.987	20.947	20.983	245	0	37
2022.11.21	00:00:00	20.985	20.986	20.690	20.777	2462	0	37
2022.11.21	04:00:00	20.774	20.853	20.657	20.776	2521	0	37
2022.11.21	08:00:00	20.771	20.865	20.565	20.622	3111	0	37
2022.11.21	12:00:00	20.620	20.923	20.595	20.749	4442	0	37
2022.11.21	16:00:00	20.743	20.890	20.640	20.780	2744	0	37
2022.11.21	20:00:00	20.781	20.848	20.780	20.845	850	0	37
2022.11.22	00:00:00	20.848	21.122	20.831	21.099	2321	0	37
2022.11.22	04:00:00	21.094	21.137	20.997	21.087	2393	0	37
2022.11.22	08:00:00	21.080	21.317	21.052	21.292	3426	0	37
2022.11.22	12:00:00	21.295	21.295	21.030	21.078	4171	0	37
2022.11.22	16:00:00	21.074	21.074	20.900	21.033	2236	0	37
2022.11.22	20:00:00	21.032	21.076	21.025	21.069	584	0	37
2022.11.23	00:00:00	21.072	21.105	21.004	21.009	1584	0	37
2022.11.23	04:00:00	21.008	21.305	20.892	21.239	1948	0	37
2022.11.23	08:00:00	21.235	21.255	21.083	21.252	2635	0	37
2022.11.23	12:00:00	21.256	21.420	21.023	21.277	5308	0	37
2022.11.23	16:00:00	21.279	21.581	21.237	21.536	3501	0	37
2022.11.23	20:00:00	21.537	21.565	21.488	21.564	982	0	37
2022.11.24	00:00:00	21.565	21.658	21.502	21.603	2165	0	37
2022.11.24	04:00:00	21.602	21.610	21.480	21.492	1830	0	37
2022.11.24	08:00:00	21.490	21.639	21.466	21.539	2616	0	37
2022.11.24	12:00:00	21.541	21.628	21.442	21.490	2625	0	37
2022.11.24	16:00:00	21.486	21.504	21.423	21.462	582	0	37
2022.11.24	20:00:00	21.445	21.477	21.441	21.460	145	0	67
2022.11.25	00:00:00	21.474	21.534	21.331	21.453	2420	0	37
2022.11.25	04:00:00	21.451	21.472	21.212	21.229	1908	0	37
2022.11.25	08:00:00	21.222	21.383	21.215	21.257	2865	0	37
2022.11.25	12:00:00	21.261	21.355	21.142	21.326	3753	0	37
2022.11.25	16:00:00	21.330	21.437	21.308	21.425	1201	0	37
2022.11.27	20:00:00	21.289	21.299	21.230	21.245	307	0	67
2022.11.28	00:00:00	21.265	21.298	21.028	21.190	2242	0	37
2022.11.28	04:00:00	21.188	21.269	21.118	21.224	1770	0	37
2022.11.28	08:00:00	21.223	21.599	21.182	21.428	3066	0	37
2022.11.28	12:00:00	21.429	21.588	20.949	21.001	4616	0	37
2022.11.28	16:00:00	20.998	21.083	20.852	20.890	2919	0	37
2022.11.28	20:00:00	20.887	20.965	20.872	20.902	848	0	37
2022.11.29	00:00:00	20.903	21.262	20.882	21.253	2331	0	37
2022.11.29	04:00:00	21.255	21.345	21.131	21.233	2589	0	37
2022.11.29	08:00:00	21.237	21.382	21.157	21.379	3051	0	37
2022.11.29	12:00:00	21.384	21.431	21.116	21.356	4679	0	37
2022.11.29	16:00:00	21.353	21.362	21.187	21.247	2676	0	37
2022.11.29	20:00:00	21.246	21.246	21.201	21.201	522	0	37
2022.11.30	00:00:00	21.202	21.314	21.183	21.290	1802	0	37
2022.11.30	04:00:00	21.292	21.336	21.204	21.316	1887	0	37
2022.11.30	08:00:00	21.313	21.581	21.311	21.576	2814	0	37
2022.11.30	12:00:00	21.582	21.921	21.505	21.613	5357	0	37
2022.11.30	16:00:00	21.614	22.124	21.536	22.118	4967	0	37
2022.11.30	20:00:00	22.124	22.390	22.084	22.332	1946	0	37
2022.12.01	00:00:00	22.333	22.383	22.201	22.284	2681	0	37
2022.12.01	04:00:00	22.281	22.391	22.080	22.110	2599	0	37
2022.12.01	08:00:00	22.109	22.163	22.027	22.115	3299	0	37
2022.12.01	12:00:00	22.118	22.702	22.106	22.405	6140	0	37
2022.12.01	16:00:00	22.400	22.744	22.399	22.731	3634	0	37
2022.12.01	20:00:00	22.733	22.766	22.670	22.683	1013	0	37
2022.12.02	00:00:00	22.681	22.686	22.571	22.636	2213	0	37
2022.12.02	04:00:00	22.637	22.894	22.554	22.766	2579	0	37
2022.12.02	08:00:00	22.764	22.774	22.604	22.624	3053	0	37
2022.12.02	12:00:00	22.620	22.817	22.261	22.742	7049	0	37
2022.12.02	16:00:00	22.748	23.204	22.725	23.193	4276	0	37
2022.12.02	20:00:00	23.196	23.217	23.110	23.131	720	0	37
2022.12.04	20:00:00	23.085	23.249	23.049	23.235	507	0	37
2022.12.05	00:00:00	23.232	23.493	23.199	23.344	3201	0	37
2022.12.05	04:00:00	23.346	23.355	23.015	23.111	2951	0	37
2022.12.05	08:00:00	23.110	23.110	22.935	22.966	3375	0	37
2022.12.05	12:00:00	22.969	23.087	22.283	22.397	5951	0	37
2022.12.05	16:00:00	22.402	22.411	22.149	22.196	3672	0	37
2022.12.05	20:00:00	22.195	22.248	22.183	22.230	903	0	37
2022.12.06	00:00:00	22.235	22.541	22.216	22.362	3096	0	37
2022.12.06	04:00:00	22.360	22.434	22.276	22.395	2787	0	37
2022.12.06	08:00:00	22.394	22.529	22.331	22.521	3206	0	37
2022.12.06	12:00:00	22.522	22.588	22.119	22.220	4930	0	37
2022.12.06	16:00:00	22.218	22.304	22.011	22.160	2807	0	37
2022.12.06	20:00:00	22.163	22.199	22.138	22.163	783	0	37
2022.12.07	00:00:00	22.158	22.294	22.074	22.278	2822	0	37
2022.12.07	04:00:00	22.277	22.378	22.206	22.270	3096	0	37
2022.12.07	08:00:00	22.264	22.463	22.232	22.378	3076	0	37
2022.12.07	12:00:00	22.377	22.796	22.307	22.660	6305	0	37
2022.12.07	16:00:00	22.662	22.799	22.484	22.762	3612	0	37
2022.12.07	20:00:00	22.758	22.773	22.686	22.702	806	0	37
2022.12.08	00:00:00	22.704	22.704	22.531	22.623	2533	0	37
2022.12.08	04:00:00	22.620	22.767	22.557	22.756	2559	0	37
2022.12.08	08:00:00	22.749	22.764	22.668	22.707	2493	0	37
2022.12.08	12:00:00	22.709	23.201	22.683	23.059	5248	0	37
2022.12.08	16:00:00	23.057	23.134	22.992	23.056	2964	0	37
2022.12.08	20:00:00	23.055	23.098	23.022	23.081	618	0	37
2022.12.09	00:00:00	23.079	23.268	23.043	23.261	2575	0	37
2022.12.09	04:00:00	23.262	23.303	23.043	23.085	2312	0	37
2022.12.09	08:00:00	23.083	23.127	22.939	23.118	2610	0	37
2022.12.09	12:00:00	23.123	23.403	23.035	23.315	6178	0	37
2022.12.09	16:00:00	23.316	23.666	23.314	23.531	3516	0	37
2022.12.09	20:00:00	23.530	23.531	23.397	23.453	665	0	37
2022.12.11	20:00:00	23.369	23.408	23.334	23.349	393	0	37
2022.12.12	00:00:00	23.345	23.346	23.206	23.270	2915	0	37
2022.12.12	04:00:00	23.266	23.505	23.226	23.455	2538	0	37
2022.12.12	08:00:00	23.464	23.513	23.382	23.402	2635	0	37
2022.12.12	12:00:00	23.405	23.495	23.091	23.186	4712	0	37
2022.12.12	16:00:00	23.187	23.275	23.125	23.257	3083	0	37
2022.12.12	20:00:00	23.253	23.330	23.239	23.330	793	0	37
2022.12.13	00:00:00	23.327	23.486	23.284	23.365	2347	0	37
2022.12.13	04:00:00	23.366	23.489	23.333	23.392	2214	0	37
2022.12.13	08:00:00	23.398	23.481	23.299	23.375	2727	0	37
2022.12.13	12:00:00	23.377	24.108	23.327	23.677	7611	0	37
2022.12.13	16:00:00	23.680	23.863	23.552	23.700	5189	0	37
2022.12.13	20:00:00	23.694	23.755	23.644	23.676	1343	0	37
2022.12.14	00:00:00	23.669	23.747	23.626	23.692	2297	0	37
2022.12.14	04:00:00	23.694	23.843	23.619	23.688	2227	0	37
2022.12.14	08:00:00	23.689	23.755	23.579	23.622	3216	0	37
2022.12.14	12:00:00	23.624	23.891	23.586	23.844	4323	0	37
2022.12.14	16:00:00	23.845	23.980	23.360	23.818	5665	0	37
2022.12.14	20:00:00	23.826	24.028	23.793	23.859	2392	0	37
2022.12.15	00:00:00	23.857	23.871	23.229	23.234	3472	0	37
2022.12.15	04:00:00	23.233	23.346	23.096	23.160	3314	0	37
2022.12.15	08:00:00	23.165	23.235	22.947	23.171	3959	0	37
2022.12.15	12:00:00	23.164	23.413	23.056	23.183	7007	0	37
2022.12.15	16:00:00	23.180	23.195	22.964	23.103	3533	0	37
2022.12.15	20:00:00	23.104	23.142	23.021	23.042	944	0	37
2022.12.16	00:00:00	23.044	23.201	22.924	23.008	3111	0	37
2022.12.16	04:00:00	23.010	23.094	22.854	22.865	2856	0	37
2022.12.16	08:00:00	22.871	22.912	22.539	22.847	4056	0	37
2022.12.16	12:00:00	22.848	23.234	22.803	23.004	5719	0	37
2022.12.16	16:00:00	23.009	23.197	22.993	23.183	3139	0	37
2022.12.16	20:00:00	23.179	23.221	23.157	23.208	870	0	37
2022.12.18	20:00:00	23.173	23.192	23.126	23.126	244	0	37
2022.12.19	00:00:00	23.130	23.336	23.127	23.227	2702	0	37
2022.12.19	04:00:00	23.228	23.253	23.014	23.179	2254	0	37
2022.12.19	08:00:00	23.184	23.392	23.181	23.234	2647	0	37
2022.12.19	12:00:00	23.228	23.286	22.934	22.934	4380	0	37
2022.12.19	16:00:00	22.939	23.084	22.821	22.891	2974	0	37
2022.12.19	20:00:00	22.895	22.992	22.885	22.967	763	0	37
2022.12.20	00:00:00	22.963	23.220	22.864	23.037	3656	0	37
2022.12.20	04:00:00	23.038	23.140	22.885	23.078	3811	0	37
2022.12.20	08:00:00	23.083	23.865	23.073	23.727	4346	0	37
2022.12.20	12:00:00	23.719	24.087	23.500	23.986	5965	0	37
2022.12.20	16:00:00	23.984	24.229	23.873	24.205	3523	0	37
2022.12.20	20:00:00	24.204	24.208	24.102	24.115	1126	0	37
2022.12.21	00:00:00	24.117	24.276	23.952	23.985	3133	0	37
2022.12.21	04:00:00	23.982	24.006	23.856	23.961	2488	0	37
2022.12.21	08:00:00	23.967	23.970	23.811	23.882	3074	0	37
2022.12.21	12:00:00	23.883	24.179	23.827	24.019	4817	0	37
2022.12.21	16:00:00	24.014	24.090	23.901	23.947	2540	0	37
2022.12.21	20:00:00	23.945	23.968	23.912	23.940	633	0	37
2022.12.22	00:00:00	23.936	24.067	23.929	24.017	2135	0	37
2022.12.22	04:00:00	24.015	24.059	23.719	23.828	2119	0	37
2022.12.22	08:00:00	23.824	23.902	23.640	23.718	2513	0	37
2022.12.22	12:00:00	23.719	23.852	23.467	23.608	5557	0	37
2022.12.22	16:00:00	23.605	23.656	23.362	23.480	3289	0	37
2022.12.22	20:00:00	23.477	23.573	23.429	23.570	1053	0	37
2022.12.23	00:00:00	23.572	23.666	23.499	23.624	2213	0	37
2022.12.23	04:00:00	23.627	23.750	23.595	23.723	1847	0	37
2022.12.23	08:00:00	23.715	23.814	23.695	23.724	2105	0	37
2022.12.23	12:00:00	23.715	23.878	23.555	23.726	5346	0	37
2022.12.23	16:00:00	23.732	23.836	23.633	23.694	2464	0	37
2022.12.23	20:00:00	23.690	23.738	23.673	23.723	370	0	37
2022.12.26	20:00:00	23.715	23.845	23.700	23.739	426	0	224
2022.12.27	00:00:00	23.738	23.969	23.709	23.842	2044	0	37
2022.12.27	04:00:00	23.837	24.202	23.837	24.102	2009	0	37
2022.12.27	08:00:00	24.106	24.235	24.016	24.098	1908	0	37
2022.12.27	12:00:00	24.102	24.260	23.790	24.110	5136	0	37
2022.12.27	16:00:00	24.110	24.140	23.929	24.040	3156	0	37
2022.12.27	20:00:00	24.042	24.067	24.003	24.007	622	0	37
2022.12.28	00:00:00	24.009	24.053	23.925	23.931	2137	0	37
2022.12.28	04:00:00	23.929	23.999	23.910	23.987	1895	0	37
2022.12.28	08:00:00	23.992	24.021	23.594	23.839	2852	0	37
2022.12.28	12:00:00	23.830	23.925	23.531	23.537	4635	0	37
2022.12.28	16:00:00	23.544	23.656	23.475	23.534	2693	0	37
2022.12.28	20:00:00	23.530	23.538	23.447	23.522	780	0	37
2022.12.29	00:00:00	23.526	23.623	23.503	23.622	1882	0	37
2022.12.29	04:00:00	23.623	23.730	23.547	23.605	1923	0	37
2022.12.29	08:00:00	23.609	23.905	23.581	23.860	2422	0	37
2022.12.29	12:00:00	23.861	24.044	23.802	23.857	4565	0	37
2022.12.29	16:00:00	23.856	24.031	23.840	23.949	2364	0	37
2022.12.29	20:00:00	23.948	23.950	23.835	23.852	657	0	37
2022.12.30	00:00:00	23.854	24.000	23.841	23.941	1464	0	37
2022.12.30	04:00:00	23.939	24.089	23.760	23.840	1924	0	37
2022.12.30	08:00:00	23.842	23.973	23.751	23.942	2525	0	37
2022.12.30	12:00:00	23.947	24.125	23.507	23.811	5185	0	37
2022.12.30	16:00:00	23.810	23.920	23.640	23.860	3298	0	37
2022.12.30	20:00:00	23.858	23.950	23.857	23.939	521	0	37
2023.01.02	20:00:00	23.970	24.081	23.914	24.057	726	0	96
2023.01.03	00:00:00	24.056	24.439	23.837	24.322	4076	0	37
2023.01.03	04:00:00	24.323	24.512	24.285	24.504	3239	0	37
2023.01.03	08:00:00	24.513	24.525	24.184	24.263	4074	0	37
2023.01.03	12:00:00	24.256	24.469	24.004	24.163	5421	0	37
2023.01.03	16:00:00	24.167	24.182	23.938	23.995	3523	0	37
2023.01.03	20:00:00	23.992	24.012	23.929	23.958	1046	0	37
2023.01.04	00:00:00	23.956	24.104	23.937	24.089	2370	0	37
2023.01.04	04:00:00	24.087	24.294	24.028	24.181	2777	0	37
2023.01.04	08:00:00	24.173	24.436	24.166	24.254	3606	0	37
2023.01.04	12:00:00	24.256	24.296	23.924	24.076	6120	0	37
2023.01.04	16:00:00	24.078	24.172	23.569	23.734	4690	0	37
2023.01.04	20:00:00	23.731	23.808	23.663	23.785	1164	0	37
2023.01.05	00:00:00	23.780	23.894	23.649	23.664	2849	0	37
2023.01.05	04:00:00	23.661	23.850	23.589	23.638	2702	0	37
2023.01.05	08:00:00	23.644	23.650	23.183	23.437	3962	0	37
2023.01.05	12:00:00	23.436	23.511	23.132	23.136	6392	0	37
2023.01.05	16:00:00	23.131	23.334	23.100	23.194	3085	0	37
2023.01.05	20:00:00	23.189	23.231	23.156	23.203	815	0	37
2023.01.06	00:00:00	23.204	23.391	23.185	23.363	2316	0	37
2023.01.06	04:00:00	23.365	23.429	23.284	23.395	2268	0	37
2023.01.06	08:00:00	23.399	23.517	23.302	23.433	2810	0	37
2023.01.06	12:00:00	23.438	23.835	23.323	23.784	6720	0	37
2023.01.06	16:00:00	23.790	23.894	23.730	23.856	2942	0	37
2023.01.06	20:00:00	23.854	23.872	23.802	23.820	522	0	37
2023.01.08	20:00:00	23.867	24.018	23.853	23.987	571	0	37
2023.01.09	00:00:00	23.988	24.067	23.875	23.965	3145	0	37
2023.01.09	04:00:00	23.961	24.084	23.872	23.887	2340	0	37
2023.01.09	08:00:00	23.893	23.980	23.772	23.824	2967	0	37
2023.01.09	12:00:00	23.822	24.050	23.755	23.931	4751	0	37
2023.01.09	16:00:00	23.934	23.944	23.648	23.708	3209	0	37
2023.01.09	20:00:00	23.710	23.710	23.564	23.637	1049	0	37
2023.01.10	00:00:00	23.635	23.696	23.485	23.502	2870	0	37
2023.01.10	04:00:00	23.497	23.630	23.474	23.498	2373	0	37
2023.01.10	08:00:00	23.500	23.670	23.410	23.493	3327	0	37
2023.01.10	12:00:00	23.489	23.751	23.419	23.649	5244	0	37
2023.01.10	16:00:00	23.651	23.668	23.503	23.611	2507	0	37
2023.01.10	20:00:00	23.616	23.625	23.563	23.599	644	0	37
2023.01.11	00:00:00	23.597	23.661	23.546	23.632	2011	0	37
2023.01.11	04:00:00	23.634	23.926	23.606	23.892	2581	0	37
2023.01.11	08:00:00	23.894	24.022	23.824	23.893	3264	0	37
2023.01.11	12:00:00	23.890	23.894	23.219	23.311	5287	0	37
2023.01.11	16:00:00	23.313	23.455	23.199	23.426	2888	0	37
2023.01.11	20:00:00	23.428	23.430	23.356	23.412	778	0	37
2023.01.12	00:00:00	23.414	23.607	23.388	23.582	2261	0	37
2023.01.12	04:00:00	23.584	23.671	23.557	23.648	2105	0	37
2023.01.12	08:00:00	23.653	23.752	23.641	23.723	2239	0	37
2023.01.12	12:00:00	23.720	24.159	23.530	23.701	7456	0	37
2023.01.12	16:00:00	23.698	23.915	23.661	23.844	3850	0	37
2023.01.12	20:00:00	23.847	23.847	23.727	23.789	1060	0	37
2023.01.13	00:00:00	23.791	23.844	23.735	23.782	2471	0	37
2023.01.13	04:00:00	23.787	23.789	23.602	23.745	2451	0	37
2023.01.13	08:00:00	23.747	23.943	23.667	23.675	3720	0	37
2023.01.13	12:00:00	23.669	24.150	23.480	24.097	5682	0	37
2023.01.13	16:00:00	24.102	24.274	23.989	24.247	3041	0	37
2023.01.13	20:00:00	24.248	24.269	24.224	24.242	549	0	37
2023.01.15	20:00:00	24.220	24.288	24.215	24.261	351	0	38
2023.01.16	00:00:00	24.258	24.486	24.181	24.465	2891	0	37
2023.01.16	04:00:00	24.466	24.479	24.248	24.267	2304	0	37
2023.01.16	08:00:00	24.264	24.264	24.080	24.147	2220	0	37
2023.01.16	12:00:00	24.154	24.220	23.912	24.185	2762	0	37
2023.01.16	16:00:00	24.186	24.261	24.152	24.244	1262	0	37
2023.01.16	20:00:00	24.273	24.295	24.264	24.275	250	0	37
2023.01.17	00:00:00	24.279	24.345	24.089	24.114	2493	0	37
2023.01.17	04:00:00	24.118	24.221	24.003	24.035	2548	0	37
2023.01.17	08:00:00	24.034	24.063	23.891	23.979	3192	0	37
2023.01.17	12:00:00	23.983	24.139	23.854	23.953	5415	0	37
2023.01.17	16:00:00	23.958	23.991	23.806	23.887	3212	0	37
2023.01.17	20:00:00	23.889	23.938	23.854	23.934	869	0	37
2023.01.18	00:00:00	23.931	24.011	23.788	23.917	3010	0	37
2023.01.18	04:00:00	23.921	24.144	23.842	24.090	3256	0	37
2023.01.18	08:00:00	24.096	24.247	24.096	24.194	3057	0	37
2023.01.18	12:00:00	24.187	24.323	23.929	23.968	6151	0	37
2023.01.18	16:00:00	23.962	23.966	23.407	23.474	4233	0	37
2023.01.18	20:00:00	23.469	23.482	23.417	23.477	1099	0	37
2023.01.19	00:00:00	23.476	23.502	23.232	23.387	3243	0	37
2023.01.19	04:00:00	23.384	23.474	23.307	23.441	2908	0	37
2023.01.19	08:00:00	23.437	23.569	23.336	23.429	3292	0	37
2023.01.19	12:00:00	23.428	23.675	23.149	23.594	5915	0	37
2023.01.19	16:00:00	23.598	23.885	23.541	23.859	3452	0	37
2023.01.19	20:00:00	23.858	23.922	23.806	23.845	1143	0	37
2023.01.20	00:00:00	23.844	23.990	23.818	23.839	2613	0	37
2023.01.20	04:00:00	23.840	24.004	23.750	24.004	2653	0	37
2023.01.20	08:00:00	24.000	24.054	23.816	23.861	3400	0	37
2023.01.20	12:00:00	23.856	23.987	23.690	23.861	5038	0	37
2023.01.20	16:00:00	23.862	23.972	23.768	23.950	2629	0	37
2023.01.20	20:00:00	23.954	23.965	23.893	23.898	633	0	37
2023.01.22	20:00:00	23.928	23.994	23.928	23.992	362	0	37
2023.01.23	00:00:00	23.997	24.141	23.970	24.008	1762	0	37
2023.01.23	04:00:00	24.010	24.030	23.762	23.773	2205	0	37
2023.01.23	08:00:00	23.775	23.810	23.663	23.699	2730	0	37
2023.01.23	12:00:00	23.697	23.744	22.741	23.042	5916	0	37
2023.01.23	16:00:00	23.046	23.472	23.021	23.303	3435	0	37
2023.01.23	20:00:00	23.298	23.463	23.288	23.386	1124	0	37
2023.01.24	00:00:00	23.388	23.584	23.362	23.499	1499	0	37
2023.01.24	04:00:00	23.500	23.670	23.460	23.660	1870	0	37
2023.01.24	08:00:00	23.667	23.720	23.524	23.696	2697	0	37
2023.01.24	12:00:00	23.699	23.717	23.196	23.608	5669	0	37
2023.01.24	16:00:00	23.612	23.718	23.556	23.675	2799	0	37
2023.01.24	20:00:00	23.672	23.679	23.583	23.611	760	0	37
2023.01.25	00:00:00	23.616	23.699	23.504	23.550	1905	0	37
2023.01.25	04:00:00	23.551	23.637	23.459	23.526	2259	0	37
2023.01.25	08:00:00	23.532	23.636	23.387	23.431	2682	0	37
2023.01.25	12:00:00	23.427	23.750	23.314	23.617	5107	0	37
2023.01.25	16:00:00	23.616	23.862	23.538	23.847	2905	0	37
2023.01.25	20:00:00	23.849	23.954	23.848	23.947	1238	0	37
2023.01.26	00:00:00	23.949	23.954	23.782	23.836	1819	0	37
2023.01.26	04:00:00	23.831	23.881	23.583	23.671	2299	0	37
2023.01.26	08:00:00	23.670	23.803	23.582	23.708	2476	0	37
2023.01.26	12:00:00	23.697	24.268	23.667	23.747	6438	0	37
2023.01.26	16:00:00	23.743	24.030	23.733	23.918	3659	0	37
2023.01.26	20:00:00	23.926	23.936	23.876	23.899	824	0	37
2023.01.27	00:00:00	23.898	23.989	23.776	23.797	1876	0	37
2023.01.27	04:00:00	23.790	23.837	23.666	23.666	1984	0	37
2023.01.27	08:00:00	23.667	23.766	23.596	23.710	2318	0	37
2023.01.27	12:00:00	23.714	23.755	23.284	23.424	5122	0	37
2023.01.27	16:00:00	23.423	23.612	23.399	23.558	3221	0	37
2023.01.27	20:00:00	23.562	23.591	23.523	23.583	519	0	37
2023.01.29	20:00:00	23.558	23.626	23.558	23.624	327	0	37
2023.01.30	00:00:00	23.623	23.788	23.561	23.629	2812	0	37
2023.01.30	04:00:00	23.628	23.758	23.588	23.635	2671	0	37
2023.01.30	08:00:00	23.633	23.772	23.530	23.638	2976	0	37
2023.01.30	12:00:00	23.640	23.766	23.581	23.628	3485	0	37
2023.01.30	16:00:00	23.622	23.663	23.525	23.582	2302	0	37
2023.01.30	20:00:00	23.586	23.596	23.540	23.563	724	0	37
2023.01.31	00:00:00	23.558	23.677	23.538	23.579	2144	0	37
2023.01.31	04:00:00	23.583	23.640	23.276	23.286	2185	0	37
2023.01.31	08:00:00	23.292	23.292	23.008	23.065	2778	0	37
2023.01.31	12:00:00	23.072	23.699	22.955	23.674	5744	0	37
2023.01.31	16:00:00	23.681	23.748	23.626	23.679	2249	0	37
2023.01.31	20:00:00	23.680	23.725	23.656	23.661	811	0	37
2023.02.01	00:00:00	23.657	23.692	23.599	23.665	1676	0	37
2023.02.01	04:00:00	23.660	23.717	23.558	23.582	1960	0	37
2023.02.01	08:00:00	23.584	23.584	23.395	23.479	2473	0	37
2023.02.01	12:00:00	23.480	23.675	23.423	23.636	4427	0	37
2023.02.01	16:00:00	23.634	23.893	23.348	23.853	4929	0	37
2023.02.01	20:00:00	23.857	24.062	23.806	24.031	2753	0	37
2023.02.02	00:00:00	24.033	24.262	24.004	24.157	3080	0	37
2023.02.02	04:00:00	24.153	24.204	24.044	24.078	2606	0	37
2023.02.02	08:00:00	24.083	24.423	24.059	24.404	2971	0	37
2023.02.02	12:00:00	24.408	24.613	23.794	23.877	7006	0	37
2023.02.02	16:00:00	23.873	23.873	23.416	23.452	4647	0	37
2023.02.02	20:00:00	23.450	23.479	23.404	23.456	1566	0	37
2023.02.03	00:00:00	23.458	23.587	23.416	23.523	2361	0	37
2023.02.03	04:00:00	23.528	23.543	23.372	23.427	2451	0	37
2023.02.03	08:00:00	23.431	23.516	23.325	23.476	2744	0	37
2023.02.03	12:00:00	23.477	23.488	22.467	22.529	8142	0	37
2023.02.03	16:00:00	22.526	22.553	22.272	22.368	4395	0	0
2023.02.03	20:00:00	22.370	22.380	22.321	22.354	977	0	0
2023.02.05	20:00:00	22.286	22.385	22.227	22.259	566	0	37
2023.02.06	00:00:00	22.256	22.458	22.176	22.458	3280	0	37
2023.02.06	04:00:00	22.455	22.535	22.421	22.502	2143	0	37
2023.02.06	08:00:00	22.508	22.596	22.335	22.388	3364	0	37
2023.02.06	12:00:00	22.381	22.482	22.217	22.236	4981	0	37
2023.02.06	16:00:00	22.233	22.324	22.132	22.214	3065	0	37
2023.02.06	20:00:00	22.210	22.270	22.185	22.269	755	0	37
2023.02.07	00:00:00	22.268	22.369	22.246	22.288	2104	0	37
2023.02.07	04:00:00	22.287	22.439	22.280	22.409	2287	0	37
2023.02.07	08:00:00	22.408	22.441	22.143	22.157	2999	0	37
2023.02.07	12:00:00	22.161	22.342	22.108	22.340	4635	0	37
2023.02.07	16:00:00	22.334	22.417	22.030	22.167	6427	0	37
2023.02.07	20:00:00	22.164	22.228	22.091	22.202	1152	0	37
2023.02.08	00:00:00	22.199	22.338	22.196	22.283	2372	0	37
2023.02.08	04:00:00	22.280	22.500	22.268	22.495	2262	0	37
2023.02.08	08:00:00	22.497	22.519	22.398	22.424	2989	0	37
2023.02.08	12:00:00	22.420	22.489	22.195	22.311	4292	0	37
2023.02.08	16:00:00	22.308	22.429	22.247	22.311	3309	0	37
2023.02.08	20:00:00	22.309	22.313	22.242	22.270	750	0	37
2023.02.09	00:00:00	22.272	22.380	22.238	22.372	1530	0	37
2023.02.09	04:00:00	22.369	22.459	22.343	22.446	1958	0	37
2023.02.09	08:00:00	22.442	22.537	22.327	22.459	2818	0	37
2023.02.09	12:00:00	22.453	22.573	22.174	22.200	4377	0	37
2023.02.09	16:00:00	22.198	22.247	21.925	21.933	4489	0	37
2023.02.09	20:00:00	21.929	21.964	21.896	21.921	1077	0	37
2023.02.10	00:00:00	21.922	22.044	21.835	21.851	2800	0	37
2023.02.10	04:00:00	21.849	22.172	21.815	22.101	3136	0	37
2023.02.10	08:00:00	22.099	22.289	22.048	22.099	4188	0	37
2023.02.10	12:00:00	22.093	22.224	22.006	22.029	5194	0	37
2023.02.10	16:00:00	22.023	22.069	21.898	21.998	3120	0	37
2023.02.10	20:00:00	21.999	22.029	21.978	21.999	568	0	37
2023.02.12	20:00:00	21.965	21.995	21.904	21.904	322	0	37
2023.02.13	00:00:00	21.905	21.956	21.802	21.805	2413	0	37
2023.02.13	04:00:00	21.801	22.012	21.786	22.009	2015	0	37
2023.02.13	08:00:00	22.006	22.006	21.798	21.963	2618	0	37
2023.02.13	12:00:00	21.958	22.064	21.810	21.916	4042	0	37
2023.02.13	16:00:00	21.917	21.953	21.775	21.916	2169	0	37
2023.02.13	20:00:00	21.917	22.000	21.894	21.991	749	0	37
2023.02.14	00:00:00	21.990	21.999	21.900	21.976	1629	0	37
2023.02.14	04:00:00	21.977	22.022	21.865	21.870	1707	0	37
2023.02.14	08:00:00	21.866	21.894	21.675	21.736	2417	0	37
2023.02.14	12:00:00	21.737	22.018	21.589	21.683	7699	0	37
2023.02.14	16:00:00	21.682	21.912	21.607	21.875	4414	0	37
2023.02.14	20:00:00	21.874	21.884	21.825	21.845	880	0	37
2023.02.15	00:00:00	21.846	21.861	21.724	21.734	2006	0	37
2023.02.15	04:00:00	21.730	21.763	21.574	21.578	2382	0	37
2023.02.15	08:00:00	21.572	21.587	21.411	21.460	3025	0	37
2023.02.15	12:00:00	21.452	21.611	21.412	21.565	5163	0	37
2023.02.15	16:00:00	21.567	21.676	21.516	21.606	2804	0	37
2023.02.15	20:00:00	21.612	21.645	21.594	21.620	812	0	37
2023.02.16	00:00:00	21.622	21.795	21.572	21.749	2409	0	37
2023.02.16	04:00:00	21.750	21.764	21.598	21.681	2019	0	37
2023.02.16	08:00:00	21.678	21.746	21.542	21.563	2691	0	37
2023.02.16	12:00:00	21.562	21.640	21.415	21.568	5183	0	37
2023.02.16	16:00:00	21.569	21.754	21.526	21.705	3185	0	37
2023.02.16	20:00:00	21.706	21.709	21.497	21.509	1589	0	37
2023.02.17	00:00:00	21.507	21.528	21.430	21.473	1972	0	37
2023.02.17	04:00:00	21.469	21.478	21.304	21.314	1954	0	37
2023.02.17	08:00:00	21.311	21.313	21.162	21.197	2982	0	37
2023.02.17	12:00:00	21.202	21.674	21.195	21.577	5139	0	37
2023.02.17	16:00:00	21.579	21.776	21.557	21.749	3309	0	37
2023.02.17	20:00:00	21.753	21.789	21.699	21.712	718	0	37
2023.02.19	20:00:00	21.688	21.691	21.567	21.577	320	0	37
2023.02.20	00:00:00	21.576	21.726	21.535	21.713	1853	0	37
2023.02.20	04:00:00	21.712	21.825	21.663	21.799	1805	0	37
2023.02.20	08:00:00	21.798	21.892	21.698	21.729	2411	0	33
2023.02.20	12:00:00	21.735	21.856	21.675	21.775	2535	0	33
2023.02.20	16:00:00	21.774	21.856	21.735	21.786	1192	0	33
2023.02.20	20:00:00	21.767	21.804	21.765	21.771	132	0	68
2023.02.21	00:00:00	21.788	21.833	21.676	21.696	1924	0	33
2023.02.21	04:00:00	21.695	21.730	21.637	21.657	1912	0	37
2023.02.21	08:00:00	21.655	21.801	21.630	21.761	3553	0	37
2023.02.21	12:00:00	21.763	21.957	21.685	21.894	4859	0	37
2023.02.21	16:00:00	21.897	21.954	21.785	21.817	2801	0	37
2023.02.21	20:00:00	21.824	21.867	21.802	21.844	715	0	37
2023.02.22	00:00:00	21.841	21.881	21.779	21.818	1939	0	37
2023.02.22	04:00:00	21.819	21.835	21.745	21.816	1575	0	37
2023.02.22	08:00:00	21.815	21.876	21.700	21.856	3022	0	37
2023.02.22	12:00:00	21.849	21.963	21.609	21.639	4388	0	37
2023.02.22	16:00:00	21.642	21.688	21.439	21.442	3815	0	37
2023.02.22	20:00:00	21.445	21.511	21.428	21.495	1179	0	37
2023.02.23	00:00:00	21.496	21.661	21.477	21.621	1693	0	37
2023.02.23	04:00:00	21.616	21.650	21.547	21.580	1731	0	37
2023.02.23	08:00:00	21.574	21.599	21.483	21.576	2227	0	37
2023.02.23	12:00:00	21.575	21.626	21.361	21.410	5237	0	37
2023.02.23	16:00:00	21.408	21.414	21.248	21.274	3246	0	37
2023.02.23	20:00:00	21.275	21.335	21.275	21.307	620	0	37
2023.02.24	00:00:00	21.302	21.381	21.279	21.298	1906	0	37
2023.02.24	04:00:00	21.297	21.313	21.190	21.193	1574	0	37
2023.02.24	08:00:00	21.189	21.254	21.021	21.081	2104	0	37
2023.02.24	12:00:00	21.079	21.112	20.805	20.805	4964	0	37
2023.02.24	16:00:00	20.810	20.918	20.762	20.769	2179	0	37
2023.02.24	20:00:00	20.770	20.821	20.721	20.741	665	0	37
2023.02.26	20:00:00	20.761	20.826	20.743	20.759	323	0	37
2023.02.27	00:00:00	20.756	20.817	20.553	20.577	2508	0	37
2023.02.27	04:00:00	20.575	20.690	20.559	20.647	2302	0	37
2023.02.27	08:00:00	20.646	20.780	20.646	20.711	2659	0	37
2023.02.27	12:00:00	20.709	20.797	20.596	20.611	4002	0	37
2023.02.27	16:00:00	20.616	20.731	20.561	20.578	1817	0	37
2023.02.27	20:00:00	20.577	20.636	20.540	20.610	745	0	37
2023.02.28	00:00:00	20.612	20.693	20.586	20.629	1556	0	37
2023.02.28	04:00:00	20.628	20.656	20.515	20.523	1876	0	37
2023.02.28	08:00:00	20.517	20.582	20.404	20.556	2551	0	37
2023.02.28	12:00:00	20.549	20.817	20.487	20.758	4173	0	37
2023.02.28	16:00:00	20.760	20.988	20.757	20.940	2258	0	37
2023.02.28	20:00:00	20.939	20.939	20.863	20.865	660	0	37
2023.03.01	00:00:00	20.863	21.071	20.815	21.060	1844	0	37
2023.03.01	04:00:00	21.065	21.158	21.004	21.070	1996	0	37
2023.03.01	08:00:00	21.072	21.111	20.931	20.976	2792	0	37
2023.03.01	12:00:00	20.979	21.158	20.900	21.108	4893	0	37
2023.03.01	16:00:00	21.105	21.114	20.902	20.985	2796	0	37
2023.03.01	20:00:00	20.984	20.994	20.955	20.959	759	0	37
2023.03.02	00:00:00	20.957	20.998	20.808	20.906	2171	0	37
2023.03.02	04:00:00	20.905	20.953	20.752	20.771	1819	0	37
2023.03.02	08:00:00	20.773	20.856	20.679	20.784	2862	0	37
2023.03.02	12:00:00	20.781	20.909	20.658	20.845	4589	0	37
2023.03.02	16:00:00	20.847	20.891	20.739	20.865	2401	0	37
2023.03.02	20:00:00	20.866	20.937	20.854	20.937	726	0	37
2023.03.03	00:00:00	20.936	21.047	20.925	20.964	2072	0	37
2023.03.03	04:00:00	20.966	21.056	20.952	21.007	1535	0	37
2023.03.03	08:00:00	21.006	21.136	20.997	21.098	2301	0	37
2023.03.03	12:00:00	21.092	21.138	20.826	20.994	4530	0	37
2023.03.03	16:00:00	20.993	21.196	20.975	21.194	2078	0	37
2023.03.03	20:00:00	21.197	21.253	21.181	21.239	677	0	37
2023.03.05	20:00:00	21.184	21.194	21.159	21.167	260	0	37
2023.03.06	00:00:00	21.170	21.287	21.124	21.263	2271	0	37
2023.03.06	04:00:00	21.261	21.287	21.185	21.248	2012	0	37
2023.03.06	08:00:00	21.245	21.282	21.047	21.063	2805	0	37
2023.03.06	12:00:00	21.067	21.183	21.052	21.119	3830	0	37
2023.03.06	16:00:00	21.115	21.171	20.963	20.984	2015	0	37
2023.03.06	20:00:00	20.982	21.038	20.978	21.027	561	0	37
2023.03.07	00:00:00	21.023	21.098	20.994	21.065	1799	0	37
2023.03.07	04:00:00	21.067	21.123	20.994	21.076	1505	0	37
2023.03.07	08:00:00	21.074	21.093	20.891	20.906	2043	0	37
2023.03.07	12:00:00	20.907	20.907	20.170	20.183	4796	0	37
2023.03.07	16:00:00	20.180	20.286	20.022	20.033	3878	0	37
2023.03.07	20:00:00	20.038	20.099	20.011	20.080	940	0	37
2023.03.08	00:00:00	20.081	20.084	19.897	19.906	2408	0	37
2023.03.08	04:00:00	19.908	20.054	19.908	20.027	2115	0	37
2023.03.08	08:00:00	20.030	20.158	19.999	20.086	2261	0	37
2023.03.08	12:00:00	20.092	20.208	20.021	20.099	5220	0	37
2023.03.08	16:00:00	20.103	20.126	19.990	20.053	2691	0	37
2023.03.08	20:00:00	20.054	20.059	19.996	20.023	497	0	37
2023.03.09	00:00:00	20.021	20.041	19.960	20.011	1379	0	37
2023.03.09	04:00:00	20.006	20.065	19.976	20.017	1503	0	37
2023.03.09	08:00:00	20.021	20.137	19.985	20.107	1935	0	37
2023.03.09	12:00:00	20.102	20.272	20.043	20.151	4086	0	37
2023.03.09	16:00:00	20.154	20.166	20.053	20.073	2818	0	37
2023.03.09	20:00:00	20.075	20.089	19.974	20.071	1207	0	37
2023.03.10	00:00:00	20.070	20.125	19.911	19.917	2365	0	37
2023.03.10	04:00:00	19.919	20.094	19.883	20.080	2225	0	37
2023.03.10	08:00:00	20.082	20.144	20.005	20.072	2731	0	37
2023.03.10	12:00:00	20.073	20.775	20.051	20.674	7098	0	37
2023.03.10	16:00:00	20.675	20.690	20.385	20.445	4665	0	37
2023.03.10	20:00:00	20.449	20.524	20.445	20.513	962	0	37
2023.03.12	20:00:00	20.808	20.872	20.618	20.649	2675	0	37
2023.03.13	00:00:00	20.645	20.851	20.573	20.780	3937	0	37
2023.03.13	04:00:00	20.784	20.822	20.646	20.741	3020	0	37
2023.03.13	08:00:00	20.739	21.120	20.694	21.067	5581	0	37
2023.03.13	12:00:00	21.070	21.910	21.044	21.829	9266	0	37
2023.03.13	16:00:00	21.822	21.859	21.649	21.745	4732	0	37
2023.03.13	20:00:00	21.749	21.789	21.722	21.773	820	0	37
2023.03.14	00:00:00	21.772	21.839	21.618	21.635	2933	0	37
2023.03.14	04:00:00	21.639	21.899	21.596	21.847	3439	0	37
2023.03.14	08:00:00	21.846	21.860	21.493	21.622	3908	0	37
2023.03.14	12:00:00	21.618	21.944	21.503	21.843	7307	0	37
2023.03.14	16:00:00	21.848	21.957	21.610	21.631	3460	0	37
2023.03.14	20:00:00	21.636	21.684	21.634	21.664	604	0	37
2023.03.15	00:00:00	21.660	21.836	21.590	21.759	2283	0	37
2023.03.15	04:00:00	21.760	21.765	21.612	21.647	2378	0	37
2023.03.15	08:00:00	21.653	22.105	21.520	22.098	5268	0	37
2023.03.15	12:00:00	22.095	22.364	21.800	21.901	8615	0	37
2023.03.15	16:00:00	21.900	21.992	21.611	21.754	5478	0	37
2023.03.15	20:00:00	21.748	21.829	21.718	21.788	681	0	37
2023.03.16	00:00:00	21.789	21.909	21.658	21.721	3617	0	37
2023.03.16	04:00:00	21.727	21.839	21.648	21.805	3104	0	37
2023.03.16	08:00:00	21.802	22.052	21.786	22.011	3079	0	37
2023.03.16	12:00:00	22.008	22.074	21.465	21.520	7617	0	37
2023.03.16	16:00:00	21.516	21.724	21.454	21.673	3656	0	37
2023.03.16	20:00:00	21.667	21.746	21.651	21.717	597	0	37
2023.03.17	00:00:00	21.719	21.927	21.644	21.899	2303	0	37
2023.03.17	04:00:00	21.897	21.994	21.871	21.925	2267	0	37
2023.03.17	08:00:00	21.926	21.944	21.808	21.863	2950	0	37
2023.03.17	12:00:00	21.864	22.266	21.794	22.164	6588	0	37
2023.03.17	16:00:00	22.166	22.588	22.094	22.422	4202	0	37
2023.03.17	20:00:00	22.424	22.579	22.418	22.570	493	0	37
2023.03.19	20:00:00	22.610	22.623	22.350	22.370	1369	0	37
2023.03.20	00:00:00	22.373	22.418	22.211	22.314	3491	0	37
2023.03.20	04:00:00	22.315	22.627	22.269	22.491	4328	0	37
2023.03.20	08:00:00	22.488	22.698	22.371	22.471	4988	0	37
2023.03.20	12:00:00	22.475	22.505	22.205	22.464	7123	0	37
2023.03.20	16:00:00	22.462	22.555	22.418	22.479	3150	0	37
2023.03.20	20:00:00	22.485	22.539	22.485	22.495	605	0	37
2023.03.21	00:00:00	22.497	22.633	22.490	22.542	2208	0	37
2023.03.21	04:00:00	22.540	22.604	22.375	22.375	2313	0	37
2023.03.21	08:00:00	22.377	22.515	22.333	22.449	3361	0	37
2023.03.21	12:00:00	22.447	22.584	22.156	22.230	5923	0	37
2023.03.21	16:00:00	22.236	22.333	22.139	22.324	2757	0	37
2023.03.21	20:00:00	22.328	22.439	22.314	22.416	574	0	37
2023.03.22	00:00:00	22.414	22.447	22.331	22.350	2228	0	37
2023.03.22	04:00:00	22.349	22.442	22.282	22.349	2260	0	37
2023.03.22	08:00:00	22.351	22.497	22.340	22.369	2611	0	37
2023.03.22	12:00:00	22.368	22.670	22.253	22.606	4615	0	37
2023.03.22	16:00:00	22.607	23.052	22.589	22.931	6305	0	37
2023.03.22	20:00:00	22.933	22.969	22.865	22.965	1369	0	37
2023.03.23	00:00:00	22.968	23.077	22.743	22.928	3325	0	37
2023.03.23	04:00:00	22.926	23.046	22.817	22.827	3251	0	37
2023.03.23	08:00:00	22.833	22.984	22.812	22.855	2962	0	37
2023.03.23	12:00:00	22.861	23.122	22.768	23.051	5535	0	37
2023.03.23	16:00:00	23.050	23.204	22.889	23.126	4314	0	37
2023.03.23	20:00:00	23.124	23.128	23.010	23.028	941	0	37
2023.03.24	00:00:00	23.027	23.106	22.986	23.063	2654	0	37
2023.03.24	04:00:00	23.065	23.175	22.949	23.131	2426	0	37
2023.03.24	08:00:00	23.133	23.277	23.011	23.154	4391	0	37
2023.03.24	12:00:00	23.148	23.508	23.134	23.153	7393	0	37
2023.03.24	16:00:00	23.147	23.239	23.057	23.085	3427	0	37
2023.03.24	20:00:00	23.091	23.245	23.091	23.209	310	0	37
2023.03.26	20:00:00	23.150	23.193	23.070	23.193	762	0	37
2023.03.27	00:00:00	23.191	23.222	23.016	23.045	2921	0	37
2023.03.27	04:00:00	23.047	23.068	22.938	23.051	2842	0	37
2023.03.27	08:00:00	23.047	23.094	22.848	23.034	2958	0	37
2023.03.27	12:00:00	23.037	23.097	22.831	22.974	4382	0	37
2023.03.27	16:00:00	22.971	23.077	22.941	23.064	1641	0	37
2023.03.27	20:00:00	23.059	23.108	23.051	23.105	520	0	37
2023.03.28	00:00:00	23.100	23.169	23.007	23.011	1944	0	37
2023.03.28	04:00:00	23.012	23.041	22.853	22.901	2483	0	37
2023.03.28	08:00:00	22.899	23.057	22.810	23.008	2607	0	37
2023.03.28	12:00:00	23.009	23.234	22.958	23.195	4993	0	37
2023.03.28	16:00:00	23.200	23.359	23.181	23.310	1955	0	37
2023.03.28	20:00:00	23.316	23.353	23.297	23.328	535	0	37
2023.03.29	00:00:00	23.330	23.345	23.168	23.193	1842	0	37
2023.03.29	04:00:00	23.197	23.229	23.030	23.136	2443	0	37
2023.03.29	08:00:00	23.139	23.295	23.127	23.169	2127	0	37
2023.03.29	12:00:00	23.170	23.366	23.085	23.245	3893	0	37
2023.03.29	16:00:00	23.246	23.400	23.246	23.310	2132	0	37
2023.03.29	20:00:00	23.312	23.328	23.283	23.293	502	0	37
2023.03.30	00:00:00	23.294	23.341	23.219	23.339	1954	0	37
2023.03.30	04:00:00	23.337	23.639	23.329	23.566	2495	0	37
2023.03.30	08:00:00	23.567	23.788	23.556	23.747	2241	0	37
2023.03.30	12:00:00	23.749	23.909	23.438	23.701	5348	0	37
2023.03.30	16:00:00	23.706	23.875	23.706	23.871	2425	0	37
2023.03.30	20:00:00	23.870	23.905	23.849	23.856	667	0	37
2023.03.31	00:00:00	23.861	23.948	23.822	23.888	2283	0	37
2023.03.31	04:00:00	23.886	23.906	23.672	23.703	2264	0	37
2023.03.31	08:00:00	23.698	23.936	23.678	23.879	2627	0	37
2023.03.31	12:00:00	23.886	24.130	23.821	24.130	5345	0	37
2023.03.31	16:00:00	24.126	24.144	23.934	24.066	2458	0	37
2023.03.31	20:00:00	24.062	24.082	24.033	24.081	257	0	37
2023.04.02	20:00:00	24.043	24.044	23.806	23.809	1123	0	37
2023.04.03	00:00:00	23.810	23.936	23.553	23.567	3453	0	37
2023.04.03	04:00:00	23.570	23.745	23.560	23.737	2281	0	37
2023.04.03	08:00:00	23.735	24.003	23.732	24.003	2281	0	37
2023.04.03	12:00:00	24.001	24.175	23.833	23.993	5628	0	37
2023.04.03	16:00:00	23.987	23.998	23.841	23.975	2545	0	37
2023.04.03	20:00:00	23.974	23.985	23.923	23.940	522	0	37
2023.04.04	00:00:00	23.941	23.967	23.816	23.851	1941	0	37
2023.04.04	04:00:00	23.853	24.008	23.808	23.979	2311	0	37
2023.04.04	08:00:00	23.978	24.075	23.885	23.924	2276	0	37
2023.04.04	12:00:00	23.926	24.913	23.907	24.827	6734	0	37
2023.04.04	16:00:00	24.825	24.995	24.806	24.976	3430	0	47
2023.04.04	20:00:00	24.973	25.002	24.934	24.963	705	0	47
2023.04.05	00:00:00	24.964	25.114	24.949	25.052	1374	0	47
2023.04.05	04:00:00	25.051	25.058	24.779	24.841	2206	0	37
2023.04.05	08:00:00	24.840	24.916	24.702	24.725	2551	0	37
2023.04.05	12:00:00	24.727	24.966	24.620	24.945	6934	0	37
2023.04.05	16:00:00	24.949	24.980	24.840	24.932	2504	0	37
2023.04.05	20:00:00	24.934	24.940	24.897	24.910	544	0	47
2023.04.06	00:00:00	24.909	24.910	24.667	24.772	2754	0	47
2023.04.06	04:00:00	24.769	24.943	24.755	24.905	2382	0	47
2023.04.06	08:00:00	24.900	24.980	24.864	24.895	2249	0	37
2023.04.06	12:00:00	24.898	24.985	24.542	24.876	5180	0	37
2023.04.06	16:00:00	24.878	24.977	24.856	24.876	2066	0	37
2023.04.06	20:00:00	24.883	24.964	24.866	24.946	273	0	47
2023.04.09	20:00:00	24.803	24.981	24.803	24.919	923	0	47
2023.04.10	00:00:00	24.918	24.928	24.714	24.735	2452	0	47
2023.04.10	04:00:00	24.731	24.830	24.698	24.820	1457	0	47
2023.04.10	08:00:00	24.819	25.054	24.808	25.021	1531	0	37
2023.04.10	12:00:00	25.014	25.045	24.718	24.744	4766	0	37
2023.04.10	16:00:00	24.742	24.885	24.715	24.871	1720	0	37
2023.04.10	20:00:00	24.869	24.874	24.826	24.867	408	0	47
2023.04.11	00:00:00	24.872	24.957	24.813	24.893	2073	0	47
2023.04.11	04:00:00	24.894	25.060	24.894	25.022	2173	0	37
2023.04.11	08:00:00	25.019	25.054	24.900	24.915	2196	0	37
2023.04.11	12:00:00	24.919	25.079	24.817	25.054	3960	0	37
2023.04.11	16:00:00	25.055	25.113	24.982	25.029	1658	0	37
2023.04.11	20:00:00	25.030	25.046	25.019	25.037	400	0	47
2023.04.12	00:00:00	25.039	25.348	25.022	25.319	2299	0	47
2023.04.12	04:00:00	25.321	25.399	25.173	25.207	2208	0	47
2023.04.12	08:00:00	25.203	25.210	25.047	25.120	1923	0	37
2023.04.12	12:00:00	25.116	25.647	25.069	25.175	6643	0	47
2023.04.12	16:00:00	25.171	25.510	25.162	25.469	2831	0	47
2023.04.12	20:00:00	25.473	25.525	25.442	25.516	560	0	47
2023.04.13	00:00:00	25.513	25.545	25.422	25.464	2252	0	47
2023.04.13	04:00:00	25.463	25.549	25.368	25.542	2294	0	47
2023.04.13	08:00:00	25.544	25.621	25.510	25.557	2115	0	47
2023.04.13	12:00:00	25.558	25.946	25.547	25.757	6223	0	47
2023.04.13	16:00:00	25.759	25.903	25.725	25.818	2157	0	47
2023.04.13	20:00:00	25.813	25.825	25.766	25.779	453	0	47
2023.04.14	00:00:00	25.775	26.044	25.761	26.031	2271	0	47
2023.04.14	04:00:00	26.030	26.051	25.819	25.845	2579	0	47
2023.04.14	08:00:00	25.848	26.064	25.766	25.964	2642	0	47
2023.04.14	12:00:00	25.965	26.039	25.156	25.228	7682	0	47
2023.04.14	16:00:00	25.229	25.377	25.131	25.354	2605	0	47
2023.04.14	20:00:00	25.356	25.378	25.340	25.359	206	0	47
2023.04.16	20:00:00	25.317	25.368	25.267	25.303	633	0	47
2023.04.17	00:00:00	25.309	25.323	25.154	25.275	2845	0	47
2023.04.17	04:00:00	25.273	25.582	25.249	25.514	2632	0	47
2023.04.17	08:00:00	25.513	25.519	25.331	25.412	2344	0	47
2023.04.17	12:00:00	25.418	25.447	24.787	24.935	5902	0	37
2023.04.17	16:00:00	24.936	25.030	24.868	25.019	2160	0	37
2023.04.17	20:00:00	25.022	25.026	24.978	24.988	409	0	47
2023.04.18	00:00:00	24.989	25.045	24.964	25.014	1779	0	47
2023.04.18	04:00:00	25.018	25.161	24.999	25.125	2016	0	37
2023.04.18	08:00:00	25.129	25.160	25.003	25.088	2084	0	37
2023.04.18	12:00:00	25.095	25.298	24.908	25.185	4955	0	37
2023.04.18	16:00:00	25.188	25.206	25.119	25.165	1706	0	47
2023.04.18	20:00:00	25.170	25.200	25.159	25.193	451	0	47
2023.04.19	00:00:00	25.191	25.253	25.076	25.145	1975	0	47
2023.04.19	04:00:00	25.148	25.165	24.824	24.868	2945	0	38
2023.04.19	08:00:00	24.867	24.872	24.620	24.715	3789	0	37
2023.04.19	12:00:00	24.713	25.330	24.671	25.183	5489	0	37
2023.04.19	16:00:00	25.181	25.348	25.160	25.262	1972	0	47
2023.04.19	20:00:00	25.260	25.271	25.228	25.234	617	0	47
2023.04.20	00:00:00	25.236	25.355	25.082	25.121	2227	0	47
2023.04.20	04:00:00	25.123	25.244	25.034	25.129	2511	0	47
2023.04.20	08:00:00	25.130	25.430	25.096	25.259	2825	0	47
2023.04.20	12:00:00	25.262	25.472	25.072	25.184	6085	0	47
2023.04.20	16:00:00	25.185	25.305	25.132	25.216	2350	0	47
2023.04.20	20:00:00	25.221	25.278	25.213	25.235	617	0	47
2023.04.21	00:00:00	25.233	25.272	25.171	25.204	1949	0	47
2023.04.21	04:00:00	25.201	25.203	24.929	25.043	2757	0	37
2023.04.21	08:00:00	25.040	25.182	25.031	25.179	3031	0	47
2023.04.21	12:00:00	25.182	25.360	24.883	24.933	6242	0	37
2023.04.21	16:00:00	24.939	25.032	24.897	25.013	2041	0	47
2023.04.21	20:00:00	25.005	25.068	25.005	25.064	184	0	47
2023.04.23	20:00:00	25.043	25.117	25.030	25.102	377	0	47
2023.04.24	00:00:00	25.100	25.100	24.844	24.880	2400	0	47
2023.04.24	04:00:00	24.878	24.956	24.768	24.950	2666	0	37
2023.04.24	08:00:00	24.948	25.091	24.917	25.048	2325	0	37
2023.04.24	12:00:00	25.046	25.175	24.852	25.107	4793	0	38
2023.04.24	16:00:00	25.105	25.212	25.101	25.120	1552	0	47
2023.04.24	20:00:00	25.118	25.180	25.098	25.169	547	0	47
2023.04.25	00:00:00	25.170	25.338	25.096	25.127	2644	0	47
2023.04.25	04:00:00	25.128	25.158	25.001	25.017	2739	0	38
2023.04.25	08:00:00	25.020	25.053	24.477	24.521	3143	0	37
2023.04.25	12:00:00	24.514	24.971	24.467	24.676	6100	0	37
2023.04.25	16:00:00	24.681	25.047	24.676	25.001	3122	0	37
2023.04.25	20:00:00	24.999	25.099	24.945	25.063	796	0	47
2023.04.26	00:00:00	25.064	25.082	24.908	24.940	2554	0	37
2023.04.26	04:00:00	24.941	25.055	24.935	24.967	1988	0	37
2023.04.26	08:00:00	24.965	25.017	24.841	25.014	2725	0	37
2023.04.26	12:00:00	25.011	25.206	24.868	24.882	5356	0	37
2023.04.26	16:00:00	24.886	24.899	24.706	24.836	3049	0	37
2023.04.26	20:00:00	24.835	24.901	24.827	24.900	615	0	47
2023.04.27	00:00:00	24.899	25.045	24.861	25.034	2116	0	47
2023.04.27	04:00:00	25.029	25.073	24.981	25.012	2298	0	37
2023.04.27	08:00:00	25.014	25.097	24.956	24.972	2066	0	37
2023.04.27	12:00:00	24.971	25.112	24.491	24.810	6908	0	37
2023.04.27	16:00:00	24.813	24.941	24.790	24.885	1946	0	37
2023.04.27	20:00:00	24.888	24.913	24.881	24.885	585	0	38
2023.04.28	00:00:00	24.886	24.966	24.821	24.928	2268	0	47
2023.04.28	04:00:00	24.929	24.992	24.849	24.855	3214	0	37
2023.04.28	08:00:00	24.857	24.899	24.747	24.825	2642	0	37
2023.04.28	12:00:00	24.823	25.047	24.709	25.031	6689	0	37
2023.04.28	16:00:00	25.032	25.038	24.906	25.013	2117	0	37
2023.04.28	20:00:00	25.021	25.031	25.005	25.031	156	0	47
2023.04.30	20:00:00	25.061	25.088	24.962	24.968	620	0	47
2023.05.01	00:00:00	24.969	25.028	24.901	25.027	1608	0	47
2023.05.01	04:00:00	25.024	25.168	25.011	25.110	1776	0	47
2023.05.01	08:00:00	25.112	25.262	24.970	25.216	1813	0	47
2023.05.01	12:00:00	25.214	25.891	24.871	24.947	7533	0	47
2023.05.01	16:00:00	24.949	25.047	24.862	24.916	2504	0	37
2023.05.01	20:00:00	24.918	24.976	24.918	24.942	557	0	47
2023.05.02	00:00:00	24.943	24.989	24.798	24.853	1606	0	47
2023.05.02	04:00:00	24.854	24.899	24.738	24.744	2223	0	37
2023.05.02	08:00:00	24.741	24.789	24.620	24.696	2732	0	37
2023.05.02	12:00:00	24.687	25.375	24.558	25.351	6944	0	37
2023.05.02	16:00:00	25.352	25.463	25.211	25.382	3623	0	47
2023.05.02	20:00:00	25.377	25.378	25.319	25.349	571	0	47
2023.05.03	00:00:00	25.353	25.356	25.269	25.315	1271	0	47
2023.05.03	04:00:00	25.313	25.354	25.184	25.259	1835	0	47
2023.05.03	08:00:00	25.261	25.345	25.219	25.254	2079	0	37
2023.05.03	12:00:00	25.258	25.480	25.068	25.394	6019	0	47
2023.05.03	16:00:00	25.389	25.583	25.283	25.498	6065	0	47
2023.05.03	20:00:00	25.493	25.783	25.441	25.645	2722	0	47
2023.05.04	00:00:00	25.647	25.870	25.611	25.726	3621	0	47
2023.05.04	04:00:00	25.723	25.769	25.418	25.472	3219	0	47
2023.05.04	08:00:00	25.465	25.706	25.465	25.592	2832	0	47
2023.05.04	12:00:00	25.595	25.946	25.450	25.889	7940	0	47
2023.05.04	16:00:00	25.885	26.027	25.863	26.026	3880	0	47
2023.05.04	20:00:00	26.028	26.046	25.990	26.041	698	0	47
2023.05.05	00:00:00	26.038	26.112	25.948	25.985	2190	0	47
2023.05.05	04:00:00	25.988	26.041	25.899	25.905	2430	0	47
2023.05.05	08:00:00	25.907	25.917	25.785	25.805	2068	0	47
2023.05.05	12:00:00	25.806	25.853	25.147	25.584	6945	0	47
2023.05.05	16:00:00	25.587	25.659	25.527	25.636	2301	0	47
2023.05.05	20:00:00	25.631	25.650	25.618	25.642	189	0	47
2023.05.07	20:00:00	25.655	25.660	25.590	25.613	549	0	47
2023.05.08	00:00:00	25.612	25.689	25.506	25.684	2226	0	47
2023.05.08	04:00:00	25.686	25.713	25.598	25.629	2014	0	47
2023.05.08	08:00:00	25.627	25.657	25.554	25.592	2176	0	47
2023.05.08	12:00:00	25.593	25.696	25.503	25.606	4770	0	47
2023.05.08	16:00:00	25.611	25.653	25.485	25.541	2081	0	47
2023.05.08	20:00:00	25.536	25.542	25.505	25.528	484	0	47
2023.05.09	00:00:00	25.531	25.608	25.498	25.605	1639	0	47
2023.05.09	04:00:00	25.607	25.630	25.375	25.433	2251	0	47
2023.05.09	08:00:00	25.430	25.576	25.304	25.464	2464	0	47
2023.05.09	12:00:00	25.457	25.627	25.304	25.501	4293	0	47
2023.05.09	16:00:00	25.505	25.651	25.505	25.553	2057	0	47
2023.05.09	20:00:00	25.555	25.632	25.550	25.616	513	0	47
2023.05.10	00:00:00	25.620	25.672	25.533	25.585	1921	0	47
2023.05.10	04:00:00	25.582	25.679	25.512	25.654	1935	0	47
2023.05.10	08:00:00	25.653	25.655	25.469	25.502	2160	0	47
2023.05.10	12:00:00	25.504	25.897	25.201	25.325	7380	0	47
2023.05.10	16:00:00	25.320	25.454	25.278	25.361	2620	0	47
2023.05.10	20:00:00	25.360	25.390	25.328	25.365	539	0	47
2023.05.11	00:00:00	25.363	25.452	25.298	25.313	1887	0	47
2023.05.11	04:00:00	25.317	25.340	24.946	25.013	2708	0	47
2023.05.11	08:00:00	25.006	25.059	24.829	24.960	3559	0	37
2023.05.11	12:00:00	24.953	25.008	24.121	24.144	7639	0	37
2023.05.11	16:00:00	24.145	24.238	24.124	24.151	2666	0	37
2023.05.11	20:00:00	24.155	24.169	24.128	24.140	445	0	37
2023.05.12	00:00:00	24.141	24.165	23.927	23.998	2746	0	37
2023.05.12	04:00:00	24.000	24.044	23.857	23.945	2951	0	37
2023.05.12	08:00:00	23.942	23.955	23.722	23.831	3004	0	37
2023.05.12	12:00:00	23.829	24.183	23.773	23.874	6491	0	37
2023.05.12	16:00:00	23.872	24.026	23.851	23.964	2247	0	37
2023.05.12	20:00:00	23.963	23.966	23.932	23.950	152	0	37
2023.05.14	20:00:00	23.931	23.986	23.927	23.982	314	0	37
2023.05.15	00:00:00	23.985	24.099	23.929	23.969	2657	0	37
2023.05.15	04:00:00	23.971	24.138	23.964	24.102	2502	0	37
2023.05.15	08:00:00	24.104	24.105	23.860	23.944	2217	0	37
2023.05.15	12:00:00	23.942	24.193	23.905	24.066	4454	0	37
2023.05.15	16:00:00	24.065	24.115	24.039	24.055	1191	0	37
2023.05.15	20:00:00	24.054	24.075	24.054	24.061	283	0	37
2023.05.16	00:00:00	24.063	24.087	23.962	24.027	1706	0	37
2023.05.16	04:00:00	24.023	24.029	23.675	23.871	3157	0	37
2023.05.16	08:00:00	23.873	23.905	23.744	23.766	2225	0	37
2023.05.16	12:00:00	23.763	24.044	23.616	23.670	6050	0	37
2023.05.16	16:00:00	23.665	23.790	23.623	23.741	2369	0	37
2023.05.16	20:00:00	23.738	23.756	23.711	23.738	460	0	37
2023.05.17	00:00:00	23.743	23.797	23.691	23.731	2061	0	37
2023.05.17	04:00:00	23.729	23.762	23.621	23.621	2294	0	37
2023.05.17	08:00:00	23.624	23.691	23.569	23.668	2207	0	37
2023.05.17	12:00:00	23.670	23.861	23.523	23.649	5495	0	37
2023.05.17	16:00:00	23.651	23.775	23.647	23.749	1740	0	37
2023.05.17	20:00:00	23.744	23.746	23.711	23.740	305	0	37
2023.05.18	00:00:00	23.741	23.763	23.669	23.679	1703	0	37
2023.05.18	04:00:00	23.684	23.689	23.453	23.470	2145	0	37
2023.05.18	08:00:00	23.469	23.566	23.397	23.505	2119	0	37
2023.05.18	12:00:00	23.506	23.572	23.309	23.434	5537	0	37
2023.05.18	16:00:00	23.436	23.518	23.396	23.467	2007	0	37
2023.05.18	20:00:00	23.468	23.521	23.468	23.490	357	0	37
2023.05.19	00:00:00	23.491	23.649	23.378	23.605	2451	0	37
2023.05.19	04:00:00	23.602	23.777	23.573	23.753	2490	0	37
2023.05.19	08:00:00	23.751	23.751	23.543	23.569	2462	0	37
2023.05.19	12:00:00	23.566	23.998	23.487	23.837	6148	0	37
2023.05.19	16:00:00	23.836	23.909	23.754	23.798	2604	0	37
2023.05.19	20:00:00	23.802	23.834	23.792	23.826	172	0	37
2023.05.21	20:00:00	23.828	23.862	23.808	23.830	397	0	37
2023.05.22	00:00:00	23.828	23.900	23.687	23.744	2789	0	37
2023.05.22	04:00:00	23.746	23.789	23.608	23.731	2479	0	37
2023.05.22	08:00:00	23.726	23.901	23.691	23.740	2387	0	37
2023.05.22	12:00:00	23.738	23.872	23.592	23.643	5070	0	37
2023.05.22	16:00:00	23.644	23.728	23.588	23.592	1654	0	37
2023.05.22	20:00:00	23.596	23.621	23.577	23.579	383	0	37
2023.05.23	00:00:00	23.581	23.636	23.494	23.546	2444	0	37
2023.05.23	04:00:00	23.547	23.547	23.198	23.203	2475	0	37
2023.05.23	08:00:00	23.201	23.256	23.094	23.132	2524	0	37
2023.05.23	12:00:00	23.130	23.621	23.091	23.402	5363	0	37
2023.05.23	16:00:00	23.396	23.524	23.382	23.416	2269	0	37
2023.05.23	20:00:00	23.422	23.456	23.417	23.447	388	0	37
2023.05.24	00:00:00	23.449	23.497	23.328	23.401	2475	0	37
2023.05.24	04:00:00	23.399	23.516	23.273	23.342	2410	0	37
2023.05.24	08:00:00	23.343	23.461	23.328	23.458	2114	0	37
2023.05.24	12:00:00	23.459	23.498	23.086	23.133	5216	0	37
2023.05.24	16:00:00	23.138	23.144	23.009	23.024	2997	0	37
2023.05.24	20:00:00	23.027	23.069	23.017	23.057	698	0	37
2023.05.25	00:00:00	23.056	23.070	22.891	23.010	2845	0	37
2023.05.25	04:00:00	23.007	23.107	22.936	23.074	2304	0	37
2023.05.25	08:00:00	23.076	23.131	22.952	23.036	1937	0	37
2023.05.25	12:00:00	23.042	23.082	22.750	22.823	6158	0	37
2023.05.25	16:00:00	22.828	22.849	22.682	22.697	1584	0	37
2023.05.25	20:00:00	22.696	22.723	22.681	22.695	465	0	37
2023.05.26	00:00:00	22.697	22.907	22.662	22.903	2125	0	37
2023.05.26	04:00:00	22.905	23.100	22.901	23.095	2435	0	37
2023.05.26	08:00:00	23.099	23.213	23.061	23.143	1869	0	37
2023.05.26	12:00:00	23.147	23.266	23.005	23.192	5513	0	37
2023.05.26	16:00:00	23.191	23.317	23.191	23.276	1660	0	37
2023.05.26	20:00:00	23.273	23.305	23.272	23.293	150	0	37
2023.05.28	20:00:00	23.255	23.301	23.248	23.268	512	0	37
2023.05.29	00:00:00	23.263	23.308	23.196	23.217	2201	0	37
2023.05.29	04:00:00	23.214	23.359	23.208	23.234	1812	0	37
2023.05.29	08:00:00	23.239	23.289	23.144	23.219	1656	0	37
2023.05.29	12:00:00	23.214	23.273	23.155	23.188	2476	0	37
2023.05.29	16:00:00	23.186	23.189	23.145	23.162	191	0	37
2023.05.29	20:00:00	23.123	23.150	23.107	23.130	318	0	37
2023.05.30	00:00:00	23.126	23.241	23.007	23.009	2564	0	37
2023.05.30	04:00:00	23.008	23.131	22.909	23.127	3156	0	37
2023.05.30	08:00:00	23.133	23.280	23.092	23.220	3090	0	37
2023.05.30	12:00:00	23.226	23.324	23.008	23.200	4868	0	37
2023.05.30	16:00:00	23.201	23.232	23.108	23.194	1543	0	37
2023.05.30	20:00:00	23.188	23.198	23.162	23.176	356	0	37
2023.05.31	00:00:00	23.178	23.203	23.081	23.128	2437	0	37
2023.05.31	04:00:00	23.123	23.473	23.105	23.192	3192	0	37
2023.05.31	08:00:00	23.188	23.333	23.151	23.287	2639	0	37
2023.05.31	12:00:00	23.284	23.599	23.125	23.536	5789	0	37
2023.05.31	16:00:00	23.532	23.588	23.423	23.513	2198	0	37
2023.05.31	20:00:00	23.512	23.540	23.478	23.527	442	0	37
2023.06.01	00:00:00	23.525	23.584	23.461	23.507	2635	0	37
2023.06.01	04:00:00	23.505	23.566	23.291	23.316	2781	0	37
2023.06.01	08:00:00	23.310	23.510	23.262	23.481	2350	0	37
2023.06.01	12:00:00	23.476	23.905	23.358	23.883	6108	0	37
2023.06.01	16:00:00	23.886	23.902	23.813	23.865	1577	0	37
2023.06.01	20:00:00	23.857	23.875	23.835	23.857	346	0	37
2023.06.02	00:00:00	23.859	24.002	23.769	23.949	2238	0	37
2023.06.02	04:00:00	23.948	23.989	23.841	23.867	2483	0	37
2023.06.02	08:00:00	23.869	23.965	23.850	23.861	2073	0	37
2023.06.02	12:00:00	23.859	23.940	23.634	23.734	6049	0	37
2023.06.02	16:00:00	23.732	23.738	23.564	23.600	1894	0	37
2023.06.02	20:00:00	23.596	23.615	23.588	23.601	132	0	37
2023.06.04	20:00:00	23.574	23.596	23.545	23.557	348	0	37
2023.06.05	00:00:00	23.559	23.600	23.489	23.547	1974	0	37
2023.06.05	04:00:00	23.546	23.550	23.366	23.378	2155	0	37
2023.06.05	08:00:00	23.377	23.515	23.373	23.467	2146	0	37
2023.06.05	12:00:00	23.468	23.670	23.232	23.549	5198	0	37
2023.06.05	16:00:00	23.551	23.600	23.507	23.554	1564	0	37
2023.06.05	20:00:00	23.557	23.569	23.513	23.541	370	0	37
2023.06.06	00:00:00	23.542	23.619	23.490	23.574	1526	0	37
2023.06.06	04:00:00	23.578	23.664	23.410	23.431	2604	0	37
2023.06.06	08:00:00	23.433	23.720	23.431	23.632	2616	0	37
2023.06.06	12:00:00	23.634	23.757	23.321	23.542	4667	0	37
2023.06.06	16:00:00	23.543	23.621	23.541	23.567	1498	0	37
2023.06.06	20:00:00	23.570	23.596	23.566	23.591	200	0	37
2023.06.07	00:00:00	23.590	23.636	23.515	23.535	1685	0	37
2023.06.07	04:00:00	23.533	23.567	23.389	23.400	2014	0	37
2023.06.07	08:00:00	23.398	23.685	23.386	23.585	2261	0	37
2023.06.07	12:00:00	23.587	24.037	23.468	23.468	5228	0	37
2023.06.07	16:00:00	23.475	23.499	23.405	23.427	2134	0	37
2023.06.07	20:00:00	23.432	23.444	23.411	23.435	343	0	37
2023.06.08	00:00:00	23.438	23.537	23.426	23.535	1510	0	37
2023.06.08	04:00:00	23.534	23.696	23.526	23.693	1835	0	37
2023.06.08	08:00:00	23.690	23.749	23.646	23.700	2057	0	37
2023.06.08	12:00:00	23.698	24.333	23.684	24.193	5340	0	37
2023.06.08	16:00:00	24.194	24.292	24.138	24.268	1721	0	37
2023.06.08	20:00:00	24.267	24.274	24.239	24.245	305	0	37
2023.06.09	00:00:00	24.247	24.335	24.206	24.250	1766	0	37
2023.06.09	04:00:00	24.247	24.412	24.210	24.398	1989	0	37
2023.06.09	08:00:00	24.397	24.414	24.284	24.364	2099	0	37
2023.06.09	12:00:00	24.370	24.508	24.174	24.333	4950	0	37
2023.06.09	16:00:00	24.331	24.341	24.235	24.256	1324	0	37
2023.06.09	20:00:00	24.258	24.279	24.246	24.265	87	0	37
2023.06.11	20:00:00	24.235	24.239	24.195	24.229	552	0	37
2023.06.12	00:00:00	24.229	24.241	24.049	24.120	3146	0	37
2023.06.12	04:00:00	24.119	24.203	24.071	24.103	3349	0	37
2023.06.12	08:00:00	24.101	24.284	24.098	24.220	3592	0	37
2023.06.12	12:00:00	24.221	24.285	23.861	23.945	6814	0	37
2023.06.12	16:00:00	23.942	24.074	23.911	24.046	2791	0	37
2023.06.12	20:00:00	24.047	24.077	24.023	24.070	687	0	37
2023.06.13	00:00:00	24.070	24.151	23.996	24.142	2981	0	37
2023.06.13	04:00:00	24.142	24.242	24.077	24.178	3462	0	37
2023.06.13	08:00:00	24.176	24.206	24.131	24.156	2826	0	37
2023.06.13	12:00:00	24.156	24.384	23.710	23.741	8569	0	37
2023.06.13	16:00:00	23.741	23.796	23.582	23.662	3810	0	37
2023.06.13	20:00:00	23.657	23.691	23.637	23.663	838	0	37
2023.06.14	00:00:00	23.664	23.844	23.635	23.824	2499	0	37
2023.06.14	04:00:00	23.824	23.883	23.728	23.858	2848	0	37
2023.06.14	08:00:00	23.857	23.915	23.782	23.806	3167	0	37
2023.06.14	12:00:00	23.806	24.061	23.806	23.995	6228	0	37
2023.06.14	16:00:00	23.995	24.056	23.843	23.907	6132	0	37
2023.06.14	20:00:00	23.906	23.945	23.874	23.905	1065	0	37
2023.06.15	00:00:00	23.905	23.915	23.397	23.447	3826	0	37
2023.06.15	04:00:00	23.447	23.553	23.216	23.314	4554	0	37
2023.06.15	08:00:00	23.309	23.440	23.290	23.320	4616	0	37
2023.06.15	12:00:00	23.321	23.859	23.205	23.780	8215	0	37
2023.06.15	16:00:00	23.782	23.886	23.775	23.882	3474	0	37
2023.06.15	20:00:00	23.883	23.888	23.854	23.861	654	0	37
2023.06.16	00:00:00	23.861	23.969	23.817	23.887	2924	0	37
2023.06.16	04:00:00	23.887	23.997	23.812	23.964	3704	0	37
2023.06.16	08:00:00	23.964	24.097	23.898	24.077	4098	0	37
2023.06.16	12:00:00	24.079	24.189	23.861	23.992	7784	0	37
2023.06.16	16:00:00	23.992	24.152	23.953	24.132	3167	0	37
2023.06.16	20:00:00	24.131	24.180	24.131	24.173	367	0	37
2023.06.18	20:00:00	24.160	24.161	24.072	24.097	602	0	37
2023.06.19	00:00:00	24.098	24.138	24.009	24.086	3106	0	37
2023.06.19	04:00:00	24.086	24.159	23.993	24.056	3051	0	37
2023.06.19	08:00:00	24.051	24.134	23.874	23.899	3274	0	37
2023.06.19	12:00:00	23.903	24.028	23.869	23.981	4064	0	37
2023.06.19	16:00:00	23.982	24.048	23.916	23.928	968	0	37
2023.06.19	20:00:00	23.954	24.002	23.953	23.983	483	0	37
2023.06.20	00:00:00	23.983	24.008	23.827	23.914	2917	0	37
2023.06.20	04:00:00	23.914	23.982	23.815	23.936	3472	0	37
2023.06.20	08:00:00	23.933	23.958	23.732	23.825	3778	0	37
2023.06.20	12:00:00	23.825	23.860	23.039	23.101	8068	0	37
2023.06.20	16:00:00	23.105	23.214	23.086	23.139	3239	0	37
2023.06.20	20:00:00	23.140	23.156	23.123	23.142	843	0	37
2023.06.21	00:00:00	23.142	23.154	23.071	23.130	2902	0	37
2023.06.21	04:00:00	23.131	23.137	23.017	23.022	3404	0	37
2023.06.21	08:00:00	23.022	23.094	22.983	23.058	4173	0	37
2023.06.21	12:00:00	23.057	23.063	22.479	22.734	9180	0	37
2023.06.21	16:00:00	22.735	22.810	22.656	22.681	4260	0	37
2023.06.21	20:00:00	22.681	22.714	22.633	22.693	935	0	37
2023.06.22	00:00:00	22.693	22.696	22.599	22.608	1742	0	37
2023.06.22	04:00:00	22.608	22.625	22.493	22.566	3232	0	37
2023.06.22	08:00:00	22.566	22.648	22.520	22.594	4645	0	37
2023.06.22	12:00:00	22.591	22.609	22.273	22.411	7620	0	37
2023.06.22	16:00:00	22.407	22.486	22.335	22.340	3285	0	37
2023.06.22	20:00:00	22.344	22.345	22.157	22.216	949	0	37
2023.06.23	00:00:00	22.216	22.241	22.093	22.118	2598	0	37
2023.06.23	04:00:00	22.119	22.372	22.111	22.303	3875	0	37
2023.06.23	08:00:00	22.302	22.389	22.276	22.346	4346	0	37
2023.06.23	12:00:00	22.346	22.666	22.261	22.326	7889	0	37
2023.06.23	16:00:00	22.326	22.408	22.274	22.394	3212	0	37
2023.06.23	20:00:00	22.393	22.415	22.380	22.415	245	0	37
2023.06.25	20:00:00	22.413	22.506	22.408	22.503	788	0	37
2023.06.26	00:00:00	22.503	22.799	22.495	22.729	3951	0	37
2023.06.26	04:00:00	22.729	22.783	22.632	22.776	3403	0	37
2023.06.26	08:00:00	22.776	22.836	22.689	22.815	3824	0	37
2023.06.26	12:00:00	22.815	22.873	22.573	22.811	6431	0	37
2023.06.26	16:00:00	22.812	22.843	22.751	22.759	3024	0	37
2023.06.26	20:00:00	22.758	22.777	22.739	22.745	586	0	37
2023.06.27	00:00:00	22.746	22.968	22.736	22.915	3188	0	37
2023.06.27	04:00:00	22.915	23.026	22.910	22.963	3322	0	37
2023.06.27	08:00:00	22.963	22.973	22.826	22.864	4174	0	37
2023.06.27	12:00:00	22.865	23.077	22.741	22.868	7408	0	37
2023.06.27	16:00:00	22.869	22.896	22.776	22.853	3483	0	37
2023.06.27	20:00:00	22.848	22.856	22.820	22.844	735	0	37
2023.06.28	00:00:00	22.844	22.912	22.827	22.882	2742	0	37
2023.06.28	04:00:00	22.882	22.944	22.721	22.742	2891	0	37
2023.06.28	08:00:00	22.741	22.810	22.569	22.641	3686	0	37
2023.06.28	12:00:00	22.640	22.856	22.542	22.807	6300	0	37
2023.06.28	16:00:00	22.805	22.832	22.696	22.700	2421	0	37
2023.06.28	20:00:00	22.698	22.725	22.655	22.711	733	0	37
2023.06.29	00:00:00	22.711	22.861	22.664	22.731	2771	0	37
2023.06.29	04:00:00	22.730	22.798	22.664	22.785	3348	0	37
2023.06.29	08:00:00	22.786	22.858	22.664	22.793	3997	0	37
2023.06.29	12:00:00	22.792	22.843	22.263	22.594	8013	0	37
2023.06.29	16:00:00	22.590	22.637	22.522	22.559	2907	0	37
2023.06.29	20:00:00	22.559	22.572	22.546	22.568	591	0	37
2023.06.30	00:00:00	22.568	22.614	22.539	22.604	2767	0	37
2023.06.30	04:00:00	22.604	22.683	22.397	22.407	2936	0	37
2023.06.30	08:00:00	22.406	22.471	22.327	22.401	3865	0	37
2023.06.30	12:00:00	22.401	22.755	22.362	22.725	7373	0	37
2023.06.30	16:00:00	22.727	22.825	22.713	22.756	2656	0	37
2023.06.30	20:00:00	22.754	22.761	22.729	22.755	264	0	37
2023.07.02	20:00:00	22.752	22.761	22.731	22.737	429	0	37
2023.07.03	00:00:00	22.737	22.814	22.699	22.798	2466	0	37
2023.07.03	04:00:00	22.798	22.928	22.694	22.703	3055	0	37
2023.07.03	08:00:00	22.703	22.809	22.689	22.766	3198	0	37
2023.07.03	12:00:00	22.766	23.053	22.737	22.926	6250	0	37
2023.07.03	16:00:00	22.926	22.930	22.856	22.879	1632	0	37
2023.07.03	20:00:00	22.879	22.889	22.533	22.876	339	0	37
2023.07.04	00:00:00	22.876	22.947	22.863	22.902	1808	0	37
2023.07.04	04:00:00	22.902	22.982	22.861	22.934	2389	0	37
2023.07.04	08:00:00	22.933	23.027	22.888	23.004	2730	0	37
2023.07.04	12:00:00	23.005	23.039	22.946	23.000	2472	0	37
2023.07.04	16:00:00	23.001	23.002	22.928	22.946	1039	0	37
2023.07.04	20:00:00	22.932	22.957	22.921	22.951	333	0	37
2023.07.05	00:00:00	22.951	22.990	22.902	22.910	1963	0	37
2023.07.05	04:00:00	22.909	22.981	22.751	22.844	2856	0	37
2023.07.05	08:00:00	22.844	22.882	22.762	22.839	3158	0	37
2023.07.05	12:00:00	22.839	23.289	22.795	23.198	6798	0	37
2023.07.05	16:00:00	23.198	23.218	23.071	23.106	2912	0	37
2023.07.05	20:00:00	23.105	23.124	23.099	23.112	613	0	37
2023.07.06	00:00:00	23.112	23.195	23.089	23.093	2839	0	37
2023.07.06	04:00:00	23.093	23.236	23.066	23.178	2925	0	37
2023.07.06	08:00:00	23.178	23.209	23.061	23.186	3017	0	37
2023.07.06	12:00:00	23.186	23.222	22.508	22.700	8003	0	37
2023.07.06	16:00:00	22.700	22.726	22.645	22.690	2320	0	37
2023.07.06	20:00:00	22.687	22.721	22.679	22.707	609	0	37
2023.07.07	00:00:00	22.707	22.719	22.635	22.668	2266	0	37
2023.07.07	04:00:00	22.668	22.748	22.597	22.691	2779	0	37
2023.07.07	08:00:00	22.692	22.743	22.632	22.676	2600	0	37
2023.07.07	12:00:00	22.675	23.134	22.611	23.032	7249	0	37
2023.07.07	16:00:00	23.032	23.105	23.017	23.075	2014	0	37
2023.07.07	20:00:00	23.076	23.080	23.053	23.063	235	0	37
2023.07.09	20:00:00	23.051	23.096	23.022	23.051	549	0	37
2023.07.10	00:00:00	23.052	23.134	23.004	23.042	2431	0	37
2023.07.10	04:00:00	23.040	23.087	22.968	23.083	2296	0	37
2023.07.10	08:00:00	23.083	23.091	23.003	23.061	2392	0	37
2023.07.10	12:00:00	23.061	23.064	22.731	23.043	5906	0	37
2023.07.10	16:00:00	23.043	23.136	23.024	23.123	2112	0	37
2023.07.10	20:00:00	23.121	23.126	23.105	23.115	459	0	37
2023.07.11	00:00:00	23.119	23.293	23.109	23.195	2931	0	37
2023.07.11	04:00:00	23.194	23.369	23.138	23.139	3107	0	37
2023.07.11	08:00:00	23.140	23.228	23.099	23.135	2773	0	37
2023.07.11	12:00:00	23.135	23.201	23.014	23.068	5128	0	37
2023.07.11	16:00:00	23.068	23.096	23.001	23.092	2093	0	37
2023.07.11	20:00:00	23.092	23.122	23.087	23.114	514	0	37
2023.07.12	00:00:00	23.114	23.246	23.111	23.210	2446	0	37
2023.07.12	04:00:00	23.210	23.256	23.108	23.126	2489	0	37
2023.07.12	08:00:00	23.126	23.182	23.105	23.152	1929	0	37
2023.07.12	12:00:00	23.152	24.054	23.132	24.037	7590	0	37
2023.07.12	16:00:00	24.031	24.133	24.030	24.108	2768	0	37
2023.07.12	20:00:00	24.108	24.125	24.076	24.119	556	0	37
2023.07.13	00:00:00	24.119	24.230	24.084	24.197	2719	0	37
2023.07.13	04:00:00	24.198	24.233	24.082	24.215	3228	0	37
2023.07.13	08:00:00	24.218	24.281	24.175	24.260	2457	0	37
2023.07.13	12:00:00	24.260	24.718	24.157	24.559	7141	0	37
2023.07.13	16:00:00	24.560	24.803	24.559	24.795	2813	0	37
2023.07.13	20:00:00	24.798	24.875	24.795	24.852	813	0	47
2023.07.14	00:00:00	24.852	24.877	24.699	24.837	3097	0	47
2023.07.14	04:00:00	24.838	24.838	24.657	24.772	3515	0	38
2023.07.14	08:00:00	24.772	24.812	24.700	24.811	3021	0	37
2023.07.14	12:00:00	24.812	24.990	24.711	24.888	7103	0	37
2023.07.14	16:00:00	24.888	25.000	24.856	24.876	2876	0	47
2023.07.14	20:00:00	24.882	24.924	24.876	24.920	352	0	47
2023.07.16	20:00:00	24.874	24.874	24.808	24.866	552	0	47
2023.07.17	00:00:00	24.866	24.919	24.717	24.758	2664	0	47
2023.07.17	04:00:00	24.758	24.842	24.719	24.834	2690	0	38
2023.07.17	08:00:00	24.837	24.889	24.739	24.832	3222	0	37
2023.07.17	12:00:00	24.832	24.871	24.580	24.832	6011	0	38
2023.07.17	16:00:00	24.832	24.843	24.763	24.831	1951	0	37
2023.07.17	20:00:00	24.831	24.843	24.796	24.814	489	0	37
2023.07.18	00:00:00	24.814	25.023	24.784	24.850	3022	0	47
2023.07.18	04:00:00	24.850	24.943	24.798	24.868	3082	0	47
2023.07.18	08:00:00	24.868	24.967	24.837	24.863	3083	0	47
2023.07.18	12:00:00	24.864	25.150	24.745	25.096	7906	0	47
2023.07.18	16:00:00	25.096	25.139	24.984	25.025	2664	0	37
2023.07.18	20:00:00	25.026	25.047	25.014	25.029	495	0	47
2023.07.19	00:00:00	25.029	25.089	24.976	25.017	2616	0	47
2023.07.19	04:00:00	25.017	25.050	24.930	25.000	2982	0	47
2023.07.19	08:00:00	25.000	25.068	24.920	24.979	2613	0	47
2023.07.19	12:00:00	24.981	25.214	24.966	25.114	5832	0	47
2023.07.19	16:00:00	25.114	25.170	25.079	25.145	1970	0	47
2023.07.19	20:00:00	25.144	25.144	25.089	25.096	551	0	47
2023.07.20	00:00:00	25.096	25.244	25.085	25.187	3233	0	47
2023.07.20	04:00:00	25.187	25.212	25.050	25.177	3440	0	47
2023.07.20	08:00:00	25.177	25.244	25.128	25.173	2832	0	47
2023.07.20	12:00:00	25.174	25.185	24.786	24.849	6502	0	47
2023.07.20	16:00:00	24.849	24.849	24.689	24.702	2527	0	37
2023.07.20	20:00:00	24.699	24.785	24.699	24.783	539	0	47
2023.07.21	00:00:00	24.783	24.869	24.764	24.790	2483	0	47
2023.07.21	04:00:00	24.788	24.856	24.712	24.732	3056	0	37
2023.07.21	08:00:00	24.732	24.797	24.644	24.763	3440	0	37
2023.07.21	12:00:00	24.763	24.897	24.568	24.617	5667	0	37
2023.07.21	16:00:00	24.617	24.666	24.578	24.584	1714	0	37
2023.07.21	20:00:00	24.580	24.599	24.573	24.589	199	0	37
2023.07.23	20:00:00	24.588	24.603	24.566	24.591	446	0	47
2023.07.24	00:00:00	24.592	24.704	24.551	24.555	2822	0	37
2023.07.24	04:00:00	24.555	24.656	24.514	24.521	3042	0	37
2023.07.24	08:00:00	24.520	24.643	24.467	24.568	3142	0	37
2023.07.24	12:00:00	24.570	24.578	24.241	24.410	6246	0	37
2023.07.24	16:00:00	24.410	24.436	24.306	24.325	2032	0	37
2023.07.24	20:00:00	24.326	24.330	24.283	24.283	494	0	37
2023.07.25	00:00:00	24.283	24.539	24.273	24.511	3008	0	37
2023.07.25	04:00:00	24.511	24.567	24.448	24.499	3007	0	47
2023.07.25	08:00:00	24.500	24.659	24.464	24.601	3703	0	37
2023.07.25	12:00:00	24.600	24.703	24.475	24.655	5268	0	47
2023.07.25	16:00:00	24.655	24.695	24.606	24.637	1462	0	37
2023.07.25	20:00:00	24.638	24.671	24.637	24.642	624	0	37
2023.07.26	00:00:00	24.641	24.657	24.538	24.602	2344	0	47
2023.07.26	04:00:00	24.602	24.712	24.546	24.676	2602	0	47
2023.07.26	08:00:00	24.676	24.714	24.597	24.599	2935	0	37
2023.07.26	12:00:00	24.601	24.928	24.496	24.848	5567	0	37
2023.07.26	16:00:00	24.848	25.012	24.706	24.966	5258	0	37
2023.07.26	20:00:00	24.958	24.958	24.886	24.895	852	0	47
2023.07.27	00:00:00	24.895	25.111	24.855	25.036	2816	0	47
2023.07.27	04:00:00	25.036	25.084	24.898	25.047	3095	0	47
2023.07.27	08:00:00	25.047	25.122	24.921	25.118	3057	0	47
2023.07.27	12:00:00	25.112	25.123	24.021	24.195	7801	0	37
2023.07.27	16:00:00	24.195	24.249	24.080	24.085	3416	0	37
2023.07.27	20:00:00	24.085	24.159	24.080	24.146	944	0	37
2023.07.28	00:00:00	24.146	24.238	24.089	24.207	3749	0	37
2023.07.28	04:00:00	24.206	24.235	24.139	24.151	3935	0	37
2023.07.28	08:00:00	24.150	24.300	24.113	24.290	2833	0	37
2023.07.28	12:00:00	24.289	24.373	24.169	24.348	5623	0	37
2023.07.28	16:00:00	24.348	24.389	24.284	24.300	1605	0	37
2023.07.28	20:00:00	24.303	24.322	24.303	24.318	216	0	37
2023.07.30	20:00:00	24.325	24.358	24.313	24.324	596	0	47
2023.07.31	00:00:00	24.324	24.373	24.224	24.230	2629	0	37
2023.07.31	04:00:00	24.231	24.296	24.174	24.227	2610	0	37
2023.07.31	08:00:00	24.228	24.391	24.182	24.339	2748	0	37
2023.07.31	12:00:00	24.340	24.803	24.315	24.777	5307	0	37
2023.07.31	16:00:00	24.780	24.819	24.700	24.706	1716	0	37
2023.07.31	20:00:00	24.707	24.744	24.707	24.717	601	0	47
2023.08.01	00:00:00	24.715	24.735	24.579	24.638	2181	0	37
2023.08.01	04:00:00	24.639	24.644	24.513	24.534	2364	0	37
2023.08.01	08:00:00	24.534	24.543	24.400	24.430	2610	0	37
2023.08.01	12:00:00	24.430	24.471	24.110	24.167	6907	0	37
2023.08.01	16:00:00	24.164	24.305	24.139	24.287	1714	0	37
2023.08.01	20:00:00	24.287	24.392	24.273	24.382	1113	0	37
2023.08.02	00:00:00	24.382	24.433	24.269	24.313	2747	0	37
2023.08.02	04:00:00	24.313	24.355	24.250	24.276	2847	0	37
2023.08.02	08:00:00	24.277	24.467	24.258	24.388	2932	0	37
2023.08.02	12:00:00	24.388	24.454	23.626	23.659	7107	0	37
2023.08.02	16:00:00	23.660	23.763	23.651	23.695	2000	0	37
2023.08.02	20:00:00	23.695	23.716	23.680	23.705	499	0	37
2023.08.03	00:00:00	23.705	23.824	23.616	23.674	2688	0	37
2023.08.03	04:00:00	23.674	23.674	23.455	23.577	3347	0	37
2023.08.03	08:00:00	23.576	23.588	23.475	23.515	3670	0	37
2023.08.03	12:00:00	23.515	23.693	23.386	23.518	6812	0	37
2023.08.03	16:00:00	23.518	23.625	23.513	23.559	1762	0	37
2023.08.03	20:00:00	23.560	23.591	23.541	23.587	604	0	37
2023.08.04	00:00:00	23.586	23.620	23.476	23.514	2508	0	37
2023.08.04	04:00:00	23.514	23.579	23.363	23.477	2712	0	37
2023.08.04	08:00:00	23.477	23.507	23.384	23.394	2196	0	37
2023.08.04	12:00:00	23.394	23.773	23.207	23.635	7682	0	37
2023.08.04	16:00:00	23.636	23.657	23.555	23.586	2070	0	37
2023.08.04	20:00:00	23.587	23.628	23.587	23.610	242	0	37
2023.08.06	20:00:00	23.619	23.660	23.572	23.605	584	0	37
2023.08.07	00:00:00	23.606	23.629	23.515	23.535	2050	0	37
2023.08.07	04:00:00	23.536	23.537	23.412	23.475	2243	0	37
2023.08.07	08:00:00	23.476	23.494	23.349	23.411	2152	0	37
2023.08.07	12:00:00	23.410	23.566	23.053	23.075	4286	0	37
2023.08.07	16:00:00	23.074	23.157	23.065	23.096	1468	0	37
2023.08.07	20:00:00	23.094	23.119	23.081	23.104	485	0	37
2023.08.08	00:00:00	23.104	23.170	23.044	23.121	2494	0	37
2023.08.08	04:00:00	23.121	23.170	23.065	23.065	2292	0	37
2023.08.08	08:00:00	23.065	23.144	22.915	22.934	3037	0	37
2023.08.08	12:00:00	22.933	22.946	22.648	22.692	5976	0	37
2023.08.08	16:00:00	22.692	22.777	22.682	22.761	1780	0	37
2023.08.08	20:00:00	22.762	22.765	22.724	22.745	444	0	37
2023.08.09	00:00:00	22.745	22.919	22.708	22.892	2362	0	37
2023.08.09	04:00:00	22.892	22.923	22.817	22.839	2101	0	37
2023.08.09	08:00:00	22.839	22.849	22.646	22.730	2207	0	37
2023.08.09	12:00:00	22.726	22.875	22.603	22.656	5564	0	37
2023.08.09	16:00:00	22.656	22.686	22.623	22.665	1701	0	37
2023.08.09	20:00:00	22.665	22.680	22.631	22.677	444	0	37
2023.08.10	00:00:00	22.677	22.707	22.626	22.683	1815	0	37
2023.08.10	04:00:00	22.681	22.848	22.611	22.794	2366	0	37
2023.08.10	08:00:00	22.794	22.835	22.733	22.771	2391	0	37
2023.08.10	12:00:00	22.766	22.984	22.614	22.847	7255	0	37
2023.08.10	16:00:00	22.852	22.862	22.644	22.694	2862	0	37
2023.08.10	20:00:00	22.694	22.694	22.656	22.667	417	0	37
2023.08.11	00:00:00	22.667	22.789	22.666	22.704	1637	0	37
2023.08.11	04:00:00	22.704	22.766	22.646	22.702	2306	0	37
2023.08.11	08:00:00	22.702	22.764	22.656	22.708	2210	0	37
2023.08.11	12:00:00	22.710	22.825	22.558	22.646	6189	0	37
2023.08.11	16:00:00	22.645	22.699	22.625	22.663	1691	0	37
2023.08.11	20:00:00	22.661	22.676	22.659	22.672	209	0	37
2023.08.13	20:00:00	22.669	22.695	22.647	22.669	472	0	37
2023.08.14	00:00:00	22.669	22.670	22.508	22.578	3134	0	37
2023.08.14	04:00:00	22.578	22.733	22.557	22.723	2650	0	37
2023.08.14	08:00:00	22.723	22.746	22.648	22.659	2191	0	37
2023.08.14	12:00:00	22.659	22.705	22.350	22.614	5771	0	37
2023.08.14	16:00:00	22.614	22.663	22.549	22.575	1858	0	37
2023.08.14	20:00:00	22.573	22.589	22.553	22.587	591	0	37
2023.08.15	00:00:00	22.587	22.659	22.505	22.629	2940	0	37
2023.08.15	04:00:00	22.629	22.657	22.476	22.496	3013	0	37
2023.08.15	08:00:00	22.496	22.524	22.344	22.428	3195	0	37
2023.08.15	12:00:00	22.428	22.691	22.207	22.570	7825	0	37
2023.08.15	16:00:00	22.570	22.605	22.504	22.527	2423	0	37
2023.08.15	20:00:00	22.528	22.544	22.493	22.538	495	0	37
2023.08.16	00:00:00	22.533	22.613	22.478	22.556	2627	0	37
2023.08.16	04:00:00	22.556	22.676	22.532	22.670	2669	0	37
2023.08.16	08:00:00	22.671	22.765	22.635	22.638	2599	0	37
2023.08.16	12:00:00	22.638	22.702	22.520	22.554	5338	0	37
2023.08.16	16:00:00	22.554	22.554	22.389	22.389	3386	0	37
2023.08.16	20:00:00	22.387	22.424	22.375	22.399	736	0	37
2023.08.17	00:00:00	22.399	22.458	22.334	22.434	3374	0	37
2023.08.17	04:00:00	22.434	22.659	22.427	22.633	2944	0	37
2023.08.17	08:00:00	22.633	22.761	22.552	22.738	3415	0	37
2023.08.17	12:00:00	22.738	22.994	22.595	22.645	7093	0	37
2023.08.17	16:00:00	22.646	22.692	22.569	22.667	2506	0	37
2023.08.17	20:00:00	22.668	22.705	22.648	22.699	562	0	37
2023.08.18	00:00:00	22.699	22.867	22.684	22.822	2503	0	37
2023.08.18	04:00:00	22.822	22.846	22.685	22.762	2777	0	37
2023.08.18	08:00:00	22.762	22.836	22.732	22.756	2601	0	37
2023.08.18	12:00:00	22.757	22.808	22.617	22.725	5218	0	37
2023.08.18	16:00:00	22.724	22.745	22.659	22.736	1953	0	37
2023.08.18	20:00:00	22.735	22.755	22.706	22.731	287	0	37
2023.08.20	20:00:00	22.739	22.783	22.739	22.781	497	0	37
2023.08.21	00:00:00	22.782	22.836	22.651	22.812	3152	0	37
2023.08.21	04:00:00	22.812	22.866	22.713	22.755	2872	0	37
2023.08.21	08:00:00	22.756	22.979	22.728	22.964	3001	0	37
2023.08.21	12:00:00	22.964	23.282	22.895	23.131	6819	0	37
2023.08.21	16:00:00	23.131	23.300	23.131	23.274	2328	0	37
2023.08.21	20:00:00	23.274	23.322	23.274	23.292	532	0	37
2023.08.22	00:00:00	23.288	23.363	23.238	23.266	2844	0	37
2023.08.22	04:00:00	23.268	23.365	23.228	23.355	2973	0	37
2023.08.22	08:00:00	23.355	23.436	23.306	23.387	3055	0	37
2023.08.22	12:00:00	23.387	23.422	23.192	23.381	5951	0	37
2023.08.22	16:00:00	23.381	23.410	23.343	23.387	1985	0	37
2023.08.22	20:00:00	23.387	23.412	23.381	23.411	372	0	37
2023.08.23	00:00:00	23.411	23.532	23.405	23.521	2222	0	37
2023.08.23	04:00:00	23.521	23.740	23.508	23.722	3134	0	37
2023.08.23	08:00:00	23.722	23.800	23.666	23.772	3032	0	37
2023.08.23	12:00:00	23.771	24.272	23.715	24.266	6826	0	37
2023.08.23	16:00:00	24.266	24.338	24.248	24.280	2072	0	37
2023.08.23	20:00:00	24.281	24.308	24.273	24.299	569	0	37
2023.08.24	00:00:00	24.299	24.329	24.206	24.246	2641	0	37
2023.08.24	04:00:00	24.246	24.282	24.098	24.128	2949	0	37
2023.08.24	08:00:00	24.128	24.185	24.093	24.156	2800	0	37
2023.08.24	12:00:00	24.157	24.309	24.034	24.173	6261	0	37
2023.08.24	16:00:00	24.173	24.182	24.096	24.104	1817	0	37
2023.08.24	20:00:00	24.104	24.124	24.076	24.111	458	0	37
2023.08.25	00:00:00	24.111	24.151	24.012	24.018	2157	0	37
2023.08.25	04:00:00	24.018	24.119	23.975	24.088	2611	0	37
2023.08.25	08:00:00	24.088	24.199	24.059	24.193	2384	0	37
2023.08.25	12:00:00	24.190	24.360	23.902	24.064	7331	0	37
2023.08.25	16:00:00	24.066	24.250	24.061	24.215	2921	0	37
2023.08.25	20:00:00	24.215	24.216	24.190	24.199	210	0	37
2023.08.27	20:00:00	24.210	24.237	24.201	24.221	519	0	37
2023.08.28	00:00:00	24.221	24.304	24.139	24.178	2667	0	37
2023.08.28	04:00:00	24.177	24.206	24.121	24.124	2073	0	37
2023.08.28	08:00:00	24.124	24.207	24.115	24.173	1855	0	37
2023.08.28	12:00:00	24.172	24.336	24.030	24.318	4758	0	37
2023.08.28	16:00:00	24.318	24.336	24.181	24.209	1997	0	37
2023.08.28	20:00:00	24.209	24.220	24.189	24.196	381	0	37
2023.08.29	00:00:00	24.196	24.317	24.172	24.307	1751	0	37
2023.08.29	04:00:00	24.307	24.356	24.227	24.254	2484	0	37
2023.08.29	08:00:00	24.253	24.339	24.173	24.200	2709	0	37
2023.08.29	12:00:00	24.200	24.759	24.151	24.743	6430	0	37
2023.08.29	16:00:00	24.743	24.777	24.646	24.743	2370	0	37
2023.08.29	20:00:00	24.743	24.744	24.683	24.695	551	0	37
2023.08.30	00:00:00	24.695	24.721	24.596	24.615	1992	0	37
2023.08.30	04:00:00	24.615	24.623	24.529	24.601	2374	0	37
2023.08.30	08:00:00	24.601	24.619	24.514	24.600	2680	0	37
2023.08.30	12:00:00	24.599	24.990	24.594	24.643	7005	0	37
2023.08.30	16:00:00	24.639	24.687	24.579	24.591	1980	0	37
2023.08.30	20:00:00	24.595	24.604	24.582	24.596	590	0	37
2023.08.31	00:00:00	24.598	24.660	24.550	24.555	1793	0	37
2023.08.31	04:00:00	24.555	24.575	24.430	24.529	2367	0	37
2023.08.31	08:00:00	24.529	24.557	24.475	24.539	2238	0	37
2023.08.31	12:00:00	24.539	24.638	24.354	24.407	6371	0	37
2023.08.31	16:00:00	24.407	24.467	24.394	24.410	1841	0	37
2023.08.31	20:00:00	24.407	24.417	24.385	24.410	480	0	37
2023.09.01	00:00:00	24.410	24.559	24.386	24.409	2441	0	37
2023.09.01	04:00:00	24.409	24.563	24.388	24.561	2591	0	37
2023.09.01	08:00:00	24.563	24.633	24.525	24.608	2406	0	37
2023.09.01	12:00:00	24.607	24.800	24.138	24.201	8604	0	37
2023.09.01	16:00:00	24.201	24.268	24.144	24.156	1932	0	37
2023.09.01	20:00:00	24.156	24.166	24.146	24.161	197	0	37
2023.09.03	20:00:00	24.160	24.165	24.096	24.150	423	0	37
2023.09.04	00:00:00	24.150	24.275	24.075	24.252	2620	0	37
2023.09.04	04:00:00	24.252	24.262	24.082	24.148	2346	0	37
2023.09.04	08:00:00	24.148	24.160	23.974	24.031	2385	0	37
2023.09.04	12:00:00	24.028	24.052	23.961	24.003	3077	0	37
2023.09.04	16:00:00	24.003	24.010	23.945	23.985	557	0	37
2023.09.04	20:00:00	23.960	23.982	23.946	23.946	337	0	37
2023.09.05	00:00:00	23.939	23.945	23.830	23.863	2440	0	37
2023.09.05	04:00:00	23.862	23.878	23.557	23.561	3038	0	37
2023.09.05	08:00:00	23.557	23.587	23.461	23.532	3141	0	37
2023.09.05	12:00:00	23.532	23.848	23.525	23.567	7265	0	37
2023.09.05	16:00:00	23.567	23.625	23.488	23.527	2023	0	37
2023.09.05	20:00:00	23.528	23.553	23.498	23.543	548	0	37
2023.09.06	00:00:00	23.544	23.558	23.457	23.532	2117	0	37
2023.09.06	04:00:00	23.532	23.578	23.326	23.347	2568	0	37
2023.09.06	08:00:00	23.347	23.535	23.339	23.385	2624	0	37
2023.09.06	12:00:00	23.385	23.420	22.988	23.084	7092	0	37
2023.09.06	16:00:00	23.083	23.177	23.070	23.146	1858	0	37
2023.09.06	20:00:00	23.146	23.159	23.111	23.113	520	0	37
2023.09.07	00:00:00	23.112	23.147	23.071	23.119	2108	0	37
2023.09.07	04:00:00	23.119	23.125	23.040	23.071	2357	0	37
2023.09.07	08:00:00	23.071	23.114	22.970	23.002	2415	0	37
2023.09.07	12:00:00	23.002	23.070	22.818	22.981	5758	0	37
2023.09.07	16:00:00	22.981	22.991	22.899	22.941	1520	0	37
2023.09.07	20:00:00	22.939	22.960	22.938	22.938	499	0	37
2023.09.08	00:00:00	22.938	23.126	22.932	23.066	2575	0	37
2023.09.08	04:00:00	23.066	23.156	23.007	23.023	1990	0	37
2023.09.08	08:00:00	23.023	23.073	22.972	22.979	2054	0	37
2023.09.08	12:00:00	22.981	23.132	22.854	22.914	5790	0	37
2023.09.08	16:00:00	22.914	22.921	22.838	22.900	1719	0	37
2023.09.08	20:00:00	22.895	22.915	22.893	22.914	167	0	37
2023.09.10	20:00:00	22.901	22.943	22.888	22.932	659	0	37
2023.09.11	00:00:00	22.932	23.045	22.918	23.005	2686	0	37
2023.09.11	04:00:00	23.005	23.158	22.998	23.126	2903	0	37
2023.09.11	08:00:00	23.126	23.204	23.053	23.063	2058	0	37
2023.09.11	12:00:00	23.063	23.168	22.929	23.005	5148	0	37
2023.09.11	16:00:00	23.005	23.080	23.005	23.067	1457	0	37
2023.09.11	20:00:00	23.063	23.072	23.055	23.059	408	0	37
2023.09.12	00:00:00	23.059	23.165	23.023	23.156	2091	0	37
2023.09.12	04:00:00	23.156	23.157	22.942	23.017	2237	0	37
2023.09.12	08:00:00	23.017	23.111	22.818	22.901	2765	0	37
2023.09.12	12:00:00	22.898	23.090	22.837	23.035	5048	0	37
2023.09.12	16:00:00	23.035	23.127	23.031	23.037	1740	0	37
2023.09.12	20:00:00	23.038	23.057	23.033	23.041	568	0	37
2023.09.13	00:00:00	23.041	23.076	22.849	22.874	2169	0	37
2023.09.13	04:00:00	22.874	22.933	22.756	22.925	2551	0	37
2023.09.13	08:00:00	22.925	22.941	22.852	22.879	1974	0	37
2023.09.13	12:00:00	22.880	23.008	22.727	22.859	6989	0	37
2023.09.13	16:00:00	22.859	22.877	22.790	22.822	2338	0	37
2023.09.13	20:00:00	22.822	22.844	22.798	22.820	607	0	37
2023.09.14	00:00:00	22.820	22.958	22.725	22.751	3309	0	37
2023.09.14	04:00:00	22.751	22.823	22.461	22.481	2929	0	37
2023.09.14	08:00:00	22.481	22.635	22.474	22.552	2374	0	37
2023.09.14	12:00:00	22.553	22.678	22.282	22.547	8115	0	37
2023.09.14	16:00:00	22.548	22.723	22.547	22.589	2738	0	37
2023.09.14	20:00:00	22.589	22.633	22.587	22.611	599	0	37
2023.09.15	00:00:00	22.611	22.938	22.610	22.853	3622	0	37
2023.09.15	04:00:00	22.853	23.134	22.850	23.046	3623	0	37
2023.09.15	08:00:00	23.047	23.164	22.990	23.149	2715	0	37
2023.09.15	12:00:00	23.150	23.271	22.939	23.156	7128	0	37
2023.09.15	16:00:00	23.156	23.195	23.001	23.002	2239	0	37
2023.09.15	20:00:00	23.001	23.020	22.973	23.015	291	0	37
2023.09.17	20:00:00	23.027	23.053	23.021	23.042	374	0	37
2023.09.18	00:00:00	23.044	23.181	23.016	23.121	3207	0	37
2023.09.18	04:00:00	23.115	23.227	23.080	23.115	2869	0	37
2023.09.18	08:00:00	23.112	23.204	23.069	23.123	2258	0	37
2023.09.18	12:00:00	23.122	23.180	22.944	23.134	5332	0	37
2023.09.18	16:00:00	23.134	23.227	23.110	23.226	1982	0	37
2023.09.18	20:00:00	23.224	23.274	23.210	23.266	553	0	37
2023.09.19	00:00:00	23.266	23.285	23.157	23.171	1853	0	37
2023.09.19	04:00:00	23.171	23.325	23.126	23.316	2277	0	37
2023.09.19	08:00:00	23.316	23.367	23.288	23.329	2111	0	37
2023.09.19	12:00:00	23.329	23.404	23.079	23.146	5100	0	37
2023.09.19	16:00:00	23.146	23.200	23.108	23.194	1959	0	37
2023.09.19	20:00:00	23.194	23.194	23.176	23.188	535	0	37
2023.09.20	00:00:00	23.189	23.197	23.035	23.042	2332	0	37
2023.09.20	04:00:00	23.042	23.223	23.042	23.181	2251	0	37
2023.09.20	08:00:00	23.181	23.292	23.169	23.267	2114	0	37
2023.09.20	12:00:00	23.263	23.564	23.206	23.483	5392	0	37
2023.09.20	16:00:00	23.487	23.574	23.267	23.271	5376	0	37
2023.09.20	20:00:00	23.268	23.276	23.120	23.125	1090	0	37
2023.09.21	00:00:00	23.125	23.138	23.011	23.133	2565	0	37
2023.09.21	04:00:00	23.133	23.250	23.120	23.210	2553	0	37
2023.09.21	08:00:00	23.210	23.245	23.115	23.148	3517	0	37
2023.09.21	12:00:00	23.149	23.415	22.789	23.291	7754	0	37
2023.09.21	16:00:00	23.291	23.453	23.231	23.381	2511	0	37
2023.09.21	20:00:00	23.381	23.420	23.367	23.420	494	0	37
2023.09.22	00:00:00	23.418	23.497	23.397	23.481	2369	0	37
2023.09.22	04:00:00	23.481	23.751	23.476	23.740	3282	0	37
2023.09.22	08:00:00	23.740	23.740	23.620	23.687	2361	0	37
2023.09.22	12:00:00	23.687	23.725	23.542	23.559	6084	0	37
2023.09.22	16:00:00	23.562	23.572	23.502	23.528	2092	0	37
2023.09.22	20:00:00	23.528	23.539	23.513	23.535	166	0	37
2023.09.24	20:00:00	23.541	23.568	23.515	23.528	460	0	37
2023.09.25	00:00:00	23.527	23.590	23.442	23.477	2308	0	37
2023.09.25	04:00:00	23.477	23.630	23.403	23.507	2310	0	37
2023.09.25	08:00:00	23.507	23.572	23.391	23.533	2810	0	37
2023.09.25	12:00:00	23.531	23.572	23.024	23.113	5960	0	37
2023.09.25	16:00:00	23.113	23.145	23.066	23.107	1629	0	37
2023.09.25	20:00:00	23.107	23.120	23.097	23.103	336	0	37
2023.09.26	00:00:00	23.103	23.114	22.934	22.949	1812	0	37
2023.09.26	04:00:00	22.949	22.974	22.830	22.973	2097	0	37
2023.09.26	08:00:00	22.973	23.078	22.944	22.985	2487	0	37
2023.09.26	12:00:00	22.985	23.063	22.838	22.891	6242	0	37
2023.09.26	16:00:00	22.892	22.947	22.836	22.846	2157	0	37
2023.09.26	20:00:00	22.846	22.848	22.818	22.832	707	0	37
2023.09.27	00:00:00	22.832	22.844	22.696	22.755	2244	0	37
2023.09.27	04:00:00	22.756	22.848	22.659	22.758	2813	0	37
2023.09.27	08:00:00	22.758	22.858	22.729	22.786	2576	0	37
2023.09.27	12:00:00	22.783	22.801	22.390	22.599	6147	0	37
2023.09.27	16:00:00	22.599	22.601	22.404	22.559	3399	0	37
2023.09.27	20:00:00	22.557	22.565	22.514	22.539	613	0	37
2023.09.28	00:00:00	22.539	22.579	22.433	22.486	2427	0	37
2023.09.28	04:00:00	22.486	22.567	22.433	22.495	2904	0	37
2023.09.28	08:00:00	22.494	22.604	22.483	22.569	2735	0	37
2023.09.28	12:00:00	22.567	22.717	22.379	22.540	7693	0	37
2023.09.28	16:00:00	22.542	22.608	22.456	22.608	2784	0	37
2023.09.28	20:00:00	22.607	22.655	22.592	22.655	691	0	37
2023.09.29	00:00:00	22.655	22.841	22.584	22.829	1850	0	37
2023.09.29	04:00:00	22.829	23.066	22.817	23.016	2802	0	37
2023.09.29	08:00:00	23.016	23.092	22.966	23.084	2823	0	37
2023.09.29	12:00:00	23.084	23.540	22.264	22.317	8648	0	37
2023.09.29	16:00:00	22.319	22.379	22.097	22.162	3250	0	37
2023.09.29	20:00:00	22.162	22.180	22.130	22.168	349	0	37
2023.10.01	20:00:00	22.124	22.170	22.024	22.095	991	0	37
2023.10.02	00:00:00	22.093	22.097	21.806	21.832	2283	0	37
2023.10.02	04:00:00	21.830	21.880	21.659	21.761	3287	0	37
2023.10.02	08:00:00	21.763	21.840	21.519	21.689	4369	0	37
2023.10.02	12:00:00	21.689	21.840	21.192	21.288	8469	0	37
2023.10.02	16:00:00	21.291	21.298	21.141	21.162	3795	0	37
2023.10.02	20:00:00	21.163	21.169	20.679	20.873	1740	0	37
2023.10.03	00:00:00	20.872	20.939	20.669	20.933	3408	0	37
2023.10.03	04:00:00	20.933	21.085	20.933	21.021	3647	0	37
2023.10.03	08:00:00	21.019	21.181	20.984	21.021	3499	0	37
2023.10.03	12:00:00	21.021	21.374	20.906	21.203	9220	0	37
2023.10.03	16:00:00	21.205	21.303	21.111	21.179	3889	0	37
2023.10.03	20:00:00	21.181	21.207	21.139	21.192	801	0	37
2023.10.04	00:00:00	21.192	21.204	20.945	21.003	2796	0	37
2023.10.04	04:00:00	21.003	21.119	20.954	21.116	3484	0	37
2023.10.04	08:00:00	21.116	21.234	21.048	21.181	3884	0	37
2023.10.04	12:00:00	21.181	21.382	20.674	20.965	8620	0	37
2023.10.04	16:00:00	20.970	21.043	20.827	21.039	3572	0	37
2023.10.04	20:00:00	21.037	21.061	20.973	21.034	715	0	37
2023.10.05	00:00:00	21.034	21.201	21.004	21.197	2356	0	37
2023.10.05	04:00:00	21.197	21.280	21.045	21.095	2534	0	37
2023.10.05	08:00:00	21.096	21.162	21.039	21.079	2906	0	37
2023.10.05	12:00:00	21.079	21.140	20.694	20.731	7577	0	37
2023.10.05	16:00:00	20.731	20.975	20.711	20.969	2980	0	37
2023.10.05	20:00:00	20.970	21.011	20.943	20.968	527	0	37
2023.10.06	00:00:00	20.968	21.019	20.929	20.999	1982	0	37
2023.10.06	04:00:00	20.999	21.005	20.848	21.004	2418	0	37
2023.10.06	08:00:00	21.004	21.128	20.911	21.057	3055	0	37
2023.10.06	12:00:00	21.058	21.589	20.787	21.543	10352	0	37
2023.10.06	16:00:00	21.544	21.600	21.470	21.511	4411	0	37
2023.10.06	20:00:00	21.512	21.573	21.487	21.572	352	0	37
2023.10.08	20:00:00	21.891	21.900	21.682	21.840	2043	0	37
2023.10.09	00:00:00	21.844	21.996	21.684	21.797	4093	0	37
2023.10.09	04:00:00	21.797	21.880	21.636	21.649	3155	0	37
2023.10.09	08:00:00	21.649	21.704	21.585	21.611	2606	0	37
2023.10.09	12:00:00	21.607	21.852	21.556	21.775	6039	0	37
2023.10.09	16:00:00	21.775	21.887	21.708	21.877	2509	0	37
2023.10.09	20:00:00	21.876	21.892	21.849	21.887	601	0	37
2023.10.10	00:00:00	21.887	21.941	21.783	21.783	2690	0	37
2023.10.10	04:00:00	21.783	21.785	21.655	21.723	3204	0	37
2023.10.10	08:00:00	21.723	21.803	21.617	21.681	3300	0	37
2023.10.10	12:00:00	21.685	21.886	21.616	21.861	6589	0	37
2023.10.10	16:00:00	21.861	21.879	21.722	21.791	2818	0	37
2023.10.10	20:00:00	21.786	21.822	21.785	21.786	389	0	37
2023.10.11	00:00:00	21.786	21.869	21.779	21.821	1926	0	37
2023.10.11	04:00:00	21.820	22.086	21.797	22.065	2731	0	37
2023.10.11	08:00:00	22.061	22.104	22.024	22.046	3084	0	37
2023.10.11	12:00:00	22.046	22.101	21.880	21.978	7143	0	37
2023.10.11	16:00:00	21.978	22.042	21.921	21.996	2889	0	37
2023.10.11	20:00:00	21.996	22.048	21.993	22.031	658	0	37
2023.10.12	00:00:00	22.031	22.135	21.996	22.095	2094	0	37
2023.10.12	04:00:00	22.097	22.221	22.082	22.097	2403	0	37
2023.10.12	08:00:00	22.097	22.204	22.091	22.142	2583	0	37
2023.10.12	12:00:00	22.142	22.167	21.737	21.837	7373	0	37
2023.10.12	16:00:00	21.837	21.855	21.756	21.773	3516	0	37
2023.10.12	20:00:00	21.776	21.844	21.772	21.825	541	0	37
2023.10.13	00:00:00	21.824	21.938	21.824	21.927	2164	0	37
2023.10.13	04:00:00	21.927	22.129	21.922	22.109	2824	0	37
2023.10.13	08:00:00	22.108	22.350	22.050	22.280	3716	0	37
2023.10.13	12:00:00	22.277	22.763	22.235	22.703	8799	0	37
2023.10.13	16:00:00	22.703	22.795	22.636	22.666	3560	0	37
2023.10.13	20:00:00	22.660	22.690	22.630	22.685	292	0	37
2023.10.15	20:00:00	22.666	22.666	22.588	22.648	1000	0	37
2023.10.16	00:00:00	22.648	22.691	22.576	22.691	2389	0	37
2023.10.16	04:00:00	22.691	22.709	22.488	22.531	3423	0	37
2023.10.16	08:00:00	22.531	22.604	22.459	22.583	3340	0	37
2023.10.16	12:00:00	22.583	22.705	22.529	22.629	6325	0	37
2023.10.16	16:00:00	22.629	22.646	22.544	22.558	2098	0	37
2023.10.16	20:00:00	22.554	22.594	22.543	22.546	786	0	37
2023.10.17	00:00:00	22.547	22.556	22.355	22.483	2066	0	37
2023.10.17	04:00:00	22.484	22.615	22.433	22.572	2447	0	37
2023.10.17	08:00:00	22.572	22.753	22.542	22.680	2861	0	37
2023.10.17	12:00:00	22.680	22.987	22.561	22.936	6460	0	37
2023.10.17	16:00:00	22.936	22.941	22.766	22.817	2552	0	37
2023.10.17	20:00:00	22.818	22.827	22.750	22.802	517	0	37
2023.10.18	00:00:00	22.804	23.143	22.796	23.067	2917	0	37
2023.10.18	04:00:00	23.067	23.136	22.983	23.087	2711	0	37
2023.10.18	08:00:00	23.086	23.250	23.039	23.198	2760	0	37
2023.10.18	12:00:00	23.198	23.303	22.666	22.787	7452	0	37
2023.10.18	16:00:00	22.787	22.948	22.771	22.847	3027	0	37
2023.10.18	20:00:00	22.846	22.885	22.811	22.876	826	0	37
2023.10.19	00:00:00	22.874	22.913	22.759	22.796	2758	0	37
2023.10.19	04:00:00	22.796	23.008	22.788	22.941	3054	0	37
2023.10.19	08:00:00	22.937	23.018	22.825	22.885	3035	0	37
2023.10.19	12:00:00	22.884	22.930	22.634	22.783	6518	0	37
2023.10.19	16:00:00	22.783	23.068	22.624	23.009	6269	0	37
2023.10.19	20:00:00	23.009	23.089	22.961	23.044	1494	0	37
2023.10.20	00:00:00	23.044	23.113	22.940	22.941	3284	0	37
2023.10.20	04:00:00	22.941	23.083	22.858	23.083	2993	0	37
2023.10.20	08:00:00	23.084	23.246	23.063	23.077	3414	0	37
2023.10.20	12:00:00	23.078	23.680	23.010	23.551	7117	0	37
2023.10.20	16:00:00	23.551	23.562	23.180	23.333	4594	0	37
2023.10.20	20:00:00	23.337	23.358	23.312	23.335	317	0	37
2023.10.22	20:00:00	23.114	23.246	23.093	23.119	1101	0	47
2023.10.23	00:00:00	23.118	23.272	23.011	23.265	3100	0	37
2023.10.23	04:00:00	23.264	23.316	23.159	23.204	2886	0	37
2023.10.23	08:00:00	23.204	23.268	23.127	23.241	3137	0	37
2023.10.23	12:00:00	23.240	23.241	22.912	23.081	6484	0	37
2023.10.23	16:00:00	23.081	23.124	22.900	22.966	3193	0	37
2023.10.23	20:00:00	22.964	22.976	22.911	22.954	614	0	37
2023.10.24	00:00:00	22.953	23.174	22.945	23.127	2414	0	37
2023.10.24	04:00:00	23.127	23.190	23.057	23.075	2718	0	37
2023.10.24	08:00:00	23.075	23.086	22.643	22.848	4018	0	37
2023.10.24	12:00:00	22.848	22.994	22.742	22.909	6924	0	37
2023.10.24	16:00:00	22.910	22.977	22.864	22.921	2671	0	37
2023.10.24	20:00:00	22.921	22.938	22.870	22.928	585	0	37
2023.10.25	00:00:00	22.928	23.003	22.859	22.898	2259	0	37
2023.10.25	04:00:00	22.898	22.965	22.804	22.838	2487	0	37
2023.10.25	08:00:00	22.837	22.873	22.706	22.796	2819	0	37
2023.10.25	12:00:00	22.796	22.983	22.531	22.818	6730	0	37
2023.10.25	16:00:00	22.818	22.951	22.779	22.842	3192	0	37
2023.10.25	20:00:00	22.842	22.868	22.807	22.825	1171	0	37
2023.10.26	00:00:00	22.825	22.936	22.815	22.927	2210	0	37
2023.10.26	04:00:00	22.927	23.053	22.873	23.053	3104	0	37
2023.10.26	08:00:00	23.051	23.122	22.877	22.918	2856	0	37
2023.10.26	12:00:00	22.918	22.991	22.428	22.697	7386	0	37
2023.10.26	16:00:00	22.696	22.829	22.661	22.740	3167	0	37
2023.10.26	20:00:00	22.742	22.836	22.729	22.823	759	0	37
2023.10.27	00:00:00	22.823	22.868	22.744	22.857	2032	0	37
2023.10.27	04:00:00	22.857	22.906	22.774	22.810	2576	0	37
2023.10.27	08:00:00	22.815	22.856	22.669	22.724	2541	0	37
2023.10.27	12:00:00	22.730	22.907	22.639	22.669	6398	0	37
2023.10.27	16:00:00	22.670	23.104	22.644	23.087	4437	0	37
2023.10.27	20:00:00	23.084	23.101	23.034	23.083	396	0	37
2023.10.29	20:00:00	23.078	23.135	23.001	23.034	1421	0	37
2023.10.30	00:00:00	23.034	23.154	23.030	23.093	2464	0	37
2023.10.30	04:00:00	23.094	23.137	23.026	23.044	2173	0	37
2023.10.30	08:00:00	23.050	23.198	23.035	23.131	3018	0	37
2023.10.30	12:00:00	23.131	23.588	23.112	23.260	6302	0	37
2023.10.30	16:00:00	23.264	23.368	23.228	23.287	2311	0	37
2023.10.30	20:00:00	23.289	23.314	23.254	23.260	701	0	37
2023.10.31	00:00:00	23.260	23.295	23.141	23.147	2399	0	37
2023.10.31	04:00:00	23.144	23.184	23.074	23.155	2441	0	37
2023.10.31	08:00:00	23.155	23.293	23.133	23.235	2777	0	37
2023.10.31	12:00:00	23.233	23.297	22.967	23.083	6620	0	37
2023.10.31	16:00:00	23.083	23.098	22.719	22.864	3837	0	37
2023.10.31	20:00:00	22.865	22.869	22.803	22.816	811	0	37
2023.11.01	00:00:00	22.816	22.830	22.625	22.636	2242	0	37
2023.11.01	04:00:00	22.636	22.666	22.527	22.554	2122	0	37
2023.11.01	08:00:00	22.554	22.685	22.544	22.637	2703	0	37
2023.11.01	12:00:00	22.633	22.994	22.617	22.726	6388	0	37
2023.11.01	16:00:00	22.723	22.941	22.524	22.863	5550	0	37
2023.11.01	20:00:00	22.862	23.033	22.821	23.031	1147	0	37
2023.11.02	00:00:00	23.031	23.043	22.913	22.984	2144	0	37
2023.11.02	04:00:00	22.984	23.018	22.932	23.006	1767	0	37
2023.11.02	08:00:00	23.005	23.106	22.966	22.995	2404	0	37
2023.11.02	12:00:00	22.995	23.095	22.666	22.701	6303	0	37
2023.11.02	16:00:00	22.701	22.792	22.642	22.749	2531	0	37
2023.11.02	20:00:00	22.753	22.755	22.684	22.695	591	0	37
2023.11.03	00:00:00	22.695	22.746	22.621	22.694	1937	0	37
2023.11.03	04:00:00	22.693	22.720	22.601	22.611	1860	0	37
2023.11.03	08:00:00	22.611	22.688	22.572	22.617	2344	0	37
2023.11.03	12:00:00	22.622	23.285	22.592	23.121	8742	0	37
2023.11.03	16:00:00	23.121	23.216	23.085	23.155	2893	0	37
2023.11.03	20:00:00	23.154	23.190	23.154	23.188	233	0	37
2023.11.05	20:00:00	23.148	23.149	23.104	23.113	431	0	37
2023.11.06	00:00:00	23.117	23.226	23.077	23.141	2615	0	37
2023.11.06	04:00:00	23.141	23.163	23.083	23.094	2173	0	37
2023.11.06	08:00:00	23.094	23.238	23.087	23.192	2703	0	37
2023.11.06	12:00:00	23.193	23.204	23.017	23.019	5291	0	37
2023.11.06	16:00:00	23.019	23.128	22.976	23.038	2571	0	37
2023.11.06	20:00:00	23.036	23.056	22.919	22.936	1043	0	37
2023.11.07	00:00:00	22.934	22.961	22.856	22.876	2293	0	37
2023.11.07	04:00:00	22.876	22.896	22.712	22.735	1992	0	37
2023.11.07	08:00:00	22.736	22.768	22.479	22.510	3634	0	37
2023.11.07	12:00:00	22.504	22.642	22.412	22.486	6018	0	37
2023.11.07	16:00:00	22.486	22.626	22.442	22.576	3229	0	37
2023.11.07	20:00:00	22.576	22.621	22.560	22.606	1048	0	37
2023.11.08	00:00:00	22.605	22.643	22.463	22.470	2249	0	37
2023.11.08	04:00:00	22.470	22.511	22.395	22.498	2045	0	37
2023.11.08	08:00:00	22.499	22.584	22.285	22.423	3033	0	37
2023.11.08	12:00:00	22.423	22.754	22.367	22.605	5154	0	37
2023.11.08	16:00:00	22.603	22.827	22.509	22.509	3498	0	37
2023.11.08	20:00:00	22.508	22.539	22.484	22.528	1119	0	37
2023.11.09	00:00:00	22.528	22.628	22.366	22.394	2501	0	37
2023.11.09	04:00:00	22.394	22.486	22.361	22.451	2501	0	37
2023.11.09	08:00:00	22.451	22.558	22.346	22.539	2831	0	37
2023.11.09	12:00:00	22.539	22.975	22.447	22.937	6108	0	37
2023.11.09	16:00:00	22.934	22.955	22.525	22.563	5005	0	37
2023.11.09	20:00:00	22.563	22.625	22.551	22.615	1393	0	37
2023.11.10	00:00:00	22.615	22.722	22.590	22.691	2323	0	37
2023.11.10	04:00:00	22.691	22.707	22.575	22.621	2144	0	37
2023.11.10	08:00:00	22.620	22.670	22.422	22.470	2876	0	37
2023.11.10	12:00:00	22.470	22.568	22.247	22.348	6375	0	37
2023.11.10	16:00:00	22.349	22.383	22.186	22.202	3667	0	37
2023.11.10	20:00:00	22.202	22.250	22.177	22.235	819	0	37
2023.11.12	20:00:00	22.287	22.295	22.225	22.292	402	0	37
2023.11.13	00:00:00	22.292	22.326	21.971	22.006	2764	0	37
2023.11.13	04:00:00	22.006	22.138	21.976	22.042	2181	0	37
2023.11.13	08:00:00	22.042	22.133	21.964	22.050	3227	0	37
2023.11.13	12:00:00	22.049	22.130	21.864	22.099	5196	0	37
2023.11.13	16:00:00	22.098	22.343	22.094	22.313	2923	0	37
2023.11.13	20:00:00	22.313	22.318	22.283	22.315	772	0	37
2023.11.14	00:00:00	22.316	22.382	22.285	22.317	1848	0	37
2023.11.14	04:00:00	22.319	22.353	22.279	22.317	1782	0	37
2023.11.14	08:00:00	22.318	22.459	22.307	22.317	3014	0	37
2023.11.14	12:00:00	22.316	23.166	22.316	23.096	6648	0	37
2023.11.14	16:00:00	23.096	23.131	23.042	23.074	3543	0	37
2023.11.14	20:00:00	23.074	23.117	23.038	23.046	1033	0	37
2023.11.15	00:00:00	23.045	23.147	23.015	23.147	2469	0	37
2023.11.15	04:00:00	23.148	23.281	23.135	23.269	2808	0	37
2023.11.15	08:00:00	23.275	23.392	23.228	23.392	3477	0	37
2023.11.15	12:00:00	23.391	23.603	23.181	23.410	6688	0	37
2023.11.15	16:00:00	23.410	23.475	23.341	23.427	3477	0	37
2023.11.15	20:00:00	23.429	23.451	23.403	23.428	918	0	37
2023.11.16	00:00:00	23.428	23.460	23.263	23.367	2476	0	37
2023.11.16	04:00:00	23.367	23.586	23.356	23.537	2240	0	37
2023.11.16	08:00:00	23.534	23.694	23.489	23.668	3226	0	37
2023.11.16	12:00:00	23.669	24.061	23.558	23.924	6682	0	37
2023.11.16	16:00:00	23.922	23.997	23.751	23.808	4293	0	37
2023.11.16	20:00:00	23.808	23.816	23.704	23.756	972	0	37
2023.11.17	00:00:00	23.756	23.882	23.748	23.822	2296	0	37
2023.11.17	04:00:00	23.822	23.851	23.727	23.851	2289	0	37
2023.11.17	08:00:00	23.854	24.125	23.825	23.988	3982	0	37
2023.11.17	12:00:00	23.987	24.068	23.648	23.737	6143	0	37
2023.11.17	16:00:00	23.738	23.780	23.645	23.700	3708	0	37
2023.11.17	20:00:00	23.700	23.726	23.677	23.701	925	0	37
2023.11.19	20:00:00	23.625	23.678	23.587	23.588	360	0	47
2023.11.20	00:00:00	23.589	23.722	23.543	23.702	3411	0	37
2023.11.20	04:00:00	23.700	23.790	23.565	23.569	3250	0	37
2023.11.20	08:00:00	23.569	23.614	23.394	23.417	4216	0	37
2023.11.20	12:00:00	23.413	23.551	23.226	23.477	6097	0	37
2023.11.20	16:00:00	23.477	23.563	23.413	23.459	3918	0	37
2023.11.20	20:00:00	23.459	23.652	23.391	23.584	1441	0	37
2023.11.21	00:00:00	23.583	23.779	23.460	23.758	3962	0	37
2023.11.21	04:00:00	23.758	23.791	23.604	23.678	3280	0	37
2023.11.21	08:00:00	23.678	23.724	23.472	23.508	4196	0	37
2023.11.21	12:00:00	23.506	23.994	23.484	23.903	6122	0	37
2023.11.21	16:00:00	23.903	23.935	23.704	23.834	4190	0	37
2023.11.21	20:00:00	23.833	23.838	23.719	23.774	1405	0	37
2023.11.22	00:00:00	23.775	23.832	23.714	23.746	3021	0	37
2023.11.22	04:00:00	23.746	23.847	23.722	23.842	3328	0	37
2023.11.22	08:00:00	23.839	23.923	23.730	23.820	4166	0	37
2023.11.22	12:00:00	23.816	23.881	23.523	23.617	6557	0	37
2023.11.22	16:00:00	23.617	23.646	23.536	23.639	3906	0	37
2023.11.22	20:00:00	23.639	23.644	23.582	23.587	1106	0	37
2023.11.23	00:00:00	23.587	23.723	23.575	23.713	2364	0	37
2023.11.23	04:00:00	23.713	23.769	23.610	23.687	2502	0	37
2023.11.23	08:00:00	23.686	23.703	23.605	23.654	3091	0	37
2023.11.23	12:00:00	23.656	23.759	23.592	23.717	3258	0	37
2023.11.23	16:00:00	23.717	23.718	23.649	23.653	836	0	37
2023.11.23	20:00:00	23.666	23.696	23.649	23.681	208	0	38
2023.11.24	00:00:00	23.677	23.698	23.630	23.665	2087	0	37
2023.11.24	04:00:00	23.665	23.730	23.543	23.633	1902	0	37
2023.11.24	08:00:00	23.633	23.735	23.589	23.686	2674	0	37
2023.11.24	12:00:00	23.686	24.283	23.643	24.187	5187	0	37
2023.11.24	16:00:00	24.186	24.312	24.156	24.297	1931	0	36
2023.11.26	20:00:00	24.306	24.417	24.287	24.320	595	0	37
2023.11.27	00:00:00	24.312	24.792	24.246	24.618	4492	0	37
2023.11.27	04:00:00	24.618	24.701	24.568	24.643	3114	0	37
2023.11.27	08:00:00	24.643	24.786	24.603	24.732	3944	0	37
2023.11.27	12:00:00	24.732	24.855	24.589	24.606	6114	0	37
2023.11.27	16:00:00	24.606	24.678	24.544	24.634	2910	0	37
2023.11.27	20:00:00	24.634	24.648	24.603	24.640	772	0	37
2023.11.28	00:00:00	24.640	24.720	24.553	24.571	2420	0	37
2023.11.28	04:00:00	24.570	24.638	24.523	24.583	2278	0	37
2023.11.28	08:00:00	24.576	24.724	24.561	24.657	3142	0	37
2023.11.28	12:00:00	24.659	24.867	24.524	24.857	6104	0	37
2023.11.28	16:00:00	24.856	24.986	24.834	24.972	3965	0	37
2023.11.28	20:00:00	24.973	25.066	24.927	25.061	1424	0	37
2023.11.29	00:00:00	25.061	25.180	24.939	24.956	3665	0	47
2023.11.29	04:00:00	24.961	25.071	24.850	24.894	3427	0	37
2023.11.29	08:00:00	24.890	25.004	24.830	24.965	4146	0	37
2023.11.29	12:00:00	24.965	25.237	24.835	25.034	6468	0	37
2023.11.29	16:00:00	25.034	25.157	24.901	25.049	3896	0	37
2023.11.29	20:00:00	25.049	25.052	24.934	24.940	1272	0	37
2023.11.30	00:00:00	24.940	25.065	24.911	24.991	2331	0	37
2023.11.30	04:00:00	24.991	25.099	24.936	25.049	2293	0	47
2023.11.30	08:00:00	25.051	25.083	24.910	25.003	4082	0	37
2023.11.30	12:00:00	25.003	25.190	24.950	25.177	6941	0	37
2023.11.30	16:00:00	25.176	25.252	25.114	25.219	3499	0	37
2023.11.30	20:00:00	25.218	25.346	25.207	25.341	1180	0	37
2023.12.01	00:00:00	25.342	25.447	25.225	25.238	2958	0	47
2023.12.01	04:00:00	25.237	25.296	25.184	25.209	2263	0	38
2023.12.01	08:00:00	25.216	25.387	25.119	25.132	3486	0	37
2023.12.01	12:00:00	25.133	25.400	25.068	25.240	5840	0	47
2023.12.01	16:00:00	25.240	25.503	25.157	25.392	5394	0	38
2023.12.01	20:00:00	25.392	25.483	25.384	25.449	1184	0	38
2023.12.03	20:00:00	25.459	25.901	25.429	25.714	2679	0	40
2023.12.04	00:00:00	25.717	25.748	25.374	25.424	5109	0	47
2023.12.04	04:00:00	25.424	25.525	25.150	25.166	3914	0	47
2023.12.04	08:00:00	25.174	25.218	25.073	25.168	4538	0	47
2023.12.04	12:00:00	25.166	25.312	24.405	24.426	7765	0	37
2023.12.04	16:00:00	24.419	24.643	24.396	24.520	4955	0	37
2023.12.04	20:00:00	24.520	24.551	24.458	24.516	1492	0	37
2023.12.05	00:00:00	24.518	24.602	24.442	24.586	3149	0	37
2023.12.05	04:00:00	24.586	24.611	24.433	24.451	3316	0	37
2023.12.05	08:00:00	24.451	24.545	24.224	24.239	4747	0	37
2023.12.05	12:00:00	24.237	24.589	24.010	24.134	7580	0	37
2023.12.05	16:00:00	24.131	24.185	23.946	24.165	4503	0	37
2023.12.05	20:00:00	24.159	24.174	24.121	24.163	1111	0	37
2023.12.06	00:00:00	24.163	24.274	24.116	24.237	2380	0	37
2023.12.06	04:00:00	24.237	24.336	24.177	24.295	2378	0	37
2023.12.06	08:00:00	24.295	24.295	24.048	24.086	3569	0	37
2023.12.06	12:00:00	24.085	24.262	24.003	24.093	6484	0	37
2023.12.06	16:00:00	24.095	24.095	23.856	23.967	4072	0	37
2023.12.06	20:00:00	23.968	23.968	23.848	23.903	1054	0	37
2023.12.07	00:00:00	23.904	23.937	23.766	23.790	2636	0	37
2023.12.07	04:00:00	23.789	23.889	23.767	23.833	2611	0	37
2023.12.07	08:00:00	23.830	24.005	23.785	23.887	3480	0	37
2023.12.07	12:00:00	23.887	23.982	23.693	23.761	6084	0	37
2023.12.07	16:00:00	23.761	23.828	23.566	23.766	4720	0	35
2023.12.07	20:00:00	23.766	23.810	23.743	23.751	1014	0	35
2023.12.08	00:00:00	23.750	23.877	23.710	23.869	2741	0	37
2023.12.08	04:00:00	23.870	23.872	23.768	23.817	2489	0	37
2023.12.08	08:00:00	23.817	23.855	23.714	23.772	4190	0	37
2023.12.08	12:00:00	23.775	23.786	23.213	23.401	7684	0	37
2023.12.08	16:00:00	23.401	23.416	22.924	23.019	4590	0	37
2023.12.08	20:00:00	23.019	23.037	22.973	22.985	1077	0	37
2023.12.10	20:00:00	23.011	23.049	22.999	23.049	367	0	37
2023.12.11	00:00:00	23.049	23.084	22.905	22.937	3065	0	37
2023.12.11	04:00:00	22.937	23.060	22.897	22.965	2457	0	37
2023.12.11	08:00:00	22.965	23.069	22.850	22.894	3498	0	37
2023.12.11	12:00:00	22.891	22.968	22.706	22.732	5366	0	37
2023.12.11	16:00:00	22.732	22.878	22.704	22.826	3393	0	37
2023.12.11	20:00:00	22.827	22.839	22.786	22.797	862	0	37
2023.12.12	00:00:00	22.797	22.913	22.781	22.901	1939	0	37
2023.12.12	04:00:00	22.903	22.995	22.867	22.920	1907	0	37
2023.12.12	08:00:00	22.919	22.970	22.837	22.936	2056	0	37
2023.12.12	12:00:00	22.939	23.136	22.714	22.734	6391	0	37
2023.12.12	16:00:00	22.735	22.793	22.670	22.769	3708	0	37
2023.12.12	20:00:00	22.769	22.796	22.738	22.796	753	0	37
2023.12.13	00:00:00	22.796	22.796	22.638	22.639	1433	0	37
2023.12.13	04:00:00	22.639	22.745	22.598	22.677	2355	0	37
2023.12.13	08:00:00	22.677	22.717	22.612	22.705	2930	0	37
2023.12.13	12:00:00	22.704	22.769	22.493	22.593	4751	0	37
2023.12.13	16:00:00	22.592	23.558	22.553	23.470	5434	0	37
2023.12.13	20:00:00	23.473	23.822	23.457	23.812	3804	0	37
2023.12.14	00:00:00	23.819	23.960	23.785	23.803	4513	0	37
2023.12.14	04:00:00	23.803	23.923	23.784	23.872	3472	0	37
2023.12.14	08:00:00	23.866	24.159	23.860	23.987	5398	0	37
2023.12.14	12:00:00	23.987	24.194	23.946	24.148	7834	0	37
2023.12.14	16:00:00	24.142	24.200	23.998	24.085	5012	0	37
2023.12.14	20:00:00	24.084	24.169	24.074	24.112	1338	0	37
2023.12.15	00:00:00	24.115	24.121	23.972	24.075	2691	0	37
2023.12.15	04:00:00	24.075	24.148	23.998	24.121	2833	0	37
2023.12.15	08:00:00	24.121	24.269	24.115	24.169	4573	0	37
2023.12.15	12:00:00	24.170	24.250	23.787	23.974	7190	0	37
2023.12.15	16:00:00	23.974	24.031	23.738	23.814	4409	0	37
2023.12.15	20:00:00	23.814	23.857	23.789	23.851	991	0	37
2023.12.17	20:00:00	23.820	23.835	23.697	23.709	495	0	38
2023.12.18	00:00:00	23.709	23.914	23.700	23.903	2700	0	37
2023.12.18	04:00:00	23.902	23.971	23.883	23.931	2063	0	37
2023.12.18	08:00:00	23.931	24.037	23.776	23.916	4416	0	37
2023.12.18	12:00:00	23.916	23.942	23.702	23.744	5441	0	37
2023.12.18	16:00:00	23.743	23.842	23.644	23.775	3199	0	37
2023.12.18	20:00:00	23.776	23.792	23.755	23.792	734	0	37
2023.12.19	00:00:00	23.792	23.894	23.769	23.805	2211	0	37
2023.12.19	04:00:00	23.805	23.878	23.752	23.797	2805	0	37
2023.12.19	08:00:00	23.797	23.943	23.782	23.918	3177	0	37
2023.12.19	12:00:00	23.918	24.138	23.886	24.094	6018	0	37
2023.12.19	16:00:00	24.094	24.153	23.993	24.019	3475	0	37
2023.12.19	20:00:00	24.021	24.044	24.003	24.023	810	0	37
2023.12.20	00:00:00	24.024	24.103	24.019	24.099	1880	0	37
2023.12.20	04:00:00	24.099	24.123	24.033	24.102	2186	0	37
2023.12.20	08:00:00	24.102	24.103	23.936	23.977	3524	0	37
2023.12.20	12:00:00	23.977	24.417	23.952	24.276	6216	0	37
2023.12.20	16:00:00	24.278	24.337	24.096	24.134	2909	0	37
2023.12.20	20:00:00	24.133	24.196	24.059	24.149	2080	0	37
2023.12.21	00:00:00	24.149	24.237	24.148	24.230	2060	0	37
2023.12.21	04:00:00	24.230	24.286	24.208	24.258	2048	0	37
2023.12.21	08:00:00	24.256	24.315	24.164	24.200	2916	0	37
2023.12.21	12:00:00	24.200	24.461	24.121	24.264	6479	0	37
2023.12.21	16:00:00	24.263	24.381	24.245	24.332	4051	0	37
2023.12.21	20:00:00	24.332	24.481	24.314	24.436	1377	0	37
2023.12.22	00:00:00	24.436	24.461	24.350	24.362	3165	0	37
2023.12.22	04:00:00	24.362	24.433	24.295	24.409	2672	0	37
2023.12.22	08:00:00	24.409	24.535	24.403	24.434	3598	0	37
2023.12.22	12:00:00	24.434	24.583	24.320	24.349	6325	0	37
2023.12.22	16:00:00	24.349	24.353	24.073	24.147	4379	0	37
2023.12.22	20:00:00	24.147	24.173	24.111	24.173	1004	0	37
2023.12.25	20:00:00	24.207	24.237	24.185	24.217	309	0	38
2023.12.26	00:00:00	24.217	24.385	24.194	24.369	1736	0	36
2023.12.26	04:00:00	24.369	24.385	24.320	24.334	1520	0	36
2023.12.26	08:00:00	24.333	24.385	24.242	24.350	1932	0	36
2023.12.26	12:00:00	24.350	24.400	24.043	24.164	4297	0	36
2023.12.26	16:00:00	24.165	24.232	24.078	24.198	2717	0	36
2023.12.26	20:00:00	24.198	24.251	24.174	24.179	1017	0	36
2023.12.27	00:00:00	24.174	24.268	24.163	24.181	1956	0	37
2023.12.27	04:00:00	24.181	24.195	24.087	24.098	1907	0	37
2023.12.27	08:00:00	24.098	24.159	23.934	24.051	3390	0	37
2023.12.27	12:00:00	24.053	24.437	23.951	24.370	5567	0	37
2023.12.27	16:00:00	24.370	24.414	24.216	24.240	4241	0	37
2023.12.27	20:00:00	24.240	24.285	24.207	24.283	1170	0	37
2023.12.28	00:00:00	24.285	24.468	24.285	24.420	2337	0	37
2023.12.28	04:00:00	24.420	24.447	24.300	24.419	2416	0	37
2023.12.28	08:00:00	24.419	24.438	24.227	24.269	3686	0	37
2023.12.28	12:00:00	24.270	24.361	24.079	24.206	5701	0	37
2023.12.28	16:00:00	24.206	24.215	23.975	23.996	4057	0	37
2023.12.28	20:00:00	23.997	24.027	23.906	23.915	1367	0	37
2023.12.29	00:00:00	23.916	23.949	23.785	23.816	2272	0	37
2023.12.29	04:00:00	23.815	23.915	23.801	23.818	1875	0	37
2023.12.29	08:00:00	23.818	23.842	23.568	23.785	3422	0	37
2023.12.29	12:00:00	23.785	23.907	23.520	23.871	5610	0	37
2023.12.29	16:00:00	23.871	23.964	23.785	23.823	3905	0	37
2023.12.29	20:00:00	23.823	23.826	23.754	23.773	687	0	37
2024.01.01	20:00:00	23.818	23.838	23.785	23.796	324	0	37
2024.01.02	00:00:00	23.799	23.941	23.762	23.925	2677	0	36
2024.01.02	04:00:00	23.925	24.075	23.898	23.982	2760	0	36
2024.01.02	08:00:00	23.988	24.077	23.897	23.931	4286	0	36
2024.01.02	12:00:00	23.931	24.005	23.691	23.712	6828	0	37
2024.01.02	16:00:00	23.712	23.886	23.629	23.631	3884	0	37
2024.01.02	20:00:00	23.634	23.651	23.611	23.615	986	0	37
2024.01.03	00:00:00	23.614	23.710	23.614	23.680	2082	0	37
2024.01.03	04:00:00	23.679	23.685	23.539	23.568	2232	0	37
2024.01.03	08:00:00	23.567	23.567	23.233	23.238	4468	0	37
2024.01.03	12:00:00	23.239	23.329	22.820	22.850	7406	0	37
2024.01.03	16:00:00	22.856	23.091	22.851	22.996	4844	0	37
2024.01.03	20:00:00	22.996	23.053	22.934	23.004	1639	0	37
2024.01.04	00:00:00	23.001	23.008	22.905	22.951	2085	0	37
2024.01.04	04:00:00	22.952	23.030	22.932	22.984	2218	0	37
2024.01.04	08:00:00	22.990	23.054	22.946	22.949	3682	0	37
2024.01.04	12:00:00	22.947	23.029	22.671	22.961	5540	0	37
2024.01.04	16:00:00	22.963	23.025	22.936	23.006	3090	0	37
2024.01.04	20:00:00	23.006	23.028	22.976	23.019	953	0	37
2024.01.05	00:00:00	23.019	23.178	23.001	23.070	2609	0	37
2024.01.05	04:00:00	23.067	23.149	22.985	23.033	2912	0	37
2024.01.05	08:00:00	23.034	23.054	22.924	22.968	3570	0	37
2024.01.05	12:00:00	22.968	23.498	22.760	23.271	8193	0	37
2024.01.05	16:00:00	23.271	23.346	23.094	23.177	5597	0	37
2024.01.05	20:00:00	23.177	23.182	23.138	23.176	1110	0	37
2024.01.07	20:00:00	23.106	23.129	23.083	23.097	409	0	37
2024.01.08	00:00:00	23.096	23.193	22.992	23.018	2378	0	37
2024.01.08	04:00:00	23.018	23.055	22.938	22.998	2794	0	37
2024.01.08	08:00:00	22.998	23.004	22.825	22.828	4218	0	37
2024.01.08	12:00:00	22.825	23.157	22.820	23.143	6236	0	37
2024.01.08	16:00:00	23.149	23.187	23.061	23.108	3471	0	37
2024.01.08	20:00:00	23.108	23.112	23.037	23.105	1187	0	37
2024.01.09	00:00:00	23.102	23.172	23.091	23.136	1946	0	37
2024.01.09	04:00:00	23.136	23.182	23.063	23.182	2161	0	37
2024.01.09	08:00:00	23.182	23.357	23.069	23.105	4247	0	37
2024.01.09	12:00:00	23.107	23.233	22.926	22.950	5726	0	37
2024.01.09	16:00:00	22.949	23.029	22.878	22.917	3543	0	37
2024.01.09	20:00:00	22.917	22.972	22.916	22.966	892	0	37
2024.01.10	00:00:00	22.966	23.023	22.903	22.913	1831	0	37
2024.01.10	04:00:00	22.913	22.961	22.801	22.935	2418	0	37
2024.01.10	08:00:00	22.934	23.089	22.926	22.933	3590	0	37
2024.01.10	12:00:00	22.934	23.027	22.751	22.898	5214	0	37
2024.01.10	16:00:00	22.898	22.938	22.809	22.907	3118	0	37
2024.01.10	20:00:00	22.909	22.924	22.841	22.894	1057	0	37
2024.01.11	00:00:00	22.894	23.021	22.892	22.985	1763	0	37
2024.01.11	04:00:00	22.985	23.076	22.985	23.030	1862	0	37
2024.01.11	08:00:00	23.030	23.034	22.939	23.024	2996	0	37
2024.01.11	12:00:00	23.026	23.169	22.629	22.740	8277	0	37
2024.01.11	16:00:00	22.741	22.744	22.457	22.706	5932	0	37
2024.01.11	20:00:00	22.706	22.868	22.654	22.868	1706	0	37
2024.01.12	00:00:00	22.868	22.900	22.766	22.836	2285	0	37
2024.01.12	04:00:00	22.836	22.888	22.798	22.867	2224	0	37
2024.01.12	08:00:00	22.868	23.044	22.862	22.976	4008	0	37
2024.01.12	12:00:00	22.977	23.514	22.975	23.324	7027	0	37
2024.01.12	16:00:00	23.324	23.356	23.040	23.146	4090	0	37
2024.01.12	20:00:00	23.145	23.175	23.125	23.169	704	0	37
2024.01.14	20:00:00	23.148	23.158	23.128	23.133	331	0	37
2024.01.15	00:00:00	23.133	23.316	23.113	23.266	2319	0	37
2024.01.15	04:00:00	23.266	23.266	23.178	23.188	1796	0	37
2024.01.15	08:00:00	23.188	23.289	23.167	23.188	3252	0	37
2024.01.15	12:00:00	23.188	23.205	23.093	23.166	3249	0	37
2024.01.15	16:00:00	23.166	23.225	23.166	23.186	1024	0	37
2024.01.15	20:00:00	23.197	23.211	23.149	23.149	305	0	37
2024.01.16	00:00:00	23.149	23.174	23.066	23.109	2093	0	37
2024.01.16	04:00:00	23.109	23.150	23.030	23.121	2193	0	37
2024.01.16	08:00:00	23.117	23.197	22.983	23.036	4686	0	37
2024.01.16	12:00:00	23.032	23.150	22.880	22.996	6275	0	37
2024.01.16	16:00:00	23.000	23.046	22.842	22.955	5507	0	37
2024.01.16	20:00:00	22.955	22.963	22.859	22.888	1029	0	37
2024.01.17	00:00:00	22.888	22.929	22.780	22.784	2075	0	37
2024.01.17	04:00:00	22.784	22.856	22.627	22.715	3168	0	37
2024.01.17	08:00:00	22.721	22.865	22.634	22.745	3510	0	37
2024.01.17	12:00:00	22.745	22.848	22.556	22.621	6291	0	37
2024.01.17	16:00:00	22.619	22.679	22.494	22.526	4040	0	37
2024.01.17	20:00:00	22.527	22.583	22.498	22.577	1101	0	37
2024.01.18	00:00:00	22.577	22.607	22.507	22.582	2080	0	37
2024.01.18	04:00:00	22.582	22.665	22.528	22.631	2255	0	37
2024.01.18	08:00:00	22.631	22.638	22.514	22.570	3313	0	37
2024.01.18	12:00:00	22.570	22.661	22.406	22.597	6008	0	37
2024.01.18	16:00:00	22.597	22.736	22.583	22.703	3826	0	37
2024.01.18	20:00:00	22.703	22.752	22.703	22.747	1003	0	37
2024.01.19	00:00:00	22.747	22.777	22.662	22.701	2042	0	37
2024.01.19	04:00:00	22.701	22.803	22.645	22.788	2261	0	37
2024.01.19	08:00:00	22.784	22.825	22.745	22.776	2741	0	37
2024.01.19	12:00:00	22.778	22.825	22.490	22.540	5655	0	37
2024.01.19	16:00:00	22.540	22.607	22.447	22.596	3385	0	37
2024.01.19	20:00:00	22.596	22.602	22.548	22.591	768	0	37
2024.01.21	20:00:00	22.569	22.569	22.496	22.506	298	0	37
2024.01.22	00:00:00	22.502	22.641	22.486	22.537	2411	0	37
2024.01.22	04:00:00	22.537	22.546	22.101	22.124	3472	0	37
2024.01.22	08:00:00	22.118	22.187	22.081	22.181	3590	0	37
2024.01.22	12:00:00	22.176	22.281	21.910	22.174	5894	0	37
2024.01.22	16:00:00	22.173	22.211	22.034	22.056	2965	0	37
2024.01.22	20:00:00	22.057	22.073	22.032	22.058	925	0	37
2024.01.23	00:00:00	22.058	22.292	22.038	22.272	2500	0	37
2024.01.23	04:00:00	22.272	22.422	22.247	22.329	2909	0	37
2024.01.23	08:00:00	22.330	22.338	22.205	22.242	2654	0	37
2024.01.23	12:00:00	22.242	22.433	22.221	22.362	4759	0	37
2024.01.23	16:00:00	22.362	22.433	22.265	22.431	2931	0	37
2024.01.23	20:00:00	22.432	22.446	22.407	22.445	865	0	37
2024.01.24	00:00:00	22.445	22.451	22.341	22.381	1880	0	37
2024.01.24	04:00:00	22.381	22.575	22.325	22.555	2427	0	37
2024.01.24	08:00:00	22.555	22.769	22.552	22.713	3476	0	37
2024.01.24	12:00:00	22.711	22.943	22.599	22.711	6848	0	37
2024.01.24	16:00:00	22.715	22.843	22.629	22.656	4445	0	37
2024.01.24	20:00:00	22.654	22.680	22.623	22.656	1074	0	37
2024.01.25	00:00:00	22.656	22.765	22.632	22.726	2226	0	37
2024.01.25	04:00:00	22.726	22.808	22.705	22.776	1988	0	37
2024.01.25	08:00:00	22.776	22.905	22.702	22.861	3480	0	37
2024.01.25	12:00:00	22.861	23.005	22.736	22.846	6991	0	37
2024.01.25	16:00:00	22.846	22.881	22.709	22.881	3896	0	37
2024.01.25	20:00:00	22.880	22.900	22.846	22.889	1088	0	37
2024.01.26	00:00:00	22.894	22.916	22.845	22.878	1484	0	37
2024.01.26	04:00:00	22.877	22.948	22.808	22.819	1682	0	37
2024.01.26	08:00:00	22.819	22.964	22.786	22.909	2268	0	37
2024.01.26	12:00:00	22.908	22.920	22.684	22.752	5172	0	37
2024.01.26	16:00:00	22.752	22.779	22.705	22.752	2383	0	37
2024.01.26	20:00:00	22.751	22.801	22.743	22.780	570	0	37
2024.01.28	20:00:00	22.935	22.960	22.870	22.879	658	0	47
2024.01.29	00:00:00	22.879	22.919	22.785	22.899	2161	0	37
2024.01.29	04:00:00	22.899	23.011	22.850	22.979	1965	0	37
2024.01.29	08:00:00	22.976	23.020	22.904	22.983	2685	0	37
2024.01.29	12:00:00	22.987	23.061	22.753	22.929	4207	0	37
2024.01.29	16:00:00	22.929	23.198	22.929	23.089	2819	0	37
2024.01.29	20:00:00	23.091	23.203	23.091	23.180	1284	0	37
2024.01.30	00:00:00	23.178	23.224	23.117	23.131	1678	0	37
2024.01.30	04:00:00	23.131	23.241	23.116	23.190	1944	0	37
2024.01.30	08:00:00	23.187	23.222	23.039	23.093	2367	0	37
2024.01.30	12:00:00	23.093	23.284	22.921	23.027	5005	0	37
2024.01.30	16:00:00	23.031	23.155	23.002	23.145	2505	0	37
2024.01.30	20:00:00	23.145	23.162	23.128	23.140	722	0	37
2024.01.31	00:00:00	23.140	23.188	23.029	23.058	1681	0	37
2024.01.31	04:00:00	23.058	23.080	22.993	23.062	1703	0	37
2024.01.31	08:00:00	23.062	23.167	23.019	23.070	2734	0	37
2024.01.31	12:00:00	23.070	23.307	23.052	23.266	5284	0	37
2024.01.31	16:00:00	23.265	23.281	22.923	23.110	5783	0	37
2024.01.31	20:00:00	23.115	23.131	22.763	22.889	3469	0	37
2024.02.01	00:00:00	22.891	23.018	22.869	23.006	2753	0	37
2024.02.01	04:00:00	23.008	23.015	22.799	22.809	2222	0	37
2024.02.01	08:00:00	22.809	22.835	22.633	22.671	3615	0	37
2024.02.01	12:00:00	22.671	22.994	22.495	22.974	6893	0	37
2024.02.01	16:00:00	22.977	23.236	22.975	23.177	5326	0	37
2024.02.01	20:00:00	23.179	23.193	23.129	23.136	1123	0	37
2024.02.02	00:00:00	23.136	23.176	23.075	23.122	2411	0	37
2024.02.02	04:00:00	23.122	23.186	23.114	23.158	2631	0	37
2024.02.02	08:00:00	23.158	23.232	23.107	23.222	2825	0	37
2024.02.02	12:00:00	23.224	23.227	22.387	22.613	7376	0	37
2024.02.02	16:00:00	22.616	22.700	22.555	22.692	4006	0	37
2024.02.02	20:00:00	22.692	22.701	22.638	22.670	803	0	37
2024.02.04	20:00:00	22.690	22.691	22.637	22.680	436	0	37
2024.02.05	00:00:00	22.680	22.701	22.499	22.551	3410	0	37
2024.02.05	04:00:00	22.550	22.579	22.493	22.529	2713	0	37
2024.02.05	08:00:00	22.529	22.534	22.346	22.473	3302	0	37
2024.02.05	12:00:00	22.473	22.491	22.227	22.314	5760	0	37
2024.02.05	16:00:00	22.319	22.369	22.247	22.339	3035	0	37
2024.02.05	20:00:00	22.339	22.345	22.286	22.291	901	0	37
2024.02.06	00:00:00	22.289	22.349	22.284	22.309	2050	0	37
2024.02.06	04:00:00	22.309	22.451	22.298	22.368	2467	0	37
2024.02.06	08:00:00	22.367	22.373	22.254	22.286	2395	0	37
2024.02.06	12:00:00	22.286	22.469	22.242	22.444	4862	0	37
2024.02.06	16:00:00	22.443	22.453	22.354	22.408	3124	0	37
2024.02.06	20:00:00	22.408	22.431	22.390	22.391	714	0	37
2024.02.07	00:00:00	22.391	22.430	22.280	22.313	1986	0	37
2024.02.07	04:00:00	22.312	22.338	22.230	22.289	2060	0	37
2024.02.07	08:00:00	22.291	22.310	22.195	22.270	2493	0	37
2024.02.07	12:00:00	22.267	22.425	22.203	22.359	5110	0	37
2024.02.07	16:00:00	22.359	22.407	22.200	22.213	2584	0	37
2024.02.07	20:00:00	22.213	22.214	22.153	22.163	650	0	37
2024.02.08	00:00:00	22.169	22.240	22.167	22.213	1874	0	37
2024.02.08	04:00:00	22.214	22.364	22.212	22.311	1708	0	37
2024.02.08	08:00:00	22.311	22.421	22.226	22.332	2467	0	37
2024.02.08	12:00:00	22.332	22.570	22.125	22.449	5854	0	37
2024.02.08	16:00:00	22.449	22.617	22.414	22.561	3034	0	37
2024.02.08	20:00:00	22.563	22.591	22.556	22.563	683	0	37
2024.02.09	00:00:00	22.567	22.640	22.538	22.640	1176	0	37
2024.02.09	04:00:00	22.640	22.695	22.568	22.668	1366	0	37
2024.02.09	08:00:00	22.668	22.699	22.580	22.646	2331	0	37
2024.02.09	12:00:00	22.646	22.705	22.348	22.377	5430	0	37
2024.02.09	16:00:00	22.374	22.576	22.345	22.546	2439	0	37
2024.02.09	20:00:00	22.546	22.605	22.535	22.590	620	0	37
2024.02.11	20:00:00	22.616	22.646	22.596	22.640	258	0	37
2024.02.12	00:00:00	22.641	22.683	22.631	22.682	1079	0	37
2024.02.12	04:00:00	22.682	22.930	22.680	22.910	1480	0	37
2024.02.12	08:00:00	22.904	22.919	22.829	22.910	2313	0	37
2024.02.12	12:00:00	22.910	23.056	22.499	22.661	4909	0	37
2024.02.12	16:00:00	22.656	22.727	22.558	22.669	3049	0	37
2024.02.12	20:00:00	22.669	22.689	22.654	22.667	611	0	37
2024.02.13	00:00:00	22.668	22.721	22.649	22.681	1044	0	37
2024.02.13	04:00:00	22.681	22.831	22.681	22.829	1197	0	37
2024.02.13	08:00:00	22.831	22.920	22.826	22.848	2006	0	37
2024.02.13	12:00:00	22.853	22.875	21.991	22.011	6671	0	37
2024.02.13	16:00:00	22.011	22.202	21.970	21.991	3575	0	37
2024.02.13	20:00:00	21.991	22.100	21.990	22.058	959	0	37
2024.02.14	00:00:00	22.061	22.067	21.963	22.009	1639	0	37
2024.02.14	04:00:00	22.008	22.031	21.950	21.958	1785	0	37
2024.02.14	08:00:00	21.960	22.051	21.918	22.030	2519	0	37
2024.02.14	12:00:00	22.031	22.278	21.998	22.253	5023	0	37
2024.02.14	16:00:00	22.253	22.440	22.243	22.337	3416	0	37
2024.02.14	20:00:00	22.337	22.361	22.307	22.353	697	0	37
2024.02.15	00:00:00	22.350	22.471	22.333	22.381	1382	0	37
2024.02.15	04:00:00	22.381	22.533	22.364	22.484	1522	0	37
2024.02.15	08:00:00	22.484	22.633	22.465	22.623	2226	0	37
2024.02.15	12:00:00	22.621	23.017	22.597	22.851	6569	0	37
2024.02.15	16:00:00	22.852	22.928	22.764	22.909	3134	0	37
2024.02.15	20:00:00	22.907	22.964	22.876	22.946	879	0	37
2024.02.16	00:00:00	22.944	22.984	22.870	22.954	1528	0	37
2024.02.16	04:00:00	22.954	22.988	22.918	22.976	1783	0	37
2024.02.16	08:00:00	22.977	23.017	22.936	23.002	2575	0	37
2024.02.16	12:00:00	23.003	23.231	22.773	23.158	6189	0	37
2024.02.16	16:00:00	23.165	23.482	23.155	23.414	3384	0	37
2024.02.16	20:00:00	23.414	23.416	23.371	23.398	793	0	37
2024.02.18	20:00:00	23.380	23.393	23.372	23.373	146	0	47
2024.02.19	00:00:00	23.373	23.453	23.002	23.077	3663	0	37
2024.02.19	04:00:00	23.077	23.153	23.035	23.150	2590	0	37
2024.02.19	08:00:00	23.153	23.155	23.066	23.088	2537	0	37
2024.02.19	12:00:00	23.088	23.100	22.920	22.939	3009	0	37
2024.02.19	16:00:00	22.939	22.975	22.920	22.962	1087	0	37
2024.02.19	20:00:00	22.963	22.982	22.927	22.941	278	0	37
2024.02.20	00:00:00	22.937	23.005	22.911	22.935	1897	0	37
2024.02.20	04:00:00	22.934	22.994	22.899	22.972	1576	0	37
2024.02.20	08:00:00	22.972	23.108	22.958	23.055	2919	0	37
2024.02.20	12:00:00	23.056	23.173	23.007	23.010	4815	0	37
2024.02.20	16:00:00	23.008	23.085	22.975	23.010	2427	0	37
2024.02.20	20:00:00	23.010	23.010	22.964	22.992	848	0	37
2024.02.21	00:00:00	22.987	23.165	22.962	23.146	1882	0	37
2024.02.21	04:00:00	23.148	23.162	23.103	23.129	1908	0	37
2024.02.21	08:00:00	23.128	23.146	23.006	23.052	2878	0	37
2024.02.21	12:00:00	23.053	23.091	22.810	22.812	4509	0	37
2024.02.21	16:00:00	22.813	22.903	22.738	22.901	4188	0	37
2024.02.21	20:00:00	22.899	22.907	22.841	22.893	1082	0	37
2024.02.22	00:00:00	22.888	22.923	22.845	22.886	1720	0	37
2024.02.22	04:00:00	22.886	23.068	22.880	23.045	1854	0	37
2024.02.22	08:00:00	23.045	23.144	23.024	23.049	3298	0	37
2024.02.22	12:00:00	23.049	23.074	22.745	22.798	5646	0	37
2024.02.22	16:00:00	22.798	22.814	22.721	22.741	2836	0	37
2024.02.22	20:00:00	22.741	22.765	22.711	22.734	966	0	37
2024.02.23	00:00:00	22.735	22.823	22.665	22.755	1868	0	37
2024.02.23	04:00:00	22.755	22.775	22.589	22.637	1975	0	37
2024.02.23	08:00:00	22.637	22.713	22.544	22.695	3059	0	37
2024.02.23	12:00:00	22.694	22.791	22.603	22.753	5210	0	37
2024.02.23	16:00:00	22.749	22.982	22.731	22.957	3687	0	37
2024.02.23	20:00:00	22.957	22.958	22.901	22.929	639	0	37
2024.02.25	20:00:00	22.836	22.873	22.836	22.849	336	0	37
2024.02.26	00:00:00	22.843	22.869	22.751	22.795	2190	0	37
2024.02.26	04:00:00	22.795	22.857	22.763	22.806	1922	0	37
2024.02.26	08:00:00	22.805	22.835	22.473	22.481	3322	0	37
2024.02.26	12:00:00	22.488	22.605	22.470	22.493	4646	0	37
2024.02.26	16:00:00	22.493	22.508	22.430	22.473	2515	0	37
2024.02.26	20:00:00	22.473	22.555	22.462	22.490	928	0	37
2024.02.27	00:00:00	22.489	22.560	22.468	22.547	1823	0	37
2024.02.27	04:00:00	22.547	22.672	22.494	22.646	1833	0	37
2024.02.27	08:00:00	22.646	22.682	22.577	22.649	2572	0	37
2024.02.27	12:00:00	22.649	22.695	22.453	22.465	4072	0	37
2024.02.27	16:00:00	22.465	22.543	22.400	22.489	2669	0	37
2024.02.27	20:00:00	22.489	22.489	22.424	22.425	843	0	37
2024.02.28	00:00:00	22.423	22.497	22.365	22.440	1492	0	37
2024.02.28	04:00:00	22.441	22.453	22.320	22.322	1710	0	37
2024.02.28	08:00:00	22.322	22.349	22.258	22.340	2129	0	37
2024.02.28	12:00:00	22.338	22.498	22.317	22.355	3898	0	37
2024.02.28	16:00:00	22.354	22.445	22.345	22.377	1943	0	37
2024.02.28	20:00:00	22.377	22.452	22.377	22.442	823	0	37
2024.02.29	00:00:00	22.437	22.512	22.406	22.488	1692	0	37
2024.02.29	04:00:00	22.488	22.541	22.462	22.481	1471	0	37
2024.02.29	08:00:00	22.481	22.502	22.315	22.347	2455	0	37
2024.02.29	12:00:00	22.347	22.770	22.293	22.642	5029	0	37
2024.02.29	16:00:00	22.647	22.700	22.520	22.641	2548	0	37
2024.02.29	20:00:00	22.641	22.673	22.620	22.647	763	0	37
2024.03.01	00:00:00	22.647	22.770	22.626	22.764	1420	0	37
2024.03.01	04:00:00	22.764	22.765	22.598	22.610	1670	0	37
2024.03.01	08:00:00	22.606	22.752	22.490	22.700	2858	0	37
2024.03.01	12:00:00	22.700	22.966	22.548	22.935	4998	0	37
2024.03.01	16:00:00	22.935	23.249	22.902	23.178	3589	0	37
2024.03.01	20:00:00	23.177	23.183	23.111	23.119	835	0	37
2024.03.03	20:00:00	23.104	23.151	23.084	23.092	456	0	37
2024.03.04	00:00:00	23.094	23.162	23.011	23.045	2170	0	37
2024.03.04	04:00:00	23.045	23.137	23.003	23.126	1712	0	37
2024.03.04	08:00:00	23.126	23.153	23.066	23.109	2484	0	37
2024.03.04	12:00:00	23.109	23.604	23.084	23.592	4943	0	37
2024.03.04	16:00:00	23.591	23.905	23.585	23.885	4152	0	37
2024.03.04	20:00:00	23.884	23.934	23.866	23.930	1182	0	37
2024.03.05	00:00:00	23.925	23.927	23.604	23.675	2737	0	37
2024.03.05	04:00:00	23.677	23.865	23.642	23.831	2474	0	37
2024.03.05	08:00:00	23.832	23.971	23.832	23.948	3247	0	37
2024.03.05	12:00:00	23.948	24.208	23.771	23.830	7147	0	37
2024.03.05	16:00:00	23.830	23.859	23.649	23.665	3622	0	37
2024.03.05	20:00:00	23.665	23.703	23.619	23.697	1056	0	37
2024.03.06	00:00:00	23.692	23.702	23.549	23.593	2246	0	37
2024.03.06	04:00:00	23.593	23.757	23.591	23.697	2034	0	37
2024.03.06	08:00:00	23.697	23.778	23.636	23.772	2648	0	37
2024.03.06	12:00:00	23.773	24.088	23.703	24.042	6489	0	37
2024.03.06	16:00:00	24.039	24.286	24.010	24.131	5091	0	37
2024.03.06	20:00:00	24.130	24.180	24.094	24.149	1231	0	37
2024.03.07	00:00:00	24.151	24.199	24.019	24.103	3007	0	37
2024.03.07	04:00:00	24.103	24.248	23.986	24.087	3620	0	37
2024.03.07	08:00:00	24.087	24.196	24.079	24.113	3054	0	37
2024.03.07	12:00:00	24.113	24.485	24.103	24.459	5934	0	37
2024.03.07	16:00:00	24.458	24.463	24.258	24.339	3782	0	37
2024.03.07	20:00:00	24.340	24.358	24.274	24.358	1014	0	37
2024.03.08	00:00:00	24.370	24.415	24.224	24.278	2181	0	37
2024.03.08	04:00:00	24.278	24.484	24.269	24.469	2226	0	37
2024.03.08	08:00:00	24.473	24.530	24.435	24.487	3098	0	37
2024.03.08	12:00:00	24.487	24.610	24.188	24.330	7018	0	37
2024.03.08	16:00:00	24.330	24.513	24.154	24.300	5498	0	37
2024.03.08	20:00:00	24.301	24.321	24.240	24.297	818	0	37
2024.03.10	20:00:00	24.369	24.434	24.297	24.375	832	0	47
2024.03.11	00:00:00	24.375	24.440	24.217	24.262	2650	0	37
2024.03.11	04:00:00	24.262	24.365	24.242	24.348	2541	0	37
2024.03.11	08:00:00	24.347	24.355	24.273	24.332	3098	0	37
2024.03.11	12:00:00	24.335	24.497	24.289	24.479	5481	0	37
2024.03.11	16:00:00	24.480	24.504	24.360	24.425	3070	0	37
2024.03.11	20:00:00	24.424	24.495	24.415	24.475	845	0	37
2024.03.12	00:00:00	24.474	24.513	24.380	24.428	2338	0	37
2024.03.12	04:00:00	24.428	24.494	24.354	24.397	2490	0	37
2024.03.12	08:00:00	24.397	24.477	24.323	24.353	2637	0	37
2024.03.12	12:00:00	24.353	24.658	23.989	24.210	8354	0	37
2024.03.12	16:00:00	24.209	24.244	24.035	24.124	3098	0	37
2024.03.12	20:00:00	24.125	24.128	24.088	24.119	1118	0	37
2024.03.13	00:00:00	24.118	24.188	24.073	24.103	2060	0	37
2024.03.13	04:00:00	24.103	24.213	24.052	24.184	2440	0	37
2024.03.13	08:00:00	24.184	24.318	24.171	24.263	3014	0	37
2024.03.13	12:00:00	24.263	24.808	24.250	24.808	6402	0	37
2024.03.13	16:00:00	24.807	24.985	24.783	24.913	3734	0	37
2024.03.13	20:00:00	24.912	25.026	24.911	25.021	1049	0	37
2024.03.14	00:00:00	25.026	25.136	24.940	24.991	2839	0	47
2024.03.14	04:00:00	24.990	25.000	24.775	24.925	2598	0	37
2024.03.14	08:00:00	24.925	25.032	24.909	24.976	2440	0	37
2024.03.14	12:00:00	24.976	25.073	24.717	24.793	7089	0	37
2024.03.14	16:00:00	24.793	24.864	24.760	24.830	2850	0	37
2024.03.14	20:00:00	24.830	24.849	24.778	24.822	716	0	37
2024.03.15	00:00:00	24.822	24.992	24.797	24.977	2181	0	47
2024.03.15	04:00:00	24.976	25.182	24.939	24.996	3145	0	47
2024.03.15	08:00:00	24.998	25.197	24.961	25.187	3285	0	37
2024.03.15	12:00:00	25.185	25.422	25.034	25.297	6799	0	47
2024.03.15	16:00:00	25.295	25.388	25.126	25.171	3421	0	47
2024.03.15	20:00:00	25.170	25.184	25.142	25.161	328	0	47
2024.03.17	20:00:00	25.077	25.114	25.065	25.113	661	0	47
2024.03.18	00:00:00	25.108	25.161	24.923	24.983	2772	0	47
2024.03.18	04:00:00	24.984	25.078	24.954	25.074	2275	0	37
2024.03.18	08:00:00	25.073	25.172	25.022	25.137	3128	0	37
2024.03.18	12:00:00	25.137	25.305	25.030	25.044	5585	0	37
2024.03.18	16:00:00	25.044	25.064	24.962	25.025	2652	0	37
2024.03.18	20:00:00	25.025	25.044	24.998	25.044	798	0	38
2024.03.19	00:00:00	25.051	25.130	25.008	25.117	2392	0	47
2024.03.19	04:00:00	25.116	25.131	24.854	24.948	3172	0	47
2024.03.19	08:00:00	24.950	24.959	24.777	24.907	3769	0	37
2024.03.19	12:00:00	24.905	24.983	24.708	24.909	5398	0	37
2024.03.19	16:00:00	24.910	24.945	24.849	24.893	2375	0	37
2024.03.19	20:00:00	24.896	24.909	24.856	24.856	619	0	37
2024.03.20	00:00:00	24.856	24.976	24.826	24.949	1918	0	47
2024.03.20	04:00:00	24.951	24.961	24.848	24.892	2112	0	37
2024.03.20	08:00:00	24.892	24.892	24.750	24.829	2821	0	37
2024.03.20	12:00:00	24.833	25.025	24.728	24.873	4818	0	37
2024.03.20	16:00:00	24.873	25.616	24.860	25.462	6388	0	37
2024.03.20	20:00:00	25.460	25.709	25.446	25.675	2887	0	47
2024.03.21	00:00:00	25.685	25.755	25.545	25.605	3960	0	47
2024.03.21	04:00:00	25.605	25.721	25.576	25.639	2840	0	47
2024.03.21	08:00:00	25.642	25.642	25.346	25.423	4597	0	47
2024.03.21	12:00:00	25.416	25.462	24.620	24.735	8173	0	37
2024.03.21	16:00:00	24.736	24.826	24.706	24.741	3193	0	37
2024.03.21	20:00:00	24.741	24.753	24.712	24.736	630	0	37
2024.03.22	00:00:00	24.736	24.808	24.481	24.532	3344	0	47
2024.03.22	04:00:00	24.532	24.568	24.382	24.508	3471	0	37
2024.03.22	08:00:00	24.504	24.621	24.484	24.566	3649	0	37
2024.03.22	12:00:00	24.569	24.925	24.552	24.706	6111	0	37
2024.03.22	16:00:00	24.706	24.727	24.611	24.647	3187	0	37
2024.03.22	20:00:00	24.648	24.670	24.645	24.650	387	0	37
2024.03.24	20:00:00	24.667	24.694	24.609	24.676	843	0	47
2024.03.25	00:00:00	24.676	24.869	24.580	24.654	3554	0	47
2024.03.25	04:00:00	24.654	24.706	24.534	24.657	2623	0	37
2024.03.25	08:00:00	24.659	24.728	24.632	24.652	3621	0	37
2024.03.25	12:00:00	24.657	24.833	24.633	24.692	4948	0	37
2024.03.25	16:00:00	24.692	24.756	24.639	24.664	2159	0	36
2024.03.25	20:00:00	24.668	24.673	24.624	24.642	763	0	37
2024.03.26	00:00:00	24.643	24.694	24.573	24.608	2903	0	37
2024.03.26	04:00:00	24.609	24.643	24.504	24.541	2614	0	37
2024.03.26	08:00:00	24.540	24.824	24.483	24.824	4551	0	37
2024.03.26	12:00:00	24.830	24.868	24.351	24.427	6519	0	37
2024.03.26	16:00:00	24.426	24.511	24.396	24.405	2777	0	37
2024.03.26	20:00:00	24.404	24.428	24.381	24.416	749	0	37
2024.03.27	00:00:00	24.422	24.465	24.305	24.428	2557	0	37
2024.03.27	04:00:00	24.428	24.500	24.394	24.454	2344	0	37
2024.03.27	08:00:00	24.454	24.607	24.375	24.480	4160	0	37
2024.03.27	12:00:00	24.475	24.638	24.410	24.510	5566	0	37
2024.03.27	16:00:00	24.511	24.618	24.483	24.605	2533	0	37
2024.03.27	20:00:00	24.596	24.628	24.535	24.542	1093	0	37
2024.03.28	00:00:00	24.537	24.694	24.494	24.666	3002	0	38
2024.03.28	04:00:00	24.666	24.700	24.464	24.465	2745	0	37
2024.03.28	08:00:00	24.467	24.704	24.371	24.536	4070	0	37
2024.03.28	12:00:00	24.530	24.908	24.491	24.765	7407	0	37
2024.03.28	16:00:00	24.765	24.898	24.711	24.860	3575	0	37
2024.03.28	20:00:00	24.860	24.985	24.833	24.917	622	0	37
2024.03.31	20:00:00	25.032	25.172	24.972	25.133	1737	0	47
2024.04.01	00:00:00	25.148	25.272	25.045	25.240	3977	0	47
2024.04.01	04:00:00	25.240	25.259	25.113	25.157	3030	0	47
2024.04.01	08:00:00	25.156	25.170	24.974	24.988	2783	0	47
2024.04.01	12:00:00	24.988	25.363	24.722	25.001	6792	0	47
2024.04.01	16:00:00	25.001	25.052	24.912	24.986	2358	0	47
2024.04.01	20:00:00	24.984	25.177	24.963	25.063	1496	0	47
2024.04.02	00:00:00	25.068	25.303	25.059	25.237	2901	0	47
2024.04.02	04:00:00	25.237	25.530	25.232	25.524	2825	0	47
2024.04.02	08:00:00	25.517	25.713	25.349	25.541	4169	0	47
2024.04.02	12:00:00	25.541	25.878	25.392	25.790	8167	0	47
2024.04.02	16:00:00	25.791	26.096	25.711	26.050	4238	0	47
2024.04.02	20:00:00	26.049	26.215	26.021	26.138	1869	0	47
2024.04.03	00:00:00	26.122	26.529	26.089	26.363	4417	0	47
2024.04.03	04:00:00	26.363	26.459	26.185	26.231	4317	0	47
2024.04.03	08:00:00	26.229	26.354	26.150	26.340	4408	0	47
2024.04.03	12:00:00	26.339	26.847	26.164	26.676	8839	0	47
2024.04.03	16:00:00	26.683	27.049	26.582	27.021	5052	0	47
2024.04.03	20:00:00	27.020	27.270	27.020	27.065	2051	0	47
2024.04.04	00:00:00	27.075	27.311	27.066	27.080	3086	0	47
2024.04.04	04:00:00	27.080	27.113	26.954	27.036	2993	0	47
2024.04.04	08:00:00	27.036	27.095	26.927	26.938	3316	0	47
2024.04.04	12:00:00	26.945	27.142	26.740	27.105	7207	0	47
2024.04.04	16:00:00	27.101	27.259	26.657	26.772	6129	0	47
2024.04.04	20:00:00	26.780	26.962	26.761	26.798	1714	0	47
2024.04.05	00:00:00	26.801	26.808	26.261	26.479	4830	0	47
2024.04.05	04:00:00	26.479	26.765	26.478	26.753	4170	0	47
2024.04.05	08:00:00	26.750	26.863	26.663	26.673	3932	0	47
2024.04.05	12:00:00	26.668	27.458	26.333	27.354	10393	0	47
2024.04.05	16:00:00	27.354	27.471	27.228	27.358	4887	0	47
2024.04.05	20:00:00	27.360	27.467	27.342	27.447	595	0	47
2024.04.07	20:00:00	27.492	27.507	27.066	27.150	2291	0	47
2024.04.08	00:00:00	27.154	28.065	26.841	27.863	7811	0	47
2024.04.08	04:00:00	27.865	27.865	27.616	27.782	5248	0	47
2024.04.08	08:00:00	27.777	27.908	27.588	27.588	4765	0	47
2024.04.08	12:00:00	27.588	27.855	27.218	27.689	9338	0	47
2024.04.08	16:00:00	27.686	27.847	27.656	27.766	4306	0	47
2024.04.08	20:00:00	27.769	27.912	27.768	27.856	1265	0	47
2024.04.09	00:00:00	27.853	28.122	27.724	27.774	5439	0	47
2024.04.09	04:00:00	27.773	28.037	27.733	28.006	4769	0	47
2024.04.09	08:00:00	28.006	28.160	27.921	28.040	5177	0	47
2024.04.09	12:00:00	28.042	28.302	27.599	27.675	9305	0	47
2024.04.09	16:00:00	27.670	28.104	27.664	28.102	5073	0	47
2024.04.09	20:00:00	28.103	28.181	28.098	28.152	1331	0	47
2024.04.10	00:00:00	28.151	28.155	27.920	28.090	3983	0	47
2024.04.10	04:00:00	28.088	28.267	28.061	28.078	4349	0	47
2024.04.10	08:00:00	28.085	28.115	27.956	28.052	4166	0	47
2024.04.10	12:00:00	28.052	28.500	27.511	27.976	11335	0	47
2024.04.10	16:00:00	27.976	28.103	27.776	27.802	7073	0	47
2024.04.10	20:00:00	27.808	27.932	27.794	27.884	1482	0	47
2024.04.11	00:00:00	27.879	28.021	27.730	27.970	3971	0	47
2024.04.11	04:00:00	27.970	28.047	27.781	27.922	4257	0	47
2024.04.11	08:00:00	27.927	28.009	27.798	27.938	4294	0	47
2024.04.11	12:00:00	27.938	28.161	27.744	27.958	8817	0	47
2024.04.11	16:00:00	27.965	28.450	27.920	28.421	4739	0	47
2024.04.11	20:00:00	28.428	28.500	28.405	28.454	1939	0	47
2024.04.12	00:00:00	28.454	28.916	28.364	28.748	5891	0	47
2024.04.12	04:00:00	28.748	29.202	28.716	29.105	5163	0	47
2024.04.12	08:00:00	29.105	29.188	28.895	29.012	5302	0	47
2024.04.12	12:00:00	29.011	29.773	28.623	28.957	11735	0	47
2024.04.12	16:00:00	28.959	28.959	27.902	28.011	9802	0	47
2024.04.12	20:00:00	28.018	28.023	27.906	27.911	636	0	47
2024.04.14	20:00:00	28.158	28.341	27.568	28.176	3348	0	47
2024.04.15	00:00:00	28.221	28.342	27.966	28.209	7311	0	47
2024.04.15	04:00:00	28.209	28.549	28.152	28.367	6278	0	47
2024.04.15	08:00:00	28.367	28.530	28.179	28.505	5220	0	47
2024.04.15	12:00:00	28.505	28.779	28.078	28.601	10441	0	47
2024.04.15	16:00:00	28.606	28.869	28.460	28.856	7409	0	47
2024.04.15	20:00:00	28.848	28.958	28.788	28.863	1876	0	47
2024.04.16	00:00:00	28.869	28.997	28.609	28.816	5654	0	47
2024.04.16	04:00:00	28.814	28.846	28.226	28.259	6003	0	47
2024.04.16	08:00:00	28.257	28.415	28.216	28.364	5378	0	47
2024.04.16	12:00:00	28.364	28.507	27.929	28.211	10171	0	47
2024.04.16	16:00:00	28.211	28.406	28.114	28.190	7715	0	47
2024.04.16	20:00:00	28.190	28.195	28.040	28.153	1687	0	47
2024.04.17	00:00:00	28.157	28.241	28.047	28.123	4350	0	47
2024.04.17	04:00:00	28.123	28.407	28.097	28.379	5056	0	47
2024.04.17	08:00:00	28.379	28.561	28.365	28.461	4876	0	47
2024.04.17	12:00:00	28.465	28.780	28.345	28.436	8996	0	47
2024.04.17	16:00:00	28.438	28.489	28.099	28.260	7790	0	47
2024.04.17	20:00:00	28.255	28.265	28.103	28.206	1786	0	47
2024.04.18	00:00:00	28.204	28.392	28.115	28.383	4750	0	47
2024.04.18	04:00:00	28.383	28.593	28.340	28.411	4635	0	47
2024.04.18	08:00:00	28.407	28.499	28.369	28.406	4269	0	47
2024.04.18	12:00:00	28.406	28.632	28.135	28.326	9521	0	47
2024.04.18	16:00:00	28.331	28.430	28.214	28.260	5454	0	47
2024.04.18	20:00:00	28.262	28.263	28.183	28.215	1106	0	47
2024.04.19	00:00:00	28.212	28.921	28.068	28.345	8900	0	47
2024.04.19	04:00:00	28.341	28.494	28.143	28.378	6463	0	47
2024.04.19	08:00:00	28.378	28.378	28.116	28.170	5438	0	47
2024.04.19	12:00:00	28.172	28.623	28.047	28.606	8474	0	47
2024.04.19	16:00:00	28.608	28.766	28.502	28.646	5338	0	47
2024.04.19	20:00:00	28.653	28.670	28.599	28.650	605	0	47
2024.04.21	20:00:00	28.558	28.634	28.486	28.547	1431	0	47
2024.04.22	00:00:00	28.548	28.555	27.776	27.988	5755	0	47
2024.04.22	04:00:00	27.993	28.046	27.633	27.794	6255	0	47
2024.04.22	08:00:00	27.794	27.858	27.421	27.463	4775	0	47
2024.04.22	12:00:00	27.456	27.531	27.093	27.186	8845	0	47
2024.04.22	16:00:00	27.186	27.262	27.091	27.228	4095	0	47
2024.04.22	20:00:00	27.232	27.303	27.149	27.289	1421	0	47
2024.04.23	00:00:00	27.289	27.341	26.751	26.917	6632	0	47
2024.04.23	04:00:00	26.917	27.057	26.671	26.879	5547	0	47
2024.04.23	08:00:00	26.879	26.959	26.645	26.934	5109	0	47
2024.04.23	12:00:00	26.934	27.358	26.903	27.232	9132	0	47
2024.04.23	16:00:00	27.233	27.350	27.189	27.294	4239	0	47
2024.04.23	20:00:00	27.299	27.319	27.233	27.257	1232	0	47
2024.04.24	00:00:00	27.257	27.447	27.133	27.421	4474	0	47
2024.04.24	04:00:00	27.423	27.465	27.234	27.242	4668	0	47
2024.04.24	08:00:00	27.242	27.284	27.015	27.098	3850	0	47
2024.04.24	12:00:00	27.102	27.374	27.023	27.192	8160	0	47
2024.04.24	16:00:00	27.192	27.302	27.150	27.202	4256	0	47
2024.04.24	20:00:00	27.203	27.213	27.113	27.173	1445	0	47
2024.04.25	00:00:00	27.173	27.301	26.960	27.073	4175	0	47
2024.04.25	04:00:00	27.073	27.419	27.033	27.398	4071	0	47
2024.04.25	08:00:00	27.403	27.463	27.312	27.384	3393	0	47
2024.04.25	12:00:00	27.384	27.551	27.099	27.283	10353	0	47
2024.04.25	16:00:00	27.286	27.433	27.243	27.393	3991	0	47
2024.04.25	20:00:00	27.394	27.423	27.327	27.332	1164	0	47
2024.04.26	00:00:00	27.332	27.465	27.245	27.462	3947	0	47
2024.04.26	04:00:00	27.463	27.703	27.452	27.659	4314	0	47
2024.04.26	08:00:00	27.661	27.710	27.500	27.550	3647	0	47
2024.04.26	12:00:00	27.550	27.658	27.063	27.223	8821	0	47
2024.04.26	16:00:00	27.223	27.331	27.145	27.201	3488	0	47
2024.04.26	20:00:00	27.203	27.203	27.168	27.183	520	0	47
2024.04.28	20:00:00	27.122	27.212	27.115	27.187	919	0	47
2024.04.29	00:00:00	27.186	27.242	26.923	27.228	4633	0	47
2024.04.29	04:00:00	27.228	27.304	27.134	27.302	4699	0	47
2024.04.29	08:00:00	27.301	27.412	27.263	27.289	3961	0	47
2024.04.29	12:00:00	27.289	27.347	26.978	27.253	6871	0	47
2024.04.29	16:00:00	27.252	27.414	27.092	27.147	5527	0	47
2024.04.29	20:00:00	27.147	27.160	27.016	27.060	1049	0	47
2024.04.30	00:00:00	27.060	27.117	26.834	26.926	4240	0	47
2024.04.30	04:00:00	26.927	26.928	26.639	26.685	4159	0	47
2024.04.30	08:00:00	26.683	26.695	26.517	26.577	3455	0	47
2024.04.30	12:00:00	26.579	26.642	26.256	26.381	9052	0	47
2024.04.30	16:00:00	26.381	26.441	26.261	26.279	4806	0	47
2024.04.30	20:00:00	26.285	26.363	26.223	26.328	1554	0	47
2024.05.01	00:00:00	26.328	26.436	26.264	26.379	2332	0	47
2024.05.01	04:00:00	26.379	26.481	26.298	26.400	2849	0	47
2024.05.01	08:00:00	26.400	26.491	26.335	26.463	3420	0	47
2024.05.01	12:00:00	26.457	26.591	26.321	26.513	8184	0	47
2024.05.01	16:00:00	26.509	26.948	26.390	26.520	8874	0	47
2024.05.01	20:00:00	26.522	26.769	26.492	26.749	2624	0	47
2024.05.02	00:00:00	26.746	26.797	26.518	26.550	3072	0	47
2024.05.02	04:00:00	26.550	26.621	26.430	26.434	3383	0	47
2024.05.02	08:00:00	26.435	26.485	26.122	26.276	4446	0	47
2024.05.02	12:00:00	26.276	26.743	25.993	26.501	8796	0	47
2024.05.02	16:00:00	26.501	26.701	26.465	26.640	4219	0	47
2024.05.02	20:00:00	26.647	26.697	26.594	26.661	1198	0	47
2024.05.03	00:00:00	26.664	26.749	26.567	26.621	2675	0	47
2024.05.03	04:00:00	26.621	26.727	26.492	26.524	2800	0	47
2024.05.03	08:00:00	26.524	26.582	26.396	26.443	3444	0	47
2024.05.03	12:00:00	26.442	26.853	26.102	26.296	10593	0	47
2024.05.03	16:00:00	26.300	26.482	26.289	26.480	3884	0	47
2024.05.03	20:00:00	26.478	26.559	26.478	26.534	566	0	47
2024.05.05	20:00:00	26.549	26.612	26.437	26.444	1131	0	47
2024.05.06	00:00:00	26.442	26.978	26.412	26.872	4953	0	47
2024.05.06	04:00:00	26.874	27.141	26.820	27.111	4040	0	47
2024.05.06	08:00:00	27.104	27.176	27.046	27.073	3444	0	47
2024.05.06	12:00:00	27.073	27.402	26.985	27.342	6770	0	47
2024.05.06	16:00:00	27.342	27.462	27.244	27.412	3786	0	47
2024.05.06	20:00:00	27.413	27.454	27.376	27.431	1479	0	47
2024.05.07	00:00:00	27.431	27.488	27.242	27.374	4015	0	47
2024.05.07	04:00:00	27.374	27.382	27.151	27.198	3956	0	47
2024.05.07	08:00:00	27.198	27.300	27.133	27.284	3263	0	47
2024.05.07	12:00:00	27.285	27.502	27.180	27.271	6458	0	47
2024.05.07	16:00:00	27.273	27.325	27.196	27.253	3518	0	47
2024.05.07	20:00:00	27.246	27.254	27.183	27.227	927	0	47
2024.05.08	00:00:00	27.227	27.368	27.062	27.327	4162	0	47
2024.05.08	04:00:00	27.327	27.411	27.080	27.080	3485	0	47
2024.05.08	08:00:00	27.072	27.268	26.988	27.244	4221	0	47
2024.05.08	12:00:00	27.243	27.458	27.140	27.441	6767	0	47
2024.05.08	16:00:00	27.446	27.455	27.281	27.289	3266	0	47
2024.05.08	20:00:00	27.287	27.351	27.279	27.298	936	0	47
2024.05.09	00:00:00	27.296	27.490	27.265	27.459	3029	0	47
2024.05.09	04:00:00	27.458	27.690	27.453	27.543	3985	0	47
2024.05.09	08:00:00	27.539	27.705	27.532	27.689	3419	0	47
2024.05.09	12:00:00	27.689	28.178	27.585	28.086	8027	0	47
2024.05.09	16:00:00	28.087	28.284	28.071	28.281	3351	0	47
2024.05.09	20:00:00	28.275	28.367	28.263	28.318	1571	0	47
2024.05.10	00:00:00	28.318	28.458	28.209	28.349	5202	0	47
2024.05.10	04:00:00	28.348	28.639	28.300	28.602	4645	0	47
2024.05.10	08:00:00	28.606	28.744	28.541	28.546	4551	0	47
2024.05.10	12:00:00	28.549	28.624	28.019	28.221	8862	0	47
2024.05.10	16:00:00	28.221	28.298	28.169	28.185	3945	0	47
2024.05.10	20:00:00	28.184	28.191	28.130	28.152	396	0	47
2024.05.12	20:00:00	28.162	28.192	28.096	28.151	708	0	47
2024.05.13	00:00:00	28.152	28.213	27.946	28.085	4456	0	47
2024.05.13	04:00:00	28.085	28.144	27.959	28.114	3985	0	47
2024.05.13	08:00:00	28.114	28.218	28.028	28.189	4060	0	47
2024.05.13	12:00:00	28.191	28.363	28.047	28.169	7687	0	47
2024.05.13	16:00:00	28.168	28.255	28.168	28.221	3649	0	47
2024.05.13	20:00:00	28.223	28.280	28.169	28.254	946	0	47
2024.05.14	00:00:00	28.257	28.403	28.194	28.393	3708	0	47
2024.05.14	04:00:00	28.393	28.473	28.228	28.330	4182	0	47
2024.05.14	08:00:00	28.330	28.471	28.278	28.334	4733	0	47
2024.05.14	12:00:00	28.334	28.723	28.069	28.365	9138	0	47
2024.05.14	16:00:00	28.358	28.606	28.308	28.586	4298	0	47
2024.05.14	20:00:00	28.583	28.610	28.551	28.589	880	0	47
2024.05.15	00:00:00	28.589	28.618	28.415	28.568	3635	0	47
2024.05.15	04:00:00	28.568	28.670	28.493	28.632	4370	0	47
2024.05.15	08:00:00	28.632	28.906	28.632	28.755	5398	0	47
2024.05.15	12:00:00	28.756	29.411	28.499	29.273	10444	0	47
2024.05.15	16:00:00	29.274	29.715	29.262	29.663	5690	0	47
2024.05.15	20:00:00	29.662	29.789	29.645	29.711	1837	0	47
2024.05.16	00:00:00	29.711	29.825	29.451	29.521	6189	0	47
2024.05.16	04:00:00	29.521	29.637	29.400	29.621	4847	0	47
2024.05.16	08:00:00	29.616	29.707	29.460	29.641	5212	0	47
2024.05.16	12:00:00	29.641	29.706	29.308	29.676	8884	0	47
2024.05.16	16:00:00	29.676	29.699	29.572	29.584	3867	0	47
2024.05.16	20:00:00	29.591	29.716	29.524	29.652	1184	0	47
2024.05.17	00:00:00	29.656	29.695	29.442	29.500	4544	0	47
2024.05.17	04:00:00	29.500	29.781	29.458	29.702	4416	0	47
2024.05.17	08:00:00	29.704	29.768	29.601	29.763	4509	0	47
2024.05.17	12:00:00	29.763	30.789	29.693	30.604	10468	0	47
2024.05.17	16:00:00	30.606	31.534	30.606	31.490	7154	0	47
2024.05.17	20:00:00	31.486	31.574	31.372	31.432	1224	0	47
2024.05.19	20:00:00	31.560	31.560	31.264	31.409	2436	0	47
2024.05.20	00:00:00	31.408	32.490	31.312	32.307	7984	0	47
2024.05.20	04:00:00	32.310	32.375	31.598	31.934	7307	0	47
2024.05.20	08:00:00	31.933	32.085	31.359	31.495	6989	0	47
2024.05.20	12:00:00	31.495	32.033	30.927	31.978	12062	0	47
2024.05.20	16:00:00	31.979	32.315	31.694	31.703	7139	0	47
2024.05.20	20:00:00	31.711	31.864	31.448	31.744	2190	0	47
2024.05.21	00:00:00	31.749	32.479	31.053	31.381	8627	0	47
2024.05.21	04:00:00	31.377	31.718	31.239	31.630	5860	0	47
2024.05.21	08:00:00	31.634	31.808	31.433	31.806	5801	0	47
2024.05.21	12:00:00	31.805	32.256	31.459	31.715	11124	0	47
2024.05.21	16:00:00	31.716	32.039	31.523	32.019	6305	0	47
2024.05.21	20:00:00	32.018	32.048	31.950	32.009	1135	0	47
2024.05.22	00:00:00	32.008	32.179	31.592	31.669	6011	0	47
2024.05.22	04:00:00	31.669	31.887	31.570	31.826	5980	0	47
2024.05.22	08:00:00	31.821	31.891	31.368	31.516	5922	0	47
2024.05.22	12:00:00	31.524	31.791	31.080	31.315	10929	0	47
2024.05.22	16:00:00	31.315	31.378	30.735	30.845	8032	0	47
2024.05.22	20:00:00	30.852	30.931	30.697	30.890	2287	0	47
2024.05.23	00:00:00	30.887	30.961	30.227	30.512	7420	0	47
2024.05.23	04:00:00	30.513	30.549	30.141	30.267	6980	0	47
2024.05.23	08:00:00	30.275	30.632	30.235	30.599	6063	0	47
2024.05.23	12:00:00	30.598	30.918	30.157	30.419	11123	0	47
2024.05.23	16:00:00	30.418	30.506	30.044	30.115	6895	0	47
2024.05.23	20:00:00	30.120	30.203	30.066	30.135	1434	0	47
2024.05.24	00:00:00	30.137	30.398	30.023	30.222	6008	0	47
2024.05.24	04:00:00	30.222	30.552	30.219	30.350	5529	0	47
2024.05.24	08:00:00	30.349	30.585	30.265	30.472	4945	0	47
2024.05.24	12:00:00	30.472	30.601	30.245	30.273	8571	0	47
2024.05.24	16:00:00	30.270	30.379	30.198	30.329	4310	0	47
2024.05.24	20:00:00	30.336	30.350	30.316	30.334	351	0	47
2024.05.26	20:00:00	30.398	30.572	30.364	30.499	1219	0	47
2024.05.27	00:00:00	30.499	30.840	30.402	30.804	4352	0	47
2024.05.27	04:00:00	30.803	30.896	30.698	30.753	4378	0	47
2024.05.27	08:00:00	30.755	30.872	30.753	30.834	3057	0	47
2024.05.27	12:00:00	30.834	31.792	30.808	31.654	7985	0	47
2024.05.27	16:00:00	31.651	31.828	31.636	31.782	1896	0	47
2024.05.27	20:00:00	31.577	31.646	31.565	31.611	818	0	47
2024.05.28	00:00:00	31.611	31.865	31.603	31.730	5634	0	47
2024.05.28	04:00:00	31.730	31.780	31.222	31.476	6310	0	47
2024.05.28	08:00:00	31.473	31.642	31.363	31.609	4767	0	47
2024.05.28	12:00:00	31.605	32.223	31.388	32.004	10632	0	47
2024.05.28	16:00:00	32.004	32.088	31.781	31.994	6437	0	47
2024.05.28	20:00:00	31.991	32.105	31.987	32.031	1479	0	47
2024.05.29	00:00:00	32.031	32.161	31.803	32.075	5840	0	47
2024.05.29	04:00:00	32.076	32.280	31.975	32.056	6453	0	47
2024.05.29	08:00:00	32.063	32.154	31.842	31.943	6040	0	47
2024.05.29	12:00:00	31.936	32.104	31.584	32.047	9711	0	47
2024.05.29	16:00:00	32.047	32.226	31.909	31.919	5263	0	47
2024.05.29	20:00:00	31.926	32.037	31.853	32.003	1587	0	47
2024.05.30	00:00:00	32.004	32.070	31.262	31.581	7327	0	47
2024.05.30	04:00:00	31.583	31.717	31.136	31.458	7207	0	47
2024.05.30	08:00:00	31.460	31.573	31.273	31.273	5969	0	47
2024.05.30	12:00:00	31.273	31.782	31.124	31.325	10479	0	47
2024.05.30	16:00:00	31.329	31.386	30.986	31.090	5067	0	47
2024.05.30	20:00:00	31.090	31.204	31.058	31.162	1820	0	47
2024.05.31	00:00:00	31.160	31.173	30.759	30.935	6599	0	47
2024.05.31	04:00:00	30.935	31.213	30.836	31.059	5863	0	47
2024.05.31	08:00:00	31.056	31.319	31.037	31.247	5026	0	47
2024.05.31	12:00:00	31.243	31.745	30.237	30.276	12010	0	47
2024.05.31	16:00:00	30.269	30.478	30.171	30.352	7324	0	47
2024.05.31	20:00:00	30.353	30.395	30.337	30.385	754	0	47
2024.06.02	20:00:00	30.433	30.488	30.326	30.378	1287	0	47
2024.06.03	00:00:00	30.378	30.612	30.091	30.135	6207	0	47
2024.06.03	04:00:00	30.141	30.271	29.759	30.192	7270	0	47
2024.06.03	08:00:00	30.192	30.447	30.139	30.369	5768	0	47
2024.06.03	12:00:00	30.368	30.593	30.146	30.489	9944	0	47
2024.06.03	16:00:00	30.491	30.782	30.404	30.523	5977	0	47
2024.06.03	20:00:00	30.524	30.743	30.513	30.716	1501	0	47
2024.06.04	00:00:00	30.709	30.863	30.510	30.551	5620	0	47
2024.06.04	04:00:00	30.548	30.771	30.229	30.247	5877	0	47
2024.06.04	08:00:00	30.248	30.249	29.559	29.700	8411	0	47
2024.06.04	12:00:00	29.701	30.044	29.360	29.502	11038	0	47
2024.06.04	16:00:00	29.504	29.604	29.358	29.531	5543	0	47
2024.06.04	20:00:00	29.538	29.561	29.470	29.552	1068	0	47
2024.06.05	00:00:00	29.552	29.754	29.421	29.674	5288	0	47
2024.06.05	04:00:00	29.674	29.781	29.369	29.486	5435	0	47
2024.06.05	08:00:00	29.488	29.615	29.449	29.539	4683	0	47
2024.06.05	12:00:00	29.539	29.936	29.419	29.879	9656	0	47
2024.06.05	16:00:00	29.881	30.026	29.853	29.975	4594	0	47
2024.06.05	20:00:00	29.975	30.039	29.944	29.991	1156	0	47
2024.06.06	00:00:00	29.991	30.595	29.949	30.398	6266	0	47
2024.06.06	04:00:00	30.398	30.491	30.242	30.313	4892	0	47
2024.06.06	08:00:00	30.313	30.339	30.243	30.294	3873	0	47
2024.06.06	12:00:00	30.294	31.201	30.093	31.131	10175	0	47
2024.06.06	16:00:00	31.133	31.322	31.012	31.229	5605	0	47
2024.06.06	20:00:00	31.229	31.360	31.223	31.317	1296	0	47
2024.06.07	00:00:00	31.317	31.429	31.052	31.308	6313	0	47
2024.06.07	04:00:00	31.308	31.522	31.080	31.204	6172	0	47
2024.06.07	08:00:00	31.204	31.207	30.187	30.419	8093	0	47
2024.06.07	12:00:00	30.412	30.420	29.250	29.263	11522	0	47
2024.06.07	16:00:00	29.264	29.438	29.106	29.155	6124	0	47
2024.06.07	20:00:00	29.163	29.203	29.095	29.151	818	0	47
2024.06.09	20:00:00	29.123	29.320	29.113	29.302	1208	0	47
2024.06.10	00:00:00	29.303	29.541	29.221	29.366	3608	0	47
2024.06.10	04:00:00	29.367	29.648	29.329	29.642	5193	0	47
2024.06.10	08:00:00	29.646	29.749	29.588	29.749	4874	0	47
2024.06.10	12:00:00	29.745	29.793	29.380	29.643	7761	0	47
2024.06.10	16:00:00	29.650	29.798	29.637	29.679	4070	0	47
2024.06.10	20:00:00	29.680	29.793	29.655	29.694	1156	0	47
2024.06.11	00:00:00	29.694	29.701	29.013	29.213	7049	0	47
2024.06.11	04:00:00	29.208	29.249	29.027	29.207	5350	0	47
2024.06.11	08:00:00	29.215	29.275	29.120	29.219	4886	0	47
2024.06.11	12:00:00	29.219	29.525	29.054	29.071	8536	0	47
2024.06.11	16:00:00	29.071	29.237	29.071	29.199	4003	0	47
2024.06.11	20:00:00	29.206	29.301	29.194	29.278	1073	0	47
2024.06.12	00:00:00	29.281	29.464	29.163	29.422	4860	0	47
2024.06.12	04:00:00	29.423	29.463	29.291	29.361	4007	0	47
2024.06.12	08:00:00	29.361	29.411	29.303	29.353	3571	0	47
2024.06.12	12:00:00	29.352	30.233	29.310	30.093	10767	0	47
2024.06.12	16:00:00	30.095	30.160	29.476	29.578	8735	0	47
2024.06.12	20:00:00	29.585	29.721	29.519	29.519	1723	0	47
2024.06.13	00:00:00	29.519	29.637	28.824	29.138	7009	0	47
2024.06.13	04:00:00	29.138	29.364	29.074	29.291	5482	0	47
2024.06.13	08:00:00	29.294	29.380	28.991	29.091	4684	0	47
2024.06.13	12:00:00	29.084	29.466	28.700	28.727	10044	0	47
2024.06.13	16:00:00	28.724	28.995	28.635	28.919	5280	0	47
2024.06.13	20:00:00	28.920	28.953	28.882	28.892	1004	0	47
2024.06.14	00:00:00	28.892	29.083	28.810	28.966	5445	0	47
2024.06.14	04:00:00	28.968	29.106	28.853	29.064	5196	0	47
2024.06.14	08:00:00	29.065	29.362	28.995	29.254	5863	0	47
2024.06.14	12:00:00	29.258	29.259	28.995	29.138	8450	0	47
2024.06.14	16:00:00	29.138	29.557	29.133	29.556	4998	0	47
2024.06.14	20:00:00	29.556	29.557	29.522	29.537	405	0	47
2024.06.16	20:00:00	29.513	29.532	29.458	29.481	812	0	47
2024.06.17	00:00:00	29.480	29.536	29.160	29.211	5505	0	47
2024.06.17	04:00:00	29.211	29.242	29.004	29.068	4472	0	47
2024.06.17	08:00:00	29.068	29.265	29.047	29.221	4353	0	47
2024.06.17	12:00:00	29.228	29.537	29.066	29.152	7719	0	47
2024.06.17	16:00:00	29.158	29.473	29.157	29.444	4378	0	47
2024.06.17	20:00:00	29.446	29.500	29.417	29.477	1011	0	47
2024.06.18	00:00:00	29.475	29.661	29.345	29.477	5153	0	47
2024.06.18	04:00:00	29.477	29.491	29.199	29.209	4572	0	47
2024.06.18	08:00:00	29.208	29.208	29.041	29.181	4637	0	47
2024.06.18	12:00:00	29.179	29.484	28.904	29.367	8921	0	47
2024.06.18	16:00:00	29.367	29.552	29.366	29.506	4424	0	47
2024.06.18	20:00:00	29.508	29.541	29.459	29.506	764	0	47
2024.06.19	00:00:00	29.506	29.526	29.340	29.405	3572	0	47
2024.06.19	04:00:00	29.403	29.559	29.324	29.555	3632	0	47
2024.06.19	08:00:00	29.554	29.640	29.426	29.485	3741	0	47
2024.06.19	12:00:00	29.484	29.645	29.368	29.634	6323	0	47
2024.06.19	16:00:00	29.633	29.722	29.633	29.682	1198	0	47
2024.06.19	20:00:00	29.750	29.772	29.728	29.746	727	0	47
2024.06.20	00:00:00	29.747	30.234	29.731	30.174	5279	0	47
2024.06.20	04:00:00	30.174	30.470	30.169	30.244	5798	0	47
2024.06.20	08:00:00	30.245	30.296	30.141	30.292	4994	0	47
2024.06.20	12:00:00	30.287	30.745	30.000	30.569	9335	0	47
2024.06.20	16:00:00	30.567	30.767	30.530	30.658	4323	0	47
2024.06.20	20:00:00	30.665	30.775	30.653	30.746	1417	0	47
2024.06.21	00:00:00	30.743	30.829	30.445	30.595	5357	0	47
2024.06.21	04:00:00	30.595	30.656	30.214	30.343	5017	0	47
2024.06.21	08:00:00	30.338	30.544	30.327	30.524	4492	0	47
2024.06.21	12:00:00	30.528	30.546	29.523	29.699	10139	0	47
2024.06.21	16:00:00	29.706	29.722	29.446	29.513	4941	0	47
2024.06.21	20:00:00	29.516	29.526	29.502	29.519	415	0	47
2024.06.23	20:00:00	29.495	29.500	29.325	29.373	873	0	47
2024.06.24	00:00:00	29.372	29.618	29.325	29.521	5622	0	47
2024.06.24	04:00:00	29.521	29.687	29.465	29.671	4306	0	47
2024.06.24	08:00:00	29.671	29.702	29.522	29.608	3751	0	47
2024.06.24	12:00:00	29.608	29.691	29.421	29.450	6912	0	47
2024.06.24	16:00:00	29.443	29.595	29.414	29.528	3664	0	47
2024.06.24	20:00:00	29.533	29.565	29.489	29.520	879	0	47
2024.06.25	00:00:00	29.520	29.556	29.230	29.427	5060	0	47
2024.06.25	04:00:00	29.428	29.640	29.399	29.443	4388	0	47
2024.06.25	08:00:00	29.442	29.634	29.368	29.471	4049	0	47
2024.06.25	12:00:00	29.471	29.600	28.877	29.012	8426	0	47
2024.06.25	16:00:00	29.010	29.031	28.821	28.885	3913	0	47
2024.06.25	20:00:00	28.883	28.959	28.841	28.850	1278	0	47
2024.06.26	00:00:00	28.850	28.961	28.680	28.900	5401	0	47
2024.06.26	04:00:00	28.901	28.960	28.761	28.952	4528	0	47
2024.06.26	08:00:00	28.952	29.051	28.766	28.907	4431	0	47
2024.06.26	12:00:00	28.912	29.032	28.550	28.845	8030	0	47
2024.06.26	16:00:00	28.843	28.928	28.704	28.775	3836	0	47
2024.06.26	20:00:00	28.775	28.776	28.661	28.693	1066	0	47
2024.06.27	00:00:00	28.693	28.809	28.670	28.751	4104	0	47
2024.06.27	04:00:00	28.751	28.792	28.668	28.745	3754	0	47
2024.06.27	08:00:00	28.745	28.922	28.688	28.901	4097	0	47
2024.06.27	12:00:00	28.901	29.229	28.898	28.972	8451	0	47
2024.06.27	16:00:00	28.965	28.983	28.842	28.930	3834	0	47
2024.06.27	20:00:00	28.926	28.988	28.910	28.988	743	0	47
2024.06.28	00:00:00	28.987	29.124	28.753	29.055	5034	0	47
2024.06.28	04:00:00	29.055	29.253	28.965	29.195	4429	0	47
2024.06.28	08:00:00	29.194	29.367	29.158	29.298	3974	0	47
2024.06.28	12:00:00	29.299	29.602	29.068	29.249	8640	0	47
2024.06.28	16:00:00	29.249	29.288	29.046	29.088	3957	0	47
2024.06.28	20:00:00	29.087	29.128	29.047	29.118	428	0	47
2024.06.30	20:00:00	29.088	29.130	29.058	29.072	759	0	47
2024.07.01	00:00:00	29.075	29.148	28.951	29.085	4595	0	47
2024.07.01	04:00:00	29.085	29.163	28.937	29.054	4134	0	47
2024.07.01	08:00:00	29.053	29.303	29.053	29.293	4176	0	47
2024.07.01	12:00:00	29.293	29.459	29.114	29.238	8152	0	47
2024.07.01	16:00:00	29.240	29.412	29.211	29.389	3358	0	47
2024.07.01	20:00:00	29.389	29.450	29.384	29.440	927	0	47
2024.07.02	00:00:00	29.443	29.460	29.266	29.270	3777	0	47
2024.07.02	04:00:00	29.270	29.411	29.212	29.313	3726	0	47
2024.07.02	08:00:00	29.313	29.358	29.196	29.224	3671	0	47
2024.07.02	12:00:00	29.226	29.799	29.179	29.431	8844	0	47
2024.07.02	16:00:00	29.427	29.543	29.296	29.526	3281	0	47
2024.07.02	20:00:00	29.523	29.583	29.488	29.564	836	0	47
2024.07.03	00:00:00	29.564	29.620	29.455	29.615	3485	0	47
2024.07.03	04:00:00	29.614	30.151	29.614	30.121	4500	0	47
2024.07.03	08:00:00	30.122	30.192	29.991	30.145	4514	0	47
2024.07.03	12:00:00	30.152	30.649	30.152	30.550	9338	0	47
2024.07.03	16:00:00	30.550	30.560	30.403	30.426	3185	0	47
2024.07.03	20:00:00	30.426	30.530	30.425	30.507	724	0	47
2024.07.04	00:00:00	30.507	30.564	30.340	30.359	3550	0	47
2024.07.04	04:00:00	30.359	30.421	30.180	30.328	3742	0	47
2024.07.04	08:00:00	30.328	30.409	30.292	30.297	2819	0	47
2024.07.04	12:00:00	30.295	30.503	30.234	30.389	5191	0	47
2024.07.04	16:00:00	30.388	30.420	30.359	30.385	570	0	47
2024.07.04	20:00:00	30.343	30.369	30.328	30.348	706	0	47
2024.07.05	00:00:00	30.349	30.578	30.334	30.525	4523	0	47
2024.07.05	04:00:00	30.525	30.673	30.484	30.563	4256	0	47
2024.07.05	08:00:00	30.564	30.618	30.496	30.594	4081	0	47
2024.07.05	12:00:00	30.594	31.367	30.124	31.364	10784	0	47
2024.07.05	16:00:00	31.361	31.467	31.165	31.193	5743	0	47
2024.07.05	20:00:00	31.189	31.213	31.173	31.195	444	0	47
2024.07.07	20:00:00	31.209	31.247	31.063	31.090	1041	0	47
2024.07.08	00:00:00	31.090	31.349	30.964	31.042	5503	0	47
2024.07.08	04:00:00	31.044	31.088	30.804	30.948	4366	0	47
2024.07.08	08:00:00	30.948	31.052	30.860	31.051	4153	0	47
2024.07.08	12:00:00	31.049	31.201	30.536	30.618	8042	0	47
2024.07.08	16:00:00	30.611	30.796	30.412	30.775	4431	0	47
2024.07.08	20:00:00	30.779	30.852	30.713	30.834	983	0	47
2024.07.09	00:00:00	30.837	30.964	30.781	30.960	5319	0	47
2024.07.09	04:00:00	30.960	31.085	30.904	30.958	4466	0	47
2024.07.09	08:00:00	30.959	31.127	30.911	31.011	3820	0	47
2024.07.09	12:00:00	31.011	31.104	30.491	30.749	9361	0	47
2024.07.09	16:00:00	30.750	30.832	30.704	30.778	4170	0	47
2024.07.09	20:00:00	30.774	30.811	30.752	30.781	769	0	47
2024.07.10	00:00:00	30.775	30.955	30.734	30.800	4535	0	47
2024.07.10	04:00:00	30.800	30.950	30.657	30.909	4405	0	47
2024.07.10	08:00:00	30.903	31.048	30.875	31.032	3911	0	47
2024.07.10	12:00:00	31.035	31.142	30.750	30.872	8085	0	47
2024.07.10	16:00:00	30.878	30.935	30.628	30.809	4275	0	47
2024.07.10	20:00:00	30.809	30.837	30.781	30.837	811	0	47
2024.07.11	00:00:00	30.837	31.010	30.798	30.993	3836	0	47
2024.07.11	04:00:00	30.993	31.083	30.860	30.905	3630	0	47
2024.07.11	08:00:00	30.904	31.059	30.856	30.898	3177	0	47
2024.07.11	12:00:00	30.902	31.730	30.865	31.394	11148	0	47
2024.07.11	16:00:00	31.389	31.498	31.270	31.414	4917	0	47
2024.07.11	20:00:00	31.409	31.430	31.333	31.379	1436	0	47
2024.07.12	00:00:00	31.376	31.381	31.128	31.172	4907	0	47
2024.07.12	04:00:00	31.172	31.206	30.641	30.719	5417	0	47
2024.07.12	08:00:00	30.714	30.858	30.642	30.715	4686	0	47
2024.07.12	12:00:00	30.720	30.962	30.366	30.888	9904	0	47
2024.07.12	16:00:00	30.888	30.978	30.742	30.768	3964	0	47
2024.07.12	20:00:00	30.768	30.780	30.713	30.771	442	0	47
2024.07.14	20:00:00	30.753	30.777	30.544	30.604	1417	0	47
2024.07.15	00:00:00	30.605	30.926	30.543	30.913	4593	0	47
2024.07.15	04:00:00	30.914	30.986	30.570	30.682	4600	0	47
2024.07.15	08:00:00	30.688	30.811	30.629	30.765	4095	0	47
2024.07.15	12:00:00	30.768	31.066	30.505	30.929	8565	0	47
2024.07.15	16:00:00	30.928	31.072	30.595	30.662	5555	0	47
2024.07.15	20:00:00	30.663	30.678	30.577	30.599	883	0	47
2024.07.16	00:00:00	30.595	30.854	30.539	30.797	4281	0	47
2024.07.16	04:00:00	30.797	30.861	30.720	30.785	4029	0	47
2024.07.16	08:00:00	30.786	30.889	30.656	30.787	4025	0	47
2024.07.16	12:00:00	30.788	31.380	30.465	31.314	9566	0	47
2024.07.16	16:00:00	31.319	31.334	31.100	31.300	5172	0	47
2024.07.16	20:00:00	31.303	31.320	31.186	31.246	1263	0	47
2024.07.17	00:00:00	31.246	31.408	31.001	31.071	5865	0	47
2024.07.17	04:00:00	31.070	31.119	30.704	30.914	5784	0	47
2024.07.17	08:00:00	30.914	31.023	30.842	30.959	5813	0	47
2024.07.17	12:00:00	30.960	31.038	30.140	30.283	9973	0	47
2024.07.17	16:00:00	30.286	30.312	30.027	30.271	5642	0	47
2024.07.17	20:00:00	30.279	30.386	30.260	30.368	1291	0	47
2024.07.18	00:00:00	30.368	30.428	30.221	30.390	4752	0	47
2024.07.18	04:00:00	30.390	30.527	30.330	30.480	4614	0	47
2024.07.18	08:00:00	30.482	30.573	30.349	30.352	4056	0	47
2024.07.18	12:00:00	30.353	30.440	29.984	29.988	9105	0	47
2024.07.18	16:00:00	29.988	30.086	29.722	29.773	6002	0	47
2024.07.18	20:00:00	29.774	29.832	29.713	29.713	1238	0	47
2024.07.19	00:00:00	29.709	29.713	29.360	29.644	6551	0	47
2024.07.19	04:00:00	29.646	29.660	29.169	29.268	5430	0	47
2024.07.19	08:00:00	29.267	29.351	29.027	29.066	5660	0	47
2024.07.19	12:00:00	29.064	29.266	28.852	29.204	9612	0	47
2024.07.19	16:00:00	29.209	29.221	29.062	29.197	4475	0	47
2024.07.19	20:00:00	29.197	29.202	29.174	29.194	402	0	47
2024.07.21	20:00:00	29.251	29.408	29.220	29.398	1079	0	47
2024.07.22	00:00:00	29.397	29.399	29.042	29.120	5326	0	47
2024.07.22	04:00:00	29.120	29.135	28.894	29.018	5190	0	47
2024.07.22	08:00:00	29.018	29.118	28.868	28.870	4034	0	47
2024.07.22	12:00:00	28.873	29.007	28.724	28.953	8622	0	47
2024.07.22	16:00:00	28.955	29.173	28.955	29.157	3873	0	47
2024.07.22	20:00:00	29.157	29.158	29.011	29.052	938	0	47
2024.07.23	00:00:00	29.054	29.280	28.946	29.004	5222	0	47
2024.07.23	04:00:00	29.006	29.018	28.644	28.815	5526	0	47
2024.07.23	08:00:00	28.815	29.124	28.802	29.039	4980	0	47
2024.07.23	12:00:00	29.039	29.188	28.917	29.070	7690	0	47
2024.07.23	16:00:00	29.074	29.204	29.027	29.194	3611	0	47
2024.07.23	20:00:00	29.193	29.223	29.146	29.176	1082	0	47
2024.07.24	00:00:00	29.177	29.343	29.050	29.287	5504	0	47
2024.07.24	04:00:00	29.286	29.348	29.170	29.225	5263	0	47
2024.07.24	08:00:00	29.225	29.367	29.137	29.344	3778	0	47
2024.07.24	12:00:00	29.349	29.428	29.164	29.272	8247	0	47
2024.07.24	16:00:00	29.272	29.274	28.916	28.922	5129	0	47
2024.07.24	20:00:00	28.926	28.931	28.786	28.869	1955	0	47
2024.07.25	00:00:00	28.871	28.888	27.778	27.894	8356	0	47
2024.07.25	04:00:00	27.894	28.091	27.716	27.897	6574	0	47
2024.07.25	08:00:00	27.893	28.015	27.491	27.547	6370	0	47
2024.07.25	12:00:00	27.547	27.962	27.396	27.886	10553	0	47
2024.07.25	16:00:00	27.886	27.954	27.718	27.809	5463	0	47
2024.07.25	20:00:00	27.812	27.851	27.750	27.816	1345	0	47
2024.07.26	00:00:00	27.819	28.050	27.596	27.765	5687	0	47
2024.07.26	04:00:00	27.766	27.874	27.566	27.653	5171	0	47
2024.07.26	08:00:00	27.655	27.789	27.651	27.740	3783	0	47
2024.07.26	12:00:00	27.740	27.915	27.591	27.797	8744	0	47
2024.07.26	16:00:00	27.795	27.935	27.746	27.878	4146	0	47
2024.07.26	20:00:00	27.886	27.921	27.875	27.903	457	0	47
2024.07.28	20:00:00	27.964	28.118	27.963	28.099	1427	0	47
2024.07.29	00:00:00	28.104	28.172	27.880	28.077	5791	0	47
2024.07.29	04:00:00	28.074	28.153	27.945	27.989	4611	0	47
2024.07.29	08:00:00	27.988	28.156	27.916	28.010	4841	0	47
2024.07.29	12:00:00	28.011	28.058	27.286	27.535	8651	0	47
2024.07.29	16:00:00	27.537	27.892	27.509	27.858	4911	0	47
2024.07.29	20:00:00	27.853	27.884	27.794	27.800	973	0	47
2024.07.30	00:00:00	27.803	27.874	27.608	27.821	5264	0	47
2024.07.30	04:00:00	27.822	27.966	27.822	27.916	5227	0	47
2024.07.30	08:00:00	27.920	27.973	27.754	27.766	4257	0	47
2024.07.30	12:00:00	27.766	28.113	27.746	27.955	8378	0	47
2024.07.30	16:00:00	27.955	28.392	27.944	28.284	5639	0	47
2024.07.30	20:00:00	28.281	28.389	28.280	28.331	1488	0	47
2024.07.31	00:00:00	28.331	28.610	28.221	28.574	5796	0	47
2024.07.31	04:00:00	28.577	28.672	28.485	28.535	5078	0	47
2024.07.31	08:00:00	28.533	28.668	28.439	28.664	3985	0	47
2024.07.31	12:00:00	28.664	28.857	28.571	28.765	8388	0	47
2024.07.31	16:00:00	28.764	29.013	28.561	28.907	7161	0	47
2024.07.31	20:00:00	28.911	29.074	28.902	29.025	1776	0	47
2024.08.01	00:00:00	29.025	29.138	28.773	28.875	6208	0	47
2024.08.01	04:00:00	28.875	28.981	28.789	28.795	5300	0	47
2024.08.01	08:00:00	28.796	28.971	28.714	28.928	5152	0	47
2024.08.01	12:00:00	28.932	29.117	28.370	28.417	9737	0	47
2024.08.01	16:00:00	28.421	28.506	28.198	28.500	6495	0	47
2024.08.01	20:00:00	28.495	28.524	28.401	28.482	1957	0	47
2024.08.02	00:00:00	28.482	28.914	28.161	28.763	6762	0	47
2024.08.02	04:00:00	28.761	28.975	28.738	28.880	6101	0	47
2024.08.02	08:00:00	28.883	28.955	28.828	28.878	5083	0	47
2024.08.02	12:00:00	28.878	29.201	27.923	28.309	12347	0	47
2024.08.02	16:00:00	28.307	28.530	28.222	28.510	7239	0	47
2024.08.02	20:00:00	28.506	28.544	28.475	28.534	725	0	47
2024.08.04	20:00:00	28.467	28.611	28.431	28.487	1939	0	47
2024.08.05	00:00:00	28.487	28.610	27.984	28.570	8725	0	47
2024.08.05	04:00:00	28.570	28.651	28.010	28.103	8310	0	47
2024.08.05	08:00:00	28.103	28.109	26.560	26.659	9010	0	47
2024.08.05	12:00:00	26.652	27.399	26.483	27.153	13280	0	47
2024.08.05	16:00:00	27.151	27.318	27.002	27.200	7377	0	47
2024.08.05	20:00:00	27.196	27.275	27.174	27.237	2230	0	47
2024.08.06	00:00:00	27.236	27.546	27.121	27.227	6899	0	47
2024.08.06	04:00:00	27.227	27.282	26.578	26.924	7599	0	47
2024.08.06	08:00:00	26.928	27.091	26.897	27.012	6101	0	47
2024.08.06	12:00:00	27.013	27.240	26.633	27.070	10101	0	47
2024.08.06	16:00:00	27.070	27.190	26.969	26.981	5732	0	47
2024.08.06	20:00:00	26.975	26.988	26.741	26.809	1840	0	47
2024.08.07	00:00:00	26.808	27.137	26.768	27.084	6660	0	47
2024.08.07	04:00:00	27.086	27.245	26.828	26.879	5973	0	47
2024.08.07	08:00:00	26.879	27.140	26.838	27.107	5152	0	47
2024.08.07	12:00:00	27.112	27.129	26.824	26.949	8424	0	47
2024.08.07	16:00:00	26.950	26.961	26.556	26.647	6127	0	47
2024.08.07	20:00:00	26.646	26.738	26.422	26.628	2076	0	47
2024.08.08	00:00:00	26.630	26.932	26.591	26.912	6144	0	47
2024.08.08	04:00:00	26.907	26.943	26.730	26.804	5512	0	47
2024.08.08	08:00:00	26.804	27.067	26.763	27.036	5004	0	47
2024.08.08	12:00:00	27.035	27.581	26.895	27.392	9438	0	47
2024.08.08	16:00:00	27.390	27.577	27.381	27.394	5683	0	47
2024.08.08	20:00:00	27.396	27.532	27.393	27.522	1428	0	47
2024.08.09	00:00:00	27.522	27.736	27.403	27.627	5979	0	47
2024.08.09	04:00:00	27.627	27.655	27.389	27.469	5289	0	47
2024.08.09	08:00:00	27.469	27.583	27.418	27.467	4466	0	47
2024.08.09	12:00:00	27.467	27.639	27.237	27.404	7634	0	47
2024.08.09	16:00:00	27.407	27.520	27.335	27.380	4673	0	47
2024.08.09	20:00:00	27.378	27.449	27.369	27.437	441	0	47
2024.08.11	20:00:00	27.401	27.430	27.272	27.314	997	0	47
2024.08.12	00:00:00	27.313	27.441	27.203	27.359	4609	0	47
2024.08.12	04:00:00	27.360	27.923	27.349	27.911	4820	0	47
2024.08.12	08:00:00	27.911	27.977	27.792	27.871	4196	0	47
2024.08.12	12:00:00	27.871	27.926	27.510	27.862	8365	0	47
2024.08.12	16:00:00	27.864	28.018	27.826	27.919	4784	0	47
2024.08.12	20:00:00	27.920	28.002	27.916	27.991	1210	0	47
2024.08.13	00:00:00	27.991	28.027	27.641	27.693	5045	0	47
2024.08.13	04:00:00	27.693	27.793	27.606	27.761	3918	0	47
2024.08.13	08:00:00	27.761	27.799	27.655	27.772	3707	0	47
2024.08.13	12:00:00	27.771	27.851	27.432	27.610	8004	0	47
2024.08.13	16:00:00	27.608	27.840	27.606	27.824	3104	0	47
2024.08.13	20:00:00	27.825	27.859	27.785	27.816	501	0	47
2024.08.14	00:00:00	27.820	27.979	27.527	27.685	4083	0	47
2024.08.14	04:00:00	27.683	27.910	27.650	27.856	2887	0	47
2024.08.14	08:00:00	27.855	27.986	27.821	27.892	2160	0	47
2024.08.14	12:00:00	27.888	28.048	27.360	27.442	7832	0	47
2024.08.14	16:00:00	27.441	27.581	27.156	27.498	3221	0	47
2024.08.14	20:00:00	27.499	27.572	27.494	27.563	512	0	47
2024.08.15	00:00:00	27.567	27.706	27.464	27.695	3683	0	47
2024.08.15	04:00:00	27.699	28.043	27.636	28.034	2913	0	47
2024.08.15	08:00:00	28.032	28.275	27.970	28.265	2069	0	47
2024.08.15	12:00:00	28.269	28.461	27.740	28.448	8288	0	47
2024.08.15	16:00:00	28.453	28.498	28.249	28.309	3094	0	47
2024.08.15	20:00:00	28.313	28.372	28.271	28.338	596	0	47
2024.08.16	00:00:00	28.335	28.411	28.095	28.132	3546	0	47
2024.08.16	04:00:00	28.133	28.281	28.068	28.244	2990	0	47
2024.08.16	08:00:00	28.247	28.271	28.023	28.219	2577	0	47
2024.08.16	12:00:00	28.223	28.469	28.171	28.435	6953	0	47
2024.08.16	16:00:00	28.440	28.952	28.430	28.945	3857	0	47
2024.08.16	20:00:00	28.942	28.986	28.922	28.980	393	0	47
2024.08.18	20:00:00	28.998	29.007	28.865	28.979	742	0	47
2024.08.19	00:00:00	28.982	29.100	28.706	28.984	4697	0	47
2024.08.19	04:00:00	28.983	29.113	28.912	28.978	3514	0	47
2024.08.19	08:00:00	28.971	29.029	28.792	28.968	2886	0	47
2024.08.19	12:00:00	28.970	29.443	28.880	29.315	6171	0	47
2024.08.19	16:00:00	29.317	29.380	29.168	29.375	2785	0	47
2024.08.19	20:00:00	29.374	29.476	29.354	29.387	598	0	47
2024.08.20	00:00:00	29.392	29.446	29.183	29.295	3526	0	47
2024.08.20	04:00:00	29.299	29.591	29.271	29.591	3158	0	47
2024.08.20	08:00:00	29.593	29.815	29.526	29.810	3557	0	47
2024.08.20	12:00:00	29.814	29.948	29.379	29.414	7393	0	47
2024.08.20	16:00:00	29.415	29.508	29.271	29.420	3159	0	47
2024.08.20	20:00:00	29.421	29.470	29.411	29.422	403	0	47
2024.08.21	00:00:00	29.424	29.547	29.316	29.514	3345	0	47
2024.08.21	04:00:00	29.515	29.575	29.401	29.412	2858	0	47
2024.08.21	08:00:00	29.408	29.631	29.401	29.627	2769	0	47
2024.08.21	12:00:00	29.625	29.648	29.197	29.499	6644	0	47
2024.08.21	16:00:00	29.496	29.714	29.382	29.512	3877	0	47
2024.08.21	20:00:00	29.516	29.619	29.476	29.583	689	0	47
2024.08.22	00:00:00	29.587	29.624	29.317	29.422	3625	0	47
2024.08.22	04:00:00	29.424	29.543	29.335	29.468	3358	0	47
2024.08.22	08:00:00	29.470	29.650	29.420	29.475	3015	0	47
2024.08.22	12:00:00	29.477	29.657	28.854	29.072	7440	0	47
2024.08.22	16:00:00	29.069	29.218	28.765	28.915	3654	0	47
2024.08.22	20:00:00	28.910	29.023	28.902	29.022	568	0	47
2024.08.23	00:00:00	29.019	29.177	28.993	29.168	3256	0	47
2024.08.23	04:00:00	29.169	29.329	29.165	29.320	2677	0	47
2024.08.23	08:00:00	29.315	29.464	29.307	29.429	2443	0	47
2024.08.23	12:00:00	29.424	29.864	29.170	29.671	7901	0	47
2024.08.23	16:00:00	29.678	29.849	29.533	29.806	3869	0	47
2024.08.23	20:00:00	29.797	29.819	29.790	29.808	265	0	47
2024.08.25	20:00:00	29.865	29.910	29.784	29.892	832	0	41
2024.08.26	00:00:00	29.891	29.909	29.636	29.668	3952	0	41
2024.08.26	04:00:00	29.669	30.087	29.642	30.085	3096	0	41
2024.08.26	08:00:00	30.078	30.169	29.977	30.104	2884	0	41
2024.08.26	12:00:00	30.101	30.140	29.716	29.810	6065	0	41
2024.08.26	16:00:00	29.807	30.004	29.772	29.929	2898	0	41
2024.08.26	20:00:00	29.924	29.934	29.851	29.851	486	0	41
2024.08.27	00:00:00	29.847	29.954	29.750	29.884	3380	0	41
2024.08.27	04:00:00	29.885	30.062	29.774	29.777	3063	0	41
2024.08.27	08:00:00	29.773	29.969	29.768	29.963	2805	0	41
2024.08.27	12:00:00	29.966	30.036	29.686	29.867	6117	0	41
2024.08.27	16:00:00	29.865	30.068	29.850	29.978	2717	0	41
2024.08.27	20:00:00	29.971	30.083	29.921	29.997	800	0	41
2024.08.28	00:00:00	29.999	30.027	29.749	29.849	2821	0	41
2024.08.28	04:00:00	29.852	29.853	29.331	29.488	2581	0	41
2024.08.28	08:00:00	29.486	29.590	29.301	29.334	2928	0	41
2024.08.28	12:00:00	29.335	29.421	29.166	29.327	5629	0	41
2024.08.28	16:00:00	29.326	29.331	29.060	29.218	3138	0	41
2024.08.28	20:00:00	29.224	29.236	29.103	29.168	751	0	41
2024.08.29	00:00:00	29.167	29.454	29.167	29.446	3257	0	41
2024.08.29	04:00:00	29.448	29.664	29.385	29.659	2901	0	41
2024.08.29	08:00:00	29.662	29.662	29.443	29.459	3258	0	41
2024.08.29	12:00:00	29.458	29.623	29.175	29.483	6653	0	41
2024.08.29	16:00:00	29.486	29.586	29.361	29.368	3970	0	41
2024.08.29	20:00:00	29.371	29.411	29.355	29.363	1006	0	41
2024.08.30	00:00:00	29.363	29.493	29.305	29.321	4572	0	41
2024.08.30	04:00:00	29.321	29.543	29.306	29.504	4591	0	41
2024.08.30	08:00:00	29.503	29.569	29.400	29.487	3932	0	41
2024.08.30	12:00:00	29.486	29.568	28.812	28.943	9506	0	41
2024.08.30	16:00:00	28.938	28.976	28.671	28.839	5831	0	41
2024.08.30	20:00:00	28.837	28.850	28.824	28.840	409	0	41
2024.09.01	20:00:00	28.781	28.856	28.780	28.852	787	0	41
2024.09.02	00:00:00	28.851	28.951	28.306	28.431	5065	0	41
2024.09.02	04:00:00	28.430	28.490	28.343	28.475	4223	0	41
2024.09.02	08:00:00	28.474	28.651	28.473	28.588	3843	0	41
2024.09.02	12:00:00	28.588	28.629	28.441	28.522	5372	0	41
2024.09.02	16:00:00	28.522	28.532	28.479	28.496	767	0	41
2024.09.02	20:00:00	28.518	28.539	28.484	28.503	447	0	41
2024.09.03	00:00:00	28.503	28.549	28.267	28.413	4935	0	41
2024.09.03	04:00:00	28.413	28.492	28.317	28.442	4712	0	41
2024.09.03	08:00:00	28.437	28.473	28.140	28.221	4912	0	41
2024.09.03	12:00:00	28.219	28.434	27.693	27.961	9753	0	41
2024.09.03	16:00:00	27.961	28.054	27.898	28.012	4525	0	41
2024.09.03	20:00:00	28.010	28.058	27.995	28.042	932	0	41
2024.09.04	00:00:00	28.041	28.054	27.862	27.989	4675	0	41
2024.09.04	04:00:00	27.989	28.055	27.807	27.854	4672	0	41
2024.09.04	08:00:00	27.855	28.077	27.751	28.035	5565	0	41
2024.09.04	12:00:00	28.035	28.338	28.000	28.146	8694	0	41
2024.09.04	16:00:00	28.145	28.252	28.082	28.133	4271	0	41
2024.09.04	20:00:00	28.128	28.260	28.119	28.250	1042	0	41
2024.09.05	00:00:00	28.250	28.389	28.199	28.199	4157	0	41
2024.09.05	04:00:00	28.199	28.382	28.191	28.382	4528	0	41
2024.09.05	08:00:00	28.382	28.761	28.375	28.631	5130	0	41
2024.09.05	12:00:00	28.631	29.158	28.623	28.701	9518	0	41
2024.09.05	16:00:00	28.703	28.837	28.642	28.740	4640	0	41
2024.09.05	20:00:00	28.740	28.836	28.740	28.817	974	0	41
2024.09.06	00:00:00	28.817	28.828	28.658	28.769	4289	0	41
2024.09.06	04:00:00	28.769	28.885	28.686	28.784	4630	0	41
2024.09.06	08:00:00	28.783	28.869	28.736	28.760	4148	0	41
2024.09.06	12:00:00	28.761	29.094	28.185	28.225	11486	0	41
2024.09.06	16:00:00	28.220	28.233	27.665	27.901	8129	0	41
2024.09.06	20:00:00	27.901	27.917	27.871	27.916	528	0	41
2024.09.08	20:00:00	27.954	28.010	27.922	27.962	815	0	41
2024.09.09	00:00:00	27.962	28.101	27.756	28.063	5378	0	41
2024.09.09	04:00:00	28.062	28.081	27.684	28.069	5233	0	41
2024.09.09	08:00:00	28.071	28.177	27.993	28.095	3882	0	41
2024.09.09	12:00:00	28.095	28.337	28.024	28.242	7790	0	41
2024.09.09	16:00:00	28.241	28.345	28.223	28.310	4266	0	41
2024.09.09	20:00:00	28.312	28.346	28.309	28.330	761	0	41
2024.09.10	00:00:00	28.330	28.393	28.213	28.271	4790	0	41
2024.09.10	04:00:00	28.270	28.480	28.205	28.394	4643	0	41
2024.09.10	08:00:00	28.394	28.453	28.253	28.417	4311	0	41
2024.09.10	12:00:00	28.417	28.534	28.009	28.221	8444	0	41
2024.09.10	16:00:00	28.222	28.424	28.161	28.420	4437	0	41
2024.09.10	20:00:00	28.420	28.422	28.372	28.422	769	0	41
2024.09.11	00:00:00	28.422	28.558	28.293	28.445	4952	0	41
2024.09.11	04:00:00	28.445	28.851	28.415	28.723	5231	0	41
2024.09.11	08:00:00	28.723	28.826	28.713	28.815	3960	0	41
2024.09.11	12:00:00	28.814	28.835	28.051	28.582	10828	0	41
2024.09.11	16:00:00	28.582	28.708	28.520	28.607	5483	0	41
2024.09.11	20:00:00	28.609	28.717	28.608	28.658	1055	0	41
2024.09.12	00:00:00	28.655	28.769	28.514	28.691	4888	0	41
2024.09.12	04:00:00	28.693	28.857	28.683	28.823	4498	0	41
2024.09.12	08:00:00	28.817	28.892	28.696	28.775	4251	0	41
2024.09.12	12:00:00	28.776	29.703	28.733	29.682	10170	0	41
2024.09.12	16:00:00	29.682	29.890	29.605	29.869	6435	0	41
2024.09.12	20:00:00	29.867	29.929	29.813	29.902	1528	0	41
2024.09.13	00:00:00	29.903	30.044	29.832	29.923	5519	0	41
2024.09.13	04:00:00	29.923	30.085	29.858	30.052	5173	0	41
2024.09.13	08:00:00	30.055	30.147	29.919	30.028	4860	0	41
2024.09.13	12:00:00	30.028	30.877	30.010	30.870	8960	0	41
2024.09.13	16:00:00	30.873	30.904	30.522	30.708	5517	0	41
2024.09.13	20:00:00	30.708	30.722	30.687	30.701	595	0	41
2024.09.15	20:00:00	30.744	30.982	30.696	30.845	1180	0	41
2024.09.16	00:00:00	30.846	30.983	30.805	30.976	2803	0	41
2024.09.16	04:00:00	30.976	31.075	30.737	30.778	3850	0	41
2024.09.16	08:00:00	30.777	30.984	30.777	30.908	5084	0	41
2024.09.16	12:00:00	30.908	31.005	30.576	30.703	8387	0	41
2024.09.16	16:00:00	30.707	30.835	30.662	30.751	4056	0	41
2024.09.16	20:00:00	30.753	30.754	30.700	30.734	969	0	41
2024.09.17	00:00:00	30.730	30.859	30.656	30.781	2858	0	41
2024.09.17	04:00:00	30.781	30.860	30.697	30.736	3573	0	41
2024.09.17	08:00:00	30.737	30.803	30.618	30.773	4318	0	41
2024.09.17	12:00:00	30.773	30.970	30.557	30.676	8981	0	41
2024.09.17	16:00:00	30.673	30.704	30.495	30.641	5449	0	41
2024.09.17	20:00:00	30.642	30.765	30.637	30.712	1072	0	41
2024.09.18	00:00:00	30.712	30.735	30.330	30.453	5441	0	41
2024.09.18	04:00:00	30.456	30.625	30.328	30.611	4644	0	41
2024.09.18	08:00:00	30.610	30.651	30.516	30.596	3413	0	41
2024.09.18	12:00:00	30.596	30.659	30.295	30.367	7496	0	41
2024.09.18	16:00:00	30.367	31.217	29.686	29.855	11395	0	41
2024.09.18	20:00:00	29.849	30.208	29.840	30.162	2854	0	41
2024.09.19	00:00:00	30.162	30.379	29.890	30.345	7387	0	41
2024.09.19	04:00:00	30.346	31.176	30.312	31.174	6943	0	41
2024.09.19	08:00:00	31.170	31.281	31.048	31.184	6430	0	41
2024.09.19	12:00:00	31.184	31.242	30.601	31.055	10308	0	41
2024.09.19	16:00:00	31.059	31.119	30.786	30.798	5516	0	41
2024.09.19	20:00:00	30.797	30.830	30.741	30.760	1271	0	41
2024.09.20	00:00:00	30.759	31.123	30.712	31.029	5590	0	41
2024.09.20	04:00:00	31.029	31.241	30.985	31.159	5578	0	41
2024.09.20	08:00:00	31.155	31.324	31.081	31.293	5134	0	41
2024.09.20	12:00:00	31.294	31.411	30.882	31.249	10107	0	41
2024.09.20	16:00:00	31.249	31.330	31.021	31.132	6377	0	41
2024.09.20	20:00:00	31.129	31.153	31.069	31.149	565	0	41
2024.09.22	20:00:00	31.142	31.151	31.035	31.080	737	0	41
2024.09.23	00:00:00	31.080	31.164	30.931	31.042	4769	0	41
2024.09.23	04:00:00	31.042	31.129	30.384	30.445	5766	0	41
2024.09.23	08:00:00	30.445	30.739	30.337	30.732	5362	0	41
2024.09.23	12:00:00	30.732	30.997	30.647	30.732	9213	0	41
2024.09.23	16:00:00	30.732	30.808	30.610	30.651	5138	0	41
2024.09.23	20:00:00	30.651	30.700	30.639	30.661	898	0	41
2024.09.24	00:00:00	30.661	31.101	30.632	31.061	5637	0	41
2024.09.24	04:00:00	31.061	31.164	30.658	30.868	6564	0	41
2024.09.24	08:00:00	30.868	30.985	30.744	30.852	5016	0	41
2024.09.24	12:00:00	30.854	31.714	30.785	31.708	10023	0	41
2024.09.24	16:00:00	31.710	32.248	31.700	32.200	7497	0	41
2024.09.24	20:00:00	32.197	32.226	32.071	32.134	1581	0	41
2024.09.25	00:00:00	32.133	32.262	31.870	31.947	7204	0	41
2024.09.25	04:00:00	31.951	31.957	31.668	31.791	6414	0	41
2024.09.25	08:00:00	31.797	31.912	31.705	31.893	4819	0	41
2024.09.25	12:00:00	31.893	32.229	31.721	31.848	9755	0	41
2024.09.25	16:00:00	31.841	31.894	31.549	31.818	5879	0	41
2024.09.25	20:00:00	31.824	31.844	31.778	31.809	1359	0	41
2024.09.26	00:00:00	31.809	31.957	31.736	31.878	5347	0	41
2024.09.26	04:00:00	31.878	32.087	31.785	32.046	5512	0	41
2024.09.26	08:00:00	32.046	32.694	32.040	32.600	6412	0	41
2024.09.26	12:00:00	32.603	32.618	31.725	32.189	12883	0	41
2024.09.26	16:00:00	32.188	32.188	31.888	32.075	6900	0	41
2024.09.26	20:00:00	32.076	32.080	31.951	31.961	1047	0	41
2024.09.27	00:00:00	31.961	31.971	31.659	31.933	6602	0	41
2024.09.27	04:00:00	31.933	31.980	31.565	31.772	6258	0	41
2024.09.27	08:00:00	31.772	32.040	31.687	31.977	5614	0	41
2024.09.27	12:00:00	31.978	32.277	31.569	31.651	11017	0	41
2024.09.27	16:00:00	31.651	31.664	31.343	31.611	7009	0	41
2024.09.27	20:00:00	31.606	31.643	31.581	31.615	573	0	41
2024.09.29	20:00:00	31.723	31.823	31.665	31.731	1385	0	41
2024.09.30	00:00:00	31.733	31.835	31.232	31.488	7282	0	41
2024.09.30	04:00:00	31.488	31.697	31.372	31.411	5245	0	41
2024.09.30	08:00:00	31.418	31.523	31.027	31.275	6223	0	41
2024.09.30	12:00:00	31.277	31.380	30.917	31.144	9123	0	41
2024.09.30	16:00:00	31.145	31.269	30.864	31.138	6644	0	41
2024.09.30	20:00:00	31.139	31.222	31.095	31.222	1090	0	41
2024.10.01	00:00:00	31.223	31.341	31.178	31.312	2831	0	41
2024.10.01	04:00:00	31.312	31.461	31.241	31.381	4102	0	41
2024.10.01	08:00:00	31.383	31.436	31.258	31.339	5087	0	41
2024.10.01	12:00:00	31.338	31.830	31.275	31.542	10797	0	41
2024.10.01	16:00:00	31.536	31.666	31.286	31.325	7391	0	41
2024.10.01	20:00:00	31.325	31.422	31.308	31.345	1087	0	41
2024.10.02	00:00:00	31.351	31.431	31.280	31.304	3620	0	41
2024.10.02	04:00:00	31.300	31.553	30.981	31.544	5235	0	41
2024.10.02	08:00:00	31.550	31.561	31.376	31.407	4898	0	41
2024.10.02	12:00:00	31.408	32.285	31.392	31.687	10446	0	41
2024.10.02	16:00:00	31.687	31.826	31.578	31.790	5473	0	41
2024.10.02	20:00:00	31.788	31.878	31.788	31.830	1097	0	41
2024.10.03	00:00:00	31.830	31.846	31.549	31.632	3558	0	41
2024.10.03	04:00:00	31.632	31.710	31.392	31.461	4967	0	41
2024.10.03	08:00:00	31.460	31.589	31.421	31.500	5603	0	41
2024.10.03	12:00:00	31.499	31.952	31.447	31.834	10204	0	41
2024.10.03	16:00:00	31.832	32.192	31.808	32.033	5499	0	41
2024.10.03	20:00:00	32.036	32.066	31.989	32.026	820	0	41
2024.10.04	00:00:00	32.026	32.200	31.964	32.096	3241	0	41
2024.10.04	04:00:00	32.091	32.256	31.985	32.076	4318	0	41
2024.10.04	08:00:00	32.073	32.155	31.949	32.148	4623	0	41
2024.10.04	12:00:00	32.148	32.941	31.484	32.454	13050	0	41
2024.10.04	16:00:00	32.461	32.485	32.024	32.174	6765	0	41
2024.10.04	20:00:00	32.172	32.188	32.139	32.176	526	0	41
2024.10.06	20:00:00	32.259	32.325	32.165	32.198	1031	0	41
2024.10.07	00:00:00	32.197	32.280	32.030	32.085	4534	0	41
2024.10.07	04:00:00	32.085	32.107	31.800	31.965	4583	0	41
2024.10.07	08:00:00	31.967	32.037	31.829	31.937	5218	0	41
2024.10.07	12:00:00	31.944	31.946	31.395	31.675	9534	0	41
2024.10.07	16:00:00	31.674	31.819	31.624	31.701	4880	0	41
2024.10.07	20:00:00	31.695	31.704	31.595	31.626	1213	0	41
2024.10.08	00:00:00	31.626	31.755	31.000	31.379	8298	0	41
2024.10.08	04:00:00	31.377	31.540	31.043	31.071	6708	0	41
2024.10.08	08:00:00	31.077	31.387	30.980	31.344	5994	0	41
2024.10.08	12:00:00	31.344	31.435	30.102	30.357	11797	0	41
2024.10.08	16:00:00	30.358	30.701	30.198	30.670	6472	0	41
2024.10.08	20:00:00	30.676	30.714	30.623	30.650	1423	0	41
2024.10.09	00:00:00	30.650	30.729	30.443	30.549	6106	0	41
2024.10.09	04:00:00	30.549	30.749	30.394	30.494	5972	0	41
2024.10.09	08:00:00	30.494	30.760	30.464	30.656	5200	0	41
2024.10.09	12:00:00	30.654	30.736	30.201	30.547	9394	0	41
2024.10.09	16:00:00	30.547	30.583	30.352	30.522	4975	0	41
2024.10.09	20:00:00	30.528	30.529	30.426	30.480	1100	0	41
2024.10.10	00:00:00	30.481	30.635	30.341	30.467	5857	0	41
2024.10.10	04:00:00	30.471	30.598	30.426	30.546	4851	0	41
2024.10.10	08:00:00	30.545	30.669	30.481	30.563	4094	0	41
2024.10.10	12:00:00	30.563	31.018	30.363	30.955	10600	0	41
2024.10.10	16:00:00	30.955	31.166	30.893	31.111	6268	0	41
2024.10.10	20:00:00	31.112	31.159	31.078	31.132	1165	0	41
2024.10.11	00:00:00	31.132	31.319	31.051	31.273	4874	0	41
2024.10.11	04:00:00	31.273	31.327	31.043	31.159	4285	0	41
2024.10.11	08:00:00	31.159	31.211	31.085	31.194	4126	0	41
2024.10.11	12:00:00	31.193	31.586	31.178	31.586	9130	0	41
2024.10.11	16:00:00	31.587	31.613	31.435	31.545	4817	0	41
2024.10.11	20:00:00	31.547	31.555	31.493	31.519	506	0	41
2024.10.13	20:00:00	31.089	31.225	30.915	31.163	1205	0	41
2024.10.14	00:00:00	31.163	31.304	30.885	31.258	5431	0	41
2024.10.14	04:00:00	31.258	31.529	31.251	31.453	4178	0	41
2024.10.14	08:00:00	31.453	31.518	31.097	31.148	4226	0	41
2024.10.14	12:00:00	31.148	31.504	31.005	31.119	8523	0	41
2024.10.14	16:00:00	31.119	31.265	31.075	31.261	4358	0	41
2024.10.14	20:00:00	31.264	31.292	31.145	31.208	1199	0	41
2024.10.15	00:00:00	31.204	31.296	31.099	31.124	5007	0	41
2024.10.15	04:00:00	31.124	31.138	30.744	31.076	5539	0	41
2024.10.15	08:00:00	31.075	31.194	31.035	31.101	4715	0	41
2024.10.15	12:00:00	31.102	31.669	30.879	31.443	9961	0	41
2024.10.15	16:00:00	31.447	31.633	31.440	31.473	5577	0	41
2024.10.15	20:00:00	31.469	31.499	31.445	31.449	910	0	41
2024.10.16	00:00:00	31.449	31.654	31.395	31.579	4857	0	41
2024.10.16	04:00:00	31.583	31.810	31.549	31.786	5205	0	41
2024.10.16	08:00:00	31.780	31.912	31.743	31.846	4945	0	41
2024.10.16	12:00:00	31.846	32.159	31.542	31.638	9776	0	41
2024.10.16	16:00:00	31.635	31.790	31.568	31.699	4114	0	41
2024.10.16	20:00:00	31.699	31.727	31.639	31.727	894	0	41
2024.10.17	00:00:00	31.724	31.907	31.484	31.535	5754	0	41
2024.10.17	04:00:00	31.535	31.675	31.345	31.542	5771	0	41
2024.10.17	08:00:00	31.542	31.868	31.510	31.749	4629	0	41
2024.10.17	12:00:00	31.748	32.001	31.481	31.654	10511	0	41
2024.10.17	16:00:00	31.654	31.689	31.295	31.663	5682	0	41
2024.10.17	20:00:00	31.664	31.770	31.639	31.770	1038	0	41
2024.10.18	00:00:00	31.764	32.155	31.695	31.976	6139	0	41
2024.10.18	04:00:00	31.976	32.160	31.782	31.987	6087	0	41
2024.10.18	08:00:00	31.987	32.157	31.915	32.058	4814	0	41
2024.10.18	12:00:00	32.061	32.669	32.060	32.627	9993	0	41
2024.10.18	16:00:00	32.628	33.661	32.628	33.605	7663	0	41
2024.10.18	20:00:00	33.600	33.738	33.585	33.693	795	0	41
2024.10.20	20:00:00	33.882	33.924	33.690	33.778	1584	0	41
2024.10.21	00:00:00	33.775	34.094	33.508	34.041	7929	0	41
2024.10.21	04:00:00	34.037	34.112	33.783	34.024	5830	0	41
2024.10.21	08:00:00	34.022	34.083	33.891	33.993	5643	0	41
2024.10.21	12:00:00	33.990	34.249	33.443	33.662	11518	0	41
2024.10.21	16:00:00	33.655	33.889	33.561	33.802	6143	0	41
2024.10.21	20:00:00	33.808	33.877	33.762	33.828	1206	0	41
2024.10.22	00:00:00	33.823	34.084	33.776	34.039	5538	0	41
2024.10.22	04:00:00	34.039	34.189	33.906	34.178	5379	0	41
2024.10.22	08:00:00	34.177	34.482	34.106	34.319	5781	0	41
2024.10.22	12:00:00	34.319	34.736	34.241	34.526	10744	0	41
2024.10.22	16:00:00	34.525	34.847	34.516	34.781	6240	0	41
2024.10.22	20:00:00	34.786	34.839	34.700	34.709	1314	0	41
2024.10.23	00:00:00	34.709	34.746	34.434	34.631	5359	0	41
2024.10.23	04:00:00	34.631	34.820	34.494	34.656	5483	0	41
2024.10.23	08:00:00	34.656	34.707	34.456	34.487	5091	0	41
2024.10.23	12:00:00	34.489	34.515	33.409	33.767	11877	0	41
2024.10.23	16:00:00	33.768	33.781	33.453	33.649	6563	0	41
2024.10.23	20:00:00	33.650	33.839	33.606	33.801	1424	0	41
2024.10.24	00:00:00	33.795	33.920	33.713	33.874	5562	0	41
2024.10.24	04:00:00	33.874	34.256	33.850	34.155	5113	0	41
2024.10.24	08:00:00	34.156	34.279	34.025	34.058	5069	0	41
2024.10.24	12:00:00	34.057	34.236	33.324	33.492	10483	0	41
2024.10.24	16:00:00	33.496	33.680	33.222	33.636	6474	0	41
2024.10.24	20:00:00	33.639	33.665	33.592	33.650	994	0	41
2024.10.25	00:00:00	33.650	33.772	33.368	33.414	5147	0	41
2024.10.25	04:00:00	33.414	33.571	33.358	33.376	5468	0	41
2024.10.25	08:00:00	33.377	33.397	33.066	33.219	6024	0	41
2024.10.25	12:00:00	33.218	33.999	33.202	33.785	9406	0	41
2024.10.25	16:00:00	33.780	33.822	33.496	33.572	6639	0	41
2024.10.25	20:00:00	33.574	33.680	33.563	33.679	575	0	41
2024.10.27	20:00:00	33.418	33.675	33.320	33.585	1920	0	41
2024.10.28	00:00:00	33.582	33.641	33.210	33.258	6209	0	41
2024.10.28	04:00:00	33.258	33.693	33.234	33.552	5021	0	41
2024.10.28	08:00:00	33.552	33.598	33.281	33.385	5222	0	41
2024.10.28	12:00:00	33.387	33.969	33.360	33.646	8817	0	41
2024.10.28	16:00:00	33.644	33.844	33.553	33.682	5753	0	41
2024.10.28	20:00:00	33.682	33.698	33.584	33.692	1008	0	41
2024.10.29	00:00:00	33.690	34.084	33.632	33.864	5696	0	41
2024.10.29	04:00:00	33.864	33.977	33.698	33.920	4789	0	41
2024.10.29	08:00:00	33.920	34.177	33.759	34.122	6175	0	41
2024.10.29	12:00:00	34.122	34.525	33.973	34.224	10385	0	41
2024.10.29	16:00:00	34.223	34.460	34.147	34.415	6207	0	41
2024.10.29	20:00:00	34.414	34.467	34.394	34.457	1141	0	41
2024.10.30	00:00:00	34.457	34.506	34.130	34.207	5365	0	41
2024.10.30	04:00:00	34.205	34.342	34.094	34.113	4794	0	41
2024.10.30	08:00:00	34.113	34.273	34.001	34.009	5369	0	41
2024.10.30	12:00:00	34.008	34.173	33.391	33.921	11139	0	41
2024.10.30	16:00:00	33.921	33.956	33.755	33.755	5933	0	41
2024.10.30	20:00:00	33.762	33.782	33.679	33.722	1490	0	41
2024.10.31	00:00:00	33.722	33.879	33.582	33.595	4967	0	41
2024.10.31	04:00:00	33.598	33.738	33.496	33.696	4800	0	41
2024.10.31	08:00:00	33.699	33.709	33.407	33.567	5309	0	41
2024.10.31	12:00:00	33.566	33.645	32.485	32.662	11591	0	41
2024.10.31	16:00:00	32.662	32.807	32.543	32.670	6614	0	41
2024.10.31	20:00:00	32.671	32.695	32.620	32.645	1481	0	41
2024.11.01	00:00:00	32.645	32.766	32.600	32.748	4894	0	41
2024.11.01	04:00:00	32.748	32.825	32.538	32.659	3831	0	41
2024.11.01	08:00:00	32.656	32.873	32.630	32.811	5015	0	41
2024.11.01	12:00:00	32.809	33.102	32.467	32.662	10757	0	41
2024.11.01	16:00:00	32.662	32.690	32.313	32.369	6225	0	41
2024.11.01	20:00:00	32.367	32.450	32.367	32.432	579	0	41
2024.11.03	20:00:00	32.281	32.530	32.273	32.480	843	0	41
2024.11.04	00:00:00	32.480	32.696	32.441	32.662	5311	0	41
2024.11.04	04:00:00	32.656	32.839	32.553	32.584	4278	0	41
2024.11.04	08:00:00	32.587	32.836	32.568	32.785	5444	0	41
2024.11.04	12:00:00	32.784	32.856	32.463	32.503	8688	0	41
2024.11.04	16:00:00	32.497	32.528	32.276	32.457	6371	0	41
2024.11.04	20:00:00	32.459	32.512	32.358	32.385	1762	0	41
2024.11.05	00:00:00	32.385	32.501	32.230	32.466	5423	0	41
2024.11.05	04:00:00	32.465	32.591	32.389	32.465	4394	0	41
2024.11.05	08:00:00	32.468	32.656	32.394	32.615	4685	0	41
2024.11.05	12:00:00	32.616	32.902	32.549	32.724	8233	0	41
2024.11.05	16:00:00	32.723	32.751	32.562	32.598	5864	0	41
2024.11.05	20:00:00	32.594	32.711	32.559	32.689	1857	0	41
2024.11.06	00:00:00	32.689	32.689	32.008	32.068	8928	0	41
2024.11.06	04:00:00	32.068	32.337	31.440	32.021	9807	0	41
2024.11.06	08:00:00	32.015	32.353	31.696	31.768	7994	0	41
2024.11.06	12:00:00	31.762	31.940	30.813	31.387	12718	0	41
2024.11.06	16:00:00	31.386	31.400	31.023	31.186	7159	0	41
2024.11.06	20:00:00	31.186	31.213	31.051	31.163	2192	0	41
2024.11.07	00:00:00	31.163	31.231	30.901	31.045	6460	0	41
2024.11.07	04:00:00	31.046	31.215	30.855	31.173	5576	0	41
2024.11.07	08:00:00	31.180	31.213	31.011	31.047	4962	0	41
2024.11.07	12:00:00	31.041	31.863	31.038	31.796	9353	0	41
2024.11.07	16:00:00	31.796	31.827	31.582	31.752	7651	0	41
2024.11.07	20:00:00	31.752	32.137	31.717	31.995	3420	0	41
2024.11.08	00:00:00	31.995	32.013	31.645	31.669	6207	0	41
2024.11.08	04:00:00	31.669	31.762	31.415	31.538	5620	0	41
2024.11.08	08:00:00	31.536	31.570	31.302	31.533	6557	0	41
2024.11.08	12:00:00	31.536	31.828	31.263	31.405	9636	0	41
2024.11.08	16:00:00	31.401	31.418	31.172	31.277	6117	0	41
2024.11.08	20:00:00	31.278	31.307	31.232	31.267	1606	0	41
2024.11.10	20:00:00	31.282	31.399	31.273	31.399	542	0	41
2024.11.11	00:00:00	31.399	31.404	31.082	31.185	5816	0	41
2024.11.11	04:00:00	31.186	31.374	31.126	31.179	4559	0	41
2024.11.11	08:00:00	31.183	31.541	31.177	31.289	5764	0	41
2024.11.11	12:00:00	31.292	31.306	30.433	30.452	9697	0	41
2024.11.11	16:00:00	30.453	30.633	30.403	30.620	5294	0	41
2024.11.11	20:00:00	30.621	30.725	30.621	30.705	1653	0	41
2024.11.12	00:00:00	30.703	30.766	30.540	30.546	5379	0	41
2024.11.12	04:00:00	30.545	30.570	30.169	30.284	6240	0	41
2024.11.12	08:00:00	30.290	30.444	30.178	30.360	6416	0	41
2024.11.12	12:00:00	30.360	30.755	30.359	30.495	8924	0	41
2024.11.12	16:00:00	30.492	30.737	30.480	30.676	6371	0	41
2024.11.12	20:00:00	30.672	30.800	30.624	30.676	1980	0	41
2024.11.13	00:00:00	30.677	31.023	30.646	30.966	5625	0	41
2024.11.13	04:00:00	30.966	31.003	30.804	30.830	4733	0	41
2024.11.13	08:00:00	30.823	30.975	30.769	30.868	4992	0	41
2024.11.13	12:00:00	30.872	31.128	30.500	30.775	9732	0	41
2024.11.13	16:00:00	30.777	30.782	30.413	30.519	7158	0	41
2024.11.13	20:00:00	30.519	30.521	30.208	30.248	2730	0	41
2024.11.14	00:00:00	30.249	30.408	30.023	30.139	6128	0	41
2024.11.14	04:00:00	30.139	30.203	29.707	29.839	6020	0	41
2024.11.14	08:00:00	29.841	29.981	29.655	29.957	6564	0	41
2024.11.14	12:00:00	29.953	30.445	29.828	30.332	9426	0	41
2024.11.14	16:00:00	30.338	30.634	30.325	30.612	6368	0	41
2024.11.14	20:00:00	30.611	30.616	30.334	30.351	3398	0	41
2024.11.15	00:00:00	30.351	30.542	30.297	30.463	5539	0	41
2024.11.15	04:00:00	30.462	30.528	30.201	30.335	5006	0	41
2024.11.15	08:00:00	30.337	30.759	30.258	30.671	6267	0	41
2024.11.15	12:00:00	30.671	30.794	30.262	30.481	10009	0	41
2024.11.15	16:00:00	30.481	30.531	30.220	30.285	6343	0	41
2024.11.15	20:00:00	30.285	30.286	30.160	30.232	1704	0	41
2024.11.17	20:00:00	30.290	30.390	30.285	30.377	789	0	41
2024.11.18	00:00:00	30.378	30.655	30.348	30.613	6070	0	41
2024.11.18	04:00:00	30.612	30.706	30.499	30.582	4959	0	41
2024.11.18	08:00:00	30.583	30.786	30.572	30.727	5595	0	41
2024.11.18	12:00:00	30.723	31.240	30.682	31.181	8032	0	41
2024.11.18	16:00:00	31.182	31.251	30.998	31.066	5366	0	41
2024.11.18	20:00:00	31.066	31.161	31.064	31.149	1649	0	41
2024.11.19	00:00:00	31.149	31.418	31.112	31.355	5208	0	41
2024.11.19	04:00:00	31.355	31.386	31.173	31.228	5201	0	41
2024.11.19	08:00:00	31.228	31.516	31.169	31.262	6835	0	41
2024.11.19	12:00:00	31.269	31.422	31.027	31.077	8674	0	41
2024.11.19	16:00:00	31.083	31.266	31.031	31.238	5471	0	41
2024.11.19	20:00:00	31.238	31.287	31.185	31.273	1823	0	41
2024.11.20	00:00:00	31.270	31.314	31.111	31.151	5075	0	41
2024.11.20	04:00:00	31.151	31.187	30.873	30.884	5131	0	41
2024.11.20	08:00:00	30.890	30.964	30.786	30.845	5236	0	41
2024.11.20	12:00:00	30.841	31.217	30.836	31.075	7202	0	41
2024.11.20	16:00:00	31.076	31.126	30.832	30.889	5795	0	41
2024.11.20	20:00:00	30.885	30.927	30.755	30.903	2278	0	41
2024.11.21	00:00:00	30.902	31.135	30.881	31.134	5089	0	41
2024.11.21	04:00:00	31.135	31.278	31.080	31.258	4948	0	41
2024.11.21	08:00:00	31.258	31.289	30.976	31.040	5364	0	41
2024.11.21	12:00:00	31.040	31.124	30.675	30.814	8523	0	41
2024.11.21	16:00:00	30.819	30.891	30.624	30.758	6389	0	41
2024.11.21	20:00:00	30.759	30.804	30.718	30.729	2003	0	41
2024.11.22	00:00:00	30.729	31.001	30.727	30.901	5706	0	41
2024.11.22	04:00:00	30.902	31.377	30.758	31.306	5740	0	41
2024.11.22	08:00:00	31.308	31.387	31.103	31.233	6659	0	41
2024.11.22	12:00:00	31.232	31.377	30.925	31.229	8507	0	41
2024.11.22	16:00:00	31.236	31.291	31.088	31.248	5535	0	41
2024.11.22	20:00:00	31.245	31.318	31.183	31.318	1697	0	41
2024.11.24	20:00:00	31.327	31.460	31.300	31.383	1068	0	41
2024.11.25	00:00:00	31.383	31.394	30.679	30.804	7217	0	41
2024.11.25	04:00:00	30.797	30.850	30.499	30.656	6388	0	41
2024.11.25	08:00:00	30.651	30.836	30.651	30.790	5412	0	41
2024.11.25	12:00:00	30.793	30.850	30.046	30.083	9082	0	41
2024.11.25	16:00:00	30.085	30.361	30.065	30.354	6074	0	41
2024.11.25	20:00:00	30.355	30.356	29.965	30.089	2887	0	41
2024.11.26	00:00:00	30.094	30.393	30.027	30.362	6609	0	41
2024.11.26	04:00:00	30.362	30.392	30.111	30.136	4629	0	41
2024.11.26	08:00:00	30.136	30.536	30.100	30.526	4999	0	41
2024.11.26	12:00:00	30.523	30.675	30.273	30.455	8036	0	41
2024.11.26	16:00:00	30.455	30.514	30.284	30.467	5330	0	41
2024.11.26	20:00:00	30.468	30.508	30.377	30.402	1844	0	41
2024.11.27	00:00:00	30.398	30.517	30.250	30.487	4844	0	41
2024.11.27	04:00:00	30.486	30.685	30.445	30.640	4066	0	41
2024.11.27	08:00:00	30.640	30.678	30.359	30.473	4289	0	41
2024.11.27	12:00:00	30.468	30.570	30.072	30.076	7505	0	41
2024.11.27	16:00:00	30.071	30.181	29.955	30.012	5260	0	41
2024.11.27	20:00:00	30.013	30.104	29.996	30.096	1618	0	41
2024.11.28	00:00:00	30.097	30.140	29.623	29.783	5584	0	41
2024.11.28	04:00:00	29.783	29.933	29.762	29.854	3958	0	41
2024.11.28	08:00:00	29.850	30.109	29.820	30.087	3946	0	41
2024.11.28	12:00:00	30.087	30.236	30.017	30.198	5325	0	41
2024.11.28	16:00:00	30.196	30.275	30.185	30.251	1644	0	41
2024.11.28	20:00:00	30.190	30.229	30.165	30.226	483	0	41
2024.11.29	00:00:00	30.221	30.686	30.177	30.668	5607	0	41
2024.11.29	04:00:00	30.672	30.740	30.577	30.611	4727	0	41
2024.11.29	08:00:00	30.612	30.732	30.561	30.689	4143	0	41
2024.11.29	12:00:00	30.689	30.878	30.504	30.661	7123	0	41
2024.11.29	16:00:00	30.663	30.717	30.567	30.591	3215	0	41
2024.12.01	20:00:00	30.496	30.496	30.399	30.455	784	0	41
2024.12.02	00:00:00	30.453	30.479	30.116	30.207	6019	0	41
2024.12.02	04:00:00	30.207	30.248	30.037	30.154	4599	0	41
2024.12.02	08:00:00	30.150	30.510	30.042	30.449	5182	0	41
2024.12.02	12:00:00	30.450	30.659	30.305	30.338	7090	0	41
2024.12.02	16:00:00	30.338	30.492	30.295	30.383	4750	0	41
2024.12.02	20:00:00	30.382	30.594	30.366	30.579	2082	0	41
2024.12.03	00:00:00	30.579	30.690	30.443	30.578	5326	0	41
2024.12.03	04:00:00	30.578	30.963	30.501	30.903	4789	0	41
2024.12.03	08:00:00	30.901	31.005	30.833	30.885	4548	0	41
2024.12.03	12:00:00	30.885	31.057	30.696	30.853	7422	0	41
2024.12.03	16:00:00	30.853	31.066	30.843	30.996	4951	0	41
2024.12.03	20:00:00	30.996	31.043	30.969	30.972	1435	0	41
2024.12.04	00:00:00	30.972	31.092	30.887	30.952	4781	0	41
2024.12.04	04:00:00	30.952	31.122	30.919	30.940	4663	0	41
2024.12.04	08:00:00	30.936	30.943	30.773	30.835	4858	0	41
2024.12.04	12:00:00	30.840	31.444	30.449	31.358	8812	0	41
2024.12.04	16:00:00	31.359	31.452	31.190	31.286	5759	0	41
2024.12.04	20:00:00	31.285	31.340	31.254	31.307	1859	0	41
2024.12.05	00:00:00	31.306	31.403	31.121	31.245	4887	0	41
2024.12.05	04:00:00	31.244	31.353	31.169	31.230	4382	0	41
2024.12.05	08:00:00	31.231	31.390	31.177	31.324	3998	0	41
2024.12.05	12:00:00	31.325	31.395	30.996	31.156	7740	0	41
2024.12.05	16:00:00	31.154	31.250	30.994	31.225	5480	0	41
2024.12.05	20:00:00	31.224	31.357	31.224	31.337	1796	0	41
2024.12.06	00:00:00	31.337	31.397	30.888	31.363	5733	0	41
2024.12.06	04:00:00	31.360	31.417	31.188	31.237	4664	0	41
2024.12.06	08:00:00	31.237	31.352	31.125	31.133	3881	0	41
2024.12.06	12:00:00	31.133	31.341	30.808	31.070	9421	0	41
2024.12.06	16:00:00	31.072	31.251	30.904	30.973	5105	0	41
2024.12.06	20:00:00	30.973	31.003	30.938	30.948	1399	0	41
2024.12.08	20:00:00	30.992	31.092	30.984	31.061	897	0	41
2024.12.09	00:00:00	31.060	31.274	30.900	30.944	5971	0	41
2024.12.09	04:00:00	30.943	31.283	30.847	31.278	5148	0	41
2024.12.09	08:00:00	31.279	31.677	31.232	31.631	4976	0	41
2024.12.09	12:00:00	31.628	32.262	31.572	32.082	8437	0	41
2024.12.09	16:00:00	32.082	32.131	31.788	31.832	5540	0	41
2024.12.09	20:00:00	31.828	31.898	31.749	31.888	2239	0	41
2024.12.10	00:00:00	31.886	32.012	31.795	31.977	5614	0	41
2024.12.10	04:00:00	31.975	32.037	31.731	31.740	4722	0	41
2024.12.10	08:00:00	31.740	31.901	31.687	31.880	5125	0	41
2024.12.10	12:00:00	31.878	32.047	31.728	31.918	7640	0	41
2024.12.10	16:00:00	31.918	32.074	31.829	31.880	4722	0	41
2024.12.10	20:00:00	31.879	31.926	31.783	31.887	2014	0	41
2024.12.11	00:00:00	31.887	32.078	31.666	31.685	5659	0	41
2024.12.11	04:00:00	31.687	31.796	31.488	31.581	6882	0	41
2024.12.11	08:00:00	31.644	31.844	31.594	31.688	6246	0	41
2024.12.11	12:00:00	31.690	32.113	31.568	32.041	9052	0	41
2024.12.11	16:00:00	32.040	32.167	31.769	31.914	5739	0	41
2024.12.11	20:00:00	31.915	31.974	31.845	31.926	2137	0	41
2024.12.12	00:00:00	31.925	32.068	31.842	32.020	5467	0	41
2024.12.12	04:00:00	32.019	32.206	32.006	32.124	4555	0	41
2024.12.12	08:00:00	32.119	32.305	31.791	31.859	8103	0	41
2024.12.12	12:00:00	31.859	31.893	30.867	30.947	10677	0	41
2024.12.12	16:00:00	30.940	31.122	30.930	30.936	5886	0	41
2024.12.12	20:00:00	30.937	30.990	30.874	30.892	2442	0	41
2024.12.13	00:00:00	30.892	31.084	30.845	30.921	5420	0	41
2024.12.13	04:00:00	30.921	30.992	30.851	30.879	4467	0	41
2024.12.13	08:00:00	30.881	30.923	30.641	30.727	5310	0	41
2024.12.13	12:00:00	30.722	30.850	30.272	30.491	8144	0	41
2024.12.13	16:00:00	30.484	30.566	30.392	30.442	4709	0	41
2024.12.13	20:00:00	30.440	30.569	30.398	30.533	1467	0	41
2024.12.15	20:00:00	30.538	30.605	30.538	30.575	557	0	41
2024.12.16	00:00:00	30.575	30.603	30.450	30.503	4070	0	41
2024.12.16	04:00:00	30.503	30.670	30.470	30.615	2925	0	41
2024.12.16	08:00:00	30.612	30.689	30.589	30.652	3031	0	41
2024.12.16	12:00:00	30.653	30.737	30.449	30.569	5907	0	41
2024.12.16	16:00:00	30.572	30.616	30.486	30.550	3668	0	41
2024.12.16	20:00:00	30.548	30.564	30.449	30.505	1318	0	41
2024.12.17	00:00:00	30.504	30.588	30.419	30.465	3981	0	41
2024.12.17	04:00:00	30.464	30.530	30.364	30.470	3889	0	41
2024.12.17	08:00:00	30.464	30.465	30.159	30.288	4070	0	41
2024.12.17	12:00:00	30.287	30.416	30.133	30.380	6463	0	41
2024.12.17	16:00:00	30.381	30.518	30.335	30.464	3808	0	41
2024.12.17	20:00:00	30.464	30.522	30.446	30.496	1336	0	41
2024.12.18	00:00:00	30.496	30.557	30.353	30.364	3579	0	41
2024.12.18	04:00:00	30.364	30.469	30.336	30.386	3126	0	41
2024.12.18	08:00:00	30.386	30.459	30.330	30.356	2683	0	41
2024.12.18	12:00:00	30.353	30.424	30.163	30.208	5496	0	41
2024.12.18	16:00:00	30.203	30.261	29.732	29.760	6093	0	41
2024.12.18	20:00:00	29.764	29.808	29.232	29.302	5140	0	41
2024.12.19	00:00:00	29.300	29.613	29.300	29.438	5664	0	41
2024.12.19	04:00:00	29.444	29.640	29.341	29.545	4079	0	41
2024.12.19	08:00:00	29.545	29.693	29.473	29.519	3960	0	41
2024.12.19	12:00:00	29.520	29.520	28.727	28.795	7832	0	41
2024.12.19	16:00:00	28.796	29.118	28.773	29.033	5112	0	41
2024.12.19	20:00:00	29.033	29.146	28.974	29.013	1644	0	41
2024.12.20	00:00:00	29.008	29.053	28.834	28.897	3992	0	41
2024.12.20	04:00:00	28.898	29.094	28.898	29.014	3821	0	41
2024.12.20	08:00:00	29.011	29.067	28.789	28.839	3535	0	41
2024.12.20	12:00:00	28.839	29.521	28.792	29.493	6754	0	41
2024.12.20	16:00:00	29.500	29.676	29.375	29.582	5044	0	41
2024.12.20	20:00:00	29.582	29.586	29.449	29.499	1701	0	41
2024.12.22	20:00:00	29.629	29.702	29.594	29.677	706	0	41
2024.12.23	00:00:00	29.678	29.737	29.508	29.628	4025	0	41
2024.12.23	04:00:00	29.628	29.853	29.590	29.774	3504	0	41
2024.12.23	08:00:00	29.767	29.783	29.514	29.601	3570	0	41
2024.12.23	12:00:00	29.603	29.685	29.402	29.480	5566	0	41
2024.12.23	16:00:00	29.478	29.691	29.475	29.669	3849	0	41
2024.12.23	20:00:00	29.668	29.702	29.618	29.684	1383	0	41
2024.12.24	00:00:00	29.681	29.768	29.623	29.699	2613	0	41
2024.12.24	04:00:00	29.700	29.770	29.626	29.634	2460	0	41
2024.12.24	08:00:00	29.632	29.691	29.476	29.488	2795	0	41
2024.12.24	12:00:00	29.492	29.649	29.456	29.534	4412	0	41
2024.12.24	16:00:00	29.534	29.678	29.528	29.652	1737	0	41
2024.12.25	20:00:00	29.649	29.688	29.644	29.663	406	0	41
2024.12.26	00:00:00	29.663	29.736	29.589	29.689	3063	0	41
2024.12.26	04:00:00	29.689	29.691	29.483	29.549	2955	0	41
2024.12.26	08:00:00	29.547	29.743	29.511	29.701	2758	0	41
2024.12.26	12:00:00	29.701	29.851	29.640	29.802	5267	0	41
2024.12.26	16:00:00	29.802	29.814	29.554	29.734	3636	0	41
2024.12.26	20:00:00	29.733	29.804	29.697	29.779	1642	0	41
2024.12.27	00:00:00	29.779	29.870	29.734	29.865	3290	0	41
2024.12.27	04:00:00	29.866	29.869	29.751	29.752	2908	0	41
2024.12.27	08:00:00	29.754	29.758	29.527	29.665	2696	0	41
2024.12.27	12:00:00	29.663	29.676	29.322	29.459	5833	0	41
2024.12.27	16:00:00	29.462	29.486	29.314	29.419	3660	0	41
2024.12.27	20:00:00	29.419	29.419	29.305	29.374	1302	0	41
2024.12.29	20:00:00	29.417	29.461	29.405	29.433	483	0	41
2024.12.30	00:00:00	29.431	29.455	29.308	29.453	3173	0	41
2024.12.30	04:00:00	29.453	29.507	29.325	29.426	3199	0	41
2024.12.30	08:00:00	29.428	29.493	29.299	29.465	2846	0	41
2024.12.30	12:00:00	29.465	29.470	28.819	28.859	5977	0	41
2024.12.30	16:00:00	28.859	28.991	28.779	28.965	4257	0	41
2024.12.30	20:00:00	28.965	29.032	28.891	28.924	1299	0	41
2024.12.31	00:00:00	28.932	29.009	28.819	28.840	2808	0	41
2024.12.31	04:00:00	28.839	28.928	28.775	28.917	2486	0	41
2024.12.31	08:00:00	28.917	28.995	28.874	28.895	3009	0	41
2024.12.31	12:00:00	28.894	29.011	28.762	28.906	5333	0	41
2024.12.31	16:00:00	28.903	28.933	28.775	28.850	4185	0	41
2024.12.31	20:00:00	28.850	28.907	28.850	28.891	738	0	41
2025.01.01	20:00:00	28.936	28.976	28.922	28.968	468	0	41
2025.01.02	00:00:00	28.970	29.311	28.947	29.268	4347	0	41
2025.01.02	04:00:00	29.268	29.381	29.257	29.284	3044	0	41
2025.01.02	08:00:00	29.290	29.422	29.150	29.400	3788	0	41
2025.01.02	12:00:00	29.400	29.515	29.162	29.446	6248	0	41
2025.01.02	16:00:00	29.446	29.578	29.363	29.417	5012	0	41
2025.01.02	20:00:00	29.418	29.572	29.405	29.524	1628	0	41
2025.01.03	00:00:00	29.524	29.623	29.477	29.581	3811	0	41
2025.01.03	04:00:00	29.581	29.627	29.491	29.606	3179	0	41
2025.01.03	08:00:00	29.605	29.784	29.553	29.778	3256	0	41
2025.01.03	12:00:00	29.783	29.881	29.646	29.748	5617	0	41
2025.01.03	16:00:00	29.749	29.828	29.529	29.607	3693	0	41
2025.01.03	20:00:00	29.606	29.622	29.565	29.601	937	0	41
2025.01.05	20:00:00	29.646	29.662	29.613	29.617	416	0	41
2025.01.06	00:00:00	29.621	29.737	29.555	29.560	4001	0	41
2025.01.06	04:00:00	29.560	29.635	29.389	29.590	3663	0	41
2025.01.06	08:00:00	29.590	30.276	29.561	30.259	5405	0	41
2025.01.06	12:00:00	30.257	30.326	29.545	30.053	9769	0	41
2025.01.06	16:00:00	30.056	30.151	29.893	29.924	4667	0	41
2025.01.06	20:00:00	29.923	29.954	29.853	29.918	1393	0	41
2025.01.07	00:00:00	29.918	30.073	29.863	30.052	3629	0	41
2025.01.07	04:00:00	30.052	30.162	30.012	30.149	3210	0	41
2025.01.07	08:00:00	30.144	30.231	30.106	30.212	2853	0	41
2025.01.07	12:00:00	30.212	30.365	29.966	30.078	7418	0	41
2025.01.07	16:00:00	30.076	30.143	29.995	30.085	5307	0	41
2025.01.07	20:00:00	30.083	30.095	29.998	30.075	1612	0	41
2025.01.08	00:00:00	30.073	30.134	29.977	29.995	3239	0	41
2025.01.08	04:00:00	29.993	30.130	29.973	30.020	3148	0	41
2025.01.08	08:00:00	30.022	30.231	30.014	30.117	4208	0	41
2025.01.08	12:00:00	30.117	30.331	29.984	30.148	7416	0	41
2025.01.08	16:00:00	30.148	30.208	29.786	30.045	5694	0	41
2025.01.08	20:00:00	30.045	30.134	30.036	30.116	1664	0	41
2025.01.09	00:00:00	30.118	30.163	30.003	30.087	3477	0	41
2025.01.09	04:00:00	30.087	30.176	30.049	30.060	3253	0	41
2025.01.09	08:00:00	30.062	30.370	30.046	30.321	4209	0	41
2025.01.09	12:00:00	30.321	30.460	30.174	30.175	5049	0	41
2025.01.09	16:00:00	30.177	30.238	29.981	30.082	3055	0	41
2025.01.09	20:00:00	30.080	30.139	30.068	30.073	1136	0	41
2025.01.10	00:00:00	30.072	30.277	30.062	30.244	3390	0	41
2025.01.10	04:00:00	30.244	30.301	30.154	30.222	3066	0	41
2025.01.10	08:00:00	30.221	30.426	30.215	30.374	3861	0	41
2025.01.10	12:00:00	30.373	30.641	29.921	30.321	11151	0	41
2025.01.10	16:00:00	30.328	30.558	30.240	30.373	6842	0	41
2025.01.10	20:00:00	30.373	30.410	30.301	30.390	1750	0	41
2025.01.12	20:00:00	30.416	30.447	30.363	30.441	724	0	41
2025.01.13	00:00:00	30.441	30.494	30.173	30.225	4554	0	41
2025.01.13	04:00:00	30.223	30.299	30.083	30.212	4179	0	41
2025.01.13	08:00:00	30.211	30.359	29.839	29.853	6005	0	41
2025.01.13	12:00:00	29.853	29.881	29.510	29.535	9253	0	41
2025.01.13	16:00:00	29.537	29.703	29.488	29.605	4830	0	41
2025.01.13	20:00:00	29.605	29.732	29.548	29.656	1980	0	41
2025.01.14	00:00:00	29.656	29.696	29.535	29.624	4035	0	41
2025.01.14	04:00:00	29.625	29.744	29.560	29.733	3354	0	41
2025.01.14	08:00:00	29.733	29.848	29.497	29.731	3581	0	41
2025.01.14	12:00:00	29.731	29.951	29.630	29.895	7179	0	41
2025.01.14	16:00:00	29.896	29.955	29.721	29.792	4610	0	41
2025.01.14	20:00:00	29.793	29.891	29.745	29.827	1705	0	41
2025.01.15	00:00:00	29.826	29.858	29.721	29.836	3057	0	41
2025.01.15	04:00:00	29.836	30.030	29.769	29.980	3084	0	41
2025.01.15	08:00:00	29.979	30.120	29.956	30.024	3489	0	41
2025.01.15	12:00:00	30.022	30.400	29.850	30.272	8377	0	41
2025.01.15	16:00:00	30.272	30.664	30.271	30.645	5035	0	41
2025.01.15	20:00:00	30.645	30.734	30.559	30.652	2009	0	41
2025.01.16	00:00:00	30.654	30.756	30.552	30.640	4948	0	41
2025.01.16	04:00:00	30.638	30.873	30.592	30.854	3904	0	41
2025.01.16	08:00:00	30.848	30.892	30.713	30.757	4483	0	41
2025.01.16	12:00:00	30.763	30.832	30.504	30.771	7624	0	41
2025.01.16	16:00:00	30.778	30.953	30.745	30.831	5262	0	41
2025.01.16	20:00:00	30.832	30.832	30.712	30.738	1814	0	41
2025.01.17	00:00:00	30.740	30.820	30.717	30.763	3946	0	41
2025.01.17	04:00:00	30.762	30.785	30.582	30.589	3415	0	41
2025.01.17	08:00:00	30.589	30.646	30.423	30.613	3663	0	41
2025.01.17	12:00:00	30.612	30.650	30.117	30.303	7913	0	41
2025.01.17	16:00:00	30.300	30.432	30.164	30.171	4140	0	41
2025.01.17	20:00:00	30.173	30.339	30.112	30.336	1450	0	41
2025.01.19	20:00:00	30.265	30.330	30.224	30.302	805	0	41
2025.01.20	00:00:00	30.304	30.331	30.112	30.328	4339	0	41
2025.01.20	04:00:00	30.329	30.417	30.299	30.356	2988	0	41
2025.01.20	08:00:00	30.361	30.390	30.175	30.238	3200	0	41
2025.01.20	12:00:00	30.238	30.560	29.970	30.444	7823	0	41
2025.01.20	16:00:00	30.444	30.609	30.367	30.531	4254	0	41
2025.01.20	20:00:00	30.507	30.628	30.507	30.553	664	0	41
2025.01.21	00:00:00	30.555	30.719	30.173	30.595	5905	0	41
2025.01.21	04:00:00	30.596	30.666	30.475	30.565	4241	0	41
2025.01.21	08:00:00	30.564	30.564	30.316	30.533	4748	0	41
2025.01.21	12:00:00	30.534	30.727	30.475	30.630	6509	0	41
2025.01.21	16:00:00	30.624	30.817	30.596	30.764	4228	0	41
2025.01.21	20:00:00	30.764	30.837	30.714	30.728	2020	0	41
2025.01.22	00:00:00	30.727	30.885	30.718	30.877	3882	0	41
2025.01.22	04:00:00	30.877	30.925	30.742	30.798	3995	0	41
2025.01.22	08:00:00	30.791	30.933	30.759	30.819	4129	0	41
2025.01.22	12:00:00	30.820	30.873	30.543	30.688	6556	0	41
2025.01.22	16:00:00	30.688	30.886	30.643	30.842	3506	0	41
2025.01.22	20:00:00	30.842	30.868	30.728	30.752	1595	0	41
2025.01.23	00:00:00	30.746	30.842	30.552	30.564	3794	0	41
2025.01.23	04:00:00	30.564	30.689	30.537	30.628	3127	0	41
2025.01.23	08:00:00	30.630	30.640	30.400	30.484	3864	0	41
2025.01.23	12:00:00	30.483	30.525	30.074	30.135	7970	0	41
2025.01.23	16:00:00	30.128	30.486	30.088	30.412	4926	0	41
2025.01.23	20:00:00	30.412	30.476	30.378	30.449	1656	0	41
2025.01.24	00:00:00	30.447	30.802	30.419	30.755	4455	0	41
2025.01.24	04:00:00	30.748	30.850	30.726	30.831	4119	0	41
2025.01.24	08:00:00	30.831	30.934	30.776	30.849	3883	0	41
2025.01.24	12:00:00	30.847	31.002	30.516	30.616	6952	0	41
2025.01.24	16:00:00	30.610	30.811	30.594	30.677	4624	0	41
2025.01.24	20:00:00	30.677	30.682	30.548	30.593	1298	0	41
2025.01.26	20:00:00	30.511	30.607	30.495	30.511	1182	0	41
2025.01.27	00:00:00	30.510	30.554	30.137	30.344	4976	0	41
2025.01.27	04:00:00	30.344	30.345	30.119	30.135	3856	0	41
2025.01.27	08:00:00	30.134	30.572	30.084	30.563	5193	0	41
2025.01.27	12:00:00	30.567	30.594	30.101	30.350	7265	0	41
2025.01.27	16:00:00	30.352	30.358	29.682	30.126	6047	0	41
2025.01.27	20:00:00	30.126	30.231	30.104	30.166	2412	0	41
2025.01.28	00:00:00	30.164	30.201	29.983	29.999	3696	0	41
2025.01.28	04:00:00	30.002	30.130	29.948	29.950	2995	0	41
2025.01.28	08:00:00	29.953	30.177	29.868	30.128	4359	0	41
2025.01.28	12:00:00	30.128	30.377	30.064	30.307	6052	0	41
2025.01.28	16:00:00	30.306	30.466	30.220	30.423	4101	0	41
2025.01.28	20:00:00	30.422	30.439	30.319	30.385	1617	0	41
2025.01.29	00:00:00	30.387	30.462	30.358	30.370	1915	0	41
2025.01.29	04:00:00	30.370	30.449	30.263	30.343	2486	0	41
2025.01.29	08:00:00	30.348	30.527	30.348	30.491	3984	0	41
2025.01.29	12:00:00	30.490	30.966	30.399	30.850	7421	0	41
2025.01.29	16:00:00	30.850	30.889	30.565	30.793	7132	0	41
2025.01.29	20:00:00	30.786	30.868	30.673	30.855	3469	0	41
2025.01.30	00:00:00	30.855	30.883	30.787	30.874	2411	0	41
2025.01.30	04:00:00	30.872	31.004	30.791	31.000	2786	0	41
2025.01.30	08:00:00	31.001	31.098	30.947	31.020	4728	0	41
2025.01.30	12:00:00	31.020	31.718	30.950	31.576	8135	0	41
2025.01.30	16:00:00	31.577	31.636	31.319	31.556	6646	0	41
2025.01.30	20:00:00	31.556	31.674	31.422	31.625	3889	0	41
2025.01.31	00:00:00	31.623	31.657	31.108	31.497	5353	0	41
2025.01.31	04:00:00	31.499	31.538	31.275	31.463	3984	0	41
2025.01.31	08:00:00	31.462	31.678	31.455	31.656	4792	0	41
2025.01.31	12:00:00	31.654	31.695	31.375	31.457	7216	0	41
2025.01.31	16:00:00	31.463	31.588	31.183	31.230	9123	0	41
2025.01.31	20:00:00	31.224	31.353	31.159	31.289	2583	0	41
2025.02.02	20:00:00	31.306	31.413	30.701	31.017	5023	0	49
2025.02.03	00:00:00	31.007	31.285	30.665	30.830	9173	0	41
2025.02.03	04:00:00	30.828	31.162	30.799	31.060	6974	0	41
2025.02.03	08:00:00	31.059	31.315	30.958	31.268	5040	0	41
2025.02.03	12:00:00	31.266	31.514	30.929	31.388	9978	0	41
2025.02.03	16:00:00	31.387	31.660	31.288	31.578	8668	0	41
2025.02.03	20:00:00	31.578	31.593	31.440	31.490	2991	0	41
2025.02.04	00:00:00	31.491	31.621	31.436	31.500	3508	0	41
2025.02.04	04:00:00	31.500	31.543	31.343	31.490	3890	0	41
2025.02.04	08:00:00	31.492	31.669	31.405	31.596	5226	0	41
2025.02.04	12:00:00	31.596	32.305	31.567	31.935	8232	0	41
2025.02.04	16:00:00	31.936	32.357	31.863	32.160	5890	0	41
2025.02.04	20:00:00	32.160	32.168	32.026	32.057	2211	0	41
2025.02.05	00:00:00	32.058	32.253	31.916	32.210	6077	0	41
2025.02.05	04:00:00	32.210	32.338	32.159	32.272	3554	0	41
2025.02.05	08:00:00	32.274	32.532	32.222	32.289	4046	0	41
2025.02.05	12:00:00	32.288	32.508	32.035	32.483	7397	0	41
2025.02.05	16:00:00	32.483	32.526	32.235	32.314	5921	0	41
2025.02.05	20:00:00	32.313	32.366	32.188	32.301	2134	0	41
2025.02.06	00:00:00	32.300	32.404	32.188	32.203	3797	0	41
2025.02.06	04:00:00	32.203	32.336	31.905	31.923	3574	0	41
2025.02.06	08:00:00	31.921	32.134	31.780	32.015	4430	0	41
2025.02.06	12:00:00	32.016	32.135	31.730	32.047	7239	0	41
2025.02.06	16:00:00	32.048	32.256	32.047	32.169	4150	0	41
2025.02.06	20:00:00	32.168	32.261	32.164	32.203	1750	0	41
2025.02.07	00:00:00	32.203	32.292	32.199	32.231	2825	0	41
2025.02.07	04:00:00	32.232	32.286	32.113	32.243	2917	0	41
2025.02.07	08:00:00	32.242	32.399	32.167	32.266	3371	0	41
2025.02.07	12:00:00	32.263	32.631	31.929	32.428	8906	0	41
2025.02.07	16:00:00	32.432	32.438	31.803	31.876	7741	0	41
2025.02.07	20:00:00	31.869	31.874	31.767	31.770	1679	0	41
2025.02.09	20:00:00	31.699	31.809	31.699	31.769	838	0	41
2025.02.10	00:00:00	31.769	32.006	31.769	31.998	4258	0	41
2025.02.10	04:00:00	31.998	32.145	31.949	32.123	2934	0	41
2025.02.10	08:00:00	32.124	32.317	32.108	32.240	3111	0	41
2025.02.10	12:00:00	32.239	32.275	31.898	32.168	6670	0	41
2025.02.10	16:00:00	32.168	32.203	31.918	32.045	4119	0	41
2025.02.10	20:00:00	32.045	32.103	31.998	32.051	1622	0	41
2025.02.11	00:00:00	32.051	32.226	31.618	31.872	5628	0	41
2025.02.11	04:00:00	31.872	32.023	31.708	31.768	4113	0	41
2025.02.11	08:00:00	31.765	31.820	31.651	31.698	4086	0	41
2025.02.11	12:00:00	31.704	31.925	31.230	31.909	7873	0	41
2025.02.11	16:00:00	31.913	31.941	31.812	31.865	3573	0	41
2025.02.11	20:00:00	31.867	31.872	31.787	31.820	1290	0	41
2025.02.12	00:00:00	31.820	31.919	31.655	31.823	3964	0	41
2025.02.12	04:00:00	31.823	31.916	31.717	31.870	3521	0	41
2025.02.12	08:00:00	31.867	31.886	31.690	31.751	3914	0	41
2025.02.12	12:00:00	31.749	32.181	31.497	32.175	8248	0	41
2025.02.12	16:00:00	32.175	32.344	32.063	32.158	4917	0	41
2025.02.12	20:00:00	32.158	32.277	32.139	32.258	1845	0	41
2025.02.13	00:00:00	32.258	32.318	32.156	32.258	4277	0	41
2025.02.13	04:00:00	32.258	32.381	32.244	32.308	3709	0	41
2025.02.13	08:00:00	32.307	32.344	32.173	32.251	4364	0	41
2025.02.13	12:00:00	32.252	32.323	31.980	32.204	7612	0	41
2025.02.13	16:00:00	32.203	32.323	32.081	32.308	5449	0	41
2025.02.13	20:00:00	32.308	32.404	32.265	32.345	2038	0	41
2025.02.14	00:00:00	32.345	32.499	32.273	32.406	4565	0	41
2025.02.14	04:00:00	32.405	33.114	32.402	33.027	5376	0	41
2025.02.14	08:00:00	33.029	33.335	32.973	33.116	5466	0	41
2025.02.14	12:00:00	33.116	33.377	32.635	32.708	10678	0	41
2025.02.14	16:00:00	32.704	32.718	32.234	32.273	7375	0	41
2025.02.14	20:00:00	32.267	32.280	32.055	32.114	1861	0	41
2025.02.16	20:00:00	32.146	32.185	31.940	32.013	1151	0	41
2025.02.17	00:00:00	32.015	32.457	31.893	32.432	4946	0	41
2025.02.17	04:00:00	32.431	32.456	31.954	32.236	4718	0	41
2025.02.17	08:00:00	32.236	32.472	32.216	32.459	3856	0	41
2025.02.17	12:00:00	32.458	32.474	32.182	32.288	4749	0	41
2025.02.17	16:00:00	32.288	32.407	32.242	32.373	1656	0	41
2025.02.17	20:00:00	32.368	32.368	32.315	32.360	302	0	41
2025.02.18	00:00:00	32.360	32.393	32.059	32.353	4851	0	41
2025.02.18	04:00:00	32.353	32.509	32.281	32.392	4723	0	41
2025.02.18	08:00:00	32.391	32.508	32.346	32.466	4279	0	41
2025.02.18	12:00:00	32.465	32.660	32.365	32.648	6706	0	41
2025.02.18	16:00:00	32.648	32.885	32.620	32.821	5510	0	41
2025.02.18	20:00:00	32.820	32.893	32.801	32.887	1799	0	41
2025.02.19	00:00:00	32.887	32.927	32.451	32.615	5049	0	41
2025.02.19	04:00:00	32.615	32.893	32.593	32.833	4200	0	41
2025.02.19	08:00:00	32.839	33.054	32.836	32.888	3874	0	41
2025.02.19	12:00:00	32.882	32.962	32.447	32.458	8117	0	41
2025.02.19	16:00:00	32.456	32.756	32.429	32.730	6218	0	41
2025.02.19	20:00:00	32.726	32.759	32.672	32.688	1919	0	41
2025.02.20	00:00:00	32.689	32.832	32.605	32.801	4314	0	41
2025.02.20	04:00:00	32.801	32.985	32.751	32.937	3363	0	41
2025.02.20	08:00:00	32.936	33.184	32.932	33.030	3815	0	41
2025.02.20	12:00:00	33.031	33.149	32.771	32.947	8726	0	41
2025.02.20	16:00:00	32.947	33.090	32.834	32.936	5668	0	41
2025.02.20	20:00:00	32.936	32.974	32.818	32.936	1928	0	41
2025.02.21	00:00:00	32.938	33.058	32.812	32.855	5577	0	41
2025.02.21	04:00:00	32.855	32.993	32.728	32.900	5253	0	41
2025.02.21	08:00:00	32.894	33.000	32.663	32.908	5099	0	41
2025.02.21	12:00:00	32.910	33.004	32.483	32.567	7585	0	41
2025.02.21	16:00:00	32.567	32.762	32.501	32.524	6448	0	41
2025.02.21	20:00:00	32.523	32.557	32.454	32.466	1965	0	41
2025.02.23	20:00:00	32.643	32.684	32.550	32.561	677	0	41
2025.02.24	00:00:00	32.559	32.739	32.339	32.652	6293	0	41
2025.02.24	04:00:00	32.650	32.707	32.539	32.580	5111	0	41
2025.02.24	08:00:00	32.587	32.624	32.404	32.502	4917	0	41
2025.02.24	12:00:00	32.500	32.719	32.078	32.148	8173	0	41
2025.02.24	16:00:00	32.148	32.398	32.148	32.320	5500	0	41
2025.02.24	20:00:00	32.320	32.369	32.235	32.251	2603	0	41
2025.02.25	00:00:00	32.251	32.464	32.219	32.379	4931	0	41
2025.02.25	04:00:00	32.379	32.390	32.010	32.017	4827	0	41
2025.02.25	08:00:00	32.019	32.258	32.017	32.151	5400	0	41
2025.02.25	12:00:00	32.157	32.175	31.458	31.485	10164	0	41
2025.02.25	16:00:00	31.492	31.631	31.271	31.607	8479	0	41
2025.02.25	20:00:00	31.603	31.810	31.577	31.761	3347	0	41
2025.02.26	00:00:00	31.764	31.798	31.672	31.751	4930	0	41
2025.02.26	04:00:00	31.756	31.787	31.562	31.759	4480	0	41
2025.02.26	08:00:00	31.755	31.905	31.690	31.705	3919	0	41
2025.02.26	12:00:00	31.701	31.850	31.479	31.821	7023	0	41
2025.02.26	16:00:00	31.828	31.937	31.734	31.762	5959	0	41
2025.02.26	20:00:00	31.762	31.916	31.711	31.871	2230	0	41
2025.02.27	00:00:00	31.869	31.918	31.690	31.705	4429	0	41
2025.02.27	04:00:00	31.705	31.853	31.515	31.761	4770	0	41
2025.02.27	08:00:00	31.761	31.859	31.593	31.719	4900	0	41
2025.02.27	12:00:00	31.719	31.899	31.254	31.416	8954	0	41
2025.02.27	16:00:00	31.416	31.522	31.231	31.284	5788	0	41
2025.02.27	20:00:00	31.285	31.287	31.159	31.205	2628	0	41
2025.02.28	00:00:00	31.205	31.376	31.177	31.219	5258	0	41
2025.02.28	04:00:00	31.218	31.262	31.032	31.082	5150	0	41
2025.02.28	08:00:00	31.085	31.175	30.985	31.139	3782	0	41
2025.02.28	12:00:00	31.136	31.195	30.798	31.129	8166	0	41
2025.02.28	16:00:00	31.133	31.182	30.911	31.062	5611	0	41
2025.02.28	20:00:00	31.066	31.159	31.016	31.133	1584	0	41
2025.03.02	20:00:00	31.157	31.301	31.122	31.241	1104	0	41
2025.03.03	00:00:00	31.241	31.385	31.108	31.274	4967	0	41
2025.03.03	04:00:00	31.276	31.311	31.104	31.171	4113	0	41
2025.03.03	08:00:00	31.173	31.510	31.148	31.454	4224	0	41
2025.03.03	12:00:00	31.448	31.821	31.448	31.748	7323	0	41
2025.03.03	16:00:00	31.748	31.795	31.491	31.529	6619	0	41
2025.03.03	20:00:00	31.525	31.689	31.468	31.638	3324	0	41
2025.03.04	00:00:00	31.637	31.712	31.480	31.631	4282	0	41
2025.03.04	04:00:00	31.631	31.732	31.594	31.680	4277	0	41
2025.03.04	08:00:00	31.677	31.892	31.612	31.880	5357	0	41
2025.03.04	12:00:00	31.882	31.968	31.449	31.526	8828	0	41
2025.03.04	16:00:00	31.523	31.948	31.491	31.920	6860	0	41
2025.03.04	20:00:00	31.913	31.995	31.788	31.911	2929	0	41
2025.03.05	00:00:00	31.906	31.986	31.756	31.948	5818	0	41
2025.03.05	04:00:00	31.946	32.282	31.941	32.223	5159	0	41
2025.03.05	08:00:00	32.216	32.347	32.157	32.216	5587	0	41
2025.03.05	12:00:00	32.215	32.513	31.923	32.465	10040	0	41
2025.03.05	16:00:00	32.458	32.676	32.401	32.663	8083	0	41
2025.03.05	20:00:00	32.665	32.694	32.594	32.604	2531	0	41
2025.03.06	00:00:00	32.604	32.661	32.478	32.575	4604	0	41
2025.03.06	04:00:00	32.575	32.630	32.440	32.456	4531	0	41
2025.03.06	08:00:00	32.462	32.544	32.245	32.414	5500	0	41
2025.03.06	12:00:00	32.410	32.711	32.272	32.668	8772	0	41
2025.03.06	16:00:00	32.674	32.746	32.566	32.646	7484	0	41
2025.03.06	20:00:00	32.640	32.682	32.566	32.610	3117	0	41
2025.03.07	00:00:00	32.610	32.610	32.417	32.556	5183	0	41
2025.03.07	04:00:00	32.556	32.626	32.514	32.590	4581	0	41
2025.03.07	08:00:00	32.589	32.654	32.449	32.483	3427	0	41
2025.03.07	12:00:00	32.483	32.586	32.159	32.311	10094	0	41
2025.03.07	16:00:00	32.302	32.425	32.086	32.370	8135	0	41
2025.03.07	20:00:00	32.367	32.586	32.361	32.521	1850	0	41
2025.03.09	20:00:00	32.495	32.624	32.442	32.557	1770	0	41
2025.03.10	00:00:00	32.557	32.644	32.306	32.400	5619	0	41
2025.03.10	04:00:00	32.401	32.598	32.331	32.534	4743	0	41
2025.03.10	08:00:00	32.533	32.606	32.314	32.467	6782	0	41
2025.03.10	12:00:00	32.466	32.542	32.145	32.212	9390	0	41
2025.03.10	16:00:00	32.213	32.251	31.917	31.979	7638	0	41
2025.03.10	20:00:00	31.981	32.109	31.961	31.995	2160	0	41
2025.03.11	00:00:00	31.994	32.187	31.791	32.140	6411	0	41
2025.03.11	04:00:00	32.140	32.274	32.006	32.246	4973	0	41
2025.03.11	08:00:00	32.252	32.544	32.229	32.527	4363	0	41
2025.03.11	12:00:00	32.528	32.929	32.405	32.688	8857	0	41
2025.03.11	16:00:00	32.690	32.959	32.670	32.902	6993	0	41
2025.03.11	20:00:00	32.902	32.969	32.820	32.835	1851	0	41
2025.03.12	00:00:00	32.835	32.842	32.716	32.740	3973	0	41
2025.03.12	04:00:00	32.742	32.943	32.687	32.917	4180	0	41
2025.03.12	08:00:00	32.918	33.073	32.882	33.027	4620	0	41
2025.03.12	12:00:00	33.029	33.191	32.866	33.148	9609	0	41
2025.03.12	16:00:00	33.152	33.299	33.105	33.186	6072	0	41
2025.03.12	20:00:00	33.189	33.266	33.096	33.262	1457	0	41
2025.03.13	00:00:00	33.257	33.301	33.130	33.178	3327	0	41
2025.03.13	04:00:00	33.177	33.213	32.929	32.950	3789	0	41
2025.03.13	08:00:00	32.956	33.197	32.918	33.133	4380	0	41
2025.03.13	12:00:00	33.131	33.922	32.961	33.904	9259	0	41
2025.03.13	16:00:00	33.904	33.934	33.614	33.750	8395	0	41
2025.03.13	20:00:00	33.754	33.901	33.741	33.839	1759	0	41
2025.03.14	00:00:00	33.839	33.895	33.654	33.895	5050	0	41
2025.03.14	04:00:00	33.895	33.951	33.754	33.931	4543	0	41
2025.03.14	08:00:00	33.928	33.981	33.709	33.868	5228	0	41
2025.03.14	12:00:00	33.875	34.058	33.508	33.591	9517	0	41
2025.03.14	16:00:00	33.587	33.800	33.566	33.719	5417	0	41
2025.03.14	20:00:00	33.719	33.772	33.628	33.763	547	0	41
2025.03.16	20:00:00	33.819	33.838	33.747	33.768	1334	0	41
2025.03.17	00:00:00	33.768	33.878	33.714	33.779	4264	0	41
2025.03.17	04:00:00	33.779	33.842	33.666	33.708	3512	0	41
2025.03.17	08:00:00	33.708	33.845	33.636	33.746	3789	0	41
2025.03.17	12:00:00	33.745	33.777	33.414	33.665	8390	0	41
2025.03.17	16:00:00	33.665	33.867	33.613	33.842	4503	0	41
2025.03.17	20:00:00	33.843	33.872	33.723	33.730	1154	0	41
2025.03.18	00:00:00	33.727	33.925	33.727	33.894	4769	0	41
2025.03.18	04:00:00	33.892	33.968	33.839	33.879	3850	0	41
2025.03.18	08:00:00	33.872	34.104	33.872	34.077	4001	0	41
2025.03.18	12:00:00	34.073	34.209	33.843	34.001	9174	0	41
2025.03.18	16:00:00	34.000	34.135	33.889	33.902	5401	0	41
2025.03.18	20:00:00	33.905	34.012	33.890	33.943	1396	0	41
2025.03.19	00:00:00	33.943	34.049	33.854	34.023	3376	0	41
2025.03.19	04:00:00	34.021	34.074	33.816	33.816	4518	0	41
2025.03.19	08:00:00	33.824	33.908	33.553	33.905	3966	0	41
2025.03.19	12:00:00	33.905	33.920	33.442	33.467	7205	0	41
2025.03.19	16:00:00	33.468	33.920	33.459	33.784	7413	0	41
2025.03.19	20:00:00	33.777	33.892	33.691	33.886	1654	0	41
2025.03.20	00:00:00	33.886	33.926	33.751	33.855	4324	0	41
2025.03.20	04:00:00	33.855	33.916	33.605	33.635	4348	0	41
2025.03.20	08:00:00	33.635	33.684	33.077	33.364	5882	0	41
2025.03.20	12:00:00	33.361	33.500	33.196	33.421	7854	0	41
2025.03.20	16:00:00	33.421	33.534	33.348	33.512	4243	0	41
2025.03.20	20:00:00	33.510	33.569	33.474	33.520	1142	0	41
2025.03.21	00:00:00	33.519	33.530	33.102	33.120	4071	0	41
2025.03.21	04:00:00	33.119	33.203	32.939	33.034	4737	0	41
2025.03.21	08:00:00	33.033	33.194	32.923	33.164	4738	0	41
2025.03.21	12:00:00	33.164	33.231	32.642	32.855	8443	0	41
2025.03.21	16:00:00	32.855	33.015	32.838	32.954	4614	0	41
2025.03.21	20:00:00	32.958	33.034	32.954	33.014	521	0	41
2025.03.23	20:00:00	33.017	33.080	32.986	33.045	962	0	41
2025.03.24	00:00:00	33.044	33.170	32.926	33.086	4371	0	41
2025.03.24	04:00:00	33.086	33.200	33.065	33.074	3611	0	41
2025.03.24	08:00:00	33.071	33.285	33.071	33.076	4366	0	41
2025.03.24	12:00:00	33.076	33.219	32.900	32.990	5935	0	41
2025.03.24	16:00:00	32.993	33.057	32.869	32.935	3830	0	41
2025.03.24	20:00:00	32.935	33.023	32.904	32.916	1167	0	41
2025.03.25	00:00:00	32.916	33.107	32.907	33.087	3172	0	41
2025.03.25	04:00:00	33.093	33.161	33.074	33.080	2603	0	41
2025.03.25	08:00:00	33.080	33.516	33.080	33.414	3504	0	41
2025.03.25	12:00:00	33.416	33.781	33.350	33.631	7617	0	41
2025.03.25	16:00:00	33.632	33.687	33.551	33.615	4246	0	41
2025.03.25	20:00:00	33.609	33.728	33.600	33.660	1270	0	41
2025.03.26	00:00:00	33.657	33.792	33.610	33.626	4210	0	41
2025.03.26	04:00:00	33.626	33.774	33.539	33.726	3797	0	41
2025.03.26	08:00:00	33.730	33.776	33.579	33.763	3863	0	41
2025.03.26	12:00:00	33.761	33.909	33.501	33.587	6779	0	41
2025.03.26	16:00:00	33.586	33.713	33.486	33.542	4390	0	41
2025.03.26	20:00:00	33.543	33.658	33.542	33.631	2011	0	41
2025.03.27	00:00:00	33.632	33.722	33.586	33.712	4053	0	41
2025.03.27	04:00:00	33.711	33.760	33.611	33.722	4148	0	41
2025.03.27	08:00:00	33.722	34.075	33.629	34.073	4951	0	41
2025.03.27	12:00:00	34.077	34.379	33.685	34.270	9379	0	41
2025.03.27	16:00:00	34.269	34.450	34.182	34.391	5630	0	41
2025.03.27	20:00:00	34.394	34.452	34.351	34.392	1422	0	41
2025.03.28	00:00:00	34.389	34.470	34.149	34.276	5863	0	41
2025.03.28	04:00:00	34.276	34.475	34.239	34.394	5399	0	41
2025.03.28	08:00:00	34.392	34.493	34.270	34.397	5501	0	41
2025.03.28	12:00:00	34.398	34.565	33.955	34.130	10165	0	41
2025.03.28	16:00:00	34.123	34.166	33.909	34.039	6216	0	41
2025.03.28	20:00:00	34.040	34.135	34.031	34.092	645	0	41
2025.03.30	20:00:00	34.094	34.225	34.087	34.195	1592	0	41
2025.03.31	00:00:00	34.200	34.318	33.872	34.232	6845	0	41
2025.03.31	04:00:00	34.232	34.418	34.217	34.415	5601	0	41
2025.03.31	08:00:00	34.414	34.448	33.988	34.133	5650	0	41
2025.03.31	12:00:00	34.131	34.191	33.487	33.786	10176	0	41
2025.03.31	16:00:00	33.792	34.070	33.747	34.034	6084	0	41
2025.03.31	20:00:00	34.030	34.091	33.946	34.024	1630	0	41
2025.04.01	00:00:00	34.025	34.191	33.936	34.148	5255	0	41
2025.04.01	04:00:00	34.149	34.151	33.800	33.895	5538	0	41
2025.04.01	08:00:00	33.889	34.061	33.799	33.843	4904	0	41
2025.04.01	12:00:00	33.843	34.010	33.625	33.628	9047	0	41
2025.04.01	16:00:00	33.630	33.673	33.450	33.645	5683	0	41
2025.04.01	20:00:00	33.645	33.712	33.626	33.653	1521	0	41
2025.04.02	00:00:00	33.651	33.879	33.585	33.799	4561	0	41
2025.04.02	04:00:00	33.799	33.870	33.619	33.786	4615	0	41
2025.04.02	08:00:00	33.790	34.036	33.731	33.818	5112	0	41
2025.04.02	12:00:00	33.819	33.996	33.641	33.801	8153	0	41
2025.04.02	16:00:00	33.801	34.014	33.687	33.778	5952	0	41
2025.04.02	20:00:00	33.778	34.122	33.051	33.775	8611	0	41
2025.04.03	00:00:00	33.775	33.937	33.284	33.386	8594	0	41
2025.04.03	04:00:00	33.386	33.412	32.962	33.162	7363	0	41
2025.04.03	08:00:00	33.165	33.200	32.346	32.439	8061	0	41
2025.04.03	12:00:00	32.433	32.460	31.736	31.920	13503	0	41
2025.04.03	16:00:00	31.921	32.056	31.699	31.735	7636	0	41
2025.04.03	20:00:00	31.742	31.970	31.735	31.892	2306	0	41
2025.04.04	00:00:00	31.892	31.963	31.388	31.456	5961	0	41
2025.04.04	04:00:00	31.458	31.665	31.136	31.234	6280	0	41
2025.04.04	08:00:00	31.231	31.528	30.876	31.189	9463	0	41
2025.04.04	12:00:00	31.196	31.210	29.347	29.691	16736	0	41
2025.04.04	16:00:00	29.689	29.870	29.177	29.716	10615	0	41
2025.04.04	20:00:00	29.723	29.737	29.539	29.575	1316	0	41
2025.04.06	20:00:00	29.002	29.045	28.291	28.652	5015	0	41
2025.04.07	00:00:00	28.645	30.797	28.434	29.939	13977	0	41
2025.04.07	04:00:00	29.933	30.295	29.706	29.908	10199	0	41
2025.04.07	08:00:00	29.915	30.503	29.884	30.116	10279	0	41
2025.04.07	12:00:00	30.123	30.573	29.764	29.922	18080	0	41
2025.04.07	16:00:00	29.924	29.992	29.577	29.864	11951	0	41
2025.04.07	20:00:00	29.866	30.098	29.825	30.000	3118	0	41
2025.04.08	00:00:00	29.993	30.170	29.823	30.053	7317	0	41
2025.04.08	04:00:00	30.053	30.255	29.986	30.118	7024	0	41
2025.04.08	08:00:00	30.113	30.400	30.050	30.383	6679	0	41
2025.04.08	12:00:00	30.387	30.515	30.002	30.024	10987	0	41
2025.04.08	16:00:00	30.024	30.066	29.610	29.833	10601	0	41
2025.04.08	20:00:00	29.831	29.859	29.360	29.571	3733	0	41
2025.04.09	00:00:00	29.577	29.932	29.313	29.792	8812	0	41
2025.04.09	04:00:00	29.792	30.416	29.688	30.318	8325	0	41
2025.04.09	08:00:00	30.325	30.654	30.046	30.591	8978	0	41
2025.04.09	12:00:00	30.595	30.647	30.127	30.297	11555	0	41
2025.04.09	16:00:00	30.298	31.023	30.273	30.840	13166	0	41
2025.04.09	20:00:00	30.834	31.058	30.792	30.902	3291	0	41
2025.04.10	00:00:00	30.908	31.170	30.784	31.146	8314	0	41
2025.04.10	04:00:00	31.146	31.294	30.898	30.963	6490	0	41
2025.04.10	08:00:00	30.969	31.006	30.674	30.893	7362	0	41
2025.04.10	12:00:00	30.901	31.182	30.556	30.805	11883	0	41
2025.04.10	16:00:00	30.798	31.226	30.662	31.091	10649	0	41
2025.04.10	20:00:00	31.091	31.283	31.076	31.151	3366	0	41
2025.04.11	00:00:00	31.151	31.334	30.900	31.310	8199	0	41
2025.04.11	04:00:00	31.310	31.455	31.134	31.310	6895	0	41
2025.04.11	08:00:00	31.310	31.509	31.194	31.454	8876	0	41
2025.04.11	12:00:00	31.447	32.252	31.350	32.158	11750	0	41
2025.04.11	16:00:00	32.160	32.263	31.827	32.085	8288	0	41
2025.04.11	20:00:00	32.078	32.277	32.072	32.268	855	0	41
2025.04.13	20:00:00	32.135	32.182	31.965	32.063	2654	0	41
2025.04.14	00:00:00	32.061	32.124	31.801	31.850	6661	0	41
2025.04.14	04:00:00	31.850	32.265	31.802	32.168	5335	0	41
2025.04.14	08:00:00	32.172	32.365	32.072	32.250	6416	0	41
2025.04.14	12:00:00	32.252	32.378	31.719	31.940	8380	0	41
2025.04.14	16:00:00	31.939	32.354	31.925	32.270	5962	0	41
2025.04.14	20:00:00	32.265	32.358	32.221	32.281	1624	0	41
2025.04.15	00:00:00	32.281	32.300	32.129	32.262	4784	0	41
2025.04.15	04:00:00	32.262	32.393	32.186	32.338	4613	0	41
2025.04.15	08:00:00	32.339	32.362	32.194	32.247	4688	0	41
2025.04.15	12:00:00	32.249	32.349	32.072	32.199	7661	0	41
2025.04.15	16:00:00	32.201	32.349	32.181	32.305	4469	0	41
2025.04.15	20:00:00	32.306	32.388	32.252	32.380	2116	0	41
2025.04.16	00:00:00	32.379	32.473	32.265	32.384	5669	0	41
2025.04.16	04:00:00	32.384	32.853	32.359	32.822	5867	0	41
2025.04.16	08:00:00	32.815	33.091	32.755	32.926	7299	0	41
2025.04.16	12:00:00	32.919	33.052	32.652	32.879	8669	0	41
2025.04.16	16:00:00	32.880	32.989	32.702	32.721	6886	0	41
2025.04.16	20:00:00	32.720	32.915	32.695	32.810	2420	0	41
2025.04.17	00:00:00	32.814	32.919	32.113	32.632	7346	0	41
2025.04.17	04:00:00	32.632	32.649	32.238	32.434	5846	0	41
2025.04.17	08:00:00	32.435	32.468	32.253	32.348	4870	0	41
2025.04.17	12:00:00	32.352	32.622	32.067	32.247	9303	0	41
2025.04.17	16:00:00	32.254	32.523	32.251	32.451	5394	0	41
2025.04.17	20:00:00	32.451	32.555	32.433	32.540	556	0	41
2025.04.20	20:00:00	32.474	32.580	32.405	32.539	1950	0	41
2025.04.21	00:00:00	32.540	32.779	32.525	32.766	5444	0	41
2025.04.21	04:00:00	32.766	32.941	32.630	32.720	4574	0	41
2025.04.21	08:00:00	32.723	33.012	32.702	32.952	4313	0	41
2025.04.21	12:00:00	32.952	33.036	32.573	32.742	8912	0	41
2025.04.21	16:00:00	32.744	32.766	32.468	32.710	5768	0	41
2025.04.21	20:00:00	32.716	32.761	32.645	32.722	2356	0	41
2025.04.22	00:00:00	32.719	32.821	32.519	32.802	6622	0	41
2025.04.22	04:00:00	32.801	32.892	32.273	32.534	6991	0	41
2025.04.22	08:00:00	32.537	32.732	32.302	32.692	5932	0	41
2025.04.22	12:00:00	32.698	33.035	32.499	32.941	9843	0	41
2025.04.22	16:00:00	32.940	33.127	32.437	32.441	8477	0	41
2025.04.22	20:00:00	32.444	32.599	32.075	32.492	4358	0	41
2025.04.23	00:00:00	32.492	32.846	32.489	32.682	7197	0	41
2025.04.23	04:00:00	32.685	32.868	32.604	32.856	5725	0	41
2025.04.23	08:00:00	32.854	33.012	32.800	32.850	5098	0	41
2025.04.23	12:00:00	32.853	33.655	32.660	33.507	11265	0	41
2025.04.23	16:00:00	33.513	33.651	33.450	33.590	6130	0	41
2025.04.23	20:00:00	33.596	33.634	33.509	33.608	2149	0	41
2025.04.24	00:00:00	33.600	33.661	33.270	33.289	6920	0	41
2025.04.24	04:00:00	33.290	33.446	33.237	33.326	5079	0	41
2025.04.24	08:00:00	33.328	33.478	33.255	33.431	5016	0	41
2025.04.24	12:00:00	33.437	33.499	33.150	33.438	8187	0	41
2025.04.24	16:00:00	33.439	33.594	33.428	33.573	4332	0	41
2025.04.24	20:00:00	33.572	33.672	33.552	33.598	2514	0	41
2025.04.25	00:00:00	33.599	33.661	33.366	33.388	5023	0	41
2025.04.25	04:00:00	33.388	33.483	33.240	33.346	5725	0	41
2025.04.25	08:00:00	33.350	33.447	33.081	33.232	5372	0	41
2025.04.25	12:00:00	33.226	33.359	32.756	32.948	8562	0	41
2025.04.25	16:00:00	32.948	33.075	32.885	33.017	4576	0	41
2025.04.25	20:00:00	33.017	33.081	33.010	33.074	542	0	41
2025.04.27	20:00:00	33.040	33.090	32.872	32.881	1761	0	41
2025.04.28	00:00:00	32.880	33.003	32.637	32.821	6016	0	41
2025.04.28	04:00:00	32.821	32.992	32.761	32.947	4476	0	41
2025.04.28	08:00:00	32.944	33.069	32.795	33.030	4512	0	41
2025.04.28	12:00:00	33.035	33.133	32.781	33.025	7723	0	41
2025.04.28	16:00:00	33.021	33.176	33.009	33.168	5319	0	41
2025.04.28	20:00:00	33.167	33.177	33.062	33.095	1855	0	41
2025.04.29	00:00:00	33.095	33.227	32.923	32.962	4271	0	41
2025.04.29	04:00:00	32.962	33.224	32.862	33.209	4155	0	41
2025.04.29	08:00:00	33.216	33.352	33.141	33.195	4244	0	41
2025.04.29	12:00:00	33.198	33.515	33.029	33.187	8470	0	41
2025.04.29	16:00:00	33.183	33.303	32.785	32.813	4684	0	41
2025.04.29	20:00:00	32.808	32.941	32.808	32.915	1697	0	41
2025.04.30	00:00:00	32.915	33.093	32.856	32.859	4284	0	41
2025.04.30	04:00:00	32.859	32.965	32.648	32.660	4290	0	41
2025.04.30	08:00:00	32.659	32.677	32.165	32.196	5948	0	41
2025.04.30	12:00:00	32.202	32.756	32.174	32.689	9489	0	42
2025.04.30	16:00:00	32.689	32.717	32.512	32.530	4706	0	42
2025.04.30	20:00:00	32.532	32.645	32.512	32.603	2260	0	42
2025.05.01	00:00:00	32.603	32.657	31.955	32.006	5010	0	42
2025.05.01	04:00:00	32.006	32.163	31.970	32.118	4119	0	42
2025.05.01	08:00:00	32.118	32.296	31.653	31.704	4501	0	42
2025.05.01	12:00:00	31.698	32.480	31.666	32.228	9421	0	42
2025.05.01	16:00:00	32.228	32.391	32.077	32.321	4847	0	42
2025.05.01	20:00:00	32.319	32.437	32.303	32.425	1860	0	42
2025.05.02	00:00:00	32.423	32.696	32.393	32.671	4086	0	42
2025.05.02	04:00:00	32.673	32.689	32.524	32.528	4010	0	42
2025.05.02	08:00:00	32.527	32.574	32.243	32.268	4393	0	42
2025.05.02	12:00:00	32.268	32.592	31.916	31.992	9889	0	42
2025.05.02	16:00:00	31.993	32.098	31.935	32.005	5341	0	42
2025.05.02	20:00:00	32.003	32.051	31.989	32.001	519	0	42
2025.05.04	20:00:00	32.002	32.076	31.998	32.043	1354	0	42
2025.05.05	00:00:00	32.043	32.183	31.978	32.128	4153	0	42
2025.05.05	04:00:00	32.127	32.436	32.106	32.302	3622	0	42
2025.05.05	08:00:00	32.301	32.461	32.291	32.374	4692	0	42
2025.05.05	12:00:00	32.374	32.648	32.194	32.253	7915	0	42
2025.05.05	16:00:00	32.248	32.470	32.143	32.392	4738	0	42
2025.05.05	20:00:00	32.399	32.507	32.376	32.494	1715	0	42
2025.05.06	00:00:00	32.495	33.060	32.466	33.049	6854	0	42
2025.05.06	04:00:00	33.049	33.145	32.928	33.029	4537	0	42
2025.05.06	08:00:00	33.036	33.108	32.854	33.074	5508	0	42
2025.05.06	12:00:00	33.068	33.214	32.995	33.014	8009	0	42
2025.05.06	16:00:00	33.013	33.223	32.973	33.210	4615	0	42
2025.05.06	20:00:00	33.211	33.236	33.022	33.139	3557	0	42
2025.05.07	00:00:00	33.132	33.138	32.807	32.949	6464	0	42
2025.05.07	04:00:00	32.949	33.086	32.944	32.984	4187	0	42
2025.05.07	08:00:00	32.984	32.994	32.712	32.871	4907	0	42
2025.05.07	12:00:00	32.867	32.937	32.532	32.612	7980	0	42
2025.05.07	16:00:00	32.614	32.663	32.230	32.396	7195	0	42
2025.05.07	20:00:00	32.402	32.444	32.363	32.440	1954	0	42
2025.05.08	00:00:00	32.442	32.908	32.414	32.838	5042	0	42
2025.05.08	04:00:00	32.838	32.923	32.204	32.356	6290	0	42
2025.05.08	08:00:00	32.356	32.513	32.291	32.377	5009	0	42
2025.05.08	12:00:00	32.378	32.734	32.354	32.613	7772	0	42
2025.05.08	16:00:00	32.609	32.609	32.278	32.364	5441	0	42
2025.05.08	20:00:00	32.371	32.505	32.364	32.423	2215	0	42
2025.05.09	00:00:00	32.424	32.512	32.204	32.423	5452	0	42
2025.05.09	04:00:00	32.423	32.694	32.416	32.635	4650	0	42
2025.05.09	08:00:00	32.639	32.640	32.398	32.530	4277	0	42
2025.05.09	12:00:00	32.525	32.807	32.504	32.803	6857	0	42
2025.05.09	16:00:00	32.803	32.847	32.677	32.737	4135	0	42
2025.05.09	20:00:00	32.731	32.763	32.696	32.724	590	0	42
2025.05.11	20:00:00	32.563	32.658	32.527	32.645	2162	0	42
2025.05.12	00:00:00	32.645	32.823	32.475	32.808	5805	0	42
2025.05.12	04:00:00	32.808	32.972	31.911	32.035	6469	0	42
2025.05.12	08:00:00	32.041	32.388	31.866	32.304	7745	0	42
2025.05.12	12:00:00	32.297	32.721	32.126	32.539	9163	0	42
2025.05.12	16:00:00	32.538	32.574	32.346	32.554	4378	0	42
2025.05.12	20:00:00	32.554	32.600	32.532	32.559	1569	0	42
2025.05.13	00:00:00	32.562	33.022	32.515	33.011	5071	0	42
2025.05.13	04:00:00	33.011	33.210	32.938	33.167	4822	0	42
2025.05.13	08:00:00	33.167	33.190	32.828	32.843	4495	0	42
2025.05.13	12:00:00	32.836	32.959	32.500	32.933	9397	0	42
2025.05.13	16:00:00	32.933	32.978	32.830	32.928	4032	0	42
2025.05.13	20:00:00	32.925	32.956	32.886	32.932	1267	0	42
2025.05.14	00:00:00	32.933	32.939	32.583	32.615	4590	0	42
2025.05.14	04:00:00	32.615	32.905	32.556	32.885	4530	0	42
2025.05.14	08:00:00	32.882	32.915	32.747	32.847	5143	0	42
2025.05.14	12:00:00	32.847	32.903	32.111	32.266	9444	0	42
2025.05.14	16:00:00	32.273	32.288	32.067	32.141	4376	0	42
2025.05.14	20:00:00	32.141	32.235	32.136	32.197	1442	0	42
2025.05.15	00:00:00	32.198	32.275	31.784	31.852	5592	0	42
2025.05.15	04:00:00	31.852	31.974	31.631	31.775	6034	0	42
2025.05.15	08:00:00	31.768	32.187	31.721	32.163	4965	0	42
2025.05.15	12:00:00	32.157	32.515	32.055	32.513	7454	0	42
2025.05.15	16:00:00	32.514	32.562	32.435	32.552	3217	0	42
2025.05.15	20:00:00	32.551	32.673	32.545	32.613	2006	0	42
2025.05.16	00:00:00	32.615	32.649	32.330	32.352	4789	0	42
2025.05.16	04:00:00	32.354	32.457	32.270	32.283	3810	0	42
2025.05.16	08:00:00	32.282	32.302	31.882	31.951	5097	0	42
2025.05.16	12:00:00	31.953	32.300	31.847	32.175	7835	0	42
2025.05.16	16:00:00	32.175	32.251	32.146	32.222	3842	0	42
2025.05.16	20:00:00	32.221	32.282	32.216	32.261	540	0	42
2025.05.18	20:00:00	32.281	32.501	32.270	32.447	1934	0	42
2025.05.19	00:00:00	32.446	32.544	32.263	32.270	4858	0	42
2025.05.19	04:00:00	32.270	32.494	32.249	32.437	3897	0	42
2025.05.19	08:00:00	32.434	32.596	32.408	32.585	4050	0	42
2025.05.19	12:00:00	32.585	32.605	32.216	32.390	6173	0	42
2025.05.19	16:00:00	32.393	32.406	32.284	32.338	2959	0	42
2025.05.19	20:00:00	32.337	32.364	32.307	32.342	1362	0	42
2025.05.20	00:00:00	32.344	32.384	32.158	32.167	4233	0	42
2025.05.20	04:00:00	32.167	32.302	32.106	32.265	4274	0	42
2025.05.20	08:00:00	32.270	32.567	32.225	32.522	3879	0	42
2025.05.20	12:00:00	32.522	32.892	32.415	32.846	7531	0	42
2025.05.20	16:00:00	32.844	33.111	32.831	33.105	3422	0	42
2025.05.20	20:00:00	33.105	33.127	33.058	33.078	2112	0	42
2025.05.21	00:00:00	33.078	33.153	32.907	33.033	4906	0	42
2025.05.21	04:00:00	33.032	33.174	33.000	33.163	4331	0	42
2025.05.21	08:00:00	33.170	33.192	33.064	33.100	4226	0	42
2025.05.21	12:00:00	33.099	33.490	32.962	33.384	7163	0	42
2025.05.21	16:00:00	33.383	33.545	33.202	33.526	5187	0	42
2025.05.21	20:00:00	33.530	33.550	33.370	33.433	2120	0	42
2025.05.22	00:00:00	33.433	33.591	33.395	33.561	5035	0	42
2025.05.22	04:00:00	33.562	33.681	33.423	33.446	4522	0	42
2025.05.22	08:00:00	33.447	33.450	32.593	32.833	6595	0	42
2025.05.22	12:00:00	32.833	33.178	32.701	32.998	8530	0	42
2025.05.22	16:00:00	32.998	33.109	32.986	33.018	3605	0	42
2025.05.22	20:00:00	33.015	33.058	33.000	33.026	1315	0	42
2025.05.23	00:00:00	33.027	33.134	32.999	33.121	3998	0	42
2025.05.23	04:00:00	33.121	33.277	33.119	33.213	3903	0	42
2025.05.23	08:00:00	33.213	33.249	32.963	33.074	4893	0	42
2025.05.23	12:00:00	33.066	33.340	32.882	33.292	8786	0	42
2025.05.23	16:00:00	33.292	33.522	33.255	33.463	3827	0	42
2025.05.23	20:00:00	33.456	33.516	33.454	33.462	541	0	42
2025.05.25	20:00:00	33.409	33.530	33.393	33.421	1596	0	42
2025.05.26	00:00:00	33.421	33.546	33.337	33.444	4226	0	42
2025.05.26	04:00:00	33.445	33.535	33.348	33.484	3427	0	42
2025.05.26	08:00:00	33.488	33.514	33.223	33.338	3214	0	42
2025.05.26	12:00:00	33.340	33.388	33.278	33.347	3468	0	42
2025.05.26	16:00:00	33.347	33.451	33.338	33.447	929	0	42
2025.05.26	20:00:00	33.449	33.465	33.384	33.396	888	0	42
2025.05.27	00:00:00	33.395	33.509	33.268	33.296	3518	0	42
2025.05.27	04:00:00	33.296	33.334	32.950	32.978	5299	0	42
2025.05.27	08:00:00	32.971	33.155	32.831	32.833	4944	0	42
2025.05.27	12:00:00	32.837	33.130	32.750	33.075	6761	0	42
2025.05.27	16:00:00	33.074	33.251	33.057	33.231	2774	0	42
2025.05.27	20:00:00	33.232	33.272	33.209	33.257	1157	0	42
2025.05.28	00:00:00	33.258	33.326	33.196	33.262	3455	0	42
2025.05.28	04:00:00	33.262	33.346	33.110	33.337	3675	0	42
2025.05.28	08:00:00	33.343	33.413	33.153	33.236	3422	0	42
2025.05.28	12:00:00	33.235	33.257	32.967	32.981	5912	0	42
2025.05.28	16:00:00	32.980	33.030	32.937	32.946	3041	0	42
2025.05.28	20:00:00	32.945	32.988	32.677	32.853	2772	0	42
2025.05.29	00:00:00	32.858	33.206	32.801	33.173	5521	0	42
2025.05.29	04:00:00	33.173	33.325	33.104	33.304	3740	0	42
2025.05.29	08:00:00	33.305	33.450	33.206	33.402	4089	0	42
2025.05.29	12:00:00	33.402	33.479	33.053	33.245	7182	0	42
2025.05.29	16:00:00	33.251	33.334	33.219	33.328	3158	0	42
2025.05.29	20:00:00	33.328	33.344	33.231	33.244	1170	0	42
2025.05.30	00:00:00	33.244	33.266	32.935	32.948	3836	0	42
2025.05.30	04:00:00	32.948	33.144	32.920	33.124	3905	0	42
2025.05.30	08:00:00	33.125	33.182	32.974	33.087	3640	0	42
2025.05.30	12:00:00	33.091	33.288	32.862	32.923	8514	0	42
2025.05.30	16:00:00	32.925	32.993	32.750	32.971	4225	0	42
2025.05.30	20:00:00	32.977	32.983	32.953	32.962	423	0	42
2025.06.01	20:00:00	33.043	33.119	32.992	33.054	1380	0	42
2025.06.02	00:00:00	33.053	33.110	32.937	33.008	3920	0	42
2025.06.02	04:00:00	33.013	33.551	33.011	33.406	4736	0	42
2025.06.02	08:00:00	33.405	33.491	33.170	33.269	5418	0	42
2025.06.02	12:00:00	33.269	34.452	33.252	34.415	9131	0	42
2025.06.02	16:00:00	34.422	34.731	34.332	34.727	4358	0	42
2025.06.02	20:00:00	34.728	34.769	34.623	34.708	1991	0	42
2025.06.03	00:00:00	34.707	34.730	33.937	34.020	6463	0	42
2025.06.03	04:00:00	34.020	34.224	34.011	34.211	4911	0	42
2025.06.03	08:00:00	34.204	34.290	34.163	34.278	4068	0	42
2025.06.03	12:00:00	34.278	34.517	34.157	34.423	7112	0	42
2025.06.03	16:00:00	34.422	34.591	34.363	34.570	3144	0	29
2025.06.03	20:00:00	34.571	34.596	34.495	34.578	1173	0	29
2025.06.04	00:00:00	34.578	34.636	34.450	34.470	3787	0	29
2025.06.04	04:00:00	34.470	34.555	34.394	34.414	3605	0	29
2025.06.04	08:00:00	34.412	34.549	34.174	34.356	4285	0	29
2025.06.04	12:00:00	34.349	34.555	34.217	34.403	7795	0	29
2025.06.04	16:00:00	34.410	34.540	34.384	34.467	3122	0	29
2025.06.04	20:00:00	34.466	34.526	34.443	34.495	1280	0	29
2025.06.05	00:00:00	34.495	34.584	34.444	34.485	3692	0	29
2025.06.05	04:00:00	34.485	34.607	34.420	34.604	4056	0	29
2025.06.05	08:00:00	34.604	35.940	34.596	35.696	8532	0	29
2025.06.05	12:00:00	35.706	36.053	35.286	35.387	12034	0	29
2025.06.05	16:00:00	35.386	35.685	35.305	35.680	5582	0	29
2025.06.05	20:00:00	35.682	35.734	35.615	35.708	1932	0	29
2025.06.06	00:00:00	35.702	36.054	35.688	36.025	5196	0	29
2025.06.06	04:00:00	36.025	36.198	35.897	36.142	5692	0	29
2025.06.06	08:00:00	36.142	36.250	35.980	36.092	5440	0	29
2025.06.06	12:00:00	36.092	36.317	35.803	36.054	10389	0	29
2025.06.06	16:00:00	36.054	36.087	35.894	35.940	4396	0	29
2025.06.06	20:00:00	35.945	35.998	35.906	35.968	570	0	29
2025.06.08	20:00:00	36.037	36.079	35.948	36.038	1608	0	29
2025.06.09	00:00:00	36.037	36.069	35.902	35.986	5705	0	29
2025.06.09	04:00:00	35.988	36.399	35.964	36.278	5560	0	29
2025.06.09	08:00:00	36.283	36.421	36.128	36.346	4967	0	29
2025.06.09	12:00:00	36.346	36.678	36.239	36.612	8240	0	29
2025.06.09	16:00:00	36.612	36.870	36.592	36.711	4138	0	29
2025.06.09	20:00:00	36.708	36.811	36.707	36.787	1523	0	30
2025.06.10	00:00:00	36.787	36.787	36.292	36.521	6370	0	29
2025.06.10	04:00:00	36.521	36.615	36.403	36.474	5973	0	29
2025.06.10	08:00:00	36.474	36.790	36.466	36.705	5030	0	29
2025.06.10	12:00:00	36.710	36.757	36.306	36.418	8329	0	29
2025.06.10	16:00:00	36.418	36.588	36.403	36.528	3859	0	29
2025.06.10	20:00:00	36.531	36.582	36.493	36.574	1926	0	29
2025.06.11	00:00:00	36.575	36.626	36.487	36.584	4382	0	29
2025.06.11	04:00:00	36.583	36.610	36.362	36.536	4820	0	29
2025.06.11	08:00:00	36.529	36.548	36.007	36.238	6005	0	29
2025.06.11	12:00:00	36.245	36.543	36.020	36.262	9545	0	29
2025.06.11	16:00:00	36.264	36.280	36.042	36.217	5486	0	29
2025.06.11	20:00:00	36.219	36.351	36.209	36.343	2304	0	29
2025.06.12	00:00:00	36.345	36.384	36.260	36.358	5279	0	29
2025.06.12	04:00:00	36.361	36.438	35.444	35.721	6042	0	29
2025.06.12	08:00:00	35.728	36.299	35.677	36.238	7317	0	29
2025.06.12	12:00:00	36.236	36.383	36.066	36.279	8945	0	29
2025.06.12	16:00:00	36.281	36.350	36.189	36.350	4042	0	29
2025.06.12	20:00:00	36.346	36.381	36.298	36.380	1484	0	29
2025.06.13	00:00:00	36.378	36.622	35.967	36.245	9244	0	29
2025.06.13	04:00:00	36.244	36.368	35.961	36.259	6833	0	29
2025.06.13	08:00:00	36.257	36.449	36.050	36.218	7198	0	29
2025.06.13	12:00:00	36.220	36.352	36.063	36.194	8990	0	29
2025.06.13	16:00:00	36.197	36.332	36.149	36.249	4965	0	29
2025.06.13	20:00:00	36.255	36.337	36.218	36.302	750	0	29
2025.06.15	20:00:00	36.356	36.382	36.056	36.285	2688	0	30
2025.06.16	00:00:00	36.285	36.376	36.082	36.223	6107	0	29
2025.06.16	04:00:00	36.223	36.523	36.193	36.432	6102	0	29
2025.06.16	08:00:00	36.434	36.460	36.260	36.296	5424	0	29
2025.06.16	12:00:00	36.303	36.485	36.185	36.390	8099	0	29
2025.06.16	16:00:00	36.389	36.404	36.268	36.308	3909	0	29
2025.06.16	20:00:00	36.313	36.381	36.274	36.313	2006	0	29
2025.06.17	00:00:00	36.315	36.436	36.109	36.226	5527	0	29
2025.06.17	04:00:00	36.226	36.478	36.224	36.452	4950	0	29
2025.06.17	08:00:00	36.451	37.222	36.333	36.987	7072	0	29
2025.06.17	12:00:00	36.987	37.217	36.736	37.177	9320	0	30
2025.06.17	16:00:00	37.179	37.238	36.994	37.098	4967	0	29
2025.06.17	20:00:00	37.102	37.151	37.086	37.112	1687	0	30
2025.06.18	00:00:00	37.109	37.253	37.047	37.238	4950	0	29
2025.06.18	04:00:00	37.238	37.299	37.079	37.206	5246	0	30
2025.06.18	08:00:00	37.207	37.268	37.083	37.117	4607	0	30
2025.06.18	12:00:00	37.122	37.156	36.626	36.887	7781	0	29
2025.06.18	16:00:00	36.887	36.976	36.516	36.591	6646	0	29
2025.06.18	20:00:00	36.594	36.757	36.557	36.733	2088	0	30
2025.06.19	00:00:00	36.738	36.768	36.584	36.745	4087	0	29
2025.06.19	04:00:00	36.745	36.760	36.211	36.271	5741	0	29
2025.06.19	08:00:00	36.271	36.417	36.230	36.339	5035	0	29
2025.06.19	12:00:00	36.339	36.411	36.195	36.369	6130	0	29
2025.06.19	16:00:00	36.370	36.382	36.330	36.372	995	0	29
2025.06.19	20:00:00	36.374	36.414	36.365	36.382	1422	0	29
2025.06.20	00:00:00	36.383	36.399	35.656	35.793	6019	0	29
2025.06.20	04:00:00	35.792	35.900	35.495	35.889	5536	0	29
2025.06.20	08:00:00	35.889	36.148	35.875	35.979	5249	0	29
2025.06.20	12:00:00	35.986	36.091	35.836	35.955	7840	0	29
2025.06.20	16:00:00	35.957	36.068	35.925	36.003	3701	0	29
2025.06.20	20:00:00	35.997	36.027	35.970	35.994	457	0	29
2025.06.22	20:00:00	35.957	36.106	35.878	36.068	2268	0	29
2025.06.23	00:00:00	36.066	36.119	35.871	36.082	5980	0	29
2025.06.23	04:00:00	36.083	36.136	35.930	36.097	5228	0	29
2025.06.23	08:00:00	36.097	36.226	36.054	36.199	5050	0	29
2025.06.23	12:00:00	36.205	36.329	35.925	36.278	7199	0	29
2025.06.23	16:00:00	36.279	36.349	36.147	36.247	4540	0	29
2025.06.23	20:00:00	36.249	36.265	35.587	35.884	3669	0	29
2025.06.24	00:00:00	35.882	36.187	35.810	36.116	5631	0	29
2025.06.24	04:00:00	36.116	36.177	35.917	36.100	6122	0	29
2025.06.24	08:00:00	36.100	36.156	36.032	36.138	5322	0	29
2025.06.24	12:00:00	36.138	36.139	35.269	35.696	8753	0	29
2025.06.24	16:00:00	35.700	35.898	35.677	35.888	3210	0	29
2025.06.24	20:00:00	35.885	35.954	35.873	35.933	1225	0	29
2025.06.25	00:00:00	35.933	35.975	35.888	35.910	3899	0	29
2025.06.25	04:00:00	35.910	36.040	35.888	35.980	3645	0	29
2025.06.25	08:00:00	35.977	35.988	35.660	35.750	4613	0	29
2025.06.25	12:00:00	35.744	36.026	35.695	36.000	6268	0	29
2025.06.25	16:00:00	36.001	36.309	36.001	36.306	3894	0	29
2025.06.25	20:00:00	36.304	36.345	36.222	36.327	1638	0	29
2025.06.26	00:00:00	36.327	36.403	36.227	36.367	4544	0	29
2025.06.26	04:00:00	36.367	36.391	36.232	36.389	4485	0	29
2025.06.26	08:00:00	36.389	36.815	36.344	36.606	6207	0	29
2025.06.26	12:00:00	36.606	36.664	36.247	36.645	7763	0	29
2025.06.26	16:00:00	36.648	36.699	36.567	36.671	3910	0	29
2025.06.26	20:00:00	36.676	36.685	36.601	36.619	1624	0	30
2025.06.27	00:00:00	36.619	36.710	36.385	36.395	5459	0	29
2025.06.27	04:00:00	36.395	36.616	36.070	36.081	6232	0	29
2025.06.27	08:00:00	36.089	36.171	35.778	36.020	6751	0	29
2025.06.27	12:00:00	36.014	36.161	35.793	36.113	9042	0	29
2025.06.27	16:00:00	36.113	36.194	35.878	35.903	4421	0	29
2025.06.27	20:00:00	35.903	35.991	35.862	35.979	612	0	29
2025.06.29	20:00:00	36.010	36.015	35.400	35.753	2730	0	29
2025.06.30	00:00:00	35.746	36.155	35.744	36.104	5151	0	29
2025.06.30	04:00:00	36.104	36.217	36.059	36.104	4097	0	29
2025.06.30	08:00:00	36.103	36.192	35.811	35.898	4174	0	29
2025.06.30	12:00:00	35.900	36.067	35.876	35.936	6336	0	29
2025.06.30	16:00:00	35.936	36.099	35.922	36.076	3128	0	29
2025.06.30	20:00:00	36.076	36.142	36.055	36.141	1421	0	29
2025.07.01	00:00:00	36.141	36.167	35.791	36.013	4325	0	29
2025.07.01	04:00:00	36.014	36.500	36.013	36.225	5326	0	29
2025.07.01	08:00:00	36.220	36.602	36.197	36.409	5087	0	29
2025.07.01	12:00:00	36.416	36.537	36.080	36.203	7646	0	29
2025.07.01	16:00:00	36.204	36.263	35.990	36.001	3273	0	29
2025.07.01	20:00:00	36.002	36.090	35.973	36.077	1808	0	29
2025.07.02	00:00:00	36.077	36.189	35.891	35.976	4476	0	29
2025.07.02	04:00:00	35.977	36.157	35.861	36.084	4494	0	29
2025.07.02	08:00:00	36.084	36.356	36.024	36.241	3951	0	29
2025.07.02	12:00:00	36.242	36.459	36.160	36.442	6701	0	29
2025.07.02	16:00:00	36.446	36.566	36.433	36.560	2879	0	29
2025.07.02	20:00:00	36.560	36.574	36.376	36.400	1454	0	29
2025.07.03	00:00:00	36.399	36.438	36.328	36.353	3504	0	29
2025.07.03	04:00:00	36.352	36.955	36.352	36.895	4645	0	29
2025.07.03	08:00:00	36.896	37.058	36.671	36.848	4918	0	29
2025.07.03	12:00:00	36.848	36.896	36.375	36.782	8549	0	29
2025.07.03	16:00:00	36.784	36.902	36.750	36.835	2277	0	29
2025.07.03	20:00:00	36.835	36.854	36.755	36.782	965	0	30
2025.07.04	00:00:00	36.781	36.827	36.609	36.779	3660	0	29
2025.07.04	04:00:00	36.775	36.910	36.652	36.830	4303	0	29
2025.07.04	08:00:00	36.831	36.917	36.754	36.849	3829	0	29
2025.07.04	12:00:00	36.849	36.942	36.753	36.892	4213	0	29
2025.07.04	16:00:00	36.892	36.926	36.877	36.924	440	0	30
2025.07.06	20:00:00	37.145	37.210	36.965	36.981	1673	0	30
2025.07.07	00:00:00	36.981	36.990	36.644	36.752	5237	0	29
2025.07.07	04:00:00	36.753	36.803	36.349	36.473	6495	0	29
2025.07.07	08:00:00	36.473	36.615	36.141	36.213	5780	0	29
2025.07.07	12:00:00	36.215	36.690	36.170	36.684	6268	0	29
2025.07.07	16:00:00	36.684	36.783	36.638	36.780	3819	0	29
2025.07.07	20:00:00	36.774	36.821	36.742	36.781	1303	0	29
2025.07.08	00:00:00	36.777	36.812	36.640	36.769	3933	0	29
2025.07.08	04:00:00	36.769	36.863	36.721	36.840	3826	0	29
2025.07.08	08:00:00	36.833	36.835	36.648	36.689	4220	0	29
2025.07.08	12:00:00	36.687	36.771	36.323	36.398	7526	0	29
2025.07.08	16:00:00	36.399	36.705	36.278	36.647	5085	0	29
2025.07.08	20:00:00	36.643	36.750	36.495	36.534	1898	0	29
2025.07.09	00:00:00	36.535	36.706	36.463	36.555	5225	0	29
2025.07.09	04:00:00	36.555	36.712	36.475	36.527	4844	0	29
2025.07.09	08:00:00	36.527	36.637	36.406	36.479	4149	0	29
2025.07.09	12:00:00	36.479	36.506	36.260	36.423	6200	0	29
2025.07.09	16:00:00	36.427	36.455	36.281	36.324	3090	0	29
2025.07.09	20:00:00	36.326	36.418	36.313	36.399	1309	0	29
2025.07.10	00:00:00	36.400	36.468	36.340	36.436	3791	0	29
2025.07.10	04:00:00	36.436	36.703	36.356	36.528	4042	0	29
2025.07.10	08:00:00	36.530	36.826	36.461	36.599	4972	0	29
2025.07.10	12:00:00	36.599	36.878	36.443	36.837	8960	0	29
2025.07.10	16:00:00	36.837	37.107	36.735	37.077	4662	0	29
2025.07.10	20:00:00	37.076	37.124	36.963	37.096	2459	0	30
2025.07.11	00:00:00	37.096	37.208	36.899	37.176	6239	0	29
2025.07.11	04:00:00	37.176	37.435	37.149	37.400	6785	0	30
2025.07.11	08:00:00	37.403	37.639	37.393	37.622	5421	0	30
2025.07.11	12:00:00	37.624	38.326	37.516	38.163	9027	0	33
2025.07.11	16:00:00	38.162	38.518	38.149	38.485	5295	0	33
2025.07.11	20:00:00	38.487	38.490	38.376	38.385	659	0	36
2025.07.13	20:00:00	38.474	38.574	38.407	38.493	2434	0	36
2025.07.14	00:00:00	38.493	38.922	38.392	38.907	6607	0	36
2025.07.14	04:00:00	38.897	39.071	38.783	38.961	6959	0	36
2025.07.14	08:00:00	38.961	39.111	38.870	38.956	5487	0	36
2025.07.14	12:00:00	38.957	39.028	38.195	38.249	8630	0	33
2025.07.14	16:00:00	38.249	38.466	38.089	38.114	4438	0	33
2025.07.14	20:00:00	38.115	38.274	38.064	38.255	1957	0	36
2025.07.15	00:00:00	38.252	38.281	37.900	38.121	5410	0	33
2025.07.15	04:00:00	38.121	38.364	38.121	38.332	4610	0	33
2025.07.15	08:00:00	38.336	38.339	38.111	38.259	4767	0	33
2025.07.15	12:00:00	38.260	38.275	37.573	37.631	8609	0	29
2025.07.15	16:00:00	37.631	37.816	37.616	37.730	4068	0	33
2025.07.15	20:00:00	37.726	37.792	37.673	37.784	1474	0	33
2025.07.16	00:00:00	37.784	37.834	37.705	37.817	4627	0	33
2025.07.16	04:00:00	37.817	37.951	37.788	37.929	3755	0	33
2025.07.16	08:00:00	37.924	38.069	37.819	37.995	4149	0	33
2025.07.16	12:00:00	37.997	38.032	37.483	37.795	8796	0	33
2025.07.16	16:00:00	37.790	37.943	37.695	37.860	5379	0	33
2025.07.16	20:00:00	37.859	37.926	37.854	37.880	1195	0	33
2025.07.17	00:00:00	37.882	37.983	37.821	37.976	4116	0	33
2025.07.17	04:00:00	37.975	37.997	37.745	37.770	4629	0	33
2025.07.17	08:00:00	37.775	37.875	37.742	37.848	4326	0	33
2025.07.17	12:00:00	37.848	38.058	37.523	37.997	7519	0	30
2025.07.17	16:00:00	37.997	38.148	37.956	38.134	3178	0	33
2025.07.17	20:00:00	38.134	38.173	38.083	38.100	1374	0	33
2025.07.18	00:00:00	38.103	38.183	38.039	38.129	4752	0	33
2025.07.18	04:00:00	38.129	38.375	38.058	38.334	4494	0	33
2025.07.18	08:00:00	38.334	38.417	38.257	38.376	4321	0	33
2025.07.18	12:00:00	38.379	38.424	38.152	38.226	6848	0	33
2025.07.18	16:00:00	38.227	38.272	38.093	38.104	3412	0	33
2025.07.18	20:00:00	38.107	38.202	38.101	38.196	437	0	33
2025.07.20	20:00:00	38.125	38.195	38.084	38.194	960	0	36
2025.07.21	00:00:00	38.195	38.315	38.150	38.150	3670	0	33
2025.07.21	04:00:00	38.151	38.444	38.140	38.380	4111	0	33
2025.07.21	08:00:00	38.372	38.549	38.340	38.534	4253	0	33
2025.07.21	12:00:00	38.526	38.952	38.446	38.926	7330	0	33
2025.07.21	16:00:00	38.924	39.038	38.878	38.880	3883	0	33
2025.07.21	20:00:00	38.881	38.978	38.876	38.954	1326	0	36
2025.07.22	00:00:00	38.952	38.972	38.724	38.828	4366	0	36
2025.07.22	04:00:00	38.828	38.918	38.702	38.795	4366	0	36
2025.07.22	08:00:00	38.795	38.938	38.740	38.924	3815	0	36
2025.07.22	12:00:00	38.923	39.194	38.711	39.185	8290	0	36
2025.07.22	16:00:00	39.184	39.289	39.130	39.276	4052	0	36
2025.07.22	20:00:00	39.275	39.326	39.211	39.225	1817	0	36
2025.07.23	00:00:00	39.225	39.363	39.110	39.210	6010	0	36
2025.07.23	04:00:00	39.213	39.363	39.142	39.182	5225	0	36
2025.07.23	08:00:00	39.182	39.435	39.163	39.361	4330	0	36
2025.07.23	12:00:00	39.361	39.511	39.224	39.252	7577	0	36
2025.07.23	16:00:00	39.244	39.291	39.033	39.281	5943	0	36
2025.07.23	20:00:00	39.280	39.339	39.218	39.274	1656	0	36
2025.07.24	00:00:00	39.274	39.299	38.782	39.022	6130	0	36
2025.07.24	04:00:00	39.025	39.147	38.929	39.033	4986	0	36
2025.07.24	08:00:00	39.041	39.115	38.955	39.059	4645	0	36
2025.07.24	12:00:00	39.059	39.105	38.679	38.995	7058	0	36
2025.07.24	16:00:00	38.995	39.116	38.887	39.055	3023	0	36
2025.07.24	20:00:00	39.055	39.124	39.002	39.088	1410	0	36
2025.07.25	00:00:00	39.088	39.180	38.971	39.001	4725	0	36
2025.07.25	04:00:00	39.002	39.118	38.919	39.014	4325	0	33
2025.07.25	08:00:00	39.015	39.049	38.615	38.748	4191	0	33
2025.07.25	12:00:00	38.753	38.943	37.940	38.041	8604	0	33
2025.07.25	16:00:00	38.041	38.253	38.021	38.151	4038	0	33
2025.07.25	20:00:00	38.151	38.179	38.137	38.156	463	0	33
2025.07.27	20:00:00	38.118	38.189	38.038	38.166	1512	0	36
2025.07.28	00:00:00	38.166	38.292	38.132	38.224	4545	0	33
2025.07.28	04:00:00	38.224	38.321	38.171	38.228	4088	0	33
2025.07.28	08:00:00	38.230	38.275	38.077	38.115	3879	0	33
2025.07.28	12:00:00	38.115	38.158	37.888	38.133	6857	0	33
2025.07.28	16:00:00	38.132	38.166	38.011	38.123	2835	0	33
2025.07.28	20:00:00	38.123	38.178	38.122	38.170	1294	0	33
2025.07.29	00:00:00	38.170	38.174	38.032	38.104	3923	0	33
2025.07.29	04:00:00	38.103	38.215	37.895	38.061	4459	0	33
2025.07.29	08:00:00	38.061	38.208	38.022	38.027	4034	0	33
2025.07.29	12:00:00	38.029	38.273	37.945	38.114	6969	0	33
2025.07.29	16:00:00	38.114	38.210	38.090	38.136	3433	0	33
2025.07.29	20:00:00	38.136	38.203	38.134	38.191	978	0	33
2025.07.30	00:00:00	38.191	38.211	37.990	38.193	3890	0	33
2025.07.30	04:00:00	38.196	38.234	38.015	38.052	3709	0	33
2025.07.30	08:00:00	38.047	38.109	37.766	37.936	4588	0	33
2025.07.30	12:00:00	37.935	37.952	37.473	37.602	8342	0	33
2025.07.30	16:00:00	37.602	37.731	36.770	36.897	7728	0	30
2025.07.30	20:00:00	36.890	37.149	36.887	37.133	2529	0	33
2025.07.31	00:00:00	37.125	37.178	36.963	37.164	5853	0	30
2025.07.31	04:00:00	37.164	37.257	36.912	36.949	4592	0	33
2025.07.31	08:00:00	36.949	36.986	36.198	36.571	6293	0	29
2025.07.31	12:00:00	36.572	36.792	36.446	36.612	7925	0	29
2025.07.31	16:00:00	36.611	36.709	36.529	36.675	3621	0	29
2025.07.31	20:00:00	36.672	36.740	36.659	36.667	1496	0	29
2025.08.01	00:00:00	36.667	36.713	36.413	36.558	4484	0	29
2025.08.01	04:00:00	36.558	36.709	36.388	36.442	4714	0	29
2025.08.01	08:00:00	36.443	36.518	36.344	36.435	4599	0	29
2025.08.01	12:00:00	36.429	37.167	36.372	36.925	9276	0	29
2025.08.01	16:00:00	36.918	37.003	36.754	36.965	4501	0	29
2025.08.01	20:00:00	36.965	37.018	36.955	37.011	522	0	29
2025.08.03	20:00:00	37.016	37.022	36.948	37.019	1309	0	30
2025.08.04	00:00:00	37.019	37.083	36.661	37.074	4769	0	30
2025.08.04	04:00:00	37.074	37.270	37.053	37.255	3796	0	33
2025.08.04	08:00:00	37.255	37.383	37.122	37.328	4260	0	30
2025.08.04	12:00:00	37.328	37.464	37.136	37.376	5651	0	30
2025.08.04	16:00:00	37.377	37.390	37.265	37.389	2431	0	30
2025.08.04	20:00:00	37.389	37.427	37.374	37.427	1122	0	33
2025.08.05	00:00:00	37.424	37.477	37.354	37.396	3289	0	33
2025.08.05	04:00:00	37.396	37.475	37.311	37.407	3547	0	29
2025.08.05	08:00:00	37.405	37.508	37.294	37.352	3737	0	30
2025.08.05	12:00:00	37.345	37.861	37.345	37.807	6688	0	33
2025.08.05	16:00:00	37.807	37.864	37.725	37.787	2795	0	33
2025.08.05	20:00:00	37.792	37.841	37.759	37.798	1113	0	33
2025.08.06	00:00:00	37.800	37.855	37.750	37.805	2969	0	33
2025.08.06	04:00:00	37.805	37.887	37.747	37.864	3236	0	33
2025.08.06	08:00:00	37.864	37.876	37.637	37.796	3834	0	33
2025.08.06	12:00:00	37.794	37.930	37.602	37.857	6019	0	33
2025.08.06	16:00:00	37.857	37.892	37.785	37.811	3120	0	30
2025.08.06	20:00:00	37.810	37.929	37.796	37.869	1342	0	33
2025.08.07	00:00:00	37.865	38.015	37.808	38.015	3765	0	33
2025.08.07	04:00:00	38.015	38.293	37.969	38.250	4024	0	33
2025.08.07	08:00:00	38.252	38.460	37.875	38.300	6300	0	33
2025.08.07	12:00:00	38.307	38.490	38.149	38.208	8191	0	33
2025.08.07	16:00:00	38.204	38.286	37.988	38.252	4107	0	33
2025.08.07	20:00:00	38.252	38.364	38.198	38.309	4509	0	36
2025.08.08	00:00:00	38.309	38.309	37.975	38.167	6091	0	33
2025.08.08	04:00:00	38.167	38.439	38.099	38.424	7963	0	33
2025.08.08	08:00:00	38.432	38.465	38.231	38.285	4600	0	33
2025.08.08	12:00:00	38.282	38.397	38.186	38.307	7351	0	33
2025.08.08	16:00:00	38.307	38.399	37.991	38.381	5662	0	33
2025.08.08	20:00:00	38.383	38.407	38.294	38.322	702	0	33
2025.08.10	20:00:00	38.334	38.338	38.161	38.165	955	0	36
2025.08.11	00:00:00	38.165	38.231	37.904	38.056	4655	0	34
2025.08.11	04:00:00	38.056	38.209	37.589	37.680	4871	0	34
2025.08.11	08:00:00	37.682	37.965	37.673	37.712	5347	0	34
2025.08.11	12:00:00	37.704	37.897	37.536	37.733	6472	0	34
2025.08.11	16:00:00	37.734	37.783	37.632	37.635	3237	0	34
2025.08.11	20:00:00	37.637	37.675	37.486	37.671	1559	0	34
2025.08.12	00:00:00	37.671	37.899	37.655	37.866	3240	0	34
2025.08.12	04:00:00	37.861	37.938	37.773	37.784	3661	0	34
2025.08.12	08:00:00	37.783	37.818	37.589	37.753	3704	0	34
2025.08.12	12:00:00	37.753	38.007	37.553	37.947	7739	0	34
2025.08.12	16:00:00	37.947	37.961	37.828	37.880	2688	0	31
2025.08.12	20:00:00	37.879	37.951	37.862	37.901	1025	0	34
2025.08.13	00:00:00	37.901	38.182	37.833	38.129	3286	0	34
2025.08.13	04:00:00	38.129	38.424	38.114	38.406	3133	0	34
2025.08.13	08:00:00	38.398	38.629	38.375	38.558	3272	0	34
2025.08.13	12:00:00	38.562	38.597	38.337	38.449	5416	0	34
2025.08.13	16:00:00	38.456	38.559	38.433	38.521	2352	0	34
2025.08.13	20:00:00	38.519	38.534	38.483	38.516	959	0	34
2025.08.14	00:00:00	38.516	38.720	38.515	38.552	3976	0	34
2025.08.14	04:00:00	38.554	38.591	38.261	38.281	4020	0	34
2025.08.14	08:00:00	38.281	38.409	38.197	38.299	4311	0	34
2025.08.14	12:00:00	38.299	38.313	37.823	38.066	7803	0	34
2025.08.14	16:00:00	38.067	38.068	37.854	37.989	3562	0	34
2025.08.14	20:00:00	37.989	38.019	37.960	37.993	988	0	34
2025.08.15	00:00:00	37.993	38.054	37.802	38.015	3595	0	34
2025.08.15	04:00:00	38.015	38.087	37.869	38.025	3519	0	34
2025.08.15	08:00:00	38.025	38.044	37.718	37.807	4017	0	34
2025.08.15	12:00:00	37.809	37.976	37.670	37.960	5714	0	34
2025.08.15	16:00:00	37.960	37.998	37.865	37.975	2546	0	34
2025.08.15	20:00:00	37.981	37.993	37.956	37.983	351	0	34
2025.08.17	20:00:00	37.946	37.954	37.802	37.852	1108	0	34
2025.08.18	00:00:00	37.852	38.120	37.848	38.101	4134	0	34
2025.08.18	04:00:00	38.104	38.157	38.001	38.094	3932	0	34
2025.08.18	08:00:00	38.095	38.154	37.974	38.046	3452	0	34
2025.08.18	12:00:00	38.046	38.252	37.989	38.033	4940	0	34
2025.08.18	16:00:00	38.035	38.041	37.951	38.035	2176	0	34
2025.08.18	20:00:00	38.035	38.083	38.003	38.050	987	0	34
2025.08.19	00:00:00	38.050	38.079	37.716	37.903	4172	0	34
2025.08.19	04:00:00	37.903	38.025	37.832	38.009	3389	0	34
2025.08.19	08:00:00	38.009	38.093	37.967	38.041	2498	0	34
2025.08.19	12:00:00	38.041	38.132	37.382	37.434	6551	0	34
2025.08.19	16:00:00	37.434	37.488	37.264	37.296	3406	0	31
2025.08.19	20:00:00	37.295	37.417	37.293	37.353	1090	0	34
2025.08.20	00:00:00	37.353	37.379	37.151	37.193	4197	0	34
2025.08.20	04:00:00	37.193	37.256	37.107	37.154	3568	0	31
2025.08.20	08:00:00	37.154	37.180	36.948	37.167	3749	0	29
2025.08.20	12:00:00	37.168	37.829	37.165	37.737	6108	0	31
2025.08.20	16:00:00	37.738	37.924	37.738	37.894	3060	0	31
2025.08.20	20:00:00	37.899	37.944	37.869	37.892	1161	0	34
2025.08.21	00:00:00	37.892	37.957	37.810	37.835	3308	0	34
2025.08.21	04:00:00	37.835	37.929	37.786	37.820	3203	0	34
2025.08.21	08:00:00	37.820	37.838	37.519	37.707	3693	0	34
2025.08.21	12:00:00	37.708	38.191	37.696	38.140	6550	0	34
2025.08.21	16:00:00	38.140	38.140	38.049	38.103	2558	0	34
2025.08.21	20:00:00	38.103	38.142	38.067	38.083	843	0	34
2025.08.22	00:00:00	38.083	38.175	38.058	38.059	3078	0	34
2025.08.22	04:00:00	38.062	38.094	37.889	37.993	3425	0	34
2025.08.22	08:00:00	37.993	38.076	37.897	37.963	3256	0	34
2025.08.22	12:00:00	37.963	39.044	37.681	38.911	8503	0	34
2025.08.22	16:00:00	38.916	39.047	38.868	38.902	3515	0	36
2025.08.22	20:00:00	38.902	38.941	38.859	38.863	413	0	36
2025.08.24	20:00:00	38.857	38.941	38.851	38.901	1127	0	36
2025.08.25	00:00:00	38.901	38.984	38.747	38.820	3338	0	36
2025.08.25	04:00:00	38.822	38.961	38.772	38.849	2560	0	36
2025.08.25	08:00:00	38.849	38.861	38.681	38.808	2689	0	36
2025.08.25	12:00:00	38.812	38.917	38.558	38.795	5213	0	36
2025.08.25	16:00:00	38.795	38.818	38.561	38.563	2716	0	34
2025.08.25	20:00:00	38.564	38.577	38.355	38.395	1741	0	34
2025.08.26	00:00:00	38.395	38.751	38.324	38.714	5353	0	34
2025.08.26	04:00:00	38.714	38.835	38.547	38.666	3919	0	36
2025.08.26	08:00:00	38.664	38.728	38.358	38.498	4825	0	36
2025.08.26	12:00:00	38.505	38.641	38.365	38.620	6255	0	34
2025.08.26	16:00:00	38.623	38.626	38.475	38.549	2912	0	34
2025.08.26	20:00:00	38.552	38.686	38.545	38.650	1538	0	34
2025.08.27	00:00:00	38.648	38.661	38.488	38.523	3331	0	36
2025.08.27	04:00:00	38.523	38.527	38.330	38.386	3475	0	36
2025.08.27	08:00:00	38.385	38.404	38.071	38.259	4274	0	34
2025.08.27	12:00:00	38.259	38.505	38.110	38.493	5991	0	34
2025.08.27	16:00:00	38.493	38.615	38.454	38.508	3415	0	34
2025.08.27	20:00:00	38.507	38.618	38.459	38.600	1490	0	36
2025.08.28	00:00:00	38.600	38.766	38.579	38.692	3635	0	36
2025.08.28	04:00:00	38.691	38.915	38.661	38.911	3736	0	36
2025.08.28	08:00:00	38.903	39.015	38.810	39.002	3915	0	36
2025.08.28	12:00:00	39.008	39.105	38.794	38.944	6937	0	36
2025.08.28	16:00:00	38.943	39.104	38.943	39.096	3474	0	36
2025.08.28	20:00:00	39.092	39.092	38.961	38.974	1401	0	36
2025.08.29	00:00:00	38.972	39.034	38.770	38.822	3308	0	36
2025.08.29	04:00:00	38.822	38.936	38.751	38.886	3516	0	36
2025.08.29	08:00:00	38.887	38.995	38.772	38.828	4114	0	34
2025.08.29	12:00:00	38.828	39.556	38.711	39.539	7898	0	36
2025.08.29	16:00:00	39.541	39.950	39.541	39.811	6115	0	36
2025.08.29	20:00:00	39.803	39.803	39.655	39.724	853	0	38
2025.08.31	20:00:00	39.677	39.819	39.514	39.775	1586	0	36
2025.09.01	00:00:00	39.775	40.519	39.737	40.452	6955	0	36
2025.09.01	04:00:00	40.454	40.655	40.376	40.601	6042	0	36
2025.09.01	08:00:00	40.601	40.739	40.440	40.537	5509	0	36
2025.09.01	12:00:00	40.536	40.732	40.475	40.625	6208	0	36
2025.09.01	16:00:00	40.625	40.717	40.518	40.709	1830	0	38
2025.09.01	20:00:00	40.643	40.719	40.548	40.643	1471	0	38
2025.09.02	00:00:00	40.639	40.833	40.566	40.749	6539	0	36
2025.09.02	04:00:00	40.748	40.811	40.455	40.458	5327	0	36
2025.09.02	08:00:00	40.462	40.600	40.160	40.588	6184	0	36
2025.09.02	12:00:00	40.588	40.836	40.124	40.834	9430	0	36
2025.09.02	16:00:00	40.834	40.912	40.714	40.899	4928	0	36
2025.09.02	20:00:00	40.900	40.913	40.796	40.856	1856	0	36
2025.09.03	00:00:00	40.856	40.957	40.624	40.669	5822	0	36
2025.09.03	04:00:00	40.669	40.851	40.611	40.750	5158	0	36
2025.09.03	08:00:00	40.745	40.926	40.745	40.873	6095	0	36
2025.09.03	12:00:00	40.874	41.445	40.833	41.250	9718	0	36
2025.09.03	16:00:00	41.249	41.377	41.051	41.112	6247	0	38
2025.09.03	20:00:00	41.111	41.227	40.945	41.060	2572	0	38
2025.09.04	00:00:00	41.060	41.208	40.511	40.710	6859	0	36
2025.09.04	04:00:00	40.707	40.921	40.694	40.900	5523	0	36
2025.09.04	08:00:00	40.910	41.027	40.812	40.884	6189	0	36
2025.09.04	12:00:00	40.884	41.007	40.384	40.725	8886	0	36
2025.09.04	16:00:00	40.729	40.784	40.465	40.676	4551	0	36
2025.09.04	20:00:00	40.676	40.741	40.535	40.716	2071	0	36
2025.09.05	00:00:00	40.716	40.860	40.689	40.839	5008	0	36
2025.09.05	04:00:00	40.843	40.909	40.732	40.783	4961	0	36
2025.09.05	08:00:00	40.781	40.806	40.663	40.764	6029	0	36
2025.09.05	12:00:00	40.767	41.399	40.555	40.996	11856	0	29
2025.09.05	16:00:00	40.994	41.077	40.882	40.969	5809	0	36
2025.09.05	20:00:00	40.969	40.990	40.903	40.989	689	0	36
2025.09.07	20:00:00	40.888	40.932	40.728	40.851	1930	0	39
2025.09.08	00:00:00	40.850	41.044	40.580	40.599	6581	0	36
2025.09.08	04:00:00	40.599	41.071	40.513	41.045	5682	0	36
2025.09.08	08:00:00	41.045	41.323	41.036	41.270	6169	0	36
2025.09.08	12:00:00	41.269	41.648	41.144	41.427	9186	0	38
2025.09.08	16:00:00	41.426	41.444	41.207	41.296	5030	0	36
2025.09.08	20:00:00	41.299	41.325	41.275	41.310	1576	0	38
2025.09.09	00:00:00	41.311	41.402	41.192	41.286	5493	0	38
2025.09.09	04:00:00	41.286	41.464	41.225	41.345	5799	0	38
2025.09.09	08:00:00	41.336	41.356	41.128	41.185	5923	0	36
2025.09.09	12:00:00	41.185	41.378	40.769	40.880	10368	0	36
2025.09.09	16:00:00	40.880	40.969	40.805	40.913	4316	0	36
2025.09.09	20:00:00	40.919	40.931	40.745	40.867	2009	0	36
2025.09.10	00:00:00	40.868	41.027	40.700	41.017	5188	0	36
2025.09.10	04:00:00	41.018	41.166	40.981	41.138	4514	0	36
2025.09.10	08:00:00	41.135	41.225	41.038	41.088	5141	0	36
2025.09.10	12:00:00	41.088	41.269	40.953	41.160	8243	0	36
2025.09.10	16:00:00	41.155	41.198	41.015	41.168	3638	0	36
2025.09.10	20:00:00	41.167	41.226	41.115	41.184	1363	0	38
2025.09.11	00:00:00	41.185	41.230	41.050	41.072	5663	0	38
2025.09.11	04:00:00	41.073	41.132	40.891	41.087	5507	0	36
2025.09.11	08:00:00	41.094	41.105	40.881	41.010	5568	0	36
2025.09.11	12:00:00	41.006	41.528	40.912	41.522	9519	0	29
2025.09.11	16:00:00	41.522	41.745	41.447	41.596	5112	0	38
2025.09.11	20:00:00	41.593	41.607	41.505	41.507	1476	0	39
2025.09.12	00:00:00	41.499	42.078	41.380	42.043	6596	0	39
2025.09.12	04:00:00	42.039	42.170	41.953	42.143	5023	0	39
2025.09.12	08:00:00	42.142	42.444	42.117	42.214	6336	0	39
2025.09.12	12:00:00	42.215	42.327	41.802	42.160	8967	0	39
2025.09.12	16:00:00	42.160	42.319	42.130	42.193	3926	0	39
2025.09.12	20:00:00	42.191	42.202	42.092	42.152	731	0	40
2025.09.14	20:00:00	42.177	42.198	42.056	42.090	1184	0	28
2025.09.15	00:00:00	42.090	42.299	41.995	42.281	5417	0	28
2025.09.15	04:00:00	42.281	42.290	42.069	42.219	4373	0	28
2025.09.15	08:00:00	42.219	42.252	42.086	42.187	4795	0	28
2025.09.15	12:00:00	42.188	42.632	42.019	42.589	8076	0	28
2025.09.15	16:00:00	42.589	42.713	42.470	42.677	5084	0	28
2025.09.15	20:00:00	42.677	42.729	42.596	42.606	1632	0	28
2025.09.16	00:00:00	42.605	42.739	42.336	42.560	6346	0	28
2025.09.16	04:00:00	42.565	42.764	42.548	42.726	4759	0	28
2025.09.16	08:00:00	42.726	42.852	42.662	42.802	5170	0	28
2025.09.16	12:00:00	42.802	42.955	42.240	42.419	9725	0	28
2025.09.16	16:00:00	42.421	42.588	42.401	42.518	4287	0	28
2025.09.16	20:00:00	42.518	42.622	42.517	42.612	1350	0	28
2025.09.17	00:00:00	42.618	42.620	41.776	41.993	6954	0	28
2025.09.17	04:00:00	41.997	42.104	41.687	41.749	6036	0	28
2025.09.17	08:00:00	41.751	41.755	41.121	41.579	7221	0	28
2025.09.17	12:00:00	41.579	42.074	41.570	42.036	7577	0	28
2025.09.17	16:00:00	42.035	42.219	41.146	41.626	11245	0	28
2025.09.17	20:00:00	41.630	41.876	41.562	41.805	2921	0	28
2025.09.18	00:00:00	41.805	41.868	41.463	41.481	6655	0	28
2025.09.18	04:00:00	41.481	41.841	41.185	41.712	6446	0	28
2025.09.18	08:00:00	41.713	41.959	41.674	41.818	5515	0	28
2025.09.18	12:00:00	41.824	41.920	41.444	41.723	9241	0	28
2025.09.18	16:00:00	41.723	41.848	41.712	41.830	4503	0	28
2025.09.18	20:00:00	41.826	41.835	41.686	41.708	1305	0	28
2025.09.19	00:00:00	41.708	42.282	41.641	42.263	6306	0	28
2025.09.19	04:00:00	42.265	42.369	41.942	42.104	5908	0	28
2025.09.19	08:00:00	42.106	42.272	42.024	42.077	5020	0	28
2025.09.19	12:00:00	42.080	42.789	41.952	42.722	8703	0	28
2025.09.19	16:00:00	42.720	43.069	42.631	42.979	5274	0	28
2025.09.19	20:00:00	42.976	43.084	42.915	43.074	563	0	28
2025.09.21	20:00:00	43.120	43.126	43.010	43.098	2166	0	28
2025.09.22	00:00:00	43.098	43.576	43.075	43.533	6191	0	28
2025.09.22	04:00:00	43.533	43.756	43.448	43.570	5870	0	28
2025.09.22	08:00:00	43.561	43.788	43.536	43.638	5692	0	28
2025.09.22	12:00:00	43.638	43.850	43.336	43.813	9060	0	28
2025.09.22	16:00:00	43.814	44.103	43.793	44.072	4584	0	28
2025.09.22	20:00:00	44.071	44.096	43.957	44.001	1830	0	28
2025.09.23	00:00:00	44.003	44.026	43.625	43.817	6426	0	28
2025.09.23	04:00:00	43.817	44.088	43.646	43.862	5795	0	28
2025.09.23	08:00:00	43.862	44.420	43.792	44.335	5990	0	28
2025.09.23	12:00:00	44.335	44.449	44.113	44.314	8683	0	28
2025.09.23	16:00:00	44.316	44.342	43.832	44.006	7264	0	28
2025.09.23	20:00:00	44.003	44.145	43.885	43.931	2168	0	28
2025.09.24	00:00:00	43.929	44.120	43.657	44.087	6324	0	28
2025.09.24	04:00:00	44.087	44.286	44.042	44.256	5457	0	28
2025.09.24	08:00:00	44.264	44.264	43.821	44.011	5615	0	28
2025.09.24	12:00:00	44.003	44.307	43.786	43.828	9545	0	16
2025.09.24	16:00:00	43.829	43.966	43.663	43.856	6561	0	10
2025.09.24	20:00:00	43.858	43.942	43.846	43.923	1746	0	20
2025.09.25	00:00:00	43.923	43.999	43.771	43.961	5147	0	20
2025.09.25	04:00:00	43.962	44.505	43.851	44.486	4753	0	20
2025.09.25	08:00:00	44.483	45.070	44.475	44.817	7995	0	20
2025.09.25	12:00:00	44.813	44.987	44.194	44.758	10867	0	20
2025.09.25	16:00:00	44.762	45.216	44.662	45.177	6411	0	20
2025.09.25	20:00:00	45.177	45.224	44.627	44.889	2910	0	20
2025.09.26	00:00:00	44.890	45.062	44.592	44.783	6405	0	20
2025.09.26	04:00:00	44.783	45.206	44.682	45.019	6005	0	20
2025.09.26	08:00:00	45.019	45.158	44.944	45.026	4989	0	20
2025.09.26	12:00:00	45.026	46.084	44.985	46.052	10093	0	20
2025.09.26	16:00:00	46.052	46.621	45.935	46.100	8408	0	20
2025.09.26	20:00:00	46.090	46.196	46.017	46.044	1284	0	20
2025.09.28	20:00:00	46.193	46.354	46.152	46.254	2144	0	20
2025.09.29	00:00:00	46.252	46.999	45.942	46.795	9120	0	20
2025.09.29	04:00:00	46.794	47.168	46.598	46.695	9384	0	20
2025.09.29	08:00:00	46.705	47.063	46.662	46.954	7485	0	20
2025.09.29	12:00:00	46.958	47.087	46.470	47.055	10897	0	20
2025.09.29	16:00:00	47.055	47.076	46.719	46.825	6221	0	20
2025.09.29	20:00:00	46.825	46.920	46.729	46.808	1980	0	20
2025.09.30	00:00:00	46.809	47.113	46.776	47.025	7693	0	20
2025.09.30	04:00:00	47.026	47.161	46.585	46.740	7726	0	20
2025.09.30	08:00:00	46.731	46.816	45.801	46.197	9496	0	20
2025.09.30	12:00:00	46.196	46.776	45.949	46.281	10460	0	20
2025.09.30	16:00:00	46.280	46.686	46.242	46.661	6073	0	20
2025.09.30	20:00:00	46.662	46.725	46.563	46.704	2318	0	20
2025.10.01	00:00:00	46.704	47.550	46.648	47.082	7489	0	20
2025.10.01	04:00:00	47.081	47.297	46.669	47.280	7212	0	20
2025.10.01	08:00:00	47.278	47.462	47.135	47.404	7752	0	20
2025.10.01	12:00:00	47.402	47.818	47.089	47.429	11647	0	20
2025.10.01	16:00:00	47.428	47.599	47.258	47.289	6825	0	20
2025.10.01	20:00:00	47.292	47.337	47.066	47.217	2710	0	20
2025.10.02	00:00:00	47.227	47.520	46.962	47.238	5702	0	20
2025.10.02	04:00:00	47.242	47.505	47.156	47.425	5499	0	20
2025.10.02	08:00:00	47.425	47.529	47.358	47.520	5750	0	20
2025.10.02	12:00:00	47.519	48.038	45.908	46.123	12914	0	20
2025.10.02	16:00:00	46.119	46.923	46.012	46.853	7340	0	20
2025.10.02	20:00:00	46.855	46.990	46.827	46.967	2321	0	20
2025.10.03	00:00:00	46.967	46.982	46.645	46.809	5724	0	20
2025.10.03	04:00:00	46.809	47.413	46.793	47.395	5466	0	20
2025.10.03	08:00:00	47.395	47.655	47.213	47.536	6212	0	20
2025.10.03	12:00:00	47.540	48.363	47.402	48.301	10832	0	20
2025.10.03	16:00:00	48.306	48.308	47.718	47.974	7948	0	20
2025.10.03	20:00:00	47.966	48.015	47.932	47.989	976	0	20
2025.10.05	20:00:00	48.036	48.272	47.952	48.226	3099	0	20
2025.10.06	00:00:00	48.226	48.576	47.972	48.540	6435	0	20
2025.10.06	04:00:00	48.539	48.744	48.430	48.664	7291	0	20
2025.10.06	08:00:00	48.671	48.745	48.155	48.395	7017	0	20
2025.10.06	12:00:00	48.385	48.744	48.050	48.697	10272	0	20
2025.10.06	16:00:00	48.707	48.759	48.346	48.539	6447	0	20
2025.10.06	20:00:00	48.539	48.613	48.363	48.488	3140	0	20
2025.10.07	00:00:00	48.485	48.644	48.253	48.498	5764	0	20
2025.10.07	04:00:00	48.498	48.639	47.728	48.007	7271	0	20
2025.10.07	08:00:00	47.997	48.627	47.825	48.580	6768	0	20
2025.10.07	12:00:00	48.575	48.625	47.335	47.630	11060	0	20
2025.10.07	16:00:00	47.641	47.875	47.329	47.738	8713	0	20
2025.10.07	20:00:00	47.743	47.938	47.710	47.921	2658	0	20
2025.10.08	00:00:00	47.922	48.450	47.737	48.348	7032	0	20
2025.10.08	04:00:00	48.353	48.929	48.353	48.794	7648	0	20
2025.10.08	08:00:00	48.804	49.004	48.681	48.983	7320	0	20
2025.10.08	12:00:00	48.973	49.484	48.766	49.406	10187	0	20
2025.10.08	16:00:00	49.410	49.542	48.977	49.052	8992	0	20
2025.10.08	20:00:00	49.057	49.105	48.434	48.767	5369	0	20
2025.10.09	00:00:00	48.769	49.115	48.468	48.874	8707	0	20
2025.10.09	04:00:00	48.874	49.260	48.749	49.072	7523	0	20
2025.10.09	08:00:00	49.077	49.729	49.076	49.724	6589	0	20
2025.10.09	12:00:00	49.713	51.348	49.676	50.214	15751	0	20
2025.10.09	16:00:00	50.212	50.229	48.423	49.263	13581	0	30
2025.10.09	20:00:00	49.263	49.485	48.653	49.078	9079	0	90
2025.10.10	00:00:00	49.067	49.731	49.067	49.157	9879	0	100
2025.10.10	04:00:00	49.156	50.526	48.869	50.492	9695	0	60
2025.10.10	08:00:00	50.503	51.086	49.610	49.956	11221	0	60
2025.10.10	12:00:00	49.971	50.703	49.671	49.956	13516	0	60
2025.10.10	16:00:00	49.952	50.261	49.658	49.942	18472	0	60
2025.10.10	20:00:00	49.964	50.297	49.718	49.918	2825	0	90
2025.10.12	20:00:00	50.002	50.908	49.657	50.255	3848	0	150
2025.10.13	00:00:00	50.260	50.276	49.949	50.150	2112	0	400
2025.10.13	04:00:00	51.357	51.565	51.228	51.379	2231	0	200
2025.10.13	08:00:00	51.379	51.558	50.239	51.515	8821	0	30
2025.10.13	12:00:00	51.508	52.046	51.355	51.569	10682	0	30
2025.10.13	16:00:00	51.572	52.203	51.563	52.107	10112	0	30
2025.10.13	20:00:00	52.102	52.215	51.739	52.067	4569	0	45
2025.10.14	00:00:00	52.060	53.037	51.941	52.756	8488	0	600
2025.10.14	04:00:00	52.756	53.404	49.922	51.807	9981	0	600
2025.10.14	08:00:00	51.807	52.397	50.778	51.402	10776	0	30
2025.10.14	12:00:00	51.401	51.838	50.432	51.821	12127	0	30
2025.10.14	16:00:00	51.818	51.917	51.280	51.496	9495	0	40
2025.10.14	20:00:00	51.493	52.068	51.260	51.910	5037	0	60
2025.10.15	00:00:00	51.911	52.172	51.509	52.122	8523	0	80
2025.10.15	04:00:00	52.122	52.688	51.994	52.663	7567	0	40
2025.10.15	08:00:00	52.659	53.055	52.285	52.944	8819	0	40
2025.10.15	12:00:00	52.948	53.061	52.341	52.520	11705	0	40
2025.10.15	16:00:00	52.530	53.111	52.264	53.078	9746	0	40
2025.10.15	20:00:00	53.084	53.297	52.827	53.014	5075	0	90
2025.10.16	00:00:00	53.015	53.227	52.887	53.099	7899	0	60
2025.10.16	04:00:00	53.095	53.111	52.435	52.807	9407	0	60
2025.10.16	08:00:00	52.813	53.201	52.746	52.921	7350	0	20
2025.10.16	12:00:00	52.921	53.940	52.752	53.841	11726	0	30
2025.10.16	16:00:00	53.840	54.144	53.442	54.066	12137	0	30
2025.10.16	20:00:00	54.065	54.353	53.919	54.272	5829	0	45
2025.10.17	00:00:00	54.271	54.271	53.437	54.202	10450	0	30
2025.10.17	04:00:00	54.204	54.456	53.685	53.871	9688	0	30
2025.10.17	08:00:00	53.879	54.115	53.323	53.341	9357	0	30
2025.10.17	12:00:00	53.337	53.773	51.725	51.905	13242	0	20
2025.10.17	16:00:00	51.911	52.018	50.624	51.721	11088	0	20
2025.10.17	20:00:00	51.729	51.957	51.688	51.819	1278	0	20
2025.10.19	20:00:00	51.876	52.131	51.083	51.785	3074	0	50
2025.10.20	00:00:00	51.785	52.251	51.259	52.162	9749	0	50
2025.10.20	04:00:00	52.163	52.258	51.463	51.963	9353	0	20
2025.10.20	08:00:00	51.970	52.201	51.572	52.032	8412	0	20
2025.10.20	12:00:00	52.043	52.761	51.915	52.482	11856	0	20
2025.10.20	16:00:00	52.489	52.621	52.047	52.564	8948	0	20
2025.10.20	20:00:00	52.565	52.596	52.223	52.525	3955	0	30
2025.10.21	00:00:00	52.514	52.519	51.572	51.857	9513	0	40
2025.10.21	04:00:00	51.858	52.038	50.611	50.824	9779	0	20
2025.10.21	08:00:00	50.813	50.831	49.188	50.073	12274	0	20
2025.10.21	12:00:00	50.078	50.136	47.885	48.947	14000	0	20
2025.10.21	16:00:00	48.948	49.029	47.969	48.303	10304	0	20
2025.10.21	20:00:00	48.313	48.733	48.159	48.199	4889	0	20
2025.10.22	00:00:00	48.202	48.969	47.527	48.927	10788	0	30
2025.10.22	04:00:00	48.926	49.297	48.811	48.819	8314	0	20
2025.10.22	08:00:00	48.816	48.844	47.702	47.776	11735	0	20
2025.10.22	12:00:00	47.776	48.656	47.776	48.180	12038	0	20
2025.10.22	16:00:00	48.180	48.667	47.932	48.485	9396	0	20
2025.10.22	20:00:00	48.490	48.555	48.151	48.167	4949	0	20
2025.10.23	00:00:00	48.155	48.697	47.892	48.501	9476	0	30
2025.10.23	04:00:00	48.500	49.317	48.308	48.888	8916	0	20
2025.10.23	08:00:00	48.890	49.375	48.890	49.115	8854	0	20
2025.10.23	12:00:00	49.111	49.439	48.998	49.137	10559	0	20
2025.10.23	16:00:00	49.136	49.240	48.777	48.787	8094	0	20
2025.10.23	20:00:00	48.798	48.919	48.620	48.793	3633	0	20
2025.10.24	00:00:00	48.793	48.990	48.395	48.636	7886	0	30
2025.10.24	04:00:00	48.636	48.728	48.073	48.123	8342	0	30
2025.10.24	08:00:00	48.123	48.255	47.825	48.024	7621	0	30
2025.10.24	12:00:00	48.026	48.932	47.913	48.818	10756	0	30
2025.10.24	16:00:00	48.819	48.859	48.390	48.494	7765	0	30
2025.10.24	20:00:00	48.495	48.654	48.495	48.585	1130	0	30
2025.10.26	20:00:00	48.448	48.680	48.067	48.149	3806	0	30
2025.10.27	00:00:00	48.147	48.539	47.938	47.963	8192	0	30
2025.10.27	04:00:00	47.961	48.373	47.785	48.128	7131	0	20
2025.10.27	08:00:00	48.136	48.139	47.319	47.357	8760	0	20
2025.10.27	12:00:00	47.347	47.790	46.087	46.502	11710	0	20
2025.10.27	16:00:00	46.506	47.010	46.506	46.770	8268	0	20
2025.10.27	20:00:00	46.766	47.080	46.685	46.950	4372	0	20
2025.10.28	00:00:00	46.944	47.209	46.655	46.845	7723	0	30
2025.10.28	04:00:00	46.845	46.863	46.272	46.421	8619	0	20
2025.10.28	08:00:00	46.431	46.529	45.541	46.444	9772	0	20
2025.10.28	12:00:00	46.448	47.140	46.261	47.098	10968	0	20
2025.10.28	16:00:00	47.097	47.254	46.849	47.075	8388	0	20
2025.10.28	20:00:00	47.072	47.146	46.825	47.136	3971	0	20
2025.10.29	00:00:00	47.128	47.587	47.082	47.474	8169	0	30
2025.10.29	04:00:00	47.474	48.081	47.364	48.072	7697	0	20
2025.10.29	08:00:00	48.062	48.393	48.023	48.156	8011	0	20
2025.10.29	12:00:00	48.163	48.447	48.013	48.145	10401	0	20
2025.10.29	16:00:00	48.144	48.310	47.247	47.667	11579	0	20
2025.10.29	20:00:00	47.669	47.821	47.506	47.787	5018	0	30
2025.10.30	00:00:00	47.797	47.956	47.252	47.575	8344	0	30
2025.10.30	04:00:00	47.584	47.917	47.424	47.609	8735	0	20
2025.10.30	08:00:00	47.613	48.275	47.555	48.118	8005	0	20
2025.10.30	12:00:00	48.128	48.892	47.889	48.808	11393	0	20
2025.10.30	16:00:00	48.801	48.973	48.668	48.872	7755	0	20
2025.10.30	20:00:00	48.861	49.149	48.764	49.070	3852	0	20
2025.10.31	00:00:00	49.067	49.225	48.706	48.802	8337	0	20
2025.10.31	04:00:00	48.802	49.355	48.688	49.308	8008	0	20
2025.10.31	08:00:00	49.307	49.315	48.726	48.997	7216	0	20
2025.10.31	12:00:00	48.996	49.162	48.723	48.858	9784	0	20
2025.10.31	16:00:00	48.852	48.920	48.369	48.500	9663	0	20
2025.10.31	20:00:00	48.506	48.693	48.458	48.660	1155	0	30
2025.11.02	20:00:00	48.617	48.723	48.503	48.555	1490	0	35
2025.11.03	00:00:00	48.536	48.895	48.197	48.853	8243	0	30
2025.11.03	04:00:00	48.853	49.068	48.745	49.060	6307	0	30
2025.11.03	08:00:00	49.059	49.096	48.486	48.772	7726	0	30
2025.11.03	12:00:00	48.772	48.963	48.151	48.400	9761	0	30
2025.11.03	16:00:00	48.396	48.482	48.011	48.120	8189	0	30
2025.11.03	20:00:00	48.119	48.264	47.743	47.932	3705	0	30
2025.11.04	00:00:00	47.929	48.162	47.633	48.150	8140	0	30
2025.11.04	04:00:00	48.147	48.203	47.467	47.819	7513	0	30
2025.11.04	08:00:00	47.830	48.103	47.605	47.740	7553	0	30
2025.11.04	12:00:00	47.737	47.937	46.861	47.452	10137	0	30
2025.11.04	16:00:00	47.461	47.876	47.207	47.219	9254	0	30
2025.11.04	20:00:00	47.224	47.266	46.996	47.081	3578	0	30
2025.11.05	00:00:00	47.082	47.699	46.874	47.601	8465	0	30
2025.11.05	04:00:00	47.602	47.840	47.512	47.807	6992	0	20
2025.11.05	08:00:00	47.809	47.960	47.522	47.644	7261	0	20
2025.11.05	12:00:00	47.641	48.216	47.494	48.149	9343	0	20
2025.11.05	16:00:00	48.149	48.239	47.987	48.222	6009	0	20
2025.11.05	20:00:00	48.222	48.268	47.840	48.009	2569	0	20
2025.11.06	00:00:00	48.009	48.220	47.725	48.201	6287	0	30
2025.11.06	04:00:00	48.200	48.519	48.187	48.442	5868	0	30
2025.11.06	08:00:00	48.440	48.776	48.420	48.696	5710	0	20
2025.11.06	12:00:00	48.696	48.745	47.835	47.883	8922	0	20
2025.11.06	16:00:00	47.882	48.270	47.652	48.186	9108	0	20
2025.11.06	20:00:00	48.184	48.217	47.962	48.214	3373	0	20
2025.11.07	00:00:00	48.214	48.423	48.119	48.278	6236	0	20
2025.11.07	04:00:00	48.278	48.728	48.234	48.678	5887	0	20
2025.11.07	08:00:00	48.680	48.870	48.388	48.670	6324	0	20
2025.11.07	12:00:00	48.672	48.823	48.080	48.201	9563	0	20
2025.11.07	16:00:00	48.203	48.771	47.980	48.428	9140	0	20
2025.11.07	20:00:00	48.429	48.429	48.192	48.314	2564	0	30
2025.11.09	20:00:00	48.470	48.590	48.381	48.576	1372	0	30
2025.11.10	00:00:00	48.576	49.284	48.481	49.094	8562	0	30
2025.11.10	04:00:00	49.094	49.808	49.092	49.640	7207	0	30
2025.11.10	08:00:00	49.645	49.989	49.643	49.958	7398	0	30
2025.11.10	12:00:00	49.957	50.194	49.605	49.876	10185	0	30
2025.11.10	16:00:00	49.876	50.534	49.818	50.525	7653	0	30
2025.11.10	20:00:00	50.525	50.599	50.391	50.485	3367	0	30
2025.11.11	00:00:00	50.490	50.973	50.457	50.971	7608	0	30
2025.11.11	04:00:00	50.971	51.124	50.506	50.636	7306	0	30
2025.11.11	08:00:00	50.645	51.179	50.643	51.165	6432	0	30
2025.11.11	12:00:00	51.173	51.226	50.270	50.453	9498	0	30
2025.11.11	16:00:00	50.453	51.146	50.408	51.005	7267	0	30
2025.11.11	20:00:00	51.004	51.323	51.004	51.252	3222	0	30
2025.11.12	00:00:00	51.253	51.351	51.012	51.033	7385	0	30
2025.11.12	04:00:00	51.032	51.764	50.858	51.614	7264	0	30
2025.11.12	08:00:00	51.617	51.884	51.477	51.501	6970	0	30
2025.11.12	12:00:00	51.490	53.113	51.465	52.913	10286	0	30
2025.11.12	16:00:00	52.912	53.655	52.748	53.520	11064	0	20
2025.11.12	20:00:00	53.508	53.557	53.155	53.227	4681	0	20
2025.11.13	00:00:00	53.227	54.148	52.880	54.142	9638	0	30
2025.11.13	04:00:00	54.140	54.290	53.746	54.064	8743	0	30
2025.11.13	08:00:00	54.062	54.382	53.426	53.765	8791	0	30
2025.11.13	12:00:00	53.764	54.098	52.551	52.731	11521	0	20
2025.11.13	16:00:00	52.735	53.253	52.055	52.418	11668	0	20
2025.11.13	20:00:00	52.407	52.554	52.198	52.509	5236	0	20
2025.11.14	00:00:00	52.512	53.544	52.488	53.306	8833	0	20
2025.11.14	04:00:00	53.308	53.331	52.410	52.922	8538	0	20
2025.11.14	08:00:00	52.911	53.107	51.984	51.993	9632	0	20
2025.11.14	12:00:00	51.988	52.052	50.057	51.288	13712	0	20
2025.11.14	16:00:00	51.299	51.478	50.712	50.742	10595	0	20
2025.11.14	20:00:00	50.744	50.785	50.492	50.536	3438	0	20
2025.11.16	20:00:00	50.326	51.012	50.313	50.825	1697	0	30
2025.11.17	00:00:00	50.823	51.197	50.666	50.980	9297	0	20
2025.11.17	04:00:00	50.978	51.159	50.361	51.140	8009	0	20
2025.11.17	08:00:00	51.145	51.298	50.740	51.052	8179	0	20
2025.11.17	12:00:00	51.045	51.087	50.497	50.763	10265	0	20
2025.11.17	16:00:00	50.755	50.990	49.664	49.664	10250	0	20
2025.11.17	20:00:00	49.666	50.265	49.486	49.887	5340	0	20
2025.11.18	00:00:00	49.890	50.160	49.675	49.711	8993	0	20
2025.11.18	04:00:00	49.713	49.890	49.354	49.688	8542	0	20
2025.11.18	08:00:00	49.699	50.571	49.684	50.294	7820	0	20
2025.11.18	12:00:00	50.295	50.833	49.877	50.402	10891	0	20
2025.11.18	16:00:00	50.398	51.156	50.264	51.153	10104	0	20
2025.11.18	20:00:00	51.152	51.170	50.649	50.861	4055	0	20
2025.11.19	00:00:00	50.861	51.267	50.574	50.770	7746	0	20
2025.11.19	04:00:00	50.772	51.535	50.710	51.404	7641	0	20
2025.11.19	08:00:00	51.389	52.452	51.191	52.100	8236	0	20
2025.11.19	12:00:00	52.088	52.346	51.515	51.697	10636	0	20
2025.11.19	16:00:00	51.694	51.745	50.367	51.096	12151	0	20
2025.11.19	20:00:00	51.098	51.751	51.047	51.713	5123	0	20
2025.11.20	00:00:00	51.712	51.853	50.677	51.261	9642	0	20
2025.11.20	04:00:00	51.265	51.486	50.973	50.998	7898	0	20
2025.11.20	08:00:00	50.998	51.057	50.345	50.833	8600	0	20
2025.11.20	12:00:00	50.822	51.388	50.733	50.871	11720	0	20
2025.11.20	16:00:00	50.866	51.035	50.219	50.827	12654	0	20
2025.11.20	20:00:00	50.821	50.838	50.439	50.764	5123	0	20
2025.11.21	00:00:00	50.751	50.816	49.547	49.818	9231	0	20
2025.11.21	04:00:00	49.807	49.908	49.143	49.177	9402	0	20
2025.11.21	08:00:00	49.171	49.627	48.636	48.964	10315	0	20
2025.11.21	12:00:00	48.963	49.915	48.866	49.663	12569	0	20
2025.11.21	16:00:00	49.663	50.653	49.584	50.297	10903	0	20
2025.11.21	20:00:00	50.294	50.334	49.741	50.015	3894	0	20
2025.11.23	20:00:00	50.212	50.374	50.054	50.112	1516	0	20
2025.11.24	00:00:00	50.112	50.197	49.707	49.986	8098	0	20
2025.11.24	04:00:00	49.991	50.126	49.787	49.976	7337	0	20
2025.11.24	08:00:00	49.965	50.389	49.932	50.078	7433	0	20
2025.11.24	12:00:00	50.075	50.475	49.963	50.357	9686	0	20
2025.11.24	16:00:00	50.357	51.174	50.315	51.140	8232	0	20
2025.11.24	20:00:00	51.140	51.416	51.132	51.367	3854	0	20
2025.11.25	00:00:00	51.367	51.589	50.994	51.447	7015	0	20
2025.11.25	04:00:00	51.447	51.742	51.184	51.263	6539	0	20
2025.11.25	08:00:00	51.274	51.392	50.796	51.203	7821	0	20
2025.11.25	12:00:00	51.214	51.734	50.688	50.771	10719	0	20
2025.11.25	16:00:00	50.769	51.562	50.731	51.230	9185	0	20
2025.11.25	20:00:00	51.241	51.513	51.241	51.335	3338	0	20
2025.11.26	00:00:00	51.338	52.058	51.325	51.980	7280	0	20
2025.11.26	04:00:00	51.984	52.158	51.743	52.058	6885	0	20
2025.11.26	08:00:00	52.059	52.604	51.986	52.425	7254	0	20
2025.11.26	12:00:00	52.423	52.729	51.974	52.702	10479	0	20
2025.11.26	16:00:00	52.707	53.347	52.581	53.289	9275	0	20
2025.11.26	20:00:00	53.289	53.447	53.212	53.411	3273	0	20
2025.11.27	00:00:00	53.413	53.437	52.687	52.877	7269	0	30
2025.11.27	04:00:00	52.875	53.849	52.733	53.716	7129	0	20
2025.11.27	08:00:00	53.711	53.903	53.139	53.336	6833	0	20
2025.11.27	12:00:00	53.347	53.479	52.876	53.152	7089	0	20
2025.11.27	16:00:00	53.157	53.460	53.106	53.384	2455	0	30
2025.11.27	20:00:00	53.401	53.469	53.339	53.467	414	0	30
2025.11.28	00:00:00	53.460	54.270	53.447	53.512	4840	0	30
2025.11.28	04:00:00	53.509	54.202	53.459	53.816	2845	0	30
2025.11.28	08:00:00	53.816	53.928	53.519	53.843	8061	0	30
2025.11.28	12:00:00	53.871	55.619	53.763	55.545	8680	0	30
2025.11.28	16:00:00	55.547	56.510	55.426	56.388	6237	0	30
2025.11.30	20:00:00	56.781	57.281	56.173	57.007	2424	0	30
2025.12.01	00:00:00	56.994	57.856	56.713	57.228	10742	0	30
2025.12.01	04:00:00	57.227	57.321	56.438	56.909	8813	0	30
2025.12.01	08:00:00	56.914	57.801	56.884	57.462	8324	0	30
2025.12.01	12:00:00	57.468	57.826	56.900	57.663	11772	0	30
2025.12.01	16:00:00	57.664	58.834	57.644	58.117	11666	0	30
2025.12.01	20:00:00	58.116	58.301	57.457	57.596	4876	0	30
2025.12.02	00:00:00	57.599	57.638	56.577	57.163	9633	0	30
2025.12.02	04:00:00	57.164	57.539	56.793	57.245	7648	0	30
2025.12.02	08:00:00	57.257	57.421	56.664	57.349	7547	0	30
2025.12.02	12:00:00	57.349	58.366	57.063	57.142	11599	0	30
2025.12.02	16:00:00	57.154	58.383	57.100	58.303	10390	0	30
2025.12.02	20:00:00	58.316	58.745	58.164	58.637	4310	0	30
2025.12.03	00:00:00	58.637	58.939	58.123	58.865	8675	0	30
2025.12.03	04:00:00	58.863	58.909	57.534	58.077	8637	0	30
2025.12.03	08:00:00	58.074	58.354	57.863	58.350	7132	0	30
2025.12.03	12:00:00	58.352	58.965	58.006	58.447	11741	0	30
2025.12.03	16:00:00	58.445	58.785	57.820	58.462	9713	0	30
2025.12.03	20:00:00	58.461	58.584	58.385	58.505	3270	0	30
2025.12.04	00:00:00	58.507	58.742	58.018	58.138	8342	0	30
2025.12.04	04:00:00	58.138	58.279	57.077	57.449	8624	0	30
2025.12.04	08:00:00	57.451	57.605	56.605	57.555	7828	0	30
2025.12.04	12:00:00	57.548	57.806	56.464	56.923	11431	0	30
2025.12.04	16:00:00	56.922	57.241	56.662	57.038	9616	0	30
2025.12.04	20:00:00	57.029	57.154	56.914	57.021	3681	0	30
2025.12.05	00:00:00	57.022	57.697	56.866	57.434	7998	0	30
2025.12.05	04:00:00	57.434	58.504	57.412	58.208	8099	0	30
2025.12.05	08:00:00	58.211	58.328	57.827	58.168	6067	0	30
2025.12.05	12:00:00	58.167	59.318	57.821	59.075	10985	0	30
2025.12.05	16:00:00	59.087	59.181	57.945	58.428	11385	0	30
2025.12.05	20:00:00	58.440	58.497	58.221	58.333	3220	0	30
2025.12.07	20:00:00	58.476	58.650	58.213	58.416	624	0	40
2025.12.08	00:00:00	58.415	58.580	57.514	58.002	8848	0	45
2025.12.08	04:00:00	58.002	58.399	57.875	58.242	7117	0	45
2025.12.08	08:00:00	58.249	58.508	58.098	58.343	6924	0	45
2025.12.08	12:00:00	58.343	58.515	57.625	57.903	10474	0	45
2025.12.08	16:00:00	57.895	58.110	57.673	57.985	8823	0	45
2025.12.08	20:00:00	57.988	58.154	57.966	58.103	2625	0	45
2025.12.09	00:00:00	58.103	58.400	57.871	58.273	6950	0	45
2025.12.09	04:00:00	58.273	58.360	57.592	58.024	7637	0	45
2025.12.09	08:00:00	58.037	58.906	58.037	58.513	7643	0	45
2025.12.09	12:00:00	58.513	60.281	58.512	60.204	11146	0	45
2025.12.09	16:00:00	60.217	60.724	60.054	60.656	9943	0	45
2025.12.09	20:00:00	60.654	60.902	60.502	60.837	3939	0	45
2025.12.10	00:00:00	60.837	61.456	60.621	60.996	8844	0	45
2025.12.10	04:00:00	60.998	61.589	60.871	61.448	7337	0	45
2025.12.10	08:00:00	61.446	61.557	60.607	61.012	7820	0	45
2025.12.10	12:00:00	61.004	61.259	60.087	60.528	10714	0	45
2025.12.10	16:00:00	60.528	61.102	60.086	61.097	11190	0	45
2025.12.10	20:00:00	61.094	61.953	60.928	61.901	6114	0	45
2025.12.11	00:00:00	61.903	62.864	61.822	62.049	10543	0	45
2025.12.11	04:00:00	62.041	62.226	61.424	62.023	8718	0	45
2025.12.11	08:00:00	62.021	62.438	61.928	62.011	7349	0	45
2025.12.11	12:00:00	62.014	63.533	61.999	63.272	11461	0	45
2025.12.11	16:00:00	63.285	64.288	63.135	63.761	11373	0	45
2025.12.11	20:00:00	63.757	63.827	62.743	63.048	5255	0	45
2025.12.12	00:00:00	63.041	63.921	62.928	63.489	11063	0	45
2025.12.12	04:00:00	63.487	63.867	63.346	63.706	8695	0	45
2025.12.12	08:00:00	63.700	64.552	63.595	64.482	10514	0	45
2025.12.12	12:00:00	64.485	64.635	61.963	62.081	18388	0	45
2025.12.12	16:00:00	62.075	62.302	60.795	61.824	17902	0	45
2025.12.12	20:00:00	61.817	62.008	61.331	61.965	4383	0	45
2025.12.14	20:00:00	61.999	62.114	61.808	61.947	1804	0	45
2025.12.15	00:00:00	61.953	62.800	61.726	62.598	9704	0	45
2025.12.15	04:00:00	62.597	63.354	62.462	63.250	8556	0	45
2025.12.15	08:00:00	63.252	63.951	63.235	63.865	7937	0	30
2025.12.15	12:00:00	63.867	64.084	63.109	63.794	16168	0	30
2025.12.15	16:00:00	63.798	64.104	62.882	64.082	15205	0	30
2025.12.15	20:00:00	64.082	64.152	63.568	63.902	5733	0	30
2025.12.16	00:00:00	63.902	64.075	62.229	62.728	17248	0	30
2025.12.16	04:00:00	62.725	63.159	62.157	63.156	14977	0	20
2025.12.16	08:00:00	63.153	63.254	62.789	62.966	12754	0	20
2025.12.16	12:00:00	62.963	63.832	62.826	63.583	32367	0	20
2025.12.16	16:00:00	63.586	63.913	62.978	63.873	27729	0	20
2025.12.16	20:00:00	63.869	63.927	63.542	63.792	7336	0	20
2025.12.17	00:00:00	63.792	66.005	63.786	65.860	35128	0	20
2025.12.17	04:00:00	65.863	66.522	65.614	65.652	23909	0	20
2025.12.17	08:00:00	65.648	66.003	65.459	65.900	16312	0	20
2025.12.17	12:00:00	65.897	66.116	65.106	65.643	41542	0	20
2025.12.17	16:00:00	65.647	66.885	65.563	66.499	39727	0	20
2025.12.17	20:00:00	66.502	66.808	66.097	66.311	10322	0	20
2025.12.18	00:00:00	66.307	66.516	65.542	66.382	24125	0	20
2025.12.18	04:00:00	66.386	66.618	66.212	66.501	16639	0	20
2025.12.18	08:00:00	66.498	66.537	65.856	66.289	13724	0	20
2025.12.18	12:00:00	66.286	66.456	64.625	65.472	43128	0	20
2025.12.18	16:00:00	65.469	66.196	64.793	65.175	39832	0	20
2025.12.18	20:00:00	65.173	65.613	65.149	65.558	8564	0	20
2025.12.19	00:00:00	65.558	65.601	64.480	65.122	25222	0	20
2025.12.19	04:00:00	65.123	66.010	65.092	65.717	17412	0	20
2025.12.19	08:00:00	65.714	66.217	65.684	65.858	11930	0	20
2025.12.19	12:00:00	65.862	66.846	65.643	66.825	31340	0	20
2025.12.19	16:00:00	66.822	67.452	66.677	67.203	26329	0	20
2025.12.19	20:00:00	67.205	67.294	67.002	67.202	6342	0	20
2025.12.21	20:00:00	67.441	67.489	67.340	67.427	2267	0	20
2025.12.22	00:00:00	67.431	69.241	67.371	69.207	28335	0	20
2025.12.22	04:00:00	69.211	69.454	68.516	68.989	21184	0	20
2025.12.22	08:00:00	68.991	69.161	68.607	69.093	11747	0	20
2025.12.22	12:00:00	69.090	69.250	68.419	68.804	28019	0	20
2025.12.22	16:00:00	68.803	68.951	68.113	68.566	17220	0	20
2025.12.22	20:00:00	68.567	69.283	68.562	69.131	6546	0	20
2025.12.23	00:00:00	69.131	69.992	68.909	69.594	23172	0	20
2025.12.23	04:00:00	69.595	69.707	69.094	69.539	17191	0	20
2025.12.23	08:00:00	69.539	69.742	69.392	69.726	10096	0	20
2025.12.23	12:00:00	69.725	70.664	68.819	69.745	41978	0	20
2025.12.23	16:00:00	69.749	71.499	69.719	71.165	27035	0	20
2025.12.23	20:00:00	71.162	71.848	71.096	71.816	8858	0	20
2025.12.24	00:00:00	71.815	72.697	71.530	72.293	28778	0	20
2025.12.24	04:00:00	72.292	72.509	71.890	72.087	18893	0	20
2025.12.24	08:00:00	72.085	72.201	71.383	72.172	15695	0	20
2025.12.24	12:00:00	72.171	72.444	70.183	70.676	49254	0	20
2025.12.24	16:00:00	70.677	72.100	70.576	71.788	19965	0	20
2025.12.25	20:00:00	73.008	73.321	72.874	73.115	2800	0	20
2025.12.26	00:00:00	73.114	75.147	73.106	74.350	37951	0	20
2025.12.26	04:00:00	74.346	75.071	74.325	74.614	20652	0	20
2025.12.26	08:00:00	74.611	75.634	73.582	74.456	21800	0	20
2025.12.26	12:00:00	74.460	76.084	73.901	76.023	51349	0	20
2025.12.26	16:00:00	76.028	77.664	75.485	77.307	44260	0	20
2025.12.26	20:00:00	77.308	79.301	77.289	79.249	16477	0	20
2025.12.28	20:00:00	83.116	83.926	81.685	81.824	4311	0	40
2025.12.29	00:00:00	81.829	81.870	74.864	80.356	52398	0	40
2025.12.29	04:00:00	80.355	80.512	74.952	76.049	42455	0	20
2025.12.29	08:00:00	76.045	76.561	73.977	74.357	34734	0	20
2025.12.29	12:00:00	74.359	76.114	70.525	71.386	81709	0	20
2025.12.29	16:00:00	71.383	72.707	70.806	72.326	52563	0	20
2025.12.29	20:00:00	72.330	73.061	71.156	72.542	18857	0	20
2025.12.30	00:00:00	72.543	74.625	72.044	74.352	35419	0	20
2025.12.30	04:00:00	74.352	75.181	73.959	74.887	27005	0	20
2025.12.30	08:00:00	74.887	74.948	73.845	74.846	18288	0	20
2025.12.30	12:00:00	74.847	76.530	74.822	76.057	53251	0	20
2025.12.30	16:00:00	76.053	78.062	75.765	76.211	40300	0	20
2025.12.30	20:00:00	76.212	76.747	74.698	75.221	22344	0	20
2025.12.31	00:00:00	75.222	75.795	71.950	72.126	45983	0	20
2025.12.31	04:00:00	72.122	72.775	70.496	72.243	38405	0	20
2025.12.31	08:00:00	72.239	72.484	71.010	71.942	25124	0	20
2025.12.31	12:00:00	71.938	73.767	71.313	72.405	47309	0	20
2025.12.31	16:00:00	72.401	72.528	70.391	70.466	43785	0	20
2025.12.31	20:00:00	70.470	71.668	70.046	71.637	19588	0	20
2026.01.01	20:00:00	72.021	73.040	72.021	72.662	4601	0	20
2026.01.02	00:00:00	72.662	73.573	71.944	73.369	22901	0	20
2026.01.02	04:00:00	73.367	74.218	73.162	74.033	17451	0	20
2026.01.02	08:00:00	74.030	74.548	73.976	74.214	12293	0	20
2026.01.02	12:00:00	74.211	74.425	72.579	72.629	44942	0	20
2026.01.02	16:00:00	72.625	72.746	71.407	72.012	50733	0	20
2026.01.02	20:00:00	72.007	72.810	71.941	72.744	10018	0	20
2026.01.04	20:00:00	73.098	74.140	72.905	74.011	3162	0	40
2026.01.05	00:00:00	74.009	76.362	73.934	75.184	22593	0	40
2026.01.05	04:00:00	75.175	75.549	74.952	75.483	10611	0	40
2026.01.05	08:00:00	75.484	76.349	74.718	74.781	19550	0	20
2026.01.05	12:00:00	74.776	77.161	74.591	77.146	56254	0	20
2026.01.05	16:00:00	77.142	77.876	75.620	76.102	38847	0	20
2026.01.05	20:00:00	76.098	76.715	75.658	76.193	12988	0	20
2026.01.06	00:00:00	76.197	78.948	75.899	78.829	30348	0	20
2026.01.06	04:00:00	78.829	79.380	78.022	78.103	26285	0	20
2026.01.06	08:00:00	78.107	78.578	77.425	78.341	22740	0	20
2026.01.06	12:00:00	78.337	80.736	78.128	80.288	45409	0	20
2026.01.06	16:00:00	80.284	81.425	79.841	80.090	37419	0	20
2026.01.06	20:00:00	80.086	82.755	79.926	82.514	14573	0	20
2026.01.07	00:00:00	82.519	82.704	79.564	80.284	46478	0	20
2026.01.07	04:00:00	80.289	80.357	78.213	79.912	38584	0	20
2026.01.07	08:00:00	79.912	80.107	78.856	78.878	22411	0	20
2026.01.07	12:00:00	78.882	79.124	76.360	77.194	59425	0	20
2026.01.07	16:00:00	77.192	78.923	77.170	78.448	36244	0	20
2026.01.07	20:00:00	78.448	78.806	78.054	78.750	11711	0	20
2026.01.08	00:00:00	78.746	79.023	77.469	78.009	33746	0	20
2026.01.08	04:00:00	78.009	78.030	75.483	75.953	36182	0	20
2026.01.08	08:00:00	75.949	76.261	75.188	75.348	23056	0	20
2026.01.08	12:00:00	75.352	75.964	73.842	75.781	53296	0	20
2026.01.08	16:00:00	75.777	76.411	75.252	75.871	34166	0	20
2026.01.08	20:00:00	75.869	77.164	75.840	76.683	14061	0	20
2026.01.09	00:00:00	76.688	77.507	75.469	76.510	34683	0	20
2026.01.09	04:00:00	76.512	77.455	76.276	77.169	22150	0	20
2026.01.09	08:00:00	77.168	78.252	77.088	77.984	17575	0	20
2026.01.09	12:00:00	77.982	80.205	77.255	80.156	47043	0	20
2026.01.09	16:00:00	80.153	80.517	79.292	79.895	29974	0	20
2026.01.09	20:00:00	79.891	80.174	79.553	79.938	7269	0	20
2026.01.11	20:00:00	80.535	81.803	80.245	81.623	5120	0	30
2026.01.12	00:00:00	81.619	84.008	81.510	83.307	49067	0	30
2026.01.12	04:00:00	83.310	84.603	83.097	84.139	22523	0	30
2026.01.12	08:00:00	84.134	84.535	83.573	83.828	16812	0	20
2026.01.12	12:00:00	83.823	85.773	83.718	85.326	52745	0	20
2026.01.12	16:00:00	85.322	86.251	84.921	85.635	28829	0	20
2026.01.12	20:00:00	85.639	85.695	83.410	84.351	16973	0	20
2026.01.13	00:00:00	84.356	86.003	83.610	85.459	18065	0	40
2026.01.13	04:00:00	85.467	85.929	84.551	85.238	17017	0	20
2026.01.13	08:00:00	85.233	86.032	85.188	85.773	15747	0	20
2026.01.13	12:00:00	85.776	89.124	85.428	88.719	47193	0	20
2026.01.13	16:00:00	88.715	89.085	86.190	87.492	39702	0	20
2026.01.13	20:00:00	87.495	87.862	85.900	87.822	18121	0	20
2026.01.14	00:00:00	87.817	90.769	87.710	90.727	28867	0	20
2026.01.14	04:00:00	90.727	91.564	89.218	90.124	35685	0	20
2026.01.14	08:00:00	90.120	90.772	89.210	90.553	21188	0	20
2026.01.14	12:00:00	90.558	92.251	90.198	91.800	60071	0	20
2026.01.14	16:00:00	91.805	92.997	89.692	92.748	43245	0	20
2026.01.14	20:00:00	92.743	93.496	91.095	92.229	26072	0	20
2026.01.15	00:00:00	92.232	93.021	86.107	87.759	76001	0	20
2026.01.15	04:00:00	87.757	90.051	86.902	89.365	39022	0	20
2026.01.15	08:00:00	89.359	91.470	89.002	91.245	24000	0	20
2026.01.15	12:00:00	91.241	91.423	87.873	90.643	56623	0	20
2026.01.15	16:00:00	90.648	93.039	90.008	92.515	35920	0	20
2026.01.15	20:00:00	92.520	92.782	90.225	91.443	19804	0	20
2026.01.16	00:00:00	91.438	92.068	89.480	90.190	37343	0	20
2026.01.16	04:00:00	90.190	91.872	89.873	90.972	23897	0	20
2026.01.16	08:00:00	90.967	91.762	90.014	91.055	18690	0	20
2026.01.16	12:00:00	91.060	91.065	86.862	87.892	63507	0	20
2026.01.16	16:00:00	87.888	89.730	87.748	89.362	37623	0	20
2026.01.16	20:00:00	89.363	90.153	88.752	90.122	9431	0	20
2026.01.18	20:00:00	92.521	94.122	92.452	93.346	10913	0	30
2026.01.19	00:00:00	93.339	94.096	92.466	93.024	47917	0	20
2026.01.19	04:00:00	93.026	93.843	92.778	93.130	18588	0	20
2026.01.19	08:00:00	93.126	93.651	92.398	92.954	17109	0	20
2026.01.19	12:00:00	92.953	94.143	92.828	93.834	21022	0	20
2026.01.19	16:00:00	93.837	94.669	93.659	94.329	10278	0	20
2026.01.19	20:00:00	94.250	94.589	93.733	93.785	2776	0	30
2026.01.20	00:00:00	93.786	93.896	92.591	93.311	27453	0	20
2026.01.20	04:00:00	93.306	94.622	93.301	94.275	22179	0	20
2026.01.20	08:00:00	94.271	95.712	94.201	95.683	18851	0	20
2026.01.20	12:00:00	95.688	95.871	93.111	93.869	52558	0	20
2026.01.20	16:00:00	93.879	95.029	93.554	94.487	31757	0	20
2026.01.20	20:00:00	94.482	94.896	93.750	94.870	15628	0	20
2026.01.21	00:00:00	94.868	95.564	93.359	93.905	32310	0	20
2026.01.21	04:00:00	93.906	95.104	93.790	94.722	24264	0	20
2026.01.21	08:00:00	94.720	95.325	94.435	94.752	16176	0	20
2026.01.21	12:00:00	94.751	95.103	92.302	93.637	49859	0	20
2026.01.21	16:00:00	93.640	93.979	90.331	91.362	68246	0	20
2026.01.21	20:00:00	91.360	93.376	90.856	90.978	35787	0	20
2026.01.22	00:00:00	90.983	93.432	90.804	93.385	47369	0	20
2026.01.22	04:00:00	93.383	94.317	93.095	94.196	24762	0	20
2026.01.22	08:00:00	94.199	94.373	93.384	93.546	21996	0	20
2026.01.22	12:00:00	93.549	95.843	92.874	95.647	45237	0	20
2026.01.22	16:00:00	95.650	96.590	95.148	95.888	45175	0	20
2026.01.22	20:00:00	95.891	96.974	95.865	96.958	17133	0	20
2026.01.23	00:00:00	96.956	99.221	96.691	98.721	36156	0	20
2026.01.23	04:00:00	98.721	99.380	98.467	98.722	20550	0	20
2026.01.23	08:00:00	98.722	99.017	97.550	98.986	25676	0	20
2026.01.23	12:00:00	98.990	100.284	98.628	99.820	49255	0	20
2026.01.23	16:00:00	99.824	102.025	99.824	101.924	47341	0	20
2026.01.23	20:00:00	101.920	103.393	101.637	103.281	15902	0	20
2026.01.25	20:00:00	104.072	105.155	103.846	105.013	10080	0	30
2026.01.26	00:00:00	105.017	109.453	104.608	108.252	64846	0	30
2026.01.26	04:00:00	108.251	108.663	106.266	108.343	43413	0	20
2026.01.26	08:00:00	108.339	110.115	108.185	109.362	34185	0	20
2026.01.26	12:00:00	109.366	112.410	108.520	112.120	71612	0	20
2026.01.26	16:00:00	112.123	117.738	106.489	107.453	161420	0	20
2026.01.26	20:00:00	107.459	109.743	101.551	106.760	97515	0	20
2026.01.27	00:00:00	106.765	111.160	104.353	109.783	122049	0	20
2026.01.27	04:00:00	109.782	113.488	107.217	112.582	76662	0	20
2026.01.27	08:00:00	112.580	113.099	110.169	111.631	55237	0	20
2026.01.27	12:00:00	111.627	113.067	104.975	108.290	141885	0	20
2026.01.27	16:00:00	108.294	109.561	105.708	109.300	85241	0	20
2026.01.27	20:00:00	109.296	113.238	109.233	112.784	58994	0	20
2026.01.28	00:00:00	112.783	115.425	111.739	114.743	61835	0	20
2026.01.28	04:00:00	114.748	116.112	113.623	114.751	43385	0	20
2026.01.28	08:00:00	114.751	115.068	111.231	112.492	54740	0	20
2026.01.28	12:00:00	112.496	115.675	111.919	113.102	99102	0	20
2026.01.28	16:00:00	113.107	114.996	110.524	114.485	89753	0	20
2026.01.28	20:00:00	114.481	119.413	114.154	117.774	65598	0	20
2026.01.29	00:00:00	117.779	118.579	116.165	117.407	85033	0	20
2026.01.29	04:00:00	117.408	120.449	117.071	118.110	55182	0	20
2026.01.29	08:00:00	118.115	118.488	115.367	118.453	57894	0	20
2026.01.29	12:00:00	118.448	121.651	106.552	109.805	200499	0	20
2026.01.29	16:00:00	109.810	116.709	109.295	113.521	214727	0	20
2026.01.29	20:00:00	113.516	117.969	112.393	117.597	66395	0	20
2026.01.30	00:00:00	117.602	118.469	107.951	109.817	152846	0	30
2026.01.30	04:00:00	109.812	112.498	104.729	107.127	132088	0	20
2026.01.30	08:00:00	107.123	107.123	95.158	103.040	192975	0	20
2026.01.30	12:00:00	103.037	104.071	96.658	98.343	230736	0	20
2026.01.30	16:00:00	98.347	98.495	73.676	85.363	352874	0	20
2026.01.30	20:00:00	85.372	85.855	81.386	85.011	46079	0	60
2026.02.01	20:00:00	81.903	82.612	76.868	81.588	17917	0	60
2026.02.02	00:00:00	81.619	87.939	76.315	76.791	171528	0	40
2026.02.02	04:00:00	76.801	80.367	71.331	76.311	175505	0	40
2026.02.02	08:00:00	76.318	84.110	75.316	82.861	85375	0	20
2026.02.02	12:00:00	82.844	84.372	75.671	75.804	92716	0	40
2026.02.02	16:00:00	75.811	81.594	75.297	81.179	78024	0	50
2026.02.02	20:00:00	81.173	82.930	78.715	82.865	37103	0	50
2026.02.03	00:00:00	82.870	85.687	81.023	83.342	75054	0	50
2026.02.03	04:00:00	83.334	86.996	82.485	86.710	52648	0	50
2026.02.03	08:00:00	86.699	87.934	85.428	86.484	36405	0	50
2026.02.03	12:00:00	86.486	89.168	86.106	88.420	56889	0	50
2026.02.03	16:00:00	88.427	89.080	82.630	84.577	79413	0	50
2026.02.03	20:00:00	84.582	85.806	83.268	84.517	28807	0	50
2026.02.04	00:00:00	84.518	88.234	84.511	87.757	33369	0	50
2026.02.04	04:00:00	87.758	90.728	86.993	90.340	22057	0	50
2026.02.04	08:00:00	90.339	90.588	88.172	90.568	25722	0	50
2026.02.04	12:00:00	90.587	92.188	86.168	86.868	56731	0	50
2026.02.04	16:00:00	86.864	87.411	83.645	87.070	58402	0	50
2026.02.04	20:00:00	87.062	90.275	85.558	89.637	16071	0	50
2026.02.05	00:00:00	89.633	90.399	73.490	77.104	135906	0	50
2026.02.05	04:00:00	77.107	80.394	73.879	80.003	62232	0	50
2026.02.05	08:00:00	80.004	81.045	77.664	78.384	40140	0	50
2026.02.05	12:00:00	78.392	78.844	72.253	74.075	89587	0	50
2026.02.05	16:00:00	74.067	77.895	73.899	74.670	53358	0	50
2026.02.05	20:00:00	74.676	75.364	66.915	67.158	31652	0	50
2026.02.06	00:00:00	67.157	73.426	64.045	72.912	77437	0	50
2026.02.06	04:00:00	72.911	75.315	71.803	72.244	36891	0	50
2026.02.06	08:00:00	72.241	75.030	71.484	74.607	25557	0	50
2026.02.06	12:00:00	74.600	77.039	73.740	75.746	44886	0	50
2026.02.06	16:00:00	75.749	78.145	75.033	77.380	28363	0	50
2026.02.06	20:00:00	77.379	78.098	76.540	78.098	8449	0	50
2026.02.08	20:00:00	79.409	80.160	78.466	79.835	6016	0	50
2026.02.09	00:00:00	79.837	81.665	78.966	81.016	33684	0	50
2026.02.09	04:00:00	80.999	82.448	80.386	80.965	21801	0	50
2026.02.09	08:00:00	80.972	82.176	78.704	80.268	23405	0	50
2026.02.09	12:00:00	80.275	82.630	79.065	82.595	35113	0	50
2026.02.09	16:00:00	82.587	83.643	81.986	83.399	26328	0	50
2026.02.09	20:00:00	83.398	83.992	80.841	81.776	13390	0	50
2026.02.10	00:00:00	81.775	82.957	80.767	81.411	26871	0	50
2026.02.10	04:00:00	81.409	82.074	80.603	81.773	18914	0	50
2026.02.10	08:00:00	81.766	82.804	81.294	82.227	15985	0	50
2026.02.10	12:00:00	82.234	83.016	80.454	81.014	32464	0	50
2026.02.10	16:00:00	81.016	81.592	79.949	81.119	26598	0	50
2026.02.10	20:00:00	81.123	81.650	80.587	81.399	9943	0	50
2026.02.11	00:00:00	81.405	82.793	81.059	82.621	16527	0	50
2026.02.11	04:00:00	82.621	84.090	81.979	83.844	13942	0	50
2026.02.11	08:00:00	83.846	86.239	83.334	86.068	17309	0	50
2026.02.11	12:00:00	86.067	86.288	82.556	83.291	44864	0	50
2026.02.11	16:00:00	83.285	84.851	82.637	84.130	27309	0	50
2026.02.11	20:00:00	84.133	84.699	82.731	82.731	12595	0	50
2026.02.12	00:00:00	82.730	84.153	81.463	83.543	25635	0	50
2026.02.12	04:00:00	83.542	84.240	82.717	83.345	18174	0	50
2026.02.12	08:00:00	83.354	83.993	83.108	83.478	13035	0	50
2026.02.12	12:00:00	83.480	83.543	81.897	82.376	29750	0	50
2026.02.12	16:00:00	82.385	82.557	74.700	76.282	77178	0	50
2026.02.12	20:00:00	76.274	76.452	73.943	75.125	18327	0	50
2026.02.13	00:00:00	75.126	77.356	74.688	77.064	25853	0	50
2026.02.13	04:00:00	77.064	78.367	75.967	77.888	19740	0	50
2026.02.13	08:00:00	77.889	79.333	76.572	77.327	20922	0	50
2026.02.13	12:00:00	77.331	79.289	75.977	77.028	38556	0	50
2026.02.13	16:00:00	77.024	78.414	76.985	77.300	26846	0	50
2026.02.13	20:00:00	77.292	77.517	76.490	77.516	8911	0	50
2026.02.15	20:00:00	74.897	77.102	74.857	76.352	3408	0	50
2026.02.16	00:00:00	76.353	77.496	74.729	75.277	17319	0	50
2026.02.16	04:00:00	75.276	77.053	74.805	76.919	11736	0	50
2026.02.16	08:00:00	76.921	77.362	76.550	77.140	10072	0	50
2026.02.16	12:00:00	77.139	77.161	75.946	76.120	12447	0	50
2026.02.16	16:00:00	76.121	76.826	75.710	76.617	7889	0	50
2026.02.16	20:00:00	76.521	76.872	76.201	76.443	2263	0	50
2026.02.17	00:00:00	76.443	76.547	73.057	75.444	27151	0	50
2026.02.17	04:00:00	75.440	75.681	72.728	74.988	27129	0	50
2026.02.17	08:00:00	74.990	75.469	73.660	74.731	14231	0	50
2026.02.17	12:00:00	74.717	75.285	71.927	73.231	33440	0	50
2026.02.17	16:00:00	73.223	74.084	72.051	73.526	27974	0	50
2026.02.17	20:00:00	73.524	73.755	72.273	72.417	9925	0	50
2026.02.18	00:00:00	72.417	74.751	72.321	74.664	14616	0	50
2026.02.18	04:00:00	74.662	76.135	74.490	75.689	14401	0	50
2026.02.18	08:00:00	75.692	76.290	75.280	75.452	13679	0	40
2026.02.18	12:00:00	75.448	78.306	75.309	77.700	26882	0	40
2026.02.18	16:00:00	77.698	78.339	76.260	76.671	26458	0	40
2026.02.18	20:00:00	76.674	77.704	76.511	77.182	11578	0	40
2026.02.19	00:00:00	77.181	78.073	76.466	77.980	15426	0	40
2026.02.19	04:00:00	77.981	79.236	77.674	78.895	10448	0	40
2026.02.19	08:00:00	78.887	79.467	77.358	77.941	14297	0	40
2026.02.19	12:00:00	77.940	79.088	77.167	78.621	29693	0	40
2026.02.19	16:00:00	78.628	78.650	77.350	77.768	28825	0	40
2026.02.19	20:00:00	77.767	78.590	77.758	77.963	7951	0	40
2026.02.20	00:00:00	77.967	78.758	77.416	77.626	13559	0	40
2026.02.20	04:00:00	77.620	79.086	77.617	78.733	10233	0	40
2026.02.20	08:00:00	78.738	81.189	78.738	80.428	15774	0	40
2026.02.20	12:00:00	80.432	82.501	79.765	81.758	41425	0	40
2026.02.20	16:00:00	81.765	83.335	81.395	83.267	36458	0	40
2026.02.20	20:00:00	83.267	84.685	83.205	84.599	10478	0	40
2026.02.22	20:00:00	85.420	87.263	85.417	87.006	4327	0	40
2026.02.23	00:00:00	87.003	87.825	85.962	87.208	20168	0	40
2026.02.23	04:00:00	87.209	87.571	85.159	85.815	13890	0	40
2026.02.23	08:00:00	85.809	87.082	85.663	86.517	14078	0	40
2026.02.23	12:00:00	86.514	88.025	85.680	86.684	28103	0	40
2026.02.23	16:00:00	86.679	87.832	85.960	87.674	25902	0	40
2026.02.23	20:00:00	87.677	89.041	87.652	88.141	11098	0	40
2026.02.24	00:00:00	88.140	88.284	84.936	86.968	38218	0	40
2026.02.24	04:00:00	86.961	88.891	86.678	87.897	20147	0	40
2026.02.24	08:00:00	87.889	88.574	87.633	88.065	16168	0	40
2026.02.24	12:00:00	88.069	88.257	85.363	87.814	41005	0	40
2026.02.24	16:00:00	87.817	88.226	86.559	86.963	25898	0	40
2026.02.24	20:00:00	86.962	87.683	86.560	87.219	11035	0	40
2026.02.25	00:00:00	87.218	89.830	86.754	89.470	23106	0	40
2026.02.25	04:00:00	89.464	91.234	89.100	90.366	21455	0	40
2026.02.25	08:00:00	90.366	91.075	89.456	90.485	17342	0	40
2026.02.25	12:00:00	90.478	90.987	89.379	90.605	32786	0	40
2026.02.25	16:00:00	90.598	91.287	90.265	91.093	23586	0	40
2026.02.25	20:00:00	91.091	91.169	87.206	87.556	23747	0	40
2026.02.26	00:00:00	87.564	90.340	87.483	89.246	40463	0	40
2026.02.26	04:00:00	89.245	89.989	88.091	88.436	23341	0	40
2026.02.26	08:00:00	88.442	88.537	86.263	87.138	25712	0	40
2026.02.26	12:00:00	87.138	87.627	85.223	87.463	52034	0	40
2026.02.26	16:00:00	87.469	88.373	86.321	88.236	34459	0	40
2026.02.26	20:00:00	88.254	88.945	87.937	88.167	11126	0	40
2026.02.27	00:00:00	88.167	90.076	87.809	89.346	27869	0	40
2026.02.27	04:00:00	89.340	90.565	89.282	90.147	18507	0	40
2026.02.27	08:00:00	90.145	90.319	89.058	89.972	17906	0	40
2026.02.27	12:00:00	89.969	93.818	89.419	93.558	51158	0	40
2026.02.27	16:00:00	93.563	94.134	92.309	93.172	40979	0	40
2026.02.27	20:00:00	93.166	93.906	93.061	93.771	10512	0	40
2026.03.01	20:00:00	95.540	96.404	94.718	95.757	7987	0	40
2026.03.02	00:00:00	95.758	95.802	91.987	94.366	52462	0	40
2026.03.02	04:00:00	94.366	96.100	93.312	96.094	25875	0	20
2026.03.02	08:00:00	96.091	96.174	94.333	94.629	24774	0	42
2026.03.02	12:00:00	94.636	95.269	88.229	88.697	72794	0	42
2026.03.02	16:00:00	88.691	89.756	86.512	89.359	58505	0	42
2026.03.02	20:00:00	89.351	90.782	89.191	90.065	19154	0	42
2026.03.03	00:00:00	90.073	91.332	88.154	90.212	37967	0	42
2026.03.03	04:00:00	90.222	90.288	82.992	87.107	50415	0	42
2026.03.03	08:00:00	87.114	87.702	77.951	81.163	90050	0	42
2026.03.03	12:00:00	81.169	83.471	79.115	82.538	109270	0	42
2026.03.03	16:00:00	82.532	84.056	81.595	83.025	65470	0	42
2026.03.03	20:00:00	83.029	83.502	81.814	82.992	20260	0	42
2026.03.04	00:00:00	82.990	85.499	81.881	84.914	42468	0	42
2026.03.04	04:00:00	84.921	85.414	83.724	84.829	31703	0	42
2026.03.04	08:00:00	84.822	86.649	84.392	86.184	25714	0	42
2026.03.04	12:00:00	86.181	86.823	83.101	84.201	54421	0	42
2026.03.04	16:00:00	84.197	84.608	82.165	83.592	35682	0	42
2026.03.04	20:00:00	83.586	84.012	82.840	84.000	10951	0	42
2026.03.05	00:00:00	84.004	85.545	83.867	84.865	24145	0	42
2026.03.05	04:00:00	84.866	85.099	80.468	83.658	31805	0	42
2026.03.05	08:00:00	83.656	84.973	82.810	84.133	28743	0	42
2026.03.05	12:00:00	84.137	84.692	81.338	82.342	55851	0	42
2026.03.05	16:00:00	82.349	82.448	80.589	81.032	44858	0	42
2026.03.05	20:00:00	81.025	83.269	80.732	82.754	15717	0	42
2026.03.06	00:00:00	82.748	84.603	81.768	84.335	24330	0	42
2026.03.06	04:00:00	84.334	84.663	83.357	84.632	17501	0	42
2026.03.06	08:00:00	84.637	84.743	81.876	82.292	24944	0	42
2026.03.06	12:00:00	82.285	84.934	81.647	84.175	60878	0	42
2026.03.06	16:00:00	84.183	84.854	83.556	84.383	35240	0	42
2026.03.06	20:00:00	84.391	84.505	83.598	84.484	9219	0	42
2026.03.08	20:00:00	83.952	84.651	80.959	81.940	21436	0	42
2026.03.09	00:00:00	81.938	83.451	79.602	83.135	45154	0	42
2026.03.09	04:00:00	83.135	84.932	82.410	83.564	28174	0	42
2026.03.09	08:00:00	83.572	84.486	82.801	83.207	26440	0	42
2026.03.09	12:00:00	83.213	85.125	83.096	84.409	43029	0	42
2026.03.09	16:00:00	84.413	86.693	83.839	86.382	25570	0	42
2026.03.09	20:00:00	86.389	88.008	86.353	87.327	10461	0	42
2026.03.10	00:00:00	87.320	90.014	86.561	88.050	32638	0	42
2026.03.10	04:00:00	88.051	89.222	87.901	89.153	19525	0	42
2026.03.10	08:00:00	89.150	89.454	87.814	88.359	19445	0	42
2026.03.10	12:00:00	88.364	89.700	87.908	89.480	30984	0	42
2026.03.10	16:00:00	89.479	89.683	86.935	88.411	34697	0	42
2026.03.10	20:00:00	88.413	88.915	88.063	88.437	8015	0	42
2026.03.11	00:00:00	88.428	89.405	87.801	88.204	21413	0	42
2026.03.11	04:00:00	88.203	88.424	86.388	86.965	19820	0	42
2026.03.11	08:00:00	86.969	87.369	85.963	86.255	20080	0	42
2026.03.11	12:00:00	86.249	86.727	84.393	84.848	37371	0	42
2026.03.11	16:00:00	84.851	86.035	84.442	85.977	18968	0	42
2026.03.11	20:00:00	85.976	86.047	84.531	84.605	7717	0	42
2026.03.12	00:00:00	84.612	85.894	83.961	84.899	22473	0	42
2026.03.12	04:00:00	84.905	87.086	84.392	87.015	16902	0	42
2026.03.12	08:00:00	87.015	87.244	86.522	86.942	15595	0	42
2026.03.12	12:00:00	86.950	87.436	84.490	85.243	38612	0	42
2026.03.12	16:00:00	85.235	85.584	84.323	84.505	24075	0	42
2026.03.12	20:00:00	84.498	84.616	83.001	84.031	8720	0	42
2026.03.13	00:00:00	84.031	85.438	83.934	84.720	18937	0	42
2026.03.13	04:00:00	84.719	84.749	81.613	82.398	25315	0	42
2026.03.13	08:00:00	82.401	83.798	81.596	83.688	21007	0	42
2026.03.13	12:00:00	83.686	84.480	80.148	80.259	38905	0	42
2026.03.13	16:00:00	80.251	81.345	79.404	80.258	30350	0	42
2026.03.13	20:00:00	80.265	80.612	79.910	80.606	3711	0	42
2026.03.15	20:00:00	80.001	80.596	79.258	80.080	10011	0	42
2026.03.16	00:00:00	80.083	81.536	78.454	80.239	36021	0	42
2026.03.16	04:00:00	80.238	80.748	78.924	79.077	20972	0	42
2026.03.16	08:00:00	79.083	79.541	77.046	78.935	26459	0	42
2026.03.16	12:00:00	78.936	81.632	78.816	80.301	34722	0	42
2026.03.16	16:00:00	80.301	81.407	79.497	80.869	23982	0	42
2026.03.16	20:00:00	80.864	81.162	80.597	81.112	6693	0	42
2026.03.17	00:00:00	81.114	81.577	79.838	81.370	18713	0	42
2026.03.17	04:00:00	81.376	82.546	80.508	81.007	19340	0	42
2026.03.17	08:00:00	81.000	81.202	79.843	80.305	17411	0	42
2026.03.17	12:00:00	80.305	81.372	78.231	79.201	30834	0	42
2026.03.17	16:00:00	79.208	79.911	78.758	79.154	18461	0	42
2026.03.17	20:00:00	79.155	79.318	78.719	79.190	4452	0	42
2026.03.18	00:00:00	79.193	80.075	78.116	78.708	19544	0	42
2026.03.18	04:00:00	78.709	80.180	78.262	79.744	16597	0	42
2026.03.18	08:00:00	79.725	80.052	78.370	78.556	19710	0	42
2026.03.18	12:00:00	78.559	79.006	75.561	76.621	47657	0	42
2026.03.18	16:00:00	76.618	77.490	75.830	75.909	27589	0	42
2026.03.18	20:00:00	75.903	76.241	74.980	75.876	11585	0	42
2026.03.19	00:00:00	75.875	76.686	75.431	75.823	23010	0	42
2026.03.19	04:00:00	75.813	76.001	71.067	71.152	28979	0	42
2026.03.19	08:00:00	71.151	71.962	69.928	70.277	37720	0	42
2026.03.19	12:00:00	70.260	71.055	65.468	70.102	78871	0	42
2026.03.19	16:00:00	70.101	72.589	69.809	72.498	43708	0	42
2026.03.19	20:00:00	72.496	73.646	71.998	72.515	10656	0	42
2026.03.20	00:00:00	72.516	74.523	72.235	74.175	29068	0	42
2026.03.20	04:00:00	74.178	74.209	71.194	72.971	26536	0	42
2026.03.20	08:00:00	72.977	73.647	71.198	72.193	26524	0	42
2026.03.20	12:00:00	72.188	72.460	68.421	69.266	56015	0	42
2026.03.20	16:00:00	69.263	70.409	67.652	67.943	38033	0	42
2026.03.20	20:00:00	67.950	68.261	67.711	67.896	4895	0	42
2026.03.22	20:00:00	67.341	69.590	67.318	68.063	12641	0	42
2026.03.23	00:00:00	68.069	68.355	64.607	65.298	67270	0	42
2026.03.23	04:00:00	65.300	66.622	60.987	63.868	70795	0	42
2026.03.23	08:00:00	63.860	69.264	63.164	67.293	70676	0	42
2026.03.23	12:00:00	67.286	70.773	66.638	67.873	79767	0	42
2026.03.23	16:00:00	67.869	70.166	67.835	68.952	42069	0	42
2026.03.23	20:00:00	68.946	70.118	68.301	69.743	11814	0	42
2026.03.24	00:00:00	69.742	69.931	66.331	66.935	47631	0	42
2026.03.24	04:00:00	66.932	70.396	65.973	70.074	36294	0	42
2026.03.24	08:00:00	70.068	70.356	68.519	70.056	35328	0	42
2026.03.24	12:00:00	70.053	70.300	67.671	69.561	54413	0	42
2026.03.24	16:00:00	69.568	70.034	68.715	69.518	32050	0	42
2026.03.24	20:00:00	69.516	73.050	69.350	72.885	16938	0	42
2026.03.25	00:00:00	72.886	74.532	72.565	73.390	33800	0	42
2026.03.25	04:00:00	73.389	73.651	72.592	72.934	22931	0	42
2026.03.25	08:00:00	72.941	73.697	71.945	73.161	24692	0	42
2026.03.25	12:00:00	73.163	73.345	71.670	72.540	39948	0	42
2026.03.25	16:00:00	72.535	72.886	71.212	72.005	26147	0	42
2026.03.25	20:00:00	71.999	72.143	70.364	70.642	11637	0	42
2026.03.26	00:00:00	70.643	72.192	70.583	71.726	26513	0	42
2026.03.26	04:00:00	71.727	71.983	68.996	69.366	27965	0	42
2026.03.26	08:00:00	69.367	69.583	66.902	67.280	31712	0	42
2026.03.26	12:00:00	67.280	69.716	67.066	68.507	39548	0	42
2026.03.26	16:00:00	68.500	68.606	66.678	67.137	29707	0	42
2026.03.26	20:00:00	67.138	69.016	67.013	68.661	16804	0	42
2026.03.27	00:00:00	68.663	69.549	67.359	69.376	24325	0	42
2026.03.27	04:00:00	69.374	70.340	69.143	69.544	19623	0	42
2026.03.27	08:00:00	69.543	69.591	67.686	67.846	20743	0	42
2026.03.27	12:00:00	67.839	71.633	67.474	70.781	38545	0	42
2026.03.27	16:00:00	70.786	70.972	69.422	70.021	26990	0	42
2026.03.27	20:00:00	70.011	70.123	69.630	69.762	4333	0	42
2026.03.29	20:00:00	68.786	69.284	67.681	68.127	9973	0	42
2026.03.30	00:00:00	68.133	70.497	67.753	69.799	33887	0	42
2026.03.30	04:00:00	69.801	70.863	69.706	70.567	21499	0	42
2026.03.30	08:00:00	70.559	71.599	70.258	71.270	20860	0	42
2026.03.30	12:00:00	71.269	71.756	69.997	71.004	31199	0	42
2026.03.30	16:00:00	71.006	71.025	69.599	70.149	19773	0	42
2026.03.30	20:00:00	70.147	70.345	69.523	69.923	6948	0	42
2026.03.31	00:00:00	69.924	73.474	69.007	71.984	36470	0	42
2026.03.31	04:00:00	71.986	73.098	71.546	73.054	21608	0	42
2026.03.31	08:00:00	73.046	73.327	72.271	73.118	22118	0	42
2026.03.31	12:00:00	73.121	74.166	72.508	73.665	31548	0	42
2026.03.31	16:00:00	73.658	75.304	73.603	75.249	29345	0	42
2026.03.31	20:00:00	75.253	75.551	74.813	74.884	9177	0	42
2026.04.01	00:00:00	74.883	75.610	73.914	74.017	25529	0	42
2026.04.01	04:00:00	74.015	75.377	73.759	73.998	19959	0	42
2026.04.01	08:00:00	73.993	75.456	73.941	75.130	18485	0	42
2026.04.01	12:00:00	75.124	75.801	74.401	75.708	33693	0	42
2026.04.01	16:00:00	75.709	76.117	74.919	75.254	19709	0	42
2026.04.01	20:00:00	75.250	75.810	74.977	75.333	7242	0	30
2026.04.02	00:00:00	75.330	75.858	71.521	72.167	63890	0	30
2026.04.02	04:00:00	72.165	72.248	69.639	71.561	37464	0	30
2026.04.02	08:00:00	71.556	71.733	70.249	70.604	25526	0	30
2026.04.02	12:00:00	70.611	73.127	69.548	71.928	63010	0	30
2026.04.02	16:00:00	71.930	72.953	71.692	72.637	29553	0	30
2026.04.02	20:00:00	72.632	73.041	72.608	73.024	2951	0	30
2026.04.05	20:00:00	71.856	72.257	71.175	71.660	11102	0	30
2026.04.06	00:00:00	71.662	73.151	71.594	71.960	26439	0	30
2026.04.06	04:00:00	71.960	72.767	71.709	72.482	18452	0	30
2026.04.06	08:00:00	72.483	73.561	72.438	73.274	20550	0	30
2026.04.06	12:00:00	73.271	73.568	72.035	72.616	37789	0	30
2026.04.06	16:00:00	72.618	73.203	72.182	73.013	22920	0	30
2026.04.06	20:00:00	73.020	73.288	72.698	72.879	5680	0	30
2026.04.07	00:00:00	72.879	73.130	71.564	72.671	36115	0	30
2026.04.07	04:00:00	72.671	73.334	71.766	72.245	24674	0	30
2026.04.07	08:00:00	72.250	73.145	71.699	72.146	28917	0	30
2026.04.07	12:00:00	72.148	72.432	69.786	71.430	41601	0	30
2026.04.07	16:00:00	71.429	73.070	71.265	72.841	32712	0	30
2026.04.07	20:00:00	72.834	76.915	72.727	76.559	25073	0	30
2026.04.08	00:00:00	76.561	77.165	75.984	76.288	35235	0	30
2026.04.08	04:00:00	76.292	77.642	76.292	76.995	20496	0	30
2026.04.08	08:00:00	76.992	77.406	76.544	77.247	18720	0	30
2026.04.08	12:00:00	77.253	77.589	74.705	75.499	41551	0	30
2026.04.08	16:00:00	75.498	75.779	73.473	74.537	30368	0	30
2026.04.08	20:00:00	74.531	74.632	73.499	73.754	9383	0	30
2026.04.09	00:00:00	73.759	74.397	72.872	73.987	27276	0	30
2026.04.09	04:00:00	73.987	74.293	73.597	74.083	19365	0	30
2026.04.09	08:00:00	74.089	74.605	73.831	74.566	16059	0	30
2026.04.09	12:00:00	74.567	75.966	74.092	75.798	29780	0	30
2026.04.09	16:00:00	75.799	76.624	75.514	75.582	21367	0	30
2026.04.09	20:00:00	75.577	75.716	75.177	75.414	6878	0	30
2026.04.10	00:00:00	75.412	75.969	74.913	75.915	21740	0	30
2026.04.10	04:00:00	75.914	76.209	75.243	75.368	15734	0	30
2026.04.10	08:00:00	75.370	75.646	74.820	75.622	14246	0	30
2026.04.10	12:00:00	75.622	76.822	75.482	75.965	28598	0	30
2026.04.10	16:00:00	75.959	76.482	75.714	76.339	17101	0	30
2026.04.10	20:00:00	76.343	76.374	75.796	75.890	2658	0	30
2026.04.12	20:00:00	73.789	73.897	72.572	73.753	9589	0	30
2026.04.13	00:00:00	73.759	74.754	73.646	74.415	24057	0	30
2026.04.13	04:00:00	74.413	74.810	74.159	74.719	16523	0	30
2026.04.13	08:00:00	74.717	74.901	73.972	74.013	15855	0	30
2026.04.13	12:00:00	74.017	74.459	73.551	74.125	28708	0	30
2026.04.13	16:00:00	74.124	75.851	74.026	75.449	22407	0	30
2026.04.13	20:00:00	75.450	75.941	75.431	75.694	5262	0	30
2026.04.14	00:00:00	75.693	77.008	75.366	76.926	19373	0	30
2026.04.14	04:00:00	76.930	77.947	76.508	77.718	16600	0	30
2026.04.14	08:00:00	77.721	78.139	77.284	77.547	16075	0	30
2026.04.14	12:00:00	77.550	79.308	77.168	79.122	28190	0	30
2026.04.14	16:00:00	79.127	79.579	78.906	79.547	16993	0	30
2026.04.14	20:00:00	79.551	79.727	79.298	79.500	6050	0	30
2026.04.15	00:00:00	79.496	81.001	79.273	79.882	25595	0	30
2026.04.15	04:00:00	79.883	79.992	79.028	79.179	19377	0	30
2026.04.15	08:00:00	79.177	79.345	78.208	79.016	20124	0	30
2026.04.15	12:00:00	79.016	80.495	78.553	79.307	28281	0	30
2026.04.15	16:00:00	79.303	79.671	79.002	79.346	17565	0	30
2026.04.15	20:00:00	79.347	79.559	78.869	79.456	5218	0	30
2026.04.16	00:00:00	79.458	80.600	79.458	80.336	18062	0	30
2026.04.16	04:00:00	80.336	80.857	80.006	80.074	14915	0	30
2026.04.16	08:00:00	80.076	80.133	79.391	79.647	14054	0	30
2026.04.16	12:00:00	79.652	79.778	78.048	78.911	32584	0	30
2026.04.16	16:00:00	78.915	79.019	78.163	78.696	19936	0	30
2026.04.16	20:00:00	78.701	78.846	78.388	78.677	4816	0	30
2026.04.17	00:00:00	78.673	79.144	77.746	78.891	19533	0	30
2026.04.17	04:00:00	78.891	79.254	78.490	78.921	14707	0	30
2026.04.17	08:00:00	78.916	79.787	78.907	79.616	13404	0	30
2026.04.17	12:00:00	79.615	83.030	79.584	82.272	43677	0	30
2026.04.17	16:00:00	82.270	82.519	81.106	81.337	21774	0	30
2026.04.17	20:00:00	81.342	81.380	80.886	80.910	3334	0	30
2026.04.19	20:00:00	79.357	79.797	78.620	78.962	9503	0	30
2026.04.20	00:00:00	78.964	80.665	78.634	79.948	25790	0	30
2026.04.20	04:00:00	79.949	80.086	79.238	79.405	21485	0	30
2026.04.20	08:00:00	79.404	79.812	79.054	79.778	15929	0	30
2026.04.20	12:00:00	79.778	80.424	79.316	79.797	30752	0	30
2026.04.20	16:00:00	79.802	80.097	79.600	79.737	15757	0	30
2026.04.20	20:00:00	79.738	80.194	79.616	79.850	6117	0	30
2026.04.21	00:00:00	79.849	80.044	78.537	78.956	20090	0	30
2026.04.21	04:00:00	78.957	79.330	78.604	78.977	16231	0	30
2026.04.21	08:00:00	78.978	79.269	78.475	79.171	14546	0	30
2026.04.21	12:00:00	79.176	79.239	76.660	76.970	37558	0	30
2026.04.21	16:00:00	76.969	77.272	75.486	75.676	36416	0	30
2026.04.21	20:00:00	75.671	77.373	75.384	77.305	13126	0	30
2026.04.22	00:00:00	77.309	78.295	77.309	78.068	18153	0	30
2026.04.22	04:00:00	78.069	78.657	77.854	78.287	15034	0	30
2026.04.22	08:00:00	78.288	78.310	77.673	78.004	15163	0	30
2026.04.22	12:00:00	78.001	78.393	77.410	77.822	28717	0	30
2026.04.22	16:00:00	77.817	78.044	77.575	77.755	16748	0	30
2026.04.22	20:00:00	77.754	77.802	77.388	77.532	5868	0	30
2026.04.23	00:00:00	77.532	78.390	75.656	76.110	34851	0	30
2026.04.23	04:00:00	76.110	76.368	75.573	76.195	19709	0	30
2026.04.23	08:00:00	76.196	76.299	74.215	75.505	21585	0	30
2026.04.23	12:00:00	75.504	77.002	75.482	76.027	33670	0	30
2026.04.23	16:00:00	76.026	76.498	74.602	75.543	36469	0	30
2026.04.23	20:00:00	75.549	75.761	75.204	75.541	7808	0	30
2026.04.24	00:00:00	75.546	75.928	74.669	74.833	25005	0	30
2026.04.24	04:00:00	74.832	75.195	73.944	74.886	19893	0	30
2026.04.24	08:00:00	74.888	76.217	74.548	75.922	22403	0	30
2026.04.24	12:00:00	75.923	76.534	75.197	76.356	33433	0	30
2026.04.24	16:00:00	76.351	76.672	75.949	75.985	19221	0	30
2026.04.24	20:00:00	75.980	75.995	75.639	75.660	2699	0	30
