<DATE>	<TIME>	<OPEN>	<HIGH>	<LOW>	<CLOSE>	<TICKVOL>	<VOL>	<SPREAD>
2018.06.28	00:00:00	1252.884	1254.229	1245.910	1248.581	81353	0	0
2018.06.29	00:00:00	1248.551	1255.573	1245.978	1252.533	79160	0	0
2018.07.01	00:00:00	1253.020	1254.149	1252.785	1253.365	2202	0	0
2018.07.02	00:00:00	1253.329	1253.576	1239.648	1242.103	75367	0	0
2018.07.03	00:00:00	1242.105	1256.819	1237.914	1254.923	76943	0	0
2018.07.04	00:00:00	1254.923	1261.034	1253.985	1256.914	59939	0	0
2018.07.05	00:00:00	1256.908	1259.690	1251.262	1257.276	79228	0	0
2018.07.06	00:00:00	1257.317	1258.700	1252.776	1254.736	70199	0	0
2018.07.08	00:00:00	1255.830	1256.555	1255.637	1256.397	1155	0	0
2018.07.09	00:00:00	1256.377	1265.847	1255.423	1258.360	69082	0	0
2018.07.10	00:00:00	1258.350	1260.294	1247.330	1255.913	75041	0	0
2018.07.11	00:00:00	1255.912	1256.024	1241.507	1242.673	82809	0	0
2018.07.12	00:00:00	1242.671	1248.510	1241.290	1245.993	72577	0	0
2018.07.13	00:00:00	1245.942	1248.029	1236.388	1241.512	71700	0	0
2018.07.15	00:00:00	1241.630	1242.103	1241.064	1241.118	1341	0	0
2018.07.16	00:00:00	1241.084	1245.518	1238.302	1240.685	66871	0	0
2018.07.17	00:00:00	1240.688	1244.927	1226.064	1227.119	78965	0	0
2018.07.18	00:00:00	1227.168	1229.081	1221.047	1227.335	75252	0	0
2018.07.19	00:00:00	1227.334	1228.950	1211.435	1223.425	86977	0	0
2018.07.20	00:00:00	1223.439	1232.205	1215.673	1231.498	86294	0	0
2018.07.22	00:00:00	1231.819	1233.267	1231.500	1232.849	2812	0	0
2018.07.23	00:00:00	1232.845	1235.039	1222.211	1224.211	79101	0	0
2018.07.24	00:00:00	1224.211	1229.421	1218.045	1225.120	79516	0	0
2018.07.25	00:00:00	1225.151	1234.107	1223.213	1233.042	83144	0	0
2018.07.26	00:00:00	1233.060	1235.133	1222.310	1224.085	81832	0	0
2018.07.27	00:00:00	1224.066	1227.256	1217.538	1222.619	71534	0	0
2018.07.29	00:00:00	1223.091	1223.572	1222.006	1222.439	1397	0	0
2018.07.30	00:00:00	1222.455	1225.028	1219.000	1222.479	63080	0	0
2018.07.31	00:00:00	1222.503	1228.450	1214.003	1223.896	77859	0	0
2018.08.01	00:00:00	1223.900	1224.683	1215.741	1217.771	74675	0	0
2018.08.02	00:00:00	1217.796	1221.032	1207.015	1208.352	77261	0	0
2018.08.03	00:00:00	1208.351	1219.955	1204.451	1213.262	70839	0	0
2018.08.05	00:00:00	1213.690	1215.044	1213.516	1214.790	1573	0	0
2018.08.06	00:00:00	1214.789	1217.817	1206.004	1208.687	70535	0	0
2018.08.07	00:00:00	1208.691	1216.098	1207.771	1212.388	67610	0	0
2018.08.08	00:00:00	1212.391	1215.755	1206.202	1213.255	69448	0	0
2018.08.09	00:00:00	1213.266	1217.244	1210.744	1212.093	70764	0	0
2018.08.10	00:00:00	1212.077	1217.055	1205.726	1211.004	82611	0	0
2018.08.12	00:00:00	1212.460	1213.801	1211.927	1212.318	2155	0	0
2018.08.13	00:00:00	1212.291	1212.562	1191.497	1192.799	88892	0	0
2018.08.14	00:00:00	1192.767	1198.650	1192.057	1193.887	76417	0	0
2018.08.15	00:00:00	1193.888	1194.128	1173.089	1173.750	87899	0	0
2018.08.16	00:00:00	1173.750	1181.960	1160.182	1175.328	93001	0	0
2018.08.17	00:00:00	1175.324	1184.952	1171.900	1184.730	79434	0	0
2018.08.19	00:00:00	1183.230	1183.792	1182.915	1183.535	1707	0	0
2018.08.20	00:00:00	1183.519	1191.251	1182.868	1191.173	71674	0	0
2018.08.21	00:00:00	1191.174	1196.942	1187.643	1195.951	79416	0	0
2018.08.22	00:00:00	1195.993	1201.544	1192.580	1195.066	75882	0	0
2018.08.23	00:00:00	1195.049	1195.440	1183.861	1184.487	78759	0	0
2018.08.24	00:00:00	1184.489	1208.517	1183.097	1205.638	76385	0	0
2018.08.26	00:00:00	1206.470	1207.867	1206.054	1207.786	2329	0	0
2018.08.27	00:00:00	1207.746	1212.319	1203.106	1211.015	70362	0	0
2018.08.28	00:00:00	1211.007	1214.240	1199.616	1202.634	78242	0	0
2018.08.29	00:00:00	1202.634	1207.793	1201.376	1207.132	75833	0	0
2018.08.30	00:00:00	1207.153	1207.216	1196.244	1199.870	79717	0	0
2018.08.31	00:00:00	1199.865	1208.789	1198.273	1200.848	81215	0	0
2018.09.02	00:00:00	1199.640	1200.007	1198.719	1199.095	1723	0	0
2018.09.03	00:00:00	1199.094	1203.818	1195.522	1200.751	54228	0	0
2018.09.04	00:00:00	1200.745	1201.964	1189.626	1191.991	81192	0	0
2018.09.05	00:00:00	1191.990	1198.332	1190.904	1197.074	74276	0	0
2018.09.06	00:00:00	1197.082	1206.918	1195.680	1201.112	80309	0	0
2018.09.07	00:00:00	1201.116	1203.478	1193.405	1195.623	79758	0	0
2018.09.09	00:00:00	1195.010	1196.234	1194.902	1196.117	1686	0	0
2018.09.10	00:00:00	1196.089	1198.421	1191.524	1195.008	70973	0	0
2018.09.11	00:00:00	1195.011	1199.343	1187.715	1197.004	71420	0	0
2018.09.12	00:00:00	1197.005	1208.441	1192.586	1206.205	79607	0	0
2018.09.13	00:00:00	1206.200	1212.615	1200.116	1202.073	78687	0	0
2018.09.14	00:00:00	1202.074	1208.504	1192.897	1193.235	73488	0	0
2018.09.16	00:00:00	1194.160	1194.368	1193.014	1193.366	1706	0	0
2018.09.17	00:00:00	1193.364	1204.765	1192.773	1198.369	76140	0	0
2018.09.18	00:00:00	1198.371	1203.473	1195.844	1199.503	79657	0	0
2018.09.19	00:00:00	1199.496	1206.147	1198.211	1203.945	75241	0	0
2018.09.20	00:00:00	1203.942	1208.365	1201.037	1207.354	78278	0	0
2018.09.21	00:00:00	1207.365	1211.006	1191.846	1199.512	78753	0	0
2018.09.23	00:00:00	1197.680	1198.440	1197.033	1197.935	1502	0	0
2018.09.24	00:00:00	1197.932	1204.111	1194.391	1199.281	70254	0	0
2018.09.25	00:00:00	1199.307	1203.269	1197.039	1201.191	70191	0	0
2018.09.26	00:00:00	1201.194	1202.393	1190.490	1196.461	77666	0	0
2018.09.27	00:00:00	1196.408	1198.555	1181.877	1183.541	79713	0	0
2018.09.28	00:00:00	1183.530	1193.699	1180.744	1191.768	76471	0	0
2018.09.30	00:00:00	1191.410	1192.131	1190.673	1190.872	1971	0	0
2018.10.01	00:00:00	1190.877	1192.040	1184.552	1188.994	75678	0	0
2018.10.02	00:00:00	1189.013	1208.160	1188.721	1205.487	85193	0	0
2018.10.03	00:00:00	1205.491	1208.216	1196.457	1197.928	83865	0	0
2018.10.04	00:00:00	1197.930	1206.649	1195.979	1199.055	85570	0	0
2018.10.05	00:00:00	1199.048	1205.713	1197.220	1202.678	76873	0	0
2018.10.07	00:00:00	1203.120	1203.970	1202.859	1203.755	1636	0	0
2018.10.08	00:00:00	1203.753	1204.040	1182.418	1190.650	78599	0	0
2018.10.09	00:00:00	1190.672	1191.805	1183.311	1189.840	80717	0	0
2018.10.10	00:00:00	1189.827	1194.775	1185.282	1193.880	82027	0	0
2018.10.11	00:00:00	1193.905	1226.272	1191.240	1221.251	101285	0	0
2018.10.12	00:00:00	1221.266	1223.444	1215.814	1217.801	58039	0	0
2018.10.14	00:00:00	1218.857	1220.249	1218.857	1219.204	1383	0	0
2018.10.15	00:00:00	1219.203	1233.204	1219.203	1226.768	57022	0	0
2018.10.16	00:00:00	1226.770	1232.331	1223.343	1224.911	55786	0	0
2018.10.17	00:00:00	1224.911	1229.433	1220.597	1222.194	59947	0	0
2018.10.18	00:00:00	1222.195	1230.053	1218.669	1225.835	61002	0	0
2018.10.19	00:00:00	1225.834	1230.727	1223.113	1226.292	56465	0	0
2018.10.21	00:00:00	1228.066	1228.122	1226.754	1227.274	2346	0	0
2018.10.22	00:00:00	1227.297	1229.485	1220.088	1222.323	53485	0	0
2018.10.23	00:00:00	1222.321	1239.675	1221.890	1230.884	59260	0	0
2018.10.24	00:00:00	1230.866	1235.205	1225.607	1235.166	60899	0	0
2018.10.25	00:00:00	1235.207	1239.116	1228.072	1231.772	61988	0	0
2018.10.26	00:00:00	1231.742	1243.354	1230.045	1233.594	67489	0	0
2018.10.28	00:00:00	1233.097	1233.928	1232.671	1232.738	2310	0	0
2018.10.29	00:00:00	1232.757	1235.328	1224.317	1230.052	74017	0	0
2018.10.30	00:00:00	1230.065	1230.548	1219.892	1222.556	64696	0	0
2018.10.31	00:00:00	1222.560	1222.812	1211.958	1216.016	62395	0	0
2018.11.01	00:00:00	1216.021	1237.330	1215.883	1232.947	65317	0	0
2018.11.02	00:00:00	1232.959	1236.396	1229.748	1232.876	66465	0	0
2018.11.04	00:00:00	1233.117	1234.183	1233.117	1234.042	1457	0	0
2018.11.05	00:00:00	1234.076	1235.088	1226.875	1231.021	58167	0	0
2018.11.06	00:00:00	1231.026	1235.855	1223.466	1227.877	57085	0	0
2018.11.07	00:00:00	1227.878	1236.346	1222.912	1226.040	68059	0	0
2018.11.08	00:00:00	1226.030	1226.861	1220.112	1223.048	62573	0	0
2018.11.09	00:00:00	1223.047	1223.248	1206.739	1209.584	61178	0	0
2018.11.11	00:00:00	1209.544	1210.727	1209.217	1210.726	1496	0	0
2018.11.12	00:00:00	1210.723	1211.388	1200.085	1202.290	56770	0	0
2018.11.13	00:00:00	1202.296	1205.123	1196.294	1203.024	62498	0	0
2018.11.14	00:00:00	1203.022	1216.282	1197.669	1210.970	66949	0	0
2018.11.15	00:00:00	1210.959	1216.339	1207.648	1213.946	66683	0	0
2018.11.16	00:00:00	1213.961	1225.238	1213.826	1221.559	59872	0	0
2018.11.18	00:00:00	1221.955	1222.686	1221.555	1222.522	1413	0	0
2018.11.19	00:00:00	1222.523	1225.160	1218.009	1224.101	58503	0	0
2018.11.20	00:00:00	1224.100	1228.706	1219.922	1221.625	62056	0	0
2018.11.21	00:00:00	1221.627	1230.015	1219.783	1225.745	56140	0	0
2018.11.22	00:00:00	1225.748	1229.014	1224.873	1227.373	37734	0	0
2018.11.23	00:00:00	1227.372	1228.480	1220.299	1222.983	43356	0	0
2018.11.25	00:00:00	1223.581	1224.339	1223.283	1224.300	1484	0	0
2018.11.26	00:00:00	1224.301	1227.983	1221.685	1222.612	52825	0	0
2018.11.27	00:00:00	1222.626	1225.205	1211.898	1214.449	54634	0	0
2018.11.28	00:00:00	1214.463	1226.609	1211.169	1221.009	56538	0	0
2018.11.29	00:00:00	1221.008	1228.931	1220.668	1224.258	58719	0	0
2018.11.30	00:00:00	1224.262	1225.493	1216.663	1222.016	51968	0	0
2018.12.02	00:00:00	1223.023	1223.174	1221.970	1222.050	1661	0	0
2018.12.03	00:00:00	1222.058	1234.883	1221.280	1231.169	60057	0	0
2018.12.04	00:00:00	1231.176	1241.896	1230.498	1238.768	62880	0	0
2018.12.05	00:00:00	1238.722	1238.987	1233.326	1238.256	45730	0	0
2018.12.06	00:00:00	1238.251	1244.259	1234.732	1237.380	65275	0	0
2018.12.07	00:00:00	1237.366	1249.978	1237.290	1248.211	59117	0	0
2018.12.09	00:00:00	1250.260	1250.477	1248.844	1248.988	1833	0	0
2018.12.10	00:00:00	1248.994	1250.265	1241.600	1244.106	59846	0	0
2018.12.11	00:00:00	1244.110	1249.461	1241.008	1243.090	58493	0	0
2018.12.12	00:00:00	1243.089	1247.163	1241.987	1246.085	57568	0	0
2018.12.13	00:00:00	1246.086	1246.679	1240.099	1242.442	55997	0	0
2018.12.14	00:00:00	1242.445	1242.975	1232.889	1238.244	53891	0	0
2018.12.16	00:00:00	1237.299	1237.913	1236.962	1237.071	1210	0	0
2018.12.17	00:00:00	1237.075	1248.032	1235.793	1245.848	53724	0	0
2018.12.18	00:00:00	1245.856	1250.309	1245.033	1249.468	56028	0	0
2018.12.19	00:00:00	1249.474	1257.967	1241.503	1244.137	63717	0	0
2018.12.20	00:00:00	1244.113	1266.419	1242.739	1261.947	70516	0	0
2018.12.21	00:00:00	1261.961	1262.697	1253.951	1255.655	60757	0	0
2018.12.23	00:00:00	1258.600	1259.027	1257.980	1258.859	1593	0	0
2018.12.24	00:00:00	1258.858	1269.488	1258.768	1268.232	47540	0	0
2018.12.26	00:00:00	1273.740	1278.990	1264.572	1269.120	63034	0	0
2018.12.27	00:00:00	1269.123	1278.876	1266.638	1274.689	67585	0	0
2018.12.28	00:00:00	1274.668	1282.053	1274.251	1280.724	61085	0	0
2018.12.30	00:00:00	1280.074	1280.074	1278.913	1279.756	1382	0	0
2018.12.31	00:00:00	1279.746	1284.009	1277.432	1282.507	47714	0	0
2019.01.02	00:00:00	1281.143	1290.153	1278.603	1285.846	61795	0	0
2019.01.03	00:00:00	1285.835	1295.181	1284.588	1295.159	68702	0	0
2019.01.04	00:00:00	1295.157	1298.467	1276.643	1284.718	67319	0	0
2019.01.06	00:00:00	1285.549	1285.938	1284.114	1284.203	1669	0	0
2019.01.07	00:00:00	1284.201	1295.000	1282.631	1288.844	61466	0	0
2019.01.08	00:00:00	1288.845	1290.159	1279.375	1285.131	60767	0	0
2019.01.09	00:00:00	1285.130	1293.820	1280.111	1292.864	63839	0	0
2019.01.10	00:00:00	1292.873	1297.004	1286.093	1287.914	62019	0	0
2019.01.11	00:00:00	1287.925	1295.105	1286.982	1287.468	56988	0	0
2019.01.13	00:00:00	1288.078	1288.572	1287.884	1288.107	1437	0	0
2019.01.14	00:00:00	1288.102	1295.802	1287.934	1291.468	57210	0	0
2019.01.15	00:00:00	1291.471	1294.617	1286.724	1289.585	61327	0	0
2019.01.16	00:00:00	1289.586	1294.911	1287.899	1292.943	57571	0	0
2019.01.17	00:00:00	1292.943	1295.299	1288.779	1292.281	58081	0	0
2019.01.18	00:00:00	1292.283	1292.398	1280.615	1281.482	55927	0	0
2019.01.20	00:00:00	1282.538	1283.237	1282.464	1282.578	1347	0	0
2019.01.21	00:00:00	1282.587	1283.519	1276.770	1279.645	39295	0	0
2019.01.22	00:00:00	1279.649	1285.467	1277.405	1284.553	55284	0	0
2019.01.23	00:00:00	1284.559	1286.460	1278.670	1283.727	54652	0	0
2019.01.24	00:00:00	1283.723	1284.749	1276.792	1281.302	56607	0	0
2019.01.25	00:00:00	1281.339	1303.585	1279.946	1303.105	56461	0	0
2019.01.27	00:00:00	1302.403	1302.517	1299.918	1300.004	1606	0	0
2019.01.28	00:00:00	1300.002	1304.369	1297.679	1303.816	54353	0	0
2019.01.29	00:00:00	1303.823	1311.923	1302.677	1310.694	55495	0	0
2019.01.30	00:00:00	1310.700	1323.308	1309.012	1319.211	59931	0	0
2019.01.31	00:00:00	1319.212	1326.176	1317.425	1321.024	59286	0	0
2019.02.01	00:00:00	1321.026	1323.471	1316.102	1317.652	55804	0	0
2019.02.03	00:00:00	1317.638	1317.886	1316.529	1317.116	1391	0	0
2019.02.04	00:00:00	1317.133	1317.485	1308.627	1311.736	54055	0	0
2019.02.05	00:00:00	1311.737	1316.817	1310.721	1314.953	52813	0	0
2019.02.06	00:00:00	1314.948	1315.779	1305.718	1306.605	53679	0	0
2019.02.07	00:00:00	1306.596	1311.889	1302.797	1310.419	56872	0	0
2019.02.08	00:00:00	1310.427	1315.583	1307.770	1313.957	51685	0	0
2019.02.10	00:00:00	1313.520	1313.932	1313.372	1313.651	1254	0	0
2019.02.11	00:00:00	1313.637	1314.820	1303.694	1307.749	54095	0	0
2019.02.12	00:00:00	1307.748	1314.713	1306.502	1310.253	55007	0	0
2019.02.13	00:00:00	1310.250	1318.083	1305.036	1307.607	57252	0	0
2019.02.14	00:00:00	1307.612	1314.308	1302.365	1311.890	59459	0	0
2019.02.15	00:00:00	1311.891	1322.507	1311.365	1321.083	53854	0	0
2019.02.17	00:00:00	1320.975	1321.303	1320.583	1321.084	1512	0	0
2019.02.18	00:00:00	1321.101	1327.572	1320.844	1326.386	39179	0	0
2019.02.19	00:00:00	1326.382	1341.724	1322.820	1339.516	56429	0	0
2019.02.20	00:00:00	1339.515	1346.657	1336.863	1340.575	61300	0	0
2019.02.21	00:00:00	1340.573	1341.444	1320.910	1325.818	64108	0	0
2019.02.22	00:00:00	1325.847	1333.047	1321.512	1327.794	56436	0	0
2019.02.24	00:00:00	1327.607	1328.511	1327.511	1327.710	1405	0	0
2019.02.25	00:00:00	1327.717	1332.513	1325.132	1327.498	57244	0	0
2019.02.26	00:00:00	1327.502	1330.145	1323.487	1329.220	56827	0	0
2019.02.27	00:00:00	1329.212	1329.852	1316.911	1321.107	54664	0	0
2019.02.28	00:00:00	1321.086	1327.241	1312.565	1314.180	59098	0	0
2019.03.01	00:00:00	1314.182	1315.118	1290.161	1293.279	60431	0	0
2019.03.03	00:00:00	1295.386	1296.153	1295.016	1295.190	1759	0	0
2019.03.04	00:00:00	1295.206	1297.002	1282.833	1287.066	58963	0	0
2019.03.05	00:00:00	1287.065	1289.509	1281.209	1287.907	57904	0	0
2019.03.06	00:00:00	1287.909	1290.858	1283.601	1287.071	57416	0	0
2019.03.07	00:00:00	1287.096	1288.961	1280.832	1285.953	57733	0	0
2019.03.08	00:00:00	1285.971	1300.681	1285.198	1298.274	60733	0	0
2019.03.10	00:00:00	1296.869	1297.359	1296.613	1297.210	1349	0	0
2019.03.11	00:00:00	1297.214	1299.054	1290.453	1292.538	50252	0	0
2019.03.12	00:00:00	1292.576	1302.114	1292.422	1301.879	52487	0	0
2019.03.13	00:00:00	1301.908	1311.195	1301.674	1309.352	51708	0	0
2019.03.14	00:00:00	1309.353	1309.757	1292.842	1296.080	54687	0	0
2019.03.15	00:00:00	1296.081	1306.327	1293.963	1302.208	51191	0	0
2019.03.17	00:00:00	1302.109	1302.301	1300.568	1300.579	2466	0	0
2019.03.18	00:00:00	1300.586	1306.640	1298.185	1303.442	50125	0	0
2019.03.19	00:00:00	1303.445	1310.827	1303.414	1306.199	50818	0	0
2019.03.20	00:00:00	1306.189	1316.902	1298.671	1315.391	58303	0	0
2019.03.21	00:00:00	1315.392	1320.305	1303.262	1308.571	57371	0	0
2019.03.22	00:00:00	1308.575	1314.894	1306.820	1313.223	55299	0	0
2019.03.24	00:00:00	1313.470	1313.771	1311.644	1311.644	2504	0	0
2019.03.25	00:00:00	1311.608	1324.425	1310.994	1321.287	54198	0	0
2019.03.26	00:00:00	1321.300	1322.142	1312.681	1316.399	55212	0	0
2019.03.27	00:00:00	1316.408	1319.235	1308.129	1309.363	57875	0	0
2019.03.28	00:00:00	1309.360	1312.260	1288.539	1291.520	57463	0	0
2019.03.29	00:00:00	1291.526	1299.724	1286.575	1292.057	54645	0	0
2019.03.31	00:00:00	1292.237	1293.188	1291.446	1291.714	2757	0	0
2019.04.01	00:00:00	1291.725	1296.942	1286.498	1287.363	55035	0	0
2019.04.02	00:00:00	1287.366	1292.826	1285.247	1291.736	51367	0	0
2019.04.03	00:00:00	1291.734	1294.476	1288.390	1291.814	50821	0	0
2019.04.04	00:00:00	1291.813	1294.318	1280.894	1292.117	51525	0	0
2019.04.05	00:00:00	1292.125	1293.106	1284.390	1291.374	48582	0	0
2019.04.07	00:00:00	1292.246	1293.615	1291.401	1291.755	2356	0	0
2019.04.08	00:00:00	1291.725	1303.639	1291.659	1297.977	47828	0	0
2019.04.09	00:00:00	1297.973	1306.112	1296.566	1304.616	49358	0	0
2019.04.10	00:00:00	1304.609	1310.529	1300.937	1308.043	51311	0	0
2019.04.11	00:00:00	1308.044	1308.315	1289.673	1292.195	53047	0	0
2019.04.12	00:00:00	1292.165	1295.691	1290.021	1290.433	47909	0	0
2019.04.14	00:00:00	1291.299	1291.907	1289.320	1289.732	2555	0	0
2019.04.15	00:00:00	1289.701	1290.324	1282.493	1288.357	49196	0	0
2019.04.16	00:00:00	1288.355	1288.360	1272.935	1276.587	51754	0	0
2019.04.17	00:00:00	1276.568	1279.720	1273.014	1274.169	48992	0	0
2019.04.18	00:00:00	1274.170	1277.605	1271.069	1275.593	46895	0	0
2019.04.22	00:00:00	1276.818	1279.736	1273.789	1274.590	38697	0	0
2019.04.23	00:00:00	1274.629	1276.436	1266.285	1271.399	45978	0	0
2019.04.24	00:00:00	1271.414	1278.443	1268.690	1274.664	48828	0	0
2019.04.25	00:00:00	1274.667	1282.534	1273.354	1278.608	48862	0	0
2019.04.26	00:00:00	1278.573	1288.629	1274.502	1285.879	49493	0	0
2019.04.28	00:00:00	1285.979	1286.616	1285.712	1285.822	1974	0	0
2019.04.29	00:00:00	1285.823	1286.580	1278.063	1280.369	44473	0	0
2019.04.30	00:00:00	1280.367	1286.142	1279.854	1283.142	48635	0	0
2019.05.01	00:00:00	1283.119	1287.164	1273.002	1277.049	50643	0	0
2019.05.02	00:00:00	1277.050	1277.372	1266.240	1270.734	49762	0	0
2019.05.03	00:00:00	1270.733	1282.498	1268.470	1278.982	45181	0	0
2019.05.05	00:00:00	1282.584	1285.752	1281.669	1284.203	5254	0	0
2019.05.06	00:00:00	1284.199	1285.111	1276.985	1282.850	51895	0	0
2019.05.07	00:00:00	1282.852	1286.016	1278.185	1284.785	51611	0	0
2019.05.08	00:00:00	1284.789	1291.395	1279.357	1281.319	52457	0	0
2019.05.09	00:00:00	1281.318	1288.114	1279.337	1283.708	55670	0	0
2019.05.10	00:00:00	1283.712	1289.351	1283.144	1285.684	53677	0	0
2019.05.12	00:00:00	1287.211	1288.026	1286.841	1287.175	2731	0	0
2019.05.13	00:00:00	1287.176	1301.690	1281.943	1301.690	51886	0	0
2019.05.14	00:00:00	1301.694	1303.240	1293.705	1297.074	48675	0	0
2019.05.15	00:00:00	1297.042	1300.817	1293.005	1296.476	50330	0	0
2019.05.16	00:00:00	1296.477	1298.663	1284.072	1285.838	48593	0	0
2019.05.17	00:00:00	1285.808	1288.879	1274.870	1277.647	47596	0	0
2019.05.19	00:00:00	1278.353	1278.841	1276.969	1277.713	2338	0	0
2019.05.20	00:00:00	1277.709	1278.891	1273.647	1277.401	46577	0	0
2019.05.21	00:00:00	1277.406	1277.410	1269.472	1274.591	44714	0	0
2019.05.22	00:00:00	1274.590	1277.217	1272.455	1274.226	43484	0	0
2019.05.23	00:00:00	1274.218	1287.194	1272.774	1284.127	50247	0	0
2019.05.24	00:00:00	1284.094	1285.154	1280.742	1284.805	44502	0	0
2019.05.26	00:00:00	1285.418	1285.576	1284.100	1284.679	2102	0	0
2019.05.27	00:00:00	1284.675	1287.325	1283.743	1285.687	29056	0	0
2019.05.28	00:00:00	1285.694	1286.519	1276.128	1279.875	49023	0	0
2019.05.29	00:00:00	1279.865	1285.447	1279.065	1279.836	52850	0	0
2019.05.30	00:00:00	1279.841	1290.554	1274.984	1290.435	49701	0	0
2019.05.31	00:00:00	1290.427	1306.834	1290.347	1305.484	55603	0	0
2019.06.02	00:00:00	1306.676	1309.387	1306.440	1309.259	3687	0	0
2019.06.03	00:00:00	1309.255	1327.910	1308.503	1325.116	59061	0	0
2019.06.04	00:00:00	1325.099	1328.977	1319.935	1325.293	58319	0	0
2019.06.05	00:00:00	1325.289	1343.990	1325.289	1330.876	63021	0	0
2019.06.06	00:00:00	1330.873	1339.718	1327.219	1333.393	58180	0	0
2019.06.07	00:00:00	1333.396	1348.180	1330.178	1340.699	53611	0	0
2019.06.09	00:00:00	1334.672	1335.765	1333.279	1334.981	3631	0	0
2019.06.10	00:00:00	1334.964	1337.615	1325.084	1329.238	53695	0	0
2019.06.11	00:00:00	1329.241	1329.791	1319.857	1327.709	51756	0	0
2019.06.12	00:00:00	1327.712	1338.259	1325.990	1333.523	55692	0	0
2019.06.13	00:00:00	1333.520	1344.552	1332.371	1344.433	55675	0	0
2019.06.14	00:00:00	1344.434	1358.042	1337.781	1341.217	58639	0	0
2019.06.16	00:00:00	1341.811	1341.999	1338.505	1338.532	2853	0	0
2019.06.17	00:00:00	1338.534	1343.424	1332.970	1339.654	55819	0	0
2019.06.18	00:00:00	1339.656	1354.524	1338.590	1345.447	63058	0	0
2019.06.19	00:00:00	1345.453	1362.504	1341.317	1357.883	67788	0	0
2019.06.20	00:00:00	1357.890	1393.816	1357.890	1390.810	81132	0	0
2019.06.21	00:00:00	1390.790	1411.560	1382.379	1399.452	78295	0	0
2019.06.23	00:00:00	1400.407	1410.164	1400.295	1406.811	6467	0	0
2019.06.24	00:00:00	1406.850	1425.953	1400.695	1425.209	71040	0	0
2019.06.25	00:00:00	1425.223	1439.001	1411.903	1418.335	92420	0	0
2019.06.26	00:00:00	1418.358	1420.489	1401.959	1410.685	78405	0	0
2019.06.27	00:00:00	1410.700	1411.999	1398.530	1411.055	67373	0	0
2019.06.28	00:00:00	1411.014	1424.526	1405.670	1409.677	63297	0	0
2019.06.30	00:00:00	1393.072	1397.690	1389.255	1392.085	7789	0	0
2019.07.01	00:00:00	1392.040	1396.989	1381.774	1385.483	70066	0	0
2019.07.02	00:00:00	1385.489	1436.051	1383.866	1431.221	73032	0	0
2019.07.03	00:00:00	1431.263	1437.668	1412.029	1418.383	74505	0	0
2019.07.04	00:00:00	1418.394	1424.110	1410.205	1420.899	45540	0	0
2019.07.05	00:00:00	1420.909	1421.301	1386.529	1398.739	66980	0	0
2019.07.07	00:00:00	1399.279	1399.306	1392.706	1395.651	4858	0	0
2019.07.08	00:00:00	1395.637	1407.526	1391.726	1394.305	59850	0	0
2019.07.09	00:00:00	1394.281	1399.945	1385.732	1395.216	58771	0	0
2019.07.10	00:00:00	1395.241	1422.438	1389.917	1421.981	67623	0	0
2019.07.11	00:00:00	1421.965	1427.032	1400.823	1403.926	66594	0	0
2019.07.12	00:00:00	1403.949	1416.790	1403.075	1415.346	56743	0	0
2019.07.14	00:00:00	1416.621	1419.668	1412.835	1416.199	4426	0	0
2019.07.15	00:00:00	1416.200	1418.197	1407.713	1415.433	55588	0	0
2019.07.16	00:00:00	1415.422	1416.205	1400.935	1405.188	58670	0	0
2019.07.17	00:00:00	1405.167	1428.460	1400.082	1424.592	59017	0	0
2019.07.18	00:00:00	1424.629	1452.884	1414.550	1442.887	74356	0	0
2019.07.19	00:00:00	1442.892	1445.205	1420.192	1425.402	68418	0	0
2019.07.21	00:00:00	1426.629	1427.068	1423.581	1425.038	3530	0	0
2019.07.22	00:00:00	1425.040	1429.939	1422.251	1423.655	56810	0	0
2019.07.23	00:00:00	1423.647	1429.963	1414.109	1417.011	60691	0	0
2019.07.24	00:00:00	1417.012	1429.391	1416.505	1425.282	53887	0	0
2019.07.25	00:00:00	1425.248	1433.723	1411.072	1415.008	58933	0	0
2019.07.26	00:00:00	1415.009	1424.753	1413.451	1418.343	48671	0	0
2019.07.28	00:00:00	1420.739	1420.858	1419.289	1420.079	2201	0	0
2019.07.29	00:00:00	1420.086	1428.062	1414.680	1424.462	47775	0	0
2019.07.30	00:00:00	1424.460	1433.146	1422.268	1430.766	47073	0	0
2019.07.31	00:00:00	1430.785	1434.227	1410.546	1412.164	64701	0	0
2019.08.01	00:00:00	1412.168	1446.613	1400.490	1438.129	75995	0	0
2019.08.02	00:00:00	1438.118	1447.895	1430.254	1440.772	74250	0	0
2019.08.04	00:00:00	1440.304	1441.167	1436.728	1439.554	3094	0	0
2019.08.05	00:00:00	1439.575	1474.680	1438.704	1473.969	82886	0	0
2019.08.06	00:00:00	1473.956	1477.268	1456.421	1476.792	72008	0	0
2019.08.07	00:00:00	1476.772	1510.312	1474.569	1501.585	90924	0	0
2019.08.08	00:00:00	1501.567	1509.418	1489.833	1504.156	76543	0	0
2019.08.09	00:00:00	1504.153	1507.929	1494.751	1497.137	61836	0	0
2019.08.11	00:00:00	1496.193	1501.473	1494.538	1500.747	3494	0	0
2019.08.12	00:00:00	1500.786	1519.962	1487.335	1512.067	62756	0	0
2019.08.13	00:00:00	1512.061	1534.920	1479.833	1500.840	89088	0	0
2019.08.14	00:00:00	1500.839	1523.938	1494.162	1516.954	86503	0	0
2019.08.15	00:00:00	1516.931	1527.065	1507.809	1526.553	88140	0	0
2019.08.16	00:00:00	1526.535	1527.913	1503.709	1512.967	62501	0	0
2019.08.18	00:00:00	1509.674	1512.896	1509.050	1509.341	2965	0	0
2019.08.19	00:00:00	1509.376	1512.655	1492.957	1496.091	59049	0	0
2019.08.20	00:00:00	1496.059	1508.491	1494.344	1506.127	50867	0	0
2019.08.21	00:00:00	1506.128	1507.391	1496.514	1502.554	50476	0	0
2019.08.22	00:00:00	1502.559	1504.539	1492.448	1497.441	49458	0	0
2019.08.23	00:00:00	1497.442	1530.178	1493.504	1526.632	62008	0	0
2019.08.25	00:00:00	1546.310	1554.998	1543.391	1547.301	9369	0	0
2019.08.26	00:00:00	1547.299	1549.096	1525.003	1528.528	77333	0	0
2019.08.27	00:00:00	1528.526	1544.548	1525.568	1543.500	57733	0	0
2019.08.28	00:00:00	1543.477	1546.760	1531.905	1538.687	60833	0	0
2019.08.29	00:00:00	1538.674	1550.322	1519.642	1528.719	68163	0	0
2019.08.30	00:00:00	1528.664	1533.061	1517.002	1520.228	60884	0	0
2019.09.01	00:00:00	1529.531	1533.446	1528.299	1529.069	3924	0	0
2019.09.02	00:00:00	1529.103	1531.098	1519.344	1526.219	39764	0	0
2019.09.03	00:00:00	1526.220	1549.833	1521.608	1549.094	65024	0	0
2019.09.04	00:00:00	1549.056	1556.943	1533.825	1551.234	65712	0	0
2019.09.05	00:00:00	1551.208	1551.629	1505.819	1518.291	74278	0	0
2019.09.06	00:00:00	1518.333	1527.789	1502.426	1506.738	80050	0	0
2019.09.08	00:00:00	1505.025	1507.613	1503.375	1505.810	3832	0	0
2019.09.09	00:00:00	1505.777	1515.394	1495.433	1496.221	63496	0	0
2019.09.10	00:00:00	1496.172	1500.824	1484.457	1486.972	66124	0	0
2019.09.11	00:00:00	1486.969	1498.189	1486.846	1492.980	56142	0	0
2019.09.12	00:00:00	1492.984	1524.109	1489.231	1497.695	71327	0	0
2019.09.13	00:00:00	1497.728	1508.927	1485.772	1488.691	58573	0	0
2019.09.15	00:00:00	1500.594	1507.757	1498.627	1506.059	7258	0	0
2019.09.16	00:00:00	1506.096	1512.025	1495.879	1497.941	64315	0	0
2019.09.17	00:00:00	1497.967	1507.018	1493.178	1500.767	59554	0	0
2019.09.18	00:00:00	1500.771	1511.346	1483.001	1491.123	69698	0	0
2019.09.19	00:00:00	1491.122	1504.384	1488.772	1499.613	62815	0	0
2019.09.20	00:00:00	1499.595	1516.923	1498.300	1516.302	56810	0	0
2019.09.22	00:00:00	1512.856	1514.344	1511.696	1514.329	4315	0	0
2019.09.23	00:00:00	1514.332	1526.722	1511.437	1520.782	63861	0	0
2019.09.24	00:00:00	1520.780	1535.578	1515.597	1531.600	69456	0	0
2019.09.25	00:00:00	1531.552	1535.021	1500.255	1506.433	72063	0	0
2019.09.26	00:00:00	1506.434	1512.240	1500.368	1506.724	65059	0	0
2019.09.27	00:00:00	1506.756	1507.334	1486.852	1496.761	70029	0	0
2019.09.29	00:00:00	1496.467	1500.435	1496.033	1496.222	3679	0	0
2019.09.30	00:00:00	1496.224	1497.156	1464.466	1473.569	70364	0	0
2019.10.01	00:00:00	1473.577	1487.141	1459.052	1481.475	76963	0	0
2019.10.02	00:00:00	1481.513	1504.974	1474.508	1499.975	72171	0	0
2019.10.03	00:00:00	1499.983	1519.490	1495.789	1508.279	78054	0	0
2019.10.04	00:00:00	1508.246	1515.927	1495.826	1504.414	69740	0	0
2019.10.06	00:00:00	1508.319	1508.602	1505.394	1508.064	2554	0	0
2019.10.07	00:00:00	1508.069	1509.211	1488.078	1492.029	60281	0	0
2019.10.08	00:00:00	1492.016	1509.594	1486.904	1508.699	76683	0	0
2019.10.09	00:00:00	1508.710	1516.982	1499.793	1511.551	70077	0	0
2019.10.10	00:00:00	1511.568	1513.810	1491.134	1494.003	75476	0	0
2019.10.11	00:00:00	1493.986	1503.070	1473.972	1488.118	75648	0	0
2019.10.13	00:00:00	1486.820	1487.230	1482.815	1484.586	3643	0	0
2019.10.14	00:00:00	1484.634	1496.997	1483.727	1491.185	55684	0	0
2019.10.15	00:00:00	1491.218	1498.345	1477.203	1481.926	59190	0	0
2019.10.16	00:00:00	1481.890	1491.518	1477.010	1490.028	61779	0	0
2019.10.17	00:00:00	1490.030	1497.259	1483.406	1492.825	58389	0	0
2019.10.18	00:00:00	1492.787	1493.324	1484.850	1490.403	51345	0	0
2019.10.20	00:00:00	1491.988	1492.132	1490.489	1491.538	2765	0	0
2019.10.21	00:00:00	1491.541	1495.147	1481.540	1484.105	52294	0	0
2019.10.22	00:00:00	1484.107	1489.215	1480.846	1488.727	52400	0	0
2019.10.23	00:00:00	1488.738	1496.200	1487.687	1492.078	51847	0	0
2019.10.24	00:00:00	1492.076	1503.911	1487.961	1502.668	52004	0	0
2019.10.25	00:00:00	1502.680	1517.861	1500.591	1504.378	53517	0	0
2019.10.27	00:00:00	1502.711	1504.100	1502.212	1503.947	2235	0	0
2019.10.28	00:00:00	1503.955	1508.124	1490.002	1491.688	53101	0	0
2019.10.29	00:00:00	1491.695	1494.711	1483.555	1487.257	52920	0	0
2019.10.30	00:00:00	1487.249	1496.499	1481.144	1495.176	58457	0	0
2019.10.31	00:00:00	1495.193	1514.123	1493.920	1512.171	59434	0	0
2019.11.01	00:00:00	1512.182	1515.894	1503.321	1514.124	53810	0	0
2019.11.03	00:00:00	1512.838	1513.146	1512.227	1512.852	1262	0	0
2019.11.04	00:00:00	1512.851	1514.707	1504.384	1506.683	51907	0	0
2019.11.05	00:00:00	1506.687	1507.747	1479.308	1484.364	60606	0	0
2019.11.06	00:00:00	1484.398	1494.115	1482.940	1490.152	55493	0	0
2019.11.07	00:00:00	1490.175	1492.117	1460.630	1468.651	64290	0	0
2019.11.08	00:00:00	1468.616	1472.878	1456.200	1458.480	60593	0	0
2019.11.10	00:00:00	1460.307	1461.038	1459.980	1460.966	1448	0	0
2019.11.11	00:00:00	1460.973	1466.367	1448.205	1455.583	50673	0	0
2019.11.12	00:00:00	1455.581	1460.348	1445.578	1458.243	62386	0	0
2019.11.13	00:00:00	1458.265	1466.995	1457.204	1463.483	59226	0	0
2019.11.14	00:00:00	1463.479	1474.549	1461.113	1469.183	57381	0	0
2019.11.15	00:00:00	1469.190	1469.813	1462.402	1466.822	50394	0	0
2019.11.17	00:00:00	1467.963	1469.539	1467.650	1469.001	1321	0	0
2019.11.18	00:00:00	1469.010	1473.833	1456.334	1471.683	54643	0	0
2019.11.19	00:00:00	1471.666	1475.259	1464.773	1474.484	56169	0	0
2019.11.20	00:00:00	1474.477	1478.743	1465.810	1474.363	60859	0	0
2019.11.21	00:00:00	1474.382	1475.555	1462.357	1465.083	60974	0	0
2019.11.22	00:00:00	1465.047	1473.120	1461.334	1462.093	51819	0	0
2019.11.24	00:00:00	1460.590	1460.928	1459.640	1460.412	1491	0	0
2019.11.25	00:00:00	1460.401	1462.041	1453.615	1453.832	49511	0	0
2019.11.26	00:00:00	1453.840	1462.764	1449.895	1460.485	49635	0	0
2019.11.27	00:00:00	1460.450	1461.141	1452.534	1456.845	48781	0	0
2019.11.28	00:00:00	1456.817	1458.191	1454.194	1456.016	31231	0	0
2019.11.29	00:00:00	1456.024	1466.444	1452.991	1463.914	41334	0	0
2019.12.01	00:00:00	1462.603	1462.603	1461.559	1461.778	1603	0	0
2019.12.02	00:00:00	1461.746	1465.735	1453.917	1462.598	55575	0	0
2019.12.03	00:00:00	1462.609	1481.689	1459.793	1476.582	60873	0	0
2019.12.04	00:00:00	1476.593	1483.956	1471.408	1475.523	61253	0	0
2019.12.05	00:00:00	1475.524	1480.262	1472.870	1475.925	55134	0	0
2019.12.06	00:00:00	1475.942	1479.211	1458.659	1460.693	51338	0	0
2019.12.08	00:00:00	1458.717	1459.945	1458.710	1459.899	1528	0	0
2019.12.09	00:00:00	1459.893	1465.306	1459.057	1461.044	46077	0	0
2019.12.10	00:00:00	1461.038	1469.082	1460.008	1463.853	51407	0	0
2019.12.11	00:00:00	1463.814	1478.822	1462.703	1474.534	52304	0	0
2019.12.12	00:00:00	1474.543	1486.641	1461.868	1465.021	62843	0	0
2019.12.13	00:00:00	1465.060	1477.957	1464.768	1476.442	61038	0	0
2019.12.15	00:00:00	1474.939	1474.987	1473.729	1474.073	1685	0	0
2019.12.16	00:00:00	1474.096	1479.786	1473.141	1475.303	48371	0	0
2019.12.17	00:00:00	1475.307	1480.418	1474.185	1475.580	46523	0	0
2019.12.18	00:00:00	1475.577	1479.229	1470.436	1475.724	45362	0	0
2019.12.19	00:00:00	1475.721	1481.614	1473.248	1478.396	45697	0	0
2019.12.20	00:00:00	1478.414	1480.893	1475.817	1477.567	39780	0	0
2019.12.22	00:00:00	1477.946	1478.580	1477.448	1478.463	1324	0	0
2019.12.23	00:00:00	1478.461	1486.068	1478.382	1485.406	42545	0	0
2019.12.24	00:00:00	1485.440	1500.412	1484.343	1499.587	35650	0	0
2019.12.26	00:00:00	1504.340	1512.501	1502.695	1511.122	35931	0	0
2019.12.27	00:00:00	1511.118	1515.222	1507.309	1510.751	46072	0	0
2019.12.29	00:00:00	1511.309	1513.889	1511.012	1513.466	1799	0	0
2019.12.30	00:00:00	1513.459	1516.028	1510.741	1514.854	44832	0	0
2019.12.31	00:00:00	1514.856	1525.185	1514.769	1522.657	39633	0	0
2020.01.02	00:00:00	1518.464	1531.275	1517.172	1528.743	49163	0	0
2020.01.03	00:00:00	1528.725	1553.419	1528.725	1548.958	64676	0	0
2020.01.05	00:00:00	1576.329	1582.102	1566.855	1569.216	5730	0	0
2020.01.06	00:00:00	1569.151	1579.966	1560.818	1563.706	71908	0	0
2020.01.07	00:00:00	1563.723	1598.344	1555.277	1595.042	74537	0	0
2020.01.08	00:00:00	1595.013	1611.365	1552.222	1558.022	102179	0	0
2020.01.09	00:00:00	1558.016	1561.257	1540.211	1552.626	69231	0	0
2020.01.10	00:00:00	1552.590	1560.935	1545.667	1560.215	57633	0	0
2020.01.12	00:00:00	1559.714	1560.563	1557.998	1559.187	1859	0	0
2020.01.13	00:00:00	1559.226	1559.957	1544.911	1545.188	56688	0	0
2020.01.14	00:00:00	1545.196	1549.935	1535.834	1549.498	62735	0	0
2020.01.15	00:00:00	1549.489	1558.082	1546.340	1556.252	59033	0	0
2020.01.16	00:00:00	1556.272	1558.037	1547.955	1552.144	53626	0	0
2020.01.17	00:00:00	1552.147	1561.156	1549.343	1557.074	51479	0	0
2020.01.19	00:00:00	1558.947	1558.947	1556.292	1556.980	1805	0	0
2020.01.20	00:00:00	1556.975	1562.650	1556.627	1561.177	35282	0	0
2020.01.21	00:00:00	1561.174	1568.507	1546.314	1556.466	62690	0	0
2020.01.22	00:00:00	1556.421	1563.677	1550.135	1561.367	54346	0	0
2020.01.23	00:00:00	1561.378	1567.864	1551.892	1560.889	57428	0	0
2020.01.24	00:00:00	1560.883	1575.728	1556.513	1571.508	52558	0	0
2020.01.26	00:00:00	1581.234	1588.516	1581.234	1582.664	4435	0	0
2020.01.27	00:00:00	1582.704	1586.182	1575.831	1581.060	64147	0	0
2020.01.28	00:00:00	1581.057	1582.959	1565.520	1568.436	58734	0	0
2020.01.29	00:00:00	1568.450	1577.879	1563.318	1577.019	53920	0	0
2020.01.30	00:00:00	1577.001	1585.868	1572.230	1575.100	66323	0	0
2020.01.31	00:00:00	1575.101	1589.308	1570.919	1586.766	59342	0	0
2020.02.02	00:00:00	1588.544	1592.017	1587.972	1589.412	3041	0	0
2020.02.03	00:00:00	1589.377	1589.979	1569.346	1578.756	64731	0	0
2020.02.04	00:00:00	1578.768	1579.535	1549.005	1554.073	60413	0	0
2020.02.05	00:00:00	1554.056	1562.305	1547.479	1556.064	61703	0	0
2020.02.06	00:00:00	1556.024	1568.148	1552.461	1565.753	55232	0	0
2020.02.07	00:00:00	1565.757	1573.935	1560.256	1570.145	57061	0	0
2020.02.09	00:00:00	1569.258	1576.551	1569.028	1574.764	2835	0	0
2020.02.10	00:00:00	1574.725	1576.918	1567.939	1571.928	51494	0	0
2020.02.11	00:00:00	1571.929	1573.923	1562.134	1567.034	51153	0	0
2020.02.12	00:00:00	1566.989	1571.314	1561.820	1569.830	49346	0	0
2020.02.13	00:00:00	1569.767	1578.198	1569.100	1577.307	56462	0	0
2020.02.14	00:00:00	1577.266	1584.899	1573.014	1583.991	47660	0	0
2020.02.16	00:00:00	1581.444	1583.045	1580.429	1582.913	1717	0	0
2020.02.17	00:00:00	1582.920	1585.381	1578.824	1584.221	29285	0	0
2020.02.18	00:00:00	1584.228	1605.016	1584.178	1600.794	53213	0	0
2020.02.19	00:00:00	1600.790	1612.845	1599.466	1610.321	56964	0	0
2020.02.20	00:00:00	1610.317	1623.635	1603.853	1622.098	64165	0	0
2020.02.21	00:00:00	1622.072	1649.102	1618.908	1643.319	66571	0	0
2020.02.23	00:00:00	1659.760	1680.967	1657.703	1665.512	5109	0	0
2020.02.24	00:00:00	1665.489	1689.213	1650.801	1653.900	95124	0	0
2020.02.25	00:00:00	1653.860	1658.684	1624.934	1639.815	107178	0	0
2020.02.26	00:00:00	1639.809	1654.877	1624.966	1643.493	94173	0	0
2020.02.27	00:00:00	1643.507	1660.254	1635.286	1645.695	98611	0	0
2020.02.28	00:00:00	1645.667	1648.052	1562.889	1586.023	130845	0	0
2020.03.01	00:00:00	1582.112	1588.335	1575.451	1584.992	4753	0	0
2020.03.02	00:00:00	1584.922	1610.863	1581.675	1591.957	103064	0	0
2020.03.03	00:00:00	1591.903	1652.804	1589.641	1645.697	110324	0	0
2020.03.04	00:00:00	1645.687	1649.283	1631.719	1636.644	86924	0	0
2020.03.05	00:00:00	1636.576	1674.860	1635.574	1674.536	79351	0	0
2020.03.06	00:00:00	1674.495	1691.979	1642.218	1674.320	136871	0	0
2020.03.08	00:00:00	1696.280	1703.179	1679.712	1700.043	12186	0	0
2020.03.09	00:00:00	1700.049	1702.953	1657.450	1666.506	154543	0	0
2020.03.10	00:00:00	1666.535	1671.382	1641.572	1652.331	122470	0	0
2020.03.11	00:00:00	1652.318	1671.183	1633.070	1643.612	102424	0	0
2020.03.12	00:00:00	1643.655	1650.253	1560.721	1576.856	175125	0	0
2020.03.13	00:00:00	1576.861	1597.735	1504.669	1529.245	186926	0	0
2020.03.15	00:00:00	1551.879	1575.370	1540.122	1557.510	20018	0	0
2020.03.16	00:00:00	1557.594	1560.771	1451.281	1507.227	242692	0	0
2020.03.17	00:00:00	1507.234	1553.769	1465.592	1537.770	190614	0	0
2020.03.18	00:00:00	1537.790	1539.831	1472.753	1498.045	213560	0	0
2020.03.19	00:00:00	1498.087	1498.644	1455.292	1471.367	166361	0	0
2020.03.20	00:00:00	1471.350	1515.982	1471.017	1498.718	130877	0	0
2020.03.22	00:00:00	1502.200	1507.935	1482.773	1491.601	12432	0	0
2020.03.23	00:00:00	1491.591	1567.641	1485.073	1567.125	141803	0	0
2020.03.24	00:00:00	1567.119	1638.710	1558.059	1630.231	61842	0	0
2020.03.25	00:00:00	1629.614	1632.399	1598.777	1608.588	18564	0	0
2020.03.26	00:00:00	1608.457	1642.597	1596.568	1625.064	17074	0	0
2020.03.27	00:00:00	1625.069	1629.120	1613.848	1625.141	16798	0	0
2020.03.29	00:00:00	1628.767	1630.463	1619.009	1627.402	1333	0	0
2020.03.30	00:00:00	1626.567	1628.193	1610.999	1616.282	34788	0	0
2020.03.31	00:00:00	1616.122	1618.266	1569.398	1578.851	50841	0	0
2020.04.01	00:00:00	1578.950	1598.554	1572.348	1591.344	48128	0	0
2020.04.02	00:00:00	1591.250	1618.812	1582.649	1612.275	55582	0	0
2020.04.03	00:00:00	1612.393	1624.359	1606.445	1616.414	51412	0	0
2020.04.05	00:00:00	1613.913	1618.872	1608.502	1618.872	2362	0	0
2020.04.06	00:00:00	1618.700	1671.974	1615.368	1662.321	49668	0	0
2020.04.07	00:00:00	1662.287	1666.946	1642.945	1648.147	43937	0	0
2020.04.08	00:00:00	1648.159	1655.349	1642.134	1647.139	43567	0	0
2020.04.09	00:00:00	1647.131	1689.434	1645.858	1682.950	70482	0	0
2020.04.12	00:00:00	1684.492	1691.295	1683.877	1686.825	2623	0	0
2020.04.13	00:00:00	1686.633	1722.216	1679.814	1717.283	72932	0	0
2020.04.14	00:00:00	1717.168	1746.584	1708.627	1725.549	87688	0	0
2020.04.15	00:00:00	1725.547	1730.657	1707.520	1715.654	86286	0	0
2020.04.16	00:00:00	1715.828	1738.091	1702.256	1715.150	111398	0	0
2020.04.17	00:00:00	1715.137	1717.949	1679.205	1683.655	108710	0	0
2020.04.19	00:00:00	1682.777	1683.185	1673.878	1675.506	4793	0	0
2020.04.20	00:00:00	1675.538	1701.963	1671.308	1690.808	100694	0	0
2020.04.21	00:00:00	1690.812	1697.277	1660.381	1687.417	100186	0	0
2020.04.22	00:00:00	1687.625	1718.218	1679.697	1711.447	114161	0	0
2020.04.23	00:00:00	1711.452	1738.308	1706.644	1727.918	135293	0	0
2020.04.24	00:00:00	1727.925	1736.069	1710.080	1727.930	108651	0	0
2020.04.26	00:00:00	1721.908	1725.615	1718.882	1724.978	4645	0	0
2020.04.27	00:00:00	1724.975	1726.275	1705.658	1709.572	98362	0	0
2020.04.28	00:00:00	1709.351	1713.601	1691.664	1704.711	127143	0	0
2020.04.29	00:00:00	1704.444	1716.769	1697.500	1713.271	105334	0	0
2020.04.30	00:00:00	1713.130	1721.174	1680.724	1687.709	96500	0	0
2020.05.01	00:00:00	1687.443	1705.106	1670.206	1700.028	128675	0	0
2020.05.03	00:00:00	1698.504	1699.649	1691.615	1699.269	5005	0	0
2020.05.04	00:00:00	1699.123	1711.094	1694.748	1703.549	95624	0	0
2020.05.05	00:00:00	1703.562	1711.345	1691.468	1703.800	92800	0	0
2020.05.06	00:00:00	1703.838	1707.818	1681.890	1689.582	87714	0	0
2020.05.07	00:00:00	1689.678	1721.793	1684.097	1714.229	85572	0	0
2020.05.08	00:00:00	1714.234	1722.819	1701.361	1702.329	87497	0	0
2020.05.10	00:00:00	1702.072	1707.454	1701.274	1706.479	5600	0	0
2020.05.11	00:00:00	1706.472	1712.031	1686.421	1697.717	86071	0	0
2020.05.12	00:00:00	1697.759	1710.515	1693.297	1702.424	80866	0	0
2020.05.13	00:00:00	1702.351	1719.371	1698.868	1718.317	90848	0	0
2020.05.14	00:00:00	1718.287	1736.005	1710.464	1732.716	84064	0	0
2020.05.15	00:00:00	1732.708	1750.930	1728.336	1741.974	86012	0	0
2020.05.17	00:00:00	1747.441	1759.776	1743.217	1758.137	8823	0	0
2020.05.18	00:00:00	1758.060	1764.715	1726.823	1734.704	89522	0	0
2020.05.19	00:00:00	1734.711	1747.382	1725.316	1745.970	84501	0	0
2020.05.20	00:00:00	1745.978	1753.684	1742.035	1747.365	81235	0	0
2020.05.21	00:00:00	1747.470	1747.470	1716.751	1725.824	83723	0	0
2020.05.22	00:00:00	1725.953	1739.314	1724.152	1734.060	72154	0	0
2020.05.24	00:00:00	1731.595	1733.303	1729.697	1730.676	3100	0	0
2020.05.25	00:00:00	1730.682	1732.456	1721.355	1726.560	45906	0	0
2020.05.26	00:00:00	1726.542	1735.055	1708.228	1712.678	78402	0	0
2020.05.27	00:00:00	1712.658	1715.746	1693.423	1710.852	80630	0	0
2020.05.28	00:00:00	1710.856	1727.014	1708.767	1721.686	79946	0	0
2020.05.29	00:00:00	1721.660	1737.277	1712.361	1729.475	84120	0	0
2020.05.31	00:00:00	1733.361	1740.011	1731.502	1739.611	5255	0	0
2020.06.01	00:00:00	1739.507	1744.323	1726.812	1741.504	85179	0	0
2020.06.02	00:00:00	1741.580	1744.836	1721.363	1726.591	85044	0	0
2020.06.03	00:00:00	1726.580	1729.312	1689.147	1700.430	97370	0	0
2020.06.04	00:00:00	1700.516	1721.220	1696.548	1712.394	90589	0	0
2020.06.05	00:00:00	1712.410	1715.794	1670.510	1685.512	103697	0	0
2020.06.07	00:00:00	1681.207	1682.980	1677.301	1681.323	4508	0	0
2020.06.08	00:00:00	1681.327	1700.460	1680.698	1697.243	89348	0	0
2020.06.09	00:00:00	1697.238	1720.669	1691.911	1713.099	87589	0	0
2020.06.10	00:00:00	1713.143	1739.586	1708.014	1735.483	92633	0	0
2020.06.11	00:00:00	1735.522	1744.536	1721.451	1726.573	91039	0	0
2020.06.12	00:00:00	1726.524	1742.820	1721.690	1730.552	75974	0	0
2020.06.14	00:00:00	1730.841	1733.370	1729.536	1732.553	3951	0	0
2020.06.15	00:00:00	1732.499	1733.879	1703.902	1724.066	91686	0	0
2020.06.16	00:00:00	1724.084	1732.606	1716.455	1726.328	87923	0	0
2020.06.17	00:00:00	1726.358	1730.079	1712.327	1727.483	77965	0	0
2020.06.18	00:00:00	1727.536	1736.909	1717.376	1723.432	86317	0	0
2020.06.19	00:00:00	1723.433	1745.142	1722.353	1743.537	82193	0	0
2020.06.21	00:00:00	1746.411	1749.969	1743.864	1749.125	5397	0	0
2020.06.22	00:00:00	1749.088	1762.990	1742.326	1755.265	93348	0	0
2020.06.23	00:00:00	1755.303	1770.887	1747.356	1768.606	98281	0	0
2020.06.24	00:00:00	1768.563	1779.247	1754.347	1762.084	99594	0	0
2020.06.25	00:00:00	1762.071	1768.808	1755.362	1765.644	85331	0	0
2020.06.26	00:00:00	1765.647	1771.841	1747.250	1771.280	81818	0	0
2020.06.28	00:00:00	1770.599	1775.047	1769.991	1771.212	4591	0	0
2020.06.29	00:00:00	1771.293	1774.752	1765.607	1772.865	78649	0	0
2020.06.30	00:00:00	1772.864	1785.747	1764.212	1782.766	82334	0	0
2020.07.01	00:00:00	1782.771	1789.102	1759.172	1768.239	90704	0	0
2020.07.02	00:00:00	1768.241	1779.452	1757.488	1775.664	85559	0	0
2020.07.03	00:00:00	1775.617	1777.047	1772.418	1775.733	46587	0	0
2020.07.05	00:00:00	1773.537	1775.963	1773.263	1775.327	2812	0	0
2020.07.06	00:00:00	1775.252	1786.933	1769.855	1785.747	82214	0	0
2020.07.07	00:00:00	1785.785	1797.243	1773.385	1794.333	80949	0	0
2020.07.08	00:00:00	1794.315	1817.833	1791.401	1809.054	78384	0	0
2020.07.09	00:00:00	1809.051	1815.792	1795.289	1803.825	85887	0	0
2020.07.10	00:00:00	1803.829	1810.344	1794.025	1798.621	74438	0	0
2020.07.12	00:00:00	1799.343	1801.095	1797.908	1800.013	3395	0	0
2020.07.13	00:00:00	1799.994	1813.303	1799.771	1802.270	81733	0	0
2020.07.14	00:00:00	1802.282	1810.786	1790.404	1809.434	89331	0	0
2020.07.15	00:00:00	1809.412	1814.553	1802.364	1813.023	74686	0	0
2020.07.16	00:00:00	1813.025	1813.223	1794.869	1798.280	73592	0	0
2020.07.17	00:00:00	1798.282	1811.750	1795.730	1809.765	62024	0	0
2020.07.19	00:00:00	1808.109	1810.619	1807.808	1808.998	3036	0	0
2020.07.20	00:00:00	1808.969	1820.348	1805.658	1817.921	69489	0	0
2020.07.21	00:00:00	1817.913	1847.042	1815.563	1842.981	84524	0	0
2020.07.22	00:00:00	1842.947	1874.261	1842.306	1869.876	113270	0	0
2020.07.23	00:00:00	1869.872	1898.190	1863.526	1885.395	110411	0	0
2020.07.24	00:00:00	1885.396	1906.400	1880.996	1901.143	88362	0	0
2020.07.26	00:00:00	1902.646	1914.580	1902.646	1913.493	7315	0	0
2020.07.27	00:00:00	1913.495	1966.211	1912.295	1964.980	118520	0	0
2020.07.28	00:00:00	1964.873	1980.652	1906.629	1956.072	144032	0	0
2020.07.29	00:00:00	1956.058	1980.601	1941.314	1966.483	112963	0	0
2020.07.30	00:00:00	1966.487	1970.332	1938.975	1956.910	117553	0	0
2020.07.31	00:00:00	1956.926	1982.318	1955.863	1974.958	114462	0	0
2020.08.02	00:00:00	1982.988	1984.734	1977.002	1981.738	7656	0	0
2020.08.03	00:00:00	1981.698	1982.133	1960.418	1975.265	90000	0	0
2020.08.04	00:00:00	1975.174	2030.712	1967.369	2030.712	101812	0	0
2020.08.05	00:00:00	2030.640	2055.403	2009.131	2036.290	128275	0	0
2020.08.06	00:00:00	2036.338	2073.682	2034.336	2069.007	124673	0	0
2020.08.07	00:00:00	2069.100	2071.992	2015.315	2034.818	153370	0	0
2020.08.09	00:00:00	2026.671	2030.778	2018.676	2027.120	7584	0	0
2020.08.10	00:00:00	2027.119	2049.797	2019.265	2028.128	121363	0	0
2020.08.11	00:00:00	2028.129	2028.129	1901.422	1909.025	212818	0	0
2020.08.12	00:00:00	1908.997	1949.171	1863.593	1921.874	212820	0	0
2020.08.13	00:00:00	1921.844	1966.192	1919.895	1957.332	156993	0	0
2020.08.14	00:00:00	1957.304	1961.402	1931.973	1944.376	133875	0	0
2020.08.16	00:00:00	1944.835	1951.221	1931.853	1932.534	6351	0	0
2020.08.17	00:00:00	1932.533	1990.594	1929.267	1983.634	125269	0	0
2020.08.18	00:00:00	1983.647	2015.390	1975.958	2005.186	141889	0	0
2020.08.19	00:00:00	2005.155	2005.869	1924.638	1927.748	169331	0	0
2020.08.20	00:00:00	1927.717	1955.078	1924.346	1952.707	160288	0	0
2020.08.21	00:00:00	1952.789	1955.744	1911.464	1940.113	141405	0	0
2020.08.23	00:00:00	1936.426	1938.261	1929.819	1935.019	5596	0	0
2020.08.24	00:00:00	1935.006	1961.712	1923.666	1929.749	117222	0	0
2020.08.25	00:00:00	1929.699	1937.326	1914.211	1929.596	115115	0	0
2020.08.26	00:00:00	1929.564	1954.680	1902.613	1953.415	120848	0	0
2020.08.27	00:00:00	1953.414	1976.439	1909.707	1928.053	145531	0	0
2020.08.28	00:00:00	1927.921	1973.742	1922.773	1964.591	110396	0	0
2020.08.30	00:00:00	1968.915	1975.843	1968.820	1973.073	6149	0	0
2020.08.31	00:00:00	1973.011	1976.279	1954.269	1967.705	105516	0	0
2020.09.01	00:00:00	1967.778	1992.297	1962.630	1972.465	134024	0	0
2020.09.02	00:00:00	1972.496	1973.171	1932.408	1944.680	142485	0	0
2020.09.03	00:00:00	1944.693	1950.736	1921.824	1927.772	145754	0	0
2020.09.04	00:00:00	1927.730	1948.158	1916.114	1933.518	141308	0	0
2020.09.06	00:00:00	1932.511	1937.574	1932.506	1934.348	4369	0	0
2020.09.07	00:00:00	1934.349	1941.118	1924.114	1930.578	69038	0	0
2020.09.08	00:00:00	1930.577	1940.722	1906.368	1930.233	136283	0	0
2020.09.09	00:00:00	1930.198	1950.741	1919.879	1947.264	105696	0	0
2020.09.10	00:00:00	1947.368	1966.486	1941.211	1943.839	95985	0	0
2020.09.11	00:00:00	1943.722	1954.698	1936.791	1939.938	75357	0	0
2020.09.13	00:00:00	1937.168	1943.020	1937.136	1942.747	3421	0	0
2020.09.14	00:00:00	1942.750	1962.387	1939.740	1957.196	67710	0	0
2020.09.15	00:00:00	1957.187	1972.102	1948.096	1953.851	75567	0	0
2020.09.16	00:00:00	1953.712	1973.421	1949.635	1959.642	89088	0	0
2020.09.17	00:00:00	1959.750	1959.858	1932.831	1947.081	88961	0	0
2020.09.18	00:00:00	1947.082	1959.913	1944.894	1950.013	70358	0	0
2020.09.20	00:00:00	1949.641	1950.829	1946.445	1948.398	3876	0	0
2020.09.21	00:00:00	1948.348	1955.412	1882.213	1917.104	108598	0	0
2020.09.22	00:00:00	1917.115	1919.502	1894.498	1904.223	105367	0	0
2020.09.23	00:00:00	1904.211	1905.083	1853.127	1854.816	119691	0	0
2020.09.24	00:00:00	1854.688	1876.977	1848.076	1867.664	115833	0	0
2020.09.25	00:00:00	1867.544	1874.995	1851.922	1861.155	90867	0	0
2020.09.27	00:00:00	1862.899	1865.865	1860.887	1862.341	3712	0	0
2020.09.28	00:00:00	1862.376	1883.493	1848.204	1882.594	89143	0	0
2020.09.29	00:00:00	1882.546	1899.263	1875.167	1896.775	81565	0	0
2020.09.30	00:00:00	1896.760	1902.169	1881.332	1887.634	100285	0	0
2020.10.01	00:00:00	1887.621	1912.109	1884.618	1903.161	95872	0	0
2020.10.02	00:00:00	1903.158	1916.982	1889.744	1898.723	96122	0	0
2020.10.04	00:00:00	1903.345	1904.290	1898.045	1902.902	4528	0	0
2020.10.05	00:00:00	1902.894	1918.623	1886.933	1912.687	76113	0	0
2020.10.06	00:00:00	1912.683	1921.032	1874.761	1880.067	96350	0	0
2020.10.07	00:00:00	1880.114	1897.899	1872.840	1886.948	88639	0	0
2020.10.08	00:00:00	1886.918	1900.527	1881.839	1895.177	80425	0	0
2020.10.09	00:00:00	1895.168	1930.444	1894.872	1930.147	72824	0	0
2020.10.11	00:00:00	1926.646	1933.178	1926.617	1929.087	5284	0	0
2020.10.12	00:00:00	1929.109	1931.899	1918.214	1925.059	78915	0	0
2020.10.13	00:00:00	1925.013	1925.013	1886.399	1893.336	94318	0	0
2020.10.14	00:00:00	1893.287	1912.786	1882.401	1898.178	83047	0	0
2020.10.15	00:00:00	1898.180	1908.971	1889.438	1906.307	92834	0	0
2020.10.16	00:00:00	1906.360	1913.878	1897.747	1898.825	77152	0	0
2020.10.18	00:00:00	1899.865	1902.928	1898.642	1900.779	3889	0	0
2020.10.19	00:00:00	1900.732	1918.390	1896.993	1902.952	78493	0	0
2020.10.20	00:00:00	1902.960	1914.025	1894.593	1910.682	80886	0	0
2020.10.21	00:00:00	1910.677	1931.281	1910.050	1921.292	84408	0	0
2020.10.22	00:00:00	1921.247	1922.150	1893.982	1904.989	79913	0	0
2020.10.23	00:00:00	1904.943	1914.153	1894.332	1901.602	69529	0	0
2020.10.25	00:00:00	1901.513	1902.021	1891.277	1898.453	5738	0	0
2020.10.26	00:00:00	1898.476	1908.478	1894.839	1902.156	78770	0	0
2020.10.27	00:00:00	1902.102	1911.271	1897.779	1905.187	68549	0	0
2020.10.28	00:00:00	1905.188	1910.770	1869.262	1879.542	92294	0	0
2020.10.29	00:00:00	1879.547	1884.871	1859.815	1868.359	93433	0	0
2020.10.30	00:00:00	1868.353	1889.683	1864.356	1878.858	86823	0	0
2020.11.01	00:00:00	1879.301	1879.301	1875.215	1877.049	2326	0	0
2020.11.02	00:00:00	1877.000	1896.112	1873.364	1894.658	71622	0	0
2020.11.03	00:00:00	1894.660	1916.211	1886.897	1914.392	74385	0	0
2020.11.04	00:00:00	1914.398	1916.311	1881.432	1904.790	140403	0	0
2020.11.05	00:00:00	1904.788	1952.651	1902.405	1946.123	97049	0	0
2020.11.06	00:00:00	1946.169	1960.238	1935.574	1951.855	95216	0	0
2020.11.08	00:00:00	1957.117	1959.741	1955.222	1958.496	2833	0	0
2020.11.09	00:00:00	1958.449	1965.419	1850.423	1870.837	151981	0	0
2020.11.10	00:00:00	1870.883	1890.315	1867.351	1876.657	99565	0	0
2020.11.11	00:00:00	1876.620	1884.333	1856.273	1865.515	80382	0	0
2020.11.12	00:00:00	1865.559	1883.734	1862.647	1875.740	76610	0	0
2020.11.13	00:00:00	1875.733	1896.728	1873.937	1889.358	66423	0	0
2020.11.15	00:00:00	1887.920	1891.535	1887.778	1890.357	2038	0	0
2020.11.16	00:00:00	1890.413	1899.000	1865.134	1889.757	83608	0	0
2020.11.17	00:00:00	1889.711	1893.378	1876.901	1882.577	69493	0	0
2020.11.18	00:00:00	1882.527	1884.719	1863.631	1871.332	77983	0	0
2020.11.19	00:00:00	1871.281	1872.743	1852.547	1863.101	83336	0	0
2020.11.20	00:00:00	1863.156	1879.697	1860.858	1870.923	72255	0	0
2020.11.22	00:00:00	1870.778	1872.086	1870.128	1872.049	1224	0	0
2020.11.23	00:00:00	1872.050	1875.988	1830.810	1835.567	81157	0	0
2020.11.24	00:00:00	1835.614	1836.234	1800.174	1809.110	98240	0	0
2020.11.25	00:00:00	1809.056	1817.625	1801.594	1808.131	79052	0	0
2020.11.26	00:00:00	1808.175	1818.211	1805.714	1809.176	49474	0	0
2020.11.27	00:00:00	1809.180	1813.698	1774.248	1786.786	69866	0	0
2020.11.29	00:00:00	1789.439	1789.747	1785.301	1786.606	1472	0	0
2020.11.30	00:00:00	1786.561	1787.351	1764.160	1778.707	92821	0	0
2020.12.01	00:00:00	1778.729	1817.205	1776.740	1811.217	81247	0	0
2020.12.02	00:00:00	1811.170	1832.344	1807.415	1830.598	80597	0	0
2020.12.03	00:00:00	1830.597	1843.846	1823.686	1839.765	80436	0	0
2020.12.04	00:00:00	1839.771	1847.886	1828.964	1839.010	75739	0	0
2020.12.06	00:00:00	1836.608	1837.985	1832.954	1835.276	2197	0	0
2020.12.07	00:00:00	1835.282	1868.386	1822.609	1863.919	79596	0	0
2020.12.08	00:00:00	1863.873	1875.208	1860.192	1870.053	77139	0	0
2020.12.09	00:00:00	1870.066	1870.427	1825.426	1834.328	93932	0	0
2020.12.10	00:00:00	1834.298	1849.949	1828.597	1836.638	88026	0	0
2020.12.11	00:00:00	1836.639	1847.615	1823.887	1839.550	75861	0	0
2020.12.13	00:00:00	1837.111	1837.993	1835.841	1837.892	1730	0	0
2020.12.14	00:00:00	1837.893	1838.956	1818.532	1827.373	73784	0	0
2020.12.15	00:00:00	1827.325	1855.250	1825.418	1852.296	76746	0	0
2020.12.16	00:00:00	1852.298	1865.631	1844.708	1864.442	91560	0	0
2020.12.17	00:00:00	1864.444	1896.101	1861.948	1883.607	88150	0	0
2020.12.18	00:00:00	1883.606	1889.580	1877.341	1881.271	80388	0	0
2020.12.20	00:00:00	1882.823	1884.935	1882.445	1883.035	1957	0	0
2020.12.21	00:00:00	1882.989	1906.667	1854.984	1879.018	130229	0	0
2020.12.22	00:00:00	1878.972	1884.196	1858.882	1864.211	94352	0	0
2020.12.23	00:00:00	1864.262	1878.493	1856.843	1872.517	87257	0	0
2020.12.24	00:00:00	1872.518	1880.507	1869.428	1879.016	57256	0	0
2020.12.27	00:00:00	1888.893	1889.770	1885.718	1888.248	2548	0	0
2020.12.28	00:00:00	1888.294	1900.127	1869.025	1876.696	92921	0	0
2020.12.29	00:00:00	1876.682	1886.313	1871.640	1878.690	76882	0	0
2020.12.30	00:00:00	1878.689	1895.329	1876.071	1894.947	72921	0	0
2020.12.31	00:00:00	1894.929	1900.290	1885.389	1894.387	63265	0	0
2021.01.03	00:00:00	1909.308	1914.896	1907.729	1913.094	3729	0	0
2021.01.04	00:00:00	1913.048	1945.563	1909.942	1941.686	98590	0	0
2021.01.05	00:00:00	1941.687	1953.140	1934.267	1950.228	94015	0	0
2021.01.06	00:00:00	1950.279	1959.290	1900.692	1923.991	128845	0	0
2021.01.07	00:00:00	1923.943	1927.597	1906.796	1916.548	101110	0	0
2021.01.08	00:00:00	1916.499	1916.605	1828.156	1849.370	140365	0	0
2021.01.10	00:00:00	1855.038	1855.537	1841.553	1844.710	4879	0	0
2021.01.11	00:00:00	1844.680	1855.472	1816.935	1847.233	126152	0	0
2021.01.12	00:00:00	1847.186	1863.726	1836.532	1858.743	102641	0	0
2021.01.13	00:00:00	1858.696	1862.935	1841.859	1848.318	86066	0	0
2021.01.14	00:00:00	1848.315	1857.455	1830.157	1846.836	96995	0	0
2021.01.15	00:00:00	1846.783	1856.935	1823.284	1826.975	88957	0	0
2021.01.17	00:00:00	1827.947	1829.232	1802.438	1810.546	6811	0	0
2021.01.18	00:00:00	1810.604	1840.697	1810.429	1837.213	70189	0	0
2021.01.19	00:00:00	1837.216	1845.426	1832.998	1840.911	73241	0	0
2021.01.20	00:00:00	1840.913	1872.313	1832.342	1869.862	89566	0	0
2021.01.21	00:00:00	1869.910	1874.996	1858.279	1869.551	83325	0	0
2021.01.22	00:00:00	1869.577	1869.850	1837.298	1855.732	91042	0	0
2021.01.24	00:00:00	1858.206	1859.405	1856.571	1856.851	2042	0	0
2021.01.25	00:00:00	1856.871	1867.825	1847.064	1855.390	89118	0	0
2021.01.26	00:00:00	1855.387	1861.620	1848.222	1851.233	75712	0	0
2021.01.27	00:00:00	1851.252	1853.036	1831.211	1839.889	89492	0	0
2021.01.28	00:00:00	1839.936	1864.035	1833.967	1843.810	109757	0	0
2021.01.29	00:00:00	1843.855	1875.519	1839.535	1847.839	118515	0	0
2021.01.31	00:00:00	1855.282	1859.901	1851.596	1855.826	7043	0	0
2021.02.01	00:00:00	1855.772	1871.716	1849.044	1857.582	128356	0	0
2021.02.02	00:00:00	1857.627	1864.005	1829.457	1836.362	110590	0	0
2021.02.03	00:00:00	1836.376	1844.825	1829.505	1834.236	82430	0	0
2021.02.04	00:00:00	1834.218	1834.601	1784.866	1795.793	100677	0	0
2021.02.05	00:00:00	1795.840	1815.038	1792.013	1814.135	86935	0	0
2021.02.07	00:00:00	1817.259	1818.709	1815.763	1817.970	2411	0	0
2021.02.08	00:00:00	1817.923	1839.044	1807.705	1830.481	83151	0	0
2021.02.09	00:00:00	1830.478	1848.472	1829.920	1836.087	82272	0	0
2021.02.10	00:00:00	1836.085	1855.299	1833.996	1841.956	85004	0	0
2021.02.11	00:00:00	1841.939	1847.460	1820.983	1826.652	77285	0	0
2021.02.12	00:00:00	1826.655	1830.614	1810.436	1824.229	73141	0	0
2021.02.14	00:00:00	1824.898	1825.770	1820.100	1820.939	2478	0	0
2021.02.15	00:00:00	1820.988	1826.927	1816.013	1818.654	53702	0	0
2021.02.16	00:00:00	1818.651	1826.391	1786.855	1788.348	101581	0	0
2021.02.17	00:00:00	1788.298	1795.091	1769.408	1778.143	102987	0	0
2021.02.18	00:00:00	1778.142	1789.559	1768.345	1771.659	90274	0	0
2021.02.19	00:00:00	1771.609	1791.504	1760.626	1784.049	105081	0	0
2021.02.21	00:00:00	1786.332	1788.083	1781.291	1783.358	3526	0	0
2021.02.22	00:00:00	1783.408	1812.551	1780.648	1810.406	99443	0	0
2021.02.23	00:00:00	1810.410	1815.906	1795.606	1805.766	92028	0	0
2021.02.24	00:00:00	1805.795	1813.717	1783.473	1802.995	100857	0	0
2021.02.25	00:00:00	1803.002	1804.143	1765.136	1769.860	143593	0	0
2021.02.26	00:00:00	1769.909	1775.714	1717.030	1734.649	192583	0	0
2021.02.28	00:00:00	1737.958	1739.940	1735.286	1739.239	4219	0	0
2021.03.01	00:00:00	1739.206	1759.715	1719.641	1724.988	131463	0	0
2021.03.02	00:00:00	1724.957	1740.464	1707.075	1736.558	138311	0	0
2021.03.03	00:00:00	1736.547	1737.475	1701.643	1710.468	140814	0	0
2021.03.04	00:00:00	1710.464	1723.100	1690.443	1694.310	177833	0	0
2021.03.05	00:00:00	1694.277	1707.631	1687.180	1700.836	151645	0	0
2021.03.07	00:00:00	1706.301	1713.915	1706.268	1707.726	4831	0	0
2021.03.08	00:00:00	1707.706	1714.253	1676.627	1684.653	129287	0	0
2021.03.09	00:00:00	1684.620	1720.566	1680.179	1715.881	125320	0	0
2021.03.10	00:00:00	1715.864	1727.104	1708.131	1726.691	119567	0	0
2021.03.11	00:00:00	1726.699	1739.804	1719.025	1722.645	113906	0	0
2021.03.12	00:00:00	1722.676	1729.171	1699.094	1726.749	121762	0	0
2021.03.14	00:00:00	1728.251	1728.348	1724.244	1725.335	5273	0	0
2021.03.15	00:00:00	1725.330	1734.524	1721.616	1730.698	105076	0	0
2021.03.16	00:00:00	1730.665	1741.077	1725.967	1731.595	100991	0	0
2021.03.17	00:00:00	1731.546	1751.549	1723.856	1748.464	115320	0	0
2021.03.18	00:00:00	1748.430	1755.478	1719.080	1735.193	139744	0	0
2021.03.19	00:00:00	1735.188	1746.644	1728.484	1745.127	115322	0	0
2021.03.21	00:00:00	1743.714	1744.315	1737.981	1738.234	5917	0	0
2021.03.22	00:00:00	1738.225	1743.047	1727.168	1739.306	103122	0	0
2021.03.23	00:00:00	1739.300	1742.509	1724.663	1727.082	104505	0	0
2021.03.24	00:00:00	1727.097	1738.364	1723.746	1734.483	93258	0	0
2021.03.25	00:00:00	1734.492	1745.401	1721.498	1727.293	108671	0	0
2021.03.26	00:00:00	1727.316	1736.683	1721.448	1732.329	85806	0	0
2021.03.28	00:00:00	1731.377	1732.549	1730.611	1730.999	3554	0	0
2021.03.29	00:00:00	1731.014	1732.835	1705.736	1711.932	91896	0	0
2021.03.30	00:00:00	1711.938	1714.342	1678.392	1685.489	114895	0	0
2021.03.31	00:00:00	1685.488	1715.214	1677.835	1707.403	106956	0	0
2021.04.01	00:00:00	1707.405	1730.545	1705.761	1729.750	103418	0	0
2021.04.04	00:00:00	1728.462	1729.917	1726.908	1728.011	4911	0	0
2021.04.05	00:00:00	1727.974	1733.491	1721.285	1729.367	92494	0	0
2021.04.06	00:00:00	1729.337	1745.434	1727.537	1743.252	103910	0	0
2021.04.07	00:00:00	1743.217	1743.332	1730.607	1736.836	93485	0	0
2021.04.08	00:00:00	1736.806	1758.645	1733.133	1754.148	93825	0	0
2021.04.09	00:00:00	1754.178	1757.281	1731.102	1743.842	102192	0	0
2021.04.11	00:00:00	1742.481	1743.475	1740.490	1741.591	3757	0	0
2021.04.12	00:00:00	1741.557	1744.932	1727.324	1731.898	97619	0	0
2021.04.13	00:00:00	1731.902	1748.878	1723.591	1746.581	114510	0	0
2021.04.14	00:00:00	1746.575	1749.367	1732.473	1736.625	102485	0	0
2021.04.15	00:00:00	1736.595	1769.581	1734.297	1763.901	113075	0	0
2021.04.16	00:00:00	1763.870	1783.789	1759.729	1776.523	100557	0	0
2021.04.18	00:00:00	1775.640	1778.053	1774.762	1776.723	3628	0	0
2021.04.19	00:00:00	1776.692	1789.987	1766.526	1772.112	106489	0	0
2021.04.20	00:00:00	1772.115	1780.365	1763.547	1776.737	113787	0	0
2021.04.21	00:00:00	1776.742	1797.549	1776.454	1793.570	96146	0	0
2021.04.22	00:00:00	1793.619	1797.756	1777.332	1783.136	102382	0	0
2021.04.23	00:00:00	1783.126	1795.879	1769.799	1777.023	95463	0	0
2021.04.25	00:00:00	1775.596	1775.980	1773.860	1774.789	2870	0	0
2021.04.26	00:00:00	1774.803	1783.439	1768.492	1780.040	95890	0	0
2021.04.27	00:00:00	1780.046	1785.514	1773.692	1775.436	92629	0	0
2021.04.28	00:00:00	1775.430	1783.905	1762.458	1783.818	111157	0	0
2021.04.29	00:00:00	1783.782	1789.896	1755.874	1773.221	109708	0	0
2021.04.30	00:00:00	1773.220	1773.220	1764.164	1768.776	102732	0	0
2021.05.02	00:00:00	1767.058	1769.024	1766.046	1769.017	3250	0	0
2021.05.03	00:00:00	1768.980	1797.826	1767.314	1792.472	86865	0	0
2021.05.04	00:00:00	1792.425	1798.951	1770.571	1778.627	106263	0	0
2021.05.05	00:00:00	1778.595	1787.898	1770.306	1785.219	95885	0	0
2021.05.06	00:00:00	1785.220	1817.973	1781.934	1814.725	89822	0	0
2021.05.07	00:00:00	1814.715	1843.262	1812.845	1830.979	106203	0	0
2021.05.09	00:00:00	1832.896	1836.787	1831.996	1836.162	4185	0	0
2021.05.10	00:00:00	1836.184	1845.322	1829.947	1836.043	94314	0	0
2021.05.11	00:00:00	1836.045	1841.709	1817.796	1835.433	97911	0	0
2021.05.12	00:00:00	1835.438	1843.462	1813.230	1817.489	113415	0	0
2021.05.13	00:00:00	1817.443	1828.609	1808.675	1825.024	97266	0	0
2021.05.14	00:00:00	1825.026	1845.923	1819.661	1843.486	85156	0	0
2021.05.16	00:00:00	1843.784	1847.964	1843.784	1847.074	3875	0	0
2021.05.17	00:00:00	1847.049	1868.974	1843.540	1868.913	82902	0	0
2021.05.18	00:00:00	1868.871	1874.875	1863.164	1870.086	82879	0	0
2021.05.19	00:00:00	1870.085	1889.786	1852.125	1865.806	112897	0	0
2021.05.20	00:00:00	1865.852	1883.770	1863.801	1873.961	86462	0	0
2021.05.21	00:00:00	1873.940	1889.284	1870.065	1881.659	80481	0	0
2021.05.23	00:00:00	1880.985	1883.761	1880.148	1883.459	3008	0	0
2021.05.24	00:00:00	1883.457	1886.973	1874.967	1877.361	74158	0	0
2021.05.25	00:00:00	1877.323	1900.177	1872.613	1898.083	83458	0	0
2021.05.26	00:00:00	1898.082	1912.616	1890.655	1896.060	82960	0	0
2021.05.27	00:00:00	1896.070	1903.580	1888.111	1897.969	81191	0	0
2021.05.28	00:00:00	1897.992	1905.947	1882.063	1903.706	78392	0	0
2021.05.30	00:00:00	1903.805	1904.750	1903.214	1903.798	2406	0	0
2021.05.31	00:00:00	1903.845	1910.544	1902.063	1907.978	49655	0	0
2021.06.01	00:00:00	1907.987	1916.446	1892.350	1898.747	79722	0	0
2021.06.02	00:00:00	1898.751	1909.474	1894.250	1907.752	71266	0	0
2021.06.03	00:00:00	1907.756	1909.463	1863.442	1870.865	89483	0	0
2021.06.04	00:00:00	1870.856	1896.047	1855.573	1891.138	78059	0	0
2021.06.06	00:00:00	1889.994	1890.631	1888.646	1889.265	2273	0	0
2021.06.07	00:00:00	1889.246	1900.028	1881.455	1898.633	70994	0	0
2021.06.08	00:00:00	1898.622	1903.673	1883.740	1893.327	75702	0	0
2021.06.09	00:00:00	1893.315	1898.912	1887.254	1888.618	68330	0	0
2021.06.10	00:00:00	1888.632	1899.808	1869.900	1898.318	87366	0	0
2021.06.11	00:00:00	1898.294	1902.856	1874.321	1877.401	75423	0	0
2021.06.13	00:00:00	1876.160	1877.608	1873.194	1873.652	3778	0	0
2021.06.14	00:00:00	1873.604	1873.737	1844.212	1866.768	80940	0	0
2021.06.15	00:00:00	1866.757	1869.046	1851.529	1857.846	77562	0	0
2021.06.16	00:00:00	1857.892	1863.506	1803.264	1818.733	100474	0	0
2021.06.17	00:00:00	1818.758	1825.188	1766.982	1776.719	136840	0	0
2021.06.18	00:00:00	1776.672	1797.122	1760.860	1764.562	133268	0	0
2021.06.20	00:00:00	1768.728	1770.029	1767.355	1769.324	5065	0	0
2021.06.21	00:00:00	1769.320	1787.564	1766.444	1783.500	121520	0	0
2021.06.22	00:00:00	1783.490	1790.051	1772.255	1777.581	99083	0	0
2021.06.23	00:00:00	1777.578	1794.850	1773.162	1777.320	95009	0	0
2021.06.24	00:00:00	1777.289	1787.958	1772.832	1775.204	89662	0	0
2021.06.25	00:00:00	1775.158	1790.271	1773.694	1781.361	85437	0	0
2021.06.27	00:00:00	1781.264	1782.753	1780.545	1781.905	2843	0	0
2021.06.28	00:00:00	1781.858	1785.669	1770.538	1778.108	88247	0	0
2021.06.29	00:00:00	1778.097	1778.940	1750.621	1761.441	105817	0	0
2021.06.30	00:00:00	1761.456	1774.372	1753.297	1768.131	98282	0	0
2021.07.01	00:00:00	1768.132	1782.757	1765.633	1775.505	97023	0	0
2021.07.02	00:00:00	1775.495	1794.983	1774.291	1787.446	92325	0	0
2021.07.02	12:00:00	1789.368	1789.368	1777.953	1782.815	18092	0	200
2021.07.02	16:00:00	1782.785	1791.777	1781.507	1787.755	14047	0	200
2021.07.02	20:00:00	1787.708	1788.455	1786.023	1787.446	1239	0	300
2021.07.04	00:00:00	1787.277	1787.581	1785.461	1786.184	2611	0	0
2021.07.04	20:00:00	1787.277	1787.581	1785.461	1786.184	2629	0	200
2021.07.05	00:00:00	1786.187	1789.843	1784.426	1785.447	11239	0	200
2021.07.05	04:00:00	1785.460	1793.002	1784.662	1792.620	11572	0	200
2021.07.05	08:00:00	1792.650	1794.547	1789.150	1789.559	11566	0	200
2021.07.05	12:00:00	1789.563	1793.098	1789.563	1790.823	11281	0	200
2021.07.05	16:00:00	1790.839	1791.812	1789.962	1791.649	1829	0	200
2021.07.05	20:00:00	1791.634	1792.698	1790.794	1791.224	2366	0	300
2021.07.06	00:00:00	1791.212	1799.833	1790.849	1797.315	12415	0	200
2021.07.06	04:00:00	1797.316	1809.087	1797.316	1807.293	13961	0	200
2021.07.06	08:00:00	1807.330	1810.759	1802.284	1809.821	14044	0	300
2021.07.06	12:00:00	1809.772	1814.961	1795.733	1796.641	26372	0	200
2021.07.06	16:00:00	1796.594	1797.590	1789.852	1796.540	16747	0	200
2021.07.06	20:00:00	1796.493	1797.268	1795.030	1795.550	4527	0	200
2021.07.07	00:00:00	1795.503	1802.815	1793.869	1801.037	11871	0	200
2021.07.07	04:00:00	1801.042	1806.622	1797.349	1805.419	12901	0	200
2021.07.07	08:00:00	1805.372	1808.411	1803.223	1806.480	12627	0	200
2021.07.07	12:00:00	1806.501	1809.674	1796.903	1803.435	23998	0	200
2021.07.07	16:00:00	1803.470	1808.160	1800.512	1803.451	16310	0	200
2021.07.07	20:00:00	1803.404	1805.502	1802.353	1803.285	4353	0	300
2021.07.08	00:00:00	1803.280	1804.902	1796.384	1797.421	11905	0	200
2021.07.08	04:00:00	1797.420	1810.799	1796.217	1807.313	15090	0	200
2021.07.08	08:00:00	1807.362	1817.836	1805.242	1814.041	19494	0	300
2021.07.08	12:00:00	1814.023	1818.312	1793.986	1796.691	27275	0	200
2021.07.08	16:00:00	1796.722	1802.798	1796.178	1802.170	13818	0	200
2021.07.08	20:00:00	1802.125	1804.422	1801.727	1803.723	4350	0	300
2021.07.09	00:00:00	1803.736	1807.751	1799.230	1805.178	13036	0	300
2021.07.09	04:00:00	1805.192	1805.931	1796.594	1804.546	15226	0	200
2021.07.09	08:00:00	1804.591	1805.644	1798.182	1800.192	15560	0	200
2021.07.09	12:00:00	1800.146	1811.501	1798.427	1807.862	19492	0	200
2021.07.09	16:00:00	1807.863	1812.270	1807.691	1807.898	11346	0	200
2021.07.09	20:00:00	1807.925	1808.863	1807.157	1808.222	1205	0	300
2021.07.11	00:00:00	1808.049	1808.455	1806.301	1806.405	2546	0	0
2021.07.11	20:00:00	1808.049	1808.455	1806.301	1806.405	2559	0	300
2021.07.12	00:00:00	1806.452	1810.773	1802.241	1802.915	11340	0	300
2021.07.12	04:00:00	1802.915	1806.121	1798.882	1803.965	11780	0	200
2021.07.12	08:00:00	1803.978	1804.969	1798.196	1799.979	13422	0	200
2021.07.12	12:00:00	1799.974	1807.420	1791.409	1805.090	20924	0	200
2021.07.12	16:00:00	1805.145	1807.434	1803.913	1806.327	11335	0	300
2021.07.12	20:00:00	1806.278	1807.489	1805.024	1807.082	3305	0	300
2021.07.13	00:00:00	1807.079	1812.673	1806.707	1809.291	9285	0	300
2021.07.13	04:00:00	1809.296	1812.275	1806.055	1809.886	10800	0	300
2021.07.13	08:00:00	1809.884	1809.939	1805.766	1809.353	11437	0	300
2021.07.13	12:00:00	1809.353	1816.915	1798.539	1813.205	29011	0	200
2021.07.13	16:00:00	1813.215	1813.882	1805.148	1808.401	14575	0	200
2021.07.13	20:00:00	1808.452	1808.709	1805.550	1805.994	3811	0	300
2021.07.14	00:00:00	1805.999	1813.474	1804.457	1812.592	10655	0	300
2021.07.14	04:00:00	1812.594	1814.987	1809.700	1812.595	10930	0	300
2021.07.14	08:00:00	1812.605	1817.709	1811.467	1816.795	13200	0	300
2021.07.14	12:00:00	1816.840	1829.707	1816.438	1822.528	25867	0	200
2021.07.14	16:00:00	1822.574	1827.286	1820.049	1827.286	12588	0	200
2021.07.14	20:00:00	1827.333	1828.603	1825.557	1826.375	4701	0	300
2021.07.15	00:00:00	1826.376	1829.086	1823.613	1825.500	10379	0	300
2021.07.15	04:00:00	1825.503	1834.039	1825.417	1830.735	11953	0	300
2021.07.15	08:00:00	1830.689	1832.854	1822.592	1825.715	14515	0	200
2021.07.15	12:00:00	1825.702	1828.515	1820.217	1825.372	19429	0	300
2021.07.15	16:00:00	1825.417	1830.194	1824.715	1828.382	13255	0	300
2021.07.15	20:00:00	1828.332	1831.928	1828.191	1829.450	3930	0	300
2021.07.16	00:00:00	1829.450	1831.446	1825.645	1827.383	10281	0	300
2021.07.16	04:00:00	1827.403	1827.804	1820.618	1822.656	10981	0	300
2021.07.16	08:00:00	1822.609	1824.620	1815.394	1817.780	13640	0	300
2021.07.16	12:00:00	1817.815	1826.468	1809.357	1812.714	25869	0	300
2021.07.16	16:00:00	1812.691	1817.070	1808.937	1810.295	13576	0	300
2021.07.16	20:00:00	1810.340	1812.008	1810.010	1812.007	1446	0	300
2021.07.18	00:00:00	1811.224	1815.844	1810.351	1815.700	3327	0	0
2021.07.18	20:00:00	1811.224	1815.844	1810.351	1815.700	3344	0	300
2021.07.19	00:00:00	1815.700	1817.250	1811.075	1812.971	11079	0	300
2021.07.19	04:00:00	1812.988	1815.282	1802.481	1805.847	13201	0	200
2021.07.19	08:00:00	1805.800	1806.523	1798.965	1800.523	15295	0	200
2021.07.19	12:00:00	1800.476	1815.491	1794.815	1808.279	26079	0	200
2021.07.19	16:00:00	1808.325	1812.060	1805.607	1812.047	14147	0	200
2021.07.19	20:00:00	1812.093	1813.277	1810.643	1811.304	3826	0	300
2021.07.20	00:00:00	1811.325	1819.045	1811.325	1817.171	11856	0	300
2021.07.20	04:00:00	1817.171	1818.121	1813.363	1813.745	12507	0	300
2021.07.20	08:00:00	1813.732	1818.950	1811.638	1817.766	15300	0	300
2021.07.20	12:00:00	1817.721	1824.880	1804.850	1807.370	24977	0	300
2021.07.20	16:00:00	1807.417	1811.921	1806.990	1809.924	11331	0	300
2021.07.20	20:00:00	1809.871	1810.987	1808.995	1809.737	3682	0	300
2021.07.21	00:00:00	1809.735	1809.771	1805.096	1808.648	10068	0	300
2021.07.21	04:00:00	1808.650	1813.643	1805.995	1807.265	12265	0	300
2021.07.21	08:00:00	1807.272	1808.939	1799.921	1800.568	15231	0	200
2021.07.21	12:00:00	1800.528	1805.701	1794.420	1804.077	22737	0	200
2021.07.21	16:00:00	1804.036	1805.277	1801.802	1803.536	11396	0	200
2021.07.21	20:00:00	1803.542	1804.338	1802.076	1802.540	3404	0	300
2021.07.22	00:00:00	1802.492	1802.989	1797.243	1798.398	9113	0	200
2021.07.22	04:00:00	1798.398	1803.294	1797.179	1800.441	10986	0	200
2021.07.22	08:00:00	1800.450	1800.450	1792.692	1796.559	14927	0	200
2021.07.22	12:00:00	1796.512	1807.955	1793.977	1807.099	22687	0	200
2021.07.22	16:00:00	1807.147	1807.938	1804.295	1807.142	11619	0	200
2021.07.22	20:00:00	1807.190	1808.426	1806.102	1807.081	3447	0	200
2021.07.23	00:00:00	1807.077	1808.426	1802.194	1803.031	9335	0	200
2021.07.23	04:00:00	1803.077	1810.260	1801.225	1809.250	11140	0	200
2021.07.23	08:00:00	1809.204	1809.646	1789.193	1795.734	15195	0	200
2021.07.23	12:00:00	1795.686	1804.899	1792.852	1802.544	19548	0	200
2021.07.23	16:00:00	1802.551	1804.502	1800.666	1801.283	10300	0	200
2021.07.23	20:00:00	1801.237	1802.668	1801.119	1802.126	1133	0	300
2021.07.25	00:00:00	1802.274	1802.712	1800.053	1800.344	2119	0	0
2021.07.25	20:00:00	1802.274	1802.712	1800.053	1800.344	2119	0	300
2021.07.26	00:00:00	1800.329	1807.228	1798.361	1806.619	10268	0	300
2021.07.26	04:00:00	1806.618	1811.448	1804.466	1807.712	11979	0	300
2021.07.26	08:00:00	1807.760	1809.808	1806.218	1807.837	11570	0	300
2021.07.26	12:00:00	1807.882	1808.213	1796.559	1799.420	19238	0	200
2021.07.26	16:00:00	1799.412	1800.699	1796.276	1797.397	9286	0	200
2021.07.26	20:00:00	1797.430	1798.485	1796.435	1797.550	2933	0	200
2021.07.27	00:00:00	1797.556	1799.752	1794.591	1799.320	9538	0	200
2021.07.27	04:00:00	1799.350	1801.090	1793.382	1798.654	11865	0	200
2021.07.27	08:00:00	1798.676	1799.458	1794.773	1798.501	11498	0	200
2021.07.27	12:00:00	1798.546	1805.172	1794.499	1798.519	21206	0	200
2021.07.27	16:00:00	1798.570	1802.096	1797.687	1800.217	11305	0	200
2021.07.27	20:00:00	1800.172	1800.780	1798.532	1799.873	4182	0	200
2021.07.28	00:00:00	1799.828	1807.311	1797.963	1806.226	10551	0	200
2021.07.28	04:00:00	1806.223	1807.016	1801.782	1801.782	10339	0	200
2021.07.28	08:00:00	1801.828	1802.447	1795.109	1796.465	12170	0	200
2021.07.28	12:00:00	1796.420	1802.173	1794.466	1800.839	16570	0	200
2021.07.28	16:00:00	1800.880	1809.718	1792.394	1808.687	23782	0	200
2021.07.28	20:00:00	1808.733	1810.216	1806.588	1809.307	4246	0	300
2021.07.29	00:00:00	1809.275	1817.448	1808.585	1814.997	11442	0	300
2021.07.29	04:00:00	1815.000	1819.750	1814.490	1816.086	11039	0	300
2021.07.29	08:00:00	1816.089	1828.077	1815.142	1824.959	13637	0	300
2021.07.29	12:00:00	1824.934	1831.999	1823.272	1831.017	18957	0	300
2021.07.29	16:00:00	1831.063	1832.548	1828.137	1828.703	9999	0	300
2021.07.29	20:00:00	1828.643	1831.114	1827.690	1830.189	3414	0	300
2021.07.30	00:00:00	1830.198	1830.347	1826.602	1828.524	10424	0	300
2021.07.30	04:00:00	1828.477	1831.257	1825.830	1829.190	10086	0	300
2021.07.30	08:00:00	1829.163	1829.888	1826.524	1827.548	9386	0	300
2021.07.30	12:00:00	1827.545	1829.809	1820.793	1822.571	17311	0	300
2021.07.30	16:00:00	1822.525	1822.646	1810.141	1814.348	11818	0	300
2021.07.30	20:00:00	1814.300	1814.510	1813.141	1813.934	1169	0	300
2021.08.01	00:00:00	1814.431	1814.955	1812.009	1813.790	2616	0	0
2021.08.01	20:00:00	1814.431	1814.955	1812.009	1813.790	2616	0	300
2021.08.02	00:00:00	1813.796	1816.823	1808.346	1812.016	11851	0	300
2021.08.02	04:00:00	1812.013	1813.172	1806.595	1808.019	11434	0	200
2021.08.02	08:00:00	1808.014	1811.639	1806.311	1811.297	9853	0	200
2021.08.02	12:00:00	1811.335	1816.371	1805.525	1814.462	18863	0	300
2021.08.02	16:00:00	1814.510	1819.432	1812.563	1813.101	9997	0	300
2021.08.02	20:00:00	1813.045	1814.205	1812.275	1812.447	2884	0	300
2021.08.03	00:00:00	1812.492	1813.844	1809.371	1810.779	8960	0	300
2021.08.03	04:00:00	1810.777	1812.424	1808.137	1809.627	9930	0	300
2021.08.03	08:00:00	1809.624	1811.997	1808.383	1810.056	9452	0	300
2021.08.03	12:00:00	1810.028	1814.924	1806.999	1809.219	17279	0	200
2021.08.03	16:00:00	1809.244	1811.518	1808.680	1811.151	7165	0	300
2021.08.03	20:00:00	1811.105	1811.138	1809.990	1811.071	1858	0	200
2021.08.04	00:00:00	1811.063	1814.758	1808.852	1813.124	8170	0	200
2021.08.04	04:00:00	1813.128	1815.138	1811.951	1814.518	8276	0	200
2021.08.04	08:00:00	1814.502	1819.057	1810.675	1817.767	9151	0	300
2021.08.04	12:00:00	1817.794	1831.657	1806.308	1811.122	29375	0	300
2021.08.04	16:00:00	1811.143	1813.017	1810.073	1811.922	9572	0	300
2021.08.04	20:00:00	1811.873	1812.405	1810.854	1811.616	2696	0	200
2021.08.05	00:00:00	1811.614	1811.870	1808.989	1811.010	8347	0	300
2021.08.05	04:00:00	1810.964	1814.550	1808.394	1813.655	8731	0	300
2021.08.05	08:00:00	1813.609	1814.766	1808.258	1813.068	11062	0	300
2021.08.05	12:00:00	1813.022	1813.684	1797.515	1804.164	21106	0	300
2021.08.05	16:00:00	1804.171	1808.154	1803.248	1804.332	8715	0	300
2021.08.05	20:00:00	1804.377	1804.793	1803.317	1803.396	2264	0	300
2021.08.06	00:00:00	1803.351	1803.601	1799.232	1801.027	7921	0	200
2021.08.06	04:00:00	1800.981	1801.930	1796.816	1800.003	8948	0	200
2021.08.06	08:00:00	1799.999	1800.644	1794.509	1799.592	9824	0	200
2021.08.06	12:00:00	1799.612	1801.357	1758.355	1761.934	44015	0	200
2021.08.06	16:00:00	1761.964	1765.693	1758.500	1760.165	14375	0	200
2021.08.06	20:00:00	1760.105	1764.096	1759.968	1763.819	2208	0	200
2021.08.08	00:00:00	1761.426	1762.323	1686.784	1719.053	34651	0	0
2021.08.08	20:00:00	1761.426	1762.323	1686.784	1719.053	34650	0	200
2021.08.09	00:00:00	1719.031	1741.908	1706.031	1738.118	36552	0	200
2021.08.09	04:00:00	1738.152	1752.663	1737.451	1749.224	20551	0	200
2021.08.09	08:00:00	1749.194	1749.644	1738.973	1744.124	24509	0	200
2021.08.09	12:00:00	1744.140	1748.391	1726.231	1728.364	44438	0	200
2021.08.09	16:00:00	1728.376	1731.661	1723.809	1728.712	16660	0	200
2021.08.09	20:00:00	1728.680	1733.139	1728.455	1731.457	5600	0	200
2021.08.10	00:00:00	1731.450	1737.409	1730.207	1737.315	12996	0	200
2021.08.10	04:00:00	1737.298	1738.240	1732.724	1735.734	15313	0	200
2021.08.10	08:00:00	1735.719	1735.751	1727.497	1732.391	16547	0	200
2021.08.10	12:00:00	1732.358	1733.707	1717.704	1731.463	31983	0	200
2021.08.10	16:00:00	1731.430	1732.393	1728.320	1729.181	11597	0	200
2021.08.10	20:00:00	1729.150	1729.772	1726.890	1726.890	3411	0	200
2021.08.11	00:00:00	1726.899	1735.146	1723.979	1733.836	12232	0	200
2021.08.11	04:00:00	1733.846	1734.649	1728.894	1732.624	13761	0	200
2021.08.11	08:00:00	1732.615	1738.387	1730.912	1737.596	12899	0	200
2021.08.11	12:00:00	1737.591	1752.054	1734.754	1751.604	42375	0	200
2021.08.11	16:00:00	1751.624	1754.265	1747.613	1752.795	16002	0	200
2021.08.11	20:00:00	1752.747	1752.946	1750.662	1752.326	3821	0	200
2021.08.12	00:00:00	1752.311	1753.579	1748.852	1750.662	11063	0	200
2021.08.12	04:00:00	1750.695	1758.105	1750.529	1756.773	13521	0	200
2021.08.12	08:00:00	1756.771	1757.603	1749.363	1749.468	13634	0	200
2021.08.12	12:00:00	1749.438	1752.240	1741.322	1751.705	33560	0	200
2021.08.12	16:00:00	1751.670	1753.926	1749.605	1753.488	11891	0	200
2021.08.12	20:00:00	1753.457	1754.174	1752.551	1753.415	3123	0	200
2021.08.13	00:00:00	1753.382	1756.747	1751.651	1755.224	9853	0	200
2021.08.13	04:00:00	1755.225	1760.267	1754.476	1757.614	12068	0	200
2021.08.13	08:00:00	1757.582	1761.693	1755.659	1759.215	12427	0	200
2021.08.13	12:00:00	1759.246	1777.833	1756.989	1776.621	25224	0	200
2021.08.13	16:00:00	1776.598	1779.253	1775.854	1778.758	10815	0	200
2021.08.13	20:00:00	1778.746	1779.901	1777.880	1779.509	1383	0	200
2021.08.15	00:00:00	1779.017	1779.976	1778.408	1778.763	2836	0	0
2021.08.15	20:00:00	1779.017	1779.976	1778.408	1778.758	2835	0	200
2021.08.16	00:00:00	1778.763	1782.556	1776.703	1776.742	12166	0	200
2021.08.16	04:00:00	1776.772	1777.545	1771.849	1774.563	13867	0	200
2021.08.16	08:00:00	1774.601	1776.717	1770.840	1772.113	14310	0	200
2021.08.16	12:00:00	1772.145	1789.175	1771.961	1786.016	22433	0	200
2021.08.16	16:00:00	1786.042	1788.363	1785.425	1787.383	8350	0	200
2021.08.16	20:00:00	1787.341	1788.379	1786.473	1787.457	4183	0	0
2021.08.17	00:00:00	1787.424	1788.631	1784.347	1785.925	10175	0	200
2021.08.17	04:00:00	1785.957	1795.275	1785.412	1792.837	11545	0	200
2021.08.17	08:00:00	1792.867	1795.519	1790.925	1791.272	10694	0	200
2021.08.17	12:00:00	1791.227	1794.550	1780.495	1782.677	24095	0	200
2021.08.17	16:00:00	1782.674	1786.200	1782.102	1785.082	11026	0	200
2021.08.17	20:00:00	1785.030	1786.835	1784.661	1786.126	4821	0	0
2021.08.18	00:00:00	1786.121	1792.227	1785.033	1790.174	9329	0	200
2021.08.18	04:00:00	1790.127	1793.685	1787.833	1790.115	9644	0	200
2021.08.18	08:00:00	1790.152	1790.218	1782.827	1786.982	10730	0	200
2021.08.18	12:00:00	1787.029	1791.170	1777.122	1783.819	21074	0	200
2021.08.18	16:00:00	1783.820	1790.280	1780.408	1786.448	17090	0	200
2021.08.18	20:00:00	1786.403	1788.833	1785.347	1787.381	5723	0	0
2021.08.19	00:00:00	1787.379	1787.399	1774.073	1779.879	13249	0	200
2021.08.19	04:00:00	1779.876	1782.666	1775.687	1781.403	14701	0	200
2021.08.19	08:00:00	1781.414	1790.081	1777.778	1786.850	13676	0	200
2021.08.19	12:00:00	1786.846	1792.366	1777.180	1783.145	22390	0	200
2021.08.19	16:00:00	1783.114	1783.178	1776.336	1780.991	12370	0	200
2021.08.19	20:00:00	1780.985	1781.683	1778.744	1778.962	5328	0	0
2021.08.20	00:00:00	1778.970	1785.570	1778.921	1785.185	9413	0	200
2021.08.20	04:00:00	1785.193	1788.339	1783.958	1785.336	11005	0	200
2021.08.20	08:00:00	1785.382	1787.077	1779.759	1784.523	10759	0	200
2021.08.20	12:00:00	1784.478	1786.627	1778.279	1784.875	20613	0	200
2021.08.20	16:00:00	1784.879	1786.621	1781.655	1782.334	10029	0	200
2021.08.20	20:00:00	1782.419	1782.419	1780.262	1781.235	1148	0	200
2021.08.22	20:00:00	1781.378	1782.284	1777.329	1778.626	4530	0	0
2021.08.23	00:00:00	1778.613	1788.616	1776.413	1786.901	12138	0	200
2021.08.23	04:00:00	1786.903	1788.352	1784.273	1785.324	9841	0	200
2021.08.23	08:00:00	1785.308	1793.010	1784.639	1790.796	11068	0	200
2021.08.23	12:00:00	1790.798	1806.232	1789.795	1804.560	20572	0	200
2021.08.23	16:00:00	1804.610	1805.494	1802.485	1803.665	7718	0	300
2021.08.23	20:00:00	1803.711	1805.851	1803.429	1804.758	3637	0	0
2021.08.24	00:00:00	1804.712	1804.968	1800.768	1801.073	7922	0	300
2021.08.24	04:00:00	1801.027	1805.010	1800.678	1801.853	10111	0	300
2021.08.24	08:00:00	1801.900	1805.617	1800.680	1804.132	9004	0	300
2021.08.24	12:00:00	1804.135	1809.502	1801.404	1806.578	19296	0	300
2021.08.24	16:00:00	1806.577	1807.293	1803.069	1803.082	7600	0	300
2021.08.24	20:00:00	1803.061	1803.886	1801.119	1801.705	3032	0	0
2021.08.25	00:00:00	1801.715	1802.593	1793.427	1794.795	10282	0	300
2021.08.25	04:00:00	1794.794	1797.375	1791.726	1794.346	9560	0	300
2021.08.25	08:00:00	1794.391	1796.193	1790.247	1794.175	10720	0	200
2021.08.25	12:00:00	1794.157	1797.666	1782.356	1789.045	23529	0	200
2021.08.25	16:00:00	1789.105	1792.875	1788.268	1790.779	9660	0	200
2021.08.25	20:00:00	1790.734	1791.520	1789.776	1791.520	2958	0	0
2021.08.26	00:00:00	1791.518	1791.867	1787.198	1787.852	7526	0	200
2021.08.26	04:00:00	1787.839	1788.234	1783.624	1786.927	10223	0	200
2021.08.26	08:00:00	1786.934	1790.171	1783.264	1788.453	10492	0	200
2021.08.26	12:00:00	1788.407	1798.112	1779.770	1793.039	25341	0	200
2021.08.26	16:00:00	1792.990	1794.114	1790.146	1792.641	9968	0	200
2021.08.26	20:00:00	1792.625	1793.650	1791.179	1793.451	3216	0	0
2021.08.27	00:00:00	1793.400	1799.160	1792.865	1798.022	9585	0	200
2021.08.27	04:00:00	1798.067	1805.006	1797.611	1801.521	10181	0	200
2021.08.27	08:00:00	1801.506	1801.630	1792.439	1796.552	9885	0	200
2021.08.27	12:00:00	1796.597	1813.275	1784.410	1812.896	34202	0	200
2021.08.27	16:00:00	1812.942	1819.125	1812.754	1818.982	11820	0	300
2021.08.27	20:00:00	1818.976	1819.008	1816.760	1816.778	1310	0	300
2021.08.29	20:00:00	1817.936	1819.111	1817.133	1818.390	4404	0	0
2021.08.30	00:00:00	1818.386	1823.157	1813.299	1815.036	11544	0	300
2021.08.30	04:00:00	1814.984	1818.064	1812.687	1815.012	8957	0	300
2021.08.30	08:00:00	1815.008	1817.745	1813.688	1817.098	8002	0	300
2021.08.30	12:00:00	1817.141	1817.737	1809.049	1810.103	15829	0	300
2021.08.30	16:00:00	1810.100	1811.199	1807.650	1810.525	7328	0	300
2021.08.30	20:00:00	1810.476	1811.065	1809.345	1810.386	2864	0	0
2021.08.31	00:00:00	1810.341	1815.736	1809.685	1815.689	8393	0	300
2021.08.31	04:00:00	1815.695	1819.047	1814.300	1815.278	9176	0	300
2021.08.31	08:00:00	1815.273	1816.907	1811.878	1812.636	10567	0	300
2021.08.31	12:00:00	1812.605	1815.736	1801.544	1807.780	22795	0	300
2021.08.31	16:00:00	1807.827	1816.327	1807.443	1814.710	10957	0	300
2021.08.31	20:00:00	1814.654	1815.477	1813.576	1814.435	3791	0	0
2021.09.01	00:00:00	1814.426	1815.444	1810.214	1815.219	9224	0	300
2021.09.01	04:00:00	1815.174	1816.886	1811.032	1811.289	10345	0	300
2021.09.01	08:00:00	1811.240	1814.422	1809.250	1812.892	9445	0	300
2021.09.01	12:00:00	1812.881	1819.911	1808.588	1815.325	22236	0	200
2021.09.01	16:00:00	1815.278	1816.404	1811.888	1814.663	8105	0	300
2021.09.01	20:00:00	1814.708	1814.708	1812.750	1813.020	2562	0	0
2021.09.02	00:00:00	1813.018	1815.983	1811.079	1811.105	8037	0	300
2021.09.02	04:00:00	1811.058	1815.190	1810.596	1814.660	7465	0	300
2021.09.02	08:00:00	1814.664	1817.008	1813.061	1815.430	8082	0	300
2021.09.02	12:00:00	1815.383	1816.255	1804.630	1808.910	17947	0	300
2021.09.02	16:00:00	1808.863	1810.963	1806.926	1809.729	8008	0	300
2021.09.02	20:00:00	1809.715	1810.179	1808.956	1809.364	2469	0	0
2021.09.03	00:00:00	1809.362	1814.758	1808.878	1812.540	7759	0	300
2021.09.03	04:00:00	1812.538	1814.344	1810.592	1811.127	7523	0	300
2021.09.03	08:00:00	1811.135	1815.300	1811.025	1814.609	7686	0	300
2021.09.03	12:00:00	1814.606	1833.859	1813.061	1829.256	31597	0	300
2021.09.03	16:00:00	1829.210	1832.694	1828.020	1828.498	8397	0	300
2021.09.03	20:00:00	1828.452	1828.834	1827.186	1827.573	1117	0	300
2021.09.05	20:00:00	1828.089	1830.149	1827.417	1827.555	4329	0	0
2021.09.06	00:00:00	1827.545	1828.416	1825.085	1825.747	8755	0	300
2021.09.06	04:00:00	1825.749	1828.205	1825.427	1825.947	7199	0	200
2021.09.06	08:00:00	1825.901	1826.868	1822.712	1823.762	7096	0	300
2021.09.06	12:00:00	1823.809	1824.105	1821.315	1821.889	7811	0	300
2021.09.06	16:00:00	1821.842	1823.490	1821.842	1823.089	1121	0	300
2021.09.06	20:00:00	1823.809	1824.069	1821.892	1823.518	2640	0	0
2021.09.07	00:00:00	1823.520	1827.179	1822.572	1823.066	7953	0	300
2021.09.07	04:00:00	1823.069	1823.204	1815.514	1817.571	10700	0	300
2021.09.07	08:00:00	1817.545	1817.596	1808.264	1810.888	12341	0	300
2021.09.07	12:00:00	1810.841	1814.943	1792.280	1797.234	21967	0	200
2021.09.07	16:00:00	1797.280	1798.768	1792.991	1793.467	10365	0	200
2021.09.07	20:00:00	1793.474	1795.721	1793.235	1795.591	4066	0	0
2021.09.08	00:00:00	1795.589	1800.927	1795.360	1798.031	9155	0	200
2021.09.08	04:00:00	1798.042	1801.159	1794.183	1798.813	10499	0	200
2021.09.08	08:00:00	1798.858	1799.784	1796.300	1796.873	10545	0	200
2021.09.08	12:00:00	1796.920	1802.087	1782.300	1791.842	25188	0	200
2021.09.08	16:00:00	1791.888	1793.435	1788.494	1788.629	12021	0	200
2021.09.08	20:00:00	1788.584	1790.779	1788.555	1790.691	4796	0	0
2021.09.09	00:00:00	1790.683	1790.694	1787.079	1788.227	9528	0	200
2021.09.09	04:00:00	1788.261	1792.796	1786.594	1792.295	10839	0	200
2021.09.09	08:00:00	1792.249	1800.893	1792.061	1798.888	10628	0	200
2021.09.09	12:00:00	1798.934	1799.899	1783.752	1792.272	23264	0	200
2021.09.09	16:00:00	1792.305	1799.056	1790.818	1795.982	12065	0	200
2021.09.09	20:00:00	1795.937	1796.327	1792.484	1794.676	5822	0	0
2021.09.10	00:00:00	1794.695	1799.835	1792.616	1798.039	10291	0	200
2021.09.10	04:00:00	1798.055	1803.772	1796.125	1801.597	10337	0	300
2021.09.10	08:00:00	1801.600	1803.278	1792.919	1797.605	11140	0	200
2021.09.10	12:00:00	1797.560	1800.453	1789.440	1792.723	20136	0	200
2021.09.10	16:00:00	1792.753	1793.599	1787.080	1787.733	11093	0	200
2021.09.10	20:00:00	1787.727	1788.690	1787.390	1787.614	1247	0	200
2021.09.12	20:00:00	1787.288	1788.683	1786.960	1787.298	3528	0	0
2021.09.13	00:00:00	1787.290	1792.534	1783.442	1792.314	11019	0	200
2021.09.13	04:00:00	1792.345	1793.585	1786.930	1789.908	11424	0	200
2021.09.13	08:00:00	1789.910	1791.287	1787.595	1789.795	9638	0	200
2021.09.13	12:00:00	1789.846	1798.314	1785.117	1795.245	20245	0	200
2021.09.13	16:00:00	1795.248	1795.478	1790.972	1793.160	9648	0	200
2021.09.13	20:00:00	1793.114	1793.608	1792.455	1792.955	3224	0	0
2021.09.14	00:00:00	1792.956	1793.216	1789.638	1791.017	8959	0	200
2021.09.14	04:00:00	1791.006	1794.764	1790.134	1790.584	9870	0	200
2021.09.14	08:00:00	1790.573	1790.573	1781.866	1784.350	11297	0	200
2021.09.14	12:00:00	1784.380	1808.590	1780.279	1805.702	27156	0	200
2021.09.14	16:00:00	1805.750	1806.532	1802.873	1805.101	9220	0	300
2021.09.14	20:00:00	1805.104	1805.316	1803.466	1803.691	4039	0	0
2021.09.15	00:00:00	1803.701	1804.560	1801.308	1803.381	8415	0	300
2021.09.15	04:00:00	1803.362	1804.227	1799.558	1801.827	10008	0	300
2021.09.15	08:00:00	1801.833	1803.327	1798.842	1802.030	10189	0	300
2021.09.15	12:00:00	1802.076	1806.763	1791.246	1793.782	22355	0	200
2021.09.15	16:00:00	1793.774	1794.253	1790.604	1794.144	9462	0	200
2021.09.15	20:00:00	1794.176	1795.651	1793.093	1795.002	5544	0	0
2021.09.16	00:00:00	1794.956	1796.083	1790.969	1791.351	8960	0	200
2021.09.16	04:00:00	1791.330	1792.120	1782.719	1785.805	13523	0	200
2021.09.16	08:00:00	1785.838	1786.488	1771.094	1771.224	17879	0	200
2021.09.16	12:00:00	1771.193	1773.173	1745.019	1754.750	44806	0	200
2021.09.16	16:00:00	1754.720	1757.100	1753.092	1754.307	11570	0	200
2021.09.16	20:00:00	1754.276	1754.643	1751.540	1753.842	5868	0	0
2021.09.17	00:00:00	1753.841	1759.420	1753.802	1757.987	12203	0	200
2021.09.17	04:00:00	1757.955	1765.385	1757.770	1761.409	12411	0	200
2021.09.17	08:00:00	1761.439	1767.452	1758.207	1759.870	14247	0	200
2021.09.17	12:00:00	1759.894	1763.389	1747.306	1752.658	38148	0	200
2021.09.17	16:00:00	1752.626	1754.393	1750.047	1751.518	11574	0	200
2021.09.17	20:00:00	1751.535	1754.605	1751.439	1754.536	1313	0	200
2021.09.19	20:00:00	1754.698	1755.162	1751.188	1754.121	8277	0	0
2021.09.20	00:00:00	1754.118	1754.545	1741.741	1746.250	12676	0	200
2021.09.20	04:00:00	1746.259	1754.774	1744.990	1754.268	13891	0	200
2021.09.20	08:00:00	1754.242	1760.113	1753.044	1755.727	13392	0	200
2021.09.20	12:00:00	1755.729	1766.923	1754.455	1761.956	28914	0	200
2021.09.20	16:00:00	1761.989	1764.891	1759.128	1763.764	12896	0	200
2021.09.20	20:00:00	1763.795	1765.503	1763.573	1764.948	4477	0	0
2021.09.21	00:00:00	1764.917	1766.039	1761.675	1761.916	9643	0	200
2021.09.21	04:00:00	1761.890	1763.713	1757.869	1760.629	11474	0	200
2021.09.21	08:00:00	1760.662	1768.316	1759.266	1767.908	12173	0	200
2021.09.21	12:00:00	1767.877	1781.613	1766.632	1777.365	29310	0	200
2021.09.21	16:00:00	1777.342	1778.199	1774.181	1775.244	11383	0	200
2021.09.21	20:00:00	1775.212	1775.381	1773.862	1774.882	4157	0	0
2021.09.22	00:00:00	1774.886	1779.159	1772.271	1777.579	13162	0	200
2021.09.22	04:00:00	1777.611	1780.254	1775.810	1777.127	11394	0	200
2021.09.22	08:00:00	1777.135	1777.843	1772.060	1772.508	9567	0	200
2021.09.22	12:00:00	1772.509	1779.308	1771.424	1777.989	20360	0	200
2021.09.22	16:00:00	1777.991	1787.164	1764.582	1768.591	37790	0	200
2021.09.22	20:00:00	1768.560	1769.420	1766.258	1766.952	8218	0	0
2021.09.23	00:00:00	1766.984	1767.647	1760.736	1764.105	13271	0	200
2021.09.23	04:00:00	1764.088	1767.177	1760.195	1766.755	12667	0	200
2021.09.23	08:00:00	1766.766	1776.510	1765.562	1773.229	16987	0	200
2021.09.23	12:00:00	1773.198	1774.137	1745.817	1751.817	36646	0	200
2021.09.23	16:00:00	1751.850	1753.187	1747.678	1748.695	11695	0	200
2021.09.23	20:00:00	1748.664	1748.664	1737.392	1746.198	9314	0	0
2021.09.24	00:00:00	1746.201	1752.755	1745.774	1752.199	12187	0	200
2021.09.24	04:00:00	1752.201	1756.534	1750.221	1754.791	13872	0	200
2021.09.24	08:00:00	1754.794	1757.561	1749.470	1749.470	12543	0	200
2021.09.24	12:00:00	1749.439	1753.874	1740.411	1752.588	29102	0	200
2021.09.24	16:00:00	1752.587	1753.725	1745.948	1746.700	10748	0	200
2021.09.24	20:00:00	1746.670	1750.653	1746.367	1750.494	1437	0	200
2021.09.26	20:00:00	1750.033	1750.774	1748.214	1749.464	4178	0	0
2021.09.27	00:00:00	1749.495	1760.795	1749.160	1759.254	12469	0	200
2021.09.27	04:00:00	1759.259	1760.682	1753.827	1753.827	12072	0	200
2021.09.27	08:00:00	1753.858	1755.075	1744.608	1748.213	15520	0	200
2021.09.27	12:00:00	1748.237	1757.806	1748.098	1751.078	29705	0	200
2021.09.27	16:00:00	1751.063	1753.987	1749.820	1750.320	10005	0	200
2021.09.27	20:00:00	1750.290	1751.631	1749.827	1751.211	3723	0	0
2021.09.28	00:00:00	1751.215	1754.411	1747.162	1749.802	10441	0	200
2021.09.28	04:00:00	1749.780	1751.812	1735.365	1743.804	16899	0	200
2021.09.28	08:00:00	1743.774	1744.553	1731.773	1734.390	20006	0	200
2021.09.28	12:00:00	1734.375	1741.190	1728.069	1736.528	41136	0	200
2021.09.28	16:00:00	1736.558	1739.039	1732.778	1733.413	14426	0	200
2021.09.28	20:00:00	1733.382	1735.318	1732.778	1735.300	4350	0	0
2021.09.29	00:00:00	1735.309	1741.316	1733.289	1740.533	11795	0	200
2021.09.29	04:00:00	1740.540	1741.946	1736.699	1740.067	16200	0	200
2021.09.29	08:00:00	1740.099	1745.472	1738.275	1743.513	13352	0	200
2021.09.29	12:00:00	1743.481	1743.545	1725.449	1730.672	34448	0	200
2021.09.29	16:00:00	1730.650	1730.796	1721.571	1725.733	15326	0	200
2021.09.29	20:00:00	1725.763	1729.249	1725.089	1728.828	4624	0	0
2021.09.30	00:00:00	1728.823	1734.833	1728.796	1732.926	11049	0	200
2021.09.30	04:00:00	1732.896	1733.567	1726.221	1731.712	13880	0	200
2021.09.30	08:00:00	1731.681	1733.965	1722.212	1725.929	13968	0	200
2021.09.30	12:00:00	1725.953	1764.080	1725.201	1757.973	38810	0	200
2021.09.30	16:00:00	1758.004	1760.271	1754.524	1755.818	15912	0	200
2021.09.30	20:00:00	1755.849	1757.650	1752.849	1753.077	6086	0	0
2021.10.01	00:00:00	1753.070	1756.846	1750.587	1753.988	12055	0	200
2021.10.01	04:00:00	1753.981	1757.208	1750.850	1753.082	15202	0	200
2021.10.01	08:00:00	1753.112	1756.651	1751.271	1754.503	16048	0	200
2021.10.01	12:00:00	1754.534	1764.191	1749.685	1761.584	38007	0	200
2021.10.01	16:00:00	1761.614	1762.744	1757.203	1759.999	12761	0	200
2021.10.01	20:00:00	1759.951	1760.855	1759.268	1760.453	1019	0	200
2021.10.03	20:00:00	1760.954	1765.195	1760.954	1763.152	7492	0	0
2021.10.04	00:00:00	1763.151	1765.657	1757.740	1758.752	11005	0	200
2021.10.04	04:00:00	1758.749	1762.619	1752.958	1753.387	13313	0	200
2021.10.04	08:00:00	1753.418	1755.395	1747.627	1753.437	14295	0	200
2021.10.04	12:00:00	1753.474	1770.487	1748.223	1765.445	33965	0	200
2021.10.04	16:00:00	1765.475	1770.183	1763.571	1768.725	14682	0	200
2021.10.04	20:00:00	1768.755	1769.392	1767.365	1768.073	5717	0	0
2021.10.05	00:00:00	1768.042	1768.320	1759.427	1759.934	10915	0	200
2021.10.05	04:00:00	1759.943	1760.917	1754.953	1759.215	15543	0	200
2021.10.05	08:00:00	1759.221	1760.119	1753.523	1757.019	13110	0	200
2021.10.05	12:00:00	1757.052	1761.365	1748.561	1760.813	30849	0	200
2021.10.05	16:00:00	1760.809	1762.981	1757.989	1760.175	10686	0	200
2021.10.05	20:00:00	1760.144	1760.375	1759.008	1759.287	3416	0	0
2021.10.06	00:00:00	1759.285	1759.354	1754.156	1755.572	10420	0	200
2021.10.06	04:00:00	1755.602	1755.640	1747.243	1747.800	17083	0	200
2021.10.06	08:00:00	1747.820	1756.806	1745.822	1754.341	18328	0	200
2021.10.06	12:00:00	1754.378	1764.229	1753.477	1762.017	33302	0	200
2021.10.06	16:00:00	1762.013	1765.063	1760.375	1764.391	13255	0	200
2021.10.06	20:00:00	1764.424	1764.775	1762.240	1763.946	4598	0	0
2021.10.07	00:00:00	1763.913	1764.166	1757.700	1760.119	8960	0	200
2021.10.07	04:00:00	1760.121	1766.891	1756.009	1765.954	12986	0	200
2021.10.07	08:00:00	1765.965	1766.037	1758.117	1761.394	12811	0	200
2021.10.07	12:00:00	1761.425	1763.161	1751.935	1758.346	28381	0	200
2021.10.07	16:00:00	1758.378	1759.880	1754.735	1755.497	11712	0	200
2021.10.07	20:00:00	1755.467	1758.030	1754.238	1755.094	4342	0	0
2021.10.08	00:00:00	1755.097	1760.492	1753.320	1759.262	12493	0	200
2021.10.08	04:00:00	1759.259	1760.268	1754.338	1756.327	12622	0	200
2021.10.08	08:00:00	1756.337	1763.195	1754.935	1761.677	11748	0	200
2021.10.08	12:00:00	1761.710	1781.292	1755.483	1758.574	43672	0	200
2021.10.08	16:00:00	1758.577	1760.160	1756.529	1756.957	12290	0	200
2021.10.08	20:00:00	1756.991	1757.286	1755.950	1757.212	1406	0	200
2021.10.10	20:00:00	1757.272	1757.764	1750.915	1753.953	8798	0	0
2021.10.11	00:00:00	1753.956	1760.948	1753.848	1755.423	12819	0	200
2021.10.11	04:00:00	1755.427	1757.721	1753.416	1757.178	12458	0	200
2021.10.11	08:00:00	1757.171	1757.174	1752.285	1754.846	10866	0	200
2021.10.11	12:00:00	1754.879	1760.130	1750.128	1757.478	18404	0	200
2021.10.11	16:00:00	1757.444	1757.697	1753.261	1753.309	9464	0	200
2021.10.11	20:00:00	1753.278	1754.543	1752.546	1753.295	4151	0	0
2021.10.12	00:00:00	1753.334	1758.959	1750.710	1758.278	13289	0	200
2021.10.12	04:00:00	1758.275	1762.582	1756.526	1756.715	13176	0	200
2021.10.12	08:00:00	1756.684	1764.896	1756.432	1761.860	12838	0	200
2021.10.12	12:00:00	1761.830	1769.300	1753.938	1760.751	31888	0	200
2021.10.12	16:00:00	1760.777	1761.870	1757.914	1761.303	12215	0	200
2021.10.12	20:00:00	1761.272	1761.397	1759.781	1760.362	3814	0	0
2021.10.13	00:00:00	1760.331	1762.934	1759.508	1762.015	10498	0	200
2021.10.13	04:00:00	1762.019	1765.698	1760.711	1765.022	11103	0	200
2021.10.13	08:00:00	1765.023	1774.350	1764.994	1773.505	12659	0	200
2021.10.13	12:00:00	1773.538	1795.969	1757.826	1794.430	39196	0	200
2021.10.13	16:00:00	1794.429	1795.476	1790.605	1791.845	12928	0	200
2021.10.13	20:00:00	1791.892	1793.588	1791.595	1791.652	4741	0	0
2021.10.14	00:00:00	1791.698	1793.578	1786.647	1788.540	9646	0	200
2021.10.14	04:00:00	1788.535	1794.919	1788.202	1793.866	9970	0	200
2021.10.14	08:00:00	1793.886	1800.406	1793.672	1795.541	11123	0	200
2021.10.14	12:00:00	1795.495	1799.608	1793.709	1798.195	19053	0	200
2021.10.14	16:00:00	1798.150	1799.078	1795.809	1796.505	8327	0	200
2021.10.14	20:00:00	1796.510	1797.134	1794.735	1795.329	3498	0	0
2021.10.15	00:00:00	1795.327	1796.369	1793.780	1794.996	8487	0	200
2021.10.15	04:00:00	1795.000	1795.258	1785.386	1786.653	10017	0	200
2021.10.15	08:00:00	1786.710	1789.863	1777.208	1778.304	14201	0	200
2021.10.15	12:00:00	1778.271	1778.976	1764.652	1768.396	34745	0	200
2021.10.15	16:00:00	1768.363	1769.315	1766.529	1768.267	10774	0	200
2021.10.15	20:00:00	1768.298	1768.488	1766.684	1767.427	1346	0	200
2021.10.17	20:00:00	1766.961	1772.013	1764.565	1770.952	6830	0	0
2021.10.18	00:00:00	1770.983	1772.007	1767.304	1767.699	12739	0	200
2021.10.18	04:00:00	1767.698	1769.449	1761.689	1764.371	15217	0	200
2021.10.18	08:00:00	1764.373	1766.805	1760.276	1763.067	16592	0	200
2021.10.18	12:00:00	1763.097	1771.125	1761.518	1767.780	33351	0	200
2021.10.18	16:00:00	1767.811	1767.844	1763.881	1764.102	9987	0	200
2021.10.18	20:00:00	1764.064	1764.954	1762.886	1763.948	3321	0	0
2021.10.19	00:00:00	1763.964	1774.948	1763.269	1774.748	11296	0	200
2021.10.19	04:00:00	1774.746	1782.768	1773.696	1781.418	13570	0	200
2021.10.19	08:00:00	1781.388	1782.893	1775.872	1780.484	13936	0	200
2021.10.19	12:00:00	1780.454	1785.062	1769.339	1771.089	31162	0	200
2021.10.19	16:00:00	1771.119	1771.444	1767.101	1770.119	11996	0	200
2021.10.19	20:00:00	1770.128	1770.128	1768.171	1768.661	3437	0	200
2021.10.20	00:00:00	1768.664	1774.569	1766.839	1774.049	12404	0	200
2021.10.20	04:00:00	1774.081	1777.986	1773.287	1776.636	13002	0	200
2021.10.20	08:00:00	1776.638	1781.744	1776.457	1779.546	11591	0	200
2021.10.20	12:00:00	1779.560	1788.368	1774.613	1783.514	26717	0	200
2021.10.20	16:00:00	1783.508	1787.438	1782.966	1785.304	13174	0	200
2021.10.20	20:00:00	1785.274	1785.812	1780.760	1781.408	4212	0	200
2021.10.21	00:00:00	1781.376	1789.366	1781.205	1786.353	12507	0	200
2021.10.21	04:00:00	1786.351	1787.537	1780.836	1782.556	15393	0	200
2021.10.21	08:00:00	1782.588	1787.859	1777.471	1778.285	14084	0	200
2021.10.21	12:00:00	1778.318	1785.991	1776.245	1782.481	28664	0	200
2021.10.21	16:00:00	1782.514	1784.748	1778.357	1783.911	11531	0	200
2021.10.21	20:00:00	1783.945	1786.094	1781.979	1784.594	3779	0	200
2021.10.22	00:00:00	1784.561	1788.048	1783.510	1787.058	12445	0	200
2021.10.22	04:00:00	1787.048	1794.373	1786.047	1793.107	12549	0	200
2021.10.22	08:00:00	1793.079	1794.960	1790.413	1792.337	10893	0	200
2021.10.22	12:00:00	1792.291	1813.560	1782.595	1785.796	27878	0	200
2021.10.22	16:00:00	1785.785	1798.483	1784.372	1794.074	15355	0	200
2021.10.22	20:00:00	1794.119	1794.262	1791.931	1792.853	1241	0	300
2021.10.24	20:00:00	1792.926	1794.371	1792.388	1794.301	2852	0	200
2021.10.25	00:00:00	1794.347	1799.011	1792.182	1798.394	13262	0	200
2021.10.25	04:00:00	1798.391	1801.003	1795.983	1798.954	12027	0	200
2021.10.25	08:00:00	1798.974	1803.578	1798.385	1801.667	11064	0	200
2021.10.25	12:00:00	1801.675	1809.717	1800.401	1808.053	18737	0	300
2021.10.25	16:00:00	1808.032	1808.605	1805.006	1806.704	8001	0	200
2021.10.25	20:00:00	1806.653	1808.217	1806.309	1807.792	2487	0	300
2021.10.26	00:00:00	1807.777	1807.848	1802.631	1803.170	8972	0	200
2021.10.26	04:00:00	1803.147	1806.463	1799.797	1800.338	10197	0	200
2021.10.26	08:00:00	1800.290	1804.345	1799.723	1802.926	10744	0	200
2021.10.26	12:00:00	1802.894	1804.560	1782.191	1789.841	33063	0	200
2021.10.26	16:00:00	1789.827	1795.029	1789.820	1793.388	11057	0	200
2021.10.26	20:00:00	1793.419	1794.297	1791.895	1793.554	3548	0	200
2021.10.27	00:00:00	1793.571	1794.350	1787.068	1789.059	11913	0	200
2021.10.27	04:00:00	1789.086	1791.575	1785.400	1787.508	12624	0	200
2021.10.27	08:00:00	1787.490	1791.885	1783.397	1791.156	14174	0	200
2021.10.27	12:00:00	1791.188	1797.929	1784.712	1794.460	33666	0	200
2021.10.27	16:00:00	1794.429	1799.027	1793.870	1798.269	14499	0	200
2021.10.27	20:00:00	1798.237	1798.333	1795.987	1796.583	3965	0	200
2021.10.28	00:00:00	1796.552	1803.165	1794.128	1798.764	13466	0	200
2021.10.28	04:00:00	1798.763	1803.898	1798.477	1801.943	13733	0	200
2021.10.28	08:00:00	1801.948	1803.503	1795.714	1801.896	14199	0	200
2021.10.28	12:00:00	1801.901	1810.380	1791.986	1801.011	48271	0	200
2021.10.28	16:00:00	1801.004	1803.336	1797.876	1798.174	13515	0	200
2021.10.28	20:00:00	1798.189	1801.143	1797.631	1799.575	5754	0	200
2021.10.29	00:00:00	1799.559	1799.944	1795.102	1796.950	12734	0	200
2021.10.29	04:00:00	1796.948	1797.972	1792.975	1795.529	14764	0	200
2021.10.29	08:00:00	1795.523	1799.012	1790.879	1793.047	14708	0	200
2021.10.29	12:00:00	1793.014	1793.415	1771.896	1778.074	49842	0	200
2021.10.29	16:00:00	1778.105	1783.646	1777.281	1782.665	14489	0	200
2021.10.29	20:00:00	1782.698	1783.523	1782.322	1783.296	1709	0	200
2021.10.31	20:00:00	1783.269	1783.269	1779.055	1780.026	3101	0	200
2021.11.01	00:00:00	1780.020	1787.262	1779.988	1784.362	11564	0	200
2021.11.01	04:00:00	1784.348	1787.700	1781.172	1781.770	11414	0	200
2021.11.01	08:00:00	1781.786	1788.099	1780.952	1786.567	13293	0	200
2021.11.01	12:00:00	1786.537	1795.686	1785.581	1792.963	27362	0	200
2021.11.01	16:00:00	1792.994	1794.938	1789.767	1792.592	10753	0	200
2021.11.01	20:00:00	1792.560	1793.549	1791.357	1792.047	3177	0	200
2021.11.02	00:00:00	1792.077	1792.590	1789.236	1791.140	9651	0	200
2021.11.02	04:00:00	1791.133	1796.349	1790.952	1794.117	11387	0	200
2021.11.02	08:00:00	1794.086	1795.526	1788.047	1790.003	15027	0	200
2021.11.02	12:00:00	1790.001	1794.251	1786.062	1788.815	28265	0	200
2021.11.02	16:00:00	1788.783	1789.678	1786.349	1788.293	10058	0	200
2021.11.02	20:00:00	1788.262	1788.310	1786.655	1787.125	2656	0	200
2021.11.03	00:00:00	1787.102	1787.579	1779.130	1783.183	9988	0	200
2021.11.03	04:00:00	1783.176	1783.294	1777.942	1781.614	9399	0	200
2021.11.03	08:00:00	1781.616	1785.525	1780.479	1784.626	12203	0	200
2021.11.03	12:00:00	1784.593	1785.604	1758.534	1763.507	35102	0	200
2021.11.03	16:00:00	1763.508	1775.044	1761.444	1773.417	39043	0	200
2021.11.03	20:00:00	1773.449	1777.359	1769.328	1777.242	5663	0	200
2021.11.04	00:00:00	1777.274	1778.247	1773.406	1775.064	10814	0	200
2021.11.04	04:00:00	1775.033	1775.927	1770.762	1774.710	10423	0	200
2021.11.04	08:00:00	1774.740	1782.019	1772.249	1780.866	15018	0	200
2021.11.04	12:00:00	1780.903	1798.894	1779.082	1792.213	35413	0	200
2021.11.04	16:00:00	1792.183	1794.070	1790.733	1793.824	11970	0	200
2021.11.04	20:00:00	1793.794	1793.838	1790.428	1791.317	3963	0	200
2021.11.05	00:00:00	1791.322	1796.081	1790.057	1792.851	11440	0	200
2021.11.05	04:00:00	1792.841	1798.398	1792.616	1796.471	10611	0	200
2021.11.05	08:00:00	1796.485	1800.049	1791.723	1793.831	14830	0	200
2021.11.05	12:00:00	1793.860	1811.770	1784.842	1809.883	46690	0	200
2021.11.05	16:00:00	1809.919	1818.029	1807.734	1816.878	16333	0	200
2021.11.05	20:00:00	1816.840	1818.269	1816.194	1818.127	1664	0	200
2021.11.07	20:00:00	1815.750	1818.072	1815.470	1815.820	2370	0	200
2021.11.08	00:00:00	1815.830	1821.057	1812.874	1819.078	14369	0	200
2021.11.08	04:00:00	1819.075	1821.395	1814.484	1816.297	12519	0	200
2021.11.08	08:00:00	1816.261	1818.285	1812.403	1816.853	12965	0	200
2021.11.08	12:00:00	1816.869	1825.998	1815.766	1821.462	25647	0	200
2021.11.08	16:00:00	1821.460	1826.395	1819.402	1825.679	11059	0	200
2021.11.08	20:00:00	1825.711	1826.215	1823.589	1824.501	5069	0	200
2021.11.09	00:00:00	1824.498	1827.078	1821.849	1822.992	11774	0	200
2021.11.09	04:00:00	1822.990	1827.099	1819.119	1820.076	11596	0	200
2021.11.09	08:00:00	1820.045	1828.506	1820.045	1823.764	14838	0	200
2021.11.09	12:00:00	1823.796	1830.332	1820.222	1825.877	28985	0	200
2021.11.09	16:00:00	1825.845	1831.257	1823.421	1830.253	14680	0	200
2021.11.09	20:00:00	1830.283	1832.624	1828.576	1829.861	6162	0	200
2021.11.10	00:00:00	1829.858	1830.989	1826.105	1827.075	10263	0	200
2021.11.10	04:00:00	1827.091	1827.313	1822.919	1824.118	10476	0	200
2021.11.10	08:00:00	1824.086	1827.091	1822.710	1824.520	11723	0	200
2021.11.10	12:00:00	1824.521	1868.193	1822.076	1851.456	46503	0	200
2021.11.10	16:00:00	1851.452	1858.614	1841.288	1847.049	27008	0	200
2021.11.10	20:00:00	1847.015	1852.739	1845.301	1848.511	7391	0	200
2021.11.11	00:00:00	1848.493	1853.608	1842.860	1849.928	14273	0	200
2021.11.11	04:00:00	1849.936	1857.094	1847.039	1856.896	13691	0	200
2021.11.11	08:00:00	1856.930	1865.524	1855.172	1863.780	13244	0	200
2021.11.11	12:00:00	1863.793	1865.739	1854.687	1861.604	25835	0	200
2021.11.11	16:00:00	1861.634	1863.675	1859.703	1862.035	10157	0	200
2021.11.11	20:00:00	1862.066	1863.057	1861.205	1862.286	4810	0	200
2021.11.12	00:00:00	1862.285	1862.317	1855.073	1855.128	11361	0	200
2021.11.12	04:00:00	1855.130	1859.979	1855.123	1856.396	11035	0	200
2021.11.12	08:00:00	1856.363	1858.672	1845.229	1849.131	17761	0	200
2021.11.12	12:00:00	1849.099	1865.763	1849.033	1860.796	27173	0	200
2021.11.12	16:00:00	1860.783	1868.574	1859.749	1863.699	15067	0	200
2021.11.12	20:00:00	1863.731	1866.158	1862.509	1864.361	4018	0	200
2021.11.14	20:00:00	1866.804	1867.783	1865.240	1865.476	2251	0	200
2021.11.15	00:00:00	1865.490	1866.011	1856.426	1856.871	14709	0	200
2021.11.15	04:00:00	1856.838	1862.209	1856.308	1860.870	10798	0	200
2021.11.15	08:00:00	1860.901	1864.811	1858.319	1864.456	10998	0	200
2021.11.15	12:00:00	1864.423	1870.267	1858.094	1861.997	23948	0	200
2021.11.15	16:00:00	1861.967	1867.863	1859.982	1867.073	12016	0	200
2021.11.15	20:00:00	1867.104	1867.236	1861.883	1862.387	5674	0	200
2021.11.16	00:00:00	1862.356	1868.751	1861.888	1866.925	12112	0	200
2021.11.16	04:00:00	1866.910	1867.733	1862.212	1863.939	11807	0	200
2021.11.16	08:00:00	1863.928	1874.905	1863.868	1873.898	16444	0	200
2021.11.16	12:00:00	1873.865	1877.067	1856.371	1861.145	34100	0	200
2021.11.16	16:00:00	1861.133	1861.371	1849.645	1851.520	18103	0	200
2021.11.16	20:00:00	1851.550	1851.550	1849.644	1850.311	6513	0	200
2021.11.17	00:00:00	1850.313	1856.052	1849.530	1853.662	13195	0	200
2021.11.17	04:00:00	1853.664	1857.313	1851.991	1856.158	10854	0	200
2021.11.17	08:00:00	1856.164	1862.812	1855.808	1861.671	12910	0	200
2021.11.17	12:00:00	1861.639	1868.063	1859.979	1862.854	21878	0	200
2021.11.17	16:00:00	1862.823	1867.992	1862.290	1863.949	13993	0	200
2021.11.17	20:00:00	1863.919	1867.544	1862.723	1866.479	5697	0	200
2021.11.18	00:00:00	1866.507	1870.883	1864.129	1864.925	11481	0	200
2021.11.18	04:00:00	1864.923	1869.400	1862.579	1868.540	11222	0	200
2021.11.18	08:00:00	1868.570	1869.750	1858.731	1862.705	14312	0	200
2021.11.18	12:00:00	1862.716	1866.843	1855.023	1860.054	29824	0	200
2021.11.18	16:00:00	1860.062	1862.651	1858.204	1858.853	11697	0	200
2021.11.18	20:00:00	1858.820	1861.010	1856.724	1859.578	5219	0	200
2021.11.19	00:00:00	1859.585	1863.506	1858.571	1863.070	9597	0	200
2021.11.19	04:00:00	1863.056	1863.720	1855.846	1857.476	9937	0	200
2021.11.19	08:00:00	1857.462	1864.788	1851.393	1861.659	21686	0	200
2021.11.19	12:00:00	1861.690	1865.621	1851.717	1860.349	30795	0	200
2021.11.19	16:00:00	1860.371	1860.690	1842.815	1849.651	24421	0	200
2021.11.19	20:00:00	1849.657	1849.657	1845.373	1846.196	4985	0	200
2021.11.21	20:00:00	1842.207	1847.169	1841.485	1844.879	3839	0	200
2021.11.22	00:00:00	1844.909	1848.526	1844.044	1847.106	13046	0	200
2021.11.22	04:00:00	1847.101	1849.046	1839.893	1844.036	11906	0	200
2021.11.22	08:00:00	1844.005	1846.991	1837.175	1842.576	15906	0	200
2021.11.22	12:00:00	1842.545	1843.003	1811.457	1818.422	41680	0	200
2021.11.22	16:00:00	1818.392	1822.133	1802.202	1803.680	23320	0	200
2021.11.22	20:00:00	1803.649	1809.749	1802.912	1808.997	8517	0	200
2021.11.23	00:00:00	1809.027	1812.370	1806.435	1808.339	12716	0	200
2021.11.23	04:00:00	1808.327	1809.831	1802.836	1807.660	13962	0	200
2021.11.23	08:00:00	1807.628	1808.339	1792.492	1793.999	21721	0	200
2021.11.23	12:00:00	1793.975	1797.458	1783.987	1786.311	37843	0	200
2021.11.23	16:00:00	1786.302	1790.304	1781.914	1788.121	18181	0	200
2021.11.23	20:00:00	1788.091	1791.860	1787.616	1790.875	8156	0	200
2021.11.24	00:00:00	1790.910	1796.049	1788.970	1793.649	12315	0	200
2021.11.24	04:00:00	1793.625	1796.354	1791.851	1794.078	11729	0	200
2021.11.24	08:00:00	1794.048	1794.714	1785.436	1787.254	16268	0	200
2021.11.24	12:00:00	1787.222	1787.650	1778.150	1784.564	34489	0	200
2021.11.24	16:00:00	1784.597	1791.362	1782.457	1784.815	16396	0	200
2021.11.24	20:00:00	1784.785	1791.116	1784.598	1789.664	7574	0	200
2021.11.25	00:00:00	1789.698	1794.260	1789.201	1792.072	9934	0	200
2021.11.25	04:00:00	1792.074	1794.275	1791.435	1793.303	7790	0	200
2021.11.25	08:00:00	1793.299	1795.027	1789.846	1790.736	9687	0	200
2021.11.25	12:00:00	1790.738	1792.836	1787.851	1788.494	11369	0	200
2021.11.25	16:00:00	1788.524	1790.437	1788.024	1788.693	3578	0	200
2021.11.25	20:00:00	1790.271	1792.672	1790.148	1792.628	1924	0	200
2021.11.26	00:00:00	1792.616	1798.906	1789.970	1796.975	14961	0	200
2021.11.26	04:00:00	1796.982	1808.268	1795.257	1808.015	14128	0	200
2021.11.26	08:00:00	1807.983	1815.467	1797.597	1811.738	28105	0	200
2021.11.26	12:00:00	1811.734	1812.072	1795.371	1797.589	33748	0	200
2021.11.26	16:00:00	1797.594	1799.702	1780.054	1787.433	17778	0	200
2021.11.28	20:00:00	1788.597	1795.644	1780.238	1795.521	6519	0	200
2021.11.29	00:00:00	1795.490	1796.564	1789.901	1794.404	15638	0	200
2021.11.29	04:00:00	1794.401	1797.008	1791.146	1794.670	15189	0	200
2021.11.29	08:00:00	1794.702	1799.361	1792.870	1793.483	17659	0	200
2021.11.29	12:00:00	1793.479	1794.023	1784.111	1786.967	25762	0	200
2021.11.29	16:00:00	1786.935	1787.868	1781.122	1782.557	16555	0	200
2021.11.29	20:00:00	1782.587	1787.803	1782.011	1786.826	8064	0	200
2021.11.30	00:00:00	1786.816	1790.340	1783.010	1788.924	11382	0	200
2021.11.30	04:00:00	1788.922	1795.921	1787.963	1791.736	18984	0	200
2021.11.30	08:00:00	1791.739	1798.424	1791.457	1792.427	19662	0	200
2021.11.30	12:00:00	1792.459	1808.477	1783.199	1784.415	41770	0	200
2021.11.30	16:00:00	1784.445	1784.656	1769.681	1776.035	37278	0	200
2021.11.30	20:00:00	1776.068	1776.972	1770.846	1773.206	10254	0	200
2021.12.01	00:00:00	1773.209	1780.288	1772.598	1777.922	15273	0	200
2021.12.01	04:00:00	1777.938	1794.267	1777.306	1784.822	20733	0	200
2021.12.01	08:00:00	1784.792	1788.582	1776.623	1785.053	19000	0	200
2021.12.01	12:00:00	1785.085	1792.164	1782.675	1786.010	31554	0	200
2021.12.01	16:00:00	1785.977	1787.873	1779.211	1782.149	24131	0	200
2021.12.01	20:00:00	1782.118	1783.398	1777.321	1781.825	10920	0	200
2021.12.02	00:00:00	1781.812	1781.971	1779.053	1779.306	13072	0	200
2021.12.02	04:00:00	1779.311	1779.311	1774.883	1775.133	12024	0	200
2021.12.02	08:00:00	1775.165	1779.005	1767.092	1777.214	17627	0	200
2021.12.02	12:00:00	1777.198	1781.192	1763.061	1767.304	34395	0	200
2021.12.02	16:00:00	1767.272	1769.139	1761.841	1766.565	19265	0	200
2021.12.02	20:00:00	1766.595	1770.614	1766.267	1768.989	7641	0	200
2021.12.03	00:00:00	1768.985	1774.311	1767.487	1773.436	12251	0	200
2021.12.03	04:00:00	1773.456	1776.450	1770.217	1770.834	11470	0	200
2021.12.03	08:00:00	1770.802	1773.440	1766.078	1771.884	12866	0	200
2021.12.03	12:00:00	1771.852	1778.404	1766.163	1770.748	43181	0	200
2021.12.03	16:00:00	1770.715	1784.587	1769.767	1783.891	23593	0	200
2021.12.03	20:00:00	1783.861	1786.072	1782.160	1783.414	6590	0	200
2021.12.05	20:00:00	1782.102	1784.094	1780.691	1782.901	2235	0	200
2021.12.06	00:00:00	1782.933	1787.683	1782.158	1783.931	11764	0	200
2021.12.06	04:00:00	1783.930	1785.780	1781.071	1782.930	12093	0	200
2021.12.06	08:00:00	1782.897	1782.897	1777.721	1780.025	14281	0	200
2021.12.06	12:00:00	1780.040	1782.085	1775.506	1778.240	21480	0	200
2021.12.06	16:00:00	1778.243	1784.964	1777.663	1778.352	12441	0	200
2021.12.06	20:00:00	1778.357	1781.949	1778.024	1780.931	5768	0	200
2021.12.07	00:00:00	1780.899	1781.845	1777.346	1777.639	9527	0	200
2021.12.07	04:00:00	1777.618	1784.520	1776.841	1782.665	10484	0	200
2021.12.07	08:00:00	1782.703	1783.657	1777.376	1782.217	12572	0	200
2021.12.07	12:00:00	1782.248	1784.496	1771.828	1782.502	23558	0	200
2021.12.07	16:00:00	1782.505	1787.791	1781.915	1784.840	12983	0	200
2021.12.07	20:00:00	1784.825	1786.372	1783.623	1784.719	5204	0	200
2021.12.08	00:00:00	1784.685	1790.511	1784.471	1787.914	10036	0	200
2021.12.08	04:00:00	1787.908	1791.522	1786.497	1789.806	9497	0	200
2021.12.08	08:00:00	1789.774	1793.061	1782.610	1786.664	17094	0	200
2021.12.08	12:00:00	1786.636	1787.009	1779.530	1782.426	24378	0	200
2021.12.08	16:00:00	1782.456	1786.295	1781.090	1785.603	12212	0	200
2021.12.08	20:00:00	1785.628	1786.786	1782.291	1783.494	5757	0	200
2021.12.09	00:00:00	1783.474	1785.405	1782.091	1784.467	9387	0	200
2021.12.09	04:00:00	1784.473	1787.081	1783.158	1786.170	9791	0	200
2021.12.09	08:00:00	1786.138	1787.554	1779.337	1780.322	13858	0	200
2021.12.09	12:00:00	1780.291	1782.832	1773.544	1779.562	25490	0	200
2021.12.09	16:00:00	1779.527	1780.826	1773.417	1776.055	13741	0	200
2021.12.09	20:00:00	1776.060	1776.505	1774.715	1776.327	4996	0	200
2021.12.10	00:00:00	1776.329	1779.606	1775.548	1778.479	8384	0	200
2021.12.10	04:00:00	1778.469	1779.401	1771.209	1772.968	10692	0	200
2021.12.10	08:00:00	1772.973	1773.333	1769.919	1772.101	10610	0	200
2021.12.10	12:00:00	1772.070	1789.123	1771.697	1783.125	32092	0	200
2021.12.10	16:00:00	1783.156	1786.407	1781.351	1782.226	11723	0	200
2021.12.10	20:00:00	1782.258	1783.149	1781.777	1782.805	2865	0	200
2021.12.12	20:00:00	1782.732	1784.389	1782.710	1783.216	1672	0	200
2021.12.13	00:00:00	1783.217	1788.068	1782.450	1785.990	8672	0	200
2021.12.13	04:00:00	1785.976	1786.903	1783.122	1785.410	8013	0	200
2021.12.13	08:00:00	1785.442	1788.482	1783.265	1788.003	10713	0	200
2021.12.13	12:00:00	1788.004	1791.381	1781.725	1786.828	18847	0	200
2021.12.13	16:00:00	1786.837	1790.098	1786.100	1787.782	10374	0	200
2021.12.13	20:00:00	1787.749	1788.182	1785.006	1785.722	5503	0	200
2021.12.14	00:00:00	1785.754	1789.462	1785.063	1785.832	8887	0	200
2021.12.14	04:00:00	1785.820	1788.379	1784.082	1784.618	8021	0	200
2021.12.14	08:00:00	1784.595	1785.671	1781.970	1784.763	11361	0	200
2021.12.14	12:00:00	1784.765	1785.404	1766.419	1774.166	28365	0	200
2021.12.14	16:00:00	1774.135	1776.499	1770.964	1772.151	12234	0	200
2021.12.14	20:00:00	1772.146	1772.879	1770.263	1772.453	5154	0	200
2021.12.15	00:00:00	1772.485	1773.861	1769.532	1769.960	8965	0	200
2021.12.15	04:00:00	1769.968	1771.162	1766.649	1767.798	9478	0	200
2021.12.15	08:00:00	1767.766	1771.334	1767.376	1769.790	10335	0	200
2021.12.15	12:00:00	1769.744	1773.556	1763.888	1766.083	22461	0	200
2021.12.15	16:00:00	1766.079	1770.633	1753.053	1769.592	37079	0	200
2021.12.15	20:00:00	1769.557	1781.434	1768.423	1779.456	15813	0	200
2021.12.16	00:00:00	1779.466	1784.165	1775.504	1781.448	12644	0	200
2021.12.16	04:00:00	1781.419	1786.202	1780.940	1784.502	10292	0	200
2021.12.16	08:00:00	1784.538	1788.282	1784.538	1787.263	11386	0	200
2021.12.16	12:00:00	1787.273	1798.089	1782.164	1797.321	29293	0	200
2021.12.16	16:00:00	1797.302	1799.014	1794.949	1796.955	13039	0	200
2021.12.16	20:00:00	1796.943	1799.621	1796.815	1798.708	6643	0	200
2021.12.17	00:00:00	1798.738	1804.280	1797.237	1803.079	11368	0	200
2021.12.17	04:00:00	1803.048	1809.541	1801.960	1808.888	12135	0	200
2021.12.17	08:00:00	1808.856	1809.924	1805.887	1809.006	12219	0	200
2021.12.17	12:00:00	1809.037	1814.191	1803.943	1804.521	22262	0	200
2021.12.17	16:00:00	1804.538	1806.469	1799.884	1801.542	13425	0	200
2021.12.17	20:00:00	1801.553	1801.613	1795.794	1798.064	5272	0	200
2021.12.19	20:00:00	1800.610	1801.676	1799.386	1800.067	2260	0	200
2021.12.20	00:00:00	1800.065	1802.507	1799.004	1801.797	10650	0	200
2021.12.20	04:00:00	1801.790	1804.089	1797.962	1798.184	10099	0	200
2021.12.20	08:00:00	1798.151	1802.283	1794.682	1795.461	12021	0	200
2021.12.20	12:00:00	1795.442	1799.917	1791.640	1793.641	20326	0	200
2021.12.20	16:00:00	1793.605	1796.003	1790.348	1790.381	12686	0	200
2021.12.20	20:00:00	1790.384	1791.988	1788.286	1791.617	6911	0	200
2021.12.21	00:00:00	1791.622	1792.483	1789.224	1791.851	10120	0	200
2021.12.21	04:00:00	1791.821	1793.932	1788.702	1793.173	9749	0	200
2021.12.21	08:00:00	1793.157	1798.218	1792.374	1797.801	11696	0	200
2021.12.21	12:00:00	1797.833	1800.238	1784.568	1785.918	19442	0	200
2021.12.21	16:00:00	1785.955	1789.191	1785.234	1788.133	11881	0	200
2021.12.21	20:00:00	1788.148	1790.550	1787.625	1790.466	5211	0	200
2021.12.22	00:00:00	1790.470	1791.159	1788.298	1789.145	8368	0	200
2021.12.22	04:00:00	1789.143	1789.254	1786.077	1786.867	7959	0	200
2021.12.22	08:00:00	1786.902	1791.416	1785.846	1790.975	10907	0	200
2021.12.22	12:00:00	1790.985	1795.817	1788.862	1795.713	16433	0	200
2021.12.22	16:00:00	1795.690	1803.830	1795.690	1803.611	12618	0	200
2021.12.22	20:00:00	1803.621	1804.962	1803.073	1803.662	5221	0	200
2021.12.23	00:00:00	1803.660	1808.404	1803.102	1805.576	8933	0	200
2021.12.23	04:00:00	1805.590	1808.214	1804.813	1805.899	8047	0	200
2021.12.23	08:00:00	1805.869	1808.029	1804.136	1806.327	9491	0	200
2021.12.23	12:00:00	1806.325	1809.956	1798.609	1805.932	18718	0	200
2021.12.23	16:00:00	1805.934	1810.687	1805.705	1809.295	9618	0	200
2021.12.23	20:00:00	1809.263	1809.456	1807.417	1808.451	2612	0	200
2021.12.26	20:00:00	1806.207	1808.526	1805.977	1807.259	1459	0	200
2021.12.27	00:00:00	1807.260	1811.842	1806.602	1810.962	8388	0	200
2021.12.27	04:00:00	1810.950	1810.956	1807.602	1808.732	7287	0	200
2021.12.27	08:00:00	1808.702	1809.315	1804.712	1806.321	7710	0	200
2021.12.27	12:00:00	1806.320	1813.384	1802.871	1812.723	15305	0	200
2021.12.27	16:00:00	1812.754	1812.993	1806.666	1809.210	10831	0	200
2021.12.27	20:00:00	1809.221	1812.627	1808.697	1812.348	3786	0	200
2021.12.28	00:00:00	1812.360	1812.624	1808.478	1809.928	6798	0	200
2021.12.28	04:00:00	1809.925	1816.015	1809.535	1813.791	7853	0	200
2021.12.28	08:00:00	1813.789	1818.274	1813.535	1817.751	7708	0	200
2021.12.28	12:00:00	1817.772	1820.191	1809.865	1811.421	18738	0	200
2021.12.28	16:00:00	1811.391	1812.251	1805.006	1806.997	11813	0	200
2021.12.28	20:00:00	1806.966	1807.246	1805.060	1806.560	5161	0	200
2021.12.29	00:00:00	1806.557	1807.626	1804.036	1806.625	8350	0	200
2021.12.29	04:00:00	1806.627	1807.427	1804.130	1804.347	6947	0	200
2021.12.29	08:00:00	1804.335	1805.280	1794.025	1796.965	11972	0	200
2021.12.29	12:00:00	1796.933	1802.193	1789.212	1799.860	22173	0	200
2021.12.29	16:00:00	1799.892	1805.623	1799.892	1805.073	12428	0	200
2021.12.29	20:00:00	1805.076	1805.474	1803.705	1804.526	4430	0	200
2021.12.30	00:00:00	1804.533	1805.498	1801.125	1801.516	8676	0	200
2021.12.30	04:00:00	1801.485	1801.825	1796.118	1798.175	8590	0	200
2021.12.30	08:00:00	1798.206	1803.240	1797.982	1802.597	9108	0	200
2021.12.30	12:00:00	1802.564	1808.584	1798.750	1807.129	18986	0	200
2021.12.30	16:00:00	1807.137	1815.291	1806.799	1815.122	11723	0	200
2021.12.30	20:00:00	1815.100	1817.117	1814.465	1815.703	4871	0	200
2021.12.31	00:00:00	1815.704	1818.998	1814.704	1817.078	9099	0	200
2021.12.31	04:00:00	1817.090	1820.152	1816.640	1816.705	7146	0	200
2021.12.31	08:00:00	1816.717	1820.249	1815.098	1819.543	8122	0	200
2021.12.31	12:00:00	1819.532	1827.424	1818.504	1821.971	19864	0	200
2021.12.31	16:00:00	1821.941	1828.722	1821.584	1827.615	13284	0	200
2022.01.02	20:00:00	1830.615	1831.730	1828.021	1828.452	1679	0	200
2022.01.03	00:00:00	1828.453	1831.542	1824.204	1825.685	8999	0	200
2022.01.03	04:00:00	1825.689	1825.952	1820.876	1824.156	7225	0	200
2022.01.03	08:00:00	1824.121	1827.457	1821.356	1822.834	9959	0	200
2022.01.03	12:00:00	1822.849	1823.183	1799.762	1801.848	30499	0	200
2022.01.03	16:00:00	1801.842	1802.949	1798.304	1801.653	13816	0	200
2022.01.03	20:00:00	1801.660	1804.517	1800.931	1804.101	5499	0	200
2022.01.04	00:00:00	1804.127	1807.045	1802.902	1804.171	11152	0	200
2022.01.04	04:00:00	1804.182	1807.354	1803.133	1805.709	9794	0	200
2022.01.04	08:00:00	1805.743	1808.535	1801.898	1804.009	13070	0	200
2022.01.04	12:00:00	1803.979	1816.680	1798.452	1814.542	27511	0	200
2022.01.04	16:00:00	1814.568	1815.537	1811.620	1814.498	12829	0	200
2022.01.04	20:00:00	1814.502	1815.365	1813.032	1813.873	4522	0	200
2022.01.05	00:00:00	1813.885	1816.448	1812.714	1815.403	8344	0	200
2022.01.05	04:00:00	1815.397	1817.006	1812.506	1813.429	8442	0	200
2022.01.05	08:00:00	1813.436	1820.697	1813.313	1818.646	11318	0	200
2022.01.05	12:00:00	1818.618	1829.591	1814.719	1823.269	23384	0	200
2022.01.05	16:00:00	1823.237	1825.576	1812.416	1812.870	19502	0	200
2022.01.05	20:00:00	1812.901	1814.181	1808.259	1810.244	8732	0	200
2022.01.06	00:00:00	1810.275	1811.475	1806.521	1806.968	11520	0	200
2022.01.06	04:00:00	1806.972	1807.484	1799.079	1800.908	13957	0	200
2022.01.06	08:00:00	1800.903	1806.892	1793.554	1797.385	18501	0	200
2022.01.06	12:00:00	1797.416	1800.387	1786.828	1790.610	34311	0	200
2022.01.06	16:00:00	1790.632	1793.454	1786.332	1787.967	14659	0	200
2022.01.06	20:00:00	1787.945	1791.605	1787.381	1791.365	5887	0	200
2022.01.07	00:00:00	1791.381	1793.133	1789.754	1792.775	8966	0	200
2022.01.07	04:00:00	1792.777	1792.921	1787.996	1789.785	8622	0	200
2022.01.07	08:00:00	1789.816	1793.888	1787.732	1793.309	10808	0	200
2022.01.07	12:00:00	1793.277	1795.926	1782.289	1789.152	37160	0	200
2022.01.07	16:00:00	1789.186	1798.604	1789.186	1796.694	15909	0	200
2022.01.07	20:00:00	1796.725	1797.445	1794.286	1796.899	3926	0	200
2022.01.09	20:00:00	1794.898	1796.069	1794.505	1795.145	1987	0	200
2022.01.10	00:00:00	1795.117	1796.675	1791.675	1792.115	10833	0	200
2022.01.10	04:00:00	1792.084	1795.669	1791.311	1793.578	8488	0	200
2022.01.10	08:00:00	1793.611	1802.257	1792.092	1800.552	13506	0	200
2022.01.10	12:00:00	1800.520	1801.377	1790.033	1793.394	24268	0	200
2022.01.10	16:00:00	1793.363	1801.623	1793.211	1800.849	14056	0	200
2022.01.10	20:00:00	1800.819	1802.899	1799.636	1801.225	6244	0	200
2022.01.11	00:00:00	1801.195	1807.776	1801.195	1805.921	10142	0	200
2022.01.11	04:00:00	1805.941	1809.775	1805.529	1809.168	10431	0	200
2022.01.11	08:00:00	1809.138	1810.196	1804.311	1806.462	11399	0	200
2022.01.11	12:00:00	1806.441	1811.814	1801.582	1811.302	21915	0	200
2022.01.11	16:00:00	1811.271	1821.111	1809.841	1820.810	16918	0	200
2022.01.11	20:00:00	1820.767	1823.249	1820.048	1820.722	6615	0	200
2022.01.12	00:00:00	1820.714	1822.506	1818.058	1818.063	9753	0	200
2022.01.12	04:00:00	1818.055	1821.487	1815.715	1817.213	9260	0	200
2022.01.12	08:00:00	1817.220	1818.457	1814.465	1817.166	10436	0	200
2022.01.12	12:00:00	1817.135	1825.040	1816.329	1823.744	26204	0	200
2022.01.12	16:00:00	1823.718	1827.977	1820.099	1827.904	13170	0	200
2022.01.12	20:00:00	1827.905	1828.061	1824.864	1825.277	5571	0	200
2022.01.13	00:00:00	1825.280	1826.587	1823.987	1825.117	8994	0	200
2022.01.13	04:00:00	1825.105	1828.107	1823.432	1826.633	9310	0	200
2022.01.13	08:00:00	1826.595	1827.517	1819.000	1823.590	12174	0	200
2022.01.13	12:00:00	1823.588	1825.924	1814.161	1814.571	22531	0	200
2022.01.13	16:00:00	1814.586	1821.917	1812.206	1820.959	13287	0	200
2022.01.13	20:00:00	1820.970	1822.844	1820.696	1820.818	5351	0	200
2022.01.14	00:00:00	1820.817	1827.189	1819.543	1826.030	11460	0	200
2022.01.14	04:00:00	1826.026	1828.052	1825.527	1826.777	9720	0	200
2022.01.14	08:00:00	1826.711	1829.045	1819.655	1822.433	12238	0	200
2022.01.14	12:00:00	1822.402	1827.460	1819.193	1821.019	26831	0	200
2022.01.14	16:00:00	1821.033	1821.796	1814.630	1818.192	14871	0	200
2022.01.14	20:00:00	1818.196	1818.856	1816.376	1817.639	4017	0	200
2022.01.16	20:00:00	1817.663	1818.081	1815.859	1816.379	1623	0	200
2022.01.17	00:00:00	1816.377	1819.422	1813.109	1818.793	9598	0	200
2022.01.17	04:00:00	1818.798	1822.298	1818.217	1821.947	8313	0	200
2022.01.17	08:00:00	1821.950	1823.141	1819.706	1821.236	7976	0	200
2022.01.17	12:00:00	1821.239	1821.458	1817.532	1818.809	10981	0	200
2022.01.17	16:00:00	1818.808	1819.950	1817.787	1818.267	3252	0	200
2022.01.17	20:00:00	1818.483	1819.246	1818.337	1819.029	999	0	324
2022.01.18	00:00:00	1818.985	1822.726	1815.062	1816.281	10674	0	200
2022.01.18	04:00:00	1816.279	1818.207	1812.758	1816.185	13687	0	200
2022.01.18	08:00:00	1816.154	1817.150	1808.937	1813.053	14448	0	200
2022.01.18	12:00:00	1813.050	1820.050	1805.622	1819.859	31091	0	200
2022.01.18	16:00:00	1819.866	1820.067	1810.398	1813.988	15756	0	200
2022.01.18	20:00:00	1813.958	1815.264	1813.070	1814.210	6378	0	200
2022.01.19	00:00:00	1814.231	1814.428	1810.075	1811.708	9798	0	200
2022.01.19	04:00:00	1811.691	1815.179	1811.049	1811.472	10629	0	200
2022.01.19	08:00:00	1811.442	1819.859	1811.314	1817.323	12941	0	200
2022.01.19	12:00:00	1817.326	1838.527	1816.685	1838.255	25830	0	200
2022.01.19	16:00:00	1838.287	1843.218	1837.070	1842.725	17486	0	200
2022.01.19	20:00:00	1842.755	1843.326	1838.286	1838.495	7268	0	200
2022.01.20	00:00:00	1838.496	1843.936	1837.942	1839.572	12362	0	200
2022.01.20	04:00:00	1839.585	1841.132	1838.256	1839.059	11043	0	200
2022.01.20	08:00:00	1839.030	1842.013	1836.498	1839.412	11558	0	200
2022.01.20	12:00:00	1839.443	1847.646	1835.680	1846.816	24307	0	200
2022.01.20	16:00:00	1846.786	1846.802	1838.180	1840.081	14289	0	200
2022.01.20	20:00:00	1840.048	1840.431	1837.203	1838.889	8251	0	200
2022.01.21	00:00:00	1838.895	1841.934	1836.267	1840.757	12505	0	200
2022.01.21	04:00:00	1840.759	1842.732	1836.549	1837.999	10779	0	200
2022.01.21	08:00:00	1837.964	1838.976	1828.126	1831.803	14824	0	200
2022.01.21	12:00:00	1831.807	1843.095	1831.104	1834.523	25836	0	200
2022.01.21	16:00:00	1834.555	1835.091	1830.136	1831.540	15329	0	200
2022.01.21	20:00:00	1831.510	1835.008	1828.483	1834.664	5892	0	200
2022.01.23	20:00:00	1833.144	1837.088	1833.123	1834.669	2717	0	200
2022.01.24	00:00:00	1834.699	1837.382	1832.484	1836.502	10095	0	200
2022.01.24	04:00:00	1836.499	1839.596	1836.179	1837.951	9570	0	200
2022.01.24	08:00:00	1837.920	1844.010	1837.068	1838.151	14791	0	200
2022.01.24	12:00:00	1838.136	1842.971	1829.487	1834.421	29415	0	200
2022.01.24	16:00:00	1834.451	1843.022	1832.511	1838.704	18885	0	200
2022.01.24	20:00:00	1838.674	1844.124	1837.703	1843.521	8223	0	200
2022.01.25	00:00:00	1843.527	1843.569	1839.423	1842.190	10381	0	200
2022.01.25	04:00:00	1842.189	1843.260	1840.304	1840.742	9807	0	200
2022.01.25	08:00:00	1840.713	1842.976	1834.517	1837.609	13815	0	200
2022.01.25	12:00:00	1837.599	1852.794	1837.527	1846.895	27939	0	200
2022.01.25	16:00:00	1846.865	1853.785	1845.085	1851.698	17293	0	200
2022.01.25	20:00:00	1851.664	1851.907	1846.950	1849.526	7154	0	200
2022.01.26	00:00:00	1849.505	1849.510	1846.504	1846.991	8020	0	200
2022.01.26	04:00:00	1847.007	1848.645	1843.685	1843.903	7927	0	200
2022.01.26	08:00:00	1843.911	1847.657	1842.532	1843.001	11701	0	200
2022.01.26	12:00:00	1843.035	1847.804	1830.910	1834.087	24444	0	200
2022.01.26	16:00:00	1834.118	1834.410	1815.293	1819.438	36147	0	200
2022.01.26	20:00:00	1819.405	1822.078	1814.840	1821.928	19321	0	200
2022.01.27	00:00:00	1821.924	1821.949	1812.693	1815.907	15386	0	200
2022.01.27	04:00:00	1815.876	1816.508	1809.849	1810.902	15416	0	200
2022.01.27	08:00:00	1810.871	1816.835	1807.240	1811.377	16451	0	200
2022.01.27	12:00:00	1811.345	1813.632	1795.335	1796.429	33489	0	200
2022.01.27	16:00:00	1796.398	1798.359	1791.677	1792.901	20081	0	200
2022.01.27	20:00:00	1792.922	1798.257	1792.140	1797.205	8652	0	200
2022.01.28	00:00:00	1797.232	1799.343	1795.030	1799.079	11401	0	200
2022.01.28	04:00:00	1799.065	1799.322	1795.590	1795.879	11218	0	200
2022.01.28	08:00:00	1795.849	1795.849	1779.895	1785.597	16784	0	200
2022.01.28	12:00:00	1785.570	1792.755	1780.453	1782.833	35787	0	200
2022.01.28	16:00:00	1782.803	1788.304	1781.868	1786.902	17573	0	200
2022.01.28	20:00:00	1786.938	1792.096	1786.748	1791.634	4928	0	200
2022.01.30	20:00:00	1789.345	1790.575	1788.327	1789.464	2523	0	200
2022.01.31	00:00:00	1789.494	1790.243	1786.257	1786.957	9512	0	200
2022.01.31	04:00:00	1786.982	1789.359	1785.425	1788.730	10384	0	200
2022.01.31	08:00:00	1788.763	1793.470	1786.821	1792.263	13935	0	200
2022.01.31	12:00:00	1792.269	1799.479	1789.518	1796.102	25646	0	200
2022.01.31	16:00:00	1796.126	1799.841	1794.833	1798.454	14755	0	200
2022.01.31	20:00:00	1798.485	1799.702	1796.290	1797.738	7155	0	200
2022.02.01	00:00:00	1797.736	1799.323	1795.718	1796.601	7836	0	200
2022.02.01	04:00:00	1796.587	1804.362	1796.288	1803.981	10408	0	200
2022.02.01	08:00:00	1803.949	1808.249	1801.796	1806.167	12577	0	200
2022.02.01	12:00:00	1806.163	1808.434	1797.432	1804.367	30491	0	200
2022.02.01	16:00:00	1804.337	1807.804	1799.342	1799.354	13969	0	200
2022.02.01	20:00:00	1799.322	1802.302	1798.352	1800.694	6383	0	200
2022.02.02	00:00:00	1800.711	1801.591	1797.293	1797.617	7043	0	200
2022.02.02	04:00:00	1797.611	1799.022	1794.309	1796.691	9129	0	200
2022.02.02	08:00:00	1796.721	1803.598	1796.377	1802.784	12395	0	200
2022.02.02	12:00:00	1802.799	1810.423	1800.506	1808.522	26345	0	200
2022.02.02	16:00:00	1808.517	1810.736	1807.303	1807.440	13265	0	200
2022.02.02	20:00:00	1807.422	1808.207	1805.081	1807.830	5704	0	200
2022.02.03	00:00:00	1807.797	1808.931	1805.936	1807.053	6293	0	200
2022.02.03	04:00:00	1807.040	1807.167	1803.113	1804.529	7701	0	200
2022.02.03	08:00:00	1804.499	1806.040	1802.210	1804.241	10457	0	200
2022.02.03	12:00:00	1804.182	1805.056	1788.521	1803.022	41619	0	200
2022.02.03	16:00:00	1803.054	1807.605	1801.049	1805.049	16859	0	200
2022.02.03	20:00:00	1805.079	1806.446	1804.546	1805.719	5856	0	200
2022.02.04	00:00:00	1805.691	1807.526	1804.957	1806.486	7947	0	200
2022.02.04	04:00:00	1806.480	1809.033	1805.770	1807.309	9646	0	200
2022.02.04	08:00:00	1807.278	1814.374	1806.158	1810.949	13770	0	200
2022.02.04	12:00:00	1810.980	1814.862	1792.076	1803.835	42974	0	200
2022.02.04	16:00:00	1803.824	1808.601	1803.086	1806.822	14676	0	200
2022.02.04	20:00:00	1806.852	1808.248	1805.995	1807.732	4086	0	200
2022.02.06	20:00:00	1808.436	1811.438	1807.877	1810.028	2355	0	200
2022.02.07	00:00:00	1810.035	1815.340	1808.708	1809.866	11477	0	200
2022.02.07	04:00:00	1809.842	1812.824	1808.678	1812.824	9543	0	200
2022.02.07	08:00:00	1812.855	1813.936	1809.915	1813.580	13171	0	200
2022.02.07	12:00:00	1813.553	1816.964	1811.635	1815.841	21092	0	200
2022.02.07	16:00:00	1815.874	1823.503	1814.243	1822.251	13459	0	200
2022.02.07	20:00:00	1822.284	1822.599	1820.198	1822.004	5214	0	200
2022.02.08	00:00:00	1821.979	1822.261	1820.223	1821.836	4298	0	200
2022.02.08	04:00:00	1821.833	1822.270	1815.397	1817.227	10752	0	200
2022.02.08	08:00:00	1817.250	1820.976	1817.135	1818.046	11924	0	200
2022.02.08	12:00:00	1818.069	1828.344	1817.194	1824.497	20158	0	200
2022.02.08	16:00:00	1824.494	1828.737	1824.333	1826.886	10831	0	200
2022.02.08	20:00:00	1826.910	1827.782	1825.469	1826.134	4444	0	200
2022.02.09	00:00:00	1825.521	1828.290	1825.342	1828.038	2822	0	200
2022.02.09	04:00:00	1828.072	1829.050	1825.647	1826.692	8889	0	200
2022.02.09	08:00:00	1826.662	1828.329	1825.656	1826.817	9910	0	200
2022.02.09	12:00:00	1826.828	1832.361	1824.374	1828.391	20651	0	200
2022.02.09	16:00:00	1828.358	1835.783	1828.265	1833.269	12977	0	200
2022.02.09	20:00:00	1833.292	1833.440	1831.127	1832.541	4988	0	200
2022.02.10	00:00:00	1832.543	1834.420	1831.505	1834.050	4192	0	200
2022.02.10	04:00:00	1834.051	1836.020	1833.439	1834.610	8413	0	200
2022.02.10	08:00:00	1834.578	1834.734	1830.237	1832.271	10653	0	200
2022.02.10	12:00:00	1832.296	1840.499	1821.482	1835.560	40905	0	200
2022.02.10	16:00:00	1835.530	1841.879	1828.761	1829.669	27057	0	200
2022.02.10	20:00:00	1829.700	1830.208	1825.557	1826.796	10444	0	200
2022.02.11	00:00:00	1826.765	1827.130	1823.707	1824.939	6332	0	200
2022.02.11	04:00:00	1824.936	1826.117	1820.681	1826.117	13004	0	200
2022.02.11	08:00:00	1826.087	1827.751	1825.120	1827.177	12442	0	200
2022.02.11	12:00:00	1827.151	1837.017	1824.822	1835.846	26205	0	200
2022.02.11	16:00:00	1835.877	1862.186	1832.715	1858.909	48309	0	200
2022.02.11	20:00:00	1858.940	1865.332	1857.497	1858.955	15074	0	200
2022.02.13	20:00:00	1855.608	1861.547	1855.387	1859.538	4308	0	200
2022.02.14	00:00:00	1859.568	1860.652	1852.009	1853.050	14569	0	200
2022.02.14	04:00:00	1853.015	1855.194	1850.562	1854.304	12432	0	200
2022.02.14	08:00:00	1854.334	1858.436	1852.126	1856.382	16428	0	200
2022.02.14	12:00:00	1856.380	1870.891	1851.234	1868.168	34137	0	200
2022.02.14	16:00:00	1868.143	1874.102	1860.037	1868.033	24906	0	200
2022.02.14	20:00:00	1868.065	1873.510	1868.031	1871.048	8144	0	200
2022.02.15	00:00:00	1871.070	1878.904	1870.045	1877.407	11224	0	200
2022.02.15	04:00:00	1877.376	1879.466	1875.058	1875.634	11789	0	200
2022.02.15	08:00:00	1875.646	1877.137	1849.747	1852.446	25278	0	200
2022.02.15	12:00:00	1852.468	1857.119	1844.081	1847.880	32596	0	200
2022.02.15	16:00:00	1847.882	1856.443	1846.285	1854.358	14547	0	200
2022.02.15	20:00:00	1854.388	1856.193	1851.464	1852.964	6785	0	200
2022.02.16	00:00:00	1852.951	1853.144	1850.275	1852.676	9719	0	200
2022.02.16	04:00:00	1852.702	1856.753	1852.206	1855.178	9810	0	200
2022.02.16	08:00:00	1855.148	1859.565	1853.960	1856.399	11705	0	200
2022.02.16	12:00:00	1856.368	1864.625	1851.302	1862.667	22856	0	200
2022.02.16	16:00:00	1862.636	1872.221	1861.418	1870.382	22115	0	200
2022.02.16	20:00:00	1870.413	1872.512	1867.379	1869.906	8679	0	200
2022.02.17	00:00:00	1869.938	1874.653	1867.772	1874.515	12242	0	200
2022.02.17	04:00:00	1874.547	1877.138	1870.255	1876.097	19904	0	200
2022.02.17	08:00:00	1876.062	1892.973	1875.310	1883.598	24716	0	200
2022.02.17	12:00:00	1883.593	1897.438	1882.752	1895.307	34395	0	200
2022.02.17	16:00:00	1895.337	1900.989	1893.058	1899.854	19164	0	200
2022.02.17	20:00:00	1899.888	1900.234	1897.275	1899.944	7369	0	200
2022.02.18	00:00:00	1899.977	1902.395	1888.323	1891.021	14530	0	200
2022.02.18	04:00:00	1891.031	1893.355	1889.518	1891.618	11835	0	200
2022.02.18	08:00:00	1891.650	1895.788	1886.288	1891.165	15176	0	200
2022.02.18	12:00:00	1891.197	1899.974	1889.375	1891.844	26293	0	200
2022.02.18	16:00:00	1891.833	1897.879	1891.207	1895.491	16390	0	200
2022.02.18	20:00:00	1895.459	1899.425	1893.563	1897.807	5782	0	200
2022.02.20	20:00:00	1903.076	1906.406	1900.349	1904.863	3825	0	200
2022.02.21	00:00:00	1904.861	1908.222	1891.470	1896.819	18234	0	200
2022.02.21	04:00:00	1896.788	1897.002	1887.562	1891.655	13816	0	200
2022.02.21	08:00:00	1891.689	1898.628	1891.289	1894.581	13886	0	200
2022.02.21	12:00:00	1894.587	1897.507	1892.349	1895.344	18372	0	200
2022.02.21	16:00:00	1895.322	1905.110	1895.322	1903.362	7120	0	200
2022.02.21	20:00:00	1909.602	1914.090	1907.745	1909.377	7080	0	340
2022.02.22	00:00:00	1909.376	1913.754	1905.196	1908.418	13243	0	338
2022.02.22	04:00:00	1908.423	1913.224	1907.138	1908.568	11650	0	338
2022.02.22	08:00:00	1908.551	1911.690	1891.161	1893.764	21706	0	200
2022.02.22	12:00:00	1893.798	1907.090	1893.725	1897.845	29919	0	200
2022.02.22	16:00:00	1897.875	1905.640	1896.839	1901.540	18979	0	200
2022.02.22	20:00:00	1901.510	1901.610	1897.596	1898.158	7646	0	200
2022.02.23	00:00:00	1898.156	1901.257	1897.816	1899.736	8655	0	200
2022.02.23	04:00:00	1899.737	1899.797	1893.243	1894.815	11300	0	200
2022.02.23	08:00:00	1894.785	1897.625	1889.367	1894.745	15338	0	200
2022.02.23	12:00:00	1894.715	1908.343	1893.519	1907.422	24559	0	200
2022.02.23	16:00:00	1907.428	1910.458	1905.450	1907.072	16268	0	200
2022.02.23	20:00:00	1907.103	1911.524	1904.583	1910.758	8799	0	200
2022.02.24	00:00:00	1910.754	1930.968	1910.075	1929.177	25445	0	200
2022.02.24	04:00:00	1929.211	1948.780	1928.955	1945.241	43172	0	200
2022.02.24	08:00:00	1945.211	1974.331	1938.896	1961.483	41534	0	200
2022.02.24	12:00:00	1961.514	1966.938	1913.204	1928.779	70324	0	200
2022.02.24	16:00:00	1928.812	1930.203	1877.772	1887.913	45516	0	200
2022.02.24	20:00:00	1887.956	1913.563	1880.373	1906.531	22215	0	200
2022.02.25	00:00:00	1906.534	1921.484	1904.330	1914.170	24902	0	200
2022.02.25	04:00:00	1914.171	1921.285	1910.870	1913.226	18439	0	200
2022.02.25	08:00:00	1913.224	1915.722	1892.579	1898.863	28339	0	200
2022.02.25	12:00:00	1898.833	1906.930	1882.673	1889.107	48279	0	200
2022.02.25	16:00:00	1889.139	1890.871	1883.083	1890.564	20582	0	200
2022.02.25	20:00:00	1890.532	1892.830	1886.768	1889.003	6327	0	200
2022.02.27	20:00:00	1921.032	1927.297	1904.329	1910.211	13881	0	200
2022.02.28	00:00:00	1910.171	1919.174	1904.358	1907.447	27415	0	200
2022.02.28	04:00:00	1907.414	1911.852	1893.111	1896.387	23649	0	200
2022.02.28	08:00:00	1896.354	1908.866	1894.812	1905.600	20420	0	200
2022.02.28	12:00:00	1905.601	1918.049	1904.336	1908.241	32493	0	200
2022.02.28	16:00:00	1908.210	1908.343	1890.826	1906.509	27978	0	200
2022.02.28	20:00:00	1906.479	1910.869	1904.640	1906.268	10280	0	200
2022.03.01	00:00:00	1906.236	1907.804	1901.367	1905.654	11764	0	200
2022.03.01	04:00:00	1905.623	1908.736	1904.588	1907.702	12258	0	200
2022.03.01	08:00:00	1907.672	1926.301	1907.182	1920.251	24234	0	200
2022.03.01	12:00:00	1920.282	1929.705	1910.869	1926.538	40825	0	200
2022.03.01	16:00:00	1926.568	1942.741	1923.269	1940.358	34080	0	200
2022.03.01	20:00:00	1940.391	1950.209	1939.195	1942.269	14737	0	200
2022.03.02	00:00:00	1942.264	1943.775	1930.979	1935.777	19378	0	200
2022.03.02	04:00:00	1935.747	1947.856	1931.605	1944.728	21811	0	200
2022.03.02	08:00:00	1944.744	1944.744	1913.468	1929.289	33048	0	200
2022.03.02	12:00:00	1929.242	1935.584	1922.238	1926.912	41947	0	200
2022.03.02	16:00:00	1926.941	1928.531	1914.908	1927.846	28993	0	200
2022.03.02	20:00:00	1927.876	1933.286	1924.627	1928.805	11074	0	200
2022.03.03	00:00:00	1928.837	1930.783	1926.162	1927.406	13600	0	200
2022.03.03	04:00:00	1927.401	1932.313	1921.978	1932.067	16022	0	200
2022.03.03	08:00:00	1932.097	1938.651	1923.519	1932.426	21125	0	200
2022.03.03	12:00:00	1932.393	1937.034	1924.367	1926.257	36005	0	200
2022.03.03	16:00:00	1926.226	1935.694	1923.018	1935.256	25424	0	200
2022.03.03	20:00:00	1935.225	1941.243	1934.837	1934.870	9653	0	200
2022.03.04	00:00:00	1934.879	1950.892	1929.388	1939.554	34522	0	200
2022.03.04	04:00:00	1939.568	1940.575	1934.028	1936.131	16459	0	200
2022.03.04	08:00:00	1936.163	1949.008	1933.960	1946.384	21753	0	200
2022.03.04	12:00:00	1946.354	1959.367	1939.835	1957.928	42642	0	200
2022.03.04	16:00:00	1957.958	1969.946	1956.684	1967.101	26502	0	200
2022.03.04	20:00:00	1967.069	1970.844	1965.220	1970.317	10687	0	200
2022.03.06	20:00:00	1981.416	1991.499	1981.233	1988.583	11608	0	200
2022.03.07	00:00:00	1988.600	2000.897	1984.926	1989.979	36696	0	200
2022.03.07	04:00:00	1989.952	1993.196	1975.882	1992.957	26848	0	200
2022.03.07	08:00:00	1992.992	2002.716	1985.641	1990.265	34148	0	200
2022.03.07	12:00:00	1990.232	1991.365	1960.799	1980.854	71798	0	200
2022.03.07	16:00:00	1980.886	1997.314	1974.719	1995.967	39053	0	200
2022.03.07	20:00:00	1995.934	1999.819	1992.181	1998.736	14167	0	200
2022.03.08	00:00:00	1998.753	2000.034	1980.906	1985.959	20744	0	200
2022.03.08	04:00:00	1985.938	2020.965	1985.532	2016.123	31899	0	200
2022.03.08	08:00:00	2016.092	2020.120	1999.141	2009.193	36244	0	200
2022.03.08	12:00:00	2009.204	2069.768	2003.473	2047.128	94459	0	200
2022.03.08	16:00:00	2047.161	2070.292	2021.108	2039.377	112785	0	200
2022.03.08	20:00:00	2039.418	2054.176	2032.377	2043.828	21181	0	200
2022.03.09	00:00:00	2043.799	2057.488	2035.119	2056.885	31689	0	200
2022.03.09	04:00:00	2056.890	2059.090	2038.172	2045.892	29656	0	200
2022.03.09	08:00:00	2045.857	2049.282	2003.916	2011.643	52875	0	200
2022.03.09	12:00:00	2011.646	2021.478	1975.866	1995.851	77829	0	200
2022.03.09	16:00:00	1995.853	2005.481	1979.577	1989.559	52685	0	200
2022.03.09	20:00:00	1989.594	1999.081	1986.905	1989.867	17746	0	200
2022.03.10	00:00:00	1989.862	1989.975	1970.412	1976.396	26016	0	200
2022.03.10	04:00:00	1976.398	1988.945	1974.103	1975.163	22690	0	200
2022.03.10	08:00:00	1975.197	2007.742	1974.662	2005.137	44744	0	200
2022.03.10	12:00:00	2005.170	2009.102	1981.353	1995.158	65553	0	200
2022.03.10	16:00:00	1995.189	2005.990	1990.136	1996.217	35509	0	200
2022.03.10	20:00:00	1996.222	2003.349	1993.921	1995.387	11466	0	200
2022.03.11	00:00:00	1995.388	1997.308	1988.201	1991.040	16741	0	200
2022.03.11	04:00:00	1991.045	1992.452	1980.871	1991.398	19917	0	200
2022.03.11	08:00:00	1991.554	1994.983	1969.278	1979.571	28639	0	200
2022.03.11	12:00:00	1979.538	1982.015	1958.306	1980.513	58395	0	200
2022.03.11	16:00:00	1980.534	1989.940	1978.155	1985.488	31236	0	200
2022.03.11	20:00:00	1985.485	1988.392	1982.142	1988.147	7979	0	200
2022.03.13	20:00:00	1980.342	1983.847	1970.760	1974.302	8520	0	200
2022.03.14	00:00:00	1974.263	1978.865	1970.051	1975.642	16333	0	200
2022.03.14	04:00:00	1975.654	1978.412	1971.047	1972.738	15607	0	200
2022.03.14	08:00:00	1972.770	1973.468	1954.361	1965.288	29335	0	200
2022.03.14	12:00:00	1965.258	1967.921	1949.352	1954.600	41504	0	200
2022.03.14	16:00:00	1954.638	1961.861	1950.622	1952.600	22972	0	200
2022.03.14	20:00:00	1952.631	1954.617	1950.197	1952.184	6612	0	200
2022.03.15	00:00:00	1952.176	1952.208	1939.371	1942.142	20245	0	200
2022.03.15	04:00:00	1942.154	1942.336	1924.697	1929.133	24098	0	200
2022.03.15	08:00:00	1929.172	1935.330	1920.527	1926.511	27208	0	200
2022.03.15	12:00:00	1926.481	1928.775	1906.916	1925.182	49266	0	200
2022.03.15	16:00:00	1925.214	1930.951	1916.276	1916.706	27084	0	200
2022.03.15	20:00:00	1916.737	1920.564	1913.874	1918.085	6168	0	200
2022.03.16	00:00:00	1918.082	1924.791	1917.170	1918.053	15822	0	200
2022.03.16	04:00:00	1918.051	1920.034	1912.397	1916.166	14444	0	200
2022.03.16	08:00:00	1916.196	1926.994	1911.517	1924.640	20881	0	200
2022.03.16	12:00:00	1924.607	1925.559	1903.516	1911.705	43116	0	200
2022.03.16	16:00:00	1911.672	1929.333	1894.750	1927.966	50227	0	200
2022.03.16	20:00:00	1927.929	1929.424	1921.339	1927.034	8007	0	200
2022.03.17	00:00:00	1927.030	1938.148	1925.557	1936.342	17380	0	200
2022.03.17	04:00:00	1936.324	1937.409	1929.932	1935.525	14788	0	200
2022.03.17	08:00:00	1935.503	1946.843	1934.724	1943.219	20860	0	200
2022.03.17	12:00:00	1943.179	1949.689	1935.477	1948.238	37580	0	200
2022.03.17	16:00:00	1948.237	1948.269	1935.453	1937.412	20700	0	200
2022.03.17	20:00:00	1937.380	1944.130	1936.372	1943.947	6410	0	200
2022.03.18	00:00:00	1943.915	1945.340	1926.399	1935.213	17692	0	200
2022.03.18	04:00:00	1935.211	1936.181	1929.813	1934.367	13757	0	200
2022.03.18	08:00:00	1934.331	1940.667	1928.936	1939.930	18804	0	200
2022.03.18	12:00:00	1939.953	1940.830	1921.309	1932.378	38514	0	200
2022.03.18	16:00:00	1932.350	1932.961	1917.946	1920.025	21834	0	200
2022.03.18	20:00:00	1920.059	1921.774	1918.162	1921.271	2608	0	200
2022.03.20	20:00:00	1925.067	1926.334	1918.261	1918.985	4776	0	200
2022.03.21	00:00:00	1919.007	1928.643	1918.771	1926.392	13275	0	200
2022.03.21	04:00:00	1926.398	1928.865	1921.825	1925.027	12033	0	200
2022.03.21	08:00:00	1925.033	1928.659	1922.519	1925.325	14959	0	200
2022.03.21	12:00:00	1925.331	1937.276	1917.862	1935.042	28932	0	200
2022.03.21	16:00:00	1935.045	1941.097	1926.962	1935.092	24733	0	200
2022.03.21	20:00:00	1935.130	1937.067	1933.799	1935.579	4933	0	200
2022.03.22	00:00:00	1935.611	1937.935	1929.342	1936.734	14507	0	200
2022.03.22	04:00:00	1936.767	1938.331	1932.217	1933.456	13147	0	200
2022.03.22	08:00:00	1933.475	1933.475	1922.696	1927.693	22575	0	200
2022.03.22	12:00:00	1927.662	1930.671	1910.378	1917.897	35243	0	200
2022.03.22	16:00:00	1917.877	1924.845	1917.640	1921.667	18657	0	200
2022.03.22	20:00:00	1921.632	1922.195	1919.427	1919.665	4878	0	200
2022.03.23	00:00:00	1919.663	1924.364	1915.575	1921.822	12689	0	200
2022.03.23	04:00:00	1921.821	1922.482	1916.733	1920.572	9983	0	200
2022.03.23	08:00:00	1920.607	1935.042	1920.348	1930.685	19068	0	200
2022.03.23	12:00:00	1930.644	1936.657	1924.881	1929.400	26589	0	200
2022.03.23	16:00:00	1929.404	1948.310	1927.726	1946.688	19357	0	200
2022.03.23	20:00:00	1946.720	1947.385	1943.832	1946.106	5817	0	200
2022.03.24	00:00:00	1946.073	1948.555	1938.685	1938.856	13448	0	200
2022.03.24	04:00:00	1938.852	1944.005	1937.434	1943.875	12407	0	200
2022.03.24	08:00:00	1943.883	1956.693	1937.879	1956.388	20274	0	200
2022.03.24	12:00:00	1956.424	1965.654	1942.467	1962.978	41634	0	200
2022.03.24	16:00:00	1963.008	1966.151	1960.651	1961.470	18380	0	200
2022.03.24	20:00:00	1961.502	1962.332	1956.215	1959.217	5139	0	200
2022.03.25	00:00:00	1959.236	1964.253	1957.760	1960.882	12685	0	200
2022.03.25	04:00:00	1960.867	1962.395	1953.164	1954.770	12108	0	200
2022.03.25	08:00:00	1954.774	1960.614	1949.887	1953.195	17692	0	200
2022.03.25	12:00:00	1953.193	1961.617	1943.079	1957.140	37496	0	200
2022.03.25	16:00:00	1957.147	1959.481	1951.643	1954.401	17887	0	200
2022.03.25	20:00:00	1954.432	1958.481	1953.892	1958.243	1816	0	200
2022.03.27	20:00:00	1955.588	1957.911	1954.787	1957.209	4352	0	200
2022.03.28	00:00:00	1957.203	1958.405	1941.939	1944.528	19568	0	200
2022.03.28	04:00:00	1944.553	1944.865	1931.339	1933.234	20513	0	200
2022.03.28	08:00:00	1933.231	1934.280	1925.211	1930.171	23378	0	200
2022.03.28	12:00:00	1930.130	1945.352	1929.599	1936.700	38196	0	200
2022.03.28	16:00:00	1936.710	1940.088	1916.898	1919.201	21013	0	200
2022.03.28	20:00:00	1919.170	1925.009	1918.945	1924.041	7641	0	200
2022.03.29	00:00:00	1924.040	1929.272	1921.466	1925.188	17190	0	200
2022.03.29	04:00:00	1925.173	1925.173	1918.760	1919.296	16233	0	200
2022.03.29	08:00:00	1919.262	1920.757	1900.705	1908.022	26596	0	200
2022.03.29	12:00:00	1907.988	1915.309	1890.113	1915.275	52255	0	200
2022.03.29	16:00:00	1915.287	1921.356	1912.728	1919.306	17247	0	200
2022.03.29	20:00:00	1919.291	1921.390	1916.250	1916.354	5381	0	200
2022.03.30	00:00:00	1916.363	1925.497	1915.905	1923.636	16529	0	200
2022.03.30	04:00:00	1923.657	1928.410	1920.543	1920.970	18529	0	200
2022.03.30	08:00:00	1920.934	1925.534	1917.002	1923.786	19626	0	200
2022.03.30	12:00:00	1923.792	1938.489	1922.371	1936.988	34518	0	200
2022.03.30	16:00:00	1937.020	1937.120	1930.443	1934.231	13673	0	200
2022.03.30	20:00:00	1934.263	1935.923	1931.667	1934.044	4176	0	200
2022.03.31	00:00:00	1934.075	1934.151	1923.937	1925.077	16624	0	200
2022.03.31	04:00:00	1925.079	1933.609	1918.847	1931.296	19299	0	200
2022.03.31	08:00:00	1931.329	1932.596	1922.336	1930.945	18052	0	200
2022.03.31	12:00:00	1930.913	1945.083	1928.085	1944.314	31388	0	200
2022.03.31	16:00:00	1944.344	1949.760	1934.942	1936.582	18849	0	200
2022.03.31	20:00:00	1936.614	1937.893	1934.757	1936.702	6490	0	200
2022.04.01	00:00:00	1936.704	1938.585	1932.514	1938.199	13640	0	200
2022.04.01	04:00:00	1938.201	1939.493	1929.415	1930.670	15252	0	200
2022.04.01	08:00:00	1930.684	1936.289	1924.248	1928.556	19000	0	200
2022.04.01	12:00:00	1928.523	1933.942	1918.473	1925.897	41447	0	200
2022.04.01	16:00:00	1925.928	1926.928	1917.848	1922.445	20075	0	200
2022.04.01	20:00:00	1922.485	1924.908	1922.161	1924.495	2098	0	200
2022.04.03	20:00:00	1924.641	1924.995	1921.444	1924.674	3324	0	200
2022.04.04	00:00:00	1924.635	1926.810	1918.237	1918.950	10278	0	200
2022.04.04	04:00:00	1918.973	1930.975	1915.251	1929.832	14640	0	200
2022.04.04	08:00:00	1929.867	1933.024	1925.604	1929.185	15749	0	200
2022.04.04	12:00:00	1929.225	1936.815	1924.165	1933.609	37577	0	200
2022.04.04	16:00:00	1933.640	1934.002	1928.769	1932.353	15164	0	200
2022.04.04	20:00:00	1932.383	1933.763	1930.813	1931.493	4813	0	200
2022.04.05	00:00:00	1931.510	1933.107	1927.392	1928.527	9561	0	200
2022.04.05	04:00:00	1928.525	1933.558	1926.447	1927.549	12705	0	200
2022.04.05	08:00:00	1927.564	1932.362	1925.434	1927.814	18778	0	200
2022.04.05	12:00:00	1927.845	1944.555	1918.288	1920.485	39069	0	200
2022.04.05	16:00:00	1920.453	1925.629	1917.767	1920.454	20091	0	200
2022.04.05	20:00:00	1920.421	1924.085	1920.048	1920.618	6267	0	200
2022.04.06	00:00:00	1920.617	1925.264	1916.412	1923.827	15570	0	200
2022.04.06	04:00:00	1923.833	1924.354	1914.838	1921.792	16396	0	200
2022.04.06	08:00:00	1921.828	1933.332	1918.206	1921.496	23406	0	200
2022.04.06	12:00:00	1921.465	1931.882	1919.439	1927.888	31163	0	200
2022.04.06	16:00:00	1927.884	1929.233	1915.323	1924.955	31156	0	200
2022.04.06	20:00:00	1924.919	1926.602	1922.236	1923.806	5975	0	200
2022.04.07	00:00:00	1923.783	1927.282	1921.083	1922.271	14019	0	200
2022.04.07	04:00:00	1922.268	1927.919	1920.496	1925.480	14162	0	200
2022.04.07	08:00:00	1925.479	1931.547	1923.349	1930.668	17041	0	200
2022.04.07	12:00:00	1930.636	1937.538	1924.367	1933.596	32552	0	200
2022.04.07	16:00:00	1933.576	1936.844	1929.506	1932.335	16170	0	200
2022.04.07	20:00:00	1932.366	1933.694	1929.989	1932.938	6018	0	200
2022.04.08	00:00:00	1932.968	1935.461	1928.642	1930.913	11728	0	200
2022.04.08	04:00:00	1930.906	1932.915	1927.668	1931.882	12197	0	200
2022.04.08	08:00:00	1931.905	1934.527	1929.849	1933.560	13643	0	200
2022.04.08	12:00:00	1933.595	1948.146	1929.077	1941.594	38126	0	200
2022.04.08	16:00:00	1941.563	1944.715	1938.944	1944.076	13699	0	200
2022.04.08	20:00:00	1944.046	1947.868	1943.274	1947.868	1982	0	200
2022.04.10	20:00:00	1948.292	1950.000	1943.180	1944.606	4961	0	200
2022.04.11	00:00:00	1944.610	1947.735	1940.092	1942.887	13204	0	200
2022.04.11	04:00:00	1942.876	1946.850	1939.975	1945.716	15460	0	200
2022.04.11	08:00:00	1945.735	1961.474	1945.223	1960.432	22062	0	200
2022.04.11	12:00:00	1960.428	1969.435	1945.414	1951.347	40314	0	200
2022.04.11	16:00:00	1951.317	1954.583	1940.555	1953.732	17281	0	200
2022.04.11	20:00:00	1953.767	1955.745	1951.525	1952.799	5928	0	200
2022.04.12	00:00:00	1952.772	1959.092	1949.785	1959.059	13108	0	200
2022.04.12	04:00:00	1959.089	1960.446	1952.624	1953.295	15127	0	200
2022.04.12	08:00:00	1953.281	1957.259	1949.605	1956.604	15743	0	200
2022.04.12	12:00:00	1956.608	1978.253	1955.238	1970.576	43327	0	200
2022.04.12	16:00:00	1970.566	1975.877	1964.698	1968.870	20164	0	200
2022.04.12	20:00:00	1968.838	1968.951	1964.638	1965.899	5131	0	200
2022.04.13	00:00:00	1965.931	1972.219	1962.845	1969.863	14050	0	200
2022.04.13	04:00:00	1969.861	1973.503	1965.476	1971.203	15358	0	200
2022.04.13	08:00:00	1971.201	1980.171	1970.007	1978.010	17375	0	200
2022.04.13	12:00:00	1977.994	1981.532	1971.707	1980.919	30374	0	200
2022.04.13	16:00:00	1980.917	1981.498	1974.766	1978.061	15554	0	200
2022.04.13	20:00:00	1978.093	1979.089	1976.393	1977.082	4780	0	200
2022.04.14	00:00:00	1977.047	1980.308	1973.523	1973.707	12337	0	200
2022.04.14	04:00:00	1973.676	1978.147	1970.541	1975.452	14331	0	200
2022.04.14	08:00:00	1975.484	1979.024	1967.185	1977.143	17409	0	200
2022.04.14	12:00:00	1977.112	1979.865	1960.420	1966.711	35927	0	200
2022.04.14	16:00:00	1966.746	1974.917	1966.662	1971.584	14645	0	200
2022.04.14	20:00:00	1971.638	1973.488	1971.638	1973.111	1024	0	352
2022.04.17	20:00:00	1972.910	1987.767	1971.978	1986.463	7352	0	200
2022.04.18	00:00:00	1986.493	1988.503	1982.550	1984.823	16207	0	200
2022.04.18	04:00:00	1984.825	1992.504	1983.318	1991.492	15275	0	200
2022.04.18	08:00:00	1991.539	1993.833	1987.567	1991.917	13475	0	200
2022.04.18	12:00:00	1991.914	1998.024	1982.750	1988.954	30688	0	200
2022.04.18	16:00:00	1988.934	1990.508	1976.042	1978.167	18654	0	200
2022.04.18	20:00:00	1978.197	1978.950	1976.208	1977.161	6077	0	200
2022.04.19	00:00:00	1977.192	1978.839	1974.660	1978.640	13755	0	200
2022.04.19	04:00:00	1978.674	1980.709	1972.442	1977.893	15474	0	200
2022.04.19	08:00:00	1977.924	1981.150	1974.708	1980.054	16786	0	200
2022.04.19	12:00:00	1980.068	1981.721	1950.152	1956.236	44107	0	200
2022.04.19	16:00:00	1956.267	1958.211	1943.618	1948.112	17307	0	200
2022.04.19	20:00:00	1948.077	1951.513	1947.255	1949.718	7610	0	200
2022.04.20	00:00:00	1949.748	1950.108	1942.389	1944.037	18656	0	200
2022.04.20	04:00:00	1944.042	1946.654	1939.088	1943.764	17995	0	200
2022.04.20	08:00:00	1943.796	1955.068	1940.079	1952.109	20804	0	200
2022.04.20	12:00:00	1952.119	1954.465	1943.664	1950.894	30874	0	200
2022.04.20	16:00:00	1950.931	1958.061	1949.288	1957.806	16512	0	200
2022.04.20	20:00:00	1957.774	1958.332	1954.622	1956.797	6203	0	200
2022.04.21	00:00:00	1956.794	1957.397	1950.131	1951.317	13088	0	200
2022.04.21	04:00:00	1951.287	1953.988	1949.587	1949.745	14355	0	200
2022.04.21	08:00:00	1949.713	1949.841	1936.388	1939.641	20893	0	200
2022.04.21	12:00:00	1939.652	1949.439	1937.286	1939.988	33429	0	200
2022.04.21	16:00:00	1939.991	1954.006	1938.183	1951.072	22062	0	200
2022.04.21	20:00:00	1951.105	1952.754	1950.332	1950.897	5402	0	200
2022.04.22	00:00:00	1950.864	1953.551	1945.691	1950.425	16458	0	200
2022.04.22	04:00:00	1950.427	1955.483	1949.734	1950.901	18211	0	200
2022.04.22	08:00:00	1950.936	1951.445	1930.301	1935.385	24386	0	200
2022.04.22	12:00:00	1935.366	1946.138	1926.197	1938.985	40938	0	200
2022.04.22	16:00:00	1938.955	1940.564	1931.683	1932.590	19469	0	200
2022.04.22	20:00:00	1932.626	1934.619	1930.924	1931.500	2622	0	200
2022.04.24	20:00:00	1932.305	1934.435	1929.527	1932.663	4920	0	200
2022.04.25	00:00:00	1932.661	1932.726	1921.653	1924.115	18851	0	200
2022.04.25	04:00:00	1924.110	1924.395	1912.012	1915.477	24622	0	200
2022.04.25	08:00:00	1915.482	1921.124	1905.109	1907.547	23910	0	200
2022.04.25	12:00:00	1907.545	1909.681	1891.134	1895.759	45935	0	200
2022.04.25	16:00:00	1895.775	1902.518	1894.441	1897.881	22568	0	200
2022.04.25	20:00:00	1897.851	1900.582	1897.135	1899.375	6705	0	200
2022.04.26	00:00:00	1899.407	1905.007	1897.346	1902.231	18118	0	200
2022.04.26	04:00:00	1902.221	1907.370	1895.449	1896.721	20109	0	200
2022.04.26	08:00:00	1896.688	1909.301	1896.073	1903.476	18868	0	200
2022.04.26	12:00:00	1903.510	1910.939	1900.327	1901.670	35564	0	200
2022.04.26	16:00:00	1901.621	1905.101	1896.461	1901.054	18899	0	200
2022.04.26	20:00:00	1901.022	1906.981	1900.851	1906.529	7800	0	200
2022.04.27	00:00:00	1906.543	1906.789	1896.730	1899.066	15522	0	200
2022.04.27	04:00:00	1899.093	1903.138	1895.774	1897.286	17913	0	200
2022.04.27	08:00:00	1897.414	1901.330	1886.015	1900.399	23160	0	200
2022.04.27	12:00:00	1900.364	1906.773	1881.037	1884.967	40575	0	200
2022.04.27	16:00:00	1884.962	1891.474	1884.773	1886.453	18323	0	200
2022.04.27	20:00:00	1886.421	1886.421	1883.234	1885.633	5386	0	200
2022.04.28	00:00:00	1885.625	1886.756	1877.521	1878.953	14968	0	200
2022.04.28	04:00:00	1878.952	1886.572	1871.981	1884.956	20759	0	200
2022.04.28	08:00:00	1884.955	1891.751	1879.953	1886.191	23661	0	200
2022.04.28	12:00:00	1886.154	1895.048	1881.884	1885.860	39972	0	200
2022.04.28	16:00:00	1885.890	1896.735	1884.787	1895.832	17510	0	200
2022.04.28	20:00:00	1895.863	1896.251	1892.536	1895.515	5114	0	200
2022.04.29	00:00:00	1895.526	1905.620	1894.954	1904.330	15710	0	200
2022.04.29	04:00:00	1904.329	1917.783	1903.461	1917.257	19136	0	200
2022.04.29	08:00:00	1917.269	1919.729	1912.857	1919.502	17548	0	200
2022.04.29	12:00:00	1919.535	1919.762	1902.480	1909.622	36796	0	200
2022.04.29	16:00:00	1909.652	1911.528	1894.415	1896.567	19728	0	200
2022.04.29	20:00:00	1896.598	1897.748	1895.409	1896.720	3184	0	200
2022.05.01	20:00:00	1899.389	1899.899	1896.106	1897.236	6224	0	200
2022.05.02	00:00:00	1897.206	1898.451	1884.359	1888.587	16007	0	200
2022.05.02	04:00:00	1888.580	1888.580	1882.716	1884.317	15669	0	200
2022.05.02	08:00:00	1884.283	1885.483	1875.763	1876.082	15697	0	200
2022.05.02	12:00:00	1876.049	1876.624	1854.428	1870.099	39892	0	200
2022.05.02	16:00:00	1870.107	1870.200	1859.946	1861.822	18781	0	200
2022.05.02	20:00:00	1861.791	1864.250	1861.287	1863.150	4130	0	200
2022.05.03	00:00:00	1863.149	1867.101	1859.669	1862.593	11198	0	200
2022.05.03	04:00:00	1862.590	1864.577	1853.476	1855.620	17890	0	200
2022.05.03	08:00:00	1855.651	1863.941	1850.192	1863.885	16810	0	200
2022.05.03	12:00:00	1863.815	1877.892	1856.728	1871.597	31622	0	200
2022.05.03	16:00:00	1871.562	1872.435	1865.266	1866.179	17416	0	200
2022.05.03	20:00:00	1866.147	1869.444	1865.705	1868.330	5174	0	200
2022.05.04	00:00:00	1868.298	1868.409	1861.616	1864.712	10272	0	200
2022.05.04	04:00:00	1864.680	1871.852	1861.438	1870.811	11851	0	200
2022.05.04	08:00:00	1870.842	1872.038	1865.931	1868.920	12614	0	200
2022.05.04	12:00:00	1868.904	1870.877	1861.459	1868.566	25526	0	200
2022.05.04	16:00:00	1868.596	1889.724	1861.720	1884.094	51262	0	200
2022.05.04	20:00:00	1884.063	1894.144	1881.134	1893.932	8481	0	200
2022.05.05	00:00:00	1893.971	1903.337	1893.033	1901.238	18346	0	200
2022.05.05	04:00:00	1901.216	1902.189	1891.532	1895.123	17236	0	200
2022.05.05	08:00:00	1895.092	1900.079	1889.495	1897.348	20514	0	200
2022.05.05	12:00:00	1897.314	1909.551	1874.307	1875.037	47643	0	200
2022.05.05	16:00:00	1875.005	1880.980	1872.327	1877.935	25437	0	200
2022.05.05	20:00:00	1877.972	1879.295	1874.048	1874.231	6433	0	200
2022.05.06	00:00:00	1874.199	1877.380	1865.961	1876.916	19959	0	200
2022.05.06	04:00:00	1876.917	1877.883	1873.048	1874.032	15784	0	200
2022.05.06	08:00:00	1874.063	1885.529	1873.120	1881.765	17871	0	200
2022.05.06	12:00:00	1881.796	1892.504	1874.148	1886.444	40524	0	200
2022.05.06	16:00:00	1886.433	1889.825	1880.648	1881.084	19386	0	200
2022.05.06	20:00:00	1881.053	1883.654	1880.404	1883.631	2198	0	200
2022.05.08	20:00:00	1883.561	1885.697	1879.889	1881.256	5207	0	200
2022.05.09	00:00:00	1881.244	1882.073	1873.667	1874.966	15657	0	200
2022.05.09	04:00:00	1874.978	1876.229	1866.314	1869.764	16731	0	200
2022.05.09	08:00:00	1869.733	1872.132	1855.871	1860.393	21351	0	200
2022.05.09	12:00:00	1860.425	1871.383	1857.760	1861.271	33972	0	200
2022.05.09	16:00:00	1861.290	1866.015	1852.607	1853.507	22157	0	200
2022.05.09	20:00:00	1853.475	1854.822	1851.677	1854.636	6606	0	200
2022.05.10	00:00:00	1854.605	1864.376	1852.526	1864.338	18941	0	200
2022.05.10	04:00:00	1864.326	1865.365	1859.343	1859.534	18480	0	200
2022.05.10	08:00:00	1859.502	1865.049	1856.168	1860.345	18475	0	200
2022.05.10	12:00:00	1860.376	1864.522	1841.314	1844.298	34587	0	200
2022.05.10	16:00:00	1844.258	1847.382	1835.392	1836.852	25194	0	200
2022.05.10	20:00:00	1836.882	1840.526	1833.109	1833.584	7663	0	200
2022.05.11	00:00:00	1833.614	1840.002	1832.015	1836.457	14938	0	200
2022.05.11	04:00:00	1836.427	1850.836	1835.891	1848.677	18901	0	200
2022.05.11	08:00:00	1848.697	1854.172	1846.685	1850.316	14608	0	200
2022.05.11	12:00:00	1850.285	1857.973	1834.797	1852.242	52735	0	200
2022.05.11	16:00:00	1852.257	1856.439	1850.022	1853.024	23788	0	200
2022.05.11	20:00:00	1853.020	1856.153	1850.948	1854.064	4708	0	200
2022.05.12	00:00:00	1854.063	1858.745	1851.790	1852.977	15938	0	200
2022.05.12	04:00:00	1852.997	1854.110	1843.807	1850.809	22180	0	200
2022.05.12	08:00:00	1850.778	1852.323	1839.881	1842.461	28451	0	200
2022.05.12	12:00:00	1842.430	1849.083	1833.205	1835.574	35534	0	200
2022.05.12	16:00:00	1835.543	1837.146	1821.446	1823.954	24539	0	200
2022.05.12	20:00:00	1823.921	1823.921	1810.519	1821.379	11538	0	200
2022.05.13	00:00:00	1821.414	1827.015	1820.854	1824.900	16853	0	200
2022.05.13	04:00:00	1824.873	1828.559	1821.120	1824.247	16525	0	200
2022.05.13	08:00:00	1824.271	1826.576	1812.712	1813.911	17485	0	200
2022.05.13	12:00:00	1813.881	1818.457	1798.810	1809.006	35600	0	200
2022.05.13	16:00:00	1809.039	1813.028	1806.865	1809.714	17302	0	200
2022.05.13	20:00:00	1809.679	1812.333	1809.071	1811.491	1704	0	200
2022.05.15	20:00:00	1813.943	1814.561	1809.718	1813.161	5868	0	200
2022.05.16	00:00:00	1813.190	1817.573	1809.540	1810.736	17094	0	200
2022.05.16	04:00:00	1810.742	1811.259	1786.381	1792.949	20082	0	200
2022.05.16	08:00:00	1792.918	1807.306	1792.650	1800.502	20784	0	200
2022.05.16	12:00:00	1800.485	1815.685	1798.075	1813.788	28313	0	200
2022.05.16	16:00:00	1813.820	1826.863	1811.859	1826.250	17330	0	200
2022.05.16	20:00:00	1826.283	1829.184	1822.097	1826.353	6244	0	200
2022.05.17	00:00:00	1826.388	1828.897	1821.832	1822.632	14638	0	200
2022.05.17	04:00:00	1822.631	1830.230	1822.617	1824.102	13503	0	200
2022.05.17	08:00:00	1824.071	1836.051	1823.696	1834.589	17830	0	200
2022.05.17	12:00:00	1834.583	1835.872	1817.796	1818.715	30107	0	200
2022.05.17	16:00:00	1818.688	1823.124	1813.625	1815.912	20964	0	200
2022.05.17	20:00:00	1815.944	1816.254	1812.886	1814.521	5764	0	200
2022.05.18	00:00:00	1814.490	1817.122	1807.678	1808.478	14064	0	200
2022.05.18	04:00:00	1808.465	1816.550	1807.889	1815.543	14225	0	200
2022.05.18	08:00:00	1815.531	1820.403	1807.357	1808.841	15804	0	200
2022.05.18	12:00:00	1808.872	1824.673	1807.231	1823.412	28648	0	200
2022.05.18	16:00:00	1823.442	1823.599	1815.332	1816.136	17569	0	200
2022.05.18	20:00:00	1816.106	1817.351	1815.364	1816.015	5736	0	200
2022.05.19	00:00:00	1816.029	1817.682	1813.877	1816.065	13389	0	200
2022.05.19	04:00:00	1816.055	1817.358	1810.833	1813.166	14720	0	200
2022.05.19	08:00:00	1813.165	1832.347	1810.919	1830.476	22751	0	200
2022.05.19	12:00:00	1830.453	1849.115	1827.345	1842.335	37451	0	200
2022.05.19	16:00:00	1842.366	1844.075	1839.898	1842.760	17634	0	200
2022.05.19	20:00:00	1842.727	1844.500	1840.896	1842.072	5146	0	200
2022.05.20	00:00:00	1842.064	1843.290	1836.471	1841.564	12772	0	200
2022.05.20	04:00:00	1841.571	1849.365	1840.957	1844.145	16679	0	200
2022.05.20	08:00:00	1844.123	1847.773	1841.154	1842.480	15112	0	200
2022.05.20	12:00:00	1842.463	1846.701	1832.312	1842.416	29021	0	200
2022.05.20	16:00:00	1842.426	1845.418	1839.589	1844.646	15431	0	200
2022.05.20	20:00:00	1844.615	1846.556	1844.449	1846.487	1579	0	200
2022.05.22	20:00:00	1849.009	1849.587	1843.478	1846.283	5063	0	200
2022.05.23	00:00:00	1846.284	1854.883	1845.756	1854.336	13158	0	200
2022.05.23	04:00:00	1854.339	1858.086	1851.954	1856.452	14309	0	200
2022.05.23	08:00:00	1856.433	1865.372	1855.988	1862.192	16945	0	200
2022.05.23	12:00:00	1862.218	1864.520	1850.474	1851.941	25950	0	200
2022.05.23	16:00:00	1851.926	1858.757	1847.034	1853.017	12937	0	200
2022.05.23	20:00:00	1853.055	1854.992	1852.904	1853.883	3785	0	200
2022.05.24	00:00:00	1853.919	1855.886	1849.303	1855.731	10486	0	200
2022.05.24	04:00:00	1855.733	1860.001	1850.392	1859.899	12973	0	200
2022.05.24	08:00:00	1860.048	1860.611	1854.606	1858.062	12185	0	200
2022.05.24	12:00:00	1858.076	1869.619	1854.011	1869.207	27743	0	200
2022.05.24	16:00:00	1869.190	1869.656	1862.716	1866.833	13141	0	200
2022.05.24	20:00:00	1866.797	1867.824	1864.906	1867.329	4290	0	200
2022.05.25	00:00:00	1867.361	1867.995	1859.557	1862.575	11434	0	200
2022.05.25	04:00:00	1862.612	1863.320	1855.882	1858.580	11429	0	200
2022.05.25	08:00:00	1858.575	1860.029	1851.056	1855.080	13951	0	200
2022.05.25	12:00:00	1855.127	1857.091	1841.300	1845.805	25296	0	200
2022.05.25	16:00:00	1845.782	1856.285	1843.264	1855.080	16049	0	200
2022.05.25	20:00:00	1855.113	1855.302	1852.763	1853.974	4179	0	200
2022.05.26	00:00:00	1853.944	1854.260	1848.847	1850.795	11512	0	200
2022.05.26	04:00:00	1850.799	1851.508	1842.856	1847.872	15070	0	200
2022.05.26	08:00:00	1847.840	1849.683	1840.804	1846.552	15755	0	200
2022.05.26	12:00:00	1846.530	1853.406	1841.332	1846.418	24820	0	200
2022.05.26	16:00:00	1846.451	1853.711	1846.062	1852.006	12041	0	200
2022.05.26	20:00:00	1852.037	1853.713	1850.208	1852.799	3904	0	200
2022.05.27	00:00:00	1852.779	1856.398	1847.933	1854.508	13178	0	200
2022.05.27	04:00:00	1854.503	1858.659	1851.913	1858.269	11622	0	200
2022.05.27	08:00:00	1858.299	1860.399	1856.674	1858.242	13651	0	200
2022.05.27	12:00:00	1858.272	1862.113	1850.393	1854.659	27560	0	200
2022.05.27	16:00:00	1854.676	1854.998	1851.958	1853.413	10031	0	200
2022.05.27	20:00:00	1853.383	1854.411	1852.651	1853.024	1194	0	200
2022.05.29	20:00:00	1852.618	1853.909	1848.158	1849.849	3394	0	200
2022.05.30	00:00:00	1849.872	1860.867	1848.661	1860.564	12017	0	200
2022.05.30	04:00:00	1860.562	1863.953	1858.415	1858.640	12399	0	200
2022.05.30	08:00:00	1858.669	1860.060	1854.115	1854.421	11393	0	200
2022.05.30	12:00:00	1854.410	1861.061	1854.031	1855.659	12826	0	200
2022.05.30	16:00:00	1855.628	1856.808	1855.164	1855.265	1925	0	200
2022.05.30	20:00:00	1855.907	1856.885	1852.021	1852.384	3109	0	200
2022.05.31	00:00:00	1852.416	1853.364	1845.914	1852.198	14337	0	200
2022.05.31	04:00:00	1852.196	1856.360	1851.071	1854.747	12067	0	200
2022.05.31	08:00:00	1854.744	1857.070	1844.425	1848.655	15880	0	200
2022.05.31	12:00:00	1848.616	1855.230	1839.843	1843.613	29912	0	200
2022.05.31	16:00:00	1843.587	1846.223	1835.015	1836.101	15286	0	200
2022.05.31	20:00:00	1836.067	1838.427	1835.387	1836.404	5321	0	200
2022.06.01	00:00:00	1836.437	1837.954	1833.268	1836.720	13728	0	200
2022.06.01	04:00:00	1836.721	1836.819	1829.502	1833.685	14843	0	200
2022.06.01	08:00:00	1833.681	1837.121	1828.429	1829.712	14973	0	200
2022.06.01	12:00:00	1829.679	1848.855	1828.900	1845.561	33753	0	200
2022.06.01	16:00:00	1845.593	1849.923	1844.686	1847.203	14613	0	200
2022.06.01	20:00:00	1847.235	1847.776	1845.376	1845.949	4201	0	200
2022.06.02	00:00:00	1845.953	1848.917	1844.074	1844.785	10921	0	200
2022.06.02	04:00:00	1844.816	1853.267	1844.065	1851.159	12212	0	200
2022.06.02	08:00:00	1851.160	1856.947	1850.538	1855.817	12168	0	200
2022.06.02	12:00:00	1855.851	1869.698	1850.852	1867.937	32172	0	200
2022.06.02	16:00:00	1867.914	1870.360	1866.424	1869.581	11541	0	200
2022.06.02	20:00:00	1869.612	1870.543	1868.003	1869.855	3894	0	200
2022.06.03	00:00:00	1869.886	1873.967	1867.740	1868.865	10995	0	200
2022.06.03	04:00:00	1868.832	1869.165	1864.156	1864.605	10374	0	200
2022.06.03	08:00:00	1864.572	1867.842	1863.310	1863.747	11176	0	200
2022.06.03	12:00:00	1863.780	1866.884	1851.596	1851.884	30579	0	200
2022.06.03	16:00:00	1851.851	1851.851	1847.249	1850.659	12660	0	200
2022.06.03	20:00:00	1850.627	1851.623	1850.004	1850.960	1597	0	200
2022.06.05	20:00:00	1850.955	1853.237	1850.103	1851.478	2805	0	200
2022.06.06	00:00:00	1851.480	1856.249	1850.413	1856.078	11313	0	200
2022.06.06	04:00:00	1856.073	1856.626	1851.524	1852.203	10862	0	200
2022.06.06	08:00:00	1852.234	1855.517	1850.930	1853.812	12471	0	200
2022.06.06	12:00:00	1853.820	1857.898	1841.781	1843.508	23077	0	200
2022.06.06	16:00:00	1843.538	1844.052	1840.639	1842.124	11483	0	200
2022.06.06	20:00:00	1842.092	1842.463	1837.957	1839.385	4647	0	200
2022.06.07	00:00:00	1839.404	1842.484	1836.939	1840.163	12428	0	200
2022.06.07	04:00:00	1840.154	1846.314	1838.426	1842.060	13326	0	200
2022.06.07	08:00:00	1842.050	1851.875	1842.050	1847.238	13907	0	200
2022.06.07	12:00:00	1847.236	1853.522	1842.341	1851.346	22970	0	200
2022.06.07	16:00:00	1851.352	1855.484	1848.709	1854.328	11902	0	200
2022.06.07	20:00:00	1854.332	1854.587	1851.126	1853.566	4921	0	200
2022.06.08	00:00:00	1853.569	1853.728	1846.724	1846.762	12145	0	200
2022.06.08	04:00:00	1846.760	1851.266	1845.722	1849.944	11564	0	200
2022.06.08	08:00:00	1849.950	1851.683	1846.688	1851.501	12922	0	200
2022.06.08	12:00:00	1851.470	1859.610	1844.488	1858.383	22399	0	200
2022.06.08	16:00:00	1858.353	1858.823	1852.025	1852.431	11214	0	200
2022.06.08	20:00:00	1852.468	1854.389	1848.910	1852.692	4167	0	200
2022.06.09	00:00:00	1852.695	1855.255	1850.854	1855.058	10495	0	200
2022.06.09	04:00:00	1855.026	1855.172	1848.946	1850.043	12239	0	200
2022.06.09	08:00:00	1850.077	1850.889	1844.603	1846.164	14666	0	200
2022.06.09	12:00:00	1846.196	1852.433	1840.008	1845.726	27691	0	200
2022.06.09	16:00:00	1845.696	1850.467	1845.069	1847.060	12690	0	200
2022.06.09	20:00:00	1847.028	1848.184	1846.243	1846.918	3628	0	200
2022.06.10	00:00:00	1846.945	1848.212	1844.495	1844.763	10227	0	200
2022.06.10	04:00:00	1844.778	1847.568	1843.142	1845.488	12315	0	200
2022.06.10	08:00:00	1845.489	1846.881	1833.542	1834.881	15468	0	200
2022.06.10	12:00:00	1834.862	1867.746	1825.079	1867.268	54444	0	200
2022.06.10	16:00:00	1867.300	1875.847	1865.927	1871.954	21058	0	200
2022.06.10	20:00:00	1871.989	1872.377	1870.422	1871.532	1919	0	200
2022.06.12	20:00:00	1878.070	1878.832	1874.666	1876.949	6102	0	200
2022.06.13	00:00:00	1876.930	1877.351	1860.171	1863.518	18308	0	200
2022.06.13	04:00:00	1863.485	1867.165	1855.594	1857.213	17319	0	200
2022.06.13	08:00:00	1857.192	1858.935	1852.666	1854.709	20028	0	200
2022.06.13	12:00:00	1854.741	1857.630	1823.264	1828.955	45615	0	200
2022.06.13	16:00:00	1828.956	1833.543	1819.266	1822.772	25432	0	200
2022.06.13	20:00:00	1822.741	1823.689	1809.140	1821.013	11591	0	200
2022.06.14	00:00:00	1820.980	1827.986	1819.243	1825.389	17463	0	200
2022.06.14	04:00:00	1825.391	1831.570	1823.940	1827.903	18434	0	200
2022.06.14	08:00:00	1827.900	1830.172	1816.020	1817.195	24163	0	200
2022.06.14	12:00:00	1817.177	1822.572	1809.397	1810.431	35984	0	200
2022.06.14	16:00:00	1810.399	1814.642	1805.064	1808.305	19628	0	200
2022.06.14	20:00:00	1808.336	1811.006	1806.686	1810.902	7551	0	200
2022.06.15	00:00:00	1810.872	1819.262	1808.642	1815.604	15658	0	200
2022.06.15	04:00:00	1815.639	1824.004	1813.225	1820.753	18367	0	200
2022.06.15	08:00:00	1820.765	1835.504	1817.360	1831.054	22467	0	200
2022.06.15	12:00:00	1831.084	1836.474	1818.627	1821.252	35427	0	200
2022.06.15	16:00:00	1821.274	1841.828	1813.637	1831.763	50415	0	200
2022.06.15	20:00:00	1831.799	1835.543	1831.235	1833.827	8642	0	200
2022.06.16	00:00:00	1833.811	1836.433	1829.728	1832.759	15193	0	200
2022.06.16	04:00:00	1832.735	1833.494	1826.464	1830.238	18148	0	200
2022.06.16	08:00:00	1830.231	1836.060	1815.391	1819.122	29228	0	200
2022.06.16	12:00:00	1819.135	1846.862	1819.135	1845.261	37101	0	200
2022.06.16	16:00:00	1845.293	1852.702	1844.590	1852.221	22745	0	200
2022.06.16	20:00:00	1852.191	1857.493	1849.856	1850.809	8022	0	200
2022.06.17	00:00:00	1850.821	1851.456	1841.629	1842.158	17720	0	200
2022.06.17	04:00:00	1842.163	1849.985	1841.929	1848.678	16419	0	200
2022.06.17	08:00:00	1848.690	1852.496	1844.511	1847.855	19810	0	200
2022.06.17	12:00:00	1847.884	1852.917	1836.653	1841.135	37232	0	200
2022.06.17	16:00:00	1841.165	1842.333	1833.817	1836.961	15879	0	200
2022.06.17	20:00:00	1836.994	1841.862	1836.343	1840.248	1943	0	200
2022.06.19	20:00:00	1836.197	1840.320	1834.725	1838.432	5130	0	200
2022.06.20	00:00:00	1838.436	1846.093	1835.153	1843.852	16564	0	200
2022.06.20	04:00:00	1843.858	1845.049	1839.351	1839.996	13303	0	200
2022.06.20	08:00:00	1839.982	1843.735	1836.444	1838.017	13705	0	200
2022.06.20	12:00:00	1838.047	1843.124	1835.821	1838.235	14578	0	200
2022.06.20	16:00:00	1838.232	1838.428	1835.472	1835.725	2273	0	200
2022.06.20	20:00:00	1838.122	1839.124	1837.199	1839.076	3364	0	200
2022.06.21	00:00:00	1839.091	1842.357	1838.539	1840.238	11754	0	200
2022.06.21	04:00:00	1840.207	1840.675	1832.472	1838.382	13912	0	200
2022.06.21	08:00:00	1838.358	1838.450	1830.783	1833.492	16893	0	200
2022.06.21	12:00:00	1833.522	1843.581	1832.731	1835.207	26415	0	200
2022.06.21	16:00:00	1835.175	1837.035	1828.531	1830.592	13674	0	200
2022.06.21	20:00:00	1830.623	1834.755	1829.085	1831.320	7758	0	200
2022.06.22	00:00:00	1831.288	1831.530	1825.571	1827.559	14890	0	200
2022.06.22	04:00:00	1827.545	1830.177	1823.772	1826.724	15612	0	200
2022.06.22	08:00:00	1826.755	1842.638	1823.291	1836.271	19243	0	200
2022.06.22	12:00:00	1836.304	1847.815	1835.256	1837.982	35304	0	200
2022.06.22	16:00:00	1837.980	1841.676	1835.696	1837.687	13429	0	200
2022.06.22	20:00:00	1837.718	1838.366	1836.227	1836.562	4540	0	200
2022.06.23	00:00:00	1836.593	1838.687	1832.389	1832.776	14072	0	200
2022.06.23	04:00:00	1832.751	1838.067	1831.038	1837.857	14919	0	200
2022.06.23	08:00:00	1837.890	1837.965	1823.662	1829.359	17826	0	200
2022.06.23	12:00:00	1829.326	1845.908	1828.431	1833.173	30825	0	200
2022.06.23	16:00:00	1833.165	1834.530	1822.481	1826.329	19409	0	200
2022.06.23	20:00:00	1826.361	1826.394	1822.588	1824.582	5379	0	200
2022.06.24	00:00:00	1824.585	1826.426	1821.660	1825.191	14047	0	200
2022.06.24	04:00:00	1825.152	1831.621	1821.152	1830.064	15976	0	200
2022.06.24	08:00:00	1830.055	1830.123	1822.098	1824.874	16705	0	200
2022.06.24	12:00:00	1824.881	1831.272	1816.879	1827.058	33603	0	200
2022.06.24	16:00:00	1827.017	1830.857	1823.533	1824.113	12260	0	200
2022.06.24	20:00:00	1824.082	1827.606	1824.082	1827.100	1525	0	200
2022.06.26	20:00:00	1836.268	1836.298	1829.990	1831.024	7000	0	200
2022.06.27	00:00:00	1831.005	1836.843	1828.189	1834.879	13631	0	200
2022.06.27	04:00:00	1834.855	1840.818	1834.324	1834.902	13952	0	200
2022.06.27	08:00:00	1834.937	1840.461	1833.264	1833.815	15102	0	200
2022.06.27	12:00:00	1833.852	1834.539	1820.729	1825.101	26406	0	200
2022.06.27	16:00:00	1825.089	1826.999	1821.834	1822.394	14238	0	200
2022.06.27	20:00:00	1822.427	1823.589	1821.631	1823.494	4638	0	200
2022.06.28	00:00:00	1823.506	1826.418	1822.365	1825.923	10920	0	200
2022.06.28	04:00:00	1825.930	1829.129	1824.769	1826.941	11898	0	200
2022.06.28	08:00:00	1826.908	1829.452	1820.212	1825.493	14683	0	200
2022.06.28	12:00:00	1825.463	1826.754	1818.583	1820.706	24155	0	200
2022.06.28	16:00:00	1820.722	1823.725	1818.328	1819.612	13265	0	200
2022.06.28	20:00:00	1819.643	1820.890	1818.256	1818.377	4698	0	200
2022.06.29	00:00:00	1818.347	1822.909	1818.327	1820.709	9481	0	200
2022.06.29	04:00:00	1820.721	1822.388	1815.817	1816.827	14864	0	200
2022.06.29	08:00:00	1816.821	1827.326	1811.848	1824.921	17550	0	200
2022.06.29	12:00:00	1824.925	1832.880	1814.853	1818.506	31684	0	200
2022.06.29	16:00:00	1818.504	1819.635	1815.627	1818.380	11282	0	200
2022.06.29	20:00:00	1818.413	1819.218	1817.180	1818.883	4524	0	200
2022.06.30	00:00:00	1818.896	1821.913	1817.172	1817.322	10207	0	200
2022.06.30	04:00:00	1817.314	1817.792	1812.024	1815.056	13468	0	200
2022.06.30	08:00:00	1815.025	1817.020	1802.627	1805.321	17966	0	200
2022.06.30	12:00:00	1805.282	1825.133	1802.723	1814.309	37482	0	200
2022.06.30	16:00:00	1814.275	1814.797	1805.415	1806.786	15917	0	200
2022.06.30	20:00:00	1806.816	1807.549	1804.524	1806.548	5778	0	200
2022.07.01	00:00:00	1806.552	1807.215	1801.297	1801.388	13910	0	200
2022.07.01	04:00:00	1801.420	1803.092	1792.033	1794.641	19116	0	200
2022.07.01	08:00:00	1794.660	1797.002	1784.947	1790.470	21230	0	200
2022.07.01	12:00:00	1790.439	1808.807	1784.473	1806.292	40474	0	200
2022.07.01	16:00:00	1806.322	1809.304	1797.847	1805.313	15706	0	200
2022.07.01	20:00:00	1805.344	1809.394	1805.344	1809.341	1658	0	200
2022.07.03	20:00:00	1810.342	1810.937	1808.034	1808.071	4033	0	200
2022.07.04	00:00:00	1808.062	1814.091	1805.487	1811.416	13270	0	200
2022.07.04	04:00:00	1811.414	1813.405	1808.198	1808.785	11786	0	200
2022.07.04	08:00:00	1808.754	1809.239	1803.765	1805.246	12240	0	200
2022.07.04	12:00:00	1805.231	1810.861	1805.065	1806.476	13746	0	200
2022.07.04	16:00:00	1806.483	1807.134	1805.466	1806.942	2022	0	200
2022.07.04	20:00:00	1807.669	1809.840	1807.274	1809.285	3374	0	200
2022.07.05	00:00:00	1809.287	1812.081	1806.523	1810.846	11854	0	200
2022.07.05	04:00:00	1810.814	1812.037	1805.501	1806.113	13465	0	200
2022.07.05	08:00:00	1806.098	1806.098	1797.454	1798.110	18018	0	200
2022.07.05	12:00:00	1798.140	1804.668	1765.012	1768.910	42435	0	200
2022.07.05	16:00:00	1768.937	1771.267	1763.729	1767.015	17742	0	200
2022.07.05	20:00:00	1766.982	1770.029	1764.896	1769.527	5860	0	200
2022.07.06	00:00:00	1769.524	1772.784	1768.281	1769.207	15297	0	200
2022.07.06	04:00:00	1769.201	1770.234	1763.037	1767.813	19083	0	200
2022.07.06	08:00:00	1767.805	1771.787	1760.065	1763.232	18347	0	200
2022.07.06	12:00:00	1763.197	1767.914	1732.553	1733.709	42682	0	200
2022.07.06	16:00:00	1733.696	1743.860	1732.221	1739.363	23544	0	200
2022.07.06	20:00:00	1739.403	1740.755	1738.228	1739.958	5592	0	200
2022.07.07	00:00:00	1739.989	1746.914	1736.482	1745.810	14638	0	200
2022.07.07	04:00:00	1745.809	1747.652	1741.189	1744.641	14451	0	200
2022.07.07	08:00:00	1744.622	1745.228	1740.026	1743.669	17307	0	200
2022.07.07	12:00:00	1743.674	1748.998	1737.937	1739.721	27562	0	200
2022.07.07	16:00:00	1739.753	1742.977	1738.665	1740.688	11417	0	200
2022.07.07	20:00:00	1740.657	1741.819	1738.882	1741.722	3952	0	200
2022.07.08	00:00:00	1741.754	1746.560	1740.630	1742.435	13115	0	200
2022.07.08	04:00:00	1742.430	1743.835	1733.100	1736.521	14703	0	200
2022.07.08	08:00:00	1736.523	1743.304	1734.821	1740.913	15945	0	200
2022.07.08	12:00:00	1740.915	1752.349	1732.813	1742.414	36811	0	200
2022.07.08	16:00:00	1742.448	1744.488	1740.526	1741.286	11393	0	200
2022.07.08	20:00:00	1741.317	1742.697	1741.197	1742.249	1361	0	200
2022.07.10	20:00:00	1741.088	1744.589	1740.873	1741.965	3890	0	200
2022.07.11	00:00:00	1741.998	1743.548	1738.474	1742.585	14594	0	200
2022.07.11	04:00:00	1742.584	1742.734	1735.954	1736.735	13463	0	200
2022.07.11	08:00:00	1736.733	1739.915	1733.596	1734.874	13455	0	200
2022.07.11	12:00:00	1734.844	1742.646	1734.110	1738.033	23367	0	200
2022.07.11	16:00:00	1738.065	1738.161	1731.223	1732.196	11641	0	200
2022.07.11	20:00:00	1732.164	1734.450	1732.000	1733.238	3632	0	200
2022.07.12	00:00:00	1733.236	1743.940	1723.200	1733.390	21309	0	200
2022.07.12	04:00:00	1733.359	1737.908	1725.554	1734.293	16908	0	200
2022.07.12	08:00:00	1734.261	1739.355	1731.501	1735.463	17365	0	200
2022.07.12	12:00:00	1735.499	1736.815	1726.073	1731.889	25997	0	200
2022.07.12	16:00:00	1731.919	1732.461	1724.491	1725.649	13348	0	200
2022.07.12	20:00:00	1725.676	1726.392	1724.880	1725.287	4182	0	200
2022.07.13	00:00:00	1725.317	1728.716	1722.615	1727.209	13889	0	200
2022.07.13	04:00:00	1727.178	1728.327	1722.496	1726.840	15161	0	200
2022.07.13	08:00:00	1726.817	1731.823	1725.284	1729.396	12986	0	200
2022.07.13	12:00:00	1729.419	1745.318	1706.931	1737.430	55162	0	200
2022.07.13	16:00:00	1737.461	1739.987	1732.444	1733.068	20447	0	200
2022.07.13	20:00:00	1733.038	1736.448	1730.080	1731.990	6447	0	200
2022.07.14	00:00:00	1731.972	1733.521	1725.444	1731.992	15303	0	200
2022.07.14	04:00:00	1731.977	1732.268	1714.927	1718.259	19154	0	200
2022.07.14	08:00:00	1718.293	1718.852	1709.888	1713.712	20951	0	200
2022.07.14	12:00:00	1713.666	1714.935	1697.565	1711.474	47602	0	200
2022.07.14	16:00:00	1711.505	1712.275	1704.858	1708.985	21829	0	200
2022.07.14	20:00:00	1709.015	1711.893	1708.838	1711.655	4694	0	200
2022.07.15	00:00:00	1711.692	1716.563	1708.431	1708.439	14788	0	200
2022.07.15	04:00:00	1708.437	1712.274	1700.427	1703.399	18030	0	200
2022.07.15	08:00:00	1703.435	1707.927	1701.194	1704.445	16105	0	200
2022.07.15	12:00:00	1704.476	1713.998	1698.877	1704.644	37383	0	200
2022.07.15	16:00:00	1704.631	1705.797	1703.127	1705.537	11353	0	200
2022.07.15	20:00:00	1705.503	1707.579	1704.857	1707.440	1451	0	200
2022.07.17	20:00:00	1706.571	1710.646	1706.536	1710.297	4178	0	200
2022.07.18	00:00:00	1710.292	1717.681	1707.415	1715.988	12521	0	200
2022.07.18	04:00:00	1715.974	1720.611	1711.851	1718.692	14589	0	200
2022.07.18	08:00:00	1718.690	1723.731	1712.962	1715.462	15339	0	200
2022.07.18	12:00:00	1715.499	1721.247	1708.853	1710.446	27287	0	200
2022.07.18	16:00:00	1710.478	1712.837	1706.616	1707.425	13263	0	200
2022.07.18	20:00:00	1707.455	1710.116	1706.816	1708.215	4735	0	200
2022.07.19	00:00:00	1708.198	1709.603	1705.300	1709.426	11132	0	200
2022.07.19	04:00:00	1709.410	1711.612	1707.327	1711.612	13818	0	200
2022.07.19	08:00:00	1711.582	1718.373	1710.745	1713.946	15268	0	200
2022.07.19	12:00:00	1713.949	1715.253	1708.498	1714.320	22963	0	200
2022.07.19	16:00:00	1714.351	1714.443	1709.710	1712.103	11129	0	200
2022.07.19	20:00:00	1712.072	1712.364	1709.528	1709.954	4061	0	200
2022.07.20	00:00:00	1709.924	1713.344	1709.515	1712.091	10418	0	200
2022.07.20	04:00:00	1712.080	1713.380	1705.936	1707.463	12666	0	200
2022.07.20	08:00:00	1707.474	1713.783	1706.327	1708.162	14364	0	200
2022.07.20	12:00:00	1708.157	1714.326	1706.273	1707.864	24151	0	200
2022.07.20	16:00:00	1707.856	1707.972	1695.577	1695.695	16879	0	200
2022.07.20	20:00:00	1695.729	1697.316	1692.141	1695.406	5441	0	200
2022.07.21	00:00:00	1695.357	1695.433	1689.786	1691.452	12538	0	200
2022.07.21	04:00:00	1691.450	1693.796	1684.710	1689.465	14113	0	200
2022.07.21	08:00:00	1689.450	1689.512	1680.811	1684.834	17088	0	200
2022.07.21	12:00:00	1684.839	1718.121	1683.776	1713.188	53655	0	200
2022.07.21	16:00:00	1713.189	1719.896	1710.394	1719.629	14328	0	200
2022.07.21	20:00:00	1719.598	1720.269	1717.039	1718.076	5731	0	200
2022.07.22	00:00:00	1718.046	1719.011	1712.809	1713.575	11088	0	200
2022.07.22	04:00:00	1713.583	1720.426	1713.073	1716.200	13636	0	200
2022.07.22	08:00:00	1716.233	1730.139	1715.983	1728.487	18570	0	200
2022.07.22	12:00:00	1728.519	1739.179	1722.143	1731.030	32316	0	200
2022.07.22	16:00:00	1731.062	1731.310	1720.387	1724.079	17466	0	200
2022.07.22	20:00:00	1724.111	1727.716	1723.490	1727.469	1848	0	200
2022.07.24	20:00:00	1726.250	1727.089	1724.282	1724.673	3980	0	200
2022.07.25	00:00:00	1724.676	1728.844	1719.868	1727.458	13281	0	200
2022.07.25	04:00:00	1727.463	1729.138	1723.738	1725.593	13345	0	200
2022.07.25	08:00:00	1725.626	1736.012	1725.317	1725.973	15758	0	200
2022.07.25	12:00:00	1726.005	1727.395	1714.721	1716.407	23585	0	200
2022.07.25	16:00:00	1716.406	1721.323	1715.466	1719.038	11373	0	200
2022.07.25	20:00:00	1719.030	1719.790	1717.972	1718.990	4029	0	200
2022.07.26	00:00:00	1719.030	1728.145	1718.705	1724.049	12763	0	200
2022.07.26	04:00:00	1724.033	1727.866	1721.018	1724.791	12144	0	200
2022.07.26	08:00:00	1724.759	1725.755	1716.109	1717.759	15047	0	200
2022.07.26	12:00:00	1717.790	1721.827	1713.555	1716.934	23564	0	200
2022.07.26	16:00:00	1716.965	1720.183	1716.249	1717.588	11732	0	200
2022.07.26	20:00:00	1717.558	1718.582	1716.852	1717.900	4453	0	200
2022.07.27	00:00:00	1717.929	1720.100	1715.767	1716.733	10376	0	200
2022.07.27	04:00:00	1716.731	1721.673	1713.648	1719.734	11440	0	200
2022.07.27	08:00:00	1719.769	1724.918	1719.631	1720.594	12894	0	200
2022.07.27	12:00:00	1720.606	1723.161	1711.358	1718.826	20602	0	200
2022.07.27	16:00:00	1718.840	1740.177	1718.472	1734.421	32889	0	200
2022.07.27	20:00:00	1734.461	1739.875	1733.138	1738.769	7268	0	200
2022.07.28	00:00:00	1738.764	1741.669	1733.993	1736.904	15323	0	200
2022.07.28	04:00:00	1736.935	1744.638	1735.346	1744.070	15605	0	200
2022.07.28	08:00:00	1744.232	1748.472	1737.808	1740.204	18227	0	200
2022.07.28	12:00:00	1740.168	1756.831	1736.077	1752.966	44276	0	200
2022.07.28	16:00:00	1752.952	1755.575	1750.267	1755.299	14849	0	200
2022.07.28	20:00:00	1755.329	1757.039	1754.209	1754.908	5507	0	200
2022.07.29	00:00:00	1754.898	1763.592	1752.660	1762.850	13285	0	200
2022.07.29	04:00:00	1762.855	1767.905	1760.584	1766.440	15836	0	200
2022.07.29	08:00:00	1766.408	1766.408	1756.269	1761.197	16790	0	200
2022.07.29	12:00:00	1761.239	1767.116	1752.116	1765.865	33765	0	200
2022.07.29	16:00:00	1765.884	1766.641	1760.861	1761.378	13597	0	200
2022.07.29	20:00:00	1761.410	1766.289	1761.407	1766.178	2080	0	200
2022.07.31	20:00:00	1765.356	1765.390	1760.893	1762.141	3687	0	200
2022.08.01	00:00:00	1762.172	1765.814	1760.499	1762.018	12636	0	200
2022.08.01	04:00:00	1761.987	1767.374	1758.220	1764.438	12599	0	200
2022.08.01	08:00:00	1764.426	1774.836	1762.226	1772.621	15970	0	200
2022.08.01	12:00:00	1772.648	1775.302	1764.204	1768.894	30549	0	200
2022.08.01	16:00:00	1768.861	1773.374	1766.476	1770.893	12871	0	200
2022.08.01	20:00:00	1770.895	1772.575	1770.769	1772.228	4126	0	200
2022.08.02	00:00:00	1772.261	1780.405	1770.840	1774.618	15034	0	200
2022.08.02	04:00:00	1774.636	1776.077	1768.674	1772.122	14466	0	200
2022.08.02	08:00:00	1772.089	1779.738	1770.392	1778.610	15080	0	200
2022.08.02	12:00:00	1778.604	1787.960	1774.473	1778.061	38987	0	200
2022.08.02	16:00:00	1778.053	1778.326	1760.423	1760.578	20859	0	200
2022.08.02	20:00:00	1760.552	1763.632	1754.784	1756.675	7963	0	200
2022.08.03	00:00:00	1756.669	1769.327	1755.493	1768.895	14931	0	200
2022.08.03	04:00:00	1768.883	1770.596	1764.830	1766.129	14702	0	200
2022.08.03	08:00:00	1766.162	1768.310	1760.182	1765.529	14327	0	200
2022.08.03	12:00:00	1765.508	1772.769	1754.321	1758.447	31547	0	200
2022.08.03	16:00:00	1758.460	1766.192	1757.437	1765.190	12827	0	200
2022.08.03	20:00:00	1765.156	1765.985	1763.254	1763.586	4109	0	200
2022.08.04	00:00:00	1763.617	1771.470	1763.358	1770.731	11025	0	200
2022.08.04	04:00:00	1770.699	1774.763	1769.038	1773.005	12309	0	200
2022.08.04	08:00:00	1772.973	1786.471	1772.720	1785.613	15593	0	200
2022.08.04	12:00:00	1785.634	1790.147	1774.267	1787.680	29144	0	200
2022.08.04	16:00:00	1787.691	1794.882	1787.122	1793.544	13557	0	200
2022.08.04	20:00:00	1793.512	1793.661	1789.692	1793.380	5027	0	200
2022.08.05	00:00:00	1793.347	1794.863	1788.773	1792.114	11675	0	200
2022.08.05	04:00:00	1792.124	1792.884	1788.517	1790.502	12180	0	200
2022.08.05	08:00:00	1790.469	1790.729	1783.832	1787.828	13865	0	200
2022.08.05	12:00:00	1787.862	1789.161	1764.955	1773.561	44565	0	200
2022.08.05	16:00:00	1773.528	1776.059	1771.547	1773.471	14606	0	200
2022.08.05	20:00:00	1773.503	1775.715	1772.963	1775.628	1479	0	200
2022.08.07	20:00:00	1773.369	1775.023	1772.643	1774.558	3096	0	200
2022.08.08	00:00:00	1774.562	1775.452	1771.119	1773.323	9522	0	200
2022.08.08	04:00:00	1773.356	1779.140	1771.265	1777.692	8930	0	200
2022.08.08	08:00:00	1777.698	1783.173	1772.790	1782.853	11405	0	200
2022.08.08	12:00:00	1782.833	1789.960	1780.612	1787.158	22773	0	200
2022.08.08	16:00:00	1787.191	1789.333	1785.635	1788.486	10904	0	200
2022.08.08	20:00:00	1788.517	1790.651	1787.854	1789.192	4288	0	200
2022.08.09	00:00:00	1789.176	1790.141	1783.177	1785.661	10481	0	200
2022.08.09	04:00:00	1785.692	1789.256	1783.531	1787.086	9932	0	200
2022.08.09	08:00:00	1787.056	1794.653	1786.390	1789.402	15562	0	200
2022.08.09	12:00:00	1789.435	1800.410	1787.961	1796.146	25048	0	200
2022.08.09	16:00:00	1796.164	1798.261	1793.278	1793.969	11177	0	200
2022.08.09	20:00:00	1794.000	1794.919	1793.261	1794.082	3515	0	200
2022.08.10	00:00:00	1794.086	1794.569	1790.954	1791.208	8999	0	200
2022.08.10	04:00:00	1791.240	1791.750	1787.574	1790.427	10537	0	200
2022.08.10	08:00:00	1790.441	1795.267	1788.635	1792.329	12780	0	200
2022.08.10	12:00:00	1792.362	1807.831	1787.590	1797.971	39573	0	200
2022.08.10	16:00:00	1798.004	1800.079	1788.084	1790.272	15216	0	200
2022.08.10	20:00:00	1790.240	1792.881	1789.935	1791.660	4360	0	200
2022.08.11	00:00:00	1791.675	1792.399	1784.466	1785.797	10903	0	200
2022.08.11	04:00:00	1785.808	1788.304	1783.521	1788.013	12109	0	200
2022.08.11	08:00:00	1788.000	1795.166	1785.622	1794.841	13325	0	200
2022.08.11	12:00:00	1794.848	1799.215	1786.324	1790.343	28924	0	200
2022.08.11	16:00:00	1790.365	1791.896	1784.963	1785.605	12964	0	200
2022.08.11	20:00:00	1785.638	1790.133	1785.538	1788.950	4630	0	200
2022.08.12	00:00:00	1788.923	1791.400	1786.187	1791.099	9962	0	200
2022.08.12	04:00:00	1791.096	1794.095	1787.256	1788.752	11159	0	200
2022.08.12	08:00:00	1788.728	1789.731	1784.810	1785.352	13839	0	200
2022.08.12	12:00:00	1785.321	1798.690	1784.934	1794.862	26655	0	200
2022.08.12	16:00:00	1794.874	1802.068	1794.874	1801.406	11583	0	200
2022.08.12	20:00:00	1801.439	1802.198	1800.219	1801.884	1338	0	200
2022.08.14	20:00:00	1801.505	1801.765	1798.969	1799.103	3025	0	200
2022.08.15	00:00:00	1799.072	1801.693	1793.925	1795.358	10502	0	200
2022.08.15	04:00:00	1795.359	1795.401	1786.008	1786.877	11202	0	200
2022.08.15	08:00:00	1786.875	1788.116	1772.814	1775.082	18179	0	200
2022.08.15	12:00:00	1775.112	1786.218	1772.992	1780.759	28238	0	200
2022.08.15	16:00:00	1780.767	1784.074	1777.405	1778.941	11495	0	200
2022.08.15	20:00:00	1778.910	1780.399	1777.742	1778.509	5157	0	200
2022.08.16	00:00:00	1778.547	1783.068	1776.815	1781.249	9800	0	200
2022.08.16	04:00:00	1781.242	1782.071	1775.759	1775.823	9697	0	200
2022.08.16	08:00:00	1775.791	1777.860	1773.709	1775.991	13755	0	200
2022.08.16	12:00:00	1776.023	1778.551	1771.198	1774.258	25380	0	200
2022.08.16	16:00:00	1774.264	1777.515	1772.752	1775.766	11186	0	200
2022.08.16	20:00:00	1775.733	1775.984	1775.025	1775.556	3470	0	200
2022.08.17	00:00:00	1775.564	1776.945	1773.813	1775.779	9329	0	200
2022.08.17	04:00:00	1775.777	1782.159	1773.447	1773.533	12238	0	200
2022.08.17	08:00:00	1773.516	1776.925	1766.812	1769.289	15135	0	200
2022.08.17	12:00:00	1769.320	1773.609	1761.312	1762.038	29765	0	200
2022.08.17	16:00:00	1762.056	1770.214	1759.700	1764.476	20494	0	200
2022.08.17	20:00:00	1764.443	1765.285	1761.720	1764.909	4824	0	200
2022.08.18	00:00:00	1764.911	1767.497	1761.804	1762.270	9842	0	200
2022.08.18	04:00:00	1762.288	1765.378	1760.838	1762.726	11780	0	200
2022.08.18	08:00:00	1762.701	1772.362	1762.593	1770.424	14466	0	200
2022.08.18	12:00:00	1770.455	1771.969	1757.635	1759.715	26543	0	200
2022.08.18	16:00:00	1759.747	1761.214	1755.304	1759.562	13032	0	200
2022.08.18	20:00:00	1759.567	1759.659	1757.180	1758.387	4454	0	200
2022.08.19	00:00:00	1758.390	1758.550	1753.432	1754.135	11872	0	200
2022.08.19	04:00:00	1754.148	1757.331	1751.663	1753.894	12410	0	200
2022.08.19	08:00:00	1753.889	1754.551	1749.808	1752.998	14586	0	200
2022.08.19	12:00:00	1752.968	1758.047	1745.646	1749.076	25339	0	200
2022.08.19	16:00:00	1749.045	1750.885	1745.490	1746.500	11675	0	200
2022.08.19	20:00:00	1746.469	1747.485	1746.254	1747.376	1337	0	200
2022.08.21	20:00:00	1745.586	1748.094	1744.969	1745.664	3670	0	200
2022.08.22	00:00:00	1745.668	1748.992	1744.879	1746.504	11088	0	200
2022.08.22	04:00:00	1746.502	1746.506	1736.220	1736.953	13192	0	200
2022.08.22	08:00:00	1736.923	1738.209	1730.418	1733.295	17168	0	200
2022.08.22	12:00:00	1733.264	1739.971	1727.749	1736.797	26940	0	200
2022.08.22	16:00:00	1736.773	1737.756	1733.751	1734.926	11713	0	200
2022.08.22	20:00:00	1734.895	1736.099	1734.354	1735.220	3950	0	200
2022.08.23	00:00:00	1735.227	1740.469	1734.177	1738.445	11294	0	200
2022.08.23	04:00:00	1738.448	1738.844	1734.682	1738.270	12907	0	200
2022.08.23	08:00:00	1738.240	1743.813	1734.396	1738.028	14503	0	200
2022.08.23	12:00:00	1738.023	1754.057	1730.786	1749.703	30104	0	200
2022.08.23	16:00:00	1749.738	1750.484	1745.879	1747.219	12384	0	200
2022.08.23	20:00:00	1747.189	1748.496	1745.376	1745.970	4145	0	200
2022.08.24	00:00:00	1745.972	1747.679	1744.041	1745.447	9823	0	200
2022.08.24	04:00:00	1745.436	1748.103	1744.186	1747.882	11791	0	200
2022.08.24	08:00:00	1747.885	1753.604	1742.431	1745.417	15823	0	200
2022.08.24	12:00:00	1745.448	1755.904	1742.897	1751.177	25986	0	200
2022.08.24	16:00:00	1751.194	1752.980	1747.612	1752.085	11633	0	200
2022.08.24	20:00:00	1752.055	1752.702	1750.580	1750.980	3480	0	200
2022.08.25	00:00:00	1750.974	1757.682	1749.921	1756.393	10347	0	200
2022.08.25	04:00:00	1756.392	1763.661	1755.448	1762.418	13073	0	200
2022.08.25	08:00:00	1762.425	1765.437	1761.786	1762.451	14995	0	200
2022.08.25	12:00:00	1762.482	1762.738	1752.222	1755.295	24350	0	200
2022.08.25	16:00:00	1755.327	1759.871	1754.308	1757.297	11773	0	200
2022.08.25	20:00:00	1757.333	1758.925	1756.056	1756.384	3627	0	200
2022.08.26	00:00:00	1756.377	1757.433	1752.254	1757.410	8768	0	200
2022.08.26	04:00:00	1757.378	1758.757	1751.715	1753.127	12263	0	200
2022.08.26	08:00:00	1753.141	1753.141	1743.696	1744.964	15902	0	200
2022.08.26	12:00:00	1744.980	1756.091	1734.299	1737.058	48060	0	200
2022.08.26	16:00:00	1737.088	1739.553	1734.130	1736.828	15111	0	200
2022.08.26	20:00:00	1736.794	1738.779	1736.581	1737.998	1650	0	200
2022.08.28	20:00:00	1734.774	1738.525	1733.125	1734.735	6173	0	200
2022.08.29	00:00:00	1734.741	1736.159	1723.341	1724.495	15028	0	200
2022.08.29	04:00:00	1724.493	1725.810	1720.445	1721.557	15029	0	200
2022.08.29	08:00:00	1721.554	1729.696	1720.280	1727.698	15396	0	200
2022.08.29	12:00:00	1727.667	1745.407	1725.607	1740.483	28633	0	200
2022.08.29	16:00:00	1740.517	1740.776	1735.849	1737.744	12131	0	200
2022.08.29	20:00:00	1737.711	1739.806	1736.469	1739.526	4563	0	200
2022.08.30	00:00:00	1739.510	1740.474	1733.866	1734.937	10794	0	200
2022.08.30	04:00:00	1734.946	1736.945	1729.008	1731.351	13486	0	200
2022.08.30	08:00:00	1731.384	1737.851	1730.975	1732.956	15366	0	200
2022.08.30	12:00:00	1732.949	1733.392	1721.131	1726.082	27434	0	200
2022.08.30	16:00:00	1726.052	1727.049	1722.973	1723.173	13341	0	200
2022.08.30	20:00:00	1723.143	1724.472	1722.275	1723.304	3453	0	200
2022.08.31	00:00:00	1723.302	1724.434	1720.557	1723.951	9986	0	200
2022.08.31	04:00:00	1723.959	1726.483	1719.391	1720.928	12727	0	200
2022.08.31	08:00:00	1720.893	1721.819	1709.559	1713.931	19392	0	200
2022.08.31	12:00:00	1713.900	1723.459	1709.784	1718.681	30661	0	200
2022.08.31	16:00:00	1718.712	1719.076	1709.713	1710.065	13616	0	200
2022.08.31	20:00:00	1710.096	1711.372	1705.480	1708.952	6821	0	200
2022.09.01	00:00:00	1708.919	1708.919	1702.251	1704.638	13147	0	200
2022.09.01	04:00:00	1704.606	1708.488	1702.653	1705.017	12963	0	200
2022.09.01	08:00:00	1704.986	1708.603	1699.900	1701.764	17086	0	200
2022.09.01	12:00:00	1701.732	1704.060	1688.723	1695.483	35055	0	200
2022.09.01	16:00:00	1695.452	1699.602	1694.402	1694.657	14858	0	200
2022.09.01	20:00:00	1694.623	1697.848	1694.295	1697.207	4042	0	200
2022.09.02	00:00:00	1697.174	1700.293	1696.266	1699.513	10416	0	200
2022.09.02	04:00:00	1699.518	1704.475	1698.585	1703.644	11655	0	200
2022.09.02	08:00:00	1703.626	1707.300	1702.065	1705.790	12819	0	200
2022.09.02	12:00:00	1705.772	1717.932	1704.121	1716.129	38918	0	200
2022.09.02	16:00:00	1716.130	1716.414	1708.787	1709.577	15869	0	200
2022.09.02	20:00:00	1709.547	1712.892	1709.254	1712.532	1537	0	200
2022.09.04	20:00:00	1711.024	1711.509	1707.899	1707.958	3101	0	200
2022.09.05	00:00:00	1707.929	1712.766	1707.720	1711.997	11247	0	200
2022.09.05	04:00:00	1712.011	1714.015	1708.156	1710.772	12257	0	200
2022.09.05	08:00:00	1710.706	1715.705	1710.463	1713.617	12586	0	200
2022.09.05	12:00:00	1713.585	1713.763	1709.987	1710.449	11275	0	200
2022.09.05	16:00:00	1710.414	1712.045	1710.151	1711.551	1629	0	200
2022.09.05	20:00:00	1709.695	1714.353	1709.663	1713.927	2598	0	200
2022.09.06	00:00:00	1713.921	1726.337	1713.563	1717.745	13707	0	200
2022.09.06	04:00:00	1717.780	1720.740	1713.467	1715.743	14198	0	200
2022.09.06	08:00:00	1715.721	1716.021	1710.649	1714.551	15296	0	200
2022.09.06	12:00:00	1714.553	1714.970	1701.116	1703.015	31965	0	200
2022.09.06	16:00:00	1703.011	1704.338	1699.751	1700.080	15315	0	200
2022.09.06	20:00:00	1700.050	1703.837	1699.924	1703.478	4977	0	200
2022.09.07	00:00:00	1703.475	1703.801	1692.425	1693.365	16202	0	200
2022.09.07	04:00:00	1693.332	1703.660	1691.358	1703.182	16114	0	200
2022.09.07	08:00:00	1703.214	1707.165	1700.273	1701.064	17697	0	200
2022.09.07	12:00:00	1701.062	1713.411	1697.023	1710.456	26271	0	200
2022.09.07	16:00:00	1710.426	1719.193	1709.488	1717.233	14645	0	200
2022.09.07	20:00:00	1717.198	1719.426	1716.043	1716.553	4702	0	200
2022.09.08	00:00:00	1716.548	1719.265	1713.491	1714.414	13105	0	200
2022.09.08	04:00:00	1714.417	1722.778	1713.856	1717.592	15215	0	200
2022.09.08	08:00:00	1717.611	1727.938	1716.151	1723.762	18185	0	200
2022.09.08	12:00:00	1723.759	1726.585	1703.814	1707.148	40663	0	200
2022.09.08	16:00:00	1707.119	1711.573	1704.803	1706.764	15267	0	200
2022.09.08	20:00:00	1706.766	1710.889	1706.766	1710.648	3695	0	200
2022.09.09	00:00:00	1710.618	1720.582	1709.683	1719.224	12107	0	200
2022.09.09	04:00:00	1719.259	1729.238	1718.179	1727.240	15495	0	200
2022.09.09	08:00:00	1727.208	1729.336	1719.697	1720.759	19355	0	200
2022.09.09	12:00:00	1720.781	1722.471	1711.327	1716.788	27613	0	200
2022.09.09	16:00:00	1716.801	1720.270	1714.539	1715.661	11172	0	200
2022.09.09	20:00:00	1715.626	1718.016	1715.371	1717.186	1380	0	200
2022.09.11	20:00:00	1718.402	1720.155	1716.742	1718.396	3416	0	200
2022.09.12	00:00:00	1718.365	1718.694	1712.226	1713.598	9984	0	200
2022.09.12	04:00:00	1713.589	1726.470	1711.946	1724.353	15265	0	200
2022.09.12	08:00:00	1724.344	1729.866	1721.857	1729.537	18068	0	200
2022.09.12	12:00:00	1729.570	1735.081	1723.446	1734.214	29999	0	200
2022.09.12	16:00:00	1734.244	1734.806	1723.719	1724.433	15021	0	200
2022.09.12	20:00:00	1724.403	1726.375	1724.052	1725.246	4151	0	200
2022.09.13	00:00:00	1725.236	1727.540	1720.712	1721.335	12958	0	200
2022.09.13	04:00:00	1721.331	1725.324	1719.994	1723.826	12895	0	200
2022.09.13	08:00:00	1723.830	1731.429	1721.890	1729.708	16034	0	200
2022.09.13	12:00:00	1729.676	1731.772	1696.943	1700.930	51031	0	200
2022.09.13	16:00:00	1700.947	1707.259	1700.573	1702.432	16109	0	200
2022.09.13	20:00:00	1702.469	1703.274	1700.646	1702.097	5539	0	200
2022.09.14	00:00:00	1702.141	1703.559	1697.196	1700.376	15307	0	200
2022.09.14	04:00:00	1700.400	1705.068	1698.832	1703.143	19030	0	200
2022.09.14	08:00:00	1703.113	1706.089	1701.007	1701.591	18372	0	200
2022.09.14	12:00:00	1701.568	1707.068	1698.993	1703.606	28082	0	200
2022.09.14	16:00:00	1703.636	1703.774	1693.596	1695.624	14560	0	200
2022.09.14	20:00:00	1695.587	1698.167	1695.193	1697.512	4210	0	200
2022.09.15	00:00:00	1697.494	1697.775	1690.201	1692.699	10370	0	200
2022.09.15	04:00:00	1692.702	1693.242	1685.335	1689.789	13992	0	200
2022.09.15	08:00:00	1689.758	1691.204	1683.765	1686.315	17031	0	200
2022.09.15	12:00:00	1686.332	1692.102	1663.180	1664.369	39652	0	200
2022.09.15	16:00:00	1664.339	1669.239	1660.181	1663.870	17119	0	200
2022.09.15	20:00:00	1663.900	1665.375	1661.286	1662.357	5685	0	200
2022.09.16	00:00:00	1662.336	1667.659	1661.231	1664.318	12552	0	200
2022.09.16	04:00:00	1664.323	1665.408	1654.095	1655.707	14688	0	200
2022.09.16	08:00:00	1655.718	1667.826	1654.107	1665.374	17797	0	200
2022.09.16	12:00:00	1665.406	1680.173	1657.129	1673.890	34739	0	200
2022.09.16	16:00:00	1673.903	1677.674	1671.050	1673.196	14040	0	200
2022.09.16	20:00:00	1673.165	1676.250	1673.035	1675.286	1754	0	200
2022.09.18	20:00:00	1674.412	1679.963	1673.966	1677.946	4036	0	200
2022.09.19	00:00:00	1677.914	1678.740	1668.178	1669.190	10944	0	200
2022.09.19	04:00:00	1669.189	1669.668	1659.622	1662.702	12708	0	200
2022.09.19	08:00:00	1662.726	1666.657	1660.646	1661.900	15900	0	200
2022.09.19	12:00:00	1661.936	1675.291	1661.284	1670.616	27738	0	200
2022.09.19	16:00:00	1670.648	1674.725	1668.839	1674.523	13141	0	200
2022.09.19	20:00:00	1674.491	1676.043	1674.146	1675.752	4212	0	200
2022.09.20	00:00:00	1675.744	1679.430	1673.350	1676.951	12029	0	200
2022.09.20	04:00:00	1676.955	1677.185	1670.216	1672.554	14208	0	200
2022.09.20	08:00:00	1672.520	1672.520	1666.092	1668.769	15687	0	200
2022.09.20	12:00:00	1668.801	1669.228	1659.913	1665.545	26700	0	200
2022.09.20	16:00:00	1665.575	1666.242	1661.539	1664.980	14481	0	200
2022.09.20	20:00:00	1664.976	1666.661	1664.144	1666.400	4074	0	200
2022.09.21	00:00:00	1666.392	1667.433	1662.848	1663.743	11087	0	200
2022.09.21	04:00:00	1663.736	1675.993	1661.686	1670.981	17580	0	200
2022.09.21	08:00:00	1670.950	1677.344	1669.413	1675.130	14752	0	200
2022.09.21	12:00:00	1675.138	1676.267	1665.724	1667.512	23622	0	200
2022.09.21	16:00:00	1667.489	1688.033	1653.772	1672.449	66943	0	200
2022.09.21	20:00:00	1672.418	1674.760	1665.847	1667.043	7305	0	200
2022.09.22	00:00:00	1667.040	1667.143	1656.743	1660.488	17772	0	200
2022.09.22	04:00:00	1660.491	1663.660	1655.508	1658.849	18158	0	200
2022.09.22	08:00:00	1658.880	1677.910	1657.913	1672.187	37487	0	200
2022.09.22	12:00:00	1672.165	1684.833	1667.916	1671.452	42422	0	200
2022.09.22	16:00:00	1671.485	1676.339	1669.322	1671.802	18749	0	200
2022.09.22	20:00:00	1671.832	1672.904	1670.488	1672.724	4292	0	200
2022.09.23	00:00:00	1672.737	1675.933	1668.558	1669.122	11137	0	200
2022.09.23	04:00:00	1669.154	1674.125	1666.332	1667.355	15181	0	200
2022.09.23	08:00:00	1667.388	1668.282	1640.853	1647.682	31093	0	200
2022.09.23	12:00:00	1647.649	1657.593	1641.403	1646.197	40096	0	200
2022.09.23	16:00:00	1646.208	1648.439	1639.714	1642.958	18938	0	200
2022.09.23	20:00:00	1642.989	1645.147	1642.957	1643.877	2085	0	200
2022.09.25	20:00:00	1643.172	1645.673	1640.355	1644.054	5574	0	200
2022.09.26	00:00:00	1644.085	1645.873	1626.434	1638.445	34736	0	200
2022.09.26	04:00:00	1638.462	1649.598	1634.622	1644.040	25128	0	200
2022.09.26	08:00:00	1644.071	1647.525	1636.161	1639.939	22684	0	200
2022.09.26	12:00:00	1639.972	1648.276	1634.084	1634.363	34179	0	200
2022.09.26	16:00:00	1634.335	1635.179	1621.473	1624.189	26415	0	200
2022.09.26	20:00:00	1624.220	1628.649	1621.048	1627.669	7606	0	200
2022.09.27	00:00:00	1627.637	1632.975	1627.554	1631.177	15306	0	200
2022.09.27	04:00:00	1631.174	1640.572	1630.911	1637.287	16310	0	200
2022.09.27	08:00:00	1637.255	1642.334	1632.429	1636.678	19548	0	200
2022.09.27	12:00:00	1636.677	1640.462	1631.841	1634.075	35407	0	200
2022.09.27	16:00:00	1634.105	1634.125	1626.649	1627.256	21774	0	200
2022.09.27	20:00:00	1627.287	1630.331	1627.287	1628.797	5880	0	200
2022.09.28	00:00:00	1628.795	1630.540	1623.008	1624.619	15853	0	200
2022.09.28	04:00:00	1624.623	1625.661	1614.427	1621.862	18579	0	200
2022.09.28	08:00:00	1621.898	1631.560	1615.856	1624.394	36582	0	200
2022.09.28	12:00:00	1624.403	1659.818	1624.165	1658.727	48588	0	200
2022.09.28	16:00:00	1658.761	1662.660	1655.215	1660.609	21867	0	200
2022.09.28	20:00:00	1660.640	1660.676	1656.115	1656.115	6095	0	200
2022.09.29	00:00:00	1656.147	1659.330	1651.978	1654.333	16072	0	200
2022.09.29	04:00:00	1654.372	1654.473	1641.435	1644.910	20459	0	200
2022.09.29	08:00:00	1644.880	1652.178	1643.411	1651.396	24100	0	200
2022.09.29	12:00:00	1651.430	1661.925	1644.461	1659.914	43725	0	200
2022.09.29	16:00:00	1659.882	1664.803	1657.199	1661.092	20688	0	200
2022.09.29	20:00:00	1661.061	1665.171	1659.574	1664.567	7500	0	200
2022.09.30	00:00:00	1664.576	1665.252	1659.198	1662.181	15602	0	200
2022.09.30	04:00:00	1662.183	1674.177	1661.167	1673.113	18861	0	200
2022.09.30	08:00:00	1673.098	1674.056	1662.617	1663.260	23146	0	200
2022.09.30	12:00:00	1663.293	1675.424	1661.952	1671.290	41378	0	200
2022.09.30	16:00:00	1671.320	1671.676	1660.055	1661.775	20183	0	200
2022.09.30	20:00:00	1661.745	1662.489	1660.540	1660.963	2324	0	200
2022.10.02	20:00:00	1664.009	1665.394	1663.255	1664.152	4625	0	200
2022.10.03	00:00:00	1664.122	1669.448	1663.445	1663.917	12431	0	200
2022.10.03	04:00:00	1663.925	1668.288	1661.744	1663.732	18354	0	200
2022.10.03	08:00:00	1663.689	1666.832	1659.578	1666.146	19772	0	200
2022.10.03	12:00:00	1666.178	1694.092	1663.788	1690.313	46611	0	200
2022.10.03	16:00:00	1690.344	1701.393	1687.257	1700.771	21448	0	200
2022.10.03	20:00:00	1700.739	1702.553	1698.168	1700.996	7551	0	200
2022.10.04	00:00:00	1701.000	1701.155	1695.125	1699.695	13603	0	200
2022.10.04	04:00:00	1699.717	1710.488	1697.434	1708.084	20119	0	200
2022.10.04	08:00:00	1708.067	1712.252	1700.399	1705.833	22165	0	200
2022.10.04	12:00:00	1705.802	1728.850	1703.976	1725.718	38250	0	200
2022.10.04	16:00:00	1725.749	1729.469	1719.980	1724.850	21196	0	200
2022.10.04	20:00:00	1724.817	1726.401	1723.730	1725.563	5175	0	200
2022.10.05	00:00:00	1725.562	1725.646	1717.838	1719.319	14554	0	200
2022.10.05	04:00:00	1719.315	1727.552	1715.019	1716.296	17394	0	200
2022.10.05	08:00:00	1716.326	1716.435	1703.120	1706.154	21909	0	200
2022.10.05	12:00:00	1706.120	1714.136	1700.445	1709.047	39741	0	200
2022.10.05	16:00:00	1709.081	1718.603	1707.579	1716.115	19190	0	200
2022.10.05	20:00:00	1716.146	1718.839	1714.782	1718.379	5410	0	200
2022.10.06	00:00:00	1718.416	1724.201	1717.977	1722.210	14538	0	200
2022.10.06	04:00:00	1722.199	1725.491	1719.695	1724.629	16452	0	200
2022.10.06	08:00:00	1724.598	1724.798	1710.844	1714.887	20679	0	200
2022.10.06	12:00:00	1714.881	1719.422	1708.167	1708.184	34799	0	200
2022.10.06	16:00:00	1708.171	1715.130	1706.888	1714.373	17575	0	200
2022.10.06	20:00:00	1714.342	1714.609	1710.871	1711.869	4835	0	200
2022.10.07	00:00:00	1711.890	1713.357	1709.101	1709.821	12864	0	200
2022.10.07	04:00:00	1709.806	1714.030	1708.378	1710.847	15320	0	200
2022.10.07	08:00:00	1710.863	1714.764	1706.192	1709.188	16505	0	200
2022.10.07	12:00:00	1709.144	1713.339	1690.453	1703.144	51312	0	200
2022.10.07	16:00:00	1703.136	1707.178	1693.165	1695.621	18146	0	200
2022.10.07	20:00:00	1695.588	1695.888	1694.369	1695.001	1889	0	200
2022.10.09	20:00:00	1696.236	1699.857	1695.794	1696.694	4572	0	200
2022.10.10	00:00:00	1696.695	1697.232	1686.897	1688.871	15711	0	200
2022.10.10	04:00:00	1688.857	1689.566	1682.119	1682.724	15781	0	200
2022.10.10	08:00:00	1682.722	1684.477	1673.812	1676.987	19654	0	200
2022.10.10	12:00:00	1676.981	1679.131	1665.618	1666.868	30515	0	200
2022.10.10	16:00:00	1666.841	1671.589	1666.748	1668.964	15815	0	200
2022.10.10	20:00:00	1668.995	1670.221	1667.450	1670.131	4052	0	200
2022.10.11	00:00:00	1670.100	1673.527	1661.312	1664.134	16824	0	200
2022.10.11	04:00:00	1664.126	1669.620	1661.757	1664.656	19273	0	200
2022.10.11	08:00:00	1664.633	1670.621	1660.867	1670.197	22328	0	200
2022.10.11	12:00:00	1670.154	1681.728	1663.399	1681.555	33962	0	200
2022.10.11	16:00:00	1681.585	1683.879	1663.720	1666.425	25360	0	200
2022.10.11	20:00:00	1666.464	1667.449	1663.881	1664.037	4973	0	200
2022.10.12	00:00:00	1664.015	1666.831	1661.379	1665.308	16212	0	200
2022.10.12	04:00:00	1665.318	1675.218	1664.761	1668.944	23159	0	200
2022.10.12	08:00:00	1668.913	1673.289	1667.734	1668.465	19265	0	200
2022.10.12	12:00:00	1668.496	1673.159	1664.727	1669.458	34074	0	200
2022.10.12	16:00:00	1669.452	1678.298	1667.663	1675.141	21553	0	200
2022.10.12	20:00:00	1675.111	1675.579	1672.523	1674.483	3852	0	200
2022.10.13	00:00:00	1674.460	1675.422	1668.988	1669.253	10707	0	200
2022.10.13	04:00:00	1669.255	1672.425	1666.987	1672.278	12035	0	200
2022.10.13	08:00:00	1672.263	1682.360	1670.637	1678.743	18989	0	200
2022.10.13	12:00:00	1678.712	1678.880	1642.337	1665.661	77241	0	200
2022.10.13	16:00:00	1665.694	1672.460	1662.883	1663.870	28235	0	200
2022.10.13	20:00:00	1663.839	1666.587	1662.894	1663.441	5164	0	200
2022.10.14	00:00:00	1663.418	1670.208	1658.996	1668.996	16484	0	200
2022.10.14	04:00:00	1669.022	1671.694	1663.568	1667.013	17723	0	200
2022.10.14	08:00:00	1667.023	1667.117	1650.189	1654.891	25308	0	200
2022.10.14	12:00:00	1654.923	1663.959	1644.686	1644.686	44071	0	200
2022.10.14	16:00:00	1644.652	1648.855	1640.123	1642.844	20854	0	200
2022.10.14	20:00:00	1642.876	1644.720	1642.654	1644.267	1861	0	200
2022.10.16	20:00:00	1646.163	1647.656	1644.094	1647.470	4635	0	200
2022.10.17	00:00:00	1647.455	1652.606	1646.361	1650.156	12523	0	200
2022.10.17	04:00:00	1650.155	1657.392	1648.330	1655.983	16335	0	200
2022.10.17	08:00:00	1655.919	1660.401	1652.910	1657.972	18382	0	200
2022.10.17	12:00:00	1657.939	1668.339	1657.032	1663.282	29122	0	200
2022.10.17	16:00:00	1663.248	1663.393	1646.581	1647.926	15887	0	200
2022.10.17	20:00:00	1647.934	1651.469	1647.702	1650.698	5037	0	200
2022.10.18	00:00:00	1650.730	1653.508	1648.910	1652.452	12269	0	200
2022.10.18	04:00:00	1652.464	1660.853	1651.148	1656.356	18358	0	200
2022.10.18	08:00:00	1656.325	1657.537	1648.524	1652.866	20841	0	200
2022.10.18	12:00:00	1652.900	1657.334	1645.810	1649.775	29481	0	200
2022.10.18	16:00:00	1649.755	1652.721	1648.116	1651.365	18729	0	200
2022.10.18	20:00:00	1651.333	1654.466	1650.673	1652.305	4714	0	200
2022.10.19	00:00:00	1652.304	1653.366	1649.026	1649.241	11843	0	200
2022.10.19	04:00:00	1649.273	1649.456	1637.425	1644.742	16773	0	200
2022.10.19	08:00:00	1644.772	1644.814	1631.849	1635.249	21324	0	200
2022.10.19	12:00:00	1635.216	1637.703	1630.342	1630.492	31768	0	200
2022.10.19	16:00:00	1630.508	1631.199	1627.661	1629.494	17291	0	200
2022.10.19	20:00:00	1629.533	1630.302	1626.464	1627.097	4930	0	200
2022.10.20	00:00:00	1627.064	1629.339	1622.403	1626.219	13176	0	200
2022.10.20	04:00:00	1626.217	1634.975	1625.126	1632.732	19217	0	200
2022.10.20	08:00:00	1632.775	1639.244	1628.718	1637.331	18637	0	200
2022.10.20	12:00:00	1637.340	1645.570	1630.348	1641.274	33348	0	200
2022.10.20	16:00:00	1641.278	1641.450	1624.715	1626.845	18420	0	200
2022.10.20	20:00:00	1626.877	1628.397	1625.347	1626.980	5069	0	200
2022.10.21	00:00:00	1626.979	1628.266	1620.630	1621.594	12180	0	200
2022.10.21	04:00:00	1621.593	1627.252	1616.886	1623.781	16096	0	200
2022.10.21	08:00:00	1623.773	1627.999	1619.183	1623.141	19557	0	200
2022.10.21	12:00:00	1623.130	1650.951	1619.148	1650.875	72227	0	200
2022.10.21	16:00:00	1650.842	1657.042	1647.339	1655.233	31429	0	200
2022.10.21	20:00:00	1655.202	1658.087	1654.011	1657.806	2837	0	200
2022.10.23	20:00:00	1659.975	1670.806	1656.610	1661.251	20028	0	200
2022.10.24	00:00:00	1661.219	1663.306	1651.907	1654.010	22092	0	200
2022.10.24	04:00:00	1654.012	1658.650	1648.863	1649.232	20311	0	200
2022.10.24	08:00:00	1649.263	1652.302	1644.181	1650.034	24533	0	200
2022.10.24	12:00:00	1650.003	1654.400	1643.903	1651.793	39524	0	200
2022.10.24	16:00:00	1651.789	1652.632	1647.724	1650.328	14658	0	200
2022.10.24	20:00:00	1650.295	1652.547	1648.887	1651.742	5186	0	200
2022.10.25	00:00:00	1651.773	1654.862	1647.173	1651.593	16730	0	200
2022.10.25	04:00:00	1651.562	1652.190	1644.435	1645.149	14740	0	200
2022.10.25	08:00:00	1645.153	1648.283	1638.121	1643.788	17848	0	200
2022.10.25	12:00:00	1643.793	1662.281	1639.014	1656.011	35138	0	200
2022.10.25	16:00:00	1655.981	1657.091	1652.079	1653.967	16108	0	200
2022.10.25	20:00:00	1653.931	1653.931	1651.066	1652.755	6532	0	200
2022.10.26	00:00:00	1652.765	1657.577	1649.733	1657.007	14363	0	200
2022.10.26	04:00:00	1657.009	1671.475	1655.140	1670.899	17660	0	200
2022.10.26	08:00:00	1670.934	1674.834	1666.645	1668.456	20261	0	200
2022.10.26	12:00:00	1668.447	1672.607	1660.561	1667.116	33811	0	200
2022.10.26	16:00:00	1667.145	1668.947	1663.540	1664.709	17906	0	200
2022.10.26	20:00:00	1664.748	1667.555	1663.237	1667.513	6045	0	200
2022.10.27	00:00:00	1667.524	1670.754	1662.268	1664.586	14779	0	200
2022.10.27	04:00:00	1664.587	1669.652	1659.024	1662.684	16977	0	200
2022.10.27	08:00:00	1662.715	1666.660	1659.822	1661.968	17307	0	200
2022.10.27	12:00:00	1661.936	1665.700	1654.798	1661.206	47329	0	200
2022.10.27	16:00:00	1661.175	1662.570	1656.722	1662.295	17478	0	200
2022.10.27	20:00:00	1662.264	1663.441	1661.003	1661.862	8529	0	200
2022.10.28	00:00:00	1661.861	1666.992	1660.504	1664.725	14912	0	200
2022.10.28	04:00:00	1664.756	1665.391	1651.424	1652.673	17520	0	200
2022.10.28	08:00:00	1652.695	1653.797	1646.282	1650.372	20150	0	200
2022.10.28	12:00:00	1650.404	1652.797	1637.811	1639.600	41293	0	200
2022.10.28	16:00:00	1639.607	1645.203	1638.854	1645.152	14133	0	200
2022.10.28	20:00:00	1645.115	1645.872	1643.762	1644.598	1832	0	200
2022.10.30	20:00:00	1643.727	1645.373	1643.003	1643.446	4695	0	200
2022.10.31	00:00:00	1643.413	1645.054	1640.630	1644.333	11280	0	200
2022.10.31	04:00:00	1644.323	1645.560	1640.426	1641.125	11701	0	200
2022.10.31	08:00:00	1641.132	1642.019	1635.609	1639.772	16574	0	200
2022.10.31	12:00:00	1639.742	1642.036	1633.354	1638.937	25685	0	200
2022.10.31	16:00:00	1638.969	1640.282	1631.677	1632.029	15597	0	200
2022.10.31	20:00:00	1632.064	1633.786	1631.787	1632.416	5471	0	200
2022.11.01	00:00:00	1632.419	1639.949	1630.689	1637.484	13774	0	200
2022.11.01	04:00:00	1637.515	1649.861	1636.485	1645.208	16660	0	200
2022.11.01	08:00:00	1645.242	1655.241	1645.206	1652.188	18375	0	200
2022.11.01	12:00:00	1652.221	1656.969	1642.026	1644.387	36986	0	200
2022.11.01	16:00:00	1644.350	1651.059	1642.868	1648.154	19211	0	200
2022.11.01	20:00:00	1648.123	1648.355	1645.988	1646.772	4633	0	200
2022.11.02	00:00:00	1646.804	1653.288	1646.624	1650.692	13634	0	200
2022.11.02	04:00:00	1650.736	1653.353	1649.288	1652.783	12736	0	200
2022.11.02	08:00:00	1652.796	1656.907	1651.869	1655.179	15550	0	200
2022.11.02	12:00:00	1655.176	1658.829	1645.625	1646.384	24979	0	200
2022.11.02	16:00:00	1646.391	1669.428	1635.653	1636.900	62499	0	200
2022.11.02	20:00:00	1636.865	1638.141	1631.800	1633.721	7685	0	200
2022.11.03	00:00:00	1633.718	1640.911	1632.747	1637.630	13527	0	200
2022.11.03	04:00:00	1637.661	1638.844	1628.338	1629.926	14408	0	200
2022.11.03	08:00:00	1629.913	1629.987	1616.624	1619.817	22585	0	200
2022.11.03	12:00:00	1619.783	1631.572	1617.074	1625.864	44138	0	200
2022.11.03	16:00:00	1625.861	1632.292	1624.869	1630.847	16290	0	200
2022.11.03	20:00:00	1630.903	1631.198	1628.616	1629.737	4119	0	200
2022.11.04	00:00:00	1629.771	1640.044	1629.315	1639.144	12993	0	200
2022.11.04	04:00:00	1639.114	1649.705	1638.568	1644.869	19153	0	200
2022.11.04	08:00:00	1644.905	1653.416	1643.710	1651.369	21798	0	200
2022.11.04	12:00:00	1651.344	1675.381	1641.511	1671.102	53565	0	200
2022.11.04	16:00:00	1671.133	1681.665	1667.702	1680.768	23563	0	200
2022.11.04	20:00:00	1680.737	1681.614	1679.623	1680.966	2114	0	200
2022.11.06	20:00:00	1675.168	1680.309	1672.277	1672.660	5337	0	200
2022.11.07	00:00:00	1672.698	1675.299	1670.319	1673.506	17469	0	200
2022.11.07	04:00:00	1673.499	1674.787	1666.852	1668.089	14784	0	200
2022.11.07	08:00:00	1668.068	1680.350	1667.010	1676.972	19285	0	200
2022.11.07	12:00:00	1676.939	1681.865	1673.353	1678.932	28797	0	200
2022.11.07	16:00:00	1678.964	1680.225	1675.080	1675.377	16424	0	200
2022.11.07	20:00:00	1675.425	1676.218	1673.584	1674.072	6353	0	200
2022.11.08	00:00:00	1674.084	1676.670	1672.138	1672.815	12156	0	200
2022.11.08	04:00:00	1672.820	1673.408	1668.123	1670.292	12463	0	200
2022.11.08	08:00:00	1670.326	1673.309	1664.487	1672.572	16873	0	200
2022.11.08	12:00:00	1672.598	1714.146	1669.983	1713.058	38329	0	200
2022.11.08	16:00:00	1713.091	1716.901	1708.272	1711.620	28488	0	200
2022.11.08	20:00:00	1711.652	1713.346	1710.692	1711.587	10207	0	200
2022.11.09	00:00:00	1711.583	1712.480	1706.969	1709.252	15641	0	200
2022.11.09	04:00:00	1709.226	1712.699	1707.407	1711.618	16103	0	200
2022.11.09	08:00:00	1711.652	1715.772	1703.868	1708.744	21823	0	200
2022.11.09	12:00:00	1708.774	1722.291	1702.905	1711.506	37917	0	200
2022.11.09	16:00:00	1711.539	1714.360	1702.124	1703.740	23073	0	200
2022.11.09	20:00:00	1703.759	1707.436	1703.349	1706.450	9856	0	200
2022.11.10	00:00:00	1706.469	1710.094	1705.077	1709.354	14597	0	200
2022.11.10	04:00:00	1709.362	1712.527	1705.264	1705.846	14742	0	200
2022.11.10	08:00:00	1705.877	1710.162	1703.980	1707.360	20167	0	200
2022.11.10	12:00:00	1707.397	1753.262	1706.852	1750.944	58666	0	200
2022.11.10	16:00:00	1750.912	1754.735	1743.508	1754.088	25890	0	200
2022.11.10	20:00:00	1754.058	1757.196	1752.043	1752.196	11317	0	200
2022.11.11	00:00:00	1752.192	1753.383	1747.230	1751.292	16936	0	200
2022.11.11	04:00:00	1751.294	1764.308	1749.759	1760.985	23368	0	200
2022.11.11	08:00:00	1760.954	1766.541	1754.973	1759.276	29098	0	200
2022.11.11	12:00:00	1759.310	1766.046	1755.506	1763.677	33479	0	200
2022.11.11	16:00:00	1763.707	1768.042	1759.618	1768.042	19928	0	200
2022.11.11	20:00:00	1768.008	1772.822	1765.394	1770.992	6827	0	200
2022.11.13	20:00:00	1763.488	1764.891	1761.422	1763.439	4142	0	200
2022.11.14	00:00:00	1763.447	1766.277	1760.828	1763.414	19986	0	200
2022.11.14	04:00:00	1763.423	1763.705	1757.904	1762.279	17587	0	200
2022.11.14	08:00:00	1762.247	1766.126	1753.101	1756.305	22209	0	200
2022.11.14	12:00:00	1756.267	1775.007	1755.473	1771.461	29418	0	200
2022.11.14	16:00:00	1771.483	1773.885	1766.500	1772.860	18145	0	200
2022.11.14	20:00:00	1772.890	1774.395	1769.181	1769.481	7284	0	200
2022.11.15	00:00:00	1769.516	1772.303	1767.047	1771.229	14331	0	200
2022.11.15	04:00:00	1771.197	1784.208	1768.673	1782.840	16508	0	200
2022.11.15	08:00:00	1782.874	1783.011	1772.941	1776.819	21999	0	200
2022.11.15	12:00:00	1776.861	1786.472	1768.195	1771.141	44995	0	200
2022.11.15	16:00:00	1771.108	1785.724	1767.952	1778.494	44647	0	200
2022.11.15	20:00:00	1778.524	1781.192	1776.695	1780.746	11947	0	200
2022.11.16	00:00:00	1780.774	1781.399	1771.691	1771.834	20593	0	200
2022.11.16	04:00:00	1771.845	1777.691	1770.272	1776.719	18818	0	200
2022.11.16	08:00:00	1776.750	1784.992	1775.883	1783.449	21150	0	200
2022.11.16	12:00:00	1783.417	1783.486	1772.927	1779.604	34857	0	200
2022.11.16	16:00:00	1779.635	1779.996	1770.898	1774.443	18685	0	200
2022.11.16	20:00:00	1774.434	1776.128	1772.977	1773.843	7807	0	200
2022.11.17	00:00:00	1773.862	1774.762	1763.040	1763.888	13634	0	200
2022.11.17	04:00:00	1763.884	1768.993	1761.256	1766.932	14779	0	200
2022.11.17	08:00:00	1766.964	1770.990	1761.455	1765.534	22164	0	200
2022.11.17	12:00:00	1765.565	1767.519	1754.443	1760.195	35724	0	200
2022.11.17	16:00:00	1760.204	1762.301	1755.409	1760.787	17843	0	200
2022.11.17	20:00:00	1760.756	1761.365	1759.341	1760.058	7118	0	200
2022.11.18	00:00:00	1760.026	1765.676	1759.942	1764.810	12282	0	200
2022.11.18	04:00:00	1764.812	1766.857	1761.111	1765.532	12824	0	200
2022.11.18	08:00:00	1765.498	1767.674	1759.912	1760.310	19436	0	200
2022.11.18	12:00:00	1760.268	1764.116	1749.882	1757.280	27841	0	200
2022.11.18	16:00:00	1757.246	1757.908	1747.487	1748.353	16137	0	200
2022.11.18	20:00:00	1748.322	1751.078	1747.592	1750.852	4849	0	200
2022.11.20	20:00:00	1751.196	1752.595	1750.869	1752.261	2432	0	200
2022.11.21	00:00:00	1752.256	1752.986	1743.817	1746.782	14968	0	200
2022.11.21	04:00:00	1746.807	1747.418	1741.968	1742.496	16462	0	200
2022.11.21	08:00:00	1742.531	1744.132	1736.953	1740.006	18840	0	200
2022.11.21	12:00:00	1740.001	1746.838	1735.876	1736.655	26636	0	200
2022.11.21	16:00:00	1736.659	1739.619	1732.473	1735.388	17444	0	200
2022.11.21	20:00:00	1735.379	1739.282	1735.379	1738.506	6801	0	200
2022.11.22	00:00:00	1738.513	1744.987	1738.021	1744.184	12134	0	200
2022.11.22	04:00:00	1744.171	1745.590	1740.288	1743.093	14730	0	200
2022.11.22	08:00:00	1743.062	1749.596	1741.933	1748.512	21389	0	200
2022.11.22	12:00:00	1748.549	1748.549	1741.510	1741.833	22481	0	200
2022.11.22	16:00:00	1741.841	1742.166	1737.008	1738.221	13944	0	200
2022.11.22	20:00:00	1738.170	1741.237	1737.246	1741.139	5022	0	200
2022.11.23	00:00:00	1741.140	1742.851	1736.674	1737.174	11189	0	200
2022.11.23	04:00:00	1737.166	1745.727	1732.665	1744.199	13799	0	200
2022.11.23	08:00:00	1744.161	1744.649	1734.374	1739.445	16503	0	200
2022.11.23	12:00:00	1739.476	1747.658	1726.319	1743.371	34523	0	200
2022.11.23	16:00:00	1743.407	1753.178	1741.101	1751.841	22283	0	200
2022.11.23	20:00:00	1751.871	1752.647	1749.077	1752.271	7794	0	200
2022.11.24	00:00:00	1752.302	1756.540	1752.297	1756.243	13726	0	200
2022.11.24	04:00:00	1756.248	1757.599	1752.577	1753.798	12469	0	200
2022.11.24	08:00:00	1753.780	1758.565	1752.402	1758.252	16009	0	200
2022.11.24	12:00:00	1758.271	1758.537	1755.099	1756.790	14929	0	200
2022.11.24	16:00:00	1756.770	1757.322	1753.592	1755.182	4795	0	200
2022.11.24	20:00:00	1754.313	1755.820	1754.313	1755.189	988	0	630
2022.11.25	00:00:00	1755.375	1759.644	1752.352	1759.516	14227	0	200
2022.11.25	04:00:00	1759.540	1761.120	1751.358	1751.419	13834	0	200
2022.11.25	08:00:00	1751.385	1754.362	1749.224	1751.011	16964	0	200
2022.11.25	12:00:00	1751.024	1752.552	1745.947	1750.301	20501	0	200
2022.11.25	16:00:00	1750.327	1756.076	1749.492	1755.969	8665	0	200
2022.11.27	20:00:00	1753.479	1754.215	1749.919	1750.900	1548	0	200
2022.11.28	00:00:00	1750.883	1753.907	1745.981	1749.618	15536	0	200
2022.11.28	04:00:00	1749.633	1754.057	1748.405	1750.758	14612	0	200
2022.11.28	08:00:00	1750.728	1763.703	1749.877	1758.609	19597	0	200
2022.11.28	12:00:00	1758.640	1759.113	1742.844	1745.444	28665	0	200
2022.11.28	16:00:00	1745.408	1746.762	1739.607	1740.238	18176	0	200
2022.11.28	20:00:00	1740.274	1742.039	1739.601	1741.231	7065	0	200
2022.11.29	00:00:00	1741.252	1750.498	1740.230	1750.434	14459	0	200
2022.11.29	04:00:00	1750.409	1755.029	1750.022	1753.903	15229	0	200
2022.11.29	08:00:00	1753.896	1758.749	1752.169	1757.304	18216	0	200
2022.11.29	12:00:00	1757.273	1757.979	1746.897	1755.149	25496	0	200
2022.11.29	16:00:00	1755.136	1755.494	1748.827	1750.227	17054	0	200
2022.11.29	20:00:00	1750.242	1750.386	1747.829	1748.884	5864	0	200
2022.11.30	00:00:00	1748.920	1754.754	1747.742	1754.744	12196	0	200
2022.11.30	04:00:00	1754.741	1756.776	1752.887	1755.141	12590	0	200
2022.11.30	08:00:00	1755.110	1763.097	1754.836	1762.171	17060	0	200
2022.11.30	12:00:00	1762.203	1764.696	1749.108	1752.565	33249	0	200
2022.11.30	16:00:00	1752.592	1768.811	1744.645	1767.739	34540	0	200
2022.11.30	20:00:00	1767.770	1773.440	1766.279	1773.332	12390	0	200
2022.12.01	00:00:00	1773.354	1780.006	1771.933	1776.573	18561	0	200
2022.12.01	04:00:00	1776.543	1783.658	1774.618	1775.374	16539	0	200
2022.12.01	08:00:00	1775.410	1781.299	1774.727	1780.469	18320	0	200
2022.12.01	12:00:00	1780.476	1804.091	1780.476	1796.444	40322	0	200
2022.12.01	16:00:00	1796.476	1803.323	1796.139	1803.295	20794	0	200
2022.12.01	20:00:00	1803.265	1804.439	1801.116	1802.253	7751	0	200
2022.12.02	00:00:00	1802.284	1802.490	1795.526	1798.165	13380	0	200
2022.12.02	04:00:00	1798.180	1802.506	1795.794	1801.664	14552	0	200
2022.12.02	08:00:00	1801.665	1802.960	1797.914	1798.455	17979	0	200
2022.12.02	12:00:00	1798.486	1800.937	1778.425	1785.690	45525	0	200
2022.12.02	16:00:00	1785.722	1798.590	1784.546	1798.516	20928	0	200
2022.12.02	20:00:00	1798.485	1799.446	1797.141	1797.945	5522	0	200
2022.12.04	20:00:00	1795.131	1799.341	1794.397	1798.946	3012	0	200
2022.12.05	00:00:00	1798.977	1808.989	1798.631	1808.575	16056	0	200
2022.12.05	04:00:00	1808.577	1809.886	1797.494	1799.861	14435	0	200
2022.12.05	08:00:00	1799.850	1800.466	1793.249	1793.825	18645	0	200
2022.12.05	12:00:00	1793.856	1798.347	1773.007	1777.890	33484	0	200
2022.12.05	16:00:00	1777.921	1779.367	1765.756	1768.129	19874	0	200
2022.12.05	20:00:00	1768.098	1770.278	1766.618	1769.348	7579	0	200
2022.12.06	00:00:00	1769.314	1776.251	1768.255	1771.976	15468	0	200
2022.12.06	04:00:00	1771.978	1774.850	1767.277	1771.542	14575	0	200
2022.12.06	08:00:00	1771.539	1778.922	1769.275	1778.908	17616	0	200
2022.12.06	12:00:00	1778.858	1780.835	1770.751	1772.522	23764	0	200
2022.12.06	16:00:00	1772.511	1776.273	1767.201	1771.336	17074	0	200
2022.12.06	20:00:00	1771.368	1772.711	1770.232	1770.915	6173	0	200
2022.12.07	00:00:00	1770.918	1775.166	1768.683	1773.148	13494	0	200
2022.12.07	04:00:00	1773.118	1775.136	1769.611	1772.790	14570	0	200
2022.12.07	08:00:00	1772.760	1775.877	1771.112	1771.420	16661	0	200
2022.12.07	12:00:00	1771.414	1787.651	1770.766	1780.516	34370	0	200
2022.12.07	16:00:00	1780.526	1790.489	1776.284	1789.797	19540	0	200
2022.12.07	20:00:00	1789.765	1790.104	1785.417	1786.964	6608	0	200
2022.12.08	00:00:00	1786.974	1788.067	1781.372	1783.872	13291	0	200
2022.12.08	04:00:00	1783.866	1787.104	1781.819	1785.908	12021	0	200
2022.12.08	08:00:00	1785.915	1785.915	1781.624	1783.678	14437	0	200
2022.12.08	12:00:00	1783.657	1794.664	1783.385	1790.210	26489	0	200
2022.12.08	16:00:00	1790.179	1792.074	1786.570	1789.531	15946	0	200
2022.12.08	20:00:00	1789.499	1790.221	1787.644	1789.207	5287	0	200
2022.12.09	00:00:00	1789.210	1795.654	1788.466	1795.186	12859	0	200
2022.12.09	04:00:00	1795.191	1797.668	1790.955	1792.727	12321	0	200
2022.12.09	08:00:00	1792.694	1801.045	1788.899	1800.377	15053	0	200
2022.12.09	12:00:00	1800.410	1805.550	1790.086	1796.796	35240	0	200
2022.12.09	16:00:00	1796.827	1806.043	1795.985	1799.687	17649	0	200
2022.12.09	20:00:00	1799.653	1799.696	1794.761	1797.455	4957	0	200
2022.12.11	20:00:00	1795.942	1796.635	1794.757	1794.954	2137	0	200
2022.12.12	00:00:00	1794.938	1794.949	1786.757	1787.476	13349	0	200
2022.12.12	04:00:00	1787.444	1791.935	1785.437	1791.216	12509	0	200
2022.12.12	08:00:00	1791.219	1795.446	1788.954	1794.344	14401	0	200
2022.12.12	12:00:00	1794.369	1794.678	1783.035	1784.871	22414	0	200
2022.12.12	16:00:00	1784.901	1785.331	1777.541	1781.518	17682	0	200
2022.12.12	20:00:00	1781.486	1782.071	1779.484	1781.893	6228	0	200
2022.12.13	00:00:00	1781.894	1786.000	1780.983	1782.452	10897	0	200
2022.12.13	04:00:00	1782.483	1788.586	1781.091	1787.932	11302	0	200
2022.12.13	08:00:00	1787.963	1788.336	1782.555	1787.493	15171	0	200
2022.12.13	12:00:00	1787.483	1824.450	1786.576	1809.694	56091	0	200
2022.12.13	16:00:00	1809.725	1815.123	1805.300	1811.366	28313	0	200
2022.12.13	20:00:00	1811.345	1812.576	1809.364	1809.588	8260	0	200
2022.12.14	00:00:00	1809.586	1812.618	1808.813	1809.935	12140	0	200
2022.12.14	04:00:00	1809.924	1813.195	1807.402	1808.943	11355	0	200
2022.12.14	08:00:00	1808.980	1810.106	1805.248	1806.645	16381	0	200
2022.12.14	12:00:00	1806.676	1812.976	1804.270	1811.898	21630	0	200
2022.12.14	16:00:00	1811.926	1812.286	1795.718	1805.085	49578	0	200
2022.12.14	20:00:00	1805.120	1814.085	1804.191	1807.616	18040	0	200
2022.12.15	00:00:00	1807.617	1807.818	1792.443	1793.096	14414	0	200
2022.12.15	04:00:00	1793.085	1796.393	1787.514	1788.881	15048	0	200
2022.12.15	08:00:00	1788.916	1789.788	1773.434	1778.913	23682	0	200
2022.12.15	12:00:00	1778.849	1786.044	1773.879	1778.905	40954	0	200
2022.12.15	16:00:00	1778.935	1779.903	1774.432	1777.823	19789	0	200
2022.12.15	20:00:00	1777.803	1778.928	1775.553	1776.490	6765	0	200
2022.12.16	00:00:00	1776.456	1784.102	1775.986	1779.470	13244	0	200
2022.12.16	04:00:00	1779.473	1784.889	1776.483	1777.268	12998	0	200
2022.12.16	08:00:00	1777.305	1785.422	1774.271	1782.426	19210	0	200
2022.12.16	12:00:00	1782.461	1793.818	1782.135	1787.821	28161	0	200
2022.12.16	16:00:00	1787.852	1793.091	1787.108	1792.874	16328	0	200
2022.12.16	20:00:00	1792.863	1794.228	1791.792	1793.062	5377	0	200
2022.12.18	20:00:00	1792.453	1793.006	1790.950	1791.017	2246	0	200
2022.12.19	00:00:00	1790.997	1796.869	1790.865	1793.805	13902	0	200
2022.12.19	04:00:00	1793.836	1794.700	1790.267	1793.271	11442	0	200
2022.12.19	08:00:00	1793.302	1798.712	1793.270	1794.849	14819	0	200
2022.12.19	12:00:00	1794.782	1795.902	1785.750	1786.091	21129	0	200
2022.12.19	16:00:00	1786.085	1790.858	1783.783	1786.794	15623	0	200
2022.12.19	20:00:00	1786.830	1788.106	1786.256	1787.255	5268	0	200
2022.12.20	00:00:00	1787.224	1796.120	1784.563	1792.234	22901	0	200
2022.12.20	04:00:00	1792.226	1795.675	1786.914	1794.072	21808	0	200
2022.12.20	08:00:00	1794.042	1809.384	1793.947	1807.678	23001	0	200
2022.12.20	12:00:00	1807.637	1821.020	1798.052	1815.245	31653	0	200
2022.12.20	16:00:00	1815.278	1820.840	1813.775	1818.619	19232	0	200
2022.12.20	20:00:00	1818.633	1819.247	1816.844	1817.199	6926	0	200
2022.12.21	00:00:00	1817.168	1819.792	1814.348	1815.112	15022	0	200
2022.12.21	04:00:00	1815.121	1816.323	1811.868	1816.323	13884	0	200
2022.12.21	08:00:00	1816.355	1817.273	1811.854	1813.676	16648	0	200
2022.12.21	12:00:00	1813.707	1823.760	1813.201	1817.783	23551	0	200
2022.12.21	16:00:00	1817.814	1818.343	1813.453	1814.337	15788	0	200
2022.12.21	20:00:00	1814.368	1815.548	1812.782	1814.892	6023	0	200
2022.12.22	00:00:00	1814.856	1820.106	1814.583	1819.477	13122	0	200
2022.12.22	04:00:00	1819.476	1820.365	1813.626	1816.943	11627	0	200
2022.12.22	08:00:00	1816.908	1819.565	1813.734	1815.855	14909	0	200
2022.12.22	12:00:00	1815.848	1819.864	1794.476	1795.557	31625	0	200
2022.12.22	16:00:00	1795.577	1797.461	1784.764	1788.995	20040	0	200
2022.12.22	20:00:00	1788.998	1795.049	1788.501	1793.440	8082	0	200
2022.12.23	00:00:00	1793.461	1795.519	1791.269	1792.746	12162	0	200
2022.12.23	04:00:00	1792.773	1798.220	1792.479	1797.621	11180	0	200
2022.12.23	08:00:00	1797.595	1799.592	1795.021	1797.736	13793	0	200
2022.12.23	12:00:00	1797.740	1801.104	1791.140	1800.527	29091	0	200
2022.12.23	16:00:00	1800.523	1803.194	1793.580	1797.186	15240	0	200
2022.12.23	20:00:00	1797.191	1798.785	1795.530	1798.469	3945	0	200
2022.12.26	20:00:00	1799.575	1803.087	1799.248	1800.842	1600	0	1955
2022.12.27	00:00:00	1800.845	1806.410	1800.238	1804.517	11118	0	200
2022.12.27	04:00:00	1804.531	1808.346	1803.707	1805.569	10923	0	200
2022.12.27	08:00:00	1805.600	1810.479	1805.563	1809.790	13016	0	200
2022.12.27	12:00:00	1809.759	1832.979	1802.291	1824.588	29528	0	200
2022.12.27	16:00:00	1824.619	1826.289	1810.391	1812.975	21547	0	200
2022.12.27	20:00:00	1812.977	1814.791	1812.270	1812.353	5732	0	200
2022.12.28	00:00:00	1812.377	1814.566	1809.548	1810.109	12247	0	200
2022.12.28	04:00:00	1810.105	1812.239	1807.328	1810.305	11450	0	200
2022.12.28	08:00:00	1810.337	1811.380	1799.236	1803.194	17177	0	200
2022.12.28	12:00:00	1803.216	1809.412	1797.950	1797.950	24082	0	200
2022.12.28	16:00:00	1797.919	1809.190	1796.946	1805.338	17227	0	200
2022.12.28	20:00:00	1805.306	1805.937	1802.770	1805.765	5993	0	200
2022.12.29	00:00:00	1805.728	1809.340	1805.094	1807.547	10861	0	200
2022.12.29	04:00:00	1807.579	1810.106	1804.800	1806.281	10602	0	200
2022.12.29	08:00:00	1806.312	1811.985	1804.340	1806.651	14153	0	200
2022.12.29	12:00:00	1806.683	1818.040	1805.193	1813.519	24581	0	200
2022.12.29	16:00:00	1813.549	1820.145	1811.876	1817.264	15713	0	200
2022.12.29	20:00:00	1817.230	1817.232	1813.706	1815.096	6080	0	200
2022.12.30	00:00:00	1815.108	1819.076	1814.722	1816.893	10199	0	200
2022.12.30	04:00:00	1816.890	1822.250	1815.257	1816.697	10817	0	200
2022.12.30	08:00:00	1816.728	1820.202	1813.189	1818.917	15087	0	200
2022.12.30	12:00:00	1818.948	1824.990	1814.221	1818.458	26747	0	200
2022.12.30	16:00:00	1818.414	1825.985	1814.286	1821.677	20345	0	200
2022.12.30	20:00:00	1821.681	1824.680	1821.405	1823.510	5118	0	200
2023.01.02	20:00:00	1825.968	1830.460	1823.998	1829.131	2383	0	834
2023.01.03	00:00:00	1829.110	1843.079	1826.747	1841.151	16465	0	200
2023.01.03	04:00:00	1841.153	1849.902	1837.936	1847.464	16755	0	200
2023.01.03	08:00:00	1847.494	1847.972	1830.798	1833.158	24885	0	200
2023.01.03	12:00:00	1833.127	1849.777	1827.552	1833.189	34678	0	200
2023.01.03	16:00:00	1833.171	1840.181	1828.196	1839.036	22381	0	200
2023.01.03	20:00:00	1839.045	1839.853	1836.484	1836.522	8048	0	200
2023.01.04	00:00:00	1836.501	1847.142	1836.185	1845.591	13743	0	200
2023.01.04	04:00:00	1845.623	1858.602	1844.636	1858.272	15417	0	200
2023.01.04	08:00:00	1858.237	1865.086	1856.936	1860.105	21303	0	200
2023.01.04	12:00:00	1860.137	1862.676	1848.939	1857.722	37314	0	200
2023.01.04	16:00:00	1857.725	1860.354	1847.026	1852.451	27862	0	200
2023.01.04	20:00:00	1852.427	1857.144	1851.319	1854.827	8663	0	200
2023.01.05	00:00:00	1854.794	1858.971	1853.295	1853.296	14433	0	200
2023.01.05	04:00:00	1853.292	1855.609	1847.863	1849.273	14346	0	200
2023.01.05	08:00:00	1849.305	1851.309	1843.642	1846.247	19634	0	200
2023.01.05	12:00:00	1846.253	1848.762	1824.835	1826.851	40644	0	200
2023.01.05	16:00:00	1826.824	1837.435	1825.666	1834.276	20422	0	200
2023.01.05	20:00:00	1834.246	1834.246	1831.544	1832.799	7088	0	200
2023.01.06	00:00:00	1832.800	1840.824	1831.265	1839.281	13351	0	200
2023.01.06	04:00:00	1839.277	1840.649	1835.731	1838.339	12906	0	200
2023.01.06	08:00:00	1838.372	1840.472	1833.233	1836.638	16271	0	200
2023.01.06	12:00:00	1836.625	1863.121	1834.604	1862.243	50829	0	200
2023.01.06	16:00:00	1862.281	1869.783	1859.883	1868.849	20451	0	200
2023.01.06	20:00:00	1868.817	1869.312	1865.636	1865.989	5520	0	200
2023.01.08	20:00:00	1866.736	1869.922	1866.716	1869.602	3670	0	200
2023.01.09	00:00:00	1869.595	1879.494	1867.099	1877.167	17917	0	200
2023.01.09	04:00:00	1877.144	1880.917	1873.728	1875.028	14385	0	200
2023.01.09	08:00:00	1875.059	1876.916	1870.490	1873.012	18098	0	200
2023.01.09	12:00:00	1873.019	1881.424	1872.006	1874.666	29085	0	200
2023.01.09	16:00:00	1874.698	1878.449	1869.008	1875.188	20955	0	200
2023.01.09	20:00:00	1875.158	1875.158	1869.176	1870.487	7761	0	200
2023.01.10	00:00:00	1870.477	1875.925	1867.789	1871.820	15886	0	200
2023.01.10	04:00:00	1871.853	1875.180	1870.587	1872.018	12664	0	200
2023.01.10	08:00:00	1871.987	1877.221	1871.581	1875.153	18420	0	200
2023.01.10	12:00:00	1875.128	1880.719	1870.412	1875.668	32229	0	200
2023.01.10	16:00:00	1875.702	1877.342	1871.173	1876.610	18217	0	200
2023.01.10	20:00:00	1876.591	1878.673	1875.908	1877.167	6349	0	200
2023.01.11	00:00:00	1877.196	1878.396	1871.990	1877.662	12753	0	200
2023.01.11	04:00:00	1877.698	1884.555	1876.908	1881.597	14110	0	200
2023.01.11	08:00:00	1881.561	1886.576	1880.922	1883.006	18325	0	200
2023.01.11	12:00:00	1882.975	1883.268	1869.264	1871.973	29483	0	200
2023.01.11	16:00:00	1872.005	1878.463	1866.893	1877.694	19336	0	200
2023.01.11	20:00:00	1877.710	1878.045	1874.466	1876.939	6746	0	200
2023.01.12	00:00:00	1876.935	1884.711	1875.822	1883.556	13534	0	200
2023.01.12	04:00:00	1883.523	1884.961	1879.851	1882.439	12139	0	200
2023.01.12	08:00:00	1882.470	1886.221	1881.156	1885.168	14926	0	200
2023.01.12	12:00:00	1885.138	1901.404	1873.233	1888.811	60691	0	200
2023.01.12	16:00:00	1888.808	1899.509	1888.359	1897.747	23683	0	200
2023.01.12	20:00:00	1897.716	1899.478	1894.191	1898.022	8264	0	200
2023.01.13	00:00:00	1898.023	1900.916	1895.957	1897.826	16159	0	200
2023.01.13	04:00:00	1897.815	1899.863	1892.282	1899.525	15336	0	200
2023.01.13	08:00:00	1899.557	1909.644	1897.951	1899.542	21304	0	200
2023.01.13	12:00:00	1899.508	1916.193	1893.618	1913.666	33861	0	200
2023.01.13	16:00:00	1913.635	1921.854	1909.403	1919.966	20005	0	200
2023.01.13	20:00:00	1919.990	1921.422	1918.438	1920.251	4897	0	200
2023.01.15	20:00:00	1919.066	1920.450	1916.844	1916.893	2928	0	200
2023.01.16	00:00:00	1916.904	1928.951	1916.749	1926.338	15183	0	200
2023.01.16	04:00:00	1926.340	1926.994	1913.343	1917.110	13901	0	200
2023.01.16	08:00:00	1917.067	1919.275	1910.813	1916.532	15941	0	200
2023.01.16	12:00:00	1916.501	1917.180	1911.334	1915.965	16696	0	200
2023.01.16	16:00:00	1915.982	1916.066	1912.765	1915.082	6016	0	200
2023.01.16	20:00:00	1914.926	1918.284	1914.918	1917.856	1507	0	200
2023.01.17	00:00:00	1917.882	1918.996	1909.315	1910.221	14554	0	200
2023.01.17	04:00:00	1910.229	1913.205	1906.949	1910.003	13884	0	200
2023.01.17	08:00:00	1909.985	1912.576	1904.211	1912.496	16676	0	200
2023.01.17	12:00:00	1912.504	1916.580	1907.033	1911.007	30531	0	200
2023.01.17	16:00:00	1911.029	1913.284	1903.633	1907.881	18725	0	200
2023.01.17	20:00:00	1907.851	1910.752	1907.482	1908.691	7569	0	200
2023.01.18	00:00:00	1908.674	1910.319	1899.183	1900.092	20356	0	200
2023.01.18	04:00:00	1900.062	1908.980	1896.559	1907.739	19400	0	200
2023.01.18	08:00:00	1907.741	1916.735	1907.741	1915.647	18298	0	200
2023.01.18	12:00:00	1915.614	1925.862	1911.353	1912.264	39029	0	200
2023.01.18	16:00:00	1912.234	1912.739	1901.547	1905.061	24057	0	200
2023.01.18	20:00:00	1905.092	1907.306	1902.275	1906.818	8020	0	200
2023.01.19	00:00:00	1906.848	1910.754	1900.950	1908.980	16800	0	200
2023.01.19	04:00:00	1908.950	1912.885	1906.368	1911.280	14929	0	200
2023.01.19	08:00:00	1911.319	1916.715	1906.618	1908.096	17467	0	200
2023.01.19	12:00:00	1908.095	1923.253	1906.807	1918.032	32965	0	200
2023.01.19	16:00:00	1918.064	1931.358	1917.619	1929.653	22843	0	200
2023.01.19	20:00:00	1929.620	1935.129	1929.281	1931.680	9673	0	200
2023.01.20	00:00:00	1931.683	1934.797	1927.466	1927.535	13219	0	200
2023.01.20	04:00:00	1927.539	1933.047	1923.156	1933.026	13999	0	200
2023.01.20	08:00:00	1932.982	1937.383	1926.506	1927.021	19114	0	200
2023.01.20	12:00:00	1926.959	1930.914	1920.580	1926.318	28128	0	200
2023.01.20	16:00:00	1926.352	1930.959	1922.787	1929.653	18442	0	200
2023.01.20	20:00:00	1929.629	1929.944	1925.900	1925.916	5023	0	200
2023.01.22	20:00:00	1924.243	1927.327	1924.189	1927.258	2521	0	200
2023.01.23	00:00:00	1927.232	1935.466	1927.232	1930.603	11990	0	200
2023.01.23	04:00:00	1930.600	1931.158	1919.641	1920.224	13917	0	200
2023.01.23	08:00:00	1920.258	1929.315	1918.778	1925.518	17985	0	200
2023.01.23	12:00:00	1925.548	1927.785	1911.296	1922.923	33244	0	200
2023.01.23	16:00:00	1922.953	1929.596	1919.128	1926.375	20625	0	200
2023.01.23	20:00:00	1926.407	1932.692	1925.960	1931.325	7605	0	200
2023.01.24	00:00:00	1931.313	1937.001	1930.770	1933.435	9893	0	200
2023.01.24	04:00:00	1933.427	1941.383	1931.802	1940.313	12900	0	200
2023.01.24	08:00:00	1940.339	1942.395	1934.279	1937.190	17024	0	200
2023.01.24	12:00:00	1937.201	1939.386	1916.962	1934.973	35929	0	200
2023.01.24	16:00:00	1935.005	1938.202	1930.122	1938.056	18950	0	200
2023.01.24	20:00:00	1938.087	1938.191	1936.271	1936.963	6419	0	200
2023.01.25	00:00:00	1936.953	1939.660	1928.724	1931.738	12104	0	200
2023.01.25	04:00:00	1931.768	1933.736	1925.781	1928.702	15393	0	200
2023.01.25	08:00:00	1928.733	1932.348	1922.687	1925.905	18117	0	200
2023.01.25	12:00:00	1925.871	1938.501	1919.693	1932.976	31402	0	200
2023.01.25	16:00:00	1933.006	1943.164	1928.771	1942.317	20068	0	200
2023.01.25	20:00:00	1942.349	1948.739	1942.288	1948.321	9952	0	200
2023.01.26	00:00:00	1948.346	1949.116	1942.500	1947.663	11279	0	200
2023.01.26	04:00:00	1947.675	1948.919	1938.023	1942.906	14477	0	200
2023.01.26	08:00:00	1942.876	1945.040	1933.068	1936.961	17612	0	200
2023.01.26	12:00:00	1936.991	1942.332	1923.156	1924.812	39304	0	200
2023.01.26	16:00:00	1924.782	1933.090	1918.360	1931.185	23975	0	200
2023.01.26	20:00:00	1931.215	1931.215	1928.269	1930.718	6713	0	200
2023.01.27	00:00:00	1930.679	1934.790	1923.868	1924.694	11887	0	200
2023.01.27	04:00:00	1924.699	1925.706	1919.812	1923.093	13009	0	200
2023.01.27	08:00:00	1923.126	1931.398	1922.962	1930.093	14660	0	200
2023.01.27	12:00:00	1930.124	1935.025	1916.455	1924.088	29731	0	200
2023.01.27	16:00:00	1924.057	1932.128	1923.811	1929.886	18362	0	200
2023.01.27	20:00:00	1929.904	1930.540	1926.162	1928.265	5077	0	200
2023.01.29	20:00:00	1926.737	1928.918	1926.408	1928.854	2431	0	200
2023.01.30	00:00:00	1928.859	1931.002	1924.385	1926.269	14854	0	200
2023.01.30	04:00:00	1926.268	1934.425	1923.130	1924.485	17262	0	200
2023.01.30	08:00:00	1924.478	1930.707	1920.627	1923.154	19180	0	200
2023.01.30	12:00:00	1923.159	1930.325	1922.461	1925.602	21471	0	200
2023.01.30	16:00:00	1925.570	1925.776	1920.748	1923.276	16511	0	200
2023.01.30	20:00:00	1923.278	1923.598	1921.162	1922.089	6916	0	200
2023.01.31	00:00:00	1922.121	1927.356	1920.793	1921.003	13355	0	200
2023.01.31	04:00:00	1921.028	1921.858	1911.977	1914.494	14853	0	200
2023.01.31	08:00:00	1914.386	1914.849	1901.123	1904.174	19777	0	200
2023.01.31	12:00:00	1904.207	1929.248	1900.736	1928.572	37592	0	200
2023.01.31	16:00:00	1928.606	1931.088	1926.255	1928.614	17879	0	200
2023.01.31	20:00:00	1928.644	1929.101	1927.065	1927.336	6960	0	200
2023.02.01	00:00:00	1927.329	1928.752	1924.520	1926.785	11054	0	200
2023.02.01	04:00:00	1926.774	1929.214	1924.101	1924.947	12123	0	200
2023.02.01	08:00:00	1924.956	1930.200	1923.270	1928.759	15236	0	200
2023.02.01	12:00:00	1928.750	1933.176	1922.755	1931.843	28951	0	200
2023.02.01	16:00:00	1931.874	1944.003	1920.494	1942.948	47156	0	200
2023.02.01	20:00:00	1942.981	1956.112	1939.164	1953.043	24144	0	200
2023.02.02	00:00:00	1953.008	1957.251	1950.712	1952.341	17921	0	200
2023.02.02	04:00:00	1952.326	1959.639	1951.198	1955.475	14845	0	200
2023.02.02	08:00:00	1955.506	1959.588	1951.550	1954.714	18722	0	200
2023.02.02	12:00:00	1954.744	1955.928	1916.967	1926.115	52842	0	200
2023.02.02	16:00:00	1926.078	1926.273	1911.751	1913.204	27933	0	200
2023.02.02	20:00:00	1913.172	1915.405	1911.211	1915.002	12162	0	200
2023.02.03	00:00:00	1914.998	1918.515	1913.975	1916.279	14105	0	200
2023.02.03	04:00:00	1916.269	1918.170	1910.086	1913.638	15317	0	200
2023.02.03	08:00:00	1913.639	1916.117	1909.235	1914.384	18149	0	200
2023.02.03	12:00:00	1914.377	1917.009	1869.067	1873.034	70338	0	200
2023.02.03	16:00:00	1873.070	1874.987	1861.424	1865.777	27735	0	0
2023.02.03	20:00:00	1865.769	1867.093	1864.360	1865.805	6918	0	0
2023.02.05	20:00:00	1864.169	1869.894	1863.718	1865.462	4303	0	200
2023.02.06	00:00:00	1865.429	1876.663	1863.680	1876.537	19737	0	200
2023.02.06	04:00:00	1876.541	1878.780	1874.352	1875.897	14874	0	200
2023.02.06	08:00:00	1875.928	1881.296	1868.186	1871.599	21570	0	200
2023.02.06	12:00:00	1871.581	1875.738	1862.982	1865.912	27965	0	200
2023.02.06	16:00:00	1865.946	1871.246	1863.525	1865.660	20753	0	200
2023.02.06	20:00:00	1865.629	1869.742	1865.179	1868.476	7554	0	200
2023.02.07	00:00:00	1868.507	1875.555	1868.254	1872.704	13643	0	200
2023.02.07	04:00:00	1872.714	1876.859	1871.641	1876.211	13561	0	200
2023.02.07	08:00:00	1876.192	1877.943	1866.058	1867.411	20147	0	200
2023.02.07	12:00:00	1867.419	1879.841	1865.671	1879.378	26941	0	200
2023.02.07	16:00:00	1879.383	1884.428	1864.972	1871.714	53717	0	200
2023.02.07	20:00:00	1871.744	1878.021	1867.282	1872.894	9557	0	200
2023.02.08	00:00:00	1872.893	1878.398	1872.464	1876.356	12216	0	200
2023.02.08	04:00:00	1876.322	1886.342	1873.263	1886.342	13238	0	200
2023.02.08	08:00:00	1886.312	1886.312	1878.603	1880.181	19387	0	200
2023.02.08	12:00:00	1880.212	1883.608	1868.977	1873.895	29018	0	200
2023.02.08	16:00:00	1873.876	1879.825	1872.232	1876.174	21521	0	200
2023.02.08	20:00:00	1876.153	1876.259	1873.763	1874.989	6932	0	200
2023.02.09	00:00:00	1874.983	1880.278	1872.050	1878.620	12513	0	200
2023.02.09	04:00:00	1878.637	1881.991	1876.774	1880.553	14409	0	200
2023.02.09	08:00:00	1880.520	1886.103	1879.900	1882.100	17658	0	200
2023.02.09	12:00:00	1882.131	1890.020	1872.502	1874.158	29322	0	200
2023.02.09	16:00:00	1874.124	1875.557	1859.878	1861.888	30195	0	200
2023.02.09	20:00:00	1861.921	1863.115	1858.842	1862.322	9593	0	200
2023.02.10	00:00:00	1862.353	1865.386	1855.188	1855.252	16074	0	200
2023.02.10	04:00:00	1855.243	1866.792	1852.744	1866.165	20295	0	200
2023.02.10	08:00:00	1866.130	1872.159	1860.416	1864.728	25863	0	200
2023.02.10	12:00:00	1864.707	1868.453	1858.886	1859.842	29805	0	200
2023.02.10	16:00:00	1859.811	1864.661	1856.354	1863.658	18674	0	200
2023.02.10	20:00:00	1863.672	1865.685	1862.682	1865.314	4944	0	200
2023.02.12	20:00:00	1863.970	1865.290	1862.633	1862.705	2215	0	200
2023.02.13	00:00:00	1862.739	1863.808	1858.064	1858.809	14229	0	200
2023.02.13	04:00:00	1858.780	1866.533	1856.994	1863.868	14652	0	200
2023.02.13	08:00:00	1863.898	1864.124	1853.798	1862.116	17684	0	200
2023.02.13	12:00:00	1862.133	1862.955	1853.145	1855.201	23995	0	200
2023.02.13	16:00:00	1855.169	1855.888	1850.417	1852.767	16035	0	200
2023.02.13	20:00:00	1852.775	1854.503	1851.109	1854.376	6240	0	200
2023.02.14	00:00:00	1854.380	1858.508	1853.988	1858.093	11725	0	200
2023.02.14	04:00:00	1858.120	1864.858	1857.073	1858.701	12611	0	200
2023.02.14	08:00:00	1858.732	1863.822	1853.571	1857.238	16329	0	200
2023.02.14	12:00:00	1857.229	1870.282	1843.140	1852.265	75666	0	200
2023.02.14	16:00:00	1852.296	1858.794	1843.735	1855.456	31766	0	200
2023.02.14	20:00:00	1855.425	1856.231	1853.459	1854.865	7742	0	200
2023.02.15	00:00:00	1854.862	1860.066	1847.474	1848.243	15431	0	200
2023.02.15	04:00:00	1848.241	1848.799	1834.882	1835.631	18924	0	200
2023.02.15	08:00:00	1835.598	1837.529	1831.813	1834.908	21663	0	200
2023.02.15	12:00:00	1834.875	1838.871	1830.262	1834.088	35505	0	200
2023.02.15	16:00:00	1834.100	1837.997	1831.207	1835.388	18989	0	200
2023.02.15	20:00:00	1835.420	1838.582	1834.782	1836.361	7389	0	200
2023.02.16	00:00:00	1836.353	1842.578	1834.459	1840.426	14103	0	200
2023.02.16	04:00:00	1840.449	1841.636	1834.259	1841.294	14093	0	200
2023.02.16	08:00:00	1841.262	1844.774	1834.759	1837.340	16402	0	200
2023.02.16	12:00:00	1837.370	1840.340	1827.404	1834.530	34909	0	200
2023.02.16	16:00:00	1834.563	1845.266	1832.373	1842.731	23093	0	200
2023.02.16	20:00:00	1842.764	1842.950	1833.277	1834.272	12368	0	200
2023.02.17	00:00:00	1834.288	1834.288	1825.646	1828.188	14482	0	200
2023.02.17	04:00:00	1828.205	1828.488	1821.773	1824.051	14822	0	200
2023.02.17	08:00:00	1824.007	1828.016	1818.861	1824.653	19434	0	200
2023.02.17	12:00:00	1824.683	1840.689	1822.565	1834.369	32701	0	200
2023.02.17	16:00:00	1834.400	1843.518	1834.257	1842.683	20893	0	200
2023.02.17	20:00:00	1842.713	1843.547	1840.909	1842.499	5390	0	200
2023.02.19	20:00:00	1841.163	1841.687	1838.386	1838.659	2114	0	200
2023.02.20	00:00:00	1838.666	1843.138	1837.282	1842.815	11846	0	200
2023.02.20	04:00:00	1842.813	1846.277	1841.125	1845.983	11918	0	200
2023.02.20	08:00:00	1845.965	1847.390	1841.001	1844.706	11115	0	200
2023.02.20	12:00:00	1844.758	1846.897	1842.241	1843.193	11049	0	329
2023.02.20	16:00:00	1843.183	1843.978	1840.239	1841.069	4956	0	329
2023.02.20	20:00:00	1841.310	1842.561	1841.212	1841.674	1015	0	200
2023.02.21	00:00:00	1841.705	1843.651	1837.083	1838.407	12378	0	200
2023.02.21	04:00:00	1838.387	1839.693	1833.525	1834.777	12951	0	200
2023.02.21	08:00:00	1834.747	1836.748	1831.050	1833.791	19514	0	200
2023.02.21	12:00:00	1833.798	1843.801	1830.204	1838.710	30503	0	200
2023.02.21	16:00:00	1838.742	1839.461	1831.687	1834.017	19023	0	200
2023.02.21	20:00:00	1834.048	1836.484	1834.048	1835.548	5904	0	200
2023.02.22	00:00:00	1835.552	1838.384	1834.964	1836.150	12492	0	200
2023.02.22	04:00:00	1836.152	1839.931	1834.592	1839.882	10305	0	200
2023.02.22	08:00:00	1839.850	1841.137	1832.020	1838.851	17723	0	200
2023.02.22	12:00:00	1838.891	1845.822	1831.120	1836.029	26611	0	200
2023.02.22	16:00:00	1835.996	1837.033	1824.667	1824.916	26121	0	200
2023.02.22	20:00:00	1824.886	1827.336	1823.473	1825.075	9360	0	200
2023.02.23	00:00:00	1825.086	1830.414	1823.143	1827.855	12366	0	200
2023.02.23	04:00:00	1827.835	1833.723	1827.472	1829.709	12513	0	200
2023.02.23	08:00:00	1829.674	1829.674	1823.944	1826.383	14395	0	200
2023.02.23	12:00:00	1826.406	1829.968	1817.188	1823.527	32141	0	200
2023.02.23	16:00:00	1823.522	1824.110	1818.408	1822.919	21894	0	200
2023.02.23	20:00:00	1822.938	1824.086	1822.135	1823.166	5927	0	200
2023.02.24	00:00:00	1823.197	1827.755	1822.943	1825.692	14169	0	200
2023.02.24	04:00:00	1825.713	1826.357	1821.721	1822.032	11525	0	200
2023.02.24	08:00:00	1822.024	1825.490	1817.143	1819.104	16336	0	200
2023.02.24	12:00:00	1819.070	1819.140	1808.900	1810.621	36282	0	200
2023.02.24	16:00:00	1810.651	1814.125	1808.913	1810.941	17183	0	200
2023.02.24	20:00:00	1810.899	1813.395	1810.511	1810.778	5320	0	200
2023.02.26	20:00:00	1811.891	1813.078	1811.239	1811.740	2182	0	200
2023.02.27	00:00:00	1811.728	1814.149	1806.267	1807.910	13483	0	200
2023.02.27	04:00:00	1807.938	1812.352	1807.071	1810.638	13358	0	200
2023.02.27	08:00:00	1810.631	1813.658	1808.240	1811.409	15462	0	200
2023.02.27	12:00:00	1811.377	1820.088	1810.070	1815.380	24635	0	200
2023.02.27	16:00:00	1815.373	1820.071	1812.583	1817.366	15915	0	200
2023.02.27	20:00:00	1817.335	1818.014	1815.957	1817.137	6282	0	200
2023.02.28	00:00:00	1817.138	1819.356	1814.690	1814.868	10293	0	200
2023.02.28	04:00:00	1814.862	1816.925	1810.163	1810.413	12086	0	200
2023.02.28	08:00:00	1810.444	1812.982	1804.363	1809.027	17248	0	200
2023.02.28	12:00:00	1808.998	1826.727	1807.228	1824.070	27500	0	200
2023.02.28	16:00:00	1824.101	1831.104	1824.076	1828.939	19688	0	200
2023.02.28	20:00:00	1828.951	1829.283	1825.405	1825.551	7406	0	200
2023.03.01	00:00:00	1825.552	1831.218	1823.042	1830.963	13577	0	200
2023.03.01	04:00:00	1830.961	1836.724	1829.908	1835.555	14518	0	200
2023.03.01	08:00:00	1835.524	1838.486	1830.370	1835.249	18046	0	200
2023.03.01	12:00:00	1835.279	1844.574	1833.400	1842.018	32167	0	200
2023.03.01	16:00:00	1842.010	1842.170	1836.467	1838.268	19514	0	200
2023.03.01	20:00:00	1838.303	1838.901	1836.547	1836.554	6117	0	200
2023.03.02	00:00:00	1836.530	1838.189	1831.022	1833.444	13202	0	200
2023.03.02	04:00:00	1833.443	1834.792	1830.209	1831.633	11778	0	200
2023.03.02	08:00:00	1831.658	1837.288	1829.947	1836.662	17302	0	200
2023.03.02	12:00:00	1836.653	1838.932	1830.055	1836.594	29042	0	200
2023.03.02	16:00:00	1836.580	1838.645	1832.223	1835.589	18276	0	200
2023.03.02	20:00:00	1835.559	1838.106	1834.889	1837.818	6836	0	200
2023.03.03	00:00:00	1837.787	1841.455	1837.756	1838.742	13556	0	200
2023.03.03	04:00:00	1838.749	1844.774	1837.823	1842.722	11360	0	200
2023.03.03	08:00:00	1842.718	1849.188	1842.718	1848.416	15923	0	200
2023.03.03	12:00:00	1848.403	1848.590	1838.952	1844.588	26418	0	200
2023.03.03	16:00:00	1844.619	1853.646	1843.796	1853.275	17406	0	200
2023.03.03	20:00:00	1853.307	1856.278	1852.638	1855.265	6010	0	200
2023.03.05	20:00:00	1853.694	1854.076	1852.152	1852.294	1832	0	200
2023.03.06	00:00:00	1852.302	1855.848	1850.730	1854.940	12808	0	200
2023.03.06	04:00:00	1854.941	1858.123	1852.753	1856.228	11989	0	200
2023.03.06	08:00:00	1856.195	1857.092	1847.207	1848.452	15878	0	200
2023.03.06	12:00:00	1848.454	1853.923	1848.038	1850.982	21452	0	200
2023.03.06	16:00:00	1850.950	1852.756	1845.066	1846.090	16755	0	200
2023.03.06	20:00:00	1846.072	1847.252	1845.604	1846.323	5909	0	200
2023.03.07	00:00:00	1846.303	1850.432	1844.020	1847.538	12087	0	200
2023.03.07	04:00:00	1847.530	1851.468	1845.366	1848.436	10969	0	200
2023.03.07	08:00:00	1848.404	1849.626	1840.885	1841.913	14595	0	200
2023.03.07	12:00:00	1841.906	1841.906	1815.301	1817.830	38065	0	200
2023.03.07	16:00:00	1817.767	1823.141	1812.670	1813.844	27082	0	200
2023.03.07	20:00:00	1813.884	1815.958	1813.139	1813.936	7519	0	200
2023.03.08	00:00:00	1813.935	1814.096	1809.372	1809.820	12567	0	200
2023.03.08	04:00:00	1809.826	1815.030	1809.826	1814.197	11553	0	200
2023.03.08	08:00:00	1814.166	1816.576	1812.323	1815.000	13449	0	200
2023.03.08	12:00:00	1815.017	1824.235	1812.159	1820.599	33363	0	200
2023.03.08	16:00:00	1820.635	1821.851	1813.278	1816.233	19170	0	200
2023.03.08	20:00:00	1816.264	1816.312	1812.834	1815.196	5961	0	200
2023.03.09	00:00:00	1815.209	1816.446	1811.922	1813.708	10363	0	200
2023.03.09	04:00:00	1813.712	1816.008	1812.696	1814.774	10002	0	200
2023.03.09	08:00:00	1814.783	1820.308	1813.645	1818.733	13196	0	200
2023.03.09	12:00:00	1818.698	1835.368	1815.424	1828.576	27117	0	200
2023.03.09	16:00:00	1828.608	1834.998	1825.492	1830.512	21612	0	200
2023.03.09	20:00:00	1830.545	1832.295	1828.954	1831.569	8537	0	200
2023.03.10	00:00:00	1831.565	1834.830	1828.075	1829.200	16139	0	200
2023.03.10	04:00:00	1829.202	1834.654	1827.702	1833.516	13746	0	200
2023.03.10	08:00:00	1833.548	1837.046	1830.910	1834.910	16854	0	200
2023.03.10	12:00:00	1834.941	1867.404	1831.765	1863.028	52458	0	200
2023.03.10	16:00:00	1863.024	1865.369	1854.087	1863.818	33294	0	200
2023.03.10	20:00:00	1863.842	1870.031	1863.514	1867.109	9150	0	200
2023.03.12	20:00:00	1883.238	1894.368	1875.749	1877.746	25382	0	200
2023.03.13	00:00:00	1877.716	1888.766	1872.137	1882.539	25320	0	200
2023.03.13	04:00:00	1882.572	1883.653	1871.496	1876.235	18728	0	200
2023.03.13	08:00:00	1876.231	1893.764	1875.449	1889.662	37724	0	200
2023.03.13	12:00:00	1889.631	1913.016	1887.177	1904.910	75305	0	200
2023.03.13	16:00:00	1904.878	1914.577	1903.313	1913.301	32417	0	200
2023.03.13	20:00:00	1913.263	1914.070	1909.909	1912.025	5421	0	200
2023.03.14	00:00:00	1912.055	1914.113	1902.565	1902.877	16390	0	200
2023.03.14	04:00:00	1902.894	1913.398	1901.454	1912.592	21198	0	200
2023.03.14	08:00:00	1912.557	1913.297	1900.545	1904.116	24872	0	200
2023.03.14	12:00:00	1904.149	1911.625	1895.228	1904.119	57953	0	200
2023.03.14	16:00:00	1904.089	1910.288	1902.167	1902.420	26849	0	200
2023.03.14	20:00:00	1902.453	1904.650	1902.453	1903.064	4393	0	200
2023.03.15	00:00:00	1903.055	1905.638	1899.925	1902.849	14463	0	200
2023.03.15	04:00:00	1902.844	1903.416	1896.302	1896.456	14488	0	200
2023.03.15	08:00:00	1896.423	1918.740	1885.551	1918.108	40817	0	200
2023.03.15	12:00:00	1918.075	1930.328	1916.967	1927.151	68288	0	200
2023.03.15	16:00:00	1927.183	1937.287	1908.969	1916.717	49623	0	200
2023.03.15	20:00:00	1916.747	1922.796	1916.128	1921.155	5478	0	200
2023.03.16	00:00:00	1921.145	1924.344	1907.298	1913.197	24206	0	200
2023.03.16	04:00:00	1913.208	1920.675	1912.189	1916.643	20161	0	200
2023.03.16	08:00:00	1916.673	1927.035	1915.759	1926.878	21887	0	200
2023.03.16	12:00:00	1926.908	1933.437	1913.335	1918.692	64088	0	200
2023.03.16	16:00:00	1918.648	1921.126	1914.332	1920.549	29471	0	200
2023.03.16	20:00:00	1920.514	1922.060	1918.466	1921.294	5619	0	200
2023.03.17	00:00:00	1921.306	1929.655	1918.196	1927.635	16205	0	200
2023.03.17	04:00:00	1927.653	1934.278	1927.209	1930.287	16501	0	200
2023.03.17	08:00:00	1930.318	1936.986	1927.331	1935.014	19417	0	200
2023.03.17	12:00:00	1935.049	1964.892	1934.916	1959.269	49653	0	200
2023.03.17	16:00:00	1959.300	1987.718	1955.282	1976.229	43667	0	200
2023.03.17	20:00:00	1976.270	1988.311	1975.236	1988.129	5883	0	200
2023.03.19	20:00:00	1985.925	1988.132	1975.037	1976.936	11961	0	200
2023.03.20	00:00:00	1976.968	1978.387	1968.114	1973.311	22701	0	200
2023.03.20	04:00:00	1973.308	2009.668	1972.970	2003.415	34835	0	200
2023.03.20	08:00:00	2003.384	2006.137	1973.704	1983.780	44654	0	200
2023.03.20	12:00:00	1983.812	1986.561	1965.507	1973.763	55577	0	200
2023.03.20	16:00:00	1973.730	1984.349	1972.931	1977.152	26968	0	200
2023.03.20	20:00:00	1977.170	1980.021	1976.241	1976.585	6160	0	200
2023.03.21	00:00:00	1976.581	1985.121	1975.242	1983.760	15510	0	200
2023.03.21	04:00:00	1983.756	1983.756	1970.255	1970.316	19034	0	200
2023.03.21	08:00:00	1970.286	1970.819	1962.639	1966.283	24345	0	200
2023.03.21	12:00:00	1966.285	1967.068	1943.125	1948.149	48440	0	200
2023.03.21	16:00:00	1948.115	1948.970	1935.343	1940.163	26499	0	200
2023.03.21	20:00:00	1940.195	1943.918	1939.310	1943.106	6125	0	200
2023.03.22	00:00:00	1943.074	1946.169	1938.167	1939.602	17034	0	200
2023.03.22	04:00:00	1939.574	1943.485	1934.107	1939.791	18118	0	200
2023.03.22	08:00:00	1939.759	1945.611	1939.579	1942.411	20752	0	200
2023.03.22	12:00:00	1942.414	1951.888	1937.051	1947.214	31892	0	200
2023.03.22	16:00:00	1947.228	1978.802	1945.048	1972.710	65201	0	200
2023.03.22	20:00:00	1972.678	1975.103	1964.520	1969.706	11668	0	200
2023.03.23	00:00:00	1969.755	1977.588	1966.317	1976.875	22279	0	200
2023.03.23	04:00:00	1976.878	1983.618	1974.926	1976.814	22530	0	200
2023.03.23	08:00:00	1976.846	1980.642	1974.250	1978.413	21800	0	200
2023.03.23	12:00:00	1978.407	1987.033	1966.514	1984.001	37261	0	200
2023.03.23	16:00:00	1984.038	2003.277	1982.717	1997.711	43684	0	200
2023.03.23	20:00:00	1997.747	1998.875	1990.086	1991.324	8785	0	200
2023.03.24	00:00:00	1991.292	1994.827	1989.714	1992.815	19623	0	200
2023.03.24	04:00:00	1992.829	1993.329	1985.267	1989.406	17739	0	200
2023.03.24	08:00:00	1989.437	2000.245	1981.221	1995.789	31793	0	200
2023.03.24	12:00:00	1995.748	2002.989	1985.886	1987.250	55950	0	200
2023.03.24	16:00:00	1987.276	1990.570	1975.239	1975.967	30598	0	200
2023.03.24	20:00:00	1975.997	1979.348	1975.165	1978.777	3093	0	200
2023.03.26	20:00:00	1976.400	1976.735	1969.353	1975.691	7621	0	200
2023.03.27	00:00:00	1975.658	1978.691	1972.101	1974.584	18691	0	200
2023.03.27	04:00:00	1974.588	1975.462	1965.876	1970.923	19456	0	200
2023.03.27	08:00:00	1970.887	1972.116	1948.143	1954.140	25535	0	200
2023.03.27	12:00:00	1954.154	1958.695	1943.944	1956.844	35349	0	200
2023.03.27	16:00:00	1956.831	1959.385	1950.706	1956.897	18335	0	200
2023.03.27	20:00:00	1956.928	1958.270	1955.688	1958.071	5181	0	200
2023.03.28	00:00:00	1958.040	1963.955	1957.692	1959.685	15340	0	200
2023.03.28	04:00:00	1959.658	1960.810	1951.873	1953.902	18129	0	200
2023.03.28	08:00:00	1953.932	1958.518	1949.141	1956.994	17351	0	200
2023.03.28	12:00:00	1956.989	1969.897	1956.944	1966.619	30569	0	200
2023.03.28	16:00:00	1966.650	1975.255	1965.652	1973.314	18416	0	200
2023.03.28	20:00:00	1973.348	1974.423	1971.476	1971.867	5212	0	200
2023.03.29	00:00:00	1971.898	1972.854	1965.859	1966.469	13640	0	200
2023.03.29	04:00:00	1966.474	1968.826	1958.665	1961.645	16306	0	200
2023.03.29	08:00:00	1961.657	1969.117	1960.808	1966.687	15165	0	200
2023.03.29	12:00:00	1966.693	1971.684	1960.571	1961.812	27869	0	200
2023.03.29	16:00:00	1961.780	1969.171	1961.067	1963.132	16486	0	200
2023.03.29	20:00:00	1963.164	1964.862	1962.673	1963.197	5108	0	200
2023.03.30	00:00:00	1963.201	1963.503	1955.345	1959.566	14114	0	200
2023.03.30	04:00:00	1959.577	1971.474	1958.930	1966.630	16285	0	200
2023.03.30	08:00:00	1966.600	1971.186	1964.919	1968.603	15101	0	200
2023.03.30	12:00:00	1968.635	1975.290	1963.913	1974.699	30467	0	200
2023.03.30	16:00:00	1974.730	1984.251	1974.730	1981.261	18546	0	200
2023.03.30	20:00:00	1981.231	1981.944	1977.982	1978.386	5465	0	200
2023.03.31	00:00:00	1978.412	1983.578	1977.633	1981.181	14965	0	200
2023.03.31	04:00:00	1981.158	1985.017	1974.804	1975.261	14559	0	200
2023.03.31	08:00:00	1975.266	1981.907	1973.172	1980.192	16521	0	200
2023.03.31	12:00:00	1980.204	1987.544	1974.764	1979.658	33405	0	200
2023.03.31	16:00:00	1979.650	1979.747	1966.806	1970.931	20334	0	200
2023.03.31	20:00:00	1970.895	1970.960	1968.460	1969.376	2532	0	200
2023.04.02	20:00:00	1966.275	1967.407	1956.964	1957.027	9069	0	200
2023.04.03	00:00:00	1957.063	1964.465	1949.542	1951.794	20454	0	200
2023.04.03	04:00:00	1951.801	1961.934	1950.456	1961.794	15655	0	200
2023.04.03	08:00:00	1961.785	1978.705	1961.181	1978.582	17289	0	200
2023.04.03	12:00:00	1978.550	1990.476	1972.293	1987.944	35338	0	200
2023.04.03	16:00:00	1987.942	1990.440	1981.862	1985.074	18665	0	200
2023.04.03	20:00:00	1985.040	1985.909	1983.558	1984.935	4452	0	200
2023.04.04	00:00:00	1984.929	1985.267	1977.777	1978.088	12879	0	200
2023.04.04	04:00:00	1978.080	1983.754	1976.821	1982.139	14979	0	200
2023.04.04	08:00:00	1982.134	1984.281	1978.473	1981.953	15553	0	200
2023.04.04	12:00:00	1981.987	2024.802	1981.440	2020.205	52558	0	200
2023.04.04	16:00:00	2020.174	2024.982	2017.828	2021.832	21219	0	200
2023.04.04	20:00:00	2021.800	2023.587	2019.708	2021.734	6867	0	200
2023.04.05	00:00:00	2021.748	2025.234	2019.342	2023.003	13026	0	200
2023.04.05	04:00:00	2022.993	2028.364	2022.077	2025.362	15112	0	200
2023.04.05	08:00:00	2025.331	2028.122	2021.468	2022.892	15254	0	200
2023.04.05	12:00:00	2022.928	2032.046	2009.719	2021.692	50194	0	200
2023.04.05	16:00:00	2021.674	2023.895	2019.064	2021.005	18395	0	200
2023.04.05	20:00:00	2021.043	2021.642	2018.686	2020.287	4562	0	200
2023.04.06	00:00:00	2020.269	2020.436	2007.666	2011.302	15747	0	200
2023.04.06	04:00:00	2011.296	2018.078	2010.468	2016.346	15304	0	200
2023.04.06	08:00:00	2016.342	2020.907	2014.795	2018.474	15187	0	200
2023.04.06	12:00:00	2018.437	2020.681	2000.610	2011.174	34012	0	200
2023.04.06	16:00:00	2011.138	2014.900	2006.197	2006.417	15351	0	200
2023.04.06	20:00:00	2006.450	2008.116	2005.752	2007.761	2023	0	200
2023.04.09	20:00:00	1997.006	2006.495	1995.817	2005.497	5721	0	200
2023.04.10	00:00:00	2005.529	2005.860	1988.663	1990.856	15568	0	200
2023.04.10	04:00:00	1990.886	1997.570	1989.475	1997.433	12625	0	200
2023.04.10	08:00:00	1997.403	2002.935	1995.905	2001.556	12975	0	200
2023.04.10	12:00:00	2001.526	2001.961	1981.436	1988.632	36351	0	200
2023.04.10	16:00:00	1988.629	1992.794	1987.112	1991.527	15405	0	200
2023.04.10	20:00:00	1991.558	1992.486	1990.342	1992.389	3632	0	200
2023.04.11	00:00:00	1992.356	1998.128	1988.773	1997.518	14085	0	200
2023.04.11	04:00:00	1997.509	2003.621	1997.339	2002.035	14895	0	200
2023.04.11	08:00:00	2002.003	2007.410	1999.345	2000.429	15363	0	200
2023.04.11	12:00:00	2000.418	2006.195	1995.351	2004.132	23095	0	200
2023.04.11	16:00:00	2004.113	2006.714	2000.953	2004.051	13814	0	200
2023.04.11	20:00:00	2004.082	2005.020	2002.832	2004.659	3531	0	200
2023.04.12	00:00:00	2004.675	2019.170	2003.922	2017.213	15665	0	200
2023.04.12	04:00:00	2017.250	2021.072	2011.612	2012.953	14976	0	200
2023.04.12	08:00:00	2012.983	2013.681	2007.161	2007.697	15131	0	200
2023.04.12	12:00:00	2007.663	2028.014	2000.847	2005.779	50608	0	200
2023.04.12	16:00:00	2005.748	2018.065	2005.209	2013.651	21347	0	200
2023.04.12	20:00:00	2013.620	2018.453	2013.232	2018.149	4743	0	200
2023.04.13	00:00:00	2018.118	2019.731	2015.676	2017.423	14802	0	200
2023.04.13	04:00:00	2017.415	2025.619	2015.276	2024.477	14786	0	200
2023.04.13	08:00:00	2024.500	2029.098	2024.415	2028.573	15075	0	200
2023.04.13	12:00:00	2028.565	2048.597	2026.243	2038.900	42110	0	200
2023.04.13	16:00:00	2038.939	2044.078	2036.599	2040.591	17792	0	200
2023.04.13	20:00:00	2040.538	2041.050	2038.672	2039.713	4145	0	200
2023.04.14	00:00:00	2039.712	2047.392	2038.594	2045.022	15050	0	200
2023.04.14	04:00:00	2045.021	2046.461	2036.597	2039.196	16180	0	200
2023.04.14	08:00:00	2039.191	2042.173	2031.661	2033.224	17870	0	200
2023.04.14	12:00:00	2033.248	2039.977	1993.504	1995.625	60301	0	200
2023.04.14	16:00:00	1995.623	2007.954	1992.364	2005.279	20907	0	200
2023.04.14	20:00:00	2005.264	2005.615	2003.836	2004.252	2018	0	200
2023.04.16	20:00:00	2001.207	2005.006	1999.651	2002.848	5116	0	200
2023.04.17	00:00:00	2002.866	2006.273	1995.151	2004.506	17497	0	200
2023.04.17	04:00:00	2004.479	2014.998	2003.709	2010.782	18583	0	200
2023.04.17	08:00:00	2010.740	2012.673	2004.870	2009.074	16298	0	200
2023.04.17	12:00:00	2009.104	2010.572	1980.899	1989.921	37154	0	200
2023.04.17	16:00:00	1989.923	1997.078	1987.244	1996.233	15990	0	200
2023.04.17	20:00:00	1996.266	1996.435	1993.797	1993.906	3915	0	200
2023.04.18	00:00:00	1993.915	2001.750	1993.306	2000.210	14317	0	200
2023.04.18	04:00:00	2000.247	2004.072	1996.327	2002.280	14230	0	200
2023.04.18	08:00:00	2002.284	2005.114	1999.046	2003.851	15285	0	200
2023.04.18	12:00:00	2003.882	2011.823	1990.998	2008.391	33526	0	200
2023.04.18	16:00:00	2008.421	2008.496	2003.349	2004.032	15330	0	200
2023.04.18	20:00:00	2004.063	2006.236	2004.063	2005.718	4339	0	200
2023.04.19	00:00:00	2005.719	2008.077	2001.861	2003.359	13981	0	200
2023.04.19	04:00:00	2003.393	2004.405	1986.754	1991.288	19502	0	200
2023.04.19	08:00:00	1991.320	1991.350	1969.176	1970.545	24480	0	200
2023.04.19	12:00:00	1970.551	1995.928	1969.629	1990.705	33788	0	200
2023.04.19	16:00:00	1990.743	1996.797	1990.300	1994.418	16049	0	200
2023.04.19	20:00:00	1994.384	1995.661	1993.112	1993.616	5619	0	200
2023.04.20	00:00:00	1993.651	1998.445	1990.476	1992.724	15918	0	200
2023.04.20	04:00:00	1992.715	2000.955	1991.383	1997.129	16433	0	200
2023.04.20	08:00:00	1997.140	2004.573	1992.339	2001.044	17920	0	200
2023.04.20	12:00:00	2001.077	2012.147	1997.404	2002.549	36391	0	200
2023.04.20	16:00:00	2002.580	2008.319	2002.153	2003.083	16692	0	200
2023.04.20	20:00:00	2003.114	2005.737	2001.787	2005.313	6482	0	200
2023.04.21	00:00:00	2005.287	2005.508	2000.506	2002.059	14299	0	200
2023.04.21	04:00:00	2002.091	2002.269	1981.862	1986.720	20697	0	200
2023.04.21	08:00:00	1986.717	1992.429	1984.048	1987.949	19523	0	200
2023.04.21	12:00:00	1987.945	1997.939	1971.584	1975.808	45984	0	200
2023.04.21	16:00:00	1975.845	1982.964	1973.987	1982.637	15696	0	200
2023.04.21	20:00:00	1982.670	1983.577	1981.730	1982.886	2059	0	200
2023.04.23	20:00:00	1982.082	1985.343	1981.789	1984.620	3555	0	200
2023.04.24	00:00:00	1984.618	1984.618	1978.505	1980.787	16077	0	200
2023.04.24	04:00:00	1980.756	1983.123	1976.355	1982.662	17512	0	200
2023.04.24	08:00:00	1982.664	1986.882	1980.810	1983.039	15866	0	200
2023.04.24	12:00:00	1983.035	1987.176	1974.028	1984.768	29344	0	200
2023.04.24	16:00:00	1984.764	1990.819	1984.609	1988.711	15327	0	200
2023.04.24	20:00:00	1988.680	1996.420	1988.266	1995.016	5977	0	200
2023.04.25	00:00:00	1995.015	2000.795	1992.764	1992.766	17763	0	200
2023.04.25	04:00:00	1992.772	1997.200	1987.303	1990.198	18276	0	200
2023.04.25	08:00:00	1990.210	1991.029	1976.538	1977.545	21722	0	200
2023.04.25	12:00:00	1977.576	1994.362	1976.067	1989.930	36250	0	200
2023.04.25	16:00:00	1989.965	2003.830	1988.237	1999.144	24855	0	200
2023.04.25	20:00:00	1999.111	2001.656	1995.811	2000.172	6848	0	200
2023.04.26	00:00:00	2000.178	2002.415	1993.117	1994.025	20847	0	200
2023.04.26	04:00:00	1994.058	1999.262	1994.058	1997.888	15841	0	200
2023.04.26	08:00:00	1997.898	2001.657	1991.169	1995.747	19331	0	200
2023.04.26	12:00:00	1995.716	2009.122	1991.415	1991.446	41117	0	200
2023.04.26	16:00:00	1991.469	1992.377	1983.348	1987.979	23877	0	200
2023.04.26	20:00:00	1987.947	1991.911	1987.178	1991.647	6298	0	200
2023.04.27	00:00:00	1991.617	2000.683	1989.513	1999.791	16181	0	200
2023.04.27	04:00:00	1999.821	2003.178	1997.269	1999.374	17211	0	200
2023.04.27	08:00:00	1999.406	2001.176	1995.900	1996.844	15429	0	200
2023.04.27	12:00:00	1996.876	2003.156	1973.966	1982.223	50242	0	200
2023.04.27	16:00:00	1982.254	1991.016	1981.149	1988.097	16423	0	200
2023.04.27	20:00:00	1988.127	1988.571	1986.298	1986.914	5714	0	200
2023.04.28	00:00:00	1986.879	1991.396	1984.863	1988.894	17993	0	200
2023.04.28	04:00:00	1988.877	1990.372	1981.561	1982.316	23309	0	200
2023.04.28	08:00:00	1982.411	1984.795	1979.664	1983.266	16767	0	200
2023.04.28	12:00:00	1983.279	1994.994	1975.823	1991.693	43808	0	200
2023.04.28	16:00:00	1991.726	1994.030	1987.436	1989.142	16954	0	200
2023.04.28	20:00:00	1989.175	1989.833	1987.911	1989.376	2298	0	200
2023.04.30	20:00:00	1989.602	1991.877	1986.620	1986.895	4632	0	200
2023.05.01	00:00:00	1986.927	1987.387	1980.451	1983.303	12946	0	200
2023.05.01	04:00:00	1983.336	1986.228	1978.958	1980.894	14648	0	200
2023.05.01	08:00:00	1980.868	1989.936	1977.054	1988.945	15433	0	200
2023.05.01	12:00:00	1988.947	2005.903	1980.475	1982.917	49989	0	200
2023.05.01	16:00:00	1982.884	1984.019	1979.325	1979.719	18025	0	200
2023.05.01	20:00:00	1979.751	1983.259	1979.600	1981.373	5610	0	200
2023.05.02	00:00:00	1981.385	1985.190	1981.305	1982.109	12887	0	200
2023.05.02	04:00:00	1982.073	1985.690	1980.390	1981.330	15134	0	200
2023.05.02	08:00:00	1981.342	1990.150	1978.455	1986.348	16768	0	200
2023.05.02	12:00:00	1986.314	2015.415	1984.415	2014.172	48177	0	200
2023.05.02	16:00:00	2014.203	2019.233	2011.160	2018.199	24133	0	200
2023.05.02	20:00:00	2018.232	2018.232	2015.489	2015.905	5018	0	200
2023.05.03	00:00:00	2015.916	2018.719	2014.166	2018.427	9668	0	200
2023.05.03	04:00:00	2018.425	2019.433	2012.609	2014.820	12859	0	200
2023.05.03	08:00:00	2014.800	2017.406	2014.274	2015.816	14514	0	200
2023.05.03	12:00:00	2015.849	2026.758	2007.571	2023.523	35030	0	200
2023.05.03	16:00:00	2023.492	2035.995	2016.941	2035.079	51081	0	200
2023.05.03	20:00:00	2035.110	2079.817	2029.043	2051.957	29768	0	200
2023.05.04	00:00:00	2051.959	2057.096	2038.222	2040.905	23646	0	200
2023.05.04	04:00:00	2040.872	2045.435	2030.327	2034.570	21775	0	200
2023.05.04	08:00:00	2034.507	2044.829	2031.123	2041.984	19829	0	200
2023.05.04	12:00:00	2041.953	2059.537	2032.038	2050.938	65463	0	200
2023.05.04	16:00:00	2050.971	2054.057	2044.437	2049.555	28828	0	200
2023.05.04	20:00:00	2049.586	2050.885	2047.480	2049.922	6461	0	200
2023.05.05	00:00:00	2049.924	2052.957	2045.436	2049.749	14524	0	200
2023.05.05	04:00:00	2049.782	2051.099	2039.307	2040.507	16305	0	200
2023.05.05	08:00:00	2040.509	2041.664	2034.707	2035.442	16151	0	200
2023.05.05	12:00:00	2035.436	2038.275	1999.287	2015.152	58133	0	200
2023.05.05	16:00:00	2015.182	2018.785	2012.998	2017.697	19811	0	200
2023.05.05	20:00:00	2017.730	2018.901	2015.723	2016.650	2167	0	200
2023.05.07	20:00:00	2016.428	2017.281	2014.174	2016.006	4614	0	200
2023.05.08	00:00:00	2015.976	2023.938	2015.150	2023.189	14730	0	200
2023.05.08	04:00:00	2023.205	2024.671	2020.084	2021.436	13850	0	200
2023.05.08	08:00:00	2021.401	2025.396	2019.937	2022.228	13675	0	200
2023.05.08	12:00:00	2022.251	2029.185	2017.835	2027.098	27516	0	200
2023.05.08	16:00:00	2027.066	2029.320	2020.190	2020.271	16197	0	200
2023.05.08	20:00:00	2020.301	2022.395	2020.136	2021.237	5227	0	200
2023.05.09	00:00:00	2021.266	2024.921	2019.483	2024.878	12622	0	200
2023.05.09	04:00:00	2024.894	2028.697	2021.575	2024.626	15302	0	200
2023.05.09	08:00:00	2024.596	2032.768	2021.378	2031.009	16211	0	200
2023.05.09	12:00:00	2031.000	2032.045	2022.830	2026.877	25729	0	200
2023.05.09	16:00:00	2026.912	2037.561	2026.835	2034.239	18482	0	200
2023.05.09	20:00:00	2034.278	2037.119	2034.083	2036.270	4885	0	200
2023.05.10	00:00:00	2036.310	2038.182	2030.440	2031.675	12227	0	200
2023.05.10	04:00:00	2031.643	2032.937	2027.414	2031.661	13403	0	200
2023.05.10	08:00:00	2031.657	2032.041	2026.239	2029.246	14378	0	200
2023.05.10	12:00:00	2029.277	2047.995	2021.306	2025.006	53575	0	200
2023.05.10	16:00:00	2024.983	2034.126	2024.489	2030.893	19092	0	200
2023.05.10	20:00:00	2030.926	2032.072	2029.101	2031.436	4355	0	200
2023.05.11	00:00:00	2031.411	2036.348	2031.132	2032.367	13766	0	200
2023.05.11	04:00:00	2032.363	2033.109	2021.759	2025.562	16715	0	200
2023.05.11	08:00:00	2025.515	2039.078	2021.606	2036.736	22005	0	200
2023.05.11	12:00:00	2036.768	2040.788	2011.104	2013.551	55493	0	200
2023.05.11	16:00:00	2013.517	2018.266	2012.842	2014.149	18431	0	200
2023.05.11	20:00:00	2014.182	2016.596	2013.727	2016.346	5245	0	200
2023.05.12	00:00:00	2016.367	2017.486	2008.487	2011.596	16409	0	200
2023.05.12	04:00:00	2011.565	2012.571	2005.618	2008.735	16860	0	200
2023.05.12	08:00:00	2008.723	2009.690	2000.895	2004.722	18151	0	200
2023.05.12	12:00:00	2004.718	2022.461	2003.539	2009.417	37531	0	200
2023.05.12	16:00:00	2009.383	2016.355	2008.309	2010.871	17198	0	200
2023.05.12	20:00:00	2010.902	2011.454	2010.360	2010.912	1618	0	200
2023.05.14	20:00:00	2008.664	2011.957	2008.664	2009.558	3383	0	200
2023.05.15	00:00:00	2009.551	2018.791	2008.637	2013.986	14941	0	200
2023.05.15	04:00:00	2013.984	2019.986	2013.224	2018.372	15252	0	200
2023.05.15	08:00:00	2018.339	2020.840	2011.885	2013.035	14075	0	200
2023.05.15	12:00:00	2013.033	2022.083	2011.454	2017.678	26025	0	200
2023.05.15	16:00:00	2017.696	2021.359	2014.352	2014.954	13407	0	200
2023.05.15	20:00:00	2014.950	2016.597	2013.765	2014.400	3850	0	200
2023.05.16	00:00:00	2014.411	2018.279	2014.126	2016.899	11495	0	200
2023.05.16	04:00:00	2016.897	2017.682	2002.404	2010.024	17643	0	200
2023.05.16	08:00:00	2010.041	2010.270	2005.110	2005.467	13755	0	200
2023.05.16	12:00:00	2005.472	2014.706	1994.291	1995.946	38789	0	200
2023.05.16	16:00:00	1995.953	1997.009	1985.414	1989.873	21200	0	200
2023.05.16	20:00:00	1989.907	1991.142	1988.054	1989.630	5184	0	200
2023.05.17	00:00:00	1989.633	1992.977	1989.633	1991.300	13384	0	200
2023.05.17	04:00:00	1991.302	1992.049	1986.684	1987.619	14345	0	200
2023.05.17	08:00:00	1987.588	1989.063	1983.675	1987.380	15716	0	200
2023.05.17	12:00:00	1987.390	1987.957	1974.734	1980.390	33252	0	200
2023.05.17	16:00:00	1980.358	1984.511	1980.094	1982.985	16288	0	200
2023.05.17	20:00:00	1982.955	1983.552	1980.909	1982.714	3757	0	200
2023.05.18	00:00:00	1982.717	1985.973	1981.332	1982.274	12170	0	200
2023.05.18	04:00:00	1982.268	1982.718	1973.556	1974.507	15508	0	200
2023.05.18	08:00:00	1974.539	1978.856	1972.146	1974.085	16272	0	200
2023.05.18	12:00:00	1974.088	1975.354	1951.937	1955.988	37853	0	200
2023.05.18	16:00:00	1956.004	1958.893	1953.938	1957.268	16620	0	200
2023.05.18	20:00:00	1957.277	1959.151	1956.875	1958.356	4042	0	200
2023.05.19	00:00:00	1958.364	1963.610	1954.003	1963.297	15175	0	200
2023.05.19	04:00:00	1963.273	1968.712	1960.617	1966.866	16126	0	200
2023.05.19	08:00:00	1966.861	1968.199	1962.285	1963.696	16225	0	200
2023.05.19	12:00:00	1963.664	1984.186	1957.136	1974.776	43063	0	200
2023.05.19	16:00:00	1974.806	1983.228	1973.093	1976.111	20497	0	200
2023.05.19	20:00:00	1976.142	1977.776	1975.439	1977.703	1979	0	200
2023.05.21	20:00:00	1978.005	1981.480	1978.005	1980.829	3723	0	200
2023.05.22	00:00:00	1980.827	1982.321	1976.283	1977.843	15425	0	200
2023.05.22	04:00:00	1977.873	1978.744	1971.210	1976.800	15643	0	200
2023.05.22	08:00:00	1976.783	1982.530	1969.575	1972.935	16110	0	200
2023.05.22	12:00:00	1972.908	1978.535	1968.690	1972.417	30739	0	200
2023.05.22	16:00:00	1972.450	1978.870	1971.615	1972.095	15746	0	200
2023.05.22	20:00:00	1972.065	1972.596	1969.586	1969.784	4707	0	200
2023.05.23	00:00:00	1969.814	1971.736	1960.243	1962.740	16719	0	200
2023.05.23	04:00:00	1962.709	1964.548	1955.443	1957.140	17174	0	200
2023.05.23	08:00:00	1957.173	1961.257	1954.232	1958.835	17693	0	200
2023.05.23	12:00:00	1958.838	1973.530	1957.699	1967.315	37831	0	200
2023.05.23	16:00:00	1967.313	1977.739	1966.239	1974.754	20078	0	200
2023.05.23	20:00:00	1974.787	1977.289	1974.218	1974.980	4681	0	200
2023.05.24	00:00:00	1975.021	1976.965	1972.735	1976.454	13969	0	200
2023.05.24	04:00:00	1976.453	1980.562	1970.665	1974.014	17362	0	200
2023.05.24	08:00:00	1974.044	1981.984	1973.520	1981.856	16951	0	200
2023.05.24	12:00:00	1981.854	1985.015	1960.202	1962.988	32740	0	200
2023.05.24	16:00:00	1963.027	1965.236	1956.683	1958.972	23035	0	200
2023.05.24	20:00:00	1958.959	1961.839	1957.090	1959.752	7439	0	200
2023.05.25	00:00:00	1959.748	1960.101	1954.910	1957.207	16444	0	200
2023.05.25	04:00:00	1957.213	1961.330	1954.885	1959.413	15533	0	200
2023.05.25	08:00:00	1959.421	1964.711	1959.210	1961.926	15700	0	200
2023.05.25	12:00:00	1961.958	1963.062	1939.029	1945.393	48143	0	200
2023.05.25	16:00:00	1945.426	1946.908	1938.813	1940.148	17596	0	200
2023.05.25	20:00:00	1940.153	1943.157	1939.377	1940.515	6034	0	200
2023.05.26	00:00:00	1940.492	1948.779	1936.576	1948.423	15953	0	200
2023.05.26	04:00:00	1948.408	1957.219	1946.965	1956.202	17226	0	200
2023.05.26	08:00:00	1956.172	1956.715	1950.991	1951.445	14488	0	200
2023.05.26	12:00:00	1951.435	1953.848	1938.658	1943.457	37113	0	200
2023.05.26	16:00:00	1943.427	1947.566	1942.790	1947.403	15519	0	200
2023.05.26	20:00:00	1947.434	1947.501	1946.197	1946.834	1576	0	200
2023.05.28	20:00:00	1943.265	1946.248	1943.227	1943.654	4454	0	200
2023.05.29	00:00:00	1943.687	1946.165	1940.270	1945.542	12607	0	200
2023.05.29	04:00:00	1945.547	1948.874	1943.741	1944.176	11198	0	200
2023.05.29	08:00:00	1944.193	1946.576	1940.731	1946.272	10859	0	200
2023.05.29	12:00:00	1946.303	1949.718	1944.778	1945.922	13485	0	200
2023.05.29	16:00:00	1945.882	1945.882	1942.772	1943.627	2271	0	200
2023.05.29	20:00:00	1943.445	1944.318	1941.347	1941.683	4372	0	200
2023.05.30	00:00:00	1941.498	1946.602	1939.225	1939.446	15449	0	200
2023.05.30	04:00:00	1939.424	1942.168	1932.042	1942.161	20145	0	200
2023.05.30	08:00:00	1942.149	1960.700	1941.527	1960.144	21384	0	200
2023.05.30	12:00:00	1960.120	1962.253	1950.577	1962.071	30050	0	200
2023.05.30	16:00:00	1962.101	1963.479	1957.703	1960.130	13502	0	200
2023.05.30	20:00:00	1960.098	1960.098	1957.990	1958.535	4184	0	200
2023.05.31	00:00:00	1958.544	1960.452	1953.625	1958.052	14888	0	200
2023.05.31	04:00:00	1958.051	1965.186	1955.735	1956.067	18876	0	200
2023.05.31	08:00:00	1956.092	1960.772	1954.843	1960.324	16956	0	200
2023.05.31	12:00:00	1960.321	1974.526	1959.932	1968.581	36037	0	200
2023.05.31	16:00:00	1968.551	1969.179	1962.654	1963.061	17630	0	200
2023.05.31	20:00:00	1963.094	1966.961	1962.378	1966.244	5665	0	200
2023.06.01	00:00:00	1966.275	1967.446	1961.996	1964.178	15527	0	200
2023.06.01	04:00:00	1964.194	1965.808	1955.080	1955.523	15395	0	200
2023.06.01	08:00:00	1955.535	1968.368	1953.338	1967.861	16292	0	200
2023.06.01	12:00:00	1967.828	1983.049	1958.663	1982.054	39919	0	200
2023.06.01	16:00:00	1982.086	1982.624	1975.635	1978.068	15197	0	200
2023.06.01	20:00:00	1978.101	1978.316	1975.886	1977.030	3690	0	200
2023.06.02	00:00:00	1977.033	1983.332	1974.015	1982.473	14430	0	200
2023.06.02	04:00:00	1982.470	1982.840	1975.784	1975.951	15453	0	200
2023.06.02	08:00:00	1975.933	1981.106	1974.956	1978.772	14068	0	200
2023.06.02	12:00:00	1978.802	1980.174	1960.987	1962.042	40670	0	200
2023.06.02	16:00:00	1962.012	1962.178	1948.066	1948.621	17074	0	200
2023.06.02	20:00:00	1948.584	1948.935	1947.580	1947.992	1667	0	200
2023.06.04	20:00:00	1947.366	1950.096	1947.297	1949.330	4212	0	200
2023.06.05	00:00:00	1949.344	1949.466	1943.824	1947.086	15453	0	200
2023.06.05	04:00:00	1947.085	1947.338	1938.476	1939.893	15037	0	200
2023.06.05	08:00:00	1939.842	1945.791	1938.341	1942.222	15518	0	200
2023.06.05	12:00:00	1942.252	1961.909	1938.048	1958.108	31289	0	200
2023.06.05	16:00:00	1958.144	1964.003	1957.066	1961.029	14170	0	200
2023.06.05	20:00:00	1961.066	1963.119	1960.628	1961.224	5108	0	200
2023.06.06	00:00:00	1961.231	1964.359	1959.007	1959.199	13064	0	200
2023.06.06	04:00:00	1959.196	1962.714	1956.846	1957.491	16780	0	200
2023.06.06	08:00:00	1957.513	1964.896	1957.242	1962.727	16142	0	200
2023.06.06	12:00:00	1962.733	1966.376	1954.295	1963.429	26682	0	200
2023.06.06	16:00:00	1963.432	1966.288	1961.019	1962.840	12441	0	200
2023.06.06	20:00:00	1962.871	1964.504	1962.450	1963.345	4062	0	200
2023.06.07	00:00:00	1963.315	1966.724	1962.905	1963.351	12542	0	200
2023.06.07	04:00:00	1963.348	1964.989	1954.753	1956.108	13446	0	200
2023.06.07	08:00:00	1956.088	1966.178	1955.702	1961.255	15168	0	200
2023.06.07	12:00:00	1961.223	1970.123	1946.404	1947.117	31842	0	200
2023.06.07	16:00:00	1947.148	1947.653	1939.997	1940.077	18782	0	200
2023.06.07	20:00:00	1940.044	1945.278	1939.839	1944.436	5848	0	200
2023.06.08	00:00:00	1944.433	1947.036	1944.240	1946.265	12502	0	200
2023.06.08	04:00:00	1946.290	1948.270	1942.764	1947.268	13918	0	200
2023.06.08	08:00:00	1947.238	1949.053	1944.902	1946.582	14113	0	200
2023.06.08	12:00:00	1946.619	1970.505	1946.200	1966.789	34734	0	200
2023.06.08	16:00:00	1966.819	1969.188	1961.713	1964.946	15642	0	200
2023.06.08	20:00:00	1964.980	1966.354	1964.837	1965.316	3539	0	200
2023.06.09	00:00:00	1965.313	1965.702	1963.176	1963.777	12038	0	200
2023.06.09	04:00:00	1963.776	1966.032	1962.358	1963.135	12994	0	200
2023.06.09	08:00:00	1963.105	1966.877	1960.653	1966.443	14652	0	200
2023.06.09	12:00:00	1966.438	1972.661	1956.530	1962.152	30713	0	200
2023.06.09	16:00:00	1962.119	1962.780	1959.600	1960.134	13318	0	200
2023.06.09	20:00:00	1960.166	1961.097	1960.039	1960.640	1171	0	200
2023.06.11	20:00:00	1959.592	1960.497	1958.013	1959.933	3406	0	200
2023.06.12	00:00:00	1959.941	1960.427	1954.226	1958.440	13103	0	200
2023.06.12	04:00:00	1958.416	1962.069	1956.542	1960.590	13827	0	200
2023.06.12	08:00:00	1960.558	1966.889	1960.187	1963.920	15158	0	200
2023.06.12	12:00:00	1963.921	1965.897	1949.118	1955.393	28575	0	200
2023.06.12	16:00:00	1955.361	1958.706	1953.073	1957.942	14171	0	200
2023.06.12	20:00:00	1957.974	1960.551	1956.744	1959.940	4564	0	200
2023.06.13	00:00:00	1959.953	1962.066	1955.900	1961.996	12680	0	200
2023.06.13	04:00:00	1962.006	1965.344	1958.233	1962.233	14818	0	200
2023.06.13	08:00:00	1962.202	1966.178	1961.448	1963.750	13363	0	200
2023.06.13	12:00:00	1963.736	1970.589	1941.884	1943.096	44076	0	200
2023.06.13	16:00:00	1943.086	1947.049	1939.975	1943.482	16714	0	200
2023.06.13	20:00:00	1943.446	1945.052	1942.089	1943.884	5030	0	200
2023.06.14	00:00:00	1943.891	1949.352	1942.733	1949.249	12403	0	200
2023.06.14	04:00:00	1949.275	1951.496	1945.204	1949.585	13211	0	200
2023.06.14	08:00:00	1949.563	1952.845	1945.774	1946.947	13825	0	200
2023.06.14	12:00:00	1946.952	1960.058	1946.262	1955.908	24247	0	200
2023.06.14	16:00:00	1955.939	1957.393	1939.880	1944.901	41411	0	200
2023.06.14	20:00:00	1944.936	1946.094	1939.673	1945.188	7196	0	200
2023.06.15	00:00:00	1945.146	1945.228	1932.207	1934.811	17983	0	200
2023.06.15	04:00:00	1934.839	1939.764	1928.867	1933.516	20223	0	200
2023.06.15	08:00:00	1933.493	1936.708	1927.793	1928.479	16581	0	200
2023.06.15	12:00:00	1928.449	1959.728	1924.838	1956.510	39113	0	200
2023.06.15	16:00:00	1956.541	1960.194	1956.541	1958.604	15402	0	200
2023.06.15	20:00:00	1958.634	1959.202	1957.215	1958.223	4076	0	200
2023.06.16	00:00:00	1958.223	1962.032	1955.137	1956.613	14387	0	200
2023.06.16	04:00:00	1956.617	1963.228	1954.629	1961.563	15207	0	200
2023.06.16	08:00:00	1961.594	1966.498	1959.966	1965.583	15975	0	200
2023.06.16	12:00:00	1965.614	1967.848	1953.188	1956.229	33061	0	200
2023.06.16	16:00:00	1956.196	1959.667	1953.908	1955.391	14731	0	200
2023.06.16	20:00:00	1955.359	1958.211	1955.321	1957.441	1725	0	200
2023.06.18	20:00:00	1958.500	1958.561	1956.235	1957.038	3499	0	200
2023.06.19	00:00:00	1957.046	1958.662	1953.977	1955.659	12262	0	200
2023.06.19	04:00:00	1955.627	1957.461	1952.687	1955.063	12771	0	200
2023.06.19	08:00:00	1955.032	1958.711	1948.288	1948.445	14491	0	200
2023.06.19	12:00:00	1948.478	1953.421	1947.734	1950.640	15245	0	200
2023.06.19	16:00:00	1950.643	1951.858	1949.723	1949.958	2932	0	200
2023.06.19	20:00:00	1950.701	1954.171	1950.641	1952.197	3541	0	200
2023.06.20	00:00:00	1952.383	1952.950	1944.892	1950.173	14821	0	200
2023.06.20	04:00:00	1950.176	1956.727	1946.882	1954.899	15491	0	200
2023.06.20	08:00:00	1954.859	1955.531	1949.898	1951.290	15308	0	200
2023.06.20	12:00:00	1951.320	1954.503	1929.584	1935.074	33030	0	200
2023.06.20	16:00:00	1935.108	1938.680	1934.137	1936.070	15026	0	200
2023.06.20	20:00:00	1936.106	1938.802	1935.419	1937.231	5761	0	200
2023.06.21	00:00:00	1937.225	1939.431	1935.341	1937.010	13288	0	200
2023.06.21	04:00:00	1937.027	1937.337	1931.177	1934.788	15716	0	200
2023.06.21	08:00:00	1934.789	1935.865	1932.083	1934.529	15466	0	200
2023.06.21	12:00:00	1934.498	1935.283	1918.808	1932.250	39768	0	200
2023.06.21	16:00:00	1932.216	1937.549	1930.355	1933.383	16529	0	200
2023.06.21	20:00:00	1933.406	1934.861	1931.929	1933.839	5717	0	200
2023.06.22	00:00:00	1933.838	1934.198	1931.484	1932.549	9453	0	200
2023.06.22	04:00:00	1932.523	1933.023	1927.025	1929.928	15062	0	200
2023.06.22	08:00:00	1929.898	1931.232	1924.729	1927.321	16312	0	200
2023.06.22	12:00:00	1927.306	1930.798	1912.757	1913.412	33335	0	200
2023.06.22	16:00:00	1913.378	1917.696	1913.000	1913.845	15864	0	200
2023.06.22	20:00:00	1913.810	1914.923	1912.355	1914.439	5097	0	200
2023.06.23	00:00:00	1914.439	1916.031	1910.091	1912.356	12524	0	200
2023.06.23	04:00:00	1912.349	1918.893	1912.070	1917.996	17329	0	200
2023.06.23	08:00:00	1918.045	1920.589	1916.567	1919.123	15288	0	200
2023.06.23	12:00:00	1919.130	1937.231	1918.764	1920.996	34657	0	200
2023.06.23	16:00:00	1921.006	1922.302	1917.865	1919.065	14292	0	200
2023.06.23	20:00:00	1919.034	1921.682	1918.937	1921.192	1759	0	200
2023.06.25	20:00:00	1922.951	1925.402	1922.682	1925.294	4392	0	200
2023.06.26	00:00:00	1925.293	1928.470	1924.059	1925.461	15180	0	200
2023.06.26	04:00:00	1925.462	1929.074	1922.125	1928.869	14414	0	200
2023.06.26	08:00:00	1928.869	1933.280	1928.857	1931.345	14925	0	200
2023.06.26	12:00:00	1931.347	1933.051	1921.269	1925.644	23900	0	200
2023.06.26	16:00:00	1925.675	1926.502	1922.344	1922.819	13383	0	200
2023.06.26	20:00:00	1922.780	1924.656	1920.902	1922.485	4472	0	200
2023.06.27	00:00:00	1922.501	1930.207	1921.659	1928.414	13009	0	200
2023.06.27	04:00:00	1928.408	1929.615	1924.155	1928.152	12911	0	200
2023.06.27	08:00:00	1928.152	1928.590	1919.429	1923.090	13863	0	200
2023.06.27	12:00:00	1923.068	1930.639	1911.243	1913.461	30680	0	200
2023.06.27	16:00:00	1913.444	1916.497	1910.800	1913.686	14804	0	200
2023.06.27	20:00:00	1913.716	1915.779	1912.915	1915.385	4340	0	200
2023.06.28	00:00:00	1915.389	1917.174	1913.445	1915.176	12625	0	200
2023.06.28	04:00:00	1915.176	1916.741	1908.997	1910.891	13521	0	200
2023.06.28	08:00:00	1910.890	1911.901	1905.571	1907.120	15336	0	200
2023.06.28	12:00:00	1907.121	1913.176	1902.500	1910.823	28856	0	200
2023.06.28	16:00:00	1910.792	1913.334	1909.161	1909.243	13854	0	200
2023.06.28	20:00:00	1909.208	1910.706	1906.774	1909.681	5493	0	200
2023.06.29	00:00:00	1909.712	1912.779	1902.715	1905.418	14013	0	200
2023.06.29	04:00:00	1905.387	1907.308	1902.510	1905.661	14561	0	200
2023.06.29	08:00:00	1905.693	1910.968	1903.886	1910.002	14103	0	200
2023.06.29	12:00:00	1910.007	1912.847	1892.839	1908.940	35858	0	200
2023.06.29	16:00:00	1908.916	1910.730	1906.208	1907.602	14079	0	200
2023.06.29	20:00:00	1907.571	1908.935	1907.080	1908.661	4689	0	200
2023.06.30	00:00:00	1908.692	1909.687	1907.079	1908.252	12003	0	200
2023.06.30	04:00:00	1908.254	1909.862	1903.730	1905.245	13485	0	200
2023.06.30	08:00:00	1905.219	1906.604	1900.419	1905.239	14469	0	200
2023.06.30	12:00:00	1905.272	1919.359	1904.593	1918.980	35002	0	200
2023.06.30	16:00:00	1918.995	1922.693	1917.426	1920.043	14929	0	200
2023.06.30	20:00:00	1920.011	1920.100	1918.098	1919.333	1890	0	200
2023.07.02	20:00:00	1918.552	1919.584	1917.464	1918.169	3360	0	200
2023.07.03	00:00:00	1918.164	1919.005	1914.604	1918.307	12797	0	200
2023.07.03	04:00:00	1918.338	1920.582	1912.068	1912.131	14440	0	200
2023.07.03	08:00:00	1912.155	1914.318	1910.003	1912.502	13269	0	200
2023.07.03	12:00:00	1912.509	1930.631	1911.590	1926.565	26788	0	200
2023.07.03	16:00:00	1926.563	1926.648	1920.565	1921.309	9153	0	200
2023.07.03	20:00:00	1921.307	1921.652	1919.665	1921.181	2580	0	200
2023.07.04	00:00:00	1921.180	1923.451	1920.024	1922.912	10832	0	200
2023.07.04	04:00:00	1922.918	1928.399	1922.696	1927.978	12301	0	200
2023.07.04	08:00:00	1927.977	1930.645	1925.678	1928.474	12437	0	200
2023.07.04	12:00:00	1928.477	1930.268	1926.099	1926.993	12243	0	200
2023.07.04	16:00:00	1926.993	1927.135	1923.958	1924.993	3890	0	200
2023.07.04	20:00:00	1925.509	1929.274	1924.840	1926.176	3387	0	200
2023.07.05	00:00:00	1926.247	1927.058	1923.145	1924.359	10676	0	200
2023.07.05	04:00:00	1924.358	1927.713	1920.809	1927.415	12997	0	200
2023.07.05	08:00:00	1927.384	1929.556	1925.148	1927.471	13489	0	200
2023.07.05	12:00:00	1927.468	1934.767	1918.926	1923.173	28473	0	200
2023.07.05	16:00:00	1923.172	1924.734	1915.127	1915.799	16207	0	200
2023.07.05	20:00:00	1915.763	1917.869	1914.765	1916.772	5258	0	200
2023.07.06	00:00:00	1916.784	1919.696	1916.060	1918.108	12655	0	200
2023.07.06	04:00:00	1918.113	1921.445	1916.900	1918.910	13373	0	200
2023.07.06	08:00:00	1918.918	1927.178	1916.054	1926.585	14403	0	200
2023.07.06	12:00:00	1926.586	1927.548	1902.568	1911.450	44179	0	200
2023.07.06	16:00:00	1911.472	1912.346	1908.864	1910.161	13236	0	200
2023.07.06	20:00:00	1910.192	1912.189	1909.567	1911.516	4625	0	200
2023.07.07	00:00:00	1911.543	1912.391	1909.625	1911.094	11721	0	200
2023.07.07	04:00:00	1911.091	1916.421	1910.212	1914.538	13389	0	200
2023.07.07	08:00:00	1914.568	1918.302	1913.291	1917.483	13434	0	200
2023.07.07	12:00:00	1917.515	1934.845	1914.251	1927.570	39027	0	200
2023.07.07	16:00:00	1927.539	1929.297	1924.596	1924.642	14034	0	200
2023.07.07	20:00:00	1924.677	1925.410	1924.216	1925.339	1737	0	200
2023.07.09	20:00:00	1925.288	1928.140	1923.842	1924.848	4469	0	200
2023.07.10	00:00:00	1924.858	1926.880	1922.512	1923.840	13717	0	200
2023.07.10	04:00:00	1923.837	1925.658	1919.318	1924.845	13232	0	200
2023.07.10	08:00:00	1924.843	1926.183	1922.641	1924.621	12614	0	200
2023.07.10	12:00:00	1924.652	1924.972	1912.299	1923.522	26426	0	200
2023.07.10	16:00:00	1923.513	1926.794	1922.650	1925.798	12783	0	200
2023.07.10	20:00:00	1925.766	1925.873	1924.362	1924.821	4027	0	200
2023.07.11	00:00:00	1924.822	1928.891	1924.406	1926.616	13063	0	200
2023.07.11	04:00:00	1926.621	1937.902	1926.355	1932.222	16318	0	200
2023.07.11	08:00:00	1932.228	1938.404	1931.936	1936.266	14294	0	200
2023.07.11	12:00:00	1936.235	1936.442	1929.368	1931.048	22225	0	200
2023.07.11	16:00:00	1931.017	1932.777	1929.306	1932.473	11679	0	200
2023.07.11	20:00:00	1932.462	1933.761	1931.574	1933.240	4112	0	200
2023.07.12	00:00:00	1933.244	1940.930	1933.171	1938.494	13507	0	200
2023.07.12	04:00:00	1938.493	1940.178	1933.836	1934.641	13148	0	200
2023.07.12	08:00:00	1934.641	1936.386	1933.343	1934.628	12168	0	200
2023.07.12	12:00:00	1934.624	1958.237	1933.528	1955.661	36770	0	200
2023.07.12	16:00:00	1955.630	1959.618	1955.349	1958.686	13923	0	200
2023.07.12	20:00:00	1958.662	1958.686	1956.886	1957.713	4622	0	200
2023.07.13	00:00:00	1957.714	1961.607	1956.317	1960.268	13848	0	200
2023.07.13	04:00:00	1960.276	1963.302	1955.230	1961.745	15871	0	200
2023.07.13	08:00:00	1961.766	1962.689	1957.916	1959.868	13045	0	200
2023.07.13	12:00:00	1959.868	1963.276	1952.294	1954.943	30945	0	200
2023.07.13	16:00:00	1954.974	1960.765	1954.744	1959.986	13935	0	200
2023.07.13	20:00:00	1960.024	1961.818	1959.820	1960.134	5066	0	200
2023.07.14	00:00:00	1960.124	1963.671	1958.324	1962.545	13591	0	200
2023.07.14	04:00:00	1962.547	1962.547	1954.269	1956.849	14517	0	200
2023.07.14	08:00:00	1956.819	1960.003	1955.149	1959.225	13537	0	200
2023.07.14	12:00:00	1959.233	1962.711	1950.661	1958.074	31272	0	200
2023.07.14	16:00:00	1958.078	1960.984	1954.291	1954.291	13815	0	200
2023.07.14	20:00:00	1954.328	1955.640	1954.283	1955.224	1964	0	200
2023.07.16	20:00:00	1954.975	1954.975	1951.354	1953.281	4160	0	200
2023.07.17	00:00:00	1953.281	1955.909	1950.881	1952.055	12597	0	200
2023.07.17	04:00:00	1952.056	1956.800	1950.502	1952.254	13439	0	200
2023.07.17	08:00:00	1952.224	1959.801	1951.902	1957.602	14555	0	200
2023.07.17	12:00:00	1957.577	1959.377	1945.553	1954.585	25448	0	200
2023.07.17	16:00:00	1954.617	1956.310	1952.436	1955.334	11406	0	200
2023.07.17	20:00:00	1955.300	1956.253	1954.346	1955.398	3831	0	200
2023.07.18	00:00:00	1955.396	1960.576	1954.677	1959.764	13326	0	200
2023.07.18	04:00:00	1959.762	1964.019	1957.732	1961.479	14173	0	200
2023.07.18	08:00:00	1961.482	1971.798	1960.518	1962.989	15673	0	200
2023.07.18	12:00:00	1963.019	1984.251	1960.671	1978.084	39951	0	200
2023.07.18	16:00:00	1978.089	1981.438	1974.965	1977.719	14170	0	200
2023.07.18	20:00:00	1977.696	1979.126	1976.733	1977.481	4940	0	200
2023.07.19	00:00:00	1977.464	1978.459	1974.409	1975.443	12735	0	200
2023.07.19	04:00:00	1975.444	1980.859	1972.971	1977.929	15024	0	200
2023.07.19	08:00:00	1977.912	1979.064	1971.518	1973.704	13829	0	200
2023.07.19	12:00:00	1973.723	1979.822	1969.692	1973.806	24373	0	200
2023.07.19	16:00:00	1973.803	1978.861	1972.049	1978.439	12830	0	200
2023.07.19	20:00:00	1978.434	1978.877	1975.400	1977.683	4830	0	200
2023.07.20	00:00:00	1977.661	1987.421	1977.299	1985.174	14989	0	200
2023.07.20	04:00:00	1985.176	1985.448	1977.811	1979.155	14644	0	200
2023.07.20	08:00:00	1979.134	1983.809	1978.141	1981.407	13750	0	200
2023.07.20	12:00:00	1981.408	1981.544	1965.558	1968.609	28292	0	200
2023.07.20	16:00:00	1968.604	1971.423	1965.320	1968.712	13941	0	200
2023.07.20	20:00:00	1968.681	1972.820	1968.435	1972.197	4306	0	200
2023.07.21	00:00:00	1972.227	1973.735	1969.850	1970.234	13113	0	200
2023.07.21	04:00:00	1970.210	1972.141	1964.156	1964.258	13909	0	200
2023.07.21	08:00:00	1964.258	1966.745	1961.056	1965.740	16674	0	200
2023.07.21	12:00:00	1965.715	1968.069	1956.605	1960.257	25221	0	200
2023.07.21	16:00:00	1960.222	1964.806	1960.154	1962.445	11942	0	200
2023.07.21	20:00:00	1962.477	1962.627	1961.463	1961.851	1404	0	200
2023.07.23	20:00:00	1962.228	1962.882	1960.351	1961.177	2975	0	200
2023.07.24	00:00:00	1961.172	1962.623	1959.033	1960.143	12905	0	200
2023.07.24	04:00:00	1960.112	1965.632	1957.839	1963.236	13910	0	200
2023.07.24	08:00:00	1963.218	1967.805	1959.318	1964.957	14864	0	200
2023.07.24	12:00:00	1964.987	1967.607	1957.098	1959.621	25725	0	200
2023.07.24	16:00:00	1959.638	1961.407	1953.425	1954.301	13848	0	200
2023.07.24	20:00:00	1954.336	1955.413	1953.174	1954.393	4585	0	200
2023.07.25	00:00:00	1954.394	1963.498	1953.854	1961.553	13647	0	200
2023.07.25	04:00:00	1961.553	1964.098	1959.544	1961.169	13572	0	200
2023.07.25	08:00:00	1961.135	1963.624	1953.093	1960.736	14863	0	200
2023.07.25	12:00:00	1960.720	1965.311	1951.787	1964.246	23760	0	200
2023.07.25	16:00:00	1964.224	1965.620	1961.266	1964.431	11870	0	200
2023.07.25	20:00:00	1964.398	1966.242	1964.099	1965.284	5231	0	200
2023.07.26	00:00:00	1965.283	1966.026	1962.002	1963.880	12002	0	200
2023.07.26	04:00:00	1963.889	1971.079	1962.387	1970.591	12842	0	200
2023.07.26	08:00:00	1970.613	1974.149	1969.591	1971.911	12838	0	200
2023.07.26	12:00:00	1972.038	1974.960	1963.682	1972.347	22813	0	200
2023.07.26	16:00:00	1972.374	1978.243	1965.531	1974.807	27607	0	200
2023.07.26	20:00:00	1974.777	1974.777	1970.942	1972.009	6448	0	200
2023.07.27	00:00:00	1972.012	1982.133	1971.117	1977.879	12820	0	200
2023.07.27	04:00:00	1977.905	1982.081	1974.004	1979.892	14551	0	200
2023.07.27	08:00:00	1979.922	1981.053	1973.557	1978.989	14606	0	200
2023.07.27	12:00:00	1979.002	1979.066	1942.642	1946.880	38596	0	200
2023.07.27	16:00:00	1946.849	1949.632	1942.018	1944.140	19843	0	200
2023.07.27	20:00:00	1944.107	1948.058	1943.373	1947.443	6695	0	200
2023.07.28	00:00:00	1947.411	1954.920	1946.054	1954.185	24309	0	200
2023.07.28	04:00:00	1954.216	1956.661	1948.219	1949.603	24507	0	200
2023.07.28	08:00:00	1949.666	1957.960	1947.819	1956.578	15963	0	200
2023.07.28	12:00:00	1956.544	1963.355	1952.244	1960.909	28834	0	200
2023.07.28	16:00:00	1960.892	1963.460	1957.479	1959.081	11863	0	200
2023.07.28	20:00:00	1959.049	1959.547	1958.603	1959.184	1454	0	200
2023.07.30	20:00:00	1959.875	1960.470	1957.373	1958.070	3962	0	200
2023.07.31	00:00:00	1958.054	1958.828	1953.647	1954.551	14308	0	200
2023.07.31	04:00:00	1954.539	1956.967	1953.056	1954.823	13931	0	200
2023.07.31	08:00:00	1954.846	1961.041	1950.718	1959.030	14058	0	200
2023.07.31	12:00:00	1959.060	1972.326	1957.477	1970.636	23240	0	200
2023.07.31	16:00:00	1970.646	1972.201	1964.209	1964.482	11642	0	200
2023.07.31	20:00:00	1964.514	1965.944	1963.846	1963.907	5151	0	200
2023.08.01	00:00:00	1963.876	1964.628	1958.972	1962.139	11991	0	200
2023.08.01	04:00:00	1962.130	1962.277	1954.351	1955.437	13801	0	200
2023.08.01	08:00:00	1955.404	1957.657	1953.013	1953.524	14176	0	200
2023.08.01	12:00:00	1953.546	1955.767	1941.267	1944.199	31135	0	200
2023.08.01	16:00:00	1944.169	1945.501	1941.209	1944.370	11044	0	200
2023.08.01	20:00:00	1944.402	1952.858	1944.040	1952.146	9549	0	200
2023.08.02	00:00:00	1952.140	1952.381	1946.676	1949.275	13917	0	200
2023.08.02	04:00:00	1949.268	1950.351	1945.283	1948.372	14194	0	200
2023.08.02	08:00:00	1948.414	1954.752	1948.260	1950.621	14588	0	200
2023.08.02	12:00:00	1950.657	1951.821	1932.864	1935.520	31630	0	200
2023.08.02	16:00:00	1935.489	1939.091	1934.979	1935.194	12146	0	200
2023.08.02	20:00:00	1935.182	1936.927	1934.388	1936.000	4298	0	200
2023.08.03	00:00:00	1936.025	1938.822	1933.917	1937.228	11137	0	200
2023.08.03	04:00:00	1937.249	1938.206	1930.777	1936.873	15993	0	200
2023.08.03	08:00:00	1936.881	1938.370	1932.804	1935.001	16224	0	200
2023.08.03	12:00:00	1935.000	1938.673	1929.496	1933.021	33074	0	200
2023.08.03	16:00:00	1933.021	1935.882	1932.490	1934.212	10909	0	200
2023.08.03	20:00:00	1934.207	1937.004	1933.925	1935.774	4840	0	200
2023.08.04	00:00:00	1935.747	1937.964	1934.320	1935.160	12322	0	200
2023.08.04	04:00:00	1935.160	1937.429	1932.094	1932.832	13042	0	200
2023.08.04	08:00:00	1932.856	1934.142	1931.219	1932.269	12383	0	200
2023.08.04	12:00:00	1932.270	1946.752	1925.071	1942.672	36781	0	200
2023.08.04	16:00:00	1942.640	1943.486	1939.779	1941.338	11952	0	200
2023.08.04	20:00:00	1941.306	1943.279	1941.138	1942.483	1956	0	200
2023.08.06	20:00:00	1942.560	1946.648	1942.415	1943.790	4377	0	200
2023.08.07	00:00:00	1943.785	1945.267	1938.156	1939.320	11243	0	200
2023.08.07	04:00:00	1939.299	1939.448	1935.226	1936.728	12719	0	200
2023.08.07	08:00:00	1936.714	1937.563	1933.360	1936.180	13008	0	200
2023.08.07	12:00:00	1936.172	1941.653	1931.357	1932.460	19817	0	200
2023.08.07	16:00:00	1932.464	1937.591	1932.074	1936.650	10665	0	200
2023.08.07	20:00:00	1936.619	1938.031	1935.561	1936.732	4511	0	200
2023.08.08	00:00:00	1936.763	1937.305	1931.087	1933.105	12346	0	200
2023.08.08	04:00:00	1933.074	1934.813	1930.162	1930.393	12924	0	200
2023.08.08	08:00:00	1930.426	1935.509	1928.087	1928.916	15274	0	200
2023.08.08	12:00:00	1928.925	1931.797	1922.508	1925.774	25379	0	200
2023.08.08	16:00:00	1925.777	1928.401	1923.561	1924.796	11619	0	200
2023.08.08	20:00:00	1924.764	1925.699	1924.491	1925.569	3415	0	200
2023.08.09	00:00:00	1925.574	1930.816	1924.188	1930.111	11462	0	200
2023.08.09	04:00:00	1930.103	1932.204	1928.535	1930.543	11855	0	200
2023.08.09	08:00:00	1930.515	1930.769	1923.109	1924.529	12357	0	200
2023.08.09	12:00:00	1924.488	1927.374	1915.400	1916.653	23122	0	200
2023.08.09	16:00:00	1916.683	1918.120	1915.413	1915.493	11445	0	200
2023.08.09	20:00:00	1915.462	1916.892	1913.983	1916.688	4355	0	200
2023.08.10	00:00:00	1916.688	1919.130	1915.363	1918.637	11198	0	200
2023.08.10	04:00:00	1918.636	1920.576	1915.465	1919.316	12104	0	200
2023.08.10	08:00:00	1919.314	1922.628	1918.575	1921.817	12271	0	200
2023.08.10	12:00:00	1921.811	1929.514	1912.825	1919.961	35618	0	200
2023.08.10	16:00:00	1919.995	1921.660	1912.839	1913.289	14782	0	200
2023.08.10	20:00:00	1913.255	1913.626	1910.694	1912.358	4733	0	200
2023.08.11	00:00:00	1912.358	1915.945	1911.858	1914.581	10264	0	200
2023.08.11	04:00:00	1914.581	1917.965	1912.584	1917.851	11693	0	200
2023.08.11	08:00:00	1917.844	1919.769	1916.021	1918.954	11606	0	200
2023.08.11	12:00:00	1918.972	1920.882	1912.837	1913.978	26868	0	200
2023.08.11	16:00:00	1913.992	1915.443	1912.175	1913.548	10824	0	200
2023.08.11	20:00:00	1913.517	1913.993	1912.893	1913.786	1282	0	200
2023.08.13	20:00:00	1913.666	1915.181	1912.395	1913.620	3311	0	200
2023.08.14	00:00:00	1913.620	1913.719	1910.060	1912.696	12674	0	200
2023.08.14	04:00:00	1912.694	1915.913	1910.560	1914.408	12278	0	200
2023.08.14	08:00:00	1914.439	1916.156	1912.193	1913.927	12179	0	200
2023.08.14	12:00:00	1913.922	1913.978	1902.465	1910.612	24621	0	200
2023.08.14	16:00:00	1910.581	1913.155	1907.175	1907.563	11658	0	200
2023.08.14	20:00:00	1907.523	1908.039	1904.751	1907.557	4253	0	200
2023.08.15	00:00:00	1907.567	1908.036	1903.671	1907.124	12766	0	200
2023.08.15	04:00:00	1907.125	1907.455	1903.479	1904.921	12977	0	200
2023.08.15	08:00:00	1904.926	1905.119	1901.808	1904.166	13942	0	200
2023.08.15	12:00:00	1904.167	1911.563	1896.208	1906.820	31281	0	200
2023.08.15	16:00:00	1906.802	1907.377	1902.425	1902.664	13317	0	200
2023.08.15	20:00:00	1902.632	1903.540	1900.244	1901.419	4922	0	200
2023.08.16	00:00:00	1901.412	1905.273	1900.446	1904.071	11651	0	200
2023.08.16	04:00:00	1904.061	1906.508	1902.741	1904.510	11834	0	200
2023.08.16	08:00:00	1904.511	1907.146	1903.041	1903.087	11921	0	200
2023.08.16	12:00:00	1903.056	1906.383	1899.308	1901.885	21012	0	200
2023.08.16	16:00:00	1901.872	1902.530	1891.652	1892.146	15905	0	200
2023.08.16	20:00:00	1892.183	1894.924	1891.798	1893.295	6265	0	200
2023.08.17	00:00:00	1893.298	1893.906	1889.392	1892.721	12716	0	200
2023.08.17	04:00:00	1892.721	1897.499	1892.051	1896.389	11609	0	200
2023.08.17	08:00:00	1896.385	1899.437	1893.604	1898.822	13698	0	200
2023.08.17	12:00:00	1898.791	1903.413	1889.090	1889.428	25132	0	200
2023.08.17	16:00:00	1889.416	1891.165	1884.996	1889.039	13919	0	200
2023.08.17	20:00:00	1888.999	1891.622	1888.352	1891.227	4580	0	200
2023.08.18	00:00:00	1891.231	1895.100	1890.633	1892.674	12220	0	200
2023.08.18	04:00:00	1892.674	1894.059	1891.141	1892.547	12721	0	200
2023.08.18	08:00:00	1892.530	1895.498	1891.350	1893.733	11974	0	200
2023.08.18	12:00:00	1893.721	1896.549	1888.425	1891.206	21507	0	200
2023.08.18	16:00:00	1891.176	1891.897	1886.724	1889.248	11948	0	200
2023.08.18	20:00:00	1889.210	1889.935	1888.309	1889.529	1552	0	200
2023.08.20	20:00:00	1889.357	1890.823	1888.800	1889.919	3175	0	200
2023.08.21	00:00:00	1889.934	1893.481	1884.547	1891.643	13230	0	200
2023.08.21	04:00:00	1891.628	1894.015	1887.372	1888.104	13394	0	200
2023.08.21	08:00:00	1888.102	1893.109	1886.760	1892.879	13272	0	200
2023.08.21	12:00:00	1892.852	1898.470	1885.182	1889.148	24716	0	200
2023.08.21	16:00:00	1889.146	1895.337	1889.072	1894.268	11639	0	200
2023.08.21	20:00:00	1894.237	1895.990	1894.200	1894.664	3446	0	200
2023.08.22	00:00:00	1894.674	1897.257	1893.620	1896.016	12166	0	200
2023.08.22	04:00:00	1896.029	1901.659	1893.790	1901.445	12622	0	200
2023.08.22	08:00:00	1901.449	1904.410	1898.367	1902.113	13135	0	200
2023.08.22	12:00:00	1902.112	1903.368	1888.824	1897.808	23030	0	200
2023.08.22	16:00:00	1897.839	1898.876	1896.370	1897.571	10323	0	200
2023.08.22	20:00:00	1897.547	1898.569	1897.063	1898.478	2703	0	200
2023.08.23	00:00:00	1898.476	1902.740	1898.432	1901.524	11175	0	200
2023.08.23	04:00:00	1901.524	1904.665	1900.680	1903.587	13080	0	200
2023.08.23	08:00:00	1903.553	1905.241	1901.235	1903.259	13343	0	200
2023.08.23	12:00:00	1903.260	1918.610	1902.611	1918.268	27872	0	200
2023.08.23	16:00:00	1918.270	1920.292	1916.264	1916.831	12086	0	200
2023.08.23	20:00:00	1916.802	1918.005	1914.442	1917.849	4912	0	200
2023.08.24	00:00:00	1917.849	1921.600	1917.295	1920.867	11641	0	200
2023.08.24	04:00:00	1920.870	1922.753	1919.423	1919.456	13718	0	200
2023.08.24	08:00:00	1919.489	1921.938	1916.322	1916.567	12060	0	200
2023.08.24	12:00:00	1916.566	1923.056	1911.554	1921.007	22951	0	200
2023.08.24	16:00:00	1920.974	1921.408	1916.635	1916.738	11301	0	200
2023.08.24	20:00:00	1916.775	1917.481	1915.638	1915.847	3611	0	200
2023.08.25	00:00:00	1915.845	1917.516	1913.147	1913.417	10514	0	200
2023.08.25	04:00:00	1913.416	1915.939	1912.733	1914.149	11767	0	200
2023.08.25	08:00:00	1914.146	1918.375	1913.290	1918.276	11018	0	200
2023.08.25	12:00:00	1918.245	1922.118	1903.450	1907.747	32541	0	200
2023.08.25	16:00:00	1907.784	1914.694	1907.580	1914.310	13193	0	200
2023.08.25	20:00:00	1914.292	1914.917	1913.287	1914.321	1374	0	200
2023.08.27	20:00:00	1915.974	1916.068	1914.322	1915.028	3309	0	200
2023.08.28	00:00:00	1915.029	1917.352	1914.549	1916.222	10736	0	200
2023.08.28	04:00:00	1916.222	1917.719	1914.294	1914.464	10305	0	200
2023.08.28	08:00:00	1914.495	1915.641	1913.477	1914.757	9736	0	200
2023.08.28	12:00:00	1914.757	1925.991	1912.694	1924.732	18827	0	200
2023.08.28	16:00:00	1924.727	1925.195	1916.833	1919.659	11078	0	200
2023.08.28	20:00:00	1919.676	1921.576	1919.591	1921.186	2787	0	200
2023.08.29	00:00:00	1921.199	1925.763	1921.009	1925.360	9815	0	200
2023.08.29	04:00:00	1925.348	1925.547	1921.585	1923.183	10616	0	200
2023.08.29	08:00:00	1923.216	1924.407	1916.629	1917.184	12110	0	200
2023.08.29	12:00:00	1917.184	1937.580	1914.357	1936.727	26346	0	200
2023.08.29	16:00:00	1936.701	1938.120	1934.039	1937.991	12091	0	200
2023.08.29	20:00:00	1938.018	1938.018	1935.924	1936.168	3884	0	200
2023.08.30	00:00:00	1936.176	1937.467	1935.360	1936.739	9971	0	200
2023.08.30	04:00:00	1936.738	1937.077	1934.940	1936.458	10832	0	200
2023.08.30	08:00:00	1936.488	1939.606	1935.445	1939.065	11968	0	200
2023.08.30	12:00:00	1939.053	1949.006	1938.747	1944.911	26986	0	200
2023.08.30	16:00:00	1944.880	1945.564	1942.782	1943.385	10797	0	200
2023.08.30	20:00:00	1943.409	1945.424	1942.073	1944.185	5119	0	200
2023.08.31	00:00:00	1944.195	1947.660	1944.106	1945.136	9722	0	200
2023.08.31	04:00:00	1945.105	1946.253	1943.195	1945.035	10294	0	200
2023.08.31	08:00:00	1945.043	1945.869	1943.620	1945.633	11370	0	200
2023.08.31	12:00:00	1945.635	1947.526	1939.033	1940.592	24865	0	200
2023.08.31	16:00:00	1940.595	1942.448	1939.047	1940.019	10537	0	200
2023.08.31	20:00:00	1940.054	1940.509	1939.043	1939.824	3852	0	200
2023.09.01	00:00:00	1939.828	1943.911	1938.638	1938.907	10749	0	200
2023.09.01	04:00:00	1938.899	1943.458	1938.191	1943.072	10518	0	200
2023.09.01	08:00:00	1943.064	1945.822	1941.873	1944.442	10521	0	200
2023.09.01	12:00:00	1944.432	1952.331	1934.334	1938.779	34438	0	200
2023.09.01	16:00:00	1938.780	1941.530	1937.310	1940.490	10481	0	200
2023.09.01	20:00:00	1940.491	1940.667	1939.225	1939.704	1227	0	200
2023.09.03	20:00:00	1939.987	1941.000	1939.406	1940.558	2143	0	200
2023.09.04	00:00:00	1940.557	1946.040	1940.098	1944.931	10558	0	200
2023.09.04	04:00:00	1944.921	1946.232	1943.078	1943.780	10620	0	200
2023.09.04	08:00:00	1943.775	1944.417	1939.816	1941.589	9990	0	200
2023.09.04	12:00:00	1941.600	1941.680	1936.688	1938.598	11223	0	200
2023.09.04	16:00:00	1938.597	1938.822	1937.931	1938.118	1935	0	200
2023.09.04	20:00:00	1938.457	1938.742	1937.628	1937.659	2037	0	200
2023.09.05	00:00:00	1937.551	1938.618	1934.720	1936.926	10189	0	200
2023.09.05	04:00:00	1936.926	1938.927	1935.172	1935.541	11527	0	200
2023.09.05	08:00:00	1935.540	1935.624	1929.911	1930.428	12621	0	200
2023.09.05	12:00:00	1930.398	1934.486	1925.272	1926.070	24965	0	200
2023.09.05	16:00:00	1926.039	1927.878	1925.412	1925.780	10114	0	200
2023.09.05	20:00:00	1925.811	1926.883	1925.387	1926.559	3465	0	200
2023.09.06	00:00:00	1926.569	1926.695	1924.189	1926.501	10068	0	200
2023.09.06	04:00:00	1926.494	1928.428	1922.741	1922.741	11529	0	200
2023.09.06	08:00:00	1922.775	1927.551	1922.338	1925.371	11589	0	200
2023.09.06	12:00:00	1925.363	1929.079	1915.153	1916.736	25743	0	200
2023.09.06	16:00:00	1916.739	1920.622	1915.959	1916.642	10209	0	200
2023.09.06	20:00:00	1916.672	1918.103	1915.921	1917.091	3718	0	200
2023.09.07	00:00:00	1917.086	1920.662	1916.283	1920.117	9780	0	200
2023.09.07	04:00:00	1920.100	1920.209	1917.069	1918.344	11120	0	200
2023.09.07	08:00:00	1918.312	1922.257	1917.336	1921.773	11128	0	200
2023.09.07	12:00:00	1921.787	1923.414	1915.987	1920.906	21478	0	200
2023.09.07	16:00:00	1920.903	1921.378	1917.414	1918.716	9036	0	200
2023.09.07	20:00:00	1918.748	1920.294	1918.748	1920.247	3154	0	200
2023.09.08	00:00:00	1920.255	1927.131	1920.063	1924.905	12838	0	200
2023.09.08	04:00:00	1924.905	1927.236	1923.810	1924.073	10414	0	200
2023.09.08	08:00:00	1924.066	1925.813	1922.608	1922.953	10863	0	200
2023.09.08	12:00:00	1922.954	1929.558	1919.149	1919.546	20855	0	200
2023.09.08	16:00:00	1919.545	1920.631	1917.153	1919.156	8979	0	200
2023.09.08	20:00:00	1919.146	1919.348	1918.756	1918.973	1009	0	200
2023.09.10	20:00:00	1919.621	1919.653	1916.576	1918.801	4003	0	200
2023.09.11	00:00:00	1918.795	1924.001	1918.316	1923.274	12421	0	200
2023.09.11	04:00:00	1923.274	1930.440	1922.921	1926.422	14483	0	200
2023.09.11	08:00:00	1926.392	1927.977	1924.623	1925.167	11760	0	200
2023.09.11	12:00:00	1925.160	1929.984	1921.344	1922.987	19544	0	200
2023.09.11	16:00:00	1922.987	1925.038	1921.436	1922.700	9557	0	200
2023.09.11	20:00:00	1922.668	1923.236	1921.205	1921.624	3244	0	200
2023.09.12	00:00:00	1921.590	1924.282	1920.311	1923.623	10657	0	200
2023.09.12	04:00:00	1923.623	1924.447	1918.763	1918.968	10967	0	200
2023.09.12	08:00:00	1918.967	1921.298	1910.736	1912.936	13256	0	200
2023.09.12	12:00:00	1912.936	1914.453	1907.232	1912.411	21025	0	200
2023.09.12	16:00:00	1912.422	1915.007	1911.680	1912.942	9925	0	200
2023.09.12	20:00:00	1912.927	1913.778	1912.434	1912.858	3470	0	200
2023.09.13	00:00:00	1912.857	1913.781	1908.168	1909.604	11064	0	200
2023.09.13	04:00:00	1909.602	1912.600	1908.154	1911.997	12198	0	200
2023.09.13	08:00:00	1911.988	1913.055	1910.739	1912.262	10950	0	200
2023.09.13	12:00:00	1912.262	1915.545	1905.105	1910.375	30430	0	200
2023.09.13	16:00:00	1910.376	1911.631	1908.129	1908.739	10964	0	200
2023.09.13	20:00:00	1908.767	1909.776	1907.431	1909.176	3998	0	200
2023.09.14	00:00:00	1909.169	1912.856	1908.763	1909.643	12230	0	200
2023.09.14	04:00:00	1909.641	1910.983	1905.166	1905.818	11674	0	200
2023.09.14	08:00:00	1905.817	1909.078	1905.498	1907.458	11383	0	200
2023.09.14	12:00:00	1907.488	1911.332	1900.918	1907.913	31444	0	200
2023.09.14	16:00:00	1907.920	1912.030	1907.903	1909.412	11904	0	200
2023.09.14	20:00:00	1909.377	1911.026	1909.178	1909.735	3893	0	200
2023.09.15	00:00:00	1909.766	1915.941	1909.766	1915.550	12151	0	200
2023.09.15	04:00:00	1915.538	1919.505	1914.893	1917.973	13737	0	200
2023.09.15	08:00:00	1917.972	1919.852	1916.697	1919.146	11690	0	200
2023.09.15	12:00:00	1919.153	1930.372	1915.703	1926.378	24802	0	200
2023.09.15	16:00:00	1926.381	1927.804	1922.353	1922.450	11146	0	200
2023.09.15	20:00:00	1922.483	1923.868	1922.378	1923.831	1767	0	200
2023.09.17	20:00:00	1924.077	1924.530	1922.547	1923.227	2713	0	200
2023.09.18	00:00:00	1923.227	1929.448	1923.192	1928.838	11720	0	200
2023.09.18	04:00:00	1928.807	1930.570	1926.411	1926.440	12391	0	200
2023.09.18	08:00:00	1926.410	1928.126	1925.043	1926.770	10899	0	200
2023.09.18	12:00:00	1926.755	1929.379	1922.723	1928.965	18189	0	200
2023.09.18	16:00:00	1928.998	1933.534	1927.646	1933.282	10224	0	200
2023.09.18	20:00:00	1933.251	1934.453	1933.034	1934.040	3772	0	200
2023.09.19	00:00:00	1934.061	1934.534	1931.683	1932.227	9266	0	200
2023.09.19	04:00:00	1932.226	1934.752	1929.800	1934.408	10418	0	200
2023.09.19	08:00:00	1934.412	1936.745	1933.426	1935.207	9752	0	200
2023.09.19	12:00:00	1935.215	1937.345	1931.001	1933.056	18745	0	200
2023.09.19	16:00:00	1933.070	1933.687	1929.723	1931.895	10076	0	200
2023.09.19	20:00:00	1931.861	1932.307	1930.868	1931.319	3296	0	200
2023.09.20	00:00:00	1931.317	1931.491	1928.232	1930.551	9702	0	200
2023.09.20	04:00:00	1930.552	1932.281	1927.837	1928.668	10984	0	200
2023.09.20	08:00:00	1928.637	1932.669	1928.608	1932.034	10607	0	200
2023.09.20	12:00:00	1932.048	1945.774	1930.858	1941.770	19412	0	200
2023.09.20	16:00:00	1941.746	1947.361	1932.811	1932.956	25032	0	200
2023.09.20	20:00:00	1932.988	1933.639	1929.121	1929.424	7087	0	200
2023.09.21	00:00:00	1929.428	1929.657	1924.189	1928.299	12472	0	200
2023.09.21	04:00:00	1928.300	1930.451	1926.351	1927.120	11605	0	200
2023.09.21	08:00:00	1927.089	1927.382	1920.189	1920.705	13985	0	200
2023.09.21	12:00:00	1920.712	1923.774	1913.641	1917.397	28735	0	200
2023.09.21	16:00:00	1917.428	1921.218	1916.242	1919.691	11617	0	200
2023.09.21	20:00:00	1919.724	1921.500	1919.329	1921.353	4183	0	200
2023.09.22	00:00:00	1921.361	1925.490	1921.190	1923.776	11231	0	200
2023.09.22	04:00:00	1923.776	1928.630	1923.371	1927.963	12930	0	200
2023.09.22	08:00:00	1927.929	1927.948	1924.261	1925.507	11927	0	200
2023.09.22	12:00:00	1925.507	1928.846	1924.100	1927.669	19221	0	200
2023.09.22	16:00:00	1927.666	1928.478	1924.242	1925.336	10076	0	200
2023.09.22	20:00:00	1925.304	1925.520	1924.594	1925.231	1182	0	200
2023.09.24	20:00:00	1926.116	1926.294	1924.402	1924.717	3126	0	200
2023.09.25	00:00:00	1924.730	1925.264	1922.608	1923.582	9361	0	200
2023.09.25	04:00:00	1923.579	1927.147	1920.827	1923.449	10874	0	200
2023.09.25	08:00:00	1923.448	1924.951	1920.970	1924.019	12569	0	200
2023.09.25	12:00:00	1923.987	1926.800	1914.981	1917.417	22488	0	200
2023.09.25	16:00:00	1917.410	1918.220	1915.144	1915.454	10564	0	200
2023.09.25	20:00:00	1915.475	1916.744	1915.397	1916.207	2885	0	200
2023.09.26	00:00:00	1916.209	1916.447	1912.928	1913.592	9614	0	200
2023.09.26	04:00:00	1913.590	1915.133	1909.505	1913.637	10459	0	200
2023.09.26	08:00:00	1913.674	1915.577	1910.518	1911.534	12120	0	200
2023.09.26	12:00:00	1911.532	1912.791	1900.432	1902.352	23204	0	200
2023.09.26	16:00:00	1902.366	1903.598	1899.103	1900.456	12223	0	200
2023.09.26	20:00:00	1900.496	1902.032	1900.238	1901.529	3580	0	200
2023.09.27	00:00:00	1901.524	1903.712	1899.302	1899.873	10456	0	200
2023.09.27	04:00:00	1899.864	1899.864	1895.479	1896.619	12674	0	200
2023.09.27	08:00:00	1896.588	1897.799	1892.469	1892.851	12680	0	200
2023.09.27	12:00:00	1892.842	1893.052	1879.609	1881.490	22719	0	200
2023.09.27	16:00:00	1881.525	1881.591	1872.491	1876.670	16185	0	200
2023.09.27	20:00:00	1876.701	1877.650	1874.549	1877.562	4778	0	200
2023.09.28	00:00:00	1877.583	1877.853	1873.566	1874.630	10905	0	200
2023.09.28	04:00:00	1874.611	1878.170	1873.689	1875.680	13333	0	200
2023.09.28	08:00:00	1875.714	1877.125	1873.586	1875.972	13022	0	200
2023.09.28	12:00:00	1875.984	1879.490	1857.494	1864.718	30525	0	200
2023.09.28	16:00:00	1864.758	1867.276	1860.947	1867.102	14771	0	200
2023.09.28	20:00:00	1867.071	1867.225	1863.775	1866.700	5287	0	200
2023.09.29	00:00:00	1866.695	1867.204	1862.890	1863.302	9738	0	200
2023.09.29	04:00:00	1863.301	1873.947	1863.072	1873.502	12503	0	200
2023.09.29	08:00:00	1873.528	1873.724	1867.530	1869.425	13971	0	200
2023.09.29	12:00:00	1869.424	1879.601	1852.144	1854.741	34426	0	200
2023.09.29	16:00:00	1854.773	1856.417	1846.282	1848.230	15422	0	200
2023.09.29	20:00:00	1848.199	1849.854	1847.686	1848.796	2116	0	200
2023.10.01	20:00:00	1847.284	1848.678	1845.687	1848.314	4066	0	200
2023.10.02	00:00:00	1848.314	1848.885	1842.850	1843.436	8917	0	200
2023.10.02	04:00:00	1843.432	1846.183	1839.257	1839.776	13032	0	200
2023.10.02	08:00:00	1839.744	1843.168	1831.045	1837.263	16712	0	200
2023.10.02	12:00:00	1837.301	1840.559	1827.113	1832.544	31152	0	200
2023.10.02	16:00:00	1832.576	1833.566	1829.164	1829.306	14739	0	200
2023.10.02	20:00:00	1829.276	1829.587	1820.404	1824.944	7150	0	200
2023.10.03	00:00:00	1824.919	1825.179	1815.218	1820.490	13656	0	200
2023.10.03	04:00:00	1820.494	1824.586	1818.158	1823.999	14718	0	200
2023.10.03	08:00:00	1824.025	1829.087	1823.620	1825.909	16102	0	200
2023.10.03	12:00:00	1825.908	1833.344	1819.247	1824.787	46474	0	200
2023.10.03	16:00:00	1824.819	1828.045	1821.853	1823.856	16591	0	200
2023.10.03	20:00:00	1823.886	1824.955	1822.129	1823.303	5197	0	200
2023.10.04	00:00:00	1823.303	1824.996	1819.600	1820.731	12472	0	200
2023.10.04	04:00:00	1820.730	1823.787	1816.669	1823.064	14586	0	200
2023.10.04	08:00:00	1823.033	1827.128	1820.231	1824.949	16810	0	200
2023.10.04	12:00:00	1824.945	1830.542	1817.070	1823.718	36843	0	200
2023.10.04	16:00:00	1823.817	1823.983	1816.556	1823.286	15715	0	200
2023.10.04	20:00:00	1823.321	1823.985	1820.450	1822.524	4685	0	200
2023.10.05	00:00:00	1822.472	1828.672	1821.775	1828.297	11147	0	200
2023.10.05	04:00:00	1828.328	1829.173	1819.841	1820.690	12711	0	200
2023.10.05	08:00:00	1820.719	1823.932	1819.629	1822.994	14151	0	200
2023.10.05	12:00:00	1822.990	1823.842	1812.994	1815.471	30741	0	200
2023.10.05	16:00:00	1815.503	1820.802	1814.804	1820.301	14491	0	200
2023.10.05	20:00:00	1820.332	1823.102	1819.420	1821.272	3710	0	200
2023.10.06	00:00:00	1821.272	1824.400	1819.658	1823.944	9791	0	200
2023.10.06	04:00:00	1823.905	1824.510	1818.561	1821.348	11419	0	200
2023.10.06	08:00:00	1821.335	1825.050	1819.274	1821.209	13390	0	200
2023.10.06	12:00:00	1821.206	1834.832	1810.402	1832.556	44521	0	200
2023.10.06	16:00:00	1832.534	1833.930	1828.762	1829.386	15638	0	200
2023.10.06	20:00:00	1829.354	1832.166	1828.940	1831.900	1901	0	200
2023.10.08	20:00:00	1853.390	1854.643	1845.525	1847.965	10973	0	200
2023.10.09	00:00:00	1847.992	1852.726	1846.237	1851.044	15295	0	200
2023.10.09	04:00:00	1851.074	1854.361	1848.020	1850.426	14820	0	200
2023.10.09	08:00:00	1850.390	1852.262	1848.882	1849.948	12578	0	200
2023.10.09	12:00:00	1849.985	1853.129	1844.161	1851.540	23789	0	200
2023.10.09	16:00:00	1851.539	1863.416	1848.633	1863.223	13335	0	200
2023.10.09	20:00:00	1863.191	1863.191	1860.342	1862.536	4680	0	200
2023.10.10	00:00:00	1862.582	1865.278	1861.366	1862.420	14306	0	200
2023.10.10	04:00:00	1862.420	1862.460	1855.135	1857.335	15163	0	200
2023.10.10	08:00:00	1857.341	1859.733	1854.815	1857.127	15871	0	200
2023.10.10	12:00:00	1857.157	1862.258	1852.970	1861.253	24855	0	200
2023.10.10	16:00:00	1861.245	1862.721	1858.061	1860.103	14595	0	200
2023.10.10	20:00:00	1860.071	1860.723	1859.329	1859.647	3605	0	200
2023.10.11	00:00:00	1859.633	1862.070	1859.531	1860.057	10966	0	200
2023.10.11	04:00:00	1860.057	1868.123	1858.590	1867.911	13021	0	200
2023.10.11	08:00:00	1867.881	1874.712	1866.876	1870.971	15433	0	200
2023.10.11	12:00:00	1870.971	1875.003	1867.347	1872.995	26915	0	200
2023.10.11	16:00:00	1873.027	1877.152	1870.783	1873.584	15547	0	200
2023.10.11	20:00:00	1873.614	1875.663	1873.297	1875.250	4026	0	200
2023.10.12	00:00:00	1875.251	1878.679	1874.453	1877.592	11113	0	200
2023.10.12	04:00:00	1877.623	1882.592	1876.738	1878.855	12065	0	200
2023.10.12	08:00:00	1878.824	1884.434	1878.604	1883.494	12940	0	200
2023.10.12	12:00:00	1883.497	1884.918	1870.689	1872.283	30445	0	200
2023.10.12	16:00:00	1872.313	1873.589	1867.883	1868.298	16017	0	200
2023.10.12	20:00:00	1868.257	1871.177	1868.257	1870.555	3862	0	200
2023.10.13	00:00:00	1870.546	1873.956	1870.055	1873.643	10345	0	200
2023.10.13	04:00:00	1873.643	1883.071	1873.541	1882.093	13243	0	200
2023.10.13	08:00:00	1882.112	1899.822	1881.870	1896.419	17924	0	200
2023.10.13	12:00:00	1896.388	1923.112	1896.388	1922.951	41489	0	200
2023.10.13	16:00:00	1922.981	1930.698	1922.392	1928.293	16731	0	200
2023.10.13	20:00:00	1928.323	1932.593	1928.092	1932.217	2148	0	200
2023.10.15	20:00:00	1927.521	1927.521	1921.177	1925.836	7670	0	200
2023.10.16	00:00:00	1925.842	1925.927	1918.029	1920.027	12820	0	200
2023.10.16	04:00:00	1920.025	1920.362	1908.144	1911.418	16404	0	200
2023.10.16	08:00:00	1911.394	1918.280	1909.943	1915.566	16420	0	200
2023.10.16	12:00:00	1915.598	1924.526	1914.380	1921.454	29725	0	200
2023.10.16	16:00:00	1921.487	1922.721	1917.826	1918.942	12247	0	200
2023.10.16	20:00:00	1918.987	1921.736	1918.768	1919.386	4756	0	200
2023.10.17	00:00:00	1919.382	1919.967	1912.343	1916.784	12231	0	200
2023.10.17	04:00:00	1916.810	1921.338	1914.198	1920.005	13033	0	200
2023.10.17	08:00:00	1919.972	1926.504	1918.594	1923.993	16049	0	200
2023.10.17	12:00:00	1924.013	1931.523	1918.978	1926.817	32400	0	200
2023.10.17	16:00:00	1926.785	1926.785	1919.109	1922.585	15108	0	200
2023.10.17	20:00:00	1922.638	1925.508	1922.143	1924.702	4319	0	200
2023.10.18	00:00:00	1924.700	1942.722	1923.740	1937.437	16490	0	200
2023.10.18	04:00:00	1937.432	1940.113	1935.075	1939.553	14434	0	200
2023.10.18	08:00:00	1939.522	1947.448	1937.254	1946.101	16199	0	200
2023.10.18	12:00:00	1946.070	1962.597	1938.016	1945.174	36149	0	200
2023.10.18	16:00:00	1945.204	1956.514	1944.582	1950.333	17707	0	200
2023.10.18	20:00:00	1950.331	1951.627	1946.986	1950.877	6016	0	200
2023.10.19	00:00:00	1950.818	1953.253	1945.172	1946.253	13185	0	200
2023.10.19	04:00:00	1946.256	1952.757	1945.254	1949.455	15393	0	200
2023.10.19	08:00:00	1949.427	1954.466	1947.842	1952.056	15562	0	200
2023.10.19	12:00:00	1952.087	1959.922	1949.691	1956.098	28714	0	200
2023.10.19	16:00:00	1956.136	1977.651	1952.047	1974.263	31788	0	200
2023.10.19	20:00:00	1974.294	1982.381	1972.394	1977.119	9926	0	200
2023.10.20	00:00:00	1977.183	1981.864	1971.975	1977.766	17883	0	200
2023.10.20	04:00:00	1977.764	1982.103	1974.083	1980.080	16137	0	200
2023.10.20	08:00:00	1980.102	1985.846	1976.371	1977.264	17305	0	200
2023.10.20	12:00:00	1977.294	1997.142	1973.211	1991.599	32789	0	200
2023.10.20	16:00:00	1991.582	1992.388	1974.302	1979.617	24996	0	200
2023.10.20	20:00:00	1979.587	1981.313	1978.921	1980.774	2136	0	200
2023.10.22	20:00:00	1972.732	1978.541	1970.037	1971.554	6286	0	200
2023.10.23	00:00:00	1971.516	1974.760	1964.273	1973.655	18347	0	200
2023.10.23	04:00:00	1973.642	1979.729	1972.679	1979.385	15862	0	200
2023.10.23	08:00:00	1979.346	1982.768	1975.267	1979.273	16947	0	200
2023.10.23	12:00:00	1979.294	1981.921	1970.111	1975.293	29524	0	200
2023.10.23	16:00:00	1975.274	1979.339	1971.106	1973.135	17467	0	200
2023.10.23	20:00:00	1973.103	1973.812	1971.379	1973.522	4616	0	200
2023.10.24	00:00:00	1973.520	1980.825	1972.379	1976.839	14584	0	200
2023.10.24	04:00:00	1976.808	1979.113	1974.419	1975.335	14619	0	200
2023.10.24	08:00:00	1975.329	1975.927	1953.409	1963.753	21092	0	200
2023.10.24	12:00:00	1963.723	1970.035	1958.954	1969.719	31123	0	200
2023.10.24	16:00:00	1969.680	1977.540	1968.834	1972.667	15843	0	200
2023.10.24	20:00:00	1972.630	1973.412	1969.948	1972.844	4465	0	200
2023.10.25	00:00:00	1972.848	1976.973	1970.821	1973.279	13931	0	200
2023.10.25	04:00:00	1973.204	1975.952	1968.258	1971.123	14331	0	200
2023.10.25	08:00:00	1971.119	1976.430	1969.416	1974.654	15724	0	200
2023.10.25	12:00:00	1974.695	1987.235	1963.001	1981.184	36719	0	200
2023.10.25	16:00:00	1981.191	1985.688	1976.511	1980.747	18867	0	200
2023.10.25	20:00:00	1980.717	1984.085	1977.698	1982.920	9124	0	200
2023.10.26	00:00:00	1982.941	1987.375	1982.407	1987.131	12823	0	200
2023.10.26	04:00:00	1987.128	1990.035	1983.936	1990.017	15984	0	200
2023.10.26	08:00:00	1990.033	1993.424	1982.417	1984.606	15250	0	200
2023.10.26	12:00:00	1984.625	1986.654	1971.770	1980.204	34402	0	200
2023.10.26	16:00:00	1980.201	1989.253	1979.671	1984.328	17628	0	200
2023.10.26	20:00:00	1984.296	1986.735	1983.359	1984.345	5658	0	200
2023.10.27	00:00:00	1984.343	1988.823	1982.843	1987.860	12775	0	200
2023.10.27	04:00:00	1987.852	1989.925	1985.789	1987.331	14197	0	200
2023.10.27	08:00:00	1987.331	1987.893	1979.912	1981.823	13846	0	200
2023.10.27	12:00:00	1981.771	1986.119	1976.838	1979.897	32178	0	200
2023.10.27	16:00:00	1979.867	2009.356	1979.128	2006.944	24213	0	200
2023.10.27	20:00:00	2006.976	2007.130	2004.333	2006.083	3163	0	200
2023.10.29	20:00:00	2002.989	2004.741	1996.833	2002.621	9383	0	200
2023.10.30	00:00:00	2002.649	2006.767	2001.480	2002.092	13894	0	200
2023.10.30	04:00:00	2002.110	2002.649	1993.393	1993.643	13888	0	200
2023.10.30	08:00:00	1993.677	1997.311	1990.941	1995.712	17472	0	200
2023.10.30	12:00:00	1995.718	2002.446	1991.975	1999.059	30545	0	200
2023.10.30	16:00:00	1999.095	2000.615	1994.655	1995.902	14640	0	200
2023.10.30	20:00:00	1995.872	1996.660	1993.929	1995.513	4946	0	200
2023.10.31	00:00:00	1995.531	1997.241	1991.695	1992.160	13646	0	200
2023.10.31	04:00:00	1992.157	1997.604	1990.540	1996.247	12724	0	200
2023.10.31	08:00:00	1996.246	2000.336	1995.088	1999.844	15174	0	200
2023.10.31	12:00:00	1999.811	2007.849	1992.430	1994.277	31788	0	200
2023.10.31	16:00:00	1994.204	1994.726	1978.806	1984.826	22229	0	200
2023.10.31	20:00:00	1984.789	1986.118	1983.096	1983.667	6353	0	200
2023.11.01	00:00:00	1983.670	1983.947	1976.836	1977.080	13067	0	200
2023.11.01	04:00:00	1977.079	1980.967	1975.232	1977.103	12870	0	200
2023.11.01	08:00:00	1977.097	1985.128	1977.085	1983.418	14414	0	200
2023.11.01	12:00:00	1983.415	1992.618	1978.341	1979.238	30172	0	200
2023.11.01	16:00:00	1979.206	1982.258	1969.823	1978.596	28981	0	200
2023.11.01	20:00:00	1978.563	1985.633	1977.115	1985.010	7645	0	200
2023.11.02	00:00:00	1984.989	1988.122	1983.313	1985.374	12748	0	200
2023.11.02	04:00:00	1985.402	1986.620	1983.615	1985.408	12426	0	200
2023.11.02	08:00:00	1985.377	1990.331	1984.507	1988.474	14050	0	200
2023.11.02	12:00:00	1988.506	1990.926	1978.798	1981.140	27237	0	200
2023.11.02	16:00:00	1981.127	1986.656	1978.986	1985.399	14324	0	200
2023.11.02	20:00:00	1985.367	1986.465	1984.301	1984.961	4542	0	200
2023.11.03	00:00:00	1984.956	1987.813	1983.218	1985.802	10079	0	200
2023.11.03	04:00:00	1985.803	1989.045	1984.583	1986.525	10765	0	200
2023.11.03	08:00:00	1986.523	1990.185	1986.112	1987.536	12636	0	200
2023.11.03	12:00:00	1987.588	2004.002	1985.686	1991.707	44347	0	200
2023.11.03	16:00:00	1991.737	1995.057	1989.316	1992.720	15835	0	200
2023.11.03	20:00:00	1992.692	1992.885	1992.022	1992.516	1593	0	200
2023.11.05	20:00:00	1991.419	1991.579	1987.149	1988.470	2472	0	200
2023.11.06	00:00:00	1988.473	1993.042	1981.860	1985.186	14187	0	200
2023.11.06	04:00:00	1985.154	1985.272	1982.246	1983.435	11930	0	200
2023.11.06	08:00:00	1983.461	1988.353	1982.889	1987.637	13907	0	200
2023.11.06	12:00:00	1987.633	1989.047	1981.078	1981.078	21140	0	200
2023.11.06	16:00:00	1981.123	1984.421	1979.175	1980.301	13793	0	200
2023.11.06	20:00:00	1980.281	1980.281	1975.737	1976.677	7686	0	200
2023.11.07	00:00:00	1976.653	1977.001	1972.228	1972.562	12095	0	200
2023.11.07	04:00:00	1972.563	1974.137	1967.190	1969.283	11754	0	200
2023.11.07	08:00:00	1969.276	1970.199	1962.637	1963.845	16162	0	200
2023.11.07	12:00:00	1963.840	1967.194	1956.624	1963.297	26746	0	200
2023.11.07	16:00:00	1963.299	1969.839	1961.737	1967.424	16106	0	200
2023.11.07	20:00:00	1967.424	1969.337	1966.911	1968.902	6714	0	200
2023.11.08	00:00:00	1968.908	1970.989	1967.321	1967.750	12012	0	200
2023.11.08	04:00:00	1967.746	1969.101	1964.950	1967.593	11752	0	200
2023.11.08	08:00:00	1967.561	1968.937	1959.421	1964.386	15305	0	200
2023.11.08	12:00:00	1964.396	1966.646	1950.918	1955.355	23387	0	200
2023.11.08	16:00:00	1955.325	1957.865	1947.469	1948.130	18794	0	200
2023.11.08	20:00:00	1948.124	1951.749	1947.335	1950.812	7574	0	200
2023.11.09	00:00:00	1950.815	1954.500	1947.766	1949.202	13878	0	200
2023.11.09	04:00:00	1949.224	1950.469	1948.040	1949.328	12411	0	200
2023.11.09	08:00:00	1949.298	1949.673	1944.520	1948.794	14064	0	200
2023.11.09	12:00:00	1948.801	1964.923	1944.807	1962.925	27231	0	200
2023.11.09	16:00:00	1962.862	1965.718	1956.158	1958.349	22221	0	200
2023.11.09	20:00:00	1958.386	1959.998	1956.860	1959.058	7893	0	200
2023.11.10	00:00:00	1959.059	1960.715	1956.426	1959.386	12614	0	200
2023.11.10	04:00:00	1959.383	1959.467	1953.715	1955.350	11925	0	200
2023.11.10	08:00:00	1955.333	1957.159	1947.059	1948.177	14401	0	200
2023.11.10	12:00:00	1948.167	1949.148	1939.678	1941.970	24805	0	200
2023.11.10	16:00:00	1942.009	1943.404	1932.898	1935.440	16783	0	200
2023.11.10	20:00:00	1935.436	1938.905	1934.553	1938.353	4876	0	200
2023.11.12	20:00:00	1941.002	1941.299	1921.384	1940.344	2190	0	200
2023.11.13	00:00:00	1940.374	1941.913	1934.052	1935.312	14202	0	200
2023.11.13	04:00:00	1935.314	1941.186	1934.146	1938.763	12429	0	200
2023.11.13	08:00:00	1938.795	1940.424	1935.982	1937.965	13497	0	200
2023.11.13	12:00:00	1937.955	1938.911	1931.604	1938.422	19481	0	200
2023.11.13	16:00:00	1938.405	1949.187	1938.135	1946.142	14840	0	200
2023.11.13	20:00:00	1946.126	1946.760	1945.150	1946.399	5350	0	200
2023.11.14	00:00:00	1946.414	1948.320	1944.319	1944.763	10767	0	200
2023.11.14	04:00:00	1944.731	1946.429	1943.732	1945.593	10156	0	200
2023.11.14	08:00:00	1945.611	1948.089	1944.297	1945.837	13404	0	200
2023.11.14	12:00:00	1945.871	1970.954	1937.468	1964.315	33800	0	200
2023.11.14	16:00:00	1964.349	1966.556	1961.583	1963.618	16552	0	200
2023.11.14	20:00:00	1963.623	1964.463	1962.178	1962.493	6125	0	200
2023.11.15	00:00:00	1962.487	1966.960	1961.527	1966.815	13036	0	200
2023.11.15	04:00:00	1966.827	1971.012	1965.870	1970.261	13275	0	200
2023.11.15	08:00:00	1970.288	1974.030	1969.750	1972.896	14833	0	200
2023.11.15	12:00:00	1972.901	1975.280	1955.413	1963.115	27176	0	200
2023.11.15	16:00:00	1963.132	1963.660	1959.121	1961.686	15501	0	200
2023.11.15	20:00:00	1961.713	1962.177	1958.920	1960.331	6492	0	200
2023.11.16	00:00:00	1960.333	1962.139	1956.437	1961.401	12420	0	200
2023.11.16	04:00:00	1961.397	1967.745	1960.785	1966.505	11608	0	200
2023.11.16	08:00:00	1966.473	1968.536	1964.608	1965.536	13117	0	200
2023.11.16	12:00:00	1965.531	1986.453	1962.069	1984.879	25937	0	200
2023.11.16	16:00:00	1984.858	1987.943	1980.128	1983.353	17229	0	200
2023.11.16	20:00:00	1983.299	1984.041	1980.537	1982.545	6509	0	199
2023.11.17	00:00:00	1982.649	1986.944	1981.733	1986.664	13092	0	199
2023.11.17	04:00:00	1986.663	1987.669	1982.676	1987.663	11675	0	199
2023.11.17	08:00:00	1987.616	1993.409	1984.588	1988.734	16701	0	199
2023.11.17	12:00:00	1988.802	1991.597	1979.324	1983.400	23629	0	199
2023.11.17	16:00:00	1983.432	1985.282	1978.514	1980.321	15407	0	199
2023.11.17	20:00:00	1980.368	1981.021	1978.954	1980.635	4480	0	199
2023.11.19	20:00:00	1977.456	1978.720	1974.120	1974.471	2472	0	199
2023.11.20	00:00:00	1974.532	1985.121	1973.353	1982.266	16103	0	199
2023.11.20	04:00:00	1982.240	1983.392	1978.084	1978.495	15130	0	199
2023.11.20	08:00:00	1978.547	1980.526	1972.219	1973.332	17141	0	199
2023.11.20	12:00:00	1973.311	1973.379	1965.416	1971.887	23616	0	199
2023.11.20	16:00:00	1971.925	1978.925	1971.227	1978.377	17075	0	199
2023.11.20	20:00:00	1978.382	1981.570	1976.888	1981.169	6860	0	199
2023.11.21	00:00:00	1981.155	1994.276	1980.709	1993.257	16859	0	199
2023.11.21	04:00:00	1993.200	1994.044	1989.624	1992.359	15336	0	199
2023.11.21	08:00:00	1992.294	1994.245	1984.236	1987.202	17417	0	199
2023.11.21	12:00:00	1987.216	2007.486	1986.601	2004.158	27052	0	199
2023.11.21	16:00:00	2004.172	2005.354	1996.133	2000.021	18870	0	199
2023.11.21	20:00:00	2000.060	2000.153	1997.798	1999.339	6777	0	199
2023.11.22	00:00:00	1999.338	1999.338	1995.462	1996.464	13873	0	199
2023.11.22	04:00:00	1996.461	2004.028	1996.170	2003.657	14980	0	199
2023.11.22	08:00:00	2003.629	2006.404	1998.970	2000.600	16544	0	199
2023.11.22	12:00:00	2000.604	2003.210	1989.885	1994.901	24436	0	199
2023.11.22	16:00:00	1994.896	1995.478	1986.851	1990.647	16037	0	199
2023.11.22	20:00:00	1990.700	1991.813	1989.346	1990.506	6647	0	199
2023.11.23	00:00:00	1990.515	1998.238	1990.116	1997.704	12722	0	199
2023.11.23	04:00:00	1997.686	1998.561	1993.320	1996.365	12623	0	199
2023.11.23	08:00:00	1996.334	1996.406	1992.128	1993.841	13410	0	199
2023.11.23	12:00:00	1993.823	1994.854	1991.778	1992.129	13010	0	199
2023.11.23	16:00:00	1992.139	1992.957	1989.762	1992.078	5114	0	199
2023.11.23	20:00:00	1992.540	1994.311	1992.480	1993.984	1466	0	357
2023.11.24	00:00:00	1994.072	1994.881	1991.481	1993.523	13086	0	199
2023.11.24	04:00:00	1993.524	1994.790	1991.463	1993.483	12789	0	199
2023.11.24	08:00:00	1993.453	1996.297	1992.221	1995.179	13560	0	199
2023.11.24	12:00:00	1995.229	2003.621	1994.324	1998.331	21198	0	199
2023.11.24	16:00:00	1998.340	2002.308	1997.109	2002.188	8808	0	199
2023.11.26	20:00:00	2000.897	2002.978	2000.484	2002.250	2307	0	357
2023.11.27	00:00:00	2002.364	2018.187	2001.789	2009.551	20009	0	199
2023.11.27	04:00:00	2009.531	2013.724	2008.392	2010.854	15722	0	199
2023.11.27	08:00:00	2010.830	2015.490	2010.466	2012.518	16035	0	199
2023.11.27	12:00:00	2012.528	2016.337	2008.643	2010.202	24482	0	199
2023.11.27	16:00:00	2010.255	2013.563	2005.668	2012.776	16605	0	199
2023.11.27	20:00:00	2012.770	2015.423	2011.924	2015.215	6843	0	199
2023.11.28	00:00:00	2015.217	2018.027	2013.824	2014.899	14341	0	199
2023.11.28	04:00:00	2014.937	2016.864	2012.079	2013.509	12273	0	199
2023.11.28	08:00:00	2013.519	2016.661	2012.477	2015.127	14138	0	199
2023.11.28	12:00:00	2015.173	2031.509	2011.387	2030.794	26057	0	199
2023.11.28	16:00:00	2030.797	2043.026	2030.365	2041.772	19394	0	199
2023.11.28	20:00:00	2041.769	2044.573	2039.618	2044.406	8395	0	199
2023.11.29	00:00:00	2044.426	2052.030	2042.751	2044.011	19097	0	199
2023.11.29	04:00:00	2044.016	2048.966	2040.968	2042.483	15964	0	199
2023.11.29	08:00:00	2042.413	2044.082	2035.228	2040.063	17939	0	199
2023.11.29	12:00:00	2040.018	2046.971	2037.052	2042.886	30475	0	199
2023.11.29	16:00:00	2042.860	2049.536	2039.434	2046.258	18068	0	199
2023.11.29	20:00:00	2046.270	2046.421	2042.778	2044.643	7883	0	199
2023.11.30	00:00:00	2044.640	2047.262	2042.572	2046.039	13544	0	199
2023.11.30	04:00:00	2046.065	2046.877	2041.329	2044.574	14389	0	199
2023.11.30	08:00:00	2044.676	2045.674	2035.857	2037.147	17884	0	199
2023.11.30	12:00:00	2037.193	2044.028	2031.277	2037.827	32283	0	199
2023.11.30	16:00:00	2037.842	2041.369	2033.581	2036.065	16336	0	199
2023.11.30	20:00:00	2036.018	2040.461	2034.715	2039.918	6959	0	360
2023.12.01	00:00:00	2040.075	2043.370	2038.653	2039.410	13831	0	199
2023.12.01	04:00:00	2039.403	2042.835	2038.808	2039.502	12964	0	199
2023.12.01	08:00:00	2039.550	2049.853	2036.421	2037.033	17613	0	199
2023.12.01	12:00:00	2037.064	2053.300	2033.825	2049.296	30532	0	199
2023.12.01	16:00:00	2049.336	2075.271	2044.607	2066.985	27544	0	199
2023.12.01	20:00:00	2066.982	2071.841	2066.384	2071.554	5161	0	367
2023.12.03	20:00:00	2074.106	2144.462	2071.635	2117.509	17109	0	381
2023.12.04	00:00:00	2117.880	2120.648	2083.149	2085.774	38663	0	199
2023.12.04	04:00:00	2085.799	2090.490	2061.459	2063.552	26254	0	199
2023.12.04	08:00:00	2063.585	2076.371	2057.704	2070.835	27672	0	199
2023.12.04	12:00:00	2070.807	2071.319	2019.986	2022.545	55767	0	199
2023.12.04	16:00:00	2022.515	2031.505	2020.660	2030.877	30167	0	199
2023.12.04	20:00:00	2030.911	2034.129	2026.135	2034.087	11003	0	199
2023.12.05	00:00:00	2033.931	2041.170	2032.642	2037.286	20023	0	199
2023.12.05	04:00:00	2037.271	2038.311	2030.374	2032.642	18987	0	199
2023.12.05	08:00:00	2032.599	2039.578	2021.493	2024.679	22370	0	199
2023.12.05	12:00:00	2024.718	2030.834	2009.744	2016.232	41637	0	199
2023.12.05	16:00:00	2016.261	2020.558	2012.113	2019.721	23008	0	199
2023.12.05	20:00:00	2019.712	2020.909	2017.181	2018.903	8369	0	199
2023.12.06	00:00:00	2018.904	2024.220	2018.683	2023.130	14913	0	199
2023.12.06	04:00:00	2023.174	2035.915	2020.387	2034.026	16061	0	199
2023.12.06	08:00:00	2033.989	2034.898	2020.093	2021.320	19396	0	199
2023.12.06	12:00:00	2021.332	2033.014	2020.955	2030.206	31590	0	199
2023.12.06	16:00:00	2030.244	2031.334	2023.860	2029.879	19466	0	199
2023.12.06	20:00:00	2029.886	2029.906	2024.390	2027.006	8906	0	199
2023.12.07	00:00:00	2026.977	2030.047	2026.020	2026.869	14548	0	199
2023.12.07	04:00:00	2026.827	2030.722	2025.165	2029.582	16200	0	199
2023.12.07	08:00:00	2029.623	2035.115	2028.801	2032.562	17010	0	199
2023.12.07	12:00:00	2032.569	2039.891	2025.074	2029.303	32353	0	199
2023.12.07	16:00:00	2029.254	2031.883	2020.091	2029.821	22685	0	199
2023.12.07	20:00:00	2029.842	2031.197	2026.752	2027.916	6600	0	359
2023.12.08	00:00:00	2028.061	2034.005	2027.499	2032.361	17496	0	199
2023.12.08	04:00:00	2032.388	2032.409	2028.837	2030.904	14664	0	199
2023.12.08	08:00:00	2030.855	2032.395	2026.433	2029.972	19535	0	199
2023.12.08	12:00:00	2030.010	2030.096	2002.498	2008.866	47085	0	199
2023.12.08	16:00:00	2008.866	2009.663	1994.518	2000.758	22873	0	199
2023.12.08	20:00:00	2000.734	2005.038	2000.007	2004.340	5766	0	199
2023.12.10	20:00:00	2005.584	2007.648	2004.547	2007.054	3143	0	199
2023.12.11	00:00:00	2006.993	2007.808	1995.397	1996.892	17964	0	199
2023.12.11	04:00:00	1996.906	2000.556	1991.270	1992.761	15734	0	199
2023.12.11	08:00:00	1992.765	1997.809	1991.155	1996.100	17975	0	199
2023.12.11	12:00:00	1996.153	1996.743	1980.572	1982.301	26101	0	199
2023.12.11	16:00:00	1982.360	1984.307	1975.841	1981.574	20406	0	199
2023.12.11	20:00:00	1981.616	1984.302	1980.289	1982.960	7837	0	199
2023.12.12	00:00:00	1982.954	1989.475	1981.855	1985.462	16389	0	199
2023.12.12	04:00:00	1985.459	1989.079	1984.639	1988.021	13439	0	199
2023.12.12	08:00:00	1987.993	1988.429	1982.615	1988.334	15634	0	199
2023.12.12	12:00:00	1988.367	1996.656	1980.013	1981.571	33654	0	199
2023.12.12	16:00:00	1981.596	1983.637	1977.115	1980.267	18513	0	199
2023.12.12	20:00:00	1980.261	1982.815	1979.001	1982.453	6892	0	199
2023.12.13	00:00:00	1982.452	1982.516	1977.720	1977.986	12585	0	199
2023.12.13	04:00:00	1977.937	1980.465	1973.033	1979.223	14577	0	199
2023.12.13	08:00:00	1979.262	1983.568	1978.560	1982.761	15221	0	199
2023.12.13	12:00:00	1982.748	1986.708	1978.394	1981.784	23216	0	199
2023.12.13	16:00:00	1981.824	2017.450	1979.614	2013.600	34180	0	199
2023.12.13	20:00:00	2013.645	2033.129	2012.572	2032.813	23743	0	199
2023.12.14	00:00:00	2032.858	2039.320	2029.935	2030.983	26832	0	199
2023.12.14	04:00:00	2030.939	2037.375	2029.256	2032.658	20169	0	199
2023.12.14	08:00:00	2032.617	2040.321	2031.986	2034.879	22485	0	199
2023.12.14	12:00:00	2035.010	2047.909	2027.353	2040.212	40777	0	199
2023.12.14	16:00:00	2040.180	2041.462	2028.944	2033.195	24403	0	199
2023.12.14	20:00:00	2033.163	2038.646	2032.697	2035.553	10232	0	199
2023.12.15	00:00:00	2035.520	2037.465	2031.196	2035.747	16489	0	199
2023.12.15	04:00:00	2035.713	2039.095	2034.308	2037.836	15245	0	199
2023.12.15	08:00:00	2037.797	2044.372	2036.950	2041.635	17930	0	199
2023.12.15	12:00:00	2041.623	2044.909	2026.882	2035.080	36464	0	199
2023.12.15	16:00:00	2035.050	2036.398	2015.546	2019.067	22923	0	199
2023.12.15	20:00:00	2019.019	2021.620	2017.395	2019.491	7064	0	199
2023.12.17	20:00:00	2019.802	2020.102	2015.891	2017.414	3334	0	199
2023.12.18	00:00:00	2017.413	2024.121	2016.067	2022.787	17673	0	199
2023.12.18	04:00:00	2022.780	2024.822	2021.457	2023.140	13328	0	199
2023.12.18	08:00:00	2023.106	2027.294	2018.750	2021.944	18993	0	199
2023.12.18	12:00:00	2021.919	2026.908	2020.308	2022.284	21276	0	199
2023.12.18	16:00:00	2022.329	2033.689	2021.135	2026.210	17970	0	199
2023.12.18	20:00:00	2026.244	2027.989	2025.510	2027.604	7687	0	199
2023.12.19	00:00:00	2027.568	2029.295	2022.599	2023.338	15719	0	199
2023.12.19	04:00:00	2023.289	2026.382	2021.696	2024.753	16249	0	199
2023.12.19	08:00:00	2024.723	2028.452	2023.827	2026.523	14175	0	199
2023.12.19	12:00:00	2026.543	2045.462	2026.167	2041.739	26064	0	199
2023.12.19	16:00:00	2041.756	2046.964	2036.626	2039.445	17425	0	199
2023.12.19	20:00:00	2039.482	2041.624	2038.671	2040.931	7927	0	199
2023.12.20	00:00:00	2040.862	2041.029	2036.700	2040.393	13745	0	199
2023.12.20	04:00:00	2040.393	2043.444	2039.350	2042.263	13247	0	199
2023.12.20	08:00:00	2042.206	2042.447	2031.751	2033.504	15493	0	199
2023.12.20	12:00:00	2033.418	2039.855	2029.506	2032.479	24404	0	199
2023.12.20	16:00:00	2032.527	2037.179	2030.113	2032.307	16820	0	199
2023.12.20	20:00:00	2032.271	2033.834	2027.387	2032.127	11629	0	199
2023.12.21	00:00:00	2032.103	2037.655	2031.906	2037.366	13076	0	199
2023.12.21	04:00:00	2037.372	2038.259	2033.855	2034.880	12521	0	199
2023.12.21	08:00:00	2034.866	2037.194	2032.992	2034.054	14026	0	199
2023.12.21	12:00:00	2034.097	2046.030	2031.989	2041.472	30362	0	199
2023.12.21	16:00:00	2041.464	2045.087	2037.408	2043.930	17993	0	199
2023.12.21	20:00:00	2043.926	2055.012	2043.061	2052.778	10453	0	199
2023.12.22	00:00:00	2052.788	2053.914	2046.750	2048.258	17216	0	199
2023.12.22	04:00:00	2048.258	2050.876	2047.010	2049.939	13954	0	199
2023.12.22	08:00:00	2049.935	2062.995	2049.619	2060.630	16197	0	199
2023.12.22	12:00:00	2060.674	2070.619	2057.647	2060.785	32538	0	199
2023.12.22	16:00:00	2060.786	2062.172	2051.053	2053.959	20917	0	199
2023.12.22	20:00:00	2053.948	2054.052	2052.112	2053.095	5587	0	199
2023.12.25	20:00:00	2057.746	2057.746	2052.916	2054.497	1478	0	1115
2023.12.26	00:00:00	2054.489	2065.122	2053.318	2063.877	9618	0	365
2023.12.26	04:00:00	2063.855	2064.989	2061.279	2064.132	8675	0	366
2023.12.26	08:00:00	2064.153	2064.491	2060.373	2063.353	9368	0	365
2023.12.26	12:00:00	2063.400	2063.850	2054.445	2056.756	13799	0	257
2023.12.26	16:00:00	2056.777	2062.077	2056.471	2061.624	11347	0	273
2023.12.26	20:00:00	2061.650	2069.044	2061.484	2065.502	6472	0	275
2023.12.27	00:00:00	2065.846	2067.801	2063.885	2064.533	13776	0	199
2023.12.27	04:00:00	2064.539	2067.410	2064.051	2065.942	11893	0	199
2023.12.27	08:00:00	2065.940	2069.268	2061.468	2068.064	14353	0	199
2023.12.27	12:00:00	2068.111	2081.878	2064.366	2078.816	22923	0	199
2023.12.27	16:00:00	2078.786	2084.423	2075.860	2077.449	18588	0	199
2023.12.27	20:00:00	2077.497	2079.571	2076.305	2079.169	7498	0	199
2023.12.28	00:00:00	2079.268	2088.485	2079.171	2087.199	15941	0	199
2023.12.28	04:00:00	2087.200	2087.600	2083.976	2086.072	14692	0	199
2023.12.28	08:00:00	2086.146	2086.408	2072.639	2075.486	18721	0	199
2023.12.28	12:00:00	2075.510	2081.134	2071.261	2077.235	23083	0	199
2023.12.28	16:00:00	2077.186	2077.324	2065.891	2068.054	19629	0	199
2023.12.28	20:00:00	2068.007	2068.896	2064.456	2066.564	8034	0	199
2023.12.29	00:00:00	2066.602	2071.390	2066.010	2069.494	15094	0	199
2023.12.29	04:00:00	2069.495	2074.729	2068.850	2071.925	12266	0	199
2023.12.29	08:00:00	2071.974	2073.435	2061.782	2067.690	16353	0	199
2023.12.29	12:00:00	2067.720	2068.868	2058.095	2064.836	23664	0	199
2023.12.29	16:00:00	2064.791	2068.149	2061.101	2067.251	20608	0	199
2023.12.29	20:00:00	2067.228	2067.363	2062.424	2062.838	5915	0	199
2024.01.01	20:00:00	2064.593	2066.095	2062.645	2063.543	1996	0	377
2024.01.02	00:00:00	2063.347	2070.338	2062.174	2069.487	13319	0	199
2024.01.02	04:00:00	2069.492	2076.651	2068.823	2073.065	12439	0	368
2024.01.02	08:00:00	2073.130	2078.877	2068.241	2069.221	16584	0	199
2024.01.02	12:00:00	2069.179	2071.008	2056.097	2059.305	32910	0	199
2024.01.02	16:00:00	2059.336	2067.582	2059.091	2060.946	18604	0	199
2024.01.02	20:00:00	2060.990	2061.577	2057.837	2059.476	7461	0	199
2024.01.03	00:00:00	2059.448	2065.542	2059.227	2065.072	14534	0	199
2024.01.03	04:00:00	2065.023	2065.982	2060.838	2062.915	13465	0	199
2024.01.03	08:00:00	2062.910	2064.376	2046.623	2047.617	19397	0	199
2024.01.03	12:00:00	2047.648	2048.767	2031.682	2032.552	37274	0	199
2024.01.03	16:00:00	2032.601	2042.278	2030.522	2036.620	25833	0	199
2024.01.03	20:00:00	2036.583	2043.669	2036.405	2042.666	10375	0	199
2024.01.04	00:00:00	2042.657	2046.960	2040.044	2044.684	14888	0	199
2024.01.04	04:00:00	2044.682	2049.552	2042.311	2047.599	15602	0	199
2024.01.04	08:00:00	2047.654	2050.958	2044.830	2045.136	17478	0	199
2024.01.04	12:00:00	2045.137	2047.738	2036.174	2045.046	24945	0	199
2024.01.04	16:00:00	2045.084	2046.679	2040.825	2044.299	16875	0	199
2024.01.04	20:00:00	2044.282	2044.783	2042.485	2043.865	7382	0	199
2024.01.05	00:00:00	2043.917	2048.264	2043.235	2045.320	14649	0	199
2024.01.05	04:00:00	2045.276	2046.995	2040.847	2043.125	14188	0	199
2024.01.05	08:00:00	2043.141	2044.396	2037.017	2039.152	15733	0	199
2024.01.05	12:00:00	2039.136	2063.987	2024.318	2054.770	51574	0	199
2024.01.05	16:00:00	2054.829	2056.213	2040.370	2045.682	25808	0	199
2024.01.05	20:00:00	2045.705	2046.177	2042.787	2045.479	6664	0	199
2024.01.07	20:00:00	2044.636	2045.575	2042.902	2044.208	2618	0	199
2024.01.08	00:00:00	2044.212	2046.584	2035.017	2036.098	15266	0	199
2024.01.08	04:00:00	2036.117	2037.543	2026.943	2031.393	18570	0	199
2024.01.08	08:00:00	2031.393	2031.738	2016.674	2020.087	21708	0	199
2024.01.08	12:00:00	2020.051	2034.806	2018.368	2034.227	32666	0	199
2024.01.08	16:00:00	2034.259	2036.898	2026.275	2029.301	19837	0	199
2024.01.08	20:00:00	2029.315	2030.685	2026.082	2030.439	7778	0	199
2024.01.09	00:00:00	2030.411	2035.900	2030.411	2033.589	16626	0	199
2024.01.09	04:00:00	2033.597	2037.213	2030.293	2035.961	16734	0	199
2024.01.09	08:00:00	2036.011	2038.492	2031.249	2034.961	19420	0	199
2024.01.09	12:00:00	2034.992	2042.004	2028.708	2028.708	28354	0	199
2024.01.09	16:00:00	2028.659	2032.018	2026.021	2028.790	20231	0	199
2024.01.09	20:00:00	2028.809	2031.085	2027.977	2030.401	7365	0	199
2024.01.10	00:00:00	2030.403	2032.824	2027.242	2028.801	14549	0	199
2024.01.10	04:00:00	2028.793	2031.614	2023.759	2030.928	15910	0	199
2024.01.10	08:00:00	2030.924	2040.263	2030.190	2034.043	19464	0	199
2024.01.10	12:00:00	2034.046	2035.664	2024.774	2027.812	25248	0	199
2024.01.10	16:00:00	2027.775	2028.512	2020.353	2024.009	18767	0	199
2024.01.10	20:00:00	2024.070	2027.768	2021.842	2026.358	8649	0	199
2024.01.11	00:00:00	2026.413	2031.969	2026.413	2030.790	13606	0	199
2024.01.11	04:00:00	2030.790	2035.640	2030.780	2033.843	13370	0	199
2024.01.11	08:00:00	2033.896	2034.383	2030.090	2034.287	15590	0	199
2024.01.11	12:00:00	2034.319	2047.858	2024.849	2028.985	49977	0	199
2024.01.11	16:00:00	2028.949	2029.591	2013.209	2026.438	31421	0	199
2024.01.11	20:00:00	2026.487	2035.447	2023.443	2034.954	10651	0	199
2024.01.12	00:00:00	2035.011	2035.637	2030.010	2033.876	15549	0	199
2024.01.12	04:00:00	2033.847	2039.350	2032.784	2037.554	14808	0	199
2024.01.12	08:00:00	2037.552	2047.382	2036.909	2045.307	18766	0	199
2024.01.12	12:00:00	2045.339	2062.267	2044.329	2053.612	41222	0	199
2024.01.12	16:00:00	2053.646	2055.521	2041.397	2047.283	24667	0	199
2024.01.12	20:00:00	2047.331	2049.223	2046.008	2049.032	5732	0	199
2024.01.14	20:00:00	2048.130	2048.705	2046.293	2047.587	2658	0	200
2024.01.15	00:00:00	2047.652	2058.033	2045.764	2057.376	16749	0	199
2024.01.15	04:00:00	2057.373	2057.551	2052.866	2054.167	14831	0	199
2024.01.15	08:00:00	2054.218	2058.626	2051.451	2053.257	15996	0	199
2024.01.15	12:00:00	2053.263	2054.422	2049.193	2053.258	15543	0	199
2024.01.15	16:00:00	2053.231	2056.379	2053.148	2053.936	8067	0	199
2024.01.15	20:00:00	2054.643	2055.324	2053.124	2053.841	2239	0	599
2024.01.16	00:00:00	2053.997	2054.508	2048.344	2049.436	16103	0	199
2024.01.16	04:00:00	2049.437	2050.885	2047.355	2049.377	14502	0	199
2024.01.16	08:00:00	2049.345	2050.024	2038.139	2039.874	22353	0	199
2024.01.16	12:00:00	2039.814	2045.089	2031.244	2041.053	34060	0	199
2024.01.16	16:00:00	2041.102	2041.269	2024.188	2029.190	32296	0	199
2024.01.16	20:00:00	2029.220	2029.754	2025.584	2027.826	8030	0	199
2024.01.17	00:00:00	2028.100	2032.935	2023.395	2024.074	16106	0	199
2024.01.17	04:00:00	2024.070	2026.107	2017.550	2025.746	19665	0	199
2024.01.17	08:00:00	2025.697	2028.307	2018.977	2023.938	19108	0	199
2024.01.17	12:00:00	2023.893	2029.032	2006.077	2008.853	36171	0	199
2024.01.17	16:00:00	2008.814	2011.968	2001.739	2005.414	22223	0	199
2024.01.17	20:00:00	2005.460	2009.598	2004.709	2009.243	8234	0	199
2024.01.18	00:00:00	2009.261	2012.069	2006.438	2008.024	14879	0	199
2024.01.18	04:00:00	2008.009	2014.013	2005.717	2012.319	14606	0	199
2024.01.18	08:00:00	2012.305	2013.474	2008.092	2012.554	16383	0	199
2024.01.18	12:00:00	2012.576	2017.234	2007.360	2013.552	27643	0	199
2024.01.18	16:00:00	2013.549	2021.101	2013.017	2019.745	18785	0	199
2024.01.18	20:00:00	2019.739	2024.232	2019.739	2023.423	8104	0	199
2024.01.19	00:00:00	2023.523	2025.508	2021.856	2022.746	13496	0	199
2024.01.19	04:00:00	2022.741	2029.613	2020.310	2027.946	13495	0	199
2024.01.19	08:00:00	2027.908	2031.998	2026.172	2031.618	14869	0	199
2024.01.19	12:00:00	2031.653	2039.232	2023.126	2027.661	26181	0	199
2024.01.19	16:00:00	2027.640	2029.521	2023.178	2029.075	18104	0	199
2024.01.19	20:00:00	2029.056	2029.970	2027.687	2029.452	5356	0	199
2024.01.21	20:00:00	2028.529	2028.563	2026.853	2027.504	2793	0	199
2024.01.22	00:00:00	2027.490	2032.074	2025.378	2026.943	14132	0	199
2024.01.22	04:00:00	2026.935	2027.179	2019.061	2021.796	16936	0	199
2024.01.22	08:00:00	2021.756	2026.607	2020.407	2026.113	16898	0	199
2024.01.22	12:00:00	2026.066	2030.172	2016.399	2024.100	25576	0	199
2024.01.22	16:00:00	2024.141	2024.601	2019.028	2020.960	15322	0	199
2024.01.22	20:00:00	2020.972	2021.774	2019.109	2020.552	6634	0	200
2024.01.23	00:00:00	2020.554	2027.861	2019.559	2027.393	14073	0	199
2024.01.23	04:00:00	2027.389	2037.908	2026.652	2031.549	17882	0	199
2024.01.23	08:00:00	2031.553	2031.648	2022.388	2023.862	17493	0	199
2024.01.23	12:00:00	2023.868	2030.317	2021.352	2025.108	23365	0	199
2024.01.23	16:00:00	2025.165	2030.684	2022.565	2029.836	16258	0	199
2024.01.23	20:00:00	2029.818	2030.286	2027.090	2029.137	6979	0	199
2024.01.24	00:00:00	2029.003	2029.279	2023.647	2024.820	12961	0	199
2024.01.24	04:00:00	2024.818	2031.586	2022.735	2029.528	13973	0	199
2024.01.24	08:00:00	2029.561	2034.231	2028.174	2033.463	17135	0	199
2024.01.24	12:00:00	2033.412	2036.630	2014.828	2015.213	31897	0	199
2024.01.24	16:00:00	2015.244	2019.778	2011.138	2012.057	21033	0	199
2024.01.24	20:00:00	2012.089	2017.390	2011.781	2016.101	8234	0	199
2024.01.25	00:00:00	2015.977	2017.282	2014.440	2015.768	13595	0	199
2024.01.25	04:00:00	2015.766	2018.247	2013.548	2015.811	12321	0	199
2024.01.25	08:00:00	2015.763	2019.492	2012.635	2017.450	16037	0	199
2024.01.25	12:00:00	2017.451	2025.241	2009.497	2020.279	31444	0	199
2024.01.25	16:00:00	2020.285	2021.607	2012.418	2017.700	18174	0	199
2024.01.25	20:00:00	2017.734	2021.563	2016.866	2020.248	7201	0	199
2024.01.26	00:00:00	2020.356	2024.174	2019.334	2021.773	12234	0	199
2024.01.26	04:00:00	2021.718	2023.466	2019.771	2021.252	12090	0	199
2024.01.26	08:00:00	2021.249	2024.648	2018.184	2023.429	15634	0	199
2024.01.26	12:00:00	2023.385	2026.819	2016.046	2017.082	24781	0	199
2024.01.26	16:00:00	2017.005	2019.447	2015.854	2017.015	15078	0	199
2024.01.26	20:00:00	2016.991	2019.215	2016.447	2018.469	4581	0	199
2024.01.28	20:00:00	2023.424	2028.601	2021.187	2021.831	5023	0	199
2024.01.29	00:00:00	2021.832	2026.322	2019.277	2025.600	14124	0	199
2024.01.29	04:00:00	2025.594	2033.823	2024.658	2031.276	13083	0	199
2024.01.29	08:00:00	2031.248	2033.558	2025.427	2028.111	15259	0	199
2024.01.29	12:00:00	2028.134	2037.561	2020.461	2025.387	22234	0	199
2024.01.29	16:00:00	2025.344	2031.097	2023.955	2026.881	15478	0	199
2024.01.29	20:00:00	2026.916	2035.251	2026.916	2030.730	9816	0	199
2024.01.30	00:00:00	2030.962	2034.066	2029.789	2031.999	12840	0	199
2024.01.30	04:00:00	2032.003	2040.453	2031.153	2037.856	13297	0	199
2024.01.30	08:00:00	2037.815	2039.464	2030.992	2034.252	16190	0	199
2024.01.30	12:00:00	2034.224	2048.556	2029.024	2032.543	31795	0	199
2024.01.30	16:00:00	2032.606	2037.021	2031.376	2036.040	17550	0	199
2024.01.30	20:00:00	2036.003	2037.079	2035.233	2036.231	6883	0	199
2024.01.31	00:00:00	2036.400	2038.641	2032.811	2033.908	11470	0	199
2024.01.31	04:00:00	2033.905	2038.537	2033.197	2036.563	11156	0	199
2024.01.31	08:00:00	2036.566	2040.437	2036.079	2037.284	14221	0	199
2024.01.31	12:00:00	2037.287	2055.969	2035.979	2052.115	27741	0	199
2024.01.31	16:00:00	2052.132	2053.580	2039.384	2044.780	37066	0	199
2024.01.31	20:00:00	2044.748	2045.913	2030.825	2039.784	24531	0	199
2024.02.01	00:00:00	2039.897	2049.516	2039.119	2046.288	14927	0	199
2024.02.01	04:00:00	2046.335	2046.641	2041.091	2042.895	13722	0	199
2024.02.01	08:00:00	2042.810	2042.810	2029.913	2033.378	19911	0	199
2024.02.01	12:00:00	2033.380	2053.009	2030.034	2051.911	34338	0	199
2024.02.01	16:00:00	2051.860	2065.458	2051.261	2054.780	29530	0	199
2024.02.01	20:00:00	2054.730	2056.101	2053.414	2054.627	7943	0	199
2024.02.02	00:00:00	2054.638	2056.910	2051.893	2054.559	12887	0	199
2024.02.02	04:00:00	2054.564	2056.931	2054.061	2055.042	13220	0	199
2024.02.02	08:00:00	2055.024	2056.776	2052.669	2056.038	14561	0	199
2024.02.02	12:00:00	2056.069	2057.623	2027.741	2034.993	43904	0	199
2024.02.02	16:00:00	2034.943	2038.735	2033.054	2038.052	18819	0	199
2024.02.02	20:00:00	2038.107	2039.786	2035.967	2039.607	5709	0	199
2024.02.04	20:00:00	2041.781	2042.218	2039.070	2039.716	3246	0	199
2024.02.05	00:00:00	2039.298	2039.822	2030.225	2032.264	17629	0	199
2024.02.05	04:00:00	2032.208	2033.304	2026.719	2027.502	14928	0	199
2024.02.05	08:00:00	2027.556	2028.351	2020.588	2027.577	16294	0	199
2024.02.05	12:00:00	2027.580	2028.018	2014.821	2017.792	26366	0	199
2024.02.05	16:00:00	2017.743	2027.484	2017.736	2025.928	16490	0	199
2024.02.05	20:00:00	2025.897	2026.382	2023.438	2024.859	6622	0	199
2024.02.06	00:00:00	2024.810	2028.538	2023.414	2023.894	12429	0	199
2024.02.06	04:00:00	2023.896	2029.802	2023.528	2026.242	13487	0	199
2024.02.06	08:00:00	2026.264	2027.472	2022.832	2026.696	14640	0	199
2024.02.06	12:00:00	2026.648	2038.108	2024.480	2036.287	24350	0	199
2024.02.06	16:00:00	2036.231	2038.880	2032.066	2035.904	18505	0	199
2024.02.06	20:00:00	2035.964	2036.952	2034.288	2035.069	6546	0	199
2024.02.07	00:00:00	2035.115	2036.095	2034.029	2034.442	10944	0	199
2024.02.07	04:00:00	2034.430	2036.172	2032.409	2035.124	10919	0	199
2024.02.07	08:00:00	2035.183	2035.751	2031.215	2034.122	13850	0	199
2024.02.07	12:00:00	2034.114	2044.527	2030.522	2038.345	24859	0	199
2024.02.07	16:00:00	2038.303	2040.871	2033.951	2035.511	16957	0	199
2024.02.07	20:00:00	2035.465	2036.367	2033.679	2036.227	6349	0	199
2024.02.08	00:00:00	2036.221	2038.726	2031.757	2032.753	10992	0	199
2024.02.08	04:00:00	2032.748	2034.951	2031.094	2032.794	11718	0	199
2024.02.08	08:00:00	2032.795	2038.509	2027.794	2028.972	16634	0	199
2024.02.08	12:00:00	2028.986	2034.011	2020.117	2031.933	27894	0	199
2024.02.08	16:00:00	2031.970	2035.353	2027.694	2032.495	16731	0	199
2024.02.08	20:00:00	2032.491	2034.598	2032.491	2034.123	5622	0	199
2024.02.09	00:00:00	2033.939	2035.108	2031.935	2033.548	9831	0	199
2024.02.09	04:00:00	2033.575	2034.951	2032.116	2033.522	9413	0	199
2024.02.09	08:00:00	2033.521	2034.069	2030.490	2031.514	14491	0	199
2024.02.09	12:00:00	2031.517	2037.174	2021.784	2022.452	28299	0	199
2024.02.09	16:00:00	2022.461	2026.305	2020.192	2024.749	15482	0	199
2024.02.09	20:00:00	2024.739	2026.190	2023.805	2024.192	4757	0	199
2024.02.11	20:00:00	2026.346	2026.706	2024.400	2025.264	2177	0	199
2024.02.12	00:00:00	2025.415	2026.557	2021.816	2022.854	9209	0	199
2024.02.12	04:00:00	2022.881	2026.403	2022.502	2025.499	9012	0	199
2024.02.12	08:00:00	2025.451	2027.252	2019.918	2021.703	14134	0	199
2024.02.12	12:00:00	2021.691	2027.540	2012.031	2013.137	22509	0	199
2024.02.12	16:00:00	2013.201	2021.556	2011.854	2019.158	16595	0	199
2024.02.12	20:00:00	2019.099	2020.520	2018.282	2018.650	6036	0	199
2024.02.13	00:00:00	2018.599	2021.191	2016.839	2018.524	9644	0	199
2024.02.13	04:00:00	2018.479	2025.781	2018.324	2025.154	10405	0	199
2024.02.13	08:00:00	2025.203	2029.282	2024.415	2027.666	13604	0	199
2024.02.13	12:00:00	2027.714	2032.537	1989.965	1992.248	40087	0	199
2024.02.13	16:00:00	1992.276	1997.775	1991.186	1991.755	18072	0	199
2024.02.13	20:00:00	1991.719	1993.611	1990.353	1991.193	7224	0	199
2024.02.14	00:00:00	1991.332	1993.577	1988.800	1992.464	11679	0	199
2024.02.14	04:00:00	1992.459	1993.311	1989.276	1989.437	11228	0	199
2024.02.14	08:00:00	1989.501	1993.360	1985.931	1992.200	16766	0	199
2024.02.14	12:00:00	1992.232	1993.192	1984.121	1987.845	25714	0	199
2024.02.14	16:00:00	1987.895	1996.039	1987.380	1991.657	19405	0	199
2024.02.14	20:00:00	1991.667	1994.737	1989.549	1993.453	6685	0	199
2024.02.15	00:00:00	1993.441	1994.289	1990.163	1990.751	10483	0	199
2024.02.15	04:00:00	1990.756	1994.595	1990.408	1993.726	10239	0	199
2024.02.15	08:00:00	1993.680	1998.093	1993.430	1997.477	13948	0	199
2024.02.15	12:00:00	1997.448	2008.222	1995.656	2000.803	29905	0	199
2024.02.15	16:00:00	2000.745	2006.404	1998.367	2005.009	17139	0	199
2024.02.15	20:00:00	2004.990	2005.060	2003.150	2003.157	6097	0	199
2024.02.16	00:00:00	2003.099	2005.614	2002.332	2004.266	10161	0	199
2024.02.16	04:00:00	2004.264	2006.429	2002.724	2005.149	10679	0	199
2024.02.16	08:00:00	2005.190	2007.775	2003.844	2007.241	13276	0	199
2024.02.16	12:00:00	2007.250	2011.031	1995.071	2007.890	31995	0	199
2024.02.16	16:00:00	2007.917	2015.127	2007.146	2012.572	18000	0	199
2024.02.16	20:00:00	2012.598	2013.986	2011.207	2013.269	5305	0	199
2024.02.18	20:00:00	2012.706	2019.066	1997.784	2010.606	4245	0	199
2024.02.19	00:00:00	2012.796	2022.861	2009.190	2019.846	14605	0	199
2024.02.19	04:00:00	2019.889	2022.957	2018.205	2020.883	11757	0	199
2024.02.19	08:00:00	2020.906	2021.224	2018.204	2018.365	13969	0	199
2024.02.19	12:00:00	2018.413	2019.305	2014.687	2014.888	14564	0	199
2024.02.19	16:00:00	2014.874	2018.519	2013.199	2017.878	6814	0	199
2024.02.19	20:00:00	2017.244	2017.350	2015.480	2016.206	1686	0	599
2024.02.20	00:00:00	2015.981	2019.137	2014.955	2018.271	11410	0	199
2024.02.20	04:00:00	2018.285	2022.856	2017.722	2021.441	10680	0	199
2024.02.20	08:00:00	2021.394	2027.559	2020.727	2026.866	16178	0	199
2024.02.20	12:00:00	2026.868	2030.875	2025.434	2027.378	21434	0	199
2024.02.20	16:00:00	2027.357	2028.904	2024.754	2025.106	14344	0	199
2024.02.20	20:00:00	2025.151	2025.192	2023.535	2024.128	6295	0	199
2024.02.21	00:00:00	2024.048	2030.835	2022.867	2030.425	11136	0	199
2024.02.21	04:00:00	2030.433	2032.250	2028.349	2028.791	11485	0	199
2024.02.21	08:00:00	2028.780	2030.079	2025.949	2028.243	13832	0	199
2024.02.21	12:00:00	2028.245	2031.535	2024.010	2024.149	19531	0	199
2024.02.21	16:00:00	2024.190	2026.464	2019.999	2025.928	18732	0	199
2024.02.21	20:00:00	2025.938	2026.959	2023.909	2025.568	7886	0	199
2024.02.22	00:00:00	2025.483	2028.528	2025.019	2026.292	11283	0	199
2024.02.22	04:00:00	2026.299	2031.976	2025.474	2031.396	11416	0	199
2024.02.22	08:00:00	2031.395	2034.833	2027.256	2028.937	16433	0	199
2024.02.22	12:00:00	2028.930	2029.844	2020.167	2023.306	26950	0	199
2024.02.22	16:00:00	2023.323	2024.644	2019.547	2022.982	16072	0	199
2024.02.22	20:00:00	2023.009	2025.787	2022.503	2024.677	6770	0	199
2024.02.23	00:00:00	2024.524	2027.341	2022.722	2025.688	11258	0	199
2024.02.23	04:00:00	2025.686	2026.436	2018.148	2021.801	11059	0	199
2024.02.23	08:00:00	2021.802	2023.934	2015.981	2023.790	15966	0	199
2024.02.23	12:00:00	2023.808	2031.128	2023.011	2030.038	22624	0	199
2024.02.23	16:00:00	2030.088	2041.344	2030.088	2037.302	18710	0	199
2024.02.23	20:00:00	2037.300	2037.474	2035.093	2035.524	5223	0	200
2024.02.25	20:00:00	2033.240	2034.940	2033.179	2034.224	2095	0	200
2024.02.26	00:00:00	2033.996	2034.105	2029.876	2032.442	11876	0	199
2024.02.26	04:00:00	2032.439	2035.303	2031.811	2035.010	11014	0	199
2024.02.26	08:00:00	2034.961	2037.020	2030.797	2030.891	15938	0	199
2024.02.26	12:00:00	2030.940	2034.428	2025.015	2029.104	19623	0	199
2024.02.26	16:00:00	2029.044	2030.139	2026.482	2029.676	15297	0	199
2024.02.26	20:00:00	2029.642	2033.662	2029.642	2031.073	6262	0	199
2024.02.27	00:00:00	2030.986	2034.581	2030.986	2033.372	9819	0	199
2024.02.27	04:00:00	2033.365	2036.180	2032.773	2035.386	10213	0	199
2024.02.27	08:00:00	2035.380	2039.471	2034.573	2038.172	14813	0	199
2024.02.27	12:00:00	2038.182	2039.098	2032.960	2033.746	20254	0	199
2024.02.27	16:00:00	2033.794	2036.025	2029.350	2030.214	15701	0	199
2024.02.27	20:00:00	2030.215	2030.730	2028.678	2030.090	5763	0	199
2024.02.28	00:00:00	2029.968	2033.694	2029.100	2030.935	11027	0	199
2024.02.28	04:00:00	2030.937	2032.020	2027.816	2028.121	10449	0	199
2024.02.28	08:00:00	2028.166	2029.233	2024.467	2027.255	14885	0	199
2024.02.28	12:00:00	2027.204	2037.925	2026.832	2031.790	20463	0	199
2024.02.28	16:00:00	2031.758	2035.522	2030.834	2032.089	14559	0	199
2024.02.28	20:00:00	2032.140	2035.415	2032.053	2034.303	6054	0	199
2024.02.29	00:00:00	2034.378	2037.036	2033.935	2036.541	10555	0	199
2024.02.29	04:00:00	2036.541	2037.839	2034.336	2037.230	10364	0	199
2024.02.29	08:00:00	2037.171	2037.456	2028.802	2030.236	15262	0	199
2024.02.29	12:00:00	2030.237	2050.683	2028.057	2048.068	28961	0	199
2024.02.29	16:00:00	2048.098	2048.351	2043.273	2044.477	17000	0	199
2024.02.29	20:00:00	2044.420	2045.419	2042.763	2043.981	6488	0	199
2024.03.01	00:00:00	2044.051	2046.792	2042.769	2046.518	9846	0	199
2024.03.01	04:00:00	2046.518	2048.758	2043.409	2045.396	10548	0	199
2024.03.01	08:00:00	2045.460	2057.482	2039.039	2055.325	18489	0	199
2024.03.01	12:00:00	2055.324	2070.928	2045.572	2069.182	30320	0	199
2024.03.01	16:00:00	2069.211	2088.310	2069.211	2085.252	24007	0	199
2024.03.01	20:00:00	2085.223	2085.344	2082.849	2083.315	5531	0	199
2024.03.03	20:00:00	2082.522	2086.146	2082.522	2083.440	2888	0	199
2024.03.04	00:00:00	2083.591	2084.346	2079.413	2081.366	12492	0	199
2024.03.04	04:00:00	2081.367	2088.249	2080.244	2087.334	11049	0	199
2024.03.04	08:00:00	2087.374	2087.439	2081.797	2082.112	15681	0	199
2024.03.04	12:00:00	2082.101	2109.357	2081.107	2109.012	27171	0	199
2024.03.04	16:00:00	2108.970	2119.885	2107.591	2116.240	26184	0	199
2024.03.04	20:00:00	2116.249	2118.522	2113.392	2114.480	7097	0	199
2024.03.05	00:00:00	2114.340	2116.844	2110.402	2112.961	13137	0	199
2024.03.05	04:00:00	2112.984	2119.632	2112.600	2114.449	13636	0	199
2024.03.05	08:00:00	2114.495	2127.325	2114.438	2124.431	19253	0	199
2024.03.05	12:00:00	2124.434	2141.881	2121.087	2126.618	48559	0	199
2024.03.05	16:00:00	2126.574	2134.710	2123.634	2129.524	22180	0	199
2024.03.05	20:00:00	2129.485	2130.963	2126.656	2128.162	7749	0	199
2024.03.06	00:00:00	2127.777	2128.105	2123.604	2124.697	12086	0	199
2024.03.06	04:00:00	2124.716	2131.466	2124.716	2128.478	11847	0	199
2024.03.06	08:00:00	2128.430	2132.603	2124.299	2132.474	16820	0	199
2024.03.06	12:00:00	2132.519	2149.189	2130.951	2140.924	40344	0	199
2024.03.06	16:00:00	2140.891	2152.234	2139.385	2144.309	29525	0	199
2024.03.06	20:00:00	2144.259	2150.977	2143.114	2147.192	8831	0	199
2024.03.07	00:00:00	2146.851	2152.494	2144.185	2151.709	16960	0	199
2024.03.07	04:00:00	2151.718	2161.588	2151.477	2155.951	22717	0	199
2024.03.07	08:00:00	2156.003	2159.830	2153.254	2155.941	19152	0	199
2024.03.07	12:00:00	2155.950	2164.753	2147.866	2153.701	36580	0	199
2024.03.07	16:00:00	2153.694	2160.907	2149.223	2159.990	20738	0	199
2024.03.07	20:00:00	2159.945	2161.465	2157.948	2161.465	7347	0	199
2024.03.08	00:00:00	2161.641	2163.568	2153.954	2157.578	13394	0	199
2024.03.08	04:00:00	2157.581	2162.032	2156.315	2161.345	13581	0	199
2024.03.08	08:00:00	2161.294	2171.114	2161.056	2168.221	19408	0	199
2024.03.08	12:00:00	2168.225	2185.415	2156.357	2177.165	49076	0	199
2024.03.08	16:00:00	2177.210	2195.153	2168.278	2176.435	35258	0	199
2024.03.08	20:00:00	2176.465	2179.047	2175.648	2178.502	6053	0	199
2024.03.10	20:00:00	2179.559	2183.825	2177.114	2181.567	5740	0	199
2024.03.11	00:00:00	2181.592	2189.012	2176.861	2179.462	17303	0	199
2024.03.11	04:00:00	2179.469	2182.742	2176.814	2182.200	14225	0	199
2024.03.11	08:00:00	2182.242	2183.083	2175.792	2178.888	17825	0	199
2024.03.11	12:00:00	2178.924	2185.651	2174.633	2184.270	29218	0	199
2024.03.11	16:00:00	2184.290	2184.648	2177.104	2181.291	17780	0	199
2024.03.11	20:00:00	2181.329	2184.651	2180.563	2183.552	6385	0	199
2024.03.12	00:00:00	2183.551	2184.484	2176.763	2177.469	13131	0	199
2024.03.12	04:00:00	2177.472	2179.156	2173.533	2176.924	14266	0	199
2024.03.12	08:00:00	2176.880	2179.046	2170.567	2171.956	16791	0	199
2024.03.12	12:00:00	2171.934	2181.967	2152.550	2163.015	58640	0	199
2024.03.12	16:00:00	2163.007	2166.496	2150.467	2157.314	19945	0	199
2024.03.12	20:00:00	2157.299	2161.193	2155.752	2156.915	7847	0	199
2024.03.13	00:00:00	2156.907	2161.503	2156.527	2159.057	13480	0	199
2024.03.13	04:00:00	2159.056	2161.499	2157.224	2159.648	13366	0	199
2024.03.13	08:00:00	2159.689	2164.169	2157.508	2163.925	16503	0	199
2024.03.13	12:00:00	2163.924	2174.523	2161.374	2171.759	32120	0	199
2024.03.13	16:00:00	2171.706	2179.800	2169.536	2172.546	20593	0	199
2024.03.13	20:00:00	2172.497	2176.209	2172.274	2175.361	5882	0	199
2024.03.14	00:00:00	2175.448	2176.978	2171.099	2172.264	13017	0	199
2024.03.14	04:00:00	2172.254	2172.513	2167.419	2168.634	13269	0	199
2024.03.14	08:00:00	2168.580	2171.960	2167.100	2168.455	15576	0	199
2024.03.14	12:00:00	2168.496	2170.392	2152.649	2157.190	41271	0	199
2024.03.14	16:00:00	2157.189	2164.995	2156.664	2163.449	17615	0	199
2024.03.14	20:00:00	2163.514	2163.860	2160.825	2161.620	4906	0	199
2024.03.15	00:00:00	2161.698	2165.909	2160.588	2164.530	12400	0	199
2024.03.15	04:00:00	2164.532	2170.165	2163.475	2167.017	14681	0	199
2024.03.15	08:00:00	2167.055	2172.712	2165.259	2166.909	17264	0	199
2024.03.15	12:00:00	2166.896	2167.293	2156.437	2159.990	31691	0	199
2024.03.15	16:00:00	2159.941	2163.451	2155.092	2156.917	17284	0	199
2024.03.15	20:00:00	2156.949	2158.257	2155.400	2155.698	1941	0	199
2024.03.17	20:00:00	2153.279	2156.533	2153.080	2156.517	5006	0	199
2024.03.18	00:00:00	2156.473	2157.483	2146.062	2146.768	15669	0	199
2024.03.18	04:00:00	2146.768	2152.162	2146.070	2152.162	13107	0	199
2024.03.18	08:00:00	2152.099	2161.237	2150.119	2161.015	17919	0	199
2024.03.18	12:00:00	2160.974	2163.613	2155.489	2158.310	25360	0	199
2024.03.18	16:00:00	2158.343	2161.128	2154.580	2160.167	16168	0	199
2024.03.18	20:00:00	2160.153	2162.290	2159.386	2161.650	4961	0	199
2024.03.19	00:00:00	2162.053	2162.838	2158.588	2161.428	13836	0	199
2024.03.19	04:00:00	2161.414	2162.060	2153.940	2155.740	16018	0	199
2024.03.19	08:00:00	2155.778	2156.682	2147.154	2155.536	20711	0	199
2024.03.19	12:00:00	2155.485	2158.690	2148.363	2154.219	26060	0	199
2024.03.19	16:00:00	2154.256	2157.920	2153.094	2157.681	15483	0	199
2024.03.19	20:00:00	2157.728	2159.519	2156.982	2157.009	4779	0	199
2024.03.20	00:00:00	2157.054	2160.004	2155.176	2159.815	11012	0	199
2024.03.20	04:00:00	2159.848	2160.197	2156.326	2158.266	12428	0	199
2024.03.20	08:00:00	2158.224	2158.351	2152.264	2153.978	15604	0	199
2024.03.20	12:00:00	2154.024	2164.857	2149.544	2155.853	25521	0	199
2024.03.20	16:00:00	2155.863	2188.806	2155.456	2182.880	53046	0	199
2024.03.20	20:00:00	2182.832	2211.005	2182.781	2203.501	12541	0	199
2024.03.21	00:00:00	2203.971	2212.563	2192.369	2202.726	24677	0	199
2024.03.21	04:00:00	2202.754	2210.155	2201.775	2206.570	17584	0	199
2024.03.21	08:00:00	2206.507	2211.752	2196.775	2207.486	24995	0	199
2024.03.21	12:00:00	2207.429	2208.811	2166.296	2174.678	48851	0	199
2024.03.21	16:00:00	2174.706	2183.947	2172.951	2181.426	20342	0	199
2024.03.21	20:00:00	2181.477	2182.420	2180.381	2181.491	5355	0	199
2024.03.22	00:00:00	2181.676	2186.042	2171.809	2173.738	19678	0	199
2024.03.22	04:00:00	2173.734	2176.298	2162.584	2168.398	18393	0	199
2024.03.22	08:00:00	2168.398	2170.033	2164.871	2166.016	19665	0	199
2024.03.22	12:00:00	2166.059	2180.060	2165.402	2166.095	31524	0	199
2024.03.22	16:00:00	2166.059	2167.470	2156.982	2163.986	19707	0	199
2024.03.22	20:00:00	2164.021	2167.186	2163.567	2165.338	2841	0	199
2024.03.24	20:00:00	2166.313	2168.893	2165.060	2168.337	5634	0	199
2024.03.25	00:00:00	2168.318	2178.345	2163.897	2170.602	22245	0	199
2024.03.25	04:00:00	2170.612	2171.605	2163.412	2165.813	16107	0	199
2024.03.25	08:00:00	2165.767	2171.833	2163.809	2170.398	18362	0	199
2024.03.25	12:00:00	2170.436	2181.267	2170.261	2175.412	25187	0	199
2024.03.25	16:00:00	2175.406	2177.796	2170.661	2170.945	14810	0	199
2024.03.25	20:00:00	2170.992	2173.308	2170.739	2172.878	6147	0	199
2024.03.26	00:00:00	2172.884	2174.403	2167.576	2170.346	15080	0	199
2024.03.26	04:00:00	2170.354	2174.171	2169.583	2173.008	13262	0	199
2024.03.26	08:00:00	2172.990	2200.050	2171.565	2196.424	24641	0	199
2024.03.26	12:00:00	2196.453	2197.326	2171.680	2174.244	33975	0	199
2024.03.26	16:00:00	2174.291	2179.213	2174.243	2177.876	16465	0	199
2024.03.26	20:00:00	2177.920	2179.946	2174.608	2179.466	5849	0	199
2024.03.27	00:00:00	2179.463	2181.711	2173.105	2177.725	16066	0	199
2024.03.27	04:00:00	2177.710	2180.784	2175.642	2180.488	13643	0	199
2024.03.27	08:00:00	2180.526	2197.586	2176.434	2188.403	24315	0	199
2024.03.27	12:00:00	2188.438	2195.223	2183.412	2190.496	30189	0	199
2024.03.27	16:00:00	2190.474	2194.213	2188.995	2193.283	16232	0	199
2024.03.27	20:00:00	2193.335	2195.210	2189.622	2190.969	7264	0	199
2024.03.28	00:00:00	2190.723	2196.438	2187.306	2194.773	16033	0	199
2024.03.28	04:00:00	2194.752	2200.634	2192.633	2193.719	15292	0	199
2024.03.28	08:00:00	2193.737	2213.777	2190.828	2210.265	25306	0	199
2024.03.28	12:00:00	2210.261	2217.130	2202.195	2215.877	41316	0	199
2024.03.28	16:00:00	2215.890	2225.576	2213.458	2221.638	21450	0	199
2024.03.28	20:00:00	2221.631	2236.293	2219.601	2232.580	4199	0	199
2024.03.31	20:00:00	2239.644	2247.340	2235.570	2244.928	10517	0	299
2024.04.01	00:00:00	2245.959	2265.141	2243.823	2264.309	22477	0	299
2024.04.01	04:00:00	2264.360	2265.678	2256.866	2257.535	15230	0	199
2024.04.01	08:00:00	2257.562	2260.186	2245.582	2246.851	18906	0	199
2024.04.01	12:00:00	2246.819	2257.902	2228.472	2239.641	45382	0	199
2024.04.01	16:00:00	2239.656	2244.722	2234.665	2244.669	17334	0	199
2024.04.01	20:00:00	2244.612	2255.706	2242.986	2248.936	9623	0	199
2024.04.02	00:00:00	2248.963	2255.262	2246.634	2251.531	19709	0	199
2024.04.02	04:00:00	2251.534	2259.851	2250.418	2256.374	18724	0	199
2024.04.02	08:00:00	2256.326	2266.808	2255.055	2260.525	24650	0	199
2024.04.02	12:00:00	2260.568	2276.975	2250.794	2258.604	53113	0	199
2024.04.02	16:00:00	2258.658	2279.304	2254.076	2277.354	23844	0	199
2024.04.02	20:00:00	2277.395	2288.254	2275.647	2280.206	11187	0	199
2024.04.03	00:00:00	2279.885	2287.942	2276.736	2285.006	22349	0	199
2024.04.03	04:00:00	2285.023	2287.048	2270.325	2271.188	20282	0	199
2024.04.03	08:00:00	2271.173	2276.081	2267.627	2273.785	23051	0	199
2024.04.03	12:00:00	2273.733	2288.352	2265.347	2286.298	51263	0	199
2024.04.03	16:00:00	2286.290	2298.866	2280.693	2297.373	26990	0	199
2024.04.03	20:00:00	2297.404	2302.445	2296.246	2297.448	9596	0	199
2024.04.04	00:00:00	2297.500	2304.869	2297.227	2299.175	18188	0	199
2024.04.04	04:00:00	2299.124	2300.666	2291.836	2292.953	16764	0	199
2024.04.04	08:00:00	2292.940	2295.180	2288.775	2289.261	19042	0	199
2024.04.04	12:00:00	2289.310	2299.375	2282.681	2292.081	39794	0	199
2024.04.04	16:00:00	2292.026	2305.543	2279.817	2284.919	40257	0	199
2024.04.04	20:00:00	2284.888	2293.233	2284.756	2288.891	9352	0	199
2024.04.05	00:00:00	2288.691	2290.277	2267.751	2276.732	28309	0	199
2024.04.05	04:00:00	2276.689	2290.568	2276.543	2289.045	21511	0	199
2024.04.05	08:00:00	2289.014	2296.142	2284.859	2291.132	20729	0	199
2024.04.05	12:00:00	2291.100	2328.448	2280.187	2326.175	75257	0	199
2024.04.05	16:00:00	2326.191	2330.526	2320.639	2323.120	24048	0	199
2024.04.05	20:00:00	2323.159	2329.996	2322.812	2329.355	3493	0	200
2024.04.07	20:00:00	2327.315	2328.564	2304.031	2311.647	19547	0	199
2024.04.08	00:00:00	2311.297	2354.140	2302.862	2345.488	62971	0	199
2024.04.08	04:00:00	2345.535	2345.574	2331.754	2337.761	35327	0	199
2024.04.08	08:00:00	2337.709	2343.528	2333.259	2337.341	30488	0	199
2024.04.08	12:00:00	2337.286	2338.004	2318.640	2327.835	70053	0	199
2024.04.08	16:00:00	2327.882	2341.997	2326.029	2338.344	25072	0	199
2024.04.08	20:00:00	2338.397	2340.450	2336.601	2338.788	7308	0	199
2024.04.09	00:00:00	2338.784	2348.500	2337.769	2343.943	26535	0	199
2024.04.09	04:00:00	2343.981	2357.010	2343.046	2353.963	23002	0	199
2024.04.09	08:00:00	2353.960	2365.340	2349.528	2354.445	29073	0	199
2024.04.09	12:00:00	2354.414	2364.281	2338.236	2340.291	70972	0	199
2024.04.09	16:00:00	2340.328	2351.520	2340.014	2351.118	26728	0	199
2024.04.09	20:00:00	2351.072	2355.275	2350.276	2354.776	7878	0	199
2024.04.10	00:00:00	2354.899	2355.575	2344.698	2351.248	21355	0	199
2024.04.10	04:00:00	2351.202	2360.079	2350.831	2353.072	21312	0	199
2024.04.10	08:00:00	2353.121	2355.854	2344.706	2347.029	22741	0	199
2024.04.10	12:00:00	2346.974	2352.340	2319.215	2337.065	109322	0	199
2024.04.10	16:00:00	2337.054	2345.242	2325.742	2329.635	44776	0	199
2024.04.10	20:00:00	2329.692	2337.204	2329.511	2335.429	8669	0	199
2024.04.11	00:00:00	2335.489	2346.915	2333.321	2343.966	22382	0	199
2024.04.11	04:00:00	2343.911	2346.082	2333.881	2336.396	25292	0	199
2024.04.11	08:00:00	2336.439	2339.678	2325.627	2337.251	27340	0	199
2024.04.11	12:00:00	2337.269	2347.431	2331.604	2344.618	59464	0	199
2024.04.11	16:00:00	2344.667	2374.609	2342.623	2372.746	31879	0	199
2024.04.11	20:00:00	2372.823	2379.358	2371.274	2377.000	12288	0	199
2024.04.12	00:00:00	2376.787	2395.458	2374.586	2384.242	42155	0	199
2024.04.12	04:00:00	2384.247	2400.382	2382.700	2399.913	28341	0	199
2024.04.12	08:00:00	2399.954	2400.634	2390.358	2395.362	28696	0	199
2024.04.12	12:00:00	2395.365	2431.527	2382.128	2395.554	112467	0	199
2024.04.12	16:00:00	2395.515	2395.515	2333.793	2343.263	89460	0	199
2024.04.12	20:00:00	2343.317	2345.169	2341.691	2344.382	4272	0	199
2024.04.14	20:00:00	2369.105	2371.920	2346.756	2364.486	11726	0	199
2024.04.15	00:00:00	2364.446	2365.957	2348.398	2358.508	46700	0	199
2024.04.15	04:00:00	2358.442	2362.467	2349.952	2353.047	31741	0	199
2024.04.15	08:00:00	2353.038	2361.179	2344.710	2357.947	30773	0	199
2024.04.15	12:00:00	2357.995	2361.137	2324.101	2351.616	81983	0	199
2024.04.15	16:00:00	2351.660	2387.637	2346.114	2386.284	47186	0	199
2024.04.15	20:00:00	2386.370	2392.036	2380.038	2381.835	12026	0	199
2024.04.16	00:00:00	2381.895	2389.330	2379.159	2387.870	30651	0	199
2024.04.16	04:00:00	2387.903	2389.020	2362.955	2365.654	33156	0	199
2024.04.16	08:00:00	2365.500	2375.370	2365.107	2373.952	27454	0	199
2024.04.16	12:00:00	2373.956	2393.018	2363.458	2385.940	78364	0	199
2024.04.16	16:00:00	2385.982	2398.280	2379.713	2389.683	56405	0	199
2024.04.16	20:00:00	2389.641	2390.281	2378.368	2382.843	11427	0	199
2024.04.17	00:00:00	2382.703	2386.252	2380.648	2381.654	23615	0	199
2024.04.17	04:00:00	2381.652	2383.216	2372.609	2382.496	24062	0	199
2024.04.17	08:00:00	2382.460	2394.287	2382.460	2387.299	26656	0	199
2024.04.17	12:00:00	2387.365	2395.580	2378.295	2382.173	56041	0	199
2024.04.17	16:00:00	2382.219	2384.456	2360.982	2372.657	52661	0	199
2024.04.17	20:00:00	2372.604	2373.303	2354.548	2367.838	11957	0	199
2024.04.18	00:00:00	2367.837	2375.337	2364.016	2374.755	23204	0	199
2024.04.18	04:00:00	2374.748	2381.017	2373.132	2377.808	21179	0	199
2024.04.18	08:00:00	2377.841	2385.366	2377.174	2380.918	21840	0	199
2024.04.18	12:00:00	2380.968	2392.805	2369.479	2384.106	67157	0	199
2024.04.18	16:00:00	2384.111	2389.315	2378.048	2380.231	27626	0	199
2024.04.18	20:00:00	2380.265	2381.469	2376.849	2380.003	6984	0	199
2024.04.19	00:00:00	2379.867	2417.893	2373.712	2391.347	90750	0	199
2024.04.19	04:00:00	2391.343	2393.891	2378.600	2385.424	41605	0	199
2024.04.19	08:00:00	2385.369	2386.297	2372.761	2376.812	34763	0	199
2024.04.19	12:00:00	2376.851	2396.011	2373.058	2394.752	55163	0	199
2024.04.19	16:00:00	2394.753	2401.973	2386.589	2387.606	29524	0	199
2024.04.19	20:00:00	2387.653	2391.253	2386.634	2390.677	3709	0	199
2024.04.21	20:00:00	2384.011	2388.589	2381.869	2386.483	9777	0	199
2024.04.22	00:00:00	2386.506	2386.506	2361.672	2369.325	30915	0	199
2024.04.22	04:00:00	2369.385	2372.901	2351.299	2360.983	34847	0	199
2024.04.22	08:00:00	2360.959	2363.641	2339.381	2342.060	29469	0	199
2024.04.22	12:00:00	2342.042	2350.382	2331.025	2334.797	60653	0	199
2024.04.22	16:00:00	2334.789	2336.456	2324.497	2329.332	23859	0	199
2024.04.22	20:00:00	2329.290	2333.930	2325.319	2333.738	9227	0	199
2024.04.23	00:00:00	2333.716	2334.376	2295.500	2302.603	53597	0	199
2024.04.23	04:00:00	2302.578	2314.793	2298.854	2309.051	33041	0	199
2024.04.23	08:00:00	2309.090	2309.782	2291.321	2302.134	31959	0	199
2024.04.23	12:00:00	2302.146	2332.176	2301.274	2323.193	68179	0	199
2024.04.23	16:00:00	2323.219	2331.353	2321.195	2322.201	24613	0	199
2024.04.23	20:00:00	2322.254	2324.344	2321.097	2323.210	6945	0	199
2024.04.24	00:00:00	2323.226	2328.134	2315.743	2327.841	23177	0	199
2024.04.24	04:00:00	2327.866	2331.316	2320.625	2320.708	22698	0	199
2024.04.24	08:00:00	2320.698	2321.910	2311.704	2316.174	22373	0	199
2024.04.24	12:00:00	2316.218	2337.354	2312.068	2322.593	53595	0	199
2024.04.24	16:00:00	2322.560	2330.483	2317.785	2319.074	24347	0	199
2024.04.24	20:00:00	2319.104	2319.645	2313.629	2316.219	8815	0	199
2024.04.25	00:00:00	2316.223	2322.041	2304.861	2313.177	21749	0	199
2024.04.25	04:00:00	2313.227	2326.124	2312.361	2325.621	19857	0	199
2024.04.25	08:00:00	2325.649	2330.621	2324.092	2328.505	18530	0	199
2024.04.25	12:00:00	2328.502	2344.872	2312.716	2330.475	82984	0	199
2024.04.25	16:00:00	2330.507	2336.414	2322.968	2332.887	23647	0	199
2024.04.25	20:00:00	2332.932	2333.737	2330.022	2330.621	7223	0	199
2024.04.26	00:00:00	2330.617	2336.262	2326.219	2334.634	18056	0	199
2024.04.26	04:00:00	2334.634	2347.319	2333.425	2345.503	21513	0	199
2024.04.26	08:00:00	2345.507	2352.555	2343.352	2344.901	24578	0	199
2024.04.26	12:00:00	2344.880	2351.594	2328.669	2336.632	54355	0	199
2024.04.26	16:00:00	2336.687	2341.411	2332.588	2339.895	19872	0	199
2024.04.26	20:00:00	2339.946	2340.112	2336.321	2337.792	3452	0	199
2024.04.28	20:00:00	2333.884	2336.829	2332.473	2335.985	6393	0	199
2024.04.29	00:00:00	2335.937	2336.331	2319.802	2328.432	27085	0	199
2024.04.29	04:00:00	2328.443	2337.905	2327.358	2337.317	32634	0	199
2024.04.29	08:00:00	2337.239	2344.356	2335.378	2337.058	20644	0	199
2024.04.29	12:00:00	2337.028	2339.510	2325.586	2337.783	36363	0	199
2024.04.29	16:00:00	2337.800	2346.706	2332.974	2335.628	29473	0	199
2024.04.29	20:00:00	2335.677	2337.108	2332.635	2333.173	7171	0	199
2024.04.30	00:00:00	2333.178	2336.113	2326.825	2329.190	20040	0	199
2024.04.30	04:00:00	2329.227	2329.468	2315.284	2317.532	21375	0	199
2024.04.30	08:00:00	2317.517	2318.455	2309.449	2312.707	20988	0	199
2024.04.30	12:00:00	2312.657	2313.366	2293.093	2295.834	57722	0	199
2024.04.30	16:00:00	2295.798	2299.305	2289.303	2290.837	25698	0	199
2024.04.30	20:00:00	2290.790	2293.467	2284.967	2291.244	10651	0	199
2024.05.01	00:00:00	2291.256	2292.869	2282.949	2284.053	15893	0	199
2024.05.01	04:00:00	2284.014	2289.744	2281.544	2285.785	15917	0	199
2024.05.01	08:00:00	2285.735	2297.093	2283.799	2294.538	18912	0	199
2024.05.01	12:00:00	2294.489	2310.469	2294.092	2307.256	45099	0	199
2024.05.01	16:00:00	2307.291	2328.288	2295.825	2309.724	65054	0	199
2024.05.01	20:00:00	2309.757	2324.833	2306.995	2323.809	17244	0	199
2024.05.02	00:00:00	2323.848	2326.470	2317.277	2319.497	17931	0	199
2024.05.02	04:00:00	2319.497	2320.986	2308.140	2309.262	21138	0	199
2024.05.02	08:00:00	2309.292	2311.064	2295.140	2299.008	23924	0	199
2024.05.02	12:00:00	2298.956	2306.912	2285.392	2299.929	54199	0	199
2024.05.02	16:00:00	2299.940	2309.472	2297.910	2302.917	22880	0	199
2024.05.02	20:00:00	2302.877	2305.504	2300.573	2304.247	7667	0	199
2024.05.03	00:00:00	2304.243	2306.388	2299.873	2302.408	16223	0	199
2024.05.03	04:00:00	2302.480	2308.790	2297.719	2299.215	18653	0	199
2024.05.03	08:00:00	2299.170	2303.172	2296.203	2298.280	18941	0	199
2024.05.03	12:00:00	2298.276	2320.712	2277.069	2293.729	92662	0	199
2024.05.03	16:00:00	2293.775	2303.086	2292.787	2301.365	21800	0	199
2024.05.03	20:00:00	2301.363	2303.418	2300.633	2301.627	3119	0	199
2024.05.05	20:00:00	2302.321	2303.288	2293.265	2293.968	7228	0	199
2024.05.06	00:00:00	2293.929	2315.394	2291.774	2309.322	30723	0	199
2024.05.06	04:00:00	2309.367	2324.135	2308.108	2322.646	22056	0	199
2024.05.06	08:00:00	2322.643	2323.082	2315.579	2318.189	20146	0	199
2024.05.06	12:00:00	2318.132	2332.091	2314.506	2324.774	43747	0	199
2024.05.06	16:00:00	2324.731	2327.458	2317.659	2325.031	23280	0	199
2024.05.06	20:00:00	2324.993	2328.820	2322.186	2325.943	8733	0	199
2024.05.07	00:00:00	2325.955	2329.925	2319.604	2324.857	20483	0	199
2024.05.07	04:00:00	2324.885	2325.075	2317.679	2319.204	19049	0	199
2024.05.07	08:00:00	2319.254	2319.841	2311.641	2312.348	19435	0	199
2024.05.07	12:00:00	2312.343	2323.719	2309.900	2314.703	34286	0	199
2024.05.07	16:00:00	2314.754	2317.465	2311.033	2314.618	17725	0	199
2024.05.07	20:00:00	2314.634	2316.542	2312.705	2315.119	6001	0	199
2024.05.08	00:00:00	2315.167	2318.184	2306.785	2317.001	20502	0	199
2024.05.08	04:00:00	2317.000	2321.336	2305.294	2305.727	18692	0	199
2024.05.08	08:00:00	2305.691	2318.097	2303.584	2314.673	22433	0	199
2024.05.08	12:00:00	2314.646	2320.391	2306.721	2320.391	39176	0	199
2024.05.08	16:00:00	2320.422	2321.095	2307.860	2308.174	17060	0	199
2024.05.08	20:00:00	2308.231	2310.706	2307.812	2308.740	6573	0	199
2024.05.09	00:00:00	2308.733	2312.996	2307.762	2312.274	15584	0	199
2024.05.09	04:00:00	2312.273	2319.735	2307.406	2309.303	19167	0	199
2024.05.09	08:00:00	2309.268	2316.666	2306.455	2315.918	18768	0	199
2024.05.09	12:00:00	2315.915	2338.930	2312.072	2330.397	50108	0	199
2024.05.09	16:00:00	2330.432	2343.998	2329.093	2343.750	19675	0	199
2024.05.09	20:00:00	2343.697	2348.325	2343.116	2346.517	8864	0	199
2024.05.10	00:00:00	2346.560	2355.814	2345.925	2353.325	23526	0	199
2024.05.10	04:00:00	2353.383	2370.402	2351.170	2366.700	24415	0	199
2024.05.10	08:00:00	2366.733	2378.509	2365.831	2372.126	24069	0	199
2024.05.10	12:00:00	2372.130	2375.752	2356.536	2364.804	51071	0	199
2024.05.10	16:00:00	2364.779	2370.961	2361.663	2363.315	20582	0	199
2024.05.10	20:00:00	2363.366	2365.047	2359.695	2360.449	2981	0	199
2024.05.12	20:00:00	2361.401	2363.088	2359.722	2360.411	5289	0	199
2024.05.13	00:00:00	2360.447	2364.488	2354.774	2357.070	19721	0	199
2024.05.13	04:00:00	2357.070	2357.070	2346.437	2348.570	18940	0	199
2024.05.13	08:00:00	2348.523	2350.336	2338.364	2344.540	23194	0	199
2024.05.13	12:00:00	2344.476	2349.777	2332.029	2335.866	43236	0	199
2024.05.13	16:00:00	2335.884	2338.490	2334.424	2337.334	18219	0	199
2024.05.13	20:00:00	2337.375	2339.298	2335.220	2338.408	5564	0	199
2024.05.14	00:00:00	2338.390	2344.431	2334.734	2343.059	17388	0	199
2024.05.14	04:00:00	2343.077	2345.926	2336.081	2339.151	18536	0	199
2024.05.14	08:00:00	2339.111	2348.205	2337.713	2343.585	19757	0	199
2024.05.14	12:00:00	2343.614	2357.071	2336.519	2347.925	49262	0	199
2024.05.14	16:00:00	2347.881	2359.615	2346.291	2356.486	20525	0	199
2024.05.14	20:00:00	2356.520	2358.383	2355.047	2355.772	6062	0	199
2024.05.15	00:00:00	2355.771	2361.011	2354.840	2360.273	16559	0	199
2024.05.15	04:00:00	2360.296	2365.200	2355.642	2362.401	18721	0	199
2024.05.15	08:00:00	2362.440	2374.313	2361.980	2362.742	21534	0	199
2024.05.15	12:00:00	2362.743	2385.721	2351.746	2377.551	67844	0	199
2024.05.15	16:00:00	2377.591	2390.295	2377.047	2386.313	24878	0	199
2024.05.15	20:00:00	2386.283	2391.910	2385.281	2391.769	9337	0	199
2024.05.16	00:00:00	2391.764	2397.355	2386.546	2388.608	25827	0	199
2024.05.16	04:00:00	2388.636	2394.499	2384.606	2389.336	21287	0	199
2024.05.16	08:00:00	2389.313	2391.362	2380.796	2384.622	20321	0	199
2024.05.16	12:00:00	2384.671	2386.337	2370.885	2381.509	47007	0	199
2024.05.16	16:00:00	2381.564	2383.743	2377.704	2378.106	18770	0	199
2024.05.16	20:00:00	2378.153	2379.664	2375.839	2377.726	6383	0	199
2024.05.17	00:00:00	2377.720	2381.233	2373.931	2377.803	17279	0	199
2024.05.17	04:00:00	2377.809	2387.763	2376.582	2383.815	18604	0	199
2024.05.17	08:00:00	2383.874	2390.131	2381.299	2389.682	18821	0	199
2024.05.17	12:00:00	2389.644	2419.174	2386.798	2407.708	51936	0	199
2024.05.17	16:00:00	2407.739	2419.180	2405.731	2416.402	25629	0	199
2024.05.17	20:00:00	2416.451	2422.736	2413.418	2413.933	5380	0	199
2024.05.19	20:00:00	2425.202	2425.202	2416.731	2420.194	10237	0	199
2024.05.20	00:00:00	2420.206	2440.647	2416.452	2437.543	41063	0	199
2024.05.20	04:00:00	2437.543	2450.025	2431.756	2442.214	36674	0	199
2024.05.20	08:00:00	2442.235	2447.204	2427.604	2430.604	29664	0	199
2024.05.20	12:00:00	2430.572	2430.897	2407.265	2424.838	64738	0	199
2024.05.20	16:00:00	2424.815	2437.381	2422.441	2426.682	25867	0	199
2024.05.20	20:00:00	2426.734	2430.346	2423.279	2426.133	9906	0	199
2024.05.21	00:00:00	2426.135	2433.081	2406.037	2413.695	40543	0	199
2024.05.21	04:00:00	2413.685	2422.194	2408.498	2419.211	27300	0	199
2024.05.21	08:00:00	2419.267	2423.737	2412.094	2423.386	24053	0	199
2024.05.21	12:00:00	2423.411	2433.943	2419.967	2423.410	50081	0	199
2024.05.21	16:00:00	2423.345	2425.000	2417.292	2423.317	23252	0	199
2024.05.21	20:00:00	2423.305	2423.457	2420.318	2421.654	6206	0	199
2024.05.22	00:00:00	2421.659	2426.539	2412.541	2414.163	22211	0	199
2024.05.22	04:00:00	2414.164	2418.528	2411.368	2417.232	22648	0	199
2024.05.22	08:00:00	2417.199	2419.395	2404.681	2408.682	23959	0	199
2024.05.22	12:00:00	2408.711	2415.039	2382.133	2391.965	58600	0	199
2024.05.22	16:00:00	2391.922	2394.993	2374.935	2379.304	32831	0	199
2024.05.22	20:00:00	2379.265	2382.707	2377.281	2382.124	9361	0	199
2024.05.23	00:00:00	2382.155	2383.686	2366.748	2372.438	30284	0	199
2024.05.23	04:00:00	2372.421	2373.988	2354.914	2356.108	30638	0	199
2024.05.23	08:00:00	2356.056	2369.443	2355.073	2368.043	24577	0	199
2024.05.23	12:00:00	2367.998	2369.866	2340.314	2346.083	67652	0	199
2024.05.23	16:00:00	2346.044	2350.144	2330.910	2331.580	29956	0	199
2024.05.23	20:00:00	2331.622	2333.613	2326.845	2332.012	8442	0	199
2024.05.24	00:00:00	2332.015	2335.187	2325.351	2330.596	24433	0	199
2024.05.24	04:00:00	2330.589	2340.560	2330.415	2337.731	21104	0	199
2024.05.24	08:00:00	2337.686	2343.922	2336.032	2338.178	20836	0	199
2024.05.24	12:00:00	2338.177	2347.385	2332.350	2334.490	35482	0	199
2024.05.24	16:00:00	2334.523	2336.972	2331.792	2333.766	17997	0	199
2024.05.24	20:00:00	2333.806	2335.171	2333.308	2333.781	2360	0	199
2024.05.26	20:00:00	2335.785	2340.678	2332.184	2337.175	6784	0	199
2024.05.27	00:00:00	2337.186	2347.600	2334.360	2345.976	19063	0	199
2024.05.27	04:00:00	2345.973	2346.016	2338.110	2338.561	18089	0	199
2024.05.27	08:00:00	2338.606	2346.145	2338.159	2345.031	18199	0	199
2024.05.27	12:00:00	2345.076	2358.486	2343.675	2352.446	30753	0	199
2024.05.27	16:00:00	2352.398	2355.604	2352.122	2353.899	5005	0	199
2024.05.27	20:00:00	2352.085	2353.657	2351.060	2352.373	4057	0	199
2024.05.28	00:00:00	2352.412	2356.324	2349.136	2350.860	21221	0	199
2024.05.28	04:00:00	2350.825	2353.668	2341.306	2344.008	23776	0	199
2024.05.28	08:00:00	2343.974	2348.434	2340.233	2347.408	19729	0	199
2024.05.28	12:00:00	2347.367	2364.078	2345.863	2360.241	49031	0	199
2024.05.28	16:00:00	2360.203	2362.203	2352.758	2358.155	23878	0	199
2024.05.28	20:00:00	2358.139	2362.294	2357.808	2359.685	8144	0	199
2024.05.29	00:00:00	2359.650	2361.031	2354.370	2358.126	20456	0	199
2024.05.29	04:00:00	2358.136	2361.361	2349.982	2350.473	21983	0	199
2024.05.29	08:00:00	2350.542	2351.728	2338.414	2341.662	23839	0	199
2024.05.29	12:00:00	2341.653	2347.222	2334.482	2339.149	37892	0	199
2024.05.29	16:00:00	2339.141	2344.290	2336.005	2336.746	18462	0	199
2024.05.29	20:00:00	2336.776	2339.097	2335.842	2338.364	8058	0	199
2024.05.30	00:00:00	2338.378	2339.868	2328.020	2334.311	26613	0	199
2024.05.30	04:00:00	2334.264	2337.695	2322.527	2334.336	26911	0	199
2024.05.30	08:00:00	2334.370	2340.945	2330.547	2335.831	24430	0	199
2024.05.30	12:00:00	2335.801	2351.847	2331.929	2343.804	48881	0	199
2024.05.30	16:00:00	2343.835	2348.793	2339.831	2341.567	20167	0	199
2024.05.30	20:00:00	2341.515	2346.391	2341.440	2343.907	8395	0	199
2024.05.31	00:00:00	2343.921	2347.686	2336.931	2343.688	22549	0	199
2024.05.31	04:00:00	2343.677	2347.032	2339.901	2340.362	20255	0	199
2024.05.31	08:00:00	2340.338	2344.949	2339.654	2343.784	18679	0	199
2024.05.31	12:00:00	2343.739	2359.724	2327.639	2330.027	59024	0	199
2024.05.31	16:00:00	2329.978	2336.694	2320.529	2327.644	29433	0	199
2024.05.31	20:00:00	2327.686	2330.548	2326.992	2327.191	4104	0	199
2024.06.02	20:00:00	2328.496	2328.760	2323.339	2325.937	6618	0	199
2024.06.03	00:00:00	2325.967	2331.112	2320.845	2321.394	21094	0	199
2024.06.03	04:00:00	2321.441	2328.853	2314.667	2325.955	25190	0	199
2024.06.03	08:00:00	2325.920	2333.311	2324.297	2329.976	21947	0	199
2024.06.03	12:00:00	2329.995	2345.699	2325.658	2342.815	45039	0	199
2024.06.03	16:00:00	2342.781	2354.746	2341.348	2347.609	23952	0	199
2024.06.03	20:00:00	2347.654	2351.763	2346.893	2350.629	6863	0	199
2024.06.04	00:00:00	2350.641	2352.798	2343.112	2345.748	18508	0	199
2024.06.04	04:00:00	2345.694	2351.804	2339.052	2339.732	19907	0	199
2024.06.04	08:00:00	2339.678	2339.789	2325.238	2327.917	29830	0	199
2024.06.04	12:00:00	2327.884	2337.922	2315.520	2326.070	51572	0	199
2024.06.04	16:00:00	2326.071	2330.320	2322.505	2327.312	21759	0	199
2024.06.04	20:00:00	2327.355	2328.898	2325.977	2328.786	5791	0	199
2024.06.05	00:00:00	2328.790	2337.917	2325.827	2337.121	17344	0	199
2024.06.05	04:00:00	2337.172	2341.647	2328.068	2331.587	20550	0	199
2024.06.05	08:00:00	2331.583	2335.530	2329.443	2332.512	20947	0	199
2024.06.05	12:00:00	2332.568	2357.389	2332.184	2353.649	51455	0	199
2024.06.05	16:00:00	2353.644	2356.736	2351.371	2353.929	19370	0	199
2024.06.05	20:00:00	2353.971	2357.530	2352.756	2355.012	6732	0	199
2024.06.06	00:00:00	2355.008	2374.958	2354.494	2368.446	25536	0	199
2024.06.06	04:00:00	2368.444	2371.402	2362.133	2362.906	18417	0	199
2024.06.06	08:00:00	2362.899	2363.890	2358.506	2359.761	17104	0	199
2024.06.06	12:00:00	2359.742	2378.522	2353.345	2374.226	47894	0	199
2024.06.06	16:00:00	2374.209	2376.934	2368.971	2372.497	22347	0	199
2024.06.06	20:00:00	2372.472	2378.124	2372.282	2376.730	6566	0	199
2024.06.07	00:00:00	2376.735	2381.969	2369.374	2380.117	21730	0	199
2024.06.07	04:00:00	2380.119	2387.696	2372.746	2373.583	23182	0	199
2024.06.07	08:00:00	2373.536	2373.930	2330.873	2336.495	43056	0	199
2024.06.07	12:00:00	2336.487	2339.308	2304.425	2304.975	72927	0	199
2024.06.07	16:00:00	2305.019	2314.505	2287.539	2288.266	30314	0	199
2024.06.07	20:00:00	2288.305	2294.327	2286.726	2293.801	5428	0	199
2024.06.09	20:00:00	2290.431	2300.041	2290.380	2298.479	7170	0	199
2024.06.10	00:00:00	2298.480	2301.400	2293.904	2295.329	17318	0	199
2024.06.10	04:00:00	2295.287	2297.258	2287.707	2296.475	22512	0	199
2024.06.10	08:00:00	2296.523	2305.293	2291.802	2305.044	21803	0	199
2024.06.10	12:00:00	2304.994	2308.719	2300.357	2307.300	32209	0	199
2024.06.10	16:00:00	2307.345	2313.761	2306.930	2308.734	19346	0	199
2024.06.10	20:00:00	2308.786	2312.144	2308.477	2309.947	6818	0	199
2024.06.11	00:00:00	2309.929	2311.952	2298.776	2303.733	25333	0	199
2024.06.11	04:00:00	2303.686	2305.434	2297.625	2304.485	18554	0	199
2024.06.11	08:00:00	2304.517	2308.859	2301.518	2307.639	20559	0	199
2024.06.11	12:00:00	2307.607	2319.950	2307.538	2310.126	40559	0	199
2024.06.11	16:00:00	2310.171	2315.725	2305.788	2315.310	19728	0	199
2024.06.11	20:00:00	2315.351	2317.593	2313.854	2315.071	7382	0	199
2024.06.12	00:00:00	2315.056	2316.734	2310.675	2314.025	17556	0	199
2024.06.12	04:00:00	2314.030	2317.775	2311.156	2314.479	15974	0	199
2024.06.12	08:00:00	2314.518	2315.699	2310.770	2312.848	18163	0	199
2024.06.12	12:00:00	2312.864	2341.624	2311.557	2335.542	61626	0	199
2024.06.12	16:00:00	2335.552	2339.544	2315.811	2321.213	50678	0	199
2024.06.12	20:00:00	2321.263	2325.350	2320.097	2320.550	8589	0	199
2024.06.13	00:00:00	2320.569	2322.952	2308.044	2314.248	23642	0	199
2024.06.13	04:00:00	2314.239	2318.544	2308.939	2317.015	18573	0	199
2024.06.13	08:00:00	2317.061	2319.962	2303.910	2307.025	20886	0	199
2024.06.13	12:00:00	2307.073	2326.755	2297.746	2298.992	53850	0	199
2024.06.13	16:00:00	2298.938	2304.888	2295.463	2303.413	23101	0	199
2024.06.13	20:00:00	2303.464	2304.322	2301.720	2302.336	5851	0	199
2024.06.14	00:00:00	2302.383	2308.605	2301.499	2305.462	17600	0	199
2024.06.14	04:00:00	2305.415	2316.736	2303.447	2315.226	20209	0	199
2024.06.14	08:00:00	2315.184	2336.560	2314.724	2332.009	27879	0	199
2024.06.14	12:00:00	2332.047	2335.463	2324.004	2326.087	39216	0	199
2024.06.14	16:00:00	2326.134	2335.567	2325.353	2332.452	19889	0	199
2024.06.14	20:00:00	2332.506	2333.064	2330.916	2332.826	2569	0	199
2024.06.16	20:00:00	2331.087	2331.482	2327.411	2328.874	4381	0	199
2024.06.17	00:00:00	2328.918	2328.948	2321.480	2324.309	19436	0	199
2024.06.17	04:00:00	2324.307	2326.225	2315.446	2316.993	18299	0	199
2024.06.17	08:00:00	2316.962	2322.585	2316.408	2318.185	18191	0	199
2024.06.17	12:00:00	2318.230	2327.611	2309.952	2312.494	30681	0	199
2024.06.17	16:00:00	2312.537	2320.565	2312.537	2320.139	17955	0	199
2024.06.17	20:00:00	2320.184	2321.227	2318.415	2320.645	5713	0	199
2024.06.18	00:00:00	2320.634	2325.619	2319.192	2324.412	16981	0	199
2024.06.18	04:00:00	2324.409	2324.813	2314.945	2315.526	16472	0	199
2024.06.18	08:00:00	2315.505	2315.505	2306.502	2313.311	19336	0	199
2024.06.18	12:00:00	2313.279	2329.758	2311.393	2326.867	42714	0	199
2024.06.18	16:00:00	2326.917	2333.080	2326.442	2329.358	18690	0	199
2024.06.18	20:00:00	2329.351	2330.549	2327.496	2328.255	5735	0	199
2024.06.19	00:00:00	2328.272	2331.758	2326.489	2328.270	14296	0	199
2024.06.19	04:00:00	2328.222	2332.688	2326.816	2331.765	14503	0	199
2024.06.19	08:00:00	2331.812	2334.963	2325.784	2330.411	16512	0	199
2024.06.19	12:00:00	2330.384	2332.921	2323.640	2329.774	20275	0	199
2024.06.19	16:00:00	2329.783	2331.336	2328.874	2329.971	3816	0	199
2024.06.19	20:00:00	2329.947	2330.553	2328.624	2329.342	4022	0	199
2024.06.20	00:00:00	2329.351	2338.980	2327.740	2333.897	18383	0	199
2024.06.20	04:00:00	2333.899	2345.682	2333.720	2338.576	20423	0	199
2024.06.20	08:00:00	2338.528	2341.376	2331.564	2339.243	19068	0	199
2024.06.20	12:00:00	2339.300	2365.500	2335.230	2353.738	43194	0	199
2024.06.20	16:00:00	2353.713	2361.000	2352.799	2358.812	17829	0	199
2024.06.20	20:00:00	2358.856	2361.131	2358.153	2360.747	7706	0	199
2024.06.21	00:00:00	2360.764	2364.870	2357.068	2362.137	17654	0	199
2024.06.21	04:00:00	2362.171	2365.602	2355.088	2362.907	18434	0	199
2024.06.21	08:00:00	2362.939	2368.742	2361.268	2366.217	19523	0	199
2024.06.21	12:00:00	2366.276	2368.077	2323.246	2327.893	52404	0	199
2024.06.21	16:00:00	2327.946	2329.353	2316.655	2322.055	24596	0	199
2024.06.21	20:00:00	2322.107	2322.653	2320.760	2321.503	2873	0	199
2024.06.23	20:00:00	2321.110	2322.193	2317.683	2319.184	5097	0	199
2024.06.24	00:00:00	2319.170	2326.642	2317.866	2325.395	19712	0	199
2024.06.24	04:00:00	2325.405	2331.793	2321.310	2330.707	17257	0	199
2024.06.24	08:00:00	2330.724	2332.767	2320.767	2326.194	20855	0	199
2024.06.24	12:00:00	2326.249	2333.843	2323.285	2327.626	29156	0	199
2024.06.24	16:00:00	2327.581	2334.635	2326.820	2331.681	16996	0	199
2024.06.24	20:00:00	2331.640	2334.388	2330.223	2330.876	5973	0	199
2024.06.25	00:00:00	2330.869	2330.923	2323.128	2324.146	17618	0	199
2024.06.25	04:00:00	2324.188	2330.073	2322.693	2324.788	17775	0	199
2024.06.25	08:00:00	2324.745	2337.086	2322.814	2330.121	21018	0	199
2024.06.25	12:00:00	2330.108	2330.450	2315.566	2324.687	35181	0	199
2024.06.25	16:00:00	2324.746	2324.984	2315.436	2319.776	17913	0	199
2024.06.25	20:00:00	2319.725	2321.428	2317.892	2320.028	7609	0	199
2024.06.26	00:00:00	2319.977	2323.896	2310.564	2317.247	23419	0	199
2024.06.26	04:00:00	2317.289	2318.124	2309.675	2316.075	19080	0	199
2024.06.26	08:00:00	2316.044	2318.428	2304.357	2313.006	22463	0	199
2024.06.26	12:00:00	2312.990	2317.831	2293.524	2299.944	39491	0	199
2024.06.26	16:00:00	2299.919	2302.995	2296.872	2298.629	18427	0	199
2024.06.26	20:00:00	2298.686	2299.207	2296.767	2298.401	6689	0	199
2024.06.27	00:00:00	2298.412	2300.100	2296.766	2298.932	15239	0	199
2024.06.27	04:00:00	2298.935	2303.383	2296.429	2302.260	16417	0	199
2024.06.27	08:00:00	2302.213	2317.891	2301.967	2317.015	20514	0	199
2024.06.27	12:00:00	2316.975	2330.936	2316.052	2327.436	39511	0	199
2024.06.27	16:00:00	2327.401	2328.305	2322.376	2325.951	18622	0	199
2024.06.27	20:00:00	2325.917	2328.533	2325.380	2327.720	5965	0	199
2024.06.28	00:00:00	2327.663	2328.258	2318.988	2321.712	19276	0	199
2024.06.28	04:00:00	2321.786	2328.850	2319.712	2327.146	16132	0	199
2024.06.28	08:00:00	2327.149	2337.149	2326.448	2333.942	19167	0	199
2024.06.28	12:00:00	2333.908	2339.809	2322.811	2328.593	39174	0	199
2024.06.28	16:00:00	2328.640	2332.713	2322.926	2325.004	18656	0	199
2024.06.28	20:00:00	2324.972	2326.814	2322.870	2326.638	3400	0	199
2024.06.30	20:00:00	2322.849	2326.157	2322.838	2324.933	4764	0	199
2024.07.01	00:00:00	2324.952	2328.499	2322.100	2324.746	16517	0	199
2024.07.01	04:00:00	2324.729	2328.974	2318.442	2323.686	18568	0	199
2024.07.01	08:00:00	2323.647	2338.247	2321.816	2338.129	20024	0	199
2024.07.01	12:00:00	2338.161	2338.472	2319.184	2327.713	36245	0	199
2024.07.01	16:00:00	2327.707	2331.871	2326.603	2330.900	17528	0	199
2024.07.01	20:00:00	2330.974	2332.553	2330.862	2332.222	5615	0	199
2024.07.02	00:00:00	2332.216	2334.302	2325.697	2326.033	14729	0	199
2024.07.02	04:00:00	2326.036	2331.777	2323.280	2330.679	16894	0	199
2024.07.02	08:00:00	2330.737	2332.463	2319.922	2320.696	19216	0	199
2024.07.02	12:00:00	2320.727	2336.780	2319.004	2324.711	38738	0	199
2024.07.02	16:00:00	2324.678	2331.298	2320.921	2330.760	16580	0	199
2024.07.02	20:00:00	2330.725	2331.443	2328.607	2330.180	5730	0	199
2024.07.03	00:00:00	2330.177	2332.496	2326.819	2331.648	14493	0	199
2024.07.03	04:00:00	2331.699	2347.201	2331.699	2345.303	19116	0	199
2024.07.03	08:00:00	2345.320	2349.481	2342.123	2345.373	20566	0	199
2024.07.03	12:00:00	2345.394	2364.926	2344.871	2363.040	41926	0	199
2024.07.03	16:00:00	2363.001	2363.146	2353.614	2354.280	17195	0	199
2024.07.03	20:00:00	2354.302	2359.579	2354.222	2358.699	5183	0	199
2024.07.04	00:00:00	2358.721	2362.533	2356.441	2358.103	15026	0	199
2024.07.04	04:00:00	2358.102	2359.587	2350.364	2357.455	15582	0	199
2024.07.04	08:00:00	2357.515	2359.980	2355.443	2358.390	14869	0	199
2024.07.04	12:00:00	2358.466	2361.872	2355.403	2357.392	17964	0	199
2024.07.04	16:00:00	2357.418	2359.098	2356.903	2357.230	3902	0	199
2024.07.04	20:00:00	2357.034	2357.711	2354.214	2356.721	4665	0	199
2024.07.05	00:00:00	2356.753	2363.105	2356.030	2361.713	16014	0	199
2024.07.05	04:00:00	2361.716	2367.446	2361.294	2365.225	16224	0	199
2024.07.05	08:00:00	2365.261	2368.002	2361.770	2365.755	17442	0	199
2024.07.05	12:00:00	2365.736	2388.395	2347.403	2384.639	53703	0	199
2024.07.05	16:00:00	2384.685	2392.929	2383.904	2388.833	21369	0	199
2024.07.05	20:00:00	2388.783	2391.636	2388.193	2391.557	2648	0	199
2024.07.07	20:00:00	2389.586	2390.178	2384.767	2386.117	5353	0	199
2024.07.08	00:00:00	2386.065	2391.085	2380.674	2382.884	19281	0	199
2024.07.08	04:00:00	2382.935	2386.764	2376.592	2377.825	18525	0	199
2024.07.08	08:00:00	2377.824	2378.825	2368.253	2375.284	19457	0	199
2024.07.08	12:00:00	2375.236	2379.517	2350.975	2355.459	38175	0	199
2024.07.08	16:00:00	2355.409	2359.837	2350.993	2359.132	20883	0	199
2024.07.08	20:00:00	2359.174	2362.002	2357.986	2361.710	5655	0	199
2024.07.09	00:00:00	2361.738	2367.949	2360.436	2367.625	17681	0	199
2024.07.09	04:00:00	2367.619	2368.791	2358.255	2358.933	17141	0	199
2024.07.09	08:00:00	2358.980	2365.664	2357.485	2360.579	17644	0	199
2024.07.09	12:00:00	2360.631	2371.573	2349.312	2361.993	43782	0	199
2024.07.09	16:00:00	2361.976	2365.602	2356.505	2363.496	20422	0	199
2024.07.09	20:00:00	2363.538	2366.047	2363.281	2364.966	5331	0	199
2024.07.10	00:00:00	2364.944	2370.256	2363.304	2368.145	16280	0	199
2024.07.10	04:00:00	2368.166	2374.954	2366.536	2372.606	15656	0	199
2024.07.10	08:00:00	2372.569	2378.379	2371.427	2378.344	15745	0	199
2024.07.10	12:00:00	2378.386	2386.696	2373.881	2378.761	30868	0	199
2024.07.10	16:00:00	2378.788	2381.331	2369.859	2371.765	18182	0	199
2024.07.10	20:00:00	2371.761	2372.911	2370.860	2372.852	5256	0	199
2024.07.11	00:00:00	2372.832	2380.254	2371.391	2378.741	15486	0	199
2024.07.11	04:00:00	2378.775	2383.197	2378.456	2379.890	16353	0	199
2024.07.11	08:00:00	2379.924	2384.527	2379.005	2380.792	17331	0	199
2024.07.11	12:00:00	2380.753	2424.538	2378.078	2417.353	74323	0	199
2024.07.11	16:00:00	2417.303	2419.238	2409.993	2414.082	23889	0	199
2024.07.11	20:00:00	2414.133	2416.005	2411.134	2415.857	9647	0	199
2024.07.12	00:00:00	2415.851	2416.250	2406.677	2408.779	19097	0	199
2024.07.12	04:00:00	2408.779	2410.086	2400.292	2404.174	18796	0	199
2024.07.12	08:00:00	2404.100	2408.312	2398.290	2401.714	19025	0	199
2024.07.12	12:00:00	2401.768	2413.710	2391.378	2411.711	45723	0	199
2024.07.12	16:00:00	2411.749	2418.241	2411.699	2412.823	16787	0	199
2024.07.12	20:00:00	2412.771	2412.771	2411.262	2411.399	2301	0	199
2024.07.14	20:00:00	2411.618	2412.238	2405.677	2408.657	6531	0	179
2024.07.15	00:00:00	2408.659	2411.972	2404.881	2411.555	17019	0	179
2024.07.15	04:00:00	2411.596	2413.965	2401.296	2407.881	18762	0	179
2024.07.15	08:00:00	2407.897	2420.332	2406.870	2418.236	20761	0	179
2024.07.15	12:00:00	2418.241	2437.477	2411.510	2433.281	38179	0	162
2024.07.15	16:00:00	2433.263	2439.761	2419.713	2421.091	30804	0	179
2024.07.15	20:00:00	2421.145	2422.726	2420.587	2422.496	6132	0	179
2024.07.16	00:00:00	2422.482	2431.449	2419.914	2428.577	19411	0	179
2024.07.16	04:00:00	2428.581	2439.411	2425.032	2436.950	21245	0	179
2024.07.16	08:00:00	2436.951	2443.418	2433.607	2439.521	23093	0	179
2024.07.16	12:00:00	2439.494	2465.283	2429.334	2463.099	50645	0	179
2024.07.16	16:00:00	2463.101	2468.700	2457.844	2468.483	24114	0	179
2024.07.16	20:00:00	2468.537	2469.967	2466.246	2468.278	9230	0	179
2024.07.17	00:00:00	2468.268	2482.365	2463.910	2471.700	31763	0	179
2024.07.17	04:00:00	2471.677	2474.324	2461.799	2474.104	26608	0	179
2024.07.17	08:00:00	2474.080	2478.877	2466.656	2470.029	28505	0	179
2024.07.17	12:00:00	2470.059	2483.753	2457.991	2463.374	57805	0	179
2024.07.17	16:00:00	2463.422	2465.106	2451.407	2457.986	26836	0	179
2024.07.17	20:00:00	2458.021	2461.832	2457.212	2461.296	8664	0	179
2024.07.18	00:00:00	2461.334	2468.851	2457.290	2468.009	21478	0	179
2024.07.18	04:00:00	2468.000	2474.966	2464.551	2471.930	23362	0	179
2024.07.18	08:00:00	2471.959	2473.694	2461.488	2464.461	23015	0	179
2024.07.18	12:00:00	2464.503	2469.919	2457.522	2461.223	41775	0	179
2024.07.18	16:00:00	2461.322	2462.071	2440.226	2442.916	27595	0	179
2024.07.18	20:00:00	2442.965	2445.563	2441.169	2441.250	7848	0	179
2024.07.19	00:00:00	2441.292	2441.343	2420.436	2428.700	37155	0	179
2024.07.19	04:00:00	2428.697	2429.321	2412.833	2418.127	29655	0	179
2024.07.19	08:00:00	2418.139	2421.641	2408.411	2410.053	26968	0	179
2024.07.19	12:00:00	2410.059	2410.228	2393.727	2405.386	53662	0	179
2024.07.19	16:00:00	2405.445	2406.003	2395.640	2398.712	21924	0	179
2024.07.19	20:00:00	2398.743	2400.550	2397.783	2400.451	3119	0	179
2024.07.21	20:00:00	2403.680	2411.931	2402.487	2411.528	7264	0	179
2024.07.22	00:00:00	2411.496	2412.188	2403.233	2406.732	23044	0	179
2024.07.22	04:00:00	2406.690	2407.325	2398.881	2402.511	25273	0	179
2024.07.22	08:00:00	2402.501	2408.349	2397.953	2398.056	22194	0	179
2024.07.22	12:00:00	2398.043	2400.127	2383.797	2386.312	45367	0	179
2024.07.22	16:00:00	2386.304	2400.060	2386.085	2399.000	19296	0	179
2024.07.22	20:00:00	2398.954	2399.487	2394.705	2395.783	6176	0	179
2024.07.23	00:00:00	2395.750	2403.981	2395.451	2398.357	21575	0	179
2024.07.23	04:00:00	2398.360	2399.643	2388.182	2397.790	24236	0	179
2024.07.23	08:00:00	2397.823	2411.984	2396.303	2407.614	24311	0	179
2024.07.23	12:00:00	2407.578	2409.298	2399.493	2405.479	33816	0	179
2024.07.23	16:00:00	2405.437	2408.974	2402.626	2407.545	18693	0	179
2024.07.23	20:00:00	2407.504	2410.013	2405.308	2408.513	7043	0	179
2024.07.24	00:00:00	2408.558	2418.319	2404.866	2416.406	23587	0	179
2024.07.24	04:00:00	2416.421	2419.206	2411.549	2414.574	22850	0	179
2024.07.24	08:00:00	2414.532	2417.795	2409.780	2417.432	20610	0	179
2024.07.24	12:00:00	2417.469	2431.954	2413.577	2424.757	44199	0	179
2024.07.24	16:00:00	2424.793	2424.924	2398.280	2398.358	27070	0	179
2024.07.24	20:00:00	2398.478	2401.193	2393.060	2398.669	13019	0	179
2024.07.25	00:00:00	2398.720	2399.985	2366.737	2374.727	52166	0	179
2024.07.25	04:00:00	2374.711	2378.706	2365.752	2374.020	30323	0	179
2024.07.25	08:00:00	2374.073	2382.529	2367.992	2368.560	29456	0	179
2024.07.25	12:00:00	2368.562	2377.310	2357.919	2363.151	66757	0	179
2024.07.25	16:00:00	2363.123	2365.522	2353.081	2362.579	30855	0	179
2024.07.25	20:00:00	2362.608	2365.455	2359.358	2363.801	10222	0	179
2024.07.26	00:00:00	2363.849	2379.403	2355.842	2371.779	28383	0	179
2024.07.26	04:00:00	2371.821	2375.252	2365.214	2371.462	23624	0	179
2024.07.26	08:00:00	2371.503	2375.803	2369.286	2373.278	20560	0	179
2024.07.26	12:00:00	2373.274	2390.799	2371.028	2385.132	45107	0	179
2024.07.26	16:00:00	2385.164	2390.369	2381.125	2386.272	20580	0	179
2024.07.26	20:00:00	2386.312	2388.853	2385.430	2387.114	3257	0	180
2024.07.28	20:00:00	2387.944	2403.181	2387.853	2397.091	11163	0	179
2024.07.29	00:00:00	2397.055	2402.488	2388.599	2394.526	27396	0	179
2024.07.29	04:00:00	2394.505	2396.263	2389.490	2391.569	23060	0	179
2024.07.29	08:00:00	2391.558	2395.368	2386.809	2387.729	22971	0	179
2024.07.29	12:00:00	2387.740	2396.786	2369.495	2376.796	43877	0	179
2024.07.29	16:00:00	2376.832	2385.490	2374.461	2383.092	22659	0	179
2024.07.29	20:00:00	2383.048	2384.948	2380.885	2381.143	6869	0	179
2024.07.30	00:00:00	2381.186	2385.963	2376.471	2385.741	23524	0	179
2024.07.30	04:00:00	2385.730	2391.971	2385.644	2390.225	22041	0	179
2024.07.30	08:00:00	2390.264	2392.440	2386.872	2387.115	19560	0	179
2024.07.30	12:00:00	2387.109	2397.798	2383.320	2385.260	43013	0	179
2024.07.30	16:00:00	2385.303	2411.070	2384.953	2407.008	30665	0	179
2024.07.30	20:00:00	2406.975	2412.878	2406.947	2409.807	10825	0	179
2024.07.31	00:00:00	2409.810	2419.165	2403.877	2416.442	29733	0	179
2024.07.31	04:00:00	2416.473	2425.510	2414.427	2417.175	26876	0	179
2024.07.31	08:00:00	2417.137	2423.239	2415.436	2419.576	22582	0	179
2024.07.31	12:00:00	2419.629	2428.991	2417.270	2423.098	41758	0	179
2024.07.31	16:00:00	2423.139	2450.827	2421.537	2449.804	41825	0	179
2024.07.31	20:00:00	2449.758	2450.951	2444.084	2445.743	11733	0	179
2024.08.01	00:00:00	2445.725	2458.350	2437.256	2442.777	37341	0	179
2024.08.01	04:00:00	2442.769	2448.819	2439.871	2440.325	27267	0	179
2024.08.01	08:00:00	2440.282	2442.888	2430.120	2440.725	28570	0	179
2024.08.01	12:00:00	2440.773	2462.302	2440.271	2445.107	64857	0	179
2024.08.01	16:00:00	2445.208	2448.761	2434.884	2443.053	33968	0	179
2024.08.01	20:00:00	2443.021	2447.553	2441.715	2445.844	12193	0	179
2024.08.02	00:00:00	2445.886	2459.412	2434.872	2454.432	38970	0	179
2024.08.02	04:00:00	2454.422	2468.480	2454.191	2461.538	30256	0	179
2024.08.02	08:00:00	2461.586	2465.371	2457.531	2459.259	25741	0	179
2024.08.02	12:00:00	2459.216	2477.704	2410.794	2433.120	123063	0	179
2024.08.02	16:00:00	2433.068	2439.293	2422.959	2437.618	42600	0	179
2024.08.02	20:00:00	2437.645	2442.477	2435.539	2441.892	4851	0	179
2024.08.04	20:00:00	2441.020	2446.317	2437.915	2440.952	13269	0	179
2024.08.05	00:00:00	2440.984	2452.510	2413.695	2450.956	69630	0	179
2024.08.05	04:00:00	2451.022	2458.836	2422.064	2431.980	64792	0	179
2024.08.05	08:00:00	2432.021	2434.402	2383.239	2386.736	60590	0	179
2024.08.05	12:00:00	2386.772	2412.236	2364.234	2402.831	114504	0	179
2024.08.05	16:00:00	2402.782	2413.060	2398.986	2407.676	38274	0	179
2024.08.05	20:00:00	2407.658	2412.562	2404.340	2404.837	13916	0	179
2024.08.06	00:00:00	2404.865	2418.371	2404.515	2409.017	39085	0	179
2024.08.06	04:00:00	2409.013	2412.647	2394.780	2409.835	45431	0	179
2024.08.06	08:00:00	2409.935	2416.344	2408.073	2410.955	31514	0	179
2024.08.06	12:00:00	2410.996	2412.258	2381.404	2387.536	75928	0	179
2024.08.06	16:00:00	2387.571	2396.014	2385.548	2387.732	30075	0	179
2024.08.06	20:00:00	2387.759	2390.487	2382.754	2383.788	11492	0	179
2024.08.07	00:00:00	2383.723	2388.440	2378.931	2385.948	42090	0	179
2024.08.07	04:00:00	2385.985	2397.582	2385.687	2389.310	30722	0	179
2024.08.07	08:00:00	2389.353	2402.392	2388.220	2401.154	25486	0	179
2024.08.07	12:00:00	2401.148	2407.059	2391.932	2394.524	43591	0	179
2024.08.07	16:00:00	2394.450	2399.748	2383.782	2385.719	28522	0	179
2024.08.07	20:00:00	2385.670	2387.382	2380.884	2384.791	11763	0	179
2024.08.08	00:00:00	2384.835	2394.729	2383.283	2394.350	29574	0	179
2024.08.08	04:00:00	2394.316	2400.676	2392.407	2396.736	27771	0	179
2024.08.08	08:00:00	2396.786	2413.632	2392.838	2412.192	27851	0	179
2024.08.08	12:00:00	2412.152	2424.365	2402.295	2418.686	61053	0	179
2024.08.08	16:00:00	2418.645	2426.361	2415.725	2423.533	25166	0	179
2024.08.08	20:00:00	2423.550	2427.818	2422.829	2424.595	10042	0	179
2024.08.09	00:00:00	2424.519	2429.000	2419.222	2421.089	25648	0	179
2024.08.09	04:00:00	2421.046	2427.054	2416.829	2423.128	23891	0	179
2024.08.09	08:00:00	2423.183	2432.640	2422.205	2426.761	23784	0	179
2024.08.09	12:00:00	2426.734	2435.981	2420.955	2431.470	46350	0	179
2024.08.09	16:00:00	2431.514	2437.055	2427.157	2429.079	22258	0	179
2024.08.09	20:00:00	2429.118	2431.172	2429.118	2430.805	3046	0	179
2024.08.11	20:00:00	2428.332	2433.240	2427.262	2427.927	6495	0	179
2024.08.12	00:00:00	2427.928	2430.315	2423.825	2428.572	18526	0	179
2024.08.12	04:00:00	2428.529	2442.891	2428.192	2441.573	20544	0	179
2024.08.12	08:00:00	2441.614	2445.058	2439.576	2441.498	21631	0	179
2024.08.12	12:00:00	2441.506	2460.686	2441.409	2459.780	41889	0	169
2024.08.12	16:00:00	2459.771	2472.194	2458.930	2470.473	23249	0	169
2024.08.12	20:00:00	2470.446	2476.033	2470.151	2475.536	8860	0	169
2024.08.13	00:00:00	2475.580	2476.963	2460.827	2463.444	27092	0	169
2024.08.13	04:00:00	2463.513	2466.176	2458.493	2464.260	22174	0	169
2024.08.13	08:00:00	2464.302	2466.607	2458.834	2465.768	21469	0	169
2024.08.13	12:00:00	2465.797	2475.678	2458.866	2468.627	43807	0	169
2024.08.13	16:00:00	2468.600	2471.086	2462.235	2466.912	20961	0	169
2024.08.13	20:00:00	2466.922	2467.840	2462.942	2464.060	8137	0	169
2024.08.14	00:00:00	2464.104	2472.490	2455.271	2460.792	29955	0	169
2024.08.14	04:00:00	2460.815	2471.903	2459.259	2470.850	23574	0	169
2024.08.14	08:00:00	2470.822	2478.789	2468.677	2474.696	24991	0	169
2024.08.14	12:00:00	2474.735	2480.064	2442.008	2444.024	83206	0	169
2024.08.14	16:00:00	2443.972	2448.449	2437.995	2447.200	26553	0	169
2024.08.14	20:00:00	2447.130	2449.483	2446.433	2449.408	7638	0	169
2024.08.15	00:00:00	2449.396	2454.336	2448.211	2453.681	25029	0	169
2024.08.15	04:00:00	2453.709	2458.774	2450.280	2455.710	23683	0	169
2024.08.15	08:00:00	2455.701	2464.147	2453.532	2463.533	21914	0	169
2024.08.15	12:00:00	2463.581	2470.095	2432.094	2458.339	87839	0	169
2024.08.15	16:00:00	2458.394	2461.631	2453.400	2455.566	23415	0	169
2024.08.15	20:00:00	2455.520	2458.259	2454.397	2457.298	7787	0	169
2024.08.16	00:00:00	2457.309	2460.057	2450.700	2452.465	21164	0	169
2024.08.16	04:00:00	2452.420	2464.509	2451.070	2461.983	20368	0	169
2024.08.16	08:00:00	2462.052	2472.314	2459.109	2472.113	22998	0	169
2024.08.16	12:00:00	2472.074	2500.520	2471.251	2491.691	64361	0	169
2024.08.16	16:00:00	2491.731	2508.998	2491.651	2507.862	26108	0	169
2024.08.16	20:00:00	2507.916	2509.783	2505.539	2507.820	4248	0	169
2024.08.18	20:00:00	2506.461	2506.778	2502.271	2506.414	7373	0	179
2024.08.19	00:00:00	2506.420	2506.771	2494.933	2503.220	31708	0	179
2024.08.19	04:00:00	2503.201	2505.183	2498.768	2502.992	24459	0	179
2024.08.19	08:00:00	2502.945	2507.181	2486.483	2494.391	24543	0	179
2024.08.19	12:00:00	2494.415	2505.947	2485.614	2503.934	41630	0	179
2024.08.19	16:00:00	2503.898	2507.482	2500.634	2505.437	20477	0	179
2024.08.19	20:00:00	2505.502	2505.637	2502.044	2503.544	6382	0	179
2024.08.20	00:00:00	2503.554	2508.289	2498.632	2501.778	22158	0	179
2024.08.20	04:00:00	2501.789	2515.223	2497.283	2514.878	22084	0	179
2024.08.20	08:00:00	2514.905	2527.171	2514.293	2526.224	29226	0	179
2024.08.20	12:00:00	2526.267	2531.668	2505.759	2508.518	56703	0	179
2024.08.20	16:00:00	2508.549	2515.521	2500.829	2514.951	25984	0	179
2024.08.20	20:00:00	2514.994	2516.937	2512.724	2512.964	7082	0	179
2024.08.21	00:00:00	2512.976	2519.942	2510.776	2517.386	22783	0	179
2024.08.21	04:00:00	2517.433	2519.617	2508.059	2509.751	22351	0	179
2024.08.21	08:00:00	2509.723	2513.321	2504.418	2511.823	21833	0	179
2024.08.21	12:00:00	2511.781	2513.733	2493.644	2508.410	57846	0	179
2024.08.21	16:00:00	2508.369	2519.167	2503.051	2511.559	25185	0	179
2024.08.21	20:00:00	2511.513	2514.424	2509.759	2512.783	7336	0	179
2024.08.22	00:00:00	2512.732	2514.701	2499.852	2502.329	23446	0	179
2024.08.22	04:00:00	2502.344	2510.597	2499.184	2507.102	23545	0	179
2024.08.22	08:00:00	2507.104	2509.122	2498.061	2499.444	23910	0	179
2024.08.22	12:00:00	2499.502	2504.181	2470.801	2481.794	58533	0	179
2024.08.22	16:00:00	2481.842	2485.950	2478.491	2482.983	23843	0	179
2024.08.22	20:00:00	2483.021	2487.582	2482.373	2487.564	6697	0	180
2024.08.23	00:00:00	2487.574	2493.753	2486.469	2493.170	22979	0	179
2024.08.23	04:00:00	2493.153	2495.754	2490.540	2493.384	20398	0	179
2024.08.23	08:00:00	2493.338	2502.502	2492.991	2501.571	21266	0	179
2024.08.23	12:00:00	2501.557	2518.350	2494.453	2509.845	63322	0	179
2024.08.23	16:00:00	2509.884	2513.242	2501.706	2510.772	26798	0	179
2024.08.23	20:00:00	2510.745	2512.460	2509.532	2512.357	3097	0	179
2024.08.25	20:00:00	2512.067	2516.683	2511.068	2515.917	7415	0	159
2024.08.26	00:00:00	2515.903	2517.001	2509.330	2509.769	23813	0	159
2024.08.26	04:00:00	2509.739	2521.820	2508.646	2521.408	23382	0	159
2024.08.26	08:00:00	2521.412	2526.906	2520.702	2526.533	24232	0	159
2024.08.26	12:00:00	2526.467	2527.009	2510.578	2515.782	47547	0	159
2024.08.26	16:00:00	2515.787	2523.391	2513.518	2518.169	21735	0	159
2024.08.26	20:00:00	2518.206	2519.095	2515.406	2515.511	5986	0	159
2024.08.27	00:00:00	2515.512	2516.709	2505.816	2508.973	22336	0	159
2024.08.27	04:00:00	2509.008	2517.561	2504.575	2504.988	26075	0	159
2024.08.27	08:00:00	2504.885	2513.745	2503.456	2511.479	26398	0	159
2024.08.27	12:00:00	2511.444	2520.380	2503.436	2512.134	48508	0	159
2024.08.27	16:00:00	2512.107	2525.938	2509.830	2525.097	23153	0	159
2024.08.27	20:00:00	2525.062	2529.043	2523.780	2525.269	8417	0	159
2024.08.28	00:00:00	2525.223	2525.813	2513.168	2515.861	21493	0	159
2024.08.28	04:00:00	2515.824	2516.160	2503.219	2509.984	21803	0	159
2024.08.28	08:00:00	2509.942	2511.432	2500.690	2501.485	23934	0	159
2024.08.28	12:00:00	2501.445	2510.689	2493.498	2506.141	46293	0	159
2024.08.28	16:00:00	2506.182	2509.591	2496.364	2507.607	24076	0	159
2024.08.28	20:00:00	2507.643	2508.703	2502.760	2508.110	9898	0	159
2024.08.29	00:00:00	2508.080	2516.771	2507.977	2516.543	21228	0	159
2024.08.29	04:00:00	2516.591	2521.164	2513.806	2519.091	21931	0	159
2024.08.29	08:00:00	2519.125	2524.446	2515.043	2519.883	26137	0	159
2024.08.29	12:00:00	2519.874	2525.696	2503.558	2522.535	54558	0	159
2024.08.29	16:00:00	2522.507	2528.669	2517.418	2521.178	24609	0	159
2024.08.29	20:00:00	2521.216	2522.313	2518.894	2519.613	6693	0	159
2024.08.30	00:00:00	2519.600	2520.053	2512.292	2513.557	21044	0	159
2024.08.30	04:00:00	2513.533	2524.103	2512.140	2519.369	25286	0	159
2024.08.30	08:00:00	2519.356	2526.914	2514.987	2519.523	23783	0	159
2024.08.30	12:00:00	2519.485	2524.760	2500.233	2502.501	63695	0	159
2024.08.30	16:00:00	2502.465	2506.045	2494.086	2502.343	30945	0	159
2024.08.30	20:00:00	2502.304	2503.578	2501.838	2503.342	3429	0	159
2024.09.01	20:00:00	2502.485	2504.760	2501.942	2502.980	5448	0	159
2024.09.02	00:00:00	2502.983	2504.980	2489.977	2496.228	25627	0	159
2024.09.02	04:00:00	2496.208	2501.457	2495.191	2498.157	21574	0	159
2024.09.02	08:00:00	2498.209	2507.310	2497.082	2499.814	22661	0	159
2024.09.02	12:00:00	2499.774	2503.231	2497.672	2501.485	22585	0	159
2024.09.02	16:00:00	2501.490	2501.902	2498.581	2500.085	4070	0	159
2024.09.02	20:00:00	2499.525	2499.708	2496.490	2497.242	3832	0	160
2024.09.03	00:00:00	2497.247	2497.701	2489.660	2494.717	24470	0	159
2024.09.03	04:00:00	2494.789	2502.051	2492.728	2500.843	23132	0	159
2024.09.03	08:00:00	2500.809	2506.247	2484.618	2489.698	31489	0	159
2024.09.03	12:00:00	2489.690	2502.276	2473.282	2488.353	80886	0	159
2024.09.03	16:00:00	2488.330	2494.398	2483.879	2492.015	22590	0	159
2024.09.03	20:00:00	2491.965	2494.764	2491.318	2493.223	7757	0	159
2024.09.04	00:00:00	2493.200	2496.950	2491.293	2495.016	20659	0	159
2024.09.04	04:00:00	2495.058	2496.797	2481.921	2482.177	24347	0	159
2024.09.04	08:00:00	2482.172	2491.252	2471.826	2489.177	33196	0	159
2024.09.04	12:00:00	2489.140	2500.266	2482.056	2493.984	59843	0	159
2024.09.04	16:00:00	2493.958	2498.023	2491.432	2493.424	20662	0	159
2024.09.04	20:00:00	2493.381	2496.951	2492.832	2495.829	7108	0	159
2024.09.05	00:00:00	2495.827	2499.335	2494.463	2494.868	19008	0	159
2024.09.05	04:00:00	2494.835	2507.623	2493.759	2506.370	22995	0	159
2024.09.05	08:00:00	2506.408	2518.375	2505.915	2515.199	29366	0	159
2024.09.05	12:00:00	2515.228	2523.574	2503.797	2507.154	68395	0	159
2024.09.05	16:00:00	2507.179	2516.854	2506.074	2514.814	22235	0	159
2024.09.05	20:00:00	2514.857	2518.011	2514.802	2517.282	6584	0	159
2024.09.06	00:00:00	2517.277	2518.474	2513.047	2518.221	18787	0	159
2024.09.06	04:00:00	2518.257	2521.841	2516.278	2516.553	21452	0	159
2024.09.06	08:00:00	2516.516	2520.364	2514.669	2516.263	20925	0	159
2024.09.06	12:00:00	2516.302	2529.232	2500.403	2505.384	115927	0	159
2024.09.06	16:00:00	2505.360	2505.882	2485.064	2495.978	54116	0	159
2024.09.06	20:00:00	2495.939	2497.827	2494.738	2497.555	3872	0	159
2024.09.08	20:00:00	2497.038	2498.276	2495.507	2496.869	6151	0	159
2024.09.09	00:00:00	2496.871	2500.540	2494.711	2499.286	25641	0	159
2024.09.09	04:00:00	2499.250	2499.541	2485.503	2494.286	33568	0	159
2024.09.09	08:00:00	2494.311	2499.137	2489.940	2497.242	27711	0	159
2024.09.09	12:00:00	2497.287	2505.292	2493.231	2499.081	44383	0	159
2024.09.09	16:00:00	2499.107	2506.577	2499.107	2505.960	22605	0	159
2024.09.09	20:00:00	2505.921	2507.701	2505.221	2506.813	7031	0	159
2024.09.10	00:00:00	2506.815	2507.461	2501.370	2502.532	20845	0	159
2024.09.10	04:00:00	2502.500	2507.773	2500.736	2502.792	21452	0	159
2024.09.10	08:00:00	2502.749	2509.695	2500.052	2504.607	25357	0	159
2024.09.10	12:00:00	2504.575	2518.418	2500.854	2512.597	51627	0	159
2024.09.10	16:00:00	2512.770	2517.515	2510.693	2517.243	23233	0	159
2024.09.10	20:00:00	2517.211	2518.849	2515.750	2518.678	6470	0	159
2024.09.11	00:00:00	2518.638	2522.577	2514.940	2519.406	25490	0	159
2024.09.11	04:00:00	2519.426	2529.086	2518.519	2521.471	26760	0	159
2024.09.11	08:00:00	2521.437	2527.212	2519.760	2522.267	24357	0	159
2024.09.11	12:00:00	2522.227	2523.884	2500.844	2514.743	83228	0	159
2024.09.11	16:00:00	2514.712	2520.033	2509.781	2512.930	26824	0	159
2024.09.11	20:00:00	2512.904	2513.892	2511.270	2511.893	6768	0	159
2024.09.12	00:00:00	2511.901	2516.156	2510.973	2515.844	19225	0	159
2024.09.12	04:00:00	2515.880	2522.260	2514.445	2515.943	20559	0	159
2024.09.12	08:00:00	2515.906	2521.014	2512.961	2519.444	24076	0	159
2024.09.12	12:00:00	2519.485	2555.229	2518.862	2553.315	86210	0	159
2024.09.12	16:00:00	2553.279	2559.088	2544.868	2557.905	33517	0	159
2024.09.12	20:00:00	2557.870	2560.091	2556.739	2558.422	9495	0	159
2024.09.13	00:00:00	2558.419	2570.093	2556.780	2567.853	29572	0	159
2024.09.13	04:00:00	2567.922	2571.135	2563.068	2569.844	28690	0	159
2024.09.13	08:00:00	2569.840	2573.019	2563.654	2567.288	28543	0	159
2024.09.13	12:00:00	2567.323	2583.480	2566.033	2582.140	56645	0	159
2024.09.13	16:00:00	2582.175	2586.120	2578.590	2582.646	26091	0	159
2024.09.13	20:00:00	2582.612	2582.912	2577.704	2579.067	3420	0	159
2024.09.15	20:00:00	2578.456	2580.454	2577.582	2579.163	7257	0	159
2024.09.16	00:00:00	2579.170	2589.027	2578.887	2586.294	17150	0	159
2024.09.16	04:00:00	2586.335	2589.651	2579.452	2582.142	23114	0	159
2024.09.16	08:00:00	2582.122	2588.526	2575.285	2582.999	27346	0	159
2024.09.16	12:00:00	2582.966	2589.298	2576.057	2579.847	46609	0	159
2024.09.16	16:00:00	2579.881	2584.172	2579.524	2582.491	18867	0	159
2024.09.16	20:00:00	2582.557	2583.855	2581.809	2583.659	6361	0	159
2024.09.17	00:00:00	2583.683	2586.338	2576.771	2577.184	18556	0	159
2024.09.17	04:00:00	2577.178	2586.956	2574.530	2583.800	21590	0	159
2024.09.17	08:00:00	2583.761	2584.151	2569.679	2579.824	30580	0	159
2024.09.17	12:00:00	2579.834	2582.252	2561.715	2565.668	59180	0	159
2024.09.17	16:00:00	2565.692	2571.643	2560.661	2568.615	27629	0	159
2024.09.17	20:00:00	2568.640	2574.367	2568.287	2574.050	7348	0	159
2024.09.18	00:00:00	2574.019	2576.474	2570.016	2575.899	26182	0	159
2024.09.18	04:00:00	2575.923	2576.511	2565.681	2571.566	23030	0	159
2024.09.18	08:00:00	2571.643	2580.740	2567.962	2577.407	23521	0	159
2024.09.18	12:00:00	2577.454	2578.907	2567.965	2569.701	38403	0	159
2024.09.18	16:00:00	2569.731	2600.138	2546.828	2549.026	124418	0	159
2024.09.18	20:00:00	2548.981	2561.596	2548.301	2559.239	18597	0	159
2024.09.19	00:00:00	2559.239	2566.702	2550.894	2563.959	35526	0	159
2024.09.19	04:00:00	2564.002	2584.633	2559.564	2584.344	35048	0	159
2024.09.19	08:00:00	2584.361	2594.963	2581.336	2589.435	35281	0	159
2024.09.19	12:00:00	2589.399	2591.203	2569.753	2589.022	71083	0	159
2024.09.19	16:00:00	2589.062	2592.612	2585.927	2588.309	24412	0	159
2024.09.19	20:00:00	2588.355	2589.803	2585.876	2587.282	7653	0	159
2024.09.20	00:00:00	2587.254	2593.705	2584.714	2591.389	23776	0	159
2024.09.20	04:00:00	2591.397	2609.797	2591.258	2607.183	28193	0	159
2024.09.20	08:00:00	2607.158	2615.500	2602.435	2613.736	29452	0	159
2024.09.20	12:00:00	2613.697	2623.041	2602.515	2622.744	68628	0	159
2024.09.20	16:00:00	2622.762	2625.754	2617.834	2621.087	31785	0	159
2024.09.20	20:00:00	2621.129	2622.509	2619.100	2622.098	3387	0	159
2024.09.22	20:00:00	2620.944	2622.119	2619.630	2620.234	5589	0	160
2024.09.23	00:00:00	2620.202	2631.128	2616.016	2628.553	24230	0	159
2024.09.23	04:00:00	2628.558	2631.395	2613.799	2615.150	30293	0	159
2024.09.23	08:00:00	2615.113	2625.786	2614.564	2624.063	27327	0	159
2024.09.23	12:00:00	2624.056	2634.881	2620.018	2629.242	49960	0	159
2024.09.23	16:00:00	2629.201	2630.921	2625.665	2626.240	23790	0	159
2024.09.23	20:00:00	2626.283	2628.501	2625.814	2626.300	6389	0	159
2024.09.24	00:00:00	2626.295	2636.156	2623.720	2634.099	26496	0	159
2024.09.24	04:00:00	2634.090	2640.092	2622.524	2628.996	38911	0	159
2024.09.24	08:00:00	2629.005	2636.312	2623.339	2626.367	30083	0	159
2024.09.24	12:00:00	2626.411	2648.504	2623.463	2643.143	60532	0	159
2024.09.24	16:00:00	2643.153	2664.366	2642.350	2662.622	34485	0	159
2024.09.24	20:00:00	2662.588	2663.747	2656.417	2658.204	10839	0	159
2024.09.25	00:00:00	2658.163	2670.629	2655.427	2661.439	35901	0	159
2024.09.25	04:00:00	2661.485	2661.717	2651.322	2657.019	31504	0	159
2024.09.25	08:00:00	2657.025	2658.601	2652.726	2657.431	26645	0	159
2024.09.25	12:00:00	2657.380	2667.448	2654.155	2657.678	57690	0	159
2024.09.25	16:00:00	2657.652	2663.062	2649.566	2659.754	27533	0	159
2024.09.25	20:00:00	2659.802	2660.298	2656.203	2656.240	9002	0	159
2024.09.26	00:00:00	2656.359	2662.537	2655.281	2662.516	24560	0	159
2024.09.26	04:00:00	2662.545	2666.924	2657.930	2664.684	26485	0	159
2024.09.26	08:00:00	2664.650	2685.611	2664.603	2682.764	36299	0	159
2024.09.26	12:00:00	2682.797	2684.253	2654.717	2671.348	96435	0	159
2024.09.26	16:00:00	2671.396	2677.938	2662.946	2673.675	32686	0	159
2024.09.26	20:00:00	2673.715	2674.077	2670.830	2672.601	7405	0	159
2024.09.27	00:00:00	2672.610	2673.976	2666.190	2673.629	27855	0	159
2024.09.27	04:00:00	2673.649	2673.944	2660.890	2664.748	35688	0	159
2024.09.27	08:00:00	2664.701	2669.177	2658.284	2666.159	29569	0	159
2024.09.27	12:00:00	2666.125	2674.269	2644.705	2649.798	77141	0	159
2024.09.27	16:00:00	2649.751	2656.324	2642.994	2652.079	34799	0	159
2024.09.27	20:00:00	2652.036	2659.974	2651.126	2657.983	4318	0	159
2024.09.29	20:00:00	2661.714	2665.106	2659.762	2663.543	9820	0	159
2024.09.30	00:00:00	2663.580	2666.069	2647.264	2653.617	37876	0	159
2024.09.30	04:00:00	2653.573	2660.619	2650.630	2650.987	27568	0	159
2024.09.30	08:00:00	2650.950	2656.598	2634.410	2641.542	33572	0	159
2024.09.30	12:00:00	2641.523	2644.175	2628.658	2633.868	57983	0	159
2024.09.30	16:00:00	2633.874	2641.893	2624.679	2630.922	37884	0	159
2024.09.30	20:00:00	2630.963	2636.262	2630.713	2635.634	7916	0	159
2024.10.01	00:00:00	2635.660	2640.008	2633.911	2637.922	17653	0	159
2024.10.01	04:00:00	2637.955	2647.458	2637.406	2645.559	24216	0	159
2024.10.01	08:00:00	2645.593	2652.082	2642.437	2650.229	25513	0	159
2024.10.01	12:00:00	2650.269	2671.883	2648.010	2663.338	82073	0	159
2024.10.01	16:00:00	2663.303	2673.222	2657.549	2658.691	44734	0	159
2024.10.01	20:00:00	2658.730	2663.977	2657.837	2660.361	8012	0	159
2024.10.02	00:00:00	2660.390	2662.017	2655.079	2655.376	21192	0	159
2024.10.02	04:00:00	2655.351	2656.550	2644.495	2655.423	29656	0	159
2024.10.02	08:00:00	2655.482	2655.871	2647.941	2649.577	25837	0	159
2024.10.02	12:00:00	2649.619	2663.387	2641.038	2649.890	61682	0	159
2024.10.02	16:00:00	2649.918	2658.986	2647.113	2658.640	24076	0	159
2024.10.02	20:00:00	2658.622	2661.236	2658.265	2660.328	8377	0	159
2024.10.03	00:00:00	2660.299	2662.968	2653.273	2656.001	21739	0	159
2024.10.03	04:00:00	2655.966	2657.491	2643.491	2645.187	27244	0	159
2024.10.03	08:00:00	2645.209	2649.060	2640.958	2648.018	29286	0	159
2024.10.03	12:00:00	2647.984	2654.625	2637.964	2648.798	70613	0	159
2024.10.03	16:00:00	2648.842	2662.161	2648.490	2657.974	28554	0	159
2024.10.03	20:00:00	2658.009	2658.009	2654.319	2655.804	6951	0	159
2024.10.04	00:00:00	2655.800	2663.591	2655.452	2661.137	18850	0	159
2024.10.04	04:00:00	2661.128	2667.864	2658.703	2661.080	22722	0	159
2024.10.04	08:00:00	2661.050	2662.558	2656.783	2661.342	21840	0	159
2024.10.04	12:00:00	2661.319	2670.167	2632.031	2653.201	102606	0	159
2024.10.04	16:00:00	2653.227	2653.849	2641.813	2651.624	34314	0	159
2024.10.04	20:00:00	2651.657	2653.995	2649.836	2653.519	3385	0	159
2024.10.06	20:00:00	2651.575	2652.397	2649.675	2650.158	6824	0	159
2024.10.07	00:00:00	2650.103	2651.918	2643.788	2647.421	23527	0	159
2024.10.07	04:00:00	2647.399	2652.832	2639.587	2651.974	25453	0	159
2024.10.07	08:00:00	2652.016	2659.613	2650.597	2656.913	28133	0	159
2024.10.07	12:00:00	2656.949	2659.206	2637.728	2645.728	62681	0	159
2024.10.07	16:00:00	2645.687	2648.736	2639.686	2643.260	23844	0	159
2024.10.07	20:00:00	2643.224	2649.156	2641.761	2642.944	10067	0	159
2024.10.08	00:00:00	2642.962	2648.317	2633.723	2642.990	45136	0	159
2024.10.08	04:00:00	2642.922	2646.429	2631.076	2633.951	34011	0	159
2024.10.08	08:00:00	2633.967	2651.897	2628.487	2650.745	34333	0	159
2024.10.08	12:00:00	2650.739	2653.012	2604.686	2612.958	84571	0	159
2024.10.08	16:00:00	2613.025	2623.574	2605.443	2622.898	34629	0	159
2024.10.08	20:00:00	2622.930	2623.813	2618.811	2621.868	9280	0	159
2024.10.09	00:00:00	2621.868	2624.259	2614.848	2617.072	29191	0	159
2024.10.09	04:00:00	2617.035	2624.321	2609.139	2611.628	29894	0	159
2024.10.09	08:00:00	2611.669	2622.436	2610.405	2619.022	26556	0	159
2024.10.09	12:00:00	2619.061	2622.458	2605.189	2614.820	56761	0	159
2024.10.09	16:00:00	2614.861	2615.874	2605.116	2609.087	25557	0	159
2024.10.09	20:00:00	2609.138	2609.477	2606.882	2608.476	7200	0	159
2024.10.10	00:00:00	2608.438	2616.900	2605.904	2611.762	27955	0	159
2024.10.10	04:00:00	2611.724	2617.130	2610.202	2616.657	24404	0	159
2024.10.10	08:00:00	2616.695	2618.912	2611.280	2612.980	23218	0	159
2024.10.10	12:00:00	2613.013	2629.782	2602.260	2623.592	81072	0	159
2024.10.10	16:00:00	2623.619	2631.371	2616.442	2629.160	31357	0	159
2024.10.10	20:00:00	2629.135	2636.019	2628.071	2633.149	10128	0	159
2024.10.11	00:00:00	2633.161	2646.059	2631.952	2645.483	29070	0	159
2024.10.11	04:00:00	2645.510	2647.209	2638.037	2645.355	23563	0	159
2024.10.11	08:00:00	2645.317	2646.240	2636.126	2644.635	22408	0	159
2024.10.11	12:00:00	2644.599	2659.318	2640.610	2658.776	51273	0	159
2024.10.11	16:00:00	2658.784	2661.462	2655.240	2656.122	22447	0	159
2024.10.11	20:00:00	2656.160	2657.207	2654.668	2656.864	2826	0	160
2024.10.13	20:00:00	2650.086	2652.472	2646.866	2648.091	9810	0	159
2024.10.14	00:00:00	2648.131	2657.455	2643.075	2655.553	30700	0	159
2024.10.14	04:00:00	2655.553	2666.838	2655.194	2660.395	25998	0	159
2024.10.14	08:00:00	2660.396	2662.995	2650.987	2652.184	24392	0	159
2024.10.14	12:00:00	2652.174	2661.162	2643.940	2646.733	48400	0	159
2024.10.14	16:00:00	2646.795	2652.575	2645.745	2652.395	18337	0	159
2024.10.14	20:00:00	2652.437	2653.323	2646.075	2649.357	8163	0	159
2024.10.15	00:00:00	2649.419	2652.776	2644.449	2645.705	24253	0	159
2024.10.15	04:00:00	2645.743	2653.947	2637.975	2650.758	30721	0	159
2024.10.15	08:00:00	2650.740	2656.811	2645.604	2647.729	27029	0	159
2024.10.15	12:00:00	2647.726	2665.187	2646.047	2664.637	59476	0	159
2024.10.15	16:00:00	2664.673	2668.930	2658.959	2661.602	25839	0	159
2024.10.15	20:00:00	2661.640	2663.110	2660.269	2660.500	7148	0	159
2024.10.16	00:00:00	2660.498	2670.180	2658.722	2667.156	28457	0	159
2024.10.16	04:00:00	2667.120	2677.704	2665.545	2676.115	30660	0	159
2024.10.16	08:00:00	2676.113	2682.731	2672.923	2678.347	28122	0	159
2024.10.16	12:00:00	2678.312	2685.394	2667.541	2669.985	59720	0	159
2024.10.16	16:00:00	2669.943	2676.704	2666.649	2674.690	22534	0	159
2024.10.16	20:00:00	2674.735	2674.996	2673.078	2674.087	5936	0	159
2024.10.17	00:00:00	2674.122	2684.943	2674.069	2676.610	30714	0	159
2024.10.17	04:00:00	2676.663	2685.756	2676.396	2681.953	31909	0	159
2024.10.17	08:00:00	2681.981	2688.858	2676.949	2681.298	26157	0	159
2024.10.17	12:00:00	2681.258	2696.788	2673.155	2693.296	71035	0	159
2024.10.17	16:00:00	2693.365	2694.202	2683.959	2691.954	25857	0	159
2024.10.17	20:00:00	2692.006	2694.411	2690.967	2693.706	6026	0	160
2024.10.18	00:00:00	2693.669	2711.964	2692.730	2709.959	35109	0	159
2024.10.18	04:00:00	2709.944	2714.118	2702.207	2702.272	33040	0	159
2024.10.18	08:00:00	2702.281	2713.202	2701.682	2709.779	27912	0	159
2024.10.18	12:00:00	2709.808	2720.195	2704.921	2714.813	57746	0	159
2024.10.18	16:00:00	2714.846	2721.281	2713.576	2719.624	24991	0	159
2024.10.18	20:00:00	2719.665	2722.633	2719.181	2721.778	3655	0	159
2024.10.20	20:00:00	2723.092	2725.145	2720.179	2723.416	7432	0	159
2024.10.21	00:00:00	2723.457	2732.826	2721.040	2731.512	40036	0	159
2024.10.21	04:00:00	2731.514	2732.453	2723.554	2730.312	27585	0	159
2024.10.21	08:00:00	2730.322	2738.128	2727.758	2734.419	31356	0	159
2024.10.21	12:00:00	2734.458	2740.552	2716.833	2720.119	75009	0	159
2024.10.21	16:00:00	2720.093	2725.657	2714.204	2719.854	29205	0	159
2024.10.21	20:00:00	2719.810	2722.592	2718.707	2721.483	7814	0	159
2024.10.22	00:00:00	2721.483	2733.103	2720.633	2730.987	27138	0	159
2024.10.22	04:00:00	2730.969	2737.141	2729.015	2733.649	25267	0	159
2024.10.22	08:00:00	2733.617	2739.390	2729.436	2731.976	29673	0	159
2024.10.22	12:00:00	2732.010	2744.206	2731.501	2737.562	54793	0	159
2024.10.22	16:00:00	2737.521	2748.908	2737.144	2748.306	26134	0	159
2024.10.22	20:00:00	2748.354	2748.863	2745.829	2746.553	7381	0	159
2024.10.23	00:00:00	2746.557	2747.199	2737.743	2746.054	27038	0	159
2024.10.23	04:00:00	2746.054	2755.632	2745.347	2754.874	27586	0	159
2024.10.23	08:00:00	2754.913	2758.508	2749.134	2749.967	26534	0	159
2024.10.23	12:00:00	2749.932	2750.480	2708.630	2721.726	87067	0	159
2024.10.23	16:00:00	2721.692	2723.250	2711.933	2716.202	33646	0	159
2024.10.23	20:00:00	2716.236	2721.885	2714.143	2721.258	9390	0	159
2024.10.24	00:00:00	2721.219	2726.698	2717.752	2722.877	29656	0	159
2024.10.24	04:00:00	2722.882	2737.085	2722.805	2733.540	26675	0	159
2024.10.24	08:00:00	2733.613	2739.683	2732.481	2738.556	24521	0	159
2024.10.24	12:00:00	2738.464	2743.208	2722.364	2731.099	60840	0	159
2024.10.24	16:00:00	2731.091	2737.733	2725.694	2736.981	29842	0	159
2024.10.24	20:00:00	2737.061	2737.144	2733.631	2733.844	6515	0	159
2024.10.25	00:00:00	2733.885	2735.182	2724.356	2726.041	24443	0	159
2024.10.25	04:00:00	2726.077	2732.567	2723.863	2726.379	25631	0	159
2024.10.25	08:00:00	2726.464	2729.391	2716.956	2724.181	30224	0	159
2024.10.25	12:00:00	2724.208	2742.028	2723.246	2737.131	49379	0	159
2024.10.25	16:00:00	2737.093	2745.022	2733.858	2742.519	25009	0	159
2024.10.25	20:00:00	2742.561	2747.774	2742.469	2747.023	4207	0	159
2024.10.27	20:00:00	2733.443	2740.176	2730.340	2735.815	12776	0	159
2024.10.28	00:00:00	2735.783	2736.306	2724.631	2729.702	31067	0	159
2024.10.28	04:00:00	2729.681	2744.510	2729.093	2738.919	26065	0	159
2024.10.28	08:00:00	2738.926	2740.910	2727.802	2732.319	28680	0	159
2024.10.28	12:00:00	2732.312	2745.917	2731.171	2740.704	44121	0	159
2024.10.28	16:00:00	2740.671	2744.983	2739.985	2742.498	21355	0	159
2024.10.28	20:00:00	2742.464	2744.427	2739.806	2744.427	7496	0	159
2024.10.29	00:00:00	2744.379	2757.762	2743.203	2751.689	29356	0	159
2024.10.29	04:00:00	2751.680	2756.866	2748.898	2752.459	24962	0	159
2024.10.29	08:00:00	2752.499	2756.639	2746.227	2751.807	31149	0	159
2024.10.29	12:00:00	2751.806	2771.699	2748.142	2764.241	58344	0	159
2024.10.29	16:00:00	2764.219	2774.760	2764.065	2772.196	28748	0	159
2024.10.29	20:00:00	2772.165	2775.383	2771.820	2774.915	8008	0	159
2024.10.30	00:00:00	2774.943	2782.150	2774.778	2778.924	26976	0	159
2024.10.30	04:00:00	2778.930	2789.821	2777.406	2782.222	24516	0	159
2024.10.30	08:00:00	2782.257	2786.545	2778.213	2778.580	24868	0	159
2024.10.30	12:00:00	2778.556	2787.509	2770.804	2784.634	65974	0	159
2024.10.30	16:00:00	2784.675	2790.075	2782.967	2787.285	25100	0	159
2024.10.30	20:00:00	2787.333	2788.104	2784.777	2785.490	8685	0	159
2024.10.31	00:00:00	2785.489	2790.084	2783.554	2784.547	21435	0	159
2024.10.31	04:00:00	2784.598	2786.563	2778.023	2782.049	25482	0	159
2024.10.31	08:00:00	2782.027	2783.153	2773.295	2779.413	26331	0	159
2024.10.31	12:00:00	2779.414	2781.941	2731.515	2740.576	81907	0	159
2024.10.31	16:00:00	2740.617	2749.747	2738.004	2746.442	32853	0	159
2024.10.31	20:00:00	2746.471	2748.168	2743.269	2746.691	9590	0	159
2024.11.01	00:00:00	2746.672	2751.878	2744.782	2751.770	27200	0	159
2024.11.01	04:00:00	2751.728	2757.660	2747.039	2749.642	22825	0	159
2024.11.01	08:00:00	2749.627	2755.480	2744.818	2752.873	27156	0	159
2024.11.01	12:00:00	2752.899	2762.261	2739.674	2744.720	74621	0	159
2024.11.01	16:00:00	2744.706	2746.184	2733.113	2734.121	30983	0	159
2024.11.01	20:00:00	2734.077	2736.858	2733.266	2736.690	3639	0	159
2024.11.03	20:00:00	2732.846	2740.334	2732.568	2738.352	5441	0	159
2024.11.04	00:00:00	2738.379	2742.401	2735.343	2740.989	26861	0	159
2024.11.04	04:00:00	2740.952	2744.781	2735.070	2735.837	23518	0	159
2024.11.04	08:00:00	2735.806	2745.304	2731.807	2740.608	29092	0	159
2024.11.04	12:00:00	2740.554	2748.215	2737.633	2738.541	44834	0	159
2024.11.04	16:00:00	2738.511	2739.706	2731.742	2738.308	28762	0	159
2024.11.04	20:00:00	2738.241	2738.571	2736.001	2736.001	8941	0	159
2024.11.05	00:00:00	2736.046	2736.677	2724.695	2735.293	27259	0	159
2024.11.05	04:00:00	2735.240	2741.384	2731.651	2736.532	23091	0	159
2024.11.05	08:00:00	2736.492	2745.043	2732.090	2741.600	27021	0	159
2024.11.05	12:00:00	2741.697	2749.917	2732.921	2741.957	43402	0	159
2024.11.05	16:00:00	2742.001	2744.608	2736.343	2740.513	26406	0	159
2024.11.05	20:00:00	2740.549	2746.441	2739.617	2745.707	10266	0	159
2024.11.06	00:00:00	2745.684	2749.681	2730.639	2734.114	62630	0	159
2024.11.06	04:00:00	2734.126	2743.708	2701.319	2725.963	78290	0	159
2024.11.06	08:00:00	2725.921	2733.790	2696.018	2699.312	54371	0	159
2024.11.06	12:00:00	2699.272	2708.066	2652.335	2675.715	122041	0	159
2024.11.06	16:00:00	2675.752	2678.273	2661.563	2667.084	42782	0	159
2024.11.06	20:00:00	2667.057	2667.719	2658.958	2664.048	12996	0	159
2024.11.07	00:00:00	2664.035	2664.261	2643.217	2659.179	41831	0	159
2024.11.07	04:00:00	2659.199	2667.596	2652.794	2663.268	30988	0	159
2024.11.07	08:00:00	2663.349	2668.432	2657.381	2666.159	30359	0	159
2024.11.07	12:00:00	2666.266	2700.160	2664.276	2698.698	61956	0	159
2024.11.07	16:00:00	2698.687	2700.290	2687.476	2694.266	52360	0	159
2024.11.07	20:00:00	2694.308	2710.317	2692.850	2706.866	22083	0	159
2024.11.08	00:00:00	2706.870	2710.418	2694.034	2695.113	31600	0	159
2024.11.08	04:00:00	2695.104	2696.362	2680.286	2687.362	28831	0	159
2024.11.08	08:00:00	2687.395	2694.977	2681.933	2691.912	37361	0	159
2024.11.08	12:00:00	2691.937	2704.061	2683.379	2687.552	60386	0	159
2024.11.08	16:00:00	2687.503	2689.283	2682.837	2687.057	32111	0	159
2024.11.08	20:00:00	2687.023	2688.549	2682.936	2684.758	10759	0	159
2024.11.10	20:00:00	2683.161	2685.650	2681.526	2685.605	3709	0	159
2024.11.11	00:00:00	2685.638	2686.141	2666.444	2670.269	32761	0	159
2024.11.11	04:00:00	2670.272	2674.282	2666.909	2669.561	26203	0	159
2024.11.11	08:00:00	2669.516	2675.377	2658.928	2662.647	34722	0	159
2024.11.11	12:00:00	2662.672	2663.232	2613.390	2614.599	75337	0	159
2024.11.11	16:00:00	2614.558	2620.672	2610.530	2619.266	30790	0	159
2024.11.11	20:00:00	2619.291	2626.187	2619.233	2624.038	10884	0	159
2024.11.12	00:00:00	2624.026	2627.162	2618.717	2618.924	28402	0	159
2024.11.12	04:00:00	2618.875	2619.084	2595.148	2598.237	43181	0	159
2024.11.12	08:00:00	2598.273	2606.511	2589.596	2597.845	45558	0	159
2024.11.12	12:00:00	2597.820	2617.068	2597.387	2598.437	68161	0	159
2024.11.12	16:00:00	2598.479	2604.193	2592.430	2598.191	36853	0	159
2024.11.12	20:00:00	2598.166	2601.387	2595.103	2598.956	11779	0	159
2024.11.13	00:00:00	2599.011	2613.307	2598.002	2611.562	28720	0	159
2024.11.13	04:00:00	2611.579	2612.405	2603.490	2606.115	25154	0	159
2024.11.13	08:00:00	2606.166	2611.665	2601.031	2610.789	29159	0	159
2024.11.13	12:00:00	2610.826	2618.841	2593.548	2605.385	74592	0	159
2024.11.13	16:00:00	2605.341	2605.975	2577.507	2581.004	48397	0	159
2024.11.13	20:00:00	2580.971	2581.410	2569.214	2570.989	20840	0	159
2024.11.14	00:00:00	2571.012	2574.760	2558.875	2560.708	34167	0	159
2024.11.14	04:00:00	2560.718	2565.256	2550.361	2557.014	33088	0	159
2024.11.14	08:00:00	2556.972	2559.783	2536.755	2553.579	46063	0	159
2024.11.14	12:00:00	2553.621	2572.991	2550.036	2570.179	71258	0	159
2024.11.14	16:00:00	2570.203	2577.447	2567.086	2575.970	35223	0	159
2024.11.14	20:00:00	2575.981	2576.532	2563.866	2566.899	23459	0	159
2024.11.15	00:00:00	2566.888	2571.677	2563.027	2567.756	25396	0	159
2024.11.15	04:00:00	2567.719	2569.538	2554.406	2563.705	26197	0	159
2024.11.15	08:00:00	2563.692	2573.393	2560.846	2570.781	33454	0	159
2024.11.15	12:00:00	2570.800	2576.060	2561.197	2570.733	72485	0	159
2024.11.15	16:00:00	2570.742	2573.291	2559.421	2563.849	35448	0	159
2024.11.15	20:00:00	2563.849	2563.862	2559.758	2562.969	9829	0	159
2024.11.17	20:00:00	2568.027	2575.523	2568.027	2571.441	5698	0	159
2024.11.18	00:00:00	2571.403	2597.414	2569.866	2589.899	41749	0	159
2024.11.18	04:00:00	2589.903	2593.197	2580.420	2582.838	28043	0	159
2024.11.18	08:00:00	2582.796	2597.296	2582.007	2594.413	34586	0	159
2024.11.18	12:00:00	2594.322	2613.346	2590.358	2612.936	48707	0	159
2024.11.18	16:00:00	2612.972	2615.104	2607.333	2609.849	26972	0	159
2024.11.18	20:00:00	2609.805	2613.107	2608.192	2612.704	10629	0	159
2024.11.19	00:00:00	2612.731	2625.579	2611.057	2624.435	28327	0	159
2024.11.19	04:00:00	2624.456	2626.651	2617.662	2619.057	25818	0	159
2024.11.19	08:00:00	2619.021	2636.476	2618.674	2629.639	40578	0	159
2024.11.19	12:00:00	2629.667	2639.473	2620.912	2624.443	62962	0	159
2024.11.19	16:00:00	2624.478	2633.144	2622.295	2630.665	30888	0	159
2024.11.19	20:00:00	2630.714	2635.554	2630.414	2635.166	10907	0	159
2024.11.20	00:00:00	2635.157	2641.847	2634.686	2637.977	24673	0	159
2024.11.20	04:00:00	2638.012	2638.805	2621.232	2621.591	27493	0	159
2024.11.20	08:00:00	2621.555	2628.131	2618.864	2628.085	29884	0	159
2024.11.20	12:00:00	2628.123	2648.932	2627.065	2648.810	45060	0	159
2024.11.20	16:00:00	2648.808	2655.433	2645.357	2650.872	32628	0	159
2024.11.20	20:00:00	2650.841	2652.937	2647.270	2652.124	13107	0	159
2024.11.21	00:00:00	2652.153	2660.466	2650.325	2656.901	24819	0	159
2024.11.21	04:00:00	2656.873	2664.723	2654.620	2663.099	22976	0	159
2024.11.21	08:00:00	2663.060	2673.522	2662.009	2671.448	30302	0	159
2024.11.21	12:00:00	2671.491	2671.816	2660.354	2667.636	54495	0	159
2024.11.21	16:00:00	2667.674	2673.516	2661.306	2669.684	35108	0	159
2024.11.21	20:00:00	2669.718	2671.906	2668.058	2669.159	11994	0	159
2024.11.22	00:00:00	2669.127	2690.519	2668.853	2686.153	30091	0	159
2024.11.22	04:00:00	2686.186	2698.953	2682.969	2696.457	31168	0	159
2024.11.22	08:00:00	2696.488	2710.127	2693.554	2698.867	45223	0	159
2024.11.22	12:00:00	2698.826	2705.048	2684.404	2703.716	64475	0	159
2024.11.22	16:00:00	2703.738	2711.457	2700.807	2708.221	31752	0	159
2024.11.22	20:00:00	2708.180	2715.658	2705.085	2715.573	11591	0	159
2024.11.24	20:00:00	2711.186	2721.405	2710.748	2719.756	8444	0	159
2024.11.25	00:00:00	2719.727	2720.136	2658.997	2672.236	68041	0	159
2024.11.25	04:00:00	2672.191	2676.375	2658.188	2667.774	54497	0	159
2024.11.25	08:00:00	2667.809	2688.768	2667.098	2686.776	36818	0	159
2024.11.25	12:00:00	2686.806	2687.863	2626.221	2628.404	97043	0	159
2024.11.25	16:00:00	2628.435	2639.392	2615.519	2625.804	46671	0	159
2024.11.25	20:00:00	2625.830	2628.739	2605.112	2610.461	21720	0	159
2024.11.26	00:00:00	2610.527	2632.216	2608.451	2630.376	48567	0	159
2024.11.26	04:00:00	2630.336	2631.451	2610.831	2614.036	32365	0	159
2024.11.26	08:00:00	2614.070	2633.226	2612.417	2633.192	37929	0	159
2024.11.26	12:00:00	2633.249	2641.993	2616.664	2629.512	66499	0	159
2024.11.26	16:00:00	2629.510	2631.485	2619.498	2628.025	34264	0	159
2024.11.26	20:00:00	2628.065	2634.151	2627.429	2632.254	12171	0	159
2024.11.27	00:00:00	2632.253	2640.487	2627.017	2637.722	26763	0	159
2024.11.27	04:00:00	2637.728	2648.503	2636.555	2646.625	26398	0	159
2024.11.27	08:00:00	2646.540	2653.890	2643.187	2651.103	29706	0	159
2024.11.27	12:00:00	2651.115	2658.206	2635.528	2642.596	56708	0	159
2024.11.27	16:00:00	2642.651	2644.288	2633.693	2634.706	32504	0	159
2024.11.27	20:00:00	2634.755	2639.030	2634.222	2637.168	10233	0	159
2024.11.28	00:00:00	2637.063	2638.432	2620.844	2630.275	35991	0	159
2024.11.28	04:00:00	2630.286	2639.628	2629.305	2637.344	22447	0	159
2024.11.28	08:00:00	2637.275	2649.674	2635.668	2646.884	23689	0	159
2024.11.28	12:00:00	2646.881	2647.975	2636.215	2638.104	28632	0	159
2024.11.28	16:00:00	2638.070	2642.458	2637.496	2640.597	9110	0	159
2024.11.28	20:00:00	2638.680	2639.268	2637.144	2638.767	2369	0	160
2024.11.29	00:00:00	2638.726	2662.802	2633.969	2660.047	34686	0	159
2024.11.29	04:00:00	2660.020	2666.383	2658.323	2660.522	26060	0	159
2024.11.29	08:00:00	2660.557	2665.917	2654.471	2659.610	27692	0	159
2024.11.29	12:00:00	2659.651	2664.969	2650.537	2658.946	45761	0	159
2024.11.29	16:00:00	2659.002	2662.276	2655.230	2655.230	20074	0	159
2024.12.01	20:00:00	2649.054	2650.324	2643.053	2645.659	5596	0	159
2024.12.02	00:00:00	2645.756	2647.667	2622.897	2629.272	52654	0	159
2024.12.02	04:00:00	2629.235	2633.664	2621.838	2629.898	32633	0	159
2024.12.02	08:00:00	2629.859	2646.370	2626.514	2641.885	38216	0	159
2024.12.02	12:00:00	2641.837	2651.794	2637.048	2642.318	56313	0	159
2024.12.02	16:00:00	2642.359	2644.372	2633.546	2637.611	32830	0	159
2024.12.02	20:00:00	2637.577	2644.237	2635.267	2642.211	13771	0	159
2024.12.03	00:00:00	2642.228	2645.325	2634.033	2640.427	29942	0	159
2024.12.03	04:00:00	2640.441	2650.066	2637.080	2644.622	27142	0	159
2024.12.03	08:00:00	2644.597	2648.055	2639.169	2643.663	31275	0	159
2024.12.03	12:00:00	2643.671	2655.665	2635.181	2640.435	52988	0	159
2024.12.03	16:00:00	2640.444	2649.164	2638.837	2640.998	31751	0	159
2024.12.03	20:00:00	2640.936	2644.226	2640.626	2642.721	10227	0	159
2024.12.04	00:00:00	2642.725	2648.093	2637.626	2644.501	26538	0	159
2024.12.04	04:00:00	2644.480	2651.403	2640.334	2641.353	24343	0	159
2024.12.04	08:00:00	2641.321	2647.735	2636.590	2646.168	29558	0	159
2024.12.04	12:00:00	2646.203	2657.184	2632.330	2655.035	62377	0	159
2024.12.04	16:00:00	2654.984	2655.581	2646.825	2651.711	34295	0	159
2024.12.04	20:00:00	2651.679	2651.962	2648.066	2650.397	11159	0	159
2024.12.05	00:00:00	2650.404	2650.717	2644.575	2648.882	22600	0	159
2024.12.05	04:00:00	2648.866	2655.518	2645.325	2648.575	25350	0	159
2024.12.05	08:00:00	2648.622	2652.714	2641.821	2651.307	25208	0	159
2024.12.05	12:00:00	2651.351	2654.517	2631.775	2640.256	52123	0	159
2024.12.05	16:00:00	2640.271	2643.395	2623.444	2629.800	37848	0	159
2024.12.05	20:00:00	2629.774	2633.832	2627.936	2633.713	10562	0	159
2024.12.06	00:00:00	2633.721	2642.591	2612.931	2640.877	39581	0	159
2024.12.06	04:00:00	2640.875	2644.577	2635.313	2639.682	26982	0	159
2024.12.06	08:00:00	2639.655	2645.733	2632.344	2638.480	26404	0	159
2024.12.06	12:00:00	2638.401	2643.536	2624.019	2637.530	79112	0	159
2024.12.06	16:00:00	2637.563	2641.654	2632.930	2634.544	27803	0	159
2024.12.06	20:00:00	2634.661	2636.145	2630.872	2632.920	5061	0	468
2024.12.08	20:00:00	2642.963	2648.524	2636.316	2640.064	8040	0	159
2024.12.09	00:00:00	2640.064	2650.585	2627.461	2638.889	41946	0	159
2024.12.09	04:00:00	2638.842	2651.245	2634.553	2650.490	29868	0	159
2024.12.09	08:00:00	2650.523	2660.411	2646.094	2656.227	30090	0	159
2024.12.09	12:00:00	2656.184	2676.445	2653.342	2668.257	53407	0	159
2024.12.09	16:00:00	2668.221	2670.569	2658.859	2660.166	30201	0	159
2024.12.09	20:00:00	2660.205	2661.677	2656.649	2660.449	11452	0	159
2024.12.10	00:00:00	2660.489	2671.782	2657.958	2669.918	31888	0	159
2024.12.10	04:00:00	2669.942	2673.859	2663.632	2664.689	25170	0	159
2024.12.10	08:00:00	2664.615	2676.839	2661.123	2674.496	33630	0	159
2024.12.10	12:00:00	2674.539	2691.777	2672.308	2687.446	51043	0	159
2024.12.10	16:00:00	2687.446	2695.523	2684.553	2692.011	27852	0	159
2024.12.10	20:00:00	2691.976	2698.378	2690.877	2695.986	11185	0	159
2024.12.11	00:00:00	2695.911	2704.348	2692.339	2695.704	49392	0	159
2024.12.11	04:00:00	2695.647	2698.242	2675.566	2690.644	83494	0	159
2024.12.11	08:00:00	2690.435	2699.761	2686.211	2696.439	17750	0	145
2024.12.11	12:00:00	2696.560	2715.932	2690.667	2713.101	14561	0	167
2024.12.11	16:00:00	2713.213	2721.052	2711.186	2717.943	13299	0	167
2024.12.11	20:00:00	2718.147	2720.433	2716.054	2719.922	6708	0	159
2024.12.12	00:00:00	2719.984	2726.206	2700.251	2710.489	12013	0	159
2024.12.12	04:00:00	2710.508	2720.396	2709.689	2716.047	11357	0	159
2024.12.12	08:00:00	2716.219	2719.428	2707.310	2710.934	13540	0	159
2024.12.12	12:00:00	2710.997	2712.392	2675.077	2679.785	16903	0	159
2024.12.12	16:00:00	2679.597	2687.040	2677.248	2683.133	13103	0	159
2024.12.12	20:00:00	2683.187	2683.576	2679.455	2680.623	6834	0	159
2024.12.13	00:00:00	2680.617	2692.778	2678.871	2688.121	12463	0	159
2024.12.13	04:00:00	2687.967	2690.527	2681.111	2683.202	11923	0	159
2024.12.13	08:00:00	2682.994	2684.782	2664.390	2664.993	13272	0	159
2024.12.13	12:00:00	2664.800	2672.882	2654.563	2659.888	15012	0	159
2024.12.13	16:00:00	2659.826	2664.566	2652.134	2653.041	12336	0	159
2024.12.13	20:00:00	2652.973	2653.530	2646.046	2648.392	5304	0	159
2024.12.15	20:00:00	2649.414	2653.127	2648.793	2651.479	1933	0	159
2024.12.16	00:00:00	2651.484	2655.611	2643.523	2653.871	11540	0	159
2024.12.16	04:00:00	2653.874	2655.868	2649.545	2653.687	10613	0	159
2024.12.16	08:00:00	2653.536	2664.168	2652.310	2663.542	24255	0	80
2024.12.16	12:00:00	2663.579	2664.447	2650.833	2654.472	40262	0	159
2024.12.16	16:00:00	2654.438	2655.784	2648.507	2653.299	22761	0	159
2024.12.16	20:00:00	2653.258	2653.634	2651.460	2651.744	8902	0	159
2024.12.17	00:00:00	2651.762	2658.639	2651.121	2653.616	21590	0	159
2024.12.17	04:00:00	2653.578	2657.093	2646.417	2653.753	23136	0	159
2024.12.17	08:00:00	2653.727	2653.776	2636.207	2642.187	34970	0	159
2024.12.17	12:00:00	2642.208	2646.968	2632.966	2640.166	48254	0	159
2024.12.17	16:00:00	2640.241	2649.079	2636.629	2645.385	24367	0	159
2024.12.17	20:00:00	2645.427	2647.681	2643.083	2647.378	9055	0	159
2024.12.18	00:00:00	2647.365	2651.746	2645.229	2645.669	20927	0	159
2024.12.18	04:00:00	2645.632	2649.551	2642.692	2644.610	19894	0	159
2024.12.18	08:00:00	2644.585	2649.734	2642.074	2646.096	21451	0	159
2024.12.18	12:00:00	2646.112	2647.718	2633.694	2638.145	33589	0	159
2024.12.18	16:00:00	2638.109	2639.991	2604.020	2604.543	48173	0	159
2024.12.18	20:00:00	2604.581	2609.313	2583.390	2588.225	40642	0	159
2024.12.19	00:00:00	2588.256	2618.160	2587.957	2610.455	41734	0	159
2024.12.19	04:00:00	2610.479	2622.700	2603.296	2616.500	28790	0	159
2024.12.19	08:00:00	2616.543	2626.430	2613.213	2616.810	31562	0	159
2024.12.19	12:00:00	2616.771	2616.791	2586.951	2588.446	60191	0	159
2024.12.19	16:00:00	2588.422	2600.983	2587.134	2596.791	34220	0	159
2024.12.19	20:00:00	2596.832	2600.343	2592.307	2593.519	12270	0	159
2024.12.20	00:00:00	2593.496	2603.993	2589.593	2598.471	29013	0	159
2024.12.20	04:00:00	2598.467	2607.516	2596.422	2606.253	21703	0	159
2024.12.20	08:00:00	2606.297	2607.743	2600.041	2603.694	26078	0	159
2024.12.20	12:00:00	2603.668	2631.201	2600.340	2630.314	52547	0	159
2024.12.20	16:00:00	2630.351	2631.875	2622.142	2627.881	38384	0	159
2024.12.20	20:00:00	2627.845	2628.118	2619.202	2622.643	10932	0	64
2024.12.22	20:00:00	2623.329	2624.907	2621.731	2624.293	1858	0	159
2024.12.23	00:00:00	2624.399	2627.443	2617.499	2624.095	11169	0	159
2024.12.23	04:00:00	2624.118	2633.259	2623.862	2630.230	10459	0	64
2024.12.23	08:00:00	2630.184	2632.129	2612.959	2616.260	26236	0	159
2024.12.23	12:00:00	2616.292	2619.898	2609.214	2609.762	36768	0	159
2024.12.23	16:00:00	2609.798	2616.609	2608.117	2611.084	29858	0	159
2024.12.23	20:00:00	2611.129	2617.040	2609.147	2615.492	9382	0	159
2024.12.24	00:00:00	2615.546	2619.903	2613.501	2618.697	18420	0	159
2024.12.24	04:00:00	2618.729	2621.472	2616.422	2618.456	17693	0	159
2024.12.24	08:00:00	2618.519	2619.806	2612.406	2615.152	18361	0	159
2024.12.24	12:00:00	2615.199	2617.266	2610.019	2611.666	28437	0	159
2024.12.24	16:00:00	2611.711	2619.335	2611.492	2616.713	17928	0	159
2024.12.25	20:00:00	2615.621	2620.115	2615.371	2618.656	2409	0	160
2024.12.26	00:00:00	2618.647	2629.081	2618.611	2626.893	18358	0	159
2024.12.26	04:00:00	2626.893	2629.713	2623.597	2625.413	15753	0	159
2024.12.26	08:00:00	2625.398	2630.019	2625.111	2627.882	16233	0	159
2024.12.26	12:00:00	2627.855	2639.177	2621.718	2636.479	31092	0	159
2024.12.26	16:00:00	2636.527	2636.838	2627.885	2634.950	24419	0	159
2024.12.26	20:00:00	2634.873	2636.162	2624.659	2632.684	12223	0	159
2024.12.27	00:00:00	2632.689	2635.512	2628.886	2633.705	19880	0	159
2024.12.27	04:00:00	2633.744	2638.314	2631.256	2633.638	18820	0	159
2024.12.27	08:00:00	2633.599	2633.599	2623.452	2628.642	21111	0	159
2024.12.27	12:00:00	2628.638	2631.575	2611.579	2618.134	40814	0	159
2024.12.27	16:00:00	2618.174	2621.394	2614.083	2620.685	25136	0	159
2024.12.27	20:00:00	2620.719	2621.980	2612.726	2621.623	9798	0	159
2024.12.29	20:00:00	2621.977	2626.159	2621.632	2624.035	4005	0	159
2024.12.30	00:00:00	2624.080	2628.111	2621.453	2626.579	20525	0	159
2024.12.30	04:00:00	2626.567	2626.567	2615.813	2616.784	19134	0	159
2024.12.30	08:00:00	2616.758	2618.710	2609.092	2616.332	23474	0	159
2024.12.30	12:00:00	2616.332	2622.635	2599.597	2601.599	41096	0	159
2024.12.30	16:00:00	2601.613	2608.390	2596.070	2607.122	27637	0	159
2024.12.30	20:00:00	2607.169	2609.533	2603.860	2606.677	9463	0	159
2024.12.31	00:00:00	2606.717	2611.606	2603.507	2604.613	16537	0	159
2024.12.31	04:00:00	2604.612	2614.143	2602.591	2613.694	17712	0	159
2024.12.31	08:00:00	2613.735	2617.796	2609.714	2611.051	20687	0	159
2024.12.31	12:00:00	2611.016	2626.638	2605.303	2625.656	35132	0	159
2024.12.31	16:00:00	2625.632	2627.541	2622.165	2623.872	26082	0	159
2024.12.31	20:00:00	2623.840	2625.002	2622.190	2624.381	6128	0	159
2025.01.01	20:00:00	2625.179	2625.839	2621.668	2623.766	3104	0	159
2025.01.02	00:00:00	2623.798	2636.540	2622.754	2633.644	25868	0	159
2025.01.02	04:00:00	2633.633	2636.492	2631.050	2635.915	17573	0	159
2025.01.02	08:00:00	2635.953	2646.379	2631.094	2641.976	27584	0	159
2025.01.02	12:00:00	2641.977	2655.876	2636.046	2654.110	46722	0	159
2025.01.02	16:00:00	2654.062	2660.457	2650.035	2654.740	32316	0	159
2025.01.02	20:00:00	2654.775	2660.463	2654.151	2658.327	11215	0	159
2025.01.03	00:00:00	2658.328	2665.253	2656.109	2662.288	22345	0	159
2025.01.03	04:00:00	2662.255	2664.409	2651.924	2654.195	19284	0	159
2025.01.03	08:00:00	2654.164	2659.258	2649.890	2658.361	20847	0	159
2025.01.03	12:00:00	2657.003	2657.461	2640.927	2643.842	37853	0	159
2025.01.03	16:00:00	2643.812	2647.264	2638.954	2639.430	25214	0	159
2025.01.03	20:00:00	2639.398	2640.740	2636.623	2640.370	7935	0	159
2025.01.05	20:00:00	2639.644	2642.398	2639.644	2641.063	3236	0	160
2025.01.06	00:00:00	2641.098	2647.426	2638.596	2640.190	23599	0	159
2025.01.06	04:00:00	2640.203	2640.824	2625.058	2626.922	25081	0	159
2025.01.06	08:00:00	2626.852	2649.515	2625.764	2645.588	32041	0	159
2025.01.06	12:00:00	2645.553	2648.848	2614.419	2634.392	76185	0	159
2025.01.06	16:00:00	2634.425	2641.378	2632.506	2634.376	28707	0	159
2025.01.06	20:00:00	2634.410	2637.131	2633.132	2634.676	9177	0	159
2025.01.07	00:00:00	2634.625	2641.146	2632.918	2639.563	19310	0	159
2025.01.07	04:00:00	2639.560	2646.757	2637.020	2640.487	20102	0	159
2025.01.07	08:00:00	2640.444	2648.689	2640.044	2648.389	20883	0	159
2025.01.07	12:00:00	2648.348	2664.264	2641.932	2647.700	58105	0	159
2025.01.07	16:00:00	2647.613	2656.021	2646.383	2649.246	41307	0	159
2025.01.07	20:00:00	2649.294	2651.487	2647.173	2649.807	11111	0	159
2025.01.08	00:00:00	2649.817	2651.512	2645.569	2646.752	18999	0	159
2025.01.08	04:00:00	2646.728	2654.452	2645.202	2652.619	17543	0	159
2025.01.08	08:00:00	2652.651	2655.158	2647.574	2650.918	23385	0	159
2025.01.08	12:00:00	2650.830	2667.835	2645.847	2665.818	50256	0	159
2025.01.08	16:00:00	2665.840	2670.053	2649.390	2658.333	38678	0	159
2025.01.08	20:00:00	2658.366	2664.059	2658.276	2662.507	13636	0	159
2025.01.09	00:00:00	2662.526	2662.850	2656.241	2659.369	17659	0	159
2025.01.09	04:00:00	2659.335	2666.973	2655.437	2662.450	18719	0	159
2025.01.09	08:00:00	2662.418	2673.299	2660.468	2670.266	27412	0	159
2025.01.09	12:00:00	2670.249	2678.333	2667.196	2668.326	36009	0	159
2025.01.09	16:00:00	2668.320	2672.510	2662.644	2670.190	27872	0	159
2025.01.09	20:00:00	2670.154	2671.332	2668.492	2669.951	8293	0	159
2025.01.10	00:00:00	2669.958	2674.771	2668.973	2673.658	18531	0	159
2025.01.10	04:00:00	2673.631	2678.751	2671.588	2676.146	19610	0	159
2025.01.10	08:00:00	2676.181	2683.088	2675.713	2681.402	31107	0	159
2025.01.10	12:00:00	2681.363	2698.026	2663.994	2692.651	119956	0	159
2025.01.10	16:00:00	2692.614	2697.953	2684.547	2685.855	67804	0	159
2025.01.10	20:00:00	2685.890	2693.773	2684.478	2689.589	16885	0	159
2025.01.12	20:00:00	2689.769	2691.373	2687.578	2691.105	5107	0	159
2025.01.13	00:00:00	2691.128	2693.368	2679.294	2687.897	37472	0	159
2025.01.13	04:00:00	2687.934	2691.323	2683.274	2685.102	36351	0	159
2025.01.13	08:00:00	2685.074	2689.770	2675.449	2675.952	48648	0	159
2025.01.13	12:00:00	2675.911	2677.164	2661.092	2661.867	88970	0	159
2025.01.13	16:00:00	2661.792	2668.000	2656.768	2658.898	39425	0	159
2025.01.13	20:00:00	2658.959	2669.455	2658.734	2668.058	12736	0	159
2025.01.14	00:00:00	2667.976	2672.307	2666.397	2669.780	29901	0	159
2025.01.14	04:00:00	2669.818	2675.370	2667.145	2669.154	27782	0	159
2025.01.14	08:00:00	2669.196	2674.455	2664.453	2669.331	32446	0	159
2025.01.14	12:00:00	2669.287	2674.422	2659.802	2671.779	63773	0	159
2025.01.14	16:00:00	2671.826	2676.308	2666.677	2674.245	34395	0	159
2025.01.14	20:00:00	2674.209	2678.277	2671.826	2675.589	13358	0	159
2025.01.15	00:00:00	2675.580	2676.321	2669.391	2676.091	18785	0	159
2025.01.15	04:00:00	2676.052	2684.033	2674.183	2681.313	22665	0	159
2025.01.15	08:00:00	2681.357	2689.064	2681.152	2686.779	33004	0	159
2025.01.15	12:00:00	2686.748	2696.056	2676.640	2678.475	89186	0	159
2025.01.15	16:00:00	2678.512	2695.127	2676.925	2694.181	42424	0	159
2025.01.15	20:00:00	2694.142	2697.970	2693.239	2694.963	13132	0	159
2025.01.16	00:00:00	2694.980	2702.200	2692.857	2697.193	35128	0	159
2025.01.16	04:00:00	2697.145	2699.964	2689.907	2698.271	26723	0	159
2025.01.16	08:00:00	2698.313	2711.175	2697.129	2706.412	36053	0	159
2025.01.16	12:00:00	2706.416	2719.718	2700.044	2716.874	81444	0	159
2025.01.16	16:00:00	2716.930	2724.740	2714.646	2715.346	47641	0	159
2025.01.16	20:00:00	2715.368	2717.037	2712.401	2714.578	12939	0	159
2025.01.17	00:00:00	2714.624	2717.346	2709.834	2715.433	25829	0	159
2025.01.17	04:00:00	2715.476	2716.515	2708.585	2710.521	27838	0	159
2025.01.17	08:00:00	2710.577	2712.991	2702.831	2708.041	31158	0	159
2025.01.17	12:00:00	2708.002	2715.141	2702.757	2714.243	50828	0	159
2025.01.17	16:00:00	2714.256	2717.261	2702.880	2703.175	22182	0	159
2025.01.17	20:00:00	2703.189	2704.088	2699.242	2702.879	7296	0	159
2025.01.19	20:00:00	2702.629	2703.084	2691.530	2696.424	4805	0	160
2025.01.20	00:00:00	2696.424	2703.951	2689.355	2703.554	21549	0	159
2025.01.20	04:00:00	2703.559	2713.766	2702.279	2703.592	18144	0	159
2025.01.20	08:00:00	2703.571	2712.478	2703.009	2708.337	19759	0	159
2025.01.20	12:00:00	2708.297	2711.908	2701.979	2707.065	55310	0	159
2025.01.20	16:00:00	2707.063	2711.161	2703.149	2709.059	25843	0	159
2025.01.20	20:00:00	2708.347	2711.005	2706.593	2710.445	2937	0	159
2025.01.21	00:00:00	2710.433	2726.946	2702.797	2724.196	33846	0	159
2025.01.21	04:00:00	2724.221	2732.830	2722.695	2729.729	24441	0	159
2025.01.21	08:00:00	2729.701	2730.072	2716.509	2723.998	34581	0	159
2025.01.21	12:00:00	2723.989	2740.384	2722.031	2738.776	40842	0	159
2025.01.21	16:00:00	2738.792	2745.963	2737.811	2742.838	23488	0	159
2025.01.21	20:00:00	2742.819	2745.863	2740.084	2744.259	12488	0	159
2025.01.22	00:00:00	2744.309	2751.084	2742.713	2750.266	32889	0	159
2025.01.22	04:00:00	2750.238	2758.831	2745.549	2748.781	36501	0	159
2025.01.22	08:00:00	2748.818	2763.457	2746.770	2756.534	38307	0	159
2025.01.22	12:00:00	2756.572	2761.606	2750.329	2759.351	69077	0	159
2025.01.22	16:00:00	2759.389	2760.270	2754.885	2755.309	32283	0	159
2025.01.22	20:00:00	2755.269	2757.127	2753.880	2755.583	11986	0	159
2025.01.23	00:00:00	2755.563	2756.300	2749.503	2749.972	30262	0	159
2025.01.23	04:00:00	2750.023	2755.566	2749.772	2752.683	31157	0	159
2025.01.23	08:00:00	2752.735	2754.789	2740.844	2751.898	38789	0	159
2025.01.23	12:00:00	2751.873	2753.386	2735.770	2746.424	76072	0	159
2025.01.23	16:00:00	2746.351	2758.966	2744.199	2754.173	43267	0	159
2025.01.23	20:00:00	2754.130	2755.636	2751.306	2754.543	15430	0	159
2025.01.24	00:00:00	2754.546	2777.446	2754.329	2772.308	43077	0	159
2025.01.24	04:00:00	2772.280	2778.369	2770.527	2772.675	39082	0	159
2025.01.24	08:00:00	2772.716	2780.193	2769.954	2776.617	35617	0	159
2025.01.24	12:00:00	2776.712	2786.013	2773.723	2775.973	58226	0	159
2025.01.24	16:00:00	2775.918	2777.564	2769.894	2774.628	36541	0	159
2025.01.24	20:00:00	2774.643	2774.798	2770.454	2771.079	9528	0	159
2025.01.26	20:00:00	2765.650	2769.721	2765.185	2767.553	8225	0	159
2025.01.27	00:00:00	2767.554	2772.541	2753.871	2761.117	45529	0	159
2025.01.27	04:00:00	2761.066	2761.075	2747.189	2749.478	39633	0	159
2025.01.27	08:00:00	2749.436	2772.108	2749.291	2771.246	57121	0	159
2025.01.27	12:00:00	2771.300	2771.626	2739.499	2742.084	70861	0	159
2025.01.27	16:00:00	2742.052	2743.173	2730.452	2739.328	49980	0	159
2025.01.27	20:00:00	2739.353	2745.325	2738.147	2741.710	16496	0	159
2025.01.28	00:00:00	2741.743	2745.332	2737.815	2738.804	29942	0	159
2025.01.28	04:00:00	2738.806	2744.894	2738.330	2738.910	30108	0	159
2025.01.28	08:00:00	2738.936	2745.172	2734.762	2742.793	39134	0	159
2025.01.28	12:00:00	2742.709	2757.204	2741.156	2755.330	53988	0	159
2025.01.28	16:00:00	2755.325	2765.011	2755.222	2764.828	39684	0	159
2025.01.28	20:00:00	2764.788	2765.069	2762.387	2762.704	12381	0	159
2025.01.29	00:00:00	2762.701	2766.271	2762.234	2762.774	22884	0	159
2025.01.29	04:00:00	2762.766	2764.356	2757.414	2759.074	28859	0	159
2025.01.29	08:00:00	2759.118	2766.083	2757.008	2758.994	34752	0	159
2025.01.29	12:00:00	2758.956	2761.108	2748.206	2754.110	62076	0	159
2025.01.29	16:00:00	2754.150	2757.888	2744.744	2755.218	55315	0	159
2025.01.29	20:00:00	2755.180	2760.685	2752.745	2760.307	22854	0	159
2025.01.30	00:00:00	2760.243	2762.577	2758.923	2761.735	22069	0	159
2025.01.30	04:00:00	2761.699	2769.528	2758.633	2769.116	23820	0	159
2025.01.30	08:00:00	2769.133	2779.432	2768.322	2777.699	28239	0	159
2025.01.30	12:00:00	2777.686	2796.778	2776.061	2795.411	70471	0	159
2025.01.30	16:00:00	2795.388	2798.505	2788.797	2793.363	59734	0	159
2025.01.30	20:00:00	2793.343	2798.476	2790.749	2796.146	30180	0	159
2025.01.31	00:00:00	2796.183	2799.658	2794.410	2796.453	29042	0	159
2025.01.31	04:00:00	2796.412	2801.065	2792.103	2798.232	31464	0	159
2025.01.31	08:00:00	2798.205	2800.867	2791.025	2800.195	40747	0	159
2025.01.31	12:00:00	2800.165	2817.244	2799.964	2809.230	70243	0	159
2025.01.31	16:00:00	2809.129	2816.293	2795.250	2796.260	92397	0	159
2025.01.31	20:00:00	2796.303	2802.565	2794.029	2799.348	29716	0	159
2025.02.02	20:00:00	2801.018	2804.653	2784.271	2793.709	36924	0	159
2025.02.03	00:00:00	2793.726	2796.498	2772.152	2774.454	89198	0	159
2025.02.03	04:00:00	2774.457	2789.864	2774.192	2789.280	58355	0	159
2025.02.03	08:00:00	2789.320	2804.304	2786.965	2801.124	54540	0	159
2025.02.03	12:00:00	2801.169	2830.586	2800.426	2817.456	104386	0	159
2025.02.03	16:00:00	2817.423	2825.320	2812.768	2818.268	62681	0	159
2025.02.03	20:00:00	2818.242	2819.508	2811.888	2814.023	23972	0	159
2025.02.04	00:00:00	2813.985	2824.726	2812.650	2821.403	39702	0	159
2025.02.04	04:00:00	2821.321	2821.480	2807.200	2812.727	58030	0	159
2025.02.04	08:00:00	2812.763	2821.883	2810.106	2815.444	55746	0	159
2025.02.04	12:00:00	2815.463	2845.504	2814.439	2835.914	94034	0	159
2025.02.04	16:00:00	2835.855	2845.007	2832.459	2843.057	49554	0	159
2025.02.04	20:00:00	2843.092	2844.917	2840.386	2841.206	15891	0	159
2025.02.05	00:00:00	2841.260	2854.321	2839.691	2852.338	51965	0	159
2025.02.05	04:00:00	2852.334	2864.214	2851.848	2864.174	34112	0	159
2025.02.05	08:00:00	2864.133	2877.085	2863.530	2868.658	40958	0	159
2025.02.05	12:00:00	2868.613	2882.425	2858.598	2880.223	78922	0	159
2025.02.05	16:00:00	2880.263	2881.211	2862.681	2863.512	63133	0	159
2025.02.05	20:00:00	2863.486	2870.985	2859.882	2869.279	21969	0	159
2025.02.06	00:00:00	2869.272	2873.327	2863.670	2869.405	41751	0	159
2025.02.06	04:00:00	2869.353	2872.366	2854.985	2855.837	42928	0	159
2025.02.06	08:00:00	2855.798	2867.342	2848.840	2865.972	54526	0	159
2025.02.06	12:00:00	2865.966	2870.312	2834.055	2850.595	93038	0	159
2025.02.06	16:00:00	2850.555	2854.743	2848.046	2853.746	43752	0	159
2025.02.06	20:00:00	2853.791	2858.778	2853.575	2858.000	14634	0	159
2025.02.07	00:00:00	2857.994	2870.645	2857.713	2867.188	31248	0	159
2025.02.07	04:00:00	2867.147	2869.615	2858.947	2864.214	32287	0	159
2025.02.07	08:00:00	2864.268	2870.638	2863.214	2867.628	38720	0	159
2025.02.07	12:00:00	2867.675	2886.751	2852.442	2880.317	93534	0	159
2025.02.07	16:00:00	2880.353	2881.538	2853.326	2860.146	64288	0	159
2025.02.07	20:00:00	2860.106	2863.782	2859.371	2861.006	13953	0	159
2025.02.09	20:00:00	2861.269	2870.590	2860.136	2867.495	7916	0	159
2025.02.10	00:00:00	2867.539	2876.611	2865.830	2875.572	38048	0	159
2025.02.10	04:00:00	2875.544	2896.602	2874.318	2895.472	37858	0	159
2025.02.10	08:00:00	2895.432	2906.267	2892.213	2904.533	47908	0	159
2025.02.10	12:00:00	2904.528	2912.062	2896.260	2908.930	76199	0	159
2025.02.10	16:00:00	2908.977	2910.318	2896.632	2904.363	38459	0	159
2025.02.10	20:00:00	2904.369	2921.675	2902.880	2917.847	20749	0	159
2025.02.11	00:00:00	2917.894	2942.682	2905.397	2919.716	82222	0	159
2025.02.11	04:00:00	2919.751	2929.436	2907.124	2913.392	54632	0	159
2025.02.11	08:00:00	2913.318	2915.303	2901.864	2903.981	61679	0	159
2025.02.11	12:00:00	2904.016	2906.564	2881.751	2904.794	103959	0	159
2025.02.11	16:00:00	2904.834	2908.689	2899.562	2900.082	41889	0	159
2025.02.11	20:00:00	2900.085	2900.906	2894.018	2898.536	16711	0	159
2025.02.12	00:00:00	2898.562	2898.827	2883.760	2889.001	46564	0	159
2025.02.12	04:00:00	2888.998	2895.847	2883.637	2892.773	38177	0	159
2025.02.12	08:00:00	2892.810	2894.144	2879.317	2879.730	37645	0	159
2025.02.12	12:00:00	2879.811	2898.014	2864.146	2894.553	90292	0	159
2025.02.12	16:00:00	2894.513	2909.267	2892.062	2897.905	42488	0	159
2025.02.12	20:00:00	2897.936	2906.403	2895.517	2905.781	14217	0	159
2025.02.13	00:00:00	2905.756	2918.169	2901.437	2916.439	33794	0	159
2025.02.13	04:00:00	2916.491	2922.801	2912.531	2914.569	35159	0	159
2025.02.13	08:00:00	2914.607	2919.489	2909.464	2917.873	39522	0	159
2025.02.13	12:00:00	2917.909	2921.386	2905.762	2920.155	67529	0	159
2025.02.13	16:00:00	2920.266	2927.402	2912.887	2926.812	36570	0	159
2025.02.13	20:00:00	2926.825	2932.484	2924.877	2931.217	15409	0	159
2025.02.14	00:00:00	2931.192	2933.879	2923.164	2924.330	33512	0	159
2025.02.14	04:00:00	2924.295	2936.842	2923.762	2931.853	36332	0	159
2025.02.14	08:00:00	2931.810	2940.005	2929.246	2931.181	38885	0	159
2025.02.14	12:00:00	2931.136	2933.357	2892.870	2901.939	105401	0	159
2025.02.14	16:00:00	2901.827	2903.915	2878.691	2880.499	61640	0	159
2025.02.14	20:00:00	2880.468	2886.209	2876.991	2882.772	14424	0	159
2025.02.16	20:00:00	2893.643	2894.034	2878.430	2879.221	16152	0	159
2025.02.17	00:00:00	2879.254	2904.596	2879.254	2903.603	38125	0	159
2025.02.17	04:00:00	2903.553	2905.407	2888.211	2902.500	34927	0	159
2025.02.17	08:00:00	2902.510	2906.455	2895.044	2900.992	39900	0	159
2025.02.17	12:00:00	2900.979	2904.199	2895.450	2899.211	44365	0	159
2025.02.17	16:00:00	2899.310	2901.340	2896.488	2897.392	18277	0	159
2025.02.17	20:00:00	2899.102	2899.482	2897.109	2899.373	2069	0	159
2025.02.18	00:00:00	2899.325	2910.866	2892.003	2909.016	26473	0	159
2025.02.18	04:00:00	2908.996	2915.629	2907.173	2911.501	26145	0	159
2025.02.18	08:00:00	2911.591	2914.886	2907.069	2914.159	26232	0	159
2025.02.18	12:00:00	2914.213	2929.609	2912.078	2927.020	47607	0	159
2025.02.18	16:00:00	2926.986	2936.994	2924.215	2935.821	33095	0	159
2025.02.18	20:00:00	2935.832	2936.787	2932.393	2934.061	11034	0	159
2025.02.19	00:00:00	2934.059	2939.650	2924.030	2928.825	28805	0	159
2025.02.19	04:00:00	2928.828	2935.887	2926.487	2934.250	24992	0	159
2025.02.19	08:00:00	2934.210	2947.041	2933.718	2935.087	32723	0	159
2025.02.19	12:00:00	2935.059	2941.610	2925.476	2925.730	57267	0	159
2025.02.19	16:00:00	2925.756	2932.338	2918.524	2931.754	43522	0	159
2025.02.19	20:00:00	2931.715	2937.461	2931.290	2935.384	13375	0	159
2025.02.20	00:00:00	2935.386	2944.083	2933.855	2941.913	29379	0	159
2025.02.20	04:00:00	2941.933	2954.216	2939.267	2948.894	23350	0	159
2025.02.20	08:00:00	2948.966	2954.975	2947.172	2948.768	27912	0	159
2025.02.20	12:00:00	2948.743	2950.788	2924.114	2938.545	67699	0	159
2025.02.20	16:00:00	2938.503	2946.996	2933.572	2937.922	36464	0	159
2025.02.20	20:00:00	2938.034	2943.411	2935.526	2941.530	14002	0	159
2025.02.21	00:00:00	2941.570	2949.748	2926.286	2931.262	44484	0	159
2025.02.21	04:00:00	2931.262	2934.039	2924.186	2930.070	31300	0	159
2025.02.21	08:00:00	2930.014	2936.127	2916.682	2928.376	30943	0	159
2025.02.21	12:00:00	2928.411	2939.091	2921.547	2928.696	53672	0	159
2025.02.21	16:00:00	2928.647	2942.804	2927.325	2933.398	33472	0	159
2025.02.21	20:00:00	2933.374	2938.227	2932.144	2936.453	11768	0	159
2025.02.23	20:00:00	2939.411	2940.533	2936.498	2936.867	6014	0	159
2025.02.24	00:00:00	2936.863	2944.839	2921.316	2941.104	51069	0	159
2025.02.24	04:00:00	2941.133	2945.004	2935.236	2943.809	29627	0	159
2025.02.24	08:00:00	2943.850	2948.737	2934.892	2947.786	29237	0	159
2025.02.24	12:00:00	2947.709	2956.229	2930.654	2936.524	55904	0	159
2025.02.24	16:00:00	2936.500	2949.902	2936.475	2949.156	30329	0	159
2025.02.24	20:00:00	2949.214	2953.898	2947.038	2949.996	13639	0	159
2025.02.25	00:00:00	2949.957	2952.552	2937.535	2939.513	29801	0	159
2025.02.25	04:00:00	2939.562	2940.964	2930.518	2931.691	28639	0	159
2025.02.25	08:00:00	2931.762	2942.431	2929.515	2938.626	28478	0	159
2025.02.25	12:00:00	2938.679	2944.949	2900.498	2905.866	85068	0	159
2025.02.25	16:00:00	2905.892	2913.899	2888.229	2912.051	56141	0	159
2025.02.25	20:00:00	2912.074	2919.051	2910.817	2918.604	16543	0	159
2025.02.26	00:00:00	2918.631	2930.162	2914.770	2917.295	31032	0	159
2025.02.26	04:00:00	2917.264	2921.026	2905.857	2915.529	27065	0	159
2025.02.26	08:00:00	2915.504	2918.966	2909.516	2913.815	27338	0	159
2025.02.26	12:00:00	2913.776	2915.471	2890.669	2913.199	61094	0	159
2025.02.26	16:00:00	2913.246	2916.682	2909.924	2913.934	33373	0	159
2025.02.26	20:00:00	2913.921	2920.792	2911.996	2919.118	12478	0	159
2025.02.27	00:00:00	2919.176	2919.176	2904.327	2905.729	29342	0	159
2025.02.27	04:00:00	2905.768	2906.555	2887.924	2891.988	43176	0	159
2025.02.27	08:00:00	2891.944	2894.982	2876.950	2883.944	43604	0	159
2025.02.27	12:00:00	2884.054	2892.452	2867.721	2872.392	86968	0	159
2025.02.27	16:00:00	2872.359	2887.717	2871.822	2879.210	41227	0	159
2025.02.27	20:00:00	2879.248	2879.338	2871.328	2876.063	21613	0	159
2025.02.28	00:00:00	2876.069	2885.034	2863.681	2865.751	38124	0	159
2025.02.28	04:00:00	2865.731	2866.972	2856.949	2858.678	40325	0	159
2025.02.28	08:00:00	2858.639	2864.924	2851.057	2862.174	31923	0	159
2025.02.28	12:00:00	2862.216	2864.990	2832.578	2850.170	74799	0	159
2025.02.28	16:00:00	2850.193	2853.908	2838.071	2849.632	46220	0	159
2025.02.28	20:00:00	2849.607	2859.697	2847.790	2858.242	13069	0	159
2025.03.02	20:00:00	2873.556	2876.984	2863.968	2870.799	13996	0	159
2025.03.03	00:00:00	2870.866	2872.055	2859.251	2864.788	36100	0	159
2025.03.03	04:00:00	2864.850	2868.540	2860.093	2863.208	24722	0	159
2025.03.03	08:00:00	2863.264	2875.413	2858.830	2874.408	30764	0	159
2025.03.03	12:00:00	2874.381	2890.608	2868.834	2887.771	55019	0	159
2025.03.03	16:00:00	2887.862	2893.153	2879.723	2881.612	37428	0	159
2025.03.03	20:00:00	2881.655	2895.267	2878.303	2890.886	21226	0	159
2025.03.04	00:00:00	2890.863	2893.734	2881.878	2888.606	30419	0	159
2025.03.04	04:00:00	2888.570	2901.480	2884.391	2899.923	29083	0	159
2025.03.04	08:00:00	2899.908	2921.773	2896.707	2919.938	38789	0	159
2025.03.04	12:00:00	2920.020	2927.891	2900.310	2906.102	70771	0	159
2025.03.04	16:00:00	2906.087	2916.501	2903.694	2916.089	37254	0	159
2025.03.04	20:00:00	2916.049	2920.537	2913.269	2914.363	16623	0	159
2025.03.05	00:00:00	2914.362	2917.176	2902.124	2908.743	42843	0	159
2025.03.05	04:00:00	2908.714	2921.627	2908.546	2917.989	30882	0	159
2025.03.05	08:00:00	2917.947	2922.531	2909.010	2913.227	38040	0	159
2025.03.05	12:00:00	2913.278	2923.778	2894.303	2917.198	87331	0	159
2025.03.05	16:00:00	2917.157	2930.042	2911.220	2920.551	51467	0	159
2025.03.05	20:00:00	2920.512	2923.143	2916.711	2918.236	14179	0	159
2025.03.06	00:00:00	2918.237	2926.584	2915.884	2921.261	26153	0	159
2025.03.06	04:00:00	2921.227	2923.068	2909.788	2910.137	30532	0	159
2025.03.06	08:00:00	2910.180	2911.530	2891.159	2905.714	49621	0	159
2025.03.06	12:00:00	2905.760	2922.760	2899.230	2914.497	70933	0	159
2025.03.06	16:00:00	2914.530	2921.403	2912.337	2914.040	38752	0	159
2025.03.06	20:00:00	2914.013	2916.625	2908.376	2910.354	16907	0	159
2025.03.07	00:00:00	2910.298	2910.326	2896.669	2905.338	47735	0	159
2025.03.07	04:00:00	2905.262	2917.279	2904.747	2917.098	31880	0	159
2025.03.07	08:00:00	2917.138	2922.977	2915.246	2918.700	34217	0	159
2025.03.07	12:00:00	2918.796	2930.525	2903.570	2915.819	90236	0	159
2025.03.07	16:00:00	2915.783	2919.451	2901.860	2905.229	57810	0	159
2025.03.07	20:00:00	2905.199	2912.651	2904.716	2911.256	10885	0	159
2025.03.09	20:00:00	2912.347	2917.025	2909.608	2916.189	10291	0	159
2025.03.10	00:00:00	2916.190	2918.312	2908.128	2910.943	35725	0	159
2025.03.10	04:00:00	2910.982	2915.417	2904.252	2908.444	27462	0	159
2025.03.10	08:00:00	2908.387	2915.447	2895.606	2904.027	51497	0	159
2025.03.10	12:00:00	2904.029	2910.619	2897.653	2904.451	77966	0	159
2025.03.10	16:00:00	2904.491	2906.865	2880.166	2885.470	55153	0	159
2025.03.10	20:00:00	2885.449	2890.163	2882.332	2884.685	12055	0	159
2025.03.11	00:00:00	2884.724	2900.456	2880.121	2896.910	37498	0	159
2025.03.11	04:00:00	2896.910	2903.553	2892.680	2901.009	30167	0	159
2025.03.11	08:00:00	2901.052	2915.456	2900.402	2913.668	28206	0	159
2025.03.11	12:00:00	2913.651	2922.262	2906.789	2916.875	56669	0	159
2025.03.11	16:00:00	2916.833	2921.385	2914.071	2918.403	28483	0	159
2025.03.11	20:00:00	2918.365	2919.589	2914.420	2915.551	9938	0	159
2025.03.12	00:00:00	2915.589	2920.020	2910.838	2914.941	23660	0	159
2025.03.12	04:00:00	2914.977	2921.105	2908.904	2914.462	28199	0	159
2025.03.12	08:00:00	2914.427	2925.372	2912.638	2915.304	32500	0	159
2025.03.12	12:00:00	2915.308	2929.444	2905.970	2928.355	66270	0	159
2025.03.12	16:00:00	2928.457	2940.617	2927.890	2931.322	40114	0	159
2025.03.12	20:00:00	2931.289	2939.353	2930.831	2938.039	11163	0	159
2025.03.13	00:00:00	2938.025	2947.151	2936.439	2945.636	24260	0	159
2025.03.13	04:00:00	2945.601	2946.163	2932.920	2935.252	25460	0	159
2025.03.13	08:00:00	2935.287	2948.885	2934.764	2946.333	27176	0	159
2025.03.13	12:00:00	2946.371	2978.486	2938.935	2977.772	73261	0	159
2025.03.13	16:00:00	2977.797	2985.474	2976.363	2982.946	44775	0	159
2025.03.13	20:00:00	2982.973	2989.943	2981.256	2986.435	12987	0	159
2025.03.14	00:00:00	2986.473	2992.956	2981.717	2992.626	34445	0	159
2025.03.14	04:00:00	2992.597	2993.928	2980.838	2986.892	29280	0	159
2025.03.14	08:00:00	2986.921	3004.918	2985.200	2993.503	36429	0	159
2025.03.14	12:00:00	2993.477	2999.673	2978.396	2984.607	69136	0	159
2025.03.14	16:00:00	2984.569	2990.429	2982.140	2984.005	27435	0	159
2025.03.14	20:00:00	2983.985	2988.812	2981.677	2986.370	3461	0	159
2025.03.16	20:00:00	2987.601	2994.118	2986.054	2990.061	7871	0	159
2025.03.17	00:00:00	2989.965	2993.097	2985.220	2986.917	24428	0	159
2025.03.17	04:00:00	2986.943	2990.735	2982.158	2985.538	19465	0	159
2025.03.17	08:00:00	2985.506	3001.217	2983.028	2997.475	22030	0	159
2025.03.17	12:00:00	2997.515	3000.512	2984.720	2997.122	52910	0	159
2025.03.17	16:00:00	2997.169	3000.838	2993.027	3000.173	23582	0	159
2025.03.17	20:00:00	3000.214	3002.783	2999.583	2999.831	7165	0	159
2025.03.18	00:00:00	2999.803	3015.054	2999.490	3011.333	28019	0	159
2025.03.18	04:00:00	3011.340	3018.955	3006.066	3016.416	26816	0	159
2025.03.18	08:00:00	3016.460	3029.533	3016.329	3026.839	28729	0	159
2025.03.18	12:00:00	3026.842	3038.334	3024.720	3031.758	60172	0	159
2025.03.18	16:00:00	3031.719	3037.933	3029.741	3035.615	26580	0	159
2025.03.18	20:00:00	3035.643	3035.974	3031.512	3031.774	7867	0	159
2025.03.19	00:00:00	3031.801	3039.029	3027.320	3036.325	20194	0	159
2025.03.19	04:00:00	3036.291	3045.362	3034.256	3035.896	31322	0	159
2025.03.19	08:00:00	3035.949	3039.949	3022.738	3038.946	28243	0	159
2025.03.19	12:00:00	3038.955	3041.152	3025.845	3031.458	42505	0	159
2025.03.19	16:00:00	3031.482	3051.982	3029.363	3047.858	44238	0	159
2025.03.19	20:00:00	3047.818	3051.335	3044.205	3050.026	10349	0	159
2025.03.20	00:00:00	3050.023	3056.177	3045.018	3049.964	34924	0	159
2025.03.20	04:00:00	3050.068	3057.484	3041.780	3042.287	32522	0	159
2025.03.20	08:00:00	3042.229	3046.254	3025.635	3034.433	40475	0	159
2025.03.20	12:00:00	3034.467	3042.329	3029.883	3040.765	50197	0	159
2025.03.20	16:00:00	3040.802	3046.094	3033.884	3044.602	28097	0	159
2025.03.20	20:00:00	3044.561	3046.598	3043.503	3046.409	7014	0	159
2025.03.21	00:00:00	3046.335	3047.435	3029.974	3030.585	25611	0	159
2025.03.21	04:00:00	3030.539	3033.939	3021.553	3031.927	27901	0	159
2025.03.21	08:00:00	3031.991	3037.670	3027.060	3034.332	28002	0	159
2025.03.21	12:00:00	3034.382	3038.128	2999.385	3011.072	78191	0	159
2025.03.21	16:00:00	3011.037	3022.022	3010.660	3020.001	30120	0	159
2025.03.21	20:00:00	3020.037	3024.274	3019.974	3023.493	3767	0	160
2025.03.23	20:00:00	3023.441	3026.331	3022.143	3024.721	6789	0	159
2025.03.24	00:00:00	3024.709	3025.648	3013.646	3016.963	31894	0	159
2025.03.24	04:00:00	3017.002	3028.914	3016.524	3022.361	24555	0	159
2025.03.24	08:00:00	3022.329	3033.208	3021.839	3024.642	29522	0	159
2025.03.24	12:00:00	3024.602	3028.633	3005.745	3014.036	51214	0	159
2025.03.24	16:00:00	3013.997	3015.662	3002.466	3006.133	30563	0	159
2025.03.24	20:00:00	3006.096	3014.630	3005.559	3009.910	8763	0	159
2025.03.25	00:00:00	3009.945	3016.222	3007.507	3015.248	21463	0	159
2025.03.25	04:00:00	3015.284	3021.009	3010.521	3011.130	20141	0	159
2025.03.25	08:00:00	3011.151	3026.436	3010.681	3020.775	25582	0	159
2025.03.25	12:00:00	3020.738	3035.987	3014.108	3021.561	51510	0	159
2025.03.25	16:00:00	3021.592	3025.544	3017.721	3019.590	23082	0	159
2025.03.25	20:00:00	3019.616	3022.478	3018.767	3021.041	6379	0	159
2025.03.26	00:00:00	3021.037	3027.135	3016.394	3017.616	26361	0	159
2025.03.26	04:00:00	3017.544	3030.788	3013.218	3030.471	24938	0	159
2025.03.26	08:00:00	3030.509	3032.042	3016.886	3027.595	26113	0	159
2025.03.26	12:00:00	3027.540	3029.971	3012.325	3015.878	41793	0	159
2025.03.26	16:00:00	3015.911	3020.861	3015.158	3017.342	23334	0	159
2025.03.26	20:00:00	3017.367	3021.848	3017.162	3021.623	11610	0	159
2025.03.27	00:00:00	3021.563	3034.286	3021.522	3033.568	26134	0	159
2025.03.27	04:00:00	3033.610	3038.632	3026.675	3035.850	31987	0	159
2025.03.27	08:00:00	3035.827	3055.898	3033.759	3054.566	37307	0	159
2025.03.27	12:00:00	3054.548	3059.885	3033.406	3052.206	72072	0	159
2025.03.27	16:00:00	3052.123	3057.831	3047.801	3057.468	33106	0	159
2025.03.27	20:00:00	3057.438	3057.637	3054.134	3055.710	8362	0	159
2025.03.28	00:00:00	3055.726	3077.570	3054.993	3075.326	35009	0	159
2025.03.28	04:00:00	3075.250	3085.992	3072.446	3079.348	29610	0	159
2025.03.28	08:00:00	3079.302	3081.231	3066.153	3076.372	31262	0	159
2025.03.28	12:00:00	3076.344	3086.759	3067.255	3083.741	80570	0	159
2025.03.28	16:00:00	3083.695	3086.742	3073.488	3080.734	32781	0	159
2025.03.28	20:00:00	3080.809	3085.955	3080.809	3085.002	4569	0	159
2025.03.30	20:00:00	3092.531	3097.861	3087.793	3089.213	13212	0	159
2025.03.31	00:00:00	3089.159	3111.675	3076.841	3107.126	59089	0	159
2025.03.31	04:00:00	3107.072	3128.165	3105.913	3124.523	47504	0	159
2025.03.31	08:00:00	3124.477	3127.156	3111.829	3119.480	38605	0	159
2025.03.31	12:00:00	3119.471	3127.237	3099.753	3113.807	88995	0	159
2025.03.31	16:00:00	3113.847	3124.613	3111.565	3124.360	32464	0	159
2025.03.31	20:00:00	3124.320	3126.465	3120.024	3120.581	9915	0	159
2025.04.01	00:00:00	3120.561	3147.383	3120.227	3146.028	49630	0	159
2025.04.01	04:00:00	3146.000	3149.059	3124.073	3127.638	55585	0	159
2025.04.01	08:00:00	3127.594	3138.997	3126.392	3130.319	35933	0	159
2025.04.01	12:00:00	3130.354	3137.100	3113.376	3113.725	73438	0	159
2025.04.01	16:00:00	3113.690	3119.013	3100.761	3118.723	45221	0	159
2025.04.01	20:00:00	3118.681	3120.794	3107.742	3115.168	12597	0	159
2025.04.02	00:00:00	3115.160	3135.703	3112.970	3125.489	43279	0	159
2025.04.02	04:00:00	3125.458	3126.779	3108.623	3125.314	37962	0	159
2025.04.02	08:00:00	3125.275	3133.878	3110.052	3121.300	40372	0	159
2025.04.02	12:00:00	3121.242	3132.101	3116.597	3125.883	57549	0	159
2025.04.02	16:00:00	3125.837	3134.396	3118.666	3124.397	34964	0	159
2025.04.02	20:00:00	3124.364	3167.792	3104.742	3162.712	105270	0	159
2025.04.03	00:00:00	3162.550	3164.812	3140.717	3148.066	100847	0	159
2025.04.03	04:00:00	3148.020	3149.676	3116.392	3128.957	76068	0	159
2025.04.03	08:00:00	3129.011	3132.019	3085.048	3093.188	87953	0	159
2025.04.03	12:00:00	3093.193	3135.570	3054.052	3110.521	167951	0	159
2025.04.03	16:00:00	3110.556	3114.282	3099.949	3107.592	47718	0	159
2025.04.03	20:00:00	3107.567	3119.962	3107.200	3112.884	17509	0	159
2025.04.04	00:00:00	3112.908	3115.817	3086.989	3098.481	53686	0	159
2025.04.04	04:00:00	3098.435	3109.960	3091.993	3092.850	50022	0	159
2025.04.04	08:00:00	3092.883	3136.756	3078.420	3110.239	109531	0	159
2025.04.04	12:00:00	3110.248	3111.860	3016.939	3021.951	204586	0	159
2025.04.04	16:00:00	3021.908	3040.925	3015.593	3036.427	89676	0	159
2025.04.04	20:00:00	3036.464	3040.940	3033.840	3038.506	9006	0	159
2025.04.06	20:00:00	3028.686	3032.445	2977.024	2999.944	46371	0	159
2025.04.07	00:00:00	2999.954	3055.804	2970.689	3018.926	170058	0	159
2025.04.07	04:00:00	3018.955	3044.629	3013.200	3018.569	101878	0	159
2025.04.07	08:00:00	3018.537	3046.148	3017.685	3031.270	90886	0	159
2025.04.07	12:00:00	3031.296	3038.036	2979.810	2987.544	205224	0	159
2025.04.07	16:00:00	2987.452	2987.862	2956.374	2976.636	94714	0	159
2025.04.07	20:00:00	2976.590	2988.669	2969.884	2981.328	22719	0	159
2025.04.08	00:00:00	2981.363	3004.876	2980.306	2994.741	69744	0	159
2025.04.08	04:00:00	2994.716	3015.779	2990.880	3003.607	62672	0	159
2025.04.08	08:00:00	3003.579	3019.502	2994.793	3017.379	42566	0	159
2025.04.08	12:00:00	3017.467	3022.746	3001.241	3001.545	79353	0	159
2025.04.08	16:00:00	3001.596	3001.596	2974.596	2984.959	56676	0	159
2025.04.08	20:00:00	2984.996	2990.888	2969.978	2978.367	21830	0	159
2025.04.09	00:00:00	2978.398	3011.285	2972.466	3004.464	78566	0	159
2025.04.09	04:00:00	3004.464	3052.375	2999.507	3041.091	76762	0	159
2025.04.09	08:00:00	3041.050	3068.113	3036.074	3066.596	65575	0	159
2025.04.09	12:00:00	3066.641	3087.773	3042.626	3086.288	100223	0	159
2025.04.09	16:00:00	3086.330	3099.673	3048.521	3093.574	109921	0	159
2025.04.09	20:00:00	3093.620	3095.551	3071.426	3086.784	26800	0	159
2025.04.10	00:00:00	3086.745	3131.834	3078.431	3125.408	77900	0	159
2025.04.10	04:00:00	3125.386	3132.616	3106.551	3108.703	49235	0	159
2025.04.10	08:00:00	3108.704	3125.650	3103.182	3124.648	48206	0	159
2025.04.10	12:00:00	3124.677	3174.993	3116.011	3157.982	100501	0	159
2025.04.10	16:00:00	3157.950	3176.415	3151.517	3170.773	59471	0	159
2025.04.10	20:00:00	3170.749	3191.341	3168.437	3188.972	23586	0	159
2025.04.11	00:00:00	3188.993	3220.137	3184.783	3217.686	85385	0	159
2025.04.11	04:00:00	3217.693	3219.286	3187.187	3212.406	73428	0	159
2025.04.11	08:00:00	3212.430	3237.840	3208.510	3213.872	73631	0	159
2025.04.11	12:00:00	3213.910	3244.158	3211.033	3240.577	96959	0	159
2025.04.11	16:00:00	3240.602	3245.436	3219.561	3231.084	48781	0	159
2025.04.11	20:00:00	3231.057	3238.974	3230.864	3237.519	5154	0	159
2025.04.13	20:00:00	3220.460	3224.786	3213.589	3223.733	19664	0	159
2025.04.14	00:00:00	3223.699	3245.757	3215.380	3232.444	54673	0	159
2025.04.14	04:00:00	3232.445	3238.198	3221.386	3228.013	39555	0	159
2025.04.14	08:00:00	3227.973	3231.724	3206.301	3223.359	51908	0	159
2025.04.14	12:00:00	3223.332	3227.712	3193.552	3198.051	75714	0	159
2025.04.14	16:00:00	3198.089	3216.602	3197.637	3212.699	32562	0	159
2025.04.14	20:00:00	3212.745	3215.225	3207.342	3212.626	11436	0	159
2025.04.15	00:00:00	3212.601	3228.936	3210.002	3228.304	34975	0	159
2025.04.15	04:00:00	3228.345	3232.704	3217.361	3225.671	31288	0	159
2025.04.15	08:00:00	3225.623	3232.171	3216.776	3220.164	31499	0	159
2025.04.15	12:00:00	3220.192	3226.933	3211.555	3221.371	47762	0	159
2025.04.15	16:00:00	3221.394	3231.877	3219.486	3229.793	21557	0	159
2025.04.15	20:00:00	3229.860	3251.826	3226.453	3251.780	17786	0	159
2025.04.16	00:00:00	3251.804	3281.750	3251.590	3281.401	54598	0	159
2025.04.16	04:00:00	3281.401	3300.663	3269.290	3300.433	44780	0	159
2025.04.16	08:00:00	3300.386	3317.821	3288.550	3306.842	58292	0	159
2025.04.16	12:00:00	3306.798	3328.141	3296.871	3325.328	72936	0	159
2025.04.16	16:00:00	3325.216	3342.462	3321.409	3336.694	42360	0	159
2025.04.16	20:00:00	3336.720	3357.738	3334.437	3350.133	22453	0	159
2025.04.17	00:00:00	3350.168	3356.316	3320.801	3344.538	75021	0	159
2025.04.17	04:00:00	3344.490	3345.445	3314.279	3323.323	51782	0	159
2025.04.17	08:00:00	3323.360	3334.181	3312.657	3327.371	39109	0	159
2025.04.17	12:00:00	3327.322	3342.433	3283.828	3296.431	99843	0	159
2025.04.17	16:00:00	3296.335	3322.464	3294.904	3320.747	37741	0	159
2025.04.17	20:00:00	3320.691	3328.838	3317.996	3327.671	5309	0	159
2025.04.20	20:00:00	3331.849	3353.144	3331.312	3348.078	23638	0	159
2025.04.21	00:00:00	3348.119	3385.242	3347.487	3382.472	60027	0	159
2025.04.21	04:00:00	3382.465	3396.018	3369.599	3385.121	45508	0	159
2025.04.21	08:00:00	3385.031	3405.924	3383.676	3404.443	38947	0	159
2025.04.21	12:00:00	3404.543	3430.240	3397.966	3422.941	84728	0	159
2025.04.21	16:00:00	3422.897	3430.547	3405.988	3423.431	40381	0	159
2025.04.21	20:00:00	3423.458	3444.257	3419.628	3434.548	26852	0	159
2025.04.22	00:00:00	3434.524	3494.843	3412.180	3487.776	94789	0	159
2025.04.22	04:00:00	3487.894	3500.033	3460.861	3468.670	92183	0	159
2025.04.22	08:00:00	3468.634	3472.689	3443.151	3456.715	68451	0	159
2025.04.22	12:00:00	3456.706	3464.829	3408.591	3417.729	127191	0	159
2025.04.22	16:00:00	3417.678	3421.075	3366.745	3374.789	110180	0	159
2025.04.22	20:00:00	3374.818	3382.727	3315.828	3336.561	54153	0	159
2025.04.23	00:00:00	3336.607	3386.643	3329.160	3338.878	114665	0	159
2025.04.23	04:00:00	3338.956	3349.383	3291.789	3319.130	91316	0	159
2025.04.23	08:00:00	3319.185	3340.577	3305.439	3324.594	58678	0	159
2025.04.23	12:00:00	3324.677	3333.344	3260.042	3280.424	150608	0	159
2025.04.23	16:00:00	3280.386	3305.553	3277.824	3293.916	55662	0	159
2025.04.23	20:00:00	3293.943	3316.882	3283.903	3316.384	23652	0	159
2025.04.24	00:00:00	3316.351	3367.502	3313.286	3327.074	97878	0	159
2025.04.24	04:00:00	3326.925	3339.837	3314.775	3333.586	61389	0	159
2025.04.24	08:00:00	3333.792	3343.988	3325.428	3336.917	44801	0	159
2025.04.24	12:00:00	3336.948	3344.719	3306.739	3329.391	84187	0	159
2025.04.24	16:00:00	3329.365	3347.026	3322.437	3342.226	35494	0	159
2025.04.24	20:00:00	3342.266	3370.789	3338.128	3348.976	26730	0	159
2025.04.25	00:00:00	3348.948	3363.157	3322.653	3323.655	58401	0	159
2025.04.25	04:00:00	3323.681	3327.775	3287.021	3307.449	81206	0	159
2025.04.25	08:00:00	3307.408	3308.792	3287.911	3293.455	49026	0	159
2025.04.25	12:00:00	3293.426	3303.054	3265.000	3282.899	87878	0	159
2025.04.25	16:00:00	3282.885	3312.399	3280.372	3304.818	36973	0	159
2025.04.25	20:00:00	3304.856	3319.226	3304.569	3318.798	7472	0	159
2025.04.27	20:00:00	3325.640	3330.215	3298.606	3302.739	25677	0	159
2025.04.28	00:00:00	3302.745	3315.965	3268.048	3290.902	77620	0	159
2025.04.28	04:00:00	3290.894	3301.054	3277.686	3287.445	46458	0	159
2025.04.28	08:00:00	3287.401	3297.230	3273.268	3294.176	38885	0	159
2025.04.28	12:00:00	3294.297	3336.044	3286.851	3325.005	78634	0	159
2025.04.28	16:00:00	3325.050	3353.006	3324.496	3352.076	41085	0	159
2025.04.28	20:00:00	3352.107	3352.380	3332.318	3337.682	24076	0	159
2025.04.29	00:00:00	3337.643	3340.061	3308.016	3316.030	59172	0	159
2025.04.29	04:00:00	3316.057	3323.895	3305.084	3323.042	39215	0	159
2025.04.29	08:00:00	3323.066	3324.923	3306.159	3309.416	33213	0	159
2025.04.29	12:00:00	3309.349	3321.302	3299.649	3312.455	75153	0	159
2025.04.29	16:00:00	3312.477	3330.013	3312.156	3320.535	34993	0	159
2025.04.29	20:00:00	3320.510	3323.514	3310.949	3317.122	15521	0	159
2025.04.30	00:00:00	3317.122	3327.982	3303.739	3304.753	42970	0	159
2025.04.30	04:00:00	3304.765	3314.658	3301.337	3307.203	31467	0	159
2025.04.30	08:00:00	3307.242	3307.704	3268.288	3272.115	49562	0	159
2025.04.30	12:00:00	3272.307	3319.790	3266.901	3307.955	103016	0	159
2025.04.30	16:00:00	3308.004	3314.279	3292.053	3295.820	38541	0	159
2025.04.30	20:00:00	3295.854	3297.968	3269.738	3272.887	31862	0	159
2025.05.01	00:00:00	3272.922	3276.329	3228.894	3229.493	75194	0	159
2025.05.01	04:00:00	3229.496	3243.197	3221.228	3230.192	51808	0	159
2025.05.01	08:00:00	3230.149	3236.721	3203.334	3205.502	41269	0	159
2025.05.01	12:00:00	3205.465	3233.320	3201.862	3216.414	92348	0	159
2025.05.01	16:00:00	3216.437	3229.732	3208.917	3228.250	35950	0	159
2025.05.01	20:00:00	3228.223	3243.462	3228.039	3237.253	21883	0	159
2025.05.02	00:00:00	3237.291	3258.758	3227.533	3254.941	44879	0	159
2025.05.02	04:00:00	3255.020	3263.339	3246.327	3258.895	36520	0	159
2025.05.02	08:00:00	3258.920	3269.242	3255.161	3262.698	36488	0	159
2025.05.02	12:00:00	3262.684	3264.934	3230.262	3231.601	100252	0	159
2025.05.02	16:00:00	3231.604	3239.868	3222.721	3233.555	56129	0	159
2025.05.02	20:00:00	3233.581	3241.232	3232.659	3240.947	5887	0	159
2025.05.04	20:00:00	3238.490	3252.300	3237.562	3247.922	17230	0	159
2025.05.05	00:00:00	3247.969	3272.376	3241.180	3254.585	48312	0	159
2025.05.05	04:00:00	3254.517	3267.748	3253.616	3264.760	37485	0	159
2025.05.05	08:00:00	3264.797	3318.985	3263.086	3312.919	52932	0	159
2025.05.05	12:00:00	3312.861	3328.838	3309.006	3312.065	65068	0	159
2025.05.05	16:00:00	3312.028	3337.678	3305.577	3328.793	39973	0	159
2025.05.05	20:00:00	3328.760	3338.019	3327.401	3334.031	19337	0	159
2025.05.06	00:00:00	3334.038	3387.027	3323.139	3360.401	97684	0	159
2025.05.06	04:00:00	3360.330	3379.589	3350.195	3371.200	54043	0	159
2025.05.06	08:00:00	3371.313	3385.084	3368.547	3379.104	44765	0	159
2025.05.06	12:00:00	3379.195	3399.888	3373.128	3395.098	72697	0	159
2025.05.06	16:00:00	3395.083	3424.094	3394.673	3423.168	41788	0	159
2025.05.06	20:00:00	3423.139	3435.016	3376.840	3400.680	64712	0	159
2025.05.07	00:00:00	3400.723	3401.666	3360.068	3375.541	98928	0	159
2025.05.07	04:00:00	3375.495	3397.425	3374.962	3388.029	46266	0	159
2025.05.07	08:00:00	3387.971	3393.387	3369.161	3387.083	45561	0	159
2025.05.07	12:00:00	3387.055	3398.139	3375.662	3385.270	69064	0	159
2025.05.07	16:00:00	3385.224	3398.028	3363.692	3371.904	75639	0	159
2025.05.07	20:00:00	3371.961	3377.185	3363.733	3376.488	21244	0	159
2025.05.08	00:00:00	3376.515	3414.851	3373.803	3396.864	65625	0	159
2025.05.08	04:00:00	3396.826	3399.413	3320.253	3342.884	92297	0	159
2025.05.08	08:00:00	3342.882	3346.695	3330.390	3344.381	46345	0	159
2025.05.08	12:00:00	3344.311	3369.562	3326.803	3330.509	86795	0	159
2025.05.08	16:00:00	3330.470	3330.470	3288.697	3306.384	70110	0	159
2025.05.08	20:00:00	3306.434	3324.005	3303.853	3316.412	25682	0	159
2025.05.09	00:00:00	3316.448	3323.138	3274.664	3308.106	80745	0	159
2025.05.09	04:00:00	3308.099	3332.258	3308.099	3327.102	49681	0	159
2025.05.09	08:00:00	3327.154	3338.358	3320.241	3332.996	38988	0	159
2025.05.09	12:00:00	3333.066	3346.044	3320.298	3345.056	63179	0	159
2025.05.09	16:00:00	3345.117	3347.556	3325.458	3328.802	32089	0	159
2025.05.09	20:00:00	3328.760	3330.295	3325.142	3326.805	5098	0	159
2025.05.11	20:00:00	3282.255	3292.600	3265.847	3287.561	32302	0	159
2025.05.12	00:00:00	3287.506	3290.026	3258.751	3283.250	77703	0	159
2025.05.12	04:00:00	3283.214	3283.643	3216.108	3222.647	85561	0	159
2025.05.12	08:00:00	3222.784	3234.465	3207.693	3224.862	80065	0	159
2025.05.12	12:00:00	3224.822	3248.642	3220.283	3239.262	95217	0	159
2025.05.12	16:00:00	3239.237	3240.112	3220.295	3235.394	41780	0	159
2025.05.12	20:00:00	3235.355	3241.807	3229.864	3236.858	18049	0	159
2025.05.13	00:00:00	3236.906	3243.423	3215.880	3236.743	57760	0	159
2025.05.13	04:00:00	3236.719	3265.659	3234.916	3259.098	44396	0	159
2025.05.13	08:00:00	3259.139	3261.284	3248.781	3249.156	34729	0	159
2025.05.13	12:00:00	3249.098	3255.899	3225.476	3253.325	82206	0	159
2025.05.13	16:00:00	3253.293	3257.794	3242.016	3249.324	30767	0	159
2025.05.13	20:00:00	3249.355	3257.165	3248.043	3254.410	12926	0	159
2025.05.14	00:00:00	3254.388	3254.658	3226.212	3228.366	52345	0	159
2025.05.14	04:00:00	3228.442	3238.874	3221.570	3238.085	42162	0	159
2025.05.14	08:00:00	3237.990	3243.897	3219.436	3220.132	45653	0	159
2025.05.14	12:00:00	3220.142	3222.534	3174.875	3182.674	111525	0	159
2025.05.14	16:00:00	3182.629	3190.897	3167.933	3180.587	45262	0	159
2025.05.14	20:00:00	3180.613	3187.312	3177.056	3186.127	15007	0	159
2025.05.15	00:00:00	3186.011	3192.710	3148.326	3150.594	57268	0	159
2025.05.15	04:00:00	3150.546	3153.903	3120.650	3142.318	64915	0	159
2025.05.15	08:00:00	3142.244	3180.039	3139.065	3179.180	47755	0	159
2025.05.15	12:00:00	3179.141	3220.088	3177.530	3219.740	80289	0	159
2025.05.15	16:00:00	3219.780	3232.731	3215.873	3232.003	33511	0	159
2025.05.15	20:00:00	3231.973	3252.105	3231.094	3237.150	26790	0	159
2025.05.16	00:00:00	3237.175	3244.613	3206.530	3211.889	66193	0	159
2025.05.16	04:00:00	3211.969	3231.343	3205.365	3207.680	48117	0	159
2025.05.16	08:00:00	3207.572	3212.954	3154.289	3163.104	62587	0	159
2025.05.16	12:00:00	3163.221	3188.582	3154.861	3183.479	93328	0	159
2025.05.16	16:00:00	3183.513	3195.802	3180.462	3192.615	33963	0	159
2025.05.16	20:00:00	3192.583	3202.954	3192.129	3202.217	8633	0	159
2025.05.18	20:00:00	3214.226	3245.252	3211.713	3234.910	28622	0	159
2025.05.19	00:00:00	3234.947	3249.812	3208.040	3212.270	68368	0	159
2025.05.19	04:00:00	3212.232	3234.640	3206.584	3232.317	46914	0	159
2025.05.19	08:00:00	3232.361	3248.539	3229.943	3243.820	40157	0	159
2025.05.19	12:00:00	3243.817	3244.495	3217.216	3231.662	67534	0	159
2025.05.19	16:00:00	3231.687	3235.866	3225.216	3233.010	28935	0	159
2025.05.19	20:00:00	3233.056	3233.789	3219.097	3222.532	14868	0	159
2025.05.20	00:00:00	3222.561	3232.810	3204.521	3211.411	52028	0	159
2025.05.20	04:00:00	3211.394	3225.430	3207.946	3222.843	40424	0	159
2025.05.20	08:00:00	3222.819	3241.611	3218.328	3241.138	35188	0	159
2025.05.20	12:00:00	3241.221	3285.837	3232.804	3277.264	88131	0	159
2025.05.20	16:00:00	3277.239	3295.191	3275.204	3294.078	32429	0	159
2025.05.20	20:00:00	3294.130	3304.072	3288.505	3290.695	26382	0	159
2025.05.21	00:00:00	3290.734	3314.680	3285.420	3307.544	60263	0	159
2025.05.21	04:00:00	3307.505	3320.734	3298.404	3309.906	45424	0	159
2025.05.21	08:00:00	3309.933	3318.297	3303.946	3311.217	38957	0	159
2025.05.21	12:00:00	3311.202	3315.197	3290.693	3311.978	76786	0	159
2025.05.21	16:00:00	3311.990	3324.897	3302.765	3318.389	42432	0	159
2025.05.21	20:00:00	3318.423	3324.213	3313.164	3320.085	20282	0	159
2025.05.22	00:00:00	3320.121	3345.472	3319.389	3335.440	51364	0	159
2025.05.22	04:00:00	3335.451	3339.533	3322.607	3327.621	40167	0	159
2025.05.22	08:00:00	3327.636	3329.840	3282.977	3314.466	64874	0	159
2025.05.22	12:00:00	3314.428	3315.775	3279.252	3294.675	93180	0	159
2025.05.22	16:00:00	3294.722	3304.860	3288.982	3290.270	38224	0	159
2025.05.22	20:00:00	3290.339	3301.978	3289.593	3300.146	14813	0	159
2025.05.23	00:00:00	3300.172	3308.908	3286.942	3302.070	53815	0	159
2025.05.23	04:00:00	3302.097	3334.502	3301.915	3329.145	42626	0	159
2025.05.23	08:00:00	3329.191	3349.797	3322.548	3347.926	55140	0	159
2025.05.23	12:00:00	3347.966	3364.573	3336.556	3361.655	112432	0	159
2025.05.23	16:00:00	3361.687	3365.925	3356.348	3360.785	33644	0	159
2025.05.23	20:00:00	3360.743	3361.733	3356.103	3356.275	5500	0	159
2025.05.25	20:00:00	3352.095	3352.480	3341.363	3342.691	22866	0	159
2025.05.26	00:00:00	3342.658	3356.859	3331.390	3347.636	50738	0	159
2025.05.26	04:00:00	3347.639	3351.906	3332.124	3337.379	35027	0	159
2025.05.26	08:00:00	3337.404	3339.651	3323.485	3333.130	31250	0	159
2025.05.26	12:00:00	3333.152	3341.649	3326.350	3337.957	31096	0	159
2025.05.26	16:00:00	3337.998	3343.666	3337.521	3341.558	7831	0	159
2025.05.26	20:00:00	3346.458	3348.840	3342.829	3346.139	9225	0	159
2025.05.27	00:00:00	3346.182	3350.029	3331.784	3341.217	34472	0	159
2025.05.27	04:00:00	3341.188	3341.485	3292.535	3296.244	62038	0	159
2025.05.27	08:00:00	3296.214	3310.344	3287.652	3288.403	53651	0	159
2025.05.27	12:00:00	3288.399	3304.926	3285.089	3293.605	59680	0	159
2025.05.27	16:00:00	3293.612	3308.008	3292.969	3304.380	23699	0	159
2025.05.27	20:00:00	3304.356	3310.957	3297.621	3309.435	15672	0	159
2025.05.28	00:00:00	3309.431	3315.754	3291.643	3297.757	43240	0	159
2025.05.28	04:00:00	3297.720	3322.406	3294.383	3319.221	38592	0	159
2025.05.28	08:00:00	3319.251	3325.529	3307.461	3311.143	32508	0	159
2025.05.28	12:00:00	3311.142	3316.438	3292.510	3296.094	55490	0	159
2025.05.28	16:00:00	3296.125	3303.065	3288.560	3296.983	30450	0	159
2025.05.28	20:00:00	3297.006	3297.340	3250.273	3259.895	44934	0	159
2025.05.29	00:00:00	3259.921	3280.165	3245.439	3274.545	75310	0	159
2025.05.29	04:00:00	3274.635	3287.505	3265.986	3286.561	39116	0	159
2025.05.29	08:00:00	3286.517	3305.549	3276.262	3299.719	36800	0	159
2025.05.29	12:00:00	3299.844	3322.051	3298.550	3321.578	68819	0	159
2025.05.29	16:00:00	3321.664	3331.225	3315.512	3316.615	34467	0	159
2025.05.29	20:00:00	3316.586	3321.095	3312.854	3315.503	13656	0	159
2025.05.30	00:00:00	3315.498	3322.742	3291.219	3294.531	48033	0	159
2025.05.30	04:00:00	3294.458	3304.994	3287.370	3295.002	39677	0	159
2025.05.30	08:00:00	3294.975	3300.669	3288.620	3294.055	33320	0	159
2025.05.30	12:00:00	3294.054	3308.311	3271.526	3288.676	101728	0	159
2025.05.30	16:00:00	3288.616	3295.778	3283.957	3294.826	36755	0	159
2025.05.30	20:00:00	3294.937	3295.834	3288.642	3289.665	4799	0	159
2025.06.01	20:00:00	3303.113	3316.742	3299.873	3310.255	17004	0	159
2025.06.02	00:00:00	3310.213	3314.959	3301.409	3308.743	37616	0	159
2025.06.02	04:00:00	3308.806	3359.037	3308.791	3352.562	43050	0	159
2025.06.02	08:00:00	3352.655	3360.152	3344.361	3356.324	37254	0	159
2025.06.02	12:00:00	3356.296	3379.064	3350.319	3374.294	68018	0	159
2025.06.02	16:00:00	3374.319	3382.346	3369.285	3381.539	30382	0	159
2025.06.02	20:00:00	3381.499	3392.238	3378.364	3387.456	18056	0	159
2025.06.03	00:00:00	3387.407	3388.687	3359.685	3361.087	56918	0	159
2025.06.03	04:00:00	3361.174	3367.715	3351.149	3359.648	41980	0	159
2025.06.03	08:00:00	3359.752	3364.905	3353.305	3359.294	29169	0	159
2025.06.03	12:00:00	3359.323	3363.123	3333.053	3350.304	62444	0	159
2025.06.03	16:00:00	3350.368	3355.537	3344.633	3352.657	23067	0	159
2025.06.03	20:00:00	3352.617	3361.657	3352.469	3359.996	11139	0	159
2025.06.04	00:00:00	3359.943	3372.627	3346.452	3359.246	40397	0	159
2025.06.04	04:00:00	3359.236	3365.217	3347.999	3354.721	36501	0	159
2025.06.04	08:00:00	3354.679	3364.972	3343.720	3346.577	35093	0	159
2025.06.04	12:00:00	3346.613	3384.709	3344.330	3371.763	68618	0	159
2025.06.04	16:00:00	3371.724	3382.217	3370.832	3373.614	24693	0	159
2025.06.04	20:00:00	3373.566	3379.080	3370.508	3378.042	12453	0	159
2025.06.05	00:00:00	3378.099	3384.183	3368.172	3369.674	37904	0	159
2025.06.05	04:00:00	3369.683	3374.534	3361.180	3371.304	32169	0	159
2025.06.05	08:00:00	3371.266	3403.592	3369.641	3392.293	49010	0	159
2025.06.05	12:00:00	3392.327	3400.197	3339.370	3344.773	136250	0	159
2025.06.05	16:00:00	3344.681	3361.404	3339.811	3356.885	46598	0	159
2025.06.05	20:00:00	3356.861	3363.592	3351.987	3361.810	16985	0	159
2025.06.06	00:00:00	3361.867	3371.811	3356.133	3369.747	35004	0	159
2025.06.06	04:00:00	3369.666	3375.685	3352.826	3359.374	36841	0	159
2025.06.06	08:00:00	3359.419	3367.782	3352.703	3358.292	32177	0	159
2025.06.06	12:00:00	3358.308	3364.421	3316.269	3332.223	120917	0	159
2025.06.06	16:00:00	3332.182	3332.774	3311.358	3312.345	35912	0	159
2025.06.06	20:00:00	3312.382	3312.896	3307.053	3311.702	5573	0	159
2025.06.08	20:00:00	3317.819	3321.215	3309.240	3318.038	14524	0	159
2025.06.09	00:00:00	3318.082	3318.699	3293.428	3310.769	51042	0	159
2025.06.09	04:00:00	3310.799	3328.652	3309.273	3324.238	31060	0	159
2025.06.09	08:00:00	3324.269	3325.685	3312.063	3317.456	29480	0	159
2025.06.09	12:00:00	3317.412	3332.070	3310.698	3328.665	50581	0	159
2025.06.09	16:00:00	3328.668	3338.240	3325.894	3327.241	25220	0	159
2025.06.09	20:00:00	3327.201	3329.500	3321.583	3326.766	12406	0	159
2025.06.10	00:00:00	3326.809	3326.851	3301.917	3307.602	47215	0	159
2025.06.10	04:00:00	3307.592	3332.201	3302.789	3330.180	43396	0	159
2025.06.10	08:00:00	3330.090	3342.587	3326.194	3333.780	29555	0	159
2025.06.10	12:00:00	3333.817	3349.153	3323.165	3326.692	59707	0	159
2025.06.10	16:00:00	3326.653	3334.536	3319.358	3328.716	28212	0	159
2025.06.10	20:00:00	3328.757	3328.958	3315.517	3327.862	19898	0	159
2025.06.11	00:00:00	3327.936	3341.566	3325.008	3339.416	34861	0	159
2025.06.11	04:00:00	3339.387	3348.531	3332.476	3345.696	31870	0	159
2025.06.11	08:00:00	3345.664	3346.742	3326.110	3333.072	36200	0	159
2025.06.11	12:00:00	3333.152	3360.764	3327.196	3333.267	92230	0	159
2025.06.11	16:00:00	3333.247	3349.268	3319.220	3346.849	50001	0	159
2025.06.11	20:00:00	3346.876	3373.534	3346.522	3365.376	25906	0	160
2025.06.12	00:00:00	3365.405	3377.804	3362.120	3373.426	47360	0	160
2025.06.12	04:00:00	3373.409	3375.783	3338.536	3346.168	43154	0	160
2025.06.12	08:00:00	3346.192	3388.581	3346.192	3379.285	56699	0	160
2025.06.12	12:00:00	3379.252	3399.045	3376.337	3385.876	85738	0	160
2025.06.12	16:00:00	3385.906	3391.374	3378.097	3388.139	31707	0	160
2025.06.12	20:00:00	3388.111	3396.320	3379.633	3395.882	15112	0	160
2025.06.13	00:00:00	3395.837	3444.400	3391.693	3425.557	111304	0	160
2025.06.13	04:00:00	3425.543	3430.310	3407.879	3414.933	55420	0	160
2025.06.13	08:00:00	3414.863	3427.684	3411.595	3422.217	49341	0	160
2025.06.13	12:00:00	3422.207	3446.819	3420.906	3426.206	78527	0	160
2025.06.13	16:00:00	3426.258	3439.473	3419.203	3432.307	39915	0	160
2025.06.13	20:00:00	3432.352	3434.780	3428.965	3433.449	6166	0	160
2025.06.15	20:00:00	3440.955	3451.251	3438.591	3444.141	24939	0	160
2025.06.16	00:00:00	3444.166	3451.224	3429.244	3431.428	51200	0	160
2025.06.16	04:00:00	3431.496	3433.261	3409.459	3412.619	48867	0	160
2025.06.16	08:00:00	3412.624	3422.697	3409.773	3415.000	36232	0	160
2025.06.16	12:00:00	3415.043	3418.128	3382.725	3404.626	86303	0	160
2025.06.16	16:00:00	3404.534	3404.992	3382.790	3384.094	32274	0	160
2025.06.16	20:00:00	3384.015	3402.977	3383.294	3402.769	20528	0	160
2025.06.17	00:00:00	3402.815	3403.256	3373.463	3387.583	52336	0	160
2025.06.17	04:00:00	3387.557	3396.289	3381.074	3387.783	36278	0	160
2025.06.17	08:00:00	3387.784	3400.203	3375.675	3388.635	45551	0	160
2025.06.17	12:00:00	3388.650	3397.536	3366.079	3379.284	78965	0	160
2025.06.17	16:00:00	3379.386	3392.499	3376.651	3385.710	38559	0	160
2025.06.17	20:00:00	3385.675	3396.217	3383.634	3387.392	15308	0	160
2025.06.18	00:00:00	3387.295	3391.524	3370.655	3390.960	35220	0	160
2025.06.18	04:00:00	3390.928	3400.011	3377.037	3385.991	36499	0	160
2025.06.18	08:00:00	3385.928	3388.415	3375.433	3382.048	31112	0	160
2025.06.18	12:00:00	3381.999	3396.852	3373.833	3392.680	58408	0	160
2025.06.18	16:00:00	3392.731	3395.827	3362.867	3366.818	63022	0	160
2025.06.18	20:00:00	3366.771	3379.890	3362.474	3375.023	20924	0	160
2025.06.19	00:00:00	3375.042	3387.968	3369.684	3373.609	35654	0	160
2025.06.19	04:00:00	3373.609	3375.326	3347.456	3365.954	51545	0	160
2025.06.19	08:00:00	3365.968	3379.050	3362.210	3371.967	34203	0	160
2025.06.19	12:00:00	3371.971	3372.963	3361.497	3369.260	41355	0	160
2025.06.19	16:00:00	3369.223	3374.140	3366.155	3373.455	7476	0	160
2025.06.19	20:00:00	3369.491	3370.445	3361.986	3368.739	14116	0	160
2025.06.20	00:00:00	3368.763	3370.350	3344.625	3355.507	40529	0	160
2025.06.20	04:00:00	3355.539	3357.656	3340.345	3347.691	34429	0	160
2025.06.20	08:00:00	3347.657	3359.224	3346.540	3347.051	30572	0	160
2025.06.20	12:00:00	3347.094	3374.477	3341.887	3369.856	54346	0	160
2025.06.20	16:00:00	3369.786	3373.365	3364.606	3365.625	21416	0	160
2025.06.20	20:00:00	3365.578	3369.314	3364.690	3368.546	4102	0	160
2025.06.22	20:00:00	3384.117	3388.960	3371.173	3372.755	26322	0	160
2025.06.23	00:00:00	3372.776	3373.551	3351.846	3363.372	45415	0	160
2025.06.23	04:00:00	3363.385	3365.061	3346.971	3357.627	32037	0	160
2025.06.23	08:00:00	3357.672	3382.055	3357.672	3380.596	32657	0	160
2025.06.23	12:00:00	3380.667	3389.820	3355.868	3387.240	63691	0	160
2025.06.23	16:00:00	3387.200	3393.565	3375.607	3376.362	48182	0	160
2025.06.23	20:00:00	3376.320	3377.295	3341.462	3344.235	32780	0	160
2025.06.24	00:00:00	3344.270	3357.912	3333.168	3352.476	49853	0	160
2025.06.24	04:00:00	3352.403	3353.419	3316.022	3329.645	56450	0	160
2025.06.24	08:00:00	3329.658	3332.320	3317.829	3321.214	35634	0	160
2025.06.24	12:00:00	3321.181	3321.181	3295.339	3313.261	76575	0	160
2025.06.24	16:00:00	3313.296	3325.184	3311.276	3323.479	27158	0	160
2025.06.24	20:00:00	3323.526	3324.882	3320.842	3324.142	10128	0	160
2025.06.25	00:00:00	3324.139	3335.209	3323.627	3328.295	26393	0	160
2025.06.25	04:00:00	3328.284	3337.096	3325.797	3330.631	23184	0	160
2025.06.25	08:00:00	3330.656	3332.414	3321.397	3322.667	29352	0	160
2025.06.25	12:00:00	3322.660	3329.499	3311.894	3325.627	40173	0	160
2025.06.25	16:00:00	3325.667	3336.068	3324.142	3333.706	27225	0	160
2025.06.25	20:00:00	3333.745	3340.158	3331.264	3339.028	13241	0	160
2025.06.26	00:00:00	3338.987	3343.223	3329.181	3337.991	29998	0	160
2025.06.26	04:00:00	3338.026	3347.239	3330.967	3346.051	26914	0	160
2025.06.26	08:00:00	3346.066	3350.370	3331.469	3332.921	30659	0	160
2025.06.26	12:00:00	3332.937	3344.056	3309.947	3324.808	69794	0	160
2025.06.26	16:00:00	3324.881	3336.501	3323.729	3331.301	26737	0	160
2025.06.26	20:00:00	3331.407	3332.327	3316.229	3318.758	13455	0	160
2025.06.27	00:00:00	3318.767	3322.012	3292.557	3294.318	38400	0	160
2025.06.27	04:00:00	3294.364	3300.941	3283.394	3284.458	45777	0	160
2025.06.27	08:00:00	3284.502	3291.132	3276.009	3281.389	40190	0	160
2025.06.27	12:00:00	3281.358	3282.303	3255.821	3274.655	80201	0	160
2025.06.27	16:00:00	3274.574	3282.802	3268.340	3270.578	32140	0	160
2025.06.27	20:00:00	3270.616	3275.500	3270.253	3274.526	4750	0	160
2025.06.29	20:00:00	3272.488	3274.249	3247.921	3263.806	27905	0	160
2025.06.30	00:00:00	3263.775	3283.293	3259.456	3278.981	40096	0	160
2025.06.30	04:00:00	3278.996	3296.850	3276.964	3292.873	28554	0	160
2025.06.30	08:00:00	3292.879	3296.594	3274.488	3277.932	32183	0	160
2025.06.30	12:00:00	3277.993	3290.761	3277.955	3289.625	41633	0	160
2025.06.30	16:00:00	3289.669	3309.450	3289.073	3308.534	26720	0	160
2025.06.30	20:00:00	3308.502	3314.602	3302.302	3312.441	15479	0	160
2025.07.01	00:00:00	3312.493	3322.683	3309.917	3321.161	30202	0	160
2025.07.01	04:00:00	3321.173	3339.931	3318.893	3339.497	30045	0	160
2025.07.01	08:00:00	3339.501	3353.082	3336.753	3349.017	30769	0	160
2025.07.01	12:00:00	3348.990	3358.015	3336.981	3340.228	57180	0	160
2025.07.01	16:00:00	3340.215	3343.523	3336.831	3338.005	25425	0	160
2025.07.01	20:00:00	3338.042	3343.826	3336.771	3338.152	13758	0	160
2025.07.02	00:00:00	3338.186	3344.999	3328.509	3339.959	34464	0	160
2025.07.02	04:00:00	3339.925	3343.951	3327.587	3334.571	28201	0	160
2025.07.02	08:00:00	3334.605	3347.752	3332.853	3342.199	25000	0	160
2025.07.02	12:00:00	3342.214	3351.128	3333.842	3341.021	48405	0	160
2025.07.02	16:00:00	3340.943	3359.519	3340.943	3358.258	22200	0	160
2025.07.02	20:00:00	3358.302	3365.726	3348.754	3349.395	17795	0	160
2025.07.03	00:00:00	3349.420	3351.471	3341.880	3347.509	26406	0	160
2025.07.03	04:00:00	3347.437	3363.677	3347.384	3353.077	26497	0	160
2025.07.03	08:00:00	3353.096	3358.383	3342.981	3346.073	27225	0	160
2025.07.03	12:00:00	3346.041	3352.308	3311.535	3328.045	74529	0	160
2025.07.03	16:00:00	3328.106	3334.862	3325.676	3328.749	15619	0	160
2025.07.03	20:00:00	3328.713	3332.025	3323.570	3330.871	9808	0	160
2025.07.04	00:00:00	3330.875	3338.948	3325.867	3338.350	23787	0	160
2025.07.04	04:00:00	3338.307	3345.127	3336.384	3342.947	24306	0	160
2025.07.04	08:00:00	3342.950	3344.258	3331.466	3334.795	22746	0	160
2025.07.04	12:00:00	3334.791	3338.059	3330.797	3332.394	23436	0	160
2025.07.04	16:00:00	3332.357	3335.930	3332.222	3334.998	2595	0	160
2025.07.06	20:00:00	3341.408	3341.918	3326.187	3328.853	11990	0	160
2025.07.07	00:00:00	3328.830	3329.726	3305.982	3310.848	40918	0	160
2025.07.07	04:00:00	3310.892	3315.245	3300.640	3302.217	35057	0	160
2025.07.07	08:00:00	3302.247	3312.774	3296.296	3301.910	39568	0	160
2025.07.07	12:00:00	3301.940	3322.031	3300.376	3320.836	46001	0	160
2025.07.07	16:00:00	3320.784	3340.438	3320.082	3336.981	29923	0	160
2025.07.07	20:00:00	3337.025	3345.823	3333.921	3334.653	14617	0	160
2025.07.08	00:00:00	3334.697	3338.035	3329.595	3331.469	31738	0	160
2025.07.08	04:00:00	3331.418	3339.500	3327.304	3333.912	25086	0	160
2025.07.08	08:00:00	3333.877	3333.877	3319.940	3324.964	29563	0	160
2025.07.08	12:00:00	3325.014	3329.864	3287.023	3298.241	59232	0	160
2025.07.08	16:00:00	3298.249	3310.426	3295.938	3302.992	36172	0	160
2025.07.08	20:00:00	3303.020	3304.074	3297.199	3302.277	13971	0	160
2025.07.09	00:00:00	3302.322	3308.003	3284.933	3293.250	35939	0	160
2025.07.09	04:00:00	3293.244	3297.875	3285.495	3291.852	32817	0	160
2025.07.09	08:00:00	3291.822	3295.989	3282.656	3284.936	30175	0	160
2025.07.09	12:00:00	3284.969	3312.916	3284.969	3309.606	45540	0	160
2025.07.09	16:00:00	3309.555	3316.874	3307.913	3315.605	23087	0	160
2025.07.09	20:00:00	3315.645	3321.176	3311.557	3317.640	11178	0	160
2025.07.10	00:00:00	3317.559	3326.415	3315.362	3315.758	25412	0	160
2025.07.10	04:00:00	3315.682	3329.486	3314.773	3321.047	23381	0	160
2025.07.10	08:00:00	3321.071	3330.318	3318.331	3320.411	27433	0	160
2025.07.10	12:00:00	3320.424	3329.472	3310.017	3319.725	48414	0	160
2025.07.10	16:00:00	3319.711	3325.910	3312.108	3324.826	23023	0	160
2025.07.10	20:00:00	3324.851	3326.476	3321.837	3323.808	11343	0	160
2025.07.11	00:00:00	3323.764	3336.154	3323.638	3333.765	31097	0	160
2025.07.11	04:00:00	3333.751	3343.827	3329.489	3341.833	31540	0	160
2025.07.11	08:00:00	3341.789	3350.275	3332.669	3347.507	31811	0	160
2025.07.11	12:00:00	3347.526	3368.736	3344.356	3358.915	60827	0	160
2025.07.11	16:00:00	3358.884	3359.796	3349.178	3356.411	27921	0	160
2025.07.11	20:00:00	3356.459	3358.959	3353.583	3355.105	3724	0	160
2025.07.13	20:00:00	3361.295	3374.017	3359.658	3367.772	17883	0	160
2025.07.14	00:00:00	3367.731	3373.318	3353.865	3356.964	33767	0	160
2025.07.14	04:00:00	3356.952	3375.078	3353.706	3371.948	31228	0	160
2025.07.14	08:00:00	3371.956	3374.647	3363.917	3364.169	25700	0	160
2025.07.14	12:00:00	3364.192	3366.604	3340.954	3345.105	47816	0	160
2025.07.14	16:00:00	3345.044	3351.693	3343.082	3344.125	21777	0	160
2025.07.14	20:00:00	3344.103	3346.556	3341.217	3345.337	9801	0	160
2025.07.15	00:00:00	3345.299	3358.324	3344.758	3357.841	22281	0	160
2025.07.15	04:00:00	3357.853	3365.422	3357.470	3364.347	23611	0	160
2025.07.15	08:00:00	3364.327	3366.356	3353.985	3354.932	28229	0	160
2025.07.15	12:00:00	3354.892	3360.385	3325.363	3328.996	65554	0	160
2025.07.15	16:00:00	3328.957	3331.936	3320.218	3330.455	27952	0	160
2025.07.15	20:00:00	3330.408	3331.776	3324.788	3331.056	9292	0	160
2025.07.16	00:00:00	3331.092	3335.117	3325.053	3334.330	23112	0	160
2025.07.16	04:00:00	3334.281	3342.002	3332.818	3337.809	21216	0	160
2025.07.16	08:00:00	3337.824	3343.072	3333.720	3339.259	23002	0	160
2025.07.16	12:00:00	3339.219	3377.523	3319.529	3343.553	115580	0	160
2025.07.16	16:00:00	3343.524	3357.410	3338.886	3347.080	46554	0	160
2025.07.16	20:00:00	3347.116	3352.247	3345.265	3346.526	11081	0	160
2025.07.17	00:00:00	3346.556	3347.405	3336.241	3341.486	23684	0	160
2025.07.17	04:00:00	3341.511	3344.726	3325.208	3325.886	26981	0	160
2025.07.17	08:00:00	3325.925	3332.523	3322.358	3324.254	24864	0	160
2025.07.17	12:00:00	3324.261	3338.427	3309.883	3336.707	57546	0	160
2025.07.17	16:00:00	3336.675	3341.098	3335.378	3339.763	20705	0	160
2025.07.17	20:00:00	3339.779	3344.009	3337.409	3340.139	11354	0	160
2025.07.18	00:00:00	3340.176	3344.261	3334.038	3334.600	23936	0	160
2025.07.18	04:00:00	3334.598	3350.093	3331.801	3349.823	23318	0	160
2025.07.18	08:00:00	3349.849	3357.714	3346.237	3354.403	23918	0	160
2025.07.18	12:00:00	3354.458	3361.236	3351.137	3353.654	41010	0	160
2025.07.18	16:00:00	3353.629	3357.531	3347.668	3348.316	21909	0	160
2025.07.18	20:00:00	3348.279	3352.098	3347.804	3350.395	3463	0	160
2025.07.20	20:00:00	3348.767	3350.115	3345.015	3349.128	7784	0	160
2025.07.21	00:00:00	3349.168	3358.641	3347.656	3351.286	21787	0	160
2025.07.21	04:00:00	3351.275	3370.785	3350.618	3364.763	25753	0	160
2025.07.21	08:00:00	3364.800	3375.594	3362.674	3375.302	22965	0	160
2025.07.21	12:00:00	3375.271	3401.575	3374.531	3397.994	51340	0	160
2025.07.21	16:00:00	3397.983	3399.787	3391.468	3398.837	26095	0	160
2025.07.21	20:00:00	3398.744	3402.783	3393.208	3396.532	11285	0	160
2025.07.22	00:00:00	3396.540	3397.665	3385.106	3392.591	28605	0	160
2025.07.22	04:00:00	3392.517	3392.550	3383.240	3387.634	23088	0	160
2025.07.22	08:00:00	3387.591	3391.663	3384.528	3391.348	22376	0	160
2025.07.22	12:00:00	3391.378	3430.614	3391.016	3426.597	65192	0	160
2025.07.22	16:00:00	3426.640	3433.507	3426.245	3431.738	29349	0	160
2025.07.22	20:00:00	3431.683	3433.312	3426.283	3427.458	13421	0	160
2025.07.23	00:00:00	3427.433	3438.980	3419.154	3423.153	37667	0	160
2025.07.23	04:00:00	3423.063	3429.702	3416.322	3420.720	27758	0	160
2025.07.23	08:00:00	3420.754	3433.855	3420.305	3428.180	27300	0	160
2025.07.23	12:00:00	3428.170	3430.000	3398.134	3398.134	52014	0	160
2025.07.23	16:00:00	3398.106	3398.106	3381.402	3390.081	51314	0	160
2025.07.23	20:00:00	3390.122	3392.510	3386.123	3390.008	11414	0	160
2025.07.24	00:00:00	3390.060	3393.438	3374.728	3383.762	36696	0	160
2025.07.24	04:00:00	3383.666	3385.389	3365.982	3367.757	29032	0	160
2025.07.24	08:00:00	3367.767	3374.727	3361.253	3362.296	26525	0	160
2025.07.24	12:00:00	3362.254	3377.421	3351.315	3372.541	52093	0	160
2025.07.24	16:00:00	3372.515	3373.702	3366.267	3370.478	21030	0	160
2025.07.24	20:00:00	3370.517	3371.407	3365.131	3369.419	11780	0	160
2025.07.25	00:00:00	3369.422	3373.578	3358.613	3359.194	22062	0	160
2025.07.25	04:00:00	3359.176	3363.501	3352.706	3354.008	22786	0	160
2025.07.25	08:00:00	3354.041	3355.358	3338.623	3341.012	24145	0	160
2025.07.25	12:00:00	3341.008	3347.498	3324.928	3327.896	56771	0	160
2025.07.25	16:00:00	3327.851	3340.284	3326.161	3337.804	21970	0	160
2025.07.25	20:00:00	3337.769	3339.181	3336.187	3336.826	3536	0	160
2025.07.27	20:00:00	3329.144	3337.465	3323.817	3333.683	15938	0	160
2025.07.28	00:00:00	3333.675	3343.316	3327.640	3343.246	29834	0	160
2025.07.28	04:00:00	3343.199	3345.352	3333.785	3334.882	25124	0	160
2025.07.28	08:00:00	3334.879	3340.780	3332.382	3336.519	26130	0	160
2025.07.28	12:00:00	3336.568	3338.369	3301.770	3314.764	57934	0	160
2025.07.28	16:00:00	3314.736	3318.890	3308.820	3317.161	21695	0	160
2025.07.28	20:00:00	3317.195	3318.409	3310.485	3312.468	12534	0	160
2025.07.29	00:00:00	3312.485	3320.861	3307.843	3312.576	27204	0	160
2025.07.29	04:00:00	3312.580	3322.430	3308.990	3317.133	29677	0	160
2025.07.29	08:00:00	3317.139	3329.976	3314.884	3315.278	30051	0	160
2025.07.29	12:00:00	3315.249	3334.142	3311.890	3320.751	52000	0	160
2025.07.29	16:00:00	3320.751	3330.906	3319.072	3324.938	24365	0	160
2025.07.29	20:00:00	3324.989	3329.171	3324.697	3327.531	8690	0	160
2025.07.30	00:00:00	3327.568	3333.673	3321.876	3328.429	25528	0	160
2025.07.30	04:00:00	3328.365	3332.149	3323.058	3327.751	22289	0	160
2025.07.30	08:00:00	3327.784	3334.025	3323.966	3330.846	27202	0	160
2025.07.30	12:00:00	3330.829	3331.904	3288.575	3290.465	58268	0	160
2025.07.30	16:00:00	3290.378	3304.767	3268.034	3269.396	66908	0	160
2025.07.30	20:00:00	3269.334	3285.800	3268.965	3285.303	17403	0	160
2025.07.31	00:00:00	3285.257	3298.574	3282.802	3295.086	31895	0	160
2025.07.31	04:00:00	3295.042	3309.771	3293.644	3304.761	26441	0	160
2025.07.31	08:00:00	3304.682	3314.830	3293.782	3306.111	34867	0	160
2025.07.31	12:00:00	3306.086	3311.163	3291.300	3295.545	55719	0	160
2025.07.31	16:00:00	3295.437	3298.450	3289.586	3291.029	28799	0	160
2025.07.31	20:00:00	3290.989	3295.172	3287.967	3288.651	12377	0	160
2025.08.01	00:00:00	3288.607	3297.140	3281.566	3291.403	29098	0	160
2025.08.01	04:00:00	3291.365	3300.470	3285.223	3286.861	26906	0	160
2025.08.01	08:00:00	3286.823	3303.104	3285.271	3300.309	26898	0	160
2025.08.01	12:00:00	3300.342	3355.088	3297.385	3348.567	99214	0	160
2025.08.01	16:00:00	3348.532	3361.325	3340.532	3357.185	36059	0	160
2025.08.01	20:00:00	3357.239	3363.566	3357.028	3363.119	5131	0	160
2025.08.03	20:00:00	3364.339	3364.563	3354.526	3361.957	12387	0	160
2025.08.04	00:00:00	3361.990	3362.378	3345.006	3360.255	28179	0	160
2025.08.04	04:00:00	3360.259	3362.671	3351.685	3355.809	24837	0	160
2025.08.04	08:00:00	3355.842	3370.759	3352.886	3370.263	25899	0	160
2025.08.04	12:00:00	3370.262	3385.353	3360.965	3374.306	44412	0	160
2025.08.04	16:00:00	3374.305	3378.153	3370.571	3375.971	20737	0	160
2025.08.04	20:00:00	3375.917	3379.703	3373.415	3377.407	9079	0	160
2025.08.05	00:00:00	3377.383	3382.398	3372.057	3372.057	21224	0	160
2025.08.05	04:00:00	3372.107	3375.531	3365.655	3373.651	22471	0	160
2025.08.05	08:00:00	3373.572	3374.607	3349.803	3351.408	26499	0	160
2025.08.05	12:00:00	3351.408	3390.033	3349.866	3389.490	47574	0	160
2025.08.05	16:00:00	3389.527	3390.402	3376.890	3378.979	23089	0	160
2025.08.05	20:00:00	3378.940	3383.974	3378.095	3383.151	8320	0	160
2025.08.06	00:00:00	3383.221	3385.340	3373.046	3374.587	22140	0	160
2025.08.06	04:00:00	3374.590	3378.650	3368.953	3373.617	19792	0	160
2025.08.06	08:00:00	3373.509	3374.697	3358.091	3365.174	25037	0	160
2025.08.06	12:00:00	3365.156	3379.975	3360.141	3377.431	41645	0	160
2025.08.06	16:00:00	3377.392	3379.467	3368.983	3371.647	23064	0	160
2025.08.06	20:00:00	3371.608	3374.796	3367.133	3370.155	13206	0	160
2025.08.07	00:00:00	3370.205	3384.160	3365.222	3379.696	29556	0	160
2025.08.07	04:00:00	3379.732	3397.504	3371.648	3396.155	29989	0	160
2025.08.07	08:00:00	3396.189	3396.603	3371.730	3378.229	47630	0	160
2025.08.07	12:00:00	3378.199	3393.833	3375.261	3390.102	69911	0	160
2025.08.07	16:00:00	3390.185	3400.872	3384.314	3399.659	31747	0	160
2025.08.07	20:00:00	3399.712	3408.990	3389.025	3400.470	49177	0	160
2025.08.08	00:00:00	3400.432	3402.356	3381.087	3395.817	66823	0	160
2025.08.08	04:00:00	3395.817	3404.271	3388.739	3401.993	48472	0	160
2025.08.08	08:00:00	3402.074	3402.631	3380.361	3386.249	56163	0	160
2025.08.08	12:00:00	3386.206	3401.944	3381.105	3395.248	87490	0	160
2025.08.08	16:00:00	3395.284	3404.267	3376.445	3398.566	91748	0	160
2025.08.08	20:00:00	3398.618	3398.898	3392.421	3398.564	7277	0	160
2025.08.10	20:00:00	3400.578	3401.819	3390.292	3391.548	14057	0	160
2025.08.11	00:00:00	3391.592	3391.639	3367.699	3378.257	41168	0	160
2025.08.11	04:00:00	3378.253	3380.107	3357.097	3360.069	39102	0	160
2025.08.11	08:00:00	3360.112	3365.825	3349.852	3355.230	38937	0	160
2025.08.11	12:00:00	3355.226	3362.902	3341.409	3349.405	49792	0	160
2025.08.11	16:00:00	3349.502	3358.834	3341.273	3351.694	33115	0	160
2025.08.11	20:00:00	3351.662	3351.829	3342.167	3349.027	14068	0	160
2025.08.12	00:00:00	3349.010	3357.431	3346.212	3349.390	26538	0	160
2025.08.12	04:00:00	3349.437	3358.149	3342.242	3355.539	30560	0	160
2025.08.12	08:00:00	3355.512	3355.863	3336.068	3347.499	27996	0	160
2025.08.12	12:00:00	3347.464	3359.254	3331.080	3349.800	87161	0	160
2025.08.12	16:00:00	3349.887	3351.296	3345.531	3347.563	24394	0	160
2025.08.12	20:00:00	3347.549	3353.762	3346.012	3350.570	10141	0	160
2025.08.13	00:00:00	3350.580	3354.457	3342.678	3349.593	26066	0	160
2025.08.13	04:00:00	3349.615	3361.004	3345.677	3354.723	24193	0	160
2025.08.13	08:00:00	3354.688	3367.121	3352.869	3362.290	26669	0	160
2025.08.13	12:00:00	3362.314	3370.735	3354.128	3357.746	39335	0	160
2025.08.13	16:00:00	3357.778	3360.920	3349.900	3357.812	17669	0	160
2025.08.13	20:00:00	3357.856	3363.461	3355.633	3362.702	9396	0	160
2025.08.14	00:00:00	3362.748	3374.859	3355.404	3360.464	30503	0	160
2025.08.14	04:00:00	3360.496	3366.483	3343.591	3345.984	30083	0	160
2025.08.14	08:00:00	3345.958	3359.155	3341.447	3355.400	32518	0	160
2025.08.14	12:00:00	3355.431	3358.393	3334.223	3341.796	62058	0	160
2025.08.14	16:00:00	3341.757	3342.097	3329.766	3337.965	24890	0	160
2025.08.14	20:00:00	3338.004	3338.543	3332.168	3335.551	10535	0	160
2025.08.15	00:00:00	3335.580	3344.893	3332.372	3343.450	22586	0	160
2025.08.15	04:00:00	3343.412	3348.747	3340.137	3346.147	23183	0	160
2025.08.15	08:00:00	3346.107	3348.268	3336.243	3342.359	27055	0	160
2025.08.15	12:00:00	3342.362	3345.969	3332.856	3342.329	42414	0	160
2025.08.15	16:00:00	3342.429	3342.547	3334.387	3339.143	18793	0	160
2025.08.15	20:00:00	3339.212	3339.435	3335.145	3335.213	3320	0	160
2025.08.17	20:00:00	3334.569	3335.381	3323.503	3327.087	10050	0	160
2025.08.18	00:00:00	3327.080	3351.786	3326.773	3347.156	28408	0	160
2025.08.18	04:00:00	3347.112	3358.417	3346.003	3349.022	26097	0	160
2025.08.18	08:00:00	3349.052	3351.721	3344.475	3345.456	20608	0	160
2025.08.18	12:00:00	3345.500	3348.839	3332.195	3335.669	31788	0	160
2025.08.18	16:00:00	3335.702	3335.884	3330.179	3333.623	16884	0	160
2025.08.18	20:00:00	3333.667	3334.723	3330.514	3330.978	7905	0	160
2025.08.19	00:00:00	3330.990	3341.663	3326.022	3337.787	30026	0	160
2025.08.19	04:00:00	3337.745	3341.821	3334.400	3340.695	21606	0	160
2025.08.19	08:00:00	3340.739	3345.328	3336.427	3339.767	19051	0	160
2025.08.19	12:00:00	3339.768	3340.544	3320.853	3322.669	41319	0	160
2025.08.19	16:00:00	3322.711	3324.435	3314.853	3315.965	21489	0	160
2025.08.19	20:00:00	3315.923	3317.637	3312.771	3314.231	9519	0	160
2025.08.20	00:00:00	3314.241	3318.648	3311.476	3317.520	25072	0	160
2025.08.20	04:00:00	3317.517	3327.525	3317.177	3324.813	20468	0	160
2025.08.20	08:00:00	3324.769	3332.935	3320.886	3332.325	22293	0	160
2025.08.20	12:00:00	3332.248	3350.322	3332.060	3340.594	36742	0	160
2025.08.20	16:00:00	3340.703	3349.263	3340.658	3348.821	18462	0	160
2025.08.20	20:00:00	3348.773	3352.092	3346.354	3346.836	10354	0	160
2025.08.21	00:00:00	3346.906	3346.906	3339.687	3339.930	20034	0	160
2025.08.21	04:00:00	3339.887	3341.527	3334.283	3339.629	18988	0	160
2025.08.21	08:00:00	3339.665	3342.191	3325.126	3333.569	23481	0	160
2025.08.21	12:00:00	3333.676	3348.081	3333.642	3343.634	46751	0	160
2025.08.21	16:00:00	3343.621	3343.972	3336.544	3338.823	17336	0	160
2025.08.21	20:00:00	3338.863	3340.640	3337.356	3338.411	7623	0	160
2025.08.22	00:00:00	3338.367	3340.225	3331.605	3331.976	19816	0	160
2025.08.22	04:00:00	3331.963	3335.026	3325.734	3327.465	20178	0	160
2025.08.22	08:00:00	3327.500	3331.750	3325.332	3329.346	19602	0	160
2025.08.22	12:00:00	3329.342	3378.869	3321.450	3367.914	72641	0	160
2025.08.22	16:00:00	3367.890	3375.501	3367.832	3373.188	22503	0	160
2025.08.22	20:00:00	3373.213	3373.658	3370.154	3372.299	3367	0	160
2025.08.24	20:00:00	3368.744	3371.052	3365.862	3368.995	7171	0	160
2025.08.25	00:00:00	3369.080	3369.684	3359.748	3367.263	21063	0	160
2025.08.25	04:00:00	3367.263	3369.888	3363.028	3366.226	16136	0	160
2025.08.25	08:00:00	3366.229	3371.514	3361.927	3370.594	16309	0	160
2025.08.25	12:00:00	3370.592	3376.306	3362.185	3374.068	26876	0	160
2025.08.25	16:00:00	3374.000	3374.824	3365.199	3365.421	16559	0	160
2025.08.25	20:00:00	3365.465	3367.153	3351.716	3354.854	12372	0	160
2025.08.26	00:00:00	3354.827	3386.488	3351.252	3372.201	45373	0	160
2025.08.26	04:00:00	3372.217	3379.121	3367.291	3376.726	24688	0	160
2025.08.26	08:00:00	3376.684	3380.360	3367.258	3377.467	25492	0	160
2025.08.26	12:00:00	3377.520	3389.457	3370.374	3386.688	36585	0	160
2025.08.26	16:00:00	3386.675	3390.841	3380.245	3389.658	19052	0	160
2025.08.26	20:00:00	3389.689	3393.583	3388.738	3390.862	9994	0	160
2025.08.27	00:00:00	3390.853	3393.554	3380.577	3380.633	21171	0	160
2025.08.27	04:00:00	3380.677	3381.954	3373.755	3381.393	21497	0	160
2025.08.27	08:00:00	3381.374	3385.490	3373.698	3376.822	23993	0	160
2025.08.27	12:00:00	3376.844	3390.420	3374.255	3387.898	34340	0	160
2025.08.27	16:00:00	3387.917	3398.783	3387.481	3396.210	20989	0	160
2025.08.27	20:00:00	3396.172	3399.502	3394.098	3395.819	10569	0	160
2025.08.28	00:00:00	3395.762	3398.075	3384.603	3390.135	23517	0	160
2025.08.28	04:00:00	3390.206	3397.696	3387.632	3395.752	20064	0	160
2025.08.28	08:00:00	3395.762	3407.658	3393.887	3404.153	23994	0	160
2025.08.28	12:00:00	3404.130	3413.476	3394.281	3410.901	40809	0	160
2025.08.28	16:00:00	3410.897	3423.212	3409.897	3422.070	21960	0	160
2025.08.28	20:00:00	3422.159	3422.521	3414.757	3414.819	9006	0	160
2025.08.29	00:00:00	3414.850	3417.885	3407.956	3410.864	20125	0	160
2025.08.29	04:00:00	3410.843	3412.688	3406.562	3412.197	18579	0	160
2025.08.29	08:00:00	3412.168	3414.879	3404.313	3410.725	20286	0	160
2025.08.29	12:00:00	3410.655	3447.665	3406.708	3445.494	44046	0	160
2025.08.29	16:00:00	3445.487	3453.924	3440.988	3452.573	29418	0	160
2025.08.29	20:00:00	3452.605	3452.734	3445.768	3448.035	5514	0	160
2025.08.31	20:00:00	3445.866	3452.606	3442.459	3447.952	9772	0	160
2025.09.01	00:00:00	3447.912	3486.107	3437.028	3474.523	51934	0	160
2025.09.01	04:00:00	3474.491	3489.928	3467.813	3477.814	35358	0	160
2025.09.01	08:00:00	3477.877	3479.873	3466.276	3470.009	31292	0	160
2025.09.01	12:00:00	3470.058	3481.280	3467.076	3474.083	27348	0	160
2025.09.01	16:00:00	3474.095	3478.890	3472.326	3476.760	7237	0	160
2025.09.01	20:00:00	3476.299	3481.516	3474.527	3479.211	11434	0	160
2025.09.02	00:00:00	3479.130	3508.741	3476.897	3495.044	43997	0	160
2025.09.02	04:00:00	3495.008	3498.322	3472.096	3476.857	36101	0	160
2025.09.02	08:00:00	3476.955	3490.116	3470.194	3489.737	39203	0	160
2025.09.02	12:00:00	3489.687	3520.300	3474.190	3520.300	77880	0	160
2025.09.02	16:00:00	3520.327	3540.094	3518.113	3536.941	34761	0	160
2025.09.02	20:00:00	3536.989	3537.707	3526.280	3529.984	15174	0	160
2025.09.03	00:00:00	3530.082	3546.950	3528.022	3530.921	45259	0	160
2025.09.03	04:00:00	3530.815	3538.319	3526.781	3533.842	30363	0	160
2025.09.03	08:00:00	3533.874	3549.594	3532.292	3547.551	33002	0	160
2025.09.03	12:00:00	3547.535	3567.404	3541.357	3563.953	69266	0	160
2025.09.03	16:00:00	3563.950	3578.427	3561.163	3563.559	36682	0	160
2025.09.03	20:00:00	3563.527	3566.064	3554.385	3560.292	21525	0	160
2025.09.04	00:00:00	3560.341	3563.473	3511.172	3529.147	57937	0	160
2025.09.04	04:00:00	3529.182	3541.655	3524.440	3541.137	35667	0	160
2025.09.04	08:00:00	3541.100	3549.837	3536.558	3545.464	34067	0	160
2025.09.04	12:00:00	3545.419	3558.793	3535.049	3552.829	65852	0	160
2025.09.04	16:00:00	3552.837	3556.227	3542.526	3549.800	25944	0	160
2025.09.04	20:00:00	3549.836	3554.515	3539.909	3552.540	14241	0	160
2025.09.05	00:00:00	3552.532	3559.062	3545.994	3558.344	31166	0	160
2025.09.05	04:00:00	3558.359	3561.150	3546.635	3548.197	26302	0	160
2025.09.05	08:00:00	3548.161	3555.201	3544.721	3553.228	26243	0	160
2025.09.05	12:00:00	3553.254	3597.923	3548.802	3592.005	112943	0	160
2025.09.05	16:00:00	3592.046	3600.076	3590.504	3594.813	35116	0	160
2025.09.05	20:00:00	3594.773	3595.333	3586.376	3586.597	5895	0	160
2025.09.07	20:00:00	3591.856	3596.716	3587.112	3591.151	23680	0	160
2025.09.08	00:00:00	3591.173	3597.212	3582.926	3583.610	45010	0	160
2025.09.08	04:00:00	3583.566	3613.646	3579.577	3609.483	31481	0	160
2025.09.08	08:00:00	3609.509	3622.496	3607.132	3619.954	32344	0	160
2025.09.08	12:00:00	3619.926	3646.316	3614.746	3639.259	64912	0	160
2025.09.08	16:00:00	3639.317	3641.746	3631.851	3636.528	28246	0	160
2025.09.08	20:00:00	3636.555	3637.945	3628.192	3634.992	13953	0	160
2025.09.09	00:00:00	3635.023	3654.597	3633.439	3645.838	39607	0	160
2025.09.09	04:00:00	3645.863	3659.299	3636.485	3644.363	43677	0	160
2025.09.09	08:00:00	3644.298	3656.712	3641.969	3648.000	33233	0	160
2025.09.09	12:00:00	3648.072	3674.523	3626.820	3645.441	105197	0	160
2025.09.09	16:00:00	3645.406	3649.434	3628.449	3629.362	29767	0	160
2025.09.09	20:00:00	3629.325	3640.825	3623.134	3633.568	19557	0	160
2025.09.10	00:00:00	3633.543	3638.253	3620.180	3636.479	41442	0	160
2025.09.10	04:00:00	3636.581	3648.509	3636.488	3644.103	28136	0	160
2025.09.10	08:00:00	3644.141	3657.622	3641.995	3649.282	28447	0	160
2025.09.10	12:00:00	3649.298	3657.417	3638.438	3644.453	57470	0	160
2025.09.10	16:00:00	3644.393	3649.720	3635.064	3641.898	25473	0	160
2025.09.10	20:00:00	3641.864	3645.552	3637.996	3644.883	12557	0	160
2025.09.11	00:00:00	3644.916	3649.134	3629.859	3631.998	31300	0	160
2025.09.11	04:00:00	3632.064	3637.996	3622.666	3629.811	33829	0	160
2025.09.11	08:00:00	3629.845	3631.747	3614.136	3616.789	30262	0	160
2025.09.11	12:00:00	3616.756	3643.946	3613.082	3633.060	76313	0	160
2025.09.11	16:00:00	3633.102	3641.908	3630.298	3636.945	27460	0	160
2025.09.11	20:00:00	3636.909	3638.275	3631.519	3631.842	9612	0	160
2025.09.12	00:00:00	3631.810	3653.286	3630.526	3652.849	33699	0	160
2025.09.12	04:00:00	3652.862	3656.620	3647.799	3648.301	25414	0	160
2025.09.12	08:00:00	3648.279	3652.168	3637.707	3647.044	31888	0	160
2025.09.12	12:00:00	3647.076	3654.320	3638.242	3644.515	46580	0	160
2025.09.12	16:00:00	3644.539	3650.615	3642.707	3644.164	18831	0	160
2025.09.12	20:00:00	3644.204	3645.381	3641.347	3643.484	4076	0	160
2025.09.14	20:00:00	3644.610	3646.044	3636.772	3638.241	7090	0	160
2025.09.15	00:00:00	3638.237	3646.422	3626.541	3646.019	32536	0	160
2025.09.15	04:00:00	3646.030	3646.860	3633.740	3643.893	24171	0	160
2025.09.15	08:00:00	3643.900	3646.698	3635.683	3642.661	28320	0	160
2025.09.15	12:00:00	3642.686	3681.938	3636.946	3680.454	47352	0	160
2025.09.15	16:00:00	3680.497	3685.623	3674.770	3680.955	29679	0	160
2025.09.15	20:00:00	3680.912	3681.986	3676.131	3676.965	10753	0	160
2025.09.16	00:00:00	3676.886	3689.480	3674.711	3681.135	33457	0	160
2025.09.16	04:00:00	3681.078	3694.211	3680.160	3686.470	25398	0	160
2025.09.16	08:00:00	3686.431	3699.447	3686.134	3697.126	28432	0	160
2025.09.16	12:00:00	3697.203	3703.088	3678.868	3686.142	60207	0	160
2025.09.16	16:00:00	3686.210	3691.226	3684.613	3689.610	23113	0	160
2025.09.16	20:00:00	3689.668	3695.243	3689.443	3694.245	9445	0	160
2025.09.17	00:00:00	3694.244	3695.378	3674.218	3681.759	33088	0	160
2025.09.17	04:00:00	3681.688	3685.859	3666.591	3667.199	29582	0	160
2025.09.17	08:00:00	3667.155	3670.985	3659.843	3665.949	35268	0	160
2025.09.17	12:00:00	3665.987	3687.248	3665.570	3684.136	39168	0	160
2025.09.17	16:00:00	3684.167	3707.490	3646.097	3661.730	128036	0	160
2025.09.17	20:00:00	3661.757	3672.021	3655.582	3669.169	19036	0	160
2025.09.18	00:00:00	3669.131	3669.972	3651.826	3658.506	41128	0	160
2025.09.18	04:00:00	3658.554	3659.852	3633.830	3659.024	46290	0	160
2025.09.18	08:00:00	3658.899	3673.021	3653.644	3667.193	34719	0	160
2025.09.18	12:00:00	3667.233	3672.447	3627.744	3641.315	83197	0	160
2025.09.18	16:00:00	3641.346	3647.270	3640.506	3646.565	27995	0	160
2025.09.18	20:00:00	3646.611	3647.257	3637.711	3640.239	9707	0	160
2025.09.19	00:00:00	3640.242	3656.439	3632.203	3653.722	40633	0	160
2025.09.19	04:00:00	3653.660	3661.294	3643.269	3653.945	35490	0	160
2025.09.19	08:00:00	3653.874	3659.228	3645.676	3648.392	26928	0	160
2025.09.19	12:00:00	3648.421	3676.032	3643.763	3670.811	55325	0	160
2025.09.19	16:00:00	3670.710	3685.203	3666.602	3684.444	27173	0	160
2025.09.19	20:00:00	3684.353	3685.053	3680.846	3684.861	4004	0	160
2025.09.21	20:00:00	3687.969	3692.290	3683.776	3686.253	11982	0	160
2025.09.22	00:00:00	3686.263	3697.484	3685.466	3695.448	39553	0	160
2025.09.22	04:00:00	3695.419	3719.857	3690.108	3713.226	38030	0	160
2025.09.22	08:00:00	3713.193	3728.318	3712.314	3724.606	33746	0	160
2025.09.22	12:00:00	3724.643	3736.395	3712.030	3736.150	66986	0	160
2025.09.22	16:00:00	3736.109	3748.793	3735.201	3747.626	27893	0	160
2025.09.22	20:00:00	3747.592	3749.254	3738.273	3747.763	15194	0	160
2025.09.23	00:00:00	3747.797	3759.305	3736.722	3746.477	48636	0	160
2025.09.23	04:00:00	3746.489	3758.769	3743.065	3753.435	36249	0	160
2025.09.23	08:00:00	3753.329	3791.084	3752.965	3783.475	48378	0	160
2025.09.23	12:00:00	3783.520	3788.815	3767.654	3779.338	68396	0	160
2025.09.23	16:00:00	3779.382	3785.704	3751.856	3764.280	62239	0	160
2025.09.23	20:00:00	3764.251	3770.177	3761.561	3763.836	14809	0	160
2025.09.24	00:00:00	3763.822	3771.839	3750.597	3765.454	43436	0	160
2025.09.24	04:00:00	3765.422	3779.257	3763.218	3777.358	31348	0	160
2025.09.24	08:00:00	3777.391	3777.750	3759.629	3768.903	30521	0	160
2025.09.24	12:00:00	3768.958	3773.015	3739.614	3741.114	69057	0	160
2025.09.24	16:00:00	3741.151	3745.225	3717.427	3730.032	44130	0	160
2025.09.24	20:00:00	3730.098	3745.319	3729.941	3742.920	13928	0	160
2025.09.25	00:00:00	3742.990	3751.539	3729.422	3736.578	41240	0	160
2025.09.25	04:00:00	3736.581	3755.001	3731.730	3752.214	36596	0	160
2025.09.25	08:00:00	3752.173	3761.648	3741.100	3753.056	45883	0	160
2025.09.25	12:00:00	3753.018	3755.951	3721.931	3735.828	96803	0	160
2025.09.25	16:00:00	3735.920	3758.296	3732.355	3746.523	45473	0	160
2025.09.25	20:00:00	3746.560	3752.498	3738.051	3744.717	17987	0	160
2025.09.26	00:00:00	3744.676	3753.344	3734.464	3745.435	40064	0	160
2025.09.26	04:00:00	3745.474	3754.165	3739.207	3747.971	34223	0	160
2025.09.26	08:00:00	3747.991	3755.206	3742.903	3748.706	29781	0	160
2025.09.26	12:00:00	3748.662	3783.850	3746.530	3780.373	82027	0	160
2025.09.26	16:00:00	3780.332	3783.204	3764.617	3766.731	42195	0	160
2025.09.26	20:00:00	3766.762	3769.530	3760.050	3761.041	6541	0	160
2025.09.28	20:00:00	3764.718	3772.495	3763.347	3766.899	12895	0	160
2025.09.29	00:00:00	3766.858	3799.436	3763.935	3794.340	74378	0	160
2025.09.29	04:00:00	3794.355	3819.874	3792.447	3806.343	61411	0	160
2025.09.29	08:00:00	3806.381	3831.366	3806.381	3828.934	44033	0	160
2025.09.29	12:00:00	3828.865	3833.220	3809.189	3830.351	86445	0	160
2025.09.29	16:00:00	3830.345	3833.585	3822.605	3828.754	37021	0	160
2025.09.29	20:00:00	3828.792	3834.000	3825.626	3832.835	14601	0	160
2025.09.30	00:00:00	3832.890	3867.180	3831.092	3864.772	52083	0	160
2025.09.30	04:00:00	3864.731	3871.700	3839.471	3843.811	53040	0	160
2025.09.30	08:00:00	3843.843	3847.172	3793.113	3815.189	92972	0	160
2025.09.30	12:00:00	3815.128	3854.543	3808.828	3839.035	101709	0	160
2025.09.30	16:00:00	3839.001	3860.808	3837.779	3859.050	38010	0	160
2025.09.30	20:00:00	3859.090	3863.062	3850.714	3862.927	19756	0	160
2025.10.01	00:00:00	3862.940	3875.562	3855.514	3862.027	43352	0	160
2025.10.01	04:00:00	3862.001	3879.880	3853.334	3879.199	45019	0	160
2025.10.01	08:00:00	3879.237	3895.356	3878.059	3883.512	48702	0	160
2025.10.01	12:00:00	3883.621	3891.122	3856.165	3868.424	120500	0	160
2025.10.01	16:00:00	3868.393	3871.886	3854.868	3867.767	44643	0	160
2025.10.01	20:00:00	3867.731	3867.883	3857.474	3863.518	20114	0	160
2025.10.02	00:00:00	3863.475	3870.021	3852.832	3866.587	36394	0	160
2025.10.02	04:00:00	3866.587	3874.894	3861.697	3868.558	35035	0	160
2025.10.02	08:00:00	3868.459	3886.683	3864.587	3886.313	35828	0	160
2025.10.02	12:00:00	3886.277	3897.154	3819.335	3828.364	136644	0	160
2025.10.02	16:00:00	3828.316	3859.104	3827.173	3855.554	55470	0	160
2025.10.02	20:00:00	3855.603	3863.804	3852.146	3862.410	14599	0	160
2025.10.03	00:00:00	3862.365	3862.779	3838.019	3842.757	44991	0	160
2025.10.03	04:00:00	3842.711	3865.313	3841.608	3864.228	37576	0	160
2025.10.03	08:00:00	3864.196	3867.702	3854.689	3862.112	35921	0	160
2025.10.03	12:00:00	3862.141	3891.669	3860.448	3889.440	96281	0	160
2025.10.03	16:00:00	3889.474	3889.788	3876.883	3885.568	47030	0	160
2025.10.03	20:00:00	3885.537	3887.228	3882.845	3887.045	4690	0	160
2025.10.05	20:00:00	3888.624	3920.986	3884.034	3909.450	35159	0	160
2025.10.06	00:00:00	3909.487	3932.041	3898.937	3929.569	54915	0	160
2025.10.06	04:00:00	3929.584	3945.205	3922.377	3941.617	70897	0	160
2025.10.06	08:00:00	3941.651	3949.640	3930.997	3938.294	61764	0	160
2025.10.06	12:00:00	3938.256	3964.106	3926.472	3962.418	103750	0	160
2025.10.06	16:00:00	3962.454	3970.010	3945.799	3959.451	54419	0	160
2025.10.06	20:00:00	3959.415	3976.198	3957.397	3969.514	31933	0	160
2025.10.07	00:00:00	3969.556	3977.475	3955.804	3973.365	49991	0	160
2025.10.07	04:00:00	3973.409	3976.921	3943.305	3945.997	64557	0	160
2025.10.07	08:00:00	3945.918	3969.161	3940.820	3967.020	49695	0	160
2025.10.07	12:00:00	3966.967	3991.059	3961.817	3966.153	104272	0	160
2025.10.07	16:00:00	3966.174	3987.710	3963.092	3980.127	62193	0	160
2025.10.07	20:00:00	3980.174	3995.936	3980.174	3994.411	16572	0	160
2025.10.08	00:00:00	3994.367	4016.535	3984.478	4014.641	50789	0	160
2025.10.08	04:00:00	4014.688	4039.023	4014.683	4034.200	57394	0	160
2025.10.08	08:00:00	4034.165	4049.665	4030.829	4038.007	51931	0	160
2025.10.08	12:00:00	4037.971	4050.719	4026.342	4045.664	92250	0	160
2025.10.08	16:00:00	4045.694	4059.321	4032.088	4044.942	75120	0	160
2025.10.08	20:00:00	4044.914	4046.725	4001.204	4011.688	40099	0	160
2025.10.09	00:00:00	4011.706	4036.300	4002.498	4026.783	93352	0	160
2025.10.09	04:00:00	4026.720	4043.744	4022.631	4031.582	59405	0	160
2025.10.09	08:00:00	4031.510	4046.757	4030.183	4044.488	44273	0	160
2025.10.09	12:00:00	4044.450	4057.972	4003.929	4014.637	169493	0	160
2025.10.09	16:00:00	4014.588	4021.757	3944.571	3973.033	150703	0	160
2025.10.09	20:00:00	3973.087	3990.833	3958.514	3989.932	32523	0	160
2025.10.10	00:00:00	3989.927	3994.427	3960.795	3961.963	70383	0	160
2025.10.10	04:00:00	3961.934	3977.909	3946.940	3971.948	79211	0	160
2025.10.10	08:00:00	3971.998	4006.760	3970.153	3987.181	73062	0	160
2025.10.10	12:00:00	3987.207	4022.825	3970.604	3997.977	160223	0	160
2025.10.10	16:00:00	3998.011	4021.387	3974.975	4011.206	116794	0	160
2025.10.10	20:00:00	4011.247	4020.878	4005.670	4010.399	17097	0	160
2025.10.12	20:00:00	4014.463	4060.232	4008.645	4035.147	49635	0	160
2025.10.13	00:00:00	4035.195	4059.998	4024.300	4051.909	99495	0	160
2025.10.13	04:00:00	4051.922	4078.206	4050.974	4071.176	70238	0	160
2025.10.13	08:00:00	4071.111	4085.323	4069.026	4073.986	54941	0	160
2025.10.13	12:00:00	4073.987	4107.412	4073.189	4104.946	91286	0	160
2025.10.13	16:00:00	4104.908	4117.103	4090.701	4108.639	63177	0	160
2025.10.13	20:00:00	4108.532	4132.068	4106.020	4128.045	29016	0	160
2025.10.14	00:00:00	4128.091	4166.495	4119.622	4163.373	89242	0	160
2025.10.14	04:00:00	4163.414	4179.744	4090.542	4126.283	180462	0	160
2025.10.14	08:00:00	4126.236	4145.221	4121.823	4130.511	97011	0	160
2025.10.14	12:00:00	4130.473	4142.764	4097.762	4137.989	153618	0	160
2025.10.14	16:00:00	4138.030	4155.316	4127.900	4141.606	92714	0	160
2025.10.14	20:00:00	4141.564	4167.144	4139.138	4161.613	29701	0	160
2025.10.15	00:00:00	4161.574	4190.889	4153.849	4187.051	79457	0	160
2025.10.15	04:00:00	4187.099	4209.799	4173.264	4207.690	55421	0	160
2025.10.15	08:00:00	4207.732	4218.249	4164.750	4198.736	80543	0	160
2025.10.15	12:00:00	4198.692	4212.361	4176.187	4190.267	135714	0	160
2025.10.15	16:00:00	4190.285	4213.525	4182.548	4210.372	79891	0	160
2025.10.15	20:00:00	4210.328	4215.901	4199.612	4209.458	26690	0	160
2025.10.16	00:00:00	4209.491	4242.179	4204.950	4233.816	66575	0	160
2025.10.16	04:00:00	4233.804	4239.454	4203.508	4230.593	83872	0	160
2025.10.16	08:00:00	4230.521	4247.734	4222.062	4240.659	49415	0	160
2025.10.16	12:00:00	4240.703	4276.073	4227.664	4273.385	110815	0	160
2025.10.16	16:00:00	4273.438	4313.043	4261.316	4307.326	133542	0	160
2025.10.16	20:00:00	4307.373	4380.074	4307.373	4365.805	76073	0	160
2025.10.17	00:00:00	4365.763	4371.673	4278.793	4366.766	176373	0	160
2025.10.17	04:00:00	4366.703	4378.578	4309.025	4342.299	144657	0	160
2025.10.17	08:00:00	4342.408	4349.778	4286.685	4287.115	143222	0	160
2025.10.17	12:00:00	4287.178	4320.263	4216.823	4237.478	309900	0	160
2025.10.17	16:00:00	4237.540	4244.943	4186.194	4225.936	187630	0	160
2025.10.17	20:00:00	4225.895	4252.702	4220.102	4250.936	21072	0	160
2025.10.19	20:00:00	4264.629	4268.301	4233.246	4237.893	40918	0	160
2025.10.20	00:00:00	4237.865	4271.286	4218.931	4264.725	122826	0	160
2025.10.20	04:00:00	4264.681	4268.282	4221.442	4255.173	98142	0	160
2025.10.20	08:00:00	4255.137	4279.738	4245.621	4279.281	66827	0	160
2025.10.20	12:00:00	4279.241	4355.781	4272.727	4349.215	170658	0	160
2025.10.20	16:00:00	4349.180	4381.580	4337.366	4378.166	75263	0	160
2025.10.20	20:00:00	4378.211	4380.084	4346.475	4360.492	54048	0	160
2025.10.21	00:00:00	4360.442	4372.296	4332.867	4346.556	96949	0	160
2025.10.21	04:00:00	4346.596	4347.039	4293.421	4298.449	100287	0	160
2025.10.21	08:00:00	4298.422	4301.786	4244.728	4253.325	151641	0	160
2025.10.21	12:00:00	4253.353	4257.511	4080.817	4138.534	349023	0	160
2025.10.21	16:00:00	4138.576	4143.856	4093.562	4108.770	156770	0	160
2025.10.21	20:00:00	4108.820	4132.322	4090.142	4093.165	49924	0	160
2025.10.22	00:00:00	4093.182	4143.143	4004.185	4128.674	232208	0	160
2025.10.22	04:00:00	4128.682	4161.360	4107.536	4132.901	106575	0	160
2025.10.22	08:00:00	4132.863	4135.863	4015.047	4027.778	227470	0	160
2025.10.22	12:00:00	4027.805	4085.272	4010.942	4037.089	240453	0	160
2025.10.22	16:00:00	4037.043	4113.704	4023.139	4102.378	143219	0	160
2025.10.22	20:00:00	4102.333	4116.471	4080.517	4087.666	55067	0	160
2025.10.23	00:00:00	4087.709	4100.761	4065.957	4091.173	100786	0	160
2025.10.23	04:00:00	4091.195	4137.712	4079.656	4094.256	100005	0	160
2025.10.23	08:00:00	4094.318	4125.442	4094.318	4109.614	93172	0	160
2025.10.23	12:00:00	4109.581	4154.670	4100.140	4141.845	133273	0	160
2025.10.23	16:00:00	4141.816	4148.643	4116.452	4118.289	73337	0	160
2025.10.23	20:00:00	4118.333	4131.915	4105.847	4121.775	33475	0	160
2025.10.24	00:00:00	4121.800	4144.291	4107.529	4122.380	73106	0	160
2025.10.24	04:00:00	4122.262	4123.344	4069.547	4074.245	81744	0	160
2025.10.24	08:00:00	4074.396	4077.862	4043.978	4061.284	89473	0	160
2025.10.24	12:00:00	4061.371	4135.165	4059.819	4130.347	173355	0	160
2025.10.24	16:00:00	4130.413	4138.622	4101.827	4103.999	82138	0	160
2025.10.24	20:00:00	4104.036	4114.079	4096.254	4113.082	9749	0	160
2025.10.26	20:00:00	4083.575	4109.217	4061.912	4064.458	50114	0	160
2025.10.27	00:00:00	4064.532	4097.810	4058.108	4069.562	84892	0	160
2025.10.27	04:00:00	4069.523	4084.782	4053.805	4068.619	65068	0	160
2025.10.27	08:00:00	4068.588	4070.534	4015.396	4023.923	108472	0	160
2025.10.27	12:00:00	4023.966	4050.275	3971.348	3989.930	190024	0	160
2025.10.27	16:00:00	3990.039	4010.147	3983.978	3990.129	84200	0	160
2025.10.27	20:00:00	3990.176	4004.562	3979.110	3998.476	36643	0	160
2025.10.28	00:00:00	3998.379	4019.767	3973.043	3992.900	81723	0	160
2025.10.28	04:00:00	3992.884	3994.255	3921.754	3932.430	101413	0	160
2025.10.28	08:00:00	3932.477	3935.894	3886.535	3923.293	118928	0	160
2025.10.28	12:00:00	3923.248	3969.611	3905.537	3964.813	122180	0	160
2025.10.28	16:00:00	3964.724	3970.422	3945.144	3960.116	86080	0	160
2025.10.28	20:00:00	3960.164	3967.841	3915.990	3964.818	48550	0	160
2025.10.29	00:00:00	3964.838	3982.250	3944.199	3963.360	81981	0	160
2025.10.29	04:00:00	3963.373	4001.586	3950.749	4001.329	70220	0	160
2025.10.29	08:00:00	4001.294	4029.706	4000.436	4016.693	75239	0	160
2025.10.29	12:00:00	4016.722	4030.262	3989.229	3992.986	103559	0	160
2025.10.29	16:00:00	3993.009	4007.501	3927.910	3945.555	163793	0	160
2025.10.29	20:00:00	3945.528	3954.231	3917.163	3952.812	53877	0	160
2025.10.30	00:00:00	3952.798	3966.389	3915.334	3938.008	92081	0	160
2025.10.30	04:00:00	3938.021	3982.403	3934.842	3961.320	102087	0	160
2025.10.30	08:00:00	3961.411	4011.825	3960.160	3974.380	88717	0	160
2025.10.30	12:00:00	3974.422	4014.838	3960.046	4001.938	145152	0	160
2025.10.30	16:00:00	4001.900	4026.044	3991.380	4023.466	67701	0	160
2025.10.30	20:00:00	4023.430	4046.422	4016.328	4036.658	42415	0	160
2025.10.31	00:00:00	4036.633	4039.294	3991.125	3996.422	89638	0	160
2025.10.31	04:00:00	3996.413	4025.306	3989.079	4021.041	74287	0	160
2025.10.31	08:00:00	4021.002	4026.871	3998.795	4010.585	62621	0	160
2025.10.31	12:00:00	4010.528	4036.257	4009.075	4012.804	107611	0	160
2025.10.31	16:00:00	4012.734	4015.188	3972.406	4001.071	104265	0	160
2025.10.31	20:00:00	4001.033	4006.709	3996.134	4001.621	7958	0	160
2025.11.02	20:00:00	3990.719	3998.970	3977.946	3980.468	17437	0	160
2025.11.03	00:00:00	3980.378	4015.527	3962.306	4011.114	87316	0	160
2025.11.03	04:00:00	4011.168	4026.084	3997.685	4025.279	56083	0	160
2025.11.03	08:00:00	4025.371	4027.835	3992.968	4007.563	74869	0	160
2025.11.03	12:00:00	4007.556	4030.646	4001.707	4008.635	103051	0	160
2025.11.03	16:00:00	4008.604	4013.492	3995.104	4004.710	62063	0	160
2025.11.03	20:00:00	4004.670	4014.932	3980.963	3997.266	28500	0	160
2025.11.04	00:00:00	3997.301	3999.348	3975.467	3994.564	73302	0	160
2025.11.04	04:00:00	3994.525	3996.438	3966.773	3993.974	66637	0	160
2025.11.04	08:00:00	3994.038	4000.711	3985.891	3995.182	55095	0	160
2025.11.04	12:00:00	3995.220	3997.576	3928.810	3956.828	109324	0	160
2025.11.04	16:00:00	3956.803	3975.778	3932.068	3937.435	78447	0	160
2025.11.04	20:00:00	3937.450	3942.073	3930.398	3934.767	31798	0	160
2025.11.05	00:00:00	3934.793	3965.358	3929.598	3960.874	65742	0	160
2025.11.05	04:00:00	3960.841	3978.556	3959.739	3972.701	49209	0	160
2025.11.05	08:00:00	3972.734	3987.091	3956.028	3966.917	51750	0	160
2025.11.05	12:00:00	3966.874	3985.562	3962.240	3978.201	77534	0	160
2025.11.05	16:00:00	3978.243	3990.543	3974.815	3987.809	43770	0	160
2025.11.05	20:00:00	3987.838	3990.243	3966.726	3973.671	23957	0	160
2025.11.06	00:00:00	3973.630	3990.439	3964.543	3987.556	44600	0	160
2025.11.06	04:00:00	3987.517	4009.645	3982.206	4005.879	39340	0	160
2025.11.06	08:00:00	4005.818	4019.609	4004.248	4018.182	39449	0	160
2025.11.06	12:00:00	4018.044	4019.551	3975.197	3980.220	85230	0	160
2025.11.06	16:00:00	3980.264	3995.281	3965.754	3985.395	66015	0	160
2025.11.06	20:00:00	3985.350	3989.754	3974.354	3989.177	27634	0	160
2025.11.07	00:00:00	3989.218	4003.402	3984.493	3990.445	38435	0	160
2025.11.07	04:00:00	3990.413	4010.016	3985.363	4007.772	37840	0	160
2025.11.07	08:00:00	4007.836	4014.195	3993.655	4002.861	42269	0	160
2025.11.07	12:00:00	4002.935	4008.482	3984.058	3990.952	79120	0	160
2025.11.07	16:00:00	3990.989	4027.628	3989.915	4006.838	78210	0	160
2025.11.07	20:00:00	4006.811	4007.186	3994.315	4001.422	22447	0	160
2025.11.09	20:00:00	4004.876	4012.265	4004.067	4011.834	11812	0	160
2025.11.10	00:00:00	4011.870	4053.256	4011.132	4050.292	64018	0	160
2025.11.10	04:00:00	4050.242	4079.165	4049.947	4075.190	44914	0	160
2025.11.10	08:00:00	4075.143	4086.238	4071.595	4085.293	46347	0	160
2025.11.10	12:00:00	4085.335	4105.911	4074.405	4084.555	92910	0	160
2025.11.10	16:00:00	4084.509	4115.793	4081.921	4113.129	47673	0	160
2025.11.10	20:00:00	4113.102	4122.693	4106.580	4119.955	23555	0	160
2025.11.11	00:00:00	4119.992	4148.113	4116.195	4146.883	54907	0	160
2025.11.11	04:00:00	4146.796	4148.862	4124.518	4129.671	48226	0	160
2025.11.11	08:00:00	4129.622	4146.001	4128.805	4142.788	39926	0	160
2025.11.11	12:00:00	4142.891	4146.670	4097.107	4106.638	85282	0	160
2025.11.11	16:00:00	4106.671	4126.175	4105.046	4123.010	48928	0	160
2025.11.11	20:00:00	4123.062	4144.677	4122.366	4142.683	26906	0	160
2025.11.12	00:00:00	4142.574	4145.524	4111.790	4111.972	57045	0	160
2025.11.12	04:00:00	4111.934	4125.318	4098.895	4116.963	54199	0	160
2025.11.12	08:00:00	4116.940	4133.594	4112.133	4126.121	53554	0	160
2025.11.12	12:00:00	4126.096	4185.704	4122.762	4181.468	102663	0	160
2025.11.12	16:00:00	4181.381	4211.822	4180.097	4197.485	95730	0	160
2025.11.12	20:00:00	4197.440	4208.175	4187.216	4191.097	35651	0	160
2025.11.13	00:00:00	4191.055	4213.455	4179.898	4213.125	80773	0	160
2025.11.13	04:00:00	4213.094	4220.091	4203.257	4219.942	61466	0	160
2025.11.13	08:00:00	4219.896	4240.261	4218.874	4230.487	62447	0	160
2025.11.13	12:00:00	4230.531	4245.297	4184.533	4202.539	128713	0	160
2025.11.13	16:00:00	4202.509	4211.009	4145.366	4163.828	123763	0	160
2025.11.13	20:00:00	4163.872	4186.674	4160.284	4185.865	43397	0	160
2025.11.14	00:00:00	4185.908	4211.571	4173.688	4204.463	66892	0	160
2025.11.14	04:00:00	4204.400	4205.843	4158.836	4181.008	72527	0	160
2025.11.14	08:00:00	4180.973	4186.950	4130.777	4132.907	82450	0	160
2025.11.14	12:00:00	4132.853	4140.501	4032.194	4093.474	213149	0	160
2025.11.14	16:00:00	4093.530	4111.212	4080.789	4089.972	103405	0	160
2025.11.14	20:00:00	4090.015	4092.359	4075.318	4084.609	30304	0	160
2025.11.16	20:00:00	4083.755	4106.784	4071.875	4096.457	22938	0	160
2025.11.17	00:00:00	4096.528	4102.076	4070.050	4082.921	94171	0	160
2025.11.17	04:00:00	4082.897	4089.243	4049.643	4088.159	66675	0	160
2025.11.17	08:00:00	4088.130	4095.987	4061.026	4078.456	72468	0	160
2025.11.17	12:00:00	4078.493	4092.248	4060.617	4064.373	102345	0	160
2025.11.17	16:00:00	4064.304	4081.082	4010.749	4011.229	100510	0	160
2025.11.17	20:00:00	4011.258	4055.565	4006.827	4036.825	59030	0	160
2025.11.18	00:00:00	4036.862	4045.052	4008.202	4013.285	85251	0	160
2025.11.18	04:00:00	4013.316	4025.227	3998.037	4013.674	73113	0	160
2025.11.18	08:00:00	4013.648	4050.503	4010.540	4039.406	69050	0	160
2025.11.18	12:00:00	4039.374	4082.018	4029.089	4052.948	131728	0	160
2025.11.18	16:00:00	4053.001	4082.060	4040.427	4081.051	85058	0	160
2025.11.18	20:00:00	4081.089	4082.273	4064.865	4076.650	31828	0	160
2025.11.19	00:00:00	4076.692	4080.659	4055.612	4066.989	64973	0	160
2025.11.19	04:00:00	4066.883	4098.630	4064.406	4086.976	55349	0	160
2025.11.19	08:00:00	4086.931	4119.173	4078.212	4112.900	70828	0	160
2025.11.19	12:00:00	4112.803	4132.686	4090.012	4096.599	110617	0	160
2025.11.19	16:00:00	4096.629	4098.612	4055.572	4073.651	146508	0	160
2025.11.19	20:00:00	4073.603	4108.239	4065.574	4104.662	45881	0	160
2025.11.20	00:00:00	4104.692	4110.341	4039.865	4072.378	97324	0	160
2025.11.20	04:00:00	4072.427	4080.577	4054.032	4059.959	68788	0	160
2025.11.20	08:00:00	4059.901	4072.779	4038.705	4060.789	85353	0	160
2025.11.20	12:00:00	4060.823	4107.146	4060.084	4070.156	146599	0	160
2025.11.20	16:00:00	4070.211	4087.312	4043.674	4084.652	159635	0	160
2025.11.20	20:00:00	4084.615	4088.817	4072.924	4079.125	42800	0	160
2025.11.21	00:00:00	4079.174	4081.423	4049.324	4056.197	74565	0	160
2025.11.21	04:00:00	4056.160	4064.881	4024.810	4031.675	82569	0	160
2025.11.21	08:00:00	4031.705	4063.621	4022.258	4036.588	94692	0	160
2025.11.21	12:00:00	4036.553	4083.968	4034.758	4069.701	151099	0	160
2025.11.21	16:00:00	4069.723	4101.312	4062.910	4087.587	104115	0	160
2025.11.21	20:00:00	4087.621	4088.800	4054.468	4066.113	39666	0	160
2025.11.23	20:00:00	4072.469	4077.701	4065.797	4075.117	14594	0	160
2025.11.24	00:00:00	4075.148	4076.144	4040.582	4050.459	67466	0	160
2025.11.24	04:00:00	4050.507	4067.620	4039.842	4060.001	62899	0	160
2025.11.24	08:00:00	4059.900	4077.254	4059.552	4069.896	54159	0	160
2025.11.24	12:00:00	4069.860	4093.905	4065.639	4091.741	86039	0	160
2025.11.24	16:00:00	4091.791	4125.741	4088.005	4118.508	66336	0	160
2025.11.24	20:00:00	4118.531	4144.405	4117.942	4143.810	38445	0	160
2025.11.25	00:00:00	4143.802	4155.820	4122.524	4143.052	83996	0	160
2025.11.25	04:00:00	4143.026	4152.125	4130.277	4132.529	58356	0	160
2025.11.25	08:00:00	4132.614	4139.522	4109.156	4133.459	65183	0	160
2025.11.25	12:00:00	4133.502	4150.868	4111.034	4123.130	107935	0	160
2025.11.25	16:00:00	4123.092	4159.414	4122.107	4133.761	83993	0	160
2025.11.25	20:00:00	4133.797	4138.419	4127.675	4133.730	27629	0	160
2025.11.26	00:00:00	4133.737	4169.421	4132.595	4166.104	57458	0	160
2025.11.26	04:00:00	4166.062	4168.638	4146.627	4157.237	49923	0	160
2025.11.26	08:00:00	4157.352	4173.161	4154.696	4171.556	54328	0	160
2025.11.26	12:00:00	4171.577	4173.595	4136.508	4165.246	100477	0	160
2025.11.26	16:00:00	4165.286	4171.745	4157.951	4163.254	56325	0	160
2025.11.26	20:00:00	4163.268	4168.944	4161.280	4165.012	23890	0	160
2025.11.27	00:00:00	4164.965	4167.313	4144.145	4147.464	50244	0	160
2025.11.27	04:00:00	4147.420	4162.288	4142.601	4160.009	45070	0	160
2025.11.27	08:00:00	4160.059	4167.143	4148.261	4157.328	44987	0	160
2025.11.27	12:00:00	4157.352	4161.860	4149.176	4158.056	44215	0	160
2025.11.27	16:00:00	4158.005	4160.413	4151.443	4157.116	17620	0	160
2025.11.27	20:00:00	4160.413	4164.010	4158.299	4163.431	4635	0	160
2025.11.28	00:00:00	4163.371	4193.052	4163.093	4184.227	42190	0	160
2025.11.28	04:00:00	4184.232	4188.862	4155.874	4174.631	24543	0	160
2025.11.28	08:00:00	4174.635	4179.939	4147.529	4172.019	56455	0	160
2025.11.28	12:00:00	4171.980	4208.978	4168.712	4203.639	57421	0	160
2025.11.28	16:00:00	4203.609	4226.479	4197.605	4219.163	51452	0	160
2025.11.30	20:00:00	4219.988	4225.308	4205.841	4221.933	15689	0	160
2025.12.01	00:00:00	4221.906	4256.447	4218.245	4239.350	84380	0	160
2025.12.01	04:00:00	4239.307	4246.989	4215.434	4245.320	60148	0	160
2025.12.01	08:00:00	4245.286	4262.278	4238.440	4254.634	50291	0	160
2025.12.01	12:00:00	4254.639	4264.532	4219.589	4232.518	104662	0	160
2025.12.01	16:00:00	4232.589	4244.713	4223.127	4236.851	93161	0	160
2025.12.01	20:00:00	4236.875	4241.542	4224.423	4227.700	34993	0	160
2025.12.02	00:00:00	4227.704	4229.766	4191.183	4216.858	81904	0	160
2025.12.02	04:00:00	4216.813	4226.316	4203.258	4213.307	53999	0	160
2025.12.02	08:00:00	4213.386	4217.200	4180.945	4205.288	60395	0	160
2025.12.02	12:00:00	4205.254	4230.859	4163.566	4169.426	116134	0	160
2025.12.02	16:00:00	4169.474	4200.693	4166.874	4196.520	81529	0	160
2025.12.02	20:00:00	4196.557	4216.236	4194.862	4212.876	33581	0	160
2025.12.03	00:00:00	4212.913	4228.936	4204.339	4221.244	62125	0	160
2025.12.03	04:00:00	4221.200	4225.428	4199.985	4206.453	59750	0	160
2025.12.03	08:00:00	4206.500	4210.335	4194.480	4208.564	50614	0	160
2025.12.03	12:00:00	4208.537	4241.579	4205.111	4216.342	110341	0	160
2025.12.03	16:00:00	4216.307	4224.964	4195.225	4207.944	78891	0	160
2025.12.03	20:00:00	4207.830	4212.701	4202.395	4207.165	25840	0	160
2025.12.04	00:00:00	4207.102	4216.817	4187.241	4195.851	60822	0	160
2025.12.04	04:00:00	4195.765	4199.101	4174.868	4193.744	62714	0	160
2025.12.04	08:00:00	4193.713	4206.522	4183.686	4198.652	51820	0	160
2025.12.04	12:00:00	4198.625	4213.586	4185.475	4207.520	97226	0	160
2025.12.04	16:00:00	4207.493	4219.486	4199.599	4208.939	59469	0	160
2025.12.04	20:00:00	4208.921	4210.381	4203.865	4206.079	21034	0	160
2025.12.05	00:00:00	4206.077	4210.979	4194.824	4209.557	48206	0	160
2025.12.05	04:00:00	4209.544	4230.701	4207.863	4224.363	44346	0	160
2025.12.05	08:00:00	4224.409	4227.553	4215.909	4223.693	33243	0	160
2025.12.05	12:00:00	4223.744	4259.240	4221.524	4243.480	87110	0	160
2025.12.05	16:00:00	4243.536	4245.707	4198.651	4207.649	105630	0	160
2025.12.05	20:00:00	4207.690	4207.844	4191.863	4198.522	37331	0	160
2025.12.07	20:00:00	4202.426	4208.458	4189.804	4201.389	2189	0	160
2025.12.08	00:00:00	4201.433	4213.415	4197.576	4210.017	50848	0	160
2025.12.08	04:00:00	4210.051	4218.963	4204.603	4206.864	34367	0	160
2025.12.08	08:00:00	4206.863	4216.531	4199.622	4208.383	38058	0	160
2025.12.08	12:00:00	4208.438	4215.564	4176.137	4182.933	80884	0	160
2025.12.08	16:00:00	4182.891	4197.891	4177.118	4187.057	46482	0	160
2025.12.08	20:00:00	4187.017	4195.497	4184.898	4194.735	16111	0	160
2025.12.09	00:00:00	4194.740	4198.844	4186.012	4194.538	38469	0	160
2025.12.09	04:00:00	4194.523	4195.686	4170.097	4182.368	46970	0	160
2025.12.09	08:00:00	4182.332	4213.140	4182.332	4202.976	49713	0	160
2025.12.09	12:00:00	4203.024	4216.496	4189.416	4212.562	92352	0	160
2025.12.09	16:00:00	4212.522	4221.526	4201.215	4212.577	68992	0	160
2025.12.09	20:00:00	4212.540	4216.058	4207.159	4210.870	37734	0	160
2025.12.10	00:00:00	4210.815	4218.778	4203.765	4206.300	49317	0	160
2025.12.10	04:00:00	4206.378	4214.406	4201.770	4203.392	38207	0	160
2025.12.10	08:00:00	4203.357	4206.613	4187.729	4197.216	43193	0	160
2025.12.10	12:00:00	4197.311	4207.115	4188.957	4193.620	72399	0	160
2025.12.10	16:00:00	4193.715	4219.896	4181.686	4216.405	103769	0	160
2025.12.10	20:00:00	4216.372	4238.706	4211.013	4232.419	61737	0	160
2025.12.11	00:00:00	4232.502	4247.762	4209.344	4216.788	70826	0	160
2025.12.11	04:00:00	4216.738	4218.689	4204.316	4216.079	50956	0	160
2025.12.11	08:00:00	4216.053	4225.931	4209.648	4211.174	63769	0	160
2025.12.11	12:00:00	4211.197	4261.540	4205.192	4256.005	173050	0	160
2025.12.11	16:00:00	4255.933	4285.959	4250.067	4273.621	156904	0	160
2025.12.11	20:00:00	4273.598	4283.660	4264.227	4276.523	66403	0	160
2025.12.12	00:00:00	4276.471	4280.202	4264.738	4270.609	54960	0	160
2025.12.12	04:00:00	4270.591	4290.557	4266.085	4287.155	36783	0	160
2025.12.12	08:00:00	4287.110	4339.355	4286.981	4336.432	62998	0	160
2025.12.12	12:00:00	4336.503	4353.570	4283.082	4290.494	165912	0	160
2025.12.12	16:00:00	4290.446	4303.627	4256.958	4296.552	159497	0	160
2025.12.12	20:00:00	4296.527	4304.299	4288.403	4300.983	25818	0	160
2025.12.14	20:00:00	4300.525	4308.411	4299.862	4302.391	9925	0	160
2025.12.15	00:00:00	4302.431	4329.634	4300.055	4327.075	51721	0	160
2025.12.15	04:00:00	4327.147	4347.599	4323.149	4339.349	45052	0	160
2025.12.15	08:00:00	4339.305	4350.352	4335.333	4342.747	37358	0	160
2025.12.15	12:00:00	4342.845	4348.460	4311.467	4318.307	110420	0	160
2025.12.15	16:00:00	4318.339	4318.941	4285.180	4314.227	88677	0	160
2025.12.15	20:00:00	4314.176	4314.501	4299.462	4304.150	26480	0	160
2025.12.16	00:00:00	4304.132	4317.924	4280.571	4290.839	78228	0	160
2025.12.16	04:00:00	4290.867	4292.283	4271.599	4287.643	54165	0	160
2025.12.16	08:00:00	4287.577	4289.537	4273.752	4278.382	44449	0	160
2025.12.16	12:00:00	4278.422	4335.137	4276.705	4319.805	110406	0	160
2025.12.16	16:00:00	4319.758	4323.172	4291.064	4310.723	83594	0	160
2025.12.16	20:00:00	4310.676	4314.383	4300.693	4307.860	23233	0	160
2025.12.17	00:00:00	4307.905	4327.864	4307.375	4323.639	61431	0	160
2025.12.17	04:00:00	4323.670	4342.530	4315.555	4317.827	57766	0	160
2025.12.17	08:00:00	4317.798	4323.293	4306.453	4316.409	42763	0	160
2025.12.17	12:00:00	4316.457	4349.297	4314.921	4330.188	109049	0	160
2025.12.17	16:00:00	4330.239	4346.439	4320.312	4336.967	94162	0	160
2025.12.17	20:00:00	4336.935	4346.328	4335.192	4339.201	24177	0	160
2025.12.18	00:00:00	4339.150	4342.938	4324.200	4333.093	58379	0	160
2025.12.18	04:00:00	4333.196	4337.740	4328.576	4331.418	38763	0	160
2025.12.18	08:00:00	4331.379	4332.592	4320.584	4325.567	36614	0	160
2025.12.18	12:00:00	4325.572	4343.102	4308.654	4338.221	119869	0	160
2025.12.18	16:00:00	4338.265	4374.645	4321.657	4324.976	134215	0	160
2025.12.18	20:00:00	4324.992	4338.159	4324.480	4335.144	27266	0	160
2025.12.19	00:00:00	4335.170	4335.841	4309.221	4318.024	58109	0	160
2025.12.19	04:00:00	4318.031	4329.539	4316.900	4322.756	43771	0	160
2025.12.19	08:00:00	4322.716	4333.590	4321.090	4327.238	38753	0	160
2025.12.19	12:00:00	4327.290	4349.049	4319.730	4347.800	89133	0	160
2025.12.19	16:00:00	4347.773	4356.559	4341.968	4345.356	62918	0	160
2025.12.19	20:00:00	4345.299	4346.355	4336.637	4339.365	16120	0	160
2025.12.21	20:00:00	4340.979	4356.441	4339.944	4355.345	7979	0	160
2025.12.22	00:00:00	4355.278	4394.991	4355.278	4392.633	61340	0	160
2025.12.22	04:00:00	4392.672	4420.347	4391.329	4414.352	50949	0	160
2025.12.22	08:00:00	4414.280	4415.950	4406.138	4410.272	35252	0	160
2025.12.22	12:00:00	4410.206	4435.507	4406.157	4431.837	80911	0	160
2025.12.22	16:00:00	4431.808	4442.300	4428.043	4433.487	48527	0	160
2025.12.22	20:00:00	4433.449	4461.775	4431.723	4460.243	24616	0	160
2025.12.23	00:00:00	4460.236	4497.830	4458.033	4486.863	63175	0	160
2025.12.23	04:00:00	4486.824	4489.623	4469.518	4486.692	44439	0	160
2025.12.23	08:00:00	4486.656	4494.149	4478.220	4493.501	39100	0	160
2025.12.23	12:00:00	4493.464	4497.359	4430.559	4458.511	127185	0	160
2025.12.23	16:00:00	4458.471	4496.326	4455.894	4490.860	65669	0	160
2025.12.23	20:00:00	4490.896	4510.399	4483.568	4503.344	29553	0	160
2025.12.24	00:00:00	4503.359	4525.969	4468.947	4493.138	91857	0	160
2025.12.24	04:00:00	4493.164	4501.566	4483.440	4483.925	47946	0	160
2025.12.24	08:00:00	4483.975	4499.899	4478.091	4491.476	49098	0	160
2025.12.24	12:00:00	4491.512	4496.050	4448.294	4458.334	112812	0	160
2025.12.24	16:00:00	4458.382	4487.611	4455.887	4480.715	45527	0	160
2025.12.25	20:00:00	4486.193	4500.024	4484.435	4495.245	9555	0	160
2025.12.26	00:00:00	4495.172	4531.332	4492.303	4501.836	88947	0	160
2025.12.26	04:00:00	4501.730	4519.411	4500.527	4510.957	46175	0	160
2025.12.26	08:00:00	4510.994	4523.858	4502.773	4509.647	46513	0	160
2025.12.26	12:00:00	4509.611	4547.660	4503.845	4546.678	100579	0	160
2025.12.26	16:00:00	4546.631	4550.188	4509.845	4523.772	99992	0	160
2025.12.26	20:00:00	4523.800	4535.379	4521.822	4532.515	32338	0	160
2025.12.28	20:00:00	4546.214	4548.500	4523.347	4527.184	25289	0	160
2025.12.29	00:00:00	4527.210	4528.031	4472.242	4516.325	135533	0	160
2025.12.29	04:00:00	4516.340	4519.516	4444.978	4474.592	106058	0	160
2025.12.29	08:00:00	4474.713	4488.632	4434.210	4446.684	89783	0	160
2025.12.29	12:00:00	4446.710	4467.761	4302.137	4325.318	201785	0	160
2025.12.29	16:00:00	4325.282	4347.521	4314.714	4336.993	110266	0	160
2025.12.29	20:00:00	4337.018	4347.180	4323.334	4345.645	42392	0	160
2025.12.30	00:00:00	4345.585	4369.264	4324.410	4359.264	83728	0	160
2025.12.30	04:00:00	4359.357	4383.566	4357.584	4372.569	66119	0	160
2025.12.30	08:00:00	4372.625	4391.783	4350.137	4384.409	60351	0	160
2025.12.30	12:00:00	4384.366	4404.262	4355.780	4365.096	125301	0	160
2025.12.30	16:00:00	4365.132	4381.803	4337.569	4348.624	81603	0	160
2025.12.30	20:00:00	4348.649	4355.571	4328.508	4338.922	47683	0	160
2025.12.31	00:00:00	4338.977	4373.450	4332.467	4348.657	97503	0	160
2025.12.31	04:00:00	4348.617	4351.395	4274.341	4331.212	107426	0	160
2025.12.31	08:00:00	4331.154	4337.374	4303.336	4310.933	68359	0	160
2025.12.31	12:00:00	4310.907	4353.617	4303.096	4337.274	104855	0	160
2025.12.31	16:00:00	4337.321	4339.688	4307.289	4311.253	52074	0	160
2025.12.31	20:00:00	4311.052	4324.445	4304.157	4318.847	12372	0	160
2026.01.01	20:00:00	4328.340	4351.526	4327.673	4348.349	8141	0	160
2026.01.02	00:00:00	4348.358	4375.846	4341.279	4375.173	49401	0	160
2026.01.02	04:00:00	4375.130	4383.326	4370.946	4382.800	40783	0	160
2026.01.02	08:00:00	4382.763	4399.384	4380.488	4392.898	40187	0	160
2026.01.02	12:00:00	4392.891	4402.465	4330.240	4335.470	129167	0	160
2026.01.02	16:00:00	4335.417	4337.401	4309.680	4318.185	102372	0	160
2026.01.02	20:00:00	4318.228	4333.960	4317.152	4331.759	20418	0	160
2026.01.04	20:00:00	4353.486	4375.927	4349.834	4372.570	15661	0	160
2026.01.05	00:00:00	4372.597	4421.140	4370.227	4399.941	115544	0	160
2026.01.05	04:00:00	4399.909	4426.559	4397.428	4421.826	57379	0	160
2026.01.05	08:00:00	4421.868	4440.011	4411.073	4419.349	56100	0	160
2026.01.05	12:00:00	4419.316	4455.697	4395.895	4448.524	122059	0	160
2026.01.05	16:00:00	4448.487	4454.471	4432.261	4439.845	70252	0	160
2026.01.05	20:00:00	4439.805	4460.290	4436.869	4440.334	29522	0	160
2026.01.06	00:00:00	4440.426	4468.212	4427.675	4467.805	74792	0	160
2026.01.06	04:00:00	4467.682	4474.275	4449.432	4459.479	57143	0	160
2026.01.06	08:00:00	4459.501	4476.002	4442.565	4463.377	54757	0	160
2026.01.06	12:00:00	4463.319	4490.968	4453.975	4478.351	98850	0	160
2026.01.06	16:00:00	4478.320	4494.128	4471.616	4481.409	68400	0	160
2026.01.06	20:00:00	4481.378	4500.541	4480.296	4493.223	25460	0	160
2026.01.07	00:00:00	4493.308	4495.931	4459.455	4474.703	86579	0	160
2026.01.07	04:00:00	4474.645	4476.083	4441.419	4461.273	76862	0	160
2026.01.07	08:00:00	4461.183	4474.845	4446.584	4447.469	47945	0	160
2026.01.07	12:00:00	4447.441	4455.125	4423.563	4446.078	124672	0	160
2026.01.07	16:00:00	4446.044	4468.439	4443.910	4456.852	70529	0	160
2026.01.07	20:00:00	4456.896	4464.170	4449.794	4463.418	28166	0	160
2026.01.08	00:00:00	4463.439	4466.480	4433.334	4440.299	71965	0	160
2026.01.08	04:00:00	4440.323	4440.571	4415.511	4431.056	72956	0	160
2026.01.08	08:00:00	4430.976	4435.449	4419.832	4422.728	49523	0	160
2026.01.08	12:00:00	4422.769	4456.536	4407.557	4454.150	122991	0	160
2026.01.08	16:00:00	4454.191	4465.503	4444.332	4452.141	67268	0	160
2026.01.08	20:00:00	4452.020	4484.203	4451.421	4475.597	34102	0	160
2026.01.09	00:00:00	4475.632	4476.742	4452.819	4464.219	63630	0	160
2026.01.09	04:00:00	4464.226	4477.388	4458.040	4470.230	45035	0	160
2026.01.09	08:00:00	4470.267	4477.674	4463.971	4475.430	36623	0	160
2026.01.09	12:00:00	4475.406	4517.180	4458.906	4512.272	132503	0	160
2026.01.09	16:00:00	4512.371	4514.408	4482.001	4499.322	75679	0	160
2026.01.09	20:00:00	4499.294	4511.179	4497.799	4509.075	19976	0	160
2026.01.11	20:00:00	4517.918	4545.010	4517.918	4539.960	13229	0	160
2026.01.12	00:00:00	4540.027	4601.220	4536.272	4570.658	125897	0	160
2026.01.12	04:00:00	4570.695	4589.641	4563.516	4587.700	59859	0	160
2026.01.12	08:00:00	4587.743	4599.354	4579.506	4585.272	54361	0	160
2026.01.12	12:00:00	4585.261	4627.426	4578.449	4621.268	129637	0	160
2026.01.12	16:00:00	4621.242	4630.183	4600.443	4611.105	72538	0	160
2026.01.12	20:00:00	4611.138	4611.760	4577.934	4599.371	43962	0	160
2026.01.13	00:00:00	4599.408	4599.717	4575.450	4594.166	70004	0	160
2026.01.13	04:00:00	4594.125	4602.247	4573.281	4580.548	54037	0	160
2026.01.13	08:00:00	4580.515	4597.225	4579.536	4588.503	42322	0	160
2026.01.13	12:00:00	4588.599	4634.774	4577.847	4619.104	120623	0	160
2026.01.13	16:00:00	4619.001	4620.796	4581.045	4597.503	92502	0	160
2026.01.13	20:00:00	4597.539	4598.857	4569.234	4597.136	39063	0	160
2026.01.14	00:00:00	4597.181	4630.088	4597.110	4628.238	64786	0	160
2026.01.14	04:00:00	4628.316	4639.887	4617.789	4632.634	67227	0	160
2026.01.14	08:00:00	4632.562	4639.668	4621.938	4630.328	50641	0	160
2026.01.14	12:00:00	4630.340	4641.989	4599.335	4617.855	125089	0	160
2026.01.14	16:00:00	4617.892	4643.164	4601.076	4639.223	92882	0	160
2026.01.14	20:00:00	4639.221	4641.566	4602.840	4615.294	57090	0	160
2026.01.15	00:00:00	4615.256	4618.187	4581.069	4592.282	107966	0	160
2026.01.15	04:00:00	4592.258	4613.611	4580.995	4601.818	69257	0	160
2026.01.15	08:00:00	4601.775	4623.032	4597.807	4619.132	47505	0	160
2026.01.15	12:00:00	4619.184	4620.792	4582.000	4615.473	115549	0	160
2026.01.15	16:00:00	4615.438	4624.902	4601.162	4615.794	66018	0	160
2026.01.15	20:00:00	4615.908	4620.994	4600.756	4610.284	35452	0	160
2026.01.16	00:00:00	4610.243	4611.358	4591.237	4596.491	67183	0	160
2026.01.16	04:00:00	4596.353	4616.198	4593.851	4607.513	51219	0	160
2026.01.16	08:00:00	4607.466	4616.152	4598.593	4612.471	39269	0	160
2026.01.16	12:00:00	4612.510	4620.563	4536.729	4571.398	150578	0	160
2026.01.16	16:00:00	4571.351	4599.058	4567.960	4590.572	102707	0	160
2026.01.16	20:00:00	4590.587	4598.544	4580.874	4596.588	26206	0	160
2026.01.18	20:00:00	4655.358	4690.700	4653.824	4672.573	25469	0	160
2026.01.19	00:00:00	4672.630	4682.114	4653.138	4658.521	95642	0	160
2026.01.19	04:00:00	4658.556	4679.037	4658.134	4665.186	44815	0	160
2026.01.19	08:00:00	4665.140	4673.846	4659.587	4660.705	41525	0	160
2026.01.19	12:00:00	4660.676	4676.059	4660.078	4674.329	46226	0	160
2026.01.19	16:00:00	4674.283	4680.490	4667.059	4670.928	24840	0	160
2026.01.19	20:00:00	4673.440	4673.595	4664.575	4665.406	6543	0	160
2026.01.20	00:00:00	4665.371	4681.609	4659.455	4680.176	49558	0	160
2026.01.20	04:00:00	4680.125	4722.775	4679.684	4716.168	65126	0	160
2026.01.20	08:00:00	4716.195	4737.424	4714.966	4733.029	54738	0	160
2026.01.20	12:00:00	4732.985	4751.171	4715.232	4737.495	146109	0	160
2026.01.20	16:00:00	4737.464	4766.367	4729.064	4760.696	74004	0	160
2026.01.20	20:00:00	4760.699	4781.083	4747.418	4775.878	57782	0	160
2026.01.21	00:00:00	4775.829	4849.968	4770.751	4845.003	99732	0	160
2026.01.21	04:00:00	4845.003	4888.495	4832.476	4855.166	98614	0	160
2026.01.21	08:00:00	4855.142	4877.102	4851.529	4866.812	60831	0	160
2026.01.21	12:00:00	4866.845	4880.975	4812.704	4847.815	172920	0	160
2026.01.21	16:00:00	4847.861	4855.790	4755.850	4781.264	205223	0	160
2026.01.21	20:00:00	4781.229	4839.807	4772.325	4778.381	91010	0	160
2026.01.22	00:00:00	4778.317	4809.639	4772.208	4796.604	96409	0	160
2026.01.22	04:00:00	4796.582	4838.815	4793.688	4832.684	56151	0	160
2026.01.22	08:00:00	4832.659	4838.000	4813.895	4831.124	51906	0	160
2026.01.22	12:00:00	4831.108	4873.721	4810.693	4871.710	108836	0	160
2026.01.22	16:00:00	4871.756	4924.477	4868.085	4911.663	100479	0	160
2026.01.22	20:00:00	4911.700	4960.587	4911.393	4958.972	46350	0	160
2026.01.23	00:00:00	4959.011	4967.535	4936.266	4952.007	85483	0	160
2026.01.23	04:00:00	4951.971	4967.307	4943.340	4944.413	51395	0	160
2026.01.23	08:00:00	4944.349	4947.579	4899.542	4922.962	84540	0	160
2026.01.23	12:00:00	4922.999	4963.375	4918.292	4960.584	118090	0	160
2026.01.23	16:00:00	4960.611	4989.804	4958.231	4984.331	96187	0	160
2026.01.23	20:00:00	4984.297	4989.050	4970.597	4988.337	30857	0	160
2026.01.25	20:00:00	5019.847	5040.296	5003.575	5039.789	30605	0	160
2026.01.26	00:00:00	5039.821	5093.104	5029.075	5076.541	134629	0	160
2026.01.26	04:00:00	5076.643	5111.144	5052.310	5089.275	110938	0	160
2026.01.26	08:00:00	5089.234	5098.657	5075.446	5091.438	72639	0	160
2026.01.26	12:00:00	5091.406	5097.348	5054.528	5090.917	145158	0	160
2026.01.26	16:00:00	5090.819	5105.153	5008.218	5028.697	249427	0	160
2026.01.26	20:00:00	5028.662	5062.342	4989.632	5043.629	134325	0	160
2026.01.27	00:00:00	5043.588	5079.843	5013.485	5076.871	130250	0	160
2026.01.27	04:00:00	5076.808	5100.962	5057.336	5086.128	89208	0	160
2026.01.27	08:00:00	5086.063	5099.601	5066.820	5076.734	76363	0	160
2026.01.27	12:00:00	5076.702	5092.975	5046.496	5091.077	200304	0	160
2026.01.27	16:00:00	5091.040	5103.130	5076.186	5098.926	130177	0	160
2026.01.27	20:00:00	5098.952	5190.490	5097.854	5172.433	140772	0	160
2026.01.28	00:00:00	5172.389	5247.780	5157.059	5235.049	156303	0	160
2026.01.28	04:00:00	5234.986	5292.803	5232.359	5290.397	97362	0	160
2026.01.28	08:00:00	5290.353	5311.542	5238.576	5261.638	122683	0	160
2026.01.28	12:00:00	5261.700	5298.152	5235.248	5278.235	246221	0	160
2026.01.28	16:00:00	5278.276	5332.236	5268.483	5325.739	239535	0	160
2026.01.28	20:00:00	5325.769	5570.018	5320.898	5513.022	187325	0	160
2026.01.29	00:00:00	5512.989	5551.669	5445.471	5545.769	280462	0	160
2026.01.29	04:00:00	5545.731	5595.349	5516.108	5548.984	191516	0	160
2026.01.29	08:00:00	5548.949	5554.941	5470.739	5522.666	167524	0	160
2026.01.29	12:00:00	5522.639	5549.504	5094.978	5182.895	260447	0	160
2026.01.29	16:00:00	5182.780	5375.460	5172.031	5305.702	274590	0	160
2026.01.29	20:00:00	5305.771	5448.551	5282.791	5438.589	112593	0	160
2026.01.30	00:00:00	5438.551	5450.946	5112.046	5196.573	535739	0	160
2026.01.30	04:00:00	5196.535	5241.616	5117.625	5181.217	294465	0	160
2026.01.30	08:00:00	5181.171	5181.171	4940.267	5136.072	496240	0	160
2026.01.30	12:00:00	5136.100	5145.896	4980.398	5050.424	465346	0	160
2026.01.30	16:00:00	5050.472	5051.665	4682.526	4932.661	422464	0	160
2026.01.30	20:00:00	4932.701	4932.978	4809.015	4891.496	101384	0	160
2026.02.01	20:00:00	4793.519	4819.788	4697.912	4741.422	41133	0	160
2026.02.02	00:00:00	4741.564	4884.890	4585.331	4646.594	320403	0	160
2026.02.02	04:00:00	4646.496	4713.487	4401.961	4587.175	312924	0	160
2026.02.02	08:00:00	4587.237	4779.775	4561.542	4766.028	213124	0	160
2026.02.02	12:00:00	4765.857	4812.462	4617.049	4619.977	308093	0	160
2026.02.02	16:00:00	4620.053	4714.059	4596.499	4685.389	189670	0	160
2026.02.02	20:00:00	4685.485	4775.102	4643.759	4774.148	86103	0	160
2026.02.03	00:00:00	4774.235	4856.919	4745.469	4809.004	188144	0	160
2026.02.03	04:00:00	4809.176	4933.738	4800.841	4917.095	110484	0	160
2026.02.03	08:00:00	4917.165	4949.853	4883.513	4916.715	79593	0	160
2026.02.03	12:00:00	4916.917	4950.953	4892.211	4935.318	144603	0	160
2026.02.03	16:00:00	4935.437	4993.649	4880.340	4927.250	169202	0	160
2026.02.03	20:00:00	4927.168	4972.010	4902.293	4947.236	54057	0	160
2026.02.04	00:00:00	4947.389	5073.597	4945.697	5069.922	102802	0	240
2026.02.04	04:00:00	5070.008	5091.390	5050.961	5084.685	53387	0	240
2026.02.04	08:00:00	5084.601	5091.855	5013.489	5047.674	57811	0	240
2026.02.04	12:00:00	5047.564	5063.527	4887.336	4920.489	163186	0	240
2026.02.04	16:00:00	4920.112	4958.020	4852.203	4941.815	154258	0	160
2026.02.04	20:00:00	4941.764	5023.771	4914.187	5012.195	35741	0	160
2026.02.05	00:00:00	5012.269	5020.510	4788.571	4880.524	199619	0	160
2026.02.05	04:00:00	4880.448	4940.979	4826.343	4915.076	112891	0	160
2026.02.05	08:00:00	4915.205	4943.563	4847.247	4868.270	100714	0	160
2026.02.05	12:00:00	4868.285	4877.993	4800.553	4817.668	222728	0	160
2026.02.05	16:00:00	4817.565	4906.864	4812.275	4829.338	131537	0	160
2026.02.05	20:00:00	4829.446	4843.154	4703.368	4703.768	61045	0	160
2026.02.06	00:00:00	4703.682	4846.460	4655.213	4824.288	172981	0	160
2026.02.06	04:00:00	4824.155	4903.302	4807.031	4841.047	72745	0	160
2026.02.06	08:00:00	4840.992	4895.871	4829.588	4887.059	63491	0	176
2026.02.06	12:00:00	4887.151	4964.721	4871.117	4943.389	95552	0	192
2026.02.06	16:00:00	4943.562	4971.478	4921.855	4957.186	49270	0	160
2026.02.06	20:00:00	4957.029	4968.285	4936.541	4968.145	16186	0	160
2026.02.08	20:00:00	4967.633	5046.837	4964.697	5035.944	13778	0	240
2026.02.09	00:00:00	5036.019	5044.905	4968.921	5016.251	73012	0	240
2026.02.09	04:00:00	5016.188	5045.748	4997.244	5006.457	48874	0	240
2026.02.09	08:00:00	5006.543	5040.932	4982.047	5010.686	49345	0	160
2026.02.09	12:00:00	5010.957	5060.253	4994.983	5058.796	68491	0	160
2026.02.09	16:00:00	5058.847	5080.696	5040.941	5074.580	38899	0	240
2026.02.09	20:00:00	5074.643	5086.697	4987.309	5031.903	31701	0	240
2026.02.10	00:00:00	5031.829	5056.440	5008.975	5029.982	64703	0	240
2026.02.10	04:00:00	5030.086	5045.439	5011.132	5033.970	42900	0	240
2026.02.10	08:00:00	5033.817	5063.008	5028.857	5055.911	36416	0	240
2026.02.10	12:00:00	5055.876	5078.663	4998.720	5019.710	71440	0	240
2026.02.10	16:00:00	5019.675	5040.058	5004.513	5028.069	44958	0	160
2026.02.10	20:00:00	5028.027	5054.379	5020.116	5041.550	32676	0	240
2026.02.11	00:00:00	5041.616	5061.003	5028.156	5054.498	37291	0	240
2026.02.11	04:00:00	5054.497	5069.129	5043.371	5055.473	33105	0	240
2026.02.11	08:00:00	5055.310	5116.804	5045.655	5111.590	38692	0	240
2026.02.11	12:00:00	5111.667	5119.259	5019.052	5060.323	103725	0	160
2026.02.11	16:00:00	5060.176	5098.948	5042.701	5082.107	48255	0	240
2026.02.11	20:00:00	5082.023	5100.162	5053.004	5061.397	22018	0	240
2026.02.12	00:00:00	5061.305	5074.640	5045.111	5056.963	44351	0	240
2026.02.12	04:00:00	5056.990	5078.212	5046.966	5063.736	30457	0	240
2026.02.12	08:00:00	5063.929	5080.985	5052.173	5063.966	26611	0	240
2026.02.12	12:00:00	5064.017	5083.763	5039.030	5060.623	49979	0	240
2026.02.12	16:00:00	5060.528	5068.304	4878.366	4945.686	200488	0	160
2026.02.12	20:00:00	4945.604	4948.378	4887.646	4920.302	36456	0	160
2026.02.13	00:00:00	4920.054	4991.736	4913.787	4981.499	55045	0	160
2026.02.13	04:00:00	4981.466	4997.235	4944.863	4974.961	41636	0	160
2026.02.13	08:00:00	4975.092	4989.519	4933.494	4953.992	40574	0	160
2026.02.13	12:00:00	4954.010	5020.812	4951.886	4976.926	88845	0	160
2026.02.13	16:00:00	4977.129	5046.075	4975.165	5023.534	50076	0	160
2026.02.13	20:00:00	5023.653	5046.101	5021.243	5042.605	19436	0	240
2026.02.15	20:00:00	5026.640	5032.237	5010.128	5019.914	9934	0	240
2026.02.16	00:00:00	5019.874	5031.480	4975.014	4987.733	36201	0	160
2026.02.16	04:00:00	4987.687	5009.954	4964.573	5007.321	28121	0	160
2026.02.16	08:00:00	5007.519	5017.232	4995.736	5004.267	23978	0	160
2026.02.16	12:00:00	5004.240	5008.096	4968.895	4979.735	29046	0	160
2026.02.16	16:00:00	4979.707	4997.933	4972.936	4993.895	20090	0	160
2026.02.16	20:00:00	4998.238	5000.719	4985.349	4989.986	5027	0	160
2026.02.17	00:00:00	4989.899	4991.592	4922.830	4956.886	38789	0	160
2026.02.17	04:00:00	4956.827	4960.363	4858.728	4917.021	49301	0	160
2026.02.17	08:00:00	4917.000	4939.206	4907.590	4929.179	34252	0	160
2026.02.17	12:00:00	4929.060	4944.351	4841.149	4878.263	103364	0	160
2026.02.17	16:00:00	4878.366	4910.733	4849.915	4880.422	67337	0	160
2026.02.17	20:00:00	4880.378	4887.009	4853.954	4859.523	24796	0	160
2026.02.18	00:00:00	4859.221	4922.215	4858.455	4920.873	29742	0	160
2026.02.18	04:00:00	4920.888	4942.324	4918.318	4930.324	22024	0	160
2026.02.18	08:00:00	4930.402	4932.364	4906.242	4912.974	25996	0	160
2026.02.18	12:00:00	4912.886	5008.998	4911.999	4997.843	51472	0	160
2026.02.18	16:00:00	4998.086	5010.974	4972.896	4980.659	39914	0	160
2026.02.18	20:00:00	4980.473	4988.664	4961.397	4976.255	19198	0	160
2026.02.19	00:00:00	4976.015	4983.534	4960.446	4981.809	25396	0	160
2026.02.19	04:00:00	4981.607	5021.927	4976.948	5010.363	20526	0	160
2026.02.19	08:00:00	5010.290	5022.047	4977.990	4984.696	29405	0	160
2026.02.19	12:00:00	4984.608	5022.336	4963.338	5013.708	54321	0	160
2026.02.19	16:00:00	5013.792	5014.389	4975.075	4987.832	37702	0	160
2026.02.19	20:00:00	4987.855	5007.890	4985.731	4987.700	15651	0	160
2026.02.20	00:00:00	4987.764	5014.702	4981.699	4988.088	26805	0	160
2026.02.20	04:00:00	4988.184	5030.141	4986.715	5006.527	23745	0	160
2026.02.20	08:00:00	5006.606	5042.628	5005.104	5017.392	28229	0	176
2026.02.20	12:00:00	5017.465	5064.009	4988.890	5042.506	95695	0	176
2026.02.20	16:00:00	5042.431	5079.887	5038.405	5079.392	62331	0	240
2026.02.20	20:00:00	5079.430	5108.031	5076.865	5105.809	15445	0	240
2026.02.22	20:00:00	5111.637	5171.868	5108.785	5165.373	10741	0	240
2026.02.23	00:00:00	5165.366	5176.670	5129.474	5166.851	47512	0	240
2026.02.23	04:00:00	5166.838	5168.703	5124.932	5136.727	31038	0	240
2026.02.23	08:00:00	5136.487	5163.447	5122.192	5149.884	30088	0	240
2026.02.23	12:00:00	5149.793	5205.098	5141.232	5196.252	50221	0	240
2026.02.23	16:00:00	5196.135	5219.089	5175.543	5215.605	51901	0	240
2026.02.23	20:00:00	5215.628	5249.439	5214.887	5235.933	20799	0	240
2026.02.24	00:00:00	5235.839	5238.095	5144.765	5171.972	68685	0	240
2026.02.24	04:00:00	5171.898	5185.704	5156.125	5179.060	33231	0	240
2026.02.24	08:00:00	5179.020	5181.856	5163.212	5172.835	27864	0	240
2026.02.24	12:00:00	5172.793	5173.595	5093.319	5150.191	77008	0	240
2026.02.24	16:00:00	5150.171	5170.116	5130.537	5154.063	38145	0	240
2026.02.24	20:00:00	5154.169	5173.146	5127.569	5146.578	19239	0	240
2026.02.25	00:00:00	5146.576	5193.907	5136.459	5182.161	39690	0	240
2026.02.25	04:00:00	5182.014	5210.592	5171.775	5184.635	27372	0	240
2026.02.25	08:00:00	5184.740	5197.169	5154.810	5181.284	29314	0	240
2026.02.25	12:00:00	5181.193	5202.514	5158.590	5194.940	44629	0	240
2026.02.25	16:00:00	5194.853	5217.614	5189.512	5205.091	32806	0	240
2026.02.25	20:00:00	5204.868	5206.206	5145.780	5163.125	33971	0	240
2026.02.26	00:00:00	5163.219	5198.089	5155.321	5192.676	43908	0	240
2026.02.26	04:00:00	5192.386	5205.410	5179.502	5185.826	25817	0	240
2026.02.26	08:00:00	5186.069	5190.786	5161.101	5164.456	31287	0	240
2026.02.26	12:00:00	5164.689	5192.714	5130.470	5185.320	71335	0	240
2026.02.26	16:00:00	5185.685	5193.965	5160.520	5187.105	45679	0	240
2026.02.26	20:00:00	5187.023	5200.860	5175.472	5184.462	17740	0	240
2026.02.27	00:00:00	5184.431	5199.716	5166.688	5184.068	36604	0	240
2026.02.27	04:00:00	5183.971	5200.615	5175.545	5176.053	26508	0	240
2026.02.27	08:00:00	5176.114	5185.375	5168.530	5185.375	24295	0	240
2026.02.27	12:00:00	5185.450	5246.401	5182.884	5239.359	65890	0	240
2026.02.27	16:00:00	5239.439	5257.624	5220.583	5250.080	49748	0	240
2026.02.27	20:00:00	5250.155	5281.253	5248.624	5279.022	15256	0	240
2026.03.01	20:00:00	5319.272	5393.371	5314.681	5386.916	16153	0	360
2026.03.02	00:00:00	5386.641	5388.044	5303.109	5366.285	87154	0	360
2026.03.02	04:00:00	5366.311	5419.030	5340.487	5407.874	44826	0	360
2026.03.02	08:00:00	5407.709	5416.418	5375.016	5385.113	45994	0	360
2026.03.02	12:00:00	5385.263	5416.358	5306.320	5316.053	117721	0	360
2026.03.02	16:00:00	5315.968	5333.981	5260.224	5330.516	86379	0	360
2026.03.02	20:00:00	5330.605	5346.940	5321.620	5345.688	30380	0	360
2026.03.03	00:00:00	5345.693	5379.802	5332.635	5367.133	51838	0	360
2026.03.03	04:00:00	5367.244	5375.551	5279.076	5327.461	61339	0	360
2026.03.03	08:00:00	5327.358	5335.669	5072.900	5144.538	141694	0	360
2026.03.03	12:00:00	5144.628	5226.551	4995.960	5095.336	232869	0	240
2026.03.03	16:00:00	5095.250	5149.115	5065.087	5113.095	129037	0	240
2026.03.03	20:00:00	5113.248	5130.413	5083.111	5125.056	47417	0	240
2026.03.04	00:00:00	5125.116	5190.920	5105.702	5174.518	73636	0	240
2026.03.04	04:00:00	5174.410	5180.726	5121.344	5168.182	54110	0	240
2026.03.04	08:00:00	5168.275	5202.313	5147.193	5192.107	47153	0	240
2026.03.04	12:00:00	5191.969	5205.974	5130.921	5151.399	107335	0	240
2026.03.04	16:00:00	5151.515	5162.464	5108.620	5137.805	62883	0	240
2026.03.04	20:00:00	5137.730	5165.859	5123.696	5164.962	45860	0	240
2026.03.05	00:00:00	5164.887	5194.986	5159.516	5180.292	38964	0	240
2026.03.05	04:00:00	5180.168	5186.736	5120.597	5162.056	40384	0	240
2026.03.05	08:00:00	5162.122	5180.373	5137.536	5163.469	39514	0	240
2026.03.05	12:00:00	5163.480	5171.576	5059.812	5102.457	108955	0	240
2026.03.05	16:00:00	5102.438	5104.367	5050.681	5065.818	82926	0	240
2026.03.05	20:00:00	5065.647	5101.747	5061.614	5086.266	30175	0	240
2026.03.06	00:00:00	5086.068	5143.888	5066.057	5130.904	42557	0	264
2026.03.06	04:00:00	5131.144	5136.121	5105.647	5119.458	26692	0	360
2026.03.06	08:00:00	5119.525	5123.189	5062.475	5076.717	37433	0	240
2026.03.06	12:00:00	5076.824	5171.645	5065.319	5141.881	114471	0	240
2026.03.06	16:00:00	5141.817	5174.626	5125.862	5159.805	54666	0	360
2026.03.06	20:00:00	5159.882	5176.565	5149.496	5174.067	16399	0	360
2026.03.08	20:00:00	5178.794	5180.193	5044.202	5075.442	40721	0	264
2026.03.09	00:00:00	5075.974	5102.437	5014.438	5091.221	95948	0	360
2026.03.09	04:00:00	5091.088	5140.456	5080.803	5098.944	53071	0	360
2026.03.09	08:00:00	5098.872	5132.503	5079.336	5088.049	49482	0	360
2026.03.09	12:00:00	5087.997	5116.136	5060.618	5099.469	78702	0	240
2026.03.09	16:00:00	5099.619	5143.981	5088.924	5141.033	43492	0	240
2026.03.09	20:00:00	5141.112	5155.948	5117.827	5139.445	21737	0	360
2026.03.10	00:00:00	5139.609	5187.112	5124.549	5157.679	45729	0	360
2026.03.10	04:00:00	5157.473	5181.302	5154.498	5180.770	26444	0	360
2026.03.10	08:00:00	5180.861	5195.112	5156.640	5174.907	34733	0	360
2026.03.10	12:00:00	5175.084	5238.432	5162.550	5228.678	57226	0	360
2026.03.10	16:00:00	5228.763	5235.576	5160.212	5198.804	58192	0	360
2026.03.10	20:00:00	5198.657	5199.162	5182.833	5196.851	16735	0	360
2026.03.11	00:00:00	5196.925	5223.041	5186.676	5203.349	32497	0	360
2026.03.11	04:00:00	5203.055	5210.765	5184.365	5195.507	26565	0	360
2026.03.11	08:00:00	5195.324	5198.412	5175.082	5180.983	31455	0	360
2026.03.11	12:00:00	5181.124	5196.467	5149.167	5166.023	63579	0	360
2026.03.11	16:00:00	5166.247	5183.188	5154.092	5182.970	31299	0	360
2026.03.11	20:00:00	5182.885	5183.461	5129.795	5134.222	16803	0	360
2026.03.12	00:00:00	5134.080	5175.152	5125.375	5152.927	37147	0	360
2026.03.12	04:00:00	5153.009	5185.373	5137.024	5181.793	24179	0	360
2026.03.12	08:00:00	5181.901	5191.657	5172.547	5178.779	25358	0	360
2026.03.12	12:00:00	5178.864	5186.047	5109.486	5132.431	65635	0	360
2026.03.12	16:00:00	5132.109	5137.954	5079.182	5084.796	44596	0	240
2026.03.12	20:00:00	5084.720	5101.191	5054.751	5098.163	21558	0	240
2026.03.13	00:00:00	5098.067	5128.363	5097.287	5115.304	27001	0	240
2026.03.13	04:00:00	5115.599	5117.870	5071.729	5084.890	30131	0	240
2026.03.13	08:00:00	5085.117	5107.729	5061.251	5107.366	32770	0	240
2026.03.13	12:00:00	5107.275	5121.882	5031.640	5034.814	73143	0	240
2026.03.13	16:00:00	5034.718	5063.926	5009.525	5016.410	54071	0	240
2026.03.13	20:00:00	5016.494	5025.413	5012.205	5020.977	7945	0	240
2026.03.15	20:00:00	5017.112	5030.407	4966.796	4997.507	23597	0	160
2026.03.16	00:00:00	4997.434	5031.104	4982.525	5019.074	54858	0	160
2026.03.16	04:00:00	5019.134	5036.013	4991.674	4995.230	32891	0	240
2026.03.16	08:00:00	4995.312	5022.694	4970.011	4997.068	41497	0	160
2026.03.16	12:00:00	4997.144	5038.067	4983.907	4986.963	55857	0	160
2026.03.16	16:00:00	4986.936	5020.121	4973.936	5012.690	36587	0	160
2026.03.16	20:00:00	5012.618	5021.612	4998.555	5012.795	13736	0	200
2026.03.17	00:00:00	5012.899	5033.501	4994.530	5027.650	28989	0	200
2026.03.17	04:00:00	5027.365	5044.474	5005.153	5021.081	30290	0	280
2026.03.17	08:00:00	5021.039	5029.507	4991.665	5003.115	29426	0	200
2026.03.17	12:00:00	5003.178	5031.492	4973.345	4997.823	50261	0	200
2026.03.17	16:00:00	4998.045	5009.035	4991.524	5000.231	28341	0	200
2026.03.17	20:00:00	5000.363	5006.424	4993.262	5002.750	20090	0	200
2026.03.18	00:00:00	5002.803	5016.048	4986.231	4991.384	27416	0	200
2026.03.18	04:00:00	4991.366	5016.311	4981.594	4995.045	24208	0	220
2026.03.18	08:00:00	4994.685	4996.663	4924.849	4930.041	40812	0	200
2026.03.18	12:00:00	4930.332	4932.313	4833.975	4862.535	106114	0	200
2026.03.18	16:00:00	4862.609	4899.290	4838.097	4843.007	63284	0	200
2026.03.18	20:00:00	4842.961	4848.327	4804.247	4836.860	30248	0	200
2026.03.19	00:00:00	4836.657	4866.892	4832.656	4850.956	40938	0	200
2026.03.19	04:00:00	4850.895	4853.715	4727.077	4727.808	60180	0	200
2026.03.19	08:00:00	4728.013	4740.325	4650.613	4652.225	115043	0	200
2026.03.19	12:00:00	4651.867	4653.936	4502.610	4596.521	241642	0	280
2026.03.19	16:00:00	4596.365	4663.389	4573.683	4644.022	124369	0	280
2026.03.19	20:00:00	4643.664	4677.032	4634.231	4643.703	23316	0	280
2026.03.20	00:00:00	4643.631	4735.802	4639.284	4725.570	62903	0	280
2026.03.20	04:00:00	4725.669	4727.605	4661.258	4706.147	49890	0	280
2026.03.20	08:00:00	4706.228	4734.746	4636.927	4671.624	62045	0	280
2026.03.20	12:00:00	4671.741	4695.521	4540.416	4553.170	281581	0	280
2026.03.20	16:00:00	4553.323	4613.753	4477.057	4501.417	251819	0	260
2026.03.20	20:00:00	4501.593	4514.556	4493.411	4497.479	24617	0	260
2026.03.22	20:00:00	4477.751	4536.100	4449.511	4464.724	48927	0	280
2026.03.23	00:00:00	4464.563	4473.179	4319.487	4352.986	358635	0	260
2026.03.23	04:00:00	4352.913	4381.604	4098.357	4204.099	385286	0	260
2026.03.23	08:00:00	4204.149	4463.418	4202.958	4379.120	438992	0	260
2026.03.23	12:00:00	4378.812	4512.782	4336.637	4363.649	546314	0	350
2026.03.23	16:00:00	4363.582	4467.074	4352.407	4397.762	291104	0	364
2026.03.23	20:00:00	4397.675	4448.021	4361.373	4441.191	50503	0	364
2026.03.24	00:00:00	4441.133	4446.587	4305.617	4347.179	245774	0	364
2026.03.24	04:00:00	4346.924	4432.388	4319.453	4417.077	183909	0	336
2026.03.24	08:00:00	4416.949	4442.108	4375.204	4407.617	151766	0	364
2026.03.24	12:00:00	4407.714	4433.862	4351.461	4411.557	301594	0	364
2026.03.24	16:00:00	4411.696	4427.622	4372.129	4400.157	169495	0	364
2026.03.24	20:00:00	4400.392	4551.356	4397.239	4546.757	82068	0	364
2026.03.25	00:00:00	4546.670	4602.458	4537.330	4570.152	113242	0	364
2026.03.25	04:00:00	4570.157	4574.686	4533.157	4539.389	71255	0	280
2026.03.25	08:00:00	4539.476	4585.701	4527.474	4578.795	103336	0	280
2026.03.25	12:00:00	4578.744	4583.830	4522.030	4559.113	225277	0	280
2026.03.25	16:00:00	4559.056	4569.031	4486.821	4530.658	146619	0	280
2026.03.25	20:00:00	4530.594	4542.058	4488.884	4498.103	50855	0	280
2026.03.26	00:00:00	4498.351	4544.567	4498.122	4516.446	104447	0	280
2026.03.26	04:00:00	4516.500	4524.097	4415.730	4452.742	137011	0	280
2026.03.26	08:00:00	4452.531	4459.249	4412.354	4423.150	154152	0	280
2026.03.26	12:00:00	4423.194	4479.502	4416.248	4438.118	249043	0	280
2026.03.26	16:00:00	4438.071	4442.828	4359.008	4364.039	194587	0	280
2026.03.26	20:00:00	4363.973	4420.705	4350.950	4404.911	93819	0	280
2026.03.27	00:00:00	4404.958	4446.168	4375.187	4437.392	95468	0	280
2026.03.27	04:00:00	4437.553	4475.324	4431.378	4447.634	78721	0	280
2026.03.27	08:00:00	4447.529	4450.947	4404.209	4419.818	82298	0	280
2026.03.27	12:00:00	4419.871	4555.421	4412.674	4523.995	146890	0	280
2026.03.27	16:00:00	4524.058	4533.849	4486.289	4514.485	90683	0	280
2026.03.27	20:00:00	4514.543	4520.336	4490.790	4495.377	11515	0	280
2026.03.29	20:00:00	4511.704	4513.900	4443.776	4448.566	33532	0	280
2026.03.30	00:00:00	4448.666	4517.590	4418.467	4496.149	108655	0	280
2026.03.30	04:00:00	4495.938	4550.588	4486.177	4527.204	61930	0	280
2026.03.30	08:00:00	4527.084	4580.694	4523.704	4559.383	60723	0	280
2026.03.30	12:00:00	4559.444	4578.606	4512.119	4548.401	117911	0	280
2026.03.30	16:00:00	4548.345	4549.647	4492.993	4513.621	73503	0	280
2026.03.30	20:00:00	4513.548	4523.756	4492.358	4513.571	23330	0	280
2026.03.31	00:00:00	4513.540	4619.464	4482.562	4556.941	108766	0	280
2026.03.31	04:00:00	4556.946	4581.748	4543.200	4564.411	54368	0	280
2026.03.31	08:00:00	4564.492	4593.107	4529.263	4582.116	65901	0	280
2026.03.31	12:00:00	4582.320	4630.188	4567.818	4609.586	105094	0	280
2026.03.31	16:00:00	4609.528	4685.670	4606.870	4682.776	112032	0	280
2026.03.31	20:00:00	4682.714	4699.990	4661.870	4696.420	30709	0	280
2026.04.01	00:00:00	4696.362	4724.207	4678.219	4681.965	65831	0	280
2026.04.01	04:00:00	4682.039	4747.670	4667.099	4712.892	54097	0	280
2026.04.01	08:00:00	4712.969	4762.899	4710.449	4752.159	51874	0	280
2026.04.01	12:00:00	4752.104	4788.333	4715.923	4786.549	115054	0	280
2026.04.01	16:00:00	4786.655	4792.885	4741.975	4766.131	65890	0	280
2026.04.01	20:00:00	4765.832	4800.288	4754.038	4784.149	19909	0	280
2026.04.02	00:00:00	4784.220	4798.722	4650.353	4676.232	150007	0	280
2026.04.02	04:00:00	4676.194	4681.464	4553.758	4642.794	112232	0	280
2026.04.02	08:00:00	4642.739	4648.858	4592.684	4599.953	66421	0	280
2026.04.02	12:00:00	4599.950	4699.823	4580.323	4660.855	194781	0	280
2026.04.02	16:00:00	4660.917	4681.772	4642.724	4672.084	74469	0	280
2026.04.02	20:00:00	4672.145	4676.952	4664.388	4675.248	7580	0	280
2026.04.05	20:00:00	4662.786	4662.786	4605.062	4610.601	30870	0	280
2026.04.06	00:00:00	4610.685	4671.739	4600.547	4640.471	63328	0	280
2026.04.06	04:00:00	4640.483	4688.617	4639.913	4684.819	43027	0	280
2026.04.06	08:00:00	4684.750	4706.668	4677.027	4677.876	46349	0	280
2026.04.06	12:00:00	4677.935	4697.655	4652.008	4668.123	90770	0	280
2026.04.06	16:00:00	4668.204	4672.572	4645.399	4655.301	47791	0	280
2026.04.06	20:00:00	4655.267	4667.769	4649.109	4658.850	14051	0	280
2026.04.07	00:00:00	4658.955	4664.174	4616.266	4649.663	73843	0	280
2026.04.07	04:00:00	4649.489	4664.251	4622.779	4645.856	51986	0	280
2026.04.07	08:00:00	4646.159	4694.584	4628.627	4659.776	83350	0	280
2026.04.07	12:00:00	4659.862	4670.777	4607.254	4655.601	111329	0	280
2026.04.07	16:00:00	4655.482	4718.702	4652.411	4700.621	116020	0	280
2026.04.07	20:00:00	4700.684	4836.350	4697.178	4833.203	69727	0	280
2026.04.08	00:00:00	4833.471	4857.340	4788.013	4797.596	87181	0	280
2026.04.08	04:00:00	4797.615	4843.822	4790.052	4813.413	52090	0	280
2026.04.08	08:00:00	4813.481	4819.841	4770.987	4798.457	51252	0	280
2026.04.08	12:00:00	4798.509	4807.082	4732.165	4756.462	111199	0	280
2026.04.08	16:00:00	4756.609	4765.618	4699.492	4730.439	75081	0	280
2026.04.08	20:00:00	4730.529	4732.601	4704.566	4715.520	21390	0	280
2026.04.09	00:00:00	4715.678	4732.955	4698.134	4711.444	55115	0	280
2026.04.09	04:00:00	4711.554	4731.242	4703.348	4724.228	47586	0	280
2026.04.09	08:00:00	4724.325	4757.459	4719.871	4756.362	37089	0	280
2026.04.09	12:00:00	4756.426	4797.980	4734.854	4792.875	78463	0	280
2026.04.09	16:00:00	4792.938	4801.202	4766.847	4768.865	64019	0	280
2026.04.09	20:00:00	4768.923	4779.317	4757.005	4763.591	16795	0	280
2026.04.10	00:00:00	4763.654	4777.119	4737.858	4766.321	44969	0	280
2026.04.10	04:00:00	4766.450	4770.840	4741.210	4749.724	32825	0	280
2026.04.10	08:00:00	4749.802	4768.949	4730.601	4768.056	36321	0	280
2026.04.10	12:00:00	4768.276	4795.160	4754.924	4761.992	75853	0	160
2026.04.10	16:00:00	4762.195	4773.273	4747.379	4759.735	42445	0	280
2026.04.10	20:00:00	4759.780	4759.986	4740.855	4749.320	7033	0	280
2026.04.12	20:00:00	4670.253	4685.152	4644.106	4671.255	23069	0	280
2026.04.13	00:00:00	4671.339	4728.110	4664.642	4718.120	56860	0	280
2026.04.13	04:00:00	4718.248	4740.049	4708.422	4733.772	38878	0	280
2026.04.13	08:00:00	4733.795	4738.595	4703.374	4706.779	40302	0	280
2026.04.13	12:00:00	4706.937	4744.721	4700.207	4714.469	81636	0	280
2026.04.13	16:00:00	4714.323	4749.903	4709.302	4741.169	53063	0	280
2026.04.13	20:00:00	4741.166	4765.958	4738.185	4757.364	14810	0	280
2026.04.14	00:00:00	4757.642	4777.266	4751.512	4768.232	39736	0	280
2026.04.14	04:00:00	4768.206	4796.392	4757.958	4777.093	37369	0	280
2026.04.14	08:00:00	4776.977	4789.836	4751.773	4775.028	37460	0	280
2026.04.14	12:00:00	4775.068	4818.009	4762.105	4808.019	66724	0	280
2026.04.14	16:00:00	4808.209	4846.197	4804.883	4844.608	37387	0	280
2026.04.14	20:00:00	4844.678	4850.578	4833.330	4836.910	15421	0	280
2026.04.15	00:00:00	4836.967	4871.290	4816.811	4824.042	49054	0	280
2026.04.15	04:00:00	4824.033	4830.450	4803.936	4811.002	38461	0	280
2026.04.15	08:00:00	4810.905	4821.061	4786.070	4812.637	45746	0	280
2026.04.15	12:00:00	4812.549	4830.631	4786.713	4801.779	58360	0	280
2026.04.15	16:00:00	4801.599	4812.745	4789.954	4795.930	37478	0	280
2026.04.15	20:00:00	4795.989	4826.601	4787.731	4823.547	13588	0	280
2026.04.16	00:00:00	4823.203	4837.544	4811.195	4824.153	33203	0	280
2026.04.16	04:00:00	4824.153	4838.319	4814.119	4821.189	34264	0	280
2026.04.16	08:00:00	4821.178	4822.516	4804.992	4822.151	32050	0	280
2026.04.16	12:00:00	4822.086	4823.868	4772.907	4806.736	75238	0	280
2026.04.16	16:00:00	4806.671	4810.205	4781.352	4793.716	41363	0	280
2026.04.16	20:00:00	4793.611	4797.765	4786.284	4791.644	12620	0	280
2026.04.17	00:00:00	4791.552	4801.181	4767.561	4793.397	36216	0	280
2026.04.17	04:00:00	4793.339	4806.312	4778.642	4784.453	30235	0	280
2026.04.17	08:00:00	4784.439	4811.712	4780.846	4799.193	28758	0	280
2026.04.17	12:00:00	4799.258	4889.686	4797.573	4867.484	109708	0	280
2026.04.17	16:00:00	4867.393	4873.494	4852.699	4854.554	40877	0	280
2026.04.17	20:00:00	4854.649	4855.164	4830.594	4832.882	9606	0	280
2026.04.19	20:00:00	4774.480	4795.276	4736.757	4755.183	23474	0	360
2026.04.20	00:00:00	4755.285	4814.333	4744.969	4790.948	52032	0	280
2026.04.20	04:00:00	4791.011	4805.577	4779.465	4789.633	41351	0	280
2026.04.20	08:00:00	4789.719	4810.832	4783.327	4810.288	32028	0	280
2026.04.20	12:00:00	4810.230	4827.589	4792.330	4799.614	74131	0	280
2026.04.20	16:00:00	4799.844	4821.458	4792.717	4814.123	30128	0	280
2026.04.20	20:00:00	4814.138	4833.095	4812.146	4821.563	14942	0	280
2026.04.21	00:00:00	4821.611	4830.532	4792.426	4797.252	34649	0	280
2026.04.21	04:00:00	4797.040	4797.761	4772.668	4786.069	35775	0	280
2026.04.21	08:00:00	4786.134	4797.993	4774.536	4794.697	31506	0	280
2026.04.21	12:00:00	4794.610	4796.965	4723.398	4741.446	101076	0	280
2026.04.21	16:00:00	4741.452	4746.791	4668.170	4679.204	91848	0	280
2026.04.21	20:00:00	4679.298	4740.434	4668.715	4737.924	32721	0	280
2026.04.22	00:00:00	4738.061	4765.045	4735.850	4758.242	34205	0	280
2026.04.22	04:00:00	4758.289	4772.287	4752.163	4760.633	29780	0	280
2026.04.22	08:00:00	4760.640	4762.476	4745.696	4750.547	29480	0	280
2026.04.22	12:00:00	4750.335	4760.813	4724.919	4727.730	61761	0	280
2026.04.22	16:00:00	4727.815	4749.662	4723.827	4739.995	32814	0	280
2026.04.22	20:00:00	4740.215	4745.760	4723.353	4727.939	13227	0	280
2026.04.23	00:00:00	4728.005	4753.764	4694.007	4703.895	73552	0	280
2026.04.23	04:00:00	4703.805	4721.211	4692.157	4718.977	38727	0	280
2026.04.23	08:00:00	4719.008	4724.812	4684.142	4720.416	39586	0	280
2026.04.23	12:00:00	4720.479	4743.101	4716.381	4720.358	70293	0	280
2026.04.23	16:00:00	4720.469	4736.939	4664.031	4696.031	95553	0	280
2026.04.23	20:00:00	4695.865	4700.542	4686.376	4695.224	16962	0	280
2026.04.24	00:00:00	4695.297	4711.137	4668.597	4672.171	48950	0	280
2026.04.24	04:00:00	4672.046	4695.224	4657.657	4694.285	34633	0	280
2026.04.24	08:00:00	4694.337	4717.390	4674.631	4706.672	46104	0	280
2026.04.24	12:00:00	4706.752	4740.324	4689.518	4727.046	74101	0	280
2026.04.24	16:00:00	4727.014	4730.011	4713.589	4716.572	35262	0	280
2026.04.24	20:00:00	4716.527	4717.438	4705.247	4708.409	5460	0	280
