<DATE>	<OPEN>	<HIGH>	<LOW>	<CLOSE>	<TICKVOL>	<VOL>	<SPREAD>
2018.06.28	1252.884	1254.229	1245.910	1248.581	81353	0	0
2018.06.29	1248.551	1255.573	1245.978	1252.533	79160	0	0
2018.07.01	1253.020	1254.149	1252.785	1253.365	2202	0	0
2018.07.02	1253.329	1253.576	1239.648	1242.103	75367	0	0
2018.07.03	1242.105	1256.819	1237.914	1254.923	76943	0	0
2018.07.04	1254.923	1261.034	1253.985	1256.914	59939	0	0
2018.07.05	1256.908	1259.690	1251.262	1257.276	79228	0	0
2018.07.06	1257.317	1258.700	1252.776	1254.736	70199	0	0
2018.07.08	1255.830	1256.555	1255.637	1256.397	1155	0	0
2018.07.09	1256.377	1265.847	1255.423	1258.360	69082	0	0
2018.07.10	1258.350	1260.294	1247.330	1255.913	75041	0	0
2018.07.11	1255.912	1256.024	1241.507	1242.673	82809	0	0
2018.07.12	1242.671	1248.510	1241.290	1245.993	72577	0	0
2018.07.13	1245.942	1248.029	1236.388	1241.512	71700	0	0
2018.07.15	1241.630	1242.103	1241.064	1241.118	1341	0	0
2018.07.16	1241.084	1245.518	1238.302	1240.685	66871	0	0
2018.07.17	1240.688	1244.927	1226.064	1227.119	78965	0	0
2018.07.18	1227.168	1229.081	1221.047	1227.335	75252	0	0
2018.07.19	1227.334	1228.950	1211.435	1223.425	86977	0	0
2018.07.20	1223.439	1232.205	1215.673	1231.498	86294	0	0
2018.07.22	1231.819	1233.267	1231.500	1232.849	2812	0	0
2018.07.23	1232.845	1235.039	1222.211	1224.211	79101	0	0
2018.07.24	1224.211	1229.421	1218.045	1225.120	79516	0	0
2018.07.25	1225.151	1234.107	1223.213	1233.042	83144	0	0
2018.07.26	1233.060	1235.133	1222.310	1224.085	81832	0	0
2018.07.27	1224.066	1227.256	1217.538	1222.619	71534	0	0
2018.07.29	1223.091	1223.572	1222.006	1222.439	1397	0	0
2018.07.30	1222.455	1225.028	1219.000	1222.479	63080	0	0
2018.07.31	1222.503	1228.450	1214.003	1223.896	77859	0	0
2018.08.01	1223.900	1224.683	1215.741	1217.771	74675	0	0
2018.08.02	1217.796	1221.032	1207.015	1208.352	77261	0	0
2018.08.03	1208.351	1219.955	1204.451	1213.262	70839	0	0
2018.08.05	1213.690	1215.044	1213.516	1214.790	1573	0	0
2018.08.06	1214.789	1217.817	1206.004	1208.687	70535	0	0
2018.08.07	1208.691	1216.098	1207.771	1212.388	67610	0	0
2018.08.08	1212.391	1215.755	1206.202	1213.255	69448	0	0
2018.08.09	1213.266	1217.244	1210.744	1212.093	70764	0	0
2018.08.10	1212.077	1217.055	1205.726	1211.004	82611	0	0
2018.08.12	1212.460	1213.801	1211.927	1212.318	2155	0	0
2018.08.13	1212.291	1212.562	1191.497	1192.799	88892	0	0
2018.08.14	1192.767	1198.650	1192.057	1193.887	76417	0	0
2018.08.15	1193.888	1194.128	1173.089	1173.750	87899	0	0
2018.08.16	1173.750	1181.960	1160.182	1175.328	93001	0	0
2018.08.17	1175.324	1184.952	1171.900	1184.730	79434	0	0
2018.08.19	1183.230	1183.792	1182.915	1183.535	1707	0	0
2018.08.20	1183.519	1191.251	1182.868	1191.173	71674	0	0
2018.08.21	1191.174	1196.942	1187.643	1195.951	79416	0	0
2018.08.22	1195.993	1201.544	1192.580	1195.066	75882	0	0
2018.08.23	1195.049	1195.440	1183.861	1184.487	78759	0	0
2018.08.24	1184.489	1208.517	1183.097	1205.638	76385	0	0
2018.08.26	1206.470	1207.867	1206.054	1207.786	2329	0	0
2018.08.27	1207.746	1212.319	1203.106	1211.015	70362	0	0
2018.08.28	1211.007	1214.240	1199.616	1202.634	78242	0	0
2018.08.29	1202.634	1207.793	1201.376	1207.132	75833	0	0
2018.08.30	1207.153	1207.216	1196.244	1199.870	79717	0	0
2018.08.31	1199.865	1208.789	1198.273	1200.848	81215	0	0
2018.09.02	1199.640	1200.007	1198.719	1199.095	1723	0	0
2018.09.03	1199.094	1203.818	1195.522	1200.751	54228	0	0
2018.09.04	1200.745	1201.964	1189.626	1191.991	81192	0	0
2018.09.05	1191.990	1198.332	1190.904	1197.074	74276	0	0
2018.09.06	1197.082	1206.918	1195.680	1201.112	80309	0	0
2018.09.07	1201.116	1203.478	1193.405	1195.623	79758	0	0
2018.09.09	1195.010	1196.234	1194.902	1196.117	1686	0	0
2018.09.10	1196.089	1198.421	1191.524	1195.008	70973	0	0
2018.09.11	1195.011	1199.343	1187.715	1197.004	71420	0	0
2018.09.12	1197.005	1208.441	1192.586	1206.205	79607	0	0
2018.09.13	1206.200	1212.615	1200.116	1202.073	78687	0	0
2018.09.14	1202.074	1208.504	1192.897	1193.235	73488	0	0
2018.09.16	1194.160	1194.368	1193.014	1193.366	1706	0	0
2018.09.17	1193.364	1204.765	1192.773	1198.369	76140	0	0
2018.09.18	1198.371	1203.473	1195.844	1199.503	79657	0	0
2018.09.19	1199.496	1206.147	1198.211	1203.945	75241	0	0
2018.09.20	1203.942	1208.365	1201.037	1207.354	78278	0	0
2018.09.21	1207.365	1211.006	1191.846	1199.512	78753	0	0
2018.09.23	1197.680	1198.440	1197.033	1197.935	1502	0	0
2018.09.24	1197.932	1204.111	1194.391	1199.281	70254	0	0
2018.09.25	1199.307	1203.269	1197.039	1201.191	70191	0	0
2018.09.26	1201.194	1202.393	1190.490	1196.461	77666	0	0
2018.09.27	1196.408	1198.555	1181.877	1183.541	79713	0	0
2018.09.28	1183.530	1193.699	1180.744	1191.768	76471	0	0
2018.09.30	1191.410	1192.131	1190.673	1190.872	1971	0	0
2018.10.01	1190.877	1192.040	1184.552	1188.994	75678	0	0
2018.10.02	1189.013	1208.160	1188.721	1205.487	85193	0	0
2018.10.03	1205.491	1208.216	1196.457	1197.928	83865	0	0
2018.10.04	1197.930	1206.649	1195.979	1199.055	85570	0	0
2018.10.05	1199.048	1205.713	1197.220	1202.678	76873	0	0
2018.10.07	1203.120	1203.970	1202.859	1203.755	1636	0	0
2018.10.08	1203.753	1204.040	1182.418	1190.650	78599	0	0
2018.10.09	1190.672	1191.805	1183.311	1189.840	80717	0	0
2018.10.10	1189.827	1194.775	1185.282	1193.880	82027	0	0
2018.10.11	1193.905	1226.272	1191.240	1221.251	101285	0	0
2018.10.12	1221.266	1223.444	1215.814	1217.801	58039	0	0
2018.10.14	1218.857	1220.249	1218.857	1219.204	1383	0	0
2018.10.15	1219.203	1233.204	1219.203	1226.768	57022	0	0
2018.10.16	1226.770	1232.331	1223.343	1224.911	55786	0	0
2018.10.17	1224.911	1229.433	1220.597	1222.194	59947	0	0
2018.10.18	1222.195	1230.053	1218.669	1225.835	61002	0	0
2018.10.19	1225.834	1230.727	1223.113	1226.292	56465	0	0
2018.10.21	1228.066	1228.122	1226.754	1227.274	2346	0	0
2018.10.22	1227.297	1229.485	1220.088	1222.323	53485	0	0
2018.10.23	1222.321	1239.675	1221.890	1230.884	59260	0	0
2018.10.24	1230.866	1235.205	1225.607	1235.166	60899	0	0
2018.10.25	1235.207	1239.116	1228.072	1231.772	61988	0	0
2018.10.26	1231.742	1243.354	1230.045	1233.594	67489	0	0
2018.10.28	1233.097	1233.928	1232.671	1232.738	2310	0	0
2018.10.29	1232.757	1235.328	1224.317	1230.052	74017	0	0
2018.10.30	1230.065	1230.548	1219.892	1222.556	64696	0	0
2018.10.31	1222.560	1222.812	1211.958	1216.016	62395	0	0
2018.11.01	1216.021	1237.330	1215.883	1232.947	65317	0	0
2018.11.02	1232.959	1236.396	1229.748	1232.876	66465	0	0
2018.11.04	1233.117	1234.183	1233.117	1234.042	1457	0	0
2018.11.05	1234.076	1235.088	1226.875	1231.021	58167	0	0
2018.11.06	1231.026	1235.855	1223.466	1227.877	57085	0	0
2018.11.07	1227.878	1236.346	1222.912	1226.040	68059	0	0
2018.11.08	1226.030	1226.861	1220.112	1223.048	62573	0	0
2018.11.09	1223.047	1223.248	1206.739	1209.584	61178	0	0
2018.11.11	1209.544	1210.727	1209.217	1210.726	1496	0	0
2018.11.12	1210.723	1211.388	1200.085	1202.290	56770	0	0
2018.11.13	1202.296	1205.123	1196.294	1203.024	62498	0	0
2018.11.14	1203.022	1216.282	1197.669	1210.970	66949	0	0
2018.11.15	1210.959	1216.339	1207.648	1213.946	66683	0	0
2018.11.16	1213.961	1225.238	1213.826	1221.559	59872	0	0
2018.11.18	1221.955	1222.686	1221.555	1222.522	1413	0	0
2018.11.19	1222.523	1225.160	1218.009	1224.101	58503	0	0
2018.11.20	1224.100	1228.706	1219.922	1221.625	62056	0	0
2018.11.21	1221.627	1230.015	1219.783	1225.745	56140	0	0
2018.11.22	1225.748	1229.014	1224.873	1227.373	37734	0	0
2018.11.23	1227.372	1228.480	1220.299	1222.983	43356	0	0
2018.11.25	1223.581	1224.339	1223.283	1224.300	1484	0	0
2018.11.26	1224.301	1227.983	1221.685	1222.612	52825	0	0
2018.11.27	1222.626	1225.205	1211.898	1214.449	54634	0	0
2018.11.28	1214.463	1226.609	1211.169	1221.009	56538	0	0
2018.11.29	1221.008	1228.931	1220.668	1224.258	58719	0	0
2018.11.30	1224.262	1225.493	1216.663	1222.016	51968	0	0
2018.12.02	1223.023	1223.174	1221.970	1222.050	1661	0	0
2018.12.03	1222.058	1234.883	1221.280	1231.169	60057	0	0
2018.12.04	1231.176	1241.896	1230.498	1238.768	62880	0	0
2018.12.05	1238.722	1238.987	1233.326	1238.256	45730	0	0
2018.12.06	1238.251	1244.259	1234.732	1237.380	65275	0	0
2018.12.07	1237.366	1249.978	1237.290	1248.211	59117	0	0
2018.12.09	1250.260	1250.477	1248.844	1248.988	1833	0	0
2018.12.10	1248.994	1250.265	1241.600	1244.106	59846	0	0
2018.12.11	1244.110	1249.461	1241.008	1243.090	58493	0	0
2018.12.12	1243.089	1247.163	1241.987	1246.085	57568	0	0
2018.12.13	1246.086	1246.679	1240.099	1242.442	55997	0	0
2018.12.14	1242.445	1242.975	1232.889	1238.244	53891	0	0
2018.12.16	1237.299	1237.913	1236.962	1237.071	1210	0	0
2018.12.17	1237.075	1248.032	1235.793	1245.848	53724	0	0
2018.12.18	1245.856	1250.309	1245.033	1249.468	56028	0	0
2018.12.19	1249.474	1257.967	1241.503	1244.137	63717	0	0
2018.12.20	1244.113	1266.419	1242.739	1261.947	70516	0	0
2018.12.21	1261.961	1262.697	1253.951	1255.655	60757	0	0
2018.12.23	1258.600	1259.027	1257.980	1258.859	1593	0	0
2018.12.24	1258.858	1269.488	1258.768	1268.232	47540	0	0
2018.12.26	1273.740	1278.990	1264.572	1269.120	63034	0	0
2018.12.27	1269.123	1278.876	1266.638	1274.689	67585	0	0
2018.12.28	1274.668	1282.053	1274.251	1280.724	61085	0	0
2018.12.30	1280.074	1280.074	1278.913	1279.756	1382	0	0
2018.12.31	1279.746	1284.009	1277.432	1282.507	47714	0	0
2019.01.02	1281.143	1290.153	1278.603	1285.846	61795	0	0
2019.01.03	1285.835	1295.181	1284.588	1295.159	68702	0	0
2019.01.04	1295.157	1298.467	1276.643	1284.718	67319	0	0
2019.01.06	1285.549	1285.938	1284.114	1284.203	1669	0	0
2019.01.07	1284.201	1295.000	1282.631	1288.844	61466	0	0
2019.01.08	1288.845	1290.159	1279.375	1285.131	60767	0	0
2019.01.09	1285.130	1293.820	1280.111	1292.864	63839	0	0
2019.01.10	1292.873	1297.004	1286.093	1287.914	62019	0	0
2019.01.11	1287.925	1295.105	1286.982	1287.468	56988	0	0
2019.01.13	1288.078	1288.572	1287.884	1288.107	1437	0	0
2019.01.14	1288.102	1295.802	1287.934	1291.468	57210	0	0
2019.01.15	1291.471	1294.617	1286.724	1289.585	61327	0	0
2019.01.16	1289.586	1294.911	1287.899	1292.943	57571	0	0
2019.01.17	1292.943	1295.299	1288.779	1292.281	58081	0	0
2019.01.18	1292.283	1292.398	1280.615	1281.482	55927	0	0
2019.01.20	1282.538	1283.237	1282.464	1282.578	1347	0	0
2019.01.21	1282.587	1283.519	1276.770	1279.645	39295	0	0
2019.01.22	1279.649	1285.467	1277.405	1284.553	55284	0	0
2019.01.23	1284.559	1286.460	1278.670	1283.727	54652	0	0
2019.01.24	1283.723	1284.749	1276.792	1281.302	56607	0	0
2019.01.25	1281.339	1303.585	1279.946	1303.105	56461	0	0
2019.01.27	1302.403	1302.517	1299.918	1300.004	1606	0	0
2019.01.28	1300.002	1304.369	1297.679	1303.816	54353	0	0
2019.01.29	1303.823	1311.923	1302.677	1310.694	55495	0	0
2019.01.30	1310.700	1323.308	1309.012	1319.211	59931	0	0
2019.01.31	1319.212	1326.176	1317.425	1321.024	59286	0	0
2019.02.01	1321.026	1323.471	1316.102	1317.652	55804	0	0
2019.02.03	1317.638	1317.886	1316.529	1317.116	1391	0	0
2019.02.04	1317.133	1317.485	1308.627	1311.736	54055	0	0
2019.02.05	1311.737	1316.817	1310.721	1314.953	52813	0	0
2019.02.06	1314.948	1315.779	1305.718	1306.605	53679	0	0
2019.02.07	1306.596	1311.889	1302.797	1310.419	56872	0	0
2019.02.08	1310.427	1315.583	1307.770	1313.957	51685	0	0
2019.02.10	1313.520	1313.932	1313.372	1313.651	1254	0	0
2019.02.11	1313.637	1314.820	1303.694	1307.749	54095	0	0
2019.02.12	1307.748	1314.713	1306.502	1310.253	55007	0	0
2019.02.13	1310.250	1318.083	1305.036	1307.607	57252	0	0
2019.02.14	1307.612	1314.308	1302.365	1311.890	59459	0	0
2019.02.15	1311.891	1322.507	1311.365	1321.083	53854	0	0
2019.02.17	1320.975	1321.303	1320.583	1321.084	1512	0	0
2019.02.18	1321.101	1327.572	1320.844	1326.386	39179	0	0
2019.02.19	1326.382	1341.724	1322.820	1339.516	56429	0	0
2019.02.20	1339.515	1346.657	1336.863	1340.575	61300	0	0
2019.02.21	1340.573	1341.444	1320.910	1325.818	64108	0	0
2019.02.22	1325.847	1333.047	1321.512	1327.794	56436	0	0
2019.02.24	1327.607	1328.511	1327.511	1327.710	1405	0	0
2019.02.25	1327.717	1332.513	1325.132	1327.498	57244	0	0
2019.02.26	1327.502	1330.145	1323.487	1329.220	56827	0	0
2019.02.27	1329.212	1329.852	1316.911	1321.107	54664	0	0
2019.02.28	1321.086	1327.241	1312.565	1314.180	59098	0	0
2019.03.01	1314.182	1315.118	1290.161	1293.279	60431	0	0
2019.03.03	1295.386	1296.153	1295.016	1295.190	1759	0	0
2019.03.04	1295.206	1297.002	1282.833	1287.066	58963	0	0
2019.03.05	1287.065	1289.509	1281.209	1287.907	57904	0	0
2019.03.06	1287.909	1290.858	1283.601	1287.071	57416	0	0
2019.03.07	1287.096	1288.961	1280.832	1285.953	57733	0	0
2019.03.08	1285.971	1300.681	1285.198	1298.274	60733	0	0
2019.03.10	1296.869	1297.359	1296.613	1297.210	1349	0	0
2019.03.11	1297.214	1299.054	1290.453	1292.538	50252	0	0
2019.03.12	1292.576	1302.114	1292.422	1301.879	52487	0	0
2019.03.13	1301.908	1311.195	1301.674	1309.352	51708	0	0
2019.03.14	1309.353	1309.757	1292.842	1296.080	54687	0	0
2019.03.15	1296.081	1306.327	1293.963	1302.208	51191	0	0
2019.03.17	1302.109	1302.301	1300.568	1300.579	2466	0	0
2019.03.18	1300.586	1306.640	1298.185	1303.442	50125	0	0
2019.03.19	1303.445	1310.827	1303.414	1306.199	50818	0	0
2019.03.20	1306.189	1316.902	1298.671	1315.391	58303	0	0
2019.03.21	1315.392	1320.305	1303.262	1308.571	57371	0	0
2019.03.22	1308.575	1314.894	1306.820	1313.223	55299	0	0
2019.03.24	1313.470	1313.771	1311.644	1311.644	2504	0	0
2019.03.25	1311.608	1324.425	1310.994	1321.287	54198	0	0
2019.03.26	1321.300	1322.142	1312.681	1316.399	55212	0	0
2019.03.27	1316.408	1319.235	1308.129	1309.363	57875	0	0
2019.03.28	1309.360	1312.260	1288.539	1291.520	57463	0	0
2019.03.29	1291.526	1299.724	1286.575	1292.057	54645	0	0
2019.03.31	1292.237	1293.188	1291.446	1291.714	2757	0	0
2019.04.01	1291.725	1296.942	1286.498	1287.363	55035	0	0
2019.04.02	1287.366	1292.826	1285.247	1291.736	51367	0	0
2019.04.03	1291.734	1294.476	1288.390	1291.814	50821	0	0
2019.04.04	1291.813	1294.318	1280.894	1292.117	51525	0	0
2019.04.05	1292.125	1293.106	1284.390	1291.374	48582	0	0
2019.04.07	1292.246	1293.615	1291.401	1291.755	2356	0	0
2019.04.08	1291.725	1303.639	1291.659	1297.977	47828	0	0
2019.04.09	1297.973	1306.112	1296.566	1304.616	49358	0	0
2019.04.10	1304.609	1310.529	1300.937	1308.043	51311	0	0
2019.04.11	1308.044	1308.315	1289.673	1292.195	53047	0	0
2019.04.12	1292.165	1295.691	1290.021	1290.433	47909	0	0
2019.04.14	1291.299	1291.907	1289.320	1289.732	2555	0	0
2019.04.15	1289.701	1290.324	1282.493	1288.357	49196	0	0
2019.04.16	1288.355	1288.360	1272.935	1276.587	51754	0	0
2019.04.17	1276.568	1279.720	1273.014	1274.169	48992	0	0
2019.04.18	1274.170	1277.605	1271.069	1275.593	46895	0	0
2019.04.22	1276.818	1279.736	1273.789	1274.590	38697	0	0
2019.04.23	1274.629	1276.436	1266.285	1271.399	45978	0	0
2019.04.24	1271.414	1278.443	1268.690	1274.664	48828	0	0
2019.04.25	1274.667	1282.534	1273.354	1278.608	48862	0	0
2019.04.26	1278.573	1288.629	1274.502	1285.879	49493	0	0
2019.04.28	1285.979	1286.616	1285.712	1285.822	1974	0	0
2019.04.29	1285.823	1286.580	1278.063	1280.369	44473	0	0
2019.04.30	1280.367	1286.142	1279.854	1283.142	48635	0	0
2019.05.01	1283.119	1287.164	1273.002	1277.049	50643	0	0
2019.05.02	1277.050	1277.372	1266.240	1270.734	49762	0	0
2019.05.03	1270.733	1282.498	1268.470	1278.982	45181	0	0
2019.05.05	1282.584	1285.752	1281.669	1284.203	5254	0	0
2019.05.06	1284.199	1285.111	1276.985	1282.850	51895	0	0
2019.05.07	1282.852	1286.016	1278.185	1284.785	51611	0	0
2019.05.08	1284.789	1291.395	1279.357	1281.319	52457	0	0
2019.05.09	1281.318	1288.114	1279.337	1283.708	55670	0	0
2019.05.10	1283.712	1289.351	1283.144	1285.684	53677	0	0
2019.05.12	1287.211	1288.026	1286.841	1287.175	2731	0	0
2019.05.13	1287.176	1301.690	1281.943	1301.690	51886	0	0
2019.05.14	1301.694	1303.240	1293.705	1297.074	48675	0	0
2019.05.15	1297.042	1300.817	1293.005	1296.476	50330	0	0
2019.05.16	1296.477	1298.663	1284.072	1285.838	48593	0	0
2019.05.17	1285.808	1288.879	1274.870	1277.647	47596	0	0
2019.05.19	1278.353	1278.841	1276.969	1277.713	2338	0	0
2019.05.20	1277.709	1278.891	1273.647	1277.401	46577	0	0
2019.05.21	1277.406	1277.410	1269.472	1274.591	44714	0	0
2019.05.22	1274.590	1277.217	1272.455	1274.226	43484	0	0
2019.05.23	1274.218	1287.194	1272.774	1284.127	50247	0	0
2019.05.24	1284.094	1285.154	1280.742	1284.805	44502	0	0
2019.05.26	1285.418	1285.576	1284.100	1284.679	2102	0	0
2019.05.27	1284.675	1287.325	1283.743	1285.687	29056	0	0
2019.05.28	1285.694	1286.519	1276.128	1279.875	49023	0	0
2019.05.29	1279.865	1285.447	1279.065	1279.836	52850	0	0
2019.05.30	1279.841	1290.554	1274.984	1290.435	49701	0	0
2019.05.31	1290.427	1306.834	1290.347	1305.484	55603	0	0
2019.06.02	1306.676	1309.387	1306.440	1309.259	3687	0	0
2019.06.03	1309.255	1327.910	1308.503	1325.116	59061	0	0
2019.06.04	1325.099	1328.977	1319.935	1325.293	58319	0	0
2019.06.05	1325.289	1343.990	1325.289	1330.876	63021	0	0
2019.06.06	1330.873	1339.718	1327.219	1333.393	58180	0	0
2019.06.07	1333.396	1348.180	1330.178	1340.699	53611	0	0
2019.06.09	1334.672	1335.765	1333.279	1334.981	3631	0	0
2019.06.10	1334.964	1337.615	1325.084	1329.238	53695	0	0
2019.06.11	1329.241	1329.791	1319.857	1327.709	51756	0	0
2019.06.12	1327.712	1338.259	1325.990	1333.523	55692	0	0
2019.06.13	1333.520	1344.552	1332.371	1344.433	55675	0	0
2019.06.14	1344.434	1358.042	1337.781	1341.217	58639	0	0
2019.06.16	1341.811	1341.999	1338.505	1338.532	2853	0	0
2019.06.17	1338.534	1343.424	1332.970	1339.654	55819	0	0
2019.06.18	1339.656	1354.524	1338.590	1345.447	63058	0	0
2019.06.19	1345.453	1362.504	1341.317	1357.883	67788	0	0
2019.06.20	1357.890	1393.816	1357.890	1390.810	81132	0	0
2019.06.21	1390.790	1411.560	1382.379	1399.452	78295	0	0
2019.06.23	1400.407	1410.164	1400.295	1406.811	6467	0	0
2019.06.24	1406.850	1425.953	1400.695	1425.209	71040	0	0
2019.06.25	1425.223	1439.001	1411.903	1418.335	92420	0	0
2019.06.26	1418.358	1420.489	1401.959	1410.685	78405	0	0
2019.06.27	1410.700	1411.999	1398.530	1411.055	67373	0	0
2019.06.28	1411.014	1424.526	1405.670	1409.677	63297	0	0
2019.06.30	1393.072	1397.690	1389.255	1392.085	7789	0	0
2019.07.01	1392.040	1396.989	1381.774	1385.483	70066	0	0
2019.07.02	1385.489	1436.051	1383.866	1431.221	73032	0	0
2019.07.03	1431.263	1437.668	1412.029	1418.383	74505	0	0
2019.07.04	1418.394	1424.110	1410.205	1420.899	45540	0	0
2019.07.05	1420.909	1421.301	1386.529	1398.739	66980	0	0
2019.07.07	1399.279	1399.306	1392.706	1395.651	4858	0	0
2019.07.08	1395.637	1407.526	1391.726	1394.305	59850	0	0
2019.07.09	1394.281	1399.945	1385.732	1395.216	58771	0	0
2019.07.10	1395.241	1422.438	1389.917	1421.981	67623	0	0
2019.07.11	1421.965	1427.032	1400.823	1403.926	66594	0	0
2019.07.12	1403.949	1416.790	1403.075	1415.346	56743	0	0
2019.07.14	1416.621	1419.668	1412.835	1416.199	4426	0	0
2019.07.15	1416.200	1418.197	1407.713	1415.433	55588	0	0
2019.07.16	1415.422	1416.205	1400.935	1405.188	58670	0	0
2019.07.17	1405.167	1428.460	1400.082	1424.592	59017	0	0
2019.07.18	1424.629	1452.884	1414.550	1442.887	74356	0	0
2019.07.19	1442.892	1445.205	1420.192	1425.402	68418	0	0
2019.07.21	1426.629	1427.068	1423.581	1425.038	3530	0	0
2019.07.22	1425.040	1429.939	1422.251	1423.655	56810	0	0
2019.07.23	1423.647	1429.963	1414.109	1417.011	60691	0	0
2019.07.24	1417.012	1429.391	1416.505	1425.282	53887	0	0
2019.07.25	1425.248	1433.723	1411.072	1415.008	58933	0	0
2019.07.26	1415.009	1424.753	1413.451	1418.343	48671	0	0
2019.07.28	1420.739	1420.858	1419.289	1420.079	2201	0	0
2019.07.29	1420.086	1428.062	1414.680	1424.462	47775	0	0
2019.07.30	1424.460	1433.146	1422.268	1430.766	47073	0	0
2019.07.31	1430.785	1434.227	1410.546	1412.164	64701	0	0
2019.08.01	1412.168	1446.613	1400.490	1438.129	75995	0	0
2019.08.02	1438.118	1447.895	1430.254	1440.772	74250	0	0
2019.08.04	1440.304	1441.167	1436.728	1439.554	3094	0	0
2019.08.05	1439.575	1474.680	1438.704	1473.969	82886	0	0
2019.08.06	1473.956	1477.268	1456.421	1476.792	72008	0	0
2019.08.07	1476.772	1510.312	1474.569	1501.585	90924	0	0
2019.08.08	1501.567	1509.418	1489.833	1504.156	76543	0	0
2019.08.09	1504.153	1507.929	1494.751	1497.137	61836	0	0
2019.08.11	1496.193	1501.473	1494.538	1500.747	3494	0	0
2019.08.12	1500.786	1519.962	1487.335	1512.067	62756	0	0
2019.08.13	1512.061	1534.920	1479.833	1500.840	89088	0	0
2019.08.14	1500.839	1523.938	1494.162	1516.954	86503	0	0
2019.08.15	1516.931	1527.065	1507.809	1526.553	88140	0	0
2019.08.16	1526.535	1527.913	1503.709	1512.967	62501	0	0
2019.08.18	1509.674	1512.896	1509.050	1509.341	2965	0	0
2019.08.19	1509.376	1512.655	1492.957	1496.091	59049	0	0
2019.08.20	1496.059	1508.491	1494.344	1506.127	50867	0	0
2019.08.21	1506.128	1507.391	1496.514	1502.554	50476	0	0
2019.08.22	1502.559	1504.539	1492.448	1497.441	49458	0	0
2019.08.23	1497.442	1530.178	1493.504	1526.632	62008	0	0
2019.08.25	1546.310	1554.998	1543.391	1547.301	9369	0	0
2019.08.26	1547.299	1549.096	1525.003	1528.528	77333	0	0
2019.08.27	1528.526	1544.548	1525.568	1543.500	57733	0	0
2019.08.28	1543.477	1546.760	1531.905	1538.687	60833	0	0
2019.08.29	1538.674	1550.322	1519.642	1528.719	68163	0	0
2019.08.30	1528.664	1533.061	1517.002	1520.228	60884	0	0
2019.09.01	1529.531	1533.446	1528.299	1529.069	3924	0	0
2019.09.02	1529.103	1531.098	1519.344	1526.219	39764	0	0
2019.09.03	1526.220	1549.833	1521.608	1549.094	65024	0	0
2019.09.04	1549.056	1556.943	1533.825	1551.234	65712	0	0
2019.09.05	1551.208	1551.629	1505.819	1518.291	74278	0	0
2019.09.06	1518.333	1527.789	1502.426	1506.738	80050	0	0
2019.09.08	1505.025	1507.613	1503.375	1505.810	3832	0	0
2019.09.09	1505.777	1515.394	1495.433	1496.221	63496	0	0
2019.09.10	1496.172	1500.824	1484.457	1486.972	66124	0	0
2019.09.11	1486.969	1498.189	1486.846	1492.980	56142	0	0
2019.09.12	1492.984	1524.109	1489.231	1497.695	71327	0	0
2019.09.13	1497.728	1508.927	1485.772	1488.691	58573	0	0
2019.09.15	1500.594	1507.757	1498.627	1506.059	7258	0	0
2019.09.16	1506.096	1512.025	1495.879	1497.941	64315	0	0
2019.09.17	1497.967	1507.018	1493.178	1500.767	59554	0	0
2019.09.18	1500.771	1511.346	1483.001	1491.123	69698	0	0
2019.09.19	1491.122	1504.384	1488.772	1499.613	62815	0	0
2019.09.20	1499.595	1516.923	1498.300	1516.302	56810	0	0
2019.09.22	1512.856	1514.344	1511.696	1514.329	4315	0	0
2019.09.23	1514.332	1526.722	1511.437	1520.782	63861	0	0
2019.09.24	1520.780	1535.578	1515.597	1531.600	69456	0	0
2019.09.25	1531.552	1535.021	1500.255	1506.433	72063	0	0
2019.09.26	1506.434	1512.240	1500.368	1506.724	65059	0	0
2019.09.27	1506.756	1507.334	1486.852	1496.761	70029	0	0
2019.09.29	1496.467	1500.435	1496.033	1496.222	3679	0	0
2019.09.30	1496.224	1497.156	1464.466	1473.569	70364	0	0
2019.10.01	1473.577	1487.141	1459.052	1481.475	76963	0	0
2019.10.02	1481.513	1504.974	1474.508	1499.975	72171	0	0
2019.10.03	1499.983	1519.490	1495.789	1508.279	78054	0	0
2019.10.04	1508.246	1515.927	1495.826	1504.414	69740	0	0
2019.10.06	1508.319	1508.602	1505.394	1508.064	2554	0	0
2019.10.07	1508.069	1509.211	1488.078	1492.029	60281	0	0
2019.10.08	1492.016	1509.594	1486.904	1508.699	76683	0	0
2019.10.09	1508.710	1516.982	1499.793	1511.551	70077	0	0
2019.10.10	1511.568	1513.810	1491.134	1494.003	75476	0	0
2019.10.11	1493.986	1503.070	1473.972	1488.118	75648	0	0
2019.10.13	1486.820	1487.230	1482.815	1484.586	3643	0	0
2019.10.14	1484.634	1496.997	1483.727	1491.185	55684	0	0
2019.10.15	1491.218	1498.345	1477.203	1481.926	59190	0	0
2019.10.16	1481.890	1491.518	1477.010	1490.028	61779	0	0
2019.10.17	1490.030	1497.259	1483.406	1492.825	58389	0	0
2019.10.18	1492.787	1493.324	1484.850	1490.403	51345	0	0
2019.10.20	1491.988	1492.132	1490.489	1491.538	2765	0	0
2019.10.21	1491.541	1495.147	1481.540	1484.105	52294	0	0
2019.10.22	1484.107	1489.215	1480.846	1488.727	52400	0	0
2019.10.23	1488.738	1496.200	1487.687	1492.078	51847	0	0
2019.10.24	1492.076	1503.911	1487.961	1502.668	52004	0	0
2019.10.25	1502.680	1517.861	1500.591	1504.378	53517	0	0
2019.10.27	1502.711	1504.100	1502.212	1503.947	2235	0	0
2019.10.28	1503.955	1508.124	1490.002	1491.688	53101	0	0
2019.10.29	1491.695	1494.711	1483.555	1487.257	52920	0	0
2019.10.30	1487.249	1496.499	1481.144	1495.176	58457	0	0
2019.10.31	1495.193	1514.123	1493.920	1512.171	59434	0	0
2019.11.01	1512.182	1515.894	1503.321	1514.124	53810	0	0
2019.11.03	1512.838	1513.146	1512.227	1512.852	1262	0	0
2019.11.04	1512.851	1514.707	1504.384	1506.683	51907	0	0
2019.11.05	1506.687	1507.747	1479.308	1484.364	60606	0	0
2019.11.06	1484.398	1494.115	1482.940	1490.152	55493	0	0
2019.11.07	1490.175	1492.117	1460.630	1468.651	64290	0	0
2019.11.08	1468.616	1472.878	1456.200	1458.480	60593	0	0
2019.11.10	1460.307	1461.038	1459.980	1460.966	1448	0	0
2019.11.11	1460.973	1466.367	1448.205	1455.583	50673	0	0
2019.11.12	1455.581	1460.348	1445.578	1458.243	62386	0	0
2019.11.13	1458.265	1466.995	1457.204	1463.483	59226	0	0
2019.11.14	1463.479	1474.549	1461.113	1469.183	57381	0	0
2019.11.15	1469.190	1469.813	1462.402	1466.822	50394	0	0
2019.11.17	1467.963	1469.539	1467.650	1469.001	1321	0	0
2019.11.18	1469.010	1473.833	1456.334	1471.683	54643	0	0
2019.11.19	1471.666	1475.259	1464.773	1474.484	56169	0	0
2019.11.20	1474.477	1478.743	1465.810	1474.363	60859	0	0
2019.11.21	1474.382	1475.555	1462.357	1465.083	60974	0	0
2019.11.22	1465.047	1473.120	1461.334	1462.093	51819	0	0
2019.11.24	1460.590	1460.928	1459.640	1460.412	1491	0	0
2019.11.25	1460.401	1462.041	1453.615	1453.832	49511	0	0
2019.11.26	1453.840	1462.764	1449.895	1460.485	49635	0	0
2019.11.27	1460.450	1461.141	1452.534	1456.845	48781	0	0
2019.11.28	1456.817	1458.191	1454.194	1456.016	31231	0	0
2019.11.29	1456.024	1466.444	1452.991	1463.914	41334	0	0
2019.12.01	1462.603	1462.603	1461.559	1461.778	1603	0	0
2019.12.02	1461.746	1465.735	1453.917	1462.598	55575	0	0
2019.12.03	1462.609	1481.689	1459.793	1476.582	60873	0	0
2019.12.04	1476.593	1483.956	1471.408	1475.523	61253	0	0
2019.12.05	1475.524	1480.262	1472.870	1475.925	55134	0	0
2019.12.06	1475.942	1479.211	1458.659	1460.693	51338	0	0
2019.12.08	1458.717	1459.945	1458.710	1459.899	1528	0	0
2019.12.09	1459.893	1465.306	1459.057	1461.044	46077	0	0
2019.12.10	1461.038	1469.082	1460.008	1463.853	51407	0	0
2019.12.11	1463.814	1478.822	1462.703	1474.534	52304	0	0
2019.12.12	1474.543	1486.641	1461.868	1465.021	62843	0	0
2019.12.13	1465.060	1477.957	1464.768	1476.442	61038	0	0
2019.12.15	1474.939	1474.987	1473.729	1474.073	1685	0	0
2019.12.16	1474.096	1479.786	1473.141	1475.303	48371	0	0
2019.12.17	1475.307	1480.418	1474.185	1475.580	46523	0	0
2019.12.18	1475.577	1479.229	1470.436	1475.724	45362	0	0
2019.12.19	1475.721	1481.614	1473.248	1478.396	45697	0	0
2019.12.20	1478.414	1480.893	1475.817	1477.567	39780	0	0
2019.12.22	1477.946	1478.580	1477.448	1478.463	1324	0	0
2019.12.23	1478.461	1486.068	1478.382	1485.406	42545	0	0
2019.12.24	1485.440	1500.412	1484.343	1499.587	35650	0	0
2019.12.26	1504.340	1512.501	1502.695	1511.122	35931	0	0
2019.12.27	1511.118	1515.222	1507.309	1510.751	46072	0	0
2019.12.29	1511.309	1513.889	1511.012	1513.466	1799	0	0
2019.12.30	1513.459	1516.028	1510.741	1514.854	44832	0	0
2019.12.31	1514.856	1525.185	1514.769	1522.657	39633	0	0
2020.01.02	1518.464	1531.275	1517.172	1528.743	49163	0	0
2020.01.03	1528.725	1553.419	1528.725	1548.958	64676	0	0
2020.01.05	1576.329	1582.102	1566.855	1569.216	5730	0	0
2020.01.06	1569.151	1579.966	1560.818	1563.706	71908	0	0
2020.01.07	1563.723	1598.344	1555.277	1595.042	74537	0	0
2020.01.08	1595.013	1611.365	1552.222	1558.022	102179	0	0
2020.01.09	1558.016	1561.257	1540.211	1552.626	69231	0	0
2020.01.10	1552.590	1560.935	1545.667	1560.215	57633	0	0
2020.01.12	1559.714	1560.563	1557.998	1559.187	1859	0	0
2020.01.13	1559.226	1559.957	1544.911	1545.188	56688	0	0
2020.01.14	1545.196	1549.935	1535.834	1549.498	62735	0	0
2020.01.15	1549.489	1558.082	1546.340	1556.252	59033	0	0
2020.01.16	1556.272	1558.037	1547.955	1552.144	53626	0	0
2020.01.17	1552.147	1561.156	1549.343	1557.074	51479	0	0
2020.01.19	1558.947	1558.947	1556.292	1556.980	1805	0	0
2020.01.20	1556.975	1562.650	1556.627	1561.177	35282	0	0
2020.01.21	1561.174	1568.507	1546.314	1556.466	62690	0	0
2020.01.22	1556.421	1563.677	1550.135	1561.367	54346	0	0
2020.01.23	1561.378	1567.864	1551.892	1560.889	57428	0	0
2020.01.24	1560.883	1575.728	1556.513	1571.508	52558	0	0
2020.01.26	1581.234	1588.516	1581.234	1582.664	4435	0	0
2020.01.27	1582.704	1586.182	1575.831	1581.060	64147	0	0
2020.01.28	1581.057	1582.959	1565.520	1568.436	58734	0	0
2020.01.29	1568.450	1577.879	1563.318	1577.019	53920	0	0
2020.01.30	1577.001	1585.868	1572.230	1575.100	66323	0	0
2020.01.31	1575.101	1589.308	1570.919	1586.766	59342	0	0
2020.02.02	1588.544	1592.017	1587.972	1589.412	3041	0	0
2020.02.03	1589.377	1589.979	1569.346	1578.756	64731	0	0
2020.02.04	1578.768	1579.535	1549.005	1554.073	60413	0	0
2020.02.05	1554.056	1562.305	1547.479	1556.064	61703	0	0
2020.02.06	1556.024	1568.148	1552.461	1565.753	55232	0	0
2020.02.07	1565.757	1573.935	1560.256	1570.145	57061	0	0
2020.02.09	1569.258	1576.551	1569.028	1574.764	2835	0	0
2020.02.10	1574.725	1576.918	1567.939	1571.928	51494	0	0
2020.02.11	1571.929	1573.923	1562.134	1567.034	51153	0	0
2020.02.12	1566.989	1571.314	1561.820	1569.830	49346	0	0
2020.02.13	1569.767	1578.198	1569.100	1577.307	56462	0	0
2020.02.14	1577.266	1584.899	1573.014	1583.991	47660	0	0
2020.02.16	1581.444	1583.045	1580.429	1582.913	1717	0	0
2020.02.17	1582.920	1585.381	1578.824	1584.221	29285	0	0
2020.02.18	1584.228	1605.016	1584.178	1600.794	53213	0	0
2020.02.19	1600.790	1612.845	1599.466	1610.321	56964	0	0
2020.02.20	1610.317	1623.635	1603.853	1622.098	64165	0	0
2020.02.21	1622.072	1649.102	1618.908	1643.319	66571	0	0
2020.02.23	1659.760	1680.967	1657.703	1665.512	5109	0	0
2020.02.24	1665.489	1689.213	1650.801	1653.900	95124	0	0
2020.02.25	1653.860	1658.684	1624.934	1639.815	107178	0	0
2020.02.26	1639.809	1654.877	1624.966	1643.493	94173	0	0
2020.02.27	1643.507	1660.254	1635.286	1645.695	98611	0	0
2020.02.28	1645.667	1648.052	1562.889	1586.023	130845	0	0
2020.03.01	1582.112	1588.335	1575.451	1584.992	4753	0	0
2020.03.02	1584.922	1610.863	1581.675	1591.957	103064	0	0
2020.03.03	1591.903	1652.804	1589.641	1645.697	110324	0	0
2020.03.04	1645.687	1649.283	1631.719	1636.644	86924	0	0
2020.03.05	1636.576	1674.860	1635.574	1674.536	79351	0	0
2020.03.06	1674.495	1691.979	1642.218	1674.320	136871	0	0
2020.03.08	1696.280	1703.179	1679.712	1700.043	12186	0	0
2020.03.09	1700.049	1702.953	1657.450	1666.506	154543	0	0
2020.03.10	1666.535	1671.382	1641.572	1652.331	122470	0	0
2020.03.11	1652.318	1671.183	1633.070	1643.612	102424	0	0
2020.03.12	1643.655	1650.253	1560.721	1576.856	175125	0	0
2020.03.13	1576.861	1597.735	1504.669	1529.245	186926	0	0
2020.03.15	1551.879	1575.370	1540.122	1557.510	20018	0	0
2020.03.16	1557.594	1560.771	1451.281	1507.227	242692	0	0
2020.03.17	1507.234	1553.769	1465.592	1537.770	190614	0	0
2020.03.18	1537.790	1539.831	1472.753	1498.045	213560	0	0
2020.03.19	1498.087	1498.644	1455.292	1471.367	166361	0	0
2020.03.20	1471.350	1515.982	1471.017	1498.718	130877	0	0
2020.03.22	1502.200	1507.935	1482.773	1491.601	12432	0	0
2020.03.23	1491.591	1567.641	1485.073	1567.125	141803	0	0
2020.03.24	1567.119	1638.710	1558.059	1630.231	61842	0	0
2020.03.25	1629.614	1632.399	1598.777	1608.588	18564	0	0
2020.03.26	1608.457	1642.597	1596.568	1625.064	17074	0	0
2020.03.27	1625.069	1629.120	1613.848	1625.141	16798	0	0
2020.03.29	1628.767	1630.463	1619.009	1627.402	1333	0	0
2020.03.30	1626.567	1628.193	1610.999	1616.282	34788	0	0
2020.03.31	1616.122	1618.266	1569.398	1578.851	50841	0	0
2020.04.01	1578.950	1598.554	1572.348	1591.344	48128	0	0
2020.04.02	1591.250	1618.812	1582.649	1612.275	55582	0	0
2020.04.03	1612.393	1624.359	1606.445	1616.414	51412	0	0
2020.04.05	1613.913	1618.872	1608.502	1618.872	2362	0	0
2020.04.06	1618.700	1671.974	1615.368	1662.321	49668	0	0
2020.04.07	1662.287	1666.946	1642.945	1648.147	43937	0	0
2020.04.08	1648.159	1655.349	1642.134	1647.139	43567	0	0
2020.04.09	1647.131	1689.434	1645.858	1682.950	70482	0	0
2020.04.12	1684.492	1691.295	1683.877	1686.825	2623	0	0
2020.04.13	1686.633	1722.216	1679.814	1717.283	72932	0	0
2020.04.14	1717.168	1746.584	1708.627	1725.549	87688	0	0
2020.04.15	1725.547	1730.657	1707.520	1715.654	86286	0	0
2020.04.16	1715.828	1738.091	1702.256	1715.150	111398	0	0
2020.04.17	1715.137	1717.949	1679.205	1683.655	108710	0	0
2020.04.19	1682.777	1683.185	1673.878	1675.506	4793	0	0
2020.04.20	1675.538	1701.963	1671.308	1690.808	100694	0	0
2020.04.21	1690.812	1697.277	1660.381	1687.417	100186	0	0
2020.04.22	1687.625	1718.218	1679.697	1711.447	114161	0	0
2020.04.23	1711.452	1738.308	1706.644	1727.918	135293	0	0
2020.04.24	1727.925	1736.069	1710.080	1727.930	108651	0	0
2020.04.26	1721.908	1725.615	1718.882	1724.978	4645	0	0
2020.04.27	1724.975	1726.275	1705.658	1709.572	98362	0	0
2020.04.28	1709.351	1713.601	1691.664	1704.711	127143	0	0
2020.04.29	1704.444	1716.769	1697.500	1713.271	105334	0	0
2020.04.30	1713.130	1721.174	1680.724	1687.709	96500	0	0
2020.05.01	1687.443	1705.106	1670.206	1700.028	128675	0	0
2020.05.03	1698.504	1699.649	1691.615	1699.269	5005	0	0
2020.05.04	1699.123	1711.094	1694.748	1703.549	95624	0	0
2020.05.05	1703.562	1711.345	1691.468	1703.800	92800	0	0
2020.05.06	1703.838	1707.818	1681.890	1689.582	87714	0	0
2020.05.07	1689.678	1721.793	1684.097	1714.229	85572	0	0
2020.05.08	1714.234	1722.819	1701.361	1702.329	87497	0	0
2020.05.10	1702.072	1707.454	1701.274	1706.479	5600	0	0
2020.05.11	1706.472	1712.031	1686.421	1697.717	86071	0	0
2020.05.12	1697.759	1710.515	1693.297	1702.424	80866	0	0
2020.05.13	1702.351	1719.371	1698.868	1718.317	90848	0	0
2020.05.14	1718.287	1736.005	1710.464	1732.716	84064	0	0
2020.05.15	1732.708	1750.930	1728.336	1741.974	86012	0	0
2020.05.17	1747.441	1759.776	1743.217	1758.137	8823	0	0
2020.05.18	1758.060	1764.715	1726.823	1734.704	89522	0	0
2020.05.19	1734.711	1747.382	1725.316	1745.970	84501	0	0
2020.05.20	1745.978	1753.684	1742.035	1747.365	81235	0	0
2020.05.21	1747.470	1747.470	1716.751	1725.824	83723	0	0
2020.05.22	1725.953	1739.314	1724.152	1734.060	72154	0	0
2020.05.24	1731.595	1733.303	1729.697	1730.676	3100	0	0
2020.05.25	1730.682	1732.456	1721.355	1726.560	45906	0	0
2020.05.26	1726.542	1735.055	1708.228	1712.678	78402	0	0
2020.05.27	1712.658	1715.746	1693.423	1710.852	80630	0	0
2020.05.28	1710.856	1727.014	1708.767	1721.686	79946	0	0
2020.05.29	1721.660	1737.277	1712.361	1729.475	84120	0	0
2020.05.31	1733.361	1740.011	1731.502	1739.611	5255	0	0
2020.06.01	1739.507	1744.323	1726.812	1741.504	85179	0	0
2020.06.02	1741.580	1744.836	1721.363	1726.591	85044	0	0
2020.06.03	1726.580	1729.312	1689.147	1700.430	97370	0	0
2020.06.04	1700.516	1721.220	1696.548	1712.394	90589	0	0
2020.06.05	1712.410	1715.794	1670.510	1685.512	103697	0	0
2020.06.07	1681.207	1682.980	1677.301	1681.323	4508	0	0
2020.06.08	1681.327	1700.460	1680.698	1697.243	89348	0	0
2020.06.09	1697.238	1720.669	1691.911	1713.099	87589	0	0
2020.06.10	1713.143	1739.586	1708.014	1735.483	92633	0	0
2020.06.11	1735.522	1744.536	1721.451	1726.573	91039	0	0
2020.06.12	1726.524	1742.820	1721.690	1730.552	75974	0	0
2020.06.14	1730.841	1733.370	1729.536	1732.553	3951	0	0
2020.06.15	1732.499	1733.879	1703.902	1724.066	91686	0	0
2020.06.16	1724.084	1732.606	1716.455	1726.328	87923	0	0
2020.06.17	1726.358	1730.079	1712.327	1727.483	77965	0	0
2020.06.18	1727.536	1736.909	1717.376	1723.432	86317	0	0
2020.06.19	1723.433	1745.142	1722.353	1743.537	82193	0	0
2020.06.21	1746.411	1749.969	1743.864	1749.125	5397	0	0
2020.06.22	1749.088	1762.990	1742.326	1755.265	93348	0	0
2020.06.23	1755.303	1770.887	1747.356	1768.606	98281	0	0
2020.06.24	1768.563	1779.247	1754.347	1762.084	99594	0	0
2020.06.25	1762.071	1768.808	1755.362	1765.644	85331	0	0
2020.06.26	1765.647	1771.841	1747.250	1771.280	81818	0	0
2020.06.28	1770.599	1775.047	1769.991	1771.212	4591	0	0
2020.06.29	1771.293	1774.752	1765.607	1772.865	78649	0	0
2020.06.30	1772.864	1785.747	1764.212	1782.766	82334	0	0
2020.07.01	1782.771	1789.102	1759.172	1768.239	90704	0	0
2020.07.02	1768.241	1779.452	1757.488	1775.664	85559	0	0
2020.07.03	1775.617	1777.047	1772.418	1775.733	46587	0	0
2020.07.05	1773.537	1775.963	1773.263	1775.327	2812	0	0
2020.07.06	1775.252	1786.933	1769.855	1785.747	82214	0	0
2020.07.07	1785.785	1797.243	1773.385	1794.333	80949	0	0
2020.07.08	1794.315	1817.833	1791.401	1809.054	78384	0	0
2020.07.09	1809.051	1815.792	1795.289	1803.825	85887	0	0
2020.07.10	1803.829	1810.344	1794.025	1798.621	74438	0	0
2020.07.12	1799.343	1801.095	1797.908	1800.013	3395	0	0
2020.07.13	1799.994	1813.303	1799.771	1802.270	81733	0	0
2020.07.14	1802.282	1810.786	1790.404	1809.434	89331	0	0
2020.07.15	1809.412	1814.553	1802.364	1813.023	74686	0	0
2020.07.16	1813.025	1813.223	1794.869	1798.280	73592	0	0
2020.07.17	1798.282	1811.750	1795.730	1809.765	62024	0	0
2020.07.19	1808.109	1810.619	1807.808	1808.998	3036	0	0
2020.07.20	1808.969	1820.348	1805.658	1817.921	69489	0	0
2020.07.21	1817.913	1847.042	1815.563	1842.981	84524	0	0
2020.07.22	1842.947	1874.261	1842.306	1869.876	113270	0	0
2020.07.23	1869.872	1898.190	1863.526	1885.395	110411	0	0
2020.07.24	1885.396	1906.400	1880.996	1901.143	88362	0	0
2020.07.26	1902.646	1914.580	1902.646	1913.493	7315	0	0
2020.07.27	1913.495	1966.211	1912.295	1964.980	118520	0	0
2020.07.28	1964.873	1980.652	1906.629	1956.072	144032	0	0
2020.07.29	1956.058	1980.601	1941.314	1966.483	112963	0	0
2020.07.30	1966.487	1970.332	1938.975	1956.910	117553	0	0
2020.07.31	1956.926	1982.318	1955.863	1974.958	114462	0	0
2020.08.02	1982.988	1984.734	1977.002	1981.738	7656	0	0
2020.08.03	1981.698	1982.133	1960.418	1975.265	90000	0	0
2020.08.04	1975.174	2030.712	1967.369	2030.712	101812	0	0
2020.08.05	2030.640	2055.403	2009.131	2036.290	128275	0	0
2020.08.06	2036.338	2073.682	2034.336	2069.007	124673	0	0
2020.08.07	2069.100	2071.992	2015.315	2034.818	153370	0	0
2020.08.09	2026.671	2030.778	2018.676	2027.120	7584	0	0
2020.08.10	2027.119	2049.797	2019.265	2028.128	121363	0	0
2020.08.11	2028.129	2028.129	1901.422	1909.025	212818	0	0
2020.08.12	1908.997	1949.171	1863.593	1921.874	212820	0	0
2020.08.13	1921.844	1966.192	1919.895	1957.332	156993	0	0
2020.08.14	1957.304	1961.402	1931.973	1944.376	133875	0	0
2020.08.16	1944.835	1951.221	1931.853	1932.534	6351	0	0
2020.08.17	1932.533	1990.594	1929.267	1983.634	125269	0	0
2020.08.18	1983.647	2015.390	1975.958	2005.186	141889	0	0
2020.08.19	2005.155	2005.869	1924.638	1927.748	169331	0	0
2020.08.20	1927.717	1955.078	1924.346	1952.707	160288	0	0
2020.08.21	1952.789	1955.744	1911.464	1940.113	141405	0	0
2020.08.23	1936.426	1938.261	1929.819	1935.019	5596	0	0
2020.08.24	1935.006	1961.712	1923.666	1929.749	117222	0	0
2020.08.25	1929.699	1937.326	1914.211	1929.596	115115	0	0
2020.08.26	1929.564	1954.680	1902.613	1953.415	120848	0	0
2020.08.27	1953.414	1976.439	1909.707	1928.053	145531	0	0
2020.08.28	1927.921	1973.742	1922.773	1964.591	110396	0	0
2020.08.30	1968.915	1975.843	1968.820	1973.073	6149	0	0
2020.08.31	1973.011	1976.279	1954.269	1967.705	105516	0	0
2020.09.01	1967.778	1992.297	1962.630	1972.465	134024	0	0
2020.09.02	1972.496	1973.171	1932.408	1944.680	142485	0	0
2020.09.03	1944.693	1950.736	1921.824	1927.772	145754	0	0
2020.09.04	1927.730	1948.158	1916.114	1933.518	141308	0	0
2020.09.06	1932.511	1937.574	1932.506	1934.348	4369	0	0
2020.09.07	1934.349	1941.118	1924.114	1930.578	69038	0	0
2020.09.08	1930.577	1940.722	1906.368	1930.233	136283	0	0
2020.09.09	1930.198	1950.741	1919.879	1947.264	105696	0	0
2020.09.10	1947.368	1966.486	1941.211	1943.839	95985	0	0
2020.09.11	1943.722	1954.698	1936.791	1939.938	75357	0	0
2020.09.13	1937.168	1943.020	1937.136	1942.747	3421	0	0
2020.09.14	1942.750	1962.387	1939.740	1957.196	67710	0	0
2020.09.15	1957.187	1972.102	1948.096	1953.851	75567	0	0
2020.09.16	1953.712	1973.421	1949.635	1959.642	89088	0	0
2020.09.17	1959.750	1959.858	1932.831	1947.081	88961	0	0
2020.09.18	1947.082	1959.913	1944.894	1950.013	70358	0	0
2020.09.20	1949.641	1950.829	1946.445	1948.398	3876	0	0
2020.09.21	1948.348	1955.412	1882.213	1917.104	108598	0	0
2020.09.22	1917.115	1919.502	1894.498	1904.223	105367	0	0
2020.09.23	1904.211	1905.083	1853.127	1854.816	119691	0	0
2020.09.24	1854.688	1876.977	1848.076	1867.664	115833	0	0
2020.09.25	1867.544	1874.995	1851.922	1861.155	90867	0	0
2020.09.27	1862.899	1865.865	1860.887	1862.341	3712	0	0
2020.09.28	1862.376	1883.493	1848.204	1882.594	89143	0	0
2020.09.29	1882.546	1899.263	1875.167	1896.775	81565	0	0
2020.09.30	1896.760	1902.169	1881.332	1887.634	100285	0	0
2020.10.01	1887.621	1912.109	1884.618	1903.161	95872	0	0
2020.10.02	1903.158	1916.982	1889.744	1898.723	96122	0	0
2020.10.04	1903.345	1904.290	1898.045	1902.902	4528	0	0
2020.10.05	1902.894	1918.623	1886.933	1912.687	76113	0	0
2020.10.06	1912.683	1921.032	1874.761	1880.067	96350	0	0
2020.10.07	1880.114	1897.899	1872.840	1886.948	88639	0	0
2020.10.08	1886.918	1900.527	1881.839	1895.177	80425	0	0
2020.10.09	1895.168	1930.444	1894.872	1930.147	72824	0	0
2020.10.11	1926.646	1933.178	1926.617	1929.087	5284	0	0
2020.10.12	1929.109	1931.899	1918.214	1925.059	78915	0	0
2020.10.13	1925.013	1925.013	1886.399	1893.336	94318	0	0
2020.10.14	1893.287	1912.786	1882.401	1898.178	83047	0	0
2020.10.15	1898.180	1908.971	1889.438	1906.307	92834	0	0
2020.10.16	1906.360	1913.878	1897.747	1898.825	77152	0	0
2020.10.18	1899.865	1902.928	1898.642	1900.779	3889	0	0
2020.10.19	1900.732	1918.390	1896.993	1902.952	78493	0	0
2020.10.20	1902.960	1914.025	1894.593	1910.682	80886	0	0
2020.10.21	1910.677	1931.281	1910.050	1921.292	84408	0	0
2020.10.22	1921.247	1922.150	1893.982	1904.989	79913	0	0
2020.10.23	1904.943	1914.153	1894.332	1901.602	69529	0	0
2020.10.25	1901.513	1902.021	1891.277	1898.453	5738	0	0
2020.10.26	1898.476	1908.478	1894.839	1902.156	78770	0	0
2020.10.27	1902.102	1911.271	1897.779	1905.187	68549	0	0
2020.10.28	1905.188	1910.770	1869.262	1879.542	92294	0	0
2020.10.29	1879.547	1884.871	1859.815	1868.359	93433	0	0
2020.10.30	1868.353	1889.683	1864.356	1878.858	86823	0	0
2020.11.01	1879.301	1879.301	1875.215	1877.049	2326	0	0
2020.11.02	1877.000	1896.112	1873.364	1894.658	71622	0	0
2020.11.03	1894.660	1916.211	1886.897	1914.392	74385	0	0
2020.11.04	1914.398	1916.311	1881.432	1904.790	140403	0	0
2020.11.05	1904.788	1952.651	1902.405	1946.123	97049	0	0
2020.11.06	1946.169	1960.238	1935.574	1951.855	95216	0	0
2020.11.08	1957.117	1959.741	1955.222	1958.496	2833	0	0
2020.11.09	1958.449	1965.419	1850.423	1870.837	151981	0	0
2020.11.10	1870.883	1890.315	1867.351	1876.657	99565	0	0
2020.11.11	1876.620	1884.333	1856.273	1865.515	80382	0	0
2020.11.12	1865.559	1883.734	1862.647	1875.740	76610	0	0
2020.11.13	1875.733	1896.728	1873.937	1889.358	66423	0	0
2020.11.15	1887.920	1891.535	1887.778	1890.357	2038	0	0
2020.11.16	1890.413	1899.000	1865.134	1889.757	83608	0	0
2020.11.17	1889.711	1893.378	1876.901	1882.577	69493	0	0
2020.11.18	1882.527	1884.719	1863.631	1871.332	77983	0	0
2020.11.19	1871.281	1872.743	1852.547	1863.101	83336	0	0
2020.11.20	1863.156	1879.697	1860.858	1870.923	72255	0	0
2020.11.22	1870.778	1872.086	1870.128	1872.049	1224	0	0
2020.11.23	1872.050	1875.988	1830.810	1835.567	81157	0	0
2020.11.24	1835.614	1836.234	1800.174	1809.110	98240	0	0
2020.11.25	1809.056	1817.625	1801.594	1808.131	79052	0	0
2020.11.26	1808.175	1818.211	1805.714	1809.176	49474	0	0
2020.11.27	1809.180	1813.698	1774.248	1786.786	69866	0	0
2020.11.29	1789.439	1789.747	1785.301	1786.606	1472	0	0
2020.11.30	1786.561	1787.351	1764.160	1778.707	92821	0	0
2020.12.01	1778.729	1817.205	1776.740	1811.217	81247	0	0
2020.12.02	1811.170	1832.344	1807.415	1830.598	80597	0	0
2020.12.03	1830.597	1843.846	1823.686	1839.765	80436	0	0
2020.12.04	1839.771	1847.886	1828.964	1839.010	75739	0	0
2020.12.06	1836.608	1837.985	1832.954	1835.276	2197	0	0
2020.12.07	1835.282	1868.386	1822.609	1863.919	79596	0	0
2020.12.08	1863.873	1875.208	1860.192	1870.053	77139	0	0
2020.12.09	1870.066	1870.427	1825.426	1834.328	93932	0	0
2020.12.10	1834.298	1849.949	1828.597	1836.638	88026	0	0
2020.12.11	1836.639	1847.615	1823.887	1839.550	75861	0	0
2020.12.13	1837.111	1837.993	1835.841	1837.892	1730	0	0
2020.12.14	1837.893	1838.956	1818.532	1827.373	73784	0	0
2020.12.15	1827.325	1855.250	1825.418	1852.296	76746	0	0
2020.12.16	1852.298	1865.631	1844.708	1864.442	91560	0	0
2020.12.17	1864.444	1896.101	1861.948	1883.607	88150	0	0
2020.12.18	1883.606	1889.580	1877.341	1881.271	80388	0	0
2020.12.20	1882.823	1884.935	1882.445	1883.035	1957	0	0
2020.12.21	1882.989	1906.667	1854.984	1879.018	130229	0	0
2020.12.22	1878.972	1884.196	1858.882	1864.211	94352	0	0
2020.12.23	1864.262	1878.493	1856.843	1872.517	87257	0	0
2020.12.24	1872.518	1880.507	1869.428	1879.016	57256	0	0
2020.12.27	1888.893	1889.770	1885.718	1888.248	2548	0	0
2020.12.28	1888.294	1900.127	1869.025	1876.696	92921	0	0
2020.12.29	1876.682	1886.313	1871.640	1878.690	76882	0	0
2020.12.30	1878.689	1895.329	1876.071	1894.947	72921	0	0
2020.12.31	1894.929	1900.290	1885.389	1894.387	63265	0	0
2021.01.03	1909.308	1914.896	1907.729	1913.094	3729	0	0
2021.01.04	1913.048	1945.563	1909.942	1941.686	98590	0	0
2021.01.05	1941.687	1953.140	1934.267	1950.228	94015	0	0
2021.01.06	1950.279	1959.290	1900.692	1923.991	128845	0	0
2021.01.07	1923.943	1927.597	1906.796	1916.548	101110	0	0
2021.01.08	1916.499	1916.605	1828.156	1849.370	140365	0	0
2021.01.10	1855.038	1855.537	1841.553	1844.710	4879	0	0
2021.01.11	1844.680	1855.472	1816.935	1847.233	126152	0	0
2021.01.12	1847.186	1863.726	1836.532	1858.743	102641	0	0
2021.01.13	1858.696	1862.935	1841.859	1848.318	86066	0	0
2021.01.14	1848.315	1857.455	1830.157	1846.836	96995	0	0
2021.01.15	1846.783	1856.935	1823.284	1826.975	88957	0	0
2021.01.17	1827.947	1829.232	1802.438	1810.546	6811	0	0
2021.01.18	1810.604	1840.697	1810.429	1837.213	70189	0	0
2021.01.19	1837.216	1845.426	1832.998	1840.911	73241	0	0
2021.01.20	1840.913	1872.313	1832.342	1869.862	89566	0	0
2021.01.21	1869.910	1874.996	1858.279	1869.551	83325	0	0
2021.01.22	1869.577	1869.850	1837.298	1855.732	91042	0	0
2021.01.24	1858.206	1859.405	1856.571	1856.851	2042	0	0
2021.01.25	1856.871	1867.825	1847.064	1855.390	89118	0	0
2021.01.26	1855.387	1861.620	1848.222	1851.233	75712	0	0
2021.01.27	1851.252	1853.036	1831.211	1839.889	89492	0	0
2021.01.28	1839.936	1864.035	1833.967	1843.810	109757	0	0
2021.01.29	1843.855	1875.519	1839.535	1847.839	118515	0	0
2021.01.31	1855.282	1859.901	1851.596	1855.826	7043	0	0
2021.02.01	1855.772	1871.716	1849.044	1857.582	128356	0	0
2021.02.02	1857.627	1864.005	1829.457	1836.362	110590	0	0
2021.02.03	1836.376	1844.825	1829.505	1834.236	82430	0	0
2021.02.04	1834.218	1834.601	1784.866	1795.793	100677	0	0
2021.02.05	1795.840	1815.038	1792.013	1814.135	86935	0	0
2021.02.07	1817.259	1818.709	1815.763	1817.970	2411	0	0
2021.02.08	1817.923	1839.044	1807.705	1830.481	83151	0	0
2021.02.09	1830.478	1848.472	1829.920	1836.087	82272	0	0
2021.02.10	1836.085	1855.299	1833.996	1841.956	85004	0	0
2021.02.11	1841.939	1847.460	1820.983	1826.652	77285	0	0
2021.02.12	1826.655	1830.614	1810.436	1824.229	73141	0	0
2021.02.14	1824.898	1825.770	1820.100	1820.939	2478	0	0
2021.02.15	1820.988	1826.927	1816.013	1818.654	53702	0	0
2021.02.16	1818.651	1826.391	1786.855	1788.348	101581	0	0
2021.02.17	1788.298	1795.091	1769.408	1778.143	102987	0	0
2021.02.18	1778.142	1789.559	1768.345	1771.659	90274	0	0
2021.02.19	1771.609	1791.504	1760.626	1784.049	105081	0	0
2021.02.21	1786.332	1788.083	1781.291	1783.358	3526	0	0
2021.02.22	1783.408	1812.551	1780.648	1810.406	99443	0	0
2021.02.23	1810.410	1815.906	1795.606	1805.766	92028	0	0
2021.02.24	1805.795	1813.717	1783.473	1802.995	100857	0	0
2021.02.25	1803.002	1804.143	1765.136	1769.860	143593	0	0
2021.02.26	1769.909	1775.714	1717.030	1734.649	192583	0	0
2021.02.28	1737.958	1739.940	1735.286	1739.239	4219	0	0
2021.03.01	1739.206	1759.715	1719.641	1724.988	131463	0	0
2021.03.02	1724.957	1740.464	1707.075	1736.558	138311	0	0
2021.03.03	1736.547	1737.475	1701.643	1710.468	140814	0	0
2021.03.04	1710.464	1723.100	1690.443	1694.310	177833	0	0
2021.03.05	1694.277	1707.631	1687.180	1700.836	151645	0	0
2021.03.07	1706.301	1713.915	1706.268	1707.726	4831	0	0
2021.03.08	1707.706	1714.253	1676.627	1684.653	129287	0	0
2021.03.09	1684.620	1720.566	1680.179	1715.881	125320	0	0
2021.03.10	1715.864	1727.104	1708.131	1726.691	119567	0	0
2021.03.11	1726.699	1739.804	1719.025	1722.645	113906	0	0
2021.03.12	1722.676	1729.171	1699.094	1726.749	121762	0	0
2021.03.14	1728.251	1728.348	1724.244	1725.335	5273	0	0
2021.03.15	1725.330	1734.524	1721.616	1730.698	105076	0	0
2021.03.16	1730.665	1741.077	1725.967	1731.595	100991	0	0
2021.03.17	1731.546	1751.549	1723.856	1748.464	115320	0	0
2021.03.18	1748.430	1755.478	1719.080	1735.193	139744	0	0
2021.03.19	1735.188	1746.644	1728.484	1745.127	115322	0	0
2021.03.21	1743.714	1744.315	1737.981	1738.234	5917	0	0
2021.03.22	1738.225	1743.047	1727.168	1739.306	103122	0	0
2021.03.23	1739.300	1742.509	1724.663	1727.082	104505	0	0
2021.03.24	1727.097	1738.364	1723.746	1734.483	93258	0	0
2021.03.25	1734.492	1745.401	1721.498	1727.293	108671	0	0
2021.03.26	1727.316	1736.683	1721.448	1732.329	85806	0	0
2021.03.28	1731.377	1732.549	1730.611	1730.999	3554	0	0
2021.03.29	1731.014	1732.835	1705.736	1711.932	91896	0	0
2021.03.30	1711.938	1714.342	1678.392	1685.489	114895	0	0
2021.03.31	1685.488	1715.214	1677.835	1707.403	106956	0	0
2021.04.01	1707.405	1730.545	1705.761	1729.750	103418	0	0
2021.04.04	1728.462	1729.917	1726.908	1728.011	4911	0	0
2021.04.05	1727.974	1733.491	1721.285	1729.367	92494	0	0
2021.04.06	1729.337	1745.434	1727.537	1743.252	103910	0	0
2021.04.07	1743.217	1743.332	1730.607	1736.836	93485	0	0
2021.04.08	1736.806	1758.645	1733.133	1754.148	93825	0	0
2021.04.09	1754.178	1757.281	1731.102	1743.842	102192	0	0
2021.04.11	1742.481	1743.475	1740.490	1741.591	3757	0	0
2021.04.12	1741.557	1744.932	1727.324	1731.898	97619	0	0
2021.04.13	1731.902	1748.878	1723.591	1746.581	114510	0	0
2021.04.14	1746.575	1749.367	1732.473	1736.625	102485	0	0
2021.04.15	1736.595	1769.581	1734.297	1763.901	113075	0	0
2021.04.16	1763.870	1783.789	1759.729	1776.523	100557	0	0
2021.04.18	1775.640	1778.053	1774.762	1776.723	3628	0	0
2021.04.19	1776.692	1789.987	1766.526	1772.112	106489	0	0
2021.04.20	1772.115	1780.365	1763.547	1776.737	113787	0	0
2021.04.21	1776.742	1797.549	1776.454	1793.570	96146	0	0
2021.04.22	1793.619	1797.756	1777.332	1783.136	102382	0	0
2021.04.23	1783.126	1795.879	1769.799	1777.023	95463	0	0
2021.04.25	1775.596	1775.980	1773.860	1774.789	2870	0	0
2021.04.26	1774.803	1783.439	1768.492	1780.040	95890	0	0
2021.04.27	1780.046	1785.514	1773.692	1775.436	92629	0	0
2021.04.28	1775.430	1783.905	1762.458	1783.818	111157	0	0
2021.04.29	1783.782	1789.896	1755.874	1773.221	109708	0	0
2021.04.30	1773.220	1773.220	1764.164	1768.776	102732	0	0
2021.05.02	1767.058	1769.024	1766.046	1769.017	3250	0	0
2021.05.03	1768.980	1797.826	1767.314	1792.472	86865	0	0
2021.05.04	1792.425	1798.951	1770.571	1778.627	106263	0	0
2021.05.05	1778.595	1787.898	1770.306	1785.219	95885	0	0
2021.05.06	1785.220	1817.973	1781.934	1814.725	89822	0	0
2021.05.07	1814.715	1843.262	1812.845	1830.979	106203	0	0
2021.05.09	1832.896	1836.787	1831.996	1836.162	4185	0	0
2021.05.10	1836.184	1845.322	1829.947	1836.043	94314	0	0
2021.05.11	1836.045	1841.709	1817.796	1835.433	97911	0	0
2021.05.12	1835.438	1843.462	1813.230	1817.489	113415	0	0
2021.05.13	1817.443	1828.609	1808.675	1825.024	97266	0	0
2021.05.14	1825.026	1845.923	1819.661	1843.486	85156	0	0
2021.05.16	1843.784	1847.964	1843.784	1847.074	3875	0	0
2021.05.17	1847.049	1868.974	1843.540	1868.913	82902	0	0
2021.05.18	1868.871	1874.875	1863.164	1870.086	82879	0	0
2021.05.19	1870.085	1889.786	1852.125	1865.806	112897	0	0
2021.05.20	1865.852	1883.770	1863.801	1873.961	86462	0	0
2021.05.21	1873.940	1889.284	1870.065	1881.659	80481	0	0
2021.05.23	1880.985	1883.761	1880.148	1883.459	3008	0	0
2021.05.24	1883.457	1886.973	1874.967	1877.361	74158	0	0
2021.05.25	1877.323	1900.177	1872.613	1898.083	83458	0	0
2021.05.26	1898.082	1912.616	1890.655	1896.060	82960	0	0
2021.05.27	1896.070	1903.580	1888.111	1897.969	81191	0	0
2021.05.28	1897.992	1905.947	1882.063	1903.706	78392	0	0
2021.05.30	1903.805	1904.750	1903.214	1903.798	2406	0	0
2021.05.31	1903.845	1910.544	1902.063	1907.978	49655	0	0
2021.06.01	1907.987	1916.446	1892.350	1898.747	79722	0	0
2021.06.02	1898.751	1909.474	1894.250	1907.752	71266	0	0
2021.06.03	1907.756	1909.463	1863.442	1870.865	89483	0	0
2021.06.04	1870.856	1896.047	1855.573	1891.138	78059	0	0
2021.06.06	1889.994	1890.631	1888.646	1889.265	2273	0	0
2021.06.07	1889.246	1900.028	1881.455	1898.633	70994	0	0
2021.06.08	1898.622	1903.673	1883.740	1893.327	75702	0	0
2021.06.09	1893.315	1898.912	1887.254	1888.618	68330	0	0
2021.06.10	1888.632	1899.808	1869.900	1898.318	87366	0	0
2021.06.11	1898.294	1902.856	1874.321	1877.401	75423	0	0
2021.06.13	1876.160	1877.608	1873.194	1873.652	3778	0	0
2021.06.14	1873.604	1873.737	1844.212	1866.768	80940	0	0
2021.06.15	1866.757	1869.046	1851.529	1857.846	77562	0	0
2021.06.16	1857.892	1863.506	1803.264	1818.733	100474	0	0
2021.06.17	1818.758	1825.188	1766.982	1776.719	136840	0	0
2021.06.18	1776.672	1797.122	1760.860	1764.562	133268	0	0
2021.06.20	1768.728	1770.029	1767.355	1769.324	5065	0	0
2021.06.21	1769.320	1787.564	1766.444	1783.500	121520	0	0
2021.06.22	1783.490	1790.051	1772.255	1777.581	99083	0	0
2021.06.23	1777.578	1794.850	1773.162	1777.320	95009	0	0
2021.06.24	1777.289	1787.958	1772.832	1775.204	89662	0	0
2021.06.25	1775.158	1790.271	1773.694	1781.361	85437	0	0
2021.06.27	1781.264	1782.753	1780.545	1781.905	2843	0	0
2021.06.28	1781.858	1785.669	1770.538	1778.108	88247	0	0
2021.06.29	1778.097	1778.940	1750.621	1761.441	105817	0	0
2021.06.30	1761.456	1774.372	1753.297	1768.131	98282	0	0
2021.07.01	1768.132	1782.757	1765.633	1775.505	97023	0	0
2021.07.02	1775.495	1794.983	1774.291	1787.446	125703	0	0
2021.07.04	1787.277	1787.581	1785.461	1786.184	5240	0	0
2021.07.05	1786.187	1794.547	1784.426	1791.224	49853	0	200
2021.07.06	1791.212	1814.961	1789.852	1795.550	88066	0	200
2021.07.07	1795.503	1809.674	1793.869	1803.285	82060	0	200
2021.07.08	1803.280	1818.312	1793.986	1803.723	91932	0	200
2021.07.09	1803.736	1812.270	1796.594	1808.222	75865	0	200
2021.07.11	1808.049	1808.455	1806.301	1806.405	5105	0	0
2021.07.12	1806.452	1810.773	1791.409	1807.082	72106	0	200
2021.07.13	1807.079	1816.915	1798.539	1805.994	78919	0	200
2021.07.14	1805.999	1829.707	1804.457	1826.375	77941	0	200
2021.07.15	1826.376	1834.039	1820.217	1829.450	73461	0	200
2021.07.16	1829.450	1831.446	1808.937	1812.007	75793	0	300
2021.07.18	1811.224	1815.844	1810.351	1815.700	6671	0	0
2021.07.19	1815.700	1817.250	1794.815	1811.304	83627	0	200
2021.07.20	1811.325	1824.880	1804.850	1809.737	79653	0	300
2021.07.21	1809.735	1813.643	1794.420	1802.540	75101	0	200
2021.07.22	1802.492	1808.426	1792.692	1807.081	72779	0	200
2021.07.23	1807.077	1810.260	1789.193	1802.126	66651	0	200
2021.07.25	1802.274	1802.712	1800.053	1800.344	4238	0	0
2021.07.26	1800.329	1811.448	1796.276	1797.550	65274	0	200
2021.07.27	1797.556	1805.172	1793.382	1799.873	69594	0	200
2021.07.28	1799.828	1810.216	1792.394	1809.307	77658	0	200
2021.07.29	1809.275	1832.548	1808.585	1830.189	68488	0	300
2021.07.30	1830.198	1831.257	1810.141	1813.934	60194	0	300
2021.08.01	1814.431	1814.955	1812.009	1813.790	5232	0	0
2021.08.02	1813.796	1819.432	1805.525	1812.447	64882	0	200
2021.08.03	1812.492	1814.924	1806.999	1811.071	54644	0	200
2021.08.04	1811.063	1831.657	1806.308	1811.616	67240	0	200
2021.08.05	1811.614	1814.766	1797.515	1803.396	60225	0	300
2021.08.06	1803.351	1803.601	1758.355	1763.819	87291	0	200
2021.08.08	1761.426	1762.323	1686.784	1719.053	69301	0	0
2021.08.09	1719.031	1752.663	1706.031	1731.457	148310	0	200
2021.08.10	1731.450	1738.240	1717.704	1726.890	91847	0	200
2021.08.11	1726.899	1754.265	1723.979	1752.326	101090	0	200
2021.08.12	1752.311	1758.105	1741.322	1753.415	86792	0	200
2021.08.13	1753.382	1779.901	1751.651	1779.509	71770	0	200
2021.08.15	1779.017	1779.976	1778.408	1778.758	5671	0	0
2021.08.16	1778.763	1789.175	1770.840	1787.457	75309	0	0
2021.08.17	1787.424	1795.519	1780.495	1786.126	72356	0	0
2021.08.18	1786.121	1793.685	1777.122	1787.381	73590	0	0
2021.08.19	1787.379	1792.366	1774.073	1778.962	81714	0	0
2021.08.20	1778.970	1788.339	1778.279	1781.235	62967	0	200
2021.08.22	1781.378	1782.284	1777.329	1778.626	4530	0	0
2021.08.23	1778.613	1806.232	1776.413	1804.758	64974	0	0
2021.08.24	1804.712	1809.502	1800.678	1801.705	56965	0	0
2021.08.25	1801.715	1802.593	1782.356	1791.520	66709	0	0
2021.08.26	1791.518	1798.112	1779.770	1793.451	66766	0	0
2021.08.27	1793.400	1819.125	1784.410	1816.778	76983	0	200
2021.08.29	1817.936	1819.111	1817.133	1818.390	4404	0	0
2021.08.30	1818.386	1823.157	1807.650	1810.386	54524	0	0
2021.08.31	1810.341	1819.047	1801.544	1814.435	65679	0	0
2021.09.01	1814.426	1819.911	1808.588	1813.020	61917	0	0
2021.09.02	1813.018	1817.008	1804.630	1809.364	52008	0	0
2021.09.03	1809.362	1833.859	1808.878	1827.573	64079	0	300
2021.09.05	1828.089	1830.149	1827.417	1827.555	4329	0	0
2021.09.06	1827.545	1828.416	1821.315	1823.518	34622	0	0
2021.09.07	1823.520	1827.179	1792.280	1795.591	67392	0	0
2021.09.08	1795.589	1802.087	1782.300	1790.691	72204	0	0
2021.09.09	1790.683	1800.893	1783.752	1794.676	72146	0	0
2021.09.10	1794.695	1803.772	1787.080	1787.614	64244	0	200
2021.09.12	1787.288	1788.683	1786.960	1787.298	3528	0	0
2021.09.13	1787.290	1798.314	1783.442	1792.955	65198	0	0
2021.09.14	1792.956	1808.590	1780.279	1803.691	70541	0	0
2021.09.15	1803.701	1806.763	1790.604	1795.002	65973	0	0
2021.09.16	1794.956	1796.083	1745.019	1753.842	102606	0	0
2021.09.17	1753.841	1767.452	1747.306	1754.536	89896	0	200
2021.09.19	1754.698	1755.162	1751.188	1754.121	8277	0	0
2021.09.20	1754.118	1766.923	1741.741	1764.948	86246	0	0
2021.09.21	1764.917	1781.613	1757.869	1774.882	78140	0	0
2021.09.22	1774.886	1787.164	1764.582	1766.952	100491	0	0
2021.09.23	1766.984	1776.510	1737.392	1746.198	100580	0	0
2021.09.24	1746.201	1757.561	1740.411	1750.494	79889	0	200
2021.09.26	1750.033	1750.774	1748.214	1749.464	4178	0	0
2021.09.27	1749.495	1760.795	1744.608	1751.211	83494	0	0
2021.09.28	1751.215	1754.411	1728.069	1735.300	107258	0	0
2021.09.29	1735.309	1745.472	1721.571	1728.828	95745	0	0
2021.09.30	1728.823	1764.080	1722.212	1753.077	99705	0	0
2021.10.01	1753.070	1764.191	1749.685	1760.453	95092	0	200
2021.10.03	1760.954	1765.195	1760.954	1763.152	7492	0	0
2021.10.04	1763.151	1770.487	1747.627	1768.073	92977	0	0
2021.10.05	1768.042	1768.320	1748.561	1759.287	84519	0	0
2021.10.06	1759.285	1765.063	1745.822	1763.946	96986	0	0
2021.10.07	1763.913	1766.891	1751.935	1755.094	79192	0	0
2021.10.08	1755.097	1781.292	1753.320	1757.212	94231	0	200
2021.10.10	1757.272	1757.764	1750.915	1753.953	8798	0	0
2021.10.11	1753.956	1760.948	1750.128	1753.295	68162	0	0
2021.10.12	1753.334	1769.300	1750.710	1760.362	87220	0	0
2021.10.13	1760.331	1795.969	1757.826	1791.652	91125	0	0
2021.10.14	1791.698	1800.406	1786.647	1795.329	61617	0	0
2021.10.15	1795.327	1796.369	1764.652	1767.427	79570	0	200
2021.10.17	1766.961	1772.013	1764.565	1770.952	6830	0	0
2021.10.18	1770.983	1772.007	1760.276	1763.948	91207	0	0
2021.10.19	1763.964	1785.062	1763.269	1768.661	85397	0	200
2021.10.20	1768.664	1788.368	1766.839	1781.408	81100	0	200
2021.10.21	1781.376	1789.366	1776.245	1784.594	85958	0	200
2021.10.22	1784.561	1813.560	1782.595	1792.853	80361	0	200
2021.10.24	1792.926	1794.371	1792.388	1794.301	2852	0	200
2021.10.25	1794.347	1809.717	1792.182	1807.792	65578	0	200
2021.10.26	1807.777	1807.848	1782.191	1793.554	77581	0	200
2021.10.27	1793.571	1799.027	1783.397	1796.583	90841	0	200
2021.10.28	1796.552	1810.380	1791.986	1799.575	108938	0	200
2021.10.29	1799.559	1799.944	1771.896	1783.296	108246	0	200
2021.10.31	1783.269	1783.269	1779.055	1780.026	3101	0	200
2021.11.01	1780.020	1795.686	1779.988	1792.047	77563	0	200
2021.11.02	1792.077	1796.349	1786.062	1787.125	77044	0	200
2021.11.03	1787.102	1787.579	1758.534	1777.242	111398	0	200
2021.11.04	1777.274	1798.894	1770.762	1791.317	87601	0	200
2021.11.05	1791.322	1818.269	1784.842	1818.127	101568	0	200
2021.11.07	1815.750	1818.072	1815.470	1815.820	2370	0	200
2021.11.08	1815.830	1826.395	1812.403	1824.501	81628	0	200
2021.11.09	1824.498	1832.624	1819.119	1829.861	88035	0	200
2021.11.10	1829.858	1868.193	1822.076	1848.511	113364	0	200
2021.11.11	1848.493	1865.739	1842.860	1862.286	82010	0	200
2021.11.12	1862.285	1868.574	1845.229	1864.361	86415	0	200
2021.11.14	1866.804	1867.783	1865.240	1865.476	2251	0	200
2021.11.15	1865.490	1870.267	1856.308	1862.387	78143	0	200
2021.11.16	1862.356	1877.067	1849.644	1850.311	99079	0	200
2021.11.17	1850.313	1868.063	1849.530	1866.479	78527	0	200
2021.11.18	1866.507	1870.883	1855.023	1859.578	83755	0	200
2021.11.19	1859.585	1865.621	1842.815	1846.196	101421	0	200
2021.11.21	1842.207	1847.169	1841.485	1844.879	3839	0	200
2021.11.22	1844.909	1849.046	1802.202	1808.997	114375	0	200
2021.11.23	1809.027	1812.370	1781.914	1790.875	112579	0	200
2021.11.24	1790.910	1796.354	1778.150	1789.664	98771	0	200
2021.11.25	1789.698	1795.027	1787.851	1792.628	44282	0	200
2021.11.26	1792.616	1815.467	1780.054	1787.433	108720	0	200
2021.11.28	1788.597	1795.644	1780.238	1795.521	6519	0	200
2021.11.29	1795.490	1799.361	1781.122	1786.826	98867	0	200
2021.11.30	1786.816	1808.477	1769.681	1773.206	139330	0	200
2021.12.01	1773.209	1794.267	1772.598	1781.825	121611	0	200
2021.12.02	1781.812	1781.971	1761.841	1768.989	104024	0	200
2021.12.03	1768.985	1786.072	1766.078	1783.414	109951	0	200
2021.12.05	1782.102	1784.094	1780.691	1782.901	2235	0	200
2021.12.06	1782.933	1787.683	1775.506	1780.931	77827	0	200
2021.12.07	1780.899	1787.791	1771.828	1784.719	74328	0	200
2021.12.08	1784.685	1793.061	1779.530	1783.494	78974	0	200
2021.12.09	1783.474	1787.554	1773.417	1776.327	77263	0	200
2021.12.10	1776.329	1789.123	1769.919	1782.805	76366	0	200
2021.12.12	1782.732	1784.389	1782.710	1783.216	1672	0	200
2021.12.13	1783.217	1791.381	1781.725	1785.722	62122	0	200
2021.12.14	1785.754	1789.462	1766.419	1772.453	74022	0	200
2021.12.15	1772.485	1781.434	1753.053	1779.456	104131	0	200
2021.12.16	1779.466	1799.621	1775.504	1798.708	83297	0	200
2021.12.17	1798.738	1814.191	1795.794	1798.064	76681	0	200
2021.12.19	1800.610	1801.676	1799.386	1800.067	2260	0	200
2021.12.20	1800.065	1804.089	1788.286	1791.617	72693	0	200
2021.12.21	1791.622	1800.238	1784.568	1790.466	68099	0	200
2021.12.22	1790.470	1804.962	1785.846	1803.662	61506	0	200
2021.12.23	1803.660	1810.687	1798.609	1808.451	57419	0	200
2021.12.26	1806.207	1808.526	1805.977	1807.259	1459	0	200
2021.12.27	1807.260	1813.384	1802.871	1812.348	53307	0	200
2021.12.28	1812.360	1820.191	1805.006	1806.560	58071	0	200
2021.12.29	1806.557	1807.626	1789.212	1804.526	66300	0	200
2021.12.30	1804.533	1817.117	1796.118	1815.703	61954	0	200
2021.12.31	1815.704	1828.722	1814.704	1827.615	57515	0	200
2022.01.02	1830.615	1831.730	1828.021	1828.452	1679	0	200
2022.01.03	1828.453	1831.542	1798.304	1804.101	75997	0	200
2022.01.04	1804.127	1816.680	1798.452	1813.873	78878	0	200
2022.01.05	1813.885	1829.591	1808.259	1810.244	79722	0	200
2022.01.06	1810.275	1811.475	1786.332	1791.365	98835	0	200
2022.01.07	1791.381	1798.604	1782.289	1796.899	85391	0	200
2022.01.09	1794.898	1796.069	1794.505	1795.145	1987	0	200
2022.01.10	1795.117	1802.899	1790.033	1801.225	77395	0	200
2022.01.11	1801.195	1823.249	1801.195	1820.722	77420	0	200
2022.01.12	1820.714	1828.061	1814.465	1825.277	74394	0	200
2022.01.13	1825.280	1828.107	1812.206	1820.818	71647	0	200
2022.01.14	1820.817	1829.045	1814.630	1817.639	79137	0	200
2022.01.16	1817.663	1818.081	1815.859	1816.379	1623	0	200
2022.01.17	1816.377	1823.141	1813.109	1819.029	41119	0	200
2022.01.18	1818.985	1822.726	1805.622	1814.210	92034	0	200
2022.01.19	1814.231	1843.326	1810.075	1838.495	83952	0	200
2022.01.20	1838.496	1847.646	1835.680	1838.889	81810	0	200
2022.01.21	1838.895	1843.095	1828.126	1834.664	85165	0	200
2022.01.23	1833.144	1837.088	1833.123	1834.669	2717	0	200
2022.01.24	1834.699	1844.124	1829.487	1843.521	90979	0	200
2022.01.25	1843.527	1853.785	1834.517	1849.526	86389	0	200
2022.01.26	1849.505	1849.510	1814.840	1821.928	107560	0	200
2022.01.27	1821.924	1821.949	1791.677	1797.205	109475	0	200
2022.01.28	1797.232	1799.343	1779.895	1791.634	97691	0	200
2022.01.30	1789.345	1790.575	1788.327	1789.464	2523	0	200
2022.01.31	1789.494	1799.841	1785.425	1797.738	81387	0	200
2022.02.01	1797.736	1808.434	1795.718	1800.694	81664	0	200
2022.02.02	1800.711	1810.736	1794.309	1807.830	73881	0	200
2022.02.03	1807.797	1808.931	1788.521	1805.719	88785	0	200
2022.02.04	1805.691	1814.862	1792.076	1807.732	93099	0	200
2022.02.06	1808.436	1811.438	1807.877	1810.028	2355	0	200
2022.02.07	1810.035	1823.503	1808.678	1822.004	73956	0	200
2022.02.08	1821.979	1828.737	1815.397	1826.134	62407	0	200
2022.02.09	1825.521	1835.783	1824.374	1832.541	60237	0	200
2022.02.10	1832.543	1841.879	1821.482	1826.796	101664	0	200
2022.02.11	1826.765	1865.332	1820.681	1858.955	121366	0	200
2022.02.13	1855.608	1861.547	1855.387	1859.538	4308	0	200
2022.02.14	1859.568	1874.102	1850.562	1871.048	110616	0	200
2022.02.15	1871.070	1879.466	1844.081	1852.964	102219	0	200
2022.02.16	1852.951	1872.512	1850.275	1869.906	84884	0	200
2022.02.17	1869.938	1900.989	1867.772	1899.944	117790	0	200
2022.02.18	1899.977	1902.395	1886.288	1897.807	90006	0	200
2022.02.20	1903.076	1906.406	1900.349	1904.863	3825	0	200
2022.02.21	1904.861	1914.090	1887.562	1909.377	78508	0	200
2022.02.22	1909.376	1913.754	1891.161	1898.158	103143	0	200
2022.02.23	1898.156	1911.524	1889.367	1910.758	84919	0	200
2022.02.24	1910.754	1974.331	1877.772	1906.531	248206	0	200
2022.02.25	1906.534	1921.484	1882.673	1889.003	146868	0	200
2022.02.27	1921.032	1927.297	1904.329	1910.211	13881	0	200
2022.02.28	1910.171	1919.174	1890.826	1906.268	142235	0	200
2022.03.01	1906.236	1950.209	1901.367	1942.269	137898	0	200
2022.03.02	1942.264	1947.856	1913.468	1928.805	156251	0	200
2022.03.03	1928.837	1941.243	1921.978	1934.870	121829	0	200
2022.03.04	1934.879	1970.844	1929.388	1970.317	152565	0	200
2022.03.06	1981.416	1991.499	1981.233	1988.583	11608	0	200
2022.03.07	1988.600	2002.716	1960.799	1998.736	222710	0	200
2022.03.08	1998.753	2070.292	1980.906	2043.828	317312	0	200
2022.03.09	2043.799	2059.090	1975.866	1989.867	262480	0	200
2022.03.10	1989.862	2009.102	1970.412	1995.387	205978	0	200
2022.03.11	1995.388	1997.308	1958.306	1988.147	162907	0	200
2022.03.13	1980.342	1983.847	1970.760	1974.302	8520	0	200
2022.03.14	1974.263	1978.865	1949.352	1952.184	132363	0	200
2022.03.15	1952.176	1952.208	1906.916	1918.085	154069	0	200
2022.03.16	1918.082	1929.424	1894.750	1927.034	152497	0	200
2022.03.17	1927.030	1949.689	1925.557	1943.947	117718	0	200
2022.03.18	1943.915	1945.340	1917.946	1921.271	113209	0	200
2022.03.20	1925.067	1926.334	1918.261	1918.985	4776	0	200
2022.03.21	1919.007	1941.097	1917.862	1935.579	98865	0	200
2022.03.22	1935.611	1938.331	1910.378	1919.665	109007	0	200
2022.03.23	1919.663	1948.310	1915.575	1946.106	93503	0	200
2022.03.24	1946.073	1966.151	1937.434	1959.217	111282	0	200
2022.03.25	1959.236	1964.253	1943.079	1958.243	99684	0	200
2022.03.27	1955.588	1957.911	1954.787	1957.209	4352	0	200
2022.03.28	1957.203	1958.405	1916.898	1924.041	130309	0	200
2022.03.29	1924.040	1929.272	1890.113	1916.354	134902	0	200
2022.03.30	1916.363	1938.489	1915.905	1934.044	107051	0	200
2022.03.31	1934.075	1949.760	1918.847	1936.702	110702	0	200
2022.04.01	1936.704	1939.493	1917.848	1924.495	111512	0	200
2022.04.03	1924.641	1924.995	1921.444	1924.674	3324	0	200
2022.04.04	1924.635	1936.815	1915.251	1931.493	98221	0	200
2022.04.05	1931.510	1944.555	1917.767	1920.618	106471	0	200
2022.04.06	1920.617	1933.332	1914.838	1923.806	123666	0	200
2022.04.07	1923.783	1937.538	1920.496	1932.938	99962	0	200
2022.04.08	1932.968	1948.146	1927.668	1947.868	91375	0	200
2022.04.10	1948.292	1950.000	1943.180	1944.606	4961	0	200
2022.04.11	1944.610	1969.435	1939.975	1952.799	114249	0	200
2022.04.12	1952.772	1978.253	1949.605	1965.899	112600	0	200
2022.04.13	1965.931	1981.532	1962.845	1977.082	97491	0	200
2022.04.14	1977.047	1980.308	1960.420	1973.111	95673	0	200
2022.04.17	1972.910	1987.767	1971.978	1986.463	7352	0	200
2022.04.18	1986.493	1998.024	1976.042	1977.161	100376	0	200
2022.04.19	1977.192	1981.721	1943.618	1949.718	115039	0	200
2022.04.20	1949.748	1958.332	1939.088	1956.797	111044	0	200
2022.04.21	1956.794	1957.397	1936.388	1950.897	109229	0	200
2022.04.22	1950.864	1955.483	1926.197	1931.500	122084	0	200
2022.04.24	1932.305	1934.435	1929.527	1932.663	4920	0	200
2022.04.25	1932.661	1932.726	1891.134	1899.375	142591	0	200
2022.04.26	1899.407	1910.939	1895.449	1906.529	119358	0	200
2022.04.27	1906.543	1906.789	1881.037	1885.633	120879	0	200
2022.04.28	1885.625	1896.735	1871.981	1895.515	121984	0	200
2022.04.29	1895.526	1919.762	1894.415	1896.720	112102	0	200
2022.05.01	1899.389	1899.899	1896.106	1897.236	6224	0	200
2022.05.02	1897.206	1898.451	1854.428	1863.150	110176	0	200
2022.05.03	1863.149	1877.892	1850.192	1868.330	100110	0	200
2022.05.04	1868.298	1894.144	1861.438	1893.932	120006	0	200
2022.05.05	1893.971	1909.551	1872.327	1874.231	135609	0	200
2022.05.06	1874.199	1892.504	1865.961	1883.631	115722	0	200
2022.05.08	1883.561	1885.697	1879.889	1881.256	5207	0	200
2022.05.09	1881.244	1882.073	1851.677	1854.636	116474	0	200
2022.05.10	1854.605	1865.365	1833.109	1833.584	123340	0	200
2022.05.11	1833.614	1857.973	1832.015	1854.064	129678	0	200
2022.05.12	1854.063	1858.745	1810.519	1821.379	138180	0	200
2022.05.13	1821.414	1828.559	1798.810	1811.491	105469	0	200
2022.05.15	1813.943	1814.561	1809.718	1813.161	5868	0	200
2022.05.16	1813.190	1829.184	1786.381	1826.353	109847	0	200
2022.05.17	1826.388	1836.051	1812.886	1814.521	102806	0	200
2022.05.18	1814.490	1824.673	1807.231	1816.015	96046	0	200
2022.05.19	1816.029	1849.115	1810.833	1842.072	111091	0	200
2022.05.20	1842.064	1849.365	1832.312	1846.487	90594	0	200
2022.05.22	1849.009	1849.587	1843.478	1846.283	5063	0	200
2022.05.23	1846.284	1865.372	1845.756	1853.883	87084	0	200
2022.05.24	1853.919	1869.656	1849.303	1867.329	80818	0	200
2022.05.25	1867.361	1867.995	1841.300	1853.974	82338	0	200
2022.05.26	1853.944	1854.260	1840.804	1852.799	83102	0	200
2022.05.27	1852.779	1862.113	1847.933	1853.024	77236	0	200
2022.05.29	1852.618	1853.909	1848.158	1849.849	3394	0	200
2022.05.30	1849.872	1863.953	1848.661	1852.384	53669	0	200
2022.05.31	1852.416	1857.070	1835.015	1836.404	92803	0	200
2022.06.01	1836.437	1849.923	1828.429	1845.949	96111	0	200
2022.06.02	1845.953	1870.543	1844.065	1869.855	82908	0	200
2022.06.03	1869.886	1873.967	1847.249	1850.960	77381	0	200
2022.06.05	1850.955	1853.237	1850.103	1851.478	2805	0	200
2022.06.06	1851.480	1857.898	1837.957	1839.385	73853	0	200
2022.06.07	1839.404	1855.484	1836.939	1853.566	79454	0	200
2022.06.08	1853.569	1859.610	1844.488	1852.692	74411	0	200
2022.06.09	1852.695	1855.255	1840.008	1846.918	81409	0	200
2022.06.10	1846.945	1875.847	1825.079	1871.532	115431	0	200
2022.06.12	1878.070	1878.832	1874.666	1876.949	6102	0	200
2022.06.13	1876.930	1877.351	1809.140	1821.013	138293	0	200
2022.06.14	1820.980	1831.570	1805.064	1810.902	123223	0	200
2022.06.15	1810.872	1841.828	1808.642	1833.827	150976	0	200
2022.06.16	1833.811	1857.493	1815.391	1850.809	130437	0	200
2022.06.17	1850.821	1852.917	1833.817	1840.248	109003	0	200
2022.06.19	1836.197	1840.320	1834.725	1838.432	5130	0	200
2022.06.20	1838.436	1846.093	1835.153	1839.076	63787	0	200
2022.06.21	1839.091	1843.581	1828.531	1831.320	90406	0	200
2022.06.22	1831.288	1847.815	1823.291	1836.562	103018	0	200
2022.06.23	1836.593	1845.908	1822.481	1824.582	102430	0	200
2022.06.24	1824.585	1831.621	1816.879	1827.100	94116	0	200
2022.06.26	1836.268	1836.298	1829.990	1831.024	7000	0	200
2022.06.27	1831.005	1840.818	1820.729	1823.494	87967	0	200
2022.06.28	1823.506	1829.452	1818.256	1818.377	79619	0	200
2022.06.29	1818.347	1832.880	1811.848	1818.883	89385	0	200
2022.06.30	1818.896	1825.133	1802.627	1806.548	100818	0	200
2022.07.01	1806.552	1809.394	1784.473	1809.341	112094	0	200
2022.07.03	1810.342	1810.937	1808.034	1808.071	4033	0	200
2022.07.04	1808.062	1814.091	1803.765	1809.285	56438	0	200
2022.07.05	1809.287	1812.081	1763.729	1769.527	109374	0	200
2022.07.06	1769.524	1772.784	1732.221	1739.958	124545	0	200
2022.07.07	1739.989	1748.998	1736.482	1741.722	89327	0	200
2022.07.08	1741.754	1752.349	1732.813	1742.249	93328	0	200
2022.07.10	1741.088	1744.589	1740.873	1741.965	3890	0	200
2022.07.11	1741.998	1743.548	1731.223	1733.238	80152	0	200
2022.07.12	1733.236	1743.940	1723.200	1725.287	99109	0	200
2022.07.13	1725.317	1745.318	1706.931	1731.990	124092	0	200
2022.07.14	1731.972	1733.521	1697.565	1711.655	129533	0	200
2022.07.15	1711.692	1716.563	1698.877	1707.440	99110	0	200
2022.07.17	1706.571	1710.646	1706.536	1710.297	4178	0	200
2022.07.18	1710.292	1723.731	1706.616	1708.215	87734	0	200
2022.07.19	1708.198	1718.373	1705.300	1709.954	78371	0	200
2022.07.20	1709.924	1714.326	1692.141	1695.406	83919	0	200
2022.07.21	1695.357	1720.269	1680.811	1718.076	117453	0	200
2022.07.22	1718.046	1739.179	1712.809	1727.469	94924	0	200
2022.07.24	1726.250	1727.089	1724.282	1724.673	3980	0	200
2022.07.25	1724.676	1736.012	1714.721	1718.990	81371	0	200
2022.07.26	1719.030	1728.145	1713.555	1717.900	79703	0	200
2022.07.27	1717.929	1740.177	1711.358	1738.769	95469	0	200
2022.07.28	1738.764	1757.039	1733.993	1754.908	113787	0	200
2022.07.29	1754.898	1767.905	1752.116	1766.178	95353	0	200
2022.07.31	1765.356	1765.390	1760.893	1762.141	3687	0	200
2022.08.01	1762.172	1775.302	1758.220	1772.228	88751	0	200
2022.08.02	1772.261	1787.960	1754.784	1756.675	112389	0	200
2022.08.03	1756.669	1772.769	1754.321	1763.586	92443	0	200
2022.08.04	1763.617	1794.882	1763.358	1793.380	86655	0	200
2022.08.05	1793.347	1794.863	1764.955	1775.628	98370	0	200
2022.08.07	1773.369	1775.023	1772.643	1774.558	3096	0	200
2022.08.08	1774.562	1790.651	1771.119	1789.192	67822	0	200
2022.08.09	1789.176	1800.410	1783.177	1794.082	75715	0	200
2022.08.10	1794.086	1807.831	1787.574	1791.660	91465	0	200
2022.08.11	1791.675	1799.215	1783.521	1788.950	82855	0	200
2022.08.12	1788.923	1802.198	1784.810	1801.884	74536	0	200
2022.08.14	1801.505	1801.765	1798.969	1799.103	3025	0	200
2022.08.15	1799.072	1801.693	1772.814	1778.509	84773	0	200
2022.08.16	1778.547	1783.068	1771.198	1775.556	73288	0	200
2022.08.17	1775.564	1782.159	1759.700	1764.909	91785	0	200
2022.08.18	1764.911	1772.362	1755.304	1758.387	80117	0	200
2022.08.19	1758.390	1758.550	1745.490	1747.376	77219	0	200
2022.08.21	1745.586	1748.094	1744.969	1745.664	3670	0	200
2022.08.22	1745.668	1748.992	1727.749	1735.220	84051	0	200
2022.08.23	1735.227	1754.057	1730.786	1745.970	85337	0	200
2022.08.24	1745.972	1755.904	1742.431	1750.980	78536	0	200
2022.08.25	1750.974	1765.437	1749.921	1756.384	78165	0	200
2022.08.26	1756.377	1758.757	1734.130	1737.998	101754	0	200
2022.08.28	1734.774	1738.525	1733.125	1734.735	6173	0	200
2022.08.29	1734.741	1745.407	1720.280	1739.526	90780	0	200
2022.08.30	1739.510	1740.474	1721.131	1723.304	83874	0	200
2022.08.31	1723.302	1726.483	1705.480	1708.952	93203	0	200
2022.09.01	1708.919	1708.919	1688.723	1697.207	97151	0	200
2022.09.02	1697.174	1717.932	1696.266	1712.532	91214	0	200
2022.09.04	1711.024	1711.509	1707.899	1707.958	3101	0	200
2022.09.05	1707.929	1715.705	1707.720	1713.927	51592	0	200
2022.09.06	1713.921	1726.337	1699.751	1703.478	95458	0	200
2022.09.07	1703.475	1719.426	1691.358	1716.553	95631	0	200
2022.09.08	1716.548	1727.938	1703.814	1710.648	106130	0	200
2022.09.09	1710.618	1729.336	1709.683	1717.186	87122	0	200
2022.09.11	1718.402	1720.155	1716.742	1718.396	3416	0	200
2022.09.12	1718.365	1735.081	1711.946	1725.246	92488	0	200
2022.09.13	1725.236	1731.772	1696.943	1702.097	114566	0	200
2022.09.14	1702.141	1707.068	1693.596	1697.512	99561	0	200
2022.09.15	1697.494	1697.775	1660.181	1662.357	103849	0	200
2022.09.16	1662.336	1680.173	1654.095	1675.286	95570	0	200
2022.09.18	1674.412	1679.963	1673.966	1677.946	4036	0	200
2022.09.19	1677.914	1678.740	1659.622	1675.752	84643	0	200
2022.09.20	1675.744	1679.430	1659.913	1666.400	87179	0	200
2022.09.21	1666.392	1688.033	1653.772	1667.043	141289	0	200
2022.09.22	1667.040	1684.833	1655.508	1672.724	138880	0	200
2022.09.23	1672.737	1675.933	1639.714	1643.877	118530	0	200
2022.09.25	1643.172	1645.673	1640.355	1644.054	5574	0	200
2022.09.26	1644.085	1649.598	1621.048	1627.669	150748	0	200
2022.09.27	1627.637	1642.334	1626.649	1628.797	114225	0	200
2022.09.28	1628.795	1662.660	1614.427	1656.115	147564	0	200
2022.09.29	1656.147	1665.171	1641.435	1664.567	132544	0	200
2022.09.30	1664.576	1675.424	1659.198	1660.963	121494	0	200
2022.10.02	1664.009	1665.394	1663.255	1664.152	4625	0	200
2022.10.03	1664.122	1702.553	1659.578	1700.996	126167	0	200
2022.10.04	1701.000	1729.469	1695.125	1725.563	120508	0	200
2022.10.05	1725.562	1727.552	1700.445	1718.379	118198	0	200
2022.10.06	1718.416	1725.491	1706.888	1711.869	108878	0	200
2022.10.07	1711.890	1714.764	1690.453	1695.001	116036	0	200
2022.10.09	1696.236	1699.857	1695.794	1696.694	4572	0	200
2022.10.10	1696.695	1697.232	1665.618	1670.131	101528	0	200
2022.10.11	1670.100	1683.879	1660.867	1664.037	122720	0	200
2022.10.12	1664.015	1678.298	1661.379	1674.483	118115	0	200
2022.10.13	1674.460	1682.360	1642.337	1663.441	152371	0	200
2022.10.14	1663.418	1671.694	1640.123	1644.267	126301	0	200
2022.10.16	1646.163	1647.656	1644.094	1647.470	4635	0	200
2022.10.17	1647.455	1668.339	1646.361	1650.698	97286	0	200
2022.10.18	1650.730	1660.853	1645.810	1652.305	104392	0	200
2022.10.19	1652.304	1653.366	1626.464	1627.097	103929	0	200
2022.10.20	1627.064	1645.570	1622.403	1626.980	107867	0	200
2022.10.21	1626.979	1658.087	1616.886	1657.806	154326	0	200
2022.10.23	1659.975	1670.806	1656.610	1661.251	20028	0	200
2022.10.24	1661.219	1663.306	1643.903	1651.742	126304	0	200
2022.10.25	1651.773	1662.281	1638.121	1652.755	107096	0	200
2022.10.26	1652.765	1674.834	1649.733	1667.513	110046	0	200
2022.10.27	1667.524	1670.754	1654.798	1661.862	122399	0	200
2022.10.28	1661.861	1666.992	1637.811	1644.598	109840	0	200
2022.10.30	1643.727	1645.373	1643.003	1643.446	4695	0	200
2022.10.31	1643.413	1645.560	1631.677	1632.416	86308	0	200
2022.11.01	1632.419	1656.969	1630.689	1646.772	109639	0	200
2022.11.02	1646.804	1669.428	1631.800	1633.721	137083	0	200
2022.11.03	1633.718	1640.911	1616.624	1629.737	115067	0	200
2022.11.04	1629.771	1681.665	1629.315	1680.966	133186	0	200
2022.11.06	1675.168	1680.309	1672.277	1672.660	5337	0	200
2022.11.07	1672.698	1681.865	1666.852	1674.072	103112	0	200
2022.11.08	1674.084	1716.901	1664.487	1711.587	118516	0	200
2022.11.09	1711.583	1722.291	1702.124	1706.450	124413	0	200
2022.11.10	1706.469	1757.196	1703.980	1752.196	145379	0	200
2022.11.11	1752.192	1772.822	1747.230	1770.992	129636	0	200
2022.11.13	1763.488	1764.891	1761.422	1763.439	4142	0	200
2022.11.14	1763.447	1775.007	1753.101	1769.481	114629	0	200
2022.11.15	1769.516	1786.472	1767.047	1780.746	154427	0	200
2022.11.16	1780.774	1784.992	1770.272	1773.843	121910	0	200
2022.11.17	1773.862	1774.762	1754.443	1760.058	111262	0	200
2022.11.18	1760.026	1767.674	1747.487	1750.852	93369	0	200
2022.11.20	1751.196	1752.595	1750.869	1752.261	2432	0	200
2022.11.21	1752.256	1752.986	1732.473	1738.506	101151	0	200
2022.11.22	1738.513	1749.596	1737.008	1741.139	89700	0	200
2022.11.23	1741.140	1753.178	1726.319	1752.271	106091	0	200
2022.11.24	1752.302	1758.565	1752.297	1755.189	62916	0	200
2022.11.25	1755.375	1761.120	1745.947	1755.969	74191	0	200
2022.11.27	1753.479	1754.215	1749.919	1750.900	1548	0	200
2022.11.28	1750.883	1763.703	1739.601	1741.231	103651	0	200
2022.11.29	1741.252	1758.749	1740.230	1748.884	96318	0	200
2022.11.30	1748.920	1773.440	1744.645	1773.332	122025	0	200
2022.12.01	1773.354	1804.439	1771.933	1802.253	122287	0	200
2022.12.02	1802.284	1802.960	1778.425	1797.945	117886	0	200
2022.12.04	1795.131	1799.341	1794.397	1798.946	3012	0	200
2022.12.05	1798.977	1809.886	1765.756	1769.348	110073	0	200
2022.12.06	1769.314	1780.835	1767.201	1770.915	94670	0	200
2022.12.07	1770.918	1790.489	1768.683	1786.964	105243	0	200
2022.12.08	1786.974	1794.664	1781.372	1789.207	87471	0	200
2022.12.09	1789.210	1806.043	1788.466	1797.455	98079	0	200
2022.12.11	1795.942	1796.635	1794.757	1794.954	2137	0	200
2022.12.12	1794.938	1795.446	1777.541	1781.893	86583	0	200
2022.12.13	1781.894	1824.450	1780.983	1809.588	130034	0	200
2022.12.14	1809.586	1814.085	1795.718	1807.616	129124	0	200
2022.12.15	1807.617	1807.818	1773.434	1776.490	120652	0	200
2022.12.16	1776.456	1794.228	1774.271	1793.062	95318	0	200
2022.12.18	1792.453	1793.006	1790.950	1791.017	2246	0	200
2022.12.19	1790.997	1798.712	1783.783	1787.255	82183	0	200
2022.12.20	1787.224	1821.020	1784.563	1817.199	125521	0	200
2022.12.21	1817.168	1823.760	1811.854	1814.892	90916	0	200
2022.12.22	1814.856	1820.365	1784.764	1793.440	99405	0	200
2022.12.23	1793.461	1803.194	1791.140	1798.469	85411	0	200
2022.12.26	1799.575	1803.087	1799.248	1800.842	1600	0	1955
2022.12.27	1800.845	1832.979	1800.238	1812.353	91864	0	200
2022.12.28	1812.377	1814.566	1796.946	1805.765	88176	0	200
2022.12.29	1805.728	1820.145	1804.340	1815.096	81990	0	200
2022.12.30	1815.108	1825.985	1813.189	1823.510	88313	0	200
2023.01.02	1825.968	1830.460	1823.998	1829.131	2383	0	834
2023.01.03	1829.110	1849.902	1826.747	1836.522	123212	0	200
2023.01.04	1836.501	1865.086	1836.185	1854.827	124302	0	200
2023.01.05	1854.794	1858.971	1824.835	1832.799	116567	0	200
2023.01.06	1832.800	1869.783	1831.265	1865.989	119328	0	200
2023.01.08	1866.736	1869.922	1866.716	1869.602	3670	0	200
2023.01.09	1869.595	1881.424	1867.099	1870.487	108201	0	200
2023.01.10	1870.477	1880.719	1867.789	1877.167	103765	0	200
2023.01.11	1877.196	1886.576	1866.893	1876.939	100753	0	200
2023.01.12	1876.935	1901.404	1873.233	1898.022	133237	0	200
2023.01.13	1898.023	1921.854	1892.282	1920.251	111562	0	200
2023.01.15	1919.066	1920.450	1916.844	1916.893	2928	0	200
2023.01.16	1916.904	1928.951	1910.813	1917.856	69244	0	200
2023.01.17	1917.882	1918.996	1903.633	1908.691	101939	0	200
2023.01.18	1908.674	1925.862	1896.559	1906.818	129160	0	200
2023.01.19	1906.848	1935.129	1900.950	1931.680	114677	0	200
2023.01.20	1931.683	1937.383	1920.580	1925.916	97925	0	200
2023.01.22	1924.243	1927.327	1924.189	1927.258	2521	0	200
2023.01.23	1927.232	1935.466	1911.296	1931.325	105366	0	200
2023.01.24	1931.313	1942.395	1916.962	1936.963	101115	0	200
2023.01.25	1936.953	1948.739	1919.693	1948.321	107036	0	200
2023.01.26	1948.346	1949.116	1918.360	1930.718	113360	0	200
2023.01.27	1930.679	1935.025	1916.455	1928.265	92726	0	200
2023.01.29	1926.737	1928.918	1926.408	1928.854	2431	0	200
2023.01.30	1928.859	1934.425	1920.627	1922.089	96194	0	200
2023.01.31	1922.121	1931.088	1900.736	1927.336	110416	0	200
2023.02.01	1927.329	1956.112	1920.494	1953.043	138664	0	200
2023.02.02	1953.008	1959.639	1911.211	1915.002	144425	0	200
2023.02.03	1914.998	1918.515	1861.424	1865.805	152562	0	0
2023.02.05	1864.169	1869.894	1863.718	1865.462	4303	0	200
2023.02.06	1865.429	1881.296	1862.982	1868.476	112453	0	200
2023.02.07	1868.507	1884.428	1864.972	1872.894	137566	0	200
2023.02.08	1872.893	1886.342	1868.977	1874.989	102312	0	200
2023.02.09	1874.983	1890.020	1858.842	1862.322	113690	0	200
2023.02.10	1862.353	1872.159	1852.744	1865.314	115655	0	200
2023.02.12	1863.970	1865.290	1862.633	1862.705	2215	0	200
2023.02.13	1862.739	1866.533	1850.417	1854.376	92835	0	200
2023.02.14	1854.380	1870.282	1843.140	1854.865	155839	0	200
2023.02.15	1854.862	1860.066	1830.262	1836.361	117901	0	200
2023.02.16	1836.353	1845.266	1827.404	1834.272	114968	0	200
2023.02.17	1834.288	1843.547	1818.861	1842.499	107722	0	200
2023.02.19	1841.163	1841.687	1838.386	1838.659	2114	0	200
2023.02.20	1838.666	1847.390	1837.282	1841.674	51899	0	200
2023.02.21	1841.705	1843.801	1830.204	1835.548	100273	0	200
2023.02.22	1835.552	1845.822	1823.473	1825.075	102612	0	200
2023.02.23	1825.086	1833.723	1817.188	1823.166	99236	0	200
2023.02.24	1823.197	1827.755	1808.900	1810.778	100815	0	200
2023.02.26	1811.891	1813.078	1811.239	1811.740	2182	0	200
2023.02.27	1811.728	1820.088	1806.267	1817.137	89135	0	200
2023.02.28	1817.138	1831.104	1804.363	1825.551	94221	0	200
2023.03.01	1825.552	1844.574	1823.042	1836.554	103939	0	200
2023.03.02	1836.530	1838.932	1829.947	1837.818	96436	0	200
2023.03.03	1837.787	1856.278	1837.756	1855.265	90673	0	200
2023.03.05	1853.694	1854.076	1852.152	1852.294	1832	0	200
2023.03.06	1852.302	1858.123	1845.066	1846.323	84791	0	200
2023.03.07	1846.303	1851.468	1812.670	1813.936	110317	0	200
2023.03.08	1813.935	1824.235	1809.372	1815.196	96063	0	200
2023.03.09	1815.209	1835.368	1811.922	1831.569	90827	0	200
2023.03.10	1831.565	1870.031	1827.702	1867.109	141641	0	200
2023.03.12	1883.238	1894.368	1875.749	1877.746	25382	0	200
2023.03.13	1877.716	1914.577	1871.496	1912.025	194915	0	200
2023.03.14	1912.055	1914.113	1895.228	1903.064	151655	0	200
2023.03.15	1903.055	1937.287	1885.551	1921.155	193157	0	200
2023.03.16	1921.145	1933.437	1907.298	1921.294	165432	0	200
2023.03.17	1921.306	1988.311	1918.196	1988.129	151326	0	200
2023.03.19	1985.925	1988.132	1975.037	1976.936	11961	0	200
2023.03.20	1976.968	2009.668	1965.507	1976.585	190895	0	200
2023.03.21	1976.581	1985.121	1935.343	1943.106	139953	0	200
2023.03.22	1943.074	1978.802	1934.107	1969.706	164665	0	200
2023.03.23	1969.755	2003.277	1966.317	1991.324	156339	0	200
2023.03.24	1991.292	2002.989	1975.165	1978.777	158796	0	200
2023.03.26	1976.400	1976.735	1969.353	1975.691	7621	0	200
2023.03.27	1975.658	1978.691	1943.944	1958.071	122547	0	200
2023.03.28	1958.040	1975.255	1949.141	1971.867	105017	0	200
2023.03.29	1971.898	1972.854	1958.665	1963.197	94574	0	200
2023.03.30	1963.201	1984.251	1955.345	1978.386	99978	0	200
2023.03.31	1978.412	1987.544	1966.806	1969.376	102316	0	200
2023.04.02	1966.275	1967.407	1956.964	1957.027	9069	0	200
2023.04.03	1957.063	1990.476	1949.542	1984.935	111853	0	200
2023.04.04	1984.929	2024.982	1976.821	2021.734	124055	0	200
2023.04.05	2021.748	2032.046	2009.719	2020.287	116543	0	200
2023.04.06	2020.269	2020.907	2000.610	2007.761	97624	0	200
2023.04.09	1997.006	2006.495	1995.817	2005.497	5721	0	200
2023.04.10	2005.529	2005.860	1981.436	1992.389	96556	0	200
2023.04.11	1992.356	2007.410	1988.773	2004.659	84783	0	200
2023.04.12	2004.675	2028.014	2000.847	2018.149	122470	0	200
2023.04.13	2018.118	2048.597	2015.276	2039.713	108710	0	200
2023.04.14	2039.712	2047.392	1992.364	2004.252	132326	0	200
2023.04.16	2001.207	2005.006	1999.651	2002.848	5116	0	200
2023.04.17	2002.866	2014.998	1980.899	1993.906	109437	0	200
2023.04.18	1993.915	2011.823	1990.998	2005.718	97027	0	200
2023.04.19	2005.719	2008.077	1969.176	1993.616	113419	0	200
2023.04.20	1993.651	2012.147	1990.476	2005.313	109836	0	200
2023.04.21	2005.287	2005.508	1971.584	1982.886	118258	0	200
2023.04.23	1982.082	1985.343	1981.789	1984.620	3555	0	200
2023.04.24	1984.618	1996.420	1974.028	1995.016	100103	0	200
2023.04.25	1995.015	2003.830	1976.067	2000.172	125714	0	200
2023.04.26	2000.178	2009.122	1983.348	1991.647	127311	0	200
2023.04.27	1991.617	2003.178	1973.966	1986.914	121200	0	200
2023.04.28	1986.879	1994.994	1975.823	1989.376	121129	0	200
2023.04.30	1989.602	1991.877	1986.620	1986.895	4632	0	200
2023.05.01	1986.927	2005.903	1977.054	1981.373	116651	0	200
2023.05.02	1981.385	2019.233	1978.455	2015.905	122117	0	200
2023.05.03	2015.916	2079.817	2007.571	2051.957	152920	0	200
2023.05.04	2051.959	2059.537	2030.327	2049.922	166002	0	200
2023.05.05	2049.924	2052.957	1999.287	2016.650	127091	0	200
2023.05.07	2016.428	2017.281	2014.174	2016.006	4614	0	200
2023.05.08	2015.976	2029.320	2015.150	2021.237	91195	0	200
2023.05.09	2021.266	2037.561	2019.483	2036.270	93231	0	200
2023.05.10	2036.310	2047.995	2021.306	2031.436	117030	0	200
2023.05.11	2031.411	2040.788	2011.104	2016.346	131655	0	200
2023.05.12	2016.367	2022.461	2000.895	2010.912	107767	0	200
2023.05.14	2008.664	2011.957	2008.664	2009.558	3383	0	200
2023.05.15	2009.551	2022.083	2008.637	2014.400	87550	0	200
2023.05.16	2014.411	2018.279	1985.414	1989.630	108066	0	200
2023.05.17	1989.633	1992.977	1974.734	1982.714	96742	0	200
2023.05.18	1982.717	1985.973	1951.937	1958.356	102465	0	200
2023.05.19	1958.364	1984.186	1954.003	1977.703	113065	0	200
2023.05.21	1978.005	1981.480	1978.005	1980.829	3723	0	200
2023.05.22	1980.827	1982.530	1968.690	1969.784	98370	0	200
2023.05.23	1969.814	1977.739	1954.232	1974.980	114176	0	200
2023.05.24	1975.021	1985.015	1956.683	1959.752	111496	0	200
2023.05.25	1959.748	1964.711	1938.813	1940.515	119450	0	200
2023.05.26	1940.492	1957.219	1936.576	1946.834	101875	0	200
2023.05.28	1943.265	1946.248	1943.227	1943.654	4454	0	200
2023.05.29	1943.687	1949.718	1940.270	1941.683	54792	0	200
2023.05.30	1941.498	1963.479	1932.042	1958.535	104714	0	200
2023.05.31	1958.544	1974.526	1953.625	1966.244	110052	0	200
2023.06.01	1966.275	1983.049	1953.338	1977.030	106020	0	200
2023.06.02	1977.033	1983.332	1947.580	1947.992	103362	0	200
2023.06.04	1947.366	1950.096	1947.297	1949.330	4212	0	200
2023.06.05	1949.344	1964.003	1938.048	1961.224	96575	0	200
2023.06.06	1961.231	1966.376	1954.295	1963.345	89171	0	200
2023.06.07	1963.315	1970.123	1939.839	1944.436	97628	0	200
2023.06.08	1944.433	1970.505	1942.764	1965.316	94448	0	200
2023.06.09	1965.313	1972.661	1956.530	1960.640	84886	0	200
2023.06.11	1959.592	1960.497	1958.013	1959.933	3406	0	200
2023.06.12	1959.941	1966.889	1949.118	1959.940	89398	0	200
2023.06.13	1959.953	1970.589	1939.975	1943.884	106681	0	200
2023.06.14	1943.891	1960.058	1939.673	1945.188	112293	0	200
2023.06.15	1945.146	1960.194	1924.838	1958.223	113378	0	200
2023.06.16	1958.223	1967.848	1953.188	1957.441	95086	0	200
2023.06.18	1958.500	1958.561	1956.235	1957.038	3499	0	200
2023.06.19	1957.046	1958.711	1947.734	1952.197	61242	0	200
2023.06.20	1952.383	1956.727	1929.584	1937.231	99437	0	200
2023.06.21	1937.225	1939.431	1918.808	1933.839	106484	0	200
2023.06.22	1933.838	1934.198	1912.355	1914.439	95123	0	200
2023.06.23	1914.439	1937.231	1910.091	1921.192	95849	0	200
2023.06.25	1922.951	1925.402	1922.682	1925.294	4392	0	200
2023.06.26	1925.293	1933.280	1920.902	1922.485	86274	0	200
2023.06.27	1922.501	1930.639	1910.800	1915.385	89607	0	200
2023.06.28	1915.389	1917.174	1902.500	1909.681	89685	0	200
2023.06.29	1909.712	1912.847	1892.839	1908.661	97303	0	200
2023.06.30	1908.692	1922.693	1900.419	1919.333	91778	0	200
2023.07.02	1918.552	1919.584	1917.464	1918.169	3360	0	200
2023.07.03	1918.164	1930.631	1910.003	1921.181	79027	0	200
2023.07.04	1921.180	1930.645	1920.024	1926.176	55090	0	200
2023.07.05	1926.247	1934.767	1914.765	1916.772	87100	0	200
2023.07.06	1916.784	1927.548	1902.568	1911.516	102471	0	200
2023.07.07	1911.543	1934.845	1909.625	1925.339	93342	0	200
2023.07.09	1925.288	1928.140	1923.842	1924.848	4469	0	200
2023.07.10	1924.858	1926.880	1912.299	1924.821	82799	0	200
2023.07.11	1924.822	1938.404	1924.406	1933.240	81691	0	200
2023.07.12	1933.244	1959.618	1933.171	1957.713	94138	0	200
2023.07.13	1957.714	1963.302	1952.294	1960.134	92710	0	200
2023.07.14	1960.124	1963.671	1950.661	1955.224	88696	0	200
2023.07.16	1954.975	1954.975	1951.354	1953.281	4160	0	200
2023.07.17	1953.281	1959.801	1945.553	1955.398	81276	0	200
2023.07.18	1955.396	1984.251	1954.677	1977.481	102233	0	200
2023.07.19	1977.464	1980.859	1969.692	1977.683	83621	0	200
2023.07.20	1977.661	1987.421	1965.320	1972.197	89922	0	200
2023.07.21	1972.227	1973.735	1956.605	1961.851	82263	0	200
2023.07.23	1962.228	1962.882	1960.351	1961.177	2975	0	200
2023.07.24	1961.172	1967.805	1953.174	1954.393	85837	0	200
2023.07.25	1954.394	1966.242	1951.787	1965.284	82943	0	200
2023.07.26	1965.283	1978.243	1962.002	1972.009	94550	0	200
2023.07.27	1972.012	1982.133	1942.018	1947.443	107111	0	200
2023.07.28	1947.411	1963.460	1946.054	1959.184	106930	0	200
2023.07.30	1959.875	1960.470	1957.373	1958.070	3962	0	200
2023.07.31	1958.054	1972.326	1950.718	1963.907	82330	0	200
2023.08.01	1963.876	1964.628	1941.209	1952.146	91696	0	200
2023.08.02	1952.140	1954.752	1932.864	1936.000	90773	0	200
2023.08.03	1936.025	1938.822	1929.496	1935.774	92177	0	200
2023.08.04	1935.747	1946.752	1925.071	1942.483	88436	0	200
2023.08.06	1942.560	1946.648	1942.415	1943.790	4377	0	200
2023.08.07	1943.785	1945.267	1931.357	1936.732	71963	0	200
2023.08.08	1936.763	1937.305	1922.508	1925.569	80957	0	200
2023.08.09	1925.574	1932.204	1913.983	1916.688	74596	0	200
2023.08.10	1916.688	1929.514	1910.694	1912.358	90706	0	200
2023.08.11	1912.358	1920.882	1911.858	1913.786	72537	0	200
2023.08.13	1913.666	1915.181	1912.395	1913.620	3311	0	200
2023.08.14	1913.620	1916.156	1902.465	1907.557	77663	0	200
2023.08.15	1907.567	1911.563	1896.208	1901.419	89205	0	200
2023.08.16	1901.412	1907.146	1891.652	1893.295	78588	0	200
2023.08.17	1893.298	1903.413	1884.996	1891.227	81654	0	200
2023.08.18	1891.231	1896.549	1886.724	1889.529	71922	0	200
2023.08.20	1889.357	1890.823	1888.800	1889.919	3175	0	200
2023.08.21	1889.934	1898.470	1884.547	1894.664	79697	0	200
2023.08.22	1894.674	1904.410	1888.824	1898.478	73979	0	200
2023.08.23	1898.476	1920.292	1898.432	1917.849	82468	0	200
2023.08.24	1917.849	1923.056	1911.554	1915.847	75282	0	200
2023.08.25	1915.845	1922.118	1903.450	1914.321	80407	0	200
2023.08.27	1915.974	1916.068	1914.322	1915.028	3309	0	200
2023.08.28	1915.029	1925.991	1912.694	1921.186	63469	0	200
2023.08.29	1921.199	1938.120	1914.357	1936.168	74862	0	200
2023.08.30	1936.176	1949.006	1934.940	1944.185	75673	0	200
2023.08.31	1944.195	1947.660	1939.033	1939.824	70640	0	200
2023.09.01	1939.828	1952.331	1934.334	1939.704	77934	0	200
2023.09.03	1939.987	1941.000	1939.406	1940.558	2143	0	200
2023.09.04	1940.557	1946.232	1936.688	1937.659	46363	0	200
2023.09.05	1937.551	1938.927	1925.272	1926.559	72881	0	200
2023.09.06	1926.569	1929.079	1915.153	1917.091	72856	0	200
2023.09.07	1917.086	1923.414	1915.987	1920.247	65696	0	200
2023.09.08	1920.255	1929.558	1917.153	1918.973	64958	0	200
2023.09.10	1919.621	1919.653	1916.576	1918.801	4003	0	200
2023.09.11	1918.795	1930.440	1918.316	1921.624	71009	0	200
2023.09.12	1921.590	1924.447	1907.232	1912.858	69300	0	200
2023.09.13	1912.857	1915.545	1905.105	1909.176	79604	0	200
2023.09.14	1909.169	1912.856	1900.918	1909.735	82528	0	200
2023.09.15	1909.766	1930.372	1909.766	1923.831	75293	0	200
2023.09.17	1924.077	1924.530	1922.547	1923.227	2713	0	200
2023.09.18	1923.227	1934.453	1922.723	1934.040	67195	0	200
2023.09.19	1934.061	1937.345	1929.723	1931.319	61553	0	200
2023.09.20	1931.317	1947.361	1927.837	1929.424	82824	0	200
2023.09.21	1929.428	1930.451	1913.641	1921.353	82597	0	200
2023.09.22	1921.361	1928.846	1921.190	1925.231	66567	0	200
2023.09.24	1926.116	1926.294	1924.402	1924.717	3126	0	200
2023.09.25	1924.730	1927.147	1914.981	1916.207	68741	0	200
2023.09.26	1916.209	1916.447	1899.103	1901.529	71200	0	200
2023.09.27	1901.524	1903.712	1872.491	1877.562	79492	0	200
2023.09.28	1877.583	1879.490	1857.494	1866.700	87843	0	200
2023.09.29	1866.695	1879.601	1846.282	1848.796	88176	0	200
2023.10.01	1847.284	1848.678	1845.687	1848.314	4066	0	200
2023.10.02	1848.314	1848.885	1820.404	1824.944	91702	0	200
2023.10.03	1824.919	1833.344	1815.218	1823.303	112738	0	200
2023.10.04	1823.303	1830.542	1816.556	1822.524	101111	0	200
2023.10.05	1822.472	1829.173	1812.994	1821.272	86951	0	200
2023.10.06	1821.272	1834.832	1810.402	1831.900	96660	0	200
2023.10.08	1853.390	1854.643	1845.525	1847.965	10973	0	200
2023.10.09	1847.992	1863.416	1844.161	1862.536	84497	0	200
2023.10.10	1862.582	1865.278	1852.970	1859.647	88395	0	200
2023.10.11	1859.633	1877.152	1858.590	1875.250	85908	0	200
2023.10.12	1875.251	1884.918	1867.883	1870.555	86442	0	200
2023.10.13	1870.546	1932.593	1870.055	1932.217	101880	0	200
2023.10.15	1927.521	1927.521	1921.177	1925.836	7670	0	200
2023.10.16	1925.842	1925.927	1908.144	1919.386	92372	0	200
2023.10.17	1919.382	1931.523	1912.343	1924.702	93140	0	200
2023.10.18	1924.700	1962.597	1923.740	1950.877	106995	0	200
2023.10.19	1950.818	1982.381	1945.172	1977.119	114568	0	200
2023.10.20	1977.183	1997.142	1971.975	1980.774	111246	0	200
2023.10.22	1972.732	1978.541	1970.037	1971.554	6286	0	200
2023.10.23	1971.516	1982.768	1964.273	1973.522	102763	0	200
2023.10.24	1973.520	1980.825	1953.409	1972.844	101726	0	200
2023.10.25	1972.848	1987.235	1963.001	1982.920	108696	0	200
2023.10.26	1982.941	1993.424	1971.770	1984.345	101745	0	200
2023.10.27	1984.343	2009.356	1976.838	2006.083	100372	0	200
2023.10.29	2002.989	2004.741	1996.833	2002.621	9383	0	200
2023.10.30	2002.649	2006.767	1990.941	1995.513	95385	0	200
2023.10.31	1995.531	2007.849	1978.806	1983.667	101914	0	200
2023.11.01	1983.670	1992.618	1969.823	1985.010	107149	0	200
2023.11.02	1984.989	1990.926	1978.798	1984.961	85327	0	200
2023.11.03	1984.956	2004.002	1983.218	1992.516	95255	0	200
2023.11.05	1991.419	1991.579	1987.149	1988.470	2472	0	200
2023.11.06	1988.473	1993.042	1975.737	1976.677	82643	0	200
2023.11.07	1976.653	1977.001	1956.624	1968.902	89577	0	200
2023.11.08	1968.908	1970.989	1947.335	1950.812	88824	0	200
2023.11.09	1950.815	1965.718	1944.520	1959.058	97698	0	200
2023.11.10	1959.059	1960.715	1932.898	1938.353	85404	0	200
2023.11.12	1941.002	1941.299	1921.384	1940.344	2190	0	200
2023.11.13	1940.374	1949.187	1931.604	1946.399	79799	0	200
2023.11.14	1946.414	1970.954	1937.468	1962.493	90804	0	200
2023.11.15	1962.487	1975.280	1955.413	1960.331	90313	0	200
2023.11.16	1960.333	1987.943	1956.437	1982.545	86820	0	199
2023.11.17	1982.649	1993.409	1978.514	1980.635	84984	0	199
2023.11.19	1977.456	1978.720	1974.120	1974.471	2472	0	199
2023.11.20	1974.532	1985.121	1965.416	1981.169	95925	0	199
2023.11.21	1981.155	2007.486	1980.709	1999.339	102311	0	199
2023.11.22	1999.338	2006.404	1986.851	1990.506	92517	0	199
2023.11.23	1990.515	1998.561	1989.762	1993.984	58345	0	199
2023.11.24	1994.072	2003.621	1991.463	2002.188	69441	0	199
2023.11.26	2000.897	2002.978	2000.484	2002.250	2307	0	357
2023.11.27	2002.364	2018.187	2001.789	2015.215	99696	0	199
2023.11.28	2015.217	2044.573	2011.387	2044.406	94598	0	199
2023.11.29	2044.426	2052.030	2035.228	2044.643	109426	0	199
2023.11.30	2044.640	2047.262	2031.277	2039.918	101395	0	199
2023.12.01	2040.075	2075.271	2033.825	2071.554	107645	0	199
2023.12.03	2074.106	2144.462	2071.635	2117.509	17109	0	381
2023.12.04	2117.880	2120.648	2019.986	2034.087	189526	0	199
2023.12.05	2033.931	2041.170	2009.744	2018.903	134394	0	199
2023.12.06	2018.904	2035.915	2018.683	2027.006	110332	0	199
2023.12.07	2026.977	2039.891	2020.091	2027.916	109396	0	199
2023.12.08	2028.061	2034.005	1994.518	2004.340	127419	0	199
2023.12.10	2005.584	2007.648	2004.547	2007.054	3143	0	199
2023.12.11	2006.993	2007.808	1975.841	1982.960	106017	0	199
2023.12.12	1982.954	1996.656	1977.115	1982.453	104521	0	199
2023.12.13	1982.452	2033.129	1973.033	2032.813	123522	0	199
2023.12.14	2032.858	2047.909	2027.353	2035.553	144898	0	199
2023.12.15	2035.520	2044.909	2015.546	2019.491	116115	0	199
2023.12.17	2019.802	2020.102	2015.891	2017.414	3334	0	199
2023.12.18	2017.413	2033.689	2016.067	2027.604	96927	0	199
2023.12.19	2027.568	2046.964	2021.696	2040.931	97559	0	199
2023.12.20	2040.862	2043.444	2027.387	2032.127	95338	0	199
2023.12.21	2032.103	2055.012	2031.906	2052.778	98431	0	199
2023.12.22	2052.788	2070.619	2046.750	2053.095	106409	0	199
2023.12.25	2057.746	2057.746	2052.916	2054.497	1478	0	1115
2023.12.26	2054.489	2069.044	2053.318	2065.502	59279	0	257
2023.12.27	2065.846	2084.423	2061.468	2079.169	89031	0	199
2023.12.28	2079.268	2088.485	2064.456	2066.564	100100	0	199
2023.12.29	2066.602	2074.729	2058.095	2062.838	93900	0	199
2024.01.01	2064.593	2066.095	2062.645	2063.543	1996	0	377
2024.01.02	2063.347	2078.877	2056.097	2059.476	101317	0	199
2024.01.03	2059.448	2065.982	2030.522	2042.666	120878	0	199
2024.01.04	2042.657	2050.958	2036.174	2043.865	97170	0	199
2024.01.05	2043.917	2063.987	2024.318	2045.479	128616	0	199
2024.01.07	2044.636	2045.575	2042.902	2044.208	2618	0	199
2024.01.08	2044.212	2046.584	2016.674	2030.439	115825	0	199
2024.01.09	2030.411	2042.004	2026.021	2030.401	108730	0	199
2024.01.10	2030.403	2040.263	2020.353	2026.358	102587	0	199
2024.01.11	2026.413	2047.858	2013.209	2034.954	134615	0	199
2024.01.12	2035.011	2062.267	2030.010	2049.032	120744	0	199
2024.01.14	2048.130	2048.705	2046.293	2047.587	2658	0	200
2024.01.15	2047.652	2058.626	2045.764	2053.841	73425	0	199
2024.01.16	2053.997	2054.508	2024.188	2027.826	127344	0	199
2024.01.17	2028.100	2032.935	2001.739	2009.243	121507	0	199
2024.01.18	2009.261	2024.232	2005.717	2023.423	100400	0	199
2024.01.19	2023.523	2039.232	2020.310	2029.452	91501	0	199
2024.01.21	2028.529	2028.563	2026.853	2027.504	2793	0	199
2024.01.22	2027.490	2032.074	2016.399	2020.552	95498	0	199
2024.01.23	2020.554	2037.908	2019.559	2029.137	96050	0	199
2024.01.24	2029.003	2036.630	2011.138	2016.101	105233	0	199
2024.01.25	2015.977	2025.241	2009.497	2020.248	98772	0	199
2024.01.26	2020.356	2026.819	2015.854	2018.469	84398	0	199
2024.01.28	2023.424	2028.601	2021.187	2021.831	5023	0	199
2024.01.29	2021.832	2037.561	2019.277	2030.730	89994	0	199
2024.01.30	2030.962	2048.556	2029.024	2036.231	98555	0	199
2024.01.31	2036.400	2055.969	2030.825	2039.784	126185	0	199
2024.02.01	2039.897	2065.458	2029.913	2054.627	120371	0	199
2024.02.02	2054.638	2057.623	2027.741	2039.607	109100	0	199
2024.02.04	2041.781	2042.218	2039.070	2039.716	3246	0	199
2024.02.05	2039.298	2039.822	2014.821	2024.859	98329	0	199
2024.02.06	2024.810	2038.880	2022.832	2035.069	89957	0	199
2024.02.07	2035.115	2044.527	2030.522	2036.227	83878	0	199
2024.02.08	2036.221	2038.726	2020.117	2034.123	89591	0	199
2024.02.09	2033.939	2037.174	2020.192	2024.192	82273	0	199
2024.02.11	2026.346	2026.706	2024.400	2025.264	2177	0	199
2024.02.12	2025.415	2027.540	2011.854	2018.650	77495	0	199
2024.02.13	2018.599	2032.537	1989.965	1991.193	99036	0	199
2024.02.14	1991.332	1996.039	1984.121	1993.453	91477	0	199
2024.02.15	1993.441	2008.222	1990.163	2003.157	87811	0	199
2024.02.16	2003.099	2015.127	1995.071	2013.269	89416	0	199
2024.02.18	2012.706	2019.066	1997.784	2010.606	4245	0	199
2024.02.19	2012.796	2022.957	2009.190	2016.206	63395	0	199
2024.02.20	2015.981	2030.875	2014.955	2024.128	80341	0	199
2024.02.21	2024.048	2032.250	2019.999	2025.568	82602	0	199
2024.02.22	2025.483	2034.833	2019.547	2024.677	88924	0	199
2024.02.23	2024.524	2041.344	2015.981	2035.524	84840	0	199
2024.02.25	2033.240	2034.940	2033.179	2034.224	2095	0	200
2024.02.26	2033.996	2037.020	2025.015	2031.073	80010	0	199
2024.02.27	2030.986	2039.471	2028.678	2030.090	76563	0	199
2024.02.28	2029.968	2037.925	2024.467	2034.303	77437	0	199
2024.02.29	2034.378	2050.683	2028.057	2043.981	88630	0	199
2024.03.01	2044.051	2088.310	2039.039	2083.315	98741	0	199
2024.03.03	2082.522	2086.146	2082.522	2083.440	2888	0	199
2024.03.04	2083.591	2119.885	2079.413	2114.480	99674	0	199
2024.03.05	2114.340	2141.881	2110.402	2128.162	124514	0	199
2024.03.06	2127.777	2152.234	2123.604	2147.192	119453	0	199
2024.03.07	2146.851	2164.753	2144.185	2161.465	123494	0	199
2024.03.08	2161.641	2195.153	2153.954	2178.502	136770	0	199
2024.03.10	2179.559	2183.825	2177.114	2181.567	5740	0	199
2024.03.11	2181.592	2189.012	2174.633	2183.552	102736	0	199
2024.03.12	2183.551	2184.484	2150.467	2156.915	130620	0	199
2024.03.13	2156.907	2179.800	2156.527	2175.361	101944	0	199
2024.03.14	2175.448	2176.978	2152.649	2161.620	105654	0	199
2024.03.15	2161.698	2172.712	2155.092	2155.698	95261	0	199
2024.03.17	2153.279	2156.533	2153.080	2156.517	5006	0	199
2024.03.18	2156.473	2163.613	2146.062	2161.650	93184	0	199
2024.03.19	2162.053	2162.838	2147.154	2157.009	96887	0	199
2024.03.20	2157.054	2211.005	2149.544	2203.501	130152	0	199
2024.03.21	2203.971	2212.563	2166.296	2181.491	141804	0	199
2024.03.22	2181.676	2186.042	2156.982	2165.338	111808	0	199
2024.03.24	2166.313	2168.893	2165.060	2168.337	5634	0	199
2024.03.25	2168.318	2181.267	2163.412	2172.878	102858	0	199
2024.03.26	2172.884	2200.050	2167.576	2179.466	109272	0	199
2024.03.27	2179.463	2197.586	2173.105	2190.969	107709	0	199
2024.03.28	2190.723	2236.293	2187.306	2232.580	123596	0	199
2024.03.31	2239.644	2247.340	2235.570	2244.928	10517	0	299
2024.04.01	2245.959	2265.678	2228.472	2248.936	128952	0	199
2024.04.02	2248.963	2288.254	2246.634	2280.206	151227	0	199
2024.04.03	2279.885	2302.445	2265.347	2297.448	153531	0	199
2024.04.04	2297.500	2305.543	2279.817	2288.891	143397	0	199
2024.04.05	2288.691	2330.526	2267.751	2329.355	173347	0	199
2024.04.07	2327.315	2328.564	2304.031	2311.647	19547	0	199
2024.04.08	2311.297	2354.140	2302.862	2338.788	231219	0	199
2024.04.09	2338.784	2365.340	2337.769	2354.776	184188	0	199
2024.04.10	2354.899	2360.079	2319.215	2335.429	228175	0	199
2024.04.11	2335.489	2379.358	2325.627	2377.000	178645	0	199
2024.04.12	2376.787	2431.527	2333.793	2344.382	305391	0	199
2024.04.14	2369.105	2371.920	2346.756	2364.486	11726	0	199
2024.04.15	2364.446	2392.036	2324.101	2381.835	250409	0	199
2024.04.16	2381.895	2398.280	2362.955	2382.843	237457	0	199
2024.04.17	2382.703	2395.580	2354.548	2367.838	194992	0	199
2024.04.18	2367.837	2392.805	2364.016	2380.003	167990	0	199
2024.04.19	2379.867	2417.893	2372.761	2390.677	255514	0	199
2024.04.21	2384.011	2388.589	2381.869	2386.483	9777	0	199
2024.04.22	2386.506	2386.506	2324.497	2333.738	188970	0	199
2024.04.23	2333.716	2334.376	2291.321	2323.210	218334	0	199
2024.04.24	2323.226	2337.354	2311.704	2316.219	155005	0	199
2024.04.25	2316.223	2344.872	2304.861	2330.621	173990	0	199
2024.04.26	2330.617	2352.555	2326.219	2337.792	141826	0	199
2024.04.28	2333.884	2336.829	2332.473	2335.985	6393	0	199
2024.04.29	2335.937	2346.706	2319.802	2333.173	153370	0	199
2024.04.30	2333.178	2336.113	2284.967	2291.244	156474	0	199
2024.05.01	2291.256	2328.288	2281.544	2323.809	178119	0	199
2024.05.02	2323.848	2326.470	2285.392	2304.247	147739	0	199
2024.05.03	2304.243	2320.712	2277.069	2301.627	171398	0	199
2024.05.05	2302.321	2303.288	2293.265	2293.968	7228	0	199
2024.05.06	2293.929	2332.091	2291.774	2325.943	148685	0	199
2024.05.07	2325.955	2329.925	2309.900	2315.119	116979	0	199
2024.05.08	2315.167	2321.336	2303.584	2308.740	124436	0	199
2024.05.09	2308.733	2348.325	2306.455	2346.517	132166	0	199
2024.05.10	2346.560	2378.509	2345.925	2360.449	146644	0	199
2024.05.12	2361.401	2363.088	2359.722	2360.411	5289	0	199
2024.05.13	2360.447	2364.488	2332.029	2338.408	128874	0	199
2024.05.14	2338.390	2359.615	2334.734	2355.772	131530	0	199
2024.05.15	2355.771	2391.910	2351.746	2391.769	158873	0	199
2024.05.16	2391.764	2397.355	2370.885	2377.726	139595	0	199
2024.05.17	2377.720	2422.736	2373.931	2413.933	137649	0	199
2024.05.19	2425.202	2425.202	2416.731	2420.194	10237	0	199
2024.05.20	2420.206	2450.025	2407.265	2426.133	207912	0	199
2024.05.21	2426.135	2433.943	2406.037	2421.654	171435	0	199
2024.05.22	2421.659	2426.539	2374.935	2382.124	169610	0	199
2024.05.23	2382.155	2383.686	2326.845	2332.012	191549	0	199
2024.05.24	2332.015	2347.385	2325.351	2333.781	122212	0	199
2024.05.26	2335.785	2340.678	2332.184	2337.175	6784	0	199
2024.05.27	2337.186	2358.486	2334.360	2352.373	95166	0	199
2024.05.28	2352.412	2364.078	2340.233	2359.685	145779	0	199
2024.05.29	2359.650	2361.361	2334.482	2338.364	130690	0	199
2024.05.30	2338.378	2351.847	2322.527	2343.907	155397	0	199
2024.05.31	2343.921	2359.724	2320.529	2327.191	154044	0	199
2024.06.02	2328.496	2328.760	2323.339	2325.937	6618	0	199
2024.06.03	2325.967	2354.746	2314.667	2350.629	144085	0	199
2024.06.04	2350.641	2352.798	2315.520	2328.786	147367	0	199
2024.06.05	2328.790	2357.530	2325.827	2355.012	136398	0	199
2024.06.06	2355.008	2378.522	2353.345	2376.730	137864	0	199
2024.06.07	2376.735	2387.696	2286.726	2293.801	196637	0	199
2024.06.09	2290.431	2300.041	2290.380	2298.479	7170	0	199
2024.06.10	2298.480	2313.761	2287.707	2309.947	120006	0	199
2024.06.11	2309.929	2319.950	2297.625	2315.071	132115	0	199
2024.06.12	2315.056	2341.624	2310.675	2320.550	172586	0	199
2024.06.13	2320.569	2326.755	2295.463	2302.336	145903	0	199
2024.06.14	2302.383	2336.560	2301.499	2332.826	127362	0	199
2024.06.16	2331.087	2331.482	2327.411	2328.874	4381	0	199
2024.06.17	2328.918	2328.948	2309.952	2320.645	110275	0	199
2024.06.18	2320.634	2333.080	2306.502	2328.255	119928	0	199
2024.06.19	2328.272	2334.963	2323.640	2329.342	73424	0	199
2024.06.20	2329.351	2365.500	2327.740	2360.747	126603	0	199
2024.06.21	2360.764	2368.742	2316.655	2321.503	135484	0	199
2024.06.23	2321.110	2322.193	2317.683	2319.184	5097	0	199
2024.06.24	2319.170	2334.635	2317.866	2330.876	109949	0	199
2024.06.25	2330.869	2337.086	2315.436	2320.028	117114	0	199
2024.06.26	2319.977	2323.896	2293.524	2298.401	129569	0	199
2024.06.27	2298.412	2330.936	2296.429	2327.720	116268	0	199
2024.06.28	2327.663	2339.809	2318.988	2326.638	115805	0	199
2024.06.30	2322.849	2326.157	2322.838	2324.933	4764	0	199
2024.07.01	2324.952	2338.472	2318.442	2332.222	114497	0	199
2024.07.02	2332.216	2336.780	2319.004	2330.180	111887	0	199
2024.07.03	2330.177	2364.926	2326.819	2358.699	118479	0	199
2024.07.04	2358.721	2362.533	2350.364	2356.721	72008	0	199
2024.07.05	2356.753	2392.929	2347.403	2391.557	127400	0	199
2024.07.07	2389.586	2390.178	2384.767	2386.117	5353	0	199
2024.07.08	2386.065	2391.085	2350.975	2361.710	121976	0	199
2024.07.09	2361.738	2371.573	2349.312	2364.966	122001	0	199
2024.07.10	2364.944	2386.696	2363.304	2372.852	101987	0	199
2024.07.11	2372.832	2424.538	2371.391	2415.857	157029	0	199
2024.07.12	2415.851	2418.241	2391.378	2411.399	121729	0	199
2024.07.14	2411.618	2412.238	2405.677	2408.657	6531	0	179
2024.07.15	2408.659	2439.761	2401.296	2422.496	131657	0	162
2024.07.16	2422.482	2469.967	2419.914	2468.278	147738	0	179
2024.07.17	2468.268	2483.753	2451.407	2461.296	180181	0	179
2024.07.18	2461.334	2474.966	2440.226	2441.250	145073	0	179
2024.07.19	2441.292	2441.343	2393.727	2400.451	172483	0	179
2024.07.21	2403.680	2411.931	2402.487	2411.528	7264	0	179
2024.07.22	2411.496	2412.188	2383.797	2395.783	141350	0	179
2024.07.23	2395.750	2411.984	2388.182	2408.513	129674	0	179
2024.07.24	2408.558	2431.954	2393.060	2398.669	151335	0	179
2024.07.25	2398.720	2399.985	2353.081	2363.801	219779	0	179
2024.07.26	2363.849	2390.799	2355.842	2387.114	141511	0	179
2024.07.28	2387.944	2403.181	2387.853	2397.091	11163	0	179
2024.07.29	2397.055	2402.488	2369.495	2381.143	146832	0	179
2024.07.30	2381.186	2412.878	2376.471	2409.807	149628	0	179
2024.07.31	2409.810	2450.951	2403.877	2445.743	174507	0	179
2024.08.01	2445.725	2462.302	2430.120	2445.844	204196	0	179
2024.08.02	2445.886	2477.704	2410.794	2441.892	265481	0	179
2024.08.04	2441.020	2446.317	2437.915	2440.952	13269	0	179
2024.08.05	2440.984	2458.836	2364.234	2404.837	361706	0	179
2024.08.06	2404.865	2418.371	2381.404	2383.788	233525	0	179
2024.08.07	2383.723	2407.059	2378.931	2384.791	182174	0	179
2024.08.08	2384.835	2427.818	2383.283	2424.595	181457	0	179
2024.08.09	2424.519	2437.055	2416.829	2430.805	144977	0	179
2024.08.11	2428.332	2433.240	2427.262	2427.927	6495	0	179
2024.08.12	2427.928	2476.033	2423.825	2475.536	134699	0	169
2024.08.13	2475.580	2476.963	2458.493	2464.060	143640	0	169
2024.08.14	2464.104	2480.064	2437.995	2449.408	195917	0	169
2024.08.15	2449.396	2470.095	2432.094	2457.298	189667	0	169
2024.08.16	2457.309	2509.783	2450.700	2507.820	159247	0	169
2024.08.18	2506.461	2506.778	2502.271	2506.414	7373	0	179
2024.08.19	2506.420	2507.482	2485.614	2503.544	149199	0	179
2024.08.20	2503.554	2531.668	2497.283	2512.964	163237	0	179
2024.08.21	2512.976	2519.942	2493.644	2512.783	157334	0	179
2024.08.22	2512.732	2514.701	2470.801	2487.564	159974	0	179
2024.08.23	2487.574	2518.350	2486.469	2512.357	157860	0	179
2024.08.25	2512.067	2516.683	2511.068	2515.917	7415	0	159
2024.08.26	2515.903	2527.009	2508.646	2515.511	146695	0	159
2024.08.27	2515.512	2529.043	2503.436	2525.269	154887	0	159
2024.08.28	2525.223	2525.813	2493.498	2508.110	147497	0	159
2024.08.29	2508.080	2528.669	2503.558	2519.613	155156	0	159
2024.08.30	2519.600	2526.914	2494.086	2503.342	168182	0	159
2024.09.01	2502.485	2504.760	2501.942	2502.980	5448	0	159
2024.09.02	2502.983	2507.310	2489.977	2497.242	100349	0	159
2024.09.03	2497.247	2506.247	2473.282	2493.223	190324	0	159
2024.09.04	2493.200	2500.266	2471.826	2495.829	165815	0	159
2024.09.05	2495.827	2523.574	2493.759	2517.282	168583	0	159
2024.09.06	2517.277	2529.232	2485.064	2497.555	235079	0	159
2024.09.08	2497.038	2498.276	2495.507	2496.869	6151	0	159
2024.09.09	2496.871	2507.701	2485.503	2506.813	160939	0	159
2024.09.10	2506.815	2518.849	2500.052	2518.678	148984	0	159
2024.09.11	2518.638	2529.086	2500.844	2511.893	193427	0	159
2024.09.12	2511.901	2560.091	2510.973	2558.422	193082	0	159
2024.09.13	2558.419	2586.120	2556.780	2579.067	172961	0	159
2024.09.15	2578.456	2580.454	2577.582	2579.163	7257	0	159
2024.09.16	2579.170	2589.651	2575.285	2583.659	139447	0	159
2024.09.17	2583.683	2586.956	2560.661	2574.050	164883	0	159
2024.09.18	2574.019	2600.138	2546.828	2559.239	254151	0	159
2024.09.19	2559.239	2594.963	2550.894	2587.282	209003	0	159
2024.09.20	2587.254	2625.754	2584.714	2622.098	185221	0	159
2024.09.22	2620.944	2622.119	2619.630	2620.234	5589	0	160
2024.09.23	2620.202	2634.881	2613.799	2626.300	161989	0	159
2024.09.24	2626.295	2664.366	2622.524	2658.204	201346	0	159
2024.09.25	2658.163	2670.629	2649.566	2656.240	188275	0	159
2024.09.26	2656.359	2685.611	2654.717	2672.601	223870	0	159
2024.09.27	2672.610	2674.269	2642.994	2657.983	209370	0	159
2024.09.29	2661.714	2665.106	2659.762	2663.543	9820	0	159
2024.09.30	2663.580	2666.069	2624.679	2635.634	202799	0	159
2024.10.01	2635.660	2673.222	2633.911	2660.361	202201	0	159
2024.10.02	2660.390	2663.387	2641.038	2660.328	170820	0	159
2024.10.03	2660.299	2662.968	2637.964	2655.804	184387	0	159
2024.10.04	2655.800	2670.167	2632.031	2653.519	203717	0	159
2024.10.06	2651.575	2652.397	2649.675	2650.158	6824	0	159
2024.10.07	2650.103	2659.613	2637.728	2642.944	173705	0	159
2024.10.08	2642.962	2653.012	2604.686	2621.868	241960	0	159
2024.10.09	2621.868	2624.321	2605.116	2608.476	175159	0	159
2024.10.10	2608.438	2636.019	2602.260	2633.149	198134	0	159
2024.10.11	2633.161	2661.462	2631.952	2656.864	151587	0	159
2024.10.13	2650.086	2652.472	2646.866	2648.091	9810	0	159
2024.10.14	2648.131	2666.838	2643.075	2649.357	155990	0	159
2024.10.15	2649.419	2668.930	2637.975	2660.500	174466	0	159
2024.10.16	2660.498	2685.394	2658.722	2674.087	175429	0	159
2024.10.17	2674.122	2696.788	2673.155	2693.706	191698	0	159
2024.10.18	2693.669	2722.633	2692.730	2721.778	182453	0	159
2024.10.20	2723.092	2725.145	2720.179	2723.416	7432	0	159
2024.10.21	2723.457	2740.552	2714.204	2721.483	211005	0	159
2024.10.22	2721.483	2748.908	2720.633	2746.553	170386	0	159
2024.10.23	2746.557	2758.508	2708.630	2721.258	211261	0	159
2024.10.24	2721.219	2743.208	2717.752	2733.844	178049	0	159
2024.10.25	2733.885	2747.774	2716.956	2747.023	158893	0	159
2024.10.27	2733.443	2740.176	2730.340	2735.815	12776	0	159
2024.10.28	2735.783	2745.917	2724.631	2744.427	158784	0	159
2024.10.29	2744.379	2775.383	2743.203	2774.915	180567	0	159
2024.10.30	2774.943	2790.075	2770.804	2785.490	176119	0	159
2024.10.31	2785.489	2790.084	2731.515	2746.691	197598	0	159
2024.11.01	2746.672	2762.261	2733.113	2736.690	186424	0	159
2024.11.03	2732.846	2740.334	2732.568	2738.352	5441	0	159
2024.11.04	2738.379	2748.215	2731.742	2736.001	162008	0	159
2024.11.05	2736.046	2749.917	2724.695	2745.707	157445	0	159
2024.11.06	2745.684	2749.681	2652.335	2664.048	373110	0	159
2024.11.07	2664.035	2710.317	2643.217	2706.866	239577	0	159
2024.11.08	2706.870	2710.418	2680.286	2684.758	201048	0	159
2024.11.10	2683.161	2685.650	2681.526	2685.605	3709	0	159
2024.11.11	2685.638	2686.141	2610.530	2624.038	210697	0	159
2024.11.12	2624.026	2627.162	2589.596	2598.956	233934	0	159
2024.11.13	2599.011	2618.841	2569.214	2570.989	226862	0	159
2024.11.14	2571.012	2577.447	2536.755	2566.899	243258	0	159
2024.11.15	2566.888	2576.060	2554.406	2562.969	202809	0	159
2024.11.17	2568.027	2575.523	2568.027	2571.441	5698	0	159
2024.11.18	2571.403	2615.104	2569.866	2612.704	190686	0	159
2024.11.19	2612.731	2639.473	2611.057	2635.166	199480	0	159
2024.11.20	2635.157	2655.433	2618.864	2652.124	172845	0	159
2024.11.21	2652.153	2673.522	2650.325	2669.159	179694	0	159
2024.11.22	2669.127	2715.658	2668.853	2715.573	214300	0	159
2024.11.24	2711.186	2721.405	2710.748	2719.756	8444	0	159
2024.11.25	2719.727	2720.136	2605.112	2610.461	324790	0	159
2024.11.26	2610.527	2641.993	2608.451	2632.254	231795	0	159
2024.11.27	2632.253	2658.206	2627.017	2637.168	182312	0	159
2024.11.28	2637.063	2649.674	2620.844	2638.767	122238	0	159
2024.11.29	2638.726	2666.383	2633.969	2655.230	154273	0	159
2024.12.01	2649.054	2650.324	2643.053	2645.659	5596	0	159
2024.12.02	2645.756	2651.794	2621.838	2642.211	226417	0	159
2024.12.03	2642.228	2655.665	2634.033	2642.721	183325	0	159
2024.12.04	2642.725	2657.184	2632.330	2650.397	188270	0	159
2024.12.05	2650.404	2655.518	2623.444	2633.713	173691	0	159
2024.12.06	2633.721	2645.733	2612.931	2632.920	204943	0	159
2024.12.08	2642.963	2648.524	2636.316	2640.064	8040	0	159
2024.12.09	2640.064	2676.445	2627.461	2660.449	196964	0	159
2024.12.10	2660.489	2698.378	2657.958	2695.986	180768	0	159
2024.12.11	2695.911	2721.052	2675.566	2719.922	185204	0	145
2024.12.12	2719.984	2726.206	2675.077	2680.623	73750	0	159
2024.12.13	2680.617	2692.778	2646.046	2648.392	70310	0	159
2024.12.15	2649.414	2653.127	2648.793	2651.479	1933	0	159
2024.12.16	2651.484	2664.447	2643.523	2651.744	118333	0	80
2024.12.17	2651.762	2658.639	2632.966	2647.378	161372	0	159
2024.12.18	2647.365	2651.746	2583.390	2588.225	184676	0	159
2024.12.19	2588.256	2626.430	2586.951	2593.519	208767	0	159
2024.12.20	2593.496	2631.875	2589.593	2622.643	178657	0	64
2024.12.22	2623.329	2624.907	2621.731	2624.293	1858	0	159
2024.12.23	2624.399	2633.259	2608.117	2615.492	123872	0	64
2024.12.24	2615.546	2621.472	2610.019	2616.713	100839	0	159
2024.12.25	2615.621	2620.115	2615.371	2618.656	2409	0	160
2024.12.26	2618.647	2639.177	2618.611	2632.684	118078	0	159
2024.12.27	2632.689	2638.314	2611.579	2621.623	135559	0	159
2024.12.29	2621.977	2626.159	2621.632	2624.035	4005	0	159
2024.12.30	2624.080	2628.111	2596.070	2606.677	141329	0	159
2024.12.31	2606.717	2627.541	2602.591	2624.381	122278	0	159
2025.01.01	2625.179	2625.839	2621.668	2623.766	3104	0	159
2025.01.02	2623.798	2660.463	2622.754	2658.327	161278	0	159
2025.01.03	2658.328	2665.253	2636.623	2640.370	133478	0	159
2025.01.05	2639.644	2642.398	2639.644	2641.063	3236	0	160
2025.01.06	2641.098	2649.515	2614.419	2634.676	194790	0	159
2025.01.07	2634.625	2664.264	2632.918	2649.807	170818	0	159
2025.01.08	2649.817	2670.053	2645.202	2662.507	162497	0	159
2025.01.09	2662.526	2678.333	2655.437	2669.951	135964	0	159
2025.01.10	2669.958	2698.026	2663.994	2689.589	273893	0	159
2025.01.12	2689.769	2691.373	2687.578	2691.105	5107	0	159
2025.01.13	2691.128	2693.368	2656.768	2668.058	263602	0	159
2025.01.14	2667.976	2678.277	2659.802	2675.589	201655	0	159
2025.01.15	2675.580	2697.970	2669.391	2694.963	219196	0	159
2025.01.16	2694.980	2724.740	2689.907	2714.578	239928	0	159
2025.01.17	2714.624	2717.346	2699.242	2702.879	165131	0	159
2025.01.19	2702.629	2703.084	2691.530	2696.424	4805	0	160
2025.01.20	2696.424	2713.766	2689.355	2710.445	143542	0	159
2025.01.21	2710.433	2745.963	2702.797	2744.259	169686	0	159
2025.01.22	2744.309	2763.457	2742.713	2755.583	221043	0	159
2025.01.23	2755.563	2758.966	2735.770	2754.543	234977	0	159
2025.01.24	2754.546	2786.013	2754.329	2771.079	222071	0	159
2025.01.26	2765.650	2769.721	2765.185	2767.553	8225	0	159
2025.01.27	2767.554	2772.541	2730.452	2741.710	279620	0	159
2025.01.28	2741.743	2765.069	2734.762	2762.704	205237	0	159
2025.01.29	2762.701	2766.271	2744.744	2760.307	226740	0	159
2025.01.30	2760.243	2798.505	2758.633	2796.146	234513	0	159
2025.01.31	2796.183	2817.244	2791.025	2799.348	293609	0	159
2025.02.02	2801.018	2804.653	2784.271	2793.709	36924	0	159
2025.02.03	2793.726	2830.586	2772.152	2814.023	393132	0	159
2025.02.04	2813.985	2845.504	2807.200	2841.206	312957	0	159
2025.02.05	2841.260	2882.425	2839.691	2869.279	291059	0	159
2025.02.06	2869.272	2873.327	2834.055	2858.000	290629	0	159
2025.02.07	2857.994	2886.751	2852.442	2861.006	274030	0	159
2025.02.09	2861.269	2870.590	2860.136	2867.495	7916	0	159
2025.02.10	2867.539	2921.675	2865.830	2917.847	259221	0	159
2025.02.11	2917.894	2942.682	2881.751	2898.536	361092	0	159
2025.02.12	2898.562	2909.267	2864.146	2905.781	269383	0	159
2025.02.13	2905.756	2932.484	2901.437	2931.217	227983	0	159
2025.02.14	2931.192	2940.005	2876.991	2882.772	290194	0	159
2025.02.16	2893.643	2894.034	2878.430	2879.221	16152	0	159
2025.02.17	2879.254	2906.455	2879.254	2899.373	177663	0	159
2025.02.18	2899.325	2936.994	2892.003	2934.061	170586	0	159
2025.02.19	2934.059	2947.041	2918.524	2935.384	200684	0	159
2025.02.20	2935.386	2954.975	2924.114	2941.530	198806	0	159
2025.02.21	2941.570	2949.748	2916.682	2936.453	205639	0	159
2025.02.23	2939.411	2940.533	2936.498	2936.867	6014	0	159
2025.02.24	2936.863	2956.229	2921.316	2949.996	209805	0	159
2025.02.25	2949.957	2952.552	2888.229	2918.604	244670	0	159
2025.02.26	2918.631	2930.162	2890.669	2919.118	192380	0	159
2025.02.27	2919.176	2919.176	2867.721	2876.063	265930	0	159
2025.02.28	2876.069	2885.034	2832.578	2858.242	244460	0	159
2025.03.02	2873.556	2876.984	2863.968	2870.799	13996	0	159
2025.03.03	2870.866	2895.267	2858.830	2890.886	205259	0	159
2025.03.04	2890.863	2927.891	2881.878	2914.363	222939	0	159
2025.03.05	2914.362	2930.042	2894.303	2918.236	264742	0	159
2025.03.06	2918.237	2926.584	2891.159	2910.354	232898	0	159
2025.03.07	2910.298	2930.525	2896.669	2911.256	272763	0	159
2025.03.09	2912.347	2917.025	2909.608	2916.189	10291	0	159
2025.03.10	2916.190	2918.312	2880.166	2884.685	259858	0	159
2025.03.11	2884.724	2922.262	2880.121	2915.551	190961	0	159
2025.03.12	2915.589	2940.617	2905.970	2938.039	201906	0	159
2025.03.13	2938.025	2989.943	2932.920	2986.435	207919	0	159
2025.03.14	2986.473	3004.918	2978.396	2986.370	200186	0	159
2025.03.16	2987.601	2994.118	2986.054	2990.061	7871	0	159
2025.03.17	2989.965	3002.783	2982.158	2999.831	149580	0	159
2025.03.18	2999.803	3038.334	2999.490	3031.774	178183	0	159
2025.03.19	3031.801	3051.982	3022.738	3050.026	176851	0	159
2025.03.20	3050.023	3057.484	3025.635	3046.409	193229	0	159
2025.03.21	3046.335	3047.435	2999.385	3023.493	193592	0	159
2025.03.23	3023.441	3026.331	3022.143	3024.721	6789	0	159
2025.03.24	3024.709	3033.208	3002.466	3009.910	176511	0	159
2025.03.25	3009.945	3035.987	3007.507	3021.041	148157	0	159
2025.03.26	3021.037	3032.042	3012.325	3021.623	154149	0	159
2025.03.27	3021.563	3059.885	3021.522	3055.710	208968	0	159
2025.03.28	3055.726	3086.759	3054.993	3085.002	213801	0	159
2025.03.30	3092.531	3097.861	3087.793	3089.213	13212	0	159
2025.03.31	3089.159	3128.165	3076.841	3120.581	276572	0	159
2025.04.01	3120.561	3149.059	3100.761	3115.168	272404	0	159
2025.04.02	3115.160	3167.792	3104.742	3162.712	319396	0	159
2025.04.03	3162.550	3164.812	3054.052	3112.884	498046	0	159
2025.04.04	3112.908	3136.756	3015.593	3038.506	516507	0	159
2025.04.06	3028.686	3032.445	2977.024	2999.944	46371	0	159
2025.04.07	2999.954	3055.804	2956.374	2981.328	685479	0	159
2025.04.08	2981.363	3022.746	2969.978	2978.367	332841	0	159
2025.04.09	2978.398	3099.673	2972.466	3086.784	457847	0	159
2025.04.10	3086.745	3191.341	3078.431	3188.972	358899	0	159
2025.04.11	3188.993	3245.436	3184.783	3237.519	383338	0	159
2025.04.13	3220.460	3224.786	3213.589	3223.733	19664	0	159
2025.04.14	3223.699	3245.757	3193.552	3212.626	265848	0	159
2025.04.15	3212.601	3251.826	3210.002	3251.780	184867	0	159
2025.04.16	3251.804	3357.738	3251.590	3350.133	295419	0	159
2025.04.17	3350.168	3356.316	3283.828	3327.671	308805	0	159
2025.04.20	3331.849	3353.144	3331.312	3348.078	23638	0	159
2025.04.21	3348.119	3444.257	3347.487	3434.548	296443	0	159
2025.04.22	3434.524	3500.033	3315.828	3336.561	546947	0	159
2025.04.23	3336.607	3386.643	3260.042	3316.384	494581	0	159
2025.04.24	3316.351	3370.789	3306.739	3348.976	350479	0	159
2025.04.25	3348.948	3363.157	3265.000	3318.798	320956	0	159
2025.04.27	3325.640	3330.215	3298.606	3302.739	25677	0	159
2025.04.28	3302.745	3353.006	3268.048	3337.682	306758	0	159
2025.04.29	3337.643	3340.061	3299.649	3317.122	257267	0	159
2025.04.30	3317.122	3327.982	3266.901	3272.887	297418	0	159
2025.05.01	3272.922	3276.329	3201.862	3237.253	318452	0	159
2025.05.02	3237.291	3269.242	3222.721	3240.947	280155	0	159
2025.05.04	3238.490	3252.300	3237.562	3247.922	17230	0	159
2025.05.05	3247.969	3338.019	3241.180	3334.031	263107	0	159
2025.05.06	3334.038	3435.016	3323.139	3400.680	375689	0	159
2025.05.07	3400.723	3401.666	3360.068	3376.488	356702	0	159
2025.05.08	3376.515	3414.851	3288.697	3316.412	386854	0	159
2025.05.09	3316.448	3347.556	3274.664	3326.805	269780	0	159
2025.05.11	3282.255	3292.600	3265.847	3287.561	32302	0	159
2025.05.12	3287.506	3290.026	3207.693	3236.858	398375	0	159
2025.05.13	3236.906	3265.659	3215.880	3254.410	262784	0	159
2025.05.14	3254.388	3254.658	3167.933	3186.127	311954	0	159
2025.05.15	3186.011	3252.105	3120.650	3237.150	310528	0	159
2025.05.16	3237.175	3244.613	3154.289	3202.217	312821	0	159
2025.05.18	3214.226	3245.252	3211.713	3234.910	28622	0	159
2025.05.19	3234.947	3249.812	3206.584	3222.532	266776	0	159
2025.05.20	3222.561	3304.072	3204.521	3290.695	274582	0	159
2025.05.21	3290.734	3324.897	3285.420	3320.085	284144	0	159
2025.05.22	3320.121	3345.472	3279.252	3300.146	302622	0	159
2025.05.23	3300.172	3365.925	3286.942	3356.275	303157	0	159
2025.05.25	3352.095	3352.480	3341.363	3342.691	22866	0	159
2025.05.26	3342.658	3356.859	3323.485	3346.139	165167	0	159
2025.05.27	3346.182	3350.029	3285.089	3309.435	249212	0	159
2025.05.28	3309.431	3325.529	3250.273	3259.895	245214	0	159
2025.05.29	3259.921	3331.225	3245.439	3315.503	268168	0	159
2025.05.30	3315.498	3322.742	3271.526	3289.665	264312	0	159
2025.06.01	3303.113	3316.742	3299.873	3310.255	17004	0	159
2025.06.02	3310.213	3392.238	3301.409	3387.456	234376	0	159
2025.06.03	3387.407	3388.687	3333.053	3359.996	224717	0	159
2025.06.04	3359.943	3384.709	3343.720	3378.042	217755	0	159
2025.06.05	3378.099	3403.592	3339.370	3361.810	318916	0	159
2025.06.06	3361.867	3375.685	3307.053	3311.702	266424	0	159
2025.06.08	3317.819	3321.215	3309.240	3318.038	14524	0	159
2025.06.09	3318.082	3338.240	3293.428	3326.766	199789	0	159
2025.06.10	3326.809	3349.153	3301.917	3327.862	227983	0	159
2025.06.11	3327.936	3373.534	3319.220	3365.376	271068	0	159
2025.06.12	3365.405	3399.045	3338.536	3395.882	279770	0	160
2025.06.13	3395.837	3446.819	3391.693	3433.449	340673	0	160
2025.06.15	3440.955	3451.251	3438.591	3444.141	24939	0	160
2025.06.16	3444.166	3451.224	3382.725	3402.769	275404	0	160
2025.06.17	3402.815	3403.256	3366.079	3387.392	266997	0	160
2025.06.18	3387.295	3400.011	3362.474	3375.023	245185	0	160
2025.06.19	3375.042	3387.968	3347.456	3368.739	184349	0	160
2025.06.20	3368.763	3374.477	3340.345	3368.546	185394	0	160
2025.06.22	3384.117	3388.960	3371.173	3372.755	26322	0	160
2025.06.23	3372.776	3393.565	3341.462	3344.235	254762	0	160
2025.06.24	3344.270	3357.912	3295.339	3324.142	255798	0	160
2025.06.25	3324.139	3340.158	3311.894	3339.028	159568	0	160
2025.06.26	3338.987	3350.370	3309.947	3318.758	197557	0	160
2025.06.27	3318.767	3322.012	3255.821	3274.526	241458	0	160
2025.06.29	3272.488	3274.249	3247.921	3263.806	27905	0	160
2025.06.30	3263.775	3314.602	3259.456	3312.441	184665	0	160
2025.07.01	3312.493	3358.015	3309.917	3338.152	187379	0	160
2025.07.02	3338.186	3365.726	3327.587	3349.395	176065	0	160
2025.07.03	3349.420	3363.677	3311.535	3330.871	180084	0	160
2025.07.04	3330.875	3345.127	3325.867	3334.998	96870	0	160
2025.07.06	3341.408	3341.918	3326.187	3328.853	11990	0	160
2025.07.07	3328.830	3345.823	3296.296	3334.653	206084	0	160
2025.07.08	3334.697	3339.500	3287.023	3302.277	195762	0	160
2025.07.09	3302.322	3321.176	3282.656	3317.640	178736	0	160
2025.07.10	3317.559	3330.318	3310.017	3323.808	159006	0	160
2025.07.11	3323.764	3368.736	3323.638	3355.105	186920	0	160
2025.07.13	3361.295	3374.017	3359.658	3367.772	17883	0	160
2025.07.14	3367.731	3375.078	3340.954	3345.337	170089	0	160
2025.07.15	3345.299	3366.356	3320.218	3331.056	176919	0	160
2025.07.16	3331.092	3377.523	3319.529	3346.526	240545	0	160
2025.07.17	3346.556	3347.405	3309.883	3340.139	165134	0	160
2025.07.18	3340.176	3361.236	3331.801	3350.395	137554	0	160
2025.07.20	3348.767	3350.115	3345.015	3349.128	7784	0	160
2025.07.21	3349.168	3402.783	3347.656	3396.532	159225	0	160
2025.07.22	3396.540	3433.507	3383.240	3427.458	182031	0	160
2025.07.23	3427.433	3438.980	3381.402	3390.008	207467	0	160
2025.07.24	3390.060	3393.438	3351.315	3369.419	177156	0	160
2025.07.25	3369.422	3373.578	3324.928	3336.826	151270	0	160
2025.07.27	3329.144	3337.465	3323.817	3333.683	15938	0	160
2025.07.28	3333.675	3345.352	3301.770	3312.468	173251	0	160
2025.07.29	3312.485	3334.142	3307.843	3327.531	171987	0	160
2025.07.30	3327.568	3334.025	3268.034	3285.303	217598	0	160
2025.07.31	3285.257	3314.830	3282.802	3288.651	190098	0	160
2025.08.01	3288.607	3363.566	3281.566	3363.119	223306	0	160
2025.08.03	3364.339	3364.563	3354.526	3361.957	12387	0	160
2025.08.04	3361.990	3385.353	3345.006	3377.407	153143	0	160
2025.08.05	3377.383	3390.402	3349.803	3383.151	149177	0	160
2025.08.06	3383.221	3385.340	3358.091	3370.155	144884	0	160
2025.08.07	3370.205	3408.990	3365.222	3400.470	258010	0	160
2025.08.08	3400.432	3404.271	3376.445	3398.564	357973	0	160
2025.08.10	3400.578	3401.819	3390.292	3391.548	14057	0	160
2025.08.11	3391.592	3391.639	3341.273	3349.027	216182	0	160
2025.08.12	3349.010	3359.254	3331.080	3350.570	206790	0	160
2025.08.13	3350.580	3370.735	3342.678	3362.702	143328	0	160
2025.08.14	3362.748	3374.859	3329.766	3335.551	190587	0	160
2025.08.15	3335.580	3348.747	3332.372	3335.213	137351	0	160
2025.08.17	3334.569	3335.381	3323.503	3327.087	10050	0	160
2025.08.18	3327.080	3358.417	3326.773	3330.978	131690	0	160
2025.08.19	3330.990	3345.328	3312.771	3314.231	143010	0	160
2025.08.20	3314.241	3352.092	3311.476	3346.836	133391	0	160
2025.08.21	3346.906	3348.081	3325.126	3338.411	134213	0	160
2025.08.22	3338.367	3378.869	3321.450	3372.299	158107	0	160
2025.08.24	3368.744	3371.052	3365.862	3368.995	7171	0	160
2025.08.25	3369.080	3376.306	3351.716	3354.854	109315	0	160
2025.08.26	3354.827	3393.583	3351.252	3390.862	161184	0	160
2025.08.27	3390.853	3399.502	3373.698	3395.819	132559	0	160
2025.08.28	3395.762	3423.212	3384.603	3414.819	139350	0	160
2025.08.29	3414.850	3453.924	3404.313	3448.035	137968	0	160
2025.08.31	3445.866	3452.606	3442.459	3447.952	9772	0	160
2025.09.01	3447.912	3489.928	3437.028	3479.211	164603	0	160
2025.09.02	3479.130	3540.094	3470.194	3529.984	247116	0	160
2025.09.03	3530.082	3578.427	3526.781	3560.292	236097	0	160
2025.09.04	3560.341	3563.473	3511.172	3552.540	233708	0	160
2025.09.05	3552.532	3600.076	3544.721	3586.597	237665	0	160
2025.09.07	3591.856	3596.716	3587.112	3591.151	23680	0	160
2025.09.08	3591.173	3646.316	3579.577	3634.992	215946	0	160
2025.09.09	3635.023	3674.523	3623.134	3633.568	271038	0	160
2025.09.10	3633.543	3657.622	3620.180	3644.883	193525	0	160
2025.09.11	3644.916	3649.134	3613.082	3631.842	208776	0	160
2025.09.12	3631.810	3656.620	3630.526	3643.484	160488	0	160
2025.09.14	3644.610	3646.044	3636.772	3638.241	7090	0	160
2025.09.15	3638.237	3685.623	3626.541	3676.965	172811	0	160
2025.09.16	3676.886	3703.088	3674.711	3694.245	180052	0	160
2025.09.17	3694.244	3707.490	3646.097	3669.169	284178	0	160
2025.09.18	3669.131	3673.021	3627.744	3640.239	243036	0	160
2025.09.19	3640.242	3685.203	3632.203	3684.861	189553	0	160
2025.09.21	3687.969	3692.290	3683.776	3686.253	11982	0	160
2025.09.22	3686.263	3749.254	3685.466	3747.763	221402	0	160
2025.09.23	3747.797	3791.084	3736.722	3763.836	278707	0	160
2025.09.24	3763.822	3779.257	3717.427	3742.920	232420	0	160
2025.09.25	3742.990	3761.648	3721.931	3744.717	283982	0	160
2025.09.26	3744.676	3783.850	3734.464	3761.041	234831	0	160
2025.09.28	3764.718	3772.495	3763.347	3766.899	12895	0	160
2025.09.29	3766.858	3834.000	3763.935	3832.835	317889	0	160
2025.09.30	3832.890	3871.700	3793.113	3862.927	357570	0	160
2025.10.01	3862.940	3895.356	3853.334	3863.518	322330	0	160
2025.10.02	3863.475	3897.154	3819.335	3862.410	313970	0	160
2025.10.03	3862.365	3891.669	3838.019	3887.045	266489	0	160
2025.10.05	3888.624	3920.986	3884.034	3909.450	35159	0	160
2025.10.06	3909.487	3976.198	3898.937	3969.514	377678	0	160
2025.10.07	3969.556	3995.936	3940.820	3994.411	347280	0	160
2025.10.08	3994.367	4059.321	3984.478	4011.688	367583	0	160
2025.10.09	4011.706	4057.972	3944.571	3989.932	549749	0	160
2025.10.10	3989.927	4022.825	3946.940	4010.399	516770	0	160
2025.10.12	4014.463	4060.232	4008.645	4035.147	49635	0	160
2025.10.13	4035.195	4132.068	4024.300	4128.045	408153	0	160
2025.10.14	4128.091	4179.744	4090.542	4161.613	642748	0	160
2025.10.15	4161.574	4218.249	4153.849	4209.458	457716	0	160
2025.10.16	4209.491	4380.074	4203.508	4365.805	520292	0	160
2025.10.17	4365.763	4378.578	4186.194	4250.936	982854	0	160
2025.10.19	4264.629	4268.301	4233.246	4237.893	40918	0	160
2025.10.20	4237.865	4381.580	4218.931	4360.492	587764	0	160
2025.10.21	4360.442	4372.296	4080.817	4093.165	904594	0	160
2025.10.22	4093.182	4161.360	4004.185	4087.666	1004992	0	160
2025.10.23	4087.709	4154.670	4065.957	4121.775	534048	0	160
2025.10.24	4121.800	4144.291	4043.978	4113.082	509565	0	160
2025.10.26	4083.575	4109.217	4061.912	4064.458	50114	0	160
2025.10.27	4064.532	4097.810	3971.348	3998.476	569299	0	160
2025.10.28	3998.379	4019.767	3886.535	3964.818	558874	0	160
2025.10.29	3964.838	4030.262	3917.163	3952.812	548669	0	160
2025.10.30	3952.798	4046.422	3915.334	4036.658	538153	0	160
2025.10.31	4036.633	4039.294	3972.406	4001.621	446380	0	160
2025.11.02	3990.719	3998.970	3977.946	3980.468	17437	0	160
2025.11.03	3980.378	4030.646	3962.306	3997.266	411882	0	160
2025.11.04	3997.301	4000.711	3928.810	3934.767	414603	0	160
2025.11.05	3934.793	3990.543	3929.598	3973.671	311962	0	160
2025.11.06	3973.630	4019.609	3964.543	3989.177	302268	0	160
2025.11.07	3989.218	4027.628	3984.058	4001.422	298321	0	160
2025.11.09	4004.876	4012.265	4004.067	4011.834	11812	0	160
2025.11.10	4011.870	4122.693	4011.132	4119.955	319417	0	160
2025.11.11	4119.992	4148.862	4097.107	4142.683	304175	0	160
2025.11.12	4142.574	4211.822	4098.895	4191.097	398842	0	160
2025.11.13	4191.055	4245.297	4145.366	4185.865	500559	0	160
2025.11.14	4185.908	4211.571	4032.194	4084.609	568727	0	160
2025.11.16	4083.755	4106.784	4071.875	4096.457	22938	0	160
2025.11.17	4096.528	4102.076	4006.827	4036.825	495199	0	160
2025.11.18	4036.862	4082.273	3998.037	4076.650	476028	0	160
2025.11.19	4076.692	4132.686	4055.572	4104.662	494156	0	160
2025.11.20	4104.692	4110.341	4038.705	4079.125	600499	0	160
2025.11.21	4079.174	4101.312	4022.258	4066.113	546706	0	160
2025.11.23	4072.469	4077.701	4065.797	4075.117	14594	0	160
2025.11.24	4075.148	4144.405	4039.842	4143.810	375344	0	160
2025.11.25	4143.802	4159.414	4109.156	4133.730	427092	0	160
2025.11.26	4133.737	4173.595	4132.595	4165.012	342401	0	160
2025.11.27	4164.965	4167.313	4142.601	4163.431	206771	0	160
2025.11.28	4163.371	4226.479	4147.529	4219.163	232061	0	160
2025.11.30	4219.988	4225.308	4205.841	4221.933	15689	0	160
2025.12.01	4221.906	4264.532	4215.434	4227.700	427635	0	160
2025.12.02	4227.704	4230.859	4163.566	4212.876	427542	0	160
2025.12.03	4212.913	4241.579	4194.480	4207.165	387561	0	160
2025.12.04	4207.102	4219.486	4174.868	4206.079	353085	0	160
2025.12.05	4206.077	4259.240	4191.863	4198.522	355866	0	160
2025.12.07	4202.426	4208.458	4189.804	4201.389	2189	0	160
2025.12.08	4201.433	4218.963	4176.137	4194.735	266750	0	160
2025.12.09	4194.740	4221.526	4170.097	4210.870	334230	0	160
2025.12.10	4210.815	4238.706	4181.686	4232.419	368622	0	160
2025.12.11	4232.502	4285.959	4204.316	4276.523	581908	0	160
2025.12.12	4276.471	4353.570	4256.958	4300.983	505968	0	160
2025.12.14	4300.525	4308.411	4299.862	4302.391	9925	0	160
2025.12.15	4302.431	4350.352	4285.180	4304.150	359708	0	160
2025.12.16	4304.132	4335.137	4271.599	4307.860	394075	0	160
2025.12.17	4307.905	4349.297	4306.453	4339.201	389348	0	160
2025.12.18	4339.150	4374.645	4308.654	4335.144	415106	0	160
2025.12.19	4335.170	4356.559	4309.221	4339.365	308804	0	160
2025.12.21	4340.979	4356.441	4339.944	4355.345	7979	0	160
2025.12.22	4355.278	4461.775	4355.278	4460.243	301595	0	160
2025.12.23	4460.236	4510.399	4430.559	4503.344	369121	0	160
2025.12.24	4503.359	4525.969	4448.294	4480.715	347240	0	160
2025.12.25	4486.193	4500.024	4484.435	4495.245	9555	0	160
2025.12.26	4495.172	4550.188	4492.303	4532.515	414544	0	160
2025.12.28	4546.214	4548.500	4523.347	4527.184	25289	0	160
2025.12.29	4527.210	4528.031	4302.137	4345.645	685817	0	160
2025.12.30	4345.585	4404.262	4324.410	4338.922	464785	0	160
2025.12.31	4338.977	4373.450	4274.341	4318.847	442589	0	160
2026.01.01	4328.340	4351.526	4327.673	4348.349	8141	0	160
2026.01.02	4348.358	4402.465	4309.680	4331.759	382328	0	160
2026.01.04	4353.486	4375.927	4349.834	4372.570	15661	0	160
2026.01.05	4372.597	4460.290	4370.227	4440.334	450856	0	160
2026.01.06	4440.426	4500.541	4427.675	4493.223	379402	0	160
2026.01.07	4493.308	4495.931	4423.563	4463.418	434753	0	160
2026.01.08	4463.439	4484.203	4407.557	4475.597	418805	0	160
2026.01.09	4475.632	4517.180	4452.819	4509.075	373446	0	160
2026.01.11	4517.918	4545.010	4517.918	4539.960	13229	0	160
2026.01.12	4540.027	4630.183	4536.272	4599.371	486254	0	160
2026.01.13	4599.408	4634.774	4569.234	4597.136	418551	0	160
2026.01.14	4597.181	4643.164	4597.110	4615.294	457715	0	160
2026.01.15	4615.256	4624.902	4580.995	4610.284	441747	0	160
2026.01.16	4610.243	4620.563	4536.729	4596.588	437162	0	160
2026.01.18	4655.358	4690.700	4653.824	4672.573	25469	0	160
2026.01.19	4672.630	4682.114	4653.138	4665.406	259591	0	160
2026.01.20	4665.371	4781.083	4659.455	4775.878	447317	0	160
2026.01.21	4775.829	4888.495	4755.850	4778.381	728330	0	160
2026.01.22	4778.317	4960.587	4772.208	4958.972	460131	0	160
2026.01.23	4959.011	4989.804	4899.542	4988.337	466552	0	160
2026.01.25	5019.847	5040.296	5003.575	5039.789	30605	0	160
2026.01.26	5039.821	5111.144	4989.632	5043.629	847116	0	160
2026.01.27	5043.588	5190.490	5013.485	5172.433	767074	0	160
2026.01.28	5172.389	5570.018	5157.059	5513.022	1049429	0	160
2026.01.29	5512.989	5595.349	5094.978	5438.589	1287132	0	160
2026.01.30	5438.551	5450.946	4682.526	4891.496	2315638	0	160
2026.02.01	4793.519	4819.788	4697.912	4741.422	41133	0	160
2026.02.02	4741.564	4884.890	4401.961	4774.148	1430317	0	160
2026.02.03	4774.235	4993.649	4745.469	4947.236	746083	0	160
2026.02.04	4947.389	5091.855	4852.203	5012.195	567185	0	160
2026.02.05	5012.269	5020.510	4703.368	4703.768	828534	0	160
2026.02.06	4703.682	4971.478	4655.213	4968.145	470225	0	160
2026.02.08	4967.633	5046.837	4964.697	5035.944	13778	0	240
2026.02.09	5036.019	5086.697	4968.921	5031.903	310322	0	160
2026.02.10	5031.829	5078.663	4998.720	5041.550	293093	0	160
2026.02.11	5041.616	5119.259	5019.052	5061.397	283086	0	160
2026.02.12	5061.305	5083.763	4878.366	4920.302	388342	0	160
2026.02.13	4920.054	5046.101	4913.787	5042.605	295612	0	160
2026.02.15	5026.640	5032.237	5010.128	5019.914	9934	0	240
2026.02.16	5019.874	5031.480	4964.573	4989.986	142463	0	160
2026.02.17	4989.899	4991.592	4841.149	4859.523	317839	0	160
2026.02.18	4859.221	5010.974	4858.455	4976.255	188346	0	160
2026.02.19	4976.015	5022.336	4960.446	4987.700	183001	0	160
2026.02.20	4987.764	5108.031	4981.699	5105.809	252250	0	160
2026.02.22	5111.637	5171.868	5108.785	5165.373	10741	0	240
2026.02.23	5165.366	5249.439	5122.192	5235.933	231559	0	240
2026.02.24	5235.839	5238.095	5093.319	5146.578	264172	0	240
2026.02.25	5146.576	5217.614	5136.459	5163.125	207782	0	240
2026.02.26	5163.219	5205.410	5130.470	5184.462	235766	0	240
2026.02.27	5184.431	5281.253	5166.688	5279.022	218301	0	240
2026.03.01	5319.272	5393.371	5314.681	5386.916	16153	0	360
2026.03.02	5386.641	5419.030	5260.224	5345.688	412454	0	360
2026.03.03	5345.693	5379.802	4995.960	5125.056	664194	0	240
2026.03.04	5125.116	5205.974	5105.702	5164.962	390977	0	240
2026.03.05	5164.887	5194.986	5050.681	5086.266	340918	0	240
2026.03.06	5086.068	5176.565	5062.475	5174.067	292218	0	240
2026.03.08	5178.794	5180.193	5044.202	5075.442	40721	0	264
2026.03.09	5075.974	5155.948	5014.438	5139.445	342432	0	240
2026.03.10	5139.609	5238.432	5124.549	5196.851	239059	0	360
2026.03.11	5196.925	5223.041	5129.795	5134.222	202198	0	360
2026.03.12	5134.080	5191.657	5054.751	5098.163	218473	0	240
2026.03.13	5098.067	5128.363	5009.525	5020.977	225061	0	240
2026.03.15	5017.112	5030.407	4966.796	4997.507	23597	0	160
2026.03.16	4997.434	5038.067	4970.011	5012.795	235426	0	160
2026.03.17	5012.899	5044.474	4973.345	5002.750	187397	0	200
2026.03.18	5002.803	5016.311	4804.247	4836.860	292082	0	200
2026.03.19	4836.657	4866.892	4502.610	4643.703	605488	0	200
2026.03.20	4643.631	4735.802	4477.057	4497.479	732855	0	260
2026.03.22	4477.751	4536.100	4449.511	4464.724	48927	0	280
2026.03.23	4464.563	4512.782	4098.357	4441.191	2070834	0	260
2026.03.24	4441.133	4551.356	4305.617	4546.757	1134606	0	336
2026.03.25	4546.670	4602.458	4486.821	4498.103	710584	0	280
2026.03.26	4498.351	4544.567	4350.950	4404.911	933059	0	280
2026.03.27	4404.958	4555.421	4375.187	4495.377	505575	0	280
2026.03.29	4511.704	4513.900	4443.776	4448.566	33532	0	280
2026.03.30	4448.666	4580.694	4418.467	4513.571	446052	0	280
2026.03.31	4513.540	4699.990	4482.562	4696.420	476870	0	280
2026.04.01	4696.362	4800.288	4667.099	4784.149	372655	0	280
2026.04.02	4784.220	4798.722	4553.758	4675.248	605490	0	280
2026.04.05	4662.786	4662.786	4605.062	4610.601	30870	0	280
2026.04.06	4610.685	4706.668	4600.547	4658.850	305316	0	280
2026.04.07	4658.955	4836.350	4607.254	4833.203	506255	0	280
2026.04.08	4833.471	4857.340	4699.492	4715.520	398193	0	280
2026.04.09	4715.678	4801.202	4698.134	4763.591	299067	0	280
2026.04.10	4763.654	4795.160	4730.601	4749.320	239446	0	160
2026.04.12	4670.253	4685.152	4644.106	4671.255	23069	0	280
2026.04.13	4671.339	4765.958	4664.642	4757.364	285549	0	280
2026.04.14	4757.642	4850.578	4751.512	4836.910	234097	0	280
2026.04.15	4836.967	4871.290	4786.070	4823.547	242687	0	280
2026.04.16	4823.203	4838.319	4772.907	4791.644	228738	0	280
2026.04.17	4791.552	4889.686	4767.561	4832.882	255400	0	280
2026.04.19	4774.480	4795.276	4736.757	4755.183	23474	0	360
2026.04.20	4755.285	4833.095	4744.969	4821.563	244612	0	280
2026.04.21	4821.611	4830.532	4668.170	4737.924	327575	0	280
2026.04.22	4738.061	4772.287	4723.353	4727.939	201267	0	280
2026.04.23	4728.005	4753.764	4664.031	4695.224	334673	0	280
2026.04.24	4695.297	4740.324	4657.657	4708.409	244510	0	280
